time,trade_id,ticker,time_to_strike,count,shift,kalshi_fair,forecast,yes_price,no_price,taker_side,kalshi_strike_delta,forecast_strike_delta,kalshi_forecast_delta,strike_m_3.5,strike_m_3.0,strike_m_1.0,strike_p_1.0,strike_p_3.0,strike_p_3.5,entropy,impact,result,outcome
2025-01-13 10:01:07.396825,901917e7-67c4-43cc-a6c3-bce77a292afc,KXHIGHMIA-25JAN14-T72,136672.603,2,-3.5,72.0,75.1,20,80,1,0.0,3.1,3.1,20.0,0.0,0.0,0.0,0.0,0.0,-59.915,-19.0,-20,0
2025-01-13 10:01:07.396825,74c664e3-3b24-44b7-91b9-991b512ba5d8,KXHIGHMIA-25JAN14-T72,136672.603,9,-3.5,72.0,75.1,10,90,1,0.0,3.1,3.1,10.0,0.0,0.0,0.0,0.0,0.0,-23.026,-9.0,-10,0
2025-01-13 10:06:15.328935,8b075de5-69f6-4889-941a-cfbe60df6f25,KXHIGHMIA-25JAN14-B74.5,136364.671,200,-1.0,72.893,75.1,5,95,0,-1.607,0.6,2.207,9.0,0.0,5.0,0.0,0.0,0.0,-27.822,-94.0,-95,1
2025-01-13 10:06:42.560138,ac8e3a6f-0c05-412f-8a75-f200ea3eec77,KXHIGHMIA-25JAN14-B76.5,136337.44,20,1.0,75.602,75.1,38,62,1,-0.898,-1.4,-0.502,8.1,0.0,4.5,38.0,0.0,0.0,-161.941,-37.0,-38,0
2025-01-13 10:24:44.130523,03a08b34-cc02-49ff-af9f-ee555e081c0b,KXHIGHMIA-25JAN14-B74.5,135255.869,100,-1.0,75.474,75.1,10,90,1,0.974,0.6,-0.374,7.29,0.0,10.0,34.2,0.0,0.0,-158.31,89.0,90,1
2025-01-13 10:24:44.473530,232903ce-abc5-43bc-90a6-80d1190efb58,KXHIGHMIA-25JAN14-B74.5,135255.526,10,-1.0,75.38,75.1,14,86,1,0.88,0.6,-0.28,6.561,0.0,14.0,30.78,0.0,0.0,-154.768,85.0,86,1
2025-01-13 10:24:45.114037,6ab95523-5e24-4ad2-b121-411ea6eecbdc,KXHIGHMIA-25JAN14-B76.5,135254.886,20,1.0,75.644,75.1,42,58,1,-0.856,-1.4,-0.544,5.905,0.0,12.6,42.0,0.0,0.0,-199.393,-41.0,-42,0
2025-01-13 10:24:45.308855,c9bd8062-de7e-4441-baba-b8511a31e807,KXHIGHMIA-25JAN14-B76.5,135254.691,50,1.0,75.756,75.1,46,54,1,-0.744,-1.4,-0.656,5.314,0.0,11.34,46.0,0.0,0.0,-212.532,-44.242,-46,0
2025-01-13 10:24:45.975642,598ce33b-b2c9-4b92-8a94-da73b1ca2f13,KXHIGHMIA-25JAN14-T79,135254.024,34,3.5,76.245,75.1,10,90,0,-2.755,-3.9,-1.145,4.783,0.0,10.206,41.4,0.0,10.0,-208.364,9.0,10,0
2025-01-13 10:24:46.146009,562a1a9f-d0a1-4c7c-8a00-57b2b065ce90,KXHIGHMIA-25JAN14-T79,135253.854,10,3.5,76.29,75.1,10,90,0,-2.71,-3.9,-1.19,4.305,0.0,9.185,37.26,0.0,10.0,-184.483,8.654,10,0
2025-01-13 10:25:55.870073,a9c42030-3562-4679-9e76-6e3321c481ac,KXHIGHMIA-25JAN14-B74.5,135184.13,10,-1.0,76.068,75.1,16,84,0,1.568,0.6,-0.968,3.874,0.0,16.0,33.534,0.0,9.0,-187.174,-83.0,-84,1
2025-01-13 10:25:57.895595,492d48d6-9d3c-4a06-99c1-201e3bd52aee,KXHIGHMIA-25JAN14-T79,135182.104,44,3.5,76.01,75.1,7,93,1,-2.99,-3.9,-0.91,3.487,0.0,14.4,30.181,0.0,7.0,-159.216,-5.735,-7,0
2025-01-13 10:26:03.540779,e0d701b1-6279-465c-90d6-4ea3d841d492,KXHIGHMIA-25JAN14-B76.5,135176.459,22,1.0,76.14,75.1,45,55,1,-0.36,-1.4,-1.04,3.138,0.0,12.96,45.0,0.0,6.3,-219.686,-43.148,-45,0
2025-01-13 10:26:40.894406,30720854-7537-482e-b138-d2e34afab909,KXHIGHMIA-25JAN14-B74.5,135139.106,53,-1.0,76.03,75.1,16,84,0,1.53,0.6,-0.93,2.824,0.0,16.0,40.5,0.0,5.67,-207.035,-83.0,-84,1
2025-01-13 10:27:04.494028,d6ddad36-497a-4fcb-8897-8515ed400020,KXHIGHMIA-25JAN14-B74.5,135115.506,9,-1.0,75.989,75.1,16,84,0,1.489,0.6,-0.889,2.542,0.0,16.0,36.45,0.0,5.103,-186.122,-83.0,-84,1
2025-01-13 10:27:24.593741,05ad3321-eccc-4b59-b260-63f847611306,KXHIGHMIA-25JAN14-B74.5,135095.406,200,-1.0,76.001,75.1,14,86,0,1.501,0.6,-0.901,2.288,0.0,14.0,32.805,0.0,4.593,-160.35,-85.0,-86,1
2025-01-13 10:28:06.285020,444ab6df-86a4-4565-9508-bbca7e33b330,KXHIGHMIA-25JAN14-B74.5,135053.715,13,-1.0,75.902,75.1,16,84,0,1.402,0.6,-0.802,2.059,0.0,16.0,29.525,0.0,4.133,-151.661,-83.0,-84,1
2025-01-13 10:30:49.382248,7a58a85a-14ba-4376-8b47-5ce9749430c1,KXHIGHMIA-25JAN14-B74.5,134890.618,10,-1.0,75.801,75.1,18,82,1,1.301,0.6,-0.701,1.853,0.0,18.0,26.572,0.0,3.72,-145.21,81.0,82,1
2025-01-13 10:36:00.556913,da3c46ec-5b15-4422-9d56-d0b202510983,KXHIGHMIA-25JAN14-B74.5,134579.443,8,-1.0,75.676,75.1,21,79,0,1.176,0.6,-0.576,1.668,0.0,21.0,23.915,0.0,3.348,-144.751,-78.0,-79,1
2025-01-13 10:36:35.470077,c1486b9f-11a1-4666-8ebe-58e4928706e0,KXHIGHMIA-25JAN14-B74.5,134544.53,2,-1.0,75.624,75.1,21,79,1,1.124,0.6,-0.524,1.501,0.0,21.0,21.523,0.0,3.013,-133.926,78.0,79,1
2025-01-13 10:39:12.801257,ff2408fb-4279-437f-ad0a-74469a8faf46,KXHIGHMIA-25JAN14-B78.5,134387.199,148,3.0,76.607,75.1,22,78,1,-1.893,-3.4,-1.507,1.351,0.0,18.9,19.371,22.0,2.712,-184.076,-21.0,-22,0
2025-01-13 10:39:12.801257,4a10a494-7047-4219-940d-889e837ef508,KXHIGHMIA-25JAN14-B78.5,134387.199,52,3.0,76.677,75.1,22,78,1,-1.823,-3.4,-1.577,1.216,0.0,17.01,17.434,22.0,2.441,-168.455,-21.0,-22,0
2025-01-13 10:39:12.801257,0fc767e7-3165-4fae-8da6-81aa9c8ffcfd,KXHIGHMIA-25JAN14-B78.5,134387.199,78,3.0,76.683,75.1,20,80,1,-1.817,-3.4,-1.583,1.094,0.0,15.309,15.691,20.0,2.197,-146.708,-19.0,-20,0
2025-01-13 10:40:51.391849,0d28ad00-5c5b-450b-96c3-30f43db0ffe7,KXHIGHMIA-25JAN14-B74.5,134288.608,12,-1.0,76.306,75.1,24,76,0,1.806,0.6,-1.206,0.985,0.0,24.0,14.121,18.0,1.977,-167.022,-75.0,-76,1
2025-01-13 11:00:16.250911,68c30cad-c834-47da-a304-700cfa0a3ce5,KXHIGHMIA-25JAN14-B74.5,133123.749,55,-1.0,76.259,75.1,23,77,0,1.759,0.6,-1.159,0.886,0.0,23.0,12.709,16.2,1.779,-150.463,-76.0,-77,1
2025-01-13 11:32:23.275217,c31f330b-5d9c-42ee-b05d-f438840fe588,KXHIGHMIA-25JAN14-B78.5,131196.725,93,3.0,76.711,75.1,27,73,1,-1.789,-3.4,-1.611,0.798,0.0,20.7,11.438,27.0,1.601,-180.16,-25.654,-27,0
2025-01-13 11:32:23.275217,c2d40a2e-1669-4f9c-9db5-449ea05feb08,KXHIGHMIA-25JAN14-B78.5,131196.725,200,3.0,76.734,75.1,25,75,1,-1.766,-3.4,-1.634,0.718,0.0,18.63,10.295,25.0,1.441,-159.252,-23.782,-25,0
2025-01-13 11:32:23.275217,8c3a5408-b99a-45ec-a2f2-0e7e6f062019,KXHIGHMIA-25JAN14-B78.5,131196.725,3,3.0,76.751,75.1,23,77,1,-1.749,-3.4,-1.651,0.646,0.0,16.767,9.265,23.0,1.297,-140.071,-21.944,-23,0
2025-01-13 11:32:23.275217,3d2a53a8-5146-4e7c-8420-272fbf7e66a2,KXHIGHMIA-25JAN14-B78.5,131196.725,83,3.0,76.835,75.1,23,77,1,-1.665,-3.4,-1.735,0.581,0.0,15.09,8.339,23.0,1.167,-130.623,-22.0,-23,0
2025-01-13 12:06:38.897122,7ed77d8a-f169-4330-9d92-33b79cbcdc52,KXHIGHMIA-25JAN14-B74.5,129141.103,40,-1.0,76.418,75.1,23,77,1,1.918,0.6,-1.318,0.523,0.0,23.0,7.505,20.7,1.051,-149.679,76.0,77,1
2025-01-13 12:07:18.085294,f2d24443-6cd1-4847-9331-6684542d047d,KXHIGHMIA-25JAN14-B74.5,129101.915,4,-1.0,76.329,75.1,23,77,0,1.829,0.6,-1.229,0.471,0.0,23.0,6.754,18.63,0.946,-139.099,-76.0,-77,1
2025-01-13 12:07:32.838893,ce2341e2-cf6a-4e86-b240-df5da0fc4cb8,KXHIGHMIA-25JAN14-B74.5,129087.161,40,-1.0,76.24,75.1,23,77,0,1.74,0.6,-1.14,0.424,0.0,23.0,6.079,16.767,0.851,-129.86,-76.0,-77,1
2025-01-13 12:15:07.053254,98498454-8a43-43ad-a484-47df3d94a6cc,KXHIGHMIA-25JAN14-T79,128632.947,36,3.5,76.436,75.1,4,96,0,-2.564,-3.9,-1.336,0.382,0.0,20.7,5.471,15.09,4.0,-118.155,2.959,4,0
2025-01-13 12:15:30.592468,51e3e841-19e3-4c66-99ba-43a925611e3a,KXHIGHMIA-25JAN14-B74.5,128609.408,187,-1.0,76.373,75.1,20,80,0,1.873,0.6,-1.273,0.343,0.0,20.0,4.924,13.581,3.6,-107.437,-79.0,-80,1
2025-01-13 12:15:30.592468,4ac805b3-8734-42f0-b672-68e42bfa82f4,KXHIGHMIA-25JAN14-B74.5,128609.408,13,-1.0,76.237,75.1,21,79,0,1.737,0.6,-1.137,0.309,0.0,21.0,4.431,12.223,3.24,-104.577,-78.0,-79,1
2025-01-13 12:16:05.799868,2fce0b7b-62a8-4223-aa96-e947d0a6a4e3,KXHIGHMIA-25JAN14-B78.5,128574.2,93,3.0,76.976,75.1,29,71,1,-1.524,-3.4,-1.876,0.278,0.0,18.9,3.988,29.0,2.916,-161.484,-27.651,-29,0
2025-01-13 12:16:44.740521,f32b8725-8616-4373-88bd-54a872203a4b,KXHIGHMIA-25JAN14-B76.5,128535.259,31,1.0,76.746,75.1,50,50,1,0.246,-1.4,-1.646,0.25,0.0,17.01,50.0,26.1,2.624,-331.126,-48.074,-50,0
2025-01-13 12:16:44.740521,8ef76e9f-f98c-447c-a8d7-7f7ed64de611,KXHIGHMIA-25JAN14-B76.5,128535.259,23,1.0,76.738,75.1,48,52,1,0.238,-1.4,-1.638,0.225,0.0,15.309,48.0,23.49,2.362,-303.43,-46.061,-48,0
2025-01-13 12:16:44.740521,5201516d-6a97-492d-b40e-55f7f734c4fc,KXHIGHMIA-25JAN14-B76.5,128535.259,4,1.0,76.714,75.1,52,48,1,0.214,-1.4,-1.614,0.203,0.0,13.778,52.0,21.141,2.126,-307.391,-50.061,-52,0
2025-01-13 12:17:06.024731,a35246cc-41c9-45fa-8a5f-5e991434ec3b,KXHIGHMIA-25JAN14-B78.5,128513.975,13,3.0,76.912,75.1,29,71,0,-1.588,-3.4,-1.812,0.182,0.0,12.4,46.8,29.0,1.913,-309.79,27.56,29,0
2025-01-13 12:18:52.606775,e3a39ad5-a2fd-49c6-b166-cbcd4f0d9c03,KXHIGHMIA-25JAN14-B78.5,128407.393,51,3.0,76.966,75.1,29,71,0,-1.534,-3.4,-1.866,0.164,0.0,11.16,42.12,29.0,1.722,-282.764,27.294,29,0
2025-01-13 12:18:52.804962,51a0c7fe-4df6-4dd6-8369-0c8510a35f05,KXHIGHMIA-25JAN14-B78.5,128407.195,43,3.0,77.023,75.1,29,71,0,-1.477,-3.4,-1.923,0.148,0.0,10.044,37.908,29.0,1.55,-259.022,27.386,29,0
2025-01-13 12:22:50.859967,3ec3665d-2ee8-402b-bd70-1b51e83634ad,KXHIGHMIA-25JAN14-B76.5,128169.14,50,1.0,76.953,75.1,45,55,0,0.453,-1.4,-1.853,0.133,0.0,9.04,45.0,26.1,1.395,-276.534,42.836,45,0
2025-01-13 12:30:25.079496,a1daf235-ada7-4094-aed1-4976233fb7a5,KXHIGHMIA-25JAN14-B76.5,127714.921,1,1.0,76.927,75.1,45,55,0,0.427,-1.4,-1.827,0.12,0.0,8.136,45.0,23.49,1.255,-262.534,42.891,45,0
2025-01-13 12:30:25.526037,af274759-e420-429f-859c-ab482c0582ee,KXHIGHMIA-25JAN14-T79,127714.474,1,3.5,77.008,75.1,4,96,1,-1.992,-3.9,-1.908,0.108,0.0,7.322,40.5,21.141,4.0,-234.292,-2.958,-4,0
2025-01-13 12:45:26.044031,5a2af3f4-fe2e-45f9-9790-5ca5a5fc0935,KXHIGHMIA-25JAN14-B74.5,126813.956,65,-1.0,76.332,75.1,25,75,0,1.832,0.6,-1.232,0.079,0.0,25.0,29.525,15.412,2.916,-225.493,-74.0,-75,1
2025-01-13 12:45:26.044031,75b8bdd4-fe88-49e5-931d-cd5baa266858,KXHIGHMIA-25JAN14-B74.5,126813.956,101,-1.0,76.397,75.1,25,75,0,1.897,0.6,-1.297,0.087,0.0,25.0,32.805,17.124,3.24,-247.218,-74.0,-75,1
2025-01-13 12:45:26.044031,a1ce11c1-5030-4fbf-932e-4a5ab8315154,KXHIGHMIA-25JAN14-B74.5,126813.956,34,-1.0,76.508,75.1,23,77,0,2.008,0.6,-1.408,0.097,0.0,23.0,36.45,19.027,3.6,-263.624,-76.0,-77,1
2025-01-13 12:51:47.916962,9452f6a0-8c9a-4a9a-867c-d290cc17e710,KXHIGHMIA-25JAN14-B72.5,126432.083,3,-3.0,75.916,75.1,8,92,1,3.416,2.6,-0.816,0.071,8.0,22.5,26.572,13.871,2.624,-212.664,-7.0,-8,0
2025-01-13 12:53:04.477620,d3e1e870-b916-40e1-9769-8a4b3a253abc,KXHIGHMIA-25JAN14-T79,126355.522,20,3.5,75.99,75.1,4,96,1,-3.01,-3.9,-0.89,0.064,7.2,20.25,23.915,12.484,4.0,-187.93,-2.367,-4,0
2025-01-13 13:05:02.308839,4e7017e7-87b8-4eb6-995a-afd736777e28,KXHIGHMIA-25JAN14-B76.5,125637.691,45,1.0,76.14,75.1,47,53,1,-0.36,-1.4,-1.04,0.057,6.48,18.225,47.0,11.235,3.6,-277.596,-44.912,-47,0
2025-01-13 13:22:23.966971,1ba30fc4-0770-477b-8de8-f2770fb1c5b4,KXHIGHMIA-25JAN14-B78.5,124596.033,15,3.0,76.497,75.1,24,76,1,-2.003,-3.4,-1.397,0.052,5.832,16.403,42.3,24.0,3.24,-294.503,-22.382,-24,0
2025-01-13 13:44:33.810554,2f194256-7602-43f1-aa07-8a8ac8208bf2,KXHIGHMIA-25JAN14-B76.5,123266.189,1,1.0,76.497,75.1,48,52,1,-0.003,-1.4,-1.397,0.046,5.249,14.762,48.0,21.6,2.916,-303.61,-46.011,-48,0
2025-01-13 13:50:00.267464,c4dc0fac-b80d-4b97-a7c2-e495631d9aa8,KXHIGHMIA-25JAN14-B78.5,122939.733,20,3.0,76.511,75.1,20,80,0,-1.989,-3.4,-1.411,0.042,4.724,13.286,43.2,20.0,2.624,-266.7,18.118,20,0
2025-01-13 13:50:16.804877,c891e400-06ca-44df-9f2d-34da442356e1,KXHIGHMIA-25JAN14-B78.5,122923.195,1,3.0,76.537,75.1,19,81,0,-1.963,-3.4,-1.437,0.038,4.252,11.957,38.88,19.0,2.362,-235.994,17.324,19,0
2025-01-13 13:50:16.804877,3e959a64-de8a-49dd-ad26-62ff283c9922,KXHIGHMIA-25JAN14-B78.5,122923.195,13,3.0,76.59,75.1,19,81,0,-1.91,-3.4,-1.49,0.034,3.826,10.762,34.992,19.0,2.126,-212.538,17.328,19,0
2025-01-13 13:50:16.804877,1b725dd0-eb89-4520-8df1-91a97e1db04e,KXHIGHMIA-25JAN14-B78.5,122923.195,13,3.0,76.645,75.1,19,81,0,-1.855,-3.4,-1.545,0.03,3.444,9.686,31.493,19.0,1.913,-191.972,17.118,19,0
2025-01-13 13:50:38.225491,fc54012f-8fcf-4eff-9d5d-9c0d26f54b78,KXHIGHMIA-25JAN14-B78.5,122901.775,99,3.0,76.673,75.1,18,82,0,-1.827,-3.4,-1.573,0.027,3.099,8.717,28.344,18.0,1.722,-170.036,16.479,18,0
2025-01-13 13:51:01.246180,63780dce-1699-4922-b2bd-f50b0f624542,KXHIGHMIA-25JAN14-B78.5,122878.754,70,3.0,76.699,75.1,17,83,0,-1.801,-3.4,-1.599,0.025,2.789,7.845,25.509,17.0,1.55,-150.399,15.445,17,0
2025-01-13 13:55:18.308717,cbd96fde-dab0-43b7-ba79-aac19dad6c9d,KXHIGHMIA-25JAN14-T72,122621.691,11,-3.5,76.608,75.1,1,99,0,4.608,3.1,-1.508,1.0,2.51,7.061,22.958,15.3,1.395,-130.255,-0.655,1,0
2025-01-13 13:58:15.343165,52f2697a-3828-4f08-aa19-e4c7da4fe3b7,KXHIGHMIA-25JAN14-B76.5,122444.657,87,1.0,76.566,75.1,49,51,1,0.066,-1.4,-1.466,0.9,2.259,6.355,49.0,13.77,1.255,-240.594,-47.011,-49,0
2025-01-13 14:31:56.981720,34d8367c-e83d-4690-9535-06228267d9dd,KXHIGHMIA-25JAN14-B72.5,120423.018,200,-3.0,76.197,75.1,7,93,1,3.697,2.6,-1.097,0.656,7.0,4.633,35.721,10.038,0.915,-171.247,-6.0,-7,0
2025-01-13 14:31:56.981720,83193acd-1d4a-4524-bacf-16799855e60a,KXHIGHMIA-25JAN14-B72.5,120423.018,100,-3.0,76.3,75.1,6,94,1,3.8,2.6,-1.2,0.729,6.0,5.147,39.69,11.154,1.017,-191.974,-4.756,-6,0
2025-01-13 14:31:56.981720,a93ae6bb-94d4-4e49-aff1-60a91cdcff60,KXHIGHMIA-25JAN14-B72.5,120423.018,17,-3.0,76.179,75.1,9,91,1,3.679,2.6,-1.079,0.81,9.0,5.719,44.1,12.393,1.13,-227.893,-7.637,-9,0
2025-01-13 14:32:02.219518,f1666608-6fd5-4e91-bf0a-8f8b061184c2,KXHIGHMIA-25JAN14-B76.5,120417.78,8,1.0,76.27,75.1,49,51,0,-0.23,-1.4,-1.17,0.59,6.3,4.169,49.0,9.034,0.824,-227.662,47.014,49,0
2025-01-13 15:01:26.366308,db19e522-d3fa-4e3c-86cc-8cbf8eab5380,KXHIGHMIA-25JAN14-B72.5,118653.634,17,-3.0,76.437,75.1,3,97,0,3.937,2.6,-1.337,0.531,3.0,3.752,44.1,8.131,0.741,-191.723,-0.444,3,0
2025-01-13 15:01:26.366308,cbe85f01-80c2-4ed9-9ce0-c467c87ed513,KXHIGHMIA-25JAN14-B72.5,118653.634,200,-3.0,76.565,75.1,1,99,0,4.065,2.6,-1.465,0.478,1.0,3.377,39.69,7.318,0.667,-164.155,-2.266,1,0
2025-01-13 15:01:26.366308,4ce22240-c766-4e27-a733-16dc14c56739,KXHIGHMIA-25JAN14-B72.5,118653.634,20,-3.0,76.392,75.1,3,97,0,3.892,2.6,-1.292,0.43,3.0,3.039,35.721,6.586,0.6,-146.149,0.406,3,0
2025-01-13 15:07:09.916579,66134941-40d2-494f-9946-90bc9412edac,KXHIGHMIA-25JAN14-T72,118310.083,9,-3.5,76.332,75.1,1,99,0,4.332,3.1,-1.232,1.0,2.7,2.735,32.149,5.928,0.54,-127.219,-0.637,1,0
2025-01-13 15:34:58.047403,afacf03f-0fbb-4e20-bdb4-cb807a52f3a2,KXHIGHMIA-25JAN14-B74.5,116641.953,22,-1.0,75.591,75.1,30,70,1,1.091,0.6,-0.491,0.9,2.43,30.0,28.934,5.335,0.486,-210.043,69.0,70,1
2025-01-13 15:34:58.047403,529ef66f-d4ed-4e67-a0e2-25a9e61ba561,KXHIGHMIA-25JAN14-B74.5,116641.953,10,-1.0,75.557,75.1,29,71,1,1.057,0.6,-0.457,0.81,2.187,29.0,26.041,4.801,0.438,-191.247,70.0,71,1
2025-01-13 15:35:22.834535,0c98a919-e44f-4e40-b225-346849db744b,KXHIGHMIA-25JAN14-B74.5,116617.165,102,-1.0,75.505,75.1,29,71,1,1.005,0.6,-0.405,0.729,1.968,29.0,23.437,4.321,0.394,-178.637,70.0,71,1
2025-01-13 15:35:30.327465,a04fe82d-1f0e-4835-8679-2d62beccd72c,KXHIGHMIA-25JAN14-B74.5,116609.673,412,-1.0,75.438,75.1,30,70,1,0.938,0.6,-0.338,0.656,1.771,30.0,21.093,3.889,0.355,-171.998,69.0,70,1
2025-01-13 15:42:30.574437,4778240b-f19f-4205-a800-199ce991b1ac,KXHIGHMIA-25JAN14-B76.5,116189.426,7,1.0,75.842,75.1,51,49,1,-0.658,-1.4,-0.742,0.59,1.594,27.0,51.0,3.5,0.319,-293.964,-49.032,-51,0
2025-01-13 15:43:00.866918,81bd0e7c-9bf6-4e36-b396-70365023f610,KXHIGHMIA-25JAN14-B76.5,116159.133,9,1.0,75.868,75.1,49,51,0,-0.632,-1.4,-0.768,0.531,1.435,24.3,49.0,3.15,0.287,-271.666,47.085,49,0
2025-01-13 15:48:59.143263,a600adc9-8e70-4ceb-b569-6934260ace1d,KXHIGHMIA-25JAN14-B78.5,115800.857,100,3.0,76.664,75.1,22,78,1,-1.836,-3.4,-1.564,0.314,0.847,14.349,28.934,22.0,0.17,-202.782,-20.428,-22,0
2025-01-13 15:48:59.143263,aaefcb79-cd86-45a7-9ee7-d6c7595ab44f,KXHIGHMIA-25JAN14-B78.5,115800.857,20,3.0,76.574,75.1,21,79,1,-1.926,-3.4,-1.474,0.349,0.941,15.943,32.149,21.0,0.188,-218.912,-19.445,-21,0
2025-01-13 15:48:59.143263,bb5f876f-eb10-4a29-927d-dba17a9a1c5e,KXHIGHMIA-25JAN14-B78.5,115800.857,59,3.0,76.566,75.1,23,77,1,-1.934,-3.4,-1.466,0.387,1.046,17.715,35.721,23.0,0.209,-250.117,-21.441,-23,0
2025-01-13 15:48:59.143263,d309f00b-5040-408b-9e00-b2b3b9645964,KXHIGHMIA-25JAN14-B78.5,115800.857,23,3.0,76.507,75.1,23,77,1,-1.993,-3.4,-1.407,0.43,1.162,19.683,39.69,23.0,0.233,-276.342,-21.439,-23,0
2025-01-13 15:48:59.143263,d8ce68fb-6fea-4c43-a8b3-a72ebbb73c6a,KXHIGHMIA-25JAN14-B78.5,115800.857,1,3.0,76.452,75.1,23,77,1,-2.048,-3.4,-1.352,0.478,1.291,21.87,44.1,23.0,0.258,-306.199,-21.309,-23,0
2025-01-13 15:52:49.883174,bf068b68-4572-4fb5-9944-93bc557947dd,KXHIGHMIA-25JAN14-B76.5,115570.117,3,1.0,76.62,75.1,48,52,1,0.12,-1.4,-1.52,0.282,0.763,12.914,48.0,19.8,0.153,-277.122,-46.151,-48,0
2025-01-13 15:53:36.282626,6ed47deb-4dec-4cb8-aaaa-2213a9add071,KXHIGHMIA-25JAN14-B78.5,115523.717,14,3.0,76.721,75.1,22,78,1,-1.779,-3.4,-1.621,0.254,0.686,11.623,43.2,22.0,0.137,-258.318,-20.256,-22,0
2025-01-13 15:53:36.282626,470fb060-ffbe-4a26-bb15-d27683deff9b,KXHIGHMIA-25JAN14-B78.5,115523.717,3,3.0,76.775,75.1,22,78,1,-1.725,-3.4,-1.675,0.229,0.618,10.46,38.88,22.0,0.124,-233.986,-20.266,-22,0
2025-01-13 15:53:55.078123,e61300d2-788a-4a90-9805-19c52ab3b2e1,KXHIGHMIA-25JAN14-B74.5,115504.922,3,-1.0,76.189,75.1,32,68,1,1.689,0.6,-1.089,0.206,0.556,32.0,34.992,19.8,0.111,-293.525,66.936,68,1
2025-01-13 15:54:03.598705,f0995024-8e1f-4c52-b347-ce9e559c3047,KXHIGHMIA-25JAN14-B76.5,115496.401,10,1.0,76.237,75.1,46,54,0,-0.263,-1.4,-1.137,0.185,0.5,28.8,46.0,17.82,0.1,-323.334,44.12,46,0
2025-01-13 16:01:57.359253,e0ea37e3-b1e8-4752-883b-a2f31e52ad5d,KXHIGHMIA-25JAN14-B78.5,115022.641,14,3.0,76.263,75.1,17,83,0,-2.237,-3.4,-1.163,0.167,0.45,25.92,41.4,17.0,0.09,-285.804,15.166,17,0
2025-01-13 16:06:29.673095,da77fedf-8c63-4a45-8197-a423c946a227,KXHIGHMIA-25JAN14-T72,114750.327,3,-3.5,76.216,75.1,1,99,1,4.216,3.1,-1.116,1.0,0.405,23.328,37.26,15.3,0.081,-249.445,0.59,-1,0
2025-01-13 16:23:15.064196,481eb0fa-7991-4626-8637-e5247e7f34a3,KXHIGHMIA-25JAN14-B76.5,113744.936,45,1.0,76.265,75.1,48,52,1,-0.235,-1.4,-1.165,0.9,0.365,20.995,48.0,13.77,0.073,-285.191,-46.205,-48,0
2025-01-13 16:23:15.064196,0aa3363a-b5d6-4724-9ddc-9e03c5f1db0d,KXHIGHMIA-25JAN14-B76.5,113744.936,3,1.0,76.279,75.1,48,52,1,-0.221,-1.4,-1.179,0.81,0.328,18.896,48.0,12.393,0.066,-271.83,-46.116,-48,0
2025-01-13 16:26:42.270985,dd3e39cf-8704-4e3c-8084-bd46f12558b7,KXHIGHMIA-25JAN14-B76.5,113537.729,1,1.0,76.293,75.1,48,52,1,-0.207,-1.4,-1.193,0.729,0.295,17.006,48.0,11.154,0.059,-260.148,-46.228,-48,0
2025-01-13 16:33:56.932856,7e71bf9b-2950-44e0-84d7-b1977b5cf41c,KXHIGHMIA-25JAN14-B76.5,113103.067,99,1.0,76.303,75.1,47,53,0,-0.197,-1.4,-1.203,0.656,0.266,15.306,47.0,10.038,0.053,-245.081,45.225,47,0
2025-01-13 16:39:58.972801,bf2828e8-b44d-4083-aa28-edf95884173a,KXHIGHMIA-25JAN14-B76.5,112741.027,64,1.0,76.316,75.1,47,53,0,-0.184,-1.4,-1.216,0.59,0.239,13.775,47.0,9.034,0.048,-236.173,45.223,47,0
2025-01-13 16:40:11.519723,9b775c3b-368b-4646-bd16-7b7ca2a4fedc,KXHIGHMIA-25JAN14-B76.5,112728.48,98,1.0,76.329,75.1,47,53,0,-0.171,-1.4,-1.229,0.531,0.215,12.397,47.0,8.131,0.043,-228.405,45.22,47,0
2025-01-13 16:45:53.745829,4a3c9a94-0f35-4862-b48e-28a54fc09ad5,KXHIGHMIA-25JAN14-B76.5,112386.254,70,1.0,76.341,75.1,47,53,0,-0.159,-1.4,-1.241,0.478,0.194,11.158,47.0,7.318,0.039,-221.639,45.214,47,0
2025-01-13 16:46:49.027982,fa524c5b-811f-43ff-b582-55ca36d0f850,KXHIGHMIA-25JAN14-T79,112330.972,20,3.5,76.384,75.1,1,99,0,-2.616,-3.9,-1.284,0.43,0.174,10.042,42.3,6.586,1.0,-193.316,-0.706,1,0
2025-01-13 16:48:41.427851,4a270efc-3561-4cfd-9aef-1022046c96fe,KXHIGHMIA-25JAN14-B76.5,112218.572,7,1.0,76.4,75.1,47,53,0,-0.1,-1.4,-1.3,0.387,0.157,9.038,47.0,5.928,0.9,-210.649,45.192,47,0
2025-01-13 16:51:08.801480,f324a534-280d-4e54-a0ea-5ca37ab1fa4c,KXHIGHMIA-25JAN14-B76.5,112071.199,200,1.0,76.41,75.1,49,51,1,-0.09,-1.4,-1.31,0.349,0.141,8.134,49.0,5.335,0.81,-215.866,-46.268,-49,0
2025-01-13 16:51:08.801480,f0d8c98e-5776-4921-973f-06c3743706d6,KXHIGHMIA-25JAN14-B76.5,112071.199,8,1.0,76.431,75.1,61,39,1,-0.069,-1.4,-1.331,0.314,0.127,7.321,61.0,4.801,0.729,-272.013,-58.299,-61,0
2025-01-13 16:51:08.801480,e7182673-3a8f-43b3-aa2f-bc5e751f770f,KXHIGHMIA-25JAN14-B76.5,112071.199,40,1.0,76.447,75.1,75,25,1,-0.053,-1.4,-1.347,0.282,0.114,6.589,75.0,4.321,0.656,-341.676,-72.405,-75,0
2025-01-13 16:51:08.801480,c3a2b836-24af-40fd-b486-e3cfe580c920,KXHIGHMIA-25JAN14-B76.5,112071.199,13,1.0,76.436,75.1,54,46,1,-0.064,-1.4,-1.336,0.254,0.103,5.93,54.0,3.889,0.59,-230.348,-51.95,-54,0
2025-01-13 16:51:08.801480,c1b061cc-47d7-4c19-9a9d-650984781ef2,KXHIGHMIA-25JAN14-B76.5,112071.199,50,1.0,76.455,75.1,74,26,1,-0.045,-1.4,-1.355,0.229,0.093,5.337,74.0,3.5,0.531,-330.929,-72.04,-74,0
2025-01-13 16:51:08.801480,89ce97d1-9c84-4393-89c4-79abb3fddf9d,KXHIGHMIA-25JAN14-B76.5,112071.199,18,1.0,76.46,75.1,75,25,1,-0.04,-1.4,-1.36,0.206,0.083,4.803,75.0,3.15,0.478,-334.078,-73.042,-75,0
2025-01-13 16:51:08.801480,5a14f0c3-36d6-4047-91ad-f354e0b9ef43,KXHIGHMIA-25JAN14-B76.5,112071.199,30,1.0,76.455,75.1,60,40,1,-0.045,-1.4,-1.355,0.185,0.075,4.323,60.0,2.835,0.43,-254.073,-58.082,-60,0
2025-01-13 16:51:08.801480,36da6843-5541-4701-a580-c078f6e3e2cf,KXHIGHMIA-25JAN14-B76.5,112071.199,32,1.0,76.459,75.1,60,40,1,-0.041,-1.4,-1.359,0.167,0.068,3.89,60.0,2.552,0.387,-252.488,-58.087,-60,0
2025-01-13 16:51:08.801480,0ba79773-1f07-4fc9-982e-5f9fd28a561f,KXHIGHMIA-25JAN14-B76.5,112071.199,200,1.0,76.457,75.1,51,49,1,-0.043,-1.4,-1.357,0.15,0.061,3.501,51.0,2.296,0.349,-205.998,-49.144,-51,0
2025-01-13 16:51:21.863296,1bfde1a0-98e7-48b1-96f2-ca88d3af2156,KXHIGHMIA-25JAN14-B78.5,112058.137,3,3.0,76.916,75.1,17,83,0,-1.584,-3.4,-1.816,0.135,0.055,3.151,45.9,17.0,0.314,-226.623,15.153,17,0
2025-01-13 16:51:44.033789,84985c10-95da-4cb4-89f3-10148bbd1396,KXHIGHMIA-25JAN14-B76.5,112035.966,1,1.0,76.879,75.1,47,53,0,0.379,-1.4,-1.779,0.122,0.049,2.836,47.0,15.3,0.282,-224.888,44.254,47,0
2025-01-13 16:52:54.725201,95af0428-5878-476e-a54f-aab6bee8a536,KXHIGHMIA-25JAN14-B76.5,111965.275,8,1.0,76.841,75.1,49,51,1,0.341,-1.4,-1.741,0.109,0.044,2.553,49.0,13.77,0.254,-228.474,-46.178,-49,0
2025-01-13 16:54:37.041490,d88ec03d-5f21-463a-b7be-80018323d485,KXHIGHMIA-25JAN14-B78.5,111862.959,27,3.0,76.961,75.1,17,83,0,-1.539,-3.4,-1.861,0.098,0.04,2.297,44.1,17.0,0.229,-216.364,15.147,17,0
2025-01-13 16:57:43.913487,b03e1c80-27a3-4134-bc3f-49a01a34bda0,KXHIGHMIA-25JAN14-B74.5,111676.087,15,-1.0,76.136,75.1,31,69,1,1.636,0.6,-1.036,0.089,0.036,31.0,39.69,15.3,0.206,-293.633,67.945,69,1
2025-01-13 17:32:13.687091,e15b2083-6b92-49ba-af95-0b309a9f9f45,KXHIGHMIA-25JAN14-B74.5,109606.313,13,-1.0,76.035,75.1,33,67,1,1.535,0.6,-0.935,0.08,0.032,33.0,35.721,13.77,0.185,-278.6,65.964,67,1
2025-01-13 17:32:13.687091,36bb5b74-bab4-4e1d-a801-f6c6d20c6065,KXHIGHMIA-25JAN14-B74.5,109606.313,1,-1.0,75.97,75.1,33,67,1,1.47,0.6,-0.87,0.072,0.029,33.0,32.149,12.393,0.167,-257.558,65.962,67,1
2025-01-13 17:41:07.759630,cf87a712-ab78-4bcb-819b-233b371922b9,KXHIGHMIA-25JAN14-B76.5,109072.24,16,1.0,76.125,75.1,58,42,1,-0.375,-1.4,-1.025,0.065,0.026,29.7,58.0,11.154,0.15,-362.566,-55.021,-58,0
2025-01-13 17:57:00.038166,e255b655-1c68-4cf8-be42-053f58355761,KXHIGHMIA-25JAN14-B78.5,108119.962,1,3.0,76.251,75.1,15,85,0,-2.249,-3.4,-1.151,0.058,0.024,26.73,52.2,15.0,0.135,-334.381,11.944,15,0
2025-01-13 17:57:00.038166,3236d958-4fcf-41f8-b422-ef03555170b3,KXHIGHMIA-25JAN14-B78.5,108119.962,1,3.0,76.34,75.1,17,83,0,-2.16,-3.4,-1.24,0.052,0.021,24.057,46.98,17.0,0.122,-305.044,14.626,17,0
2025-01-13 17:57:00.038166,1b2d7608-bbae-4f6b-b276-1b960301afec,KXHIGHMIA-25JAN14-B78.5,108119.962,1,3.0,76.359,75.1,16,84,0,-2.141,-3.4,-1.259,0.047,0.019,21.651,42.282,16.0,0.109,-268.798,13.728,16,0
2025-01-13 18:02:39.091001,43d135fc-0fdc-454e-8437-e05596d94b4a,KXHIGHMIA-25JAN14-B76.5,107780.909,34,1.0,76.388,75.1,57,43,1,-0.112,-1.4,-1.288,0.042,0.017,19.486,57.0,14.4,0.098,-326.298,-53.913,-57,0
2025-01-13 18:02:39.091001,0d4f6fab-acf4-4546-ac2e-ddf89a993a0a,KXHIGHMIA-25JAN14-B76.5,107780.909,20,1.0,76.394,75.1,56,44,1,-0.106,-1.4,-1.294,0.038,0.015,17.538,56.0,12.96,0.089,-308.451,-52.931,-56,0
2025-01-13 18:03:05.534871,133b41d5-ee19-4c44-b757-5244750d6f95,KXHIGHMIA-25JAN14-B78.5,107754.465,7,3.0,76.505,75.1,16,84,0,-1.995,-3.4,-1.405,0.034,0.014,15.784,50.4,16.0,0.08,-285.099,12.907,16,0
2025-01-13 18:23:27.226977,b91f4043-14a1-4a87-830e-428a5f724910,KXHIGHMIA-25JAN14-B78.5,106532.773,94,3.0,76.547,75.1,16,84,0,-1.953,-3.4,-1.447,0.031,0.013,14.205,45.36,16.0,0.072,-254.737,12.446,16,0
2025-01-13 18:23:27.226977,7eb71325-8e27-4eed-aa8b-e8dbf8d0eabb,KXHIGHMIA-25JAN14-B78.5,106532.773,1,3.0,76.564,75.1,15,85,0,-1.936,-3.4,-1.464,0.028,0.011,12.785,40.824,15.0,0.065,-224.3,11.434,15,0
2025-01-13 18:23:27.226977,7c32b6f3-9740-4796-b076-008655405c83,KXHIGHMIA-25JAN14-B78.5,106532.773,221,3.0,76.61,75.1,15,85,0,-1.89,-3.4,-1.51,0.025,0.01,11.506,36.742,15.0,0.058,-200.839,11.877,15,0
2025-01-13 18:23:27.226977,7925817d-e410-4f56-8d17-383d900454af,KXHIGHMIA-25JAN14-B78.5,106532.773,63,3.0,76.659,75.1,15,85,0,-1.841,-3.4,-1.559,0.023,0.009,10.356,33.067,15.0,0.052,-180.233,11.887,15,0
2025-01-13 18:24:46.043362,2f08b932-cca6-46ba-b6b7-5fc386602a1d,KXHIGHMIA-25JAN14-B78.5,106453.957,15,3.0,76.71,75.1,15,85,0,-1.79,-3.4,-1.61,0.02,0.008,9.32,29.761,15.0,0.047,-162.146,11.462,15,0
2025-01-13 18:24:59.589263,f03ea79b-84d1-4f75-8bb7-eee9cb1eef8a,KXHIGHMIA-25JAN14-B76.5,106440.411,17,1.0,76.629,75.1,57,43,1,0.129,-1.4,-1.529,0.018,0.007,8.388,57.0,13.5,0.042,-283.187,-53.755,-57,0
2025-01-13 18:26:52.148151,2bf66822-a844-47d1-a7da-6d849eeae7a4,KXHIGHMIA-25JAN14-B74.5,106327.852,97,-1.0,76.027,75.1,32,68,1,1.527,0.6,-0.927,0.015,0.006,32.0,46.17,10.935,0.034,-313.79,66.964,68,1
2025-01-13 18:26:52.148151,375d148e-575b-4804-aa8a-d1209a206a8c,KXHIGHMIA-25JAN14-B74.5,106327.852,69,-1.0,76.101,75.1,31,69,1,1.601,0.6,-1.001,0.016,0.007,31.0,51.3,12.15,0.038,-338.574,67.972,69,1
2025-01-13 18:38:18.147003,3e568fc1-ca96-47b0-894e-b9669e335358,KXHIGHMIA-25JAN14-B74.5,105641.853,29,-1.0,75.969,75.1,32,68,1,1.469,0.6,-0.869,0.013,0.005,32.0,41.553,9.842,0.031,-288.081,66.975,68,1
2025-01-13 18:38:33.176254,df4280f9-0ccd-49b6-9c88-613ffd9c9890,KXHIGHMIA-25JAN14-B78.5,105626.824,17,3.0,76.16,75.1,15,85,0,-2.34,-3.4,-1.06,0.012,0.005,28.8,37.398,15.0,0.028,-272.661,11.477,15,0
2025-01-13 18:38:36.645390,91897f5c-38f5-40fa-9208-de24531f3dcf,KXHIGHMIA-25JAN14-T79,105623.355,100,3.5,76.235,75.1,2,98,0,-2.765,-3.9,-1.135,0.011,0.004,25.92,33.658,13.5,2.0,-239.17,0.209,2,0
2025-01-13 18:38:39.664902,d15647c8-25b7-4c28-8f17-2493f8ab948b,KXHIGHMIA-25JAN14-B78.5,105620.335,1,3.0,76.295,75.1,14,86,0,-2.205,-3.4,-1.195,0.01,0.004,23.328,30.292,14.0,1.8,-214.736,10.434,14,0
2025-01-13 18:41:48.707280,e4386fdc-d11a-4388-b798-8dff0904b2f5,KXHIGHMIA-25JAN14-B78.5,105431.293,23,3.0,76.344,75.1,14,86,0,-2.156,-3.4,-1.244,0.009,0.004,20.995,27.263,14.0,1.62,-191.701,10.382,14,0
2025-01-13 18:43:10.506506,3a36b44e-b463-450b-a214-61b2a82bf0b1,KXHIGHMIA-25JAN14-B78.5,105349.493,23,3.0,76.395,75.1,14,86,0,-2.105,-3.4,-1.295,0.008,0.003,18.896,24.537,14.0,1.458,-171.495,10.38,14,0
2025-01-13 18:44:10.377895,8ec5ebd8-0884-4b49-b53f-17e5a62015a0,KXHIGHMIA-25JAN14-B76.5,105289.622,19,1.0,76.431,75.1,50,50,0,-0.069,-1.4,-1.331,0.007,0.003,17.006,50.0,12.6,1.312,-276.019,46.74,50,0
2025-01-13 18:46:03.179305,56c11601-9bc8-4e8b-9410-13ac41b82c8c,KXHIGHMIA-25JAN14-B74.5,105176.821,1,-1.0,76.107,75.1,30,70,0,1.607,0.6,-1.007,0.006,0.003,30.0,45.0,11.34,1.181,-301.022,-68.965,-70,1
2025-01-13 18:48:13.477005,f9b4b1da-b217-47c4-8ede-092ce6beba31,KXHIGHMIA-25JAN14-B74.5,105046.523,12,-1.0,76.048,75.1,30,70,1,1.548,0.6,-0.948,0.006,0.002,30.0,40.5,10.206,1.063,-275.668,68.936,70,1
2025-01-13 18:55:54.533361,22ac46fb-696f-465b-bf37-a523841aaf30,KXHIGHMIA-25JAN14-B74.5,104585.467,1,-1.0,76.007,75.1,29,71,0,1.507,0.6,-0.907,0.005,0.002,29.0,36.45,9.185,0.957,-249.011,-69.927,-71,1
2025-01-13 19:00:24.407700,1a56876a-5800-48bf-9478-3282094c11ce,KXHIGHMIA-25JAN14-B78.5,104315.592,12,3.0,76.347,75.1,19,81,1,-2.153,-3.4,-1.247,0.005,0.002,26.1,32.805,19.0,0.861,-255.424,-15.376,-19,0
2025-01-13 19:03:57.949066,f4fbdd66-940c-488c-b855-9fd27e9fe6ac,KXHIGHMIA-25JAN14-B76.5,104102.051,8,1.0,76.388,75.1,56,44,1,-0.112,-1.4,-1.288,0.004,0.002,23.49,56.0,17.1,0.775,-347.885,-52.739,-56,0
2025-01-13 19:13:44.754649,26ebc941-6e6a-47e2-a2cb-9e7ca6d3ba42,KXHIGHMIA-25JAN14-B76.5,103515.245,1,1.0,76.395,75.1,56,44,1,-0.105,-1.4,-1.295,0.004,0.002,21.141,56.0,15.39,0.697,-331.715,-52.233,-56,0
2025-01-13 19:13:44.754649,1c21cd43-5093-4f2a-b392-cd140389733b,KXHIGHMIA-25JAN14-B76.5,103515.245,2,1.0,76.402,75.1,56,44,1,-0.098,-1.4,-1.302,0.003,0.001,19.027,56.0,13.851,0.628,-317.555,-52.303,-56,0
2025-01-13 19:25:14.054369,7990e9b0-37f9-414e-a930-62d62b14b780,KXHIGHMIA-25JAN14-B76.5,102825.946,2,1.0,76.409,75.1,57,43,1,-0.091,-1.4,-1.309,0.003,0.001,17.124,57.0,12.466,0.565,-310.198,-53.148,-57,0
2025-01-13 19:25:14.910768,ad1d800a-78ad-4513-8577-341f319b46ea,KXHIGHMIA-25JAN14-B76.5,102825.089,13,1.0,76.415,75.1,57,43,1,-0.085,-1.4,-1.315,0.003,0.001,15.412,57.0,11.219,0.508,-299.364,-53.083,-57,0
2025-01-13 19:25:29.738709,c1da0c9c-238c-4c6f-b880-7f2852578afe,KXHIGHMIA-25JAN14-B76.5,102810.261,99,1.0,76.421,75.1,57,43,1,-0.079,-1.4,-1.321,0.002,0.001,13.871,57.0,10.097,0.458,-289.899,-53.065,-57,0
2025-01-13 19:27:45.812868,557e5943-b65f-4515-a7f6-3e31eb70c9ec,KXHIGHMIA-25JAN14-B76.5,102674.187,27,1.0,76.427,75.1,57,43,0,-0.073,-1.4,-1.327,0.002,0.001,12.484,57.0,9.088,0.412,-281.638,52.816,57,0
2025-01-13 20:00:41.460942,c9fac040-380c-4aae-af98-1b8b4079ec53,KXHIGHMIA-25JAN14-B76.5,100698.539,70,1.0,76.433,75.1,58,42,1,-0.067,-1.4,-1.333,0.002,0.001,11.235,58.0,8.179,0.371,-279.487,-53.752,-58,0
2025-01-13 20:07:39.849922,63bf82e1-acec-4c56-9cf3-815452f20348,KXHIGHMIA-25JAN14-B76.5,100280.15,3,1.0,76.438,75.1,58,42,1,-0.062,-1.4,-1.338,0.002,0.001,10.112,58.0,7.361,0.334,-273.212,-53.708,-58,0
2025-01-13 20:08:55.755219,cab91e1c-7b17-4844-bc28-0399b12a8a7b,KXHIGHMIA-25JAN14-B76.5,100204.245,20,1.0,76.44,75.1,54,46,0,-0.06,-1.4,-1.34,0.002,0.001,9.101,54.0,6.625,0.3,-247.652,49.688,54,0
2025-01-13 20:18:42.941217,22b4398d-210b-4165-9cfa-0315eb89d842,KXHIGHMIA-25JAN14-B78.5,99617.059,20,3.0,76.698,75.1,15,85,0,-1.802,-3.4,-1.598,0.001,0.001,8.19,48.6,15.0,0.27,-246.222,11.314,15,0
2025-01-13 20:24:42.549121,dca75cde-4835-44aa-88ed-90ba1f5ee1c6,KXHIGHMIA-25JAN14-B76.5,99257.451,107,1.0,76.66,75.1,59,41,1,0.16,-1.4,-1.56,0.001,0.001,7.371,59.0,13.5,0.243,-290.08,-54.311,-59,0
2025-01-13 20:24:42.549121,7b17e3d8-5f55-41dc-ab64-31bc5899a1a9,KXHIGHMIA-25JAN14-B76.5,99257.451,14,1.0,76.652,75.1,57,43,1,0.152,-1.4,-1.552,0.001,0.0,6.634,57.0,12.15,0.219,-273.006,-52.397,-57,0
2025-01-13 20:24:42.549121,21d3fc02-703a-489c-81e5-6773fd25f1e2,KXHIGHMIA-25JAN14-B76.5,99257.451,120,1.0,76.639,75.1,58,42,1,0.139,-1.4,-1.539,0.001,0.0,5.971,58.0,10.935,0.197,-272.0,-53.502,-58,0
2025-01-13 20:25:15.135865,e393fff6-8c10-47a2-86f1-b84f6a347b86,KXHIGHMIA-25JAN14-B76.5,99224.864,31,1.0,76.629,75.1,57,43,1,0.129,-1.4,-1.529,0.001,0.0,5.374,57.0,9.842,0.177,-261.677,-52.207,-57,0
2025-01-13 20:25:15.135865,5f2c989b-e146-4080-9ea7-6f7553a2597c,KXHIGHMIA-25JAN14-B76.5,99224.864,9,1.0,76.621,75.1,56,44,1,0.121,-1.4,-1.521,0.001,0.0,4.836,56.0,8.857,0.16,-252.061,-51.233,-56,0
2025-01-13 20:26:10.920862,bf565c12-c2f9-485b-91f9-c92d024bb565,KXHIGHMIA-25JAN14-B74.5,99169.079,10,-1.0,75.957,75.1,33,67,1,1.457,0.6,-0.857,0.001,0.0,33.0,50.4,7.972,0.144,-329.214,65.899,67,1
2025-01-13 20:37:02.394277,a505f0a6-a97d-4928-a0e3-c306a27415af,KXHIGHMIA-25JAN14-B78.5,98517.606,1,3.0,76.3,75.1,20,80,1,-2.2,-3.4,-1.2,0.001,0.0,29.7,45.36,20.0,0.129,-333.392,-16.3,-20,0
2025-01-13 20:44:55.712246,bd3fe4eb-4e04-418e-8510-af54cf3d5628,KXHIGHMIA-25JAN14-B74.5,98044.288,13,-1.0,76.212,75.1,28,72,0,1.712,0.6,-1.112,0.001,0.0,28.0,36.742,16.2,0.105,-270.59,-70.816,-72,1
2025-01-13 20:44:55.712246,d8db74e5-cf84-4f4d-b426-cce93c9bbd02,KXHIGHMIA-25JAN14-B74.5,98044.288,1,-1.0,76.273,75.1,28,72,0,1.773,0.6,-1.173,0.001,0.0,28.0,40.824,18.0,0.116,-296.499,-70.807,-72,1
2025-01-13 20:56:19.269502,c06488a6-62c1-4c73-8b8d-66bc88f1b3c1,KXHIGHMIA-25JAN14-B78.5,97360.73,39,3.0,76.37,75.1,20,80,1,-2.13,-3.4,-1.27,0.001,0.0,25.2,33.067,20.0,0.094,-256.691,-16.167,-20,0
2025-01-13 20:56:19.269502,ae76663d-ef66-4143-a50b-e702e1f9ed34,KXHIGHMIA-25JAN14-B78.5,97360.73,1,3.0,76.4,75.1,19,81,1,-2.1,-3.4,-1.3,0.0,0.0,22.68,29.761,19.0,0.085,-227.509,-15.169,-19,0
2025-01-13 20:56:19.269502,51d702a0-0bb0-4bc9-a89d-a564bd468625,KXHIGHMIA-25JAN14-B78.5,97360.73,47,3.0,76.46,75.1,19,81,1,-2.04,-3.4,-1.36,0.0,0.0,20.412,26.785,19.0,0.076,-205.372,-15.291,-19,0
2025-01-13 20:56:28.172703,b2ec89e8-5676-4380-84ef-34e8c5e4f70a,KXHIGHMIA-25JAN14-B74.5,97351.827,26,-1.0,76.188,75.1,28,72,0,1.688,0.6,-1.088,0.0,0.0,28.0,24.106,17.1,0.069,-218.379,-70.784,-72,1
2025-01-13 20:57:40.939032,d44475c4-0d06-4a7e-a16a-df7a325cf3fc,KXHIGHMIA-25JAN14-B74.5,97279.061,7,-1.0,76.115,75.1,28,72,0,1.615,0.6,-1.015,0.0,0.0,28.0,21.696,15.39,0.062,-201.957,-70.602,-72,1
2025-01-13 20:59:10.792034,f360acf9-c07c-4feb-8379-c6204d7238d4,KXHIGHMIA-25JAN14-B74.5,97189.208,4,-1.0,76.042,75.1,28,72,0,1.542,0.6,-0.942,0.0,0.0,28.0,19.526,13.851,0.056,-187.569,-70.586,-72,1
2025-01-13 21:06:36.310062,c94a9d4d-086d-4e23-afc6-22653393dc6b,KXHIGHMIA-25JAN14-B78.5,96743.69,20,3.0,76.265,75.1,18,82,0,-2.235,-3.4,-1.165,0.0,0.0,25.2,17.573,18.0,0.05,-183.562,14.122,18,0
2025-01-13 21:12:54.531738,966568f4-b18f-4793-9da7-3fce986f0a7c,KXHIGHMIA-25JAN14-B76.5,96365.468,1,1.0,76.367,75.1,58,42,1,-0.133,-1.4,-1.267,0.0,0.0,22.68,58.0,16.2,0.045,-351.276,-53.195,-58,0
2025-01-13 21:14:42.455514,155c42e6-8b6c-4a5c-9081-09756945f86b,KXHIGHMIA-25JAN14-B78.5,96257.544,5,3.0,76.425,75.1,17,83,0,-2.075,-3.4,-1.325,0.0,0.0,20.412,52.2,17.0,0.041,-316.052,13.092,17,0
2025-01-13 21:15:15.752594,6791150f-5984-4009-91bb-4213133f3274,KXHIGHMIA-25JAN14-B76.5,96224.247,120,1.0,76.443,75.1,59,41,1,-0.057,-1.4,-1.343,0.0,0.0,14.88,59.0,12.393,0.03,-311.841,-53.814,-59,0
2025-01-13 21:15:15.752594,105f87ab-b377-4492-87dd-5346e68f207e,KXHIGHMIA-25JAN14-B76.5,96224.247,8,1.0,76.447,75.1,58,42,1,-0.053,-1.4,-1.347,0.0,0.0,13.392,58.0,11.154,0.027,-297.056,-53.004,-58,0
2025-01-13 21:15:15.752594,f13c9681-0ec7-4739-9b24-749b5133ee55,KXHIGHMIA-25JAN14-B76.5,96224.247,20,1.0,76.433,75.1,57,43,1,-0.067,-1.4,-1.333,0.0,0.0,18.371,57.0,15.3,0.036,-325.54,-51.706,-57,0
2025-01-13 21:15:15.752594,b433f5c0-d73f-42e9-bd34-bd4a9a1c6bb4,KXHIGHMIA-25JAN14-B76.5,96224.247,111,1.0,76.438,75.1,58,42,1,-0.062,-1.4,-1.338,0.0,0.0,16.534,58.0,13.77,0.033,-317.887,-52.709,-58,0
2025-01-13 21:15:25.693355,760342d9-5f87-43c9-add5-f5cb39f48c2f,KXHIGHMIA-25JAN14-B78.5,96214.307,45,3.0,76.622,75.1,17,83,0,-1.878,-3.4,-1.522,0.0,0.0,12.053,52.2,17.0,0.024,-284.533,13.027,17,0
2025-01-13 21:15:37.416264,fcc71e7e-6b45-4281-9053-ae60b6a35941,KXHIGHMIA-25JAN14-B76.5,96202.584,41,1.0,76.605,75.1,59,41,0,0.105,-1.4,-1.505,0.0,0.0,10.848,59.0,15.3,0.022,-308.087,53.592,59,0
2025-01-13 21:18:20.430071,d012440a-f6e0-425c-bca7-ea4de0d051ff,KXHIGHMIA-25JAN14-B76.5,96039.57,35,1.0,76.598,75.1,59,41,1,0.098,-1.4,-1.498,0.0,0.0,9.763,59.0,13.77,0.019,-298.855,-53.189,-59,0
2025-01-13 21:18:20.430071,6ccb33c4-6536-4c4d-9e78-c6135707f5bf,KXHIGHMIA-25JAN14-B76.5,96039.57,78,1.0,76.592,75.1,58,42,1,0.092,-1.4,-1.492,0.0,0.0,8.787,58.0,12.393,0.017,-285.724,-52.233,-58,0
2025-01-13 21:18:20.430071,001afb17-d2f4-4709-b431-fed8ee5fb1e9,KXHIGHMIA-25JAN14-B76.5,96039.57,28,1.0,76.585,75.1,58,42,1,0.085,-1.4,-1.485,0.0,0.0,7.908,58.0,11.154,0.016,-278.692,-52.362,-58,0
2025-01-13 21:18:40.696466,68ead5c7-290f-4d7c-a07f-2a125557c99b,KXHIGHMIA-25JAN14-B74.5,96019.304,15,-1.0,76.068,75.1,30,70,1,1.568,0.6,-0.968,0.0,0.0,30.0,52.2,10.038,0.014,-331.582,68.572,70,1
2025-01-13 21:19:00.866901,b9b4d055-25a9-4127-a608-f8835503ddc9,KXHIGHMIA-25JAN14-B76.5,95999.133,9,1.0,76.122,75.1,59,41,1,-0.378,-1.4,-1.022,0.0,0.0,27.0,59.0,9.034,0.013,-349.391,-53.177,-59,0
2025-01-13 21:19:14.342128,d9f6ba58-186c-4e2f-b0db-72e24e1ffef4,KXHIGHMIA-25JAN14-B76.5,95985.658,35,1.0,76.147,75.1,59,41,0,-0.353,-1.4,-1.047,0.0,0.0,24.3,59.0,8.131,0.011,-335.091,53.061,59,0
2025-01-13 21:23:00.622049,50740aa2-c914-4f21-98bc-ef8411359e6f,KXHIGHMIA-25JAN14-B74.5,95759.378,6,-1.0,75.982,75.1,31,69,1,1.482,0.6,-0.882,0.0,0.0,31.0,53.1,7.318,0.01,-331.893,67.491,69,1
2025-01-13 21:23:00.622049,1ebeb621-1027-49f7-be43-e82152d7419b,KXHIGHMIA-25JAN14-B74.5,95759.378,9,-1.0,75.945,75.1,30,70,1,1.445,0.6,-0.845,0.0,0.0,30.0,47.79,6.586,0.009,-299.202,68.526,70,1
2025-01-13 21:23:17.601548,9e3d5f8c-6dbe-4540-b0ab-a9952213157c,KXHIGHMIA-25JAN14-B76.5,95742.398,8,1.0,76.047,75.1,60,40,1,-0.453,-1.4,-0.947,0.0,0.0,27.0,60.0,5.928,0.008,-345.156,-54.056,-60,0
2025-01-13 21:23:32.738285,76964dda-d666-44da-b0e6-0aa30315ee6e,KXHIGHMIA-25JAN14-B74.5,95727.262,14,-1.0,75.602,75.1,25,75,0,1.102,0.6,-0.502,0.0,0.0,25.0,23.245,2.296,0.003,-155.494,-73.402,-75,1
2025-01-13 21:23:32.738285,7c138a59-27f8-4b11-9646-aa1962fddbc0,KXHIGHMIA-25JAN14-B74.5,95727.262,50,-1.0,75.659,75.1,25,75,0,1.159,0.6,-0.559,0.0,0.0,25.0,25.828,2.552,0.004,-166.82,-73.31,-75,1
2025-01-13 21:23:32.738285,23bb39a4-dad7-4997-a0ed-36f973644cc5,KXHIGHMIA-25JAN14-B74.5,95727.262,9,-1.0,75.532,75.1,23,77,0,1.032,0.6,-0.432,0.0,0.0,23.0,18.829,1.86,0.003,-128.524,-75.488,-77,1
2025-01-13 21:23:32.738285,6f6b29a5-085f-4237-b80b-7b4bf00c5fb7,KXHIGHMIA-25JAN14-B74.5,95727.262,1,-1.0,75.523,75.1,26,74,0,1.023,0.6,-0.423,0.0,0.0,26.0,20.921,2.067,0.003,-149.808,-72.468,-74,1
2025-01-13 21:23:32.738285,86e01a28-fc56-4074-9c53-a4844f589f0c,KXHIGHMIA-25JAN14-B74.5,95727.262,100,-1.0,75.816,75.1,23,77,0,1.316,0.6,-0.716,0.0,0.0,23.0,31.886,3.15,0.004,-186.103,-75.067,-77,1
2025-01-13 21:23:32.738285,7e2e8335-77e7-4d13-8464-2a141efe3353,KXHIGHMIA-25JAN14-B74.5,95727.262,25,-1.0,75.695,75.1,26,74,0,1.195,0.6,-0.595,0.0,0.0,26.0,28.698,2.835,0.004,-183.976,-72.229,-74,1
2025-01-13 21:23:32.738285,b790f393-6104-4389-94a7-d7092c412382,KXHIGHMIA-25JAN14-B74.5,95727.262,120,-1.0,75.849,75.1,24,76,0,1.349,0.6,-0.749,0.0,0.0,24.0,35.429,3.5,0.005,-207.028,-73.998,-76,1
2025-01-13 21:23:32.738285,ce2a428b-560d-492f-a3ea-2bcdf2ae7eda,KXHIGHMIA-25JAN14-B74.5,95727.262,1,-1.0,75.902,75.1,24,76,0,1.402,0.6,-0.802,0.0,0.0,24.0,39.366,3.889,0.005,-226.114,-73.973,-76,1
2025-01-13 21:23:32.738285,d486447b-f312-4c4c-aff5-071c9a3d29e1,KXHIGHMIA-25JAN14-B74.5,95727.262,1,-1.0,75.934,75.1,25,75,0,1.434,0.6,-0.834,0.0,0.0,25.0,43.74,4.321,0.006,-252.026,-72.92,-75,1
2025-01-13 21:23:32.738285,ed7b092c-96be-4696-bdaa-9d98fc20547b,KXHIGHMIA-25JAN14-B74.5,95727.262,1,-1.0,75.948,75.1,27,73,0,1.448,0.6,-0.848,0.0,0.0,27.0,48.6,4.801,0.007,-285.23,-70.918,-73,1
2025-01-13 21:23:32.738285,fe160d9f-5dc1-4b6b-bc1d-ef8b181cb365,KXHIGHMIA-25JAN14-B74.5,95727.262,1,-1.0,76.071,75.1,23,77,0,1.571,0.6,-0.971,0.0,0.0,23.0,54.0,5.335,0.008,-296.416,-74.894,-77,1
2025-01-13 21:25:26.798486,2a130fac-a060-4e24-a3a4-53fc6fa92bfb,KXHIGHMIA-25JAN14-B76.5,95613.202,15,1.0,76.038,75.1,60,40,1,-0.462,-1.4,-0.938,0.0,0.0,20.7,60.0,1.674,0.002,-309.233,-53.957,-60,0
2025-01-13 21:26:09.360860,a6b8cd7d-0825-408a-9ce9-4a4501d3348a,KXHIGHMIA-25JAN14-B78.5,95570.639,2,3.0,76.464,75.1,17,83,1,-2.036,-3.4,-1.364,0.0,0.0,18.63,54.0,17.0,0.002,-318.045,-12.958,-17,0
2025-01-13 21:26:09.360860,7e86ef70-ea3f-4370-88eb-2a17be8ae799,KXHIGHMIA-25JAN14-B78.5,95570.639,20,3.0,76.506,75.1,17,83,1,-1.994,-3.4,-1.406,0.0,0.0,16.767,48.6,17.0,0.002,-284.17,-12.96,-17,0
2025-01-13 21:26:09.360860,7bf28c92-0b65-4347-a15e-b03f6a7d5943,KXHIGHMIA-25JAN14-B78.5,95570.639,7,3.0,76.55,75.1,17,83,1,-1.95,-3.4,-1.45,0.0,0.0,15.09,43.74,17.0,0.002,-254.371,-12.977,-17,0
2025-01-13 21:27:28.803828,1b0b7184-8e6c-4a4b-8711-a3de4967a9f3,KXHIGHMIA-25JAN14-B78.5,95491.196,1,3.0,76.598,75.1,17,83,0,-1.902,-3.4,-1.498,0.0,0.0,13.581,39.366,17.0,0.002,-228.171,12.952,17,0
2025-01-13 21:28:35.334956,6abeefc7-3d4e-4635-b132-6f08cd4fcb56,KXHIGHMIA-25JAN14-B76.5,95424.665,27,1.0,76.57,75.1,60,40,0,0.07,-1.4,-1.47,0.0,0.0,12.223,60.0,15.3,0.001,-317.986,53.847,60,0
2025-01-13 21:29:38.836799,bd945631-4875-4084-8a00-692ce7931a96,KXHIGHMIA-25JAN14-B74.5,95361.163,17,-1.0,76.221,75.1,27,73,1,1.721,0.6,-1.121,0.0,0.0,27.0,54.0,13.77,0.001,-340.496,70.873,73,1
2025-01-13 21:34:47.785222,d1fc531c-56f6-4f23-8c0a-a37cdc56f08b,KXHIGHMIA-25JAN14-B76.5,95052.215,58,1.0,76.256,75.1,61,39,1,-0.244,-1.4,-1.156,0.0,0.0,24.3,61.0,12.393,0.001,-359.479,-54.646,-61,0
2025-01-13 21:34:47.785222,9375bf29-aae7-46ee-acaf-793bc720fa59,KXHIGHMIA-25JAN14-B76.5,95052.215,5,1.0,76.272,75.1,61,39,1,-0.228,-1.4,-1.172,0.0,0.0,21.87,61.0,11.154,0.001,-345.128,-54.757,-61,0
2025-01-13 21:34:56.456145,059da3a6-4b17-4c78-90f9-54701768b40a,KXHIGHMIA-25JAN14-B78.5,95043.544,20,3.0,76.441,75.1,17,83,0,-2.059,-3.4,-1.341,0.0,0.0,19.683,54.9,17.0,0.001,-326.711,12.947,17,0
2025-01-13 21:35:06.942239,864ca08a-4425-4e11-b33a-8a2ff661c1d2,KXHIGHMIA-25JAN14-B76.5,95033.058,12,1.0,76.449,75.1,61,39,0,-0.051,-1.4,-1.349,0.0,0.0,17.715,61.0,15.3,0.001,-343.413,54.517,61,0
2025-01-13 21:36:38.200043,39ef947d-caab-470a-93b6-ef093e50a438,KXHIGHMIA-25JAN14-B76.5,94941.8,16,1.0,76.452,75.1,61,39,0,-0.048,-1.4,-1.352,0.0,0.0,15.943,61.0,13.77,0.001,-331.017,54.449,61,0
2025-01-13 21:39:29.604544,8a8f35f6-8eef-417e-ab0a-65c00d513a10,KXHIGHMIA-25JAN14-B76.5,94770.395,4,1.0,76.455,75.1,61,39,0,-0.045,-1.4,-1.355,0.0,0.0,14.349,61.0,12.393,0.001,-320.174,54.121,61,0
2025-01-13 21:40:48.380589,57fd21b4-d369-4f06-9d4b-490caa21824e,KXHIGHMIA-25JAN14-B76.5,94691.619,178,1.0,76.459,75.1,61,39,0,-0.041,-1.4,-1.359,0.0,0.0,12.914,61.0,11.154,0.001,-310.697,54.019,61,0
2025-01-13 21:40:48.380589,19723ed0-278c-4205-95e9-acc52abc2527,KXHIGHMIA-25JAN14-B76.5,94691.619,20,1.0,76.462,75.1,61,39,0,-0.038,-1.4,-1.362,0.0,0.0,11.623,61.0,10.038,0.001,-302.421,54.028,61,0
2025-01-13 21:45:13.237078,f377f3f9-87f0-487e-9dc8-e80d84fb147e,KXHIGHMIA-25JAN14-T79,94426.763,3,3.5,76.495,75.1,1,99,0,-2.505,-3.9,-1.395,0.0,0.0,10.46,54.9,9.034,1.0,-264.345,-1.444,1,0
2025-01-13 22:12:12.272833,af397f19-ea01-44f2-b532-95f09bf83213,KXHIGHMIA-25JAN14-B72.5,92807.727,8,-3.0,76.326,75.1,3,97,1,3.826,2.6,-1.226,0.0,3.0,9.414,49.41,8.131,0.9,-234.057,0.863,-3,0
2025-01-13 22:12:12.272833,6ef302fc-77b5-4aaf-9a57-9c237ee0cb10,KXHIGHMIA-25JAN14-B72.5,92807.727,100,-3.0,76.308,75.1,3,97,1,3.808,2.6,-1.208,0.0,3.0,8.473,44.469,7.318,0.81,-204.546,0.884,-3,0
2025-01-13 22:12:12.272833,4dbea09d-f0c4-43c8-be03-1e351c54311f,KXHIGHMIA-25JAN14-B72.5,92807.727,3,-3.0,76.289,75.1,3,97,1,3.789,2.6,-1.189,0.0,3.0,7.626,40.022,6.586,0.729,-178.63,0.479,-3,0
2025-01-13 22:12:12.272833,2fabec25-72e7-4a94-9161-cb23ced7b966,KXHIGHMIA-25JAN14-B72.5,92807.727,5,-3.0,76.267,75.1,3,97,1,3.767,2.6,-1.167,0.0,3.0,6.863,36.02,5.928,0.656,-155.885,0.519,-3,0
2025-01-13 22:26:57.192621,e0bd3de1-61e3-4c80-bc8c-b96d93d57e93,KXHIGHMIA-25JAN14-B76.5,91922.807,4,1.0,76.355,75.1,61,39,1,-0.145,-1.4,-1.255,0.0,2.7,6.177,61.0,5.335,0.59,-273.312,-54.011,-61,0
2025-01-13 22:30:38.204657,9bc4e43d-732b-43bf-8642-0609347f60cf,KXHIGHMIA-25JAN14-B74.5,91701.795,8,-1.0,75.911,75.1,27,73,1,1.411,0.6,-0.811,0.0,2.43,27.0,54.9,4.801,0.531,-318.245,70.819,73,1
2025-01-13 22:30:38.204657,47cd4dd1-340c-4569-bf87-9536afe892c1,KXHIGHMIA-25JAN14-B74.5,91701.795,2,-1.0,75.849,75.1,28,72,1,1.349,0.6,-0.749,0.0,2.187,28.0,49.41,4.321,0.478,-293.691,69.862,72,1
2025-01-13 22:40:30.295359,3faaf9c6-c876-4805-8174-b37b44b4efc6,KXHIGHMIA-25JAN14-B76.5,91109.705,3,1.0,75.966,75.1,61,39,1,-0.534,-1.4,-0.866,0.0,1.968,25.2,61.0,3.889,0.43,-338.332,-53.803,-61,0
2025-01-13 22:42:14.087398,e4e87611-d48e-4d08-8ba6-ed61bc5c5062,KXHIGHMIA-25JAN14-B76.5,91005.913,33,1.0,76.002,75.1,61,39,1,-0.498,-1.4,-0.902,0.0,1.771,22.68,61.0,3.5,0.387,-326.589,-53.77,-61,0
2025-01-13 22:42:14.087398,871e8c7c-1cef-47ba-94b8-1847f69864a5,KXHIGHMIA-25JAN14-B76.5,91005.913,6,1.0,76.043,75.1,62,38,1,-0.457,-1.4,-0.943,0.0,1.594,20.412,62.0,3.15,0.349,-321.438,-54.778,-62,0
2025-01-13 23:16:14.403967,072b1d16-c758-497f-b97a-1cadfa1a527b,KXHIGHMIA-25JAN14-B78.5,88965.596,7,3.0,76.528,75.1,20,80,1,-1.972,-3.4,-1.428,0.0,1.291,16.534,50.22,20.0,0.282,-302.954,-15.943,-20,0
2025-01-13 23:16:14.403967,718d9b3a-2313-4989-ad13-b84e630eb9d7,KXHIGHMIA-25JAN14-B78.5,88965.596,3,3.0,76.503,75.1,21,79,1,-1.997,-3.4,-1.403,0.0,1.435,18.371,55.8,21.0,0.314,-341.977,-16.904,-21,0
2025-01-13 23:16:48.087888,a33d55e1-883c-405d-9762-2883caa745ca,KXHIGHMIA-25JAN14-B76.5,88931.912,10,1.0,76.523,75.1,62,38,1,0.023,-1.4,-1.423,0.0,1.162,14.88,62.0,18.0,0.254,-347.913,-54.702,-62,0
2025-01-13 23:33:55.985505,514d43ca-ccae-4854-870f-d23db0cff6e9,KXHIGHMIA-25JAN14-B74.5,87904.014,50,-1.0,76.321,75.1,23,77,1,1.821,0.6,-1.221,0.0,1.046,23.0,55.8,16.2,0.229,-341.358,74.802,77,1
2025-01-13 23:44:59.994523,1189eddf-be3e-4e8d-85dc-72f37bb89ac7,KXHIGHMIA-25JAN14-B78.5,87240.005,45,3.0,76.472,75.1,21,79,1,-2.028,-3.4,-1.372,0.0,0.941,20.7,50.22,21.0,0.206,-322.959,-16.865,-21,0
2025-01-13 23:45:11.138930,2d324d9d-2e52-4d4d-87cb-ad407bc22b69,KXHIGHMIA-25JAN14-B76.5,87228.861,40,1.0,76.476,75.1,61,39,1,-0.024,-1.4,-1.376,0.0,0.847,18.63,61.0,18.9,0.185,-360.349,-53.017,-61,0
2025-01-13 23:52:46.442242,c9989872-330d-46f9-8b79-1ca4f1ddd9fc,KXHIGHMIA-25JAN14-B76.5,86773.558,4,1.0,76.477,75.1,60,40,0,-0.023,-1.4,-1.377,0.0,0.763,16.767,60.0,17.01,0.167,-340.631,51.994,60,0
2025-01-14 00:03:30.083341,8882df69-0aa1-4ad0-8514-455de3df653e,KXHIGHMIA-25JAN14-B74.5,86129.917,1,-1.0,76.329,75.1,22,78,0,1.829,0.6,-1.229,0.0,0.686,22.0,54.0,15.309,0.15,-324.635,-75.561,-78,1
2025-01-14 00:03:30.083341,870a9be9-51f3-4924-99cd-e9daed8cba74,KXHIGHMIA-25JAN14-B74.5,86129.917,20,-1.0,76.282,75.1,22,78,0,1.782,0.6,-1.182,0.0,0.618,22.0,48.6,13.778,0.135,-292.32,-75.681,-78,1
2025-01-14 00:03:30.083341,83b142eb-d238-4b53-aa25-1f4f1e5af91a,KXHIGHMIA-25JAN14-B74.5,86129.917,20,-1.0,76.232,75.1,22,78,0,1.732,0.6,-1.132,0.0,0.556,22.0,43.74,12.4,0.122,-263.902,-75.74,-78,1
2025-01-14 00:05:21.854476,db90068e-3b32-4f99-8d60-48de938c05af,KXHIGHMIA-25JAN14-B78.5,86018.146,12,3.0,76.377,75.1,16,84,0,-2.123,-3.4,-1.277,0.0,0.5,19.8,39.366,16.0,0.109,-247.477,11.855,16,0
2025-01-14 00:09:39.912062,d285c73a-ebe6-4694-bf07-08877f124c9b,KXHIGHMIA-25JAN14-B78.5,85760.088,17,3.0,76.564,75.1,21,79,1,-1.936,-3.4,-1.464,0.0,0.45,17.82,35.429,21.0,0.098,-241.071,-16.772,-21,0
2025-01-14 00:09:39.912062,a7d23f94-a2a3-4ab4-9606-7bd605f662c1,KXHIGHMIA-25JAN14-B78.5,85760.088,33,3.0,76.649,75.1,22,78,1,-1.851,-3.4,-1.549,0.0,0.405,16.038,31.886,22.0,0.089,-222.324,-17.833,-22,0
2025-01-14 00:09:53.094832,c72712a2-0f7a-44cd-a074-47a5f4c366cb,KXHIGHMIA-25JAN14-B76.5,85746.905,32,1.0,76.6,75.1,60,40,0,0.1,-1.4,-1.5,0.0,0.365,14.434,60.0,19.8,0.08,-342.741,51.936,60,0
2025-01-14 00:09:54.617887,3c4d2023-44fc-4fd3-b2d2-326a8af43a9e,KXHIGHMIA-25JAN14-B78.5,85745.382,34,3.0,76.737,75.1,22,78,1,-1.763,-3.4,-1.637,0.0,0.295,11.692,48.6,22.0,0.065,-284.958,-17.762,-22,0
2025-01-14 00:09:54.617887,9bfe5462-ce3c-4e8b-a8fb-aaa6264db9c6,KXHIGHMIA-25JAN14-B78.5,85745.382,16,3.0,76.668,75.1,21,79,1,-1.832,-3.4,-1.568,0.0,0.328,12.991,54.0,21.0,0.072,-312.097,-16.72,-21,0
2025-01-14 00:11:58.489038,a08fd809-29d5-4364-ae04-937f5a5555fc,KXHIGHMIA-25JAN14-B78.5,85621.511,6,3.0,76.642,75.1,16,84,0,-1.858,-3.4,-1.542,0.0,0.266,10.523,43.74,16.0,0.058,-233.87,11.572,16,0
2025-01-14 00:12:21.634192,bd0f7125-1a37-4bef-8225-cd2893713c12,KXHIGHMIA-25JAN14-B74.5,85598.366,3,-1.0,76.289,75.1,22,78,1,1.789,0.6,-1.189,0.0,0.239,22.0,39.366,14.4,0.052,-250.502,75.517,78,1
2025-01-14 00:14:51.462298,880560ec-8a10-49e6-b609-25d0bb62d874,KXHIGHMIA-25JAN14-B76.5,85448.538,2,1.0,76.347,75.1,61,39,1,-0.153,-1.4,-1.247,0.0,0.215,19.8,61.0,12.96,0.047,-342.607,-52.891,-61,0
2025-01-14 00:15:48.437600,3711d3fa-aa0c-4829-8efd-1f9d0ddbb719,KXHIGHMIA-25JAN14-B76.5,85391.562,11,1.0,76.357,75.1,61,39,1,-0.143,-1.4,-1.257,0.0,0.194,17.82,61.0,11.664,0.042,-330.291,-52.845,-61,0
2025-01-14 00:17:46.853797,db0093f8-c839-4710-b7ca-9a023ab755bc,KXHIGHMIA-25JAN14-B74.5,85273.146,20,-1.0,76.231,75.1,22,78,1,1.731,0.6,-1.131,0.0,0.174,22.0,54.9,10.498,0.038,-312.158,75.267,78,1
2025-01-14 00:17:46.853797,c3ba21b4-aa93-46d7-823c-9ada658fbed8,KXHIGHMIA-25JAN14-B74.5,85273.146,2,-1.0,76.184,75.1,22,78,1,1.684,0.6,-1.084,0.0,0.157,22.0,49.41,9.448,0.034,-281.521,75.412,78,1
2025-01-14 00:17:46.853797,4d8b0a92-b4fa-435d-8e38-f4b247cccac7,KXHIGHMIA-25JAN14-B74.5,85273.146,7,-1.0,76.113,75.1,23,77,1,1.613,0.6,-1.013,0.0,0.141,23.0,44.469,8.503,0.031,-258.683,74.429,77,1
2025-01-14 00:17:46.853797,2ff418cb-060b-449b-a1e9-692c1f4c4933,KXHIGHMIA-25JAN14-B74.5,85273.146,33,-1.0,76.06,75.1,23,77,1,1.56,0.6,-0.96,0.0,0.127,23.0,40.022,7.653,0.028,-234.987,74.468,77,1
2025-01-14 00:22:55.281207,fe43d842-4a5d-4477-99f3-d0b96f8c3c47,KXHIGHMIA-25JAN14-B74.5,84964.719,20,-1.0,76.053,75.1,21,79,0,1.553,0.6,-0.953,0.0,0.114,21.0,36.02,6.887,0.025,-205.983,-76.22,-79,1
2025-01-14 00:22:55.281207,baed33d8-79bf-4c19-b41a-262596a61cf7,KXHIGHMIA-25JAN14-B74.5,84964.719,1,-1.0,75.999,75.1,21,79,0,1.499,0.6,-0.899,0.0,0.103,21.0,32.418,6.199,0.023,-187.696,-76.201,-79,1
2025-01-14 00:22:55.281207,5c2aa521-b6e8-4fac-82f6-058bf22101c5,KXHIGHMIA-25JAN14-B74.5,84964.719,12,-1.0,75.917,75.1,22,78,0,1.417,0.6,-0.817,0.0,0.093,22.0,29.176,5.579,0.02,-175.715,-75.204,-78,1
2025-01-14 00:23:04.873101,bab0473b-b528-4b79-9f87-6946a0bc3a1d,KXHIGHMIA-25JAN14-B74.5,84955.127,1,-1.0,75.853,75.1,20,80,0,1.353,0.6,-0.753,0.0,0.075,20.0,23.633,4.519,0.016,-141.21,-77.136,-80,1
2025-01-14 00:23:04.873101,c2a1c34f-6758-47fa-9a2b-a9902be80721,KXHIGHMIA-25JAN14-B74.5,84955.127,15,-1.0,75.939,75.1,19,81,0,1.439,0.6,-0.839,0.0,0.083,19.0,26.258,5.021,0.018,-149.579,-78.12,-81,1
2025-01-14 00:23:04.873101,69dbf32e-25a5-487f-be85-403903abe4b0,KXHIGHMIA-25JAN14-B74.5,84955.127,1,-1.0,75.822,75.1,19,81,0,1.322,0.6,-0.722,0.0,0.068,19.0,21.269,4.067,0.015,-126.432,-78.199,-81,1
2025-01-14 00:23:14.733355,a6fdc706-d64b-4e6a-9c2f-4a3a9a947ecf,KXHIGHMIA-25JAN14-B74.5,84945.267,18,-1.0,75.793,75.1,18,82,0,1.293,0.6,-0.693,0.0,0.061,18.0,19.142,3.66,0.013,-113.055,-79.097,-82,1
2025-01-14 00:23:14.733355,058c905c-5786-4f2e-8ac1-c2fbc237c435,KXHIGHMIA-25JAN14-B74.5,84945.267,1,-1.0,75.733,75.1,18,82,0,1.233,0.6,-0.633,0.0,0.055,18.0,17.228,3.294,0.012,-104.783,-79.147,-82,1
2025-01-14 00:23:22.822003,6e3d2b0e-8842-43c4-a080-7382249622be,KXHIGHMIA-25JAN14-B74.5,84937.178,1,-1.0,75.523,75.1,17,83,0,1.023,0.6,-0.423,0.0,0.036,17.0,11.303,2.161,0.008,-77.085,-80.084,-83,1
2025-01-14 00:23:22.822003,a3d74259-5eb2-4b4f-8e34-5914e8f44478,KXHIGHMIA-25JAN14-B74.5,84937.178,1,-1.0,75.619,75.1,16,84,0,1.119,0.6,-0.519,0.0,0.04,16.0,12.559,2.402,0.009,-78.076,-81.022,-84,1
2025-01-14 00:23:22.822003,d558125e-632d-47a8-9f26-643dc1db4521,KXHIGHMIA-25JAN14-B74.5,84937.178,12,-1.0,75.679,75.1,16,84,0,1.179,0.6,-0.579,0.0,0.044,16.0,13.955,2.668,0.01,-83.58,-81.01,-84,1
2025-01-14 00:23:22.822003,efe6ef53-1893-4ce8-96aa-17786398def5,KXHIGHMIA-25JAN14-B74.5,84937.178,26,-1.0,75.74,75.1,16,84,0,1.24,0.6,-0.64,0.0,0.049,16.0,15.505,2.965,0.011,-89.89,-81.006,-84,1
2025-01-14 00:23:30.523750,c426b5c1-15e0-4683-a6b4-747fa1e22787,KXHIGHMIA-25JAN14-B74.5,84929.476,1,-1.0,75.534,75.1,15,85,0,1.034,0.6,-0.434,0.0,0.032,15.0,10.173,1.945,0.007,-65.368,-81.826,-85,1
2025-01-14 00:23:30.523750,6cacfdaa-e19d-401d-b604-58108c732f4e,KXHIGHMIA-25JAN14-B74.5,84929.476,91,-1.0,75.475,75.1,15,85,0,0.975,0.6,-0.375,0.0,0.029,15.0,9.156,1.751,0.006,-61.74,-81.838,-85,1
2025-01-14 00:23:30.523750,318c8204-4560-47ac-915d-e1421448e87d,KXHIGHMIA-25JAN14-B74.5,84929.476,29,-1.0,75.416,75.1,15,85,0,0.916,0.6,-0.316,0.0,0.026,15.0,8.24,1.576,0.006,-58.591,-81.921,-85,1
2025-01-14 00:23:37.859048,d44fafc7-15f9-46c0-9786-da62e9cf8c1a,KXHIGHMIA-25JAN14-B74.5,84922.141,1,-1.0,75.396,75.1,14,86,0,0.896,0.6,-0.296,0.0,0.024,14.0,7.416,1.418,0.005,-52.186,-82.736,-86,1
2025-01-14 00:23:37.859048,2bf3c3be-ec86-4ba0-8198-7b40aa329cfe,KXHIGHMIA-25JAN14-B74.5,84922.141,120,-1.0,75.339,75.1,14,86,0,0.839,0.6,-0.239,0.0,0.021,14.0,6.675,1.276,0.005,-49.822,-82.737,-86,1
2025-01-14 00:29:17.472746,cbfc8244-fbc3-4593-b655-009ec03cdea7,KXHIGHMIA-25JAN14-B76.5,84582.527,19,1.0,76.193,75.1,61,39,1,-0.307,-1.4,-1.093,0.0,0.019,12.6,61.0,1.149,0.004,-282.749,-51.671,-61,0
2025-01-14 00:29:17.472746,3ca948e4-8563-4c58-b06c-dbd39b662f61,KXHIGHMIA-25JAN14-B76.5,84582.527,31,1.0,76.222,75.1,62,38,1,-0.278,-1.4,-1.122,0.0,0.017,11.34,62.0,1.034,0.004,-283.363,-53.144,-62,0
2025-01-14 00:46:20.098862,2b051ce5-aaf6-42b0-972e-3d335cbea5a2,KXHIGHMIA-25JAN14-B76.5,83559.901,26,1.0,76.242,75.1,61,39,0,-0.258,-1.4,-1.142,0.0,0.015,10.206,61.0,0.93,0.003,-274.321,51.625,61,0
2025-01-14 00:54:38.055381,b5136043-b5c7-48d1-9aa3-925477cb93e5,KXHIGHMIA-25JAN14-B76.5,83061.945,12,1.0,76.264,75.1,61,39,0,-0.236,-1.4,-1.164,0.0,0.014,9.185,61.0,0.837,0.003,-270.907,51.462,61,0
2025-01-14 00:54:38.055381,6a72e199-8bbd-40a0-9be9-a0fe5dfdc4bb,KXHIGHMIA-25JAN14-B76.5,83061.945,26,1.0,76.285,75.1,61,39,0,-0.215,-1.4,-1.185,0.0,0.013,8.267,61.0,0.754,0.003,-267.941,51.509,61,0
2025-01-14 01:05:54.005485,534682a3-d4b8-494f-a7c1-ca5ebcf0ad1f,KXHIGHMIA-25JAN14-B72.5,82385.995,2,-3.0,76.205,75.1,1,99,0,3.705,2.6,-1.105,0.0,1.0,5.424,40.022,0.494,0.002,-156.47,-2.793,1,0
2025-01-14 01:05:54.005485,906f3769-ba31-4b22-95df-bc6b4d1b7db9,KXHIGHMIA-25JAN14-B72.5,82385.995,1,-3.0,76.143,75.1,2,98,0,3.643,2.6,-1.043,0.0,2.0,6.027,44.469,0.549,0.002,-180.62,-1.457,2,0
2025-01-14 01:05:54.005485,29aac4ff-a14e-4c2b-b85d-b13f66dfd66c,KXHIGHMIA-25JAN14-B72.5,82385.995,100,-3.0,76.111,75.1,2,98,0,3.611,2.6,-1.011,0.0,2.0,4.881,36.02,0.445,0.002,-137.853,-1.84,2,0
2025-01-14 01:05:54.005485,a85d1dcf-af7f-4f8f-8963-ced9e0d37205,KXHIGHMIA-25JAN14-B72.5,82385.995,200,-3.0,76.169,75.1,2,98,0,3.669,2.6,-1.069,0.0,2.0,7.44,54.9,0.678,0.002,-235.942,-1.434,2,0
2025-01-14 01:05:54.005485,a553c6a9-bdcb-428f-8b3c-cf53ae7d72e1,KXHIGHMIA-25JAN14-B72.5,82385.995,100,-3.0,76.22,75.1,1,99,0,3.72,2.6,-1.12,0.0,1.0,6.696,49.41,0.61,0.002,-205.125,-2.448,1,0
2025-01-14 01:24:25.541748,e3582d97-379b-4f78-aaa2-c86e61c64959,KXHIGHMIA-25JAN14-B78.5,81274.458,20,3.0,76.936,75.1,21,79,0,-1.564,-3.4,-1.836,0.0,1.8,4.393,32.418,21.0,0.001,-184.259,16.54,21,0
2025-01-14 01:25:12.494068,85b6dc4d-20ca-4295-9999-30c3136a273c,KXHIGHMIA-25JAN14-B76.5,81227.506,18,1.0,76.771,75.1,62,38,1,0.271,-1.4,-1.671,0.0,1.62,3.954,62.0,18.9,0.001,-317.641,-51.982,-62,0
2025-01-14 01:27:00.232396,aa6c208b-259f-42fb-abe7-d7d07e3529d9,KXHIGHMIA-25JAN14-B78.5,81119.768,20,3.0,76.814,75.1,19,81,0,-1.686,-3.4,-1.714,0.0,1.458,3.559,55.8,19.0,0.001,-285.418,14.533,19,0
2025-01-14 01:27:29.800590,c73b77db-cfc6-424e-a11b-a23a1df9966f,KXHIGHMIA-25JAN14-B78.5,81090.199,80,3.0,76.857,75.1,19,81,0,-1.643,-3.4,-1.757,0.0,1.312,3.203,50.22,19.0,0.001,-256.704,14.527,19,0
2025-01-14 01:28:43.203092,67b8e03a-5857-475e-b6c2-e9c8d6ac059c,KXHIGHMIA-25JAN14-B76.5,81016.797,6,1.0,76.785,75.1,62,38,1,0.285,-1.4,-1.685,0.0,1.181,2.882,62.0,17.1,0.001,-307.672,-51.73,-62,0
2025-01-14 01:28:54.024729,f4f2eaae-7c60-4a42-999e-f83b1224775a,KXHIGHMIA-25JAN14-B78.5,81005.975,22,3.0,76.864,75.1,19,81,0,-1.636,-3.4,-1.764,0.0,1.063,2.594,55.8,19.0,0.001,-282.891,14.522,19,0
2025-01-14 01:30:29.101740,4e26d58e-355e-4d76-9d0e-01cf30e1a951,KXHIGHMIA-25JAN14-B74.5,80910.898,1,-1.0,76.057,75.1,23,77,1,1.557,0.6,-0.957,0.0,0.565,23.0,29.654,10.097,0.0,-195.655,73.669,77,1
2025-01-14 01:30:29.101740,535ae854-276d-44fe-a69f-df730bcb4e26,KXHIGHMIA-25JAN14-B74.5,80910.898,1,-1.0,76.165,75.1,21,79,1,1.665,0.6,-1.065,0.0,0.628,21.0,32.949,11.219,0.001,-205.92,75.625,79,1
2025-01-14 01:30:29.101740,8eada854-a412-4008-879e-64342fa16c41,KXHIGHMIA-25JAN14-B74.5,80910.898,1,-1.0,76.172,75.1,23,77,1,1.672,0.6,-1.072,0.0,0.697,23.0,36.61,12.466,0.001,-235.122,73.518,77,1
2025-01-14 01:30:29.101740,d7859ff4-a943-42c5-b5c4-1aa05fc323b6,KXHIGHMIA-25JAN14-B74.5,80910.898,1,-1.0,76.391,75.1,20,80,1,1.891,0.6,-1.291,0.0,0.957,20.0,50.22,17.1,0.001,-305.097,76.124,80,1
2025-01-14 01:30:29.101740,bab396ba-cbf6-459a-b79a-8fa0f994e4ab,KXHIGHMIA-25JAN14-B74.5,80910.898,1,-1.0,76.3,75.1,22,78,1,1.8,0.6,-1.2,0.0,0.861,22.0,45.198,15.39,0.001,-282.193,74.141,78,1
2025-01-14 01:30:29.101740,9165e4c4-9840-4737-a394-205c2ade0714,KXHIGHMIA-25JAN14-B74.5,80910.898,1,-1.0,76.249,75.1,22,78,1,1.749,0.6,-1.149,0.0,0.775,22.0,40.678,13.851,0.001,-254.947,74.402,78,1
2025-01-14 01:30:29.472393,9483ab61-a69d-4e95-a622-786642503c5a,KXHIGHMIA-25JAN14-B76.5,80910.528,19,1.0,76.223,75.1,61,39,0,-0.277,-1.4,-1.123,0.0,0.508,20.7,61.0,9.088,0.0,-333.196,50.42,61,0
2025-01-14 01:30:29.696577,c5859227-7c7c-43b3-802c-0fa35e558e2e,KXHIGHMIA-25JAN14-B78.5,80910.303,18,3.0,76.466,75.1,18,82,0,-2.034,-3.4,-1.366,0.0,0.458,18.63,54.9,18.0,0.0,-326.057,13.516,18,0
2025-01-14 01:33:30.525726,36c3fa2f-4bab-4fe3-9843-4b77be48a3e3,KXHIGHMIA-25JAN14-B78.5,80729.474,6,3.0,76.51,75.1,18,82,0,-1.99,-3.4,-1.41,0.0,0.412,16.767,49.41,18.0,0.0,-291.638,13.511,18,0
2025-01-14 01:36:27.757572,b796bafa-cbf4-429f-8cba-c019bda0557a,KXHIGHMIA-25JAN14-B78.5,80552.242,2,3.0,76.556,75.1,18,82,0,-1.944,-3.4,-1.456,0.0,0.371,15.09,44.469,18.0,0.0,-261.363,13.376,18,0
2025-01-14 02:03:30.291616,56bf65aa-6f7d-4454-8255-9018b087669f,KXHIGHMIA-25JAN14-B78.5,78929.708,2,3.0,76.604,75.1,18,82,0,-1.896,-3.4,-1.504,0.0,0.334,13.581,40.022,18.0,0.0,-234.746,12.896,18,0
2025-01-14 02:09:43.463332,3115ebc3-24d5-4c52-8c19-3b459bb7d068,KXHIGHMIA-25JAN14-B78.5,78556.537,89,3.0,76.709,75.1,20,80,1,-1.791,-3.4,-1.609,0.0,0.3,12.223,36.02,20.0,0.0,-219.248,-14.752,-20,0
2025-01-14 02:20:25.207243,a0c1a178-1e72-43a4-904c-f11b4553113e,KXHIGHMIA-25JAN14-B74.5,77914.793,1,-1.0,76.325,75.1,24,76,1,1.825,0.6,-1.225,0.0,0.27,24.0,32.418,18.0,0.0,-240.717,71.75,76,1
2025-01-14 02:20:25.207243,8596d2d1-76c0-400e-a4dc-f1b8b1ec6303,KXHIGHMIA-25JAN14-B74.5,77914.793,1,-1.0,76.237,75.1,25,75,1,1.737,0.6,-1.137,0.0,0.243,25.0,29.176,16.2,0.0,-223.665,70.907,75,1
2025-01-14 02:20:25.207243,1d460bad-4283-4273-b21b-a4681a870194,KXHIGHMIA-25JAN14-B74.5,77914.793,16,-1.0,76.171,75.1,25,75,1,1.671,0.6,-1.071,0.0,0.219,25.0,26.258,14.58,0.0,-205.02,71.041,75,1
2025-01-14 02:24:46.796705,f5e6937e-960f-484d-8bc7-24a9f6d4c3a4,KXHIGHMIA-25JAN14-B76.5,77653.203,2,1.0,76.296,75.1,60,40,0,-0.204,-1.4,-1.196,0.0,0.197,22.5,60.0,13.122,0.0,-349.173,48.971,60,0
2025-01-14 02:27:28.041832,0ddf0998-a008-4772-a35f-3e043c7d20d2,KXHIGHMIA-25JAN14-B76.5,77491.958,82,1.0,76.309,75.1,60,40,1,-0.191,-1.4,-1.209,0.0,0.177,20.25,60.0,11.81,0.0,-335.425,-48.779,-60,0
2025-01-14 02:30:28.630787,87b7fd2a-62bd-427e-a324-b98ed0ebed87,KXHIGHMIA-25JAN14-B76.5,77311.369,46,1.0,76.322,75.1,60,40,1,-0.178,-1.4,-1.222,0.0,0.16,18.225,60.0,10.629,0.0,-323.392,-48.772,-60,0
2025-01-14 02:33:29.071772,475bf1b4-bfcf-4b75-bec6-9069d6e5a95d,KXHIGHMIA-25JAN14-B76.5,77130.928,20,1.0,76.335,75.1,60,40,1,-0.165,-1.4,-1.235,0.0,0.144,16.403,60.0,9.566,0.0,-312.868,-48.764,-60,0
2025-01-14 02:36:25.648648,615f25ff-632d-470a-b145-74cca0a88df9,KXHIGHMIA-25JAN14-B76.5,76954.351,8,1.0,76.346,75.1,60,40,1,-0.154,-1.4,-1.246,0.0,0.129,14.762,60.0,8.609,0.0,-303.671,-48.757,-60,0
2025-01-14 02:39:28.409884,37c14683-cbba-4622-9731-95b5c10fef27,KXHIGHMIA-25JAN14-B76.5,76771.59,4,1.0,76.358,75.1,60,40,1,-0.142,-1.4,-1.258,0.0,0.116,13.286,60.0,7.748,0.0,-295.641,-48.749,-60,0
2025-01-14 02:39:38.202818,285ceac5-064d-4d5a-98a3-d96e2c0127e1,KXHIGHMIA-25JAN14-B78.5,76761.797,1,3.0,77.093,75.1,24,76,1,-1.407,-3.4,-1.993,0.0,0.056,6.355,28.698,24.0,0.0,-184.197,-18.49,-24,0
2025-01-14 02:39:38.202818,30949ea4-4167-4649-9612-7250c84f1bf9,KXHIGHMIA-25JAN14-B78.5,76761.797,2,3.0,77.057,75.1,25,75,1,-1.443,-3.4,-1.957,0.0,0.062,7.061,31.886,25.0,0.0,-204.497,-19.479,-25,0
2025-01-14 02:39:38.202818,537c3f57-37ba-4518-9302-ccb765822013,KXHIGHMIA-25JAN14-B78.5,76761.797,94,3.0,76.982,75.1,27,73,1,-1.518,-3.4,-1.882,0.0,0.076,8.717,39.366,27.0,0.0,-252.253,-19.111,-27,0
2025-01-14 02:39:38.202818,3b20f264-f307-4456-b0b5-ebbb13b6227f,KXHIGHMIA-25JAN14-B78.5,76761.797,1,3.0,76.998,75.1,25,75,1,-1.502,-3.4,-1.898,0.0,0.069,7.845,35.429,25.0,0.0,-222.844,-17.114,-25,0
2025-01-14 02:39:38.202818,9110e493-9437-4183-9682-db99d325a5ef,KXHIGHMIA-25JAN14-B78.5,76761.797,1,3.0,76.792,75.1,23,77,1,-1.708,-3.4,-1.692,0.0,0.094,10.762,48.6,23.0,0.0,-286.207,-15.108,-23,0
2025-01-14 02:39:38.202818,dec39ead-618b-42c2-b42e-dc1ef1ecef51,KXHIGHMIA-25JAN14-B78.5,76761.797,1,3.0,76.782,75.1,25,75,1,-1.718,-3.4,-1.682,0.0,0.105,11.957,54.0,25.0,0.0,-325.311,-17.017,-25,0
2025-01-14 02:39:38.202818,8e9ce0b1-6166-4ae5-b640-81f7b9609f06,KXHIGHMIA-25JAN14-B78.5,76761.797,6,3.0,76.886,75.1,25,75,1,-1.614,-3.4,-1.786,0.0,0.085,9.686,43.74,25.0,0.0,-267.515,-17.109,-25,0
2025-01-14 02:41:18.155883,70df0423-0f60-4a11-b933-0ea32f6bd183,KXHIGHMIA-25JAN14-B78.5,76661.844,22,3.0,77.201,75.1,26,74,1,-1.299,-3.4,-2.101,0.0,0.05,5.719,25.828,26.0,0.0,-178.512,-18.014,-26,0
2025-01-14 02:41:18.155883,41bd7bfd-7f39-496a-bd43-8c2e9c6d0504,KXHIGHMIA-25JAN14-B78.5,76661.844,15,3.0,77.24,75.1,25,75,1,-1.26,-3.4,-2.14,0.0,0.045,5.147,23.245,25.0,0.0,-161.897,-17.016,-25,0
2025-01-14 02:43:07.042120,99313790-3b1d-47d9-9529-28c4506bad38,KXHIGHMIA-25JAN14-T72,76552.958,18,-3.5,76.746,75.1,5,95,1,4.746,3.1,-1.646,5.0,0.041,4.633,20.921,22.5,0.0,-148.688,-3.459,-5,0
2025-01-14 08:00:54.491014,20865aab-0a60-49f9-b8ec-21c3c059a0ab,KXHIGHMIA-25JAN14-B78.5,57485.509,465,3.0,76.66,75.1,18,82,0,-1.84,-3.4,-1.56,4.5,0.036,4.169,18.829,18.0,0.0,-119.896,10.345,18,0
2025-01-14 08:00:54.491014,1aff60ab-52bd-4905-8e04-97834523d7bc,KXHIGHMIA-25JAN14-B78.5,57485.509,35,3.0,76.777,75.1,19,81,0,-1.723,-3.4,-1.677,4.05,0.033,3.752,16.946,19.0,0.0,-114.416,11.293,19,0
2025-01-14 08:01:51.540851,dbc3ff8f-6d4d-4790-9040-b5a2325d96b4,KXHIGHMIA-25JAN14-B74.5,57428.459,51,-1.0,76.046,75.1,22,78,1,1.546,0.6,-0.946,3.645,0.03,22.0,15.251,17.1,0.0,-162.715,73.373,78,1
2025-01-14 08:01:51.540851,50a53141-9644-41e5-951d-5bb47387c96b,KXHIGHMIA-25JAN14-B74.5,57428.459,200,-1.0,75.957,75.1,23,77,1,1.457,0.6,-0.857,3.28,0.027,23.0,13.726,15.39,0.0,-153.941,72.524,77,1
2025-01-14 08:01:51.540851,21a9f3cf-0d33-4b73-9cfd-12df1969c06c,KXHIGHMIA-25JAN14-B74.5,57428.459,72,-1.0,75.841,75.1,25,75,1,1.341,0.6,-0.741,2.952,0.024,25.0,12.353,13.851,0.0,-151.04,70.664,75,1
2025-01-14 08:03:25.987231,8cba6935-a7c7-43b3-be04-7cc0a4c55508,KXHIGHMIA-25JAN14-T79,57334.013,250,3.5,75.966,75.1,2,98,0,-3.034,-3.9,-0.866,2.657,0.022,22.5,11.118,12.466,2.0,-132.185,-0.787,2,0
2025-01-14 08:04:04.823549,c3d3b6a4-06ec-4334-9de8-aa1c73833ddc,KXHIGHMIA-25JAN14-B78.5,57295.176,5,3.0,76.413,75.1,21,79,1,-2.087,-3.4,-1.313,2.391,0.019,20.25,10.006,21.0,1.8,-150.964,-13.297,-21,0
2025-01-14 08:05:16.680634,4a7241aa-f676-45ba-bb15-388a6a2cfab2,KXHIGHMIA-25JAN14-B78.5,57223.319,120,3.0,76.374,75.1,18,82,0,-2.126,-3.4,-1.274,2.152,0.017,18.225,9.006,18.0,1.62,-127.084,10.227,18,0
2025-01-14 08:06:39.080335,37c1e8a2-3a09-4d66-909c-37aeb411200a,KXHIGHMIA-25JAN14-B76.5,57140.92,35,1.0,76.461,75.1,62,38,1,-0.039,-1.4,-1.361,1.144,0.009,9.686,62.0,9.566,0.861,-299.458,-50.652,-62,0
2025-01-14 08:06:39.080335,2c1eabf8-9040-4c20-9e13-eb373ac22ce9,KXHIGHMIA-25JAN14-B76.5,57140.92,29,1.0,76.464,75.1,63,37,1,-0.036,-1.4,-1.364,1.029,0.008,8.717,63.0,8.609,0.775,-298.219,-51.741,-63,0
2025-01-14 08:06:39.080335,61200c69-f480-43d2-b638-e85e331b820a,KXHIGHMIA-25JAN14-B76.5,57140.92,6,1.0,76.458,75.1,62,38,1,-0.042,-1.4,-1.358,1.271,0.01,10.762,62.0,10.629,0.957,-306.789,-50.643,-62,0
2025-01-14 08:06:39.080335,b96acf59-1904-4cd9-8e45-f360b0c3d74d,KXHIGHMIA-25JAN14-B76.5,57140.92,38,1.0,76.45,75.1,60,40,1,-0.05,-1.4,-1.35,1.569,0.013,13.286,60.0,13.122,1.181,-314.655,-48.625,-60,0
2025-01-14 08:06:39.080335,7c3563c6-757c-48a2-8bcd-7994aa0c624e,KXHIGHMIA-25JAN14-B76.5,57140.92,55,1.0,76.454,75.1,62,38,1,-0.046,-1.4,-1.354,1.412,0.011,11.957,62.0,11.81,1.063,-315.211,-50.634,-62,0
2025-01-14 08:06:39.080335,be169067-f428-4ef5-b160-1afcbdfb2a61,KXHIGHMIA-25JAN14-B76.5,57140.92,26,1.0,76.447,75.1,61,39,1,-0.053,-1.4,-1.347,1.743,0.014,14.762,61.0,14.58,1.312,-330.839,-49.618,-61,0
2025-01-14 08:06:39.080335,e9ffe67a-7840-443b-84c3-9b76aea437d5,KXHIGHMIA-25JAN14-B76.5,57140.92,21,1.0,76.443,75.1,62,38,1,-0.057,-1.4,-1.343,1.937,0.016,16.403,62.0,16.2,1.458,-348.65,-50.591,-62,0
2025-01-14 08:07:45.988909,453e6704-226a-49fe-a45c-a350b70dae93,KXHIGHMIA-25JAN14-T79,57074.011,300,3.5,76.474,75.1,1,99,0,-2.526,-3.9,-1.374,0.927,0.008,7.845,56.7,7.748,1.0,-260.86,-1.584,1,0
2025-01-14 08:08:20.002887,e4459e64-e282-4203-b53c-40d85071806e,KXHIGHMIA-25JAN14-B76.5,57039.997,1,1.0,76.478,75.1,62,38,1,-0.022,-1.4,-1.378,0.834,0.007,7.061,62.0,6.974,0.9,-282.946,-50.582,-62,0
2025-01-14 08:11:50.807327,95026c05-fd7f-41aa-be64-c97bf71b24b8,KXHIGHMIA-25JAN14-B78.5,56829.193,2,3.0,76.768,75.1,18,82,0,-1.732,-3.4,-1.668,0.75,0.006,6.355,55.8,18.0,0.81,-287.775,10.208,18,0
2025-01-14 08:17:20.255472,22da9acb-a429-42cc-886d-c5e421f2e1f3,KXHIGHMIA-25JAN14-B76.5,56499.745,15,1.0,76.728,75.1,63,37,1,0.228,-1.4,-1.628,0.675,0.005,5.719,63.0,16.2,0.729,-315.584,-51.419,-63,0
2025-01-14 08:20:08.085679,13dff6fb-eb52-4d85-b6aa-be4ae1fcd066,KXHIGHMIA-25JAN14-B74.5,56331.914,1,-1.0,75.612,75.1,29,71,1,1.112,0.6,-0.512,0.212,0.002,29.0,19.77,5.084,0.229,-164.238,66.349,71,1
2025-01-14 08:20:08.085679,15a2cb49-609a-408d-982e-a549212256c9,KXHIGHMIA-25JAN14-B74.5,56331.914,1,-1.0,75.74,75.1,26,74,1,1.24,0.6,-0.64,0.236,0.002,26.0,21.967,5.649,0.254,-161.657,69.188,74,1
2025-01-14 08:20:08.085679,48a10d19-d130-4f2b-a46f-ef7a31df5564,KXHIGHMIA-25JAN14-B74.5,56331.914,3,-1.0,75.887,75.1,25,75,1,1.387,0.6,-0.787,0.291,0.002,25.0,27.119,6.974,0.314,-182.779,69.825,75,1
2025-01-14 08:20:08.085679,650ff86f-c0f6-48bc-8566-9caa2147586a,KXHIGHMIA-25JAN14-B74.5,56331.914,12,-1.0,75.883,75.1,28,72,1,1.383,0.6,-0.783,0.323,0.003,28.0,30.133,7.748,0.349,-211.039,66.618,72,1
2025-01-14 08:20:08.085679,7d4f818d-514d-4dae-9a0e-a1ec4f28fe99,KXHIGHMIA-25JAN14-B74.5,56331.914,161,-1.0,75.923,75.1,29,71,1,1.423,0.6,-0.823,0.359,0.003,29.0,33.481,8.609,0.387,-232.984,65.579,71,1
2025-01-14 08:20:08.085679,3800de30-5c0c-46c3-912e-784ca2c8852c,KXHIGHMIA-25JAN14-B74.5,56331.914,50,-1.0,75.825,75.1,25,75,1,1.325,0.6,-0.725,0.262,0.002,25.0,24.407,6.276,0.282,-169.258,70.025,75,1
2025-01-14 08:20:08.085679,b946ae08-e2bc-4254-b569-d7ca70e59611,KXHIGHMIA-25JAN14-B74.5,56331.914,240,-1.0,76.08,75.1,27,73,1,1.58,0.6,-0.98,0.443,0.004,27.0,41.334,10.629,0.478,-267.209,65.602,73,1
2025-01-14 08:20:08.085679,e0f0e926-2d0c-4a72-97f2-3493c82c3369,KXHIGHMIA-25JAN14-B74.5,56331.914,14,-1.0,76.174,75.1,25,75,1,1.674,0.6,-1.074,0.492,0.004,25.0,45.927,11.81,0.531,-284.688,67.456,75,1
2025-01-14 08:20:08.085679,886dac7f-2cf7-4cf0-ae8d-b4d59b8bc5ca,KXHIGHMIA-25JAN14-B74.5,56331.914,1,-1.0,76.023,75.1,27,73,1,1.523,0.6,-0.923,0.399,0.003,27.0,37.201,9.566,0.43,-244.372,66.879,73,1
2025-01-14 08:20:08.085679,e776e2bb-e6fa-4e6b-b466-fa6e0a8820dd,KXHIGHMIA-25JAN14-B74.5,56331.914,16,-1.0,76.17,75.1,28,72,1,1.67,0.6,-1.07,0.547,0.004,28.0,51.03,13.122,0.59,-327.088,64.324,72,1
2025-01-14 08:20:08.085679,ed31b93a-ecd0-472c-b637-ee9055792d88,KXHIGHMIA-25JAN14-B74.5,56331.914,1,-1.0,76.222,75.1,28,72,1,1.722,0.6,-1.122,0.608,0.005,28.0,56.7,14.58,0.656,-360.708,63.423,72,1
2025-01-14 08:20:25.511719,63b99305-46a5-4303-ba67-13d8e08408ea,KXHIGHMIA-25JAN14-B76.5,56314.488,1,1.0,76.034,75.1,62,38,0,-0.466,-1.4,-0.934,0.191,0.002,26.1,62.0,4.575,0.206,-347.325,50.407,62,0
2025-01-14 08:20:34.221258,79474410-0c90-4e86-b3e0-b01c062d2ea7,KXHIGHMIA-25JAN14-B76.5,56305.779,2,1.0,76.056,75.1,60,40,0,-0.444,-1.4,-0.956,0.172,0.001,23.49,60.0,4.118,0.185,-325.013,48.399,60,0
2025-01-14 08:23:52.228676,34bfcb6e-e0ee-470d-b80b-063d863a259a,KXHIGHMIA-25JAN14-B74.5,56107.771,3,-1.0,75.915,75.1,29,71,1,1.415,0.6,-0.815,0.155,0.001,29.0,54.0,3.706,0.167,-317.316,62.217,71,1
2025-01-14 08:24:34.777158,8d5da802-b598-4c89-9a7a-3e0deebf05ec,KXHIGHMIA-25JAN14-B78.5,56065.223,10,3.0,76.323,75.1,18,82,0,-2.177,-3.4,-1.223,0.139,0.001,26.1,48.6,18.0,0.15,-325.341,10.206,18,0
2025-01-14 08:27:32.203124,0d422e6a-4204-45e3-bf2b-459bc2531891,KXHIGHMIA-25JAN14-B78.5,55887.797,100,3.0,76.369,75.1,18,82,0,-2.131,-3.4,-1.269,0.125,0.001,23.49,43.74,18.0,0.135,-290.898,10.206,18,0
2025-01-14 08:28:06.948906,e53ca847-77cc-4cd6-84f8-c92ef148bdaf,KXHIGHMIA-25JAN14-B74.5,55853.051,1,-1.0,76.196,75.1,29,71,1,1.696,0.6,-1.096,0.113,0.001,29.0,39.366,16.2,0.122,-286.848,61.797,71,1
2025-01-14 08:28:06.948906,b4961dcd-ce75-43b6-a8a1-251be5998d03,KXHIGHMIA-25JAN14-B74.5,55853.051,1,-1.0,76.113,75.1,30,70,1,1.613,0.6,-1.013,0.101,0.001,30.0,35.429,14.58,0.109,-267.021,60.875,70,1
2025-01-14 08:28:06.948906,8f361f05-531d-4dab-b9fc-2f5a8388fa53,KXHIGHMIA-25JAN14-B74.5,55853.051,1,-1.0,76.07,75.1,29,71,1,1.57,0.6,-0.97,0.091,0.001,29.0,31.886,13.122,0.098,-241.376,62.05,71,1
2025-01-14 08:28:06.948906,347f112b-ba90-4257-980e-a32502b0201d,KXHIGHMIA-25JAN14-B74.5,55853.051,66,-1.0,76.004,75.1,29,71,1,1.504,0.6,-0.904,0.082,0.001,29.0,28.698,11.81,0.089,-222.718,62.054,71,1
2025-01-14 08:28:14.511746,e6a87871-933a-4488-9e62-388005da9598,KXHIGHMIA-25JAN14-B76.5,55845.488,2,1.0,76.176,75.1,59,41,0,-0.324,-1.4,-1.076,0.074,0.001,26.1,59.0,10.629,0.08,-350.435,46.181,59,0
2025-01-14 08:28:14.511746,2735d420-684d-406f-94c1-c5a912f671a8,KXHIGHMIA-25JAN14-B76.5,55845.488,2,1.0,76.2,75.1,60,40,0,-0.3,-1.4,-1.1,0.067,0.001,23.49,60.0,9.566,0.072,-341.037,47.773,60,0
2025-01-14 08:28:14.511746,226e0980-c3c6-437e-998e-384869f6e207,KXHIGHMIA-25JAN14-B76.5,55845.488,21,1.0,76.22,75.1,60,40,0,-0.28,-1.4,-1.12,0.06,0.0,21.141,60.0,8.609,0.065,-328.352,47.909,60,0
2025-01-14 08:30:15.816734,54b09015-514a-407c-b7a4-f1983ac43578,KXHIGHMIA-25JAN14-B74.5,55724.183,3,-1.0,76.031,75.1,29,71,1,1.531,0.6,-0.931,0.054,0.0,29.0,54.0,7.748,0.058,-328.595,61.638,71,1
2025-01-14 08:30:21.971849,255e9599-c85a-4777-b09c-825136c43b2d,KXHIGHMIA-25JAN14-B78.5,55718.028,15,3.0,76.445,75.1,19,81,1,-2.055,-3.4,-1.345,0.039,0.0,21.141,39.366,19.0,0.042,-264.774,-11.172,-19,0
2025-01-14 08:30:21.971849,ebfae21d-89f5-4636-a5b9-6b161ebf21a5,KXHIGHMIA-25JAN14-B78.5,55718.028,26,3.0,76.348,75.1,19,81,1,-2.152,-3.4,-1.248,0.048,0.0,26.1,48.6,19.0,0.052,-329.521,-9.037,-19,0
2025-01-14 08:30:21.971849,34c93e79-22a4-4da5-b639-f82e54e55de4,KXHIGHMIA-25JAN14-B78.5,55718.028,1,3.0,76.395,75.1,19,81,1,-2.105,-3.4,-1.295,0.044,0.0,23.49,43.74,19.0,0.047,-295.07,-11.135,-19,0
2025-01-14 08:30:49.869522,8e9fd253-aa0b-49f1-ade3-b0f95fdd5d86,KXHIGHMIA-25JAN14-B76.5,55690.13,1,1.0,76.459,75.1,59,41,1,-0.041,-1.4,-1.359,0.035,0.0,19.027,59.0,17.1,0.038,-344.928,-45.538,-59,0
2025-01-14 08:30:49.869522,194050e2-656f-4002-a169-38ef9784da2e,KXHIGHMIA-25JAN14-B76.5,55690.13,15,1.0,76.461,75.1,59,41,1,-0.039,-1.4,-1.361,0.032,0.0,17.124,59.0,15.39,0.034,-331.06,-45.656,-59,0
2025-01-14 08:31:17.549617,f9185d50-a7e8-4f71-9197-ba11079f60db,KXHIGHMIA-25JAN14-B78.5,55662.45,602,3.0,76.559,75.1,18,82,0,-1.941,-3.4,-1.459,0.029,0.0,15.412,53.1,18.0,0.031,-304.891,8.018,18,0
2025-01-14 08:31:27.452382,b06ac0df-fa2d-4f99-a144-d87d13821f83,KXHIGHMIA-25JAN14-B76.5,55652.548,13,1.0,76.552,75.1,59,41,1,0.052,-1.4,-1.452,0.026,0.0,13.871,59.0,16.2,0.028,-321.973,-45.077,-59,0
2025-01-14 08:31:27.452382,a96e0cde-d882-4aea-b097-bfc9f0df8f9a,KXHIGHMIA-25JAN14-B76.5,55652.548,24,1.0,76.548,75.1,60,40,1,0.048,-1.4,-1.448,0.023,0.0,12.484,60.0,14.58,0.025,-316.062,-46.177,-60,0
2025-01-14 08:31:27.452382,964e9337-b8fb-4090-bbf2-f580a94251c2,KXHIGHMIA-25JAN14-B76.5,55652.548,92,1.0,76.544,75.1,61,39,1,0.044,-1.4,-1.444,0.021,0.0,11.235,61.0,13.122,0.023,-311.554,-47.254,-61,0
2025-01-14 08:31:27.452382,3b5ccb59-e217-43d3-83ff-db70009e1035,KXHIGHMIA-25JAN14-B76.5,55652.548,28,1.0,76.542,75.1,59,41,1,0.042,-1.4,-1.442,0.019,0.0,10.112,59.0,11.81,0.02,-292.973,-45.443,-59,0
2025-01-14 08:31:27.452382,0592b9c9-9286-4539-9a3d-de1db80c7fa3,KXHIGHMIA-25JAN14-B76.5,55652.548,4,1.0,76.538,75.1,59,41,1,0.038,-1.4,-1.438,0.017,0.0,9.101,59.0,10.629,0.018,-285.65,-45.474,-59,0
2025-01-14 08:33:58.285707,5f4f01cb-84a7-4ab9-a632-e3158b0075cb,KXHIGHMIA-25JAN14-B74.5,55501.714,17,-1.0,75.814,75.1,31,69,1,1.314,0.6,-0.714,0.01,0.0,31.0,34.839,6.276,0.011,-241.59,59.226,69,1
2025-01-14 08:33:58.285707,117d359d-2fb6-425a-9e05-c0009ef35699,KXHIGHMIA-25JAN14-B74.5,55501.714,24,-1.0,75.754,75.1,31,69,1,1.254,0.6,-0.654,0.009,0.0,31.0,31.355,5.649,0.01,-224.175,59.263,69,1
2025-01-14 08:33:58.285707,630296d4-9bbd-443c-884c-464e8fa186b2,KXHIGHMIA-25JAN14-B74.5,55501.714,1,-1.0,75.873,75.1,31,69,1,1.373,0.6,-0.773,0.011,0.0,31.0,38.71,6.974,0.012,-261.42,59.202,69,1
2025-01-14 08:33:58.285707,d012cde1-acb2-4962-8432-ce74b55a16cf,KXHIGHMIA-25JAN14-B74.5,55501.714,13,-1.0,75.967,75.1,29,71,1,1.467,0.6,-0.867,0.012,0.0,29.0,43.011,7.748,0.013,-275.188,61.147,71,1
2025-01-14 08:33:58.285707,dd18251e-0d97-4e3d-8def-a098370c6a2c,KXHIGHMIA-25JAN14-B74.5,55501.714,95,-1.0,76.022,75.1,29,71,1,1.522,0.6,-0.922,0.014,0.0,29.0,47.79,8.609,0.015,-300.859,61.014,71,1
2025-01-14 08:33:58.285707,ef711d1e-f4ff-4bf1-88a7-d65cd44a2b3e,KXHIGHMIA-25JAN14-B74.5,55501.714,11,-1.0,76.076,75.1,29,71,1,1.576,0.6,-0.976,0.015,0.0,29.0,53.1,9.566,0.016,-330.044,61.01,71,1
2025-01-14 08:34:04.667571,2ae41fb7-4035-4746-8156-db31a09d298c,KXHIGHMIA-25JAN14-B76.5,55495.332,16,1.0,76.004,75.1,59,41,0,-0.496,-1.4,-0.904,0.008,0.0,27.9,59.0,5.084,0.009,-341.629,44.767,59,0
2025-01-14 08:35:55.753370,ebd80d5b-ec60-4fd3-b036-aa41c1ebe8e6,KXHIGHMIA-25JAN14-B78.5,55384.247,5,3.0,76.374,75.1,19,81,1,-2.126,-3.4,-1.274,0.007,0.0,25.11,53.1,19.0,0.008,-347.729,-8.66,-19,0
2025-01-14 08:35:55.753370,e716681d-0ad7-4931-ae8b-1f0cf23287f6,KXHIGHMIA-25JAN14-B78.5,55384.247,117,3.0,76.465,75.1,21,79,1,-2.035,-3.4,-1.365,0.007,0.0,22.599,47.79,21.0,0.007,-319.123,-10.671,-21,0
2025-01-14 08:35:55.753370,935a5a7a-9247-4ba2-a0d4-487d840e5407,KXHIGHMIA-25JAN14-B78.5,55384.247,6,3.0,76.467,75.1,19,81,1,-2.033,-3.4,-1.367,0.006,0.0,20.339,43.011,19.0,0.006,-278.938,-8.819,-19,0
2025-01-14 08:35:55.753370,3287729e-4b27-4798-a3e5-475c5c183db3,KXHIGHMIA-25JAN14-B78.5,55384.247,16,3.0,76.544,75.1,20,80,1,-1.956,-3.4,-1.444,0.005,0.0,18.305,38.71,20.0,0.006,-254.601,-9.855,-20,0
2025-01-14 08:35:55.753370,19e8d393-2ed7-46dd-99fc-d19799e17d9c,KXHIGHMIA-25JAN14-B78.5,55384.247,91,3.0,76.572,75.1,19,81,1,-1.928,-3.4,-1.472,0.005,0.0,16.475,34.839,19.0,0.005,-225.754,-8.929,-19,0
2025-01-14 08:36:04.347188,962537c4-f0cd-4a3a-a634-941231008469,KXHIGHMIA-25JAN14-B76.5,55375.653,1,1.0,76.55,75.1,58,42,0,0.05,-1.4,-1.45,0.004,0.0,14.827,58.0,17.1,0.005,-323.986,42.961,58,0
2025-01-14 08:36:04.347188,6f86d539-318e-447a-a549-22f3492fdc81,KXHIGHMIA-25JAN14-B76.5,55375.653,25,1.0,76.547,75.1,58,42,0,0.047,-1.4,-1.447,0.004,0.0,13.344,58.0,15.39,0.004,-312.11,43.162,58,0
2025-01-14 08:36:04.347188,0abdc4cd-dfb0-40d9-8fac-3a3b91405ceb,KXHIGHMIA-25JAN14-B76.5,55375.653,2,1.0,76.544,75.1,58,42,0,0.044,-1.4,-1.444,0.003,0.0,12.01,58.0,13.851,0.004,-301.724,43.46,58,0
2025-01-14 08:37:12.894187,9d857526-0a72-495d-ac29-4de614f6e16a,KXHIGHMIA-25JAN14-B76.5,55307.106,2,1.0,76.539,75.1,55,45,0,0.039,-1.4,-1.439,0.003,0.0,9.728,55.0,11.219,0.003,-269.625,39.188,55,0
2025-01-14 08:37:12.894187,f748d965-1747-4a2f-84db-7e641b1092dc,KXHIGHMIA-25JAN14-B76.5,55307.106,38,1.0,76.542,75.1,56,44,0,0.042,-1.4,-1.442,0.003,0.0,10.809,56.0,12.466,0.003,-282.563,39.65,56,0
2025-01-14 08:37:12.894187,88cab2cd-cb26-43a6-8a71-70ec992bb1e4,KXHIGHMIA-25JAN14-B76.5,55307.106,66,1.0,76.537,75.1,54,46,0,0.037,-1.4,-1.437,0.003,0.0,8.755,54.0,10.097,0.003,-257.718,38.466,54,0
2025-01-14 08:37:32.510545,29766b14-cb58-4224-a2f6-58f3c91e5a38,KXHIGHMIA-25JAN14-T79,55287.489,240,3.5,76.838,75.1,6,94,1,-2.162,-3.9,-1.738,0.001,0.0,5.17,31.886,5.962,6.0,-140.277,-3.468,-6,0
2025-01-14 08:37:32.510545,23968681-c159-4852-aa7e-df7a175ad2e8,KXHIGHMIA-25JAN14-T79,55287.489,1,3.5,76.767,75.1,4,96,1,-2.233,-3.9,-1.667,0.001,0.0,4.653,28.698,5.366,4.0,-118.039,-1.466,-4,0
2025-01-14 08:37:32.510545,6c4cec08-e8a5-45cd-8aab-8806ee594750,KXHIGHMIA-25JAN14-T79,55287.489,13,3.5,77.063,75.1,13,87,1,-1.937,-3.9,-1.963,0.002,0.0,5.744,35.429,6.625,13.0,-182.298,-10.485,-13,0
2025-01-14 08:37:32.510545,fabaff91-22df-4714-ba69-587df16ccb62,KXHIGHMIA-25JAN14-T79,55287.489,64,3.5,76.995,75.1,15,85,1,-2.005,-3.9,-1.895,0.002,0.0,7.88,48.6,9.088,15.0,-265.673,-12.485,-15,0
2025-01-14 08:37:32.510545,ac280a9e-90fa-4e2c-8ce2-5216b7ca55ea,KXHIGHMIA-25JAN14-T79,55287.489,240,3.5,76.831,75.1,8,92,1,-2.169,-3.9,-1.731,0.002,0.0,7.092,43.74,8.179,8.0,-212.965,-5.486,-8,0
2025-01-14 08:37:32.510545,71fbd8eb-9d23-4417-b4cc-7b881f20ec94,KXHIGHMIA-25JAN14-T79,55287.489,14,3.5,77.051,75.1,14,86,1,-1.949,-3.9,-1.951,0.002,0.0,6.383,39.366,7.361,14.0,-208.047,-11.496,-14,0
2025-01-14 08:40:18.303008,38b53e76-a0d4-4070-a706-de2bcee1c0f3,KXHIGHMIA-25JAN14-B76.5,55121.697,12,1.0,76.65,75.1,56,44,1,0.15,-1.4,-1.55,0.001,0.0,4.188,56.0,4.83,3.6,-243.625,-39.445,-56,0
2025-01-14 08:40:24.593070,de7ff028-6c38-4167-8882-e5efb521a26a,KXHIGHMIA-25JAN14-B76.5,55115.407,77,1.0,76.633,75.1,58,42,1,0.133,-1.4,-1.533,0.001,0.0,3.769,58.0,4.347,3.24,-250.694,-40.847,-58,0
2025-01-14 08:40:24.593070,89875d37-8481-43af-9a4c-5f603a0f5d3d,KXHIGHMIA-25JAN14-B76.5,55115.407,3,1.0,76.622,75.1,58,42,1,0.122,-1.4,-1.522,0.001,0.0,3.392,58.0,3.912,2.916,-248.099,-40.916,-58,0
2025-01-14 08:42:58.927163,2f915a38-3697-467b-8d62-1009b90afd7e,KXHIGHMIA-25JAN14-B78.5,54961.073,100,3.0,76.98,75.1,18,82,0,-1.52,-3.4,-1.88,0.001,0.0,3.053,52.2,18.0,2.624,-264.415,7.585,18,0
2025-01-14 08:46:14.574958,f8425e1d-6c91-4653-92a5-9233dd8162fd,KXHIGHMIA-25JAN14-B78.5,54765.425,26,3.0,77.04,75.1,19,81,1,-1.46,-3.4,-1.94,0.001,0.0,2.748,46.98,19.0,2.362,-241.606,-8.572,-19,0
2025-01-14 08:47:51.835813,63919c3e-bac7-471d-8657-755dfe1fd98e,KXHIGHMIA-25JAN14-B72.5,54668.164,93,-3.0,76.97,75.1,1,99,1,4.47,2.6,-1.87,0.001,1.0,2.473,42.282,17.1,2.126,-210.704,2.219,-1,0
2025-01-14 08:48:01.425567,7d7a0403-af3f-4a16-9398-dacf8b450fe8,KXHIGHMIA-25JAN14-T72,54658.574,1,-3.5,76.887,75.1,1,99,1,4.887,3.1,-1.787,1.0,0.9,2.225,38.054,15.39,1.913,-183.476,1.326,-1,0
2025-01-14 08:48:01.425567,3b31c7f0-916e-4be6-a284-e3c131dda629,KXHIGHMIA-25JAN14-T72,54658.574,91,-3.5,76.878,75.1,1,99,1,4.878,3.1,-1.778,1.0,0.81,2.003,34.248,13.851,1.722,-159.583,1.077,-1,0
2025-01-14 08:48:36.786949,e3f1b029-961d-45bb-994e-e4d40e181db4,KXHIGHMIA-25JAN14-B74.5,54623.213,3,-1.0,76.084,75.1,26,74,1,1.584,0.6,-0.984,0.9,0.729,26.0,30.824,12.466,1.55,-222.187,63.75,74,1
2025-01-14 08:48:36.786949,4c3f5e7c-30fe-4232-a310-185fb13dd060,KXHIGHMIA-25JAN14-B74.5,54623.213,3,-1.0,75.979,75.1,28,72,1,1.479,0.6,-0.879,0.81,0.656,28.0,27.741,11.219,1.395,-212.625,61.836,72,1
2025-01-14 08:48:49.818065,b1b77ef9-ebf5-4289-974f-ea9f34d9c825,KXHIGHMIA-25JAN14-B72.5,54610.182,93,-3.0,75.957,75.1,1,99,1,3.457,2.6,-0.857,0.729,1.0,25.2,24.967,10.097,1.255,-185.052,2.089,-1,0
2025-01-14 08:49:15.940143,260e706b-fb66-41f0-9d3c-fb21ff970ac5,KXHIGHMIA-25JAN14-B76.5,54584.06,11,1.0,76.232,75.1,59,41,1,-0.268,-1.4,-1.132,0.478,0.656,16.534,59.0,6.625,0.824,-298.696,-41.65,-59,0
2025-01-14 08:49:15.940143,458b2938-739f-4ce9-b557-870d467798be,KXHIGHMIA-25JAN14-B76.5,54584.06,16,1.0,76.209,75.1,58,42,1,-0.291,-1.4,-1.109,0.531,0.729,18.371,58.0,7.361,0.915,-303.025,-40.646,-58,0
2025-01-14 08:49:15.940143,b4a12508-95dd-4df9-89b8-b1fdc93d4ae8,KXHIGHMIA-25JAN14-B76.5,54584.06,5,1.0,76.187,75.1,58,42,1,-0.313,-1.4,-1.087,0.59,0.81,20.412,58.0,8.179,1.017,-313.794,-40.391,-58,0
2025-01-14 08:49:15.940143,f68c9d8b-05b9-42eb-b75c-5725c6643549,KXHIGHMIA-25JAN14-B76.5,54584.06,1,1.0,76.166,75.1,58,42,1,-0.334,-1.4,-1.066,0.656,0.9,22.68,58.0,9.088,1.13,-326.123,-40.328,-58,0
2025-01-14 08:51:06.842072,f7c78ee5-d2c6-4f47-8ac8-85e75b3f1227,KXHIGHMIA-25JAN14-B78.5,54473.158,9,3.0,76.565,75.1,19,81,1,-1.935,-3.4,-1.465,0.43,0.59,14.88,53.1,19.0,0.741,-306.149,-8.249,-19,0
2025-01-14 08:51:06.842072,112f6c31-4a8d-43c6-9ed5-7c884c391f40,KXHIGHMIA-25JAN14-B78.5,54473.158,1,3.0,76.61,75.1,19,81,1,-1.89,-3.4,-1.51,0.387,0.531,13.392,47.79,19.0,0.667,-274.515,-8.292,-19,0
2025-01-14 08:51:45.360881,b680ef23-911f-42a7-8a8b-ce320d59b392,KXHIGHMIA-25JAN14-B76.5,54434.639,6,1.0,76.592,75.1,58,42,1,0.092,-1.4,-1.492,0.349,0.478,12.053,58.0,17.1,0.6,-313.031,-39.972,-58,0
2025-01-14 08:51:45.360881,43e79d01-6b8a-44e4-bde1-5aa48092b0dc,KXHIGHMIA-25JAN14-B76.5,54434.639,12,1.0,76.585,75.1,58,42,1,0.085,-1.4,-1.485,0.314,0.43,10.848,58.0,15.39,0.54,-302.379,-40.032,-58,0
2025-01-14 08:51:45.360881,0c061322-0f32-40d8-be5a-b129b14fd10b,KXHIGHMIA-25JAN14-B76.5,54434.639,47,1.0,76.578,75.1,60,40,1,0.078,-1.4,-1.478,0.282,0.387,9.763,60.0,13.851,0.486,-303.237,-42.219,-60,0
2025-01-14 08:52:54.377478,65088334-98d0-4223-9433-196cf489b20b,KXHIGHMIA-25JAN14-B76.5,54365.623,16,1.0,76.572,75.1,60,40,1,0.072,-1.4,-1.472,0.254,0.349,8.787,60.0,12.466,0.438,-295.131,-41.967,-60,0
2025-01-14 08:56:14.740580,bbfe52fa-4e0f-4184-bf41-f0fc7e6a1327,KXHIGHMIA-25JAN14-B74.5,54165.259,12,-1.0,76.281,75.1,20,80,0,1.781,0.6,-1.181,0.229,0.314,20.0,54.0,11.219,0.394,-301.376,-69.572,-80,1
2025-01-14 08:57:40.134436,c6060cb1-27f4-4f8a-aa03-ee9e482ddc75,KXHIGHMIA-25JAN14-B78.5,54079.866,13,3.0,76.532,75.1,20,80,1,-1.968,-3.4,-1.432,0.206,0.282,18.0,48.6,20.0,0.355,-299.635,-9.135,-20,0
2025-01-14 08:57:40.134436,52af0d1c-6722-4675-94ba-36bfb4ea4213,KXHIGHMIA-25JAN14-B78.5,54079.866,80,3.0,76.605,75.1,21,79,1,-1.895,-3.4,-1.505,0.185,0.254,16.2,43.74,21.0,0.319,-273.288,-10.173,-21,0
2025-01-14 08:57:40.134436,3f7bbaba-4e92-43fe-9c1d-b363d681402f,KXHIGHMIA-25JAN14-B78.5,54079.866,16,3.0,76.705,75.1,23,77,1,-1.795,-3.4,-1.605,0.167,0.229,14.58,39.366,23.0,0.287,-254.779,-12.209,-23,0
2025-01-14 08:57:40.134436,1b534431-63e5-4ff5-b862-6761e0562cbf,KXHIGHMIA-25JAN14-B78.5,54079.866,18,3.0,76.66,75.1,19,81,1,-1.84,-3.4,-1.56,0.15,0.206,13.122,35.429,19.0,0.258,-215.16,-8.242,-19,0
2025-01-14 08:58:04.279861,db5710ed-3c72-4ce1-8d02-5301b9cca6d1,KXHIGHMIA-25JAN14-B78.5,54055.72,8,3.0,76.796,75.1,22,78,1,-1.704,-3.4,-1.696,0.135,0.185,11.81,31.886,22.0,0.233,-206.635,-11.089,-22,0
2025-01-14 08:59:41.067712,4410c731-143c-4c9c-80ad-0920483cc9df,KXHIGHMIA-25JAN14-B76.5,53958.932,16,1.0,76.698,75.1,58,42,1,0.198,-1.4,-1.598,0.122,0.167,10.629,58.0,19.8,0.209,-318.862,-39.955,-58,0
2025-01-14 09:02:17.091728,312661b3-0fcd-4bf7-b504-7ee1186c71b1,KXHIGHMIA-25JAN14-B76.5,53802.908,3,1.0,76.685,75.1,58,42,1,0.185,-1.4,-1.585,0.109,0.15,9.566,58.0,17.82,0.188,-307.594,-39.861,-58,0
2025-01-14 09:02:50.254713,c2eeb9fb-bb70-46ee-b348-4af47dfd9b0c,KXHIGHMIA-25JAN14-B78.5,53769.745,7,3.0,76.815,75.1,22,78,1,-1.685,-3.4,-1.715,0.098,0.135,8.609,52.2,22.0,0.17,-292.193,-10.775,-22,0
2025-01-14 09:02:50.254713,bdc589f5-d280-416b-a66b-0a5d4b474513,KXHIGHMIA-25JAN14-B78.5,53769.745,60,3.0,76.905,75.1,24,76,1,-1.595,-3.4,-1.805,0.089,0.122,7.748,46.98,24.0,0.153,-272.24,-12.843,-24,0
2025-01-14 09:02:50.254713,92306078-65bd-4f75-bb17-56cd1bf30c07,KXHIGHMIA-25JAN14-B78.5,53769.745,13,3.0,76.914,75.1,22,78,1,-1.586,-3.4,-1.814,0.08,0.109,6.974,42.282,22.0,0.137,-239.149,-10.968,-22,0
2025-01-14 09:02:50.254713,0cbe48eb-b351-46d0-b8c7-fa1aef766211,KXHIGHMIA-25JAN14-B78.5,53769.745,16,3.0,76.989,75.1,23,77,1,-1.511,-3.4,-1.889,0.072,0.098,6.276,38.054,23.0,0.124,-221.446,-12.055,-23,0
2025-01-14 09:02:50.254713,0a52ff6e-1de3-4593-8cfc-cdf7b16cfd2c,KXHIGHMIA-25JAN14-B78.5,53769.745,1,3.0,77.02,75.1,22,78,1,-1.48,-3.4,-1.92,0.065,0.089,5.649,34.248,22.0,0.111,-198.168,-11.074,-22,0
2025-01-14 09:03:53.255433,4702c5fc-299c-4ace-bc26-5efa48b2ffdf,KXHIGHMIA-25JAN14-B78.5,53706.745,3,3.0,77.146,75.1,25,75,1,-1.354,-3.4,-2.046,0.058,0.08,5.084,30.824,25.0,0.1,-193.813,-13.645,-25,0
2025-01-14 09:05:14.833954,85983c4d-8398-429b-bae8-2c9905fa48cc,KXHIGHMIA-25JAN14-B72.5,53625.166,200,-3.0,77.069,75.1,1,99,1,4.569,2.6,-1.969,0.052,1.0,4.575,27.741,22.5,0.09,-168.822,2.079,-1,0
2025-01-14 09:05:18.496196,4c83381f-ba9b-4f36-bede-764ea566e093,KXHIGHMIA-25JAN14-B72.5,53621.504,93,-3.0,77.06,75.1,1,99,1,4.56,2.6,-1.96,0.047,1.0,4.118,24.967,20.25,0.081,-146.729,2.078,-1,0
2025-01-14 09:05:46.150432,de23e3c8-da11-472b-8e07-ff096c29bdfa,KXHIGHMIA-25JAN14-B76.5,53593.85,4,1.0,76.818,75.1,57,43,1,0.318,-1.4,-1.718,0.042,0.9,3.706,57.0,18.225,0.073,-287.792,-38.656,-57,0
2025-01-14 09:05:49.643724,181b4fa5-0c5a-41de-89dc-342c5511442f,KXHIGHMIA-25JAN14-B72.5,53590.356,21,-3.0,76.807,75.1,1,99,1,4.307,2.6,-1.707,0.038,1.0,3.335,51.3,16.403,0.066,-251.603,2.109,-1,0
2025-01-14 09:12:44.624208,2432f031-b525-40aa-b490-2bf3bbdf9226,KXHIGHMIA-25JAN14-B76.5,53175.376,80,1.0,76.668,75.1,59,41,1,0.168,-1.4,-1.568,0.02,0.531,1.773,59.0,8.717,0.035,-259.932,-40.592,-59,0
2025-01-14 09:12:44.624208,3a27150e-ebf1-4efe-9298-12efd27245c8,KXHIGHMIA-25JAN14-B76.5,53175.376,1,1.0,76.705,75.1,57,43,1,0.205,-1.4,-1.605,0.025,0.656,2.188,57.0,10.762,0.043,-257.233,-37.718,-57,0
2025-01-14 09:12:44.624208,2cb3e3da-b0a6-4137-9024-44e7be81833b,KXHIGHMIA-25JAN14-B76.5,53175.376,1,1.0,76.689,75.1,57,43,1,0.189,-1.4,-1.589,0.023,0.59,1.97,57.0,9.686,0.039,-253.259,-37.961,-57,0
2025-01-14 09:12:44.624208,fbab0632-73cb-496a-9b9b-b20d24843380,KXHIGHMIA-25JAN14-B76.5,53175.376,27,1.0,76.733,75.1,60,40,1,0.233,-1.4,-1.633,0.031,0.81,2.702,60.0,13.286,0.053,-282.279,-37.296,-60,0
2025-01-14 09:12:44.624208,ff932d04-0667-49e7-abb4-01b2dd94558b,KXHIGHMIA-25JAN14-B76.5,53175.376,19,1.0,76.763,75.1,57,43,1,0.263,-1.4,-1.663,0.034,0.9,3.002,57.0,14.762,0.059,-273.117,-32.686,-57,0
2025-01-14 09:12:44.624208,ab2ca22f-7b7c-4f9f-afdc-81d726961d08,KXHIGHMIA-25JAN14-B76.5,53175.376,35,1.0,76.712,75.1,61,39,1,0.212,-1.4,-1.612,0.028,0.729,2.432,61.0,11.957,0.048,-282.119,-40.687,-61,0
2025-01-14 09:13:46.205529,09a1a558-483f-4b2f-991b-1894b8380197,KXHIGHMIA-25JAN14-B78.5,53113.794,1,3.0,77.304,75.1,22,78,1,-1.196,-3.4,-2.204,0.01,0.254,0.848,28.22,22.0,0.017,-161.655,-10.641,-22,0
2025-01-14 09:13:46.205529,6bd4b10b-bd28-4fe6-b66e-e14415586f70,KXHIGHMIA-25JAN14-B78.5,53113.794,26,3.0,77.282,75.1,26,74,1,-1.218,-3.4,-2.182,0.012,0.314,1.047,34.839,26.0,0.021,-207.965,-14.623,-26,0
2025-01-14 09:13:46.205529,8e41d70f-f06c-44a9-89b5-14efb390fc52,KXHIGHMIA-25JAN14-B78.5,53113.794,5,3.0,77.266,75.1,28,72,1,-1.234,-3.4,-2.166,0.013,0.349,1.163,38.71,28.0,0.023,-234.493,-16.552,-28,0
2025-01-14 09:13:46.205529,356c0824-15f3-45a4-bee9-70b0035d4e07,KXHIGHMIA-25JAN14-B78.5,53113.794,19,3.0,77.295,75.1,24,76,1,-1.205,-3.4,-2.195,0.011,0.282,0.942,31.355,24.0,0.019,-183.767,-12.626,-24,0
2025-01-14 09:13:46.205529,916294b0-f25b-44ae-9ea8-6fd6f426992c,KXHIGHMIA-25JAN14-B78.5,53113.794,2,3.0,77.089,75.1,24,76,1,-1.411,-3.4,-1.989,0.016,0.43,1.436,47.79,24.0,0.028,-261.057,-12.417,-24,0
2025-01-14 09:13:46.205529,cc984991-18b2-471a-af8a-d800c9ee6629,KXHIGHMIA-25JAN14-B78.5,53113.794,18,3.0,77.023,75.1,23,77,1,-1.477,-3.4,-1.923,0.018,0.478,1.595,53.1,23.0,0.031,-283.25,-11.399,-23,0
2025-01-14 09:13:46.205529,8fc11e88-6d58-435e-bb88-9812c3997fc7,KXHIGHMIA-25JAN14-B78.5,53113.794,5,3.0,77.138,75.1,24,76,1,-1.362,-3.4,-2.038,0.015,0.387,1.292,43.011,24.0,0.025,-237.865,-12.441,-24,0
2025-01-14 09:13:55.360313,e3b69877-b24a-4f35-81c0-f5c8d920586f,KXHIGHMIA-25JAN14-B78.5,53104.64,3,3.0,77.484,75.1,28,72,1,-1.016,-3.4,-2.384,0.009,0.229,0.763,25.398,28.0,0.015,-174.806,-16.265,-28,0
2025-01-14 09:13:55.360313,da0d8af8-0003-4599-b0fe-bd6a6beec1e9,KXHIGHMIA-25JAN14-B78.5,53104.64,1,3.0,77.501,75.1,26,74,1,-0.999,-3.4,-2.401,0.008,0.206,0.687,22.858,26.0,0.014,-155.56,-14.317,-26,0
2025-01-14 09:13:55.360313,c3a451be-8180-4b44-ad8c-462a26679944,KXHIGHMIA-25JAN14-B78.5,53104.64,26,3.0,77.594,75.1,28,72,1,-0.906,-3.4,-2.494,0.007,0.185,0.618,20.572,28.0,0.012,-154.812,-16.32,-28,0
2025-01-14 09:13:55.360313,8eeaaef6-9874-42b8-a0d7-0f90550a675f,KXHIGHMIA-25JAN14-B78.5,53104.64,12,3.0,77.682,75.1,30,70,1,-0.818,-3.4,-2.582,0.006,0.167,0.556,18.515,30.0,0.011,-155.366,-18.332,-30,0
2025-01-14 09:13:55.360313,37d49836-fd1d-454e-9e9b-576988b07669,KXHIGHMIA-25JAN14-B78.5,53104.64,26,3.0,77.682,75.1,27,73,1,-0.818,-3.4,-2.582,0.006,0.15,0.501,16.663,27.0,0.01,-135.159,-15.391,-27,0
2025-01-14 09:14:00.317117,d018d771-a5b1-4908-9f4c-7420918882f2,KXHIGHMIA-25JAN14-B78.5,53099.683,16,3.0,77.768,75.1,29,71,1,-0.732,-3.4,-2.668,0.005,0.135,0.451,14.997,29.0,0.009,-137.563,-17.227,-29,0
2025-01-14 09:14:06.557695,c501450b-b17d-4778-a52e-1cae8300ae4c,KXHIGHMIA-25JAN14-B74.5,53093.442,1,-1.0,76.696,75.1,20,80,0,2.196,0.6,-1.596,0.005,0.122,20.0,13.497,26.1,0.008,-179.858,-69.402,-80,1
2025-01-14 09:14:13.440392,2693d8ef-7e62-42e0-87b5-f7551b93d332,KXHIGHMIA-25JAN14-B76.5,53086.56,1,1.0,76.608,75.1,56,44,0,0.108,-1.4,-1.508,0.004,0.109,18.0,56.0,23.49,0.007,-351.294,31.649,56,0
2025-01-14 09:16:05.542351,48b2b911-fe76-4f6b-a6df-d4e79b7ebc70,KXHIGHMIA-25JAN14-B76.5,52974.458,3,1.0,76.6,75.1,57,43,1,0.1,-1.4,-1.5,0.004,0.098,16.2,57.0,21.141,0.006,-339.795,-32.573,-57,0
2025-01-14 09:16:14.601687,c70cb2fc-f661-4285-b700-7579ee619883,KXHIGHMIA-25JAN14-B74.5,52965.398,1,-1.0,76.475,75.1,20,80,0,1.975,0.6,-1.375,0.003,0.089,20.0,51.3,19.027,0.006,-317.705,-69.347,-80,1
2025-01-14 09:16:14.874233,c053d5fb-e303-4003-a7f9-798ab3b4c144,KXHIGHMIA-25JAN14-B76.5,52965.126,7,1.0,76.477,75.1,56,44,0,-0.023,-1.4,-1.377,0.003,0.08,18.0,56.0,17.124,0.005,-325.841,31.55,56,0
2025-01-14 09:16:53.058491,a1b05809-9fd1-4f32-830f-011d5b32255a,KXHIGHMIA-25JAN14-B78.5,52926.942,5,3.0,76.648,75.1,23,77,0,-1.852,-3.4,-1.548,0.003,0.072,16.2,50.4,23.0,0.005,-314.571,10.999,23,0
2025-01-14 09:16:53.058491,2734b410-a993-4f70-9da4-4a669361d5ca,KXHIGHMIA-25JAN14-B78.5,52926.942,5,3.0,76.655,75.1,21,79,0,-1.845,-3.4,-1.555,0.002,0.065,14.58,45.36,21.0,0.004,-275.821,9.019,21,0
2025-01-14 09:26:27.589903,ad02603d-85b3-48bc-b5c9-180cbe4aadc9,KXHIGHMIA-25JAN14-B76.5,52352.41,21,1.0,76.623,75.1,60,40,1,0.123,-1.4,-1.523,0.002,0.058,13.122,60.0,18.9,0.004,-334.79,-35.229,-60,0
2025-01-14 09:26:27.589903,84b8c41a-351c-46c3-91c7-971c71195397,KXHIGHMIA-25JAN14-B76.5,52352.41,56,1.0,76.609,75.1,65,35,1,0.109,-1.4,-1.509,0.002,0.052,11.81,65.0,17.01,0.003,-348.509,-40.306,-65,0
2025-01-14 09:26:27.589903,8121d644-1d87-407d-b413-da35a06b850c,KXHIGHMIA-25JAN14-B76.5,52352.41,20,1.0,76.608,75.1,59,41,1,0.108,-1.4,-1.508,0.002,0.047,10.629,59.0,15.309,0.003,-307.293,-34.334,-59,0
2025-01-14 09:26:27.589903,553b165a-b5aa-4f81-9d07-519c885a5d34,KXHIGHMIA-25JAN14-B76.5,52352.41,35,1.0,76.594,75.1,64,36,1,0.094,-1.4,-1.494,0.002,0.042,9.566,64.0,13.778,0.003,-323.751,-39.443,-64,0
2025-01-14 09:26:27.589903,411bd3ae-0ed7-45c6-a90d-310aee5bfaca,KXHIGHMIA-25JAN14-B76.5,52352.41,3,1.0,76.595,75.1,57,43,1,0.095,-1.4,-1.495,0.001,0.038,8.609,57.0,12.4,0.003,-280.06,-32.536,-57,0
2025-01-14 09:26:27.589903,2ad617e4-cab2-4c68-be95-7e2260df5f2f,KXHIGHMIA-25JAN14-B76.5,52352.41,20,1.0,76.584,75.1,61,39,1,0.084,-1.4,-1.484,0.001,0.034,7.748,61.0,11.16,0.002,-293.412,-36.547,-61,0
2025-01-14 09:26:44.609815,4cd76d8b-09cb-4906-ba16-d726febf8116,KXHIGHMIA-25JAN14-B74.5,52335.39,7,-1.0,76.264,75.1,20,80,0,1.764,0.6,-1.164,0.001,0.031,20.0,54.9,10.044,0.002,-302.861,-69.167,-80,1
2025-01-14 09:28:48.920680,ceb91953-be04-44c2-afa9-0d70d519d1b3,KXHIGHMIA-25JAN14-B72.5,52211.079,10,-3.0,75.964,75.1,6,94,1,3.464,2.6,-0.864,0.001,6.0,16.2,44.469,8.136,0.002,-241.656,-2.867,-6,0
2025-01-14 09:28:48.920680,f43ccafe-b396-4288-b668-8a8f6f67c1a3,KXHIGHMIA-25JAN14-B72.5,52211.079,8,-3.0,76.078,75.1,4,96,1,3.578,2.6,-0.978,0.001,4.0,18.0,49.41,9.04,0.002,-270.162,-0.836,-4,0
2025-01-14 09:29:06.212612,263d4b6c-d6b3-4db5-ac30-46be79b7ec2f,KXHIGHMIA-25JAN14-B74.5,52193.787,3,-1.0,75.855,75.1,20,80,0,1.355,0.6,-0.755,0.001,5.4,20.0,40.022,7.322,0.001,-231.242,-68.774,-80,1
2025-01-14 09:29:47.738847,e83523dd-39e2-4f7a-bc00-7f039c6ec665,KXHIGHMIA-25JAN14-B72.5,52152.261,17,-3.0,75.655,75.1,9,91,1,3.155,2.6,-0.555,0.001,9.0,18.0,36.02,6.59,0.001,-213.311,-5.839,-9,0
2025-01-14 09:29:47.738847,99514472-3e2a-4668-88e5-c580a2d4760d,KXHIGHMIA-25JAN14-B72.5,52152.261,20,-3.0,75.711,75.1,7,93,1,3.211,2.6,-0.611,0.001,7.0,16.2,32.418,5.931,0.001,-182.056,-3.825,-7,0
2025-01-14 09:29:47.738847,88641eca-cfe9-4942-98a3-19f059a0a4d0,KXHIGHMIA-25JAN14-B72.5,52152.261,25,-3.0,75.671,75.1,7,93,1,3.171,2.6,-0.571,0.001,7.0,14.58,29.176,5.338,0.001,-160.04,-3.827,-7,0
2025-01-14 09:29:54.501612,1cd76a7f-46d2-42fe-8650-dfd5930a21bf,KXHIGHMIA-25JAN14-B74.5,52145.498,6,-1.0,75.531,75.1,20,80,0,1.031,0.6,-0.431,0.001,6.3,20.0,26.258,4.804,0.001,-164.852,-66.415,-80,1
2025-01-14 09:32:17.793791,a1510f16-b258-49f7-ac1d-a0d0be121a03,KXHIGHMIA-25JAN14-B76.5,52002.206,2,1.0,75.931,75.1,60,40,1,-0.569,-1.4,-0.831,0.001,5.67,18.0,60.0,4.324,0.001,-313.846,-34.889,-60,0
2025-01-14 09:32:17.793791,64a4026c-2c23-4074-8427-9c6ee14b0968,KXHIGHMIA-25JAN14-B76.5,52002.206,1,1.0,75.971,75.1,60,40,1,-0.529,-1.4,-0.871,0.0,5.103,16.2,60.0,3.891,0.001,-304.373,-35.063,-60,0
2025-01-14 09:32:17.793791,5100c754-8b7e-470f-b2c2-1e59f7c7e746,KXHIGHMIA-25JAN14-B76.5,52002.206,4,1.0,76.01,75.1,60,40,1,-0.49,-1.4,-0.91,0.0,4.593,14.58,60.0,3.502,0.001,-296.113,-35.136,-60,0
2025-01-14 09:32:17.793791,0e1c04b9-1312-44e8-a38c-3f7fd5a42228,KXHIGHMIA-25JAN14-B76.5,52002.206,4,1.0,76.035,75.1,58,42,1,-0.465,-1.4,-0.935,0.0,4.133,13.122,58.0,3.152,0.001,-278.762,-33.201,-58,0
2025-01-14 09:32:17.793791,054cd234-9291-4981-b122-989ff8b190d2,KXHIGHMIA-25JAN14-B76.5,52002.206,5,1.0,76.07,75.1,58,42,1,-0.43,-1.4,-0.97,0.0,3.72,11.81,58.0,2.837,0.001,-272.501,-33.208,-58,0
2025-01-14 09:32:21.637633,55b1edf1-84b7-49e1-874b-b7ce42614034,KXHIGHMIA-25JAN14-B78.5,51998.362,3,3.0,76.716,75.1,18,82,0,-1.784,-3.4,-1.616,0.0,2.197,6.974,34.248,18.0,0.0,-188.316,5.893,18,0
2025-01-14 09:32:21.637633,16aac302-4407-4a26-9219-06aaca92e8a1,KXHIGHMIA-25JAN14-B78.5,51998.362,15,3.0,76.831,75.1,20,80,0,-1.669,-3.4,-1.731,0.0,1.977,6.276,30.824,20.0,0.0,-178.458,7.941,20,0
2025-01-14 09:32:21.637633,8a59c03c-96c1-411d-a869-4fa142cfefc3,KXHIGHMIA-25JAN14-B78.5,51998.362,15,3.0,76.662,75.1,18,82,0,-1.838,-3.4,-1.562,0.0,2.441,7.748,38.054,18.0,0.0,-208.542,5.698,18,0
2025-01-14 09:32:21.637633,10af2018-e768-4243-a1fa-d95cad0e0b90,KXHIGHMIA-25JAN14-B78.5,51998.362,160,3.0,76.766,75.1,16,84,0,-1.734,-3.4,-1.666,0.0,1.779,5.649,27.741,16.0,0.0,-147.345,3.977,16,0
2025-01-14 09:32:21.637633,e3c1587c-68ec-4f8a-b169-3b19f01fca1a,KXHIGHMIA-25JAN14-B78.5,51998.362,15,3.0,76.587,75.1,19,81,0,-1.913,-3.4,-1.487,0.0,3.013,9.566,46.98,19.0,0.0,-261.724,6.669,19,0
2025-01-14 09:32:21.637633,f8bdbc2d-ede6-4527-aaef-309496eaa0c5,KXHIGHMIA-25JAN14-B78.5,51998.362,15,3.0,76.584,75.1,21,79,0,-1.916,-3.4,-1.484,0.0,3.348,10.629,52.2,21.0,0.001,-299.552,8.653,21,0
2025-01-14 09:32:21.637633,c0180cdf-32b1-4940-b5c3-c225a996d427,KXHIGHMIA-25JAN14-B78.5,51998.362,14,3.0,76.637,75.1,19,81,0,-1.863,-3.4,-1.537,0.0,2.712,8.609,42.282,19.0,0.0,-235.498,6.671,19,0
2025-01-14 09:32:25.443660,f87960cf-8195-437d-8c68-68947c15befe,KXHIGHMIA-25JAN14-B74.5,51994.556,6,-1.0,76.211,75.1,20,80,0,1.711,0.6,-1.111,0.0,1.601,20.0,24.967,14.4,0.0,-179.407,-66.239,-80,1
2025-01-14 09:33:27.567152,f80a9f5c-a0cf-43ef-bc5c-5746a723e6d7,KXHIGHMIA-25JAN14-B74.5,51932.433,11,-1.0,76.095,75.1,22,78,1,1.595,0.6,-0.995,0.0,1.441,22.0,22.47,12.96,0.0,-171.661,61.647,78,1
2025-01-14 09:33:27.567152,acc8ef63-1336-4481-ac35-592d05f225ed,KXHIGHMIA-25JAN14-B74.5,51932.433,20,-1.0,76.004,75.1,23,77,1,1.504,0.6,-0.904,0.0,1.297,23.0,20.223,11.664,0.0,-161.912,60.761,77,1
2025-01-14 09:33:27.567152,a9246a29-398a-45a9-975a-a94006ce87c7,KXHIGHMIA-25JAN14-B74.5,51932.433,12,-1.0,75.995,75.1,21,79,1,1.495,0.6,-0.895,0.0,1.167,21.0,18.201,10.498,0.0,-141.604,62.876,79,1
2025-01-14 09:33:27.567152,9b5ab36b-ba43-42d9-8a95-04419d0535da,KXHIGHMIA-25JAN14-B74.5,51932.433,8,-1.0,75.93,75.1,21,79,1,1.43,0.6,-0.83,0.0,1.051,21.0,16.381,9.448,0.0,-131.005,63.152,79,1
2025-01-14 09:35:24.108027,a7d46f10-af85-4142-a8eb-2101fc3d75c8,KXHIGHMIA-25JAN14-B76.5,51815.892,1,1.0,76.212,75.1,57,43,1,-0.288,-1.4,-1.112,0.0,0.946,18.9,57.0,8.503,0.0,-304.149,-31.668,-57,0
2025-01-14 09:47:30.688974,c3ce5531-17cb-4911-9685-e517f3f0f44d,KXHIGHMIA-25JAN14-B76.5,51089.311,1,1.0,76.229,75.1,56,44,0,-0.271,-1.4,-1.129,0.0,0.851,17.01,56.0,7.653,0.0,-289.057,30.664,56,0
2025-01-14 09:50:32.349147,c80b47e7-dcbc-4762-83f8-e78e8c6344a4,KXHIGHMIA-25JAN14-B76.5,50907.651,8,1.0,76.251,75.1,57,43,1,-0.249,-1.4,-1.151,0.0,0.766,15.309,57.0,6.887,0.0,-285.308,-31.488,-57,0
2025-01-14 09:50:32.349147,c421a453-cf51-47ab-90c8-1bd0d74b8cd6,KXHIGHMIA-25JAN14-B76.5,50907.651,1,1.0,76.275,75.1,59,41,1,-0.225,-1.4,-1.175,0.0,0.689,13.778,59.0,6.199,0.0,-287.766,-33.523,-59,0
2025-01-14 09:50:32.349147,729733c8-caf9-42f5-819f-b7f4a0eb162c,KXHIGHMIA-25JAN14-B76.5,50907.651,1,1.0,76.292,75.1,59,41,1,-0.208,-1.4,-1.192,0.0,0.62,12.4,59.0,5.579,0.0,-281.088,-33.553,-59,0
2025-01-14 09:51:57.479328,f0245294-6b07-461d-b604-f1ba9c6a7c1c,KXHIGHMIA-25JAN14-B78.5,50822.521,9,3.0,76.568,75.1,15,85,0,-1.932,-3.4,-1.468,0.0,0.558,11.16,53.1,15.0,0.0,-278.139,2.309,15,0
2025-01-14 09:51:57.479328,e39f1000-26a1-40cc-8886-ac64c9ef6bfb,KXHIGHMIA-25JAN14-B78.5,50822.521,40,3.0,76.633,75.1,16,84,0,-1.867,-3.4,-1.533,0.0,0.503,10.044,47.79,16.0,0.0,-251.982,3.459,16,0
2025-01-14 09:51:57.479328,76e339f2-1034-4bb7-a406-34451d2c5803,KXHIGHMIA-25JAN14-B78.5,50822.521,9,3.0,76.622,75.1,14,86,0,-1.878,-3.4,-1.522,0.0,0.452,9.04,43.011,14.0,0.0,-218.273,1.606,14,0
2025-01-14 09:55:51.774352,7f79b151-0323-4146-b3c2-8415c71632e4,KXHIGHMIA-25JAN14-B78.5,50588.226,209,3.0,77.477,75.1,37,63,1,-1.023,-3.4,-2.377,0.0,0.24,4.804,22.858,37.0,0.0,-212.329,-24.279,-37,0
2025-01-14 09:55:51.774352,80192d51-831f-4d02-8b8c-f110eaa8d27e,KXHIGHMIA-25JAN14-B78.5,50588.226,6,3.0,77.025,75.1,19,81,1,-1.475,-3.4,-1.925,0.0,0.267,5.338,25.398,19.0,0.0,-146.684,-6.269,-19,0
2025-01-14 09:55:51.774352,bae8e309-4d97-4b38-a0e7-49a3930c060e,KXHIGHMIA-25JAN14-B78.5,50588.226,20,3.0,77.074,75.1,23,77,1,-1.426,-3.4,-1.974,0.0,0.297,5.931,28.22,23.0,0.0,-176.567,-10.03,-23,0
2025-01-14 09:55:51.774352,e75ce10c-6b0f-45ad-81b5-43bc61ff0d40,KXHIGHMIA-25JAN14-B78.5,50588.226,17,3.0,77.15,75.1,36,64,1,-1.35,-3.4,-2.05,0.0,0.407,8.136,38.71,36.0,0.0,-287.222,-22.355,-36,0
2025-01-14 09:55:51.774352,e400de2f-3ec8-4ef7-8f8e-b05c811008b2,KXHIGHMIA-25JAN14-B78.5,50588.226,11,3.0,76.882,75.1,20,80,1,-1.618,-3.4,-1.782,0.0,0.366,7.322,34.839,20.0,0.0,-197.828,-6.372,-20,0
2025-01-14 09:55:51.774352,e388bd47-4999-4a36-89f3-2447af502bf1,KXHIGHMIA-25JAN14-B78.5,50588.226,20,3.0,76.964,75.1,21,79,1,-1.536,-3.4,-1.864,0.0,0.33,6.59,31.355,21.0,0.0,-184.024,-8.022,-21,0
2025-01-14 09:56:05.377521,b4a4ff91-606e-4fb4-a4cf-15beeaf6317e,KXHIGHMIA-25JAN14-B76.5,50574.622,1,1.0,77.108,75.1,56,44,0,0.608,-1.4,-2.008,0.0,0.216,4.324,56.0,33.3,0.0,-348.153,30.485,56,0
2025-01-14 09:56:05.635166,5f2133c4-6546-4026-9619-f674c1ce966d,KXHIGHMIA-25JAN14-B76.5,50574.365,20,1.0,77.071,75.1,56,44,0,0.571,-1.4,-1.971,0.0,0.195,3.891,56.0,29.97,0.0,-332.292,30.455,56,0
2025-01-14 09:56:15.006651,115d95e5-2dee-44f5-ab7a-9d23b228b346,KXHIGHMIA-25JAN14-B76.5,50564.993,9,1.0,77.034,75.1,56,44,0,0.534,-1.4,-1.934,0.0,0.175,3.502,56.0,26.973,0.0,-318.375,30.224,56,0
2025-01-14 09:57:05.340321,a577cedb-34bb-4d67-9db2-5d56f23e1fe2,KXHIGHMIA-25JAN14-B72.5,50514.66,1,-3.0,76.985,75.1,1,99,0,4.485,2.6,-1.885,0.0,1.0,3.152,50.4,24.276,0.0,-278.612,-2.101,1,0
2025-01-14 09:57:36.719308,62473562-4e1c-42e0-869f-494c2d4125ea,KXHIGHMIA-25JAN14-B78.5,50483.281,119,3.0,76.5,75.1,2,98,0,-2.0,-3.4,-1.4,0.0,0.387,1.221,19.526,2.0,0.0,-59.289,-11.88,2,0
2025-01-14 09:57:36.719308,17717e44-4a5f-44df-ba5c-3bf91440005b,KXHIGHMIA-25JAN14-B78.5,50483.281,1,3.0,77.384,75.1,12,88,0,-1.116,-3.4,-2.284,0.0,0.229,0.721,11.53,12.0,0.0,-57.435,-1.646,12,0
2025-01-14 09:57:36.719308,1e5c6378-ddc7-4ad9-a8ff-8b5e63979433,KXHIGHMIA-25JAN14-B78.5,50483.281,1,3.0,77.228,75.1,10,90,0,-1.272,-3.4,-2.128,0.0,0.254,0.801,12.811,10.0,0.0,-55.172,-3.676,10,0
2025-01-14 09:57:36.719308,329331fe-238b-479c-abc2-08d6f13fcb12,KXHIGHMIA-25JAN14-B78.5,50483.281,20,3.0,77.52,75.1,19,81,0,-0.98,-3.4,-2.42,0.0,0.282,0.89,14.234,19.0,0.0,-93.286,5.234,19,0
2025-01-14 09:57:36.719308,45f52656-bd72-4e45-8243-44d255f71358,KXHIGHMIA-25JAN14-B78.5,50483.281,1,3.0,77.065,75.1,9,91,0,-1.435,-3.4,-1.965,0.0,0.314,0.989,15.816,9.0,0.0,-63.069,-4.775,9,0
2025-01-14 09:57:36.719308,4f36ad5a-aa7b-45ff-879d-5c026692d67f,KXHIGHMIA-25JAN14-B78.5,50483.281,1,3.0,77.2,75.1,13,87,0,-1.3,-3.4,-2.1,0.0,0.349,1.099,17.573,13.0,0.0,-83.453,-0.777,13,0
2025-01-14 09:57:36.719308,7b593fca-6cca-4360-a976-e79fd5b272b8,KXHIGHMIA-25JAN14-B78.5,50483.281,50,3.0,76.695,75.1,5,95,0,-1.805,-3.4,-1.595,0.0,0.43,1.357,21.696,5.0,0.0,-74.858,-8.887,5,0
2025-01-14 09:57:36.719308,ac8d4f40-7168-4190-b3e0-580d32de56da,KXHIGHMIA-25JAN14-B78.5,50483.281,1,3.0,76.678,75.1,8,92,0,-1.822,-3.4,-1.578,0.0,0.729,2.298,36.742,8.0,0.0,-150.73,-6.351,8,0
2025-01-14 09:57:36.719308,98368c09-b600-4238-957b-3a422eed3c55,KXHIGHMIA-25JAN14-B78.5,50483.281,20,3.0,77.12,75.1,17,83,0,-1.38,-3.4,-2.02,0.0,0.531,1.675,26.785,17.0,0.0,-136.756,2.728,17,0
2025-01-14 09:57:36.719308,9b3ae11b-33b5-436f-bfca-04896b21bcd8,KXHIGHMIA-25JAN14-B78.5,50483.281,4,3.0,77.175,75.1,21,79,0,-1.325,-3.4,-2.075,0.0,0.59,1.861,29.761,21.0,0.0,-165.764,6.698,21,0
2025-01-14 09:57:36.719308,9bc072ef-9f7f-4efa-b73a-75e7daae4bd3,KXHIGHMIA-25JAN14-B78.5,50483.281,1,3.0,76.826,75.1,11,89,0,-1.674,-3.4,-1.726,0.0,0.656,2.068,33.067,11.0,0.0,-143.291,-3.349,11,0
2025-01-14 09:57:36.719308,881a012c-44ae-481f-82ef-50f3bd7660d6,KXHIGHMIA-25JAN14-B78.5,50483.281,38,3.0,76.96,75.1,11,89,0,-1.54,-3.4,-1.86,0.0,0.478,1.508,24.106,11.0,0.0,-103.36,-2.923,11,0
2025-01-14 09:57:36.719308,cd421c9a-0b48-49d3-8075-87a73a78d72f,KXHIGHMIA-25JAN14-B78.5,50483.281,10,3.0,76.919,75.1,17,83,0,-1.581,-3.4,-1.819,0.0,0.81,2.553,40.824,17.0,0.0,-201.814,2.645,17,0
2025-01-14 09:57:36.719308,cf7e6990-b562-4b7d-b483-8fc6576c6203,KXHIGHMIA-25JAN14-B78.5,50483.281,16,3.0,76.797,75.1,14,86,0,-1.703,-3.4,-1.697,0.0,0.9,2.837,45.36,14.0,0.0,-212.841,-0.357,14,0
2025-01-14 09:58:21.300697,08c74760-847f-48c6-920c-ef9954c41916,KXHIGHMIA-25JAN14-B78.5,50438.699,1,3.0,78.157,75.1,19,81,1,-0.343,-3.4,-3.057,0.0,0.065,0.204,3.256,19.0,0.0,-59.288,-4.43,-19,0
2025-01-14 09:58:21.300697,339a905d-4de6-44c6-800d-222d1ce19313,KXHIGHMIA-25JAN14-B78.5,50438.699,1,3.0,78.008,75.1,15,85,1,-0.492,-3.4,-2.908,0.0,0.08,0.251,4.02,15.0,0.0,-45.665,-0.417,-15,0
2025-01-14 09:58:21.300697,358da22a-d6d6-4547-93a7-db214408f1b1,KXHIGHMIA-25JAN14-B78.5,50438.699,1,3.0,78.015,75.1,17,83,1,-0.485,-3.4,-2.915,0.0,0.089,0.279,4.467,17.0,0.0,-54.279,-2.415,-17,0
2025-01-14 09:58:21.300697,55bb5e18-973b-47fb-a69f-b61d26565eae,KXHIGHMIA-25JAN14-B78.5,50438.699,1,3.0,77.893,75.1,14,86,1,-0.607,-3.4,-2.793,0.0,0.098,0.31,4.963,14.0,0.0,-44.307,0.67,-14,0
2025-01-14 09:58:21.300697,89b0c205-0f36-4736-b30e-363ced58825e,KXHIGHMIA-25JAN14-B78.5,50438.699,20,3.0,77.977,75.1,19,81,1,-0.523,-3.4,-2.877,0.0,0.109,0.345,5.515,19.0,0.0,-64.751,-4.329,-19,0
2025-01-14 09:58:21.300697,17269a00-5426-4ad9-9ff9-99f56fe75f1f,KXHIGHMIA-25JAN14-B78.5,50438.699,1,3.0,78.109,75.1,18,82,1,-0.391,-3.4,-3.009,0.0,0.072,0.226,3.618,18.0,0.0,-56.154,-3.419,-18,0
2025-01-14 09:58:21.300697,d13e7a30-43f0-4e09-9719-97435ea7011a,KXHIGHMIA-25JAN14-B78.5,50438.699,20,3.0,77.931,75.1,21,79,1,-0.569,-3.4,-2.831,0.0,0.135,0.426,6.808,21.0,0.0,-76.36,-6.324,-21,0
2025-01-14 09:58:21.300697,e31ba4bb-b6eb-4842-b54e-52a3c59d0ef2,KXHIGHMIA-25JAN14-B78.5,50438.699,19,3.0,78.094,75.1,36,64,1,-0.406,-3.4,-2.994,0.0,0.15,0.473,7.565,36.0,0.0,-143.675,-21.314,-36,0
2025-01-14 09:58:21.300697,eb9031c2-2cdb-4ad2-81c5-2d4008137bf4,KXHIGHMIA-25JAN14-B78.5,50438.699,2,3.0,77.737,75.1,17,83,1,-0.763,-3.4,-2.637,0.0,0.167,0.526,8.405,17.0,0.0,-65.422,-2.297,-17,0
2025-01-14 09:58:21.300697,f4176e1b-7bd4-463a-b15a-f076ffeece8b,KXHIGHMIA-25JAN14-B78.5,50438.699,181,3.0,78.03,75.1,37,63,1,-0.47,-3.4,-2.93,0.0,0.185,0.584,9.339,37.0,0.0,-153.843,-22.238,-37,0
2025-01-14 09:58:21.300697,9b00a2c3-94bc-495f-8eaf-a535fca73f57,KXHIGHMIA-25JAN14-B78.5,50438.699,37,3.0,78.134,75.1,33,67,1,-0.366,-3.4,-3.034,0.0,0.122,0.383,6.127,33.0,0.0,-125.869,-18.328,-33,0
2025-01-14 09:58:21.300697,f48b1a97-4eeb-4e6e-af02-caab5cd32239,KXHIGHMIA-25JAN14-B78.5,50438.699,1,3.0,77.597,75.1,16,84,1,-0.903,-3.4,-2.497,0.0,0.206,0.649,10.377,16.0,0.0,-68.033,-1.223,-16,0
2025-01-14 09:58:35.409834,0e9f8d7e-6636-48de-b612-3d701a3f5050,KXHIGHMIA-25JAN14-B76.5,50424.59,2,1.0,76.958,75.1,56,44,0,0.458,-1.4,-1.858,0.0,0.058,0.183,56.0,17.1,0.0,-273.492,30.161,56,0
2025-01-14 10:03:13.888946,d7d7d5d9-4f45-46f9-8282-ef65633f3a59,KXHIGHMIA-25JAN14-B78.5,50146.111,5,3.0,77.017,75.1,18,82,0,-1.483,-3.4,-1.917,0.0,0.052,0.165,50.4,18.0,0.0,-249.143,3.159,18,0
2025-01-14 10:03:13.888946,bd85f01f-6408-4b1e-bcb9-bc59340dcfdb,KXHIGHMIA-25JAN14-B78.5,50146.111,20,3.0,77.103,75.1,20,80,0,-1.397,-3.4,-2.003,0.0,0.047,0.148,45.36,20.0,0.0,-232.519,5.2,20,0
2025-01-14 10:03:13.888946,142422d8-5093-4841-a145-e9623935e761,KXHIGHMIA-25JAN14-B78.5,50146.111,5,3.0,77.191,75.1,22,78,0,-1.309,-3.4,-2.091,0.0,0.042,0.134,40.824,22.0,0.0,-219.027,7.202,22,0
2025-01-14 10:06:02.280085,911e1899-e1c8-4623-abd0-a99af4d19001,KXHIGHMIA-25JAN14-B76.5,49977.72,20,1.0,76.997,75.1,59,41,1,0.497,-1.4,-1.897,0.0,0.038,0.12,59.0,19.8,0.0,-299.312,-33.08,-59,0
2025-01-14 10:06:55.262426,7d946974-3891-4f5f-8f9d-ccef338ca706,KXHIGHMIA-25JAN14-B76.5,49924.738,11,1.0,76.971,75.1,57,43,0,0.471,-1.4,-1.871,0.0,0.034,0.108,57.0,17.82,0.0,-281.425,30.953,57,0
2025-01-14 10:07:22.028169,e66bf872-faef-4fea-957d-78ce392b77a5,KXHIGHMIA-25JAN14-B74.5,49897.972,6,-1.0,76.386,75.1,21,79,1,1.886,0.6,-1.286,0.0,0.031,21.0,51.3,16.038,0.0,-310.336,62.072,79,1
2025-01-14 10:08:00.139662,c96f6dd8-7404-40df-9532-46ec7b88d7c5,KXHIGHMIA-25JAN14-B74.5,49859.86,113,-1.0,76.155,75.1,30,70,1,1.655,0.6,-1.055,0.0,0.028,30.0,46.17,14.434,0.0,-317.409,51.934,70,1
2025-01-14 10:08:00.139662,c4758282-6117-4a4a-bf6b-6b4a25bcaa8c,KXHIGHMIA-25JAN14-B74.5,49859.86,20,-1.0,76.197,75.1,25,75,1,1.697,0.6,-1.097,0.0,0.025,25.0,41.553,12.991,0.0,-268.558,57.101,75,1
2025-01-14 10:08:00.139662,52af79d5-eba3-4696-a72d-9a769d5d3d16,KXHIGHMIA-25JAN14-B74.5,49859.86,20,-1.0,76.185,75.1,23,77,1,1.685,0.6,-1.085,0.0,0.023,23.0,37.398,11.692,0.0,-236.219,59.682,77,1
2025-01-14 10:08:00.139662,317350ad-b0b0-4503-ade5-3d2c3cf4b55b,KXHIGHMIA-25JAN14-B74.5,49859.86,17,-1.0,76.104,75.1,24,76,1,1.604,0.6,-1.004,0.0,0.02,24.0,33.658,10.523,0.0,-219.309,58.812,76,1
2025-01-14 10:08:03.225803,7a273e05-d7e5-4a3a-bd4c-82d4c7cbb25f,KXHIGHMIA-25JAN14-B76.5,49856.774,29,1.0,76.224,75.1,57,43,0,-0.276,-1.4,-1.124,0.0,0.018,21.6,57.0,9.47,0.0,-318.042,30.888,57,0
2025-01-14 10:08:16.990802,2436ee60-dddd-4227-a82a-80263f347253,KXHIGHMIA-25JAN14-B76.5,49843.009,20,1.0,76.331,75.1,60,40,1,-0.169,-1.4,-1.231,0.0,0.01,11.479,60.0,5.033,0.0,-281.764,-33.754,-60,0
2025-01-14 10:08:16.990802,2462623d-a354-4674-af8d-b118eb1c945f,KXHIGHMIA-25JAN14-B76.5,49843.009,3,1.0,76.312,75.1,58,42,1,-0.188,-1.4,-1.212,0.0,0.011,12.755,58.0,5.592,0.0,-277.555,-31.698,-58,0
2025-01-14 10:08:16.990802,3cb7300e-6886-49b8-b0df-026e626e82c7,KXHIGHMIA-25JAN14-B76.5,49843.009,12,1.0,76.299,75.1,59,41,1,-0.201,-1.4,-1.199,0.0,0.012,14.172,59.0,6.213,0.0,-289.445,-32.691,-59,0
2025-01-14 10:08:16.990802,a57a591d-b9c0-45a6-bb7b-9e80bd77ae6c,KXHIGHMIA-25JAN14-B76.5,49843.009,100,1.0,76.274,75.1,62,38,1,-0.226,-1.4,-1.174,0.0,0.015,17.496,62.0,7.671,0.0,-321.522,-35.656,-62,0
2025-01-14 10:08:16.990802,ee0800b9-9f75-4dac-883a-a831549e6dee,KXHIGHMIA-25JAN14-B76.5,49843.009,14,1.0,76.257,75.1,62,38,1,-0.243,-1.4,-1.157,0.0,0.016,19.44,62.0,8.523,0.0,-331.763,-35.367,-62,0
2025-01-14 10:08:16.990802,82c74055-03d4-4427-b01e-0fae616d3cb8,KXHIGHMIA-25JAN14-B76.5,49843.009,1,1.0,76.28,75.1,58,42,1,-0.22,-1.4,-1.18,0.0,0.013,15.746,58.0,6.904,0.0,-292.194,-31.659,-58,0
2025-01-14 10:09:17.338050,d131459a-4b80-4949-a1f7-126af2f3bf9b,KXHIGHMIA-25JAN14-B76.5,49782.662,39,1.0,76.36,75.1,68,32,1,-0.14,-1.4,-1.26,0.0,0.009,10.331,68.0,4.53,0.0,-317.853,-41.104,-68,0
2025-01-14 10:09:17.338050,cbda84d8-1fc1-4004-a265-23e01b06a57c,KXHIGHMIA-25JAN14-B76.5,49782.662,20,1.0,76.368,75.1,66,34,1,-0.132,-1.4,-1.268,0.0,0.008,9.298,66.0,4.077,0.0,-302.941,-39.151,-66,0
2025-01-14 10:09:17.338050,5483407a-e92a-4a4a-a6f2-9a274655b3da,KXHIGHMIA-25JAN14-B76.5,49782.662,44,1.0,76.371,75.1,61,39,1,-0.129,-1.4,-1.271,0.0,0.007,8.368,61.0,3.669,0.0,-273.276,-34.172,-61,0
2025-01-14 10:09:17.338050,5453493d-9308-4224-8626-466ee4dbafe1,KXHIGHMIA-25JAN14-B76.5,49782.662,27,1.0,76.384,75.1,62,38,1,-0.116,-1.4,-1.284,0.0,0.006,7.531,62.0,3.302,0.0,-275.001,-35.177,-62,0
2025-01-14 10:09:17.338050,4f9cd24c-5bfa-4202-87c7-af78959d35a8,KXHIGHMIA-25JAN14-B76.5,49782.662,20,1.0,76.396,75.1,64,36,1,-0.104,-1.4,-1.296,0.0,0.006,6.778,64.0,2.972,0.0,-282.348,-37.229,-64,0
2025-01-14 10:09:17.338050,343ae9b7-cabd-4089-80dc-ba2dcc6ba626,KXHIGHMIA-25JAN14-B76.5,49782.662,64,1.0,76.412,75.1,69,31,1,-0.088,-1.4,-1.312,0.0,0.005,6.1,69.0,2.675,0.0,-305.79,-42.256,-69,0
2025-01-14 10:09:17.338050,1b09a16a-7c1d-4e83-bab7-167c946ba738,KXHIGHMIA-25JAN14-B76.5,49782.662,9,1.0,76.415,75.1,65,35,1,-0.085,-1.4,-1.315,0.0,0.005,5.49,65.0,2.407,0.0,-282.775,-38.327,-65,0
2025-01-14 10:09:39.550722,85db0d48-04c0-43d5-ba31-5512c9ea191a,KXHIGHMIA-25JAN14-B78.5,49760.449,2,3.0,76.734,75.1,14,86,1,-1.766,-3.4,-1.634,0.0,0.004,4.941,58.5,14.0,0.0,-282.857,0.858,-14,0
2025-01-14 10:09:48.413854,097eb25b-fe75-4b70-be73-93c830169a6b,KXHIGHMIA-25JAN14-B78.5,49751.586,3,3.0,76.758,75.1,11,89,0,-1.742,-3.4,-1.658,0.0,0.003,3.602,42.646,11.0,0.0,-191.026,-3.898,11,0
2025-01-14 10:09:48.413854,fad814a2-9068-46fd-a713-65c8279d25a4,KXHIGHMIA-25JAN14-B78.5,49751.586,13,3.0,76.768,75.1,14,86,0,-1.732,-3.4,-1.668,0.0,0.004,4.447,52.65,14.0,0.0,-252.249,-0.917,14,0
2025-01-14 10:09:48.413854,0f94d47b-9b65-4db8-a49d-0f846e06e13c,KXHIGHMIA-25JAN14-B78.5,49751.586,6,3.0,76.752,75.1,12,88,0,-1.748,-3.4,-1.652,0.0,0.003,4.003,47.385,12.0,0.0,-218.177,-2.915,12,0
2025-01-14 10:11:51.644675,39c82030-b755-41f9-95ae-7e97c6e09ab7,KXHIGHMIA-25JAN14-B76.5,49628.355,10,1.0,76.652,75.1,67,33,1,0.152,-1.4,-1.552,0.0,0.002,2.918,67.0,8.91,0.0,-304.312,-40.102,-67,0
2025-01-14 10:11:51.644675,9730ca98-633e-414b-b76c-9f841b3821f5,KXHIGHMIA-25JAN14-B76.5,49628.355,1,1.0,76.668,75.1,66,34,1,0.168,-1.4,-1.568,0.0,0.003,3.242,66.0,9.9,0.0,-303.01,-39.099,-66,0
2025-01-14 10:12:20.199147,acf3551a-255c-45dc-98b3-9264eb476a0d,KXHIGHMIA-25JAN14-B72.5,49599.801,15,-3.0,76.594,75.1,1,99,0,4.094,2.6,-1.494,0.0,1.0,2.626,60.3,8.019,0.0,-266.419,-1.983,1,0
2025-01-14 10:12:54.829015,ec7f2751-e370-4749-ba18-14a3cfab8cfa,KXHIGHMIA-25JAN14-B74.5,49565.171,1,-1.0,76.107,75.1,22,78,1,1.607,0.6,-1.007,0.0,0.9,22.0,54.27,7.217,0.0,-298.925,59.285,78,1
2025-01-14 10:12:54.829015,e7a56777-2ba2-4612-8d63-3042b8ac3dbc,KXHIGHMIA-25JAN14-B74.5,49565.171,7,-1.0,76.062,75.1,22,78,1,1.562,0.6,-0.962,0.0,0.81,22.0,48.843,6.495,0.0,-269.917,59.808,78,1
2025-01-14 10:16:28.166125,44bef33e-ba9d-4759-aaaa-d16017a1c606,KXHIGHMIA-25JAN14-T79,49351.834,1500,3.5,76.103,75.1,1,99,0,-2.897,-3.9,-1.003,0.0,0.729,19.8,43.959,5.846,1.0,-235.515,-1.532,1,0
2025-01-14 10:18:01.085690,7b397744-f615-45f1-839b-0cd9c72ede39,KXHIGHMIA-25JAN14-B72.5,49258.914,185,-3.0,76.084,75.1,1,99,0,3.584,2.6,-0.984,0.0,1.0,17.82,39.563,5.261,0.9,-205.476,-1.933,1,0
2025-01-14 10:20:30.121926,e1225742-8b97-4c6e-a287-f814fbe991b9,KXHIGHMIA-25JAN14-B72.5,49109.878,444,-3.0,76.017,75.1,2,98,1,3.517,2.6,-0.917,0.0,2.0,16.038,35.607,4.735,0.81,-180.289,0.861,-2,0
2025-01-14 10:20:30.121926,6ebbc6e8-cb35-42be-ba9b-82d33b1c4b84,KXHIGHMIA-25JAN14-B72.5,49109.878,15,-3.0,76.071,75.1,1,99,1,3.571,2.6,-0.971,0.0,1.0,14.434,32.046,4.262,0.729,-155.59,1.862,-1,0
2025-01-14 10:20:30.121926,28a14a02-9ee0-497a-a3c0-0ef91af2c2b6,KXHIGHMIA-25JAN14-B72.5,49109.878,15,-3.0,75.989,75.1,2,98,1,3.489,2.6,-0.889,0.0,2.0,12.991,28.841,3.835,0.656,-136.536,0.885,-2,0
2025-01-14 10:25:55.800457,3724c55c-ba09-4299-9534-13ad34beff72,KXHIGHMIA-25JAN14-B74.5,48784.2,8,-1.0,75.682,75.1,23,77,1,1.182,0.6,-0.582,0.0,1.8,23.0,25.957,3.452,0.59,-161.668,58.163,77,1
2025-01-14 10:33:53.049075,f03d6078-0a7b-4d29-97e1-4323fee9b79c,KXHIGHMIA-25JAN14-B76.5,48306.951,10,1.0,76.041,75.1,62,38,0,-0.459,-1.4,-0.941,0.0,1.62,20.7,62.0,3.107,0.531,-322.573,35.097,62,0
2025-01-14 10:35:18.856579,1faaca08-7706-4edf-adc4-0d89b919ad15,KXHIGHMIA-25JAN14-B76.5,48221.143,2,1.0,76.254,75.1,66,34,1,-0.246,-1.4,-1.154,0.0,0.775,9.901,66.0,1.486,0.254,-299.258,-39.075,-66,0
2025-01-14 10:35:18.856579,2684db91-0aa3-4ff8-9438-0c33c5b69f4a,KXHIGHMIA-25JAN14-B76.5,48221.143,19,1.0,76.228,75.1,65,35,1,-0.272,-1.4,-1.128,0.0,0.861,11.001,65.0,1.651,0.282,-298.057,-38.073,-65,0
2025-01-14 10:35:18.856579,0f0276c7-d93a-4c6c-a173-687cd134772e,KXHIGHMIA-25JAN14-B76.5,48221.143,6,1.0,76.275,75.1,66,34,1,-0.225,-1.4,-1.175,0.0,0.697,8.911,66.0,1.337,0.229,-295.807,-39.078,-66,0
2025-01-14 10:35:18.856579,69d3a55f-e540-4d5a-942b-5062d4b37cfa,KXHIGHMIA-25JAN14-B76.5,48221.143,20,1.0,76.214,75.1,68,32,1,-0.286,-1.4,-1.114,0.0,0.957,12.223,68.0,1.834,0.314,-318.232,-41.06,-68,0
2025-01-14 10:35:18.856579,b6def433-8b12-4ab9-9ba9-8fc6fc04d418,KXHIGHMIA-25JAN14-B76.5,48221.143,1,1.0,76.125,75.1,66,34,1,-0.375,-1.4,-1.025,0.0,1.312,16.767,66.0,2.516,0.43,-326.106,-39.037,-66,0
2025-01-14 10:35:18.856579,a23ff27c-1c1b-40ce-87b7-6af251f8e3d7,KXHIGHMIA-25JAN14-B76.5,48221.143,54,1.0,76.184,75.1,74,26,1,-0.316,-1.4,-1.084,0.0,1.181,15.09,74.0,2.265,0.387,-361.137,-47.04,-74,0
2025-01-14 10:35:18.856579,c1c636e8-b1a6-489a-aa1d-e245564f1858,KXHIGHMIA-25JAN14-B76.5,48221.143,29,1.0,76.115,75.1,71,29,1,-0.385,-1.4,-1.015,0.0,1.458,18.63,71.0,2.796,0.478,-360.211,-44.032,-71,0
2025-01-14 10:35:18.856579,9181b792-3920-4f12-a855-9a7ce4abafeb,KXHIGHMIA-25JAN14-B76.5,48221.143,43,1.0,76.206,75.1,73,27,1,-0.294,-1.4,-1.106,0.0,1.063,13.581,73.0,2.038,0.349,-349.782,-46.05,-73,0
2025-01-14 10:35:35.072350,a1b33c79-9c18-441c-9b6d-35dd0ec9c8fe,KXHIGHMIA-25JAN14-B74.5,48204.928,4,-1.0,75.96,75.1,23,77,0,1.46,0.6,-0.86,0.0,0.628,23.0,59.4,1.204,0.206,-314.329,-57.619,-77,1
2025-01-14 10:35:35.274524,3c34701a-b1cd-4285-a15a-7e3b49bb2ab8,KXHIGHMIA-25JAN14-B74.5,48204.725,20,-1.0,75.917,75.1,23,77,0,1.417,0.6,-0.817,0.0,0.565,23.0,53.46,1.083,0.185,-284.282,-57.5,-77,1
2025-01-14 10:35:35.671171,40e31233-5242-4f2a-bf10-0e2ab144958c,KXHIGHMIA-25JAN14-B78.5,48204.329,9,3.0,76.294,75.1,13,87,0,-2.206,-3.4,-1.194,0.0,0.508,20.7,48.114,13.0,0.167,-281.799,-1.963,13,0
2025-01-14 10:37:02.853254,fc6440d1-eb9c-40a4-a7e9-56203f0d538e,KXHIGHMIA-25JAN14-B76.5,48117.147,20,1.0,76.348,75.1,70,30,1,-0.152,-1.4,-1.248,0.0,0.458,18.63,70.0,11.7,0.15,-380.018,-42.867,-70,0
2025-01-14 10:37:02.853254,f65dd8ce-2d45-4134-8de0-4af140c2b715,KXHIGHMIA-25JAN14-B76.5,48117.147,7,1.0,76.362,75.1,72,28,1,-0.138,-1.4,-1.262,0.0,0.412,16.767,72.0,10.53,0.135,-379.347,-44.97,-72,0
2025-01-14 10:37:02.853254,7fcc691a-cd85-4a44-90d6-1e91d07af904,KXHIGHMIA-25JAN14-B76.5,48117.147,29,1.0,76.368,75.1,69,31,1,-0.132,-1.4,-1.268,0.0,0.371,15.09,69.0,9.477,0.122,-353.798,-41.977,-69,0
2025-01-14 10:37:14.741293,a09e490e-24f2-4363-96c1-942f18544593,KXHIGHMIA-25JAN14-B74.5,48105.259,6,-1.0,76.181,75.1,23,77,0,1.681,0.6,-1.081,0.0,0.334,23.0,62.1,8.529,0.109,-346.186,-57.381,-77,1
2025-01-14 10:37:14.894884,088df5b2-358e-41c7-a594-87943d31f4f8,KXHIGHMIA-25JAN14-B74.5,48105.105,20,-1.0,76.137,75.1,23,77,0,1.637,0.6,-1.037,0.0,0.3,23.0,55.89,7.676,0.098,-312.039,-57.321,-77,1
2025-01-14 10:37:15.329364,343dba60-3afe-4374-945d-f005b9a4ef59,KXHIGHMIA-25JAN14-B78.5,48104.671,9,3.0,76.307,75.1,13,87,0,-2.193,-3.4,-1.207,0.0,0.27,20.7,50.301,13.0,0.089,-292.58,-1.969,13,0
2025-01-14 10:41:10.594514,24cdcbfe-9161-4d57-a44b-66d44ab3f7c4,KXHIGHMIA-25JAN14-B74.5,47869.405,170,-1.0,76.209,75.1,23,77,0,1.709,0.6,-1.109,0.0,0.243,23.0,45.271,11.7,0.08,-272.951,-57.219,-77,1
2025-01-14 10:41:37.550424,a46e0af9-7876-49ea-949b-c7b50dc7104c,KXHIGHMIA-25JAN14-B76.5,47842.45,25,1.0,76.289,75.1,68,32,1,-0.211,-1.4,-1.189,0.0,0.219,20.7,68.0,10.53,0.072,-373.919,-40.816,-68,0
2025-01-14 10:41:44.213100,9a87867d-cb0b-40d4-a1a7-ac1225f093a0,KXHIGHMIA-25JAN14-B78.5,47835.787,1,3.0,76.372,75.1,13,87,0,-2.128,-3.4,-1.272,0.0,0.197,18.63,61.2,13.0,0.065,-339.122,-1.972,13,0
2025-01-14 10:42:23.733594,586970f0-5319-47cf-a270-f95c77bb3ca7,KXHIGHMIA-25JAN14-B74.5,47796.266,20,-1.0,76.155,75.1,25,75,1,1.655,0.6,-1.055,0.0,0.16,25.0,49.572,10.53,0.052,-298.315,54.726,75,1
2025-01-14 10:42:23.733594,c8e66f93-5c7a-479c-ab76-c3686fc5e3fb,KXHIGHMIA-25JAN14-B74.5,47796.266,16,-1.0,76.169,75.1,27,73,1,1.669,0.6,-1.069,0.0,0.177,27.0,55.08,11.7,0.058,-338.097,52.609,73,1
2025-01-14 10:42:35.708323,5045f93e-bdcb-4d42-8342-cc042e803b67,KXHIGHMIA-25JAN14-B78.5,47784.292,1,3.0,76.258,75.1,13,87,0,-2.242,-3.4,-1.158,0.0,0.144,22.5,44.615,13.0,0.047,-272.426,-1.979,13,0
2025-01-14 10:45:44.995191,b190f509-ef3c-41f9-8da0-d9f07346d257,KXHIGHMIA-25JAN14-B76.5,47595.005,3,1.0,76.322,75.1,66,34,1,-0.178,-1.4,-1.222,0.0,0.129,20.25,66.0,11.7,0.042,-365.811,-38.594,-66,0
2025-01-14 10:45:44.995191,7e30ed87-7b8c-4229-b9dd-fd7841254430,KXHIGHMIA-25JAN14-B76.5,47595.005,1,1.0,76.33,75.1,64,36,1,-0.17,-1.4,-1.23,0.0,0.116,18.225,64.0,10.53,0.038,-343.487,-36.648,-64,0
2025-01-14 10:45:54.914722,c81fb57a-e701-48b9-8894-9792bf1fe607,KXHIGHMIA-25JAN14-B78.5,47585.085,2,3.0,76.344,75.1,10,90,0,-2.156,-3.4,-1.244,0.0,0.105,16.403,57.6,10.0,0.034,-302.042,-4.981,10,0
2025-01-14 10:45:54.914722,43d52950-8572-44a5-ba23-d4fb6ef1b9ca,KXHIGHMIA-25JAN14-B78.5,47585.085,1,3.0,76.372,75.1,10,90,0,-2.128,-3.4,-1.272,0.0,0.094,14.762,51.84,10.0,0.031,-267.11,-4.979,10,0
2025-01-14 10:49:34.371595,1a9df676-20d6-4a3b-af27-5d29f0040ba8,KXHIGHMIA-25JAN14-B78.5,47365.628,7,3.0,76.372,75.1,9,91,0,-2.128,-3.4,-1.272,0.0,0.085,13.286,46.656,9.0,0.028,-233.123,-5.988,9,0
2025-01-14 10:50:33.775681,9481df38-7007-4913-a4a4-d6edf800cfd1,KXHIGHMIA-25JAN14-B76.5,47306.224,7,1.0,76.403,75.1,62,38,0,-0.097,-1.4,-1.303,0.0,0.076,11.957,62.0,8.1,0.025,-302.208,34.578,62,0
2025-01-14 10:52:56.016384,47cd690c-145d-46ea-9a07-befbe60fd620,KXHIGHMIA-25JAN14-B76.5,47163.984,2,1.0,76.471,75.1,80,20,1,-0.029,-1.4,-1.371,0.0,0.024,3.752,80.0,2.542,0.008,-357.768,-52.571,-80,0
2025-01-14 10:52:56.016384,6266dfeb-7396-4578-9e55-82f140da76bf,KXHIGHMIA-25JAN14-B76.5,47163.984,20,1.0,76.463,75.1,67,33,1,-0.037,-1.4,-1.363,0.0,0.027,4.169,67.0,2.824,0.009,-290.462,-39.569,-67,0
2025-01-14 10:52:56.016384,679f0f77-afd1-4542-bcef-57c4440db3b0,KXHIGHMIA-25JAN14-B76.5,47163.984,39,1.0,76.462,75.1,73,27,1,-0.038,-1.4,-1.362,0.0,0.03,4.633,73.0,3.138,0.01,-323.745,-45.37,-73,0
2025-01-14 10:52:56.016384,7575c88a-4138-44a8-800c-d6cc8a7b6de5,KXHIGHMIA-25JAN14-B76.5,47163.984,10,1.0,76.463,75.1,85,15,1,-0.037,-1.4,-1.363,0.0,0.033,5.147,85.0,3.487,0.011,-390.253,-57.368,-85,0
2025-01-14 10:52:56.016384,79a01586-b011-4a44-bd3d-6c4bb8e693f7,KXHIGHMIA-25JAN14-B76.5,47163.984,100,1.0,76.46,75.1,85,15,1,-0.04,-1.4,-1.36,0.0,0.036,5.719,85.0,3.874,0.012,-392.672,-57.365,-85,0
2025-01-14 10:52:56.016384,df7f68df-e99a-4f6a-901f-90bd7d7fea53,KXHIGHMIA-25JAN14-B76.5,47163.984,200,1.0,76.446,75.1,75,25,1,-0.054,-1.4,-1.346,0.0,0.045,7.061,75.0,4.783,0.015,-344.896,-47.206,-75,0
2025-01-14 10:52:56.016384,e9dca562-641b-4969-bde5-1e6f0f396332,KXHIGHMIA-25JAN14-B76.5,47163.984,494,1.0,76.441,75.1,75,25,1,-0.059,-1.4,-1.341,0.0,0.05,7.845,75.0,5.314,0.016,-348.632,-47.162,-75,0
2025-01-14 10:52:56.016384,eb1cd35e-4828-406a-9e50-aa9b1ee59b5e,KXHIGHMIA-25JAN14-B76.5,47163.984,366,1.0,76.435,75.1,74,26,1,-0.065,-1.4,-1.335,0.0,0.056,8.717,74.0,5.905,0.018,-347.627,-46.153,-74,0
2025-01-14 10:52:56.016384,f0958aba-e026-47a1-b6dc-ba45d956bbbc,KXHIGHMIA-25JAN14-B76.5,47163.984,8,1.0,76.432,75.1,78,22,1,-0.068,-1.4,-1.332,0.0,0.062,9.686,78.0,6.561,0.02,-373.907,-50.146,-78,0
2025-01-14 10:52:56.016384,fd96765e-b9a3-44b0-bdd7-9a03287b42f4,KXHIGHMIA-25JAN14-B76.5,47163.984,20,1.0,76.418,75.1,69,31,1,-0.082,-1.4,-1.318,0.0,0.069,10.762,69.0,7.29,0.023,-331.935,-41.109,-69,0
2025-01-14 10:52:56.016384,c80f3d2c-89bd-48bc-915d-95a35809b927,KXHIGHMIA-25JAN14-B76.5,47163.984,46,1.0,76.451,75.1,75,25,1,-0.049,-1.4,-1.351,0.0,0.041,6.355,75.0,4.305,0.013,-341.659,-47.274,-75,0
2025-01-14 10:54:44.252465,d4cea60a-d3aa-4b7a-879f-b962d9153d39,KXHIGHMIA-25JAN14-B74.5,47055.748,15,-1.0,75.954,75.1,31,69,1,1.454,0.6,-0.854,0.0,0.022,31.0,72.0,2.288,0.007,-416.149,48.488,69,1
2025-01-14 10:55:38.110956,a5702f73-c5e0-4f55-810a-df0ba403ef6e,KXHIGHMIA-25JAN14-B76.5,47001.889,1,1.0,76.025,75.1,79,21,1,-0.475,-1.4,-0.925,0.0,0.019,27.9,79.0,2.059,0.006,-439.433,-51.069,-79,0
2025-01-14 10:55:46.168797,e5d2ce92-6fc0-403a-bbf9-320aa07f97f1,KXHIGHMIA-25JAN14-B74.5,46993.831,15,-1.0,75.953,75.1,30,70,0,1.453,0.6,-0.853,0.0,0.017,30.0,71.1,1.853,0.006,-406.255,-49.363,-70,1
2025-01-14 10:55:57.708843,83fa1e6a-9c53-44c1-89c9-274dd30557c5,KXHIGHMIA-25JAN14-B74.5,46982.291,5,-1.0,75.922,75.1,29,71,0,1.422,0.6,-0.822,0.0,0.016,29.0,63.99,1.668,0.005,-364.529,-50.313,-71,1
2025-01-14 10:58:07.520262,01ec12c0-9d66-4553-9884-7a1747ef2ae5,KXHIGHMIA-25JAN14-T79,46852.48,64,3.5,75.958,75.1,1,99,1,-3.042,-3.9,-0.858,0.0,0.014,26.1,57.591,1.501,1.0,-319.123,1.595,-1,0
2025-01-14 10:58:38.242306,48a155fb-14b3-421a-9a5c-dfe470ff5b21,KXHIGHMIA-25JAN14-B74.5,46821.758,15,-1.0,75.776,75.1,28,72,0,1.276,0.6,-0.676,0.0,0.01,28.0,41.984,1.094,0.729,-250.028,-49.988,-72,1
2025-01-14 10:58:38.242306,24d06779-596e-4126-937f-6c7e904d095f,KXHIGHMIA-25JAN14-B74.5,46821.758,10,-1.0,75.705,75.1,29,71,0,1.205,0.6,-0.605,0.0,0.009,29.0,37.785,0.985,0.656,-234.55,-49.606,-71,1
2025-01-14 10:58:38.242306,8989ad2e-edcf-4964-8050-85a543463536,KXHIGHMIA-25JAN14-B74.5,46821.758,15,-1.0,75.895,75.1,27,73,0,1.395,0.6,-0.795,0.0,0.013,27.0,51.832,1.351,0.9,-293.876,-50.249,-73,1
2025-01-14 10:58:38.242306,72781b7e-b086-4ebe-8597-653f9b1b7b5c,KXHIGHMIA-25JAN14-B74.5,46821.758,15,-1.0,75.863,75.1,26,74,0,1.363,0.6,-0.763,0.0,0.011,26.0,46.649,1.216,0.81,-263.981,-51.616,-74,1
2025-01-14 10:58:43.376395,aca4adba-0da8-47fb-8df1-efe006f67080,KXHIGHMIA-25JAN14-B72.5,46816.624,300,-3.0,75.654,75.1,1,99,0,3.154,2.6,-0.554,0.0,1.0,26.1,34.007,0.886,0.59,-204.646,-1.861,1,0
2025-01-14 11:02:32.720881,b95e8a51-1691-41ce-8c25-0f76663fb2cc,KXHIGHMIA-25JAN14-B74.5,46587.279,3,-1.0,75.624,75.1,25,75,0,1.124,0.6,-0.524,0.0,0.9,25.0,30.606,0.798,0.531,-184.571,-51.887,-75,1
2025-01-14 11:03:07.619925,5a1cab6a-2fb1-4044-a8ff-55a56cf5bd00,KXHIGHMIA-25JAN14-B78.5,46552.38,20,3.0,76.019,75.1,9,91,0,-2.481,-3.4,-0.919,0.0,0.81,22.5,27.546,9.0,0.478,-180.643,-5.989,9,0
2025-01-14 11:05:55.710925,f3644cfa-1082-449b-bb87-23162a0f8db8,KXHIGHMIA-25JAN14-B76.5,46384.289,11,1.0,76.247,75.1,74,26,1,-0.253,-1.4,-1.147,0.0,0.729,20.25,74.0,8.1,0.43,-395.767,-45.91,-74,0
2025-01-14 11:05:55.710925,555a5ca2-7273-4e0c-9169-29966b3ae505,KXHIGHMIA-25JAN14-B76.5,46384.289,34,1.0,76.268,75.1,75,25,1,-0.232,-1.4,-1.168,0.0,0.656,18.225,75.0,7.29,0.387,-390.553,-46.924,-75,0
2025-01-14 11:05:55.710925,380fd753-b6e4-4444-b23e-55d53222aae4,KXHIGHMIA-25JAN14-B76.5,46384.289,20,1.0,76.284,75.1,74,26,1,-0.216,-1.4,-1.184,0.0,0.59,16.403,74.0,6.561,0.349,-376.049,-45.952,-74,0
2025-01-14 11:08:23.836865,437681a5-bb50-474a-a074-f6fe794753fa,KXHIGHMIA-25JAN14-B74.5,46236.163,16,-1.0,76.036,75.1,29,71,1,1.536,0.6,-0.936,0.0,0.531,29.0,66.6,5.905,0.314,-387.071,47.746,71,1
2025-01-14 11:11:20.519676,a2072175-a769-4042-b843-375f3e2d0f7b,KXHIGHMIA-25JAN14-B78.5,46059.48,13,3.0,76.248,75.1,14,86,1,-2.252,-3.4,-1.148,0.0,0.478,26.1,59.94,14.0,0.282,-366.729,1.004,-14,0
2025-01-14 11:11:40.550019,e389bc3b-01ec-46cc-a229-0c807a4ca66c,KXHIGHMIA-25JAN14-T79,46039.45,72,3.5,76.3,75.1,2,98,1,-2.7,-3.9,-1.2,0.0,0.43,23.49,53.946,12.6,2.0,-322.232,0.698,-2,0
2025-01-14 11:11:40.550019,a903c808-fbd8-47cc-99ba-da525ff8a357,KXHIGHMIA-25JAN14-T79,46039.45,136,3.5,76.274,75.1,1,99,1,-2.726,-3.9,-1.174,0.0,0.387,21.141,48.551,11.34,1.0,-280.182,1.619,-1,0
2025-01-14 11:12:41.442298,a3ae1fad-b886-4f50-90a0-466e9a14d4be,KXHIGHMIA-25JAN14-B76.5,45978.558,11,1.0,76.342,75.1,76,24,1,-0.158,-1.4,-1.242,0.0,0.349,19.027,76.0,10.206,0.9,-408.432,-47.883,-76,0
2025-01-14 11:13:40.901951,0dae02f1-d76d-4570-954c-31ff98b4b144,KXHIGHMIA-25JAN14-B72.5,45919.098,56,-3.0,76.225,75.1,3,97,1,3.725,2.6,-1.125,0.0,3.0,15.412,61.56,8.267,0.729,-316.308,-0.187,-3,0
2025-01-14 11:13:40.901951,6b90d6c4-4528-4244-9b5a-2ff7e1c91768,KXHIGHMIA-25JAN14-B72.5,45919.098,56,-3.0,76.276,75.1,2,98,1,3.776,2.6,-1.176,0.0,2.0,17.124,68.4,9.185,0.81,-359.242,0.774,-2,0
2025-01-14 11:15:23.356716,1975e062-76b1-4477-bdc8-826d159ab78b,KXHIGHMIA-25JAN14-B78.5,45816.643,56,3.0,76.321,75.1,8,92,0,-2.179,-3.4,-1.221,0.0,1.968,10.112,40.39,8.0,0.478,-190.394,-7.005,8,0
2025-01-14 11:15:23.356716,34bf2507-4eac-41e8-b455-cf2b24a5df44,KXHIGHMIA-25JAN14-B78.5,45816.643,1,3.0,76.292,75.1,8,92,0,-2.208,-3.4,-1.192,0.0,2.187,11.235,44.877,8.0,0.531,-215.899,-7.015,8,0
2025-01-14 11:15:23.356716,5ee84079-2b16-43d3-8555-53c9d8a3dbbc,KXHIGHMIA-25JAN14-B78.5,45816.643,28,3.0,76.235,75.1,7,93,0,-2.265,-3.4,-1.135,0.0,2.43,12.484,49.864,7.0,0.59,-241.913,-8.045,7,0
2025-01-14 11:15:23.356716,c1bd2f1e-765e-4119-92ae-6cf750a01802,KXHIGHMIA-25JAN14-B78.5,45816.643,15,3.0,76.241,75.1,8,92,0,-2.259,-3.4,-1.141,0.0,2.7,13.871,55.404,8.0,0.656,-277.945,-7.046,8,0
2025-01-14 11:15:35.211102,680f0770-6679-4969-8218-96553e2bd9c9,KXHIGHMIA-25JAN14-B78.5,45804.789,5,3.0,76.313,75.1,7,93,0,-2.187,-3.4,-1.213,0.0,1.771,9.101,36.351,7.0,0.43,-164.984,-8.078,7,0
2025-01-14 11:15:35.211102,31fb1803-deb0-411f-b04c-83190d359422,KXHIGHMIA-25JAN14-B78.5,45804.789,8,3.0,76.344,75.1,7,93,0,-2.156,-3.4,-1.244,0.0,1.594,8.19,32.716,7.0,0.387,-145.329,-8.077,7,0
2025-01-14 11:16:12.388788,ca21f58a-d8ed-4bfc-b874-9f9b639b5416,KXHIGHMIA-25JAN14-B78.5,45767.611,14,3.0,76.587,75.1,12,88,1,-1.913,-3.4,-1.487,0.0,1.435,7.371,29.444,12.0,0.349,-144.289,3.085,-12,0
2025-01-14 11:16:12.388788,01b15256-8f6b-4bc1-8bca-a70e54f122fc,KXHIGHMIA-25JAN14-B78.5,45767.611,1,3.0,76.636,75.1,12,88,1,-1.864,-3.4,-1.536,0.0,1.291,6.634,26.5,12.0,0.314,-129.182,3.078,-12,0
2025-01-14 11:18:12.974437,d19f5d25-4fcc-4697-a0ef-6de8ab4b594b,KXHIGHMIA-25JAN14-B72.5,45647.026,50,-3.0,76.041,75.1,6,94,1,3.541,2.6,-0.941,0.0,6.0,4.353,17.386,7.873,0.206,-82.723,-3.226,-6,0
2025-01-14 11:18:12.974437,d5bcd894-58a6-470a-9cf1-d15a6e2a3cf1,KXHIGHMIA-25JAN14-B72.5,45647.026,144,-3.0,76.4,75.1,3,97,1,3.9,2.6,-1.3,0.0,3.0,4.836,19.318,8.748,0.229,-86.756,-0.225,-3,0
2025-01-14 11:18:12.974437,feeffc6c-4db1-48e6-a4a7-d875ec8e5ac1,KXHIGHMIA-25JAN14-B72.5,45647.026,50,-3.0,76.463,75.1,3,97,1,3.963,2.6,-1.363,0.0,3.0,5.971,23.85,10.8,0.282,-114.952,-0.22,-3,0
2025-01-14 11:18:12.974437,eb72f1af-c286-4ae1-8a49-8410919c5365,KXHIGHMIA-25JAN14-B72.5,45647.026,182,-3.0,75.994,75.1,8,92,1,3.494,2.6,-0.894,0.0,8.0,5.374,21.465,9.72,0.254,-113.248,-5.22,-8,0
2025-01-14 11:20:47.571939,cb62758c-087b-4868-8be8-eb0a3a5ba999,KXHIGHMIA-25JAN14-B74.5,45492.428,4,-1.0,75.367,75.1,29,71,1,0.867,0.6,-0.267,0.0,5.4,29.0,15.648,7.086,0.185,-163.357,46.939,71,1
2025-01-14 11:20:47.571939,9869c94d-7029-4c69-8878-8c81a3572542,KXHIGHMIA-25JAN14-B74.5,45492.428,1,-1.0,75.278,75.1,32,68,1,0.778,0.6,-0.178,0.0,4.86,32.0,14.083,6.377,0.167,-167.353,44.281,68,1
2025-01-14 11:20:47.571939,0c5dd068-5d2d-4adf-80a0-1712bf4f0b91,KXHIGHMIA-25JAN14-B74.5,45492.428,10,-1.0,75.232,75.1,32,68,1,0.732,0.6,-0.132,0.0,4.374,32.0,12.675,5.74,0.15,-159.291,44.634,68,1
2025-01-14 11:36:27.638022,c285984a-1648-4ba8-81e5-e36f70377bb1,KXHIGHMIA-25JAN14-B76.5,44552.362,50,1.0,75.92,75.1,70,30,1,-0.58,-1.4,-0.82,0.0,3.937,28.8,70.0,5.166,0.135,-407.779,-41.846,-70,0
2025-01-14 11:36:30.742018,18e8b048-9f14-4f60-8fcb-39c952cebbe1,KXHIGHMIA-25JAN14-B74.5,44549.258,74,-1.0,75.836,75.1,32,68,1,1.336,0.6,-0.736,0.0,3.543,32.0,63.0,4.649,0.122,-383.291,43.932,68,1
2025-01-14 11:36:52.744440,7ac4823c-988d-4093-b0cd-be63fa7aeb97,KXHIGHMIA-25JAN14-B74.5,44527.256,18,-1.0,75.635,75.1,33,67,1,1.135,0.6,-0.535,0.0,2.325,33.0,41.334,3.05,0.08,-274.379,42.594,67,1
2025-01-14 11:36:52.744440,8574c3b9-7b75-4422-82e5-ae8d7aefd3f3,KXHIGHMIA-25JAN14-B74.5,44527.256,1,-1.0,75.684,75.1,33,67,1,1.184,0.6,-0.584,0.0,2.583,33.0,45.927,3.389,0.089,-297.523,40.829,67,1
2025-01-14 11:36:52.744440,bb3cc54e-6cf5-4fbc-955c-eddc0e14cf53,KXHIGHMIA-25JAN14-B74.5,44527.256,50,-1.0,75.779,75.1,33,67,1,1.279,0.6,-0.679,0.0,3.189,33.0,56.7,4.184,0.109,-353.771,40.391,67,1
2025-01-14 11:36:52.744440,b320e0f8-037a-47a9-9d44-7567a634f8fc,KXHIGHMIA-25JAN14-B74.5,44527.256,1,-1.0,75.732,75.1,33,67,1,1.232,0.6,-0.632,0.0,2.87,33.0,51.03,3.766,0.098,-323.846,40.512,67,1
2025-01-14 11:36:53.715933,aae8cc52-375e-42fc-b320-810480a6e5e6,KXHIGHMIA-25JAN14-B74.5,44526.284,50,-1.0,75.557,75.1,35,65,1,1.057,0.6,-0.457,0.0,2.092,35.0,37.201,2.745,0.072,-263.095,38.148,65,1
2025-01-14 11:36:53.715933,99868f22-3480-42c2-86e2-c10f254a9be4,KXHIGHMIA-25JAN14-B74.5,44526.284,50,-1.0,75.506,75.1,35,65,1,1.006,0.6,-0.406,0.0,1.883,35.0,33.481,2.471,0.065,-245.236,38.38,65,1
2025-01-14 11:36:57.760075,f006ccb0-6f9c-4ff8-bed0-f98d05c84a40,KXHIGHMIA-25JAN14-B78.5,44522.24,1,3.0,75.71,75.1,7,93,0,-2.79,-3.4,-0.61,0.0,1.695,31.5,30.133,7.0,0.058,-225.645,-8.081,7,0
2025-01-14 11:37:00.992948,d71c6da6-121a-49a5-bcdd-6af21b5df17e,KXHIGHMIA-25JAN14-B78.5,44519.007,40,3.0,75.696,75.1,6,94,0,-2.804,-3.4,-0.596,0.0,1.525,28.35,27.119,6.0,0.052,-195.561,-9.077,6,0
2025-01-14 11:37:00.992948,36f6d45e-4277-4bbf-8c7e-e49262002fde,KXHIGHMIA-25JAN14-B78.5,44519.007,32,3.0,75.726,75.1,6,94,0,-2.774,-3.4,-0.626,0.0,1.373,25.515,24.407,6.0,0.047,-171.67,-9.077,6,0
2025-01-14 11:37:21.007353,a9c69032-e993-44b9-aea4-a236c00e75f2,KXHIGHMIA-25JAN14-B76.5,44498.993,1,1.0,76.064,75.1,62,38,0,-0.436,-1.4,-0.964,0.0,1.235,22.964,62.0,5.4,0.042,-337.081,33.833,62,0
2025-01-14 11:37:21.007353,30f44947-6ba6-42c4-bd3f-baf769c17c64,KXHIGHMIA-25JAN14-B76.5,44498.993,45,1.0,76.094,75.1,62,38,0,-0.406,-1.4,-0.994,0.0,1.112,20.667,62.0,4.86,0.038,-326.151,33.835,62,0
2025-01-14 11:37:46.483445,f8a06290-3eb2-497d-a4a3-327519493e3b,KXHIGHMIA-25JAN14-B78.5,44473.517,50,3.0,76.052,75.1,3,97,0,-2.448,-3.4,-0.952,0.0,1.001,18.6,55.8,3.0,0.034,-281.968,-12.073,3,0
2025-01-14 11:37:46.483445,284b535a-8f28-454c-979b-22d5f0b186ef,KXHIGHMIA-25JAN14-B78.5,44473.517,50,3.0,76.063,75.1,3,97,0,-2.437,-3.4,-0.963,0.0,0.901,16.74,50.22,3.0,0.031,-246.948,-12.076,3,0
2025-01-14 11:37:46.483445,222b5f8c-77a5-4005-b51d-3b2ecc3d0aa7,KXHIGHMIA-25JAN14-B78.5,44473.517,14,3.0,76.036,75.1,2,98,0,-2.464,-3.4,-0.936,0.0,0.811,15.066,45.198,2.0,0.028,-214.235,-13.077,2,0
2025-01-14 11:37:46.483445,08e96a2b-6799-4389-9b69-c4df0294fa9d,KXHIGHMIA-25JAN14-B78.5,44473.517,400,3.0,76.167,75.1,5,95,0,-2.333,-3.4,-1.067,0.0,0.729,13.56,40.678,5.0,0.025,-193.817,-10.077,5,0
2025-01-14 11:41:10.778050,0fa5d5b4-d269-430f-8b7b-00af2744d445,KXHIGHMIA-25JAN14-B72.5,44269.222,50,-3.0,75.669,75.1,6,94,1,3.169,2.6,-0.569,0.0,6.0,8.007,24.02,2.952,0.015,-106.899,-3.219,-6,0
2025-01-14 11:41:10.778050,1eab88c4-af39-4c8f-81ee-80785ea62ad2,KXHIGHMIA-25JAN14-B72.5,44269.222,16,-3.0,75.514,75.1,9,91,1,3.014,2.6,-0.414,0.0,9.0,8.897,26.689,3.28,0.016,-130.703,-6.298,-9,0
2025-01-14 11:41:10.778050,d44a3abe-d85e-4a18-9239-fd7dce775e1b,KXHIGHMIA-25JAN14-B72.5,44269.222,108,-3.0,75.837,75.1,6,94,1,3.337,2.6,-0.737,0.0,6.0,12.204,36.61,4.5,0.023,-179.774,-3.049,-6,0
2025-01-14 11:41:10.778050,85cd8237-14a5-4a6b-a1ef-363165ccda02,KXHIGHMIA-25JAN14-B72.5,44269.222,305,-3.0,75.8,75.1,6,94,1,3.3,2.6,-0.7,0.0,6.0,10.983,32.949,4.05,0.02,-157.814,-3.114,-6,0
2025-01-14 11:41:10.778050,77c04cc2-e78d-4fa5-bd5d-a1f85f277949,KXHIGHMIA-25JAN14-B72.5,44269.222,200,-3.0,75.572,75.1,9,91,1,3.072,2.6,-0.472,0.0,9.0,9.885,29.654,3.645,0.018,-147.58,-6.297,-9,0
2025-01-14 11:47:46.069964,39b45cd2-304c-41a0-8651-32c2cc029c0a,KXHIGHMIA-25JAN14-B74.5,43873.93,2,-1.0,75.167,75.1,35,65,1,0.667,0.6,-0.067,0.0,5.4,35.0,21.618,2.657,0.013,-202.527,37.91,65,1
2025-01-14 11:53:37.777129,e29549dc-52a3-405e-8ac5-01f0d35f9774,KXHIGHMIA-25JAN14-B76.5,43522.223,13,1.0,75.793,75.1,71,29,1,-0.707,-1.4,-0.693,0.0,4.86,31.5,71.0,2.391,0.012,-421.041,-42.826,-71,0
2025-01-14 11:56:19.968564,7abb835c-61ad-4e39-83cd-d37aa4cd863b,KXHIGHMIA-25JAN14-B72.5,43360.031,950,-3.0,75.909,75.1,1,99,1,3.409,2.6,-0.809,0.0,1.0,28.35,63.9,2.152,0.011,-362.074,1.972,-1,0
2025-01-14 11:56:41.341735,fa8272c5-69bb-4812-bc9e-7d45314f0d9e,KXHIGHMIA-25JAN14-B76.5,43338.658,101,1.0,75.984,75.1,70,30,1,-0.516,-1.4,-0.884,0.0,0.9,25.515,70.0,1.937,0.01,-381.186,-41.624,-70,0
2025-01-14 11:56:41.341735,bdb72547-a6ca-4ff8-ab9d-42f6125c7244,KXHIGHMIA-25JAN14-B76.5,43338.658,38,1.0,76.027,75.1,71,29,1,-0.473,-1.4,-0.927,0.0,0.81,22.964,71.0,1.743,0.009,-375.373,-42.649,-71,0
2025-01-14 11:56:46.108844,26f25f74-9ee7-40e9-961f-8b754e92a201,KXHIGHMIA-25JAN14-B76.5,43333.891,98,1.0,76.063,75.1,71,29,1,-0.437,-1.4,-0.963,0.0,0.729,20.667,71.0,1.569,0.008,-365.68,-42.495,-71,0
2025-01-14 11:57:18.640286,5e704dc2-ac9e-487f-9eea-64db327cfca4,KXHIGHMIA-25JAN14-B74.5,43301.36,100,-1.0,75.877,75.1,30,70,1,1.377,0.6,-0.777,0.0,0.656,30.0,63.9,1.412,0.007,-367.864,42.74,70,1
2025-01-14 11:58:13.834840,dba657e5-a8da-4ca2-acf8-8b6914294705,KXHIGHMIA-25JAN14-B74.5,43246.165,35,-1.0,75.774,75.1,34,66,1,1.274,0.6,-0.674,0.0,0.59,34.0,57.51,1.271,0.006,-352.886,37.75,66,1
2025-01-14 11:58:13.834840,a354fdfb-0d71-4597-a77e-38bdf2754831,KXHIGHMIA-25JAN14-B74.5,43246.165,45,-1.0,75.768,75.1,31,69,1,1.268,0.6,-0.668,0.0,0.531,31.0,51.759,1.144,0.006,-310.514,40.975,69,1
2025-01-14 11:58:13.834840,762442e7-11dc-4118-81aa-52a1d2fe0c06,KXHIGHMIA-25JAN14-B74.5,43246.165,48,-1.0,75.66,75.1,35,65,1,1.16,0.6,-0.56,0.0,0.478,35.0,46.583,1.029,0.005,-303.024,37.203,65,1
2025-01-14 11:58:13.834840,35305d94-4919-4752-8fd1-c8b94d9a041f,KXHIGHMIA-25JAN14-B74.5,43246.165,2,-1.0,75.683,75.1,30,70,1,1.183,0.6,-0.583,0.0,0.43,30.0,41.925,0.927,0.005,-258.203,42.212,70,1
2025-01-14 11:58:56.728027,92548ea3-aad5-4425-b3fc-27a9e30999d5,KXHIGHMIA-25JAN14-B78.5,43203.272,7,3.0,75.851,75.1,5,95,1,-2.649,-3.4,-0.751,0.0,0.387,27.0,37.732,5.0,0.004,-233.632,10.073,-5,0
2025-01-14 12:01:27.599283,194f3d0e-5ba4-4cf9-9b87-8fcce5fac19e,KXHIGHMIA-25JAN14-B76.5,43052.401,86,1.0,76.125,75.1,72,28,1,-0.375,-1.4,-1.025,0.0,0.314,21.87,72.0,4.05,0.003,-380.673,-43.491,-72,0
2025-01-14 12:01:27.599283,8e1bb8a5-a019-4391-9e29-458ee4158c18,KXHIGHMIA-25JAN14-B76.5,43052.401,50,1.0,76.091,75.1,71,29,1,-0.409,-1.4,-0.991,0.0,0.349,24.3,71.0,4.5,0.004,-386.559,-42.411,-71,0
2025-01-14 12:02:17.320725,9c87711b-a34b-404d-95a2-0b700e5a14d6,KXHIGHMIA-25JAN14-B74.5,43002.679,20,-1.0,76.016,75.1,26,74,0,1.516,0.6,-0.916,0.0,0.282,26.0,64.8,3.645,0.003,-359.351,-45.656,-74,1
2025-01-14 12:02:17.320725,516bc499-aefe-4681-99d8-8a1911790b47,KXHIGHMIA-25JAN14-B74.5,43002.679,50,-1.0,76.006,75.1,24,76,0,1.506,0.6,-0.906,0.0,0.254,24.0,58.32,3.28,0.003,-316.932,-47.661,-76,1
2025-01-14 12:02:17.320725,056dafd8-dfa1-4b3b-9282-779427f4757b,KXHIGHMIA-25JAN14-B74.5,43002.679,262,-1.0,75.979,75.1,23,77,0,1.479,0.6,-0.879,0.0,0.229,23.0,52.488,2.952,0.002,-282.844,-48.665,-77,1
2025-01-14 12:02:45.791292,f4baf5b3-1227-42f0-8a6c-3fce25855d7d,KXHIGHMIA-25JAN14-B74.5,42974.209,50,-1.0,75.894,75.1,25,75,0,1.394,0.6,-0.794,0.0,0.206,25.0,47.239,2.657,0.002,-264.847,-46.422,-75,1
2025-01-14 12:02:47.221521,148e62b1-5ce2-40b9-aa6b-78b482e53da2,KXHIGHMIA-25JAN14-B74.5,42972.778,1,-1.0,75.844,75.1,25,75,0,1.344,0.6,-0.744,0.0,0.185,25.0,42.515,2.391,0.002,-241.659,-46.073,-75,1
2025-01-14 12:02:49.295636,85775ca4-2ece-4851-8b96-71fb4f207413,KXHIGHMIA-25JAN14-B74.5,42970.704,50,-1.0,75.793,75.1,25,75,0,1.293,0.6,-0.693,0.0,0.167,25.0,38.264,2.152,0.002,-221.264,-46.026,-75,1
2025-01-14 12:03:32.858486,d6c9e428-e1a0-46c7-a9d1-bd4a61ec7d89,KXHIGHMIA-25JAN14-B78.5,42927.142,13,3.0,75.927,75.1,5,95,1,-2.573,-3.4,-0.827,0.0,0.15,22.5,34.437,5.0,0.002,-199.685,10.088,-5,0
2025-01-14 12:03:32.858486,b0bc0912-9d4a-4333-b573-28aecc93c590,KXHIGHMIA-25JAN14-B78.5,42927.142,8,3.0,76.118,75.1,9,91,1,-2.382,-3.4,-1.018,0.0,0.135,20.25,30.994,9.0,0.001,-186.836,6.088,-9,0
2025-01-14 12:03:32.858486,ac2342ed-34ba-4f31-83b0-bc9e3536afd1,KXHIGHMIA-25JAN14-B78.5,42927.142,238,3.0,76.023,75.1,6,94,1,-2.477,-3.4,-0.923,0.0,0.122,18.225,27.894,6.0,0.001,-156.233,9.087,-6,0
2025-01-14 12:03:32.858486,3cd74fff-1d7e-4422-b388-42cc122d0001,KXHIGHMIA-25JAN14-B78.5,42927.142,28,3.0,76.054,75.1,6,94,1,-2.446,-3.4,-0.954,0.0,0.109,16.403,25.105,6.0,0.001,-137.3,9.087,-6,0
2025-01-14 12:03:32.858486,29e242d6-3bb4-4adc-8757-9d974e87a467,KXHIGHMIA-25JAN14-B78.5,42927.142,101,3.0,76.088,75.1,6,94,1,-2.412,-3.4,-0.988,0.0,0.098,14.762,22.594,6.0,0.001,-120.699,9.086,-6,0
2025-01-14 12:03:44.939177,1376f4fd-9047-4a84-b4bc-3ea5bd556d4d,KXHIGHMIA-25JAN14-B74.5,42915.061,50,-1.0,75.746,75.1,24,76,0,1.246,0.6,-0.646,0.0,0.089,24.0,20.335,5.4,0.001,-146.414,-47.022,-76,1
2025-01-14 12:05:47.590949,3f5b72f6-5bde-43bd-aaca-8794f4b4bb02,KXHIGHMIA-25JAN14-B76.5,42792.409,50,1.0,76.186,75.1,73,27,1,-0.314,-1.4,-1.086,0.0,0.072,19.44,73.0,4.374,0.001,-377.148,-44.407,-73,0
2025-01-14 12:05:47.590949,59a95620-7e88-4a29-9c1c-b455517ef17a,KXHIGHMIA-25JAN14-B76.5,42792.409,34,1.0,76.16,75.1,73,27,1,-0.34,-1.4,-1.06,0.0,0.08,21.6,73.0,4.86,0.001,-387.05,-44.351,-73,0
2025-01-14 12:05:58.283501,b0b38f67-63e0-411a-b710-b2ef84e0a3db,KXHIGHMIA-25JAN14-B76.5,42781.716,50,1.0,76.213,75.1,74,26,0,-0.287,-1.4,-1.113,0.0,0.065,17.496,74.0,3.937,0.001,-373.786,45.349,74,0
2025-01-14 12:06:05.302695,1c7ce726-07b3-4060-8dfb-03ba511c59c2,KXHIGHMIA-25JAN14-B76.5,42774.697,50,1.0,76.236,75.1,74,26,0,-0.264,-1.4,-1.136,0.0,0.058,15.746,74.0,3.543,0.001,-366.219,45.312,74,0
2025-01-14 12:06:11.560241,c5b0db96-e68d-42fb-9dad-6a1f41124f85,KXHIGHMIA-25JAN14-B76.5,42768.44,16,1.0,76.257,75.1,74,26,0,-0.243,-1.4,-1.157,0.0,0.052,14.172,74.0,3.189,0.001,-359.613,45.303,74,0
2025-01-14 12:06:30.393807,e8bde3ff-789b-4a2f-82d6-a4159a174aea,KXHIGHMIA-25JAN14-B74.5,42749.606,17,-1.0,75.983,75.1,28,72,1,1.483,0.6,-0.883,0.0,0.047,28.0,66.6,2.87,0.001,-375.813,43.002,72,1
2025-01-14 12:07:43.690840,cbca02c0-793d-4382-9603-bea0f2744234,KXHIGHMIA-25JAN14-B76.5,42676.309,12,1.0,76.063,75.1,76,24,1,-0.437,-1.4,-0.963,0.0,0.042,25.2,76.0,2.583,0.0,-412.765,-47.238,-76,0
2025-01-14 12:10:07.699199,6f77bc6e-cfe2-417c-8d87-7487474c4752,KXHIGHMIA-25JAN14-B76.5,42532.301,30,1.0,76.087,75.1,74,26,1,-0.413,-1.4,-0.987,0.0,0.038,22.68,74.0,2.325,0.0,-391.129,-45.015,-74,0
2025-01-14 12:10:11.170769,6c78647e-f01e-4bf8-bfbb-16b5399f9a38,KXHIGHMIA-25JAN14-B76.5,42528.829,5,1.0,76.119,75.1,74,26,1,-0.381,-1.4,-1.019,0.0,0.034,20.412,74.0,2.092,0.0,-381.491,-44.959,-74,0
2025-01-14 12:12:29.566904,6a1b4f6e-5340-4b3e-98b3-dfdf1bd16082,KXHIGHMIA-25JAN14-B78.5,42390.433,5,3.0,76.149,75.1,3,97,0,-2.351,-3.4,-1.049,0.0,0.031,18.371,66.6,3.0,0.0,-336.292,-12.095,3,0
2025-01-14 12:12:55.486980,5a1f7e71-33b5-4c87-91d6-cf4ad253d8d0,KXHIGHMIA-25JAN14-B74.5,42364.513,20,-1.0,75.99,75.1,25,75,0,1.49,0.6,-0.89,0.0,0.028,25.0,59.94,2.7,0.0,-328.407,-45.921,-75,1
2025-01-14 12:12:56.689798,a557705b-5bb4-4a17-983a-fde3cd0d6467,KXHIGHMIA-25JAN14-B74.5,42363.31,50,-1.0,75.962,75.1,24,76,0,1.462,0.6,-0.862,0.0,0.025,24.0,53.946,2.43,0.0,-293.472,-46.905,-76,1
2025-01-14 12:12:58.147180,88ec12d9-8865-49ae-8cc1-e961100aaafd,KXHIGHMIA-25JAN14-B74.5,42361.853,50,-1.0,75.915,75.1,24,76,0,1.415,0.6,-0.815,0.0,0.023,24.0,48.551,2.187,0.0,-266.404,-46.855,-76,1
2025-01-14 12:13:00.863289,57ad5e15-4afc-4eae-8c67-3360951c7dea,KXHIGHMIA-25JAN14-B74.5,42359.137,50,-1.0,75.867,75.1,24,76,0,1.367,0.6,-0.767,0.0,0.02,24.0,43.696,1.968,0.0,-242.578,-46.779,-76,1
2025-01-14 12:14:35.233805,24905759-97c5-4efa-a876-24b1c750f72e,KXHIGHMIA-25JAN14-B78.5,42264.766,10,3.0,75.917,75.1,3,97,0,-2.583,-3.4,-0.817,0.0,0.018,21.6,39.327,3.0,0.0,-213.995,-12.096,3,0
2025-01-14 12:15:54.532222,f65cda77-632e-4877-990e-b5b495461bfc,KXHIGHMIA-25JAN14-B76.5,42185.468,10,1.0,76.151,75.1,74,26,1,-0.349,-1.4,-1.051,0.0,0.016,19.44,74.0,2.7,0.0,-378.799,-44.93,-74,0
2025-01-14 12:16:44.835598,a8f42765-a2a8-4bdc-8cc6-d036bebaf71d,KXHIGHMIA-25JAN14-B78.5,42135.164,15,3.0,76.269,75.1,7,93,1,-2.231,-3.4,-1.169,0.0,0.015,17.496,66.6,7.0,0.0,-343.264,8.1,-7,0
2025-01-14 12:18:03.783108,30f9be16-3b1c-414c-ace0-fe0b3d20688e,KXHIGHMIA-25JAN14-B74.5,42056.217,100,-1.0,75.973,75.1,29,71,1,1.473,0.6,-0.873,0.0,0.012,29.0,53.946,5.67,0.0,-322.572,41.699,71,1
2025-01-14 12:18:03.783108,5507ec3a-3cf2-4ac4-8713-26a1361efe56,KXHIGHMIA-25JAN14-B74.5,42056.217,88,-1.0,76.039,75.1,28,72,1,1.539,0.6,-0.939,0.0,0.013,28.0,59.94,6.3,0.0,-350.193,42.621,72,1
2025-01-14 12:22:54.044964,f7f813cb-aea7-4611-8e44-0cae01032ea4,KXHIGHMIA-25JAN14-B72.5,41765.955,25,-3.0,75.93,75.1,1,99,1,3.43,2.6,-0.83,0.0,1.0,26.1,48.551,5.103,0.0,-281.959,1.975,-1,0
2025-01-14 12:28:52.935900,b355e212-7c92-478d-b658-cda9e1ba9e77,KXHIGHMIA-25JAN14-B78.5,41407.064,32,3.0,75.835,75.1,2,98,0,-2.665,-3.4,-0.735,0.0,0.9,23.49,43.696,2.0,0.0,-240.491,-13.218,2,0
2025-01-14 12:28:52.935900,95f144cb-e813-4153-8226-d7501d94337f,KXHIGHMIA-25JAN14-B78.5,41407.064,28,3.0,75.885,75.1,3,97,0,-2.615,-3.4,-0.785,0.0,0.81,21.141,39.327,3.0,0.0,-212.034,-12.118,3,0
2025-01-14 12:28:52.935900,736eabae-a14c-400f-bf39-8f072be3c480,KXHIGHMIA-25JAN14-B78.5,41407.064,43,3.0,75.943,75.1,4,96,0,-2.557,-3.4,-0.843,0.0,0.729,19.027,35.394,4.0,0.0,-187.598,-11.103,4,0
2025-01-14 12:29:31.107031,37941a23-2b18-4782-9761-7be0ee48f66f,KXHIGHMIA-25JAN14-B76.5,41368.893,20,1.0,76.175,75.1,70,30,0,-0.325,-1.4,-1.075,0.0,0.656,17.124,70.0,3.6,0.0,-350.37,40.897,70,0
2025-01-14 12:30:28.628851,5219433b-76fd-4eda-941c-f6ebf1f15c0c,KXHIGHMIA-25JAN14-B76.5,41311.371,24,1.0,76.232,75.1,65,35,0,-0.268,-1.4,-1.132,0.0,0.478,12.484,65.0,2.624,0.0,-305.028,35.894,65,0
2025-01-14 12:30:28.628851,fe98909b-4b44-4e9a-a055-75387b7f936c,KXHIGHMIA-25JAN14-B76.5,41311.371,98,1.0,76.179,75.1,64,36,0,-0.321,-1.4,-1.079,0.0,0.59,15.412,64.0,3.24,0.0,-311.819,34.841,64,0
2025-01-14 12:30:28.628851,ca3ed17a-3f13-4be4-8306-70d452dc9b9d,KXHIGHMIA-25JAN14-B76.5,41311.371,106,1.0,76.208,75.1,65,35,0,-0.292,-1.4,-1.108,0.0,0.531,13.871,65.0,2.916,0.0,-310.596,35.846,65,0
2025-01-14 12:30:49.178415,a357eaf5-71e0-4a64-b9b0-3567b3c538ad,KXHIGHMIA-25JAN14-B74.5,41290.822,8,-1.0,75.804,75.1,35,65,1,1.304,0.6,-0.704,0.0,0.43,35.0,58.5,2.362,0.0,-364.142,35.597,65,1
2025-01-14 12:32:46.941603,fa0f47ed-11f3-41f6-8eb6-99c219454605,KXHIGHMIA-25JAN14-B74.5,41173.058,20,-1.0,75.74,75.1,36,64,1,1.24,0.6,-0.64,0.0,0.387,36.0,52.65,2.126,0.0,-338.929,34.525,64,1
2025-01-14 12:35:32.543086,27bfb050-b569-4515-836c-a13ea5692146,KXHIGHMIA-25JAN14-B74.5,41007.457,20,-1.0,75.674,75.1,37,63,1,1.174,0.6,-0.574,0.0,0.349,37.0,47.385,1.913,0.0,-317.303,33.455,63,1
2025-01-14 12:35:44.262877,55787cb0-9264-4a04-8538-96343e5ed49a,KXHIGHMIA-25JAN14-B76.5,40995.737,2,1.0,76.12,75.1,52,48,0,-0.38,-1.4,-1.02,0.0,0.122,12.901,52.0,0.667,0.0,-237.93,22.792,52,0
2025-01-14 12:35:44.262877,2d08dc5d-e6e7-4755-a8ac-f1d3e19efb5e,KXHIGHMIA-25JAN14-B76.5,40995.737,20,1.0,76.151,75.1,52,48,0,-0.349,-1.4,-1.051,0.0,0.109,11.611,52.0,0.6,0.0,-233.386,22.83,52,0
2025-01-14 12:35:44.262877,5ca4ead7-5130-44b6-bdf2-b5736ef049ea,KXHIGHMIA-25JAN14-B76.5,40995.737,2,1.0,76.075,75.1,50,50,0,-0.425,-1.4,-0.975,0.0,0.135,14.335,50.0,0.741,0.0,-233.277,20.789,50,0
2025-01-14 12:35:44.262877,292a877c-e078-47f3-b170-8f1ce3bb6164,KXHIGHMIA-25JAN14-B76.5,40995.737,2,1.0,76.181,75.1,47,53,0,-0.319,-1.4,-1.081,0.0,0.089,9.405,47.0,0.486,0.0,-201.47,17.837,47,0
2025-01-14 12:35:44.262877,2bd316fa-f3e1-4a83-a453-e248bf645d6b,KXHIGHMIA-25JAN14-B76.5,40995.737,2,1.0,76.158,75.1,48,52,0,-0.342,-1.4,-1.058,0.0,0.098,10.45,48.0,0.54,0.0,-209.778,18.832,48,0
2025-01-14 12:35:44.262877,7baf5b6d-1ccf-4554-8428-db06bb33b5f0,KXHIGHMIA-25JAN14-B76.5,40995.737,2,1.0,76.059,75.1,53,47,0,-0.441,-1.4,-0.959,0.0,0.15,15.927,53.0,0.824,0.0,-254.068,23.717,53,0
2025-01-14 12:35:44.262877,f1417503-9d40-4d5d-8bb5-87992a276257,KXHIGHMIA-25JAN14-B76.5,40995.737,2,1.0,75.783,75.1,49,51,0,-0.717,-1.4,-0.683,0.0,0.282,29.97,49.0,1.55,0.0,-292.925,19.289,49,0
2025-01-14 12:35:44.262877,a9a04c57-1cda-45f9-a114-34895e608591,KXHIGHMIA-25JAN14-B76.5,40995.737,5,1.0,76.03,75.1,60,40,0,-0.47,-1.4,-0.93,0.0,0.185,19.663,60.0,1.017,0.0,-303.937,30.617,60,0
2025-01-14 12:35:44.262877,b9523d15-f869-46f0-9b73-aef62afdc0de,KXHIGHMIA-25JAN14-B76.5,40995.737,2,1.0,75.93,75.1,51,49,0,-0.57,-1.4,-0.83,0.0,0.206,21.848,51.0,1.13,0.0,-267.717,21.484,51,0
2025-01-14 12:35:44.262877,db3ca452-3680-4383-bf6c-efb75d328e52,KXHIGHMIA-25JAN14-B76.5,40995.737,38,1.0,75.888,75.1,51,49,0,-0.612,-1.4,-0.788,0.0,0.229,24.276,51.0,1.255,0.0,-277.897,21.399,51,0
2025-01-14 12:35:44.262877,e64b76e9-3559-4b13-860b-104fb27aec8d,KXHIGHMIA-25JAN14-B76.5,40995.737,3,1.0,75.828,75.1,49,51,0,-0.672,-1.4,-0.728,0.0,0.254,26.973,49.0,1.395,0.0,-279.686,19.339,49,0
2025-01-14 12:35:44.262877,8871eeaa-524d-4137-b63c-b3732885bb43,KXHIGHMIA-25JAN14-B76.5,40995.737,2,1.0,75.98,75.1,47,53,0,-0.52,-1.4,-0.88,0.0,0.167,17.697,47.0,0.915,0.0,-231.427,17.631,47,0
2025-01-14 12:35:44.262877,fba44a64-0b36-414a-9f14-531c8a67b614,KXHIGHMIA-25JAN14-B76.5,40995.737,113,1.0,75.762,75.1,52,48,0,-0.738,-1.4,-0.662,0.0,0.314,33.3,52.0,1.722,0.0,-322.771,22.28,52,0
2025-01-14 12:36:16.224555,57bb47ff-9513-4c98-91f4-fd45ef20ea62,KXHIGHMIA-25JAN14-B76.5,40963.775,109,1.0,76.301,75.1,48,52,0,-0.199,-1.4,-1.201,0.0,0.052,5.554,48.0,0.287,0.0,-194.826,18.218,48,0
2025-01-14 12:36:16.224555,630fa5c8-4441-4482-9894-de46ed09f09f,KXHIGHMIA-25JAN14-B76.5,40963.775,46,1.0,76.285,75.1,49,51,0,-0.215,-1.4,-1.185,0.0,0.058,6.171,49.0,0.319,0.0,-201.398,19.116,49,0
2025-01-14 12:36:16.224555,0934419e-1a40-4a76-8dd6-1b0136610064,KXHIGHMIA-25JAN14-B76.5,40963.775,80,1.0,76.308,75.1,45,55,0,-0.192,-1.4,-1.208,0.0,0.047,4.998,45.0,0.258,0.0,-178.849,15.262,45,0
2025-01-14 12:36:16.224555,86a7d0d9-f3f7-40e1-a376-ab7f40ebd584,KXHIGHMIA-25JAN14-B76.5,40963.775,2,1.0,76.228,75.1,46,54,0,-0.272,-1.4,-1.128,0.0,0.072,7.618,46.0,0.394,0.0,-191.03,15.933,46,0
2025-01-14 12:36:16.224555,e4095c0f-990c-4b3a-9b67-6c79c72dbb1c,KXHIGHMIA-25JAN14-B76.5,40963.775,2,1.0,76.197,75.1,45,55,0,-0.303,-1.4,-1.097,0.0,0.08,8.464,45.0,0.438,0.0,-188.815,14.89,45,0
2025-01-14 12:36:16.224555,74c2c416-f34f-46dc-b18b-6fb5959a4bcb,KXHIGHMIA-25JAN14-B76.5,40963.775,2,1.0,76.251,75.1,46,54,0,-0.249,-1.4,-1.151,0.0,0.065,6.856,46.0,0.355,0.0,-188.772,15.937,46,0
2025-01-14 12:36:40.372234,479757cd-c110-4319-b989-68d56c1775ea,KXHIGHMIA-25JAN14-B74.5,40939.628,20,-1.0,75.526,75.1,39,61,0,1.026,0.6,-0.426,0.0,0.042,39.0,40.5,0.233,0.0,-292.308,-31.348,-61,1
2025-01-14 12:36:49.858329,c43f4ca2-722b-4fdd-9098-e1e5b9604423,KXHIGHMIA-25JAN14-B74.5,40930.142,83,-1.0,75.473,75.1,39,61,0,0.973,0.6,-0.373,0.0,0.038,39.0,36.45,0.209,0.0,-273.499,-31.266,-61,1
2025-01-14 12:37:08.234116,800b212d-bec5-48cc-acd2-c809c923c73b,KXHIGHMIA-25JAN14-B74.5,40911.766,17,-1.0,75.42,75.1,39,61,1,0.92,0.6,-0.32,0.0,0.034,39.0,32.805,0.188,0.0,-256.957,30.341,61,1
2025-01-14 12:38:12.240466,b48cd50c-86a9-4643-bc86-352552e049f2,KXHIGHMIA-25JAN14-B74.5,40847.76,10,-1.0,75.368,75.1,39,61,0,0.868,0.6,-0.268,0.0,0.031,39.0,29.525,0.17,0.0,-242.417,-30.234,-61,1
2025-01-14 12:38:30.205453,7b0b181d-2429-4294-8c59-15df3024c89c,KXHIGHMIA-25JAN14-B74.5,40829.795,20,-1.0,75.304,75.1,40,60,1,0.804,0.6,-0.204,0.0,0.028,40.0,26.572,0.153,0.0,-234.321,29.202,60,1
2025-01-14 12:40:19.059135,5c3a466e-74ce-4b4b-bbcf-01e587c0e94c,KXHIGHMIA-25JAN14-B78.5,40720.941,1,3.0,75.45,75.1,3,97,0,-3.05,-3.4,-0.35,0.0,0.025,36.0,23.915,3.0,0.0,-208.128,-12.234,3,0
2025-01-14 12:42:12.048429,2c2b5d53-8cad-49a6-b1b6-4c3e1c5b327c,KXHIGHMIA-25JAN14-B74.5,40607.952,21,-1.0,75.312,75.1,42,58,1,0.812,0.6,-0.212,0.0,0.023,42.0,21.523,2.7,0.0,-225.637,27.096,58,1
2025-01-14 12:42:25.276325,9b7c9084-7efd-413d-8fb5-384796990e8b,KXHIGHMIA-25JAN14-B74.5,40594.724,115,-1.0,75.184,75.1,49,51,1,0.684,0.6,-0.084,0.0,0.02,49.0,19.371,2.43,0.0,-250.189,20.075,51,1
2025-01-14 12:43:38.036556,c231a558-e588-4cfc-b8d0-a699335d3518,KXHIGHMIA-25JAN14-B76.5,40521.963,52,1.0,75.655,75.1,53,47,0,-0.845,-1.4,-0.555,0.0,0.018,44.1,53.0,2.187,0.0,-379.047,22.876,53,0
2025-01-14 12:44:07.526772,3b9dcb48-8f21-44b9-b3dc-d89fc3ac57ce,KXHIGHMIA-25JAN14-B76.5,40492.473,100,1.0,75.694,75.1,52,48,0,-0.806,-1.4,-0.594,0.0,0.016,39.69,52.0,1.968,0.0,-352.833,21.835,52,0
2025-01-14 12:44:16.059524,619910ca-93a4-4c74-889e-6debd2eb4938,KXHIGHMIA-25JAN14-B76.5,40483.94,10,1.0,75.723,75.1,50,50,0,-0.777,-1.4,-0.623,0.0,0.015,35.721,50.0,1.771,0.0,-324.281,19.777,50,0
2025-01-14 12:45:08.319906,dfc29617-693e-4489-a10e-88be35252017,KXHIGHMIA-25JAN14-B76.5,40431.68,25,1.0,75.77,75.1,50,50,0,-0.73,-1.4,-0.67,0.0,0.013,32.149,50.0,1.594,0.0,-307.856,19.75,50,0
2025-01-14 12:45:17.993025,fe0f2582-19ac-45b0-865c-8be0e19cbd2b,KXHIGHMIA-25JAN14-B76.5,40422.007,10,1.0,75.807,75.1,49,51,0,-0.693,-1.4,-0.707,0.0,0.012,28.934,49.0,1.435,0.0,-288.528,18.692,49,0
2025-01-14 12:45:27.479841,3d24e4e1-8723-40cc-97f5-12ba875f3ba4,KXHIGHMIA-25JAN14-B76.5,40412.52,105,1.0,75.842,75.1,48,52,0,-0.658,-1.4,-0.742,0.0,0.011,26.041,48.0,1.291,0.0,-270.983,17.622,48,0
2025-01-14 12:45:39.793179,b693ea56-7a12-4f3e-91bf-18d3b6910409,KXHIGHMIA-25JAN14-B76.5,40400.207,155,1.0,75.877,75.1,47,53,0,-0.623,-1.4,-0.777,0.0,0.01,23.437,47.0,1.162,0.0,-255.013,16.58,47,0
2025-01-14 12:45:59.793138,05ff6b12-b023-4ddd-b338-1ded213c2efa,KXHIGHMIA-25JAN14-B74.5,40380.207,22,-1.0,75.516,75.1,44,56,1,1.016,0.6,-0.416,0.0,0.009,44.0,42.3,1.046,0.0,-324.915,25.033,56,1
2025-01-14 12:46:03.816431,1fc0a26d-a143-4cdb-be6a-ade2d10a0e51,KXHIGHMIA-25JAN14-B74.5,40376.184,100,-1.0,75.429,75.1,47,53,1,0.929,0.6,-0.329,0.0,0.008,47.0,38.07,0.941,0.0,-319.415,21.996,53,1
2025-01-14 12:50:56.617141,faf6a908-b0f9-40af-9f9d-a52a1335fb05,KXHIGHMIA-25JAN14-B76.5,40083.383,8,1.0,75.664,75.1,56,44,1,-0.836,-1.4,-0.564,0.0,0.007,42.3,56.0,0.847,0.0,-383.649,-25.556,-56,0
2025-01-14 12:51:05.296228,608a9450-4aa4-44fc-8bea-ed2d14667b3d,KXHIGHMIA-25JAN14-B74.5,40074.704,23,-1.0,75.569,75.1,46,54,1,1.069,0.6,-0.469,0.0,0.006,46.0,50.4,0.763,0.0,-373.446,22.99,54,1
2025-01-14 12:52:04.860850,f09d0af9-ce2a-492d-bfa7-2d491c536a03,KXHIGHMIA-25JAN14-B74.5,40015.139,33,-1.0,75.483,75.1,49,51,1,0.983,0.6,-0.383,0.0,0.006,49.0,45.36,0.686,0.0,-363.443,19.903,51,1
2025-01-14 12:55:01.423951,d2b73806-699e-4d15-95e0-3cf188cb2ee6,KXHIGHMIA-25JAN14-B78.5,39838.576,7,3.0,75.531,75.1,2,98,0,-2.969,-3.4,-0.431,0.0,0.005,44.1,40.824,2.0,0.0,-319.769,-13.3,2,0
2025-01-14 12:56:08.858145,fd8a10c4-43b5-453f-a358-c5e0eadd0fa6,KXHIGHMIA-25JAN14-B76.5,39771.142,8,1.0,75.723,75.1,56,44,1,-0.777,-1.4,-0.623,0.0,0.005,39.69,56.0,1.8,0.0,-372.556,-25.551,-56,0
2025-01-14 12:57:55.369175,be92fe1d-a75d-4528-a8f9-57970318674b,KXHIGHMIA-25JAN14-B78.5,39664.631,23,3.0,75.703,75.1,1,99,0,-2.797,-3.4,-0.603,0.0,0.004,35.721,50.4,1.0,0.0,-325.274,-14.344,1,0
2025-01-14 12:57:55.369175,a84ce5bb-f922-4ed5-8840-d2e073c067f7,KXHIGHMIA-25JAN14-B78.5,39664.631,28,3.0,75.741,75.1,2,98,0,-2.759,-3.4,-0.641,0.0,0.004,32.149,45.36,2.0,0.0,-285.966,-13.327,2,0
2025-01-14 12:57:55.369175,02f3225c-43d2-409d-acec-a5863f7c9ce8,KXHIGHMIA-25JAN14-B78.5,39664.631,50,3.0,75.749,75.1,2,98,0,-2.751,-3.4,-0.649,0.0,0.003,28.934,40.824,2.0,0.0,-250.158,-13.326,2,0
2025-01-14 12:58:30.141111,245eb619-4396-4654-b637-40785506e57a,KXHIGHMIA-25JAN14-B76.5,39629.859,11,1.0,75.893,75.1,52,48,1,-0.607,-1.4,-0.793,0.0,0.003,26.041,52.0,1.8,0.0,-291.389,-21.484,-52,0
2025-01-14 12:58:56.361959,df883f6c-6689-4c81-89be-3d53ffeba06e,KXHIGHMIA-25JAN14-B78.5,39603.638,150,3.0,75.87,75.1,1,99,0,-2.63,-3.4,-0.77,0.0,0.003,23.437,46.8,1.0,0.0,-253.897,-14.38,1,0
2025-01-14 13:00:31.118947,596fd775-7078-4ed7-98bb-f3358b37dff5,KXHIGHMIA-25JAN14-B74.5,39508.881,109,-1.0,75.465,75.1,48,52,1,0.965,0.6,-0.365,0.0,0.002,48.0,42.12,0.9,0.0,-343.259,20.699,52,1
2025-01-14 13:00:31.118947,3d2ef427-78df-4d78-9c5e-289997cbe594,KXHIGHMIA-25JAN14-B74.5,39508.881,24,-1.0,75.412,75.1,48,52,1,0.912,0.6,-0.312,0.0,0.002,48.0,37.908,0.81,0.0,-323.435,20.798,52,1
2025-01-14 13:03:01.089819,12ee743f-cd43-4d59-81d2-cdcd701a5288,KXHIGHMIA-25JAN14-B74.5,39358.91,21,-1.0,75.237,75.1,50,50,1,0.737,0.6,-0.137,0.0,0.002,50.0,27.635,0.59,0.0,-287.002,18.209,50,1
2025-01-14 13:03:01.089819,a0169c16-9e6b-4e96-b508-687b1654b1b6,KXHIGHMIA-25JAN14-B74.5,39358.91,108,-1.0,75.287,75.1,50,50,1,0.787,0.6,-0.187,0.0,0.002,50.0,30.705,0.656,0.0,-300.462,18.177,50,1
2025-01-14 13:03:01.089819,e680b111-87da-4b7e-8ce4-d7be8ef665e4,KXHIGHMIA-25JAN14-B74.5,39358.91,50,-1.0,75.339,75.1,50,50,1,0.839,0.6,-0.239,0.0,0.002,50.0,34.117,0.729,0.0,-315.785,18.135,50,1
2025-01-14 13:03:02.507278,18a58bf1-cd5f-4d48-a93f-09ddcdc35218,KXHIGHMIA-25JAN14-B74.5,39357.493,21,-1.0,75.188,75.1,50,50,0,0.688,0.6,-0.088,0.0,0.001,50.0,24.871,0.531,0.0,-275.186,-18.071,-50,1
2025-01-14 13:03:07.654054,466a6226-6f4f-44c5-b8ae-ff4a9c6ecfe7,KXHIGHMIA-25JAN14-B74.5,39352.346,50,-1.0,75.141,75.1,50,50,1,0.641,0.6,-0.041,0.0,0.001,50.0,22.384,0.478,0.0,-264.818,17.971,50,1
2025-01-14 13:03:28.594578,8c697ad3-5a95-4e79-8bd7-1292ec708302,KXHIGHMIA-25JAN14-B76.5,39331.405,5,1.0,75.536,75.1,47,53,0,-0.964,-1.4,-0.436,0.0,0.001,45.0,47.0,0.43,0.0,-351.886,16.388,47,0
2025-01-14 13:03:28.594578,18e659d9-b04f-4979-b4de-491d29fd4959,KXHIGHMIA-25JAN14-B76.5,39331.405,145,1.0,75.587,75.1,47,53,0,-0.913,-1.4,-0.487,0.0,0.001,40.5,47.0,0.387,0.0,-330.485,16.475,47,0
2025-01-14 13:05:34.892238,df4a1e13-7cf3-43cb-941d-ce6fc98ccdc4,KXHIGHMIA-25JAN14-B74.5,39205.108,437,-1.0,75.363,75.1,57,43,1,0.863,0.6,-0.263,0.0,0.001,57.0,42.3,0.349,0.0,-388.484,10.797,43,1
2025-01-14 13:05:34.892238,72d7d0d9-a465-43ec-ab56-e9256fe50536,KXHIGHMIA-25JAN14-B74.5,39205.108,29,-1.0,75.356,75.1,52,48,1,0.856,0.6,-0.256,0.0,0.001,52.0,38.07,0.314,0.0,-343.648,15.834,48,1
2025-01-14 13:05:34.892238,4f237bdf-9205-4066-b17f-8d009eb195b6,KXHIGHMIA-25JAN14-B74.5,39205.108,420,-1.0,75.261,75.1,57,43,1,0.761,0.6,-0.161,0.0,0.001,57.0,34.263,0.282,0.0,-351.179,10.85,43,1
2025-01-14 13:05:34.892238,0f9965d0-4308-4162-a844-c8b5ba5f6c46,KXHIGHMIA-25JAN14-B74.5,39205.108,64,-1.0,75.212,75.1,57,43,1,0.712,0.6,-0.112,0.0,0.001,57.0,30.837,0.254,0.0,-335.831,10.882,43,1
2025-01-14 13:05:34.892238,0a9a9796-a5f6-403b-87f2-faaea34e2bec,KXHIGHMIA-25JAN14-B74.5,39205.108,25,-1.0,75.205,75.1,52,48,1,0.705,0.6,-0.105,0.0,0.001,52.0,27.753,0.229,0.0,-297.356,15.914,48,1
2025-01-14 13:05:49.315032,f0d3e505-74ee-48bc-a1e5-f6bb1efcd04b,KXHIGHMIA-25JAN14-B74.5,39190.685,10,-1.0,75.089,75.1,61,39,1,0.589,0.6,0.011,0.0,0.001,61.0,24.978,0.206,0.0,-330.812,6.792,39,1
2025-01-14 13:06:06.952604,0118065f-7737-4d12-b72e-4aaf0b47968a,KXHIGHMIA-25JAN14-B76.5,39173.047,80,1.0,75.711,75.1,40,60,0,-0.789,-1.4,-0.611,0.0,0.0,26.258,40.0,0.089,0.0,-233.151,9.366,40,0
2025-01-14 13:06:06.952604,07fccb7c-a96c-406f-baed-a9b1bdda5152,KXHIGHMIA-25JAN14-B76.5,39173.047,20,1.0,75.717,75.1,45,55,0,-0.783,-1.4,-0.617,0.0,0.0,29.176,45.0,0.098,0.0,-269.491,14.353,45,0
2025-01-14 13:06:06.952604,23f0e221-2877-419f-9163-bb0d1244f8cb,KXHIGHMIA-25JAN14-B76.5,39173.047,2,1.0,75.633,75.1,42,58,0,-0.867,-1.4,-0.533,0.0,0.0,32.418,42.0,0.109,0.0,-269.51,11.281,42,0
2025-01-14 13:06:06.952604,5e86f030-ac0f-47b5-9129-6de65c129efc,KXHIGHMIA-25JAN14-B76.5,39173.047,2,1.0,75.593,75.1,43,57,0,-0.907,-1.4,-0.493,0.0,0.0,36.02,43.0,0.122,0.0,-290.571,12.275,43,0
2025-01-14 13:06:06.952604,7dcfddd1-1724-478e-b1c1-df5ca0e81c0a,KXHIGHMIA-25JAN14-B76.5,39173.047,45,1.0,75.563,75.1,45,55,0,-0.937,-1.4,-0.463,0.0,0.0,40.022,45.0,0.135,0.0,-318.685,14.266,45,0
2025-01-14 13:06:06.952604,91763a40-5f08-4ee9-84bc-7d55658e0337,KXHIGHMIA-25JAN14-B76.5,39173.047,7,1.0,75.401,75.1,36,64,0,-1.099,-1.4,-0.301,0.0,0.0,44.469,36.0,0.15,0.0,-297.469,5.223,36,0
2025-01-14 13:06:06.952604,e532d369-c71c-4398-addc-d3cb18fa664b,KXHIGHMIA-25JAN14-B76.5,39173.047,2,1.0,75.413,75.1,41,59,0,-1.087,-1.4,-0.313,0.0,0.0,49.41,41.0,0.167,0.0,-344.661,9.846,41,0
2025-01-14 13:06:06.952604,fe28d37d-760f-4454-8f5c-4a39c0f6952f,KXHIGHMIA-25JAN14-B76.5,39173.047,16,1.0,75.373,75.1,42,58,0,-1.127,-1.4,-0.273,0.0,0.001,54.9,42.0,0.185,0.0,-376.569,10.838,42,0
2025-01-14 13:06:56.332591,db8fb6bb-7e8b-4908-bf0b-3f58bf737a32,KXHIGHMIA-25JAN14-B74.5,39123.667,26,-1.0,75.285,75.1,56,44,1,0.785,0.6,-0.185,0.0,0.0,56.0,36.0,0.08,0.0,-354.223,11.696,44,1
2025-01-14 13:06:56.332591,d165b2f6-2b24-4a7e-8d8b-8363ca4e8067,KXHIGHMIA-25JAN14-B74.5,39123.667,40,-1.0,75.154,75.1,67,33,1,0.654,0.6,-0.054,0.0,0.0,67.0,32.4,0.072,0.0,-394.216,0.71,33,1
2025-01-14 13:06:56.332591,39a30bd5-b3a3-40a8-b2de-ad5048a4b7cd,KXHIGHMIA-25JAN14-B74.5,39123.667,20,-1.0,75.103,75.1,68,32,1,0.603,0.6,-0.003,0.0,0.0,68.0,29.16,0.065,0.0,-385.099,-0.277,32,1
2025-01-14 13:06:56.332591,31f49b7e-c430-4565-b929-e3c122d32dea,KXHIGHMIA-25JAN14-B74.5,39123.667,25,-1.0,75.148,75.1,55,45,1,0.648,0.6,-0.048,0.0,0.0,55.0,26.244,0.058,0.0,-305.987,12.787,45,1
2025-01-14 13:07:22.500628,9d832395-41c0-4441-a99f-2cc2efd99b79,KXHIGHMIA-25JAN14-B74.5,39097.499,1,-1.0,75.029,75.1,66,34,1,0.529,0.6,0.071,0.0,0.0,66.0,23.62,0.052,0.0,-351.049,1.598,34,1
2025-01-14 13:08:41.100142,a6030447-8979-462a-b829-cc3e6fa2346f,KXHIGHMIA-25JAN14-B78.5,39018.9,6,3.0,75.111,75.1,2,98,1,-3.389,-3.4,-0.011,0.0,0.0,59.4,21.258,2.0,0.0,-308.971,13.387,-2,0
2025-01-14 13:09:03.949246,d2cc1bf2-3f7f-4c30-8b91-7f60424ec62f,KXHIGHMIA-25JAN14-B74.5,38996.051,30,-1.0,75.011,75.1,68,32,1,0.511,0.6,0.089,0.0,0.0,68.0,19.132,1.8,0.0,-344.448,-0.47,32,1
2025-01-14 13:09:12.508162,b6e7efb4-528a-4aeb-bad7-9f9fcf071129,KXHIGHMIA-25JAN14-B74.5,38987.492,13,-1.0,74.966,75.1,69,31,1,0.466,0.6,0.134,0.0,0.0,69.0,17.219,1.62,0.0,-341.938,-1.474,31,1
2025-01-14 13:09:29.507994,5dfdf1d3-12df-4adc-b239-7fd122d9bb35,KXHIGHMIA-25JAN14-B74.5,38970.492,6,-1.0,74.924,75.1,70,30,1,0.424,0.6,0.176,0.0,0.0,70.0,15.497,1.458,0.0,-340.415,-2.529,30,1
2025-01-14 13:10:20.511009,924e7245-7edf-4009-8ae0-5b5bea260b7a,KXHIGHMIA-25JAN14-B74.5,38919.489,9,-1.0,74.889,75.1,70,30,0,0.389,0.6,0.211,0.0,0.0,70.0,13.947,1.312,0.0,-334.505,2.928,-30,1
2025-01-14 13:10:36.555719,6ef8b8d3-ae91-458e-bc17-b8ba72dad3db,KXHIGHMIA-25JAN14-B78.5,38903.444,119,3.0,74.88,75.1,1,99,0,-3.62,-3.4,0.22,0.0,0.0,63.0,12.552,1.0,0.0,-292.773,-14.393,1,0
2025-01-14 13:10:48.930174,49ca9cd9-4c3d-4066-ab76-73daee74afc4,KXHIGHMIA-25JAN14-B76.5,38891.07,50,1.0,75.226,75.1,27,73,0,-1.274,-1.4,-0.126,0.0,0.0,51.03,27.0,0.81,0.0,-289.487,-4.195,27,0
2025-01-14 13:10:48.930174,f1cb8dcb-49c0-4585-929d-c9678f4b61a9,KXHIGHMIA-25JAN14-B76.5,38891.07,38,1.0,75.08,75.1,21,79,0,-1.42,-1.4,0.02,0.0,0.0,56.7,21.0,0.9,0.0,-292.781,-10.22,21,0
2025-01-14 13:10:57.316574,632473d1-0f99-4efe-ac83-879b39a3da91,KXHIGHMIA-25JAN14-B74.5,38882.683,100,-1.0,75.031,75.1,72,28,1,0.531,0.6,0.069,0.0,0.0,72.0,24.3,0.729,0.0,-385.218,-4.974,28,1
2025-01-14 13:11:06.389012,fc44cf4c-a91f-4812-b34e-bd0328bdf2b8,KXHIGHMIA-25JAN14-B74.5,38873.611,30,-1.0,75.03,75.1,65,35,1,0.53,0.6,0.07,0.0,0.0,65.0,21.87,0.656,0.0,-338.53,2.014,35,1
2025-01-14 13:11:19.419581,9593ad0f-19fe-427a-adfa-8839699c41c9,KXHIGHMIA-25JAN14-B74.5,38860.58,19,-1.0,74.957,75.1,71,29,1,0.457,0.6,0.143,0.0,0.0,71.0,19.683,0.59,0.0,-360.989,-4.257,29,1
2025-01-14 13:11:55.271570,f7100772-db8d-4d74-8ceb-a15c2d5abe63,KXHIGHMIA-25JAN14-B76.5,38824.728,50,1.0,75.067,75.1,24,76,0,-1.433,-1.4,0.033,0.0,0.0,63.9,24.0,0.531,0.0,-341.59,-7.231,24,0
2025-01-14 13:11:57.645377,4ae0a064-ba06-4f21-bd6e-3c2edf9a4095,KXHIGHMIA-25JAN14-B74.5,38822.355,40,-1.0,74.99,75.1,70,30,1,0.49,0.6,0.11,0.0,0.0,70.0,21.6,0.478,0.0,-363.412,-3.262,30,1
2025-01-14 13:11:57.666730,71991ee0-1bed-43f8-8f24-dadfd2eb1fe5,KXHIGHMIA-25JAN14-B76.5,38822.333,40,1.0,75.069,75.1,24,76,1,-1.431,-1.4,0.031,0.0,0.0,63.0,24.0,0.43,0.0,-336.928,7.351,-24,0
2025-01-14 13:14:07.622542,47301a7d-97c0-4d4d-ac7a-7890fd4d378b,KXHIGHMIA-25JAN14-B74.5,38692.377,1,-1.0,74.981,75.1,71,29,1,0.481,0.6,0.119,0.0,0.0,71.0,21.6,0.387,0.0,-368.653,-4.266,29,1
2025-01-14 13:15:03.193336,a0467b92-39de-4286-b46d-f9b1e13123a3,KXHIGHMIA-25JAN14-B76.5,38636.807,30,1.0,75.219,75.1,35,65,1,-1.281,-1.4,-0.119,0.0,0.0,63.9,35.0,0.349,0.0,-389.722,-3.595,-35,0
2025-01-14 13:15:14.825082,65d6c6ce-b0b8-4149-aa97-cbfc73b19ae1,KXHIGHMIA-25JAN14-B76.5,38625.175,26,1.0,75.281,75.1,36,64,1,-1.219,-1.4,-0.181,0.0,0.0,57.51,36.0,0.314,0.0,-361.671,-4.566,-36,0
2025-01-14 13:16:55.613293,44cce5f7-3cff-450d-8221-7f0f84f7bdf3,KXHIGHMIA-25JAN14-B74.5,38524.387,31,-1.0,75.168,75.1,66,34,0,0.668,0.6,-0.068,0.0,0.0,66.0,32.4,0.282,0.0,-388.852,-0.718,-34,1
2025-01-14 13:16:55.613293,25eedfc1-e5f1-43a2-8959-f0e3fda7ed6b,KXHIGHMIA-25JAN14-B74.5,38524.387,40,-1.0,75.115,75.1,67,33,0,0.615,0.6,-0.015,0.0,0.0,67.0,29.16,0.254,0.0,-379.717,0.27,-33,1
2025-01-14 13:17:30.085955,68258afe-e191-4063-bda9-6e9418b313eb,KXHIGHMIA-25JAN14-B74.5,38489.914,161,-1.0,75.078,75.1,66,34,0,0.578,0.6,0.022,0.0,0.0,66.0,26.244,0.229,0.0,-361.93,-0.714,-34,1
2025-01-14 13:18:02.265844,19106137-696c-4e88-aa03-d357047d8c46,KXHIGHMIA-25JAN14-B78.5,38457.734,1,3.0,75.216,75.1,3,97,1,-3.284,-3.4,-0.116,0.0,0.0,48.114,19.132,3.0,0.0,-246.134,12.394,-3,0
2025-01-14 13:18:02.265844,634e0897-7b4b-4efc-8234-e5800cd0224e,KXHIGHMIA-25JAN14-B78.5,38457.734,42,3.0,75.243,75.1,4,96,1,-3.257,-3.4,-0.143,0.0,0.0,53.46,21.258,4.0,0.0,-283.237,11.407,-4,0
2025-01-14 13:18:02.265844,ed56d806-433c-47ef-90f5-17a5b83be4e2,KXHIGHMIA-25JAN14-B78.5,38457.734,1,3.0,75.15,75.1,2,98,1,-3.35,-3.4,-0.05,0.0,0.0,59.4,23.62,2.0,0.0,-318.68,13.425,-2,0
2025-01-14 13:20:08.388437,eb4b2d49-6d11-466a-8450-637421adf16c,KXHIGHMIA-25JAN14-B76.5,38331.612,2,1.0,75.356,75.1,25,75,0,-1.144,-1.4,-0.256,0.0,0.0,43.303,25.0,2.7,0.0,-246.327,-6.517,25,0
2025-01-14 13:20:08.388437,5be20fd0-a110-464d-81ff-2cf7f66f182c,KXHIGHMIA-25JAN14-B76.5,38331.612,50,1.0,75.383,75.1,24,76,0,-1.117,-1.4,-0.283,0.0,0.0,38.972,24.0,2.43,0.0,-221.181,-7.45,24,0
2025-01-14 13:20:29.755010,d61fe88b-971b-4d78-a9fd-63b4d09a1238,KXHIGHMIA-25JAN14-B74.5,38310.245,31,-1.0,75.037,75.1,73,27,1,0.537,0.6,0.063,0.0,0.0,73.0,21.6,2.187,0.0,-381.285,-6.528,27,1
2025-01-14 13:20:29.755010,ad468690-e0d2-436f-979d-8f57a1cab21c,KXHIGHMIA-25JAN14-B74.5,38310.245,32,-1.0,75.001,75.1,72,28,1,0.501,0.6,0.099,0.0,0.0,72.0,19.44,1.968,0.0,-366.938,-5.514,28,1
2025-01-14 13:20:29.755010,0de5ee90-91b1-447f-ba83-96cb3ac4f5b7,KXHIGHMIA-25JAN14-B74.5,38310.245,288,-1.0,74.951,75.1,74,26,1,0.451,0.6,0.149,0.0,0.0,74.0,17.496,1.771,0.0,-369.587,-7.29,26,1
2025-01-14 13:20:49.707038,62741308-04d0-4a7f-a893-01ed9833fe91,KXHIGHMIA-25JAN14-B74.5,38290.293,150,-1.0,74.91,75.1,75,25,1,0.41,0.6,0.19,0.0,0.0,75.0,15.746,1.594,0.0,-367.962,-8.577,25,1
2025-01-14 13:21:04.546290,41601594-20b4-4c14-8ed7-7a69023a6f05,KXHIGHMIA-25JAN14-B74.5,38275.454,8,-1.0,74.876,75.1,75,25,1,0.376,0.6,0.224,0.0,0.0,75.0,14.172,1.435,0.0,-361.903,-9.213,25,1
2025-01-14 13:21:13.081868,df9da6c3-8826-424e-9586-6c99ee74f0b1,KXHIGHMIA-25JAN14-B74.5,38266.918,42,-1.0,74.844,75.1,75,25,1,0.344,0.6,0.256,0.0,0.0,75.0,12.755,1.291,0.0,-356.614,-10.174,25,1
2025-01-14 13:21:13.081868,37a812c6-bb05-43f5-84e6-6e68036ccf1c,KXHIGHMIA-25JAN14-B74.5,38266.918,40,-1.0,74.815,75.1,75,25,1,0.315,0.6,0.285,0.0,0.0,75.0,11.479,1.162,0.0,-352.001,-9.217,25,1
2025-01-14 13:21:46.376560,d3ae81e5-1159-4f91-bde3-201bbc762886,KXHIGHMIA-25JAN14-B74.5,38233.623,32,-1.0,74.788,75.1,75,25,0,0.288,0.6,0.312,0.0,0.0,75.0,10.331,1.046,0.0,-347.984,10.232,-25,1
2025-01-14 13:22:43.382881,90d9a7db-11c8-4e0a-9aa6-57d2e96a625b,KXHIGHMIA-25JAN14-B76.5,38176.617,6,1.0,75.012,75.1,21,79,0,-1.488,-1.4,0.088,0.0,0.0,67.5,21.0,0.941,0.0,-348.197,-10.534,21,0
2025-01-14 13:25:03.425042,5d86e903-e6c9-4641-90e2-8f68299cde88,KXHIGHMIA-25JAN14-B76.5,38036.575,19,1.0,75.1,75.1,24,76,1,-1.4,-1.4,-0.0,0.0,0.0,60.75,24.0,0.847,0.0,-325.619,7.585,-24,0
2025-01-14 13:25:25.554902,c7311146-8fd2-48be-a642-e95b61e2b55b,KXHIGHMIA-25JAN14-B74.5,38014.445,31,-1.0,74.975,75.1,75,25,0,0.475,0.6,0.125,0.0,0.0,75.0,21.6,0.763,0.0,-389.975,10.292,-25,1
2025-01-14 13:26:51.811944,421bf1c9-0ec3-47f9-8605-4c49bc0a4886,KXHIGHMIA-25JAN14-B76.5,37928.188,65,1.0,75.002,75.1,21,79,0,-1.498,-1.4,0.098,0.0,0.0,67.5,21.0,0.686,0.0,-347.995,-10.727,21,0
2025-01-14 13:28:52.392684,2c22098d-0aa2-4a2a-aaa1-5c874a92cd22,KXHIGHMIA-25JAN14-B76.5,37807.607,101,1.0,75.075,75.1,23,77,1,-1.425,-1.4,0.025,0.0,0.0,60.75,23.0,0.618,0.0,-321.305,8.792,-23,0
2025-01-14 13:29:13.595806,5cf81831-4b94-4528-be3b-cd9ccda750ae,KXHIGHMIA-25JAN14-B74.5,37786.404,6,-1.0,74.931,75.1,80,20,1,0.431,0.6,0.169,0.0,0.0,80.0,20.7,0.556,0.0,-412.959,-15.296,20,1
2025-01-14 13:29:22.462149,6fe51aea-17b0-40ad-93c8-118d52ecaee3,KXHIGHMIA-25JAN14-B76.5,37777.538,49,1.0,75.003,75.1,23,77,0,-1.497,-1.4,0.097,0.0,0.0,72.0,23.0,0.5,0.0,-379.69,-8.868,23,0
2025-01-14 13:29:55.078706,9af0845c-ae97-459c-81f9-03191dc4207f,KXHIGHMIA-25JAN14-B76.5,37744.921,1,1.0,75.058,75.1,24,76,1,-1.442,-1.4,0.042,0.0,0.0,64.8,24.0,0.45,0.0,-346.215,7.882,-24,0
2025-01-14 13:31:32.657211,b0eb07cc-ad6b-4173-a0f1-29438f39732d,KXHIGHMIA-25JAN14-B74.5,37647.343,30,-1.0,74.957,75.1,76,24,1,0.457,0.6,0.143,0.0,0.0,76.0,21.6,0.405,0.0,-395.14,-11.587,24,1
2025-01-14 13:36:12.146313,9a4ec93c-0ac8-48ba-8063-13fc2bbdd980,KXHIGHMIA-25JAN14-B74.5,37367.854,29,-1.0,74.917,75.1,77,23,1,0.417,0.6,0.183,0.0,0.0,77.0,19.44,0.365,0.0,-391.79,-13.623,23,1
2025-01-14 13:36:12.146313,195d34ad-0154-4763-bc81-e9c0556dc0c1,KXHIGHMIA-25JAN14-B74.5,37367.854,21,-1.0,74.871,75.1,80,20,1,0.371,0.6,0.229,0.0,0.0,80.0,17.496,0.328,0.0,-400.27,-16.413,20,1
2025-01-14 13:37:27.627124,b334ac59-bfd3-41c7-8836-a43b3afc9468,KXHIGHMIA-25JAN14-B76.5,37292.373,50,1.0,74.963,75.1,21,79,0,-1.537,-1.4,0.137,0.0,0.0,72.0,21.0,0.295,0.0,-371.495,-11.329,21,0
2025-01-14 13:37:27.627124,122a7101-0eb4-4a8a-aaf7-10ed65ff0000,KXHIGHMIA-25JAN14-B76.5,37292.373,102,1.0,74.965,75.1,19,81,0,-1.535,-1.4,0.135,0.0,0.0,64.8,19.0,0.266,0.0,-325.893,-13.296,19,0
2025-01-14 13:37:27.627124,0944bdcb-1ff8-4ab1-bbf1-19e49454b5c0,KXHIGHMIA-25JAN14-B76.5,37292.373,93,1.0,75.021,75.1,20,80,0,-1.479,-1.4,0.079,0.0,0.0,58.32,20.0,0.239,0.0,-296.698,-12.103,20,0
2025-01-14 13:37:44.010916,0d31bf70-6b22-4299-9eda-a258f26793e4,KXHIGHMIA-25JAN14-B76.5,37275.989,50,1.0,74.913,75.1,7,93,0,-1.587,-1.4,0.187,0.0,0.0,27.894,7.0,0.114,0.0,-106.217,-25.331,7,0
2025-01-14 13:37:44.010916,19419321-08c7-495e-a3ce-73b8731912a9,KXHIGHMIA-25JAN14-B76.5,37275.989,100,1.0,75.027,75.1,12,88,0,-1.473,-1.4,0.073,0.0,0.0,34.437,12.0,0.141,0.0,-151.421,-20.396,12,0
2025-01-14 13:37:44.010916,3d87c1ee-0d7c-4c5d-ac93-282f900a49a6,KXHIGHMIA-25JAN14-B76.5,37275.989,50,1.0,75.125,75.1,17,83,0,-1.375,-1.4,-0.025,0.0,0.0,38.264,17.0,0.157,0.0,-187.326,-15.6,17,0
2025-01-14 13:37:44.010916,15cfb961-805b-48c2-8295-491c38da422a,KXHIGHMIA-25JAN14-B76.5,37275.989,231,1.0,74.999,75.1,10,90,0,-1.501,-1.4,0.101,0.0,0.0,30.994,10.0,0.127,0.0,-129.189,-22.345,10,0
2025-01-14 13:37:44.010916,8a5b5503-7b93-4e48-b244-3776f804933c,KXHIGHMIA-25JAN14-B76.5,37275.989,23,1.0,74.943,75.1,13,87,0,-1.557,-1.4,0.157,0.0,0.0,47.239,13.0,0.194,0.0,-215.144,-19.809,13,0
2025-01-14 13:37:44.010916,668b14c7-5d20-4003-a47d-46db9cda463e,KXHIGHMIA-25JAN14-B76.5,37275.989,50,1.0,75.057,75.1,16,84,0,-1.443,-1.4,0.043,0.0,0.0,42.515,16.0,0.174,0.0,-203.483,-16.623,16,0
2025-01-14 13:37:44.010916,e5bf2275-be5e-4f77-9a27-d10ee90290df,KXHIGHMIA-25JAN14-B76.5,37275.989,38,1.0,74.749,75.1,7,93,0,-1.751,-1.4,0.351,0.0,0.0,52.488,7.0,0.215,0.0,-221.174,-25.837,7,0
2025-01-14 13:37:49.318298,f8f5182c-22e7-4924-8c41-e855012049ea,KXHIGHMIA-25JAN14-B74.5,37270.682,50,-1.0,74.644,75.1,84,16,1,0.144,0.6,0.456,0.0,0.0,84.0,6.3,0.103,0.0,-383.55,-20.688,16,1
2025-01-14 13:37:49.318298,78127859-f4f7-498c-be78-14d88e8558f8,KXHIGHMIA-25JAN14-B74.5,37270.682,42,-1.0,74.63,75.1,84,16,1,0.13,0.6,0.47,0.0,0.0,84.0,5.67,0.093,0.0,-381.807,-20.684,16,1
2025-01-14 13:38:17.931158,e2f37c6c-21aa-44d0-91ae-98875cad9ddf,KXHIGHMIA-25JAN14-B76.5,37242.069,107,1.0,74.673,75.1,7,93,0,-1.827,-1.4,0.427,0.0,0.0,75.6,7.0,0.083,0.0,-340.419,-25.957,7,0
2025-01-14 13:38:17.931158,a342553a-a328-4eab-8351-ed4494619749,KXHIGHMIA-25JAN14-B76.5,37242.069,236,1.0,74.666,75.1,6,94,0,-1.834,-1.4,0.434,0.0,0.0,68.04,6.0,0.075,0.0,-297.691,-26.842,6,0
2025-01-14 13:38:19.184561,1ee7be4d-894a-4d63-b2af-f6383332dab6,KXHIGHMIA-25JAN14-B76.5,37240.815,106,1.0,74.977,75.1,19,81,1,-1.523,-1.4,0.123,0.0,0.0,61.236,19.0,0.068,0.0,-307.732,13.999,-19,0
2025-01-14 13:38:57.480611,80ba7df5-506a-43a6-a288-74a56fcf6f77,KXHIGHMIA-25JAN14-B74.5,37202.519,43,-1.0,74.824,75.1,89,11,1,0.324,0.6,0.276,0.0,0.0,89.0,17.1,0.061,0.0,-447.867,-25.696,11,1
2025-01-14 13:38:57.480611,3179378d-d337-4e52-b9ec-a109332ebb5d,KXHIGHMIA-25JAN14-B74.5,37202.519,12,-1.0,74.791,75.1,91,9,1,0.291,0.6,0.309,0.0,0.0,91.0,15.39,0.055,0.0,-452.401,-27.692,9,1
2025-01-14 13:39:15.022374,7b7de664-c1ff-4676-9e88-a0d61f1572fa,KXHIGHMIA-25JAN14-B76.5,37184.978,56,1.0,74.639,75.1,6,94,0,-1.861,-1.4,0.461,0.0,0.0,81.9,6.0,0.049,0.0,-371.413,-27.154,6,0
2025-01-14 13:40:03.717601,17712e2b-5ec9-486a-ab56-dff54d51e0fc,KXHIGHMIA-25JAN14-B74.5,37136.282,62,-1.0,74.627,75.1,81,19,0,0.127,0.6,0.473,0.0,0.0,81.0,5.4,0.044,0.0,-364.919,17.7,-19,1
2025-01-14 13:40:52.675296,e3eaf07a-8084-4997-9965-df7910e8ad95,KXHIGHMIA-25JAN14-B74.5,37087.325,27,-1.0,74.615,75.1,81,19,0,0.115,0.6,0.485,0.0,0.0,81.0,4.86,0.04,0.0,-363.506,17.704,-19,1
2025-01-14 13:40:59.676926,f68704c0-0fe1-49ff-af46-13cf79ee35c1,KXHIGHMIA-25JAN14-B76.5,37080.323,44,1.0,74.804,75.1,13,87,0,-1.696,-1.4,0.296,0.0,0.0,72.9,13.0,0.036,0.0,-345.899,-20.174,13,0
2025-01-14 13:40:59.684870,2e2a1116-251e-4863-b581-888d1d940c69,KXHIGHMIA-25JAN14-B74.5,37080.315,44,-1.0,74.736,75.1,88,12,0,0.236,0.6,0.364,0.0,0.0,88.0,11.7,0.032,0.0,-422.672,24.708,-12,1
2025-01-14 13:40:59.686058,1baab190-24a7-4414-969b-d78bc269ac6a,KXHIGHMIA-25JAN14-B78.5,37080.314,44,3.0,74.776,75.1,1,99,0,-3.724,-3.4,0.324,0.0,0.0,79.2,10.53,1.0,0.0,-371.051,-14.505,1,0
2025-01-14 13:41:17.446585,b3717447-33c9-453d-9de8-bc089bcd7336,KXHIGHMIA-25JAN14-B74.5,37062.553,18,-1.0,74.729,75.1,88,12,0,0.229,0.6,0.371,0.0,0.0,88.0,9.477,0.9,0.0,-415.223,24.712,-12,1
2025-01-14 13:41:32.900575,db619ae0-fae2-4f4d-9e83-b1ca9e1c69e0,KXHIGHMIA-25JAN14-B76.5,37047.099,101,1.0,74.739,75.1,9,91,0,-1.761,-1.4,0.361,0.0,0.0,79.2,9.0,0.81,0.0,-365.865,-24.181,9,0
2025-01-14 13:41:32.900575,3153b4b6-e414-4059-83bd-54ca971d91cf,KXHIGHMIA-25JAN14-B76.5,37047.099,100,1.0,74.736,75.1,8,92,0,-1.764,-1.4,0.364,0.0,0.0,71.28,8.0,0.729,0.0,-320.529,-25.18,8,0
2025-01-14 13:41:32.900575,05e52d98-6efb-4c7c-95c3-dee424a13f26,KXHIGHMIA-25JAN14-B76.5,37047.099,958,1.0,74.707,75.1,6,94,0,-1.793,-1.4,0.393,0.0,0.0,64.152,6.0,0.656,0.0,-277.427,-27.177,6,0
2025-01-14 13:42:04.538659,969e63b5-5f93-4388-b9ac-d67ee670ac24,KXHIGHMIA-25JAN14-B74.5,37015.461,50,-1.0,74.634,75.1,92,8,1,0.134,0.6,0.466,0.0,0.0,92.0,5.4,0.59,0.0,-424.8,-28.717,8,1
2025-01-14 13:43:22.472967,e6bd28b4-f067-41f4-8480-1fb9f009b771,KXHIGHMIA-25JAN14-B78.5,36937.527,50,3.0,74.74,75.1,3,97,1,-3.76,-3.4,0.36,0.0,0.0,82.8,4.86,3.0,0.0,-376.66,12.599,-3,0
2025-01-14 13:45:10.450661,2e703aa7-4b61-442a-bfa0-7e00c39b1879,KXHIGHMIA-25JAN14-B76.5,36829.549,1,1.0,74.774,75.1,6,94,0,-1.726,-1.4,0.326,0.0,0.0,74.52,6.0,2.7,0.0,-334.693,-27.193,6,0
2025-01-14 13:45:58.474084,29308a76-997c-4cf4-bfff-ff4292a814a2,KXHIGHMIA-25JAN14-B74.5,36781.526,1,-1.0,74.704,75.1,93,7,0,0.204,0.6,0.396,0.0,0.0,93.0,5.4,2.43,0.0,-432.796,30.295,-7,1
2025-01-14 13:46:54.725475,d9fe1cbe-8102-4cf8-a81b-10f63fe5bdf4,KXHIGHMIA-25JAN14-B78.5,36725.275,34,3.0,74.696,75.1,2,98,0,-3.804,-3.4,0.404,0.0,0.0,83.7,4.86,2.0,0.0,-379.63,-13.623,2,0
2025-01-14 13:47:20.415254,230ea507-9df7-4fa4-8a10-41a78c91cc91,KXHIGHMIA-25JAN14-B78.5,36699.585,1,3.0,74.705,75.1,2,98,0,-3.795,-3.4,0.395,0.0,0.0,75.33,4.374,2.0,0.0,-333.408,-13.791,2,0
2025-01-14 13:48:45.662616,87757fbd-cb4d-421e-b492-5553ec51ad0d,KXHIGHMIA-25JAN14-B76.5,36614.337,10,1.0,74.862,75.1,11,89,0,-1.638,-1.4,0.238,0.0,0.0,67.797,11.0,1.8,0.0,-313.302,-22.214,11,0
2025-01-14 13:50:35.434940,c8b2b81c-55e6-410f-8aa4-ad219de23e2c,KXHIGHMIA-25JAN14-B78.5,36504.565,34,3.0,74.881,75.1,2,98,0,-3.619,-3.4,0.219,0.0,0.0,61.017,9.9,2.0,0.0,-274.934,-13.871,2,0
2025-01-14 13:51:58.639632,16fd1423-a042-4287-8368-3142a3331070,KXHIGHMIA-25JAN14-B74.5,36421.36,24,-1.0,74.764,75.1,84,16,1,0.264,0.6,0.336,0.0,0.0,84.0,8.91,1.8,0.0,-392.734,-21.3,16,1
2025-01-14 13:54:12.253628,7754b958-f782-4a5a-930a-6cb29a8402f9,KXHIGHMIA-25JAN14-B74.5,36287.746,10,-1.0,74.719,75.1,93,7,1,0.219,0.6,0.381,0.0,0.0,93.0,8.019,1.62,0.0,-439.007,-30.435,7,1
2025-01-14 13:58:03.547956,bd7c2b75-04c3-4cb1-bce3-45c83438c091,KXHIGHMIA-25JAN14-B78.5,36056.452,30,3.0,74.741,75.1,2,98,0,-3.759,-3.4,0.359,0.0,0.0,83.7,7.217,2.0,0.0,-386.21,-13.874,2,0
2025-01-14 13:58:04.887364,b33668ec-5fa4-40e4-87e0-1b5ff02187a8,KXHIGHMIA-25JAN14-B74.5,36055.113,24,-1.0,74.716,75.1,85,15,1,0.216,0.6,0.384,0.0,0.0,85.0,6.495,1.8,0.0,-390.837,-22.853,15,1
2025-01-14 14:00:20.081411,5f5b264b-3e19-4286-a949-582c135781ae,KXHIGHMIA-25JAN14-B76.5,35919.919,47,1.0,74.974,75.1,20,80,1,-1.526,-1.4,0.126,0.0,0.0,76.5,20.0,1.62,0.0,-392.499,13.24,-20,0
2025-01-14 14:01:40.652039,a459170f-b3e7-431b-aa6a-58683c1948a8,KXHIGHMIA-25JAN14-B74.5,35839.348,24,-1.0,74.9,75.1,85,15,1,0.4,0.6,0.2,0.0,0.0,85.0,18.0,1.458,0.0,-430.202,-22.858,15,1
2025-01-14 14:03:17.478430,1fba866c-12d0-4624-8000-11a0a314417c,KXHIGHMIA-25JAN14-B74.5,35742.522,1,-1.0,74.878,75.1,82,18,0,0.378,0.6,0.222,0.0,0.0,82.0,16.2,1.312,0.0,-406.825,19.862,-18,1
2025-01-14 14:03:22.636867,e4049971-6611-4cba-8143-2655f949f23b,KXHIGHMIA-25JAN14-B78.5,35737.363,8,3.0,74.911,75.1,2,98,0,-3.589,-3.4,0.189,0.0,0.0,73.8,14.58,2.0,0.0,-357.896,-14.111,2,0
2025-01-14 14:03:57.501796,d5089dfa-0348-43a8-be13-199166ff262a,KXHIGHMIA-25JAN14-B74.5,35702.498,40,-1.0,74.802,75.1,96,4,1,0.302,0.6,0.298,0.0,0.0,96.0,13.122,1.8,0.0,-473.015,-34.04,4,1
2025-01-14 14:03:57.501796,8c8d2be4-22c9-4eb3-ba98-8429f5ff37b8,KXHIGHMIA-25JAN14-B74.5,35702.498,50,-1.0,74.783,75.1,93,7,1,0.283,0.6,0.317,0.0,0.0,93.0,11.81,1.62,0.0,-451.471,-31.036,7,1
2025-01-14 14:03:57.501796,672fca02-3948-4d3c-9216-6f1210bfc012,KXHIGHMIA-25JAN14-B74.5,35702.498,20,-1.0,74.753,75.1,95,5,1,0.253,0.6,0.347,0.0,0.0,95.0,10.629,1.458,0.0,-458.29,-32.92,5,1
2025-01-14 14:03:57.501796,618bbe48-0641-47fe-94b8-f4e68b293306,KXHIGHMIA-25JAN14-B74.5,35702.498,40,-1.0,74.735,75.1,93,7,1,0.235,0.6,0.365,0.0,0.0,93.0,9.566,1.312,0.0,-443.49,-30.867,7,1
2025-01-14 14:04:36.021268,2289924f-8d34-429c-b435-03f8b09a5d9a,KXHIGHMIA-25JAN14-B76.5,35663.979,7,1.0,74.718,75.1,3,97,0,-1.782,-1.4,0.382,0.0,0.0,32.427,3.0,0.458,0.0,-115.752,-30.269,3,0
2025-01-14 14:04:36.021268,4426059a-9b4f-4339-80bf-5b0dcfb88a83,KXHIGHMIA-25JAN14-B76.5,35663.979,42,1.0,74.973,75.1,10,90,0,-1.527,-1.4,0.127,0.0,0.0,36.03,10.0,0.508,0.0,-151.827,-23.321,10,0
2025-01-14 14:04:36.021268,501f7857-4db6-4fdf-adb5-0b6cfac9a4af,KXHIGHMIA-25JAN14-B76.5,35663.979,200,1.0,74.75,75.1,5,95,0,-1.75,-1.4,0.35,0.0,0.0,44.482,5.0,0.628,0.0,-176.566,-28.355,5,0
2025-01-14 14:04:36.021268,8f2bd31a-382a-4492-bcb1-8a10c5b0217e,KXHIGHMIA-25JAN14-B76.5,35663.979,111,1.0,74.699,75.1,4,96,0,-1.801,-1.4,0.401,0.0,0.0,49.424,4.0,0.697,0.0,-198.069,-29.356,4,0
2025-01-14 14:04:36.021268,4622ffb9-e18e-4ff7-ac6c-f5d35fe62d20,KXHIGHMIA-25JAN14-B76.5,35663.979,599,1.0,74.806,75.1,6,94,0,-1.694,-1.4,0.294,0.0,0.0,40.033,6.0,0.565,0.0,-158.14,-27.347,6,0
2025-01-14 14:04:36.021268,aee79191-e980-4373-8cd4-200f2ac16503,KXHIGHMIA-25JAN14-B76.5,35663.979,50,1.0,74.826,75.1,10,90,0,-1.674,-1.4,0.274,0.0,0.0,61.017,10.0,0.861,0.0,-273.749,-23.633,10,0
2025-01-14 14:04:36.021268,d23e831f-d4d4-469e-9009-dea390d3f9af,KXHIGHMIA-25JAN14-B76.5,35663.979,93,1.0,74.824,75.1,11,89,0,-1.676,-1.4,0.276,0.0,0.0,67.797,11.0,0.957,0.0,-312.202,-22.683,11,0
2025-01-14 14:04:36.021268,e11888fc-29e4-4efb-872a-9849a7ddae36,KXHIGHMIA-25JAN14-B76.5,35663.979,55,1.0,74.8,75.1,11,89,0,-1.7,-1.4,0.3,0.0,0.0,75.33,11.0,1.063,0.0,-352.009,-22.73,11,0
2025-01-14 14:04:36.021268,e15251c5-5e97-4d2b-9a09-1b5f88b36c78,KXHIGHMIA-25JAN14-B76.5,35663.979,98,1.0,74.643,75.1,4,96,0,-1.857,-1.4,0.457,0.0,0.0,83.7,4.0,1.181,0.0,-376.302,-29.857,4,0
2025-01-14 14:04:36.021268,9746dfca-17ab-4600-9c73-51fa166bddbd,KXHIGHMIA-25JAN14-B76.5,35663.979,50,1.0,74.686,75.1,4,96,0,-1.814,-1.4,0.414,0.0,0.0,54.916,4.0,0.775,0.0,-225.328,-29.58,4,0
2025-01-14 14:10:00.429811,382e3233-f08d-456c-a139-805ca62209f9,KXHIGHMIA-25JAN14-B74.5,35339.57,100,-1.0,74.531,75.1,97,3,1,0.031,0.6,0.569,0.0,0.0,97.0,1.162,0.177,0.0,-443.615,-35.116,3,1
2025-01-14 14:10:00.429811,3aa04674-e8ae-4561-ae48-cb036be40f7c,KXHIGHMIA-25JAN14-B74.5,35339.57,50,-1.0,74.537,75.1,90,10,1,0.037,0.6,0.563,0.0,0.0,90.0,1.291,0.197,0.0,-404.993,-28.12,10,1
2025-01-14 14:10:00.429811,5ae3baff-c672-4da9-8387-fb26f22c7081,KXHIGHMIA-25JAN14-B74.5,35339.57,50,-1.0,74.539,75.1,94,6,1,0.039,0.6,0.561,0.0,0.0,94.0,1.435,0.219,0.0,-427.255,-32.124,6,1
2025-01-14 14:10:00.429811,8cd54c14-bbad-4464-b4fe-4728ec93a0f5,KXHIGHMIA-25JAN14-B74.5,35339.57,30,-1.0,74.542,75.1,97,3,1,0.042,0.6,0.558,0.0,0.0,97.0,1.594,0.243,0.0,-444.147,-35.186,3,1
2025-01-14 14:10:00.429811,c082d8f8-92bd-4bf4-bcd0-bb21bf64fad0,KXHIGHMIA-25JAN14-B74.5,35339.57,47,-1.0,74.552,75.1,96,4,1,0.052,0.6,0.548,0.0,0.0,96.0,1.968,0.3,0.0,-439.149,-34.236,4,1
2025-01-14 14:10:00.429811,da507ed3-e7fa-487f-9f14-ef02036ecfd8,KXHIGHMIA-25JAN14-B74.5,35339.57,21,-1.0,74.562,75.1,89,11,1,0.062,0.6,0.538,0.0,0.0,89.0,2.187,0.334,0.0,-400.834,-27.314,11,1
2025-01-14 14:10:00.429811,faeda608-6c6d-4076-89ba-cd0a391738f3,KXHIGHMIA-25JAN14-B74.5,35339.57,369,-1.0,74.564,75.1,97,3,1,0.064,0.6,0.536,0.0,0.0,97.0,2.43,0.371,0.0,-445.537,-35.435,3,1
2025-01-14 14:10:00.429811,fb25e80a-d17a-4971-9e3a-4423052e2084,KXHIGHMIA-25JAN14-B74.5,35339.57,100,-1.0,74.57,75.1,98,2,1,0.07,0.6,0.53,0.0,0.0,98.0,2.7,0.412,0.0,-451.643,-36.461,2,1
2025-01-14 14:10:00.429811,8f3d35e8-c331-495a-9927-b3e8213c20a3,KXHIGHMIA-25JAN14-B74.5,35339.57,61,-1.0,74.546,75.1,98,2,1,0.046,0.6,0.554,0.0,0.0,98.0,1.771,0.27,0.0,-449.986,-36.232,2,1
2025-01-14 14:10:13.251862,4d704bf1-d126-49e6-a15f-18c430bdea9b,KXHIGHMIA-25JAN14-B76.5,35326.748,50,1.0,74.663,75.1,6,94,0,-1.837,-1.4,0.437,0.0,0.0,70.713,6.0,0.129,0.0,-311.627,-27.874,6,0
2025-01-14 14:10:13.251862,9f7c551a-3ae1-4fbe-ace3-e942bdf37723,KXHIGHMIA-25JAN14-B76.5,35326.748,36,1.0,74.635,75.1,6,94,0,-1.865,-1.4,0.465,0.0,0.0,87.3,6.0,0.16,0.0,-400.632,-27.991,6,0
2025-01-14 14:10:13.251862,8ad8ffcf-7f4a-4a1f-8132-b42ffa247cce,KXHIGHMIA-25JAN14-B76.5,35326.748,19,1.0,74.58,75.1,3,97,0,-1.92,-1.4,0.52,0.0,0.0,78.57,3.0,0.144,0.0,-345.896,-30.977,3,0
2025-01-14 14:10:28.830487,029005a7-a870-47b1-988c-bcff8bbf5db7,KXHIGHMIA-25JAN14-B74.5,35311.17,7,-1.0,74.618,75.1,81,19,0,0.118,0.6,0.482,0.0,0.0,81.0,4.86,0.105,0.0,-363.398,19.469,-19,1
2025-01-14 14:10:28.830487,9cab39fd-0e55-4235-b499-a15e607eec97,KXHIGHMIA-25JAN14-B74.5,35311.17,6,-1.0,74.629,75.1,82,18,0,0.129,0.6,0.471,0.0,0.0,82.0,5.4,0.116,0.0,-370.207,20.544,-18,1
2025-01-14 14:10:40.852389,4f87810e-b330-42d6-9218-ed5c8f2c50ab,KXHIGHMIA-25JAN14-B78.5,35299.148,36,3.0,74.663,75.1,1,99,0,-3.837,-3.4,0.437,0.0,0.0,72.9,4.374,1.0,0.0,-319.129,-15.316,1,0
2025-01-14 14:10:40.852389,41ef54f3-a0fb-419c-987a-fb3ffbb7202f,KXHIGHMIA-25JAN14-B78.5,35299.148,54,3.0,74.668,75.1,1,99,0,-3.832,-3.4,0.432,0.0,0.0,65.61,3.937,1.0,0.0,-279.889,-15.279,1,0
2025-01-14 14:10:40.852389,0fab4c41-c2dd-40bf-93a0-9bed26869063,KXHIGHMIA-25JAN14-B78.5,35299.148,45,3.0,74.674,75.1,1,99,0,-3.826,-3.4,0.426,0.0,0.0,59.049,3.543,1.0,0.0,-245.305,-15.241,1,0
2025-01-14 14:11:13.501154,bc64f805-1441-41ba-9cb6-dad1debf44bc,KXHIGHMIA-25JAN14-B74.5,35266.499,19,-1.0,74.604,75.1,92,8,1,0.104,0.6,0.496,0.0,0.0,92.0,3.189,0.9,0.0,-419.607,-30.63,8,1
2025-01-14 14:11:13.501154,732e6a5a-26e6-4420-918f-5326f43d7d08,KXHIGHMIA-25JAN14-B74.5,35266.499,50,-1.0,74.594,75.1,92,8,1,0.094,0.6,0.506,0.0,0.0,92.0,2.87,0.81,0.0,-418.859,-30.555,8,1
2025-01-14 14:13:00.822293,e969aa11-c7c6-4d98-8786-ff2b38d1b8e2,KXHIGHMIA-25JAN14-B74.5,35159.178,50,-1.0,74.582,75.1,95,5,1,0.082,0.6,0.518,0.0,0.0,95.0,2.583,0.729,0.0,-434.839,-33.708,5,1
2025-01-14 14:13:00.822293,c2f3a591-3b5c-409e-a95e-125fcb65f894,KXHIGHMIA-25JAN14-B74.5,35159.178,50,-1.0,74.574,75.1,95,5,1,0.074,0.6,0.526,0.0,0.0,95.0,2.325,0.656,0.0,-434.303,-33.705,5,1
2025-01-14 14:15:38.649017,964317cd-8cca-4731-b8b6-6acf89b45a66,KXHIGHMIA-25JAN14-B74.5,35001.351,21,-1.0,74.566,75.1,96,4,0,0.066,0.6,0.534,0.0,0.0,96.0,2.092,0.59,0.0,-439.411,34.889,-4,1
2025-01-14 14:15:38.906024,d7489b6d-2c53-4f43-8d3d-8d01fa3d959f,KXHIGHMIA-25JAN14-B74.5,35001.094,50,-1.0,74.56,75.1,96,4,0,0.06,0.6,0.54,0.0,0.0,96.0,1.883,0.531,0.0,-439.033,34.895,-4,1
2025-01-14 14:17:19.553094,4118b72d-7979-4ea0-8243-9e5dc0d28d19,KXHIGHMIA-25JAN14-B74.5,34900.447,8,-1.0,74.555,75.1,95,5,0,0.055,0.6,0.545,0.0,0.0,95.0,1.695,0.478,0.0,-433.159,33.921,-5,1
2025-01-14 14:20:14.403426,9829043f-5bfb-4d69-b4e4-365c6c025127,KXHIGHMIA-25JAN14-B74.5,34725.597,16,-1.0,74.549,75.1,95,5,0,0.049,0.6,0.551,0.0,0.0,95.0,1.525,0.43,0.0,-432.899,33.975,-5,1
2025-01-14 14:20:31.748822,7712c689-a2cb-489a-9d08-d7f12f23dc6b,KXHIGHMIA-25JAN14-B76.5,34708.251,10,1.0,74.877,75.1,19,81,1,-1.623,-1.4,0.223,0.0,0.0,85.5,19.0,0.387,0.0,-435.925,15.177,-19,0
2025-01-14 14:21:05.846127,c9f2ded0-4beb-4031-b725-dfd12c7912a7,KXHIGHMIA-25JAN14-B74.5,34674.154,17,-1.0,74.817,75.1,95,5,0,0.317,0.6,0.283,0.0,0.0,95.0,17.1,0.349,0.0,-480.799,34.007,-5,1
2025-01-14 14:22:24.211598,2b9864ad-5a96-4d6d-9319-a6249f4ee7d9,KXHIGHMIA-25JAN14-B74.5,34595.788,2,-1.0,74.787,75.1,96,4,1,0.287,0.6,0.313,0.0,0.0,96.0,15.39,0.314,0.0,-479.886,-35.011,4,1
2025-01-14 14:24:49.888845,fb4b5929-8354-4237-a283-5638089223ff,KXHIGHMIA-25JAN14-B74.5,34450.111,38,-1.0,74.764,75.1,95,5,0,0.264,0.6,0.336,0.0,0.0,95.0,13.851,0.282,0.0,-468.667,34.058,-5,1
2025-01-14 14:26:36.658983,71db4ade-df15-4572-ac44-c9e51653804a,KXHIGHMIA-25JAN14-B74.5,34343.341,17,-1.0,74.741,75.1,95,5,0,0.241,0.6,0.359,0.0,0.0,95.0,12.466,0.254,0.0,-463.722,34.226,-5,1
2025-01-14 14:27:45.226575,64c9923d-9aae-4d9a-bef9-dc32fd65a97f,KXHIGHMIA-25JAN14-B74.5,34274.773,46,-1.0,74.719,75.1,95,5,0,0.219,0.6,0.381,0.0,0.0,95.0,11.219,0.229,0.0,-459.405,34.307,-5,1
2025-01-14 14:28:20.334570,9d8e52bc-97a3-4163-b945-caa4ad728968,KXHIGHMIA-25JAN14-B74.5,34239.665,100,-1.0,74.7,75.1,95,5,0,0.2,0.6,0.4,0.0,0.0,95.0,10.097,0.206,0.0,-455.641,35.053,-5,1
2025-01-14 14:28:20.334570,950beab2-9fe9-4224-91ad-40cb9bd11787,KXHIGHMIA-25JAN14-B74.5,34239.665,47,-1.0,74.681,75.1,95,5,0,0.181,0.6,0.419,0.0,0.0,95.0,9.088,0.185,0.0,-452.362,34.655,-5,1
2025-01-14 14:35:31.680913,e33e34d0-87f5-4fe3-a6c2-f07b3578c200,KXHIGHMIA-25JAN14-B76.5,33808.319,7,1.0,74.77,75.1,13,87,1,-1.73,-1.4,0.33,0.0,0.0,85.5,13.0,0.167,0.0,-413.394,21.182,-13,0
2025-01-14 14:44:58.599385,4cd5389e-242c-4d75-b1e7-7d3c7a4999b5,KXHIGHMIA-25JAN14-B76.5,33241.401,16,1.0,74.582,75.1,3,97,0,-1.918,-1.4,0.518,0.0,0.0,76.95,3.0,0.15,0.0,-337.217,-31.237,3,0
2025-01-14 14:45:55.713965,7f1b8872-0402-4d18-85cb-861d259d000a,KXHIGHMIA-25JAN14-B74.5,33184.286,50,-1.0,74.561,75.1,95,5,1,0.061,0.6,0.539,0.0,0.0,95.0,2.7,0.135,0.0,-435.03,-35.09,5,1
2025-01-14 14:45:55.713965,7840d10e-7a8e-4bcc-a934-f5fc6aa9e43e,KXHIGHMIA-25JAN14-B74.5,33184.286,48,-1.0,74.554,75.1,96,4,1,0.054,0.6,0.546,0.0,0.0,96.0,2.43,0.122,0.0,-440.079,-36.066,4,1
2025-01-14 14:45:55.713965,5a2cd7dc-ef9c-42ee-8a6c-4f437c8e121f,KXHIGHMIA-25JAN14-B74.5,33184.286,24,-1.0,74.548,75.1,97,3,1,0.048,0.6,0.552,0.0,0.0,97.0,2.187,0.109,0.0,-445.216,-37.062,3,1
2025-01-14 14:45:55.713965,4252920b-72e6-4560-abe5-a8d740c722cf,KXHIGHMIA-25JAN14-B74.5,33184.286,8,-1.0,74.543,75.1,98,2,1,0.043,0.6,0.557,0.0,0.0,98.0,1.968,0.098,0.0,-450.431,-38.059,2,1
2025-01-14 14:45:55.713965,21e7ebe7-70e5-4851-8163-59f8b7e649c3,KXHIGHMIA-25JAN14-B74.5,33184.286,17,-1.0,74.54,75.1,95,5,1,0.04,0.6,0.56,0.0,0.0,95.0,1.771,0.089,0.0,-433.416,-35.056,5,1
2025-01-14 14:52:25.490152,0faa1b16-98f7-43e2-9bb7-9059d1ca5fd6,KXHIGHMIA-25JAN14-B76.5,32794.51,50,1.0,74.549,75.1,2,98,0,-1.951,-1.4,0.551,0.0,0.0,85.5,2.0,0.08,0.0,-381.533,-32.364,2,0
2025-01-14 14:52:25.490152,06df9139-ea25-446b-b5f5-9ab5858dc57a,KXHIGHMIA-25JAN14-B76.5,32794.51,31,1.0,74.554,75.1,2,98,0,-1.946,-1.4,0.546,0.0,0.0,76.95,2.0,0.072,0.0,-335.403,-32.314,2,0
2025-01-14 14:56:45.217919,55b9be4e-ff29-468d-90f9-40cd144678c5,KXHIGHMIA-25JAN14-B74.5,32534.782,15,-1.0,74.535,75.1,97,3,1,0.035,0.6,0.565,0.0,0.0,97.0,1.62,0.058,0.0,-444.363,-37.147,3,1
2025-01-14 14:56:45.217919,3bb24bdb-0a21-4681-a050-6bbf6c6fc2f2,KXHIGHMIA-25JAN14-B74.5,32534.782,16,-1.0,74.532,75.1,97,3,1,0.032,0.6,0.568,0.0,0.0,97.0,1.458,0.052,0.0,-444.142,-37.106,3,1
2025-01-14 14:56:45.217919,590544fb-d424-4cfd-80b6-1487b2e2f105,KXHIGHMIA-25JAN14-B74.5,32534.782,50,-1.0,74.539,75.1,97,3,1,0.039,0.6,0.561,0.0,0.0,97.0,1.8,0.065,0.0,-444.628,-37.159,3,1
2025-01-14 14:57:39.294164,24e347e3-3ba7-4045-8056-a1f2ab387079,KXHIGHMIA-25JAN14-B74.5,32480.706,378,-1.0,74.528,75.1,98,2,1,0.028,0.6,0.572,0.0,0.0,98.0,1.312,0.047,0.0,-449.539,-38.179,2,1
2025-01-14 14:57:46.627919,c2324d7e-e1b5-4514-9981-ae94760c7fbe,KXHIGHMIA-25JAN14-B76.5,32473.372,50,1.0,74.546,75.1,2,98,0,-1.954,-1.4,0.554,0.0,0.0,88.2,2.0,0.042,0.0,-396.354,-32.44,2,0
2025-01-14 14:58:20.613138,f3a2eda1-ff0e-4aff-aaed-6ff9f940d5cd,KXHIGHMIA-25JAN14-B76.5,32439.387,100,1.0,74.527,75.1,1,99,0,-1.973,-1.4,0.573,0.0,0.0,79.38,1.0,0.038,0.0,-347.103,-33.443,1,0
2025-01-14 14:58:20.613138,afa668d8-8401-48b3-9e13-78510a678b7e,KXHIGHMIA-25JAN14-B76.5,32439.387,335,1.0,74.529,75.1,1,99,0,-1.971,-1.4,0.571,0.0,0.0,71.442,1.0,0.034,0.0,-304.862,-33.441,1,0
2025-01-14 15:01:03.959032,c6cbb582-a02f-4cdc-933c-263a40dbed22,KXHIGHMIA-25JAN14-B74.5,32276.041,36,-1.0,74.519,75.1,98,2,0,0.019,0.6,0.581,0.0,0.0,98.0,0.9,0.031,0.0,-449.125,38.254,-2,1
2025-01-14 15:01:04.977682,0b40152e-79bd-40f6-a175-cc1de158c56c,KXHIGHMIA-25JAN14-B74.5,32275.022,12,-1.0,74.518,75.1,98,2,0,0.018,0.6,0.582,0.0,0.0,98.0,0.81,0.028,0.0,-449.056,38.291,-2,1
2025-01-14 15:03:19.606809,3948c4ee-5b36-4d13-b957-b1529f5436fd,KXHIGHMIA-25JAN14-B74.5,32140.393,111,-1.0,74.516,75.1,98,2,0,0.016,0.6,0.584,0.0,0.0,98.0,0.729,0.025,0.0,-449.004,38.294,-2,1
2025-01-14 15:05:48.969291,c89303a8-ab07-486a-84ee-79dffdc3524f,KXHIGHMIA-25JAN14-B76.5,31991.031,6,1.0,74.854,75.1,17,83,1,-1.646,-1.4,0.246,0.0,0.0,79.38,17.0,0.02,0.0,-395.313,17.48,-17,0
2025-01-14 15:05:48.969291,f0b460dc-76ff-4748-896d-8ad7933c075c,KXHIGHMIA-25JAN14-B76.5,31991.031,1,1.0,74.808,75.1,16,84,1,-1.692,-1.4,0.292,0.0,0.0,88.2,16.0,0.023,0.0,-439.377,18.487,-16,0
2025-01-14 15:06:31.075741,d1644788-7174-4744-8c32-e15fe5add920,KXHIGHMIA-25JAN14-B74.5,31948.924,33,-1.0,74.771,75.1,98,2,0,0.271,0.6,0.329,0.0,0.0,98.0,15.3,0.018,0.0,-490.99,38.318,-2,1
2025-01-14 15:06:32.075658,729f5390-26c3-4ddf-83cb-9a9785dadb06,KXHIGHMIA-25JAN14-B74.5,31947.924,10,-1.0,74.747,75.1,98,2,0,0.247,0.6,0.353,0.0,0.0,98.0,13.77,0.016,0.0,-485.371,38.321,-2,1
2025-01-14 15:11:21.029785,b96ebc58-d6a3-4bce-bbf7-e1f512bdfbec,KXHIGHMIA-25JAN14-B74.5,31658.97,32,-1.0,74.725,75.1,98,2,0,0.225,0.6,0.375,0.0,0.0,98.0,12.393,0.015,0.0,-480.459,38.353,-2,1
2025-01-14 15:11:21.853359,49c8ca7d-22f2-43e0-9ea5-473142924583,KXHIGHMIA-25JAN14-B74.5,31658.147,10,-1.0,74.705,75.1,98,2,0,0.205,0.6,0.395,0.0,0.0,98.0,11.154,0.013,0.0,-476.17,38.356,-2,1
2025-01-14 15:12:45.983592,189c4131-c2b3-4725-a1ad-2b50975b3a04,KXHIGHMIA-25JAN14-B74.5,31574.016,100,-1.0,74.685,75.1,99,1,1,0.185,0.6,0.415,0.0,0.0,99.0,10.038,0.012,0.0,-478.016,-39.428,1,1
2025-01-14 15:12:47.985022,08854628-f466-44ff-9938-c96c4f47f82a,KXHIGHMIA-25JAN14-B74.5,31572.015,65,-1.0,74.613,75.1,99,1,1,0.113,0.6,0.487,0.0,0.0,99.0,5.928,0.007,0.0,-465.431,-39.667,1,1
2025-01-14 15:12:47.985022,42c90632-053a-4822-a608-e78b4bbe6773,KXHIGHMIA-25JAN14-B74.5,31572.015,198,-1.0,74.625,75.1,99,1,1,0.125,0.6,0.475,0.0,0.0,99.0,6.586,0.008,0.0,-467.293,-39.841,1,1
2025-01-14 15:12:47.985022,bf9c5aa4-f08c-4110-9002-59cf2275bbe7,KXHIGHMIA-25JAN14-B74.5,31572.015,200,-1.0,74.668,75.1,99,1,1,0.168,0.6,0.432,0.0,0.0,99.0,9.034,0.011,0.0,-474.753,-39.911,1,1
2025-01-14 15:12:47.985022,8cf92857-8d66-4bc1-a096-ea29a888853b,KXHIGHMIA-25JAN14-B74.5,31572.015,14,-1.0,74.652,75.1,99,1,1,0.152,0.6,0.448,0.0,0.0,99.0,8.131,0.01,0.0,-471.912,-39.873,1,1
2025-01-14 15:12:47.985022,4c7a39c0-8f9e-4b84-a1d1-b40bca28e4c7,KXHIGHMIA-25JAN14-B74.5,31572.015,33,-1.0,74.638,75.1,99,1,1,0.138,0.6,0.462,0.0,0.0,99.0,7.318,0.009,0.0,-469.441,-39.843,1,1
2025-01-14 15:12:51.608643,c3299df3-5ef0-4b56-a04f-bb9164f910df,KXHIGHMIA-25JAN14-B76.5,31568.391,215,1.0,74.522,75.1,1,99,0,-1.978,-1.4,0.578,0.0,0.0,89.1,1.0,0.006,0.0,-400.005,-33.511,1,0
2025-01-14 15:12:51.608643,91e2156b-cd78-4396-a3f1-5cdb3552949c,KXHIGHMIA-25JAN14-B76.5,31568.391,150,1.0,74.525,75.1,1,99,0,-1.975,-1.4,0.575,0.0,0.0,80.19,1.0,0.006,0.0,-351.555,-33.504,1,0
2025-01-14 15:12:51.608643,1fe415a3-30f9-418e-9793-ceefe65255d6,KXHIGHMIA-25JAN14-B76.5,31568.391,50,1.0,74.528,75.1,1,99,0,-1.972,-1.4,0.572,0.0,0.0,72.171,1.0,0.005,0.0,-308.795,-33.497,1,0
2025-01-14 15:12:51.608643,0d7c5076-0ad7-4da9-a380-d2e899e566f3,KXHIGHMIA-25JAN14-B76.5,31568.391,7,1.0,74.531,75.1,1,99,0,-1.969,-1.4,0.569,0.0,0.0,64.954,1.0,0.005,0.0,-271.072,-33.489,1,0
2025-01-14 15:23:10.466751,fc873289-99ed-44c1-b7f0-7037772f66c4,KXHIGHMIA-25JAN14-B76.5,30949.533,10,1.0,74.566,75.1,2,98,1,-1.934,-1.4,0.534,0.0,0.0,58.459,2.0,0.004,0.0,-239.191,32.587,-2,0
2025-01-14 15:24:30.608957,4bf50cd8-186e-418d-967e-56261e1ba7df,KXHIGHMIA-25JAN14-B74.5,30869.391,25,-1.0,74.536,75.1,98,2,0,0.036,0.6,0.564,0.0,0.0,98.0,1.8,0.004,0.0,-450.364,38.918,-2,1
2025-01-14 15:24:51.615170,fe996be5-821c-4a3b-9eaf-d696c6281e07,KXHIGHMIA-25JAN14-B74.5,30848.385,13,-1.0,74.532,75.1,99,1,1,0.032,0.6,0.568,0.0,0.0,99.0,1.62,0.003,0.0,-455.679,-41.269,1,1
2025-01-14 15:24:51.615170,48d5339a-4a35-4310-a7a8-2879d2fde1d2,KXHIGHMIA-25JAN14-B74.5,30848.385,4,-1.0,74.529,75.1,99,1,1,0.029,0.6,0.571,0.0,0.0,99.0,1.458,0.003,0.0,-455.449,-41.218,1,1
2025-01-14 15:24:51.615170,1ea6e643-88d9-43e0-816d-d843f7e99021,KXHIGHMIA-25JAN14-B74.5,30848.385,13,-1.0,74.526,75.1,99,1,1,0.026,0.6,0.574,0.0,0.0,99.0,1.312,0.003,0.0,-455.257,-41.193,1,1
2025-01-14 15:24:51.615170,172486e1-7142-4260-ae40-4e84bef00db0,KXHIGHMIA-25JAN14-B74.5,30848.385,33,-1.0,74.524,75.1,99,1,1,0.024,0.6,0.576,0.0,0.0,99.0,1.181,0.002,0.0,-455.099,-40.942,1,1
2025-01-14 15:25:55.668847,175024ef-13b2-4147-a76d-5466c52eddbf,KXHIGHMIA-25JAN14-B74.5,30784.331,33,-1.0,74.517,75.1,99,1,1,0.017,0.6,0.583,0.0,0.0,99.0,0.861,0.002,0.0,-454.777,-41.448,1,1
2025-01-14 15:25:55.668847,583e7b23-3f48-4ed6-9b14-cf33dba7800c,KXHIGHMIA-25JAN14-B74.5,30784.331,11,-1.0,74.519,75.1,99,1,1,0.019,0.6,0.581,0.0,0.0,99.0,0.957,0.002,0.0,-454.862,-41.722,1,1
2025-01-14 15:25:55.668847,dfa7abe1-ee54-47b6-9f4f-3e5eed13c9ae,KXHIGHMIA-25JAN14-B74.5,30784.331,13,-1.0,74.521,75.1,99,1,1,0.021,0.6,0.579,0.0,0.0,99.0,1.063,0.002,0.0,-454.968,-41.819,1,1
2025-01-14 15:26:44.274157,cbaa3c95-ec44-4956-b6bd-f771d068148b,KXHIGHMIA-25JAN14-B78.5,30735.726,1,3.0,74.561,75.1,1,99,1,-3.939,-3.4,0.539,0.0,0.0,89.1,0.775,1.0,0.0,-399.84,15.421,-1,0
2025-01-14 15:34:13.873738,dfa6e4c6-d192-4070-9690-28cb6c698d8c,KXHIGHMIA-25JAN14-B74.5,30286.126,8,-1.0,74.55,75.1,99,1,1,0.05,0.6,0.55,0.0,0.0,99.0,0.697,0.9,0.0,-454.571,-42.535,1,1
2025-01-14 15:34:13.873738,92c86045-85e5-400b-a593-2414b86c0e50,KXHIGHMIA-25JAN14-B74.5,30286.126,33,-1.0,74.545,75.1,99,1,1,0.045,0.6,0.555,0.0,0.0,99.0,0.628,0.81,0.0,-454.454,-42.426,1,1
2025-01-14 15:34:13.873738,14a42697-1688-4aec-b57e-83bbc30d86de,KXHIGHMIA-25JAN14-B74.5,30286.126,13,-1.0,74.54,75.1,99,1,1,0.04,0.6,0.56,0.0,0.0,99.0,0.565,0.729,0.0,-454.364,-41.858,1,1
2025-01-14 15:36:43.827638,8ee2afc3-47bf-4ed6-96f0-bdaa3d23a36b,KXHIGHMIA-25JAN14-B76.5,30136.172,232,1.0,74.551,75.1,1,99,1,-1.949,-1.4,0.549,0.0,0.0,89.1,1.0,0.656,0.0,-399.761,33.653,-1,0
2025-01-14 15:36:43.827638,67fd288e-ea67-48d6-ac88-89f8a9de3efc,KXHIGHMIA-25JAN14-B76.5,30136.172,440,1.0,74.577,75.1,2,98,1,-1.923,-1.4,0.523,0.0,0.0,80.19,2.0,0.59,0.0,-352.66,32.622,-2,0
2025-01-14 15:36:43.827638,52843a29-2af8-48cf-bf3d-ee2235117c87,KXHIGHMIA-25JAN14-B76.5,30136.172,90,1.0,74.556,75.1,1,99,1,-1.944,-1.4,0.544,0.0,0.0,72.171,1.0,0.531,0.0,-308.487,33.621,-1,0
2025-01-14 15:36:43.827638,052a256f-a610-47a3-934a-89aad951eba2,KXHIGHMIA-25JAN14-B76.5,30136.172,397,1.0,74.616,75.1,3,97,1,-1.884,-1.4,0.484,0.0,0.0,64.954,3.0,0.478,0.0,-274.04,31.588,-3,0
2025-01-14 15:38:09.109189,eb96101d-4469-40eb-a720-f42cf9f875db,KXHIGHMIA-25JAN14-B74.5,30050.891,13,-1.0,74.57,75.1,99,1,1,0.07,0.6,0.53,0.0,0.0,99.0,2.7,0.43,0.0,-457.236,-42.803,1,1
2025-01-14 15:38:09.109189,8c7025bc-03cd-4799-b587-97e68c70514c,KXHIGHMIA-25JAN14-B74.5,30050.891,7,-1.0,74.563,75.1,99,1,1,0.063,0.6,0.537,0.0,0.0,99.0,2.43,0.387,0.0,-456.707,-42.654,1,1
2025-01-14 15:38:09.109189,444cd9a3-d177-47e0-af4e-f08db319aa77,KXHIGHMIA-25JAN14-B74.5,30050.891,33,-1.0,74.557,75.1,99,1,1,0.057,0.6,0.543,0.0,0.0,99.0,2.187,0.349,0.0,-456.261,-42.546,1,1
2025-01-14 15:48:43.816828,6bf5f690-f119-401d-8b70-3dd6f1c20f07,KXHIGHMIA-25JAN14-B74.5,29416.183,10,-1.0,74.551,75.1,99,1,1,0.051,0.6,0.549,0.0,0.0,99.0,1.968,0.314,0.0,-455.886,-42.834,1,1
2025-01-14 15:58:19.787938,807aed3a-957b-4c2e-80d9-9be8db218dec,KXHIGHMIA-25JAN14-B74.5,28840.212,4,-1.0,74.538,75.1,99,1,1,0.038,0.6,0.562,0.0,0.0,99.0,1.435,0.229,0.0,-455.098,-42.84,1,1
2025-01-14 15:58:19.787938,abf5948a-4725-4e87-8174-dc849f824ce7,KXHIGHMIA-25JAN14-B74.5,28840.212,3,-1.0,74.546,75.1,99,1,1,0.046,0.6,0.554,0.0,0.0,99.0,1.771,0.282,0.0,-455.573,-42.893,1,1
2025-01-14 15:58:19.787938,a613c718-9844-472a-9585-1bcb5d623d7f,KXHIGHMIA-25JAN14-B74.5,28840.212,33,-1.0,74.542,75.1,99,1,1,0.042,0.6,0.558,0.0,0.0,99.0,1.594,0.254,0.0,-455.312,-42.862,1,1
2025-01-14 16:02:52.886356,dfc312a2-f7d2-4869-87ad-51f3a43286ad,KXHIGHMIA-25JAN14-B74.5,28567.114,12,-1.0,74.534,75.1,99,1,1,0.034,0.6,0.566,0.0,0.0,99.0,1.291,0.206,0.0,-454.922,-42.935,1,1
2025-01-14 16:16:31.471713,b42f9f20-673c-4fcb-861a-bc62d44ec4cc,KXHIGHMIA-25JAN14-B74.5,27748.528,1,-1.0,74.531,75.1,99,1,1,0.031,0.6,0.569,0.0,0.0,99.0,1.162,0.185,0.0,-454.779,-43.794,1,1
2025-01-14 16:16:31.471713,94687c47-8bfa-4e24-badd-c4fc75fa4268,KXHIGHMIA-25JAN14-B74.5,27748.528,3,-1.0,74.528,75.1,99,1,1,0.028,0.6,0.572,0.0,0.0,99.0,1.046,0.167,0.0,-454.665,-43.63,1,1
2025-01-14 16:16:31.471713,80f34243-77df-44ba-928f-cbfb783efe5f,KXHIGHMIA-25JAN14-B74.5,27748.528,33,-1.0,74.525,75.1,99,1,1,0.025,0.6,0.575,0.0,0.0,99.0,0.941,0.15,0.0,-454.575,-43.602,1,1
2025-01-14 16:25:19.393586,6e401c45-d2b5-4db7-a360-e2aa189f2f64,KXHIGHMIA-25JAN14-B76.5,27220.606,20,1.0,74.528,75.1,1,99,1,-1.972,-1.4,0.572,0.0,0.0,89.1,1.0,0.135,0.0,-399.767,33.675,-1,0
2025-01-14 16:25:19.393586,50f56f94-0fbb-4d93-ab71-ade2c0530038,KXHIGHMIA-25JAN14-B76.5,27220.606,9,1.0,74.555,75.1,2,98,1,-1.945,-1.4,0.545,0.0,0.0,80.19,2.0,0.122,0.0,-352.715,32.657,-2,0
2025-01-14 16:29:44.716102,2e9a16bc-3cc5-4794-8ca6-98c9674a918e,KXHIGHMIA-25JAN14-B76.5,26955.284,291,1.0,74.603,75.1,3,97,1,-1.897,-1.4,0.497,0.0,0.0,58.459,3.0,0.089,0.0,-240.909,31.704,-3,0
2025-01-14 16:29:44.716102,f3fd4c02-c081-4d12-b7c0-f9f1d060e09b,KXHIGHMIA-25JAN14-B76.5,26955.284,103,1.0,74.586,75.1,3,97,1,-1.914,-1.4,0.514,0.0,0.0,72.171,3.0,0.109,0.0,-311.876,31.75,-3,0
2025-01-14 16:29:44.716102,e5841511-a669-431b-a29c-222caf79b8b5,KXHIGHMIA-25JAN14-B76.5,26955.284,491,1.0,74.566,75.1,2,98,1,-1.934,-1.4,0.534,0.0,0.0,64.954,2.0,0.098,0.0,-272.255,32.717,-2,0
2025-01-14 16:51:58.724839,c449d769-37a9-4379-903f-fc1cd8cca581,KXHIGHMIA-25JAN14-B76.5,25621.275,20,1.0,74.543,75.1,1,99,1,-1.957,-1.4,0.557,0.0,0.0,52.613,1.0,0.08,0.0,-208.3,33.759,-1,0
2025-01-14 16:53:52.900317,5e0b9f15-1689-4b88-a84b-ccddcc3f733d,KXHIGHMIA-25JAN14-B74.5,25507.1,10,-1.0,74.521,75.1,99,1,0,0.021,0.6,0.579,0.0,0.0,99.0,0.9,0.072,0.0,-454.633,43.825,-1,1
2025-01-14 17:58:54.357358,30c50336-f96f-4988-87be-6077bcdfef0b,KXHIGHMIA-25JAN14-B76.5,21605.643,457,1.0,74.525,75.1,1,99,1,-1.975,-1.4,0.575,0.0,0.0,89.1,1.0,0.065,0.0,-399.861,33.763,-1,0
2025-01-14 18:31:56.291338,4289d29c-64f1-4d04-9620-a3c07830f29b,KXHIGHMIA-25JAN14-B74.5,19623.709,20,-1.0,74.518,75.1,99,1,0,0.018,0.6,0.582,0.0,0.0,99.0,0.81,0.052,0.0,-454.592,43.858,-1,1
2025-01-14 18:31:56.291338,a898079b-11f9-4b22-91c5-c1972b3afc29,KXHIGHMIA-25JAN14-B74.5,19623.709,10,-1.0,74.52,75.1,99,1,0,0.02,0.6,0.58,0.0,0.0,99.0,0.9,0.058,0.0,-454.657,44.21,-1,1
2025-01-14 23:01:39.669245,a78f913d-c63b-4cc1-807b-e0017d148c1e,KXHIGHMIA-25JAN14-B74.5,3440.331,1,-1.0,74.517,75.1,99,1,0,0.017,0.6,0.583,0.0,0.0,99.0,0.729,0.047,0.0,-454.543,44.976,-1,1
