time,day_of_year,time_to_strike,time_of_day,count,yes_price,no_price,taker_side,shift,DF_temperature_2m_max,DF_temperature_2m_max_dev,DF_temperature_2m_min,DF_temperature_2m_min_dev,DF_apparent_temperature_max,DF_apparent_temperature_max_dev,DF_apparent_temperature_min,DF_apparent_temperature_min_dev,DF_showers_sum,DF_snowfall_sum,DF_precipitation_sum,DF_precipitation_hours,DF_rain_sum,DF_precipitation_probability_max,DF_wind_gusts_10m_max,DF_wind_speed_10m_max,DF_daylight_duration,DF_sunshine_duration,DF_cloud_cover_max,DF_cloud_cover_min,CF_temperature_2m,CF_temperature_2m_dev,CF_apparent_temperature,CF_apparent_temperature_dev,CF_precipitation_probability,CF_precipitation,CF_rain,CF_showers,CF_snowfall,CF_cloud_cover_high,CF_cloud_cover,CF_wind_speed_10m,CF_wind_gusts_10m,CF_cloud_cover_mid,STF_temperature_2m,STF_temperature_2m_dev,STF_apparent_temperature,STF_apparent_temperature_dev,STF_precipitation_probability,STF_precipitation,STF_rain,STF_showers,STF_snowfall,STF_cloud_cover_high,STF_cloud_cover,STF_wind_speed_10m,STF_wind_gusts_10m,STF_cloud_cover_mid,impact,result,count_agg_2,yes_price_vol_2,count_vol_2,taker_side_sentiment_2,yes_price_sentiment_2,count_sentiment_2,yes_price_trend_2,count_agg_5,yes_price_vol_5,count_vol_5,taker_side_sentiment_5,yes_price_sentiment_5,count_sentiment_5,yes_price_trend_5,count_agg_15,yes_price_vol_15,count_vol_15,taker_side_sentiment_15,yes_price_sentiment_15,count_sentiment_15,yes_price_trend_15,count_agg_60,yes_price_vol_60,count_vol_60,taker_side_sentiment_60,yes_price_sentiment_60,count_sentiment_60,yes_price_trend_60,count_agg_120,yes_price_vol_120,count_vol_120,taker_side_sentiment_120,yes_price_sentiment_120,count_sentiment_120,yes_price_trend_120
2025-05-17 15:54:47.889097,137,137052.110903,15.913055555555555,10,16,84,1,-3.0,0.4000000000000057,-1.3999999999999915,-22.299999999999997,-24.099999999999994,-2.4000000000000057,-4.200000000000003,-26.700000000000003,-28.5,0.0,0.0,0.2,1.0,0.2,29,47.9,22.5,52097.72,36083.9,100,0,1.7999999999999972,-1.3999999999999915,-4.5,4.900000000000006,2,0.0,0.0,0.0,0.0,4,100,8.6,14.8,100,1.9000000000000057,-1.5,-5.200000000000003,5.6000000000000085,10,0.0,0.0,0.0,0.0,99,99,16.3,19.8,99,6.271720613287904,-16,10,,,1.0,16.0,10.0,0,10,,,1.0,16.0,10.0,0,10,,,1.0,16.0,10.0,0,10,,,1.0,16.0,10.0,0,10,,,1.0,16.0,10.0,0
2025-05-17 15:55:23.222168,137,137016.777832,15.923055555555555,10,18,82,0,-3.0,0.4000000000000057,-1.3999999999999915,-22.299999999999997,-24.099999999999994,-2.4000000000000057,-4.200000000000003,-26.700000000000003,-28.5,0.0,0.0,0.2,1.0,0.2,29,47.9,22.5,52097.72,36083.9,100,0,1.7999999999999972,-1.3999999999999915,-4.5,4.900000000000006,2,0.0,0.0,0.0,0.0,4,100,8.6,14.8,100,1.9000000000000057,-1.5,-5.200000000000003,5.6000000000000085,10,0.0,0.0,0.0,0.0,99,99,16.3,19.8,99,4.2851045667947005,18,20,1.4142135623730951,0.0,0.5,17.0,10.0,-2,20,1.4142135623730951,0.0,0.5,17.0,10.0,-2,20,1.4142135623730951,0.0,0.5,17.0,10.0,-2,20,1.4142135623730951,0.0,0.5,17.0,10.0,-2,20,1.4142135623730951,0.0,0.5,17.0,10.0,-2
2025-05-17 16:00:27.443569,137,136712.556431,16.0075,7,20,80,0,-3.0,0.4000000000000057,-1.5,-22.299999999999997,-24.200000000000003,-2.4000000000000057,-4.300000000000011,-26.700000000000003,-28.60000000000001,0.0,0.0,0.2,1.0,0.2,29,47.9,22.5,52097.72,36083.9,100,0,1.9000000000000057,-1.5,-5.200000000000003,5.6000000000000085,10,0.0,0.0,0.0,0.0,99,99,16.3,19.8,99,1.5999999999999943,-1.1999999999999886,-6.200000000000003,6.6000000000000085,6,0.0,0.0,0.0,0.0,99,99,19.2,29.5,53,2.294268605645854,20,7,,,0.0,20.0,7.0,0,7,,,0.0,20.0,7.0,0,27,2.0,1.7320508075688772,0.3333333333333333,18.0,9.0,-4,27,2.0,1.7320508075688772,0.3333333333333333,18.0,9.0,-4,27,2.0,1.7320508075688772,0.3333333333333333,18.0,9.0,-4
2025-05-17 17:29:08.239343,137,131391.760657,17.485555555555557,7,32,68,1,-1.0,-1.5999999999999943,-1.1999999999999886,-24.299999999999997,-23.89999999999999,-4.400000000000006,-4.0,-28.700000000000003,-28.299999999999997,0.0,0.0,0.2,1.0,0.2,29,47.9,22.5,52097.72,36083.9,100,0,-0.4000000000000057,-1.1999999999999886,-8.200000000000003,6.6000000000000085,6,0.0,0.0,0.0,0.0,99,99,19.2,29.5,53,2.200000000000003,-3.799999999999997,-3.700000000000003,2.1000000000000085,5,0.0,0.0,0.0,0.0,93,99,13.2,20.2,99,-12.405177791640675,-32,7,,,1.0,32.0,7.0,0,7,,,1.0,32.0,7.0,0,7,,,1.0,32.0,7.0,0,7,,,1.0,32.0,7.0,0,34,,,1.0,32.0,7.0,0
2025-05-17 17:48:36.187897,137,130223.812103,17.810000000000002,9,10,90,1,-5.0,2.4000000000000057,-1.1999999999999886,-20.299999999999997,-23.89999999999999,-0.4000000000000057,-4.0,-24.700000000000003,-28.299999999999997,0.0,0.0,0.2,1.0,0.2,29,47.9,22.5,52097.72,36083.9,100,0,3.5999999999999943,-1.1999999999999886,-4.200000000000003,6.6000000000000085,6,0.0,0.0,0.0,0.0,99,99,19.2,29.5,53,6.200000000000003,-3.799999999999997,0.29999999999999716,2.1000000000000085,5,0.0,0.0,0.0,0.0,93,99,13.2,20.2,99,61.36381182147166,90,9,,,1.0,10.0,9.0,0,9,,,1.0,10.0,9.0,0,9,,,1.0,10.0,9.0,0,16,,,1.0,10.0,9.0,0,43,,,1.0,10.0,9.0,0
2025-05-17 17:48:36.286689,137,130223.713311,17.810000000000002,2,22,78,1,-3.0,0.4000000000000057,-1.1999999999999886,-22.299999999999997,-23.89999999999999,-2.4000000000000057,-4.0,-26.700000000000003,-28.299999999999997,0.0,0.0,0.2,1.0,0.2,29,47.9,22.5,52097.72,36083.9,100,0,1.5999999999999943,-1.1999999999999886,-6.200000000000003,6.6000000000000085,6,0.0,0.0,0.0,0.0,99,99,19.2,29.5,53,4.200000000000003,-3.799999999999997,-1.7000000000000028,2.1000000000000085,5,0.0,0.0,0.0,0.0,93,99,13.2,20.2,99,0.2977082887127871,-22,11,,,1.0,22.0,2.0,0,11,,,1.0,22.0,2.0,0,11,,,1.0,22.0,2.0,0,18,,,1.0,22.0,2.0,0,45,2.581988897471611,3.774917217635375,0.5,19.0,7.25,-6
2025-05-17 17:51:39.799613,137,130040.200387,17.860833333333336,2,22,78,1,-3.0,0.4000000000000057,-1.1999999999999886,-22.299999999999997,-23.89999999999999,-2.4000000000000057,-4.0,-26.700000000000003,-28.299999999999997,0.0,0.0,0.2,1.0,0.2,29,47.9,22.5,52097.72,36083.9,100,0,1.5999999999999943,-1.1999999999999886,-6.200000000000003,6.6000000000000085,6,0.0,0.0,0.0,0.0,99,99,19.2,29.5,53,4.200000000000003,-3.799999999999997,-1.7000000000000028,2.1000000000000085,5,0.0,0.0,0.0,0.0,93,99,13.2,20.2,99,0.29783586886651037,-22,2,,,1.0,22.0,2.0,0,13,0.0,0.0,1.0,22.0,2.0,0,13,0.0,0.0,1.0,22.0,2.0,0,20,0.0,0.0,1.0,22.0,2.0,0,47,2.6076809620810595,4.024922359499621,0.6,19.6,6.2,-6
2025-05-17 17:54:41.238020,137,129858.76198,17.911388888888887,7,22,78,1,-3.0,0.4000000000000057,-1.1999999999999886,-22.299999999999997,-23.89999999999999,-2.4000000000000057,-4.0,-26.700000000000003,-28.299999999999997,0.0,0.0,0.2,1.0,0.2,29,47.9,22.5,52097.72,36083.9,100,0,1.5999999999999943,-1.1999999999999886,-6.200000000000003,6.6000000000000085,6,0.0,0.0,0.0,0.0,99,99,19.2,29.5,53,4.200000000000003,-3.799999999999997,-1.7000000000000028,2.1000000000000085,5,0.0,0.0,0.0,0.0,93,99,13.2,20.2,99,0.2979635584137199,-22,7,,,1.0,22.0,7.0,0,9,0.0,3.5355339059327378,1.0,22.0,4.5,0,20,0.0,2.886751345948129,1.0,22.0,3.6666666666666665,0,27,0.0,2.886751345948129,1.0,22.0,3.6666666666666665,0,54,2.5298221281347035,3.6147844564602556,0.6666666666666666,20.0,6.333333333333333,-6
2025-05-17 18:09:04.467693,137,128995.532307,18.15111111111111,6,11,89,0,-5.0,2.4000000000000057,-3.799999999999997,-20.299999999999997,-26.5,-0.4000000000000057,-6.6000000000000085,-24.700000000000003,-30.900000000000006,0.0,0.0,0.2,1.0,0.2,29,47.9,22.5,52097.72,36083.9,100,0,6.200000000000003,-3.799999999999997,0.29999999999999716,2.1000000000000085,5,0.0,0.0,0.0,0.0,93,99,13.2,20.2,99,3.799999999999997,-1.3999999999999915,-5.0,7.400000000000006,3,0.0,0.0,0.0,0.0,97,99,23.8,35.6,99,60.408256880733944,-89,6,,,0.0,11.0,6.0,0,6,,,0.0,11.0,6.0,0,13,,,0.0,11.0,6.0,0,33,0.7071067811865476,2.1213203435596424,0.5,10.5,7.5,-1,33,0.7071067811865476,2.1213203435596424,0.5,10.5,7.5,-1
2025-05-17 18:42:39.852179,137,126980.147821,18.710833333333333,17,33,67,1,-1.0,-1.5999999999999943,-3.799999999999997,-24.299999999999997,-26.5,-4.400000000000006,-6.6000000000000085,-28.700000000000003,-30.900000000000006,0.0,0.0,0.2,1.0,0.2,29,47.9,22.5,52097.72,36083.9,100,0,2.200000000000003,-3.799999999999997,-3.700000000000003,2.1000000000000085,5,0.0,0.0,0.0,0.0,93,99,13.2,20.2,99,-0.20000000000000284,-1.3999999999999915,-9.0,7.400000000000006,3,0.0,0.0,0.0,0.0,97,99,23.8,35.6,99,-13.432322600812753,-33,17,,,1.0,33.0,17.0,0,17,,,1.0,33.0,17.0,0,17,,,1.0,33.0,17.0,0,43,,,1.0,33.0,17.0,0,50,0.7071067811865476,7.0710678118654755,1.0,32.5,12.0,-1
2025-05-17 18:43:39.710676,137,126920.289324,18.7275,7,24,76,1,1.0,-3.5999999999999943,-3.799999999999997,-26.299999999999997,-26.5,-6.400000000000006,-6.6000000000000085,-30.700000000000003,-30.900000000000006,0.0,0.0,0.2,1.0,0.2,29,47.9,22.5,52097.72,36083.9,100,0,0.20000000000000284,-3.799999999999997,-5.700000000000003,2.1000000000000085,5,0.0,0.0,0.0,0.0,93,99,13.2,20.2,99,-2.200000000000003,-1.3999999999999915,-11.0,7.400000000000006,3,0.0,0.0,0.0,0.0,97,99,23.8,35.6,99,1.3152198421645984,-24,24,,,1.0,24.0,7.0,0,24,,,1.0,24.0,7.0,0,24,,,1.0,24.0,7.0,0,50,,,1.0,24.0,7.0,0,57,,,1.0,24.0,7.0,0
2025-05-17 19:51:18.874423,137,122861.125577,19.855,10,34,66,1,-1.0,-1.5999999999999943,-1.3999999999999915,-24.299999999999997,-24.099999999999994,-4.400000000000006,-4.200000000000003,-28.700000000000003,-28.5,0.0,0.0,0.2,1.0,0.2,29,47.9,22.5,52097.72,36083.9,100,0,-0.20000000000000284,-1.3999999999999915,-9.0,7.400000000000006,3,0.0,0.0,0.0,0.0,97,99,23.8,35.6,99,-1.7000000000000028,0.10000000000000853,-6.600000000000001,5.000000000000007,3,0.0,0.0,0.0,0.0,21,86,4.3,9.4,86,-14.504085480829666,-34,10,,,1.0,34.0,10.0,0,10,,,1.0,34.0,10.0,0,10,,,1.0,34.0,10.0,0,10,,,1.0,34.0,10.0,0,49,0.7071067811865476,4.949747468305833,1.0,33.5,13.5,-1
2025-05-17 19:51:26.509668,137,122853.490332,19.857222222222223,31,27,73,1,1.0,-3.5999999999999943,-1.3999999999999915,-26.299999999999997,-24.099999999999994,-6.400000000000006,-4.200000000000003,-30.700000000000003,-28.5,0.0,0.0,0.2,1.0,0.2,29,47.9,22.5,52097.72,36083.9,100,0,-2.200000000000003,-1.3999999999999915,-11.0,7.400000000000006,3,0.0,0.0,0.0,0.0,97,99,23.8,35.6,99,-3.700000000000003,0.10000000000000853,-8.600000000000001,5.000000000000007,3,0.0,0.0,0.0,0.0,21,86,4.3,9.4,86,-1.6827009936766046,-27,41,,,1.0,27.0,31.0,0,41,,,1.0,27.0,31.0,0,41,,,1.0,27.0,31.0,0,41,,,1.0,27.0,31.0,0,80,2.1213203435596424,16.97056274847714,1.0,25.5,19.0,-3
2025-05-17 19:51:41.193618,137,122838.806382,19.86138888888889,13,34,66,1,-1.0,-1.5999999999999943,-1.3999999999999915,-24.299999999999997,-24.099999999999994,-4.400000000000006,-4.200000000000003,-28.700000000000003,-28.5,0.0,0.0,0.2,1.0,0.2,29,47.9,22.5,52097.72,36083.9,100,0,-0.20000000000000284,-1.3999999999999915,-9.0,7.400000000000006,3,0.0,0.0,0.0,0.0,97,99,23.8,35.6,99,-1.7000000000000028,0.10000000000000853,-6.600000000000001,5.000000000000007,3,0.0,0.0,0.0,0.0,21,86,4.3,9.4,86,-14.54981084489281,-34,54,0.0,2.1213203435596424,1.0,34.0,11.5,0,54,0.0,2.1213203435596424,1.0,34.0,11.5,0,54,0.0,2.1213203435596424,1.0,34.0,11.5,0,54,0.0,2.1213203435596424,1.0,34.0,11.5,0,91,0.5773502691896258,3.511884584284246,1.0,33.666666666666664,13.333333333333334,-1
2025-05-17 19:51:44.976330,137,122835.02367,19.862222222222222,3,27,73,1,1.0,-3.5999999999999943,-1.3999999999999915,-26.299999999999997,-24.099999999999994,-6.400000000000006,-4.200000000000003,-30.700000000000003,-28.5,0.0,0.0,0.2,1.0,0.2,29,47.9,22.5,52097.72,36083.9,100,0,-2.200000000000003,-1.3999999999999915,-11.0,7.400000000000006,3,0.0,0.0,0.0,0.0,97,99,23.8,35.6,99,-3.700000000000003,0.10000000000000853,-8.600000000000001,5.000000000000007,3,0.0,0.0,0.0,0.0,21,86,4.3,9.4,86,-1.6945644757789395,-27,57,0.0,19.79898987322333,1.0,27.0,17.0,0,57,0.0,19.79898987322333,1.0,27.0,17.0,0,57,0.0,19.79898987322333,1.0,27.0,17.0,0,57,0.0,19.79898987322333,1.0,27.0,17.0,0,94,1.7320508075688772,15.143755588800731,1.0,26.0,13.666666666666666,-3
2025-05-17 19:56:00.232417,137,122579.767583,19.933333333333334,1,27,73,1,1.0,-3.5999999999999943,-1.3999999999999915,-26.299999999999997,-24.099999999999994,-6.400000000000006,-4.200000000000003,-30.700000000000003,-28.5,0.0,0.0,0.2,1.0,0.2,29,47.9,22.5,52097.72,36083.9,100,0,-2.200000000000003,-1.3999999999999915,-11.0,7.400000000000006,3,0.0,0.0,0.0,0.0,97,99,23.8,35.6,99,-3.700000000000003,0.10000000000000853,-8.600000000000001,5.000000000000007,3,0.0,0.0,0.0,0.0,21,86,4.3,9.4,86,-1.6957214383249877,-27,1,,,1.0,27.0,1.0,0,58,0.0,16.77299416721217,1.0,27.0,11.666666666666666,0,58,0.0,16.77299416721217,1.0,27.0,11.666666666666666,0,58,0.0,16.77299416721217,1.0,27.0,11.666666666666666,0,88,1.5,13.892443989449804,1.0,26.25,10.5,-3
2025-05-17 21:14:11.129448,137,117888.870552,21.23638888888889,13,35,65,1,-1.0,-1.5999999999999943,3.8000000000000114,-24.299999999999997,-18.89999999999999,-4.400000000000006,1.0,-28.700000000000003,-23.299999999999997,0.0,0.0,0.2,1.0,0.2,29,47.9,22.5,52097.72,36083.9,100,0,-5.400000000000006,3.8000000000000114,-10.600000000000001,9.000000000000007,11,0.0,0.0,0.0,0.0,0,0,11.0,13.0,0,-7.399999999999999,5.800000000000004,-10.600000000000001,9.000000000000007,8,0.0,0.0,0.0,0.0,0,3,3.1,18.4,3,-15.609686609686609,-35,13,,,1.0,35.0,13.0,0,13,,,1.0,35.0,13.0,0,13,,,1.0,35.0,13.0,0,13,,,1.0,35.0,13.0,0,71,0.5773502691896258,1.7320508075688772,1.0,34.333333333333336,12.0,-1
2025-05-17 21:19:22.602584,137,117577.397416,21.322777777777777,3,27,73,1,1.0,-3.5999999999999943,3.8000000000000114,-26.299999999999997,-18.89999999999999,-6.400000000000006,1.0,-30.700000000000003,-23.299999999999997,0.0,0.0,0.2,1.0,0.2,29,47.9,22.5,52097.72,36083.9,100,0,-7.400000000000006,3.8000000000000114,-12.600000000000001,9.000000000000007,11,0.0,0.0,0.0,0.0,0,0,11.0,13.0,0,-9.399999999999999,5.800000000000004,-12.600000000000001,9.000000000000007,8,0.0,0.0,0.0,0.0,0,3,3.1,18.4,3,-1.6961074436603703,-27,3,,,1.0,27.0,3.0,0,3,,,1.0,27.0,3.0,0,16,,,1.0,27.0,3.0,0,16,,,1.0,27.0,3.0,0,74,0.0,14.364307617610162,1.0,27.0,9.5,0
2025-05-17 21:20:57.539303,137,117482.460697,21.349166666666665,7,13,87,1,3.0,-5.599999999999994,3.8000000000000114,-28.299999999999997,-18.89999999999999,-8.400000000000006,1.0,-32.7,-23.299999999999997,0.0,0.0,0.2,1.0,0.2,29,47.9,22.5,52097.72,36083.9,100,0,-9.400000000000006,3.8000000000000114,-14.600000000000001,9.000000000000007,11,0.0,0.0,0.0,0.0,0,0,11.0,13.0,0,-11.399999999999999,5.800000000000004,-14.600000000000001,9.000000000000007,8,0.0,0.0,0.0,0.0,0,3,3.1,18.4,3,-6.328130947849258,-13,10,,,1.0,13.0,7.0,0,10,,,1.0,13.0,7.0,0,23,,,1.0,13.0,7.0,0,23,,,1.0,13.0,7.0,0,81,,,1.0,13.0,7.0,0
2025-05-17 21:40:17.883669,137,116322.116331,21.67138888888889,5,5,95,1,5.0,-7.599999999999994,3.8000000000000114,-30.299999999999997,-18.89999999999999,-10.400000000000006,1.0,-34.7,-23.299999999999997,0.0,0.0,0.2,1.0,0.2,29,47.9,22.5,52097.72,36083.9,100,0,-11.400000000000006,3.8000000000000114,-16.6,9.000000000000007,11,0.0,0.0,0.0,0.0,0,0,11.0,13.0,0,-13.399999999999999,5.800000000000004,-16.6,9.000000000000007,8,0.0,0.0,0.0,0.0,0,3,3.1,18.4,3,-2.8651743883394065,-5,5,,,1.0,5.0,5.0,0,5,,,1.0,5.0,5.0,0,5,,,1.0,5.0,5.0,0,28,,,1.0,5.0,5.0,0,86,,,1.0,5.0,5.0,0
2025-05-17 21:40:27.034029,137,116312.965971,21.674166666666668,7,29,71,0,-1.0,-1.5999999999999943,3.8000000000000114,-24.299999999999997,-18.89999999999999,-4.400000000000006,1.0,-28.700000000000003,-23.299999999999997,0.0,0.0,0.2,1.0,0.2,29,47.9,22.5,52097.72,36083.9,100,0,-5.400000000000006,3.8000000000000114,-10.600000000000001,9.000000000000007,11,0.0,0.0,0.0,0.0,0,0,11.0,13.0,0,-7.399999999999999,5.800000000000004,-10.600000000000001,9.000000000000007,8,0.0,0.0,0.0,0.0,0,3,3.1,18.4,3,-9.674189446916728,29,12,,,0.0,29.0,7.0,0,12,,,0.0,29.0,7.0,0,12,,,0.0,29.0,7.0,0,35,4.242640687119285,4.242640687119285,0.5,32.0,10.0,6,93,2.70801280154532,2.8722813232690143,0.75,33.0,10.75,5
2025-05-17 21:45:16.822283,137,116023.177717,21.754444444444445,19,28,72,0,-1.0,-1.5999999999999943,3.8000000000000114,-24.299999999999997,-18.89999999999999,-4.400000000000006,1.0,-28.700000000000003,-23.299999999999997,0.0,0.0,0.2,1.0,0.2,29,47.9,22.5,52097.72,36083.9,100,0,-5.400000000000006,3.8000000000000114,-10.600000000000001,9.000000000000007,11,0.0,0.0,0.0,0.0,0,0,11.0,13.0,0,-7.399999999999999,5.800000000000004,-10.600000000000001,9.000000000000007,8,0.0,0.0,0.0,0.0,0,3,3.1,18.4,3,-8.695762981841355,28,19,,,0.0,28.0,19.0,0,31,0.7071067811865476,8.48528137423857,0.0,28.5,13.0,1,31,0.7071067811865476,8.48528137423857,0.0,28.5,13.0,1,54,3.7859388972001824,6.0,0.3333333333333333,30.666666666666668,13.0,7,112,3.24037034920393,4.449719092257397,0.6,32.0,12.4,6
2025-05-17 21:45:18.134128,137,116021.865872,21.755,40,7,93,1,5.0,-7.599999999999994,3.8000000000000114,-30.299999999999997,-18.89999999999999,-10.400000000000006,1.0,-34.7,-23.299999999999997,0.0,0.0,0.2,1.0,0.2,29,47.9,22.5,52097.72,36083.9,100,0,-11.400000000000006,3.8000000000000114,-16.6,9.000000000000007,11,0.0,0.0,0.0,0.0,0,0,11.0,13.0,0,-13.399999999999999,5.800000000000004,-16.6,9.000000000000007,8,0.0,0.0,0.0,0.0,0,3,3.1,18.4,3,-4.872651356993737,-7,59,,,1.0,7.0,40.0,0,66,,,1.0,7.0,40.0,0,71,1.4142135623730951,24.748737341529164,1.0,6.0,22.5,-2,94,1.4142135623730951,24.748737341529164,1.0,6.0,22.5,-2,152,1.4142135623730951,24.748737341529164,1.0,6.0,22.5,-2
2025-05-17 21:45:22.527884,137,116017.472116,21.75611111111111,17,28,72,1,-1.0,-1.5999999999999943,3.8000000000000114,-24.299999999999997,-18.89999999999999,-4.400000000000006,1.0,-28.700000000000003,-23.299999999999997,0.0,0.0,0.2,1.0,0.2,29,47.9,22.5,52097.72,36083.9,100,0,-5.400000000000006,3.8000000000000114,-10.600000000000001,9.000000000000007,11,0.0,0.0,0.0,0.0,0,0,11.0,13.0,0,-7.399999999999999,5.800000000000004,-10.600000000000001,9.000000000000007,8,0.0,0.0,0.0,0.0,0,3,3.1,18.4,3,-8.74871794871795,-28,76,0.0,1.4142135623730951,0.5,28.0,18.0,0,83,0.5773502691896258,6.429100507328637,0.3333333333333333,28.333333333333332,14.333333333333334,1,88,0.5773502691896258,6.429100507328637,0.3333333333333333,28.333333333333332,14.333333333333334,1,111,3.366501646120693,5.291502622129181,0.5,30.0,14.0,7,169,3.32665998663324,4.400757510550504,0.6666666666666666,31.333333333333332,13.166666666666666,6
2025-05-17 21:50:21.210278,137,115718.789722,21.839166666666664,12,28,72,0,-1.0,-1.5999999999999943,3.8000000000000114,-24.299999999999997,-18.89999999999999,-4.400000000000006,1.0,-28.700000000000003,-23.299999999999997,0.0,0.0,0.2,1.0,0.2,29,47.9,22.5,52097.72,36083.9,100,0,-5.400000000000006,3.8000000000000114,-10.600000000000001,9.000000000000007,11,0.0,0.0,0.0,0.0,0,0,11.0,13.0,0,-7.399999999999999,5.800000000000004,-10.600000000000001,9.000000000000007,8,0.0,0.0,0.0,0.0,0,3,3.1,18.4,3,-8.79664840476957,28,12,,,0.0,28.0,12.0,0,29,0.0,3.5355339059327378,0.5,28.0,14.5,0,100,0.5,5.377421934967226,0.25,28.25,13.75,1,123,3.049590136395381,4.669047011971501,0.4,29.6,13.6,7,181,3.2877840272018797,4.041451884327381,0.5714285714285714,30.857142857142858,13.0,6
2025-05-17 21:50:21.878474,137,115718.121526,21.839166666666664,8,7,93,1,5.0,-7.599999999999994,3.8000000000000114,-30.299999999999997,-18.89999999999999,-10.400000000000006,1.0,-34.7,-23.299999999999997,0.0,0.0,0.2,1.0,0.2,29,47.9,22.5,52097.72,36083.9,100,0,-11.400000000000006,3.8000000000000114,-16.6,9.000000000000007,11,0.0,0.0,0.0,0.0,0,0,11.0,13.0,0,-13.399999999999999,5.800000000000004,-16.6,9.000000000000007,8,0.0,0.0,0.0,0.0,0,3,3.1,18.4,3,-4.976545842217484,-7,20,,,1.0,7.0,8.0,0,37,,,1.0,7.0,8.0,0,108,1.1547005383792517,19.39931270260195,1.0,6.333333333333333,17.666666666666668,-2,131,1.1547005383792517,19.39931270260195,1.0,6.333333333333333,17.666666666666668,-2,189,1.1547005383792517,19.39931270260195,1.0,6.333333333333333,17.666666666666668,-2
2025-05-17 21:51:42.939607,137,115637.060393,21.861666666666668,32,8,92,0,5.0,-7.599999999999994,3.8000000000000114,-30.299999999999997,-18.89999999999999,-10.400000000000006,1.0,-34.7,-23.299999999999997,0.0,0.0,0.2,1.0,0.2,29,47.9,22.5,52097.72,36083.9,100,0,-11.400000000000006,3.8000000000000114,-16.6,9.000000000000007,11,0.0,0.0,0.0,0.0,0,0,11.0,13.0,0,-13.399999999999999,5.800000000000004,-16.6,9.000000000000007,8,0.0,0.0,0.0,0.0,0,3,3.1,18.4,3,-5.9978586723768785,8,52,0.7071067811865476,16.97056274847714,0.5,7.5,20.0,-1,52,0.7071067811865476,16.97056274847714,0.5,7.5,20.0,-1,140,1.2583057392117916,17.38533865071371,0.75,6.75,21.25,-3,163,1.2583057392117916,17.38533865071371,0.75,6.75,21.25,-3,167,1.2583057392117916,17.38533865071371,0.75,6.75,21.25,-3
2025-05-17 21:55:25.194452,137,115414.805548,21.92361111111111,12,27,73,0,-1.0,-1.5999999999999943,3.8000000000000114,-24.299999999999997,-18.89999999999999,-4.400000000000006,1.0,-28.700000000000003,-23.299999999999997,0.0,0.0,0.2,1.0,0.2,29,47.9,22.5,52097.72,36083.9,100,0,-5.400000000000006,3.8000000000000114,-10.600000000000001,9.000000000000007,11,0.0,0.0,0.0,0.0,0,0,11.0,13.0,0,-7.399999999999999,5.800000000000004,-10.600000000000001,9.000000000000007,8,0.0,0.0,0.0,0.0,0,3,3.1,18.4,3,-7.830799094144282,27,12,,,0.0,27.0,12.0,0,44,,,0.0,27.0,12.0,0,147,0.7071067811865476,4.722287581247039,0.2,28.0,13.4,2,175,2.9268868558020253,4.226897995772629,0.3333333333333333,29.166666666666668,13.333333333333334,8,176,2.9268868558020253,4.226897995772629,0.3333333333333333,29.166666666666668,13.333333333333334,8
2025-05-17 21:55:36.155432,137,115403.844568,21.92666666666667,37,8,92,1,5.0,-7.599999999999994,3.8000000000000114,-30.299999999999997,-18.89999999999999,-10.400000000000006,1.0,-34.7,-23.299999999999997,0.0,0.0,0.2,1.0,0.2,29,47.9,22.5,52097.72,36083.9,100,0,-11.400000000000006,3.8000000000000114,-16.6,9.000000000000007,11,0.0,0.0,0.0,0.0,0,0,11.0,13.0,0,-13.399999999999999,5.800000000000004,-16.6,9.000000000000007,8,0.0,0.0,0.0,0.0,0,3,3.1,18.4,3,-6.10239651416122,-8,49,,,1.0,8.0,37.0,0,81,0.0,3.5355339059327378,0.5,8.0,34.5,0,177,0.5773502691896257,14.545904349105742,0.75,7.5,29.25,-1,212,1.224744871391589,16.622274212634082,0.8,7.0,24.4,-3,213,1.224744871391589,16.622274212634082,0.8,7.0,24.4,-3
2025-05-17 22:28:21.065768,137,113438.934232,22.472499999999997,7,30,70,1,-1.0,-1.5999999999999943,5.800000000000004,-24.299999999999997,-16.9,-4.400000000000006,2.999999999999993,-28.700000000000003,-21.300000000000004,0.0,0.0,0.2,1.0,0.2,29,47.9,22.5,52097.72,36083.9,100,0,-7.399999999999999,5.800000000000004,-10.600000000000001,9.000000000000007,8,0.0,0.0,0.0,0.0,0,3,3.1,18.4,3,-10.799999999999997,9.200000000000003,-14.100000000000001,12.500000000000007,3,0.0,0.0,0.0,0.0,0,85,5.4,5.4,85,-10.86131860993829,-30,7,,,1.0,30.0,7.0,0,7,,,1.0,30.0,7.0,0,7,,,1.0,30.0,7.0,0,196,1.0327955589886446,4.96655480858378,0.3333333333333333,28.333333333333332,12.333333333333334,-1,219,2.6903708365381975,4.540820148282425,0.42857142857142855,29.285714285714285,12.428571428571429,5
2025-05-17 22:35:44.496872,137,112995.503128,22.595555555555553,6,15,85,1,-3.0,0.4000000000000057,5.800000000000004,-22.299999999999997,-16.9,-2.4000000000000057,2.999999999999993,-26.700000000000003,-21.300000000000004,0.0,0.0,0.2,1.0,0.2,29,47.9,22.5,52097.72,36083.9,100,0,-5.399999999999999,5.800000000000004,-8.600000000000001,9.000000000000007,8,0.0,0.0,0.0,0.0,0,3,3.1,18.4,3,-8.799999999999997,9.200000000000003,-12.100000000000001,12.500000000000007,3,0.0,0.0,0.0,0.0,0,85,5.4,5.4,85,7.298411335337054,-15,6,,,1.0,15.0,6.0,0,6,,,1.0,15.0,6.0,0,13,,,1.0,15.0,6.0,0,202,,,1.0,15.0,6.0,0,225,,,1.0,15.0,6.0,0
2025-05-17 22:36:01.180073,137,112978.819927,22.60027777777778,3,30,70,1,-1.0,-1.5999999999999943,5.800000000000004,-24.299999999999997,-16.9,-4.400000000000006,2.999999999999993,-28.700000000000003,-21.300000000000004,0.0,0.0,0.2,1.0,0.2,29,47.9,22.5,52097.72,36083.9,100,0,-7.399999999999999,5.800000000000004,-10.600000000000001,9.000000000000007,8,0.0,0.0,0.0,0.0,0,3,3.1,18.4,3,-10.799999999999997,9.200000000000003,-14.100000000000001,12.500000000000007,3,0.0,0.0,0.0,0.0,0,85,5.4,5.4,85,-10.886067708333332,-30,9,,,1.0,30.0,3.0,0,9,,,1.0,30.0,3.0,0,16,0.0,2.8284271247461903,1.0,30.0,5.0,0,205,1.1338934190276817,5.744562646538029,0.42857142857142855,28.571428571428573,11.0,-1,228,2.5035688811888406,5.365231988061121,0.5,29.375,11.25,5
2025-05-17 22:59:45.210491,137,111554.789509,22.995833333333334,12,10,90,1,-5.0,2.4000000000000057,5.800000000000004,-20.299999999999997,-16.9,-0.4000000000000057,2.999999999999993,-24.700000000000003,-21.300000000000004,0.0,0.0,0.2,1.0,0.2,29,47.9,22.5,52097.72,36083.9,100,0,-3.3999999999999986,5.800000000000004,-6.600000000000001,9.000000000000007,8,0.0,0.0,0.0,0.0,0,3,3.1,18.4,3,-6.799999999999997,9.200000000000003,-10.100000000000001,12.500000000000007,3,0.0,0.0,0.0,0.0,0,85,5.4,5.4,85,61.437439613526564,90,116,1.5275252316519468,40.27819923151149,1.0,8.333333333333334,38.666666666666664,3,116,1.5275252316519468,40.27819923151149,1.0,8.333333333333334,38.666666666666664,3,116,1.5275252316519468,40.27819923151149,1.0,8.333333333333334,38.666666666666664,3,132,1.5275252316519468,40.27819923151149,1.0,8.333333333333334,38.666666666666664,3,344,1.5275252316519468,40.27819923151149,1.0,8.333333333333334,38.666666666666664,3
2025-05-17 22:59:45.210491,137,111554.789509,22.995833333333334,85,8,92,1,-5.0,2.4000000000000057,5.800000000000004,-20.299999999999997,-16.9,-0.4000000000000057,2.999999999999993,-24.700000000000003,-21.300000000000004,0.0,0.0,0.2,1.0,0.2,29,47.9,22.5,52097.72,36083.9,100,0,-3.3999999999999986,5.800000000000004,-6.600000000000001,9.000000000000007,8,0.0,0.0,0.0,0.0,0,3,3.1,18.4,3,-6.799999999999997,9.200000000000003,-10.100000000000001,12.500000000000007,3,0.0,0.0,0.0,0.0,0,85,5.4,5.4,85,63.49685686653771,92,116,1.5275252316519468,40.27819923151149,1.0,8.333333333333334,38.666666666666664,3,116,1.5275252316519468,40.27819923151149,1.0,8.333333333333334,38.666666666666664,3,116,1.5275252316519468,40.27819923151149,1.0,8.333333333333334,38.666666666666664,3,132,1.5275252316519468,40.27819923151149,1.0,8.333333333333334,38.666666666666664,3,344,1.5275252316519468,40.27819923151149,1.0,8.333333333333334,38.666666666666664,3
2025-05-17 22:59:45.210491,137,111554.789509,22.995833333333334,19,7,93,1,-5.0,2.4000000000000057,5.800000000000004,-20.299999999999997,-16.9,-0.4000000000000057,2.999999999999993,-24.700000000000003,-21.300000000000004,0.0,0.0,0.2,1.0,0.2,29,47.9,22.5,52097.72,36083.9,100,0,-3.3999999999999986,5.800000000000004,-6.600000000000001,9.000000000000007,8,0.0,0.0,0.0,0.0,0,3,3.1,18.4,3,-6.799999999999997,9.200000000000003,-10.100000000000001,12.500000000000007,3,0.0,0.0,0.0,0.0,0,85,5.4,5.4,85,64.93483729611296,93,116,1.5275252316519468,40.27819923151149,1.0,8.333333333333334,38.666666666666664,3,116,1.5275252316519468,40.27819923151149,1.0,8.333333333333334,38.666666666666664,3,116,1.5275252316519468,40.27819923151149,1.0,8.333333333333334,38.666666666666664,3,132,1.5275252316519468,40.27819923151149,1.0,8.333333333333334,38.666666666666664,3,344,1.5275252316519468,40.27819923151149,1.0,8.333333333333334,38.666666666666664,3
2025-05-17 23:04:36.234003,137,111263.765997,23.076666666666668,8,11,89,1,-5.0,2.4000000000000057,9.200000000000003,-20.299999999999997,-13.5,-0.4000000000000057,6.3999999999999915,-24.700000000000003,-17.900000000000006,0.0,0.0,0.2,1.0,0.2,29,47.9,22.5,52097.72,36083.9,100,0,-6.799999999999997,9.200000000000003,-10.100000000000001,12.500000000000007,3,0.0,0.0,0.0,0.0,0,85,5.4,5.4,85,-9.5,11.900000000000006,-12.600000000000001,15.000000000000007,6,0.0,0.0,0.0,0.0,6,62,5.9,18.0,62,61.03511053315995,89,8,,,1.0,11.0,8.0,0,124,1.8257418583505538,36.2859017617954,1.0,9.0,31.0,-1,124,1.8257418583505538,36.2859017617954,1.0,9.0,31.0,-1,140,1.8257418583505538,36.2859017617954,1.0,9.0,31.0,-1,352,1.8257418583505538,36.2859017617954,1.0,9.0,31.0,-1
2025-05-17 23:14:36.551479,137,110663.448521,23.243333333333336,5,17,83,1,-3.0,0.4000000000000057,9.200000000000003,-22.299999999999997,-13.5,-2.4000000000000057,6.3999999999999915,-26.700000000000003,-17.900000000000006,0.0,0.0,0.2,1.0,0.2,29,47.9,22.5,52097.72,36083.9,100,0,-8.799999999999997,9.200000000000003,-12.100000000000001,12.500000000000007,3,0.0,0.0,0.0,0.0,0,85,5.4,5.4,85,-11.5,11.900000000000006,-14.600000000000001,15.000000000000007,6,0.0,0.0,0.0,0.0,6,62,5.9,18.0,62,5.307824591573517,-17,5,,,1.0,17.0,5.0,0,5,,,1.0,17.0,5.0,0,129,,,1.0,17.0,5.0,0,145,1.4142135623730951,0.7071067811865476,1.0,16.0,5.5,-2,344,1.4142135623730951,0.7071067811865476,1.0,16.0,5.5,-2
2025-05-17 23:14:53.582048,137,110646.417952,23.248055555555556,9,18,82,1,-3.0,0.4000000000000057,9.200000000000003,-22.299999999999997,-13.5,-2.4000000000000057,6.3999999999999915,-26.700000000000003,-17.900000000000006,0.0,0.0,0.2,1.0,0.2,29,47.9,22.5,52097.72,36083.9,100,0,-8.799999999999997,9.200000000000003,-12.100000000000001,12.500000000000007,3,0.0,0.0,0.0,0.0,0,85,5.4,5.4,85,-11.5,11.900000000000006,-14.600000000000001,15.000000000000007,6,0.0,0.0,0.0,0.0,6,62,5.9,18.0,62,4.313535614374864,-18,35,0.816496580927726,3.8622100754188224,1.0,18.0,8.75,-1,35,0.816496580927726,3.8622100754188224,1.0,18.0,8.75,-1,43,0.816496580927726,3.8622100754188224,1.0,18.0,8.75,-1,175,1.5165750888103102,3.5637059362410923,1.0,17.4,8.2,-3,374,1.5165750888103102,3.5637059362410923,1.0,17.4,8.2,-3
2025-05-17 23:14:53.582048,137,110646.417952,23.248055555555556,14,19,81,1,-3.0,0.4000000000000057,9.200000000000003,-22.299999999999997,-13.5,-2.4000000000000057,6.3999999999999915,-26.700000000000003,-17.900000000000006,0.0,0.0,0.2,1.0,0.2,29,47.9,22.5,52097.72,36083.9,100,0,-8.799999999999997,9.200000000000003,-12.100000000000001,12.500000000000007,3,0.0,0.0,0.0,0.0,0,85,5.4,5.4,85,-11.5,11.900000000000006,-14.600000000000001,15.000000000000007,6,0.0,0.0,0.0,0.0,6,62,5.9,18.0,62,3.3219059939629147,-19,35,0.816496580927726,3.8622100754188224,1.0,18.0,8.75,-1,35,0.816496580927726,3.8622100754188224,1.0,18.0,8.75,-1,43,0.816496580927726,3.8622100754188224,1.0,18.0,8.75,-1,175,1.5165750888103102,3.5637059362410923,1.0,17.4,8.2,-3,374,1.5165750888103102,3.5637059362410923,1.0,17.4,8.2,-3
2025-05-17 23:14:53.582048,137,110646.417952,23.248055555555556,7,18,82,1,-3.0,0.4000000000000057,9.200000000000003,-22.299999999999997,-13.5,-2.4000000000000057,6.3999999999999915,-26.700000000000003,-17.900000000000006,0.0,0.0,0.2,1.0,0.2,29,47.9,22.5,52097.72,36083.9,100,0,-8.799999999999997,9.200000000000003,-12.100000000000001,12.500000000000007,3,0.0,0.0,0.0,0.0,0,85,5.4,5.4,85,-11.5,11.900000000000006,-14.600000000000001,15.000000000000007,6,0.0,0.0,0.0,0.0,6,62,5.9,18.0,62,4.3319636678200695,-18,35,0.816496580927726,3.8622100754188224,1.0,18.0,8.75,-1,35,0.816496580927726,3.8622100754188224,1.0,18.0,8.75,-1,43,0.816496580927726,3.8622100754188224,1.0,18.0,8.75,-1,175,1.5165750888103102,3.5637059362410923,1.0,17.4,8.2,-3,374,1.5165750888103102,3.5637059362410923,1.0,17.4,8.2,-3
2025-05-18 00:26:39.540610,138,106340.45939,0.4441666666666667,10,20,80,1,-3.0,0.4000000000000057,11.900000000000006,-22.299999999999997,-10.799999999999997,-2.4000000000000057,9.099999999999994,-26.700000000000003,-15.200000000000003,0.0,0.0,0.2,1.0,0.2,29,47.9,22.5,52097.72,36083.9,100,0,-11.5,11.900000000000006,-14.600000000000001,15.000000000000007,6,0.0,0.0,0.0,0.0,6,62,5.9,18.0,62,-13.799999999999997,14.200000000000003,-16.700000000000003,17.10000000000001,1,0.0,0.0,0.0,0.0,77,77,4.0,6.1,0,2.3385315139701106,-20,45,0.5773502691896258,13.228756555322953,1.0,19.666666666666668,15.0,0,45,0.5773502691896258,13.228756555322953,1.0,19.666666666666668,15.0,0,45,0.5773502691896258,13.228756555322953,1.0,19.666666666666668,15.0,0,45,0.5773502691896258,13.228756555322953,1.0,19.666666666666668,15.0,0,220,1.6690459207925603,8.345229603962801,1.0,18.25,10.75,-5
2025-05-18 00:26:39.540610,138,106340.45939,0.4441666666666667,5,19,81,1,-3.0,0.4000000000000057,11.900000000000006,-22.299999999999997,-10.799999999999997,-2.4000000000000057,9.099999999999994,-26.700000000000003,-15.200000000000003,0.0,0.0,0.2,1.0,0.2,29,47.9,22.5,52097.72,36083.9,100,0,-11.5,11.900000000000006,-14.600000000000001,15.000000000000007,6,0.0,0.0,0.0,0.0,6,62,5.9,18.0,62,-13.799999999999997,14.200000000000003,-16.700000000000003,17.10000000000001,1,0.0,0.0,0.0,0.0,77,77,4.0,6.1,0,3.3436075537225953,-19,45,0.5773502691896258,13.228756555322953,1.0,19.666666666666668,15.0,0,45,0.5773502691896258,13.228756555322953,1.0,19.666666666666668,15.0,0,45,0.5773502691896258,13.228756555322953,1.0,19.666666666666668,15.0,0,45,0.5773502691896258,13.228756555322953,1.0,19.666666666666668,15.0,0,220,1.6690459207925603,8.345229603962801,1.0,18.25,10.75,-5
2025-05-18 00:26:39.540610,138,106340.45939,0.4441666666666667,30,20,80,1,-3.0,0.4000000000000057,11.900000000000006,-22.299999999999997,-10.799999999999997,-2.4000000000000057,9.099999999999994,-26.700000000000003,-15.200000000000003,0.0,0.0,0.2,1.0,0.2,29,47.9,22.5,52097.72,36083.9,100,0,-11.5,11.900000000000006,-14.600000000000001,15.000000000000007,6,0.0,0.0,0.0,0.0,6,62,5.9,18.0,62,-13.799999999999997,14.200000000000003,-16.700000000000003,17.10000000000001,1,0.0,0.0,0.0,0.0,77,77,4.0,6.1,0,2.3472403302911786,-20,45,0.5773502691896258,13.228756555322953,1.0,19.666666666666668,15.0,0,45,0.5773502691896258,13.228756555322953,1.0,19.666666666666668,15.0,0,45,0.5773502691896258,13.228756555322953,1.0,19.666666666666668,15.0,0,45,0.5773502691896258,13.228756555322953,1.0,19.666666666666668,15.0,0,220,1.6690459207925603,8.345229603962801,1.0,18.25,10.75,-5
2025-05-18 00:27:45.418846,138,106274.581154,0.4625,30,9,91,0,5.0,-7.599999999999994,11.900000000000006,-30.299999999999997,-10.799999999999997,-10.400000000000006,9.099999999999994,-34.7,-15.200000000000003,0.0,0.0,0.2,1.0,0.2,29,47.9,22.5,52097.72,36083.9,100,0,-19.5,11.900000000000006,-22.6,15.000000000000007,6,0.0,0.0,0.0,0.0,6,62,5.9,18.0,62,-21.799999999999997,14.200000000000003,-24.700000000000003,17.10000000000001,1,0.0,0.0,0.0,0.0,77,77,4.0,6.1,0,-7.227904391328522,9,75,,,0.0,9.0,30.0,0,75,,,0.0,9.0,30.0,0,75,,,0.0,9.0,30.0,0,75,,,0.0,9.0,30.0,0,250,,,0.0,9.0,30.0,0
2025-05-18 00:31:07.081763,138,106072.918237,0.5186111111111111,5,8,92,0,5.0,-7.599999999999994,11.900000000000006,-30.299999999999997,-10.799999999999997,-10.400000000000006,9.099999999999994,-34.7,-15.200000000000003,0.0,0.0,0.2,1.0,0.2,29,47.9,22.5,52097.72,36083.9,100,0,-19.5,11.900000000000006,-22.6,15.000000000000007,6,0.0,0.0,0.0,0.0,6,62,5.9,18.0,62,-21.799999999999997,14.200000000000003,-24.700000000000003,17.10000000000001,1,0.0,0.0,0.0,0.0,77,77,4.0,6.1,0,-6.350480497456189,8,5,,,0.0,8.0,5.0,0,80,0.7071067811865476,17.67766952966369,0.0,8.5,17.5,1,80,0.7071067811865476,17.67766952966369,0.0,8.5,17.5,1,80,0.7071067811865476,17.67766952966369,0.0,8.5,17.5,1,248,0.7071067811865476,17.67766952966369,0.0,8.5,17.5,1
2025-05-18 00:31:07.323848,138,106072.676152,0.5186111111111111,9,29,71,1,-1.0,-1.5999999999999943,11.900000000000006,-24.299999999999997,-10.799999999999997,-4.400000000000006,9.099999999999994,-28.700000000000003,-15.200000000000003,0.0,0.0,0.2,1.0,0.2,29,47.9,22.5,52097.72,36083.9,100,0,-13.5,11.900000000000006,-16.6,15.000000000000007,6,0.0,0.0,0.0,0.0,6,62,5.9,18.0,62,-15.799999999999997,14.200000000000003,-18.700000000000003,17.10000000000001,1,0.0,0.0,0.0,0.0,77,77,4.0,6.1,0,-9.896709025741284,-29,14,,,1.0,29.0,9.0,0,89,,,1.0,29.0,9.0,0,89,,,1.0,29.0,9.0,0,89,,,1.0,29.0,9.0,0,257,0.7071067811865476,4.242640687119285,1.0,29.5,6.0,1
2025-05-18 00:34:03.788938,138,105896.211062,0.5675,6,20,80,1,-3.0,0.4000000000000057,11.900000000000006,-22.299999999999997,-10.799999999999997,-2.4000000000000057,9.099999999999994,-26.700000000000003,-15.200000000000003,0.0,0.0,0.2,1.0,0.2,29,47.9,22.5,52097.72,36083.9,100,0,-11.5,11.900000000000006,-14.600000000000001,15.000000000000007,6,0.0,0.0,0.0,0.0,6,62,5.9,18.0,62,-13.799999999999997,14.200000000000003,-16.700000000000003,17.10000000000001,1,0.0,0.0,0.0,0.0,77,77,4.0,6.1,0,2.362642169728783,-20,16,0.0,2.8284271247461903,1.0,20.0,8.0,0,30,0.0,2.8284271247461903,1.0,20.0,8.0,0,105,0.4472135954999579,10.207840124139876,1.0,19.8,12.2,0,105,0.4472135954999579,10.207840124139876,1.0,19.8,12.2,0,273,1.6465452046971292,7.509993342207435,1.0,18.6,10.2,-5
2025-05-18 00:34:03.788938,138,105896.211062,0.5675,10,20,80,1,-3.0,0.4000000000000057,11.900000000000006,-22.299999999999997,-10.799999999999997,-2.4000000000000057,9.099999999999994,-26.700000000000003,-15.200000000000003,0.0,0.0,0.2,1.0,0.2,29,47.9,22.5,52097.72,36083.9,100,0,-11.5,11.900000000000006,-14.600000000000001,15.000000000000007,6,0.0,0.0,0.0,0.0,6,62,5.9,18.0,62,-13.799999999999997,14.200000000000003,-16.700000000000003,17.10000000000001,1,0.0,0.0,0.0,0.0,77,77,4.0,6.1,0,2.36574682435392,-20,16,0.0,2.8284271247461903,1.0,20.0,8.0,0,30,0.0,2.8284271247461903,1.0,20.0,8.0,0,105,0.4472135954999579,10.207840124139876,1.0,19.8,12.2,0,105,0.4472135954999579,10.207840124139876,1.0,19.8,12.2,0,273,1.6465452046971292,7.509993342207435,1.0,18.6,10.2,-5
2025-05-18 00:34:19.971125,138,105880.028875,0.5719444444444445,3,29,71,1,-1.0,-1.5999999999999943,11.900000000000006,-24.299999999999997,-10.799999999999997,-4.400000000000006,9.099999999999994,-28.700000000000003,-15.200000000000003,0.0,0.0,0.2,1.0,0.2,29,47.9,22.5,52097.72,36083.9,100,0,-13.5,11.900000000000006,-16.6,15.000000000000007,6,0.0,0.0,0.0,0.0,6,62,5.9,18.0,62,-15.799999999999997,14.200000000000003,-18.700000000000003,17.10000000000001,1,0.0,0.0,0.0,0.0,77,77,4.0,6.1,0,-9.925816993464053,-29,19,,,1.0,29.0,3.0,0,33,0.0,4.242640687119285,1.0,29.0,6.0,0,108,0.0,4.242640687119285,1.0,29.0,6.0,0,108,0.0,4.242640687119285,1.0,29.0,6.0,0,276,0.5773502691896258,3.4641016151377544,1.0,29.333333333333332,5.0,1
2025-05-18 00:37:44.160700,138,105675.8393,0.6288888888888889,13,32,68,1,-1.0,-1.5999999999999943,11.900000000000006,-24.299999999999997,-10.799999999999997,-4.400000000000006,9.099999999999994,-28.700000000000003,-15.200000000000003,0.0,0.0,0.2,1.0,0.2,29,47.9,22.5,52097.72,36083.9,100,0,-13.5,11.900000000000006,-16.6,15.000000000000007,6,0.0,0.0,0.0,0.0,6,62,5.9,18.0,62,-15.799999999999997,14.200000000000003,-18.700000000000003,17.10000000000001,1,0.0,0.0,0.0,0.0,77,77,4.0,6.1,0,-12.935557736342819,-32,13,,,1.0,32.0,13.0,0,32,2.1213203435596424,7.0710678118654755,1.0,30.5,8.0,-3,121,1.7320508075688772,5.033222956847166,1.0,30.0,8.333333333333334,-3,121,1.7320508075688772,5.033222956847166,1.0,30.0,8.333333333333334,-3,280,1.7320508075688772,5.033222956847166,1.0,30.0,8.333333333333334,-3
2025-05-18 00:40:10.523493,138,105529.476507,0.6694444444444444,1,19,81,1,-3.0,0.4000000000000057,11.900000000000006,-22.299999999999997,-10.799999999999997,-2.4000000000000057,9.099999999999994,-26.700000000000003,-15.200000000000003,0.0,0.0,0.2,1.0,0.2,29,47.9,22.5,52097.72,36083.9,100,0,-11.5,11.900000000000006,-14.600000000000001,15.000000000000007,6,0.0,0.0,0.0,0.0,6,62,5.9,18.0,62,-13.799999999999997,14.200000000000003,-16.700000000000003,17.10000000000001,1,0.0,0.0,0.0,0.0,77,77,4.0,6.1,0,3.370939420544339,-19,1,,,1.0,19.0,1.0,0,14,,,1.0,19.0,1.0,0,122,0.5163977794943222,10.211105065891088,1.0,19.666666666666668,10.333333333333334,1,122,0.5163977794943222,10.211105065891088,1.0,19.666666666666668,10.333333333333334,1,281,1.0540925533894598,7.972870666621068,1.0,19.0,9.7,-2
2025-05-18 00:46:09.646065,138,105170.353935,0.7691666666666667,3,19,81,1,-3.0,0.4000000000000057,11.900000000000006,-22.299999999999997,-10.799999999999997,-2.4000000000000057,9.099999999999994,-26.700000000000003,-15.200000000000003,0.0,0.0,0.2,1.0,0.2,29,47.9,22.5,52097.72,36083.9,100,0,-11.5,11.900000000000006,-14.600000000000001,15.000000000000007,6,0.0,0.0,0.0,0.0,6,62,5.9,18.0,62,-13.799999999999997,14.200000000000003,-16.700000000000003,17.10000000000001,1,0.0,0.0,0.0,0.0,77,77,4.0,6.1,0,3.371679473106475,-19,3,,,1.0,19.0,3.0,0,3,,,1.0,19.0,3.0,0,36,0.5773502691896257,3.9157800414902435,1.0,19.5,5.0,1,125,0.5345224838248488,9.72478424292429,1.0,19.571428571428573,9.285714285714286,1,284,1.0,7.82885107093685,1.0,19.0,9.090909090909092,-2
2025-05-18 01:17:58.505465,138,103261.494535,1.2994444444444444,5,28,72,1,1.0,-3.5999999999999943,14.200000000000003,-26.299999999999997,-8.5,-6.400000000000006,11.399999999999991,-30.700000000000003,-12.900000000000006,0.0,0.0,0.2,1.0,0.2,29,47.9,22.5,52097.72,36083.9,100,0,-17.799999999999997,14.200000000000003,-20.700000000000003,17.10000000000001,1,0.0,0.0,0.0,0.0,77,77,4.0,6.1,0,-19.299999999999997,15.700000000000003,-21.1,17.500000000000007,0,0.0,0.0,0.0,0.0,0,0,0.5,3.2,0,-2.6972665148063797,-28,10,0.7071067811865476,0.0,1.0,28.5,5.0,-1,10,0.7071067811865476,0.0,1.0,28.5,5.0,-1,10,0.7071067811865476,0.0,1.0,28.5,5.0,-1,135,0.7071067811865476,0.0,1.0,28.5,5.0,-1,135,0.7071067811865476,0.0,1.0,28.5,5.0,-1
2025-05-18 01:17:58.505465,138,103261.494535,1.2994444444444444,5,29,71,1,1.0,-3.5999999999999943,14.200000000000003,-26.299999999999997,-8.5,-6.400000000000006,11.399999999999991,-30.700000000000003,-12.900000000000006,0.0,0.0,0.2,1.0,0.2,29,47.9,22.5,52097.72,36083.9,100,0,-17.799999999999997,14.200000000000003,-20.700000000000003,17.10000000000001,1,0.0,0.0,0.0,0.0,77,77,4.0,6.1,0,-19.299999999999997,15.700000000000003,-21.1,17.500000000000007,0,0.0,0.0,0.0,0.0,0,0,0.5,3.2,0,-3.7003420752565575,-29,10,0.7071067811865476,0.0,1.0,28.5,5.0,-1,10,0.7071067811865476,0.0,1.0,28.5,5.0,-1,10,0.7071067811865476,0.0,1.0,28.5,5.0,-1,135,0.7071067811865476,0.0,1.0,28.5,5.0,-1,135,0.7071067811865476,0.0,1.0,28.5,5.0,-1
2025-05-18 01:31:31.178710,138,102448.82129,1.5252777777777777,5,21,79,1,-3.0,0.4000000000000057,14.200000000000003,-22.299999999999997,-8.5,-2.4000000000000057,11.399999999999991,-26.700000000000003,-12.900000000000006,0.0,0.0,0.2,1.0,0.2,29,47.9,22.5,52097.72,36083.9,100,0,-13.799999999999997,14.200000000000003,-16.700000000000003,17.10000000000001,1,0.0,0.0,0.0,0.0,77,77,4.0,6.1,0,-15.299999999999997,15.700000000000003,-17.1,17.500000000000007,0,0.0,0.0,0.0,0.0,0,0,0.5,3.2,0,1.3739015817223184,-21,5,,,1.0,21.0,5.0,0,5,,,1.0,21.0,5.0,0,15,,,1.0,21.0,5.0,0,51,0.8366600265340756,3.391164991562634,1.0,19.8,5.0,-1,140,0.7071067811865476,9.130013299943371,1.0,19.75,8.75,-1
2025-05-18 01:32:06.818770,138,102413.18123,1.535,6,33,67,1,-1.0,-1.5999999999999943,14.200000000000003,-24.299999999999997,-8.5,-4.400000000000006,11.399999999999991,-28.700000000000003,-12.900000000000006,0.0,0.0,0.2,1.0,0.2,29,47.9,22.5,52097.72,36083.9,100,0,-15.799999999999997,14.200000000000003,-18.700000000000003,17.10000000000001,1,0.0,0.0,0.0,0.0,77,77,4.0,6.1,0,-17.299999999999997,15.700000000000003,-19.1,17.500000000000007,0,0.0,0.0,0.0,0.0,0,0,0.5,3.2,0,-13.990801576872535,-33,11,,,1.0,33.0,6.0,0,11,,,1.0,33.0,6.0,0,21,,,1.0,33.0,6.0,0,57,2.081665999466133,5.131601439446884,1.0,31.333333333333332,7.333333333333333,-4,146,2.0615528128088303,4.272001872658765,1.0,30.75,7.75,-4
2025-05-18 01:33:31.958329,138,102328.041671,1.5586111111111112,14,34,66,1,-1.0,-1.5999999999999943,14.200000000000003,-24.299999999999997,-8.5,-4.400000000000006,11.399999999999991,-28.700000000000003,-12.900000000000006,0.0,0.0,0.2,1.0,0.2,29,47.9,22.5,52097.72,36083.9,100,0,-15.799999999999997,14.200000000000003,-18.700000000000003,17.10000000000001,1,0.0,0.0,0.0,0.0,77,77,4.0,6.1,0,-17.299999999999997,15.700000000000003,-19.1,17.500000000000007,0,0.0,0.0,0.0,0.0,0,0,0.5,3.2,0,-15.018433179723502,-34,20,0.7071067811865476,5.656854249492381,1.0,33.5,10.0,-1,25,0.7071067811865476,5.656854249492381,1.0,33.5,10.0,-1,25,0.7071067811865476,5.656854249492381,1.0,33.5,10.0,-1,71,2.160246899469287,5.354126134736337,1.0,32.0,9.0,-5,160,2.3021728866442674,4.636809247747852,1.0,31.4,9.0,-5
2025-05-18 01:39:35.156959,138,101964.843041,1.659722222222222,5,20,80,1,-3.0,0.4000000000000057,14.200000000000003,-22.299999999999997,-8.5,-2.4000000000000057,11.399999999999991,-26.700000000000003,-12.900000000000006,0.0,0.0,0.2,1.0,0.2,29,47.9,22.5,52097.72,36083.9,100,0,-13.799999999999997,14.200000000000003,-16.700000000000003,17.10000000000001,1,0.0,0.0,0.0,0.0,77,77,4.0,6.1,0,-15.299999999999997,15.700000000000003,-17.1,17.500000000000007,0,0.0,0.0,0.0,0.0,0,0,0.5,3.2,0,2.375412359797668,-20,5,,,1.0,20.0,5.0,0,5,,,1.0,20.0,5.0,0,30,0.7071067811865476,0.0,1.0,20.5,5.0,1,44,0.9574271077563381,1.9148542155126762,1.0,19.75,3.5,-1,165,0.6666666666666666,8.631338250816034,1.0,19.77777777777778,8.333333333333334,0
2025-05-18 01:39:47.487355,138,101952.512645,1.6630555555555555,10,21,79,1,-3.0,0.4000000000000057,14.200000000000003,-22.299999999999997,-8.5,-2.4000000000000057,11.399999999999991,-26.700000000000003,-12.900000000000006,0.0,0.0,0.2,1.0,0.2,29,47.9,22.5,52097.72,36083.9,100,0,-13.799999999999997,14.200000000000003,-16.700000000000003,17.10000000000001,1,0.0,0.0,0.0,0.0,77,77,4.0,6.1,0,-15.299999999999997,15.700000000000003,-17.1,17.500000000000007,0,0.0,0.0,0.0,0.0,0,0,0.5,3.2,0,1.3780273007485704,-21,15,0.7071067811865476,3.5355339059327378,1.0,20.5,7.5,-1,15,0.7071067811865476,3.5355339059327378,1.0,20.5,7.5,-1,40,0.5773502691896258,2.8867513459481287,1.0,20.666666666666668,6.666666666666667,0,54,1.0,3.3466401061363023,1.0,20.0,4.8,-2,175,0.7378647873726218,8.154753215150045,1.0,19.9,8.5,-1
2025-05-18 02:06:26.238976,138,100353.761024,2.107222222222222,5,12,88,0,3.0,-5.599999999999994,15.700000000000003,-28.299999999999997,-7.0,-8.400000000000006,12.899999999999991,-32.7,-11.400000000000006,0.0,0.0,0.2,1.0,0.2,29,47.9,22.5,52097.72,36083.9,100,0,-21.299999999999997,15.700000000000003,-23.1,17.500000000000007,0,0.0,0.0,0.0,0.0,0,0,0.5,3.2,0,-21.5,15.900000000000006,-24.299999999999997,18.700000000000003,0,0.0,0.0,0.0,0.0,0,0,3.8,4.0,0,-5.345038167938924,12,5,,,0.0,12.0,5.0,0,5,,,0.0,12.0,5.0,0,5,,,0.0,12.0,5.0,0,55,,,0.0,12.0,5.0,0,180,,,0.0,12.0,5.0,0
2025-05-18 02:26:43.817993,138,99136.182007,2.445277777777778,16,34,66,1,-1.0,-1.5999999999999943,15.700000000000003,-24.299999999999997,-7.0,-4.400000000000006,12.899999999999991,-28.700000000000003,-11.400000000000006,0.0,0.0,0.2,1.0,0.2,29,47.9,22.5,52097.72,36083.9,100,0,-17.299999999999997,15.700000000000003,-19.1,17.500000000000007,0,0.0,0.0,0.0,0.0,0,0,0.5,3.2,0,-17.5,15.900000000000006,-20.299999999999997,18.700000000000003,0,0.0,0.0,0.0,0.0,0,0,3.8,4.0,0,-15.087962962962962,-34,16,,,1.0,34.0,16.0,0,16,,,1.0,34.0,16.0,0,16,,,1.0,34.0,16.0,0,61,0.5773502691896258,5.291502622129181,1.0,33.666666666666664,12.0,-1,151,2.316606713852541,5.036533199202271,1.0,31.833333333333332,10.166666666666666,-5
2025-05-18 02:29:48.280119,138,98951.719881,2.4966666666666666,34,34,66,1,-1.0,-1.5999999999999943,15.700000000000003,-24.299999999999997,-7.0,-4.400000000000006,12.899999999999991,-28.700000000000003,-11.400000000000006,0.0,0.0,0.2,1.0,0.2,29,47.9,22.5,52097.72,36083.9,100,0,-17.299999999999997,15.700000000000003,-19.1,17.500000000000007,0,0.0,0.0,0.0,0.0,0,0,0.5,3.2,0,-17.5,15.900000000000006,-20.299999999999997,18.700000000000003,0,0.0,0.0,0.0,0.0,0,0,3.8,4.0,0,-15.168218085106382,-34,34,,,1.0,34.0,34.0,0,50,0.0,12.727922061357855,1.0,34.0,25.0,0,50,0.0,12.727922061357855,1.0,34.0,25.0,0,95,0.5,11.818065267490557,1.0,33.75,17.5,-1,155,2.2677868380553634,10.113640011673063,1.0,32.142857142857146,13.571428571428571,-5
2025-05-18 02:30:41.092099,138,98898.907901,2.511388888888889,50,21,79,1,-3.0,0.4000000000000057,15.700000000000003,-22.299999999999997,-7.0,-2.4000000000000057,12.899999999999991,-26.700000000000003,-11.400000000000006,0.0,0.0,0.2,1.0,0.2,29,47.9,22.5,52097.72,36083.9,100,0,-15.299999999999997,15.700000000000003,-17.1,17.500000000000007,0,0.0,0.0,0.0,0.0,0,0,0.5,3.2,0,-15.5,15.900000000000006,-18.299999999999997,18.700000000000003,0,0.0,0.0,0.0,0.0,0,0,3.8,4.0,0,1.3810679611650478,-21,84,,,1.0,21.0,50.0,0,100,,,1.0,21.0,50.0,0,100,,,1.0,21.0,50.0,0,145,0.5,21.79449471770337,1.0,20.75,17.5,0,205,0.8345229603962802,15.96200846653435,1.0,20.125,11.25,-1
2025-05-18 02:36:24.676136,138,98555.323864,2.606666666666667,1,34,66,1,-1.0,-1.5999999999999943,15.700000000000003,-24.299999999999997,-7.0,-4.400000000000006,12.899999999999991,-28.700000000000003,-11.400000000000006,0.0,0.0,0.2,1.0,0.2,29,47.9,22.5,52097.72,36083.9,100,0,-17.299999999999997,15.700000000000003,-19.1,17.500000000000007,0,0.0,0.0,0.0,0.0,0,0,0.5,3.2,0,-17.5,15.900000000000006,-20.299999999999997,18.700000000000003,0,0.0,0.0,0.0,0.0,0,0,3.8,4.0,0,-15.341627437794216,-34,1,,,1.0,34.0,1.0,0,1,,,1.0,34.0,1.0,0,101,0.0,16.522711641858304,1.0,34.0,17.0,0,121,0.0,16.522711641858304,1.0,34.0,17.0,0,173,0.8366600265340756,11.29601699715435,1.0,33.5,14.0,-2
2025-05-18 02:38:41.881010,138,98418.11899,2.644722222222222,4,21,79,1,-3.0,0.4000000000000057,15.700000000000003,-22.299999999999997,-7.0,-2.4000000000000057,12.899999999999991,-26.700000000000003,-11.400000000000006,0.0,0.0,0.2,1.0,0.2,29,47.9,22.5,52097.72,36083.9,100,0,-15.299999999999997,15.700000000000003,-17.1,17.500000000000007,0,0.0,0.0,0.0,0.0,0,0,0.5,3.2,0,-15.5,15.900000000000006,-18.299999999999997,18.700000000000003,0,0.0,0.0,0.0,0.0,0,0,3.8,4.0,0,1.3964747880410542,-21,4,,,1.0,21.0,4.0,0,5,,,1.0,21.0,4.0,0,105,0.0,32.526911934581186,1.0,21.0,27.0,0,125,0.5,21.990528264080726,1.0,20.75,17.25,-1,164,0.9511897312113418,17.35346815892596,1.0,20.285714285714285,11.142857142857142,-2
2025-05-18 02:59:34.007503,138,97165.992497,2.992777777777778,13,36,64,1,-1.0,-1.5999999999999943,15.700000000000003,-24.299999999999997,-7.0,-4.400000000000006,12.899999999999991,-28.700000000000003,-11.400000000000006,0.0,0.0,0.2,1.0,0.2,29,47.9,22.5,52097.72,36083.9,100,0,-17.299999999999997,15.700000000000003,-19.1,17.500000000000007,0,0.0,0.0,0.0,0.0,0,0,0.5,3.2,0,-17.5,15.900000000000006,-20.299999999999997,18.700000000000003,0,0.0,0.0,0.0,0.0,0,0,3.8,4.0,0,-17.346787756474942,-36,13,,,1.0,36.0,13.0,0,13,,,1.0,36.0,13.0,0,13,,,1.0,36.0,13.0,0,123,1.0,13.638181696985855,1.0,34.5,16.0,-2,173,0.983192080250175,11.29601699715435,1.0,34.166666666666664,14.0,-3
2025-05-18 03:19:17.086185,138,95982.913815,3.3213888888888885,200,31,69,1,1.0,-3.5999999999999943,15.900000000000006,-26.299999999999997,-6.799999999999997,-6.400000000000006,13.099999999999994,-30.700000000000003,-11.200000000000003,0.0,0.0,0.2,1.0,0.2,29,47.9,22.5,52097.72,36083.9,100,0,-19.5,15.900000000000006,-22.299999999999997,18.700000000000003,0,0.0,0.0,0.0,0.0,0,0,3.8,4.0,0,-21.9,18.300000000000004,-24.9,21.300000000000004,0,0.0,0.0,0.0,0.0,0,0,6.3,8.6,0,-5.7045662100456624,-31,488,1.9493588689617927,94.2830843789065,1.0,30.4,97.6,3,488,1.9493588689617927,94.2830843789065,1.0,30.4,97.6,3,488,1.9493588689617927,94.2830843789065,1.0,30.4,97.6,3,606,1.9493588689617927,94.2830843789065,1.0,30.4,97.6,3,651,1.9493588689617927,94.2830843789065,1.0,30.4,97.6,3
2025-05-18 03:19:17.086185,138,95982.913815,3.3213888888888885,200,33,67,1,1.0,-3.5999999999999943,15.900000000000006,-26.299999999999997,-6.799999999999997,-6.400000000000006,13.099999999999994,-30.700000000000003,-11.200000000000003,0.0,0.0,0.2,1.0,0.2,29,47.9,22.5,52097.72,36083.9,100,0,-19.5,15.900000000000006,-22.299999999999997,18.700000000000003,0,0.0,0.0,0.0,0.0,0,0,3.8,4.0,0,-21.9,18.300000000000004,-24.9,21.300000000000004,0,0.0,0.0,0.0,0.0,0,0,6.3,8.6,0,-7.977511961722488,-33,488,1.9493588689617927,94.2830843789065,1.0,30.4,97.6,3,488,1.9493588689617927,94.2830843789065,1.0,30.4,97.6,3,488,1.9493588689617927,94.2830843789065,1.0,30.4,97.6,3,606,1.9493588689617927,94.2830843789065,1.0,30.4,97.6,3,651,1.9493588689617927,94.2830843789065,1.0,30.4,97.6,3
2025-05-18 03:19:17.086185,138,95982.913815,3.3213888888888885,23,29,71,1,1.0,-3.5999999999999943,15.900000000000006,-26.299999999999997,-6.799999999999997,-6.400000000000006,13.099999999999994,-30.700000000000003,-11.200000000000003,0.0,0.0,0.2,1.0,0.2,29,47.9,22.5,52097.72,36083.9,100,0,-19.5,15.900000000000006,-22.299999999999997,18.700000000000003,0,0.0,0.0,0.0,0.0,0,0,3.8,4.0,0,-21.9,18.300000000000004,-24.9,21.300000000000004,0,0.0,0.0,0.0,0.0,0,0,6.3,8.6,0,-4.378391959798996,-29,488,1.9493588689617927,94.2830843789065,1.0,30.4,97.6,3,488,1.9493588689617927,94.2830843789065,1.0,30.4,97.6,3,488,1.9493588689617927,94.2830843789065,1.0,30.4,97.6,3,606,1.9493588689617927,94.2830843789065,1.0,30.4,97.6,3,651,1.9493588689617927,94.2830843789065,1.0,30.4,97.6,3
2025-05-18 03:19:17.086185,138,95982.913815,3.3213888888888885,49,31,69,1,1.0,-3.5999999999999943,15.900000000000006,-26.299999999999997,-6.799999999999997,-6.400000000000006,13.099999999999994,-30.700000000000003,-11.200000000000003,0.0,0.0,0.2,1.0,0.2,29,47.9,22.5,52097.72,36083.9,100,0,-19.5,15.900000000000006,-22.299999999999997,18.700000000000003,0,0.0,0.0,0.0,0.0,0,0,3.8,4.0,0,-21.9,18.300000000000004,-24.9,21.300000000000004,0,0.0,0.0,0.0,0.0,0,0,6.3,8.6,0,-6.403841293909526,-31,488,1.9493588689617927,94.2830843789065,1.0,30.4,97.6,3,488,1.9493588689617927,94.2830843789065,1.0,30.4,97.6,3,488,1.9493588689617927,94.2830843789065,1.0,30.4,97.6,3,606,1.9493588689617927,94.2830843789065,1.0,30.4,97.6,3,651,1.9493588689617927,94.2830843789065,1.0,30.4,97.6,3
2025-05-18 03:19:17.086185,138,95982.913815,3.3213888888888885,16,28,72,1,1.0,-3.5999999999999943,15.900000000000006,-26.299999999999997,-6.799999999999997,-6.400000000000006,13.099999999999994,-30.700000000000003,-11.200000000000003,0.0,0.0,0.2,1.0,0.2,29,47.9,22.5,52097.72,36083.9,100,0,-19.5,15.900000000000006,-22.299999999999997,18.700000000000003,0,0.0,0.0,0.0,0.0,0,0,3.8,4.0,0,-21.9,18.300000000000004,-24.9,21.300000000000004,0,0.0,0.0,0.0,0.0,0,0,6.3,8.6,0,-3.484135107471854,-28,488,1.9493588689617927,94.2830843789065,1.0,30.4,97.6,3,488,1.9493588689617927,94.2830843789065,1.0,30.4,97.6,3,488,1.9493588689617927,94.2830843789065,1.0,30.4,97.6,3,606,1.9493588689617927,94.2830843789065,1.0,30.4,97.6,3,651,1.9493588689617927,94.2830843789065,1.0,30.4,97.6,3
2025-05-18 03:27:46.427908,138,95473.572092,3.462777777777778,16,31,69,1,1.0,-3.5999999999999943,15.900000000000006,-26.299999999999997,-6.799999999999997,-6.400000000000006,13.099999999999994,-30.700000000000003,-11.200000000000003,0.0,0.0,0.2,1.0,0.2,29,47.9,22.5,52097.72,36083.9,100,0,-19.5,15.900000000000006,-22.299999999999997,18.700000000000003,0,0.0,0.0,0.0,0.0,0,0,3.8,4.0,0,-21.9,18.300000000000004,-24.9,21.300000000000004,0,0.0,0.0,0.0,0.0,0,0,6.3,8.6,0,-6.4984583761562185,-31,16,,,1.0,31.0,16.0,0,16,,,1.0,31.0,16.0,0,504,1.760681686165901,90.67083323759631,1.0,30.5,84.0,0,606,1.760681686165901,90.67083323759631,1.0,30.5,84.0,0,667,1.760681686165901,90.67083323759631,1.0,30.5,84.0,0
2025-05-18 03:35:29.778503,138,95010.221497,3.591388888888889,7,33,67,0,1.0,-3.5999999999999943,15.900000000000006,-26.299999999999997,-6.799999999999997,-6.400000000000006,13.099999999999994,-30.700000000000003,-11.200000000000003,0.0,0.0,0.2,1.0,0.2,29,47.9,22.5,52097.72,36083.9,100,0,-19.5,15.900000000000006,-22.299999999999997,18.700000000000003,0,0.0,0.0,0.0,0.0,0,0,3.8,4.0,0,-21.9,18.300000000000004,-24.9,21.300000000000004,0,0.0,0.0,0.0,0.0,0,0,6.3,8.6,0,-8.525283797729614,33,7,,,0.0,33.0,7.0,0,7,,,0.0,33.0,7.0,0,23,1.4142135623730951,6.363961030678928,0.5,32.0,11.5,-2,529,1.864454471471609,87.7382470761754,0.8571428571428571,30.857142857142858,73.0,-2,649,1.864454471471609,87.7382470761754,0.8571428571428571,30.857142857142858,73.0,-2
2025-05-18 03:36:37.841504,138,94942.158496,3.6102777777777777,10,33,67,1,1.0,-3.5999999999999943,15.900000000000006,-26.299999999999997,-6.799999999999997,-6.400000000000006,13.099999999999994,-30.700000000000003,-11.200000000000003,0.0,0.0,0.2,1.0,0.2,29,47.9,22.5,52097.72,36083.9,100,0,-19.5,15.900000000000006,-22.299999999999997,18.700000000000003,0,0.0,0.0,0.0,0.0,0,0,3.8,4.0,0,-21.9,18.300000000000004,-24.9,21.300000000000004,0,0.0,0.0,0.0,0.0,0,0,6.3,8.6,0,-8.54070819333161,-33,17,0.0,2.1213203435596424,0.5,33.0,8.5,0,17,0.0,2.1213203435596424,0.5,33.0,8.5,0,33,1.1547005383792517,4.58257569495584,0.6666666666666666,32.333333333333336,11.0,-2,538,1.8850918886280925,84.2283248930294,0.875,31.125,65.125,-2,659,1.8850918886280925,84.2283248930294,0.875,31.125,65.125,-2
2025-05-18 03:36:37.929074,138,94942.070926,3.6102777777777777,45,12,88,1,3.0,-5.599999999999994,15.900000000000006,-28.299999999999997,-6.799999999999997,-8.400000000000006,13.099999999999994,-32.7,-11.200000000000003,0.0,0.0,0.2,1.0,0.2,29,47.9,22.5,52097.72,36083.9,100,0,-21.5,15.900000000000006,-24.299999999999997,18.700000000000003,0,0.0,0.0,0.0,0.0,0,0,3.8,4.0,0,-23.9,18.300000000000004,-26.9,21.300000000000004,0,0.0,0.0,0.0,0.0,0,0,6.3,8.6,0,-5.355258126195029,-12,62,,,1.0,12.0,45.0,0,62,,,1.0,12.0,45.0,0,78,,,1.0,12.0,45.0,0,583,,,1.0,12.0,45.0,0,704,0.0,28.284271247461902,0.5,12.0,25.0,0
2025-05-18 03:39:38.887930,138,94761.11207,3.6605555555555553,37,12,88,1,3.0,-5.599999999999994,15.900000000000006,-28.299999999999997,-6.799999999999997,-8.400000000000006,13.099999999999994,-32.7,-11.200000000000003,0.0,0.0,0.2,1.0,0.2,29,47.9,22.5,52097.72,36083.9,100,0,-21.5,15.900000000000006,-24.299999999999997,18.700000000000003,0,0.0,0.0,0.0,0.0,0,0,3.8,4.0,0,-23.9,18.300000000000004,-26.9,21.300000000000004,0,0.0,0.0,0.0,0.0,0,0,6.3,8.6,0,-5.449027237354086,-12,37,,,1.0,12.0,37.0,0,99,0.0,5.656854249492381,1.0,12.0,41.0,0,115,0.0,5.656854249492381,1.0,12.0,41.0,0,616,0.0,5.656854249492381,1.0,12.0,41.0,0,736,0.0,21.166010488516726,0.6666666666666666,12.0,29.0,0
2025-05-18 03:42:43.519192,138,94576.480808,3.7119444444444447,158,12,88,1,3.0,-5.599999999999994,15.900000000000006,-28.299999999999997,-6.799999999999997,-8.400000000000006,13.099999999999994,-32.7,-11.200000000000003,0.0,0.0,0.2,1.0,0.2,29,47.9,22.5,52097.72,36083.9,100,0,-21.5,15.900000000000006,-24.299999999999997,18.700000000000003,0,0.0,0.0,0.0,0.0,0,0,3.8,4.0,0,-23.9,18.300000000000004,-26.9,21.300000000000004,0,0.0,0.0,0.0,0.0,0,0,6.3,8.6,0,-5.528622187129885,-12,158,,,1.0,12.0,158.0,0,195,0.0,85.55992052357225,1.0,12.0,97.5,0,273,0.0,67.66830868286867,1.0,12.0,80.0,0,774,0.0,67.66830868286867,1.0,12.0,80.0,0,884,0.0,66.77512011720134,0.75,12.0,61.25,0
2025-05-18 03:54:29.811078,138,93870.188922,3.9080555555555554,7,16,84,0,3.0,-5.599999999999994,15.900000000000006,-28.299999999999997,-6.799999999999997,-8.400000000000006,13.099999999999994,-32.7,-11.200000000000003,0.0,0.0,0.2,1.0,0.2,29,47.9,22.5,52097.72,36083.9,100,0,-21.5,15.900000000000006,-24.299999999999997,18.700000000000003,0,0.0,0.0,0.0,0.0,0,0,3.8,4.0,0,-23.9,18.300000000000004,-26.9,21.300000000000004,0,0.0,0.0,0.0,0.0,0,0,6.3,8.6,0,-9.896421052631581,16,79,0.7071067811865476,45.96194077712559,0.0,15.5,39.5,1,79,0.7071067811865476,45.96194077712559,0.0,15.5,39.5,1,274,2.0615528128088303,65.31207137020435,0.5,13.75,68.5,-3,853,1.9493588689617927,57.52999217799356,0.6,13.4,63.8,-3,963,1.834847859269718,56.78027826631356,0.5,13.166666666666666,54.0,-3
2025-05-18 03:54:29.811078,138,93870.188922,3.9080555555555554,72,15,85,0,3.0,-5.599999999999994,15.900000000000006,-28.299999999999997,-6.799999999999997,-8.400000000000006,13.099999999999994,-32.7,-11.200000000000003,0.0,0.0,0.2,1.0,0.2,29,47.9,22.5,52097.72,36083.9,100,0,-21.5,15.900000000000006,-24.299999999999997,18.700000000000003,0,0.0,0.0,0.0,0.0,0,0,3.8,4.0,0,-23.9,18.300000000000004,-26.9,21.300000000000004,0,0.0,0.0,0.0,0.0,0,0,6.3,8.6,0,-8.925675675675677,15,79,0.7071067811865476,45.96194077712559,0.0,15.5,39.5,1,79,0.7071067811865476,45.96194077712559,0.0,15.5,39.5,1,274,2.0615528128088303,65.31207137020435,0.5,13.75,68.5,-3,853,1.9493588689617927,57.52999217799356,0.6,13.4,63.8,-3,963,1.834847859269718,56.78027826631356,0.5,13.166666666666666,54.0,-3
2025-05-18 03:54:33.130205,138,93866.869795,3.9091666666666667,14,36,64,1,1.0,-3.5999999999999943,15.900000000000006,-26.299999999999997,-6.799999999999997,-6.400000000000006,13.099999999999994,-30.700000000000003,-11.200000000000003,0.0,0.0,0.2,1.0,0.2,29,47.9,22.5,52097.72,36083.9,100,0,-19.5,15.900000000000006,-22.299999999999997,18.700000000000003,0,0.0,0.0,0.0,0.0,0,0,3.8,4.0,0,-21.9,18.300000000000004,-24.9,21.300000000000004,0,0.0,0.0,0.0,0.0,0,0,6.3,8.6,0,-11.562840114019178,-36,93,,,1.0,36.0,14.0,0,93,,,1.0,36.0,14.0,0,288,,,1.0,36.0,14.0,0,867,2.3979157616563596,80.61034535205624,0.8888888888888888,31.666666666666668,59.44444444444444,-5,977,2.3979157616563596,80.61034535205624,0.8888888888888888,31.666666666666668,59.44444444444444,-5
2025-05-18 03:54:39.600236,138,93860.399764,3.910833333333333,4,36,64,1,1.0,-3.5999999999999943,15.900000000000006,-26.299999999999997,-6.799999999999997,-6.400000000000006,13.099999999999994,-30.700000000000003,-11.200000000000003,0.0,0.0,0.2,1.0,0.2,29,47.9,22.5,52097.72,36083.9,100,0,-19.5,15.900000000000006,-22.299999999999997,18.700000000000003,0,0.0,0.0,0.0,0.0,0,0,3.8,4.0,0,-21.9,18.300000000000004,-24.9,21.300000000000004,0,0.0,0.0,0.0,0.0,0,0,6.3,8.6,0,-11.604941482444733,-36,97,0.0,7.0710678118654755,1.0,36.0,9.0,0,97,0.0,7.0710678118654755,1.0,36.0,9.0,0,255,0.0,7.0710678118654755,1.0,36.0,9.0,0,871,2.64365067451978,77.99636743678089,0.9,32.1,53.9,-5,981,2.64365067451978,77.99636743678089,0.9,32.1,53.9,-5
2025-05-18 03:55:39.668320,138,93800.33168,3.9274999999999998,26,7,93,0,5.0,-7.599999999999994,15.900000000000006,-30.299999999999997,-6.799999999999997,-10.400000000000006,13.099999999999994,-34.7,-11.200000000000003,0.0,0.0,0.2,1.0,0.2,29,47.9,22.5,52097.72,36083.9,100,0,-23.5,15.900000000000006,-26.299999999999997,18.700000000000003,0,0.0,0.0,0.0,0.0,0,0,3.8,4.0,0,-25.9,18.300000000000004,-28.9,21.300000000000004,0,0.0,0.0,0.0,0.0,0,0,6.3,8.6,0,-5.368480725623584,7,123,,,0.0,7.0,26.0,0,123,,,0.0,7.0,26.0,0,281,,,0.0,7.0,26.0,0,897,,,0.0,7.0,26.0,0,1007,,,0.0,7.0,26.0,0
2025-05-18 03:56:21.434362,138,93758.565638,3.939166666666667,1,16,84,0,3.0,-5.599999999999994,15.900000000000006,-28.299999999999997,-6.799999999999997,-8.400000000000006,13.099999999999994,-32.7,-11.200000000000003,0.0,0.0,0.2,1.0,0.2,29,47.9,22.5,52097.72,36083.9,100,0,-21.5,15.900000000000006,-24.299999999999997,18.700000000000003,0,0.0,0.0,0.0,0.0,0,0,3.8,4.0,0,-23.9,18.300000000000004,-26.9,21.300000000000004,0,0.0,0.0,0.0,0.0,0,0,6.3,8.6,0,-10.20557491289199,16,203,0.4472135954999579,37.67890656587582,0.0,15.8,31.8,0,203,0.4472135954999579,37.67890656587582,0.0,15.8,31.8,0,361,1.6020819787597218,61.56432949904244,0.16666666666666666,15.166666666666666,52.833333333333336,-4,977,1.9955307206712847,52.362575239518975,0.375,14.375,49.875,-4,1087,2.0275875100994067,51.213876157845256,0.3333333333333333,14.11111111111111,44.888888888888886,-4
2025-05-18 03:56:21.434362,138,93758.565638,3.939166666666667,74,16,84,0,3.0,-5.599999999999994,15.900000000000006,-28.299999999999997,-6.799999999999997,-8.400000000000006,13.099999999999994,-32.7,-11.200000000000003,0.0,0.0,0.2,1.0,0.2,29,47.9,22.5,52097.72,36083.9,100,0,-21.5,15.900000000000006,-24.299999999999997,18.700000000000003,0,0.0,0.0,0.0,0.0,0,0,3.8,4.0,0,-23.9,18.300000000000004,-26.9,21.300000000000004,0,0.0,0.0,0.0,0.0,0,0,6.3,8.6,0,-10.210021786492376,16,203,0.4472135954999579,37.67890656587582,0.0,15.8,31.8,0,203,0.4472135954999579,37.67890656587582,0.0,15.8,31.8,0,361,1.6020819787597218,61.56432949904244,0.16666666666666666,15.166666666666666,52.833333333333336,-4,977,1.9955307206712847,52.362575239518975,0.375,14.375,49.875,-4,1087,2.0275875100994067,51.213876157845256,0.3333333333333333,14.11111111111111,44.888888888888886,-4
2025-05-18 03:56:21.434362,138,93758.565638,3.939166666666667,5,16,84,0,3.0,-5.599999999999994,15.900000000000006,-28.299999999999997,-6.799999999999997,-8.400000000000006,13.099999999999994,-32.7,-11.200000000000003,0.0,0.0,0.2,1.0,0.2,29,47.9,22.5,52097.72,36083.9,100,0,-21.5,15.900000000000006,-24.299999999999997,18.700000000000003,0,0.0,0.0,0.0,0.0,0,0,3.8,4.0,0,-23.9,18.300000000000004,-26.9,21.300000000000004,0,0.0,0.0,0.0,0.0,0,0,6.3,8.6,0,-10.55020261143629,16,203,0.4472135954999579,37.67890656587582,0.0,15.8,31.8,0,203,0.4472135954999579,37.67890656587582,0.0,15.8,31.8,0,361,1.6020819787597218,61.56432949904244,0.16666666666666666,15.166666666666666,52.833333333333336,-4,977,1.9955307206712847,52.362575239518975,0.375,14.375,49.875,-4,1087,2.0275875100994067,51.213876157845256,0.3333333333333333,14.11111111111111,44.888888888888886,-4
2025-05-18 04:08:51.618034,138,93008.381966,4.147500000000001,19,39,61,1,1.0,-3.5999999999999943,18.300000000000004,-26.299999999999997,-4.399999999999999,-6.400000000000006,15.499999999999993,-30.700000000000003,-8.800000000000004,0.0,0.0,0.2,1.0,0.2,29,47.9,22.5,52097.72,36083.9,100,0,-21.9,18.300000000000004,-24.9,21.300000000000004,0,0.0,0.0,0.0,0.0,0,0,6.3,8.6,0,-23.200000000000003,19.60000000000001,-26.0,22.400000000000006,0,0.0,0.0,0.0,0.0,3,3,3.3,4.7,0,-14.61702681593335,-39,26,0.0,8.48528137423857,1.0,39.0,13.0,0,26,0.0,8.48528137423857,1.0,39.0,13.0,0,229,1.7320508075688772,6.782329983125268,1.0,37.5,11.0,-3,990,3.5960837284215423,72.36957966304668,0.9166666666666666,33.25,47.083333333333336,-8,1108,3.5960837284215423,72.36957966304668,0.9166666666666666,33.25,47.083333333333336,-8
2025-05-18 04:08:51.618034,138,93008.381966,4.147500000000001,7,39,61,1,1.0,-3.5999999999999943,18.300000000000004,-26.299999999999997,-4.399999999999999,-6.400000000000006,15.499999999999993,-30.700000000000003,-8.800000000000004,0.0,0.0,0.2,1.0,0.2,29,47.9,22.5,52097.72,36083.9,100,0,-21.9,18.300000000000004,-24.9,21.300000000000004,0,0.0,0.0,0.0,0.0,0,0,6.3,8.6,0,-23.200000000000003,19.60000000000001,-26.0,22.400000000000006,0,0.0,0.0,0.0,0.0,3,3,3.3,4.7,0,-14.689691261119833,-39,26,0.0,8.48528137423857,1.0,39.0,13.0,0,26,0.0,8.48528137423857,1.0,39.0,13.0,0,229,1.7320508075688772,6.782329983125268,1.0,37.5,11.0,-3,990,3.5960837284215423,72.36957966304668,0.9166666666666666,33.25,47.083333333333336,-8,1108,3.5960837284215423,72.36957966304668,0.9166666666666666,33.25,47.083333333333336,-8
2025-05-18 04:09:48.861328,138,92951.138672,4.163333333333334,7,19,81,1,3.0,-5.599999999999994,18.300000000000004,-28.299999999999997,-4.399999999999999,-8.400000000000006,15.499999999999993,-32.7,-8.800000000000004,0.0,0.0,0.2,1.0,0.2,29,47.9,22.5,52097.72,36083.9,100,0,-23.9,18.300000000000004,-26.9,21.300000000000004,0,0.0,0.0,0.0,0.0,0,0,6.3,8.6,0,-25.200000000000003,19.60000000000001,-28.0,22.400000000000006,0,0.0,0.0,0.0,0.0,3,3,3.3,4.7,0,-13.574007220216608,-19,51,0.7071067811865476,7.7781745930520225,1.0,19.5,12.5,-1,51,0.7071067811865476,7.7781745930520225,1.0,19.5,12.5,-1,157,1.9493588689617927,30.29026246172192,0.4,17.4,21.0,-4,1015,2.7968235951204043,48.863073992535504,0.5,15.4,42.4,-8,1133,2.7968235951204043,48.863073992535504,0.5,15.4,42.4,-8
2025-05-18 04:09:48.861328,138,92951.138672,4.163333333333334,18,20,80,1,3.0,-5.599999999999994,18.300000000000004,-28.299999999999997,-4.399999999999999,-8.400000000000006,15.499999999999993,-32.7,-8.800000000000004,0.0,0.0,0.2,1.0,0.2,29,47.9,22.5,52097.72,36083.9,100,0,-23.9,18.300000000000004,-26.9,21.300000000000004,0,0.0,0.0,0.0,0.0,0,0,6.3,8.6,0,-25.200000000000003,19.60000000000001,-28.0,22.400000000000006,0,0.0,0.0,0.0,0.0,3,3,3.3,4.7,0,-14.617021276595745,-20,51,0.7071067811865476,7.7781745930520225,1.0,19.5,12.5,-1,51,0.7071067811865476,7.7781745930520225,1.0,19.5,12.5,-1,157,1.9493588689617927,30.29026246172192,0.4,17.4,21.0,-4,1015,2.7968235951204043,48.863073992535504,0.5,15.4,42.4,-8,1133,2.7968235951204043,48.863073992535504,0.5,15.4,42.4,-8
2025-05-18 04:23:07.528480,138,92152.47152,4.3852777777777785,100,40,60,1,1.0,-3.5999999999999943,18.300000000000004,-26.299999999999997,-4.399999999999999,-6.400000000000006,15.499999999999993,-30.700000000000003,-8.800000000000004,0.0,0.0,0.2,1.0,0.2,29,47.9,22.5,52097.72,36083.9,100,0,-21.9,18.300000000000004,-24.9,21.300000000000004,0,0.0,0.0,0.0,0.0,0,0,6.3,8.6,0,-23.200000000000003,19.60000000000001,-26.0,22.400000000000006,0,0.0,0.0,0.0,0.0,3,3,3.3,4.7,0,-15.71664482306684,-40,100,,,1.0,40.0,100.0,0,100,,,1.0,40.0,100.0,0,151,0.5773502691896258,50.586559479766954,1.0,39.333333333333336,42.0,-1,627,3.313931631332013,31.87223377352591,0.875,35.875,22.125,-9,1233,3.9190527374576574,70.82589704555596,0.9230769230769231,33.76923076923077,51.15384615384615,-9
2025-05-18 04:23:15.239585,138,92144.760415,4.3875,69,27,73,1,-1.0,-1.5999999999999943,18.300000000000004,-24.299999999999997,-4.399999999999999,-4.400000000000006,15.499999999999993,-28.700000000000003,-8.800000000000004,0.0,0.0,0.2,1.0,0.2,29,47.9,22.5,52097.72,36083.9,100,0,-19.9,18.300000000000004,-22.9,21.300000000000004,0,0.0,0.0,0.0,0.0,0,0,6.3,8.6,0,-21.200000000000003,19.60000000000001,-24.0,22.400000000000006,0,0.0,0.0,0.0,0.0,3,3,3.3,4.7,0,-8.422972972972971,-27,169,,,1.0,27.0,69.0,0,169,,,1.0,27.0,69.0,0,220,,,1.0,27.0,69.0,0,696,,,1.0,27.0,69.0,0,1302,3.4641016151377544,26.482069405543065,1.0,33.0,26.6,7
2025-05-18 04:23:40.356173,138,92119.643827,4.394444444444445,31,28,72,1,-1.0,-1.5999999999999943,18.300000000000004,-24.299999999999997,-4.399999999999999,-4.400000000000006,15.499999999999993,-28.700000000000003,-8.800000000000004,0.0,0.0,0.2,1.0,0.2,29,47.9,22.5,52097.72,36083.9,100,0,-19.9,18.300000000000004,-22.9,21.300000000000004,0,0.0,0.0,0.0,0.0,0,0,6.3,8.6,0,-21.200000000000003,19.60000000000001,-24.0,22.400000000000006,0,0.0,0.0,0.0,0.0,3,3,3.3,4.7,0,-9.624005534417158,-28,200,0.7071067811865476,26.870057685088806,1.0,27.5,50.0,-1,200,0.7071067811865476,26.870057685088806,1.0,27.5,50.0,-1,251,0.7071067811865476,26.870057685088806,1.0,27.5,50.0,-1,727,0.7071067811865476,26.870057685088806,1.0,27.5,50.0,-1,1333,3.710345895825168,23.754297856738823,1.0,32.166666666666664,27.333333333333332,6
2025-05-18 04:24:47.275765,138,92052.724235,4.413055555555556,10,7,93,0,5.0,-7.599999999999994,18.300000000000004,-30.299999999999997,-4.399999999999999,-10.400000000000006,15.499999999999993,-34.7,-8.800000000000004,0.0,0.0,0.2,1.0,0.2,29,47.9,22.5,52097.72,36083.9,100,0,-25.9,18.300000000000004,-28.9,21.300000000000004,0,0.0,0.0,0.0,0.0,0,0,6.3,8.6,0,-27.200000000000003,19.60000000000001,-30.0,22.400000000000006,0,0.0,0.0,0.0,0.0,3,3,3.3,4.7,0,-5.448791714614501,7,210,,,0.0,7.0,10.0,0,210,,,0.0,7.0,10.0,0,235,,,0.0,7.0,10.0,0,737,0.0,11.313708498984761,0.0,7.0,18.0,0,1343,0.0,11.313708498984761,0.0,7.0,18.0,0
2025-05-18 04:24:56.981027,138,92043.018973,4.415555555555556,61,11,89,1,-3.0,0.4000000000000057,18.300000000000004,-22.299999999999997,-4.399999999999999,-2.4000000000000057,15.499999999999993,-26.700000000000003,-8.800000000000004,0.0,0.0,0.2,1.0,0.2,29,47.9,22.5,52097.72,36083.9,100,0,-17.9,18.300000000000004,-20.9,21.300000000000004,0,0.0,0.0,0.0,0.0,0,0,6.3,8.6,0,-19.200000000000003,19.60000000000001,-22.0,22.400000000000006,0,0.0,0.0,0.0,0.0,3,3,3.3,4.7,0,11.397722197409557,-11,271,,,1.0,11.0,61.0,0,271,,,1.0,11.0,61.0,0,271,,,1.0,11.0,61.0,0,798,,,1.0,11.0,61.0,0,1404,5.773502691896257,30.237945256470937,1.0,17.666666666666668,38.333333333333336,10
2025-05-18 04:34:34.114570,138,91465.88543,4.576111111111111,37,20,80,1,3.0,-5.599999999999994,18.300000000000004,-28.299999999999997,-4.399999999999999,-8.400000000000006,15.499999999999993,-32.7,-8.800000000000004,0.0,0.0,0.2,1.0,0.2,29,47.9,22.5,52097.72,36083.9,100,0,-23.9,18.300000000000004,-26.9,21.300000000000004,0,0.0,0.0,0.0,0.0,0,0,6.3,8.6,0,-25.200000000000003,19.60000000000001,-28.0,22.400000000000006,0,0.0,0.0,0.0,0.0,3,3,3.3,4.7,0,-14.737106344135098,-20,37,,,1.0,20.0,37.0,0,37,,,1.0,20.0,37.0,0,308,,,1.0,20.0,37.0,0,819,2.993933259716449,46.38416657751768,0.5454545454545454,15.818181818181818,41.90909090909091,-8,1341,2.993933259716449,46.38416657751768,0.5454545454545454,15.818181818181818,41.90909090909091,-8
2025-05-18 04:48:04.066800,138,90655.9332,4.801111111111111,61,6,94,0,5.0,-7.599999999999994,18.300000000000004,-30.299999999999997,-4.399999999999999,-10.400000000000006,15.499999999999993,-34.7,-8.800000000000004,0.0,0.0,0.2,1.0,0.2,29,47.9,22.5,52097.72,36083.9,100,0,-25.9,18.300000000000004,-28.9,21.300000000000004,0,0.0,0.0,0.0,0.0,0,0,6.3,8.6,0,-27.200000000000003,19.60000000000001,-30.0,22.400000000000006,0,0.0,0.0,0.0,0.0,3,3,3.3,4.7,0,-4.480324074074076,6,61,,,0.0,6.0,61.0,0,61,,,0.0,6.0,61.0,0,98,,,0.0,6.0,61.0,0,623,0.5773502691896258,26.08320021265284,0.0,6.666666666666667,32.333333333333336,1,1397,0.5773502691896258,26.08320021265284,0.0,6.666666666666667,32.333333333333336,1
2025-05-18 04:48:30.845067,138,90629.154933,4.808333333333334,61,6,94,0,5.0,-7.599999999999994,18.300000000000004,-30.299999999999997,-4.399999999999999,-10.400000000000006,15.499999999999993,-34.7,-8.800000000000004,0.0,0.0,0.2,1.0,0.2,29,47.9,22.5,52097.72,36083.9,100,0,-25.9,18.300000000000004,-28.9,21.300000000000004,0,0.0,0.0,0.0,0.0,0,0,6.3,8.6,0,-27.200000000000003,19.60000000000001,-30.0,22.400000000000006,0,0.0,0.0,0.0,0.0,3,3,3.3,4.7,0,-4.644271145770844,6,122,0.0,0.0,0.0,6.0,61.0,0,122,0.0,0.0,0.0,6.0,61.0,0,159,0.0,0.0,0.0,6.0,61.0,0,684,0.5773502691896257,25.67099530598687,0.0,6.5,39.5,1,1458,0.5773502691896257,25.67099530598687,0.0,6.5,39.5,1
2025-05-18 04:48:34.578971,138,90625.421029,4.809444444444444,38,5,95,1,5.0,-7.599999999999994,18.300000000000004,-30.299999999999997,-4.399999999999999,-10.400000000000006,15.499999999999993,-34.7,-8.800000000000004,0.0,0.0,0.2,1.0,0.2,29,47.9,22.5,52097.72,36083.9,100,0,-25.9,18.300000000000004,-28.9,21.300000000000004,0,0.0,0.0,0.0,0.0,0,0,6.3,8.6,0,-27.200000000000003,19.60000000000001,-30.0,22.400000000000006,0,0.0,0.0,0.0,0.0,3,3,3.3,4.7,0,-3.820672478206725,-5,160,0.5773502691896258,13.279056191361391,0.3333333333333333,5.666666666666667,53.333333333333336,1,160,0.5773502691896258,13.279056191361391,0.3333333333333333,5.666666666666667,53.333333333333336,1,197,0.5773502691896258,13.279056191361391,0.3333333333333333,5.666666666666667,53.333333333333336,1,722,0.8366600265340756,22.241852440837746,0.2,6.2,39.2,2,1496,0.8366600265340756,22.241852440837746,0.2,6.2,39.2,2
2025-05-18 05:37:32.620492,138,87687.379508,5.625555555555556,1,42,58,1,1.0,-3.5999999999999943,19.60000000000001,-26.299999999999997,-3.0999999999999943,-6.400000000000006,16.799999999999997,-30.700000000000003,-7.5,0.0,0.0,0.2,1.0,0.2,29,47.9,22.5,52097.72,36083.9,100,0,-23.200000000000003,19.60000000000001,-26.0,22.400000000000006,0,0.0,0.0,0.0,0.0,3,3,3.3,4.7,0,-24.799999999999997,21.200000000000003,-27.6,24.000000000000007,0,0.0,0.0,0.0,0.0,14,14,2.5,6.1,0,-18.13970390309556,-42,1,,,1.0,42.0,1.0,0,1,,,1.0,42.0,1.0,0,1,,,1.0,42.0,1.0,0,161,,,1.0,42.0,1.0,0,918,2.3380903889000244,37.73283274108461,1.0,38.666666666666664,24.166666666666668,-6
2025-05-18 05:51:41.127999,138,86838.872001,5.8613888888888885,7,16,84,0,3.0,-5.599999999999994,19.60000000000001,-28.299999999999997,-3.0999999999999943,-8.400000000000006,16.799999999999997,-32.7,-7.5,0.0,0.0,0.2,1.0,0.2,29,47.9,22.5,52097.72,36083.9,100,0,-25.200000000000003,19.60000000000001,-28.0,22.400000000000006,0,0.0,0.0,0.0,0.0,3,3,3.3,4.7,0,-26.799999999999997,21.200000000000003,-29.6,24.000000000000007,0,0.0,0.0,0.0,0.0,14,14,2.5,6.1,0,-10.990250696378837,16,32,0.0,12.727922061357855,0.0,16.0,16.0,0,32,0.0,12.727922061357855,0.0,16.0,16.0,0,33,0.0,12.727922061357855,0.0,16.0,16.0,0,33,0.0,12.727922061357855,0.0,16.0,16.0,0,755,1.8856180831641267,27.386330734713464,0.3,17.0,25.3,0
2025-05-18 05:51:41.127999,138,86838.872001,5.8613888888888885,25,16,84,0,3.0,-5.599999999999994,19.60000000000001,-28.299999999999997,-3.0999999999999943,-8.400000000000006,16.799999999999997,-32.7,-7.5,0.0,0.0,0.2,1.0,0.2,29,47.9,22.5,52097.72,36083.9,100,0,-25.200000000000003,19.60000000000001,-28.0,22.400000000000006,0,0.0,0.0,0.0,0.0,3,3,3.3,4.7,0,-26.799999999999997,21.200000000000003,-29.6,24.000000000000007,0,0.0,0.0,0.0,0.0,14,14,2.5,6.1,0,-11.026082906380992,16,32,0.0,12.727922061357855,0.0,16.0,16.0,0,32,0.0,12.727922061357855,0.0,16.0,16.0,0,33,0.0,12.727922061357855,0.0,16.0,16.0,0,33,0.0,12.727922061357855,0.0,16.0,16.0,0,755,1.8856180831641267,27.386330734713464,0.3,17.0,25.3,0
2025-05-18 05:54:32.887964,138,86667.112036,5.908888888888889,50,15,85,0,3.0,-5.599999999999994,19.60000000000001,-28.299999999999997,-3.0999999999999943,-8.400000000000006,16.799999999999997,-32.7,-7.5,0.0,0.0,0.2,1.0,0.2,29,47.9,22.5,52097.72,36083.9,100,0,-25.200000000000003,19.60000000000001,-28.0,22.400000000000006,0,0.0,0.0,0.0,0.0,3,3,3.3,4.7,0,-26.799999999999997,21.200000000000003,-29.6,24.000000000000007,0,0.0,0.0,0.0,0.0,14,14,2.5,6.1,0,-10.155984919886905,15,50,,,0.0,15.0,50.0,0,82,0.5773502691896257,21.594752448994022,0.0,15.666666666666666,27.333333333333332,1,82,0.5773502691896257,21.594752448994022,0.0,15.666666666666666,27.333333333333332,1,83,0.5773502691896257,21.594752448994022,0.0,15.666666666666666,27.333333333333332,1,726,1.964971020425266,24.60408728465885,0.3333333333333333,17.11111111111111,24.88888888888889,1
2025-05-18 06:16:28.066868,138,85351.933132,6.274444444444445,7,38,62,1,1.0,-3.5999999999999943,21.200000000000003,-26.299999999999997,-1.5,-6.400000000000006,18.39999999999999,-30.700000000000003,-5.900000000000006,0.0,0.0,0.2,1.0,0.2,29,47.9,22.5,52097.72,36083.9,100,0,-24.799999999999997,21.200000000000003,-27.6,24.000000000000007,0,0.0,0.0,0.0,0.0,14,14,2.5,6.1,0,-25.6,22.000000000000007,-28.9,25.300000000000004,0,0.0,0.0,0.0,0.0,5,5,4.0,5.4,3,-14.144588045234247,-38,7,,,1.0,38.0,7.0,0,7,,,1.0,38.0,7.0,0,7,,,1.0,38.0,7.0,0,90,2.8284271247461903,4.242640687119285,1.0,40.0,4.0,4,558,2.0,55.50675634551167,1.0,40.0,36.0,2
2025-05-18 06:39:49.877610,138,83950.12239,6.663611111111112,7,42,58,1,-1.0,-1.5999999999999943,21.200000000000003,-24.299999999999997,-1.5,-4.400000000000006,18.39999999999999,-28.700000000000003,-5.900000000000006,0.0,0.0,0.2,1.0,0.2,29,47.9,22.5,52097.72,36083.9,100,0,-22.799999999999997,21.200000000000003,-25.6,24.000000000000007,0,0.0,0.0,0.0,0.0,14,14,2.5,6.1,0,-23.6,22.000000000000007,-26.9,25.300000000000004,0,0.0,0.0,0.0,0.0,5,5,4.0,5.4,3,-23.728321678321677,-42,119,1.0,48.99319680663156,1.0,41.0,39.666666666666664,2,119,1.0,48.99319680663156,1.0,41.0,39.666666666666664,2,119,1.0,48.99319680663156,1.0,41.0,39.666666666666664,2,208,1.0,48.99319680663156,1.0,41.0,39.666666666666664,2,369,1.0,48.99319680663156,1.0,41.0,39.666666666666664,2
2025-05-18 06:39:49.877610,138,83950.12239,6.663611111111112,16,41,59,1,-1.0,-1.5999999999999943,21.200000000000003,-24.299999999999997,-1.5,-4.400000000000006,18.39999999999999,-28.700000000000003,-5.900000000000006,0.0,0.0,0.2,1.0,0.2,29,47.9,22.5,52097.72,36083.9,100,0,-22.799999999999997,21.200000000000003,-25.6,24.000000000000007,0,0.0,0.0,0.0,0.0,14,14,2.5,6.1,0,-23.6,22.000000000000007,-26.9,25.300000000000004,0,0.0,0.0,0.0,0.0,5,5,4.0,5.4,3,-22.786540483701366,-41,119,1.0,48.99319680663156,1.0,41.0,39.666666666666664,2,119,1.0,48.99319680663156,1.0,41.0,39.666666666666664,2,119,1.0,48.99319680663156,1.0,41.0,39.666666666666664,2,208,1.0,48.99319680663156,1.0,41.0,39.666666666666664,2,369,1.0,48.99319680663156,1.0,41.0,39.666666666666664,2
2025-05-18 06:39:49.877610,138,83950.12239,6.663611111111112,96,40,60,1,-1.0,-1.5999999999999943,21.200000000000003,-24.299999999999997,-1.5,-4.400000000000006,18.39999999999999,-28.700000000000003,-5.900000000000006,0.0,0.0,0.2,1.0,0.2,29,47.9,22.5,52097.72,36083.9,100,0,-22.799999999999997,21.200000000000003,-25.6,24.000000000000007,0,0.0,0.0,0.0,0.0,14,14,2.5,6.1,0,-23.6,22.000000000000007,-26.9,25.300000000000004,0,0.0,0.0,0.0,0.0,5,5,4.0,5.4,3,-21.915051110327813,-40,119,1.0,48.99319680663156,1.0,41.0,39.666666666666664,2,119,1.0,48.99319680663156,1.0,41.0,39.666666666666664,2,119,1.0,48.99319680663156,1.0,41.0,39.666666666666664,2,208,1.0,48.99319680663156,1.0,41.0,39.666666666666664,2,369,1.0,48.99319680663156,1.0,41.0,39.666666666666664,2
2025-05-18 06:39:51.040563,138,83948.959437,6.6641666666666675,22,37,63,0,1.0,-3.5999999999999943,21.200000000000003,-26.299999999999997,-1.5,-6.400000000000006,18.39999999999999,-30.700000000000003,-5.900000000000006,0.0,0.0,0.2,1.0,0.2,29,47.9,22.5,52097.72,36083.9,100,0,-24.799999999999997,21.200000000000003,-27.6,24.000000000000007,0,0.0,0.0,0.0,0.0,14,14,2.5,6.1,0,-25.6,22.000000000000007,-28.9,25.300000000000004,0,0.0,0.0,0.0,0.0,5,5,4.0,5.4,3,-13.171297545184785,37,141,,,0.0,37.0,22.0,0,141,,,0.0,37.0,22.0,0,141,,,0.0,37.0,22.0,0,230,0.7071067811865476,10.606601717798213,0.5,37.5,14.5,1,391,2.6457513110645907,10.816653826391969,0.6666666666666666,39.0,10.0,5
2025-05-18 06:40:05.025154,138,83934.974846,6.668055555555556,122,39,61,1,1.0,-3.5999999999999943,21.200000000000003,-26.299999999999997,-1.5,-6.400000000000006,18.39999999999999,-30.700000000000003,-5.900000000000006,0.0,0.0,0.2,1.0,0.2,29,47.9,22.5,52097.72,36083.9,100,0,-24.799999999999997,21.200000000000003,-27.6,24.000000000000007,0,0.0,0.0,0.0,0.0,14,14,2.5,6.1,0,-25.6,22.000000000000007,-28.9,25.300000000000004,0,0.0,0.0,0.0,0.0,5,5,4.0,5.4,3,-15.249932157394845,-39,263,1.4142135623730951,70.71067811865476,0.5,38.0,72.0,-2,263,1.4142135623730951,70.71067811865476,0.5,38.0,72.0,-2,263,1.4142135623730951,70.71067811865476,0.5,38.0,72.0,-2,352,1.0,62.51666444503684,0.6666666666666666,38.0,50.333333333333336,-1,513,2.160246899469287,56.69215113223346,0.75,39.0,38.0,3
2025-05-18 06:45:44.772928,138,83595.227072,6.762222222222222,3,37,63,0,1.0,-3.5999999999999943,21.200000000000003,-26.299999999999997,-1.5,-6.400000000000006,18.39999999999999,-30.700000000000003,-5.900000000000006,0.0,0.0,0.2,1.0,0.2,29,47.9,22.5,52097.72,36083.9,100,0,-24.799999999999997,21.200000000000003,-27.6,24.000000000000007,0,0.0,0.0,0.0,0.0,14,14,2.5,6.1,0,-25.6,22.000000000000007,-28.9,25.300000000000004,0,0.0,0.0,0.0,0.0,5,5,4.0,5.4,3,-13.772102161100193,37,3,,,0.0,37.0,3.0,0,3,,,0.0,37.0,3.0,0,266,1.1547005383792517,63.92964883369844,0.3333333333333333,37.666666666666664,49.0,0,355,0.9574271077563381,56.26425745237083,0.5,37.75,38.5,1,516,2.073644135332772,51.53154373779229,0.6,38.6,31.0,5
2025-05-18 06:48:31.832016,138,83428.167984,6.8086111111111105,29,6,94,0,3.0,-5.599999999999994,21.200000000000003,-28.299999999999997,-1.5,-8.400000000000006,18.39999999999999,-32.7,-5.900000000000006,0.0,0.0,0.2,1.0,0.2,29,47.9,22.5,52097.72,36083.9,100,0,-26.799999999999997,21.200000000000003,-29.6,24.000000000000007,0,0.0,0.0,0.0,0.0,14,14,2.5,6.1,0,-27.6,22.000000000000007,-30.9,25.300000000000004,0,0.0,0.0,0.0,0.0,5,5,4.0,5.4,3,-1.4010617760617805,6,29,,,0.0,6.0,29.0,0,32,,,0.0,6.0,29.0,0,295,,,0.0,6.0,29.0,0,384,4.856267428111155,17.651723239767083,0.0,13.25,27.75,10,423,4.856267428111155,17.651723239767083,0.0,13.25,27.75,10
2025-05-18 06:48:32.149429,138,83427.850571,6.808888888888888,50,35,65,0,1.0,-3.5999999999999943,21.200000000000003,-26.299999999999997,-1.5,-6.400000000000006,18.39999999999999,-30.700000000000003,-5.900000000000006,0.0,0.0,0.2,1.0,0.2,29,47.9,22.5,52097.72,36083.9,100,0,-24.799999999999997,21.200000000000003,-27.6,24.000000000000007,0,0.0,0.0,0.0,0.0,14,14,2.5,6.1,0,-25.6,22.000000000000007,-28.9,25.300000000000004,0,0.0,0.0,0.0,0.0,5,5,4.0,5.4,3,-11.783707865168537,35,79,,,0.0,35.0,50.0,0,82,1.4142135623730951,33.23401871576773,0.0,36.0,26.5,2,345,1.632993161855452,52.200734349879276,0.25,37.0,49.25,2,434,1.4832396974191324,48.996938679880806,0.4,37.2,40.8,3,473,2.3664319132398464,46.739348162620615,0.5,38.0,34.166666666666664,7
2025-05-18 06:50:14.640749,138,83325.359251,6.837222222222222,7,4,96,1,3.0,-5.599999999999994,21.200000000000003,-28.299999999999997,-1.5,-8.400000000000006,18.39999999999999,-32.7,-5.900000000000006,0.0,0.0,0.2,1.0,0.2,29,47.9,22.5,52097.72,36083.9,100,0,-26.799999999999997,21.200000000000003,-29.6,24.000000000000007,0,0.0,0.0,0.0,0.0,14,14,2.5,6.1,0,-27.6,22.000000000000007,-30.9,25.300000000000004,0,0.0,0.0,0.0,0.0,5,5,4.0,5.4,3,0.5790504160548213,-4,86,1.4142135623730951,15.556349186104045,0.5,5.0,18.0,2,89,1.4142135623730951,15.556349186104045,0.5,5.0,18.0,2,352,1.4142135623730951,15.556349186104045,0.5,5.0,18.0,2,441,5.89915248150105,17.88295277631745,0.2,11.4,23.6,12,442,5.89915248150105,17.88295277631745,0.2,11.4,23.6,12
2025-05-18 06:51:40.707759,138,83239.292241,6.861111111111111,24,4,96,0,3.0,-5.599999999999994,21.200000000000003,-28.299999999999997,-1.5,-8.400000000000006,18.39999999999999,-32.7,-5.900000000000006,0.0,0.0,0.2,1.0,0.2,29,47.9,22.5,52097.72,36083.9,100,0,-26.799999999999997,21.200000000000003,-29.6,24.000000000000007,0,0.0,0.0,0.0,0.0,14,14,2.5,6.1,0,-27.6,22.000000000000007,-30.9,25.300000000000004,0,0.0,0.0,0.0,0.0,5,5,4.0,5.4,3,0.5810412573673887,4,31,0.0,12.020815280171307,0.5,4.0,15.5,0,110,1.1547005383792517,11.532562594670797,0.3333333333333333,4.666666666666667,20.0,2,376,1.1547005383792517,11.532562594670797,0.3333333333333333,4.666666666666667,20.0,2,465,6.080021929785013,15.99583279065728,0.16666666666666666,10.166666666666666,23.666666666666668,12,466,6.080021929785013,15.99583279065728,0.16666666666666666,10.166666666666666,23.666666666666668,12
2025-05-18 06:51:40.918187,138,83239.081813,6.861111111111111,7,31,69,0,1.0,-3.5999999999999943,21.200000000000003,-26.299999999999997,-1.5,-6.400000000000006,18.39999999999999,-30.700000000000003,-5.900000000000006,0.0,0.0,0.2,1.0,0.2,29,47.9,22.5,52097.72,36083.9,100,0,-24.799999999999997,21.200000000000003,-27.6,24.000000000000007,0,0.0,0.0,0.0,0.0,14,14,2.5,6.1,0,-25.6,22.000000000000007,-28.9,25.300000000000004,0,0.0,0.0,0.0,0.0,5,5,4.0,5.4,3,-7.951566951566946,31,87,0.0,29.698484809834994,0.0,31.0,28.0,0,166,2.309401076758503,24.542480178933285,0.0,32.333333333333336,35.333333333333336,4,432,3.3466401061363023,43.951867612954366,0.16666666666666666,35.0,42.166666666666664,6,521,3.25868802112869,42.26672675375029,0.2857142857142857,35.42857142857143,37.142857142857146,7,522,3.8078865529319543,41.16495562281795,0.375,36.25,32.625,11
2025-05-18 06:51:40.918187,138,83239.081813,6.861111111111111,49,31,69,0,1.0,-3.5999999999999943,21.200000000000003,-26.299999999999997,-1.5,-6.400000000000006,18.39999999999999,-30.700000000000003,-5.900000000000006,0.0,0.0,0.2,1.0,0.2,29,47.9,22.5,52097.72,36083.9,100,0,-24.799999999999997,21.200000000000003,-27.6,24.000000000000007,0,0.0,0.0,0.0,0.0,14,14,2.5,6.1,0,-25.6,22.000000000000007,-28.9,25.300000000000004,0,0.0,0.0,0.0,0.0,5,5,4.0,5.4,3,-7.967456465886386,31,87,0.0,29.698484809834994,0.0,31.0,28.0,0,166,2.309401076758503,24.542480178933285,0.0,32.333333333333336,35.333333333333336,4,432,3.3466401061363023,43.951867612954366,0.16666666666666666,35.0,42.166666666666664,6,521,3.25868802112869,42.26672675375029,0.2857142857142857,35.42857142857143,37.142857142857146,7,522,3.8078865529319543,41.16495562281795,0.375,36.25,32.625,11
2025-05-18 06:51:45.808315,138,83234.191685,6.8625,36,31,69,0,1.0,-3.5999999999999943,21.200000000000003,-26.299999999999997,-1.5,-6.400000000000006,18.39999999999999,-30.700000000000003,-5.900000000000006,0.0,0.0,0.2,1.0,0.2,29,47.9,22.5,52097.72,36083.9,100,0,-24.799999999999997,21.200000000000003,-27.6,24.000000000000007,0,0.0,0.0,0.0,0.0,14,14,2.5,6.1,0,-25.6,22.000000000000007,-28.9,25.300000000000004,0,0.0,0.0,0.0,0.0,5,5,4.0,5.4,3,-8.080486392588298,31,123,0.0,21.501937897160186,0.0,31.0,30.666666666666668,0,202,2.0,20.041623354076552,0.0,32.0,35.5,4,468,3.4086724129853865,40.19002482256133,0.14285714285714285,34.42857142857143,41.285714285714285,6,525,3.399054490379851,39.13347124174613,0.25,34.875,37.0,7,558,3.968626966596886,38.52272056851645,0.3333333333333333,35.666666666666664,33.0,11
2025-05-18 06:55:08.946951,138,83031.053049,6.9188888888888895,12,4,96,1,3.0,-5.599999999999994,21.200000000000003,-28.299999999999997,-1.5,-8.400000000000006,18.39999999999999,-32.7,-5.900000000000006,0.0,0.0,0.2,1.0,0.2,29,47.9,22.5,52097.72,36083.9,100,0,-26.799999999999997,21.200000000000003,-29.6,24.000000000000007,0,0.0,0.0,0.0,0.0,14,14,2.5,6.1,0,-27.6,22.000000000000007,-30.9,25.300000000000004,0,0.0,0.0,0.0,0.0,5,5,4.0,5.4,3,0.5879721669980116,-4,27,0.0,7.0,1.0,4.0,9.0,0,150,0.0,8.561541917201597,0.8,4.0,11.6,0,232,0.8164965809277259,10.445094542415593,0.6666666666666666,4.333333333333333,14.5,2,502,0.8164965809277259,10.445094542415593,0.6666666666666666,4.333333333333333,14.5,2,585,5.710613899670604,15.031448514512647,0.4444444444444444,8.11111111111111,18.77777777777778,12
2025-05-18 06:55:08.946951,138,83031.053049,6.9188888888888895,14,4,96,1,3.0,-5.599999999999994,21.200000000000003,-28.299999999999997,-1.5,-8.400000000000006,18.39999999999999,-32.7,-5.900000000000006,0.0,0.0,0.2,1.0,0.2,29,47.9,22.5,52097.72,36083.9,100,0,-26.799999999999997,21.200000000000003,-29.6,24.000000000000007,0,0.0,0.0,0.0,0.0,14,14,2.5,6.1,0,-27.6,22.000000000000007,-30.9,25.300000000000004,0,0.0,0.0,0.0,0.0,5,5,4.0,5.4,3,0.5914999999999999,-4,27,0.0,7.0,1.0,4.0,9.0,0,150,0.0,8.561541917201597,0.8,4.0,11.6,0,232,0.8164965809277259,10.445094542415593,0.6666666666666666,4.333333333333333,14.5,2,502,0.8164965809277259,10.445094542415593,0.6666666666666666,4.333333333333333,14.5,2,585,5.710613899670604,15.031448514512647,0.4444444444444444,8.11111111111111,18.77777777777778,12
2025-05-18 06:55:08.946951,138,83031.053049,6.9188888888888895,1,4,96,1,3.0,-5.599999999999994,21.200000000000003,-28.299999999999997,-1.5,-8.400000000000006,18.39999999999999,-32.7,-5.900000000000006,0.0,0.0,0.2,1.0,0.2,29,47.9,22.5,52097.72,36083.9,100,0,-26.799999999999997,21.200000000000003,-29.6,24.000000000000007,0,0.0,0.0,0.0,0.0,14,14,2.5,6.1,0,-27.6,22.000000000000007,-30.9,25.300000000000004,0,0.0,0.0,0.0,0.0,5,5,4.0,5.4,3,0.595669687814703,-4,27,0.0,7.0,1.0,4.0,9.0,0,150,0.0,8.561541917201597,0.8,4.0,11.6,0,232,0.8164965809277259,10.445094542415593,0.6666666666666666,4.333333333333333,14.5,2,502,0.8164965809277259,10.445094542415593,0.6666666666666666,4.333333333333333,14.5,2,585,5.710613899670604,15.031448514512647,0.4444444444444444,8.11111111111111,18.77777777777778,12
2025-05-18 12:00:04.873021,138,64735.126979,12.001111111111111,25,31,69,0,1.0,-3.5999999999999943,11.500000000000007,-26.299999999999997,-11.199999999999996,-6.400000000000006,8.699999999999996,-30.700000000000003,-15.600000000000001,0.0,0.0,0.2,1.0,0.2,29,47.9,22.5,52097.72,36083.9,100,0,-15.100000000000001,11.500000000000007,-16.5,12.900000000000006,0,0.0,0.0,0.0,0.0,0,21,8.0,8.6,16,-10.299999999999997,6.700000000000003,-10.0,6.400000000000006,0,0.0,0.0,0.0,0.0,0,33,9.4,10.8,3,-8.165593914569925,31,40,0.0,7.0710678118654755,0.0,31.0,20.0,0,40,0.0,7.0710678118654755,0.0,31.0,20.0,0,40,0.0,7.0710678118654755,0.0,31.0,20.0,0,40,0.0,7.0710678118654755,0.0,31.0,20.0,0,40,0.0,7.0710678118654755,0.0,31.0,20.0,0
2025-05-18 12:00:04.873021,138,64735.126979,12.001111111111111,15,31,69,0,1.0,-3.5999999999999943,11.500000000000007,-26.299999999999997,-11.199999999999996,-6.400000000000006,8.699999999999996,-30.700000000000003,-15.600000000000001,0.0,0.0,0.2,1.0,0.2,29,47.9,22.5,52097.72,36083.9,100,0,-15.100000000000001,11.500000000000007,-16.5,12.900000000000006,0,0.0,0.0,0.0,0.0,0,21,8.0,8.6,16,-10.299999999999997,6.700000000000003,-10.0,6.400000000000006,0,0.0,0.0,0.0,0.0,0,33,9.4,10.8,3,-8.22575891541409,31,40,0.0,7.0710678118654755,0.0,31.0,20.0,0,40,0.0,7.0710678118654755,0.0,31.0,20.0,0,40,0.0,7.0710678118654755,0.0,31.0,20.0,0,40,0.0,7.0710678118654755,0.0,31.0,20.0,0,40,0.0,7.0710678118654755,0.0,31.0,20.0,0
2025-05-18 12:00:05.669759,138,64734.330241,12.001388888888888,39,31,69,1,1.0,-3.5999999999999943,11.500000000000007,-26.299999999999997,-11.199999999999996,-6.400000000000006,8.699999999999996,-30.700000000000003,-15.600000000000001,0.0,0.0,0.2,1.0,0.2,29,47.9,22.5,52097.72,36083.9,100,0,-15.100000000000001,11.500000000000007,-16.5,12.900000000000006,0,0.0,0.0,0.0,0.0,0,21,8.0,8.6,16,-10.299999999999997,6.700000000000003,-10.0,6.400000000000006,0,0.0,0.0,0.0,0.0,0,33,9.4,10.8,3,-8.262285375962108,-31,79,0.0,12.055427546683417,0.3333333333333333,31.0,26.333333333333332,0,79,0.0,12.055427546683417,0.3333333333333333,31.0,26.333333333333332,0,79,0.0,12.055427546683417,0.3333333333333333,31.0,26.333333333333332,0,79,0.0,12.055427546683417,0.3333333333333333,31.0,26.333333333333332,0,79,0.0,12.055427546683417,0.3333333333333333,31.0,26.333333333333332,0
2025-05-18 12:00:36.652862,138,64703.347138,12.01,25,3,97,1,3.0,-5.599999999999994,11.500000000000007,-28.299999999999997,-11.199999999999996,-8.400000000000006,8.699999999999996,-32.7,-15.600000000000001,0.0,0.0,0.2,1.0,0.2,29,47.9,22.5,52097.72,36083.9,100,0,-17.1,11.500000000000007,-18.5,12.900000000000006,0,0.0,0.0,0.0,0.0,0,21,8.0,8.6,16,-12.299999999999997,6.700000000000003,-12.0,6.400000000000006,0,0.0,0.0,0.0,0.0,0,33,9.4,10.8,3,1.595969773299748,-3,104,,,1.0,3.0,25.0,0,104,,,1.0,3.0,25.0,0,104,,,1.0,3.0,25.0,0,104,,,1.0,3.0,25.0,0,104,,,1.0,3.0,25.0,0
2025-05-18 12:02:27.576108,138,64592.423892,12.040833333333333,25,3,97,1,3.0,-5.599999999999994,11.500000000000007,-28.299999999999997,-11.199999999999996,-8.400000000000006,8.699999999999996,-32.7,-15.600000000000001,0.0,0.0,0.2,1.0,0.2,29,47.9,22.5,52097.72,36083.9,100,0,-17.1,11.500000000000007,-18.5,12.900000000000006,0,0.0,0.0,0.0,0.0,0,21,8.0,8.6,16,-12.299999999999997,6.700000000000003,-12.0,6.400000000000006,0,0.0,0.0,0.0,0.0,0,33,9.4,10.8,3,1.6163265306122447,-3,261,1.0,90.07543135246888,1.0,3.5,65.25,0,340,1.0,90.07543135246888,1.0,3.5,65.25,0,340,1.0,90.07543135246888,1.0,3.5,65.25,0,340,1.0,90.07543135246888,1.0,3.5,65.25,0,340,1.0,90.07543135246888,1.0,3.5,65.25,0
2025-05-18 12:02:27.576108,138,64592.423892,12.040833333333333,200,5,95,1,3.0,-5.599999999999994,11.500000000000007,-28.299999999999997,-11.199999999999996,-8.400000000000006,8.699999999999996,-32.7,-15.600000000000001,0.0,0.0,0.2,1.0,0.2,29,47.9,22.5,52097.72,36083.9,100,0,-17.1,11.500000000000007,-18.5,12.900000000000006,0,0.0,0.0,0.0,0.0,0,21,8.0,8.6,16,-12.299999999999997,6.700000000000003,-12.0,6.400000000000006,0,0.0,0.0,0.0,0.0,0,33,9.4,10.8,3,-0.3627906976744182,-5,261,1.0,90.07543135246888,1.0,3.5,65.25,0,340,1.0,90.07543135246888,1.0,3.5,65.25,0,340,1.0,90.07543135246888,1.0,3.5,65.25,0,340,1.0,90.07543135246888,1.0,3.5,65.25,0,340,1.0,90.07543135246888,1.0,3.5,65.25,0
2025-05-18 12:02:27.576108,138,64592.423892,12.040833333333333,11,3,97,1,3.0,-5.599999999999994,11.500000000000007,-28.299999999999997,-11.199999999999996,-8.400000000000006,8.699999999999996,-32.7,-15.600000000000001,0.0,0.0,0.2,1.0,0.2,29,47.9,22.5,52097.72,36083.9,100,0,-17.1,11.500000000000007,-18.5,12.900000000000006,0,0.0,0.0,0.0,0.0,0,21,8.0,8.6,16,-12.299999999999997,6.700000000000003,-12.0,6.400000000000006,0,0.0,0.0,0.0,0.0,0,33,9.4,10.8,3,1.595389048991354,-3,261,1.0,90.07543135246888,1.0,3.5,65.25,0,340,1.0,90.07543135246888,1.0,3.5,65.25,0,340,1.0,90.07543135246888,1.0,3.5,65.25,0,340,1.0,90.07543135246888,1.0,3.5,65.25,0,340,1.0,90.07543135246888,1.0,3.5,65.25,0
2025-05-18 12:02:31.200404,138,64588.799596,12.041944444444445,25,31,69,1,1.0,-3.5999999999999943,11.500000000000007,-26.299999999999997,-11.199999999999996,-6.400000000000006,8.699999999999996,-30.700000000000003,-15.600000000000001,0.0,0.0,0.2,1.0,0.2,29,47.9,22.5,52097.72,36083.9,100,0,-15.100000000000001,11.500000000000007,-16.5,12.900000000000006,0,0.0,0.0,0.0,0.0,0,21,8.0,8.6,16,-10.299999999999997,6.700000000000003,-10.0,6.400000000000006,0,0.0,0.0,0.0,0.0,0,33,9.4,10.8,3,-8.358790056903263,-31,301,0.0,7.0710678118654755,1.0,31.0,20.0,0,380,0.0,9.85900603509299,0.6,31.0,23.8,0,380,0.0,9.85900603509299,0.6,31.0,23.8,0,380,0.0,9.85900603509299,0.6,31.0,23.8,0,380,0.0,9.85900603509299,0.6,31.0,23.8,0
2025-05-18 12:02:31.200404,138,64588.799596,12.041944444444445,15,31,69,1,1.0,-3.5999999999999943,11.500000000000007,-26.299999999999997,-11.199999999999996,-6.400000000000006,8.699999999999996,-30.700000000000003,-15.600000000000001,0.0,0.0,0.2,1.0,0.2,29,47.9,22.5,52097.72,36083.9,100,0,-15.100000000000001,11.500000000000007,-16.5,12.900000000000006,0,0.0,0.0,0.0,0.0,0,21,8.0,8.6,16,-10.299999999999997,6.700000000000003,-10.0,6.400000000000006,0,0.0,0.0,0.0,0.0,0,33,9.4,10.8,3,-8.421846710923354,-31,301,0.0,7.0710678118654755,1.0,31.0,20.0,0,380,0.0,9.85900603509299,0.6,31.0,23.8,0,380,0.0,9.85900603509299,0.6,31.0,23.8,0,380,0.0,9.85900603509299,0.6,31.0,23.8,0,380,0.0,9.85900603509299,0.6,31.0,23.8,0
2025-05-18 12:02:32.139358,138,64587.860642,12.042222222222222,45,30,70,0,1.0,-3.5999999999999943,11.500000000000007,-26.299999999999997,-11.199999999999996,-6.400000000000006,8.699999999999996,-30.700000000000003,-15.600000000000001,0.0,0.0,0.2,1.0,0.2,29,47.9,22.5,52097.72,36083.9,100,0,-15.100000000000001,11.500000000000007,-16.5,12.900000000000006,0,0.0,0.0,0.0,0.0,0,21,8.0,8.6,16,-10.299999999999997,6.700000000000003,-10.0,6.400000000000006,0,0.0,0.0,0.0,0.0,0,33,9.4,10.8,3,-7.46013943619279,30,346,0.5773502691896258,15.275252316519467,0.6666666666666666,30.666666666666668,28.333333333333332,1,425,0.408248290463863,12.355835328567093,0.5,30.833333333333332,27.333333333333332,1,425,0.408248290463863,12.355835328567093,0.5,30.833333333333332,27.333333333333332,1,425,0.408248290463863,12.355835328567093,0.5,30.833333333333332,27.333333333333332,1,425,0.408248290463863,12.355835328567093,0.5,30.833333333333332,27.333333333333332,1
2025-05-18 12:02:37.366547,138,64582.633453,12.043611111111112,25,31,69,0,1.0,-3.5999999999999943,11.500000000000007,-26.299999999999997,-11.199999999999996,-6.400000000000006,8.699999999999996,-30.700000000000003,-15.600000000000001,0.0,0.0,0.2,1.0,0.2,29,47.9,22.5,52097.72,36083.9,100,0,-15.100000000000001,11.500000000000007,-16.5,12.900000000000006,0,0.0,0.0,0.0,0.0,0,21,8.0,8.6,16,-10.299999999999997,6.700000000000003,-10.0,6.400000000000006,0,0.0,0.0,0.0,0.0,0,33,9.4,10.8,3,-8.563306699446827,31,361,0.4472135954999579,12.24744871391589,0.4,30.8,25.0,0,465,0.3535533905932738,11.301074538037774,0.375,30.875,25.5,0,465,0.3535533905932738,11.301074538037774,0.375,30.875,25.5,0,465,0.3535533905932738,11.301074538037774,0.375,30.875,25.5,0,465,0.3535533905932738,11.301074538037774,0.375,30.875,25.5,0
2025-05-18 12:02:37.366547,138,64582.633453,12.043611111111112,15,31,69,0,1.0,-3.5999999999999943,11.500000000000007,-26.299999999999997,-11.199999999999996,-6.400000000000006,8.699999999999996,-30.700000000000003,-15.600000000000001,0.0,0.0,0.2,1.0,0.2,29,47.9,22.5,52097.72,36083.9,100,0,-15.100000000000001,11.500000000000007,-16.5,12.900000000000006,0,0.0,0.0,0.0,0.0,0,21,8.0,8.6,16,-10.299999999999997,6.700000000000003,-10.0,6.400000000000006,0,0.0,0.0,0.0,0.0,0,33,9.4,10.8,3,-8.62960668937751,31,361,0.4472135954999579,12.24744871391589,0.4,30.8,25.0,0,465,0.3535533905932738,11.301074538037774,0.375,30.875,25.5,0,465,0.3535533905932738,11.301074538037774,0.375,30.875,25.5,0,465,0.3535533905932738,11.301074538037774,0.375,30.875,25.5,0,465,0.3535533905932738,11.301074538037774,0.375,30.875,25.5,0
2025-05-18 12:02:42.752391,138,64577.247609,12.045,25,32,68,1,1.0,-3.5999999999999943,11.500000000000007,-26.299999999999997,-11.199999999999996,-6.400000000000006,8.699999999999996,-30.700000000000003,-15.600000000000001,0.0,0.0,0.2,1.0,0.2,29,47.9,22.5,52097.72,36083.9,100,0,-15.100000000000001,11.500000000000007,-16.5,12.900000000000006,0,0.0,0.0,0.0,0.0,0,21,8.0,8.6,16,-10.299999999999997,6.700000000000003,-10.0,6.400000000000006,0,0.0,0.0,0.0,0.0,0,33,9.4,10.8,3,-9.669881767268201,-32,601,0.9161253813129043,63.15725837711993,0.625,31.375,45.625,-1,705,0.7862453931068966,53.874433133486846,0.5454545454545454,31.272727272727273,40.36363636363637,-1,705,0.7862453931068966,53.874433133486846,0.5454545454545454,31.272727272727273,40.36363636363637,-1,705,0.7862453931068966,53.874433133486846,0.5454545454545454,31.272727272727273,40.36363636363637,-1,705,0.7862453931068966,53.874433133486846,0.5454545454545454,31.272727272727273,40.36363636363637,-1
2025-05-18 12:02:42.752391,138,64577.247609,12.045,200,33,67,1,1.0,-3.5999999999999943,11.500000000000007,-26.299999999999997,-11.199999999999996,-6.400000000000006,8.699999999999996,-30.700000000000003,-15.600000000000001,0.0,0.0,0.2,1.0,0.2,29,47.9,22.5,52097.72,36083.9,100,0,-15.100000000000001,11.500000000000007,-16.5,12.900000000000006,0,0.0,0.0,0.0,0.0,0,21,8.0,8.6,16,-10.299999999999997,6.700000000000003,-10.0,6.400000000000006,0,0.0,0.0,0.0,0.0,0,33,9.4,10.8,3,-10.745688303543432,-33,601,0.9161253813129043,63.15725837711993,0.625,31.375,45.625,-1,705,0.7862453931068966,53.874433133486846,0.5454545454545454,31.272727272727273,40.36363636363637,-1,705,0.7862453931068966,53.874433133486846,0.5454545454545454,31.272727272727273,40.36363636363637,-1,705,0.7862453931068966,53.874433133486846,0.5454545454545454,31.272727272727273,40.36363636363637,-1,705,0.7862453931068966,53.874433133486846,0.5454545454545454,31.272727272727273,40.36363636363637,-1
2025-05-18 12:02:42.752391,138,64577.247609,12.045,15,32,68,1,1.0,-3.5999999999999943,11.500000000000007,-26.299999999999997,-11.199999999999996,-6.400000000000006,8.699999999999996,-30.700000000000003,-15.600000000000001,0.0,0.0,0.2,1.0,0.2,29,47.9,22.5,52097.72,36083.9,100,0,-15.100000000000001,11.500000000000007,-16.5,12.900000000000006,0,0.0,0.0,0.0,0.0,0,21,8.0,8.6,16,-10.299999999999997,6.700000000000003,-10.0,6.400000000000006,0,0.0,0.0,0.0,0.0,0,33,9.4,10.8,3,-10.464703914352626,-32,601,0.9161253813129043,63.15725837711993,0.625,31.375,45.625,-1,705,0.7862453931068966,53.874433133486846,0.5454545454545454,31.272727272727273,40.36363636363637,-1,705,0.7862453931068966,53.874433133486846,0.5454545454545454,31.272727272727273,40.36363636363637,-1,705,0.7862453931068966,53.874433133486846,0.5454545454545454,31.272727272727273,40.36363636363637,-1,705,0.7862453931068966,53.874433133486846,0.5454545454545454,31.272727272727273,40.36363636363637,-1
2025-05-18 12:03:00.140467,138,64559.859533,12.05,54,33,67,1,1.0,-3.5999999999999943,11.500000000000007,-26.299999999999997,-11.199999999999996,-6.400000000000006,8.699999999999996,-30.700000000000003,-15.600000000000001,0.0,0.0,0.2,1.0,0.2,29,47.9,22.5,52097.72,36083.9,100,0,-15.100000000000001,11.500000000000007,-16.5,12.900000000000006,0,0.0,0.0,0.0,0.0,0,21,8.0,8.6,16,-10.299999999999997,6.700000000000003,-10.0,6.400000000000006,0,0.0,0.0,0.0,0.0,0,33,9.4,10.8,3,-11.517484868863484,-33,821,1.4491376746189437,67.35024540085622,0.7,31.9,58.5,-4,925,1.3155870289605438,60.20999576269367,0.6153846153846154,31.692307692307693,51.07692307692308,-4,925,1.3155870289605438,60.20999576269367,0.6153846153846154,31.692307692307693,51.07692307692308,-4,925,1.3155870289605438,60.20999576269367,0.6153846153846154,31.692307692307693,51.07692307692308,-4,925,1.3155870289605438,60.20999576269367,0.6153846153846154,31.692307692307693,51.07692307692308,-4
2025-05-18 12:03:00.140467,138,64559.859533,12.05,166,35,65,1,1.0,-3.5999999999999943,11.500000000000007,-26.299999999999997,-11.199999999999996,-6.400000000000006,8.699999999999996,-30.700000000000003,-15.600000000000001,0.0,0.0,0.2,1.0,0.2,29,47.9,22.5,52097.72,36083.9,100,0,-15.100000000000001,11.500000000000007,-16.5,12.900000000000006,0,0.0,0.0,0.0,0.0,0,21,8.0,8.6,16,-10.299999999999997,6.700000000000003,-10.0,6.400000000000006,0,0.0,0.0,0.0,0.0,0,33,9.4,10.8,3,-13.730479452054794,-35,821,1.4491376746189437,67.35024540085622,0.7,31.9,58.5,-4,925,1.3155870289605438,60.20999576269367,0.6153846153846154,31.692307692307693,51.07692307692308,-4,925,1.3155870289605438,60.20999576269367,0.6153846153846154,31.692307692307693,51.07692307692308,-4,925,1.3155870289605438,60.20999576269367,0.6153846153846154,31.692307692307693,51.07692307692308,-4,925,1.3155870289605438,60.20999576269367,0.6153846153846154,31.692307692307693,51.07692307692308,-4
2025-05-18 12:03:07.903063,138,64552.096937,12.051944444444445,13,5,95,1,3.0,-5.599999999999994,11.500000000000007,-28.299999999999997,-11.199999999999996,-8.400000000000006,8.699999999999996,-32.7,-15.600000000000001,0.0,0.0,0.2,1.0,0.2,29,47.9,22.5,52097.72,36083.9,100,0,-17.1,11.500000000000007,-18.5,12.900000000000006,0,0.0,0.0,0.0,0.0,0,21,8.0,8.6,16,-12.299999999999997,6.700000000000003,-12.0,6.400000000000006,0,0.0,0.0,0.0,0.0,0,33,9.4,10.8,3,-0.3944315545243615,-5,834,1.1547005383792515,92.04120454086492,1.0,4.0,62.25,-2,938,1.0954451150103321,81.43218037115302,1.0,3.8,54.8,-2,938,1.0954451150103321,81.43218037115302,1.0,3.8,54.8,-2,938,1.0954451150103321,81.43218037115302,1.0,3.8,54.8,-2,938,1.0954451150103321,81.43218037115302,1.0,3.8,54.8,-2
2025-05-18 12:03:45.967209,138,64514.032791,12.0625,51,5,95,0,3.0,-5.599999999999994,11.500000000000007,-28.299999999999997,-11.199999999999996,-8.400000000000006,8.699999999999996,-32.7,-15.600000000000001,0.0,0.0,0.2,1.0,0.2,29,47.9,22.5,52097.72,36083.9,100,0,-17.1,11.500000000000007,-18.5,12.900000000000006,0,0.0,0.0,0.0,0.0,0,21,8.0,8.6,16,-12.299999999999997,6.700000000000003,-12.0,6.400000000000006,0,0.0,0.0,0.0,0.0,0,33,9.4,10.8,3,-0.3974284044418539,5,885,1.0954451150103321,79.86864215698174,0.8,4.2,60.0,-2,989,1.0954451150103321,72.8516757986161,0.8333333333333334,4.0,54.166666666666664,-2,989,1.0954451150103321,72.8516757986161,0.8333333333333334,4.0,54.166666666666664,-2,989,1.0954451150103321,72.8516757986161,0.8333333333333334,4.0,54.166666666666664,-2,989,1.0954451150103321,72.8516757986161,0.8333333333333334,4.0,54.166666666666664,-2
2025-05-18 12:03:51.767493,138,64508.232507,12.064166666666667,82,5,95,0,3.0,-5.599999999999994,11.500000000000007,-28.299999999999997,-11.199999999999996,-8.400000000000006,8.699999999999996,-32.7,-15.600000000000001,0.0,0.0,0.2,1.0,0.2,29,47.9,22.5,52097.72,36083.9,100,0,-17.1,11.500000000000007,-18.5,12.900000000000006,0,0.0,0.0,0.0,0.0,0,21,8.0,8.6,16,-12.299999999999997,6.700000000000003,-12.0,6.400000000000006,0,0.0,0.0,0.0,0.0,0,33,9.4,10.8,3,-0.409638554216869,5,984,1.1338934190276817,68.05145112339633,0.5714285714285714,4.571428571428571,57.0,-3,1088,1.1877349391654208,64.01115974131832,0.625,4.375,53.0,-3,1088,1.1877349391654208,64.01115974131832,0.625,4.375,53.0,-3,1088,1.1877349391654208,64.01115974131832,0.625,4.375,53.0,-3,1088,1.1877349391654208,64.01115974131832,0.625,4.375,53.0,-3
2025-05-18 12:03:51.767493,138,64508.232507,12.064166666666667,17,6,94,0,3.0,-5.599999999999994,11.500000000000007,-28.299999999999997,-11.199999999999996,-8.400000000000006,8.699999999999996,-32.7,-15.600000000000001,0.0,0.0,0.2,1.0,0.2,29,47.9,22.5,52097.72,36083.9,100,0,-17.1,11.500000000000007,-18.5,12.900000000000006,0,0.0,0.0,0.0,0.0,0,21,8.0,8.6,16,-12.299999999999997,6.700000000000003,-12.0,6.400000000000006,0,0.0,0.0,0.0,0.0,0,33,9.4,10.8,3,-1.430925221799754,6,984,1.1338934190276817,68.05145112339633,0.5714285714285714,4.571428571428571,57.0,-3,1088,1.1877349391654208,64.01115974131832,0.625,4.375,53.0,-3,1088,1.1877349391654208,64.01115974131832,0.625,4.375,53.0,-3,1088,1.1877349391654208,64.01115974131832,0.625,4.375,53.0,-3,1088,1.1877349391654208,64.01115974131832,0.625,4.375,53.0,-3
2025-05-18 12:06:40.867615,138,64339.132385,12.11111111111111,20,5,95,0,3.0,-5.599999999999994,11.500000000000007,-28.299999999999997,-11.199999999999996,-8.400000000000006,8.699999999999996,-32.7,-15.600000000000001,0.0,0.0,0.2,1.0,0.2,29,47.9,22.5,52097.72,36083.9,100,0,-17.1,11.500000000000007,-18.5,12.900000000000006,0,0.0,0.0,0.0,0.0,0,21,8.0,8.6,16,-12.299999999999997,6.700000000000003,-12.0,6.400000000000006,0,0.0,0.0,0.0,0.0,0,33,9.4,10.8,3,-0.4465086483023697,5,20,,,0.0,5.0,20.0,0,1004,1.0606601717798212,64.34713335828233,0.5,4.625,52.375,-2,1108,1.130388330520878,60.878978309429606,0.5555555555555556,4.444444444444445,49.333333333333336,-2,1108,1.130388330520878,60.878978309429606,0.5555555555555556,4.444444444444445,49.333333333333336,-2,1108,1.130388330520878,60.878978309429606,0.5555555555555556,4.444444444444445,49.333333333333336,-2
2025-05-18 12:09:44.604599,138,64155.395401,12.162222222222223,10,24,76,1,-3.0,0.4000000000000057,11.500000000000007,-22.299999999999997,-11.199999999999996,-2.4000000000000057,8.699999999999996,-26.700000000000003,-15.600000000000001,0.0,0.0,0.2,1.0,0.2,29,47.9,22.5,52097.72,36083.9,100,0,-11.100000000000001,11.500000000000007,-12.5,12.900000000000006,0,0.0,0.0,0.0,0.0,0,21,8.0,8.6,16,-6.299999999999997,6.700000000000003,-6.0,6.400000000000006,0,0.0,0.0,0.0,0.0,0,33,9.4,10.8,3,-1.4448720851256525,-24,10,,,1.0,24.0,10.0,0,30,,,1.0,24.0,10.0,0,1118,,,1.0,24.0,10.0,0,1118,,,1.0,24.0,10.0,0,1118,,,1.0,24.0,10.0,0
2025-05-18 12:09:44.788288,138,64155.211712,12.162222222222223,20,5,95,0,3.0,-5.599999999999994,11.500000000000007,-28.299999999999997,-11.199999999999996,-8.400000000000006,8.699999999999996,-32.7,-15.600000000000001,0.0,0.0,0.2,1.0,0.2,29,47.9,22.5,52097.72,36083.9,100,0,-17.1,11.500000000000007,-18.5,12.900000000000006,0,0.0,0.0,0.0,0.0,0,21,8.0,8.6,16,-12.299999999999997,6.700000000000003,-12.0,6.400000000000006,0,0.0,0.0,0.0,0.0,0,33,9.4,10.8,3,-0.4523036988968272,5,30,,,0.0,5.0,20.0,0,50,0.0,0.0,0.0,5.0,20.0,0,1138,1.0801234497346435,58.1419718352318,0.5,4.5,46.4,-2,1138,1.0801234497346435,58.1419718352318,0.5,4.5,46.4,-2,1138,1.0801234497346435,58.1419718352318,0.5,4.5,46.4,-2
2025-05-18 12:12:34.568429,138,63985.431571,12.209444444444443,47,30,70,0,1.0,-3.5999999999999943,11.500000000000007,-26.299999999999997,-11.199999999999996,-6.400000000000006,8.699999999999996,-30.700000000000003,-15.600000000000001,0.0,0.0,0.2,1.0,0.2,29,47.9,22.5,52097.72,36083.9,100,0,-15.100000000000001,11.500000000000007,-16.5,12.900000000000006,0,0.0,0.0,0.0,0.0,0,21,8.0,8.6,16,-10.299999999999997,6.700000000000003,-10.0,6.400000000000006,0,0.0,0.0,0.0,0.0,0,33,9.4,10.8,3,-9.55809731299928,30,47,,,0.0,30.0,47.0,0,77,,,0.0,30.0,47.0,0,1185,1.3424596091494903,57.85815356599219,0.5714285714285714,31.571428571428573,50.785714285714285,1,1185,1.3424596091494903,57.85815356599219,0.5714285714285714,31.571428571428573,50.785714285714285,1,1185,1.3424596091494903,57.85815356599219,0.5714285714285714,31.571428571428573,50.785714285714285,1
2025-05-18 12:12:34.639003,138,63985.360997,12.209444444444443,19,5,95,0,3.0,-5.599999999999994,11.500000000000007,-28.299999999999997,-11.199999999999996,-8.400000000000006,8.699999999999996,-32.7,-15.600000000000001,0.0,0.0,0.2,1.0,0.2,29,47.9,22.5,52097.72,36083.9,100,0,-17.1,11.500000000000007,-18.5,12.900000000000006,0,0.0,0.0,0.0,0.0,0,21,8.0,8.6,16,-12.299999999999997,6.700000000000003,-12.0,6.400000000000006,0,0.0,0.0,0.0,0.0,0,33,9.4,10.8,3,-0.45825115055883714,5,66,,,0.0,5.0,19.0,0,96,0.0,0.7071067811865476,0.0,5.0,19.5,0,1204,1.0357254813546264,55.773568194001264,0.45454545454545453,4.545454545454546,43.90909090909091,-2,1204,1.0357254813546264,55.773568194001264,0.45454545454545453,4.545454545454546,43.90909090909091,-2,1204,1.0357254813546264,55.773568194001264,0.45454545454545453,4.545454545454546,43.90909090909091,-2
2025-05-18 12:12:40.248725,138,63979.751275,12.21111111111111,7,25,75,1,-3.0,0.4000000000000057,11.500000000000007,-22.299999999999997,-11.199999999999996,-2.4000000000000057,8.699999999999996,-26.700000000000003,-15.600000000000001,0.0,0.0,0.2,1.0,0.2,29,47.9,22.5,52097.72,36083.9,100,0,-11.100000000000001,11.500000000000007,-12.5,12.900000000000006,0,0.0,0.0,0.0,0.0,0,21,8.0,8.6,16,-6.299999999999997,6.700000000000003,-6.0,6.400000000000006,0,0.0,0.0,0.0,0.0,0,33,9.4,10.8,3,-2.4481506693896087,-25,73,,,1.0,25.0,7.0,0,103,0.7071067811865476,2.1213203435596424,1.0,24.5,8.5,-1,1211,0.7071067811865476,2.1213203435596424,1.0,24.5,8.5,-1,1211,0.7071067811865476,2.1213203435596424,1.0,24.5,8.5,-1,1211,0.7071067811865476,2.1213203435596424,1.0,24.5,8.5,-1
2025-05-18 12:15:52.205769,138,63787.794231,12.264444444444445,8,26,74,0,-3.0,0.4000000000000057,11.500000000000007,-22.299999999999997,-11.199999999999996,-2.4000000000000057,8.699999999999996,-26.700000000000003,-15.600000000000001,0.0,0.0,0.2,1.0,0.2,29,47.9,22.5,52097.72,36083.9,100,0,-11.100000000000001,11.500000000000007,-12.5,12.900000000000006,0,0.0,0.0,0.0,0.0,0,21,8.0,8.6,16,-6.299999999999997,6.700000000000003,-6.0,6.400000000000006,0,0.0,0.0,0.0,0.0,0,33,9.4,10.8,3,-3.4520454545454555,26,8,,,0.0,26.0,8.0,0,81,0.7071067811865476,0.7071067811865476,0.5,25.5,7.5,-1,1115,1.0,1.5275252316519468,0.6666666666666666,25.0,8.333333333333334,-2,1219,1.0,1.5275252316519468,0.6666666666666666,25.0,8.333333333333334,-2,1219,1.0,1.5275252316519468,0.6666666666666666,25.0,8.333333333333334,-2
2025-05-18 12:15:52.308351,138,63787.691649,12.264444444444445,82,30,70,0,1.0,-3.5999999999999943,11.500000000000007,-26.299999999999997,-11.199999999999996,-6.400000000000006,8.699999999999996,-30.700000000000003,-15.600000000000001,0.0,0.0,0.2,1.0,0.2,29,47.9,22.5,52097.72,36083.9,100,0,-15.100000000000001,11.500000000000007,-16.5,12.900000000000006,0,0.0,0.0,0.0,0.0,0,21,8.0,8.6,16,-10.299999999999997,6.700000000000003,-10.0,6.400000000000006,0,0.0,0.0,0.0,0.0,0,33,9.4,10.8,3,-9.724048762467675,30,90,,,0.0,30.0,82.0,0,163,0.0,24.748737341529164,0.0,30.0,64.5,0,1197,1.5050420310248864,61.42031052880265,0.5833333333333334,31.583333333333332,59.5,1,1301,1.3557637102737476,56.33302338601687,0.5333333333333333,31.466666666666665,52.86666666666667,1,1301,1.3557637102737476,56.33302338601687,0.5333333333333333,31.466666666666665,52.86666666666667,1
2025-05-18 12:15:54.599368,138,63785.400632,12.265,11,5,95,0,3.0,-5.599999999999994,11.500000000000007,-28.299999999999997,-11.199999999999996,-8.400000000000006,8.699999999999996,-32.7,-15.600000000000001,0.0,0.0,0.2,1.0,0.2,29,47.9,22.5,52097.72,36083.9,100,0,-17.1,11.500000000000007,-18.5,12.900000000000006,0,0.0,0.0,0.0,0.0,0,21,8.0,8.6,16,-12.299999999999997,6.700000000000003,-12.0,6.400000000000006,0,0.0,0.0,0.0,0.0,0,33,9.4,10.8,3,-0.46404793608522255,5,101,,,0.0,5.0,11.0,0,174,0.0,5.656854249492381,0.0,5.0,15.0,0,1208,0.9045340337332909,56.4043840978212,0.36363636363636365,4.7272727272727275,42.63636363636363,-2,1312,0.9962049198956218,54.01991776327983,0.4166666666666667,4.583333333333333,41.166666666666664,-2,1312,0.9962049198956218,54.01991776327983,0.4166666666666667,4.583333333333333,41.166666666666664,-2
2025-05-18 12:15:59.807785,138,63780.192215,12.266388888888889,2,30,70,0,1.0,-3.5999999999999943,11.500000000000007,-26.299999999999997,-11.199999999999996,-6.400000000000006,8.699999999999996,-30.700000000000003,-15.600000000000001,0.0,0.0,0.2,1.0,0.2,29,47.9,22.5,52097.72,36083.9,100,0,-15.100000000000001,11.500000000000007,-16.5,12.900000000000006,0,0.0,0.0,0.0,0.0,0,21,8.0,8.6,16,-10.299999999999997,6.700000000000003,-10.0,6.400000000000006,0,0.0,0.0,0.0,0.0,0,33,9.4,10.8,3,-10.027809523809523,30,103,0.0,56.568542494923804,0.0,30.0,42.0,0,176,0.0,40.10403138505321,0.0,30.0,43.666666666666664,0,1210,1.5063966175050876,60.92955158550124,0.5384615384615384,31.46153846153846,55.07692307692308,1,1314,1.3601470508735443,55.88884056768399,0.5,31.375,49.6875,1,1314,1.3601470508735443,55.88884056768399,0.5,31.375,49.6875,1
2025-05-18 12:18:36.287931,138,63623.712069,12.31,17,30,70,0,1.0,-3.5999999999999943,11.500000000000007,-26.299999999999997,-11.199999999999996,-6.400000000000006,8.699999999999996,-30.700000000000003,-15.600000000000001,0.0,0.0,0.2,1.0,0.2,29,47.9,22.5,52097.72,36083.9,100,0,-15.100000000000001,11.500000000000007,-16.5,12.900000000000006,0,0.0,0.0,0.0,0.0,0,21,8.0,8.6,16,-10.299999999999997,6.700000000000003,-10.0,6.400000000000006,0,0.0,0.0,0.0,0.0,0,33,9.4,10.8,3,-10.035455585207785,30,17,,,0.0,30.0,17.0,0,120,0.0,42.524502740576914,0.0,30.0,33.666666666666664,0,393,0.0,35.35533905932738,0.0,30.0,37.0,0,1331,1.3585242858683528,54.69178344569309,0.47058823529411764,31.294117647058822,47.76470588235294,1,1331,1.3585242858683528,54.69178344569309,0.47058823529411764,31.294117647058822,47.76470588235294,1
2025-05-18 12:18:36.340692,138,63623.659308,12.31,17,5,95,0,3.0,-5.599999999999994,11.500000000000007,-28.299999999999997,-11.199999999999996,-8.400000000000006,8.699999999999996,-32.7,-15.600000000000001,0.0,0.0,0.2,1.0,0.2,29,47.9,22.5,52097.72,36083.9,100,0,-17.1,11.500000000000007,-18.5,12.900000000000006,0,0.0,0.0,0.0,0.0,0,21,8.0,8.6,16,-12.299999999999997,6.700000000000003,-12.0,6.400000000000006,0,0.0,0.0,0.0,0.0,0,33,9.4,10.8,3,-0.4674714956405097,5,34,,,0.0,5.0,17.0,0,137,0.0,4.242640687119285,0.0,5.0,14.0,0,410,0.3535533905932738,24.389327291138756,0.0,5.125,29.625,0,1348,0.960768922830523,52.15263594390446,0.38461538461538464,4.615384615384615,39.30769230769231,-2,1348,0.960768922830523,52.15263594390446,0.38461538461538464,4.615384615384615,39.30769230769231,-2
2025-05-18 12:21:40.968873,138,63439.031127,12.36111111111111,5,30,70,0,1.0,-3.5999999999999943,11.500000000000007,-26.299999999999997,-11.199999999999996,-6.400000000000006,8.699999999999996,-30.700000000000003,-15.600000000000001,0.0,0.0,0.2,1.0,0.2,29,47.9,22.5,52097.72,36083.9,100,0,-15.100000000000001,11.500000000000007,-16.5,12.900000000000006,0,0.0,0.0,0.0,0.0,0,21,8.0,8.6,16,-10.299999999999997,6.700000000000003,-10.0,6.400000000000006,0,0.0,0.0,0.0,0.0,0,33,9.4,10.8,3,-10.10092095165004,30,5,,,0.0,30.0,5.0,0,39,0.0,8.48528137423857,0.0,30.0,11.0,0,245,0.0,33.797928930631244,0.0,30.0,30.6,0,1353,1.3527990831890464,54.00777600754401,0.4444444444444444,31.22222222222222,45.388888888888886,1,1353,1.3527990831890464,54.00777600754401,0.4444444444444444,31.22222222222222,45.388888888888886,1
2025-05-18 12:21:41.018656,138,63438.981344,12.361388888888888,4,5,95,0,3.0,-5.599999999999994,11.500000000000007,-28.299999999999997,-11.199999999999996,-8.400000000000006,8.699999999999996,-32.7,-15.600000000000001,0.0,0.0,0.2,1.0,0.2,29,47.9,22.5,52097.72,36083.9,100,0,-17.1,11.500000000000007,-18.5,12.900000000000006,0,0.0,0.0,0.0,0.0,0,21,8.0,8.6,16,-12.299999999999997,6.700000000000003,-12.0,6.400000000000006,0,0.0,0.0,0.0,0.0,0,33,9.4,10.8,3,-0.47286295793757915,5,9,,,0.0,5.0,4.0,0,43,0.0,9.192388155425117,0.0,5.0,10.5,0,249,0.0,6.685805860178712,0.0,5.0,14.2,0,1357,0.9287827316640649,50.98744728087277,0.35714285714285715,4.642857142857143,36.785714285714285,-2,1357,0.9287827316640649,50.98744728087277,0.35714285714285715,4.642857142857143,36.785714285714285,-2
2025-05-18 12:22:25.423586,138,63394.576414,12.373611111111112,41,5,95,0,-5.0,2.4000000000000057,11.500000000000007,-20.299999999999997,-11.199999999999996,-0.4000000000000057,8.699999999999996,-24.700000000000003,-15.600000000000001,0.0,0.0,0.2,1.0,0.2,29,47.9,22.5,52097.72,36083.9,100,0,-9.100000000000001,11.500000000000007,-10.5,12.900000000000006,0,0.0,0.0,0.0,0.0,0,21,8.0,8.6,16,-4.299999999999997,6.700000000000003,-4.0,6.400000000000006,0,0.0,0.0,0.0,0.0,0,33,9.4,10.8,3,67.07482108002603,-95,50,,,0.0,5.0,41.0,0,84,,,0.0,5.0,41.0,0,290,,,0.0,5.0,41.0,0,1398,,,0.0,5.0,41.0,0,1398,,,0.0,5.0,41.0,0
2025-05-18 12:22:41.739528,138,63378.260472,12.378055555555555,99,4,96,0,-5.0,2.4000000000000057,11.500000000000007,-20.299999999999997,-11.199999999999996,-0.4000000000000057,8.699999999999996,-24.700000000000003,-15.600000000000001,0.0,0.0,0.2,1.0,0.2,29,47.9,22.5,52097.72,36083.9,100,0,-9.100000000000001,11.500000000000007,-10.5,12.900000000000006,0,0.0,0.0,0.0,0.0,0,21,8.0,8.6,16,-4.299999999999997,6.700000000000003,-4.0,6.400000000000006,0,0.0,0.0,0.0,0.0,0,33,9.4,10.8,3,68.29922480620155,-96,149,0.7071067811865476,41.012193308819754,0.0,4.5,70.0,1,183,0.7071067811865476,41.012193308819754,0.0,4.5,70.0,1,389,0.7071067811865476,41.012193308819754,0.0,4.5,70.0,1,1497,0.7071067811865476,41.012193308819754,0.0,4.5,70.0,1,1497,0.7071067811865476,41.012193308819754,0.0,4.5,70.0,1
2025-05-18 12:23:02.828186,138,63357.171814,12.383888888888889,27,5,95,0,3.0,-5.599999999999994,11.500000000000007,-28.299999999999997,-11.199999999999996,-8.400000000000006,8.699999999999996,-32.7,-15.600000000000001,0.0,0.0,0.2,1.0,0.2,29,47.9,22.5,52097.72,36083.9,100,0,-17.1,11.500000000000007,-18.5,12.900000000000006,0,0.0,0.0,0.0,0.0,0,21,8.0,8.6,16,-12.299999999999997,6.700000000000003,-12.0,6.400000000000006,0,0.0,0.0,0.0,0.0,0,33,9.4,10.8,3,-0.4741496598639401,5,176,0.0,16.263455967290593,0.0,5.0,15.5,0,210,0.0,11.532562594670797,0.0,5.0,16.0,0,416,0.0,7.941452428030195,0.0,5.0,16.333333333333332,0,1524,0.8997354108424372,49.19765770653644,0.3333333333333333,4.666666666666667,36.13333333333333,-2,1524,0.8997354108424372,49.19765770653644,0.3333333333333333,4.666666666666667,36.13333333333333,-2
2025-05-18 12:23:22.240673,138,63337.759327,12.389444444444443,7,26,74,0,-3.0,0.4000000000000057,11.500000000000007,-22.299999999999997,-11.199999999999996,-2.4000000000000057,8.699999999999996,-26.700000000000003,-15.600000000000001,0.0,0.0,0.2,1.0,0.2,29,47.9,22.5,52097.72,36083.9,100,0,-11.100000000000001,11.500000000000007,-12.5,12.900000000000006,0,0.0,0.0,0.0,0.0,0,21,8.0,8.6,16,-6.299999999999997,6.700000000000003,-6.0,6.400000000000006,0,0.0,0.0,0.0,0.0,0,33,9.4,10.8,3,-3.4583333333333286,26,201,0.0,7.7781745930520225,0.0,26.0,12.5,0,235,0.0,7.7781745930520225,0.0,26.0,12.5,0,441,0.8944271909999159,4.636809247747852,0.4,25.4,10.0,-2,1549,0.8944271909999159,4.636809247747852,0.4,25.4,10.0,-2,1549,0.8944271909999159,4.636809247747852,0.4,25.4,10.0,-2
2025-05-18 12:23:22.240673,138,63337.759327,12.389444444444443,18,26,74,0,-3.0,0.4000000000000057,11.500000000000007,-22.299999999999997,-11.199999999999996,-2.4000000000000057,8.699999999999996,-26.700000000000003,-15.600000000000001,0.0,0.0,0.2,1.0,0.2,29,47.9,22.5,52097.72,36083.9,100,0,-11.100000000000001,11.500000000000007,-12.5,12.900000000000006,0,0.0,0.0,0.0,0.0,0,21,8.0,8.6,16,-6.299999999999997,6.700000000000003,-6.0,6.400000000000006,0,0.0,0.0,0.0,0.0,0,33,9.4,10.8,3,-3.4638540478905355,26,201,0.0,7.7781745930520225,0.0,26.0,12.5,0,235,0.0,7.7781745930520225,0.0,26.0,12.5,0,441,0.8944271909999159,4.636809247747852,0.4,25.4,10.0,-2,1549,0.8944271909999159,4.636809247747852,0.4,25.4,10.0,-2,1549,0.8944271909999159,4.636809247747852,0.4,25.4,10.0,-2
2025-05-18 12:26:38.428778,138,63141.571222,12.443888888888889,11,4,96,0,-5.0,2.4000000000000057,11.500000000000007,-20.299999999999997,-11.199999999999996,-0.4000000000000057,8.699999999999996,-24.700000000000003,-15.600000000000001,0.0,0.0,0.2,1.0,0.2,29,47.9,22.5,52097.72,36083.9,100,0,-9.100000000000001,11.500000000000007,-10.5,12.900000000000006,0,0.0,0.0,0.0,0.0,0,21,8.0,8.6,16,-4.299999999999997,6.700000000000003,-4.0,6.400000000000006,0,0.0,0.0,0.0,0.0,0,33,9.4,10.8,3,68.85546232313261,-96,11,,,0.0,4.0,11.0,0,212,0.5773502691896258,44.73626418615365,0.0,4.333333333333333,50.333333333333336,1,422,0.5773502691896258,44.73626418615365,0.0,4.333333333333333,50.333333333333336,1,1560,0.5773502691896258,44.73626418615365,0.0,4.333333333333333,50.333333333333336,1,1560,0.5773502691896258,44.73626418615365,0.0,4.333333333333333,50.333333333333336,1
2025-05-18 12:28:49.707742,138,63010.292258,12.480277777777777,7,31,69,1,1.0,-3.5999999999999943,11.500000000000007,-26.299999999999997,-11.199999999999996,-6.400000000000006,8.699999999999996,-30.700000000000003,-15.600000000000001,0.0,0.0,0.2,1.0,0.2,29,47.9,22.5,52097.72,36083.9,100,0,-15.100000000000001,11.500000000000007,-16.5,12.900000000000006,0,0.0,0.0,0.0,0.0,0,21,8.0,8.6,16,-10.299999999999997,6.700000000000003,-10.0,6.400000000000006,0,0.0,0.0,0.0,0.0,0,33,9.4,10.8,3,-11.120338331410995,-31,124,0.0,23.762715894162152,1.0,31.0,31.0,0,135,0.0,23.762715894162152,1.0,31.0,31.0,0,473,0.5345224838248488,29.197602641312866,0.5,30.5,28.75,-1,1684,1.2203186015043321,49.741169896615645,0.5454545454545454,31.181818181818183,42.77272727272727,0,1684,1.2203186015043321,49.741169896615645,0.5454545454545454,31.181818181818183,42.77272727272727,0
2025-05-18 12:28:49.707742,138,63010.292258,12.480277777777777,40,31,69,1,1.0,-3.5999999999999943,11.500000000000007,-26.299999999999997,-11.199999999999996,-6.400000000000006,8.699999999999996,-30.700000000000003,-15.600000000000001,0.0,0.0,0.2,1.0,0.2,29,47.9,22.5,52097.72,36083.9,100,0,-15.100000000000001,11.500000000000007,-16.5,12.900000000000006,0,0.0,0.0,0.0,0.0,0,21,8.0,8.6,16,-10.299999999999997,6.700000000000003,-10.0,6.400000000000006,0,0.0,0.0,0.0,0.0,0,33,9.4,10.8,3,-11.150346954510407,-31,124,0.0,23.762715894162152,1.0,31.0,31.0,0,135,0.0,23.762715894162152,1.0,31.0,31.0,0,473,0.5345224838248488,29.197602641312866,0.5,30.5,28.75,-1,1684,1.2203186015043321,49.741169896615645,0.5454545454545454,31.181818181818183,42.77272727272727,0,1684,1.2203186015043321,49.741169896615645,0.5454545454545454,31.181818181818183,42.77272727272727,0
2025-05-18 12:28:49.707742,138,63010.292258,12.480277777777777,17,31,69,1,1.0,-3.5999999999999943,11.500000000000007,-26.299999999999997,-11.199999999999996,-6.400000000000006,8.699999999999996,-30.700000000000003,-15.600000000000001,0.0,0.0,0.2,1.0,0.2,29,47.9,22.5,52097.72,36083.9,100,0,-15.100000000000001,11.500000000000007,-16.5,12.900000000000006,0,0.0,0.0,0.0,0.0,0,21,8.0,8.6,16,-10.299999999999997,6.700000000000003,-10.0,6.400000000000006,0,0.0,0.0,0.0,0.0,0,33,9.4,10.8,3,-11.32498042286609,-31,124,0.0,23.762715894162152,1.0,31.0,31.0,0,135,0.0,23.762715894162152,1.0,31.0,31.0,0,473,0.5345224838248488,29.197602641312866,0.5,30.5,28.75,-1,1684,1.2203186015043321,49.741169896615645,0.5454545454545454,31.181818181818183,42.77272727272727,0,1684,1.2203186015043321,49.741169896615645,0.5454545454545454,31.181818181818183,42.77272727272727,0
2025-05-18 12:28:49.707742,138,63010.292258,12.480277777777777,60,31,69,1,1.0,-3.5999999999999943,11.500000000000007,-26.299999999999997,-11.199999999999996,-6.400000000000006,8.699999999999996,-30.700000000000003,-15.600000000000001,0.0,0.0,0.2,1.0,0.2,29,47.9,22.5,52097.72,36083.9,100,0,-15.100000000000001,11.500000000000007,-16.5,12.900000000000006,0,0.0,0.0,0.0,0.0,0,21,8.0,8.6,16,-10.299999999999997,6.700000000000003,-10.0,6.400000000000006,0,0.0,0.0,0.0,0.0,0,33,9.4,10.8,3,-11.400867165944028,-31,124,0.0,23.762715894162152,1.0,31.0,31.0,0,135,0.0,23.762715894162152,1.0,31.0,31.0,0,473,0.5345224838248488,29.197602641312866,0.5,30.5,28.75,-1,1684,1.2203186015043321,49.741169896615645,0.5454545454545454,31.181818181818183,42.77272727272727,0,1684,1.2203186015043321,49.741169896615645,0.5454545454545454,31.181818181818183,42.77272727272727,0
2025-05-18 12:30:09.466281,138,62930.533719,12.5025,10,27,73,0,-3.0,0.4000000000000057,11.500000000000007,-22.299999999999997,-11.199999999999996,-2.4000000000000057,8.699999999999996,-26.700000000000003,-15.600000000000001,0.0,0.0,0.2,1.0,0.2,29,47.9,22.5,52097.72,36083.9,100,0,-11.100000000000001,11.500000000000007,-12.5,12.900000000000006,0,0.0,0.0,0.0,0.0,0,21,8.0,8.6,16,-6.299999999999997,6.700000000000003,-6.0,6.400000000000006,0,0.0,0.0,0.0,0.0,0,33,9.4,10.8,3,-4.478131440348065,27,134,,,0.0,27.0,10.0,0,145,,,0.0,27.0,10.0,0,483,0.5,4.9916597106239795,0.0,26.25,10.75,-1,1694,1.0327955589886444,4.147288270665544,0.3333333333333333,25.666666666666668,10.0,-3,1694,1.0327955589886444,4.147288270665544,0.3333333333333333,25.666666666666668,10.0,-3
2025-05-18 12:33:15.374476,138,62744.625524,12.554166666666667,18,31,69,1,1.0,-3.5999999999999943,11.500000000000007,-26.299999999999997,-11.199999999999996,-6.400000000000006,8.699999999999996,-30.700000000000003,-15.600000000000001,0.0,0.0,0.2,1.0,0.2,29,47.9,22.5,52097.72,36083.9,100,0,-15.100000000000001,11.500000000000007,-16.5,12.900000000000006,0,0.0,0.0,0.0,0.0,0,21,8.0,8.6,16,-10.299999999999997,6.700000000000003,-10.0,6.400000000000006,0,0.0,0.0,0.0,0.0,0,33,9.4,10.8,3,-11.677028663706096,-31,38,0.0,1.4142135623730951,1.0,31.0,19.0,0,172,0.0,19.43193248238579,1.0,31.0,27.0,0,418,0.4629100498862757,18.29910224183533,0.75,30.75,23.0,-1,1732,1.1671841502435296,48.001792689953525,0.5833333333333334,31.166666666666668,40.791666666666664,0,1732,1.1671841502435296,48.001792689953525,0.5833333333333334,31.166666666666668,40.791666666666664,0
2025-05-18 12:33:15.374476,138,62744.625524,12.554166666666667,20,31,69,1,1.0,-3.5999999999999943,11.500000000000007,-26.299999999999997,-11.199999999999996,-6.400000000000006,8.699999999999996,-30.700000000000003,-15.600000000000001,0.0,0.0,0.2,1.0,0.2,29,47.9,22.5,52097.72,36083.9,100,0,-15.100000000000001,11.500000000000007,-16.5,12.900000000000006,0,0.0,0.0,0.0,0.0,0,21,8.0,8.6,16,-10.299999999999997,6.700000000000003,-10.0,6.400000000000006,0,0.0,0.0,0.0,0.0,0,33,9.4,10.8,3,-11.762505083367223,-31,38,0.0,1.4142135623730951,1.0,31.0,19.0,0,172,0.0,19.43193248238579,1.0,31.0,27.0,0,418,0.4629100498862757,18.29910224183533,0.75,30.75,23.0,-1,1732,1.1671841502435296,48.001792689953525,0.5833333333333334,31.166666666666668,40.791666666666664,0,1732,1.1671841502435296,48.001792689953525,0.5833333333333334,31.166666666666668,40.791666666666664,0
2025-05-18 12:33:43.918797,138,62716.081203,12.561944444444444,18,31,69,0,1.0,-3.5999999999999943,11.500000000000007,-26.299999999999997,-11.199999999999996,-6.400000000000006,8.699999999999996,-30.700000000000003,-15.600000000000001,0.0,0.0,0.2,1.0,0.2,29,47.9,22.5,52097.72,36083.9,100,0,-15.100000000000001,11.500000000000007,-16.5,12.900000000000006,0,0.0,0.0,0.0,0.0,0,21,8.0,8.6,16,-10.299999999999997,6.700000000000003,-10.0,6.400000000000006,0,0.0,0.0,0.0,0.0,0,33,9.4,10.8,3,-11.858958589585896,31,56,0.0,1.1547005383792515,0.6666666666666666,31.0,18.666666666666668,0,190,0.0,18.06206231962716,0.8571428571428571,31.0,25.714285714285715,0,402,0.3535533905932738,18.255625356115775,0.75,30.875,23.125,-1,1750,1.1430952132988166,47.21168640636906,0.56,31.16,39.88,0,1750,1.1430952132988166,47.21168640636906,0.56,31.16,39.88,0
2025-05-18 12:35:12.269268,138,62627.730732,12.586666666666668,77,3,97,0,-5.0,2.4000000000000057,11.500000000000007,-20.299999999999997,-11.199999999999996,-0.4000000000000057,8.699999999999996,-24.700000000000003,-15.600000000000001,0.0,0.0,0.2,1.0,0.2,29,47.9,22.5,52097.72,36083.9,100,0,-9.100000000000001,11.500000000000007,-10.5,12.900000000000006,0,0.0,0.0,0.0,0.0,0,21,8.0,8.6,16,-4.299999999999997,6.700000000000003,-4.0,6.400000000000006,0,0.0,0.0,0.0,0.0,0,33,9.4,10.8,3,69.91782626595307,-97,133,,,0.0,3.0,77.0,0,133,,,0.0,3.0,77.0,0,479,0.816496580927726,38.88444419044716,0.0,4.0,57.0,2,1827,0.816496580927726,38.88444419044716,0.0,4.0,57.0,2,1827,0.816496580927726,38.88444419044716,0.0,4.0,57.0,2
2025-05-18 12:52:33.354344,138,61586.645656,12.875833333333334,11,28,72,1,-3.0,0.4000000000000057,11.500000000000007,-22.299999999999997,-11.199999999999996,-2.4000000000000057,8.699999999999996,-26.700000000000003,-15.600000000000001,0.0,0.0,0.2,1.0,0.2,29,47.9,22.5,52097.72,36083.9,100,0,-11.100000000000001,11.500000000000007,-12.5,12.900000000000006,0,0.0,0.0,0.0,0.0,0,21,8.0,8.6,16,-6.299999999999997,6.700000000000003,-6.0,6.400000000000006,0,0.0,0.0,0.0,0.0,0,33,9.4,10.8,3,-5.488409456047741,-28,151,2.449489742783178,32.448677425538726,1.0,30.0,37.75,-5,151,2.449489742783178,32.448677425538726,1.0,30.0,37.75,-5,151,2.449489742783178,32.448677425538726,1.0,30.0,37.75,-5,1978,2.756809750418044,23.788185676460866,0.6,27.4,21.1,-9,1978,2.756809750418044,23.788185676460866,0.6,27.4,21.1,-9
2025-05-18 12:52:33.354344,138,61586.645656,12.875833333333334,27,28,72,1,-3.0,0.4000000000000057,11.500000000000007,-22.299999999999997,-11.199999999999996,-2.4000000000000057,8.699999999999996,-26.700000000000003,-15.600000000000001,0.0,0.0,0.2,1.0,0.2,29,47.9,22.5,52097.72,36083.9,100,0,-11.100000000000001,11.500000000000007,-12.5,12.900000000000006,0,0.0,0.0,0.0,0.0,0,21,8.0,8.6,16,-6.299999999999997,6.700000000000003,-6.0,6.400000000000006,0,0.0,0.0,0.0,0.0,0,33,9.4,10.8,3,-5.50230096640589,-28,151,2.449489742783178,32.448677425538726,1.0,30.0,37.75,-5,151,2.449489742783178,32.448677425538726,1.0,30.0,37.75,-5,151,2.449489742783178,32.448677425538726,1.0,30.0,37.75,-5,1978,2.756809750418044,23.788185676460866,0.6,27.4,21.1,-9,1978,2.756809750418044,23.788185676460866,0.6,27.4,21.1,-9
2025-05-18 12:52:33.354344,138,61586.645656,12.875833333333334,28,31,69,1,-3.0,0.4000000000000057,11.500000000000007,-22.299999999999997,-11.199999999999996,-2.4000000000000057,8.699999999999996,-26.700000000000003,-15.600000000000001,0.0,0.0,0.2,1.0,0.2,29,47.9,22.5,52097.72,36083.9,100,0,-11.100000000000001,11.500000000000007,-12.5,12.900000000000006,0,0.0,0.0,0.0,0.0,0,21,8.0,8.6,16,-6.299999999999997,6.700000000000003,-6.0,6.400000000000006,0,0.0,0.0,0.0,0.0,0,33,9.4,10.8,3,-8.536698309793934,-31,151,2.449489742783178,32.448677425538726,1.0,30.0,37.75,-5,151,2.449489742783178,32.448677425538726,1.0,30.0,37.75,-5,151,2.449489742783178,32.448677425538726,1.0,30.0,37.75,-5,1978,2.756809750418044,23.788185676460866,0.6,27.4,21.1,-9,1978,2.756809750418044,23.788185676460866,0.6,27.4,21.1,-9
2025-05-18 12:52:33.354344,138,61586.645656,12.875833333333334,85,33,67,1,-3.0,0.4000000000000057,11.500000000000007,-22.299999999999997,-11.199999999999996,-2.4000000000000057,8.699999999999996,-26.700000000000003,-15.600000000000001,0.0,0.0,0.2,1.0,0.2,29,47.9,22.5,52097.72,36083.9,100,0,-11.100000000000001,11.500000000000007,-12.5,12.900000000000006,0,0.0,0.0,0.0,0.0,0,21,8.0,8.6,16,-6.299999999999997,6.700000000000003,-6.0,6.400000000000006,0,0.0,0.0,0.0,0.0,0,33,9.4,10.8,3,-10.592402703332557,-33,151,2.449489742783178,32.448677425538726,1.0,30.0,37.75,-5,151,2.449489742783178,32.448677425538726,1.0,30.0,37.75,-5,151,2.449489742783178,32.448677425538726,1.0,30.0,37.75,-5,1978,2.756809750418044,23.788185676460866,0.6,27.4,21.1,-9,1978,2.756809750418044,23.788185676460866,0.6,27.4,21.1,-9
2025-05-18 12:52:36.737948,138,61583.262052,12.876666666666667,20,32,68,0,1.0,-3.5999999999999943,11.500000000000007,-26.299999999999997,-11.199999999999996,-6.400000000000006,8.699999999999996,-30.700000000000003,-15.600000000000001,0.0,0.0,0.2,1.0,0.2,29,47.9,22.5,52097.72,36083.9,100,0,-15.100000000000001,11.500000000000007,-16.5,12.900000000000006,0,0.0,0.0,0.0,0.0,0,21,8.0,8.6,16,-10.299999999999997,6.700000000000003,-10.0,6.400000000000006,0,0.0,0.0,0.0,0.0,0,33,9.4,10.8,3,-12.947129285419251,32,171,,,0.0,32.0,20.0,0,171,,,0.0,32.0,20.0,0,171,,,0.0,32.0,20.0,0,1998,1.132050556087696,46.421828419894815,0.5384615384615384,31.192307692307693,39.11538461538461,-1,1998,1.132050556087696,46.421828419894815,0.5384615384615384,31.192307692307693,39.11538461538461,-1
2025-05-18 12:52:41.927990,138,61578.07201,12.878055555555555,15,32,68,0,1.0,-3.5999999999999943,11.500000000000007,-26.299999999999997,-11.199999999999996,-6.400000000000006,8.699999999999996,-30.700000000000003,-15.600000000000001,0.0,0.0,0.2,1.0,0.2,29,47.9,22.5,52097.72,36083.9,100,0,-15.100000000000001,11.500000000000007,-16.5,12.900000000000006,0,0.0,0.0,0.0,0.0,0,21,8.0,8.6,16,-10.299999999999997,6.700000000000003,-10.0,6.400000000000006,0,0.0,0.0,0.0,0.0,0,33,9.4,10.8,3,-13.054977092877962,32,186,0.0,3.5355339059327378,0.0,32.0,17.5,0,186,0.0,3.5355339059327378,0.0,32.0,17.5,0,186,0.0,3.5355339059327378,0.0,32.0,17.5,0,2013,1.12089707663561,45.756322247761844,0.5185185185185185,31.22222222222222,38.22222222222222,-1,2013,1.12089707663561,45.756322247761844,0.5185185185185185,31.22222222222222,38.22222222222222,-1
2025-05-18 12:53:18.799510,138,61541.20049,12.888333333333334,4,37,63,1,-1.0,-1.5999999999999943,11.500000000000007,-24.299999999999997,-11.199999999999996,-4.400000000000006,8.699999999999996,-28.700000000000003,-15.600000000000001,0.0,0.0,0.2,1.0,0.2,29,47.9,22.5,52097.72,36083.9,100,0,-13.100000000000001,11.500000000000007,-14.5,12.900000000000006,0,0.0,0.0,0.0,0.0,0,21,8.0,8.6,16,-8.299999999999997,6.700000000000003,-8.0,6.400000000000006,0,0.0,0.0,0.0,0.0,0,33,9.4,10.8,3,-19.682597592119663,-37,236,1.4142135623730951,29.698484809834994,1.0,38.0,25.0,-2,236,1.4142135623730951,29.698484809834994,1.0,38.0,25.0,-2,236,1.4142135623730951,29.698484809834994,1.0,38.0,25.0,-2,2063,1.4142135623730951,29.698484809834994,1.0,38.0,25.0,-2,2063,1.4142135623730951,29.698484809834994,1.0,38.0,25.0,-2
2025-05-18 12:53:18.799510,138,61541.20049,12.888333333333334,46,39,61,1,-1.0,-1.5999999999999943,11.500000000000007,-24.299999999999997,-11.199999999999996,-4.400000000000006,8.699999999999996,-28.700000000000003,-15.600000000000001,0.0,0.0,0.2,1.0,0.2,29,47.9,22.5,52097.72,36083.9,100,0,-13.100000000000001,11.500000000000007,-14.5,12.900000000000006,0,0.0,0.0,0.0,0.0,0,21,8.0,8.6,16,-8.299999999999997,6.700000000000003,-8.0,6.400000000000006,0,0.0,0.0,0.0,0.0,0,33,9.4,10.8,3,-21.71136280599196,-39,236,1.4142135623730951,29.698484809834994,1.0,38.0,25.0,-2,236,1.4142135623730951,29.698484809834994,1.0,38.0,25.0,-2,236,1.4142135623730951,29.698484809834994,1.0,38.0,25.0,-2,2063,1.4142135623730951,29.698484809834994,1.0,38.0,25.0,-2,2063,1.4142135623730951,29.698484809834994,1.0,38.0,25.0,-2
2025-05-18 12:53:25.298667,138,61534.701333,12.890277777777778,6,31,69,0,1.0,-3.5999999999999943,11.500000000000007,-26.299999999999997,-11.199999999999996,-6.400000000000006,8.699999999999996,-30.700000000000003,-15.600000000000001,0.0,0.0,0.2,1.0,0.2,29,47.9,22.5,52097.72,36083.9,100,0,-15.100000000000001,11.500000000000007,-16.5,12.900000000000006,0,0.0,0.0,0.0,0.0,0,21,8.0,8.6,16,-10.299999999999997,6.700000000000003,-10.0,6.400000000000006,0,0.0,0.0,0.0,0.0,0,33,9.4,10.8,3,-12.13704945515508,31,242,0.5773502691896258,7.094598884597588,0.0,31.666666666666668,13.666666666666666,1,242,0.5773502691896258,7.094598884597588,0.0,31.666666666666668,13.666666666666666,1,242,0.5773502691896258,7.094598884597588,0.0,31.666666666666668,13.666666666666666,1,2069,1.1007452982594164,45.312028140217855,0.5,31.214285714285715,37.07142857142857,0,2069,1.1007452982594164,45.312028140217855,0.5,31.214285714285715,37.07142857142857,0
2025-05-18 12:53:49.118465,138,61510.881535,12.896944444444443,70,33,67,1,1.0,-3.5999999999999943,11.500000000000007,-26.299999999999997,-11.199999999999996,-6.400000000000006,8.699999999999996,-30.700000000000003,-15.600000000000001,0.0,0.0,0.2,1.0,0.2,29,47.9,22.5,52097.72,36083.9,100,0,-15.100000000000001,11.500000000000007,-16.5,12.900000000000006,0,0.0,0.0,0.0,0.0,0,21,8.0,8.6,16,-10.299999999999997,6.700000000000003,-10.0,6.400000000000006,0,0.0,0.0,0.0,0.0,0,33,9.4,10.8,3,-14.16764705882353,-33,312,0.816496580927726,28.756158760631898,0.25,32.0,27.75,-1,312,0.816496580927726,28.756158760631898,0.25,32.0,27.75,-1,312,0.816496580927726,28.756158760631898,0.25,32.0,27.75,-1,2139,1.1306304096178865,44.91371037122568,0.5172413793103449,31.275862068965516,38.206896551724135,-2,2139,1.1306304096178865,44.91371037122568,0.5172413793103449,31.275862068965516,38.206896551724135,-2
2025-05-18 13:03:32.931593,138,60927.068407,13.05888888888889,50,3,97,0,-5.0,2.4000000000000057,6.700000000000003,-20.299999999999997,-16.0,-0.4000000000000057,3.8999999999999915,-24.700000000000003,-20.400000000000006,0.0,0.0,0.2,1.0,0.2,29,47.9,22.5,52097.72,36083.9,100,0,-4.299999999999997,6.700000000000003,-4.0,6.400000000000006,0,0.0,0.0,0.0,0.0,0,33,9.4,10.8,3,-2.200000000000003,4.6000000000000085,-0.4000000000000057,2.8000000000000114,1,0.0,0.0,0.0,0.0,0,80,8.5,11.9,80,70.36393768644349,-97,50,,,0.0,3.0,50.0,0,50,,,0.0,3.0,50.0,0,362,,,0.0,3.0,50.0,0,1251,0.8366600265340756,33.82011235936392,0.0,3.8,55.6,2,2189,0.8366600265340756,33.82011235936392,0.0,3.8,55.6,2
2025-05-18 13:04:37.996818,138,60862.003182,13.076944444444445,18,3,97,0,5.0,-7.599999999999994,6.700000000000003,-30.299999999999997,-16.0,-10.400000000000006,3.8999999999999915,-34.7,-20.400000000000006,0.0,0.0,0.2,1.0,0.2,29,47.9,22.5,52097.72,36083.9,100,0,-14.299999999999997,6.700000000000003,-14.0,6.400000000000006,0,0.0,0.0,0.0,0.0,0,33,9.4,10.8,3,-12.200000000000003,4.6000000000000085,-10.400000000000006,2.8000000000000114,1,0.0,0.0,0.0,0.0,0,80,8.5,11.9,80,-0.7047619047619094,3,118,0.0,22.627416997969522,0.0,3.0,34.0,0,118,0.0,22.627416997969522,0.0,3.0,34.0,0,430,0.0,22.627416997969522,0.0,3.0,34.0,0,1169,0.0,22.627416997969522,0.0,3.0,34.0,0,2257,0.0,22.627416997969522,0.0,3.0,34.0,0
2025-05-18 13:04:37.996818,138,60862.003182,13.076944444444445,50,3,97,0,5.0,-7.599999999999994,6.700000000000003,-30.299999999999997,-16.0,-10.400000000000006,3.8999999999999915,-34.7,-20.400000000000006,0.0,0.0,0.2,1.0,0.2,29,47.9,22.5,52097.72,36083.9,100,0,-14.299999999999997,6.700000000000003,-14.0,6.400000000000006,0,0.0,0.0,0.0,0.0,0,33,9.4,10.8,3,-12.200000000000003,4.6000000000000085,-10.400000000000006,2.8000000000000114,1,0.0,0.0,0.0,0.0,0,80,8.5,11.9,80,-0.0769230769230802,3,118,0.0,22.627416997969522,0.0,3.0,34.0,0,118,0.0,22.627416997969522,0.0,3.0,34.0,0,430,0.0,22.627416997969522,0.0,3.0,34.0,0,1169,0.0,22.627416997969522,0.0,3.0,34.0,0,2257,0.0,22.627416997969522,0.0,3.0,34.0,0
2025-05-18 13:10:10.225246,138,60529.774754,13.169444444444444,26,32,68,1,1.0,-3.5999999999999943,6.700000000000003,-26.299999999999997,-16.0,-6.400000000000006,3.8999999999999915,-30.700000000000003,-20.400000000000006,0.0,0.0,0.2,1.0,0.2,29,47.9,22.5,52097.72,36083.9,100,0,-10.299999999999997,6.700000000000003,-10.0,6.400000000000006,0,0.0,0.0,0.0,0.0,0,33,9.4,10.8,3,-8.200000000000003,4.6000000000000085,-6.400000000000006,2.8000000000000114,1,0.0,0.0,0.0,0.0,0,80,8.5,11.9,80,-13.596969696969698,-32,50,0.0,10.472185381603339,1.0,32.0,12.5,0,50,0.0,10.472185381603339,1.0,32.0,12.5,0,168,0.0,10.472185381603339,1.0,32.0,12.5,0,1169,0.8750939799154205,23.113222463161186,0.55,31.15,24.7,-2,2307,1.0844982082218317,42.987907919236164,0.5757575757575758,31.363636363636363,35.09090909090909,-1
2025-05-18 13:10:10.225246,138,60529.774754,13.169444444444444,9,32,68,1,1.0,-3.5999999999999943,6.700000000000003,-26.299999999999997,-16.0,-6.400000000000006,3.8999999999999915,-30.700000000000003,-20.400000000000006,0.0,0.0,0.2,1.0,0.2,29,47.9,22.5,52097.72,36083.9,100,0,-10.299999999999997,6.700000000000003,-10.0,6.400000000000006,0,0.0,0.0,0.0,0.0,0,33,9.4,10.8,3,-8.200000000000003,4.6000000000000085,-6.400000000000006,2.8000000000000114,1,0.0,0.0,0.0,0.0,0,80,8.5,11.9,80,-13.751751313485112,-32,50,0.0,10.472185381603339,1.0,32.0,12.5,0,50,0.0,10.472185381603339,1.0,32.0,12.5,0,168,0.0,10.472185381603339,1.0,32.0,12.5,0,1169,0.8750939799154205,23.113222463161186,0.55,31.15,24.7,-2,2307,1.0844982082218317,42.987907919236164,0.5757575757575758,31.363636363636363,35.09090909090909,-1
2025-05-18 13:10:10.225246,138,60529.774754,13.169444444444444,1,32,68,1,1.0,-3.5999999999999943,6.700000000000003,-26.299999999999997,-16.0,-6.400000000000006,3.8999999999999915,-30.700000000000003,-20.400000000000006,0.0,0.0,0.2,1.0,0.2,29,47.9,22.5,52097.72,36083.9,100,0,-10.299999999999997,6.700000000000003,-10.0,6.400000000000006,0,0.0,0.0,0.0,0.0,0,33,9.4,10.8,3,-8.200000000000003,4.6000000000000085,-6.400000000000006,2.8000000000000114,1,0.0,0.0,0.0,0.0,0,80,8.5,11.9,80,-13.806153846153848,-32,50,0.0,10.472185381603339,1.0,32.0,12.5,0,50,0.0,10.472185381603339,1.0,32.0,12.5,0,168,0.0,10.472185381603339,1.0,32.0,12.5,0,1169,0.8750939799154205,23.113222463161186,0.55,31.15,24.7,-2,2307,1.0844982082218317,42.987907919236164,0.5757575757575758,31.363636363636363,35.09090909090909,-1
2025-05-18 13:10:10.225246,138,60529.774754,13.169444444444444,14,32,68,1,1.0,-3.5999999999999943,6.700000000000003,-26.299999999999997,-16.0,-6.400000000000006,3.8999999999999915,-30.700000000000003,-20.400000000000006,0.0,0.0,0.2,1.0,0.2,29,47.9,22.5,52097.72,36083.9,100,0,-10.299999999999997,6.700000000000003,-10.0,6.400000000000006,0,0.0,0.0,0.0,0.0,0,33,9.4,10.8,3,-8.200000000000003,4.6000000000000085,-6.400000000000006,2.8000000000000114,1,0.0,0.0,0.0,0.0,0,80,8.5,11.9,80,-13.812225153913808,-32,50,0.0,10.472185381603339,1.0,32.0,12.5,0,50,0.0,10.472185381603339,1.0,32.0,12.5,0,168,0.0,10.472185381603339,1.0,32.0,12.5,0,1169,0.8750939799154205,23.113222463161186,0.55,31.15,24.7,-2,2307,1.0844982082218317,42.987907919236164,0.5757575757575758,31.363636363636363,35.09090909090909,-1
2025-05-18 13:11:00.232605,138,60479.767395,13.183333333333334,50,3,97,0,-5.0,2.4000000000000057,6.700000000000003,-20.299999999999997,-16.0,-0.4000000000000057,3.8999999999999915,-24.700000000000003,-20.400000000000006,0.0,0.0,0.2,1.0,0.2,29,47.9,22.5,52097.72,36083.9,100,0,-4.299999999999997,6.700000000000003,-4.0,6.400000000000006,0,0.0,0.0,0.0,0.0,0,33,9.4,10.8,3,-2.200000000000003,4.6000000000000085,-0.4000000000000057,2.8000000000000114,1,0.0,0.0,0.0,0.0,0,80,8.5,11.9,80,70.78211219471534,-97,100,,,0.0,3.0,50.0,0,100,,,0.0,3.0,50.0,0,218,0.0,0.0,0.0,3.0,50.0,0,1219,0.816496580927726,30.335897327533708,0.0,3.6666666666666665,54.666666666666664,2,2357,0.816496580927726,30.335897327533708,0.0,3.6666666666666665,54.666666666666664,2
2025-05-18 13:22:59.142085,138,59760.857915,13.383055555555556,26,36,64,1,-1.0,-1.5999999999999943,6.700000000000003,-24.299999999999997,-16.0,-4.400000000000006,3.8999999999999915,-28.700000000000003,-20.400000000000006,0.0,0.0,0.2,1.0,0.2,29,47.9,22.5,52097.72,36083.9,100,0,-8.299999999999997,6.700000000000003,-8.0,6.400000000000006,0,0.0,0.0,0.0,0.0,0,33,9.4,10.8,3,-6.200000000000003,4.6000000000000085,-4.400000000000006,2.8000000000000114,1,0.0,0.0,0.0,0.0,0,80,8.5,11.9,80,-19.082497212931994,-36,26,,,1.0,36.0,26.0,0,26,,,1.0,36.0,26.0,0,126,,,1.0,36.0,26.0,0,886,1.5275252316519465,21.007935008784973,1.0,37.333333333333336,25.333333333333332,1,2383,1.5275252316519465,21.007935008784973,1.0,37.333333333333336,25.333333333333332,1
2025-05-18 13:23:24.793924,138,59735.206076,13.389999999999999,37,4,96,0,3.0,-5.599999999999994,6.700000000000003,-28.299999999999997,-16.0,-8.400000000000006,3.8999999999999915,-32.7,-20.400000000000006,0.0,0.0,0.2,1.0,0.2,29,47.9,22.5,52097.72,36083.9,100,0,-12.299999999999997,6.700000000000003,-12.0,6.400000000000006,0,0.0,0.0,0.0,0.0,0,33,9.4,10.8,3,-10.200000000000003,4.6000000000000085,-8.400000000000006,2.8000000000000114,1,0.0,0.0,0.0,0.0,0,80,8.5,11.9,80,0.5169785169785115,4,63,,,0.0,4.0,37.0,0,63,,,0.0,4.0,37.0,0,163,,,0.0,4.0,37.0,0,871,,,0.0,4.0,37.0,0,2420,0.8850612031567836,47.52994670029973,0.3125,4.625,36.1875,-1
2025-05-18 13:25:13.436941,138,59626.563059,13.420277777777777,10,32,68,0,1.0,-3.5999999999999943,6.700000000000003,-26.299999999999997,-16.0,-6.400000000000006,3.8999999999999915,-30.700000000000003,-20.400000000000006,0.0,0.0,0.2,1.0,0.2,29,47.9,22.5,52097.72,36083.9,100,0,-10.299999999999997,6.700000000000003,-10.0,6.400000000000006,0,0.0,0.0,0.0,0.0,0,33,9.4,10.8,3,-8.200000000000003,4.6000000000000085,-6.400000000000006,2.8000000000000114,1,0.0,0.0,0.0,0.0,0,80,8.5,11.9,80,-13.897787610619474,32,47,,,0.0,32.0,10.0,0,73,,,0.0,32.0,10.0,0,123,,,0.0,32.0,10.0,0,881,0.6291528696058958,19.150174063612756,0.6875,31.5625,21.9375,-1,2430,1.0735019408982451,42.54970879289389,0.5588235294117647,31.38235294117647,34.35294117647059,-1
2025-05-18 13:31:44.042482,138,59235.957518,13.52888888888889,12,31,69,1,-3.0,0.4000000000000057,6.700000000000003,-22.299999999999997,-16.0,-2.4000000000000057,3.8999999999999915,-26.700000000000003,-20.400000000000006,0.0,0.0,0.2,1.0,0.2,29,47.9,22.5,52097.72,36083.9,100,0,-6.299999999999997,6.700000000000003,-6.0,6.400000000000006,0,0.0,0.0,0.0,0.0,0,33,9.4,10.8,3,-4.200000000000003,4.6000000000000085,-2.4000000000000057,2.8000000000000114,1,0.0,0.0,0.0,0.0,0,80,8.5,11.9,80,-8.80646695197337,-31,281,1.2909944487358056,88.06200467095141,1.0,31.5,70.25,1,281,1.2909944487358056,88.06200467095141,1.0,31.5,70.25,1,354,1.2909944487358056,88.06200467095141,1.0,31.5,70.25,1,1017,1.9820624179302297,63.8480338661374,1.0,30.75,54.0,-2,2711,3.056249227510633,52.07960939067914,0.7142857142857143,28.571428571428573,35.142857142857146,-6
2025-05-18 13:31:44.042482,138,59235.957518,13.52888888888889,19,32,68,1,-3.0,0.4000000000000057,6.700000000000003,-22.299999999999997,-16.0,-2.4000000000000057,3.8999999999999915,-26.700000000000003,-20.400000000000006,0.0,0.0,0.2,1.0,0.2,29,47.9,22.5,52097.72,36083.9,100,0,-6.299999999999997,6.700000000000003,-6.0,6.400000000000006,0,0.0,0.0,0.0,0.0,0,33,9.4,10.8,3,-4.200000000000003,4.6000000000000085,-2.4000000000000057,2.8000000000000114,1,0.0,0.0,0.0,0.0,0,80,8.5,11.9,80,-9.831664282308058,-32,281,1.2909944487358056,88.06200467095141,1.0,31.5,70.25,1,281,1.2909944487358056,88.06200467095141,1.0,31.5,70.25,1,354,1.2909944487358056,88.06200467095141,1.0,31.5,70.25,1,1017,1.9820624179302297,63.8480338661374,1.0,30.75,54.0,-2,2711,3.056249227510633,52.07960939067914,0.7142857142857143,28.571428571428573,35.142857142857146,-6
2025-05-18 13:31:44.042482,138,59235.957518,13.52888888888889,200,33,67,1,-3.0,0.4000000000000057,6.700000000000003,-22.299999999999997,-16.0,-2.4000000000000057,3.8999999999999915,-26.700000000000003,-20.400000000000006,0.0,0.0,0.2,1.0,0.2,29,47.9,22.5,52097.72,36083.9,100,0,-6.299999999999997,6.700000000000003,-6.0,6.400000000000006,0,0.0,0.0,0.0,0.0,0,33,9.4,10.8,3,-4.200000000000003,4.6000000000000085,-2.4000000000000057,2.8000000000000114,1,0.0,0.0,0.0,0.0,0,80,8.5,11.9,80,-10.876407185628743,-33,281,1.2909944487358056,88.06200467095141,1.0,31.5,70.25,1,281,1.2909944487358056,88.06200467095141,1.0,31.5,70.25,1,354,1.2909944487358056,88.06200467095141,1.0,31.5,70.25,1,1017,1.9820624179302297,63.8480338661374,1.0,30.75,54.0,-2,2711,3.056249227510633,52.07960939067914,0.7142857142857143,28.571428571428573,35.142857142857146,-6
2025-05-18 13:31:44.042482,138,59235.957518,13.52888888888889,50,30,70,1,-3.0,0.4000000000000057,6.700000000000003,-22.299999999999997,-16.0,-2.4000000000000057,3.8999999999999915,-26.700000000000003,-20.400000000000006,0.0,0.0,0.2,1.0,0.2,29,47.9,22.5,52097.72,36083.9,100,0,-6.299999999999997,6.700000000000003,-6.0,6.400000000000006,0,0.0,0.0,0.0,0.0,0,33,9.4,10.8,3,-4.200000000000003,4.6000000000000085,-2.4000000000000057,2.8000000000000114,1,0.0,0.0,0.0,0.0,0,80,8.5,11.9,80,-8.423647798742138,-30,281,1.2909944487358056,88.06200467095141,1.0,31.5,70.25,1,281,1.2909944487358056,88.06200467095141,1.0,31.5,70.25,1,354,1.2909944487358056,88.06200467095141,1.0,31.5,70.25,1,1017,1.9820624179302297,63.8480338661374,1.0,30.75,54.0,-2,2711,3.056249227510633,52.07960939067914,0.7142857142857143,28.571428571428573,35.142857142857146,-6
2025-05-18 13:31:54.387656,138,59225.612344,13.531666666666668,9,6,94,1,-5.0,2.4000000000000057,6.700000000000003,-20.299999999999997,-16.0,-0.4000000000000057,3.8999999999999915,-24.700000000000003,-20.400000000000006,0.0,0.0,0.2,1.0,0.2,29,47.9,22.5,52097.72,36083.9,100,0,-4.299999999999997,6.700000000000003,-4.0,6.400000000000006,0,0.0,0.0,0.0,0.0,0,33,9.4,10.8,3,-2.200000000000003,4.6000000000000085,-0.4000000000000057,2.8000000000000114,1,0.0,0.0,0.0,0.0,0,80,8.5,11.9,80,68.69719736619956,94,650,1.7888543819998317,93.72139563621532,1.0,7.2,73.8,0,650,1.7888543819998317,93.72139563621532,1.0,7.2,73.8,0,723,1.7888543819998317,93.72139563621532,1.0,7.2,73.8,0,1386,2.559994419636775,71.74508445083289,0.625,5.625,68.25,-3,3080,2.2401298663653,63.82362059186666,0.45454545454545453,5.2727272727272725,63.36363636363637,-1
2025-05-18 13:31:54.387656,138,59225.612344,13.531666666666668,2,6,94,1,-5.0,2.4000000000000057,6.700000000000003,-20.299999999999997,-16.0,-0.4000000000000057,3.8999999999999915,-24.700000000000003,-20.400000000000006,0.0,0.0,0.2,1.0,0.2,29,47.9,22.5,52097.72,36083.9,100,0,-4.299999999999997,6.700000000000003,-4.0,6.400000000000006,0,0.0,0.0,0.0,0.0,0,33,9.4,10.8,3,-2.200000000000003,4.6000000000000085,-0.4000000000000057,2.8000000000000114,1,0.0,0.0,0.0,0.0,0,80,8.5,11.9,80,68.74942975416069,94,650,1.7888543819998317,93.72139563621532,1.0,7.2,73.8,0,650,1.7888543819998317,93.72139563621532,1.0,7.2,73.8,0,723,1.7888543819998317,93.72139563621532,1.0,7.2,73.8,0,1386,2.559994419636775,71.74508445083289,0.625,5.625,68.25,-3,3080,2.2401298663653,63.82362059186666,0.45454545454545453,5.2727272727272725,63.36363636363637,-1
2025-05-18 13:31:54.387656,138,59225.612344,13.531666666666668,149,10,90,1,-5.0,2.4000000000000057,6.700000000000003,-20.299999999999997,-16.0,-0.4000000000000057,3.8999999999999915,-24.700000000000003,-20.400000000000006,0.0,0.0,0.2,1.0,0.2,29,47.9,22.5,52097.72,36083.9,100,0,-4.299999999999997,6.700000000000003,-4.0,6.400000000000006,0,0.0,0.0,0.0,0.0,0,33,9.4,10.8,3,-2.200000000000003,4.6000000000000085,-0.4000000000000057,2.8000000000000114,1,0.0,0.0,0.0,0.0,0,80,8.5,11.9,80,64.76104773975496,90,650,1.7888543819998317,93.72139563621532,1.0,7.2,73.8,0,650,1.7888543819998317,93.72139563621532,1.0,7.2,73.8,0,723,1.7888543819998317,93.72139563621532,1.0,7.2,73.8,0,1386,2.559994419636775,71.74508445083289,0.625,5.625,68.25,-3,3080,2.2401298663653,63.82362059186666,0.45454545454545453,5.2727272727272725,63.36363636363637,-1
2025-05-18 13:31:54.387656,138,59225.612344,13.531666666666668,200,8,92,1,-5.0,2.4000000000000057,6.700000000000003,-20.299999999999997,-16.0,-0.4000000000000057,3.8999999999999915,-24.700000000000003,-20.400000000000006,0.0,0.0,0.2,1.0,0.2,29,47.9,22.5,52097.72,36083.9,100,0,-4.299999999999997,6.700000000000003,-4.0,6.400000000000006,0,0.0,0.0,0.0,0.0,0,33,9.4,10.8,3,-2.200000000000003,4.6000000000000085,-0.4000000000000057,2.8000000000000114,1,0.0,0.0,0.0,0.0,0,80,8.5,11.9,80,67.58677049460893,92,650,1.7888543819998317,93.72139563621532,1.0,7.2,73.8,0,650,1.7888543819998317,93.72139563621532,1.0,7.2,73.8,0,723,1.7888543819998317,93.72139563621532,1.0,7.2,73.8,0,1386,2.559994419636775,71.74508445083289,0.625,5.625,68.25,-3,3080,2.2401298663653,63.82362059186666,0.45454545454545453,5.2727272727272725,63.36363636363637,-1
2025-05-18 13:31:54.387656,138,59225.612344,13.531666666666668,9,6,94,1,-5.0,2.4000000000000057,6.700000000000003,-20.299999999999997,-16.0,-0.4000000000000057,3.8999999999999915,-24.700000000000003,-20.400000000000006,0.0,0.0,0.2,1.0,0.2,29,47.9,22.5,52097.72,36083.9,100,0,-4.299999999999997,6.700000000000003,-4.0,6.400000000000006,0,0.0,0.0,0.0,0.0,0,33,9.4,10.8,3,-2.200000000000003,4.6000000000000085,-0.4000000000000057,2.8000000000000114,1,0.0,0.0,0.0,0.0,0,80,8.5,11.9,80,70.76362528295316,94,650,1.7888543819998317,93.72139563621532,1.0,7.2,73.8,0,650,1.7888543819998317,93.72139563621532,1.0,7.2,73.8,0,723,1.7888543819998317,93.72139563621532,1.0,7.2,73.8,0,1386,2.559994419636775,71.74508445083289,0.625,5.625,68.25,-3,3080,2.2401298663653,63.82362059186666,0.45454545454545453,5.2727272727272725,63.36363636363637,-1
2025-05-18 13:31:59.498979,138,59220.501021,13.533055555555556,27,31,69,0,1.0,-3.5999999999999943,6.700000000000003,-26.299999999999997,-16.0,-6.400000000000006,3.8999999999999915,-30.700000000000003,-20.400000000000006,0.0,0.0,0.2,1.0,0.2,29,47.9,22.5,52097.72,36083.9,100,0,-10.299999999999997,6.700000000000003,-10.0,6.400000000000006,0,0.0,0.0,0.0,0.0,0,33,9.4,10.8,3,-8.200000000000003,4.6000000000000085,-6.400000000000006,2.8000000000000114,1,0.0,0.0,0.0,0.0,0,80,8.5,11.9,80,-12.959555555555553,31,677,,,0.0,31.0,27.0,0,677,,,0.0,31.0,27.0,0,750,0.7071067811865476,12.020815280171307,0.0,31.5,18.5,1,1413,0.6304251719561154,16.90471031308229,0.5384615384615384,31.692307692307693,19.53846153846154,0,3107,1.0595702315704474,41.937728947138964,0.5428571428571428,31.37142857142857,34.142857142857146,0
2025-05-18 13:32:19.641164,138,59200.358836,13.538611111111111,1,4,96,0,-5.0,2.4000000000000057,6.700000000000003,-20.299999999999997,-16.0,-0.4000000000000057,3.8999999999999915,-24.700000000000003,-20.400000000000006,0.0,0.0,0.2,1.0,0.2,29,47.9,22.5,52097.72,36083.9,100,0,-4.299999999999997,6.700000000000003,-4.0,6.400000000000006,0,0.0,0.0,0.0,0.0,0,33,9.4,10.8,3,-2.200000000000003,4.6000000000000085,-0.4000000000000057,2.8000000000000114,1,0.0,0.0,0.0,0.0,0,80,8.5,11.9,80,72.81911649385728,-96,678,2.065591117977289,88.93967993346202,0.8333333333333334,6.666666666666667,61.666666666666664,2,678,2.065591117977289,88.93967993346202,0.8333333333333334,6.666666666666667,61.666666666666664,2,751,2.065591117977289,88.93967993346202,0.8333333333333334,6.666666666666667,61.666666666666664,2,1414,2.455153310442706,70.75623254840838,0.5555555555555556,5.444444444444445,60.77777777777778,-1,3108,2.167249338901663,63.46055802025715,0.4166666666666667,5.166666666666667,58.166666666666664,1
2025-05-18 13:32:39.389076,138,59180.610924,13.544166666666667,12,31,69,1,-3.0,0.4000000000000057,6.700000000000003,-22.299999999999997,-16.0,-2.4000000000000057,3.8999999999999915,-26.700000000000003,-20.400000000000006,0.0,0.0,0.2,1.0,0.2,29,47.9,22.5,52097.72,36083.9,100,0,-6.299999999999997,6.700000000000003,-6.0,6.400000000000006,0,0.0,0.0,0.0,0.0,0,33,9.4,10.8,3,-4.200000000000003,4.6000000000000085,-2.4000000000000057,2.8000000000000114,1,0.0,0.0,0.0,0.0,0,80,8.5,11.9,80,-9.530955414012737,-31,701,1.0327955589886446,74.65565394976235,1.0,31.333333333333332,50.666666666666664,0,701,1.0327955589886446,74.65565394976235,1.0,31.333333333333332,50.666666666666664,0,774,1.0327955589886446,74.65565394976235,1.0,31.333333333333332,50.666666666666664,0,1437,1.7511900715418263,59.0917365909425,1.0,30.8,45.5,-3,3131,2.963668897386031,49.151763277967284,0.75,28.875,32.1875,-7
2025-05-18 13:32:39.389076,138,59180.610924,13.544166666666667,11,31,69,1,-3.0,0.4000000000000057,6.700000000000003,-22.299999999999997,-16.0,-2.4000000000000057,3.8999999999999915,-26.700000000000003,-20.400000000000006,0.0,0.0,0.2,1.0,0.2,29,47.9,22.5,52097.72,36083.9,100,0,-6.299999999999997,6.700000000000003,-6.0,6.400000000000006,0,0.0,0.0,0.0,0.0,0,33,9.4,10.8,3,-4.200000000000003,4.6000000000000085,-2.4000000000000057,2.8000000000000114,1,0.0,0.0,0.0,0.0,0,80,8.5,11.9,80,-9.560184002044466,-31,701,1.0327955589886446,74.65565394976235,1.0,31.333333333333332,50.666666666666664,0,701,1.0327955589886446,74.65565394976235,1.0,31.333333333333332,50.666666666666664,0,774,1.0327955589886446,74.65565394976235,1.0,31.333333333333332,50.666666666666664,0,1437,1.7511900715418263,59.0917365909425,1.0,30.8,45.5,-3,3131,2.963668897386031,49.151763277967284,0.75,28.875,32.1875,-7
2025-05-18 13:32:41.457659,138,59178.542341,13.544722222222221,9,31,69,0,1.0,-3.5999999999999943,6.700000000000003,-26.299999999999997,-16.0,-6.400000000000006,3.8999999999999915,-30.700000000000003,-20.400000000000006,0.0,0.0,0.2,1.0,0.2,29,47.9,22.5,52097.72,36083.9,100,0,-10.299999999999997,6.700000000000003,-10.0,6.400000000000006,0,0.0,0.0,0.0,0.0,0,33,9.4,10.8,3,-8.200000000000003,4.6000000000000085,-6.400000000000006,2.8000000000000114,1,0.0,0.0,0.0,0.0,0,80,8.5,11.9,80,-13.116959064327489,31,710,0.0,12.727922061357855,0.0,31.0,18.0,0,710,0.0,12.727922061357855,0.0,31.0,18.0,0,783,0.5773502691896258,10.115993936995679,0.0,31.333333333333332,15.333333333333334,1,1446,0.6333236937766509,16.483924903365104,0.5,31.642857142857142,18.785714285714285,0,3140,1.0461569884316808,41.54614951692322,0.5277777777777778,31.36111111111111,33.44444444444444,0
2025-05-18 13:33:34.493915,138,59125.506085,13.559444444444445,10,31,69,0,1.0,-3.5999999999999943,6.700000000000003,-26.299999999999997,-16.0,-6.400000000000006,3.8999999999999915,-30.700000000000003,-20.400000000000006,0.0,0.0,0.2,1.0,0.2,29,47.9,22.5,52097.72,36083.9,100,0,-10.299999999999997,6.700000000000003,-10.0,6.400000000000006,0,0.0,0.0,0.0,0.0,0,33,9.4,10.8,3,-8.200000000000003,4.6000000000000085,-6.400000000000006,2.8000000000000114,1,0.0,0.0,0.0,0.0,0,80,8.5,11.9,80,-13.17028003613369,31,720,0.0,10.115993936995679,0.0,31.0,15.333333333333334,0,720,0.0,10.115993936995679,0.0,31.0,15.333333333333334,0,793,0.5,8.679477710861024,0.0,31.25,14.0,1,1418,0.6304251719561152,17.3227285113207,0.38461538461538464,31.692307692307693,18.076923076923077,0,3150,1.033231613708934,41.14597174683071,0.5135135135135135,31.35135135135135,32.810810810810814,0
2025-05-18 13:33:39.797960,138,59120.20204,13.560833333333335,51,31,69,0,1.0,-3.5999999999999943,6.700000000000003,-26.299999999999997,-16.0,-6.400000000000006,3.8999999999999915,-30.700000000000003,-20.400000000000006,0.0,0.0,0.2,1.0,0.2,29,47.9,22.5,52097.72,36083.9,100,0,-10.299999999999997,6.700000000000003,-10.0,6.400000000000006,0,0.0,0.0,0.0,0.0,0,33,9.4,10.8,3,-8.200000000000003,4.6000000000000085,-6.400000000000006,2.8000000000000114,1,0.0,0.0,0.0,0.0,0,80,8.5,11.9,80,-13.230036297640652,31,771,0.0,19.653244007033546,0.0,31.0,24.25,0,771,0.0,19.653244007033546,0.0,31.0,24.25,0,844,0.4472135954999579,18.17415747703315,0.0,31.2,21.4,1,1469,0.6333236937766509,18.82598157912576,0.35714285714285715,31.642857142857142,20.428571428571427,0,3201,1.0207658965929582,40.69325456734903,0.5,31.342105263157894,33.28947368421053,0
2025-05-18 13:33:44.488379,138,59115.511621,13.562222222222223,18,5,95,0,3.0,-5.599999999999994,6.700000000000003,-28.299999999999997,-16.0,-8.400000000000006,3.8999999999999915,-32.7,-20.400000000000006,0.0,0.0,0.2,1.0,0.2,29,47.9,22.5,52097.72,36083.9,100,0,-12.299999999999997,6.700000000000003,-12.0,6.400000000000006,0,0.0,0.0,0.0,0.0,0,33,9.4,10.8,3,-10.200000000000003,4.6000000000000085,-8.400000000000006,2.8000000000000114,1,0.0,0.0,0.0,0.0,0,80,8.5,11.9,80,-0.4694167852062634,5,508,,,0.0,5.0,18.0,0,789,,,0.0,5.0,18.0,0,862,0.7071067811865476,13.435028842544403,0.0,4.5,27.5,-1,1469,0.7071067811865476,13.435028842544403,0.0,4.5,27.5,-1,3219,0.8617697249402124,46.2315941117938,0.29411764705882354,4.647058823529412,35.11764705882353,-2
2025-05-18 13:33:49.617890,138,59110.38211,13.563611111111111,4,31,69,0,1.0,-3.5999999999999943,6.700000000000003,-26.299999999999997,-16.0,-6.400000000000006,3.8999999999999915,-30.700000000000003,-20.400000000000006,0.0,0.0,0.2,1.0,0.2,29,47.9,22.5,52097.72,36083.9,100,0,-10.299999999999997,6.700000000000003,-10.0,6.400000000000006,0,0.0,0.0,0.0,0.0,0,33,9.4,10.8,3,-8.200000000000003,4.6000000000000085,-6.400000000000006,2.8000000000000114,1,0.0,0.0,0.0,0.0,0,80,8.5,11.9,80,-13.5434277751974,31,512,0.0,19.279522815671555,0.0,31.0,20.2,0,793,0.0,19.279522815671555,0.0,31.0,20.2,0,866,0.40824829046386296,17.73978579352073,0.0,31.166666666666668,18.5,1,1473,0.6333236937766509,19.329985816041138,0.35714285714285715,31.642857142857142,19.428571428571427,1,3223,1.008733790278249,40.42722255963968,0.48717948717948717,31.333333333333332,32.53846153846154,0
2025-05-18 13:33:59.771819,138,59100.228181,13.56638888888889,10,34,66,1,-1.0,-1.5999999999999943,6.700000000000003,-24.299999999999997,-16.0,-4.400000000000006,3.8999999999999915,-28.700000000000003,-20.400000000000006,0.0,0.0,0.2,1.0,0.2,29,47.9,22.5,52097.72,36083.9,100,0,-8.299999999999997,6.700000000000003,-8.0,6.400000000000006,0,0.0,0.0,0.0,0.0,0,33,9.4,10.8,3,-6.200000000000003,4.6000000000000085,-4.400000000000006,2.8000000000000114,1,0.0,0.0,0.0,0.0,0,80,8.5,11.9,80,-17.268667917448404,-34,126,,,1.0,34.0,10.0,0,803,,,1.0,34.0,10.0,0,876,1.4142135623730951,11.313708498984761,1.0,35.0,18.0,2,1483,2.0816659994661326,18.788294228055936,1.0,36.5,21.5,3,3233,2.0816659994661326,18.788294228055936,1.0,36.5,21.5,3
2025-05-18 13:36:36.528593,138,58943.471407,13.61,19,31,69,0,1.0,-3.5999999999999943,6.700000000000003,-26.299999999999997,-16.0,-6.400000000000006,3.8999999999999915,-30.700000000000003,-20.400000000000006,0.0,0.0,0.2,1.0,0.2,29,47.9,22.5,52097.72,36083.9,100,0,-10.299999999999997,6.700000000000003,-10.0,6.400000000000006,0,0.0,0.0,0.0,0.0,0,33,9.4,10.8,3,-8.200000000000003,4.6000000000000085,-6.400000000000006,2.8000000000000114,1,0.0,0.0,0.0,0.0,0,80,8.5,11.9,80,-13.568636575151231,31,19,,,0.0,31.0,19.0,0,822,0.0,17.25108692227826,0.0,31.0,20.0,0,895,0.37796447300922714,16.195237395163876,0.0,31.142857142857142,18.571428571428573,1,1425,0.6324555320336759,18.62716909708581,0.3333333333333333,31.6,19.4,1,3252,0.9971112120675253,39.96293154206655,0.475,31.325,32.2,0
2025-05-18 13:36:36.601629,138,58943.398371,13.61,50,34,66,1,-1.0,-1.5999999999999943,6.700000000000003,-24.299999999999997,-16.0,-4.400000000000006,3.8999999999999915,-28.700000000000003,-20.400000000000006,0.0,0.0,0.2,1.0,0.2,29,47.9,22.5,52097.72,36083.9,100,0,-8.299999999999997,6.700000000000003,-8.0,6.400000000000006,0,0.0,0.0,0.0,0.0,0,33,9.4,10.8,3,-6.200000000000003,4.6000000000000085,-4.400000000000006,2.8000000000000114,1,0.0,0.0,0.0,0.0,0,80,8.5,11.9,80,-17.33370998116761,-34,106,0.5773502691896258,18.193405398660254,1.0,34.666666666666664,29.0,-1,909,0.5773502691896257,17.63282923034947,1.0,34.5,24.25,-1,982,0.8366600265340756,15.290519938837921,1.0,34.8,24.6,1,1512,1.7994708216848745,17.404159327722837,1.0,35.714285714285715,24.714285714285715,2,3339,1.7994708216848745,17.404159327722837,1.0,35.714285714285715,24.714285714285715,2
2025-05-18 13:36:36.601629,138,58943.398371,13.61,18,35,65,1,-1.0,-1.5999999999999943,6.700000000000003,-24.299999999999997,-16.0,-4.400000000000006,3.8999999999999915,-28.700000000000003,-20.400000000000006,0.0,0.0,0.2,1.0,0.2,29,47.9,22.5,52097.72,36083.9,100,0,-8.299999999999997,6.700000000000003,-8.0,6.400000000000006,0,0.0,0.0,0.0,0.0,0,33,9.4,10.8,3,-6.200000000000003,4.6000000000000085,-4.400000000000006,2.8000000000000114,1,0.0,0.0,0.0,0.0,0,80,8.5,11.9,80,-18.66641074856046,-35,106,0.5773502691896258,18.193405398660254,1.0,34.666666666666664,29.0,-1,909,0.5773502691896257,17.63282923034947,1.0,34.5,24.25,-1,982,0.8366600265340756,15.290519938837921,1.0,34.8,24.6,1,1512,1.7994708216848745,17.404159327722837,1.0,35.714285714285715,24.714285714285715,2,3339,1.7994708216848745,17.404159327722837,1.0,35.714285714285715,24.714285714285715,2
2025-05-18 13:36:36.601629,138,58943.398371,13.61,19,35,65,1,-1.0,-1.5999999999999943,6.700000000000003,-24.299999999999997,-16.0,-4.400000000000006,3.8999999999999915,-28.700000000000003,-20.400000000000006,0.0,0.0,0.2,1.0,0.2,29,47.9,22.5,52097.72,36083.9,100,0,-8.299999999999997,6.700000000000003,-8.0,6.400000000000006,0,0.0,0.0,0.0,0.0,0,33,9.4,10.8,3,-6.200000000000003,4.6000000000000085,-4.400000000000006,2.8000000000000114,1,0.0,0.0,0.0,0.0,0,80,8.5,11.9,80,-18.796289137997682,-35,106,0.5773502691896258,18.193405398660254,1.0,34.666666666666664,29.0,-1,909,0.5773502691896257,17.63282923034947,1.0,34.5,24.25,-1,982,0.8366600265340756,15.290519938837921,1.0,34.8,24.6,1,1512,1.7994708216848745,17.404159327722837,1.0,35.714285714285715,24.714285714285715,2,3339,1.7994708216848745,17.404159327722837,1.0,35.714285714285715,24.714285714285715,2
2025-05-18 13:36:36.718968,138,58943.281032,13.61,9,4,96,0,3.0,-5.599999999999994,6.700000000000003,-28.299999999999997,-16.0,-8.400000000000006,3.8999999999999915,-32.7,-20.400000000000006,0.0,0.0,0.2,1.0,0.2,29,47.9,22.5,52097.72,36083.9,100,0,-12.299999999999997,6.700000000000003,-12.0,6.400000000000006,0,0.0,0.0,0.0,0.0,0,33,9.4,10.8,3,-10.200000000000003,4.6000000000000085,-8.400000000000006,2.8000000000000114,1,0.0,0.0,0.0,0.0,0,80,8.5,11.9,80,0.5244956772334319,4,115,,,0.0,4.0,9.0,0,918,0.7071067811865476,6.363961030678928,0.0,4.5,13.5,1,991,0.5773502691896258,14.294521094927712,0.0,4.333333333333333,21.333333333333332,0,1521,0.5773502691896258,14.294521094927712,0.0,4.333333333333333,21.333333333333332,0,3348,0.8498365855987975,45.27172861471832,0.2777777777777778,4.611111111111111,33.666666666666664,-1
2025-05-18 13:36:42.088344,138,58937.911656,13.611666666666666,68,31,69,0,1.0,-3.5999999999999943,6.700000000000003,-26.299999999999997,-16.0,-6.400000000000006,3.8999999999999915,-30.700000000000003,-20.400000000000006,0.0,0.0,0.2,1.0,0.2,29,47.9,22.5,52097.72,36083.9,100,0,-10.299999999999997,6.700000000000003,-10.0,6.400000000000006,0,0.0,0.0,0.0,0.0,0,33,9.4,10.8,3,-8.200000000000003,4.6000000000000085,-6.400000000000006,2.8000000000000114,1,0.0,0.0,0.0,0.0,0,80,8.5,11.9,80,-13.689671361502349,31,183,0.0,34.64823227814083,0.0,31.0,43.5,0,986,0.0,24.023797725231894,0.0,31.0,26.857142857142858,0,1059,0.3535533905932738,23.02638238443646,0.0,31.125,24.75,1,1589,0.6291528696058958,21.71318723725285,0.3125,31.5625,22.4375,1,3416,0.9858758641493335,39.85435374203328,0.4634146341463415,31.317073170731707,33.073170731707314,0
2025-05-18 13:38:26.437656,138,58833.562344,13.640555555555554,16,34,66,1,-3.0,0.4000000000000057,6.700000000000003,-22.299999999999997,-16.0,-2.4000000000000057,3.8999999999999915,-26.700000000000003,-20.400000000000006,0.0,0.0,0.2,1.0,0.2,29,47.9,22.5,52097.72,36083.9,100,0,-6.299999999999997,6.700000000000003,-6.0,6.400000000000006,0,0.0,0.0,0.0,0.0,0,33,9.4,10.8,3,-4.200000000000003,4.6000000000000085,-2.4000000000000057,2.8000000000000114,1,0.0,0.0,0.0,0.0,0,80,8.5,11.9,80,-12.5871348026653,-34,211,0.7071067811865476,2.8284271247461903,1.0,33.5,14.0,1,304,0.7071067811865476,2.8284271247461903,1.0,33.5,14.0,1,1024,1.3562026818605375,65.34742316484801,1.0,31.875,41.5,-2,1617,1.9128750375000738,54.84544399740718,1.0,31.25,40.25,-5,3444,3.1648601658337205,46.548203983802075,0.7777777777777778,29.38888888888889,30.166666666666668,-9
2025-05-18 13:38:26.437656,138,58833.562344,13.640555555555554,12,33,67,1,-3.0,0.4000000000000057,6.700000000000003,-22.299999999999997,-16.0,-2.4000000000000057,3.8999999999999915,-26.700000000000003,-20.400000000000006,0.0,0.0,0.2,1.0,0.2,29,47.9,22.5,52097.72,36083.9,100,0,-6.299999999999997,6.700000000000003,-6.0,6.400000000000006,0,0.0,0.0,0.0,0.0,0,33,9.4,10.8,3,-4.200000000000003,4.6000000000000085,-2.4000000000000057,2.8000000000000114,1,0.0,0.0,0.0,0.0,0,80,8.5,11.9,80,-11.638960370560987,-33,211,0.7071067811865476,2.8284271247461903,1.0,33.5,14.0,1,304,0.7071067811865476,2.8284271247461903,1.0,33.5,14.0,1,1024,1.3562026818605375,65.34742316484801,1.0,31.875,41.5,-2,1617,1.9128750375000738,54.84544399740718,1.0,31.25,40.25,-5,3444,3.1648601658337205,46.548203983802075,0.7777777777777778,29.38888888888889,30.166666666666668,-9
2025-05-18 13:39:45.797687,138,58754.202313,13.6625,36,34,66,0,-1.0,-1.5999999999999943,6.700000000000003,-24.299999999999997,-16.0,-4.400000000000006,3.8999999999999915,-28.700000000000003,-20.400000000000006,0.0,0.0,0.2,1.0,0.2,29,47.9,22.5,52097.72,36083.9,100,0,-8.299999999999997,6.700000000000003,-8.0,6.400000000000006,0,0.0,0.0,0.0,0.0,0,33,9.4,10.8,3,-6.200000000000003,4.6000000000000085,-4.400000000000006,2.8000000000000114,1,0.0,0.0,0.0,0.0,0,80,8.5,11.9,80,-17.935358255451717,34,64,,,0.0,34.0,36.0,0,247,0.5773502691896257,15.261607604268518,0.75,34.5,30.75,0,1060,0.5477225575051661,16.14930339054908,0.8,34.4,26.6,0,1653,1.7728105208558367,16.59980636720114,0.875,35.5,26.125,3,3480,1.7728105208558367,16.59980636720114,0.875,35.5,26.125,3
2025-05-18 13:49:08.860300,138,58191.1397,13.818888888888889,50,31,69,1,-1.0,-1.5999999999999943,6.700000000000003,-24.299999999999997,-16.0,-4.400000000000006,3.8999999999999915,-28.700000000000003,-20.400000000000006,0.0,0.0,0.2,1.0,0.2,29,47.9,22.5,52097.72,36083.9,100,0,-8.299999999999997,6.700000000000003,-8.0,6.400000000000006,0,0.0,0.0,0.0,0.0,0,33,9.4,10.8,3,-6.200000000000003,4.6000000000000085,-4.400000000000006,2.8000000000000114,1,0.0,0.0,0.0,0.0,0,80,8.5,11.9,80,-15.190363349131122,-31,50,,,1.0,31.0,50.0,0,50,,,1.0,31.0,50.0,0,297,1.6431676725154984,15.773395322504284,0.8,33.8,34.6,3,1703,2.23606797749979,17.448336437736536,0.8888888888888888,35.0,28.77777777777778,6,3530,2.23606797749979,17.448336437736536,0.8888888888888888,35.0,28.77777777777778,6
2025-05-18 13:52:08.505579,138,58011.494421,13.86888888888889,1,26,74,0,1.0,-3.5999999999999943,6.700000000000003,-26.299999999999997,-16.0,-6.400000000000006,3.8999999999999915,-30.700000000000003,-20.400000000000006,0.0,0.0,0.2,1.0,0.2,29,47.9,22.5,52097.72,36083.9,100,0,-10.299999999999997,6.700000000000003,-10.0,6.400000000000006,0,0.0,0.0,0.0,0.0,0,33,9.4,10.8,3,-8.200000000000003,4.6000000000000085,-6.400000000000006,2.8000000000000114,1,0.0,0.0,0.0,0.0,0,80,8.5,11.9,80,-9.141125121241515,26,51,0.7071067811865476,34.64823227814083,0.0,25.5,25.5,1,101,0.7071067811865476,34.64823227814083,0.0,25.5,25.5,1,165,0.7071067811865476,34.64823227814083,0.0,25.5,25.5,1,1754,2.054804667656325,22.081548207538123,0.2777777777777778,30.88888888888889,22.77777777777778,7,3581,1.572887674554777,39.292750804451586,0.4418604651162791,31.046511627906977,32.72093023255814,6
2025-05-18 13:52:08.505579,138,58011.494421,13.86888888888889,50,25,75,0,1.0,-3.5999999999999943,6.700000000000003,-26.299999999999997,-16.0,-6.400000000000006,3.8999999999999915,-30.700000000000003,-20.400000000000006,0.0,0.0,0.2,1.0,0.2,29,47.9,22.5,52097.72,36083.9,100,0,-10.299999999999997,6.700000000000003,-10.0,6.400000000000006,0,0.0,0.0,0.0,0.0,0,33,9.4,10.8,3,-8.200000000000003,4.6000000000000085,-6.400000000000006,2.8000000000000114,1,0.0,0.0,0.0,0.0,0,80,8.5,11.9,80,-8.14556040756915,25,51,0.7071067811865476,34.64823227814083,0.0,25.5,25.5,1,101,0.7071067811865476,34.64823227814083,0.0,25.5,25.5,1,165,0.7071067811865476,34.64823227814083,0.0,25.5,25.5,1,1754,2.054804667656325,22.081548207538123,0.2777777777777778,30.88888888888889,22.77777777777778,7,3581,1.572887674554777,39.292750804451586,0.4418604651162791,31.046511627906977,32.72093023255814,6
2025-05-18 13:52:20.417108,138,57999.582892,13.872222222222224,50,32,68,1,-1.0,-1.5999999999999943,6.700000000000003,-24.299999999999997,-16.0,-4.400000000000006,3.8999999999999915,-28.700000000000003,-20.400000000000006,0.0,0.0,0.2,1.0,0.2,29,47.9,22.5,52097.72,36083.9,100,0,-8.299999999999997,6.700000000000003,-8.0,6.400000000000006,0,0.0,0.0,0.0,0.0,0,33,9.4,10.8,3,-6.200000000000003,4.6000000000000085,-4.400000000000006,2.8000000000000114,1,0.0,0.0,0.0,0.0,0,80,8.5,11.9,80,-16.49637389202256,-32,174,0.5773502691896258,7.810249675906654,1.0,32.333333333333336,41.0,0,224,0.816496580927726,7.804912982645397,1.0,32.0,43.25,-1,288,1.140175425099138,7.496665925596525,0.8,32.4,41.8,2,1877,2.2696949467968492,16.219143197487533,0.9166666666666666,34.333333333333336,31.833333333333332,5,3704,2.2696949467968492,16.219143197487533,0.9166666666666666,34.333333333333336,31.833333333333332,5
2025-05-18 13:52:20.417108,138,57999.582892,13.872222222222224,37,33,67,1,-1.0,-1.5999999999999943,6.700000000000003,-24.299999999999997,-16.0,-4.400000000000006,3.8999999999999915,-28.700000000000003,-20.400000000000006,0.0,0.0,0.2,1.0,0.2,29,47.9,22.5,52097.72,36083.9,100,0,-8.299999999999997,6.700000000000003,-8.0,6.400000000000006,0,0.0,0.0,0.0,0.0,0,33,9.4,10.8,3,-6.200000000000003,4.6000000000000085,-4.400000000000006,2.8000000000000114,1,0.0,0.0,0.0,0.0,0,80,8.5,11.9,80,-17.835526315789473,-33,174,0.5773502691896258,7.810249675906654,1.0,32.333333333333336,41.0,0,224,0.816496580927726,7.804912982645397,1.0,32.0,43.25,-1,288,1.140175425099138,7.496665925596525,0.8,32.4,41.8,2,1877,2.2696949467968492,16.219143197487533,0.9166666666666666,34.333333333333336,31.833333333333332,5,3704,2.2696949467968492,16.219143197487533,0.9166666666666666,34.333333333333336,31.833333333333332,5
2025-05-18 13:52:20.417108,138,57999.582892,13.872222222222224,36,32,68,1,-1.0,-1.5999999999999943,6.700000000000003,-24.299999999999997,-16.0,-4.400000000000006,3.8999999999999915,-28.700000000000003,-20.400000000000006,0.0,0.0,0.2,1.0,0.2,29,47.9,22.5,52097.72,36083.9,100,0,-8.299999999999997,6.700000000000003,-8.0,6.400000000000006,0,0.0,0.0,0.0,0.0,0,33,9.4,10.8,3,-6.200000000000003,4.6000000000000085,-4.400000000000006,2.8000000000000114,1,0.0,0.0,0.0,0.0,0,80,8.5,11.9,80,-17.111064718162837,-32,174,0.5773502691896258,7.810249675906654,1.0,32.333333333333336,41.0,0,224,0.816496580927726,7.804912982645397,1.0,32.0,43.25,-1,288,1.140175425099138,7.496665925596525,0.8,32.4,41.8,2,1877,2.2696949467968492,16.219143197487533,0.9166666666666666,34.333333333333336,31.833333333333332,5,3704,2.2696949467968492,16.219143197487533,0.9166666666666666,34.333333333333336,31.833333333333332,5
2025-05-18 13:52:31.360525,138,57988.639475,13.875277777777779,12,35,65,1,-3.0,0.4000000000000057,6.700000000000003,-22.299999999999997,-16.0,-2.4000000000000057,3.8999999999999915,-26.700000000000003,-20.400000000000006,0.0,0.0,0.2,1.0,0.2,29,47.9,22.5,52097.72,36083.9,100,0,-6.299999999999997,6.700000000000003,-6.0,6.400000000000006,0,0.0,0.0,0.0,0.0,0,33,9.4,10.8,3,-4.200000000000003,4.6000000000000085,-2.4000000000000057,2.8000000000000114,1,0.0,0.0,0.0,0.0,0,80,8.5,11.9,80,-13.675012906556532,-35,236,0.0,26.870057685088806,1.0,35.0,31.0,0,286,0.0,26.870057685088806,1.0,35.0,31.0,0,350,0.9574271077563381,18.430047929038782,1.0,34.25,22.5,-1,1939,2.2249830225306106,51.10842815594536,1.0,31.785714285714285,38.92857142857143,-7,3766,3.456115860631015,44.46036081961691,0.8,29.95,30.25,-11
2025-05-18 13:52:31.360525,138,57988.639475,13.875277777777779,50,35,65,1,-3.0,0.4000000000000057,6.700000000000003,-22.299999999999997,-16.0,-2.4000000000000057,3.8999999999999915,-26.700000000000003,-20.400000000000006,0.0,0.0,0.2,1.0,0.2,29,47.9,22.5,52097.72,36083.9,100,0,-6.299999999999997,6.700000000000003,-6.0,6.400000000000006,0,0.0,0.0,0.0,0.0,0,33,9.4,10.8,3,-4.200000000000003,4.6000000000000085,-2.4000000000000057,2.8000000000000114,1,0.0,0.0,0.0,0.0,0,80,8.5,11.9,80,-13.717503883997928,-35,236,0.0,26.870057685088806,1.0,35.0,31.0,0,286,0.0,26.870057685088806,1.0,35.0,31.0,0,350,0.9574271077563381,18.430047929038782,1.0,34.25,22.5,-1,1939,2.2249830225306106,51.10842815594536,1.0,31.785714285714285,38.92857142857143,-7,3766,3.456115860631015,44.46036081961691,0.8,29.95,30.25,-11
2025-05-18 13:52:31.865412,138,57988.134588,13.875277777777779,2,27,73,1,1.0,-3.5999999999999943,6.700000000000003,-26.299999999999997,-16.0,-6.400000000000006,3.8999999999999915,-30.700000000000003,-20.400000000000006,0.0,0.0,0.2,1.0,0.2,29,47.9,22.5,52097.72,36083.9,100,0,-10.299999999999997,6.700000000000003,-10.0,6.400000000000006,0,0.0,0.0,0.0,0.0,0,33,9.4,10.8,3,-8.200000000000003,4.6000000000000085,-6.400000000000006,2.8000000000000114,1,0.0,0.0,0.0,0.0,0,80,8.5,11.9,80,-10.34808552958727,-27,320,0.8944271909999159,24.413111231467404,0.6,26.4,27.0,-1,370,0.8944271909999159,24.413111231467404,0.6,26.4,27.0,-1,434,0.8944271909999159,24.413111231467404,0.6,26.4,27.0,-1,2023,2.3523038352503134,21.83487817144636,0.38095238095238093,30.333333333333332,23.523809523809526,5,3850,1.824683150312354,38.3212016089478,0.4782608695652174,30.782608695652176,32.41304347826087,4
2025-05-18 13:52:31.865412,138,57988.134588,13.875277777777779,50,27,73,1,1.0,-3.5999999999999943,6.700000000000003,-26.299999999999997,-16.0,-6.400000000000006,3.8999999999999915,-30.700000000000003,-20.400000000000006,0.0,0.0,0.2,1.0,0.2,29,47.9,22.5,52097.72,36083.9,100,0,-10.299999999999997,6.700000000000003,-10.0,6.400000000000006,0,0.0,0.0,0.0,0.0,0,33,9.4,10.8,3,-8.200000000000003,4.6000000000000085,-6.400000000000006,2.8000000000000114,1,0.0,0.0,0.0,0.0,0,80,8.5,11.9,80,-10.35838725734196,-27,320,0.8944271909999159,24.413111231467404,0.6,26.4,27.0,-1,370,0.8944271909999159,24.413111231467404,0.6,26.4,27.0,-1,434,0.8944271909999159,24.413111231467404,0.6,26.4,27.0,-1,2023,2.3523038352503134,21.83487817144636,0.38095238095238093,30.333333333333332,23.523809523809526,5,3850,1.824683150312354,38.3212016089478,0.4782608695652174,30.782608695652176,32.41304347826087,4
2025-05-18 13:52:31.865412,138,57988.134588,13.875277777777779,32,27,73,1,1.0,-3.5999999999999943,6.700000000000003,-26.299999999999997,-16.0,-6.400000000000006,3.8999999999999915,-30.700000000000003,-20.400000000000006,0.0,0.0,0.2,1.0,0.2,29,47.9,22.5,52097.72,36083.9,100,0,-10.299999999999997,6.700000000000003,-10.0,6.400000000000006,0,0.0,0.0,0.0,0.0,0,33,9.4,10.8,3,-8.200000000000003,4.6000000000000085,-6.400000000000006,2.8000000000000114,1,0.0,0.0,0.0,0.0,0,80,8.5,11.9,80,-10.62276671771312,-27,320,0.8944271909999159,24.413111231467404,0.6,26.4,27.0,-1,370,0.8944271909999159,24.413111231467404,0.6,26.4,27.0,-1,434,0.8944271909999159,24.413111231467404,0.6,26.4,27.0,-1,2023,2.3523038352503134,21.83487817144636,0.38095238095238093,30.333333333333332,23.523809523809526,5,3850,1.824683150312354,38.3212016089478,0.4782608695652174,30.782608695652176,32.41304347826087,4
2025-05-18 13:52:55.267001,138,57964.732999,13.881944444444445,50,11,89,1,-5.0,2.4000000000000057,6.700000000000003,-20.299999999999997,-16.0,-0.4000000000000057,3.8999999999999915,-24.700000000000003,-20.400000000000006,0.0,0.0,0.2,1.0,0.2,29,47.9,22.5,52097.72,36083.9,100,0,-4.299999999999997,6.700000000000003,-4.0,6.400000000000006,0,0.0,0.0,0.0,0.0,0,33,9.4,10.8,3,-2.200000000000003,4.6000000000000085,-0.4000000000000057,2.8000000000000114,1,0.0,0.0,0.0,0.0,0,80,8.5,11.9,80,65.82546183339143,89,370,,,1.0,11.0,50.0,0,420,,,1.0,11.0,50.0,0,484,,,1.0,11.0,50.0,0,1887,2.8722813232690143,70.5545494241473,0.6666666666666666,6.333333333333333,57.77777777777778,-8,3900,2.6311740579210876,60.80106274374841,0.46153846153846156,5.615384615384615,57.53846153846154,-6
2025-05-18 13:53:10.042287,138,57949.957713,13.886111111111111,25,4,96,0,3.0,-5.599999999999994,6.700000000000003,-28.299999999999997,-16.0,-8.400000000000006,3.8999999999999915,-32.7,-20.400000000000006,0.0,0.0,0.2,1.0,0.2,29,47.9,22.5,52097.72,36083.9,100,0,-12.299999999999997,6.700000000000003,-12.0,6.400000000000006,0,0.0,0.0,0.0,0.0,0,33,9.4,10.8,3,-10.200000000000003,4.6000000000000085,-8.400000000000006,2.8000000000000114,1,0.0,0.0,0.0,0.0,0,80,8.5,11.9,80,0.5279187817258872,4,395,,,0.0,4.0,25.0,0,445,,,0.0,4.0,25.0,0,509,,,0.0,4.0,25.0,0,1912,0.5,11.814539065631521,0.0,4.25,22.25,0,3925,0.8377078165833911,44.041115824203814,0.2631578947368421,4.578947368421052,33.21052631578947,-1
2025-05-18 13:53:38.306473,138,57921.693527,13.893888888888888,99,28,72,1,1.0,-3.5999999999999943,6.700000000000003,-26.299999999999997,-16.0,-6.400000000000006,3.8999999999999915,-30.700000000000003,-20.400000000000006,0.0,0.0,0.2,1.0,0.2,29,47.9,22.5,52097.72,36083.9,100,0,-10.299999999999997,6.700000000000003,-10.0,6.400000000000006,0,0.0,0.0,0.0,0.0,0,33,9.4,10.8,3,-8.200000000000003,4.6000000000000085,-6.400000000000006,2.8000000000000114,1,0.0,0.0,0.0,0.0,0,80,8.5,11.9,80,-11.799169693824599,-28,494,1.0327955589886444,36.616935972306585,0.6666666666666666,26.666666666666668,39.0,-2,544,1.0327955589886444,36.616935972306585,0.6666666666666666,26.666666666666668,39.0,-2,580,1.0327955589886444,36.616935972306585,0.6666666666666666,26.666666666666668,39.0,-2,1955,2.449489742783178,28.14540358015956,0.47368421052631576,30.0,29.05263157894737,5,4024,1.8498193526322517,39.127061217512406,0.48936170212765956,30.72340425531915,33.829787234042556,3
2025-05-18 13:53:44.788817,138,57915.211183,13.895555555555555,50,5,95,0,3.0,-5.599999999999994,6.700000000000003,-28.299999999999997,-16.0,-8.400000000000006,3.8999999999999915,-32.7,-20.400000000000006,0.0,0.0,0.2,1.0,0.2,29,47.9,22.5,52097.72,36083.9,100,0,-12.299999999999997,6.700000000000003,-12.0,6.400000000000006,0,0.0,0.0,0.0,0.0,0,33,9.4,10.8,3,-10.200000000000003,4.6000000000000085,-8.400000000000006,2.8000000000000114,1,0.0,0.0,0.0,0.0,0,80,8.5,11.9,80,-0.46233382570162007,5,544,0.7071067811865476,17.67766952966369,0.0,4.5,37.5,-1,594,0.7071067811865476,17.67766952966369,0.0,4.5,37.5,-1,630,0.7071067811865476,17.67766952966369,0.0,4.5,37.5,-1,2005,0.5477225575051661,16.084153692376855,0.0,4.4,27.8,-1,4074,0.8207826816681233,43.03055829719643,0.25,4.6,34.05,-2
2025-05-18 13:53:57.963121,138,57902.036879,13.899166666666666,50,28,72,1,1.0,-3.5999999999999943,6.700000000000003,-26.299999999999997,-16.0,-6.400000000000006,3.8999999999999915,-30.700000000000003,-20.400000000000006,0.0,0.0,0.2,1.0,0.2,29,47.9,22.5,52097.72,36083.9,100,0,-10.299999999999997,6.700000000000003,-10.0,6.400000000000006,0,0.0,0.0,0.0,0.0,0,33,9.4,10.8,3,-8.200000000000003,4.6000000000000085,-6.400000000000006,2.8000000000000114,1,0.0,0.0,0.0,0.0,0,80,8.5,11.9,80,-12.438183807439826,-28,605,1.0690449676496976,32.89132538701178,0.75,27.0,36.875,-2,655,1.0690449676496976,32.89132538701178,0.75,27.0,36.875,-2,691,1.0690449676496976,32.89132538701178,0.75,27.0,36.875,-2,1996,2.3457688673327066,26.432187316145242,0.5,29.65,27.15,4,4135,1.8909469247202164,38.515258925106906,0.5102040816326531,30.612244897959183,33.69387755102041,3
2025-05-18 13:53:57.963121,138,57902.036879,13.899166666666666,11,28,72,1,1.0,-3.5999999999999943,6.700000000000003,-26.299999999999997,-16.0,-6.400000000000006,3.8999999999999915,-30.700000000000003,-20.400000000000006,0.0,0.0,0.2,1.0,0.2,29,47.9,22.5,52097.72,36083.9,100,0,-10.299999999999997,6.700000000000003,-10.0,6.400000000000006,0,0.0,0.0,0.0,0.0,0,33,9.4,10.8,3,-8.200000000000003,4.6000000000000085,-6.400000000000006,2.8000000000000114,1,0.0,0.0,0.0,0.0,0,80,8.5,11.9,80,-12.787964004499438,-28,605,1.0690449676496976,32.89132538701178,0.75,27.0,36.875,-2,655,1.0690449676496976,32.89132538701178,0.75,27.0,36.875,-2,691,1.0690449676496976,32.89132538701178,0.75,27.0,36.875,-2,1996,2.3457688673327066,26.432187316145242,0.5,29.65,27.15,4,4135,1.8909469247202164,38.515258925106906,0.5102040816326531,30.612244897959183,33.69387755102041,3
2025-05-18 13:55:05.537318,138,57834.462682,13.918055555555554,51,5,95,1,3.0,-5.599999999999994,6.700000000000003,-28.299999999999997,-16.0,-8.400000000000006,3.8999999999999915,-32.7,-20.400000000000006,0.0,0.0,0.2,1.0,0.2,29,47.9,22.5,52097.72,36083.9,100,0,-12.299999999999997,6.700000000000003,-12.0,6.400000000000006,0,0.0,0.0,0.0,0.0,0,33,9.4,10.8,3,-10.200000000000003,4.6000000000000085,-8.400000000000006,2.8000000000000114,1,0.0,0.0,0.0,0.0,0,80,8.5,11.9,80,-0.4800613496932513,-5,319,0.5,12.84198842339716,0.5,4.75,39.75,-1,689,0.5,12.84198842339716,0.5,4.75,39.75,-1,739,0.5,12.84198842339716,0.5,4.75,39.75,-1,2080,0.5345224838248488,15.73137598801168,0.2857142857142857,4.571428571428571,31.857142857142858,-1,4219,0.7895420339517227,41.090992893451684,0.3181818181818182,4.636363636363637,34.77272727272727,-2
2025-05-18 13:55:05.537318,138,57834.462682,13.918055555555554,33,5,95,1,3.0,-5.599999999999994,6.700000000000003,-28.299999999999997,-16.0,-8.400000000000006,3.8999999999999915,-32.7,-20.400000000000006,0.0,0.0,0.2,1.0,0.2,29,47.9,22.5,52097.72,36083.9,100,0,-12.299999999999997,6.700000000000003,-12.0,6.400000000000006,0,0.0,0.0,0.0,0.0,0,33,9.4,10.8,3,-10.200000000000003,4.6000000000000085,-8.400000000000006,2.8000000000000114,1,0.0,0.0,0.0,0.0,0,80,8.5,11.9,80,-0.49960095770151636,-5,319,0.5,12.84198842339716,0.5,4.75,39.75,-1,689,0.5,12.84198842339716,0.5,4.75,39.75,-1,739,0.5,12.84198842339716,0.5,4.75,39.75,-1,2080,0.5345224838248488,15.73137598801168,0.2857142857142857,4.571428571428571,31.857142857142858,-1,4219,0.7895420339517227,41.090992893451684,0.3181818181818182,4.636363636363637,34.77272727272727,-2
2025-05-18 13:55:30.023880,138,57809.97612,13.924999999999999,32,28,72,1,1.0,-3.5999999999999943,6.700000000000003,-26.299999999999997,-16.0,-6.400000000000006,3.8999999999999915,-30.700000000000003,-20.400000000000006,0.0,0.0,0.2,1.0,0.2,29,47.9,22.5,52097.72,36083.9,100,0,-10.299999999999997,6.700000000000003,-10.0,6.400000000000006,0,0.0,0.0,0.0,0.0,0,33,9.4,10.8,3,-8.200000000000003,4.6000000000000085,-6.400000000000006,2.8000000000000114,1,0.0,0.0,0.0,0.0,0,80,8.5,11.9,80,-12.867572156196944,-28,326,0.0,37.54996671103717,1.0,28.0,48.0,0,721,1.0540925533894598,30.80990100600779,0.7777777777777778,27.11111111111111,36.333333333333336,-2,771,1.0540925533894598,30.80990100600779,0.7777777777777778,27.11111111111111,36.333333333333336,-2,2112,2.3145502494313788,25.78463920724157,0.5238095238095238,29.571428571428573,27.38095238095238,4,4251,1.9076644551569826,38.120972855221986,0.52,30.56,33.66,3
2025-05-18 13:55:49.005821,138,57790.994179,13.930277777777777,50,28,72,1,1.0,-3.5999999999999943,6.700000000000003,-26.299999999999997,-16.0,-6.400000000000006,3.8999999999999915,-30.700000000000003,-20.400000000000006,0.0,0.0,0.2,1.0,0.2,29,47.9,22.5,52097.72,36083.9,100,0,-10.299999999999997,6.700000000000003,-10.0,6.400000000000006,0,0.0,0.0,0.0,0.0,0,33,9.4,10.8,3,-8.200000000000003,4.6000000000000085,-6.400000000000006,2.8000000000000114,1,0.0,0.0,0.0,0.0,0,80,8.5,11.9,80,-13.104899135446686,-28,227,0.0,18.553975315279473,1.0,28.0,35.75,0,771,1.0327955589886444,29.367593628956996,0.8,27.2,37.7,-2,821,1.0327955589886444,29.367593628956996,0.8,27.2,37.7,-2,2162,2.2834810518779687,25.621157720597306,0.5454545454545454,29.5,28.40909090909091,4,4301,1.9222127771878725,37.80713699611671,0.5294117647058824,30.50980392156863,33.98039215686274,3
2025-05-18 14:00:39.345920,138,57500.65408,14.010833333333334,25,35,65,1,-3.0,0.4000000000000057,4.6000000000000085,-22.299999999999997,-18.099999999999994,-2.4000000000000057,1.7999999999999972,-26.700000000000003,-22.5,0.0,0.0,0.2,1.0,0.2,29,47.9,22.5,52097.72,36083.9,100,0,-4.200000000000003,4.6000000000000085,-2.4000000000000057,2.8000000000000114,1,0.0,0.0,0.0,0.0,0,80,8.5,11.9,80,-2.9000000000000057,3.3000000000000114,-5.200000000000003,5.6000000000000085,6,0.0,0.0,0.0,0.0,60,100,7.3,9.0,100,-13.897429171038826,-35,25,,,1.0,35.0,25.0,0,75,,,1.0,35.0,25.0,0,846,0.0,19.313207915827967,1.0,35.0,29.0,0,2187,1.8488325554743508,55.658700210217894,1.0,32.72727272727273,38.09090909090909,-4,4222,3.5442777489785926,43.34974048365226,0.8095238095238095,30.19047619047619,30.0,-11
2025-05-18 14:00:43.151528,138,57496.848472,14.011944444444444,50,11,89,1,-5.0,2.4000000000000057,4.6000000000000085,-20.299999999999997,-18.099999999999994,-0.4000000000000057,1.7999999999999972,-24.700000000000003,-22.5,0.0,0.0,0.2,1.0,0.2,29,47.9,22.5,52097.72,36083.9,100,0,-2.200000000000003,4.6000000000000085,-0.4000000000000057,2.8000000000000114,1,0.0,0.0,0.0,0.0,0,80,8.5,11.9,80,-0.9000000000000057,3.3000000000000114,-3.200000000000003,5.6000000000000085,6,0.0,0.0,0.0,0.0,60,100,7.3,9.0,100,66.1135130404341,89,75,,,1.0,11.0,50.0,0,125,,,1.0,11.0,50.0,0,896,0.0,0.0,1.0,11.0,50.0,0,2237,3.084008934992101,66.56492236072155,0.7,6.8,57.0,-8,4272,2.908872369413698,58.45050503170643,0.5,6.0,57.0,-6
2025-05-18 14:00:52.057077,138,57487.942923,14.014444444444445,8,12,88,1,-5.0,2.4000000000000057,4.6000000000000085,-20.299999999999997,-18.099999999999994,-0.4000000000000057,1.7999999999999972,-24.700000000000003,-22.5,0.0,0.0,0.2,1.0,0.2,29,47.9,22.5,52097.72,36083.9,100,0,-2.200000000000003,4.6000000000000085,-0.4000000000000057,2.8000000000000114,1,0.0,0.0,0.0,0.0,0,80,8.5,11.9,80,-0.9000000000000057,3.3000000000000114,-3.200000000000003,5.6000000000000085,6,0.0,0.0,0.0,0.0,60,100,7.3,9.0,100,65.40409634317862,88,83,0.7071067811865476,29.698484809834994,1.0,11.5,29.0,-1,83,0.7071067811865476,29.698484809834994,1.0,11.5,29.0,-1,904,0.5773502691896257,24.24871130596428,1.0,11.333333333333334,36.0,-1,2245,3.3193646708642635,64.8542421686718,0.7272727272727273,7.2727272727272725,52.54545454545455,-9,4280,3.2026774513120824,57.72776834501085,0.5333333333333333,6.4,53.733333333333334,-7
2025-05-18 14:01:00.364152,138,57479.635848,14.016666666666667,95,36,64,1,-3.0,0.4000000000000057,4.6000000000000085,-22.299999999999997,-18.099999999999994,-2.4000000000000057,1.7999999999999972,-26.700000000000003,-22.5,0.0,0.0,0.2,1.0,0.2,29,47.9,22.5,52097.72,36083.9,100,0,-4.200000000000003,4.6000000000000085,-2.4000000000000057,2.8000000000000114,1,0.0,0.0,0.0,0.0,0,80,8.5,11.9,80,-2.9000000000000057,3.3000000000000114,-5.200000000000003,5.6000000000000085,6,0.0,0.0,0.0,0.0,60,100,7.3,9.0,100,-14.989173488249275,-36,178,0.7071067811865476,49.49747468305833,1.0,35.5,60.0,-1,178,0.7071067811865476,49.49747468305833,1.0,35.5,60.0,-1,999,0.5,36.57412564459562,1.0,35.25,45.5,-1,2340,2.0,55.55314136168642,1.0,33.0,42.833333333333336,-5,4375,3.6739400509310842,44.51696014172285,0.8181818181818182,30.454545454545453,32.95454545454545,-12
2025-05-18 14:01:01.919403,138,57478.080597,14.016944444444444,35,32,68,1,-1.0,-1.5999999999999943,4.6000000000000085,-24.299999999999997,-18.099999999999994,-4.400000000000006,1.7999999999999972,-28.700000000000003,-22.5,0.0,0.0,0.2,1.0,0.2,29,47.9,22.5,52097.72,36083.9,100,0,-6.200000000000003,4.6000000000000085,-4.400000000000006,2.8000000000000114,1,0.0,0.0,0.0,0.0,0,80,8.5,11.9,80,-4.900000000000006,3.3000000000000114,-7.200000000000003,5.6000000000000085,6,0.0,0.0,0.0,0.0,60,100,7.3,9.0,100,-17.372191606612972,-32,213,,,1.0,32.0,35.0,0,213,,,1.0,32.0,35.0,0,1034,0.7071067811865476,7.700649323271382,1.0,32.0,41.6,-1,2375,1.5724907862137931,13.793278995748091,0.9090909090909091,33.45454545454545,33.36363636363637,4,4410,2.2673829938997163,15.553464450412855,0.9230769230769231,34.15384615384615,32.07692307692308,5
2025-05-18 14:01:04.983290,138,57475.01671,14.017777777777779,64,25,75,0,1.0,-3.5999999999999943,4.6000000000000085,-26.299999999999997,-18.099999999999994,-6.400000000000006,1.7999999999999972,-30.700000000000003,-22.5,0.0,0.0,0.2,1.0,0.2,29,47.9,22.5,52097.72,36083.9,100,0,-8.200000000000003,4.6000000000000085,-6.400000000000006,2.8000000000000114,1,0.0,0.0,0.0,0.0,0,80,8.5,11.9,80,-6.900000000000006,3.3000000000000114,-9.200000000000003,5.6000000000000085,6,0.0,0.0,0.0,0.0,60,100,7.3,9.0,100,-10.493768545994072,25,313,0.7071067811865476,19.79898987322333,0.0,25.5,50.0,-1,313,0.7071067811865476,19.79898987322333,0.0,25.5,50.0,-1,1134,1.164500152881315,27.644249771960634,0.6666666666666666,26.916666666666668,39.75,0,2475,2.4612945810066607,25.564886187837832,0.5,29.166666666666668,30.208333333333332,6,4510,2.1763103020048047,38.29202506623892,0.52,30.28,35.08,5
2025-05-18 14:01:04.983290,138,57475.01671,14.017777777777779,36,26,74,0,1.0,-3.5999999999999943,4.6000000000000085,-26.299999999999997,-18.099999999999994,-6.400000000000006,1.7999999999999972,-30.700000000000003,-22.5,0.0,0.0,0.2,1.0,0.2,29,47.9,22.5,52097.72,36083.9,100,0,-8.200000000000003,4.6000000000000085,-6.400000000000006,2.8000000000000114,1,0.0,0.0,0.0,0.0,0,80,8.5,11.9,80,-6.900000000000006,3.3000000000000114,-9.200000000000003,5.6000000000000085,6,0.0,0.0,0.0,0.0,60,100,7.3,9.0,100,-11.908081431215294,26,313,0.7071067811865476,19.79898987322333,0.0,25.5,50.0,-1,313,0.7071067811865476,19.79898987322333,0.0,25.5,50.0,-1,1134,1.164500152881315,27.644249771960634,0.6666666666666666,26.916666666666668,39.75,0,2475,2.4612945810066607,25.564886187837832,0.5,29.166666666666668,30.208333333333332,6,4510,2.1763103020048047,38.29202506623892,0.52,30.28,35.08,5
2025-05-18 14:01:48.909635,138,57431.090365,14.030000000000001,50,13,87,1,-5.0,2.4000000000000057,4.6000000000000085,-20.299999999999997,-18.099999999999994,-0.4000000000000057,1.7999999999999972,-24.700000000000003,-22.5,0.0,0.0,0.2,1.0,0.2,29,47.9,22.5,52097.72,36083.9,100,0,-2.200000000000003,4.6000000000000085,-0.4000000000000057,2.8000000000000114,1,0.0,0.0,0.0,0.0,0,80,8.5,11.9,80,-0.9000000000000057,3.3000000000000114,-3.200000000000003,5.6000000000000085,6,0.0,0.0,0.0,0.0,60,100,7.3,9.0,100,64.45012315270937,87,441,1.3038404810405297,29.575327555244424,1.0,12.8,37.2,-3,441,1.3038404810405297,29.575327555244424,1.0,12.8,37.2,-3,1262,1.378404875209022,26.964173761987716,1.0,12.5,39.333333333333336,-3,2603,3.992437906788337,58.6275260708382,0.7857142857142857,8.642857142857142,50.42857142857143,-11,4638,4.031331540189681,53.88101148542788,0.6111111111111112,7.611111111111111,51.888888888888886,-9
2025-05-18 14:01:48.909635,138,57431.090365,14.030000000000001,73,14,86,1,-5.0,2.4000000000000057,4.6000000000000085,-20.299999999999997,-18.099999999999994,-0.4000000000000057,1.7999999999999972,-24.700000000000003,-22.5,0.0,0.0,0.2,1.0,0.2,29,47.9,22.5,52097.72,36083.9,100,0,-2.200000000000003,4.6000000000000085,-0.4000000000000057,2.8000000000000114,1,0.0,0.0,0.0,0.0,0,80,8.5,11.9,80,-0.9000000000000057,3.3000000000000114,-3.200000000000003,5.6000000000000085,6,0.0,0.0,0.0,0.0,60,100,7.3,9.0,100,63.73484714613889,86,441,1.3038404810405297,29.575327555244424,1.0,12.8,37.2,-3,441,1.3038404810405297,29.575327555244424,1.0,12.8,37.2,-3,1262,1.378404875209022,26.964173761987716,1.0,12.5,39.333333333333336,-3,2603,3.992437906788337,58.6275260708382,0.7857142857142857,8.642857142857142,50.42857142857143,-11,4638,4.031331540189681,53.88101148542788,0.6111111111111112,7.611111111111111,51.888888888888886,-9
2025-05-18 14:01:48.909635,138,57431.090365,14.030000000000001,5,14,86,1,-5.0,2.4000000000000057,4.6000000000000085,-20.299999999999997,-18.099999999999994,-0.4000000000000057,1.7999999999999972,-24.700000000000003,-22.5,0.0,0.0,0.2,1.0,0.2,29,47.9,22.5,52097.72,36083.9,100,0,-2.200000000000003,4.6000000000000085,-0.4000000000000057,2.8000000000000114,1,0.0,0.0,0.0,0.0,0,80,8.5,11.9,80,-0.9000000000000057,3.3000000000000114,-3.200000000000003,5.6000000000000085,6,0.0,0.0,0.0,0.0,60,100,7.3,9.0,100,64.14859937750111,86,441,1.3038404810405297,29.575327555244424,1.0,12.8,37.2,-3,441,1.3038404810405297,29.575327555244424,1.0,12.8,37.2,-3,1262,1.378404875209022,26.964173761987716,1.0,12.5,39.333333333333336,-3,2603,3.992437906788337,58.6275260708382,0.7857142857142857,8.642857142857142,50.42857142857143,-11,4638,4.031331540189681,53.88101148542788,0.6111111111111112,7.611111111111111,51.888888888888886,-9
2025-05-18 14:01:56.326087,138,57423.673913,14.032222222222224,200,38,62,1,-3.0,0.4000000000000057,4.6000000000000085,-22.299999999999997,-18.099999999999994,-2.4000000000000057,1.7999999999999972,-26.700000000000003,-22.5,0.0,0.0,0.2,1.0,0.2,29,47.9,22.5,52097.72,36083.9,100,0,-4.200000000000003,4.6000000000000085,-2.4000000000000057,2.8000000000000114,1,0.0,0.0,0.0,0.0,0,80,8.5,11.9,80,-2.9000000000000057,3.3000000000000114,-5.200000000000003,5.6000000000000085,6,0.0,0.0,0.0,0.0,60,100,7.3,9.0,100,-17.37486457204767,-38,697,1.140175425099138,76.57480003238663,1.0,36.4,75.2,-2,697,1.140175425099138,76.57480003238663,1.0,36.4,75.2,-2,1518,1.1547005383792515,67.0419200770611,1.0,36.0,62.57142857142857,-2,2859,2.4553149347021512,64.6514464169946,1.0,33.8,51.333333333333336,-6,4894,4.075127809856602,53.65575458420094,0.84,31.24,39.24,-13
2025-05-18 14:01:56.326087,138,57423.673913,14.032222222222224,44,36,64,1,-3.0,0.4000000000000057,4.6000000000000085,-22.299999999999997,-18.099999999999994,-2.4000000000000057,1.7999999999999972,-26.700000000000003,-22.5,0.0,0.0,0.2,1.0,0.2,29,47.9,22.5,52097.72,36083.9,100,0,-4.200000000000003,4.6000000000000085,-2.4000000000000057,2.8000000000000114,1,0.0,0.0,0.0,0.0,0,80,8.5,11.9,80,-2.9000000000000057,3.3000000000000114,-5.200000000000003,5.6000000000000085,6,0.0,0.0,0.0,0.0,60,100,7.3,9.0,100,-16.369988545246276,-36,697,1.140175425099138,76.57480003238663,1.0,36.4,75.2,-2,697,1.140175425099138,76.57480003238663,1.0,36.4,75.2,-2,1518,1.1547005383792515,67.0419200770611,1.0,36.0,62.57142857142857,-2,2859,2.4553149347021512,64.6514464169946,1.0,33.8,51.333333333333336,-6,4894,4.075127809856602,53.65575458420094,0.84,31.24,39.24,-13
2025-05-18 14:01:56.326087,138,57423.673913,14.032222222222224,12,37,63,1,-3.0,0.4000000000000057,4.6000000000000085,-22.299999999999997,-18.099999999999994,-2.4000000000000057,1.7999999999999972,-26.700000000000003,-22.5,0.0,0.0,0.2,1.0,0.2,29,47.9,22.5,52097.72,36083.9,100,0,-4.200000000000003,4.6000000000000085,-2.4000000000000057,2.8000000000000114,1,0.0,0.0,0.0,0.0,0,80,8.5,11.9,80,-2.9000000000000057,3.3000000000000114,-5.200000000000003,5.6000000000000085,6,0.0,0.0,0.0,0.0,60,100,7.3,9.0,100,-17.578886310904874,-37,697,1.140175425099138,76.57480003238663,1.0,36.4,75.2,-2,697,1.140175425099138,76.57480003238663,1.0,36.4,75.2,-2,1518,1.1547005383792515,67.0419200770611,1.0,36.0,62.57142857142857,-2,2859,2.4553149347021512,64.6514464169946,1.0,33.8,51.333333333333336,-6,4894,4.075127809856602,53.65575458420094,0.84,31.24,39.24,-13
2025-05-18 14:02:11.103008,138,57408.896992,14.036388888888888,270,25,75,0,1.0,-3.5999999999999943,4.6000000000000085,-26.299999999999997,-18.099999999999994,-6.400000000000006,1.7999999999999972,-30.700000000000003,-22.5,0.0,0.0,0.2,1.0,0.2,29,47.9,22.5,52097.72,36083.9,100,0,-8.200000000000003,4.6000000000000085,-6.400000000000006,2.8000000000000114,1,0.0,0.0,0.0,0.0,0,80,8.5,11.9,80,-6.900000000000006,3.3000000000000114,-9.200000000000003,5.6000000000000085,6,0.0,0.0,0.0,0.0,60,100,7.3,9.0,100,-11.178548895899056,25,967,0.5773502691896258,127.78627991037744,0.0,25.333333333333332,123.33333333333333,0,967,0.5773502691896258,127.78627991037744,0.0,25.333333333333332,123.33333333333333,0,1788,1.2351684199496946,69.12743712956936,0.6153846153846154,26.76923076923077,57.46153846153846,1,3129,2.5495097567963922,54.09559439855831,0.48,29.0,39.8,7,5164,2.27776980709589,50.19023418796865,0.5098039215686274,30.176470588235293,39.68627450980392,6
2025-05-18 14:02:23.234116,138,57396.765884,14.039722222222222,42,14,86,1,-5.0,2.4000000000000057,4.6000000000000085,-20.299999999999997,-18.099999999999994,-0.4000000000000057,1.7999999999999972,-24.700000000000003,-22.5,0.0,0.0,0.2,1.0,0.2,29,47.9,22.5,52097.72,36083.9,100,0,-2.200000000000003,4.6000000000000085,-0.4000000000000057,2.8000000000000114,1,0.0,0.0,0.0,0.0,0,80,8.5,11.9,80,-0.9000000000000057,3.3000000000000114,-3.200000000000003,5.6000000000000085,6,0.0,0.0,0.0,0.0,60,100,7.3,9.0,100,64.17713523131673,86,1209,1.618347187425374,65.84433301717158,1.0,13.428571428571429,61.142857142857146,-5,1209,1.618347187425374,65.84433301717158,1.0,13.428571428571429,61.142857142857146,-5,2030,1.7268882005337975,61.08717424421314,1.0,13.125,59.75,-5,3371,4.32001157405857,66.2726690775818,0.8125,9.4375,59.25,-13,5406,4.451788522900833,60.88522420354374,0.65,8.35,58.8,-11
2025-05-18 14:02:23.234116,138,57396.765884,14.039722222222222,200,16,84,1,-5.0,2.4000000000000057,4.6000000000000085,-20.299999999999997,-18.099999999999994,-0.4000000000000057,1.7999999999999972,-24.700000000000003,-22.5,0.0,0.0,0.2,1.0,0.2,29,47.9,22.5,52097.72,36083.9,100,0,-2.200000000000003,4.6000000000000085,-0.4000000000000057,2.8000000000000114,1,0.0,0.0,0.0,0.0,0,80,8.5,11.9,80,-0.9000000000000057,3.3000000000000114,-3.200000000000003,5.6000000000000085,6,0.0,0.0,0.0,0.0,60,100,7.3,9.0,100,62.417842471869974,84,1209,1.618347187425374,65.84433301717158,1.0,13.428571428571429,61.142857142857146,-5,1209,1.618347187425374,65.84433301717158,1.0,13.428571428571429,61.142857142857146,-5,2030,1.7268882005337975,61.08717424421314,1.0,13.125,59.75,-5,3371,4.32001157405857,66.2726690775818,0.8125,9.4375,59.25,-13,5406,4.451788522900833,60.88522420354374,0.65,8.35,58.8,-11
2025-05-18 14:02:29.867515,138,57390.132485,14.04138888888889,50,37,63,1,-3.0,0.4000000000000057,4.6000000000000085,-22.299999999999997,-18.099999999999994,-2.4000000000000057,1.7999999999999972,-26.700000000000003,-22.5,0.0,0.0,0.2,1.0,0.2,29,47.9,22.5,52097.72,36083.9,100,0,-4.200000000000003,4.6000000000000085,-2.4000000000000057,2.8000000000000114,1,0.0,0.0,0.0,0.0,0,80,8.5,11.9,80,-2.9000000000000057,3.3000000000000114,-5.200000000000003,5.6000000000000085,6,0.0,0.0,0.0,0.0,60,100,7.3,9.0,100,-17.640279394644935,-37,1259,1.0488088481701516,69.25893444170218,1.0,36.5,71.0,-2,1259,1.0488088481701516,69.25893444170218,1.0,36.5,71.0,-2,2080,1.1259916264596033,62.22769250330366,1.0,36.125,61.0,-2,3421,2.503331114069145,62.46012061040762,1.0,34.0,51.25,-6,5220,4.149513409842356,52.61402269942286,0.8461538461538461,31.46153846153846,39.65384615384615,-13
2025-05-18 14:02:33.744403,138,57386.255597,14.0425,94,38,62,1,-3.0,0.4000000000000057,4.6000000000000085,-22.299999999999997,-18.099999999999994,-2.4000000000000057,1.7999999999999972,-26.700000000000003,-22.5,0.0,0.0,0.2,1.0,0.2,29,47.9,22.5,52097.72,36083.9,100,0,-4.200000000000003,4.6000000000000085,-2.4000000000000057,2.8000000000000114,1,0.0,0.0,0.0,0.0,0,80,8.5,11.9,80,-2.9000000000000057,3.3000000000000114,-5.200000000000003,5.6000000000000085,6,0.0,0.0,0.0,0.0,60,100,7.3,9.0,100,-18.90076786769049,-38,1353,1.1126972805283735,63.81931339261464,1.0,36.714285714285715,74.28571428571429,-3,1353,1.1126972805283735,63.81931339261464,1.0,36.714285714285715,74.28571428571429,-3,2174,1.224744871391589,59.238923015193315,1.0,36.333333333333336,64.66666666666667,-3,3515,2.6107808162670865,61.35911649030312,1.0,34.23529411764706,53.76470588235294,-7,5229,4.259061063145389,52.641750029362115,0.8518518518518519,31.703703703703702,41.666666666666664,-14
2025-05-18 14:03:23.515689,138,57336.484311,14.05638888888889,50,29,71,1,-1.0,-1.5999999999999943,4.6000000000000085,-24.299999999999997,-18.099999999999994,-4.400000000000006,1.7999999999999972,-28.700000000000003,-22.5,0.0,0.0,0.2,1.0,0.2,29,47.9,22.5,52097.72,36083.9,100,0,-6.200000000000003,4.6000000000000085,-4.400000000000006,2.8000000000000114,1,0.0,0.0,0.0,0.0,0,80,8.5,11.9,80,-4.900000000000006,3.3000000000000114,-7.200000000000003,5.6000000000000085,6,0.0,0.0,0.0,0.0,60,100,7.3,9.0,100,-14.63382099827883,-29,1090,,,1.0,29.0,50.0,0,1403,2.1213203435596424,10.606601717798213,1.0,30.5,42.5,3,2224,1.378404875209022,7.694153624668538,1.0,31.5,43.0,2,3565,1.97522534195852,14.000811664783127,0.9166666666666666,33.083333333333336,34.75,7,4766,2.577374078952674,15.692267291479991,0.9285714285714286,33.785714285714285,33.357142857142854,8
2025-05-18 14:07:26.442473,138,57093.557527,14.123888888888889,200,33,67,1,-1.0,-1.5999999999999943,4.6000000000000085,-24.299999999999997,-18.099999999999994,-4.400000000000006,1.7999999999999972,-28.700000000000003,-22.5,0.0,0.0,0.2,1.0,0.2,29,47.9,22.5,52097.72,36083.9,100,0,-6.200000000000003,4.6000000000000085,-4.400000000000006,2.8000000000000114,1,0.0,0.0,0.0,0.0,0,80,8.5,11.9,80,-4.900000000000006,3.3000000000000114,-7.200000000000003,5.6000000000000085,6,0.0,0.0,0.0,0.0,60,100,7.3,9.0,100,-18.955584872471416,-33,277,1.4142135623730951,86.97413408594535,1.0,32.0,138.5,2,471,2.0,79.95623803056269,1.0,31.0,109.0,-2,2277,1.707825127659933,75.03998933901843,1.0,31.25,90.5,1,3724,1.8999710813299526,46.55305374716909,0.9285714285714286,32.92857142857143,49.57142857142857,5,4873,2.5024987512484396,44.80476165171138,0.9375,33.5625,46.5,6
2025-05-18 14:07:26.442473,138,57093.557527,14.123888888888889,77,31,69,1,-1.0,-1.5999999999999943,4.6000000000000085,-24.299999999999997,-18.099999999999994,-4.400000000000006,1.7999999999999972,-28.700000000000003,-22.5,0.0,0.0,0.2,1.0,0.2,29,47.9,22.5,52097.72,36083.9,100,0,-6.200000000000003,4.6000000000000085,-4.400000000000006,2.8000000000000114,1,0.0,0.0,0.0,0.0,0,80,8.5,11.9,80,-4.900000000000006,3.3000000000000114,-7.200000000000003,5.6000000000000085,6,0.0,0.0,0.0,0.0,60,100,7.3,9.0,100,-18.78351012536162,-31,277,1.4142135623730951,86.97413408594535,1.0,32.0,138.5,2,471,2.0,79.95623803056269,1.0,31.0,109.0,-2,2277,1.707825127659933,75.03998933901843,1.0,31.25,90.5,1,3724,1.8999710813299526,46.55305374716909,0.9285714285714286,32.92857142857143,49.57142857142857,5,4873,2.5024987512484396,44.80476165171138,0.9375,33.5625,46.5,6
2025-05-18 14:08:22.745608,138,57037.254392,14.139444444444443,7,13,87,1,-5.0,2.4000000000000057,4.6000000000000085,-20.299999999999997,-18.099999999999994,-0.4000000000000057,1.7999999999999972,-24.700000000000003,-22.5,0.0,0.0,0.2,1.0,0.2,29,47.9,22.5,52097.72,36083.9,100,0,-2.200000000000003,4.6000000000000085,-0.4000000000000057,2.8000000000000114,1,0.0,0.0,0.0,0.0,0,80,8.5,11.9,80,-0.9000000000000057,3.3000000000000114,-3.200000000000003,5.6000000000000085,6,0.0,0.0,0.0,0.0,60,100,7.3,9.0,100,66.55291871249318,87,284,,,1.0,13.0,7.0,0,334,,,1.0,13.0,7.0,0,2063,1.5059406173077154,63.89486341975051,1.0,13.375,54.375,-2,3731,4.040936360135689,67.53267727552344,0.875,10.0625,56.5625,-10,4880,4.456135417280636,60.41053991923374,0.6666666666666666,8.571428571428571,56.333333333333336,-8
2025-05-18 14:08:35.293761,138,57024.706239,14.143055555555556,81,37,63,1,-3.0,0.4000000000000057,4.6000000000000085,-22.299999999999997,-18.099999999999994,-2.4000000000000057,1.7999999999999972,-26.700000000000003,-22.5,0.0,0.0,0.2,1.0,0.2,29,47.9,22.5,52097.72,36083.9,100,0,-4.200000000000003,4.6000000000000085,-2.4000000000000057,2.8000000000000114,1,0.0,0.0,0.0,0.0,0,80,8.5,11.9,80,-2.9000000000000057,3.3000000000000114,-5.200000000000003,5.6000000000000085,6,0.0,0.0,0.0,0.0,60,100,7.3,9.0,100,-18.440461725394897,-37,415,0.7071067811865476,21.920310216782973,1.0,37.5,65.5,-1,415,0.7071067811865476,21.920310216782973,1.0,37.5,65.5,-1,2194,1.0540925533894596,55.94416859691455,1.0,36.888888888888886,72.33333333333333,-3,3862,2.6732375185174546,58.19793810780585,1.0,34.578947368421055,55.0,-7,5011,4.369903787648018,51.265487867623165,0.8620689655172413,32.10344827586207,43.310344827586206,-14
2025-05-18 14:08:35.293761,138,57024.706239,14.143055555555556,50,38,62,1,-3.0,0.4000000000000057,4.6000000000000085,-22.299999999999997,-18.099999999999994,-2.4000000000000057,1.7999999999999972,-26.700000000000003,-22.5,0.0,0.0,0.2,1.0,0.2,29,47.9,22.5,52097.72,36083.9,100,0,-4.200000000000003,4.6000000000000085,-2.4000000000000057,2.8000000000000114,1,0.0,0.0,0.0,0.0,0,80,8.5,11.9,80,-2.9000000000000057,3.3000000000000114,-5.200000000000003,5.6000000000000085,6,0.0,0.0,0.0,0.0,60,100,7.3,9.0,100,-19.90563687324821,-38,415,0.7071067811865476,21.920310216782973,1.0,37.5,65.5,-1,415,0.7071067811865476,21.920310216782973,1.0,37.5,65.5,-1,2194,1.0540925533894596,55.94416859691455,1.0,36.888888888888886,72.33333333333333,-3,3862,2.6732375185174546,58.19793810780585,1.0,34.578947368421055,55.0,-7,5011,4.369903787648018,51.265487867623165,0.8620689655172413,32.10344827586207,43.310344827586206,-14
2025-05-18 14:09:24.382022,138,56975.617978,14.156666666666666,98,38,62,1,-3.0,0.4000000000000057,4.6000000000000085,-22.299999999999997,-18.099999999999994,-2.4000000000000057,1.7999999999999972,-26.700000000000003,-22.5,0.0,0.0,0.2,1.0,0.2,29,47.9,22.5,52097.72,36083.9,100,0,-4.200000000000003,4.6000000000000085,-2.4000000000000057,2.8000000000000114,1,0.0,0.0,0.0,0.0,0,80,8.5,11.9,80,-2.9000000000000057,3.3000000000000114,-5.200000000000003,5.6000000000000085,6,0.0,0.0,0.0,0.0,60,100,7.3,9.0,100,-20.220499841822207,-38,513,0.5773502691896258,24.33789911502908,1.0,37.666666666666664,76.33333333333333,-1,513,0.5773502691896258,24.33789911502908,1.0,37.666666666666664,76.33333333333333,-1,2082,1.0540925533894598,53.36551112636117,1.0,37.0,74.9,-3,3960,2.712058841156426,57.45595567132499,1.0,34.75,57.15,-7,5109,4.4267992640437095,51.35389944790704,0.8666666666666667,32.3,45.13333333333333,-14
2025-05-18 14:09:39.888825,138,56960.111175,14.160833333333334,7,13,87,1,-5.0,2.4000000000000057,4.6000000000000085,-20.299999999999997,-18.099999999999994,-0.4000000000000057,1.7999999999999972,-24.700000000000003,-22.5,0.0,0.0,0.2,1.0,0.2,29,47.9,22.5,52097.72,36083.9,100,0,-2.200000000000003,4.6000000000000085,-0.4000000000000057,2.8000000000000114,1,0.0,0.0,0.0,0.0,0,80,8.5,11.9,80,-0.9000000000000057,3.3000000000000114,-3.200000000000003,5.6000000000000085,6,0.0,0.0,0.0,0.0,60,100,7.3,9.0,100,66.5953052497498,87,243,0.0,0.0,1.0,13.0,7.0,0,520,0.0,0.0,1.0,13.0,7.0,0,2089,1.4142135623730951,61.81918077030066,1.0,13.333333333333334,49.111111111111114,-2,3967,3.976955678730684,66.48396533795817,0.8823529411764706,10.235294117647058,53.64705882352941,-10,5116,4.450059584211239,59.885532946422515,0.6818181818181818,8.772727272727273,54.09090909090909,-8
2025-05-18 14:10:00.405606,138,56939.594394,14.166666666666666,50,13,87,1,-5.0,2.4000000000000057,4.6000000000000085,-20.299999999999997,-18.099999999999994,-0.4000000000000057,1.7999999999999972,-24.700000000000003,-22.5,0.0,0.0,0.2,1.0,0.2,29,47.9,22.5,52097.72,36083.9,100,0,-2.200000000000003,4.6000000000000085,-0.4000000000000057,2.8000000000000114,1,0.0,0.0,0.0,0.0,0,80,8.5,11.9,80,-0.9000000000000057,3.3000000000000114,-3.200000000000003,5.6000000000000085,6,0.0,0.0,0.0,0.0,60,100,7.3,9.0,100,66.63774581209032,87,293,0.0,24.826061575153908,1.0,13.0,21.333333333333332,0,570,0.0,24.826061575153908,1.0,13.0,21.333333333333332,0,2139,1.3374935098492586,58.28436039510657,1.0,13.3,49.2,-2,4017,3.9128579729323,64.50464846197221,0.8888888888888888,10.38888888888889,53.44444444444444,-10,5136,4.436196782969981,58.514887805255675,0.6956521739130435,8.956521739130435,53.91304347826087,-8
2025-05-18 14:13:33.402077,138,56726.597923,14.225833333333334,30,12,88,0,-5.0,2.4000000000000057,4.6000000000000085,-20.299999999999997,-18.099999999999994,-0.4000000000000057,1.7999999999999972,-24.700000000000003,-22.5,0.0,0.0,0.2,1.0,0.2,29,47.9,22.5,52097.72,36083.9,100,0,-2.200000000000003,4.6000000000000085,-0.4000000000000057,2.8000000000000114,1,0.0,0.0,0.0,0.0,0,80,8.5,11.9,80,-0.9000000000000057,3.3000000000000114,-3.200000000000003,5.6000000000000085,6,0.0,0.0,0.0,0.0,60,100,7.3,9.0,100,67.94247301993781,-88,232,2.516611478423583,63.12157581471912,0.0,9.333333333333334,77.33333333333333,3,518,2.6832815729997477,54.20977771583278,0.4,10.8,57.8,4,2205,2.3287500774185546,58.000552605678706,0.7692307692307693,12.384615384615385,55.69230769230769,2,4149,3.4089665049071614,64.9377029402634,0.8,10.6,57.2,-3,5295,4.223742416388575,58.224446359292706,0.6153846153846154,9.0,56.61538461538461,-4
2025-05-18 14:13:33.402077,138,56726.597923,14.225833333333334,149,7,93,0,-5.0,2.4000000000000057,4.6000000000000085,-20.299999999999997,-18.099999999999994,-0.4000000000000057,1.7999999999999972,-24.700000000000003,-22.5,0.0,0.0,0.2,1.0,0.2,29,47.9,22.5,52097.72,36083.9,100,0,-2.200000000000003,4.6000000000000085,-0.4000000000000057,2.8000000000000114,1,0.0,0.0,0.0,0.0,0,80,8.5,11.9,80,-0.9000000000000057,3.3000000000000114,-3.200000000000003,5.6000000000000085,6,0.0,0.0,0.0,0.0,60,100,7.3,9.0,100,73.129402054292,-93,232,2.516611478423583,63.12157581471912,0.0,9.333333333333334,77.33333333333333,3,518,2.6832815729997477,54.20977771583278,0.4,10.8,57.8,4,2205,2.3287500774185546,58.000552605678706,0.7692307692307693,12.384615384615385,55.69230769230769,2,4149,3.4089665049071614,64.9377029402634,0.8,10.6,57.2,-3,5295,4.223742416388575,58.224446359292706,0.6153846153846154,9.0,56.61538461538461,-4
2025-05-18 14:13:33.402077,138,56726.597923,14.225833333333334,53,9,91,0,-5.0,2.4000000000000057,4.6000000000000085,-20.299999999999997,-18.099999999999994,-0.4000000000000057,1.7999999999999972,-24.700000000000003,-22.5,0.0,0.0,0.2,1.0,0.2,29,47.9,22.5,52097.72,36083.9,100,0,-2.200000000000003,4.6000000000000085,-0.4000000000000057,2.8000000000000114,1,0.0,0.0,0.0,0.0,0,80,8.5,11.9,80,-0.9000000000000057,3.3000000000000114,-3.200000000000003,5.6000000000000085,6,0.0,0.0,0.0,0.0,60,100,7.3,9.0,100,72.14253835425383,-91,232,2.516611478423583,63.12157581471912,0.0,9.333333333333334,77.33333333333333,3,518,2.6832815729997477,54.20977771583278,0.4,10.8,57.8,4,2205,2.3287500774185546,58.000552605678706,0.7692307692307693,12.384615384615385,55.69230769230769,2,4149,3.4089665049071614,64.9377029402634,0.8,10.6,57.2,-3,5295,4.223742416388575,58.224446359292706,0.6153846153846154,9.0,56.61538461538461,-4
2025-05-18 14:25:16.155299,138,56023.844701,14.421111111111111,31,32,68,1,-1.0,-1.5999999999999943,4.6000000000000085,-24.299999999999997,-18.099999999999994,-4.400000000000006,1.7999999999999972,-28.700000000000003,-22.5,0.0,0.0,0.2,1.0,0.2,29,47.9,22.5,52097.72,36083.9,100,0,-6.200000000000003,4.6000000000000085,-4.400000000000006,2.8000000000000114,1,0.0,0.0,0.0,0.0,0,80,8.5,11.9,80,-4.900000000000006,3.3000000000000114,-7.200000000000003,5.6000000000000085,6,0.0,0.0,0.0,0.0,60,100,7.3,9.0,100,-20.507761642463695,-32,31,,,1.0,32.0,31.0,0,31,,,1.0,32.0,31.0,0,263,,,1.0,32.0,31.0,0,4107,1.691933025458562,46.37715665433424,0.9285714285714286,32.642857142857146,49.92857142857143,2,4988,2.452489731345055,43.544601880614046,0.9411764705882353,33.470588235294116,45.588235294117645,5
2025-05-18 14:26:46.360677,138,55933.639323,14.446111111111112,2,39,61,1,-3.0,0.4000000000000057,4.6000000000000085,-22.299999999999997,-18.099999999999994,-2.4000000000000057,1.7999999999999972,-26.700000000000003,-22.5,0.0,0.0,0.2,1.0,0.2,29,47.9,22.5,52097.72,36083.9,100,0,-4.200000000000003,4.6000000000000085,-2.4000000000000057,2.8000000000000114,1,0.0,0.0,0.0,0.0,0,80,8.5,11.9,80,-2.9000000000000057,3.3000000000000114,-5.200000000000003,5.6000000000000085,6,0.0,0.0,0.0,0.0,60,100,7.3,9.0,100,-21.86745021221025,-39,33,,,1.0,39.0,2.0,0,33,,,1.0,39.0,2.0,0,265,,,1.0,39.0,2.0,0,4109,2.801360213828105,57.279681430345825,1.0,34.95238095238095,54.523809523809526,-8,4979,3.502306932031207,53.4440325516761,0.9615384615384616,33.88461538461539,50.23076923076923,-12
2025-05-18 14:37:26.163111,138,55293.836889,14.623888888888889,7,22,78,0,1.0,-3.5999999999999943,4.6000000000000085,-26.299999999999997,-18.099999999999994,-6.400000000000006,1.7999999999999972,-30.700000000000003,-22.5,0.0,0.0,0.2,1.0,0.2,29,47.9,22.5,52097.72,36083.9,100,0,-8.200000000000003,4.6000000000000085,-6.400000000000006,2.8000000000000114,1,0.0,0.0,0.0,0.0,0,80,8.5,11.9,80,-6.900000000000006,3.3000000000000114,-9.200000000000003,5.6000000000000085,6,0.0,0.0,0.0,0.0,60,100,7.3,9.0,100,-10.473764258555136,22,100,0.7071067811865476,60.81118318204309,0.0,21.5,50.0,1,100,0.7071067811865476,60.81118318204309,0.0,21.5,50.0,1,133,0.7071067811865476,60.81118318204309,0.0,21.5,50.0,1,3223,2.1865389045137937,66.08313667177848,0.5333333333333333,26.066666666666666,56.46666666666667,5,4812,3.19744521672827,50.719723210804744,0.41935483870967744,28.903225806451612,38.903225806451616,11
2025-05-18 14:37:26.163111,138,55293.836889,14.623888888888889,93,21,79,0,1.0,-3.5999999999999943,4.6000000000000085,-26.299999999999997,-18.099999999999994,-6.400000000000006,1.7999999999999972,-30.700000000000003,-22.5,0.0,0.0,0.2,1.0,0.2,29,47.9,22.5,52097.72,36083.9,100,0,-8.200000000000003,4.6000000000000085,-6.400000000000006,2.8000000000000114,1,0.0,0.0,0.0,0.0,0,80,8.5,11.9,80,-6.900000000000006,3.3000000000000114,-9.200000000000003,5.6000000000000085,6,0.0,0.0,0.0,0.0,60,100,7.3,9.0,100,-9.52981651376146,21,100,0.7071067811865476,60.81118318204309,0.0,21.5,50.0,1,100,0.7071067811865476,60.81118318204309,0.0,21.5,50.0,1,133,0.7071067811865476,60.81118318204309,0.0,21.5,50.0,1,3223,2.1865389045137937,66.08313667177848,0.5333333333333333,26.066666666666666,56.46666666666667,5,4812,3.19744521672827,50.719723210804744,0.41935483870967744,28.903225806451612,38.903225806451616,11
2025-05-18 14:44:01.510050,138,54898.48995,14.73361111111111,50,12,88,1,-5.0,2.4000000000000057,4.6000000000000085,-20.299999999999997,-18.099999999999994,-0.4000000000000057,1.7999999999999972,-24.700000000000003,-22.5,0.0,0.0,0.2,1.0,0.2,29,47.9,22.5,52097.72,36083.9,100,0,-2.200000000000003,4.6000000000000085,-0.4000000000000057,2.8000000000000114,1,0.0,0.0,0.0,0.0,0,80,8.5,11.9,80,-0.9000000000000057,3.3000000000000114,-3.200000000000003,5.6000000000000085,6,0.0,0.0,0.0,0.0,60,100,7.3,9.0,100,69.49981311904317,88,147,0.7071067811865476,33.23401871576773,1.0,12.5,73.5,-1,147,0.7071067811865476,33.23401871576773,1.0,12.5,73.5,-1,247,0.7071067811865476,33.23401871576773,1.0,12.5,73.5,-1,3306,2.1203380233664,52.96787548442295,0.8125,12.3125,57.5625,-2,4959,3.837033500890567,59.65369565917188,0.75,10.125,57.958333333333336,-10
2025-05-18 14:44:01.510050,138,54898.48995,14.73361111111111,97,13,87,1,-5.0,2.4000000000000057,4.6000000000000085,-20.299999999999997,-18.099999999999994,-0.4000000000000057,1.7999999999999972,-24.700000000000003,-22.5,0.0,0.0,0.2,1.0,0.2,29,47.9,22.5,52097.72,36083.9,100,0,-2.200000000000003,4.6000000000000085,-0.4000000000000057,2.8000000000000114,1,0.0,0.0,0.0,0.0,0,80,8.5,11.9,80,-0.9000000000000057,3.3000000000000114,-3.200000000000003,5.6000000000000085,6,0.0,0.0,0.0,0.0,60,100,7.3,9.0,100,68.82604205782951,87,147,0.7071067811865476,33.23401871576773,1.0,12.5,73.5,-1,147,0.7071067811865476,33.23401871576773,1.0,12.5,73.5,-1,247,0.7071067811865476,33.23401871576773,1.0,12.5,73.5,-1,3306,2.1203380233664,52.96787548442295,0.8125,12.3125,57.5625,-2,4959,3.837033500890567,59.65369565917188,0.75,10.125,57.958333333333336,-10
2025-05-18 14:44:45.323794,138,54854.676206,14.745833333333332,40,38,62,1,-3.0,0.4000000000000057,4.6000000000000085,-22.299999999999997,-18.099999999999994,-2.4000000000000057,1.7999999999999972,-26.700000000000003,-22.5,0.0,0.0,0.2,1.0,0.2,29,47.9,22.5,52097.72,36083.9,100,0,-4.200000000000003,4.6000000000000085,-2.4000000000000057,2.8000000000000114,1,0.0,0.0,0.0,0.0,0,80,8.5,11.9,80,-2.9000000000000057,3.3000000000000114,-5.200000000000003,5.6000000000000085,6,0.0,0.0,0.0,0.0,60,100,7.3,9.0,100,-20.881737994119568,-38,187,,,1.0,38.0,40.0,0,187,,,1.0,38.0,40.0,0,287,,,1.0,38.0,40.0,0,3346,1.3280573269766118,51.14604170820633,1.0,36.92857142857143,60.92857142857143,-3,4999,3.2956848243632857,52.86138622705759,1.0,34.30769230769231,51.38461538461539,-10
2025-05-18 14:45:35.512290,138,54804.48771,14.759722222222223,7,21,79,0,1.0,-3.5999999999999943,4.6000000000000085,-26.299999999999997,-18.099999999999994,-6.400000000000006,1.7999999999999972,-30.700000000000003,-22.5,0.0,0.0,0.2,1.0,0.2,29,47.9,22.5,52097.72,36083.9,100,0,-8.200000000000003,4.6000000000000085,-6.400000000000006,2.8000000000000114,1,0.0,0.0,0.0,0.0,0,80,8.5,11.9,80,-6.900000000000006,3.3000000000000114,-9.200000000000003,5.6000000000000085,6,0.0,0.0,0.0,0.0,60,100,7.3,9.0,100,-10.259259259259267,21,213,1.2909944487358056,6.855654600401044,0.0,19.5,6.5,2,213,1.2909944487358056,6.855654600401044,0.0,19.5,6.5,2,313,1.4719601443879746,35.67071628100563,0.0,20.166666666666668,21.0,3,3372,3.4002063920844465,61.98698222136872,0.42105263157894735,24.68421052631579,45.94736842105263,7,5025,4.287366628251195,48.82007783689002,0.37142857142857144,27.82857142857143,35.2,13
2025-05-18 14:45:35.512290,138,54804.48771,14.759722222222223,1,18,82,0,1.0,-3.5999999999999943,4.6000000000000085,-26.299999999999997,-18.099999999999994,-6.400000000000006,1.7999999999999972,-30.700000000000003,-22.5,0.0,0.0,0.2,1.0,0.2,29,47.9,22.5,52097.72,36083.9,100,0,-8.200000000000003,4.6000000000000085,-6.400000000000006,2.8000000000000114,1,0.0,0.0,0.0,0.0,0,80,8.5,11.9,80,-6.900000000000006,3.3000000000000114,-9.200000000000003,5.6000000000000085,6,0.0,0.0,0.0,0.0,60,100,7.3,9.0,100,-7.318708609271525,18,213,1.2909944487358056,6.855654600401044,0.0,19.5,6.5,2,213,1.2909944487358056,6.855654600401044,0.0,19.5,6.5,2,313,1.4719601443879746,35.67071628100563,0.0,20.166666666666668,21.0,3,3372,3.4002063920844465,61.98698222136872,0.42105263157894735,24.68421052631579,45.94736842105263,7,5025,4.287366628251195,48.82007783689002,0.37142857142857144,27.82857142857143,35.2,13
2025-05-18 14:45:35.512290,138,54804.48771,14.759722222222223,16,20,80,0,1.0,-3.5999999999999943,4.6000000000000085,-26.299999999999997,-18.099999999999994,-6.400000000000006,1.7999999999999972,-30.700000000000003,-22.5,0.0,0.0,0.2,1.0,0.2,29,47.9,22.5,52097.72,36083.9,100,0,-8.200000000000003,4.6000000000000085,-6.400000000000006,2.8000000000000114,1,0.0,0.0,0.0,0.0,0,80,8.5,11.9,80,-6.900000000000006,3.3000000000000114,-9.200000000000003,5.6000000000000085,6,0.0,0.0,0.0,0.0,60,100,7.3,9.0,100,-9.324772162386083,20,213,1.2909944487358056,6.855654600401044,0.0,19.5,6.5,2,213,1.2909944487358056,6.855654600401044,0.0,19.5,6.5,2,313,1.4719601443879746,35.67071628100563,0.0,20.166666666666668,21.0,3,3372,3.4002063920844465,61.98698222136872,0.42105263157894735,24.68421052631579,45.94736842105263,7,5025,4.287366628251195,48.82007783689002,0.37142857142857144,27.82857142857143,35.2,13
2025-05-18 14:45:35.512290,138,54804.48771,14.759722222222223,2,19,81,0,1.0,-3.5999999999999943,4.6000000000000085,-26.299999999999997,-18.099999999999994,-6.400000000000006,1.7999999999999972,-30.700000000000003,-22.5,0.0,0.0,0.2,1.0,0.2,29,47.9,22.5,52097.72,36083.9,100,0,-8.200000000000003,4.6000000000000085,-6.400000000000006,2.8000000000000114,1,0.0,0.0,0.0,0.0,0,80,8.5,11.9,80,-6.900000000000006,3.3000000000000114,-9.200000000000003,5.6000000000000085,6,0.0,0.0,0.0,0.0,60,100,7.3,9.0,100,-8.45004198152813,19,213,1.2909944487358056,6.855654600401044,0.0,19.5,6.5,2,213,1.2909944487358056,6.855654600401044,0.0,19.5,6.5,2,313,1.4719601443879746,35.67071628100563,0.0,20.166666666666668,21.0,3,3372,3.4002063920844465,61.98698222136872,0.42105263157894735,24.68421052631579,45.94736842105263,7,5025,4.287366628251195,48.82007783689002,0.37142857142857144,27.82857142857143,35.2,13
2025-05-18 14:47:47.852054,138,54672.147946,14.796388888888888,11,20,80,0,1.0,-3.5999999999999943,4.6000000000000085,-26.299999999999997,-18.099999999999994,-6.400000000000006,1.7999999999999972,-30.700000000000003,-22.5,0.0,0.0,0.2,1.0,0.2,29,47.9,22.5,52097.72,36083.9,100,0,-8.200000000000003,4.6000000000000085,-6.400000000000006,2.8000000000000114,1,0.0,0.0,0.0,0.0,0,80,8.5,11.9,80,-6.900000000000006,3.3000000000000114,-9.200000000000003,5.6000000000000085,6,0.0,0.0,0.0,0.0,60,100,7.3,9.0,100,-9.464255677039532,20,11,,,0.0,20.0,11.0,0,224,1.140175425099138,6.268971207462992,0.0,19.6,7.4,1,324,1.3451854182690988,32.78138263739112,0.0,20.142857142857142,19.571428571428573,2,3383,3.471310991541956,60.83766146583528,0.4,24.45,44.2,6,5036,4.422525314651139,48.286340044785284,0.3611111111111111,27.61111111111111,34.52777777777778,12
2025-05-18 14:50:12.597006,138,54527.402994,14.836666666666668,6,31,69,1,-1.0,-1.5999999999999943,4.6000000000000085,-24.299999999999997,-18.099999999999994,-4.400000000000006,1.7999999999999972,-28.700000000000003,-22.5,0.0,0.0,0.2,1.0,0.2,29,47.9,22.5,52097.72,36083.9,100,0,-6.200000000000003,4.6000000000000085,-4.400000000000006,2.8000000000000114,1,0.0,0.0,0.0,0.0,0,80,8.5,11.9,80,-4.900000000000006,3.3000000000000114,-7.200000000000003,5.6000000000000085,6,0.0,0.0,0.0,0.0,60,100,7.3,9.0,100,-19.83112919633774,-31,6,,,1.0,31.0,6.0,0,43,,,1.0,31.0,6.0,0,330,,,1.0,31.0,6.0,0,3339,1.2247448713915892,56.50221234606659,1.0,31.666666666666668,58.0,1,5042,2.4494897427831783,43.26272528046298,0.9444444444444444,33.333333333333336,43.388888888888886,6
2025-05-18 15:07:37.648192,138,53482.351808,15.126944444444446,122,18,82,0,1.0,-3.5999999999999943,3.3000000000000114,-26.299999999999997,-19.39999999999999,-6.400000000000006,0.5,-30.700000000000003,-23.799999999999997,0.0,0.0,0.2,1.0,0.2,29,47.9,22.5,52097.72,36083.9,100,0,-6.900000000000006,3.3000000000000114,-9.200000000000003,5.6000000000000085,6,0.0,0.0,0.0,0.0,60,100,7.3,9.0,100,-7.5,3.9000000000000057,-8.5,4.900000000000006,8,0.0,0.0,0.0,0.0,61,83,10.4,14.0,83,-7.55263157894737,18,122,,,0.0,18.0,122.0,0,122,,,0.0,18.0,122.0,0,122,,,0.0,18.0,122.0,0,1010,1.4577379737113252,47.249905517668196,0.0,19.875,32.375,4,4734,4.594545514503962,51.89954238719259,0.36363636363636365,26.78787878787879,38.0,14
2025-05-18 15:08:57.563665,138,53402.436335,15.149166666666666,6,15,85,1,3.0,-5.599999999999994,3.3000000000000114,-28.299999999999997,-19.39999999999999,-8.400000000000006,0.5,-32.7,-23.799999999999997,0.0,0.0,0.2,1.0,0.2,29,47.9,22.5,52097.72,36083.9,100,0,-8.900000000000006,3.3000000000000114,-11.200000000000003,5.6000000000000085,6,0.0,0.0,0.0,0.0,60,100,7.3,9.0,100,-9.5,3.9000000000000057,-10.5,4.900000000000006,8,0.0,0.0,0.0,0.0,61,83,10.4,14.0,83,-10.51311475409836,-15,128,,,1.0,15.0,6.0,0,128,,,1.0,15.0,6.0,0,128,,,1.0,15.0,6.0,0,878,,,1.0,15.0,6.0,0,4740,3.720119045714225,17.195825905475683,0.375,5.875,28.625,-11
2025-05-18 15:10:11.256925,138,53328.743075,15.169722222222221,8,14,86,0,-5.0,2.4000000000000057,3.3000000000000114,-20.299999999999997,-19.39999999999999,-0.4000000000000057,0.5,-24.700000000000003,-23.799999999999997,0.0,0.0,0.2,1.0,0.2,29,47.9,22.5,52097.72,36083.9,100,0,-0.9000000000000057,3.3000000000000114,-3.200000000000003,5.6000000000000085,6,0.0,0.0,0.0,0.0,60,100,7.3,9.0,100,-1.5,3.9000000000000057,-2.5,4.900000000000006,8,0.0,0.0,0.0,0.0,61,83,10.4,14.0,83,68.45855045002368,-86,14,,,0.0,14.0,8.0,0,136,,,0.0,14.0,8.0,0,136,,,0.0,14.0,8.0,0,731,2.6394443859772205,50.83601085844561,0.3333333333333333,11.166666666666666,64.5,-2,4698,3.5985101587071893,60.50726091295494,0.75,10.583333333333334,56.208333333333336,-11
2025-05-18 15:10:11.406768,138,53328.593232,15.169722222222221,5,37,63,1,-3.0,0.4000000000000057,3.3000000000000114,-22.299999999999997,-19.39999999999999,-2.4000000000000057,0.5,-26.700000000000003,-23.799999999999997,0.0,0.0,0.2,1.0,0.2,29,47.9,22.5,52097.72,36083.9,100,0,-2.9000000000000057,3.3000000000000114,-5.200000000000003,5.6000000000000085,6,0.0,0.0,0.0,0.0,60,100,7.3,9.0,100,-3.5,3.9000000000000057,-4.5,4.900000000000006,8,0.0,0.0,0.0,0.0,61,83,10.4,14.0,83,-20.1582257530619,-37,19,,,1.0,37.0,5.0,0,141,,,1.0,37.0,5.0,0,141,,,1.0,37.0,5.0,0,736,1.0,21.1266025033211,1.0,38.0,15.666666666666666,2,4703,2.7741038505998734,55.63862081757791,1.0,35.17391304347826,51.73913043478261,-6
2025-05-18 15:13:50.439344,138,53109.560656,15.230555555555556,45,19,81,0,1.0,-3.5999999999999943,3.3000000000000114,-26.299999999999997,-19.39999999999999,-6.400000000000006,0.5,-30.700000000000003,-23.799999999999997,0.0,0.0,0.2,1.0,0.2,29,47.9,22.5,52097.72,36083.9,100,0,-6.900000000000006,3.3000000000000114,-9.200000000000003,5.6000000000000085,6,0.0,0.0,0.0,0.0,60,100,7.3,9.0,100,-7.5,3.9000000000000057,-8.5,4.900000000000006,8,0.0,0.0,0.0,0.0,61,83,10.4,14.0,83,-9.425189393939391,19,45,,,0.0,19.0,45.0,0,64,,,0.0,19.0,45.0,0,186,0.7071067811865476,54.44722215136416,0.0,18.5,83.5,-1,549,1.3944333775567925,44.398135596491485,0.0,19.77777777777778,33.77777777777778,3,4698,4.5492199659777475,53.4715414695185,0.26666666666666666,25.833333333333332,41.63333333333333,13
2025-05-18 15:14:02.731737,138,53097.268263,15.233888888888888,12,16,84,0,1.0,-3.5999999999999943,3.3000000000000114,-26.299999999999997,-19.39999999999999,-6.400000000000006,0.5,-30.700000000000003,-23.799999999999997,0.0,0.0,0.2,1.0,0.2,29,47.9,22.5,52097.72,36083.9,100,0,-6.900000000000006,3.3000000000000114,-9.200000000000003,5.6000000000000085,6,0.0,0.0,0.0,0.0,60,100,7.3,9.0,100,-7.5,3.9000000000000057,-8.5,4.900000000000006,8,0.0,0.0,0.0,0.0,61,83,10.4,14.0,83,-6.84470820969338,16,85,1.2909944487358056,19.085334683992315,0.0,17.5,21.25,2,98,1.2909944487358056,19.085334683992315,0.0,17.5,21.25,2,226,1.140175425099138,47.992707779411646,0.0,17.6,41.4,1,589,1.7816403745544227,39.37080906027467,0.0,19.083333333333332,28.666666666666668,5,4738,5.046563487196315,51.672610850635486,0.24242424242424243,25.03030303030303,39.06060606060606,15
2025-05-18 15:14:02.731737,138,53097.268263,15.233888888888888,27,18,82,0,1.0,-3.5999999999999943,3.3000000000000114,-26.299999999999997,-19.39999999999999,-6.400000000000006,0.5,-30.700000000000003,-23.799999999999997,0.0,0.0,0.2,1.0,0.2,29,47.9,22.5,52097.72,36083.9,100,0,-6.900000000000006,3.3000000000000114,-9.200000000000003,5.6000000000000085,6,0.0,0.0,0.0,0.0,60,100,7.3,9.0,100,-7.5,3.9000000000000057,-8.5,4.900000000000006,8,0.0,0.0,0.0,0.0,61,83,10.4,14.0,83,-8.926926926926924,18,85,1.2909944487358056,19.085334683992315,0.0,17.5,21.25,2,98,1.2909944487358056,19.085334683992315,0.0,17.5,21.25,2,226,1.140175425099138,47.992707779411646,0.0,17.6,41.4,1,589,1.7816403745544227,39.37080906027467,0.0,19.083333333333332,28.666666666666668,5,4738,5.046563487196315,51.672610850635486,0.24242424242424243,25.03030303030303,39.06060606060606,15
2025-05-18 15:14:02.731737,138,53097.268263,15.233888888888888,1,17,83,0,1.0,-3.5999999999999943,3.3000000000000114,-26.299999999999997,-19.39999999999999,-6.400000000000006,0.5,-30.700000000000003,-23.799999999999997,0.0,0.0,0.2,1.0,0.2,29,47.9,22.5,52097.72,36083.9,100,0,-6.900000000000006,3.3000000000000114,-9.200000000000003,5.6000000000000085,6,0.0,0.0,0.0,0.0,60,100,7.3,9.0,100,-7.5,3.9000000000000057,-8.5,4.900000000000006,8,0.0,0.0,0.0,0.0,61,83,10.4,14.0,83,-8.174897119341566,17,85,1.2909944487358056,19.085334683992315,0.0,17.5,21.25,2,98,1.2909944487358056,19.085334683992315,0.0,17.5,21.25,2,226,1.140175425099138,47.992707779411646,0.0,17.6,41.4,1,589,1.7816403745544227,39.37080906027467,0.0,19.083333333333332,28.666666666666668,5,4738,5.046563487196315,51.672610850635486,0.24242424242424243,25.03030303030303,39.06060606060606,15
2025-05-18 15:16:12.133676,138,52967.866324,15.270000000000001,50,45,55,1,-3.0,0.4000000000000057,3.3000000000000114,-22.299999999999997,-19.39999999999999,-2.4000000000000057,0.5,-26.700000000000003,-23.799999999999997,0.0,0.0,0.2,1.0,0.2,29,47.9,22.5,52097.72,36083.9,100,0,-2.9000000000000057,3.3000000000000114,-5.200000000000003,5.6000000000000085,6,0.0,0.0,0.0,0.0,60,100,7.3,9.0,100,-3.5,3.9000000000000057,-4.5,4.900000000000006,8,0.0,0.0,0.0,0.0,61,83,10.4,14.0,83,-28.19164456233422,-45,207,2.9113897843110044,31.91581187466563,1.0,45.142857142857146,29.571428571428573,0,292,2.9113897843110044,31.91581187466563,1.0,45.142857142857146,29.571428571428573,0,433,3.943801646707328,30.798886807341407,1.0,44.125,26.5,-8,796,4.216370213557839,28.694560072908903,1.0,43.0,25.4,-6,4945,5.097328576881194,51.47927827732264,1.0,37.5,46.56666666666667,-14
2025-05-18 15:16:12.133676,138,52967.866324,15.270000000000001,25,47,53,1,-3.0,0.4000000000000057,3.3000000000000114,-22.299999999999997,-19.39999999999999,-2.4000000000000057,0.5,-26.700000000000003,-23.799999999999997,0.0,0.0,0.2,1.0,0.2,29,47.9,22.5,52097.72,36083.9,100,0,-2.9000000000000057,3.3000000000000114,-5.200000000000003,5.6000000000000085,6,0.0,0.0,0.0,0.0,60,100,7.3,9.0,100,-3.5,3.9000000000000057,-4.5,4.900000000000006,8,0.0,0.0,0.0,0.0,61,83,10.4,14.0,83,-30.666891436277815,-47,207,2.9113897843110044,31.91581187466563,1.0,45.142857142857146,29.571428571428573,0,292,2.9113897843110044,31.91581187466563,1.0,45.142857142857146,29.571428571428573,0,433,3.943801646707328,30.798886807341407,1.0,44.125,26.5,-8,796,4.216370213557839,28.694560072908903,1.0,43.0,25.4,-6,4945,5.097328576881194,51.47927827732264,1.0,37.5,46.56666666666667,-14
2025-05-18 15:16:12.133676,138,52967.866324,15.270000000000001,13,39,61,1,-3.0,0.4000000000000057,3.3000000000000114,-22.299999999999997,-19.39999999999999,-2.4000000000000057,0.5,-26.700000000000003,-23.799999999999997,0.0,0.0,0.2,1.0,0.2,29,47.9,22.5,52097.72,36083.9,100,0,-2.9000000000000057,3.3000000000000114,-5.200000000000003,5.6000000000000085,6,0.0,0.0,0.0,0.0,60,100,7.3,9.0,100,-3.5,3.9000000000000057,-4.5,4.900000000000006,8,0.0,0.0,0.0,0.0,61,83,10.4,14.0,83,-22.92757565453927,-39,207,2.9113897843110044,31.91581187466563,1.0,45.142857142857146,29.571428571428573,0,292,2.9113897843110044,31.91581187466563,1.0,45.142857142857146,29.571428571428573,0,433,3.943801646707328,30.798886807341407,1.0,44.125,26.5,-8,796,4.216370213557839,28.694560072908903,1.0,43.0,25.4,-6,4945,5.097328576881194,51.47927827732264,1.0,37.5,46.56666666666667,-14
2025-05-18 15:16:12.133676,138,52967.866324,15.270000000000001,7,46,54,1,-3.0,0.4000000000000057,3.3000000000000114,-22.299999999999997,-19.39999999999999,-2.4000000000000057,0.5,-26.700000000000003,-23.799999999999997,0.0,0.0,0.2,1.0,0.2,29,47.9,22.5,52097.72,36083.9,100,0,-2.9000000000000057,3.3000000000000114,-5.200000000000003,5.6000000000000085,6,0.0,0.0,0.0,0.0,60,100,7.3,9.0,100,-3.5,3.9000000000000057,-4.5,4.900000000000006,8,0.0,0.0,0.0,0.0,61,83,10.4,14.0,83,-30.029371584699454,-46,207,2.9113897843110044,31.91581187466563,1.0,45.142857142857146,29.571428571428573,0,292,2.9113897843110044,31.91581187466563,1.0,45.142857142857146,29.571428571428573,0,433,3.943801646707328,30.798886807341407,1.0,44.125,26.5,-8,796,4.216370213557839,28.694560072908903,1.0,43.0,25.4,-6,4945,5.097328576881194,51.47927827732264,1.0,37.5,46.56666666666667,-14
2025-05-18 15:16:12.133676,138,52967.866324,15.270000000000001,93,48,52,1,-3.0,0.4000000000000057,3.3000000000000114,-22.299999999999997,-19.39999999999999,-2.4000000000000057,0.5,-26.700000000000003,-23.799999999999997,0.0,0.0,0.2,1.0,0.2,29,47.9,22.5,52097.72,36083.9,100,0,-2.9000000000000057,3.3000000000000114,-5.200000000000003,5.6000000000000085,6,0.0,0.0,0.0,0.0,60,100,7.3,9.0,100,-3.5,3.9000000000000057,-4.5,4.900000000000006,8,0.0,0.0,0.0,0.0,61,83,10.4,14.0,83,-32.10133515919206,-48,207,2.9113897843110044,31.91581187466563,1.0,45.142857142857146,29.571428571428573,0,292,2.9113897843110044,31.91581187466563,1.0,45.142857142857146,29.571428571428573,0,433,3.943801646707328,30.798886807341407,1.0,44.125,26.5,-8,796,4.216370213557839,28.694560072908903,1.0,43.0,25.4,-6,4945,5.097328576881194,51.47927827732264,1.0,37.5,46.56666666666667,-14
2025-05-18 15:16:12.133676,138,52967.866324,15.270000000000001,15,46,54,1,-3.0,0.4000000000000057,3.3000000000000114,-22.299999999999997,-19.39999999999999,-2.4000000000000057,0.5,-26.700000000000003,-23.799999999999997,0.0,0.0,0.2,1.0,0.2,29,47.9,22.5,52097.72,36083.9,100,0,-2.9000000000000057,3.3000000000000114,-5.200000000000003,5.6000000000000085,6,0.0,0.0,0.0,0.0,60,100,7.3,9.0,100,-3.5,3.9000000000000057,-4.5,4.900000000000006,8,0.0,0.0,0.0,0.0,61,83,10.4,14.0,83,-31.157001414427157,-46,207,2.9113897843110044,31.91581187466563,1.0,45.142857142857146,29.571428571428573,0,292,2.9113897843110044,31.91581187466563,1.0,45.142857142857146,29.571428571428573,0,433,3.943801646707328,30.798886807341407,1.0,44.125,26.5,-8,796,4.216370213557839,28.694560072908903,1.0,43.0,25.4,-6,4945,5.097328576881194,51.47927827732264,1.0,37.5,46.56666666666667,-14
2025-05-18 15:16:12.133676,138,52967.866324,15.270000000000001,4,45,55,1,-3.0,0.4000000000000057,3.3000000000000114,-22.299999999999997,-19.39999999999999,-2.4000000000000057,0.5,-26.700000000000003,-23.799999999999997,0.0,0.0,0.2,1.0,0.2,29,47.9,22.5,52097.72,36083.9,100,0,-2.9000000000000057,3.3000000000000114,-5.200000000000003,5.6000000000000085,6,0.0,0.0,0.0,0.0,60,100,7.3,9.0,100,-3.5,3.9000000000000057,-4.5,4.900000000000006,8,0.0,0.0,0.0,0.0,61,83,10.4,14.0,83,-30.323142552435122,-45,207,2.9113897843110044,31.91581187466563,1.0,45.142857142857146,29.571428571428573,0,292,2.9113897843110044,31.91581187466563,1.0,45.142857142857146,29.571428571428573,0,433,3.943801646707328,30.798886807341407,1.0,44.125,26.5,-8,796,4.216370213557839,28.694560072908903,1.0,43.0,25.4,-6,4945,5.097328576881194,51.47927827732264,1.0,37.5,46.56666666666667,-14
2025-05-18 15:18:14.793674,138,52845.206326,15.30388888888889,13,14,86,1,-5.0,2.4000000000000057,3.3000000000000114,-20.299999999999997,-19.39999999999999,-0.4000000000000057,0.5,-24.700000000000003,-23.799999999999997,0.0,0.0,0.2,1.0,0.2,29,47.9,22.5,52097.72,36083.9,100,0,-0.9000000000000057,3.3000000000000114,-3.200000000000003,5.6000000000000085,6,0.0,0.0,0.0,0.0,60,100,7.3,9.0,100,-1.5,3.9000000000000057,-2.5,4.900000000000006,8,0.0,0.0,0.0,0.0,61,83,10.4,14.0,83,68.51047691286622,86,13,,,1.0,14.0,13.0,0,305,,,1.0,14.0,13.0,0,446,0.0,3.5355339059327378,0.5,14.0,10.5,0,809,0.9574271077563381,41.17442571953291,0.75,13.25,42.0,-2,4958,3.2767848328170266,61.140370685302784,0.7916666666666666,11.041666666666666,54.666666666666664,-8
2025-05-18 15:18:33.020206,138,52826.979794,15.309166666666668,10,47,53,1,-3.0,0.4000000000000057,3.3000000000000114,-22.299999999999997,-19.39999999999999,-2.4000000000000057,0.5,-26.700000000000003,-23.799999999999997,0.0,0.0,0.2,1.0,0.2,29,47.9,22.5,52097.72,36083.9,100,0,-2.9000000000000057,3.3000000000000114,-5.200000000000003,5.6000000000000085,6,0.0,0.0,0.0,0.0,60,100,7.3,9.0,100,-3.5,3.9000000000000057,-4.5,4.900000000000006,8,0.0,0.0,0.0,0.0,61,83,10.4,14.0,83,-32.36632253470986,-47,23,,,1.0,47.0,10.0,0,315,2.774243783705493,30.34768760312955,1.0,45.375,27.125,-2,456,3.8115322086764243,29.33001875212493,1.0,44.44444444444444,24.666666666666668,-10,819,4.177863742936748,27.615213198525193,1.0,43.36363636363637,24.0,-8,4968,5.294143650227799,51.0383368455222,1.0,37.806451612903224,45.38709677419355,-16
2025-05-18 15:25:30.935988,138,52409.064012,15.424999999999999,20,25,75,0,-1.0,-1.5999999999999943,3.3000000000000114,-24.299999999999997,-19.39999999999999,-4.400000000000006,0.5,-28.700000000000003,-23.799999999999997,0.0,0.0,0.2,1.0,0.2,29,47.9,22.5,52097.72,36083.9,100,0,-4.900000000000006,3.3000000000000114,-7.200000000000003,5.6000000000000085,6,0.0,0.0,0.0,0.0,60,100,7.3,9.0,100,-5.5,3.9000000000000057,-6.5,4.900000000000006,8,0.0,0.0,0.0,0.0,61,83,10.4,14.0,83,-13.891836734693882,25,20,,,0.0,25.0,20.0,0,20,,,0.0,25.0,20.0,0,335,,,0.0,25.0,20.0,0,808,4.242640687119285,9.899494936611665,0.5,28.0,13.0,6,4915,2.489143092177172,45.052145712866256,0.875,32.0625,45.3125,9
2025-05-18 15:28:50.639243,138,52209.360757,15.480555555555556,10,40,60,0,-3.0,0.4000000000000057,3.3000000000000114,-22.299999999999997,-19.39999999999999,-2.4000000000000057,0.5,-26.700000000000003,-23.799999999999997,0.0,0.0,0.2,1.0,0.2,29,47.9,22.5,52097.72,36083.9,100,0,-2.9000000000000057,3.3000000000000114,-5.200000000000003,5.6000000000000085,6,0.0,0.0,0.0,0.0,60,100,7.3,9.0,100,-3.5,3.9000000000000057,-4.5,4.900000000000006,8,0.0,0.0,0.0,0.0,61,83,10.4,14.0,83,-25.48195784208646,40,10,,,0.0,40.0,10.0,0,30,,,0.0,40.0,10.0,0,300,3.1534813214040835,28.955905173978664,0.8888888888888888,44.77777777777778,25.22222222222222,5,816,4.083225106790865,27.078001806229754,0.9090909090909091,43.45454545454545,24.727272727272727,-2,4925,5.222470061990504,50.5965919896562,0.96875,37.875,44.28125,-9
2025-05-18 15:31:41.760549,138,52038.239451,15.528055555555556,5,35,65,1,-3.0,0.4000000000000057,3.3000000000000114,-22.299999999999997,-19.39999999999999,-2.4000000000000057,0.5,-26.700000000000003,-23.799999999999997,0.0,0.0,0.2,1.0,0.2,29,47.9,22.5,52097.72,36083.9,100,0,-2.9000000000000057,3.3000000000000114,-5.200000000000003,5.6000000000000085,6,0.0,0.0,0.0,0.0,60,100,7.3,9.0,100,-3.5,3.9000000000000057,-4.5,4.900000000000006,8,0.0,0.0,0.0,0.0,61,83,10.4,14.0,83,-20.573323771961277,-35,5,,,1.0,35.0,5.0,0,15,3.5355339059327378,3.5355339059327378,0.5,37.5,7.5,5,58,6.027713773341708,2.8867513459481287,0.6666666666666666,40.666666666666664,8.333333333333334,12,821,4.594957710756037,26.438464861682576,0.9166666666666666,42.75,23.083333333333332,3,4930,5.164527905321887,50.26701430632942,0.9696969696969697,37.78787878787879,43.09090909090909,-4
2025-05-18 15:31:52.620317,138,52027.379683,15.531111111111112,8,10,90,1,-5.0,2.4000000000000057,3.3000000000000114,-20.299999999999997,-19.39999999999999,-0.4000000000000057,0.5,-24.700000000000003,-23.799999999999997,0.0,0.0,0.2,1.0,0.2,29,47.9,22.5,52097.72,36083.9,100,0,-0.9000000000000057,3.3000000000000114,-3.200000000000003,5.6000000000000085,6,0.0,0.0,0.0,0.0,60,100,7.3,9.0,100,-1.5,3.9000000000000057,-2.5,4.900000000000006,8,0.0,0.0,0.0,0.0,61,83,10.4,14.0,83,72.59502563128916,90,13,,,1.0,10.0,8.0,0,23,,,1.0,10.0,8.0,0,66,2.8284271247461903,3.5355339059327378,1.0,12.0,10.5,4,829,1.6733200530681511,38.76467464070865,0.8,12.6,35.2,2,4657,3.2145502536643185,60.57639804412276,0.8,11.0,52.8,-4
2025-05-18 15:36:55.668298,138,51724.331702,15.615277777777777,7,34,66,0,-3.0,0.4000000000000057,3.3000000000000114,-22.299999999999997,-19.39999999999999,-2.4000000000000057,0.5,-26.700000000000003,-23.799999999999997,0.0,0.0,0.2,1.0,0.2,29,47.9,22.5,52097.72,36083.9,100,0,-2.9000000000000057,3.3000000000000114,-5.200000000000003,5.6000000000000085,6,0.0,0.0,0.0,0.0,60,100,7.3,9.0,100,-3.5,3.9000000000000057,-4.5,4.900000000000006,8,0.0,0.0,0.0,0.0,61,83,10.4,14.0,83,-19.61027298850574,34,7,,,0.0,34.0,7.0,0,7,,,0.0,34.0,7.0,0,50,3.214550253664318,2.516611478423583,0.3333333333333333,36.333333333333336,7.333333333333333,6,836,5.0242999257199745,25.702938074100125,0.8461538461538461,42.07692307692308,21.846153846153847,4,3959,4.5905066520757085,44.601157244103284,0.9285714285714286,39.035714285714285,40.17857142857143,0
2025-05-18 15:37:01.862374,138,51718.137626,15.616944444444444,2,35,65,0,-3.0,0.4000000000000057,3.3000000000000114,-22.299999999999997,-19.39999999999999,-2.4000000000000057,0.5,-26.700000000000003,-23.799999999999997,0.0,0.0,0.2,1.0,0.2,29,47.9,22.5,52097.72,36083.9,100,0,-2.9000000000000057,3.3000000000000114,-5.200000000000003,5.6000000000000085,6,0.0,0.0,0.0,0.0,60,100,7.3,9.0,100,-3.5,3.9000000000000057,-4.5,4.900000000000006,8,0.0,0.0,0.0,0.0,61,83,10.4,14.0,83,-20.65970471732085,35,9,0.7071067811865476,3.5355339059327378,0.0,34.5,4.5,-1,9,0.7071067811865476,3.5355339059327378,0.0,34.5,4.5,-1,52,2.70801280154532,3.366501646120693,0.25,36.0,6.0,5,838,5.184507775972651,25.25779174742012,0.7857142857142857,41.57142857142857,20.428571428571427,3,3961,4.5696579083137925,44.367559044492204,0.896551724137931,38.89655172413793,38.86206896551724,-1
2025-05-18 15:38:14.932259,138,51645.067741,15.637222222222222,4,27,73,0,-1.0,-1.5999999999999943,3.3000000000000114,-24.299999999999997,-19.39999999999999,-4.400000000000006,0.5,-28.700000000000003,-23.799999999999997,0.0,0.0,0.2,1.0,0.2,29,47.9,22.5,52097.72,36083.9,100,0,-4.900000000000006,3.3000000000000114,-7.200000000000003,5.6000000000000085,6,0.0,0.0,0.0,0.0,60,100,7.3,9.0,100,-5.5,3.9000000000000057,-6.5,4.900000000000006,8,0.0,0.0,0.0,0.0,61,83,10.4,14.0,83,-16.035051546391756,27,49,0.7071067811865476,22.627416997969522,0.0,27.5,20.0,-1,49,0.7071067811865476,22.627416997969522,0.0,27.5,20.0,-1,92,1.5275252316519465,16.0,0.0,26.666666666666668,20.0,-3,778,2.5,14.82115605027714,0.25,27.75,16.5,3,4001,2.55489188175792,47.59674935802391,0.7142857142857143,30.714285714285715,47.714285714285715,6
2025-05-18 15:38:14.932259,138,51645.067741,15.637222222222222,36,28,72,0,-1.0,-1.5999999999999943,3.3000000000000114,-24.299999999999997,-19.39999999999999,-4.400000000000006,0.5,-28.700000000000003,-23.799999999999997,0.0,0.0,0.2,1.0,0.2,29,47.9,22.5,52097.72,36083.9,100,0,-4.900000000000006,3.3000000000000114,-7.200000000000003,5.6000000000000085,6,0.0,0.0,0.0,0.0,60,100,7.3,9.0,100,-5.5,3.9000000000000057,-6.5,4.900000000000006,8,0.0,0.0,0.0,0.0,61,83,10.4,14.0,83,-17.068181818181813,28,49,0.7071067811865476,22.627416997969522,0.0,27.5,20.0,-1,49,0.7071067811865476,22.627416997969522,0.0,27.5,20.0,-1,92,1.5275252316519465,16.0,0.0,26.666666666666668,20.0,-3,778,2.5,14.82115605027714,0.25,27.75,16.5,3,4001,2.55489188175792,47.59674935802391,0.7142857142857143,30.714285714285715,47.714285714285715,6
2025-05-18 15:38:32.277295,138,51627.722705,15.642222222222221,36,28,72,1,-1.0,-1.5999999999999943,3.3000000000000114,-24.299999999999997,-19.39999999999999,-4.400000000000006,0.5,-28.700000000000003,-23.799999999999997,0.0,0.0,0.2,1.0,0.2,29,47.9,22.5,52097.72,36083.9,100,0,-4.900000000000006,3.3000000000000114,-7.200000000000003,5.6000000000000085,6,0.0,0.0,0.0,0.0,60,100,7.3,9.0,100,-5.5,3.9000000000000057,-6.5,4.900000000000006,8,0.0,0.0,0.0,0.0,61,83,10.4,14.0,83,-17.391578947368423,-28,135,0.5,19.485036994233976,0.5,27.75,31.5,-1,135,0.5,19.485036994233976,0.5,27.75,31.5,-1,178,1.30384048104053,17.640861656959956,0.4,27.2,29.2,-3,864,1.9407902170679516,18.40289832245635,0.5,27.833333333333332,25.333333333333332,3,4059,2.5527762664727724,44.41302361545166,0.75,30.375,47.125,6
2025-05-18 15:38:32.277295,138,51627.722705,15.642222222222221,50,28,72,1,-1.0,-1.5999999999999943,3.3000000000000114,-24.299999999999997,-19.39999999999999,-4.400000000000006,0.5,-28.700000000000003,-23.799999999999997,0.0,0.0,0.2,1.0,0.2,29,47.9,22.5,52097.72,36083.9,100,0,-4.900000000000006,3.3000000000000114,-7.200000000000003,5.6000000000000085,6,0.0,0.0,0.0,0.0,60,100,7.3,9.0,100,-5.5,3.9000000000000057,-6.5,4.900000000000006,8,0.0,0.0,0.0,0.0,61,83,10.4,14.0,83,-17.727467811158796,-28,135,0.5,19.485036994233976,0.5,27.75,31.5,-1,135,0.5,19.485036994233976,0.5,27.75,31.5,-1,178,1.30384048104053,17.640861656959956,0.4,27.2,29.2,-3,864,1.9407902170679516,18.40289832245635,0.5,27.833333333333332,25.333333333333332,3,4059,2.5527762664727724,44.41302361545166,0.75,30.375,47.125,6
2025-05-18 15:43:40.452264,138,51319.547736,15.727777777777778,50,32,68,1,-1.0,-1.5999999999999943,3.3000000000000114,-24.299999999999997,-19.39999999999999,-4.400000000000006,0.5,-28.700000000000003,-23.799999999999997,0.0,0.0,0.2,1.0,0.2,29,47.9,22.5,52097.72,36083.9,100,0,-4.900000000000006,3.3000000000000114,-7.200000000000003,5.6000000000000085,6,0.0,0.0,0.0,0.0,60,100,7.3,9.0,100,-5.5,3.9000000000000057,-6.5,4.900000000000006,8,0.0,0.0,0.0,0.0,61,83,10.4,14.0,83,-22.216097023153253,-32,50,,,1.0,32.0,50.0,0,50,,,1.0,32.0,50.0,0,208,1.9493588689617927,18.793615937333612,0.6,28.6,35.2,-5,914,2.370453040886408,19.21309077537649,0.5714285714285714,28.428571428571427,28.857142857142858,-1,4073,2.4083189157584592,44.31703961232068,0.8125,30.25,48.0,-1
2025-05-18 15:56:55.961432,138,50524.038568,15.948611111111111,2,42,58,1,-3.0,0.4000000000000057,3.3000000000000114,-22.299999999999997,-19.39999999999999,-2.4000000000000057,0.5,-26.700000000000003,-23.799999999999997,0.0,0.0,0.2,1.0,0.2,29,47.9,22.5,52097.72,36083.9,100,0,-2.9000000000000057,3.3000000000000114,-5.200000000000003,5.6000000000000085,6,0.0,0.0,0.0,0.0,60,100,7.3,9.0,100,-3.5,3.9000000000000057,-4.5,4.900000000000006,8,0.0,0.0,0.0,0.0,61,83,10.4,14.0,83,-27.674594594594595,-42,2,,,1.0,42.0,2.0,0,2,,,1.0,42.0,2.0,0,52,,,1.0,42.0,2.0,0,686,5.0817492878118085,25.03360378933322,0.7857142857142857,41.857142857142854,17.714285714285715,-5,3254,4.414138124777631,46.62830107926367,0.8846153846153846,39.73076923076923,39.96153846153846,-7
2025-05-18 16:04:37.050666,138,50062.949334,16.076944444444443,31,21,79,1,1.0,-3.5999999999999943,3.9000000000000057,-26.299999999999997,-18.799999999999997,-6.400000000000006,1.0999999999999943,-30.700000000000003,-23.200000000000003,0.0,0.0,0.2,1.0,0.2,29,47.9,22.5,52097.72,36083.9,100,0,-7.5,3.9000000000000057,-8.5,4.900000000000006,8,0.0,0.0,0.0,0.0,61,83,10.4,14.0,83,-3.5999999999999943,0.0,-7.799999999999997,4.200000000000003,11,0.0,0.0,0.0,0.0,99,99,14.6,32.4,32,-12.183316168898044,-21,31,,,1.0,21.0,31.0,0,31,,,1.0,21.0,31.0,0,33,,,1.0,21.0,31.0,0,717,1.7224014243685084,43.135445594854666,0.16666666666666666,18.166666666666668,39.666666666666664,-3,1882,1.7867030229749128,37.700234645260394,0.07692307692307693,19.23076923076923,28.846153846153847,1
2025-05-18 16:06:26.822722,138,49953.177278,16.107222222222223,10,23,77,0,1.0,-3.5999999999999943,3.9000000000000057,-26.299999999999997,-18.799999999999997,-6.400000000000006,1.0999999999999943,-30.700000000000003,-23.200000000000003,0.0,0.0,0.2,1.0,0.2,29,47.9,22.5,52097.72,36083.9,100,0,-7.5,3.9000000000000057,-8.5,4.900000000000006,8,0.0,0.0,0.0,0.0,61,83,10.4,14.0,83,-3.5999999999999943,0.0,-7.799999999999997,4.200000000000003,11,0.0,0.0,0.0,0.0,99,99,14.6,32.4,32,-14.585106382978722,23,41,1.4142135623730951,14.849242404917497,0.5,22.0,20.5,-2,41,1.4142135623730951,14.849242404917497,0.5,22.0,20.5,-2,43,1.4142135623730951,14.849242404917497,0.5,22.0,20.5,-2,727,2.410295378065479,40.9424683462748,0.14285714285714285,18.857142857142858,35.42857142857143,-5,1892,1.9903613896824017,36.56974369401779,0.07142857142857142,19.5,27.5,-1
2025-05-18 16:11:38.844744,138,49641.155256,16.19388888888889,50,18,82,1,3.0,-5.599999999999994,3.9000000000000057,-28.299999999999997,-18.799999999999997,-8.400000000000006,1.0999999999999943,-32.7,-23.200000000000003,0.0,0.0,0.2,1.0,0.2,29,47.9,22.5,52097.72,36083.9,100,0,-9.5,3.9000000000000057,-10.5,4.900000000000006,8,0.0,0.0,0.0,0.0,61,83,10.4,14.0,83,-5.599999999999994,0.0,-9.799999999999997,4.200000000000003,11,0.0,0.0,0.0,0.0,99,99,14.6,32.4,32,-13.56507413509061,-18,50,,,1.0,18.0,50.0,0,50,,,1.0,18.0,50.0,0,93,,,1.0,18.0,50.0,0,636,,,1.0,18.0,50.0,0,1372,2.1213203435596424,31.11269837220809,1.0,16.5,28.0,-3
2025-05-18 16:11:38.907974,138,49641.092026,16.19388888888889,14,19,81,0,1.0,-3.5999999999999943,3.9000000000000057,-26.299999999999997,-18.799999999999997,-6.400000000000006,1.0999999999999943,-30.700000000000003,-23.200000000000003,0.0,0.0,0.2,1.0,0.2,29,47.9,22.5,52097.72,36083.9,100,0,-7.5,3.9000000000000057,-8.5,4.900000000000006,8,0.0,0.0,0.0,0.0,61,83,10.4,14.0,83,-3.5999999999999943,0.0,-7.799999999999997,4.200000000000003,11,0.0,0.0,0.0,0.0,99,99,14.6,32.4,32,-10.741935483870975,19,64,,,0.0,19.0,14.0,0,64,,,0.0,19.0,14.0,0,107,2.0,11.150485789118488,0.3333333333333333,21.0,18.333333333333332,2,650,2.3804761428476167,15.033296378372908,0.14285714285714285,19.0,20.0,0,1386,1.9223002094465098,35.41145900088598,0.06666666666666667,19.466666666666665,26.6,3
2025-05-18 16:11:38.908884,138,49641.091116,16.19388888888889,4,40,60,0,-3.0,0.4000000000000057,3.9000000000000057,-22.299999999999997,-18.799999999999997,-2.4000000000000057,1.0999999999999943,-26.700000000000003,-23.200000000000003,0.0,0.0,0.2,1.0,0.2,29,47.9,22.5,52097.72,36083.9,100,0,-3.5,3.9000000000000057,-4.5,4.900000000000006,8,0.0,0.0,0.0,0.0,61,83,10.4,14.0,83,0.4000000000000057,0.0,-3.799999999999997,4.200000000000003,11,0.0,0.0,0.0,0.0,99,99,14.6,32.4,32,-25.694554633970426,40,78,0.0,4.242640687119285,0.0,40.0,7.0,0,78,0.0,4.242640687119285,0.0,40.0,7.0,0,121,1.1547005383792517,4.163331998932266,0.3333333333333333,40.666666666666664,5.333333333333333,2,664,4.772939595359697,24.242426406926313,0.6666666666666666,41.93333333333333,17.133333333333333,5,1400,4.599303726787548,23.1691704106198,0.7222222222222222,41.27777777777778,16.88888888888889,-1
2025-05-18 16:11:38.908884,138,49641.091116,16.19388888888889,10,40,60,0,-3.0,0.4000000000000057,3.9000000000000057,-22.299999999999997,-18.799999999999997,-2.4000000000000057,1.0999999999999943,-26.700000000000003,-23.200000000000003,0.0,0.0,0.2,1.0,0.2,29,47.9,22.5,52097.72,36083.9,100,0,-3.5,3.9000000000000057,-4.5,4.900000000000006,8,0.0,0.0,0.0,0.0,61,83,10.4,14.0,83,0.4000000000000057,0.0,-3.799999999999997,4.200000000000003,11,0.0,0.0,0.0,0.0,99,99,14.6,32.4,32,-25.73167208378476,40,78,0.0,4.242640687119285,0.0,40.0,7.0,0,78,0.0,4.242640687119285,0.0,40.0,7.0,0,121,1.1547005383792517,4.163331998932266,0.3333333333333333,40.666666666666664,5.333333333333333,2,664,4.772939595359697,24.242426406926313,0.6666666666666666,41.93333333333333,17.133333333333333,5,1400,4.599303726787548,23.1691704106198,0.7222222222222222,41.27777777777778,16.88888888888889,-1
2025-05-18 16:11:38.913271,138,49641.086729,16.19388888888889,14,27,73,0,-1.0,-1.5999999999999943,3.9000000000000057,-24.299999999999997,-18.799999999999997,-4.400000000000006,1.0999999999999943,-28.700000000000003,-23.200000000000003,0.0,0.0,0.2,1.0,0.2,29,47.9,22.5,52097.72,36083.9,100,0,-5.5,3.9000000000000057,-6.5,4.900000000000006,8,0.0,0.0,0.0,0.0,61,83,10.4,14.0,83,-1.5999999999999943,0.0,-5.799999999999997,4.200000000000003,11,0.0,0.0,0.0,0.0,99,99,14.6,32.4,32,-17.845804988662138,27,92,,,0.0,27.0,14.0,0,92,,,0.0,27.0,14.0,0,135,,,0.0,27.0,14.0,0,678,2.1157009420498154,17.813852287849848,0.42857142857142855,27.857142857142858,30.0,-2,1414,2.449489742783178,17.40051084818425,0.5555555555555556,28.666666666666668,27.444444444444443,5
2025-05-18 16:11:38.925375,138,49641.074625,16.19388888888889,14,18,82,0,3.0,-5.599999999999994,3.9000000000000057,-28.299999999999997,-18.799999999999997,-8.400000000000006,1.0999999999999943,-32.7,-23.200000000000003,0.0,0.0,0.2,1.0,0.2,29,47.9,22.5,52097.72,36083.9,100,0,-9.5,3.9000000000000057,-10.5,4.900000000000006,8,0.0,0.0,0.0,0.0,61,83,10.4,14.0,83,-5.599999999999994,0.0,-9.799999999999997,4.200000000000003,11,0.0,0.0,0.0,0.0,99,99,14.6,32.4,32,-14.147766323024058,18,106,0.0,25.45584412271571,0.5,18.0,32.0,0,106,0.0,25.45584412271571,0.5,18.0,32.0,0,149,0.0,25.45584412271571,0.5,18.0,32.0,0,692,0.0,25.45584412271571,0.5,18.0,32.0,0,1428,1.7320508075688772,23.437861108329262,0.6666666666666666,17.0,23.333333333333332,-3
2025-05-18 16:14:14.818077,138,49485.181923,16.237222222222222,1,39,61,0,-3.0,0.4000000000000057,3.9000000000000057,-22.299999999999997,-18.799999999999997,-2.4000000000000057,1.0999999999999943,-26.700000000000003,-23.200000000000003,0.0,0.0,0.2,1.0,0.2,29,47.9,22.5,52097.72,36083.9,100,0,-3.5,3.9000000000000057,-4.5,4.900000000000006,8,0.0,0.0,0.0,0.0,61,83,10.4,14.0,83,0.4000000000000057,0.0,-3.799999999999997,4.200000000000003,11,0.0,0.0,0.0,0.0,99,99,14.6,32.4,32,-24.824936571221457,39,1,,,0.0,39.0,1.0,0,107,0.5773502691896258,4.58257569495584,0.0,39.666666666666664,5.0,1,148,0.5773502691896258,4.58257569495584,0.0,39.666666666666664,5.0,1,608,4.669047011971501,23.765170593398512,0.625,41.75,16.125,6,1197,4.50016244021303,22.809534274096208,0.6842105263157895,41.1578947368421,16.05263157894737,0
2025-05-18 16:14:14.883761,138,49485.116239,16.237222222222222,1,28,72,0,-1.0,-1.5999999999999943,3.9000000000000057,-24.299999999999997,-18.799999999999997,-4.400000000000006,1.0999999999999943,-28.700000000000003,-23.200000000000003,0.0,0.0,0.2,1.0,0.2,29,47.9,22.5,52097.72,36083.9,100,0,-5.5,3.9000000000000057,-6.5,4.900000000000006,8,0.0,0.0,0.0,0.0,61,83,10.4,14.0,83,-1.5999999999999943,0.0,-5.799999999999997,4.200000000000003,11,0.0,0.0,0.0,0.0,99,99,14.6,32.4,32,-18.988571428571433,28,2,,,0.0,28.0,1.0,0,108,0.7071067811865476,9.192388155425117,0.0,27.5,7.5,-1,149,0.7071067811865476,9.192388155425117,0.0,27.5,7.5,-1,609,1.9594095320493148,19.419706485938452,0.375,27.875,26.375,-3,1198,2.3190036174568114,18.413762968678256,0.5,28.6,24.8,4
2025-05-18 16:14:14.885055,138,49485.114945,16.237222222222222,1,19,81,0,1.0,-3.5999999999999943,3.9000000000000057,-26.299999999999997,-18.799999999999997,-6.400000000000006,1.0999999999999943,-30.700000000000003,-23.200000000000003,0.0,0.0,0.2,1.0,0.2,29,47.9,22.5,52097.72,36083.9,100,0,-7.5,3.9000000000000057,-8.5,4.900000000000006,8,0.0,0.0,0.0,0.0,61,83,10.4,14.0,83,-3.5999999999999943,0.0,-7.799999999999997,4.200000000000003,11,0.0,0.0,0.0,0.0,99,99,14.6,32.4,32,-10.906113537117903,19,3,,,0.0,19.0,1.0,0,109,0.0,9.192388155425117,0.0,19.0,7.5,0,150,1.9148542155126762,12.569805089976535,0.25,20.5,14.0,2,610,1.9148542155126762,12.569805089976535,0.25,20.5,14.0,2,1199,1.8607794065928396,34.80421430420939,0.0625,19.4375,25.0,3
2025-05-18 16:14:14.885463,138,49485.114537,16.237222222222222,1,18,82,0,3.0,-5.599999999999994,3.9000000000000057,-28.299999999999997,-18.799999999999997,-8.400000000000006,1.0999999999999943,-32.7,-23.200000000000003,0.0,0.0,0.2,1.0,0.2,29,47.9,22.5,52097.72,36083.9,100,0,-9.5,3.9000000000000057,-10.5,4.900000000000006,8,0.0,0.0,0.0,0.0,61,83,10.4,14.0,83,-5.599999999999994,0.0,-9.799999999999997,4.200000000000003,11,0.0,0.0,0.0,0.0,99,99,14.6,32.4,32,-14.319999999999993,18,4,,,0.0,18.0,1.0,0,110,0.0,25.383721817994566,0.3333333333333333,18.0,21.666666666666668,0,151,0.0,25.383721817994566,0.3333333333333333,18.0,21.666666666666668,0,611,0.0,25.383721817994566,0.3333333333333333,18.0,21.666666666666668,0,1200,1.5,22.156639336024465,0.5,17.25,17.75,-3
2025-05-18 16:25:38.752064,138,48801.247936,16.427222222222223,7,13,87,1,-5.0,2.4000000000000057,3.9000000000000057,-20.299999999999997,-18.799999999999997,-0.4000000000000057,1.0999999999999943,-24.700000000000003,-23.200000000000003,0.0,0.0,0.2,1.0,0.2,29,47.9,22.5,52097.72,36083.9,100,0,-1.5,3.9000000000000057,-2.5,4.900000000000006,8,0.0,0.0,0.0,0.0,61,83,10.4,14.0,83,2.4000000000000057,0.0,-1.7999999999999972,4.200000000000003,11,0.0,0.0,0.0,0.0,99,99,14.6,32.4,32,69.76529350204548,87,7,,,1.0,13.0,7.0,0,7,,,1.0,13.0,7.0,0,117,,,1.0,13.0,7.0,0,368,2.1213203435596424,0.7071067811865476,1.0,11.5,7.5,-3,1176,1.505545305418162,36.53354622809015,0.8333333333333334,12.666666666666666,30.5,-1
2025-05-18 16:25:49.822834,138,48790.177166,16.43027777777778,2,42,58,1,-3.0,0.4000000000000057,3.9000000000000057,-22.299999999999997,-18.799999999999997,-2.4000000000000057,1.0999999999999943,-26.700000000000003,-23.200000000000003,0.0,0.0,0.2,1.0,0.2,29,47.9,22.5,52097.72,36083.9,100,0,-3.5,3.9000000000000057,-4.5,4.900000000000006,8,0.0,0.0,0.0,0.0,61,83,10.4,14.0,83,0.4000000000000057,0.0,-3.799999999999997,4.200000000000003,11,0.0,0.0,0.0,0.0,99,99,14.6,32.4,32,-27.83393763596809,-42,9,,,1.0,42.0,2.0,0,9,,,1.0,42.0,2.0,0,119,1.2583057392117916,4.031128874149275,0.25,40.25,4.25,-2,370,3.086709862908689,3.492054473292827,0.3333333333333333,38.55555555555556,4.777777777777778,-2,1178,4.3841820937979925,22.42243941844161,0.7,41.2,15.35,-3
2025-05-18 16:26:02.962540,138,48777.03746,16.433888888888887,26,26,74,0,-3.0,0.4000000000000057,3.9000000000000057,-22.299999999999997,-18.799999999999997,-2.4000000000000057,1.0999999999999943,-26.700000000000003,-23.200000000000003,0.0,0.0,0.2,1.0,0.2,29,47.9,22.5,52097.72,36083.9,100,0,-3.5,3.9000000000000057,-4.5,4.900000000000006,8,0.0,0.0,0.0,0.0,61,83,10.4,14.0,83,0.4000000000000057,0.0,-3.799999999999997,4.200000000000003,11,0.0,0.0,0.0,0.0,99,99,14.6,32.4,32,-11.854136429608133,26,363,9.44281031614353,26.965821989243263,0.1,19.5,35.6,28,363,9.44281031614353,26.965821989243263,0.1,19.5,35.6,28,473,12.047448926682597,26.9988128893827,0.07692307692307693,24.153846153846153,28.53846153846154,26,724,11.899360119007662,25.159426305584628,0.16666666666666666,27.77777777777778,22.055555555555557,26,1532,12.305931926966483,25.643683864988816,0.4827586206896552,33.689655172413794,22.79310344827586,25
2025-05-18 16:26:02.962540,138,48777.03746,16.433888888888887,60,18,82,0,-3.0,0.4000000000000057,3.9000000000000057,-22.299999999999997,-18.799999999999997,-2.4000000000000057,1.0999999999999943,-26.700000000000003,-23.200000000000003,0.0,0.0,0.2,1.0,0.2,29,47.9,22.5,52097.72,36083.9,100,0,-3.5,3.9000000000000057,-4.5,4.900000000000006,8,0.0,0.0,0.0,0.0,61,83,10.4,14.0,83,0.4000000000000057,0.0,-3.799999999999997,4.200000000000003,11,0.0,0.0,0.0,0.0,99,99,14.6,32.4,32,-3.9670329670329636,18,363,9.44281031614353,26.965821989243263,0.1,19.5,35.6,28,363,9.44281031614353,26.965821989243263,0.1,19.5,35.6,28,473,12.047448926682597,26.9988128893827,0.07692307692307693,24.153846153846153,28.53846153846154,26,724,11.899360119007662,25.159426305584628,0.16666666666666666,27.77777777777778,22.055555555555557,26,1532,12.305931926966483,25.643683864988816,0.4827586206896552,33.689655172413794,22.79310344827586,25
2025-05-18 16:26:02.962540,138,48777.03746,16.433888888888887,13,19,81,0,-3.0,0.4000000000000057,3.9000000000000057,-22.299999999999997,-18.799999999999997,-2.4000000000000057,1.0999999999999943,-26.700000000000003,-23.200000000000003,0.0,0.0,0.2,1.0,0.2,29,47.9,22.5,52097.72,36083.9,100,0,-3.5,3.9000000000000057,-4.5,4.900000000000006,8,0.0,0.0,0.0,0.0,61,83,10.4,14.0,83,0.4000000000000057,0.0,-3.799999999999997,4.200000000000003,11,0.0,0.0,0.0,0.0,99,99,14.6,32.4,32,-5.056179775280896,19,363,9.44281031614353,26.965821989243263,0.1,19.5,35.6,28,363,9.44281031614353,26.965821989243263,0.1,19.5,35.6,28,473,12.047448926682597,26.9988128893827,0.07692307692307693,24.153846153846153,28.53846153846154,26,724,11.899360119007662,25.159426305584628,0.16666666666666666,27.77777777777778,22.055555555555557,26,1532,12.305931926966483,25.643683864988816,0.4827586206896552,33.689655172413794,22.79310344827586,25
2025-05-18 16:26:02.962540,138,48777.03746,16.433888888888887,19,15,85,0,-3.0,0.4000000000000057,3.9000000000000057,-22.299999999999997,-18.799999999999997,-2.4000000000000057,1.0999999999999943,-26.700000000000003,-23.200000000000003,0.0,0.0,0.2,1.0,0.2,29,47.9,22.5,52097.72,36083.9,100,0,-3.5,3.9000000000000057,-4.5,4.900000000000006,8,0.0,0.0,0.0,0.0,61,83,10.4,14.0,83,0.4000000000000057,0.0,-3.799999999999997,4.200000000000003,11,0.0,0.0,0.0,0.0,99,99,14.6,32.4,32,-1.080918328942417,15,363,9.44281031614353,26.965821989243263,0.1,19.5,35.6,28,363,9.44281031614353,26.965821989243263,0.1,19.5,35.6,28,473,12.047448926682597,26.9988128893827,0.07692307692307693,24.153846153846153,28.53846153846154,26,724,11.899360119007662,25.159426305584628,0.16666666666666666,27.77777777777778,22.055555555555557,26,1532,12.305931926966483,25.643683864988816,0.4827586206896552,33.689655172413794,22.79310344827586,25
2025-05-18 16:26:02.962540,138,48777.03746,16.433888888888887,40,12,88,0,-3.0,0.4000000000000057,3.9000000000000057,-22.299999999999997,-18.799999999999997,-2.4000000000000057,1.0999999999999943,-26.700000000000003,-23.200000000000003,0.0,0.0,0.2,1.0,0.2,29,47.9,22.5,52097.72,36083.9,100,0,-3.5,3.9000000000000057,-4.5,4.900000000000006,8,0.0,0.0,0.0,0.0,61,83,10.4,14.0,83,0.4000000000000057,0.0,-3.799999999999997,4.200000000000003,11,0.0,0.0,0.0,0.0,99,99,14.6,32.4,32,1.911296436694471,12,363,9.44281031614353,26.965821989243263,0.1,19.5,35.6,28,363,9.44281031614353,26.965821989243263,0.1,19.5,35.6,28,473,12.047448926682597,26.9988128893827,0.07692307692307693,24.153846153846153,28.53846153846154,26,724,11.899360119007662,25.159426305584628,0.16666666666666666,27.77777777777778,22.055555555555557,26,1532,12.305931926966483,25.643683864988816,0.4827586206896552,33.689655172413794,22.79310344827586,25
2025-05-18 16:26:02.962540,138,48777.03746,16.433888888888887,50,25,75,0,-3.0,0.4000000000000057,3.9000000000000057,-22.299999999999997,-18.799999999999997,-2.4000000000000057,1.0999999999999943,-26.700000000000003,-23.200000000000003,0.0,0.0,0.2,1.0,0.2,29,47.9,22.5,52097.72,36083.9,100,0,-3.5,3.9000000000000057,-4.5,4.900000000000006,8,0.0,0.0,0.0,0.0,61,83,10.4,14.0,83,0.4000000000000057,0.0,-3.799999999999997,4.200000000000003,11,0.0,0.0,0.0,0.0,99,99,14.6,32.4,32,-11.059276366435725,25,363,9.44281031614353,26.965821989243263,0.1,19.5,35.6,28,363,9.44281031614353,26.965821989243263,0.1,19.5,35.6,28,473,12.047448926682597,26.9988128893827,0.07692307692307693,24.153846153846153,28.53846153846154,26,724,11.899360119007662,25.159426305584628,0.16666666666666666,27.77777777777778,22.055555555555557,26,1532,12.305931926966483,25.643683864988816,0.4827586206896552,33.689655172413794,22.79310344827586,25
2025-05-18 16:26:02.962540,138,48777.03746,16.433888888888887,88,11,89,0,-3.0,0.4000000000000057,3.9000000000000057,-22.299999999999997,-18.799999999999997,-2.4000000000000057,1.0999999999999943,-26.700000000000003,-23.200000000000003,0.0,0.0,0.2,1.0,0.2,29,47.9,22.5,52097.72,36083.9,100,0,-3.5,3.9000000000000057,-4.5,4.900000000000006,8,0.0,0.0,0.0,0.0,61,83,10.4,14.0,83,0.4000000000000057,0.0,-3.799999999999997,4.200000000000003,11,0.0,0.0,0.0,0.0,99,99,14.6,32.4,32,2.7237048665620023,11,363,9.44281031614353,26.965821989243263,0.1,19.5,35.6,28,363,9.44281031614353,26.965821989243263,0.1,19.5,35.6,28,473,12.047448926682597,26.9988128893827,0.07692307692307693,24.153846153846153,28.53846153846154,26,724,11.899360119007662,25.159426305584628,0.16666666666666666,27.77777777777778,22.055555555555557,26,1532,12.305931926966483,25.643683864988816,0.4827586206896552,33.689655172413794,22.79310344827586,25
2025-05-18 16:26:02.962540,138,48777.03746,16.433888888888887,8,13,87,0,-3.0,0.4000000000000057,3.9000000000000057,-22.299999999999997,-18.799999999999997,-2.4000000000000057,1.0999999999999943,-26.700000000000003,-23.200000000000003,0.0,0.0,0.2,1.0,0.2,29,47.9,22.5,52097.72,36083.9,100,0,-3.5,3.9000000000000057,-4.5,4.900000000000006,8,0.0,0.0,0.0,0.0,61,83,10.4,14.0,83,0.4000000000000057,0.0,-3.799999999999997,4.200000000000003,11,0.0,0.0,0.0,0.0,99,99,14.6,32.4,32,0.821138211382106,13,363,9.44281031614353,26.965821989243263,0.1,19.5,35.6,28,363,9.44281031614353,26.965821989243263,0.1,19.5,35.6,28,473,12.047448926682597,26.9988128893827,0.07692307692307693,24.153846153846153,28.53846153846154,26,724,11.899360119007662,25.159426305584628,0.16666666666666666,27.77777777777778,22.055555555555557,26,1532,12.305931926966483,25.643683864988816,0.4827586206896552,33.689655172413794,22.79310344827586,25
2025-05-18 16:26:02.962540,138,48777.03746,16.433888888888887,50,14,86,0,-3.0,0.4000000000000057,3.9000000000000057,-22.299999999999997,-18.799999999999997,-2.4000000000000057,1.0999999999999943,-26.700000000000003,-23.200000000000003,0.0,0.0,0.2,1.0,0.2,29,47.9,22.5,52097.72,36083.9,100,0,-3.5,3.9000000000000057,-4.5,4.900000000000006,8,0.0,0.0,0.0,0.0,61,83,10.4,14.0,83,0.4000000000000057,0.0,-3.799999999999997,4.200000000000003,11,0.0,0.0,0.0,0.0,99,99,14.6,32.4,32,-0.17618270799347613,14,363,9.44281031614353,26.965821989243263,0.1,19.5,35.6,28,363,9.44281031614353,26.965821989243263,0.1,19.5,35.6,28,473,12.047448926682597,26.9988128893827,0.07692307692307693,24.153846153846153,28.53846153846154,26,724,11.899360119007662,25.159426305584628,0.16666666666666666,27.77777777777778,22.055555555555557,26,1532,12.305931926966483,25.643683864988816,0.4827586206896552,33.689655172413794,22.79310344827586,25
2025-05-18 16:29:45.862303,138,48554.137697,16.495833333333334,5,18,82,0,3.0,-5.599999999999994,3.9000000000000057,-28.299999999999997,-18.799999999999997,-8.400000000000006,1.0999999999999943,-32.7,-23.200000000000003,0.0,0.0,0.2,1.0,0.2,29,47.9,22.5,52097.72,36083.9,100,0,-9.5,3.9000000000000057,-10.5,4.900000000000006,8,0.0,0.0,0.0,0.0,61,83,10.4,14.0,83,-5.599999999999994,0.0,-9.799999999999997,4.200000000000003,11,0.0,0.0,0.0,0.0,99,99,14.6,32.4,32,-14.33246301131419,18,5,,,0.0,18.0,5.0,0,368,,,0.0,18.0,5.0,0,368,,,0.0,18.0,5.0,0,719,0.0,22.338307903688676,0.25,18.0,17.5,0,1535,1.341640786499874,20.0174923504419,0.4,17.4,15.2,-3
2025-05-18 16:29:59.508396,138,48540.491604,16.499722222222225,40,10,90,1,-5.0,2.4000000000000057,3.9000000000000057,-20.299999999999997,-18.799999999999997,-0.4000000000000057,1.0999999999999943,-24.700000000000003,-23.200000000000003,0.0,0.0,0.2,1.0,0.2,29,47.9,22.5,52097.72,36083.9,100,0,-1.5,3.9000000000000057,-2.5,4.900000000000006,8,0.0,0.0,0.0,0.0,61,83,10.4,14.0,83,2.4000000000000057,0.0,-1.7999999999999972,4.200000000000003,11,0.0,0.0,0.0,0.0,99,99,14.6,32.4,32,72.81178598629094,90,45,,,1.0,10.0,40.0,0,408,2.1213203435596424,23.33452377915607,1.0,11.5,23.5,3,408,2.1213203435596424,23.33452377915607,1.0,11.5,23.5,3,759,1.7320508075688772,18.77054430040145,1.0,11.0,18.333333333333332,0,1575,1.7043362064926935,33.543149183445145,0.8571428571428571,12.285714285714286,31.857142857142858,2
2025-05-18 16:30:54.589245,138,48485.410755,16.515,10,33,67,1,-1.0,-1.5999999999999943,3.9000000000000057,-24.299999999999997,-18.799999999999997,-4.400000000000006,1.0999999999999943,-28.700000000000003,-23.200000000000003,0.0,0.0,0.2,1.0,0.2,29,47.9,22.5,52097.72,36083.9,100,0,-5.5,3.9000000000000057,-6.5,4.900000000000006,8,0.0,0.0,0.0,0.0,61,83,10.4,14.0,83,-1.5999999999999943,0.0,-5.799999999999997,4.200000000000003,11,0.0,0.0,0.0,0.0,99,99,14.6,32.4,32,-23.99942824471126,-33,55,,,1.0,33.0,10.0,0,409,,,1.0,33.0,10.0,0,418,,,1.0,33.0,10.0,0,769,2.295181287579947,20.19503121350115,0.5,28.875,25.125,-6,1585,2.496664441476534,18.821087464153962,0.5,28.7,22.7,-2
2025-05-18 16:30:58.742905,138,48481.257095,16.516111111111112,50,25,75,1,1.0,-3.5999999999999943,3.9000000000000057,-26.299999999999997,-18.799999999999997,-6.400000000000006,1.0999999999999943,-30.700000000000003,-23.200000000000003,0.0,0.0,0.2,1.0,0.2,29,47.9,22.5,52097.72,36083.9,100,0,-7.5,3.9000000000000057,-8.5,4.900000000000006,8,0.0,0.0,0.0,0.0,61,83,10.4,14.0,83,-3.5999999999999943,0.0,-7.799999999999997,4.200000000000003,11,0.0,0.0,0.0,0.0,99,99,14.6,32.4,32,-16.918032786885245,-25,105,,,1.0,25.0,50.0,0,459,,,1.0,25.0,50.0,0,468,,,1.0,25.0,50.0,0,819,2.6076809620810595,19.43450539633052,0.4,21.4,21.2,-4,1635,2.2508168451893713,34.24017677936773,0.11764705882352941,19.764705882352942,26.470588235294116,-3
2025-05-18 16:31:50.062810,138,48429.93719,16.530555555555555,40,33,67,1,-1.0,-1.5999999999999943,3.9000000000000057,-24.299999999999997,-18.799999999999997,-4.400000000000006,1.0999999999999943,-28.700000000000003,-23.200000000000003,0.0,0.0,0.2,1.0,0.2,29,47.9,22.5,52097.72,36083.9,100,0,-5.5,3.9000000000000057,-6.5,4.900000000000006,8,0.0,0.0,0.0,0.0,61,83,10.4,14.0,83,-1.5999999999999943,0.0,-5.799999999999997,4.200000000000003,11,0.0,0.0,0.0,0.0,99,99,14.6,32.4,32,-24.137435307648076,-33,140,0.0,21.213203435596427,1.0,33.0,25.0,0,145,0.0,21.213203435596427,1.0,33.0,25.0,0,508,0.0,21.213203435596427,1.0,33.0,25.0,0,854,2.5495097567963922,19.53060276705367,0.5555555555555556,29.333333333333332,26.77777777777778,-6,1675,2.7001683449201996,18.60156396161844,0.5454545454545454,29.09090909090909,24.272727272727273,-2
2025-05-18 16:38:02.596731,138,48057.403269,16.633888888888887,50,28,72,1,1.0,-3.5999999999999943,3.9000000000000057,-26.299999999999997,-18.799999999999997,-6.400000000000006,1.0999999999999943,-30.700000000000003,-23.200000000000003,0.0,0.0,0.2,1.0,0.2,29,47.9,22.5,52097.72,36083.9,100,0,-7.5,3.9000000000000057,-8.5,4.900000000000006,8,0.0,0.0,0.0,0.0,61,83,10.4,14.0,83,-3.5999999999999943,0.0,-7.799999999999997,4.200000000000003,11,0.0,0.0,0.0,0.0,99,99,14.6,32.4,32,-20.895953757225435,-28,50,,,1.0,28.0,50.0,0,50,,,1.0,28.0,50.0,0,558,2.1213203435596424,0.0,1.0,26.5,50.0,-3,887,3.5637059362410923,20.985709423319477,0.5,22.5,26.0,-7,1625,3.06526235962492,31.06122985330748,0.1875,20.0625,25.0,-7
2025-05-18 16:38:23.200704,138,48036.799296,16.639722222222222,31,34,66,1,-1.0,-1.5999999999999943,3.9000000000000057,-24.299999999999997,-18.799999999999997,-4.400000000000006,1.0999999999999943,-28.700000000000003,-23.200000000000003,0.0,0.0,0.2,1.0,0.2,29,47.9,22.5,52097.72,36083.9,100,0,-5.5,3.9000000000000057,-6.5,4.900000000000006,8,0.0,0.0,0.0,0.0,61,83,10.4,14.0,83,-1.5999999999999943,0.0,-5.799999999999997,4.200000000000003,11,0.0,0.0,0.0,0.0,99,99,14.6,32.4,32,-25.70570924072984,-34,81,,,1.0,34.0,31.0,0,81,,,1.0,34.0,31.0,0,589,0.5773502691896258,15.394804318340652,1.0,33.333333333333336,27.0,-1,878,2.8753881725529062,18.61642899622343,0.75,30.375,29.0,-6,1656,2.9387690682262932,17.841898254763514,0.5833333333333334,29.5,24.833333333333332,-3
2025-05-18 16:47:43.470767,138,47476.529233,16.79527777777778,1,19,81,1,-3.0,0.4000000000000057,3.9000000000000057,-22.299999999999997,-18.799999999999997,-2.4000000000000057,1.0999999999999943,-26.700000000000003,-23.200000000000003,0.0,0.0,0.2,1.0,0.2,29,47.9,22.5,52097.72,36083.9,100,0,-3.5,3.9000000000000057,-4.5,4.900000000000006,8,0.0,0.0,0.0,0.0,61,83,10.4,14.0,83,0.4000000000000057,0.0,-3.799999999999997,4.200000000000003,11,0.0,0.0,0.0,0.0,99,99,14.6,32.4,32,-5.1798501248959194,-19,1,,,1.0,19.0,1.0,0,1,,,1.0,19.0,1.0,0,82,,,1.0,19.0,1.0,0,743,12.17726218350062,26.746072252807156,0.2,25.0,24.933333333333334,23,1444,12.74843075725349,25.92541193745982,0.4642857142857143,32.82142857142857,22.142857142857142,18
2025-05-18 16:51:37.893849,138,47242.106151,16.860277777777778,5,38,62,1,-1.0,-1.5999999999999943,3.9000000000000057,-24.299999999999997,-18.799999999999997,-4.400000000000006,1.0999999999999943,-28.700000000000003,-23.200000000000003,0.0,0.0,0.2,1.0,0.2,29,47.9,22.5,52097.72,36083.9,100,0,-5.5,3.9000000000000057,-6.5,4.900000000000006,8,0.0,0.0,0.0,0.0,61,83,10.4,14.0,83,-1.5999999999999943,0.0,-5.799999999999997,4.200000000000003,11,0.0,0.0,0.0,0.0,99,99,14.6,32.4,32,-30.18345323741007,-38,5,,,1.0,38.0,5.0,0,6,,,1.0,38.0,5.0,0,87,2.8284271247461903,18.384776310850235,1.0,36.0,18.0,-4,748,4.070217029430577,15.380723866797254,0.6666666666666666,32.166666666666664,16.833333333333332,-11,1432,3.82475984589724,17.939925002376935,0.5833333333333334,30.083333333333332,24.75,-13
2025-05-18 17:00:11.408476,138,46728.591524,17.003055555555555,50,10,90,1,-5.0,2.4000000000000057,0.0,-20.299999999999997,-22.700000000000003,-0.4000000000000057,-2.8000000000000114,-24.700000000000003,-27.10000000000001,0.0,0.0,0.2,1.0,0.2,29,47.9,22.5,52097.72,36083.9,100,0,2.4000000000000057,0.0,-1.7999999999999972,4.200000000000003,11,0.0,0.0,0.0,0.0,99,99,14.6,32.4,32,-6.200000000000003,8.600000000000009,-10.700000000000003,13.100000000000009,29,0.2,0.2,0.0,0.0,86,92,15.5,19.4,92,73.09011850152905,90,90,0.7071067811865476,7.0710678118654755,1.0,10.5,45.0,-1,90,0.7071067811865476,7.0710678118654755,1.0,10.5,45.0,-1,96,0.7071067811865476,7.0710678118654755,1.0,10.5,45.0,-1,836,1.4142135623730951,18.76832437912346,1.0,11.0,34.25,2,1522,1.889822365046136,18.7502380937264,0.8571428571428571,11.714285714285714,23.714285714285715,3
2025-05-18 17:00:11.408476,138,46728.591524,17.003055555555555,40,11,89,1,-5.0,2.4000000000000057,0.0,-20.299999999999997,-22.700000000000003,-0.4000000000000057,-2.8000000000000114,-24.700000000000003,-27.10000000000001,0.0,0.0,0.2,1.0,0.2,29,47.9,22.5,52097.72,36083.9,100,0,2.4000000000000057,0.0,-1.7999999999999972,4.200000000000003,11,0.0,0.0,0.0,0.0,99,99,14.6,32.4,32,-6.200000000000003,8.600000000000009,-10.700000000000003,13.100000000000009,29,0.2,0.2,0.0,0.0,86,92,15.5,19.4,92,72.44104090647205,89,90,0.7071067811865476,7.0710678118654755,1.0,10.5,45.0,-1,90,0.7071067811865476,7.0710678118654755,1.0,10.5,45.0,-1,96,0.7071067811865476,7.0710678118654755,1.0,10.5,45.0,-1,836,1.4142135623730951,18.76832437912346,1.0,11.0,34.25,2,1522,1.889822365046136,18.7502380937264,0.8571428571428571,11.714285714285714,23.714285714285715,3
2025-05-18 17:00:16.829927,138,46723.170073,17.004444444444445,51,24,76,1,-3.0,0.4000000000000057,0.0,-22.299999999999997,-22.700000000000003,-2.4000000000000057,-2.8000000000000114,-26.700000000000003,-27.10000000000001,0.0,0.0,0.2,1.0,0.2,29,47.9,22.5,52097.72,36083.9,100,0,0.4000000000000057,0.0,-3.799999999999997,4.200000000000003,11,0.0,0.0,0.0,0.0,99,99,14.6,32.4,32,-8.200000000000003,8.600000000000009,-12.700000000000003,13.100000000000009,29,0.2,0.2,0.0,0.0,86,92,15.5,19.4,92,-10.182007496876302,-24,166,0.0,18.384776310850235,1.0,24.0,38.0,0,166,0.0,18.384776310850235,1.0,24.0,38.0,0,172,2.886751345948129,25.006665778014735,1.0,22.333333333333332,25.666666666666668,-5,912,10.851843161417326,25.843116427139098,0.25,23.8125,28.0,16,1598,12.502919199360889,25.565871647636982,0.5,32.233333333333334,23.2,13
2025-05-18 17:00:16.829927,138,46723.170073,17.004444444444445,25,24,76,1,-3.0,0.4000000000000057,0.0,-22.299999999999997,-22.700000000000003,-2.4000000000000057,-2.8000000000000114,-26.700000000000003,-27.10000000000001,0.0,0.0,0.2,1.0,0.2,29,47.9,22.5,52097.72,36083.9,100,0,0.4000000000000057,0.0,-3.799999999999997,4.200000000000003,11,0.0,0.0,0.0,0.0,99,99,14.6,32.4,32,-8.200000000000003,8.600000000000009,-12.700000000000003,13.100000000000009,29,0.2,0.2,0.0,0.0,86,92,15.5,19.4,92,-10.402978723404255,-24,166,0.0,18.384776310850235,1.0,24.0,38.0,0,166,0.0,18.384776310850235,1.0,24.0,38.0,0,172,2.886751345948129,25.006665778014735,1.0,22.333333333333332,25.666666666666668,-5,912,10.851843161417326,25.843116427139098,0.25,23.8125,28.0,16,1598,12.502919199360889,25.565871647636982,0.5,32.233333333333334,23.2,13
2025-05-18 17:00:49.111074,138,46690.888926,17.01361111111111,30,18,82,0,3.0,-5.599999999999994,0.0,-28.299999999999997,-22.700000000000003,-8.400000000000006,-2.8000000000000114,-32.7,-27.10000000000001,0.0,0.0,0.2,1.0,0.2,29,47.9,22.5,52097.72,36083.9,100,0,-5.599999999999994,0.0,-9.799999999999997,4.200000000000003,11,0.0,0.0,0.0,0.0,99,99,14.6,32.4,32,-14.200000000000003,8.600000000000009,-18.700000000000003,13.100000000000009,29,0.2,0.2,0.0,0.0,86,92,15.5,19.4,92,-14.395104895104893,18,196,,,0.0,18.0,30.0,0,196,,,0.0,18.0,30.0,0,202,,,0.0,18.0,30.0,0,942,0.0,20.137030565602267,0.2,18.0,20.0,0,1628,1.224744871391589,18.89620773241728,0.3333333333333333,17.5,17.666666666666668,-3
2025-05-18 17:03:16.376283,138,46543.623717,17.054444444444446,15,33,67,1,-3.0,0.4000000000000057,0.0,-22.299999999999997,-22.700000000000003,-2.4000000000000057,-2.8000000000000114,-26.700000000000003,-27.10000000000001,0.0,0.0,0.2,1.0,0.2,29,47.9,22.5,52097.72,36083.9,100,0,0.4000000000000057,0.0,-3.799999999999997,4.200000000000003,11,0.0,0.0,0.0,0.0,99,99,14.6,32.4,32,-8.200000000000003,8.600000000000009,-12.700000000000003,13.100000000000009,29,0.2,0.2,0.0,0.0,86,92,15.5,19.4,92,-19.51483870967742,-33,15,,,1.0,33.0,15.0,0,211,5.196152422706632,18.58314648635514,1.0,27.0,30.333333333333332,-9,216,5.196152422706632,18.58314648635514,1.0,27.0,30.333333333333332,-9,957,10.740933248969734,25.220352425582565,0.29411764705882354,24.352941176470587,27.235294117647058,7,1643,12.293542320897542,25.17927121512319,0.5161290322580645,32.25806451612903,22.93548387096774,4
2025-05-18 17:03:29.645681,138,46530.354319,17.058055555555555,50,14,86,1,-5.0,2.4000000000000057,0.0,-20.299999999999997,-22.700000000000003,-0.4000000000000057,-2.8000000000000114,-24.700000000000003,-27.10000000000001,0.0,0.0,0.2,1.0,0.2,29,47.9,22.5,52097.72,36083.9,100,0,2.4000000000000057,0.0,-1.7999999999999972,4.200000000000003,11,0.0,0.0,0.0,0.0,99,99,14.6,32.4,32,-6.200000000000003,8.600000000000009,-10.700000000000003,13.100000000000009,29,0.2,0.2,0.0,0.0,86,92,15.5,19.4,92,69.72035858877965,86,65,,,1.0,14.0,50.0,0,261,2.081665999466133,5.773502691896258,1.0,11.666666666666666,46.666666666666664,-4,266,2.081665999466133,5.773502691896258,1.0,11.666666666666666,46.666666666666664,-4,1007,1.816590212458495,17.714400921284355,1.0,11.6,37.4,-1,1693,1.927248223318863,19.69046179535375,0.875,12.0,27.0,0
2025-05-18 17:05:55.848063,138,46384.151937,17.09861111111111,8,38,62,1,-1.0,-1.5999999999999943,0.0,-24.299999999999997,-22.700000000000003,-4.400000000000006,-2.8000000000000114,-28.700000000000003,-27.10000000000001,0.0,0.0,0.2,1.0,0.2,29,47.9,22.5,52097.72,36083.9,100,0,-1.5999999999999943,0.0,-5.799999999999997,4.200000000000003,11,0.0,0.0,0.0,0.0,99,99,14.6,32.4,32,-10.200000000000003,8.600000000000009,-14.700000000000003,13.100000000000009,29,0.2,0.2,0.0,0.0,86,92,15.5,19.4,92,-30.274203247143717,-38,8,,,1.0,38.0,8.0,0,73,,,1.0,38.0,8.0,0,274,0.0,2.1213203435596424,1.0,38.0,6.5,0,984,4.320493798938574,14.432107063270918,0.7142857142857143,33.0,15.571428571428571,-11,1701,4.269750488116282,17.793329202332096,0.6153846153846154,30.692307692307693,23.46153846153846,-13
2025-05-18 17:06:24.196587,138,46355.803413,17.10666666666667,8,15,85,1,-5.0,2.4000000000000057,0.0,-20.299999999999997,-22.700000000000003,-0.4000000000000057,-2.8000000000000114,-24.700000000000003,-27.10000000000001,0.0,0.0,0.2,1.0,0.2,29,47.9,22.5,52097.72,36083.9,100,0,2.4000000000000057,0.0,-1.7999999999999972,4.200000000000003,11,0.0,0.0,0.0,0.0,99,99,14.6,32.4,32,-6.200000000000003,8.600000000000009,-10.700000000000003,13.100000000000009,29,0.2,0.2,0.0,0.0,86,92,15.5,19.4,92,69.05802014722975,85,33,3.5355339059327378,6.363961030678928,1.0,17.5,12.5,-5,98,3.2145502536643185,22.11334438749598,1.0,16.333333333333332,25.0,-6,299,3.9370039370059056,19.4164878389476,1.0,14.0,33.0,-10,1009,3.545621041711673,19.067549097129096,1.0,13.285714285714286,30.285714285714285,-7,1726,3.1073389830457114,18.53195438515143,0.9,13.1,24.1,-6
2025-05-18 17:06:24.196587,138,46355.803413,17.10666666666667,17,20,80,1,-5.0,2.4000000000000057,0.0,-20.299999999999997,-22.700000000000003,-0.4000000000000057,-2.8000000000000114,-24.700000000000003,-27.10000000000001,0.0,0.0,0.2,1.0,0.2,29,47.9,22.5,52097.72,36083.9,100,0,2.4000000000000057,0.0,-1.7999999999999972,4.200000000000003,11,0.0,0.0,0.0,0.0,99,99,14.6,32.4,32,-6.200000000000003,8.600000000000009,-10.700000000000003,13.100000000000009,29,0.2,0.2,0.0,0.0,86,92,15.5,19.4,92,64.11157425358667,80,33,3.5355339059327378,6.363961030678928,1.0,17.5,12.5,-5,98,3.2145502536643185,22.11334438749598,1.0,16.333333333333332,25.0,-6,299,3.9370039370059056,19.4164878389476,1.0,14.0,33.0,-10,1009,3.545621041711673,19.067549097129096,1.0,13.285714285714286,30.285714285714285,-7,1726,3.1073389830457114,18.53195438515143,0.9,13.1,24.1,-6
2025-05-18 17:08:04.122851,138,46255.877149,17.134444444444444,1,29,71,1,-3.0,0.4000000000000057,0.0,-22.299999999999997,-22.700000000000003,-2.4000000000000057,-2.8000000000000114,-26.700000000000003,-27.10000000000001,0.0,0.0,0.2,1.0,0.2,29,47.9,22.5,52097.72,36083.9,100,0,0.4000000000000057,0.0,-3.799999999999997,4.200000000000003,11,0.0,0.0,0.0,0.0,99,99,14.6,32.4,32,-8.200000000000003,8.600000000000009,-12.700000000000003,13.100000000000009,29,0.2,0.2,0.0,0.0,86,92,15.5,19.4,92,-15.641558441558441,-29,26,,,1.0,29.0,1.0,0,99,2.8284271247461903,9.899494936611665,1.0,31.0,8.0,4,295,4.358898943540674,21.10292238845922,1.0,27.5,23.0,-5,1000,10.477645047988313,25.236657640996935,0.3333333333333333,24.61111111111111,25.77777777777778,11,1605,12.107340815096569,25.071510627827962,0.53125,32.15625,22.25,8
2025-05-18 17:08:52.831128,138,46207.168872,17.147777777777776,50,20,80,1,-5.0,2.4000000000000057,0.0,-20.299999999999997,-22.700000000000003,-0.4000000000000057,-2.8000000000000114,-24.700000000000003,-27.10000000000001,0.0,0.0,0.2,1.0,0.2,29,47.9,22.5,52097.72,36083.9,100,0,2.4000000000000057,0.0,-1.7999999999999972,4.200000000000003,11,0.0,0.0,0.0,0.0,99,99,14.6,32.4,32,-6.200000000000003,8.600000000000009,-10.700000000000003,13.100000000000009,29,0.2,0.2,0.0,0.0,86,92,15.5,19.4,92,64.2173997475483,80,69,2.081665999466133,23.75570107012911,1.0,21.666666666666668,22.666666666666668,-4,102,3.24037034920393,17.98054504179448,1.0,20.0,18.6,-9,363,5.0832357523811265,20.13126566172274,1.0,16.875,29.125,-14,1068,5.072803301265814,19.527758021169078,1.0,15.8,28.0,-11,1673,4.698608632023216,18.762346362479324,0.9230769230769231,15.076923076923077,23.76923076923077,-10
2025-05-18 17:08:52.831128,138,46207.168872,17.147777777777776,7,21,79,1,-5.0,2.4000000000000057,0.0,-20.299999999999997,-22.700000000000003,-0.4000000000000057,-2.8000000000000114,-24.700000000000003,-27.10000000000001,0.0,0.0,0.2,1.0,0.2,29,47.9,22.5,52097.72,36083.9,100,0,2.4000000000000057,0.0,-1.7999999999999972,4.200000000000003,11,0.0,0.0,0.0,0.0,99,99,14.6,32.4,32,-6.200000000000003,8.600000000000009,-10.700000000000003,13.100000000000009,29,0.2,0.2,0.0,0.0,86,92,15.5,19.4,92,63.53068592057761,79,69,2.081665999466133,23.75570107012911,1.0,21.666666666666668,22.666666666666668,-4,102,3.24037034920393,17.98054504179448,1.0,20.0,18.6,-9,363,5.0832357523811265,20.13126566172274,1.0,16.875,29.125,-14,1068,5.072803301265814,19.527758021169078,1.0,15.8,28.0,-11,1673,4.698608632023216,18.762346362479324,0.9230769230769231,15.076923076923077,23.76923076923077,-10
2025-05-18 17:08:52.831128,138,46207.168872,17.147777777777776,11,24,76,1,-5.0,2.4000000000000057,0.0,-20.299999999999997,-22.700000000000003,-0.4000000000000057,-2.8000000000000114,-24.700000000000003,-27.10000000000001,0.0,0.0,0.2,1.0,0.2,29,47.9,22.5,52097.72,36083.9,100,0,2.4000000000000057,0.0,-1.7999999999999972,4.200000000000003,11,0.0,0.0,0.0,0.0,99,99,14.6,32.4,32,-6.200000000000003,8.600000000000009,-10.700000000000003,13.100000000000009,29,0.2,0.2,0.0,0.0,86,92,15.5,19.4,92,60.574106619800816,76,69,2.081665999466133,23.75570107012911,1.0,21.666666666666668,22.666666666666668,-4,102,3.24037034920393,17.98054504179448,1.0,20.0,18.6,-9,363,5.0832357523811265,20.13126566172274,1.0,16.875,29.125,-14,1068,5.072803301265814,19.527758021169078,1.0,15.8,28.0,-11,1673,4.698608632023216,18.762346362479324,0.9230769230769231,15.076923076923077,23.76923076923077,-10
2025-05-18 17:09:47.334453,138,46152.665547,17.163055555555555,40,19,81,0,-5.0,2.4000000000000057,0.0,-20.299999999999997,-22.700000000000003,-0.4000000000000057,-2.8000000000000114,-24.700000000000003,-27.10000000000001,0.0,0.0,0.2,1.0,0.2,29,47.9,22.5,52097.72,36083.9,100,0,2.4000000000000057,0.0,-1.7999999999999972,4.200000000000003,11,0.0,0.0,0.0,0.0,99,99,14.6,32.4,32,-6.200000000000003,8.600000000000009,-10.700000000000003,13.100000000000009,29,0.2,0.2,0.0,0.0,86,92,15.5,19.4,92,65.63923370149546,-81,109,2.160246899469287,21.24460715883759,0.75,21.0,27.0,1,142,2.9268868558020253,18.302094597795815,0.8333333333333334,19.833333333333332,22.166666666666668,-4,403,4.8074017006186525,19.176808910765107,0.8888888888888888,17.11111111111111,30.333333333333332,-9,1108,4.908249086070214,18.87566976535956,0.9090909090909091,16.09090909090909,29.09090909090909,-6,1707,4.6344386907177855,18.540866653523405,0.8571428571428571,15.357142857142858,24.928571428571427,-5
2025-05-18 17:09:47.335670,138,46152.66433,17.163055555555555,40,31,69,0,-3.0,0.4000000000000057,0.0,-22.299999999999997,-22.700000000000003,-2.4000000000000057,-2.8000000000000114,-26.700000000000003,-27.10000000000001,0.0,0.0,0.2,1.0,0.2,29,47.9,22.5,52097.72,36083.9,100,0,0.4000000000000057,0.0,-3.799999999999997,4.200000000000003,11,0.0,0.0,0.0,0.0,99,99,14.6,32.4,32,-8.200000000000003,8.600000000000009,-12.700000000000003,13.100000000000009,29,0.2,0.2,0.0,0.0,86,92,15.5,19.4,92,-17.648332611520146,31,149,1.4142135623730951,27.577164466275352,0.5,30.0,20.5,-2,182,1.4142135623730951,27.577164466275352,0.5,30.0,20.5,-2,443,4.08656334834051,19.793938466106237,0.8,28.2,26.4,-7,1148,10.287390794400936,24.741706626334928,0.3157894736842105,24.94736842105263,26.526315789473685,9,1747,11.918361820520824,24.869355610567165,0.5151515151515151,32.121212121212125,22.78787878787879,6
2025-05-18 17:09:47.336262,138,46152.663738,17.163055555555555,40,4,96,0,3.0,-5.599999999999994,0.0,-28.299999999999997,-22.700000000000003,-8.400000000000006,-2.8000000000000114,-32.7,-27.10000000000001,0.0,0.0,0.2,1.0,0.2,29,47.9,22.5,52097.72,36083.9,100,0,-5.599999999999994,0.0,-9.799999999999997,4.200000000000003,11,0.0,0.0,0.0,0.0,99,99,14.6,32.4,32,-14.200000000000003,8.600000000000009,-18.700000000000003,13.100000000000009,29,0.2,0.2,0.0,0.0,86,92,15.5,19.4,92,-0.7827648114901251,4,189,,,0.0,4.0,40.0,0,222,,,0.0,4.0,40.0,0,483,9.899494936611665,7.0710678118654755,0.0,11.0,35.0,14,1188,5.715476066494082,19.775405600560173,0.16666666666666666,15.666666666666666,23.333333333333332,14,1787,5.715476066494082,19.775405600560173,0.16666666666666666,15.666666666666666,23.333333333333332,14
2025-05-18 17:09:47.336896,138,46152.663104,17.163055555555555,40,16,84,0,1.0,-3.5999999999999943,0.0,-26.299999999999997,-22.700000000000003,-6.400000000000006,-2.8000000000000114,-30.700000000000003,-27.10000000000001,0.0,0.0,0.2,1.0,0.2,29,47.9,22.5,52097.72,36083.9,100,0,-3.5999999999999943,0.0,-7.799999999999997,4.200000000000003,11,0.0,0.0,0.0,0.0,99,99,14.6,32.4,32,-12.200000000000003,8.600000000000009,-16.700000000000003,13.100000000000009,29,0.2,0.2,0.0,0.0,86,92,15.5,19.4,92,-10.177914110429441,16,229,,,0.0,16.0,40.0,0,262,,,0.0,16.0,40.0,0,523,,,0.0,16.0,40.0,0,1228,4.929503017546495,22.315913604421397,0.4,21.4,31.0,3,1827,3.832872172524032,18.91752434312501,0.2727272727272727,20.09090909090909,25.545454545454547,3
2025-05-18 17:09:47.338552,138,46152.661448,17.163055555555555,40,36,64,0,-1.0,-1.5999999999999943,0.0,-24.299999999999997,-22.700000000000003,-4.400000000000006,-2.8000000000000114,-28.700000000000003,-27.10000000000001,0.0,0.0,0.2,1.0,0.2,29,47.9,22.5,52097.72,36083.9,100,0,-1.5999999999999943,0.0,-5.799999999999997,4.200000000000003,11,0.0,0.0,0.0,0.0,99,99,14.6,32.4,32,-10.200000000000003,8.600000000000009,-14.700000000000003,13.100000000000009,29,0.2,0.2,0.0,0.0,86,92,15.5,19.4,92,-28.42054380664652,36,269,,,0.0,36.0,40.0,0,302,1.4142135623730951,22.627416997969522,0.5,37.0,24.0,2,563,1.4142135623730951,22.627416997969522,0.5,37.0,24.0,2,1268,4.138236339311712,15.90990257669732,0.625,33.375,18.625,-9,1867,4.340582834212398,17.657454920959427,0.5714285714285714,31.071428571428573,24.642857142857142,-11
2025-05-18 17:10:16.190484,138,46123.809516,17.171111111111113,10,18,82,0,-5.0,2.4000000000000057,0.0,-20.299999999999997,-22.700000000000003,-0.4000000000000057,-2.8000000000000114,-24.700000000000003,-27.10000000000001,0.0,0.0,0.2,1.0,0.2,29,47.9,22.5,52097.72,36083.9,100,0,2.4000000000000057,0.0,-1.7999999999999972,4.200000000000003,11,0.0,0.0,0.0,0.0,99,99,14.6,32.4,32,-6.200000000000003,8.600000000000009,-10.700000000000003,13.100000000000009,29,0.2,0.2,0.0,0.0,86,92,15.5,19.4,92,66.89686978706702,-82,278,2.3021728866442674,19.907285098676816,0.6,20.4,23.6,2,312,2.760262237369417,17.328753973835344,0.7142857142857143,19.571428571428573,20.428571428571427,-3,573,4.541169697580373,19.18940679993348,0.8,17.2,28.3,-8,1278,4.712169930567599,18.82213397234031,0.8333333333333334,16.25,27.5,-5,1864,4.6675169293441545,18.40762503259612,0.8571428571428571,15.642857142857142,25.071428571428573,-4
2025-05-18 17:11:15.966596,138,46064.033404,17.1875,40,20,80,0,-5.0,2.4000000000000057,0.0,-20.299999999999997,-22.700000000000003,-0.4000000000000057,-2.8000000000000114,-24.700000000000003,-27.10000000000001,0.0,0.0,0.2,1.0,0.2,29,47.9,22.5,52097.72,36083.9,100,0,2.4000000000000057,0.0,-1.7999999999999972,4.200000000000003,11,0.0,0.0,0.0,0.0,99,99,14.6,32.4,32,-6.200000000000003,8.600000000000009,-10.700000000000003,13.100000000000009,29,0.2,0.2,0.0,0.0,86,92,15.5,19.4,92,64.96257734996563,-80,250,1.0,17.320508075688775,0.0,19.0,30.0,-1,344,2.559994419636775,17.471916241295833,0.625,19.625,22.875,-5,613,4.390071442781686,18.543315384648597,0.7272727272727273,17.454545454545453,29.363636363636363,-10,1318,4.629891730472479,18.35127327378759,0.7692307692307693,16.53846153846154,28.46153846153846,-7,1904,4.636295729916081,18.152003693676303,0.8,15.933333333333334,26.066666666666666,-6
2025-05-18 17:11:15.968684,138,46064.031316,17.1875,11,36,64,0,-1.0,-1.5999999999999943,0.0,-24.299999999999997,-22.700000000000003,-4.400000000000006,-2.8000000000000114,-28.700000000000003,-27.10000000000001,0.0,0.0,0.2,1.0,0.2,29,47.9,22.5,52097.72,36083.9,100,0,-1.5999999999999943,0.0,-5.799999999999997,4.200000000000003,11,0.0,0.0,0.0,0.0,99,99,14.6,32.4,32,-10.200000000000003,8.600000000000009,-14.700000000000003,13.100000000000009,29,0.2,0.2,0.0,0.0,86,92,15.5,19.4,92,-29.12445820433436,36,290,0.0,14.6401275039985,0.0,36.0,26.666666666666668,0,384,0.0,14.6401275039985,0.0,36.0,26.666666666666668,0,653,1.0,15.165750888103101,0.25,36.5,22.0,2,1358,3.8137179293236207,14.670075361466658,0.5,33.9,18.9,-9,1944,4.377499286122158,16.838324342602107,0.5,31.6875,24.0625,-11
2025-05-18 17:11:15.968684,138,46064.031316,17.1875,29,36,64,0,-1.0,-1.5999999999999943,0.0,-24.299999999999997,-22.700000000000003,-4.400000000000006,-2.8000000000000114,-28.700000000000003,-27.10000000000001,0.0,0.0,0.2,1.0,0.2,29,47.9,22.5,52097.72,36083.9,100,0,-1.5999999999999943,0.0,-5.799999999999997,4.200000000000003,11,0.0,0.0,0.0,0.0,99,99,14.6,32.4,32,-10.200000000000003,8.600000000000009,-14.700000000000003,13.100000000000009,29,0.2,0.2,0.0,0.0,86,92,15.5,19.4,92,-29.32418952618454,36,290,0.0,14.6401275039985,0.0,36.0,26.666666666666668,0,384,0.0,14.6401275039985,0.0,36.0,26.666666666666668,0,653,1.0,15.165750888103101,0.25,36.5,22.0,2,1358,3.8137179293236207,14.670075361466658,0.5,33.9,18.9,-9,1944,4.377499286122158,16.838324342602107,0.5,31.6875,24.0625,-11
2025-05-18 17:11:15.969310,138,46064.03069,17.1875,40,18,82,0,1.0,-3.5999999999999943,0.0,-26.299999999999997,-22.700000000000003,-6.400000000000006,-2.8000000000000114,-30.700000000000003,-27.10000000000001,0.0,0.0,0.2,1.0,0.2,29,47.9,22.5,52097.72,36083.9,100,0,-3.5999999999999943,0.0,-7.799999999999997,4.200000000000003,11,0.0,0.0,0.0,0.0,99,99,14.6,32.4,32,-12.200000000000003,8.600000000000009,-16.700000000000003,13.100000000000009,29,0.2,0.2,0.0,0.0,86,92,15.5,19.4,92,-12.703225806451613,18,330,1.4142135623730951,0.0,0.0,17.0,40.0,-2,424,1.4142135623730951,0.0,0.0,17.0,40.0,-2,693,1.4142135623730951,0.0,0.0,17.0,40.0,-2,1398,4.622409184253019,20.29531965749739,0.3333333333333333,20.833333333333332,32.5,1,1984,3.7040109300185615,18.513508581573618,0.25,19.916666666666668,26.75,1
2025-05-18 17:11:15.970162,138,46064.029838,17.1875,40,4,96,0,3.0,-5.599999999999994,0.0,-28.299999999999997,-22.700000000000003,-8.400000000000006,-2.8000000000000114,-32.7,-27.10000000000001,0.0,0.0,0.2,1.0,0.2,29,47.9,22.5,52097.72,36083.9,100,0,-5.599999999999994,0.0,-9.799999999999997,4.200000000000003,11,0.0,0.0,0.0,0.0,99,99,14.6,32.4,32,-14.200000000000003,8.600000000000009,-18.700000000000003,13.100000000000009,29,0.2,0.2,0.0,0.0,86,92,15.5,19.4,92,-0.8119180633147067,4,370,0.0,0.0,0.0,4.0,40.0,0,464,0.0,0.0,0.0,4.0,40.0,0,733,8.082903768654761,5.773502691896258,0.0,8.666666666666666,36.666666666666664,14,1438,6.831300510639732,19.119922295120045,0.14285714285714285,14.0,25.714285714285715,14,2024,6.831300510639732,19.119922295120045,0.14285714285714285,14.0,25.714285714285715,14
2025-05-18 17:11:15.970378,138,46064.029622,17.1875,40,28,72,0,-3.0,0.4000000000000057,0.0,-22.299999999999997,-22.700000000000003,-2.4000000000000057,-2.8000000000000114,-26.700000000000003,-27.10000000000001,0.0,0.0,0.2,1.0,0.2,29,47.9,22.5,52097.72,36083.9,100,0,0.4000000000000057,0.0,-3.799999999999997,4.200000000000003,11,0.0,0.0,0.0,0.0,99,99,14.6,32.4,32,-8.200000000000003,8.600000000000009,-12.700000000000003,13.100000000000009,29,0.2,0.2,0.0,0.0,86,92,15.5,19.4,92,-14.959453503746147,28,410,2.1213203435596424,0.0,0.0,29.5,40.0,3,504,1.5275252316519465,22.516660498395403,0.3333333333333333,29.333333333333332,27.0,1,773,3.65604522218567,18.55442444988975,0.6666666666666666,28.166666666666668,28.666666666666668,-4,1478,10.0362500860368,24.26953906269729,0.3,25.1,27.2,12,2064,11.90619904745321,24.833346044332725,0.48484848484848486,31.848484848484848,23.848484848484848,17
2025-05-18 17:14:14.503958,138,45885.496042,17.237222222222222,50,25,75,1,-5.0,2.4000000000000057,0.0,-20.299999999999997,-22.700000000000003,-0.4000000000000057,-2.8000000000000114,-24.700000000000003,-27.10000000000001,0.0,0.0,0.2,1.0,0.2,29,47.9,22.5,52097.72,36083.9,100,0,2.4000000000000057,0.0,-1.7999999999999972,4.200000000000003,11,0.0,0.0,0.0,0.0,99,99,14.6,32.4,32,-6.200000000000003,8.600000000000009,-10.700000000000003,13.100000000000009,29,0.2,0.2,0.0,0.0,86,92,15.5,19.4,92,60.218814712553,75,50,,,1.0,25.0,50.0,0,460,3.1091263510296048,17.320508075688775,0.25,20.5,35.0,-6,823,4.718596350097295,18.65699154026,0.75,18.083333333333332,31.083333333333332,-15,1422,4.990100089286678,18.547236990991408,0.7857142857142857,17.142857142857142,30.0,-12,2029,5.019960159204453,18.529143711101888,0.8125,16.5,27.5625,-11
2025-05-18 17:15:10.634034,138,45829.365966,17.252777777777776,21,26,74,1,-5.0,2.4000000000000057,0.0,-20.299999999999997,-22.700000000000003,-0.4000000000000057,-2.8000000000000114,-24.700000000000003,-27.10000000000001,0.0,0.0,0.2,1.0,0.2,29,47.9,22.5,52097.72,36083.9,100,0,2.4000000000000057,0.0,-1.7999999999999972,4.200000000000003,11,0.0,0.0,0.0,0.0,99,99,14.6,32.4,32,-6.200000000000003,8.600000000000009,-10.700000000000003,13.100000000000009,29,0.2,0.2,0.0,0.0,86,92,15.5,19.4,92,59.517193538796946,74,139,2.8809720581775866,20.957099035887577,1.0,27.4,27.8,0,349,4.760952285695233,19.226717521892983,0.7142857142857143,25.0,27.0,-7,912,6.142407237123461,18.625699092025155,0.8125,20.5625,28.875,-15,1507,6.491824924447147,18.4703436560136,0.8333333333333334,19.555555555555557,28.27777777777778,-12,2118,6.598245380801108,18.325995341676748,0.85,18.8,26.5,-11
2025-05-18 17:15:10.634034,138,45829.365966,17.252777777777776,12,31,69,1,-5.0,2.4000000000000057,0.0,-20.299999999999997,-22.700000000000003,-0.4000000000000057,-2.8000000000000114,-24.700000000000003,-27.10000000000001,0.0,0.0,0.2,1.0,0.2,29,47.9,22.5,52097.72,36083.9,100,0,2.4000000000000057,0.0,-1.7999999999999972,4.200000000000003,11,0.0,0.0,0.0,0.0,99,99,14.6,32.4,32,-6.200000000000003,8.600000000000009,-10.700000000000003,13.100000000000009,29,0.2,0.2,0.0,0.0,86,92,15.5,19.4,92,54.64131082423039,69,139,2.8809720581775866,20.957099035887577,1.0,27.4,27.8,0,349,4.760952285695233,19.226717521892983,0.7142857142857143,25.0,27.0,-7,912,6.142407237123461,18.625699092025155,0.8125,20.5625,28.875,-15,1507,6.491824924447147,18.4703436560136,0.8333333333333334,19.555555555555557,28.27777777777778,-12,2118,6.598245380801108,18.325995341676748,0.85,18.8,26.5,-11
2025-05-18 17:15:10.634034,138,45829.365966,17.252777777777776,6,30,70,1,-5.0,2.4000000000000057,0.0,-20.299999999999997,-22.700000000000003,-0.4000000000000057,-2.8000000000000114,-24.700000000000003,-27.10000000000001,0.0,0.0,0.2,1.0,0.2,29,47.9,22.5,52097.72,36083.9,100,0,2.4000000000000057,0.0,-1.7999999999999972,4.200000000000003,11,0.0,0.0,0.0,0.0,99,99,14.6,32.4,32,-6.200000000000003,8.600000000000009,-10.700000000000003,13.100000000000009,29,0.2,0.2,0.0,0.0,86,92,15.5,19.4,92,55.70650228673692,70,139,2.8809720581775866,20.957099035887577,1.0,27.4,27.8,0,349,4.760952285695233,19.226717521892983,0.7142857142857143,25.0,27.0,-7,912,6.142407237123461,18.625699092025155,0.8125,20.5625,28.875,-15,1507,6.491824924447147,18.4703436560136,0.8333333333333334,19.555555555555557,28.27777777777778,-12,2118,6.598245380801108,18.325995341676748,0.85,18.8,26.5,-11
2025-05-18 17:15:10.634034,138,45829.365966,17.252777777777776,50,25,75,1,-5.0,2.4000000000000057,0.0,-20.299999999999997,-22.700000000000003,-0.4000000000000057,-2.8000000000000114,-24.700000000000003,-27.10000000000001,0.0,0.0,0.2,1.0,0.2,29,47.9,22.5,52097.72,36083.9,100,0,2.4000000000000057,0.0,-1.7999999999999972,4.200000000000003,11,0.0,0.0,0.0,0.0,99,99,14.6,32.4,32,-6.200000000000003,8.600000000000009,-10.700000000000003,13.100000000000009,29,0.2,0.2,0.0,0.0,86,92,15.5,19.4,92,60.739753282928774,75,139,2.8809720581775866,20.957099035887577,1.0,27.4,27.8,0,349,4.760952285695233,19.226717521892983,0.7142857142857143,25.0,27.0,-7,912,6.142407237123461,18.625699092025155,0.8125,20.5625,28.875,-15,1507,6.491824924447147,18.4703436560136,0.8333333333333334,19.555555555555557,28.27777777777778,-12,2118,6.598245380801108,18.325995341676748,0.85,18.8,26.5,-11
2025-05-18 17:15:12.036613,138,45827.963387,17.253333333333334,8,18,82,0,-5.0,2.4000000000000057,0.0,-20.299999999999997,-22.700000000000003,-0.4000000000000057,-2.8000000000000114,-24.700000000000003,-27.10000000000001,0.0,0.0,0.2,1.0,0.2,29,47.9,22.5,52097.72,36083.9,100,0,2.4000000000000057,0.0,-1.7999999999999972,4.200000000000003,11,0.0,0.0,0.0,0.0,99,99,14.6,32.4,32,-6.200000000000003,8.600000000000009,-10.700000000000003,13.100000000000009,29,0.2,0.2,0.0,0.0,86,92,15.5,19.4,92,68.04339132173565,-82,147,4.622409184253019,20.4132310034448,0.8333333333333334,25.833333333333332,24.5,7,357,5.055054048036621,19.02582830935733,0.625,24.125,24.625,0,830,4.992375138529709,18.672618098881223,0.7333333333333333,21.733333333333334,25.333333333333332,-4,1515,6.3190050293858375,18.542979945606316,0.7894736842105263,19.473684210526315,27.210526315789473,-5,2126,6.433543051109255,18.312498984235305,0.8095238095238095,18.761904761904763,25.61904761904762,-4
2025-05-18 17:18:54.844566,138,45605.155434,17.315,10,34,66,0,-1.0,-1.5999999999999943,0.0,-24.299999999999997,-22.700000000000003,-4.400000000000006,-2.8000000000000114,-28.700000000000003,-27.10000000000001,0.0,0.0,0.2,1.0,0.2,29,47.9,22.5,52097.72,36083.9,100,0,-1.5999999999999943,0.0,-5.799999999999997,4.200000000000003,11,0.0,0.0,0.0,0.0,99,99,14.6,32.4,32,-10.200000000000003,8.600000000000009,-14.700000000000003,13.100000000000009,29,0.2,0.2,0.0,0.0,86,92,15.5,19.4,92,-27.864126984126983,34,10,,,0.0,34.0,10.0,0,157,,,0.0,34.0,10.0,0,669,1.4142135623730951,14.188023118109161,0.2,36.0,19.6,4,1525,1.9364916731037085,14.362373681873681,0.5555555555555556,35.333333333333336,20.444444444444443,-1,1906,4.275442873516834,16.656565566484232,0.47058823529411764,31.823529411764707,23.235294117647058,-9
2025-05-18 17:19:24.351664,138,45575.648336,17.323333333333334,50,36,64,1,-3.0,0.4000000000000057,0.0,-22.299999999999997,-22.700000000000003,-2.4000000000000057,-2.8000000000000114,-26.700000000000003,-27.10000000000001,0.0,0.0,0.2,1.0,0.2,29,47.9,22.5,52097.72,36083.9,100,0,0.4000000000000057,0.0,-3.799999999999997,4.200000000000003,11,0.0,0.0,0.0,0.0,99,99,14.6,32.4,32,-8.200000000000003,8.600000000000009,-12.700000000000003,13.100000000000009,29,0.2,0.2,0.0,0.0,86,92,15.5,19.4,92,-23.22790489008524,-36,60,,,1.0,36.0,50.0,0,157,,,1.0,36.0,50.0,0,719,3.559026084010437,21.68524844220144,0.5,31.0,32.75,-7,1575,8.863710254578733,23.944175271070932,0.3888888888888889,23.27777777777778,32.166666666666664,6,1956,10.235984789720264,23.56725237730068,0.34615384615384615,27.846153846153847,23.846153846153847,4
2025-05-18 17:38:43.747971,138,44416.252029,17.64527777777778,1,18,82,0,1.0,-3.5999999999999943,0.0,-26.299999999999997,-22.700000000000003,-6.400000000000006,-2.8000000000000114,-30.700000000000003,-27.10000000000001,0.0,0.0,0.2,1.0,0.2,29,47.9,22.5,52097.72,36083.9,100,0,-3.5999999999999943,0.0,-7.799999999999997,4.200000000000003,11,0.0,0.0,0.0,0.0,99,99,14.6,32.4,32,-12.200000000000003,8.600000000000009,-16.700000000000003,13.100000000000009,29,0.2,0.2,0.0,0.0,86,92,15.5,19.4,92,-13.394557823129247,18,2,0.0,0.0,0.0,18.0,1.0,0,2,0.0,0.0,0.0,18.0,1.0,0,2,0.0,0.0,0.0,18.0,1.0,0,988,1.0,22.516660498395403,0.0,17.5,20.5,-2,1780,3.7490739597339973,20.53614699337082,0.3,20.5,23.8,3
2025-05-18 17:38:43.747971,138,44416.252029,17.64527777777778,1,18,82,0,1.0,-3.5999999999999943,0.0,-26.299999999999997,-22.700000000000003,-6.400000000000006,-2.8000000000000114,-30.700000000000003,-27.10000000000001,0.0,0.0,0.2,1.0,0.2,29,47.9,22.5,52097.72,36083.9,100,0,-3.5999999999999943,0.0,-7.799999999999997,4.200000000000003,11,0.0,0.0,0.0,0.0,99,99,14.6,32.4,32,-12.200000000000003,8.600000000000009,-16.700000000000003,13.100000000000009,29,0.2,0.2,0.0,0.0,86,92,15.5,19.4,92,-13.412806539509532,18,2,0.0,0.0,0.0,18.0,1.0,0,2,0.0,0.0,0.0,18.0,1.0,0,2,0.0,0.0,0.0,18.0,1.0,0,988,1.0,22.516660498395403,0.0,17.5,20.5,-2,1780,3.7490739597339973,20.53614699337082,0.3,20.5,23.8,3
2025-05-18 17:38:51.102214,138,44408.897786,17.6475,1,4,96,0,3.0,-5.599999999999994,0.0,-28.299999999999997,-22.700000000000003,-8.400000000000006,-2.8000000000000114,-32.7,-27.10000000000001,0.0,0.0,0.2,1.0,0.2,29,47.9,22.5,52097.72,36083.9,100,0,-5.599999999999994,0.0,-9.799999999999997,4.200000000000003,11,0.0,0.0,0.0,0.0,99,99,14.6,32.4,32,-14.200000000000003,8.600000000000009,-18.700000000000003,13.100000000000009,29,0.2,0.2,0.0,0.0,86,92,15.5,19.4,92,-0.8433268858800744,4,742,0.0,348.2872377793938,0.0,4.0,185.0,0,742,0.0,348.2872377793938,0.0,4.0,185.0,0,742,0.0,348.2872377793938,0.0,4.0,185.0,0,1728,5.291502622129181,258.74624450920834,0.0,6.0,121.42857142857143,14,2520,7.311261550139309,207.5303701761613,0.09090909090909091,10.363636363636363,83.63636363636364,14
2025-05-18 17:38:51.102214,138,44408.897786,17.6475,1,4,96,0,3.0,-5.599999999999994,0.0,-28.299999999999997,-22.700000000000003,-8.400000000000006,-2.8000000000000114,-32.7,-27.10000000000001,0.0,0.0,0.2,1.0,0.2,29,47.9,22.5,52097.72,36083.9,100,0,-5.599999999999994,0.0,-9.799999999999997,4.200000000000003,11,0.0,0.0,0.0,0.0,99,99,14.6,32.4,32,-14.200000000000003,8.600000000000009,-18.700000000000003,13.100000000000009,29,0.2,0.2,0.0,0.0,86,92,15.5,19.4,92,-0.8441432720232314,4,742,0.0,348.2872377793938,0.0,4.0,185.0,0,742,0.0,348.2872377793938,0.0,4.0,185.0,0,742,0.0,348.2872377793938,0.0,4.0,185.0,0,1728,5.291502622129181,258.74624450920834,0.0,6.0,121.42857142857143,14,2520,7.311261550139309,207.5303701761613,0.09090909090909091,10.363636363636363,83.63636363636364,14
2025-05-18 17:38:51.102214,138,44408.897786,17.6475,707,4,96,0,3.0,-5.599999999999994,0.0,-28.299999999999997,-22.700000000000003,-8.400000000000006,-2.8000000000000114,-32.7,-27.10000000000001,0.0,0.0,0.2,1.0,0.2,29,47.9,22.5,52097.72,36083.9,100,0,-5.599999999999994,0.0,-9.799999999999997,4.200000000000003,11,0.0,0.0,0.0,0.0,99,99,14.6,32.4,32,-14.200000000000003,8.600000000000009,-18.700000000000003,13.100000000000009,29,0.2,0.2,0.0,0.0,86,92,15.5,19.4,92,-0.8449612403100843,4,742,0.0,348.2872377793938,0.0,4.0,185.0,0,742,0.0,348.2872377793938,0.0,4.0,185.0,0,742,0.0,348.2872377793938,0.0,4.0,185.0,0,1728,5.291502622129181,258.74624450920834,0.0,6.0,121.42857142857143,14,2520,7.311261550139309,207.5303701761613,0.09090909090909091,10.363636363636363,83.63636363636364,14
2025-05-18 17:38:51.102214,138,44408.897786,17.6475,31,4,96,0,3.0,-5.599999999999994,0.0,-28.299999999999997,-22.700000000000003,-8.400000000000006,-2.8000000000000114,-32.7,-27.10000000000001,0.0,0.0,0.2,1.0,0.2,29,47.9,22.5,52097.72,36083.9,100,0,-5.599999999999994,0.0,-9.799999999999997,4.200000000000003,11,0.0,0.0,0.0,0.0,99,99,14.6,32.4,32,-14.200000000000003,8.600000000000009,-18.700000000000003,13.100000000000009,29,0.2,0.2,0.0,0.0,86,92,15.5,19.4,92,-2.683076923076925,4,742,0.0,348.2872377793938,0.0,4.0,185.0,0,742,0.0,348.2872377793938,0.0,4.0,185.0,0,742,0.0,348.2872377793938,0.0,4.0,185.0,0,1728,5.291502622129181,258.74624450920834,0.0,6.0,121.42857142857143,14,2520,7.311261550139309,207.5303701761613,0.09090909090909091,10.363636363636363,83.63636363636364,14
2025-05-18 17:50:28.537023,138,43711.462977,17.84111111111111,1,18,82,0,1.0,-3.5999999999999943,0.0,-26.299999999999997,-22.700000000000003,-6.400000000000006,-2.8000000000000114,-30.700000000000003,-27.10000000000001,0.0,0.0,0.2,1.0,0.2,29,47.9,22.5,52097.72,36083.9,100,0,-3.5999999999999943,0.0,-7.799999999999997,4.200000000000003,11,0.0,0.0,0.0,0.0,99,99,14.6,32.4,32,-12.200000000000003,8.600000000000009,-16.700000000000003,13.100000000000009,29,0.2,0.2,0.0,0.0,86,92,15.5,19.4,92,-13.431105047748972,18,2,0.0,0.0,0.0,18.0,1.0,0,2,0.0,0.0,0.0,18.0,1.0,0,744,0.0,0.0,0.0,18.0,1.0,0,1729,0.816496580927726,20.139513400278567,0.0,17.666666666666668,14.0,-2,2472,3.5280263174995867,20.586844872835222,0.25,20.083333333333332,20.0,3
2025-05-18 17:50:28.537023,138,43711.462977,17.84111111111111,1,18,82,0,1.0,-3.5999999999999943,0.0,-26.299999999999997,-22.700000000000003,-6.400000000000006,-2.8000000000000114,-30.700000000000003,-27.10000000000001,0.0,0.0,0.2,1.0,0.2,29,47.9,22.5,52097.72,36083.9,100,0,-3.5999999999999943,0.0,-7.799999999999997,4.200000000000003,11,0.0,0.0,0.0,0.0,99,99,14.6,32.4,32,-12.200000000000003,8.600000000000009,-16.700000000000003,13.100000000000009,29,0.2,0.2,0.0,0.0,86,92,15.5,19.4,92,-13.449453551912569,18,2,0.0,0.0,0.0,18.0,1.0,0,2,0.0,0.0,0.0,18.0,1.0,0,744,0.0,0.0,0.0,18.0,1.0,0,1729,0.816496580927726,20.139513400278567,0.0,17.666666666666668,14.0,-2,2472,3.5280263174995867,20.586844872835222,0.25,20.083333333333332,20.0,3
2025-05-18 18:03:09.163968,138,42950.836032,18.052500000000002,28,13,87,0,1.0,-3.5999999999999943,8.600000000000009,-26.299999999999997,-14.099999999999994,-6.400000000000006,5.799999999999997,-30.700000000000003,-18.5,0.0,0.0,0.2,1.0,0.2,29,47.9,22.5,52097.72,36083.9,100,0,-12.200000000000003,8.600000000000009,-16.700000000000003,13.100000000000009,29,0.2,0.2,0.0,0.0,86,92,15.5,19.4,92,-14.799999999999997,11.200000000000003,-20.799999999999997,17.200000000000003,16,0.0,0.0,0.0,0.0,100,100,22.5,33.5,71,-8.467852257181946,13,127,0.5773502691896257,12.423096769056148,0.0,13.333333333333334,42.333333333333336,-1,127,0.5773502691896257,12.423096769056148,0.0,13.333333333333334,42.333333333333336,-1,129,2.588435821108957,24.283739415501888,0.0,15.2,25.8,4,1655,2.279132388529557,22.19859855436324,0.0,16.22222222222222,23.444444444444443,2,2597,4.199773236508757,20.989339697865223,0.2,18.733333333333334,24.466666666666665,7
2025-05-18 18:03:09.163968,138,42950.836032,18.052500000000002,49,13,87,0,1.0,-3.5999999999999943,8.600000000000009,-26.299999999999997,-14.099999999999994,-6.400000000000006,5.799999999999997,-30.700000000000003,-18.5,0.0,0.0,0.2,1.0,0.2,29,47.9,22.5,52097.72,36083.9,100,0,-12.200000000000003,8.600000000000009,-16.700000000000003,13.100000000000009,29,0.2,0.2,0.0,0.0,86,92,15.5,19.4,92,-14.799999999999997,11.200000000000003,-20.799999999999997,17.200000000000003,16,0.0,0.0,0.0,0.0,100,100,22.5,33.5,71,-8.805120910384062,13,127,0.5773502691896257,12.423096769056148,0.0,13.333333333333334,42.333333333333336,-1,127,0.5773502691896257,12.423096769056148,0.0,13.333333333333334,42.333333333333336,-1,129,2.588435821108957,24.283739415501888,0.0,15.2,25.8,4,1655,2.279132388529557,22.19859855436324,0.0,16.22222222222222,23.444444444444443,2,2597,4.199773236508757,20.989339697865223,0.2,18.733333333333334,24.466666666666665,7
2025-05-18 18:03:09.163968,138,42950.836032,18.052500000000002,50,14,86,0,1.0,-3.5999999999999943,8.600000000000009,-26.299999999999997,-14.099999999999994,-6.400000000000006,5.799999999999997,-30.700000000000003,-18.5,0.0,0.0,0.2,1.0,0.2,29,47.9,22.5,52097.72,36083.9,100,0,-12.200000000000003,8.600000000000009,-16.700000000000003,13.100000000000009,29,0.2,0.2,0.0,0.0,86,92,15.5,19.4,92,-14.799999999999997,11.200000000000003,-20.799999999999997,17.200000000000003,16,0.0,0.0,0.0,0.0,100,100,22.5,33.5,71,-10.464831804281346,14,127,0.5773502691896257,12.423096769056148,0.0,13.333333333333334,42.333333333333336,-1,127,0.5773502691896257,12.423096769056148,0.0,13.333333333333334,42.333333333333336,-1,129,2.588435821108957,24.283739415501888,0.0,15.2,25.8,4,1655,2.279132388529557,22.19859855436324,0.0,16.22222222222222,23.444444444444443,2,2597,4.199773236508757,20.989339697865223,0.2,18.733333333333334,24.466666666666665,7
2025-05-18 18:03:24.681526,138,42935.318474,18.05666666666667,10,24,76,0,-1.0,-1.5999999999999943,8.600000000000009,-24.299999999999997,-14.099999999999994,-4.400000000000006,5.799999999999997,-28.700000000000003,-18.5,0.0,0.0,0.2,1.0,0.2,29,47.9,22.5,52097.72,36083.9,100,0,-10.200000000000003,8.600000000000009,-14.700000000000003,13.100000000000009,29,0.2,0.2,0.0,0.0,86,92,15.5,19.4,92,-12.799999999999997,11.200000000000003,-18.799999999999997,17.200000000000003,16,0.0,0.0,0.0,0.0,100,100,22.5,33.5,71,-18.042172523961668,24,153,0.7071067811865476,4.242640687119285,0.0,24.5,13.0,-1,153,0.7071067811865476,4.242640687119285,0.0,24.5,13.0,-1,155,0.7071067811865476,4.242640687119285,0.0,24.5,13.0,-1,1666,5.736267244886862,12.147898113312795,0.14285714285714285,32.714285714285715,17.714285714285715,13,2623,4.841063667821095,13.136365652801484,0.38461538461538464,32.46153846153846,17.307692307692307,2
2025-05-18 18:03:24.681526,138,42935.318474,18.05666666666667,16,25,75,0,-1.0,-1.5999999999999943,8.600000000000009,-24.299999999999997,-14.099999999999994,-4.400000000000006,5.799999999999997,-28.700000000000003,-18.5,0.0,0.0,0.2,1.0,0.2,29,47.9,22.5,52097.72,36083.9,100,0,-10.200000000000003,8.600000000000009,-14.700000000000003,13.100000000000009,29,0.2,0.2,0.0,0.0,86,92,15.5,19.4,92,-12.799999999999997,11.200000000000003,-18.799999999999997,17.200000000000003,16,0.0,0.0,0.0,0.0,100,100,22.5,33.5,71,-19.158199356913187,25,153,0.7071067811865476,4.242640687119285,0.0,24.5,13.0,-1,153,0.7071067811865476,4.242640687119285,0.0,24.5,13.0,-1,155,0.7071067811865476,4.242640687119285,0.0,24.5,13.0,-1,1666,5.736267244886862,12.147898113312795,0.14285714285714285,32.714285714285715,17.714285714285715,13,2623,4.841063667821095,13.136365652801484,0.38461538461538464,32.46153846153846,17.307692307692307,2
2025-05-18 18:03:28.090765,138,42931.909235,18.05777777777778,50,35,65,1,-3.0,0.4000000000000057,8.600000000000009,-22.299999999999997,-14.099999999999994,-2.4000000000000057,5.799999999999997,-26.700000000000003,-18.5,0.0,0.0,0.2,1.0,0.2,29,47.9,22.5,52097.72,36083.9,100,0,-8.200000000000003,8.600000000000009,-12.700000000000003,13.100000000000009,29,0.2,0.2,0.0,0.0,86,92,15.5,19.4,92,-10.799999999999997,11.200000000000003,-16.799999999999997,17.200000000000003,16,0.0,0.0,0.0,0.0,100,100,22.5,33.5,71,-22.760899495181278,-35,228,0.0,17.67766952966369,1.0,35.0,37.5,0,228,0.0,17.67766952966369,1.0,35.0,37.5,0,230,0.0,17.67766952966369,1.0,35.0,37.5,0,1741,3.444802848737017,18.726095873584185,0.6666666666666666,32.333333333333336,34.333333333333336,-6,2698,9.971897270723643,23.50418346414539,0.391304347826087,26.434782608695652,29.08695652173913,5
2025-05-18 18:03:28.090765,138,42931.909235,18.05777777777778,25,35,65,1,-3.0,0.4000000000000057,8.600000000000009,-22.299999999999997,-14.099999999999994,-2.4000000000000057,5.799999999999997,-26.700000000000003,-18.5,0.0,0.0,0.2,1.0,0.2,29,47.9,22.5,52097.72,36083.9,100,0,-8.200000000000003,8.600000000000009,-12.700000000000003,13.100000000000009,29,0.2,0.2,0.0,0.0,86,92,15.5,19.4,92,-10.799999999999997,11.200000000000003,-16.799999999999997,17.200000000000003,16,0.0,0.0,0.0,0.0,100,100,22.5,33.5,71,-23.295443870361673,-35,228,0.0,17.67766952966369,1.0,35.0,37.5,0,228,0.0,17.67766952966369,1.0,35.0,37.5,0,230,0.0,17.67766952966369,1.0,35.0,37.5,0,1741,3.444802848737017,18.726095873584185,0.6666666666666666,32.333333333333336,34.333333333333336,-6,2698,9.971897270723643,23.50418346414539,0.391304347826087,26.434782608695652,29.08695652173913,5
2025-05-18 18:03:34.295276,138,42925.704724,18.059444444444445,9,22,78,1,-5.0,2.4000000000000057,8.600000000000009,-20.299999999999997,-14.099999999999994,-0.4000000000000057,5.799999999999997,-24.700000000000003,-18.5,0.0,0.0,0.2,1.0,0.2,29,47.9,22.5,52097.72,36083.9,100,0,-6.200000000000003,8.600000000000009,-10.700000000000003,13.100000000000009,29,0.2,0.2,0.0,0.0,86,92,15.5,19.4,92,-8.799999999999997,11.200000000000003,-14.799999999999997,17.200000000000003,16,0.0,0.0,0.0,0.0,100,100,22.5,33.5,71,64.09785871522914,78,237,,,1.0,22.0,9.0,0,237,,,1.0,22.0,9.0,0,239,,,1.0,22.0,9.0,0,1700,4.511361319200774,17.783620071772305,0.7333333333333333,22.266666666666666,22.6,-7,2707,6.176355593799035,18.50206247393716,0.8,19.6,26.3,-9
2025-05-18 18:10:29.857066,138,42510.142934,18.174722222222222,12,27,73,0,-5.0,2.4000000000000057,8.600000000000009,-20.299999999999997,-14.099999999999994,-0.4000000000000057,5.799999999999997,-24.700000000000003,-18.5,0.0,0.0,0.2,1.0,0.2,29,47.9,22.5,52097.72,36083.9,100,0,-6.200000000000003,8.600000000000009,-10.700000000000003,13.100000000000009,29,0.2,0.2,0.0,0.0,86,92,15.5,19.4,92,-8.799999999999997,11.200000000000003,-14.799999999999997,17.200000000000003,16,0.0,0.0,0.0,0.0,100,100,22.5,33.5,71,59.15563345017526,-73,12,,,0.0,27.0,12.0,0,12,,,0.0,27.0,12.0,0,249,3.5355339059327378,2.1213203435596424,0.5,24.5,10.5,-5,1400,4.314059701848262,18.38099864292229,0.6666666666666666,24.88888888888889,23.11111111111111,-7,2678,6.232785817563367,18.30157422320875,0.7619047619047619,19.952380952380953,25.61904761904762,-14
2025-05-18 18:13:59.043881,138,42300.956119,18.233055555555556,9,33,67,1,-5.0,2.4000000000000057,8.600000000000009,-20.299999999999997,-14.099999999999994,-0.4000000000000057,5.799999999999997,-24.700000000000003,-18.5,0.0,0.0,0.2,1.0,0.2,29,47.9,22.5,52097.72,36083.9,100,0,-6.200000000000003,8.600000000000009,-10.700000000000003,13.100000000000009,29,0.2,0.2,0.0,0.0,86,92,15.5,19.4,92,-8.799999999999997,11.200000000000003,-14.799999999999997,17.200000000000003,16,0.0,0.0,0.0,0.0,100,100,22.5,33.5,71,53.22681239346235,67,59,0.7071067811865476,28.991378028648448,1.0,32.5,29.5,1,71,3.2145502536643185,22.854612955229264,0.6666666666666666,30.666666666666668,23.666666666666668,-5,308,5.066228051190222,20.049937655763422,0.75,28.5,20.0,-10,1259,4.724639903973871,19.25876423865249,0.8,26.9,22.7,-7,2631,6.957522161265886,18.54595829742859,0.782608695652174,21.043478260869566,25.956521739130434,-19
2025-05-18 18:13:59.043881,138,42300.956119,18.233055555555556,50,32,68,1,-5.0,2.4000000000000057,8.600000000000009,-20.299999999999997,-14.099999999999994,-0.4000000000000057,5.799999999999997,-24.700000000000003,-18.5,0.0,0.0,0.2,1.0,0.2,29,47.9,22.5,52097.72,36083.9,100,0,-6.200000000000003,8.600000000000009,-10.700000000000003,13.100000000000009,29,0.2,0.2,0.0,0.0,86,92,15.5,19.4,92,-8.799999999999997,11.200000000000003,-14.799999999999997,17.200000000000003,16,0.0,0.0,0.0,0.0,100,100,22.5,33.5,71,54.274889602569246,68,59,0.7071067811865476,28.991378028648448,1.0,32.5,29.5,1,71,3.2145502536643185,22.854612955229264,0.6666666666666666,30.666666666666668,23.666666666666668,-5,308,5.066228051190222,20.049937655763422,0.75,28.5,20.0,-10,1259,4.724639903973871,19.25876423865249,0.8,26.9,22.7,-7,2631,6.957522161265886,18.54595829742859,0.782608695652174,21.043478260869566,25.956521739130434,-19
2025-05-18 18:16:37.602441,138,42142.397559,18.276944444444442,40,35,65,1,-3.0,0.4000000000000057,8.600000000000009,-22.299999999999997,-14.099999999999994,-2.4000000000000057,5.799999999999997,-26.700000000000003,-18.5,0.0,0.0,0.2,1.0,0.2,29,47.9,22.5,52097.72,36083.9,100,0,-8.200000000000003,8.600000000000009,-12.700000000000003,13.100000000000009,29,0.2,0.2,0.0,0.0,86,92,15.5,19.4,92,-10.799999999999997,11.200000000000003,-16.799999999999997,17.200000000000003,16,0.0,0.0,0.0,0.0,100,100,22.5,33.5,71,-23.572243346007603,-35,70,1.0,14.742229591663989,1.0,36.0,23.333333333333332,-1,129,1.0,14.742229591663989,1.0,36.0,23.333333333333332,-1,378,0.8944271909999159,15.716233645501712,1.0,35.6,29.0,-1,1182,0.816496580927726,16.465114636709945,1.0,35.666666666666664,32.5,0,2697,9.373455076920749,22.129514568100284,0.5217391304347826,25.956521739130434,31.47826086956522,6
2025-05-18 18:16:37.602441,138,42142.397559,18.276944444444442,18,37,63,1,-3.0,0.4000000000000057,8.600000000000009,-22.299999999999997,-14.099999999999994,-2.4000000000000057,5.799999999999997,-26.700000000000003,-18.5,0.0,0.0,0.2,1.0,0.2,29,47.9,22.5,52097.72,36083.9,100,0,-8.200000000000003,8.600000000000009,-12.700000000000003,13.100000000000009,29,0.2,0.2,0.0,0.0,86,92,15.5,19.4,92,-10.799999999999997,11.200000000000003,-16.799999999999997,17.200000000000003,16,0.0,0.0,0.0,0.0,100,100,22.5,33.5,71,-26.02906976744186,-37,70,1.0,14.742229591663989,1.0,36.0,23.333333333333332,-1,129,1.0,14.742229591663989,1.0,36.0,23.333333333333332,-1,378,0.8944271909999159,15.716233645501712,1.0,35.6,29.0,-1,1182,0.816496580927726,16.465114636709945,1.0,35.666666666666664,32.5,0,2697,9.373455076920749,22.129514568100284,0.5217391304347826,25.956521739130434,31.47826086956522,6
2025-05-18 18:16:37.602441,138,42142.397559,18.276944444444442,12,36,64,1,-3.0,0.4000000000000057,8.600000000000009,-22.299999999999997,-14.099999999999994,-2.4000000000000057,5.799999999999997,-26.700000000000003,-18.5,0.0,0.0,0.2,1.0,0.2,29,47.9,22.5,52097.72,36083.9,100,0,-8.200000000000003,8.600000000000009,-12.700000000000003,13.100000000000009,29,0.2,0.2,0.0,0.0,86,92,15.5,19.4,92,-10.799999999999997,11.200000000000003,-16.799999999999997,17.200000000000003,16,0.0,0.0,0.0,0.0,100,100,22.5,33.5,71,-25.258064516129032,-36,70,1.0,14.742229591663989,1.0,36.0,23.333333333333332,-1,129,1.0,14.742229591663989,1.0,36.0,23.333333333333332,-1,378,0.8944271909999159,15.716233645501712,1.0,35.6,29.0,-1,1182,0.816496580927726,16.465114636709945,1.0,35.666666666666664,32.5,0,2697,9.373455076920749,22.129514568100284,0.5217391304347826,25.956521739130434,31.47826086956522,6
2025-05-18 18:17:52.898013,138,42067.101987,18.297777777777778,21,36,64,1,-5.0,2.4000000000000057,8.600000000000009,-20.299999999999997,-14.099999999999994,-0.4000000000000057,5.799999999999997,-24.700000000000003,-18.5,0.0,0.0,0.2,1.0,0.2,29,47.9,22.5,52097.72,36083.9,100,0,-6.200000000000003,8.600000000000009,-10.700000000000003,13.100000000000009,29,0.2,0.2,0.0,0.0,86,92,15.5,19.4,92,-8.799999999999997,11.200000000000003,-14.799999999999997,17.200000000000003,16,0.0,0.0,0.0,0.0,100,100,22.5,33.5,71,50.54861811579585,64,170,9.287985070329661,17.374310537879385,1.0,37.333333333333336,16.666666666666668,-13,229,8.166788142925501,19.260896730348325,1.0,36.125,19.875,-16,478,8.791409948858538,17.45470328211473,0.9,33.8,18.0,-27,1282,8.791409948858538,17.45470328211473,0.9,33.8,18.0,-27,2797,9.926577749295468,18.407069213873648,0.8275862068965517,24.413793103448278,24.03448275862069,-36
2025-05-18 18:17:52.898013,138,42067.101987,18.297777777777778,4,35,65,1,-5.0,2.4000000000000057,8.600000000000009,-20.299999999999997,-14.099999999999994,-0.4000000000000057,5.799999999999997,-24.700000000000003,-18.5,0.0,0.0,0.2,1.0,0.2,29,47.9,22.5,52097.72,36083.9,100,0,-6.200000000000003,8.600000000000009,-10.700000000000003,13.100000000000009,29,0.2,0.2,0.0,0.0,86,92,15.5,19.4,92,-8.799999999999997,11.200000000000003,-14.799999999999997,17.200000000000003,16,0.0,0.0,0.0,0.0,100,100,22.5,33.5,71,51.65591832608915,65,170,9.287985070329661,17.374310537879385,1.0,37.333333333333336,16.666666666666668,-13,229,8.166788142925501,19.260896730348325,1.0,36.125,19.875,-16,478,8.791409948858538,17.45470328211473,0.9,33.8,18.0,-27,1282,8.791409948858538,17.45470328211473,0.9,33.8,18.0,-27,2797,9.926577749295468,18.407069213873648,0.8275862068965517,24.413793103448278,24.03448275862069,-36
2025-05-18 18:17:52.898013,138,42067.101987,18.297777777777778,11,28,72,1,-5.0,2.4000000000000057,8.600000000000009,-20.299999999999997,-14.099999999999994,-0.4000000000000057,5.799999999999997,-24.700000000000003,-18.5,0.0,0.0,0.2,1.0,0.2,29,47.9,22.5,52097.72,36083.9,100,0,-6.200000000000003,8.600000000000009,-10.700000000000003,13.100000000000009,29,0.2,0.2,0.0,0.0,86,92,15.5,19.4,92,-8.799999999999997,11.200000000000003,-14.799999999999997,17.200000000000003,16,0.0,0.0,0.0,0.0,100,100,22.5,33.5,71,58.67681262008293,72,170,9.287985070329661,17.374310537879385,1.0,37.333333333333336,16.666666666666668,-13,229,8.166788142925501,19.260896730348325,1.0,36.125,19.875,-16,478,8.791409948858538,17.45470328211473,0.9,33.8,18.0,-27,1282,8.791409948858538,17.45470328211473,0.9,33.8,18.0,-27,2797,9.926577749295468,18.407069213873648,0.8275862068965517,24.413793103448278,24.03448275862069,-36
2025-05-18 18:17:52.898013,138,42067.101987,18.297777777777778,50,28,72,1,-5.0,2.4000000000000057,8.600000000000009,-20.299999999999997,-14.099999999999994,-0.4000000000000057,5.799999999999997,-24.700000000000003,-18.5,0.0,0.0,0.2,1.0,0.2,29,47.9,22.5,52097.72,36083.9,100,0,-6.200000000000003,8.600000000000009,-10.700000000000003,13.100000000000009,29,0.2,0.2,0.0,0.0,86,92,15.5,19.4,92,-8.799999999999997,11.200000000000003,-14.799999999999997,17.200000000000003,16,0.0,0.0,0.0,0.0,100,100,22.5,33.5,71,58.74215428224336,72,170,9.287985070329661,17.374310537879385,1.0,37.333333333333336,16.666666666666668,-13,229,8.166788142925501,19.260896730348325,1.0,36.125,19.875,-16,478,8.791409948858538,17.45470328211473,0.9,33.8,18.0,-27,1282,8.791409948858538,17.45470328211473,0.9,33.8,18.0,-27,2797,9.926577749295468,18.407069213873648,0.8275862068965517,24.413793103448278,24.03448275862069,-36
2025-05-18 18:17:52.898013,138,42067.101987,18.297777777777778,7,48,52,1,-5.0,2.4000000000000057,8.600000000000009,-20.299999999999997,-14.099999999999994,-0.4000000000000057,5.799999999999997,-24.700000000000003,-18.5,0.0,0.0,0.2,1.0,0.2,29,47.9,22.5,52097.72,36083.9,100,0,-6.200000000000003,8.600000000000009,-10.700000000000003,13.100000000000009,29,0.2,0.2,0.0,0.0,86,92,15.5,19.4,92,-8.799999999999997,11.200000000000003,-14.799999999999997,17.200000000000003,16,0.0,0.0,0.0,0.0,100,100,22.5,33.5,71,39.04100529100529,52,170,9.287985070329661,17.374310537879385,1.0,37.333333333333336,16.666666666666668,-13,229,8.166788142925501,19.260896730348325,1.0,36.125,19.875,-16,478,8.791409948858538,17.45470328211473,0.9,33.8,18.0,-27,1282,8.791409948858538,17.45470328211473,0.9,33.8,18.0,-27,2797,9.926577749295468,18.407069213873648,0.8275862068965517,24.413793103448278,24.03448275862069,-36
2025-05-18 18:17:52.898013,138,42067.101987,18.297777777777778,7,49,51,1,-5.0,2.4000000000000057,8.600000000000009,-20.299999999999997,-14.099999999999994,-0.4000000000000057,5.799999999999997,-24.700000000000003,-18.5,0.0,0.0,0.2,1.0,0.2,29,47.9,22.5,52097.72,36083.9,100,0,-6.200000000000003,8.600000000000009,-10.700000000000003,13.100000000000009,29,0.2,0.2,0.0,0.0,86,92,15.5,19.4,92,-8.799999999999997,11.200000000000003,-14.799999999999997,17.200000000000003,16,0.0,0.0,0.0,0.0,100,100,22.5,33.5,71,38.0688320944914,51,170,9.287985070329661,17.374310537879385,1.0,37.333333333333336,16.666666666666668,-13,229,8.166788142925501,19.260896730348325,1.0,36.125,19.875,-16,478,8.791409948858538,17.45470328211473,0.9,33.8,18.0,-27,1282,8.791409948858538,17.45470328211473,0.9,33.8,18.0,-27,2797,9.926577749295468,18.407069213873648,0.8275862068965517,24.413793103448278,24.03448275862069,-36
2025-05-18 18:24:06.416400,138,41693.5836,18.401666666666664,20,32,68,1,-5.0,2.4000000000000057,8.600000000000009,-20.299999999999997,-14.099999999999994,-0.4000000000000057,5.799999999999997,-24.700000000000003,-18.5,0.0,0.0,0.2,1.0,0.2,29,47.9,22.5,52097.72,36083.9,100,0,-6.200000000000003,8.600000000000009,-10.700000000000003,13.100000000000009,29,0.2,0.2,0.0,0.0,86,92,15.5,19.4,92,-8.799999999999997,11.200000000000003,-14.799999999999997,17.200000000000003,16,0.0,0.0,0.0,0.0,100,100,22.5,33.5,71,55.09598532708375,68,20,,,1.0,32.0,20.0,0,20,,,1.0,32.0,20.0,0,261,7.814516406449389,17.168770097670556,0.9,34.8,19.1,-5,1242,8.357903173317183,16.56996186970979,0.9090909090909091,33.63636363636363,18.181818181818183,-10,2817,9.851775031148843,18.10191454915274,0.8333333333333334,24.666666666666668,23.9,-19
2025-05-18 18:25:13.625824,138,41626.374176,18.42027777777778,33,18,82,0,-1.0,-1.5999999999999943,8.600000000000009,-24.299999999999997,-14.099999999999994,-4.400000000000006,5.799999999999997,-28.700000000000003,-18.5,0.0,0.0,0.2,1.0,0.2,29,47.9,22.5,52097.72,36083.9,100,0,-10.200000000000003,8.600000000000009,-14.700000000000003,13.100000000000009,29,0.2,0.2,0.0,0.0,86,92,15.5,19.4,92,-12.799999999999997,11.200000000000003,-18.799999999999997,17.200000000000003,16,0.0,0.0,0.0,0.0,100,100,22.5,33.5,71,-12.357374918778433,18,139,2.516611478423583,13.098982148752373,0.0,20.5,29.75,-2,139,2.516611478423583,13.098982148752373,0.0,20.5,29.75,-2,380,2.516611478423583,13.098982148752373,0.0,20.5,29.75,-2,1361,2.8577380332470415,13.467244212037839,0.0,21.833333333333332,24.166666666666668,4,2936,7.205817755384153,13.645861050498931,0.3333333333333333,29.933333333333334,21.933333333333334,13
2025-05-18 18:25:13.625824,138,41626.374176,18.42027777777778,46,20,80,0,-1.0,-1.5999999999999943,8.600000000000009,-24.299999999999997,-14.099999999999994,-4.400000000000006,5.799999999999997,-28.700000000000003,-18.5,0.0,0.0,0.2,1.0,0.2,29,47.9,22.5,52097.72,36083.9,100,0,-10.200000000000003,8.600000000000009,-14.700000000000003,13.100000000000009,29,0.2,0.2,0.0,0.0,86,92,15.5,19.4,92,-12.799999999999997,11.200000000000003,-18.799999999999997,17.200000000000003,16,0.0,0.0,0.0,0.0,100,100,22.5,33.5,71,-14.628154050464815,20,139,2.516611478423583,13.098982148752373,0.0,20.5,29.75,-2,139,2.516611478423583,13.098982148752373,0.0,20.5,29.75,-2,380,2.516611478423583,13.098982148752373,0.0,20.5,29.75,-2,1361,2.8577380332470415,13.467244212037839,0.0,21.833333333333332,24.166666666666668,4,2936,7.205817755384153,13.645861050498931,0.3333333333333333,29.933333333333334,21.933333333333334,13
2025-05-18 18:25:13.625824,138,41626.374176,18.42027777777778,15,24,76,0,-1.0,-1.5999999999999943,8.600000000000009,-24.299999999999997,-14.099999999999994,-4.400000000000006,5.799999999999997,-28.700000000000003,-18.5,0.0,0.0,0.2,1.0,0.2,29,47.9,22.5,52097.72,36083.9,100,0,-10.200000000000003,8.600000000000009,-14.700000000000003,13.100000000000009,29,0.2,0.2,0.0,0.0,86,92,15.5,19.4,92,-12.799999999999997,11.200000000000003,-18.799999999999997,17.200000000000003,16,0.0,0.0,0.0,0.0,100,100,22.5,33.5,71,-19.08904109589041,24,139,2.516611478423583,13.098982148752373,0.0,20.5,29.75,-2,139,2.516611478423583,13.098982148752373,0.0,20.5,29.75,-2,380,2.516611478423583,13.098982148752373,0.0,20.5,29.75,-2,1361,2.8577380332470415,13.467244212037839,0.0,21.833333333333332,24.166666666666668,4,2936,7.205817755384153,13.645861050498931,0.3333333333333333,29.933333333333334,21.933333333333334,13
2025-05-18 18:25:13.625824,138,41626.374176,18.42027777777778,25,20,80,0,-1.0,-1.5999999999999943,8.600000000000009,-24.299999999999997,-14.099999999999994,-4.400000000000006,5.799999999999997,-28.700000000000003,-18.5,0.0,0.0,0.2,1.0,0.2,29,47.9,22.5,52097.72,36083.9,100,0,-10.200000000000003,8.600000000000009,-14.700000000000003,13.100000000000009,29,0.2,0.2,0.0,0.0,86,92,15.5,19.4,92,-12.799999999999997,11.200000000000003,-18.799999999999997,17.200000000000003,16,0.0,0.0,0.0,0.0,100,100,22.5,33.5,71,-15.287197231833915,20,139,2.516611478423583,13.098982148752373,0.0,20.5,29.75,-2,139,2.516611478423583,13.098982148752373,0.0,20.5,29.75,-2,380,2.516611478423583,13.098982148752373,0.0,20.5,29.75,-2,1361,2.8577380332470415,13.467244212037839,0.0,21.833333333333332,24.166666666666668,4,2936,7.205817755384153,13.645861050498931,0.3333333333333333,29.933333333333334,21.933333333333334,13
2025-05-18 18:25:47.024321,138,41592.975679,18.429722222222225,50,32,68,1,-5.0,2.4000000000000057,8.600000000000009,-20.299999999999997,-14.099999999999994,-0.4000000000000057,5.799999999999997,-24.700000000000003,-18.5,0.0,0.0,0.2,1.0,0.2,29,47.9,22.5,52097.72,36083.9,100,0,-6.200000000000003,8.600000000000009,-10.700000000000003,13.100000000000009,29,0.2,0.2,0.0,0.0,86,92,15.5,19.4,92,-8.799999999999997,11.200000000000003,-14.799999999999997,17.200000000000003,16,0.0,0.0,0.0,0.0,100,100,22.5,33.5,71,55.208494996936906,68,189,0.0,21.213203435596427,1.0,32.0,35.0,0,189,0.0,21.213203435596427,1.0,32.0,35.0,0,418,7.409453421137082,19.473343603785946,1.0,35.3,22.9,1,1411,7.982936347439627,18.274837809668707,0.9166666666666666,33.5,20.833333333333332,-10,2979,9.685218029340488,18.41725827312118,0.8333333333333334,25.3,25.333333333333332,-22
2025-05-18 18:26:03.939049,138,41576.060951,18.434166666666666,59,32,68,0,-5.0,2.4000000000000057,8.600000000000009,-20.299999999999997,-14.099999999999994,-0.4000000000000057,5.799999999999997,-24.700000000000003,-18.5,0.0,0.0,0.2,1.0,0.2,29,47.9,22.5,52097.72,36083.9,100,0,-6.200000000000003,8.600000000000009,-10.700000000000003,13.100000000000009,29,0.2,0.2,0.0,0.0,86,92,15.5,19.4,92,-8.799999999999997,11.200000000000003,-14.799999999999997,17.200000000000003,16,0.0,0.0,0.0,0.0,100,100,22.5,33.5,71,55.491789819376024,-68,248,0.0,20.42057785666214,0.6666666666666666,32.0,43.0,0,248,0.0,20.42057785666214,0.6666666666666666,32.0,43.0,0,477,7.0992957397195395,21.44209962582108,0.9090909090909091,35.0,26.181818181818183,1,1470,7.654393744101723,20.449750797804544,0.8461538461538461,33.38461538461539,23.76923076923077,-10,2682,9.598162906660612,19.090615833524748,0.8064516129032258,25.516129032258064,26.419354838709676,-22
2025-05-18 18:26:28.595967,138,41551.404033,18.441111111111113,4,37,63,1,-5.0,2.4000000000000057,8.600000000000009,-20.299999999999997,-14.099999999999994,-0.4000000000000057,5.799999999999997,-24.700000000000003,-18.5,0.0,0.0,0.2,1.0,0.2,29,47.9,22.5,52097.72,36083.9,100,0,-6.200000000000003,8.600000000000009,-10.700000000000003,13.100000000000009,29,0.2,0.2,0.0,0.0,86,92,15.5,19.4,92,-8.799999999999997,11.200000000000003,-14.799999999999997,17.200000000000003,16,0.0,0.0,0.0,0.0,100,100,22.5,33.5,71,50.829839958699026,63,293,2.8809720581775866,24.933912649241396,0.8,34.4,34.8,-1,313,2.756809750418044,23.10555488765995,0.8333333333333334,34.0,32.333333333333336,-1,542,6.326726841540776,21.119362502866238,0.9285714285714286,35.214285714285715,25.214285714285715,0,1535,6.994045086119096,20.300656803824516,0.875,33.875,23.375,-11,2747,9.658380491857327,19.186485142443683,0.8235294117647058,26.441176470588236,26.0,-23
2025-05-18 18:26:28.595967,138,41551.404033,18.441111111111113,49,38,62,1,-5.0,2.4000000000000057,8.600000000000009,-20.299999999999997,-14.099999999999994,-0.4000000000000057,5.799999999999997,-24.700000000000003,-18.5,0.0,0.0,0.2,1.0,0.2,29,47.9,22.5,52097.72,36083.9,100,0,-6.200000000000003,8.600000000000009,-10.700000000000003,13.100000000000009,29,0.2,0.2,0.0,0.0,86,92,15.5,19.4,92,-8.799999999999997,11.200000000000003,-14.799999999999997,17.200000000000003,16,0.0,0.0,0.0,0.0,100,100,22.5,33.5,71,49.85084185518025,62,293,2.8809720581775866,24.933912649241396,0.8,34.4,34.8,-1,313,2.756809750418044,23.10555488765995,0.8333333333333334,34.0,32.333333333333336,-1,542,6.326726841540776,21.119362502866238,0.9285714285714286,35.214285714285715,25.214285714285715,0,1535,6.994045086119096,20.300656803824516,0.875,33.875,23.375,-11,2747,9.658380491857327,19.186485142443683,0.8235294117647058,26.441176470588236,26.0,-23
2025-05-18 18:26:28.595967,138,41551.404033,18.441111111111113,12,33,67,1,-5.0,2.4000000000000057,8.600000000000009,-20.299999999999997,-14.099999999999994,-0.4000000000000057,5.799999999999997,-24.700000000000003,-18.5,0.0,0.0,0.2,1.0,0.2,29,47.9,22.5,52097.72,36083.9,100,0,-6.200000000000003,8.600000000000009,-10.700000000000003,13.100000000000009,29,0.2,0.2,0.0,0.0,86,92,15.5,19.4,92,-8.799999999999997,11.200000000000003,-14.799999999999997,17.200000000000003,16,0.0,0.0,0.0,0.0,100,100,22.5,33.5,71,55.10444352159469,67,293,2.8809720581775866,24.933912649241396,0.8,34.4,34.8,-1,313,2.756809750418044,23.10555488765995,0.8333333333333334,34.0,32.333333333333336,-1,542,6.326726841540776,21.119362502866238,0.9285714285714286,35.214285714285715,25.214285714285715,0,1535,6.994045086119096,20.300656803824516,0.875,33.875,23.375,-11,2747,9.658380491857327,19.186485142443683,0.8235294117647058,26.441176470588236,26.0,-23
2025-05-18 18:29:32.783996,138,41367.216004,18.492222222222225,10,10,90,0,1.0,-3.5999999999999943,8.600000000000009,-26.299999999999997,-14.099999999999994,-6.400000000000006,5.799999999999997,-30.700000000000003,-18.5,0.0,0.0,0.2,1.0,0.2,29,47.9,22.5,52097.72,36083.9,100,0,-12.200000000000003,8.600000000000009,-16.700000000000003,13.100000000000009,29,0.2,0.2,0.0,0.0,86,92,15.5,19.4,92,-14.799999999999997,11.200000000000003,-20.799999999999997,17.200000000000003,16,0.0,0.0,0.0,0.0,100,100,22.5,33.5,71,-7.331125827814574,10,10,,,0.0,10.0,10.0,0,303,,,0.0,10.0,10.0,0,493,,,0.0,10.0,10.0,0,1545,3.1509635714446826,21.72515000770174,0.0,15.25,17.625,8,2757,5.035480176314927,22.161083826465628,0.16666666666666666,17.416666666666668,26.75,15
2025-05-18 18:30:16.322523,138,41323.677477,18.504444444444445,50,39,61,1,-5.0,2.4000000000000057,8.600000000000009,-20.299999999999997,-14.099999999999994,-0.4000000000000057,5.799999999999997,-24.700000000000003,-18.5,0.0,0.0,0.2,1.0,0.2,29,47.9,22.5,52097.72,36083.9,100,0,-6.200000000000003,8.600000000000009,-10.700000000000003,13.100000000000009,29,0.2,0.2,0.0,0.0,86,92,15.5,19.4,92,-8.799999999999997,11.200000000000003,-14.799999999999997,17.200000000000003,16,0.0,0.0,0.0,0.0,100,100,22.5,33.5,71,49.17318087318087,61,60,,,1.0,39.0,50.0,0,234,3.188521078284832,23.14879406506237,0.8333333333333334,35.166666666666664,37.333333333333336,-7,543,6.537858192373841,21.43834331525093,0.9230769230769231,35.92307692307692,26.46153846153846,-3,1595,6.885086184261304,20.689582488040006,0.8823529411764706,34.1764705882353,24.941176470588236,-17,2762,9.440497585000825,19.481972104400747,0.8235294117647058,27.294117647058822,26.294117647058822,-29
2025-05-18 18:30:39.484677,138,41300.515323,18.510833333333334,12,36,64,1,-3.0,0.4000000000000057,8.600000000000009,-22.299999999999997,-14.099999999999994,-2.4000000000000057,5.799999999999997,-26.700000000000003,-18.5,0.0,0.0,0.2,1.0,0.2,29,47.9,22.5,52097.72,36083.9,100,0,-8.200000000000003,8.600000000000009,-12.700000000000003,13.100000000000009,29,0.2,0.2,0.0,0.0,86,92,15.5,19.4,92,-10.799999999999997,11.200000000000003,-16.799999999999997,17.200000000000003,16,0.0,0.0,0.0,0.0,100,100,22.5,33.5,71,-25.4070796460177,-36,72,,,1.0,36.0,12.0,0,246,,,1.0,36.0,12.0,0,555,0.816496580927726,13.30413469565007,1.0,36.0,20.5,-1,1607,0.816496580927726,15.676946981688326,1.0,35.666666666666664,26.166666666666668,-1,2774,5.662679053763692,17.922298714416943,0.8571428571428571,31.285714285714285,27.142857142857142,-17
2025-05-18 18:35:20.388505,138,41019.611495,18.58888888888889,16,41,59,0,-3.0,0.4000000000000057,8.600000000000009,-22.299999999999997,-14.099999999999994,-2.4000000000000057,5.799999999999997,-26.700000000000003,-18.5,0.0,0.0,0.2,1.0,0.2,29,47.9,22.5,52097.72,36083.9,100,0,-8.200000000000003,8.600000000000009,-12.700000000000003,13.100000000000009,29,0.2,0.2,0.0,0.0,86,92,15.5,19.4,92,-10.799999999999997,11.200000000000003,-16.799999999999997,17.200000000000003,16,0.0,0.0,0.0,0.0,100,100,22.5,33.5,71,-30.55786350148368,41,16,,,0.0,41.0,16.0,0,28,3.5355339059327378,2.8284271247461903,0.5,38.5,14.0,-5,401,3.5355339059327378,2.8284271247461903,0.5,38.5,14.0,-5,1623,2.14919697074224,14.817942791475089,0.8571428571428571,36.42857142857143,24.714285714285715,-6,2690,6.005552985917839,17.508365347537648,0.8,31.933333333333334,26.4,-22
2025-05-18 18:35:31.353911,138,41008.646089,18.591944444444444,12,35,65,1,-5.0,2.4000000000000057,8.600000000000009,-20.299999999999997,-14.099999999999994,-0.4000000000000057,5.799999999999997,-24.700000000000003,-18.5,0.0,0.0,0.2,1.0,0.2,29,47.9,22.5,52097.72,36083.9,100,0,-6.200000000000003,8.600000000000009,-10.700000000000003,13.100000000000009,29,0.2,0.2,0.0,0.0,86,92,15.5,19.4,92,-8.799999999999997,11.200000000000003,-14.799999999999997,17.200000000000003,16,0.0,0.0,0.0,0.0,100,100,22.5,33.5,71,53.43009404388715,65,118,2.0816659994661326,19.697715603592208,1.0,35.666666666666664,34.0,-3,130,2.0816659994661326,19.697715603592208,1.0,35.666666666666664,34.0,-3,503,2.788866755113585,20.315292543084656,0.9,35.0,34.6,-6,1725,6.377592352175413,20.305819751723238,0.9,34.4,26.3,-16,2792,9.343704019541972,19.33962308373721,0.8378378378378378,27.972972972972972,26.91891891891892,-28
2025-05-18 18:35:31.353911,138,41008.646089,18.591944444444444,40,34,66,1,-5.0,2.4000000000000057,8.600000000000009,-20.299999999999997,-14.099999999999994,-0.4000000000000057,5.799999999999997,-24.700000000000003,-18.5,0.0,0.0,0.2,1.0,0.2,29,47.9,22.5,52097.72,36083.9,100,0,-6.200000000000003,8.600000000000009,-10.700000000000003,13.100000000000009,29,0.2,0.2,0.0,0.0,86,92,15.5,19.4,92,-8.799999999999997,11.200000000000003,-14.799999999999997,17.200000000000003,16,0.0,0.0,0.0,0.0,100,100,22.5,33.5,71,54.497175141242934,66,118,2.0816659994661326,19.697715603592208,1.0,35.666666666666664,34.0,-3,130,2.0816659994661326,19.697715603592208,1.0,35.666666666666664,34.0,-3,503,2.788866755113585,20.315292543084656,0.9,35.0,34.6,-6,1725,6.377592352175413,20.305819751723238,0.9,34.4,26.3,-16,2792,9.343704019541972,19.33962308373721,0.8378378378378378,27.972972972972972,26.91891891891892,-28
2025-05-18 18:35:31.353911,138,41008.646089,18.591944444444444,50,38,62,1,-5.0,2.4000000000000057,8.600000000000009,-20.299999999999997,-14.099999999999994,-0.4000000000000057,5.799999999999997,-24.700000000000003,-18.5,0.0,0.0,0.2,1.0,0.2,29,47.9,22.5,52097.72,36083.9,100,0,-6.200000000000003,8.600000000000009,-10.700000000000003,13.100000000000009,29,0.2,0.2,0.0,0.0,86,92,15.5,19.4,92,-8.799999999999997,11.200000000000003,-14.799999999999997,17.200000000000003,16,0.0,0.0,0.0,0.0,100,100,22.5,33.5,71,50.72620298382013,62,118,2.0816659994661326,19.697715603592208,1.0,35.666666666666664,34.0,-3,130,2.0816659994661326,19.697715603592208,1.0,35.666666666666664,34.0,-3,503,2.788866755113585,20.315292543084656,0.9,35.0,34.6,-6,1725,6.377592352175413,20.305819751723238,0.9,34.4,26.3,-16,2792,9.343704019541972,19.33962308373721,0.8378378378378378,27.972972972972972,26.91891891891892,-28
2025-05-18 18:40:28.687707,138,40711.312293,18.674444444444447,16,41,59,0,-5.0,2.4000000000000057,8.600000000000009,-20.299999999999997,-14.099999999999994,-0.4000000000000057,5.799999999999997,-24.700000000000003,-18.5,0.0,0.0,0.2,1.0,0.2,29,47.9,22.5,52097.72,36083.9,100,0,-6.200000000000003,8.600000000000009,-10.700000000000003,13.100000000000009,29,0.2,0.2,0.0,0.0,86,92,15.5,19.4,92,-8.799999999999997,11.200000000000003,-14.799999999999997,17.200000000000003,16,0.0,0.0,0.0,0.0,100,100,22.5,33.5,71,47.99408534009295,-59,16,,,0.0,41.0,16.0,0,118,3.1622776601683795,18.430047929038782,0.75,37.0,29.5,-6,380,3.142893217686178,20.67096729446614,0.8,35.9,34.2,-9,999,6.380774695464941,19.918883120343487,0.8571428571428571,34.714285714285715,25.80952380952381,-19,2727,9.455744037664735,19.1585434370344,0.8157894736842105,28.31578947368421,26.63157894736842,-31
2025-05-18 18:40:29.662148,138,40710.337852,18.674722222222222,13,40,60,0,-3.0,0.4000000000000057,8.600000000000009,-22.299999999999997,-14.099999999999994,-2.4000000000000057,5.799999999999997,-26.700000000000003,-18.5,0.0,0.0,0.2,1.0,0.2,29,47.9,22.5,52097.72,36083.9,100,0,-8.200000000000003,8.600000000000009,-12.700000000000003,13.100000000000009,29,0.2,0.2,0.0,0.0,86,92,15.5,19.4,92,-10.799999999999997,11.200000000000003,-16.799999999999997,17.200000000000003,16,0.0,0.0,0.0,0.0,100,100,22.5,33.5,71,-29.801595214356922,40,29,,,0.0,40.0,13.0,0,131,,,0.0,40.0,13.0,0,393,2.6457513110645907,2.0816659994661326,0.3333333333333333,39.0,13.666666666666666,-4,1012,2.356601669474803,14.33028760552777,0.75,36.875,23.25,-5,2740,6.142407237123461,17.243235388599977,0.75,32.4375,25.5625,-21
2025-05-18 18:40:32.901237,138,40707.098763,18.675555555555558,16,42,58,1,-5.0,2.4000000000000057,8.600000000000009,-20.299999999999997,-14.099999999999994,-0.4000000000000057,5.799999999999997,-24.700000000000003,-18.5,0.0,0.0,0.2,1.0,0.2,29,47.9,22.5,52097.72,36083.9,100,0,-6.200000000000003,8.600000000000009,-10.700000000000003,13.100000000000009,29,0.2,0.2,0.0,0.0,86,92,15.5,19.4,92,-8.799999999999997,11.200000000000003,-14.799999999999997,17.200000000000003,16,0.0,0.0,0.0,0.0,100,100,22.5,33.5,71,47.07532797291579,58,45,0.7071067811865476,0.0,0.5,41.5,16.0,-1,45,0.7071067811865476,0.0,0.5,41.5,16.0,-1,409,3.503245248726853,20.36351461002563,0.8181818181818182,36.45454545454545,32.54545454545455,-10,1028,6.417812063960091,19.55102105370521,0.8636363636363636,35.04545454545455,25.363636363636363,-20,2756,9.584343958915865,18.981274955080806,0.8205128205128205,28.666666666666668,26.358974358974358,-32
2025-05-18 18:40:42.143932,138,40697.856068,18.678333333333335,23,43,57,1,-5.0,2.4000000000000057,8.600000000000009,-20.299999999999997,-14.099999999999994,-0.4000000000000057,5.799999999999997,-24.700000000000003,-18.5,0.0,0.0,0.2,1.0,0.2,29,47.9,22.5,52097.72,36083.9,100,0,-6.200000000000003,8.600000000000009,-10.700000000000003,13.100000000000009,29,0.2,0.2,0.0,0.0,86,92,15.5,19.4,92,-8.799999999999997,11.200000000000003,-14.799999999999997,17.200000000000003,16,0.0,0.0,0.0,0.0,100,100,22.5,33.5,71,46.155150487494694,57,68,1.0,4.041451884327381,0.6666666666666666,42.0,18.333333333333332,-2,68,1.0,4.041451884327381,0.6666666666666666,42.0,18.333333333333332,-2,432,3.8376128944009875,19.610410036972247,0.8333333333333334,37.0,31.75,-11,1051,6.48592273126109,19.107869371982815,0.8695652173913043,35.391304347826086,25.26086956521739,-21,2779,9.7283289734355,18.743870793080397,0.825,29.025,26.275,-33
2025-05-18 18:41:35.326880,138,40644.67312,18.693055555555556,19,43,57,0,-5.0,2.4000000000000057,8.600000000000009,-20.299999999999997,-14.099999999999994,-0.4000000000000057,5.799999999999997,-24.700000000000003,-18.5,0.0,0.0,0.2,1.0,0.2,29,47.9,22.5,52097.72,36083.9,100,0,-6.200000000000003,8.600000000000009,-10.700000000000003,13.100000000000009,29,0.2,0.2,0.0,0.0,86,92,15.5,19.4,92,-8.799999999999997,11.200000000000003,-14.799999999999997,17.200000000000003,16,0.0,0.0,0.0,0.0,100,100,22.5,33.5,71,46.26792733453735,-57,87,0.9574271077563381,3.3166247903554,0.5,42.25,18.5,-2,87,0.9574271077563381,3.3166247903554,0.5,42.25,18.5,-2,277,3.50255009141299,15.863254935316936,0.75,39.375,28.25,-4,1070,6.530724486520663,18.731512624916103,0.8333333333333334,35.708333333333336,25.0,-21,2798,9.850776866727253,18.542929755096388,0.8048780487804879,29.365853658536587,26.097560975609756,-33
2025-05-18 18:41:35.327767,138,40644.672233,18.693055555555556,19,12,88,0,-1.0,-1.5999999999999943,8.600000000000009,-24.299999999999997,-14.099999999999994,-4.400000000000006,5.799999999999997,-28.700000000000003,-18.5,0.0,0.0,0.2,1.0,0.2,29,47.9,22.5,52097.72,36083.9,100,0,-10.200000000000003,8.600000000000009,-14.700000000000003,13.100000000000009,29,0.2,0.2,0.0,0.0,86,92,15.5,19.4,92,-12.799999999999997,11.200000000000003,-18.799999999999997,17.200000000000003,16,0.0,0.0,0.0,0.0,100,100,22.5,33.5,71,-7.556338028169009,12,106,,,0.0,12.0,19.0,0,106,,,0.0,12.0,19.0,0,296,,,0.0,12.0,19.0,0,1089,4.540820148282425,12.447987024108796,0.0,20.428571428571427,23.428571428571427,12,2817,8.908365414540109,13.035946357510737,0.15384615384615385,27.76923076923077,20.53846153846154,26
2025-05-18 18:41:35.336030,138,40644.66397,18.693055555555556,19,9,91,0,1.0,-3.5999999999999943,8.600000000000009,-26.299999999999997,-14.099999999999994,-6.400000000000006,5.799999999999997,-30.700000000000003,-18.5,0.0,0.0,0.2,1.0,0.2,29,47.9,22.5,52097.72,36083.9,100,0,-12.200000000000003,8.600000000000009,-16.700000000000003,13.100000000000009,29,0.2,0.2,0.0,0.0,86,92,15.5,19.4,92,-14.799999999999997,11.200000000000003,-20.799999999999997,17.200000000000003,16,0.0,0.0,0.0,0.0,100,100,22.5,33.5,71,-6.454545454545453,9,125,,,0.0,9.0,19.0,0,125,,,0.0,9.0,19.0,0,315,0.7071067811865476,6.363961030678928,0.0,9.5,14.5,1,1108,3.505098327538656,20.74332939249903,0.0,13.571428571428571,22.571428571428573,9,2836,3.40587727318528,20.28210137938464,0.0,15.0,21.818181818181817,7
2025-05-18 18:42:06.894888,138,40613.105112,18.701666666666664,3,44,56,0,-5.0,2.4000000000000057,8.600000000000009,-20.299999999999997,-14.099999999999994,-0.4000000000000057,5.799999999999997,-24.700000000000003,-18.5,0.0,0.0,0.2,1.0,0.2,29,47.9,22.5,52097.72,36083.9,100,0,-6.200000000000003,8.600000000000009,-10.700000000000003,13.100000000000009,29,0.2,0.2,0.0,0.0,86,92,15.5,19.4,92,-8.799999999999997,11.200000000000003,-14.799999999999997,17.200000000000003,16,0.0,0.0,0.0,0.0,100,100,22.5,33.5,71,45.36150734511391,-56,128,1.1401754250991378,7.503332592921629,0.4,42.6,15.4,-3,128,1.1401754250991378,7.503332592921629,0.4,42.6,15.4,-3,318,3.6209268304000717,17.059536270889012,0.6666666666666666,39.888888888888886,25.444444444444443,-5,1111,6.604796237079031,18.857624452724686,0.8,36.04,24.12,-22,2839,9.98849512405175,18.658944603192168,0.7857142857142857,29.714285714285715,25.547619047619047,-34
2025-05-18 18:42:24.232928,138,40595.767072,18.706666666666667,4,40,60,1,-3.0,0.4000000000000057,8.600000000000009,-22.299999999999997,-14.099999999999994,-2.4000000000000057,5.799999999999997,-26.700000000000003,-18.5,0.0,0.0,0.2,1.0,0.2,29,47.9,22.5,52097.72,36083.9,100,0,-8.200000000000003,8.600000000000009,-12.700000000000003,13.100000000000009,29,0.2,0.2,0.0,0.0,86,92,15.5,19.4,92,-10.799999999999997,11.200000000000003,-16.799999999999997,17.200000000000003,16,0.0,0.0,0.0,0.0,100,100,22.5,33.5,71,-29.995985950827897,-40,132,0.0,6.363961030678928,0.5,40.0,8.5,0,132,0.0,6.363961030678928,0.5,40.0,8.5,0,322,2.217355782608345,5.123475382979799,0.5,39.25,11.25,-4,1115,2.438123139721299,14.861396674307267,0.7777777777777778,37.22222222222222,21.11111111111111,-5,2843,6.223768482008875,17.495587679049084,0.7647058823529411,32.88235294117647,24.294117647058822,-21
2025-05-18 18:44:59.099559,138,40440.900441,18.749722222222225,13,43,57,0,-5.0,2.4000000000000057,8.600000000000009,-20.299999999999997,-14.099999999999994,-0.4000000000000057,5.799999999999997,-24.700000000000003,-18.5,0.0,0.0,0.2,1.0,0.2,29,47.9,22.5,52097.72,36083.9,100,0,-6.200000000000003,8.600000000000009,-10.700000000000003,13.100000000000009,29,0.2,0.2,0.0,0.0,86,92,15.5,19.4,92,-8.799999999999997,11.200000000000003,-14.799999999999997,17.200000000000003,16,0.0,0.0,0.0,0.0,100,100,22.5,33.5,71,46.37599829624108,-57,13,,,0.0,43.0,13.0,0,145,1.0327955589886444,6.782329983125268,0.3333333333333333,42.666666666666664,15.0,-2,325,3.552776691859794,16.558314460650205,0.6,40.2,24.2,-4,1128,6.613738614546122,18.604879426148894,0.7692307692307693,36.30769230769231,23.692307692307693,-21,2856,10.074693359608716,18.53451480893573,0.7674418604651163,30.023255813953487,25.25581395348837,-33
2025-05-18 18:45:15.793526,138,40424.206474,18.754166666666666,7,43,57,0,-5.0,2.4000000000000057,8.600000000000009,-20.299999999999997,-14.099999999999994,-0.4000000000000057,5.799999999999997,-24.700000000000003,-18.5,0.0,0.0,0.2,1.0,0.2,29,47.9,22.5,52097.72,36083.9,100,0,-6.200000000000003,8.600000000000009,-10.700000000000003,13.100000000000009,29,0.2,0.2,0.0,0.0,86,92,15.5,19.4,92,-8.799999999999997,11.200000000000003,-14.799999999999997,17.200000000000003,16,0.0,0.0,0.0,0.0,100,100,22.5,33.5,71,46.4402857752186,-57,20,0.0,4.242640687119285,0.0,43.0,10.0,0,152,0.9511897312113418,6.890296835129129,0.2857142857142857,42.714285714285715,13.857142857142858,-2,332,3.4745830358083647,16.542507229998282,0.5454545454545454,40.45454545454545,22.636363636363637,-4,1135,6.61195498456763,18.52425836972018,0.7407407407407407,36.55555555555556,23.074074074074073,-21,2863,10.147224909379027,18.523326816844655,0.75,30.318181818181817,24.84090909090909,-33
2025-05-18 18:45:21.817511,138,40418.182489,18.75583333333333,50,48,52,1,-5.0,2.4000000000000057,8.600000000000009,-20.299999999999997,-14.099999999999994,-0.4000000000000057,5.799999999999997,-24.700000000000003,-18.5,0.0,0.0,0.2,1.0,0.2,29,47.9,22.5,52097.72,36083.9,100,0,-6.200000000000003,8.600000000000009,-10.700000000000003,13.100000000000009,29,0.2,0.2,0.0,0.0,86,92,15.5,19.4,92,-8.799999999999997,11.200000000000003,-14.799999999999997,17.200000000000003,16,0.0,0.0,0.0,0.0,100,100,22.5,33.5,71,41.474975989755634,52,78,2.5,20.502032419575706,0.5,44.25,19.5,0,210,1.9364916731037085,13.800161029656302,0.4444444444444444,43.333333333333336,17.22222222222222,-2,340,3.941811612428832,16.32877178108592,0.5833333333333334,41.416666666666664,21.416666666666668,-8,1193,6.80896974332514,18.77426180716411,0.7586206896551724,37.172413793103445,23.482758620689655,-21,2921,10.414709961150104,18.660104954372915,0.7608695652173914,30.97826086956522,25.02173913043478,-33
2025-05-18 18:45:21.817511,138,40418.182489,18.75583333333333,8,43,57,1,-5.0,2.4000000000000057,8.600000000000009,-20.299999999999997,-14.099999999999994,-0.4000000000000057,5.799999999999997,-24.700000000000003,-18.5,0.0,0.0,0.2,1.0,0.2,29,47.9,22.5,52097.72,36083.9,100,0,-6.200000000000003,8.600000000000009,-10.700000000000003,13.100000000000009,29,0.2,0.2,0.0,0.0,86,92,15.5,19.4,92,-8.799999999999997,11.200000000000003,-14.799999999999997,17.200000000000003,16,0.0,0.0,0.0,0.0,100,100,22.5,33.5,71,46.69745735436112,57,78,2.5,20.502032419575706,0.5,44.25,19.5,0,210,1.9364916731037085,13.800161029656302,0.4444444444444444,43.333333333333336,17.22222222222222,-2,340,3.941811612428832,16.32877178108592,0.5833333333333334,41.416666666666664,21.416666666666668,-8,1193,6.80896974332514,18.77426180716411,0.7586206896551724,37.172413793103445,23.482758620689655,-21,2921,10.414709961150104,18.660104954372915,0.7608695652173914,30.97826086956522,25.02173913043478,-33
2025-05-18 18:45:34.156844,138,40405.843156,18.759444444444444,49,52,48,1,-5.0,2.4000000000000057,8.600000000000009,-20.299999999999997,-14.099999999999994,-0.4000000000000057,5.799999999999997,-24.700000000000003,-18.5,0.0,0.0,0.2,1.0,0.2,29,47.9,22.5,52097.72,36083.9,100,0,-6.200000000000003,8.600000000000009,-10.700000000000003,13.100000000000009,29,0.2,0.2,0.0,0.0,86,92,15.5,19.4,92,-8.799999999999997,11.200000000000003,-14.799999999999997,17.200000000000003,16,0.0,0.0,0.0,0.0,100,100,22.5,33.5,71,37.737571137120156,48,153,3.8815804341359033,19.78635893740938,0.6666666666666666,46.333333333333336,25.5,-6,240,3.427827300200522,17.327723451163457,0.5555555555555556,45.333333333333336,22.0,-6,415,4.936965300022512,16.73517057176096,0.6428571428571429,42.714285714285715,23.714285714285715,-14,1268,7.382338703363779,18.709493881190976,0.7741935483870968,38.03225806451613,24.387096774193548,-27,2996,10.931037857974982,18.583862060347254,0.7708333333333334,31.791666666666668,25.541666666666668,-39
2025-05-18 18:45:34.156844,138,40405.843156,18.759444444444444,26,49,51,1,-5.0,2.4000000000000057,8.600000000000009,-20.299999999999997,-14.099999999999994,-0.4000000000000057,5.799999999999997,-24.700000000000003,-18.5,0.0,0.0,0.2,1.0,0.2,29,47.9,22.5,52097.72,36083.9,100,0,-6.200000000000003,8.600000000000009,-10.700000000000003,13.100000000000009,29,0.2,0.2,0.0,0.0,86,92,15.5,19.4,92,-8.799999999999997,11.200000000000003,-14.799999999999997,17.200000000000003,16,0.0,0.0,0.0,0.0,100,100,22.5,33.5,71,40.93717616580311,51,153,3.8815804341359033,19.78635893740938,0.6666666666666666,46.333333333333336,25.5,-6,240,3.427827300200522,17.327723451163457,0.5555555555555556,45.333333333333336,22.0,-6,415,4.936965300022512,16.73517057176096,0.6428571428571429,42.714285714285715,23.714285714285715,-14,1268,7.382338703363779,18.709493881190976,0.7741935483870968,38.03225806451613,24.387096774193548,-27,2996,10.931037857974982,18.583862060347254,0.7708333333333334,31.791666666666668,25.541666666666668,-39
2025-05-18 18:46:05.418915,138,40374.581085,18.768055555555556,10,8,92,0,-1.0,-1.5999999999999943,8.600000000000009,-24.299999999999997,-14.099999999999994,-4.400000000000006,5.799999999999997,-28.700000000000003,-18.5,0.0,0.0,0.2,1.0,0.2,29,47.9,22.5,52097.72,36083.9,100,0,-10.200000000000003,8.600000000000009,-14.700000000000003,13.100000000000009,29,0.2,0.2,0.0,0.0,86,92,15.5,19.4,92,-12.799999999999997,11.200000000000003,-18.799999999999997,17.200000000000003,16,0.0,0.0,0.0,0.0,100,100,22.5,33.5,71,-3.658815132048531,8,163,,,0.0,8.0,10.0,0,227,2.8284271247461903,6.363961030678928,0.0,10.0,14.5,4,413,2.8284271247461903,6.363961030678928,0.0,10.0,14.5,4,1278,6.0812945050493035,12.46423454758225,0.0,18.875,21.75,16,3006,10.058346269160237,12.837316826218135,0.14285714285714285,26.357142857142858,19.785714285714285,30
2025-05-18 18:46:42.906140,138,40337.09386,18.778333333333332,50,48,52,1,-5.0,2.4000000000000057,8.600000000000009,-20.299999999999997,-14.099999999999994,-0.4000000000000057,5.799999999999997,-24.700000000000003,-18.5,0.0,0.0,0.2,1.0,0.2,29,47.9,22.5,52097.72,36083.9,100,0,-6.200000000000003,8.600000000000009,-10.700000000000003,13.100000000000009,29,0.2,0.2,0.0,0.0,86,92,15.5,19.4,92,-8.799999999999997,11.200000000000003,-14.799999999999997,17.200000000000003,16,0.0,0.0,0.0,0.0,100,100,22.5,33.5,71,42.05239229270404,52,228,3.440826312717007,19.433035201503063,0.75,46.875,27.25,-6,235,3.3582402799349804,19.89416441516903,0.6666666666666666,46.55555555555556,24.555555555555557,-5,478,5.006246098625197,17.104458483097325,0.6875,43.4375,24.8125,-14,1343,7.585622365150183,18.739593071484997,0.7878787878787878,38.666666666666664,24.87878787878788,-27,3071,11.205337649385434,18.591955688590982,0.78,32.46,25.82,-39
2025-05-18 18:46:42.906140,138,40337.09386,18.778333333333332,15,49,51,1,-5.0,2.4000000000000057,8.600000000000009,-20.299999999999997,-14.099999999999994,-0.4000000000000057,5.799999999999997,-24.700000000000003,-18.5,0.0,0.0,0.2,1.0,0.2,29,47.9,22.5,52097.72,36083.9,100,0,-6.200000000000003,8.600000000000009,-10.700000000000003,13.100000000000009,29,0.2,0.2,0.0,0.0,86,92,15.5,19.4,92,-8.799999999999997,11.200000000000003,-14.799999999999997,17.200000000000003,16,0.0,0.0,0.0,0.0,100,100,22.5,33.5,71,41.28123639529821,51,228,3.440826312717007,19.433035201503063,0.75,46.875,27.25,-6,235,3.3582402799349804,19.89416441516903,0.6666666666666666,46.55555555555556,24.555555555555557,-5,478,5.006246098625197,17.104458483097325,0.6875,43.4375,24.8125,-14,1343,7.585622365150183,18.739593071484997,0.7878787878787878,38.666666666666664,24.87878787878788,-27,3071,11.205337649385434,18.591955688590982,0.78,32.46,25.82,-39
2025-05-18 18:47:14.697818,138,40305.302182,18.787222222222223,10,7,93,0,-1.0,-1.5999999999999943,8.600000000000009,-24.299999999999997,-14.099999999999994,-4.400000000000006,5.799999999999997,-28.700000000000003,-18.5,0.0,0.0,0.2,1.0,0.2,29,47.9,22.5,52097.72,36083.9,100,0,-10.200000000000003,8.600000000000009,-14.700000000000003,13.100000000000009,29,0.2,0.2,0.0,0.0,86,92,15.5,19.4,92,-12.799999999999997,11.200000000000003,-18.799999999999997,17.200000000000003,16,0.0,0.0,0.0,0.0,100,100,22.5,33.5,71,-2.685118619698059,7,225,0.7071067811865476,0.0,0.0,7.5,10.0,1,242,0.7071067811865476,0.0,0.0,7.5,10.0,1,488,2.6457513110645907,5.196152422706632,0.0,9.0,13.0,5,1353,6.93020762876393,12.299503151663394,0.0,17.555555555555557,20.444444444444443,17,3081,10.905219370732967,12.625748445518935,0.13333333333333333,25.066666666666666,19.133333333333333,31
2025-05-18 18:50:00.477830,138,40139.52217,18.833333333333332,15,45,55,1,-5.0,2.4000000000000057,8.600000000000009,-20.299999999999997,-14.099999999999994,-0.4000000000000057,5.799999999999997,-24.700000000000003,-18.5,0.0,0.0,0.2,1.0,0.2,29,47.9,22.5,52097.72,36083.9,100,0,-6.200000000000003,8.600000000000009,-10.700000000000003,13.100000000000009,29,0.2,0.2,0.0,0.0,86,92,15.5,19.4,92,-8.799999999999997,11.200000000000003,-14.799999999999997,17.200000000000003,16,0.0,0.0,0.0,0.0,100,100,22.5,33.5,71,45.34874086994441,55,100,1.7320508075688772,17.55942292142123,1.0,46.0,33.333333333333336,-3,325,2.9059326290271157,18.446619684315547,0.9,47.0,30.5,-5,588,4.705353427447611,16.97796990185529,0.7368421052631579,43.8421052631579,26.157894736842106,-13,1453,7.550254910024509,18.55551516011191,0.8055555555555556,39.27777777777778,25.583333333333332,-26,3180,11.331782243953647,18.45671199609566,0.7924528301886793,33.22641509433962,26.245283018867923,-38
2025-05-18 18:50:00.477830,138,40139.52217,18.833333333333332,50,45,55,1,-5.0,2.4000000000000057,8.600000000000009,-20.299999999999997,-14.099999999999994,-0.4000000000000057,5.799999999999997,-24.700000000000003,-18.5,0.0,0.0,0.2,1.0,0.2,29,47.9,22.5,52097.72,36083.9,100,0,-6.200000000000003,8.600000000000009,-10.700000000000003,13.100000000000009,29,0.2,0.2,0.0,0.0,86,92,15.5,19.4,92,-8.799999999999997,11.200000000000003,-14.799999999999997,17.200000000000003,16,0.0,0.0,0.0,0.0,100,100,22.5,33.5,71,45.42301812622843,55,100,1.7320508075688772,17.55942292142123,1.0,46.0,33.333333333333336,-3,325,2.9059326290271157,18.446619684315547,0.9,47.0,30.5,-5,588,4.705353427447611,16.97796990185529,0.7368421052631579,43.8421052631579,26.157894736842106,-13,1453,7.550254910024509,18.55551516011191,0.8055555555555556,39.27777777777778,25.583333333333332,-26,3180,11.331782243953647,18.45671199609566,0.7924528301886793,33.22641509433962,26.245283018867923,-38
2025-05-18 18:50:00.477830,138,40139.52217,18.833333333333332,35,48,52,1,-5.0,2.4000000000000057,8.600000000000009,-20.299999999999997,-14.099999999999994,-0.4000000000000057,5.799999999999997,-24.700000000000003,-18.5,0.0,0.0,0.2,1.0,0.2,29,47.9,22.5,52097.72,36083.9,100,0,-6.200000000000003,8.600000000000009,-10.700000000000003,13.100000000000009,29,0.2,0.2,0.0,0.0,86,92,15.5,19.4,92,-8.799999999999997,11.200000000000003,-14.799999999999997,17.200000000000003,16,0.0,0.0,0.0,0.0,100,100,22.5,33.5,71,42.672375933245505,52,100,1.7320508075688772,17.55942292142123,1.0,46.0,33.333333333333336,-3,325,2.9059326290271157,18.446619684315547,0.9,47.0,30.5,-5,588,4.705353427447611,16.97796990185529,0.7368421052631579,43.8421052631579,26.157894736842106,-13,1453,7.550254910024509,18.55551516011191,0.8055555555555556,39.27777777777778,25.583333333333332,-26,3180,11.331782243953647,18.45671199609566,0.7924528301886793,33.22641509433962,26.245283018867923,-38
2025-05-18 18:50:14.191024,138,40125.808976,18.83722222222222,36,59,41,1,-5.0,2.4000000000000057,8.600000000000009,-20.299999999999997,-14.099999999999994,-0.4000000000000057,5.799999999999997,-24.700000000000003,-18.5,0.0,0.0,0.2,1.0,0.2,29,47.9,22.5,52097.72,36083.9,100,0,-6.200000000000003,8.600000000000009,-10.700000000000003,13.100000000000009,29,0.2,0.2,0.0,0.0,86,92,15.5,19.4,92,-8.799999999999997,11.200000000000003,-14.799999999999997,17.200000000000003,16,0.0,0.0,0.0,0.0,100,100,22.5,33.5,71,31.836988868070094,41,143,7.503332592921628,17.357995275952806,1.0,51.4,28.6,-15,368,5.534328132554834,18.13585098386869,0.9166666666666666,49.083333333333336,29.0,-17,631,6.491019437140311,16.805186274310845,0.7619047619047619,45.333333333333336,25.714285714285715,-25,1496,8.653311554167287,18.38245499093086,0.8157894736842105,40.3421052631579,25.36842105263158,-38,3223,12.177834918394291,18.34732248651673,0.8,34.18181818181818,26.072727272727274,-50
2025-05-18 18:50:14.191024,138,40125.808976,18.83722222222222,7,60,40,1,-5.0,2.4000000000000057,8.600000000000009,-20.299999999999997,-14.099999999999994,-0.4000000000000057,5.799999999999997,-24.700000000000003,-18.5,0.0,0.0,0.2,1.0,0.2,29,47.9,22.5,52097.72,36083.9,100,0,-6.200000000000003,8.600000000000009,-10.700000000000003,13.100000000000009,29,0.2,0.2,0.0,0.0,86,92,15.5,19.4,92,-8.799999999999997,11.200000000000003,-14.799999999999997,17.200000000000003,16,0.0,0.0,0.0,0.0,100,100,22.5,33.5,71,30.963815425473058,40,143,7.503332592921628,17.357995275952806,1.0,51.4,28.6,-15,368,5.534328132554834,18.13585098386869,0.9166666666666666,49.083333333333336,29.0,-17,631,6.491019437140311,16.805186274310845,0.7619047619047619,45.333333333333336,25.714285714285715,-25,1496,8.653311554167287,18.38245499093086,0.8157894736842105,40.3421052631579,25.36842105263158,-38,3223,12.177834918394291,18.34732248651673,0.8,34.18181818181818,26.072727272727274,-50
2025-05-18 18:50:14.266494,138,40125.733506,18.83722222222222,36,10,90,0,-1.0,-1.5999999999999943,8.600000000000009,-24.299999999999997,-14.099999999999994,-4.400000000000006,5.799999999999997,-28.700000000000003,-18.5,0.0,0.0,0.2,1.0,0.2,29,47.9,22.5,52097.72,36083.9,100,0,-10.200000000000003,8.600000000000009,-14.700000000000003,13.100000000000009,29,0.2,0.2,0.0,0.0,86,92,15.5,19.4,92,-12.799999999999997,11.200000000000003,-18.799999999999997,17.200000000000003,16,0.0,0.0,0.0,0.0,100,100,22.5,33.5,71,-5.704561911658217,10,179,,,0.0,10.0,36.0,0,404,1.5275252316519468,15.01110699893027,0.0,8.333333333333334,18.666666666666668,-2,667,2.217355782608345,12.257650672131263,0.0,9.25,18.75,2,1532,6.957010852370435,12.596295751794122,0.0,16.8,22.0,14,3259,11.188535799349857,12.905909499140307,0.125,24.125,20.1875,28
2025-05-18 18:50:14.267395,138,40125.732605,18.83722222222222,36,39,61,0,-3.0,0.4000000000000057,8.600000000000009,-22.299999999999997,-14.099999999999994,-2.4000000000000057,5.799999999999997,-26.700000000000003,-18.5,0.0,0.0,0.2,1.0,0.2,29,47.9,22.5,52097.72,36083.9,100,0,-8.200000000000003,8.600000000000009,-12.700000000000003,13.100000000000009,29,0.2,0.2,0.0,0.0,86,92,15.5,19.4,92,-10.799999999999997,11.200000000000003,-16.799999999999997,17.200000000000003,16,0.0,0.0,0.0,0.0,100,100,22.5,33.5,71,-29.056309703368527,39,215,,,0.0,39.0,36.0,0,440,,,0.0,39.0,36.0,0,703,0.816496580927726,13.5,0.25,40.0,17.25,2,1568,2.3664319132398464,14.781369655376626,0.7,37.4,22.6,-4,3295,5.249649848267193,16.620548939755977,0.7058823529411765,34.05882352941177,26.352941176470587,-15
2025-05-18 18:50:14.267632,138,40125.732368,18.83722222222222,36,8,92,0,1.0,-3.5999999999999943,8.600000000000009,-26.299999999999997,-14.099999999999994,-6.400000000000006,5.799999999999997,-30.700000000000003,-18.5,0.0,0.0,0.2,1.0,0.2,29,47.9,22.5,52097.72,36083.9,100,0,-12.200000000000003,8.600000000000009,-16.700000000000003,13.100000000000009,29,0.2,0.2,0.0,0.0,86,92,15.5,19.4,92,-14.799999999999997,11.200000000000003,-20.799999999999997,17.200000000000003,16,0.0,0.0,0.0,0.0,100,100,22.5,33.5,71,-5.667826086956524,8,251,,,0.0,8.0,36.0,0,476,,,0.0,8.0,36.0,0,739,0.7071067811865476,12.020815280171307,0.0,8.5,27.5,1,1604,3.7961446607992015,19.782748617346954,0.0,12.875,24.25,10,3331,3.82475984589724,19.7668225248084,0.0,14.416666666666666,23.0,8
2025-05-18 18:50:14.415226,138,40125.584774,18.83722222222222,2,39,61,0,-3.0,0.4000000000000057,8.600000000000009,-22.299999999999997,-14.099999999999994,-2.4000000000000057,5.799999999999997,-26.700000000000003,-18.5,0.0,0.0,0.2,1.0,0.2,29,47.9,22.5,52097.72,36083.9,100,0,-8.200000000000003,8.600000000000009,-12.700000000000003,13.100000000000009,29,0.2,0.2,0.0,0.0,86,92,15.5,19.4,92,-10.799999999999997,11.200000000000003,-16.799999999999997,17.200000000000003,16,0.0,0.0,0.0,0.0,100,100,22.5,33.5,71,-29.591909882232457,39,253,0.0,24.041630560342615,0.0,39.0,19.0,0,478,0.0,24.041630560342615,0.0,39.0,19.0,0,741,0.8366600265340756,13.535139452550904,0.2,39.8,14.2,2,1606,2.2962419891481978,15.336824372019842,0.6363636363636364,37.54545454545455,20.727272727272727,-4,3333,5.224377249688122,17.115524428733938,0.6666666666666666,34.333333333333336,25.0,-15
2025-05-18 18:50:32.742895,138,40107.257105,18.842222222222222,24,7,93,0,1.0,-3.5999999999999943,8.600000000000009,-26.299999999999997,-14.099999999999994,-6.400000000000006,5.799999999999997,-30.700000000000003,-18.5,0.0,0.0,0.2,1.0,0.2,29,47.9,22.5,52097.72,36083.9,100,0,-12.200000000000003,8.600000000000009,-16.700000000000003,13.100000000000009,29,0.2,0.2,0.0,0.0,86,92,15.5,19.4,92,-14.799999999999997,11.200000000000003,-20.799999999999997,17.200000000000003,16,0.0,0.0,0.0,0.0,100,100,22.5,33.5,71,-5.046382189239338,7,277,0.7071067811865476,8.48528137423857,0.0,7.5,30.0,1,437,0.7071067811865476,8.48528137423857,0.0,7.5,30.0,1,647,1.0,8.736894948054104,0.0,8.0,26.333333333333332,2,1628,2.760262237369417,15.0158646263274,0.0,10.571428571428571,30.857142857142858,6,3357,4.200122098347337,18.927323892816695,0.0,13.846153846153847,23.076923076923077,9
2025-05-18 18:51:03.845946,138,40076.154054,18.850833333333334,50,51,49,1,-5.0,2.4000000000000057,8.600000000000009,-20.299999999999997,-14.099999999999994,-0.4000000000000057,5.799999999999997,-24.700000000000003,-18.5,0.0,0.0,0.2,1.0,0.2,29,47.9,22.5,52097.72,36083.9,100,0,-6.200000000000003,8.600000000000009,-10.700000000000003,13.100000000000009,29,0.2,0.2,0.0,0.0,86,92,15.5,19.4,92,-8.799999999999997,11.200000000000003,-14.799999999999997,17.200000000000003,16,0.0,0.0,0.0,0.0,100,100,22.5,33.5,71,39.98781838316722,49,342,6.451282633635548,17.50918126502289,1.0,50.57142857142857,29.714285714285715,-1,427,5.666666666666666,17.549928774784245,1.0,50.111111111111114,30.333333333333332,2,712,5.250563879492524,16.803116878784877,0.75,47.1,25.15,-5,1693,8.637277586286324,18.405667326766224,0.825,40.75,25.725,-24,3422,12.25933739577546,18.356552851269587,0.8070175438596491,34.68421052631579,26.29824561403509,-36
2025-05-18 18:51:03.845946,138,40076.154054,18.850833333333334,15,46,54,1,-5.0,2.4000000000000057,8.600000000000009,-20.299999999999997,-14.099999999999994,-0.4000000000000057,5.799999999999997,-24.700000000000003,-18.5,0.0,0.0,0.2,1.0,0.2,29,47.9,22.5,52097.72,36083.9,100,0,-6.200000000000003,8.600000000000009,-10.700000000000003,13.100000000000009,29,0.2,0.2,0.0,0.0,86,92,15.5,19.4,92,-8.799999999999997,11.200000000000003,-14.799999999999997,17.200000000000003,16,0.0,0.0,0.0,0.0,100,100,22.5,33.5,71,45.21046770601336,54,342,6.451282633635548,17.50918126502289,1.0,50.57142857142857,29.714285714285715,-1,427,5.666666666666666,17.549928774784245,1.0,50.111111111111114,30.333333333333332,2,712,5.250563879492524,16.803116878784877,0.75,47.1,25.15,-5,1693,8.637277586286324,18.405667326766224,0.825,40.75,25.725,-24,3422,12.25933739577546,18.356552851269587,0.8070175438596491,34.68421052631579,26.29824561403509,-36
2025-05-18 18:52:14.637240,138,40005.36276,18.870555555555555,35,9,91,0,-1.0,-1.5999999999999943,8.600000000000009,-24.299999999999997,-14.099999999999994,-4.400000000000006,5.799999999999997,-28.700000000000003,-18.5,0.0,0.0,0.2,1.0,0.2,29,47.9,22.5,52097.72,36083.9,100,0,-10.200000000000003,8.600000000000009,-14.700000000000003,13.100000000000009,29,0.2,0.2,0.0,0.0,86,92,15.5,19.4,92,-12.799999999999997,11.200000000000003,-18.799999999999997,17.200000000000003,16,0.0,0.0,0.0,0.0,100,100,22.5,33.5,71,-4.8572490706319655,9,124,,,0.0,9.0,35.0,0,387,1.5275252316519468,14.730919862656235,0.0,8.666666666666666,27.0,-2,747,1.9235384061671346,12.864680330268607,0.0,9.2,22.0,3,1728,7.006490497453707,12.576312510574647,0.0,16.09090909090909,23.181818181818183,15,3452,11.139830938274303,12.730377056474016,0.0625,22.3125,22.0625,29
2025-05-18 18:56:21.286253,138,39758.713747,18.939166666666665,36,57,43,1,-5.0,2.4000000000000057,8.600000000000009,-20.299999999999997,-14.099999999999994,-0.4000000000000057,5.799999999999997,-24.700000000000003,-18.5,0.0,0.0,0.2,1.0,0.2,29,47.9,22.5,52097.72,36083.9,100,0,-6.200000000000003,8.600000000000009,-10.700000000000003,13.100000000000009,29,0.2,0.2,0.0,0.0,86,92,15.5,19.4,92,-8.799999999999997,11.200000000000003,-14.799999999999997,17.200000000000003,16,0.0,0.0,0.0,0.0,100,100,22.5,33.5,71,34.28611266034579,43,100,4.509249752822894,17.15614564327703,1.0,52.333333333333336,33.333333333333336,9,135,4.509249752822894,17.15614564327703,1.0,52.333333333333336,33.333333333333336,9,779,5.22418465056107,17.593060833001296,0.8,48.65,27.4,-5,1828,8.897036225570517,18.232745298155727,0.8372093023255814,41.55813953488372,26.25581395348837,-26,3552,12.58512259513046,18.22628480045011,0.8166666666666667,35.56666666666667,26.65,-38
2025-05-18 18:56:21.286253,138,39758.713747,18.939166666666665,49,52,48,1,-5.0,2.4000000000000057,8.600000000000009,-20.299999999999997,-14.099999999999994,-0.4000000000000057,5.799999999999997,-24.700000000000003,-18.5,0.0,0.0,0.2,1.0,0.2,29,47.9,22.5,52097.72,36083.9,100,0,-6.200000000000003,8.600000000000009,-10.700000000000003,13.100000000000009,29,0.2,0.2,0.0,0.0,86,92,15.5,19.4,92,-8.799999999999997,11.200000000000003,-14.799999999999997,17.200000000000003,16,0.0,0.0,0.0,0.0,100,100,22.5,33.5,71,39.424347631313694,48,100,4.509249752822894,17.15614564327703,1.0,52.333333333333336,33.333333333333336,9,135,4.509249752822894,17.15614564327703,1.0,52.333333333333336,33.333333333333336,9,779,5.22418465056107,17.593060833001296,0.8,48.65,27.4,-5,1828,8.897036225570517,18.232745298155727,0.8372093023255814,41.55813953488372,26.25581395348837,-26,3552,12.58512259513046,18.22628480045011,0.8166666666666667,35.56666666666667,26.65,-38
2025-05-18 18:56:21.286253,138,39758.713747,18.939166666666665,15,48,52,1,-5.0,2.4000000000000057,8.600000000000009,-20.299999999999997,-14.099999999999994,-0.4000000000000057,5.799999999999997,-24.700000000000003,-18.5,0.0,0.0,0.2,1.0,0.2,29,47.9,22.5,52097.72,36083.9,100,0,-6.200000000000003,8.600000000000009,-10.700000000000003,13.100000000000009,29,0.2,0.2,0.0,0.0,86,92,15.5,19.4,92,-8.799999999999997,11.200000000000003,-14.799999999999997,17.200000000000003,16,0.0,0.0,0.0,0.0,100,100,22.5,33.5,71,43.64189189189189,52,100,4.509249752822894,17.15614564327703,1.0,52.333333333333336,33.333333333333336,9,135,4.509249752822894,17.15614564327703,1.0,52.333333333333336,33.333333333333336,9,779,5.22418465056107,17.593060833001296,0.8,48.65,27.4,-5,1828,8.897036225570517,18.232745298155727,0.8372093023255814,41.55813953488372,26.25581395348837,-26,3552,12.58512259513046,18.22628480045011,0.8166666666666667,35.56666666666667,26.65,-38
2025-05-18 18:59:00.195455,138,39599.804545,18.983333333333334,10,30,70,0,-3.0,0.4000000000000057,8.600000000000009,-22.299999999999997,-14.099999999999994,-2.4000000000000057,5.799999999999997,-26.700000000000003,-18.5,0.0,0.0,0.2,1.0,0.2,29,47.9,22.5,52097.72,36083.9,100,0,-8.200000000000003,8.600000000000009,-12.700000000000003,13.100000000000009,29,0.2,0.2,0.0,0.0,86,92,15.5,19.4,92,-10.799999999999997,11.200000000000003,-16.799999999999997,17.200000000000003,16,0.0,0.0,0.0,0.0,100,100,22.5,33.5,71,-20.622245002562792,30,10,,,0.0,30.0,10.0,0,110,,,0.0,30.0,10.0,0,725,5.196152422706632,17.776388834631177,0.0,36.0,16.0,9,1838,3.088345639315455,14.947382460626423,0.5833333333333334,36.916666666666664,19.833333333333332,5,3562,5.173594675981588,16.98554597090787,0.631578947368421,34.10526315789474,24.210526315789473,-6
2025-05-18 18:59:05.531099,138,39594.468901,18.984722222222224,10,8,92,0,-1.0,-1.5999999999999943,8.600000000000009,-24.299999999999997,-14.099999999999994,-4.400000000000006,5.799999999999997,-28.700000000000003,-18.5,0.0,0.0,0.2,1.0,0.2,29,47.9,22.5,52097.72,36083.9,100,0,-10.200000000000003,8.600000000000009,-14.700000000000003,13.100000000000009,29,0.2,0.2,0.0,0.0,86,92,15.5,19.4,92,-12.799999999999997,11.200000000000003,-18.799999999999997,17.200000000000003,16,0.0,0.0,0.0,0.0,100,100,22.5,33.5,71,-3.987022900763364,8,20,,,0.0,8.0,10.0,0,120,,,0.0,8.0,10.0,0,735,1.1401754250991378,13.971399357258385,0.0,8.4,20.2,0,1848,7.076957915187381,12.580347829656837,0.0,15.416666666666666,22.083333333333332,16,3572,11.330918139425107,12.668569258555738,0.058823529411764705,21.470588235294116,21.352941176470587,30
2025-05-18 19:00:13.670652,138,39526.329348,19.003611111111113,16,51,49,0,-5.0,2.4000000000000057,11.200000000000003,-20.299999999999997,-11.5,-0.4000000000000057,8.399999999999991,-24.700000000000003,-15.900000000000006,0.0,0.0,0.2,1.0,0.2,29,47.9,22.5,52097.72,36083.9,100,0,-8.799999999999997,11.200000000000003,-14.799999999999997,17.200000000000003,16,0.0,0.0,0.0,0.0,100,100,22.5,33.5,71,-7.600000000000001,10.000000000000007,-15.5,17.900000000000006,11,0.0,0.0,0.0,0.0,97,100,22.4,47.9,100,40.71573604060913,-49,36,,,0.0,51.0,16.0,0,136,3.7416573867739413,16.47219880080778,0.75,52.0,29.0,6,738,4.970501217477084,17.26314976675117,0.8888888888888888,49.666666666666664,29.38888888888889,-8,1864,8.907440413193216,18.085698623901365,0.8181818181818182,41.77272727272727,26.022727272727273,-29,3498,11.92858155276226,18.076288106266723,0.7966101694915254,36.67796610169491,25.847457627118644,-37
2025-05-18 19:04:40.789427,138,39259.210573,19.07777777777778,22,5,95,0,1.0,-3.5999999999999943,11.200000000000003,-26.299999999999997,-11.5,-6.400000000000006,8.399999999999991,-30.700000000000003,-15.900000000000006,0.0,0.0,0.2,1.0,0.2,29,47.9,22.5,52097.72,36083.9,100,0,-14.799999999999997,11.200000000000003,-20.799999999999997,17.200000000000003,16,0.0,0.0,0.0,0.0,100,100,22.5,33.5,71,-13.600000000000001,10.000000000000007,-21.5,17.900000000000006,11,0.0,0.0,0.0,0.0,97,100,22.4,47.9,100,-3.28155339805825,5,43,1.4142135623730951,0.7071067811865476,0.0,4.0,21.5,2,59,1.4142135623730951,0.7071067811865476,0.0,4.0,21.5,2,556,2.217355782608345,6.946221994724902,0.0,5.75,25.75,5,1670,2.6076809620810595,8.414273587185052,0.0,7.0,22.0,7,3370,5.221749387577565,17.533097952430534,0.0,12.533333333333333,22.866666666666667,13
2025-05-18 19:04:40.789427,138,39259.210573,19.07777777777778,21,3,97,0,1.0,-3.5999999999999943,11.200000000000003,-26.299999999999997,-11.5,-6.400000000000006,8.399999999999991,-30.700000000000003,-15.900000000000006,0.0,0.0,0.2,1.0,0.2,29,47.9,22.5,52097.72,36083.9,100,0,-14.799999999999997,11.200000000000003,-20.799999999999997,17.200000000000003,16,0.0,0.0,0.0,0.0,100,100,22.5,33.5,71,-13.600000000000001,10.000000000000007,-21.5,17.900000000000006,11,0.0,0.0,0.0,0.0,97,100,22.4,47.9,100,-1.4279918864097425,3,43,1.4142135623730951,0.7071067811865476,0.0,4.0,21.5,2,59,1.4142135623730951,0.7071067811865476,0.0,4.0,21.5,2,556,2.217355782608345,6.946221994724902,0.0,5.75,25.75,5,1670,2.6076809620810595,8.414273587185052,0.0,7.0,22.0,7,3370,5.221749387577565,17.533097952430534,0.0,12.533333333333333,22.866666666666667,13
2025-05-18 19:04:43.323875,138,39256.676125,19.078611111111112,19,57,43,1,-5.0,2.4000000000000057,11.200000000000003,-20.299999999999997,-11.5,-0.4000000000000057,8.399999999999991,-24.700000000000003,-15.900000000000006,0.0,0.0,0.2,1.0,0.2,29,47.9,22.5,52097.72,36083.9,100,0,-8.799999999999997,11.200000000000003,-14.799999999999997,17.200000000000003,16,0.0,0.0,0.0,0.0,100,100,22.5,33.5,71,-7.600000000000001,10.000000000000007,-15.5,17.900000000000006,11,0.0,0.0,0.0,0.0,97,100,22.4,47.9,100,34.78935472934795,43,62,,,1.0,57.0,19.0,0,78,4.242640687119285,2.1213203435596424,0.5,54.0,17.5,-6,575,5.468227788919839,15.825516411699484,0.9166666666666666,51.583333333333336,28.583333333333332,-12,1689,8.659979395412211,17.92896188903877,0.8181818181818182,42.56818181818182,26.25,-30,3389,11.832332448623628,17.810729697114002,0.7966101694915254,37.40677966101695,25.322033898305083,-42
2025-05-18 19:04:48.111665,138,39251.888335,19.08,136,7,93,0,-1.0,-1.5999999999999943,11.200000000000003,-24.299999999999997,-11.5,-4.400000000000006,8.399999999999991,-28.700000000000003,-15.900000000000006,0.0,0.0,0.2,1.0,0.2,29,47.9,22.5,52097.72,36083.9,100,0,-12.799999999999997,11.200000000000003,-18.799999999999997,17.200000000000003,16,0.0,0.0,0.0,0.0,100,100,22.5,33.5,71,-11.600000000000001,10.000000000000007,-19.5,17.900000000000006,11,0.0,0.0,0.0,0.0,97,100,22.4,47.9,100,-3.0176923076923146,7,203,0.7071067811865476,92.63098833543772,0.0,7.5,70.5,-1,219,0.7071067811865476,92.63098833543772,0.0,7.5,70.5,-1,716,1.1401754250991378,53.11591098719855,0.0,8.4,44.4,2,1830,6.141636343003139,35.322754276768535,0.0,12.583333333333334,31.666666666666668,10,3530,11.55662388223981,29.316981088047914,0.05263157894736842,20.0,26.526315789473685,30
2025-05-18 19:04:48.111665,138,39251.888335,19.08,5,8,92,0,-1.0,-1.5999999999999943,11.200000000000003,-24.299999999999997,-11.5,-4.400000000000006,8.399999999999991,-28.700000000000003,-15.900000000000006,0.0,0.0,0.2,1.0,0.2,29,47.9,22.5,52097.72,36083.9,100,0,-12.799999999999997,11.200000000000003,-18.799999999999997,17.200000000000003,16,0.0,0.0,0.0,0.0,100,100,22.5,33.5,71,-11.600000000000001,10.000000000000007,-19.5,17.900000000000006,11,0.0,0.0,0.0,0.0,97,100,22.4,47.9,100,-4.37027491408935,8,203,0.7071067811865476,92.63098833543772,0.0,7.5,70.5,-1,219,0.7071067811865476,92.63098833543772,0.0,7.5,70.5,-1,716,1.1401754250991378,53.11591098719855,0.0,8.4,44.4,2,1830,6.141636343003139,35.322754276768535,0.0,12.583333333333334,31.666666666666668,10,3530,11.55662388223981,29.316981088047914,0.05263157894736842,20.0,26.526315789473685,30
2025-05-18 19:04:48.798683,138,39251.201317,19.08,50,60,40,1,-5.0,2.4000000000000057,11.200000000000003,-20.299999999999997,-11.5,-0.4000000000000057,8.399999999999991,-24.700000000000003,-15.900000000000006,0.0,0.0,0.2,1.0,0.2,29,47.9,22.5,52097.72,36083.9,100,0,-8.799999999999997,11.200000000000003,-14.799999999999997,17.200000000000003,16,0.0,0.0,0.0,0.0,100,100,22.5,33.5,71,-7.600000000000001,10.000000000000007,-15.5,17.900000000000006,11,0.0,0.0,0.0,0.0,97,100,22.4,47.9,100,31.864212910532274,40,253,2.1213203435596424,21.920310216782973,1.0,58.5,34.5,-3,269,4.58257569495584,18.823743871327334,0.6666666666666666,56.0,28.333333333333332,-9,766,5.73227479792921,16.274488451529724,0.9230769230769231,52.23076923076923,30.23076923076923,-15,1880,8.946699634135166,18.074201716169036,0.8222222222222222,42.955555555555556,26.77777777777778,-33,3580,12.088784081328102,17.944232505905305,0.8,37.78333333333333,25.733333333333334,-45
2025-05-18 19:04:57.146506,138,39242.853494,19.0825,30,26,74,0,-3.0,0.4000000000000057,11.200000000000003,-22.299999999999997,-11.5,-2.4000000000000057,8.399999999999991,-26.700000000000003,-15.900000000000006,0.0,0.0,0.2,1.0,0.2,29,47.9,22.5,52097.72,36083.9,100,0,-10.799999999999997,11.200000000000003,-16.799999999999997,17.200000000000003,16,0.0,0.0,0.0,0.0,100,100,22.5,33.5,71,-9.600000000000001,10.000000000000007,-17.5,17.900000000000006,11,0.0,0.0,0.0,0.0,97,100,22.4,47.9,100,-16.7284904688305,26,382,1.0,11.269427669584644,0.0,25.0,43.0,1,398,1.0,11.269427669584644,0.0,25.0,43.0,1,895,6.892024376045111,19.897235988950825,0.0,30.5,29.5,14,2009,6.104853050584491,16.571136475889762,0.38461538461538464,34.46153846153846,22.46153846153846,10,3709,5.401429310515063,17.681060008973887,0.47368421052631576,33.78947368421053,26.210526315789473,4
2025-05-18 19:04:57.146506,138,39242.853494,19.0825,49,24,76,0,-3.0,0.4000000000000057,11.200000000000003,-22.299999999999997,-11.5,-2.4000000000000057,8.399999999999991,-26.700000000000003,-15.900000000000006,0.0,0.0,0.2,1.0,0.2,29,47.9,22.5,52097.72,36083.9,100,0,-10.799999999999997,11.200000000000003,-16.799999999999997,17.200000000000003,16,0.0,0.0,0.0,0.0,100,100,22.5,33.5,71,-9.600000000000001,10.000000000000007,-17.5,17.900000000000006,11,0.0,0.0,0.0,0.0,97,100,22.4,47.9,100,-14.991104133961272,24,382,1.0,11.269427669584644,0.0,25.0,43.0,1,398,1.0,11.269427669584644,0.0,25.0,43.0,1,895,6.892024376045111,19.897235988950825,0.0,30.5,29.5,14,2009,6.104853050584491,16.571136475889762,0.38461538461538464,34.46153846153846,22.46153846153846,10,3709,5.401429310515063,17.681060008973887,0.47368421052631576,33.78947368421053,26.210526315789473,4
2025-05-18 19:04:57.146506,138,39242.853494,19.0825,50,25,75,0,-3.0,0.4000000000000057,11.200000000000003,-22.299999999999997,-11.5,-2.4000000000000057,8.399999999999991,-26.700000000000003,-15.900000000000006,0.0,0.0,0.2,1.0,0.2,29,47.9,22.5,52097.72,36083.9,100,0,-10.799999999999997,11.200000000000003,-16.799999999999997,17.200000000000003,16,0.0,0.0,0.0,0.0,100,100,22.5,33.5,71,-9.600000000000001,10.000000000000007,-17.5,17.900000000000006,11,0.0,0.0,0.0,0.0,97,100,22.4,47.9,100,-16.385606874328673,25,382,1.0,11.269427669584644,0.0,25.0,43.0,1,398,1.0,11.269427669584644,0.0,25.0,43.0,1,895,6.892024376045111,19.897235988950825,0.0,30.5,29.5,14,2009,6.104853050584491,16.571136475889762,0.38461538461538464,34.46153846153846,22.46153846153846,10,3709,5.401429310515063,17.681060008973887,0.47368421052631576,33.78947368421053,26.210526315789473,4
2025-05-18 19:05:07.132903,138,39232.867097,19.085277777777776,49,22,78,0,-3.0,0.4000000000000057,11.200000000000003,-22.299999999999997,-11.5,-2.4000000000000057,8.399999999999991,-26.700000000000003,-15.900000000000006,0.0,0.0,0.2,1.0,0.2,29,47.9,22.5,52097.72,36083.9,100,0,-10.799999999999997,11.200000000000003,-16.799999999999997,17.200000000000003,16,0.0,0.0,0.0,0.0,100,100,22.5,33.5,71,-9.600000000000001,10.000000000000007,-17.5,17.900000000000006,11,0.0,0.0,0.0,0.0,97,100,22.4,47.9,100,-13.837748344370866,22,449,2.073644135332772,14.515508947329405,0.0,23.6,39.2,5,465,2.073644135332772,14.515508947329405,0.0,23.6,39.2,5,862,7.166389806390862,18.83765226500221,0.0,28.25,30.5,18,2076,7.265050060457421,16.875454138509944,0.3333333333333333,32.733333333333334,23.933333333333334,14,3776,6.3204128858500255,17.61222519134014,0.42857142857142855,32.61904761904762,26.904761904761905,8
2025-05-18 19:05:07.132903,138,39232.867097,19.085277777777776,18,21,79,0,-3.0,0.4000000000000057,11.200000000000003,-22.299999999999997,-11.5,-2.4000000000000057,8.399999999999991,-26.700000000000003,-15.900000000000006,0.0,0.0,0.2,1.0,0.2,29,47.9,22.5,52097.72,36083.9,100,0,-10.799999999999997,11.200000000000003,-16.799999999999997,17.200000000000003,16,0.0,0.0,0.0,0.0,100,100,22.5,33.5,71,-9.600000000000001,10.000000000000007,-17.5,17.900000000000006,11,0.0,0.0,0.0,0.0,97,100,22.4,47.9,100,-13.222348269994328,21,449,2.073644135332772,14.515508947329405,0.0,23.6,39.2,5,465,2.073644135332772,14.515508947329405,0.0,23.6,39.2,5,862,7.166389806390862,18.83765226500221,0.0,28.25,30.5,18,2076,7.265050060457421,16.875454138509944,0.3333333333333333,32.733333333333334,23.933333333333334,14,3776,6.3204128858500255,17.61222519134014,0.42857142857142855,32.61904761904762,26.904761904761905,8
2025-05-18 19:05:33.557348,138,39206.442652,19.092499999999998,16,53,47,1,-5.0,2.4000000000000057,11.200000000000003,-20.299999999999997,-11.5,-0.4000000000000057,8.399999999999991,-24.700000000000003,-15.900000000000006,0.0,0.0,0.2,1.0,0.2,29,47.9,22.5,52097.72,36083.9,100,0,-8.799999999999997,11.200000000000003,-14.799999999999997,17.200000000000003,16,0.0,0.0,0.0,0.0,100,100,22.5,33.5,71,-7.600000000000001,10.000000000000007,-15.5,17.900000000000006,11,0.0,0.0,0.0,0.0,97,100,22.4,47.9,100,39.04567198177676,47,465,3.511884584284246,18.823743871327334,1.0,56.666666666666664,28.333333333333332,4,465,3.511884584284246,18.823743871327334,1.0,56.666666666666664,28.333333333333332,4,701,4.521553322083512,16.424913326339894,0.8888888888888888,52.77777777777778,29.555555555555557,-2,2092,8.969836732878294,17.942756535083866,0.8260869565217391,43.17391304347826,26.543478260869566,-26,3792,12.1449128075843,17.8376558777524,0.8032786885245902,38.032786885245905,25.57377049180328,-38
2025-05-18 19:06:42.033343,138,39137.966657,19.111666666666668,32,64,36,1,-5.0,2.4000000000000057,11.200000000000003,-20.299999999999997,-11.5,-0.4000000000000057,8.399999999999991,-24.700000000000003,-15.900000000000006,0.0,0.0,0.2,1.0,0.2,29,47.9,22.5,52097.72,36083.9,100,0,-8.799999999999997,11.200000000000003,-14.799999999999997,17.200000000000003,16,0.0,0.0,0.0,0.0,100,100,22.5,33.5,71,-7.600000000000001,10.000000000000007,-15.5,17.900000000000006,11,0.0,0.0,0.0,0.0,97,100,22.4,47.9,100,28.116955727978095,36,454,4.654746681256314,15.478479684172259,1.0,58.5,29.25,-7,497,4.654746681256314,15.478479684172259,1.0,58.5,29.25,-7,668,5.230405611149374,14.798045237704299,0.875,55.25,29.125,-7,2124,9.377478087532179,17.764493893529504,0.8297872340425532,43.61702127659574,26.659574468085108,-37,3791,12.068764839276747,17.81837907241738,0.8,39.15,26.116666666666667,-44
2025-05-18 19:07:07.523203,138,39112.476797,19.11861111111111,107,74,26,1,-5.0,2.4000000000000057,11.200000000000003,-20.299999999999997,-11.5,-0.4000000000000057,8.399999999999991,-24.700000000000003,-15.900000000000006,0.0,0.0,0.2,1.0,0.2,29,47.9,22.5,52097.72,36083.9,100,0,-8.799999999999997,11.200000000000003,-14.799999999999997,17.200000000000003,16,0.0,0.0,0.0,0.0,100,100,22.5,33.5,71,-7.600000000000001,10.000000000000007,-15.5,17.900000000000006,11,0.0,0.0,0.0,0.0,97,100,22.4,47.9,100,18.219995419147963,26,177,10.279429296739517,42.35071821508265,1.0,66.5,44.25,-22,626,9.020347369512255,34.6063577973759,1.0,63.833333333333336,41.0,-18,797,9.338688939626971,28.18115997928009,0.9,59.1,36.2,-18,2253,11.063514836805602,20.8546353678632,0.8367346938775511,44.87755102040816,28.20408163265306,-48,3920,13.436416258119163,20.32368945964899,0.8064516129032258,40.29032258064516,27.35483870967742,-55
2025-05-18 19:07:07.523203,138,39112.476797,19.11861111111111,22,75,25,1,-5.0,2.4000000000000057,11.200000000000003,-20.299999999999997,-11.5,-0.4000000000000057,8.399999999999991,-24.700000000000003,-15.900000000000006,0.0,0.0,0.2,1.0,0.2,29,47.9,22.5,52097.72,36083.9,100,0,-8.799999999999997,11.200000000000003,-14.799999999999997,17.200000000000003,16,0.0,0.0,0.0,0.0,100,100,22.5,33.5,71,-7.600000000000001,10.000000000000007,-15.5,17.900000000000006,11,0.0,0.0,0.0,0.0,97,100,22.4,47.9,100,17.44602898550724,25,177,10.279429296739517,42.35071821508265,1.0,66.5,44.25,-22,626,9.020347369512255,34.6063577973759,1.0,63.833333333333336,41.0,-18,797,9.338688939626971,28.18115997928009,0.9,59.1,36.2,-18,2253,11.063514836805602,20.8546353678632,0.8367346938775511,44.87755102040816,28.20408163265306,-48,3920,13.436416258119163,20.32368945964899,0.8064516129032258,40.29032258064516,27.35483870967742,-55
2025-05-18 19:07:07.584934,138,39112.415066,19.11861111111111,49,23,77,0,-3.0,0.4000000000000057,11.200000000000003,-22.299999999999997,-11.5,-2.4000000000000057,8.399999999999991,-26.700000000000003,-15.900000000000006,0.0,0.0,0.2,1.0,0.2,29,47.9,22.5,52097.72,36083.9,100,0,-10.799999999999997,11.200000000000003,-16.799999999999997,17.200000000000003,16,0.0,0.0,0.0,0.0,100,100,22.5,33.5,71,-9.600000000000001,10.000000000000007,-17.5,17.900000000000006,11,0.0,0.0,0.0,0.0,97,100,22.4,47.9,100,-15.358739255014328,23,284,1.5275252316519465,13.012814197295423,0.0,22.666666666666668,35.666666666666664,2,733,1.8322507626258087,13.119641763401926,0.0,23.25,37.875,5,904,2.8284271247461903,15.392999852025092,0.0,24.0,34.77777777777778,9,2360,7.6579234032257855,16.57385925056432,0.2777777777777778,31.055555555555557,25.88888888888889,14,4027,6.800335669464508,17.123591659005065,0.375,31.375,28.0,8
2025-05-18 19:07:07.584934,138,39112.415066,19.11861111111111,35,24,76,0,-3.0,0.4000000000000057,11.200000000000003,-22.299999999999997,-11.5,-2.4000000000000057,8.399999999999991,-26.700000000000003,-15.900000000000006,0.0,0.0,0.2,1.0,0.2,29,47.9,22.5,52097.72,36083.9,100,0,-10.799999999999997,11.200000000000003,-16.799999999999997,17.200000000000003,16,0.0,0.0,0.0,0.0,100,100,22.5,33.5,71,-9.600000000000001,10.000000000000007,-17.5,17.900000000000006,11,0.0,0.0,0.0,0.0,97,100,22.4,47.9,100,-16.802476415094333,24,284,1.5275252316519465,13.012814197295423,0.0,22.666666666666668,35.666666666666664,2,733,1.8322507626258087,13.119641763401926,0.0,23.25,37.875,5,904,2.8284271247461903,15.392999852025092,0.0,24.0,34.77777777777778,9,2360,7.6579234032257855,16.57385925056432,0.2777777777777778,31.055555555555557,25.88888888888889,14,4027,6.800335669464508,17.123591659005065,0.375,31.375,28.0,8
2025-05-18 19:07:07.584934,138,39112.415066,19.11861111111111,23,21,79,0,-3.0,0.4000000000000057,11.200000000000003,-22.299999999999997,-11.5,-2.4000000000000057,8.399999999999991,-26.700000000000003,-15.900000000000006,0.0,0.0,0.2,1.0,0.2,29,47.9,22.5,52097.72,36083.9,100,0,-10.799999999999997,11.200000000000003,-16.799999999999997,17.200000000000003,16,0.0,0.0,0.0,0.0,100,100,22.5,33.5,71,-9.600000000000001,10.000000000000007,-17.5,17.900000000000006,11,0.0,0.0,0.0,0.0,97,100,22.4,47.9,100,-14.156532209512335,21,284,1.5275252316519465,13.012814197295423,0.0,22.666666666666668,35.666666666666664,2,733,1.8322507626258087,13.119641763401926,0.0,23.25,37.875,5,904,2.8284271247461903,15.392999852025092,0.0,24.0,34.77777777777778,9,2360,7.6579234032257855,16.57385925056432,0.2777777777777778,31.055555555555557,25.88888888888889,14,4027,6.800335669464508,17.123591659005065,0.375,31.375,28.0,8
2025-05-18 19:07:07.585734,138,39112.414266,19.11861111111111,20,3,97,0,1.0,-3.5999999999999943,11.200000000000003,-26.299999999999997,-11.5,-6.400000000000006,8.399999999999991,-30.700000000000003,-15.900000000000006,0.0,0.0,0.2,1.0,0.2,29,47.9,22.5,52097.72,36083.9,100,0,-14.799999999999997,11.200000000000003,-20.799999999999997,17.200000000000003,16,0.0,0.0,0.0,0.0,100,100,22.5,33.5,71,-13.600000000000001,10.000000000000007,-21.5,17.900000000000006,11,0.0,0.0,0.0,0.0,97,100,22.4,47.9,100,-1.4915254237288167,3,364,0.0,12.423096769056148,0.0,3.0,26.666666666666668,0,813,0.8944271909999161,9.235799911215056,0.0,3.4,24.6,2,984,0.8944271909999161,9.235799911215056,0.0,3.4,24.6,2,2440,2.8722813232690143,9.395625459636936,0.0,5.666666666666667,23.555555555555557,7,4107,5.985003044101857,16.536056859801498,0.0,10.944444444444445,23.5,13
2025-05-18 19:07:07.585734,138,39112.414266,19.11861111111111,41,3,97,0,1.0,-3.5999999999999943,11.200000000000003,-26.299999999999997,-11.5,-6.400000000000006,8.399999999999991,-30.700000000000003,-15.900000000000006,0.0,0.0,0.2,1.0,0.2,29,47.9,22.5,52097.72,36083.9,100,0,-14.799999999999997,11.200000000000003,-20.799999999999997,17.200000000000003,16,0.0,0.0,0.0,0.0,100,100,22.5,33.5,71,-13.600000000000001,10.000000000000007,-21.5,17.900000000000006,11,0.0,0.0,0.0,0.0,97,100,22.4,47.9,100,-1.529411764705884,3,364,0.0,12.423096769056148,0.0,3.0,26.666666666666668,0,813,0.8944271909999161,9.235799911215056,0.0,3.4,24.6,2,984,0.8944271909999161,9.235799911215056,0.0,3.4,24.6,2,2440,2.8722813232690143,9.395625459636936,0.0,5.666666666666667,23.555555555555557,7,4107,5.985003044101857,16.536056859801498,0.0,10.944444444444445,23.5,13
2025-05-18 19:07:07.585734,138,39112.414266,19.11861111111111,19,3,97,0,1.0,-3.5999999999999943,11.200000000000003,-26.299999999999997,-11.5,-6.400000000000006,8.399999999999991,-30.700000000000003,-15.900000000000006,0.0,0.0,0.2,1.0,0.2,29,47.9,22.5,52097.72,36083.9,100,0,-14.799999999999997,11.200000000000003,-20.799999999999997,17.200000000000003,16,0.0,0.0,0.0,0.0,100,100,22.5,33.5,71,-13.600000000000001,10.000000000000007,-21.5,17.900000000000006,11,0.0,0.0,0.0,0.0,97,100,22.4,47.9,100,-1.6927083333333286,3,364,0.0,12.423096769056148,0.0,3.0,26.666666666666668,0,813,0.8944271909999161,9.235799911215056,0.0,3.4,24.6,2,984,0.8944271909999161,9.235799911215056,0.0,3.4,24.6,2,2440,2.8722813232690143,9.395625459636936,0.0,5.666666666666667,23.555555555555557,7,4107,5.985003044101857,16.536056859801498,0.0,10.944444444444445,23.5,13
2025-05-18 19:07:07.587222,138,39112.412778,19.11861111111111,107,7,93,0,-1.0,-1.5999999999999943,11.200000000000003,-24.299999999999997,-11.5,-4.400000000000006,8.399999999999991,-28.700000000000003,-15.900000000000006,0.0,0.0,0.2,1.0,0.2,29,47.9,22.5,52097.72,36083.9,100,0,-12.799999999999997,11.200000000000003,-18.799999999999997,17.200000000000003,16,0.0,0.0,0.0,0.0,100,100,22.5,33.5,71,-11.600000000000001,10.000000000000007,-19.5,17.900000000000006,11,0.0,0.0,0.0,0.0,97,100,22.4,47.9,100,-3.389128559102673,7,471,,,0.0,7.0,107.0,0,920,0.5773502691896258,68.80649194177344,0.0,7.333333333333333,82.66666666666667,0,1091,0.8366600265340756,59.42474232169627,0.0,7.8,58.6,2,2547,6.080654485691402,39.75260030198316,0.0,12.153846153846153,37.46153846153846,11,4214,11.051448001233894,34.227737460952724,0.0,18.36842105263158,31.736842105263158,29
2025-05-18 19:07:34.033295,138,39085.966705,19.12611111111111,48,74,26,1,-5.0,2.4000000000000057,11.200000000000003,-20.299999999999997,-11.5,-0.4000000000000057,8.399999999999991,-24.700000000000003,-15.900000000000006,0.0,0.0,0.2,1.0,0.2,29,47.9,22.5,52097.72,36083.9,100,0,-8.799999999999997,11.200000000000003,-14.799999999999997,17.200000000000003,16,0.0,0.0,0.0,0.0,100,100,22.5,33.5,71,-7.600000000000001,10.000000000000007,-15.5,17.900000000000006,11,0.0,0.0,0.0,0.0,97,100,22.4,47.9,100,18.49064279902359,26,503,5.188127472091127,38.03835783346419,1.0,71.75,52.25,-10,968,9.086882225022428,31.701734968294716,1.0,65.28571428571429,42.0,-17,1104,9.933414683417142,26.97069116315304,0.9090909090909091,60.45454545454545,37.27272727272727,-17,2595,11.698962102926664,20.829727579121343,0.84,45.46,28.6,-47,4262,13.987943751835218,20.32623078591084,0.8095238095238095,40.82539682539682,27.682539682539684,-54
2025-05-18 19:07:38.538119,138,39081.461881,19.127222222222223,150,74,26,1,-5.0,2.4000000000000057,11.200000000000003,-20.299999999999997,-11.5,-0.4000000000000057,8.399999999999991,-24.700000000000003,-15.900000000000006,0.0,0.0,0.2,1.0,0.2,29,47.9,22.5,52097.72,36083.9,100,0,-8.799999999999997,11.200000000000003,-14.799999999999997,17.200000000000003,16,0.0,0.0,0.0,0.0,100,100,22.5,33.5,71,-7.600000000000001,10.000000000000007,-15.5,17.900000000000006,11,0.0,0.0,0.0,0.0,97,100,22.4,47.9,100,18.594389246054945,26,653,4.604345773288536,54.737555663365164,1.0,72.2,71.8,-10,1118,8.959233066666876,48.16044612987479,1.0,66.375,55.5,-17,1254,10.246581100173085,41.475805287449504,0.9166666666666666,61.583333333333336,46.666666666666664,-17,2745,12.25151451222,26.724139047743655,0.8431372549019608,46.01960784313726,30.980392156862745,-47,4412,14.482851107101675,25.30557297927719,0.8125,41.34375,29.59375,-54
2025-05-18 19:07:38.833753,138,39081.166247,19.127222222222223,6,23,77,0,-3.0,0.4000000000000057,11.200000000000003,-22.299999999999997,-11.5,-2.4000000000000057,8.399999999999991,-26.700000000000003,-15.900000000000006,0.0,0.0,0.2,1.0,0.2,29,47.9,22.5,52097.72,36083.9,100,0,-10.799999999999997,11.200000000000003,-16.799999999999997,17.200000000000003,16,0.0,0.0,0.0,0.0,100,100,22.5,33.5,71,-9.600000000000001,10.000000000000007,-17.5,17.900000000000006,11,0.0,0.0,0.0,0.0,97,100,22.4,47.9,100,-16.355311355311358,23,659,1.2583057392117916,18.246004128758347,0.0,22.75,28.25,0,1124,1.7159383568311666,16.232683080747925,0.0,23.22222222222222,34.333333333333336,3,1260,2.685351208149711,17.129895893826482,0.0,23.9,31.9,7,2751,7.6681920679286115,16.74071270849315,0.2631578947368421,30.63157894736842,24.842105263157894,12,4418,6.864643714959527,17.330897264711943,0.36,31.04,27.12,6
2025-05-18 19:07:38.834653,138,39081.165347,19.127222222222223,6,74,26,0,-5.0,2.4000000000000057,11.200000000000003,-20.299999999999997,-11.5,-0.4000000000000057,8.399999999999991,-24.700000000000003,-15.900000000000006,0.0,0.0,0.2,1.0,0.2,29,47.9,22.5,52097.72,36083.9,100,0,-8.799999999999997,11.200000000000003,-14.799999999999997,17.200000000000003,16,0.0,0.0,0.0,0.0,100,100,22.5,33.5,71,-7.600000000000001,10.000000000000007,-15.5,17.900000000000006,11,0.0,0.0,0.0,0.0,97,100,22.4,47.9,100,18.926234384295057,-26,665,4.183300132670378,55.84412830966803,0.8333333333333334,72.5,60.833333333333336,-10,1130,8.757536436946435,47.97655677515843,0.8888888888888888,67.22222222222223,50.0,-17,1266,10.397238292092958,41.28077717415896,0.8461538461538461,62.53846153846154,43.53846153846154,-17,2757,12.736258972294472,26.686634680832938,0.8269230769230769,46.55769230769231,30.5,-47,4424,14.929240152749287,25.277070408999904,0.8,41.84615384615385,29.23076923076923,-54
2025-05-18 19:07:38.835401,138,39081.164599,19.127222222222223,6,7,93,0,-1.0,-1.5999999999999943,11.200000000000003,-24.299999999999997,-11.5,-4.400000000000006,8.399999999999991,-28.700000000000003,-15.900000000000006,0.0,0.0,0.2,1.0,0.2,29,47.9,22.5,52097.72,36083.9,100,0,-12.799999999999997,11.200000000000003,-18.799999999999997,17.200000000000003,16,0.0,0.0,0.0,0.0,100,100,22.5,33.5,71,-11.600000000000001,10.000000000000007,-19.5,17.900000000000006,11,0.0,0.0,0.0,0.0,97,100,22.4,47.9,100,-3.7338403041825075,7,671,0.0,71.4177848998413,0.0,7.0,56.5,0,1136,0.5,68.01225379787577,0.0,7.25,63.5,0,1272,0.5477225575051662,63.57436590324752,0.0,7.4,52.8,1,2763,6.002288940685255,39.10769857601042,0.0,11.785714285714286,35.214285714285715,11,4430,11.052982450571049,33.80824408958638,0.0,17.8,30.45,29
2025-05-18 19:08:02.527049,138,39057.472951,19.133888888888887,57,74,26,1,-5.0,2.4000000000000057,11.200000000000003,-20.299999999999997,-11.5,-0.4000000000000057,8.399999999999991,-24.700000000000003,-15.900000000000006,0.0,0.0,0.2,1.0,0.2,29,47.9,22.5,52097.72,36083.9,100,0,-8.799999999999997,11.200000000000003,-14.799999999999997,17.200000000000003,16,0.0,0.0,0.0,0.0,100,100,22.5,33.5,71,-7.600000000000001,10.000000000000007,-15.5,17.900000000000006,11,0.0,0.0,0.0,0.0,97,100,22.4,47.9,100,18.939754732706277,26,728,3.860668582611296,50.99906628463664,0.8571428571428571,72.71428571428571,60.285714285714285,-10,1193,8.530338015967871,45.286863437425204,0.9,67.9,50.7,-17,1329,10.44846063639662,39.82413261405122,0.8571428571428571,63.357142857142854,44.5,-17,2820,13.164417449794458,26.67828272641943,0.8301886792452831,47.075471698113205,31.0,-47,4487,15.333556297152619,25.31371925032713,0.803030303030303,42.333333333333336,29.651515151515152,-54
2025-05-18 19:08:02.596380,138,39057.40362,19.133888888888887,57,7,93,0,-1.0,-1.5999999999999943,11.200000000000003,-24.299999999999997,-11.5,-4.400000000000006,8.399999999999991,-28.700000000000003,-15.900000000000006,0.0,0.0,0.2,1.0,0.2,29,47.9,22.5,52097.72,36083.9,100,0,-12.799999999999997,11.200000000000003,-18.799999999999997,17.200000000000003,16,0.0,0.0,0.0,0.0,100,100,22.5,33.5,71,-11.600000000000001,10.000000000000007,-19.5,17.900000000000006,11,0.0,0.0,0.0,0.0,97,100,22.4,47.9,100,-3.755258126195031,7,785,0.0,50.500825075768155,0.0,7.0,56.666666666666664,0,1250,0.44721359549995787,58.97202726717134,0.0,7.2,62.2,0,1386,0.5163977794943223,56.88848741177779,0.0,7.333333333333333,53.5,1,2877,5.914469746389138,38.10261833272779,0.0,11.466666666666667,36.666666666666664,11,4544,11.027886729300665,33.457649136098695,0.0,17.285714285714285,31.714285714285715,29
2025-05-18 19:08:02.597631,138,39057.402369,19.133888888888887,9,21,79,0,-3.0,0.4000000000000057,11.200000000000003,-22.299999999999997,-11.5,-2.4000000000000057,8.399999999999991,-26.700000000000003,-15.900000000000006,0.0,0.0,0.2,1.0,0.2,29,47.9,22.5,52097.72,36083.9,100,0,-10.799999999999997,11.200000000000003,-16.799999999999997,17.200000000000003,16,0.0,0.0,0.0,0.0,100,100,22.5,33.5,71,-9.600000000000001,10.000000000000007,-17.5,17.900000000000006,11,0.0,0.0,0.0,0.0,97,100,22.4,47.9,100,-14.415441176470594,21,842,1.5491933384829668,18.75810935746635,0.0,22.0,28.333333333333332,3,1307,1.9021518914592015,17.1002392327763,0.0,22.727272727272727,33.27272727272727,6,1443,2.774341308665842,17.63433290401701,0.0,23.333333333333332,31.333333333333332,10,2934,7.888810641239485,17.07225540934486,0.23809523809523808,29.666666666666668,25.19047619047619,15,4601,7.171485162098533,17.511168597241753,0.3333333333333333,30.25925925925926,27.22222222222222,9
2025-05-18 19:08:02.597631,138,39057.402369,19.133888888888887,48,20,80,0,-3.0,0.4000000000000057,11.200000000000003,-22.299999999999997,-11.5,-2.4000000000000057,8.399999999999991,-26.700000000000003,-15.900000000000006,0.0,0.0,0.2,1.0,0.2,29,47.9,22.5,52097.72,36083.9,100,0,-10.799999999999997,11.200000000000003,-16.799999999999997,17.200000000000003,16,0.0,0.0,0.0,0.0,100,100,22.5,33.5,71,-9.600000000000001,10.000000000000007,-17.5,17.900000000000006,11,0.0,0.0,0.0,0.0,97,100,22.4,47.9,100,-13.495378927911275,20,842,1.5491933384829668,18.75810935746635,0.0,22.0,28.333333333333332,3,1307,1.9021518914592015,17.1002392327763,0.0,22.727272727272727,33.27272727272727,6,1443,2.774341308665842,17.63433290401701,0.0,23.333333333333332,31.333333333333332,10,2934,7.888810641239485,17.07225540934486,0.23809523809523808,29.666666666666668,25.19047619047619,15,4601,7.171485162098533,17.511168597241753,0.3333333333333333,30.25925925925926,27.22222222222222,9
2025-05-18 19:08:13.457501,138,39046.542499,19.136944444444445,28,75,25,1,-5.0,2.4000000000000057,11.200000000000003,-20.299999999999997,-11.5,-0.4000000000000057,8.399999999999991,-24.700000000000003,-15.900000000000006,0.0,0.0,0.2,1.0,0.2,29,47.9,22.5,52097.72,36083.9,100,0,-8.799999999999997,11.200000000000003,-14.799999999999997,17.200000000000003,16,0.0,0.0,0.0,0.0,100,100,22.5,33.5,71,-7.600000000000001,10.000000000000007,-15.5,17.900000000000006,11,0.0,0.0,0.0,0.0,97,100,22.4,47.9,100,18.06916806521218,25,969,3.596294389136314,42.935222525722786,0.9,73.6,54.9,-10,1434,8.179085272659522,39.71597882916868,0.9230769230769231,69.6923076923077,48.76923076923077,-17,1570,10.613185472908354,36.174718991550534,0.8823529411764706,65.52941176470588,44.11764705882353,-17,3061,14.359891834776942,26.175407313964534,0.8392857142857143,48.607142857142854,31.607142857142858,-47,4727,16.485171202180993,24.976800830173286,0.8115942028985508,43.78260869565217,30.202898550724637,-54
2025-05-18 19:08:13.457501,138,39046.542499,19.136944444444445,49,78,22,1,-5.0,2.4000000000000057,11.200000000000003,-20.299999999999997,-11.5,-0.4000000000000057,8.399999999999991,-24.700000000000003,-15.900000000000006,0.0,0.0,0.2,1.0,0.2,29,47.9,22.5,52097.72,36083.9,100,0,-8.799999999999997,11.200000000000003,-14.799999999999997,17.200000000000003,16,0.0,0.0,0.0,0.0,100,100,22.5,33.5,71,-7.600000000000001,10.000000000000007,-15.5,17.900000000000006,11,0.0,0.0,0.0,0.0,97,100,22.4,47.9,100,15.130021650228528,22,969,3.596294389136314,42.935222525722786,0.9,73.6,54.9,-10,1434,8.179085272659522,39.71597882916868,0.9230769230769231,69.6923076923077,48.76923076923077,-17,1570,10.613185472908354,36.174718991550534,0.8823529411764706,65.52941176470588,44.11764705882353,-17,3061,14.359891834776942,26.175407313964534,0.8392857142857143,48.607142857142854,31.607142857142858,-47,4727,16.485171202180993,24.976800830173286,0.8115942028985508,43.78260869565217,30.202898550724637,-54
2025-05-18 19:08:13.457501,138,39046.542499,19.136944444444445,50,74,26,1,-5.0,2.4000000000000057,11.200000000000003,-20.299999999999997,-11.5,-0.4000000000000057,8.399999999999991,-24.700000000000003,-15.900000000000006,0.0,0.0,0.2,1.0,0.2,29,47.9,22.5,52097.72,36083.9,100,0,-8.799999999999997,11.200000000000003,-14.799999999999997,17.200000000000003,16,0.0,0.0,0.0,0.0,100,100,22.5,33.5,71,-7.600000000000001,10.000000000000007,-15.5,17.900000000000006,11,0.0,0.0,0.0,0.0,97,100,22.4,47.9,100,19.219721718088323,26,969,3.596294389136314,42.935222525722786,0.9,73.6,54.9,-10,1434,8.179085272659522,39.71597882916868,0.9230769230769231,69.6923076923077,48.76923076923077,-17,1570,10.613185472908354,36.174718991550534,0.8823529411764706,65.52941176470588,44.11764705882353,-17,3061,14.359891834776942,26.175407313964534,0.8392857142857143,48.607142857142854,31.607142857142858,-47,4727,16.485171202180993,24.976800830173286,0.8115942028985508,43.78260869565217,30.202898550724637,-54
2025-05-18 19:10:38.632204,138,38901.367796,19.177222222222223,17,59,41,1,-5.0,2.4000000000000057,11.200000000000003,-20.299999999999997,-11.5,-0.4000000000000057,8.399999999999991,-24.700000000000003,-15.900000000000006,0.0,0.0,0.2,1.0,0.2,29,47.9,22.5,52097.72,36083.9,100,0,-8.799999999999997,11.200000000000003,-14.799999999999997,17.200000000000003,16,0.0,0.0,0.0,0.0,100,100,22.5,33.5,71,-7.600000000000001,10.000000000000007,-15.5,17.900000000000006,11,0.0,0.0,0.0,0.0,97,100,22.4,47.9,100,34.336701156421185,41,17,,,1.0,59.0,17.0,0,986,5.569396898963282,42.30452372114272,0.9090909090909091,72.27272727272727,51.45454545454545,5,1587,10.410684556799158,35.67193474013675,0.8888888888888888,65.16666666666667,42.611111111111114,-2,3066,14.119112955471058,26.115769978280206,0.8571428571428571,49.17857142857143,31.696428571428573,-26,4466,15.656360835627947,25.244506256883817,0.8307692307692308,45.815384615384616,30.50769230769231,-39
2025-05-18 19:12:43.811390,138,38776.18861,19.211944444444445,36,72,28,1,-5.0,2.4000000000000057,11.200000000000003,-20.299999999999997,-11.5,-0.4000000000000057,8.399999999999991,-24.700000000000003,-15.900000000000006,0.0,0.0,0.2,1.0,0.2,29,47.9,22.5,52097.72,36083.9,100,0,-8.799999999999997,11.200000000000003,-14.799999999999997,17.200000000000003,16,0.0,0.0,0.0,0.0,100,100,22.5,33.5,71,-7.600000000000001,10.000000000000007,-15.5,17.900000000000006,11,0.0,0.0,0.0,0.0,97,100,22.4,47.9,100,21.407904366918757,28,36,,,1.0,72.0,36.0,0,351,6.663332499583072,15.215124054702938,1.0,72.0,39.5,2,1523,9.04064894425911,37.23881263771264,0.875,68.0,43.9375,-21,3102,14.315260798508817,25.887819490930237,0.8596491228070176,49.578947368421055,31.771929824561404,-39,4302,15.645179277189017,25.22587385083937,0.8461538461538461,46.61538461538461,30.446153846153845,-47
2025-05-18 19:13:09.402219,138,38750.597781,19.219166666666666,44,13,87,0,-3.0,0.4000000000000057,11.200000000000003,-22.299999999999997,-11.5,-2.4000000000000057,8.399999999999991,-26.700000000000003,-15.900000000000006,0.0,0.0,0.2,1.0,0.2,29,47.9,22.5,52097.72,36083.9,100,0,-10.799999999999997,11.200000000000003,-16.799999999999997,17.200000000000003,16,0.0,0.0,0.0,0.0,100,100,22.5,33.5,71,-9.600000000000001,10.000000000000007,-17.5,17.900000000000006,11,0.0,0.0,0.0,0.0,97,100,22.4,47.9,100,-6.906666666666666,13,80,,,0.0,13.0,44.0,0,224,,,0.0,13.0,44.0,0,1567,3.9075863098888513,17.245214869564133,0.0,22.53846153846154,32.30769230769231,17,3146,8.479157027447004,17.136642091276286,0.22727272727272727,28.90909090909091,26.045454545454547,22,4346,8.214418218392991,17.35396208362805,0.32,29.68,27.92,23
2025-05-18 19:13:12.090319,138,38747.909681,19.22,50,78,22,1,-5.0,2.4000000000000057,11.200000000000003,-20.299999999999997,-11.5,-0.4000000000000057,8.399999999999991,-24.700000000000003,-15.900000000000006,0.0,0.0,0.2,1.0,0.2,29,47.9,22.5,52097.72,36083.9,100,0,-8.799999999999997,11.200000000000003,-14.799999999999997,17.200000000000003,16,0.0,0.0,0.0,0.0,100,100,22.5,33.5,71,-7.600000000000001,10.000000000000007,-15.5,17.900000000000006,11,0.0,0.0,0.0,0.0,97,100,22.4,47.9,100,15.502327860818426,22,130,4.242640687119285,9.899494936611665,1.0,75.0,43.0,-6,274,7.0898989179442236,13.808210118138653,1.0,72.66666666666667,38.333333333333336,-3,1617,9.083355819364145,36.08629363394493,0.8823529411764706,68.58823529411765,44.294117647058826,-27,3196,14.671684232197626,25.771114309016067,0.8620689655172413,50.06896551724138,32.08620689655172,-45,4396,15.997814536056792,25.14653094659418,0.8484848484848485,47.09090909090909,30.742424242424242,-53
2025-05-18 19:13:19.394443,138,38740.605557,19.221944444444443,49,82,18,1,-5.0,2.4000000000000057,11.200000000000003,-20.299999999999997,-11.5,-0.4000000000000057,8.399999999999991,-24.700000000000003,-15.900000000000006,0.0,0.0,0.2,1.0,0.2,29,47.9,22.5,52097.72,36083.9,100,0,-8.799999999999997,11.200000000000003,-14.799999999999997,17.200000000000003,16,0.0,0.0,0.0,0.0,100,100,22.5,33.5,71,-7.600000000000001,10.000000000000007,-15.5,17.900000000000006,11,0.0,0.0,0.0,0.0,97,100,22.4,47.9,100,11.597879684418146,18,228,4.725815626252608,6.683312551921141,1.0,78.5,46.0,-10,245,9.633275663033837,14.20211251891774,1.0,74.6,40.2,-23,1715,9.551032521262936,34.05482336104603,0.8947368421052632,70.0,44.78947368421053,-31,3294,15.536143389285172,25.514917537573044,0.8666666666666667,51.13333333333333,32.65,-49,4494,16.840364986795823,24.962566355481158,0.8529411764705882,48.11764705882353,31.279411764705884,-57
2025-05-18 19:13:19.394443,138,38740.605557,19.221944444444443,49,82,18,1,-5.0,2.4000000000000057,11.200000000000003,-20.299999999999997,-11.5,-0.4000000000000057,8.399999999999991,-24.700000000000003,-15.900000000000006,0.0,0.0,0.2,1.0,0.2,29,47.9,22.5,52097.72,36083.9,100,0,-8.799999999999997,11.200000000000003,-14.799999999999997,17.200000000000003,16,0.0,0.0,0.0,0.0,100,100,22.5,33.5,71,-7.600000000000001,10.000000000000007,-15.5,17.900000000000006,11,0.0,0.0,0.0,0.0,97,100,22.4,47.9,100,11.66836165199058,18,228,4.725815626252608,6.683312551921141,1.0,78.5,46.0,-10,245,9.633275663033837,14.20211251891774,1.0,74.6,40.2,-23,1715,9.551032521262936,34.05482336104603,0.8947368421052632,70.0,44.78947368421053,-31,3294,15.536143389285172,25.514917537573044,0.8666666666666667,51.13333333333333,32.65,-49,4494,16.840364986795823,24.962566355481158,0.8529411764705882,48.11764705882353,31.279411764705884,-57
2025-05-18 19:13:19.453348,138,38740.546652,19.221944444444443,40,5,95,0,-1.0,-1.5999999999999943,11.200000000000003,-24.299999999999997,-11.5,-4.400000000000006,8.399999999999991,-28.700000000000003,-15.900000000000006,0.0,0.0,0.2,1.0,0.2,29,47.9,22.5,52097.72,36083.9,100,0,-12.799999999999997,11.200000000000003,-18.799999999999997,17.200000000000003,16,0.0,0.0,0.0,0.0,100,100,22.5,33.5,71,-11.600000000000001,10.000000000000007,-19.5,17.900000000000006,11,0.0,0.0,0.0,0.0,97,100,22.4,47.9,100,-1.971688574317497,5,277,0.7071067811865476,21.920310216782973,0.0,4.5,24.5,1,294,0.7071067811865476,21.920310216782973,0.0,4.5,24.5,1,1764,1.407885953173359,50.601383380299005,0.0,6.625,46.25,4,3343,5.999387223610719,36.28623949199735,0.0,10.647058823529411,35.23529411764706,14,4543,8.50758175796278,34.38768904556886,0.0,13.2,31.75,30
2025-05-18 19:13:19.453348,138,38740.546652,19.221944444444443,9,4,96,0,-1.0,-1.5999999999999943,11.200000000000003,-24.299999999999997,-11.5,-4.400000000000006,8.399999999999991,-28.700000000000003,-15.900000000000006,0.0,0.0,0.2,1.0,0.2,29,47.9,22.5,52097.72,36083.9,100,0,-12.799999999999997,11.200000000000003,-18.799999999999997,17.200000000000003,16,0.0,0.0,0.0,0.0,100,100,22.5,33.5,71,-11.600000000000001,10.000000000000007,-19.5,17.900000000000006,11,0.0,0.0,0.0,0.0,97,100,22.4,47.9,100,-1.0547945205479436,4,277,0.7071067811865476,21.920310216782973,0.0,4.5,24.5,1,294,0.7071067811865476,21.920310216782973,0.0,4.5,24.5,1,1764,1.407885953173359,50.601383380299005,0.0,6.625,46.25,4,3343,5.999387223610719,36.28623949199735,0.0,10.647058823529411,35.23529411764706,14,4543,8.50758175796278,34.38768904556886,0.0,13.2,31.75,30
2025-05-18 19:13:19.455585,138,38740.544415,19.221944444444443,38,8,92,0,-3.0,0.4000000000000057,11.200000000000003,-22.299999999999997,-11.5,-2.4000000000000057,8.399999999999991,-26.700000000000003,-15.900000000000006,0.0,0.0,0.2,1.0,0.2,29,47.9,22.5,52097.72,36083.9,100,0,-10.799999999999997,11.200000000000003,-16.799999999999997,17.200000000000003,16,0.0,0.0,0.0,0.0,100,100,22.5,33.5,71,-9.600000000000001,10.000000000000007,-17.5,17.900000000000006,11,0.0,0.0,0.0,0.0,97,100,22.4,47.9,100,-2.105160026126711,8,326,2.6457513110645907,17.578395831246947,0.0,10.0,31.0,4,343,2.6457513110645907,17.578395831246947,0.0,10.0,31.0,4,1813,6.125668087956572,16.985147573549018,0.0,20.666666666666668,31.266666666666666,21,3392,9.943226519756472,16.85724374465371,0.20833333333333334,27.208333333333332,25.916666666666668,26,4592,9.708574058862109,17.112748284426843,0.2962962962962963,28.11111111111111,27.666666666666668,27
2025-05-18 19:13:19.455585,138,38740.544415,19.221944444444443,11,9,91,0,-3.0,0.4000000000000057,11.200000000000003,-22.299999999999997,-11.5,-2.4000000000000057,8.399999999999991,-26.700000000000003,-15.900000000000006,0.0,0.0,0.2,1.0,0.2,29,47.9,22.5,52097.72,36083.9,100,0,-10.799999999999997,11.200000000000003,-16.799999999999997,17.200000000000003,16,0.0,0.0,0.0,0.0,100,100,22.5,33.5,71,-9.600000000000001,10.000000000000007,-17.5,17.900000000000006,11,0.0,0.0,0.0,0.0,97,100,22.4,47.9,100,-3.158740790354983,9,326,2.6457513110645907,17.578395831246947,0.0,10.0,31.0,4,343,2.6457513110645907,17.578395831246947,0.0,10.0,31.0,4,1813,6.125668087956572,16.985147573549018,0.0,20.666666666666668,31.266666666666666,21,3392,9.943226519756472,16.85724374465371,0.20833333333333334,27.208333333333332,25.916666666666668,26,4592,9.708574058862109,17.112748284426843,0.2962962962962963,28.11111111111111,27.666666666666668,27
2025-05-18 19:14:20.104349,138,38679.895651,19.23888888888889,40,3,97,0,-1.0,-1.5999999999999943,11.200000000000003,-24.299999999999997,-11.5,-4.400000000000006,8.399999999999991,-28.700000000000003,-15.900000000000006,0.0,0.0,0.2,1.0,0.2,29,47.9,22.5,52097.72,36083.9,100,0,-12.799999999999997,11.200000000000003,-18.799999999999997,17.200000000000003,16,0.0,0.0,0.0,0.0,100,100,22.5,33.5,71,-11.600000000000001,10.000000000000007,-19.5,17.900000000000006,11,0.0,0.0,0.0,0.0,97,100,22.4,47.9,100,-0.06489361702128349,3,366,1.0,17.897858344878397,0.0,4.0,29.666666666666668,2,383,1.0,17.897858344878397,0.0,4.0,29.666666666666668,2,1833,1.7728105208558367,48.60335085450091,0.0,6.0,50.0,4,3373,6.092961759812378,35.220732530712645,0.0,10.222222222222221,35.5,15,4582,8.58570240075241,33.56528819224664,0.0,12.714285714285714,32.142857142857146,31
2025-05-18 19:14:32.047376,138,38667.952624,19.242222222222225,172,86,14,1,-5.0,2.4000000000000057,11.200000000000003,-20.299999999999997,-11.5,-0.4000000000000057,8.399999999999991,-24.700000000000003,-15.900000000000006,0.0,0.0,0.2,1.0,0.2,29,47.9,22.5,52097.72,36083.9,100,0,-8.799999999999997,11.200000000000003,-14.799999999999997,17.200000000000003,16,0.0,0.0,0.0,0.0,100,100,22.5,33.5,71,-7.600000000000001,10.000000000000007,-15.5,17.900000000000006,11,0.0,0.0,0.0,0.0,97,100,22.4,47.9,100,7.739705515348135,14,538,5.291502622129181,56.645388161791246,1.0,80.0,71.2,-14,555,9.792854537876073,55.28622492688994,1.0,76.5,62.166666666666664,-27,2005,9.960976489861771,43.67858080401229,0.9,70.8,51.15,-35,3545,15.905716508554299,31.241045473346112,0.864406779661017,52.355932203389834,35.11864406779661,-50,4754,17.211149325545737,30.16933115899674,0.8529411764705882,49.01470588235294,33.0735294117647,-60
2025-05-18 19:14:46.380913,138,38653.619087,19.246111111111112,40,87,13,1,-5.0,2.4000000000000057,11.200000000000003,-20.299999999999997,-11.5,-0.4000000000000057,8.399999999999991,-24.700000000000003,-15.900000000000006,0.0,0.0,0.2,1.0,0.2,29,47.9,22.5,52097.72,36083.9,100,0,-8.799999999999997,11.200000000000003,-14.799999999999997,17.200000000000003,16,0.0,0.0,0.0,0.0,100,100,22.5,33.5,71,-7.600000000000001,10.000000000000007,-15.5,17.900000000000006,11,0.0,0.0,0.0,0.0,97,100,22.4,47.9,100,6.9094618719714305,13,973,4.049691346263317,154.8979233775155,1.0,84.0,131.83333333333334,-11,1026,9.855201672213513,139.79065981469782,1.0,79.375,105.5,-30,2476,10.746186276094393,91.15131798587869,0.9090909090909091,72.36363636363636,67.9090909090909,-38,4016,16.89832985571557,59.262281704190954,0.8688524590163934,53.52459016393443,41.68852459016394,-53,5225,18.17859979985339,56.08412049260085,0.8571428571428571,50.128571428571426,38.857142857142854,-63
2025-05-18 19:14:46.380913,138,38653.619087,19.246111111111112,431,89,11,1,-5.0,2.4000000000000057,11.200000000000003,-20.299999999999997,-11.5,-0.4000000000000057,8.399999999999991,-24.700000000000003,-15.900000000000006,0.0,0.0,0.2,1.0,0.2,29,47.9,22.5,52097.72,36083.9,100,0,-8.799999999999997,11.200000000000003,-14.799999999999997,17.200000000000003,16,0.0,0.0,0.0,0.0,100,100,22.5,33.5,71,-7.600000000000001,10.000000000000007,-15.5,17.900000000000006,11,0.0,0.0,0.0,0.0,97,100,22.4,47.9,100,4.944885926685458,11,973,4.049691346263317,154.8979233775155,1.0,84.0,131.83333333333334,-11,1026,9.855201672213513,139.79065981469782,1.0,79.375,105.5,-30,2476,10.746186276094393,91.15131798587869,0.9090909090909091,72.36363636363636,67.9090909090909,-38,4016,16.89832985571557,59.262281704190954,0.8688524590163934,53.52459016393443,41.68852459016394,-53,5225,18.17859979985339,56.08412049260085,0.8571428571428571,50.128571428571426,38.857142857142854,-63
2025-05-18 19:15:01.942922,138,38638.057078,19.25027777777778,40,91,9,1,-5.0,2.4000000000000057,11.200000000000003,-20.299999999999997,-11.5,-0.4000000000000057,8.399999999999991,-24.700000000000003,-15.900000000000006,0.0,0.0,0.2,1.0,0.2,29,47.9,22.5,52097.72,36083.9,100,0,-8.799999999999997,11.200000000000003,-14.799999999999997,17.200000000000003,16,0.0,0.0,0.0,0.0,100,100,22.5,33.5,71,-7.600000000000001,10.000000000000007,-15.5,17.900000000000006,11,0.0,0.0,0.0,0.0,97,100,22.4,47.9,100,3.234025234025239,9,1013,4.546060565661952,145.59958137040812,1.0,85.0,118.71428571428571,-13,1066,10.0,132.57241207900097,1.0,80.66666666666667,98.22222222222223,-32,2516,11.195178239325923,89.24554217673268,0.9130434782608695,73.17391304347827,66.69565217391305,-40,4056,17.42194195097678,58.77490920797866,0.8709677419354839,54.12903225806452,41.66129032258065,-55,5265,18.688724152889,55.68224379137259,0.8591549295774648,50.70422535211268,38.87323943661972,-65
2025-05-18 19:15:16.088856,138,38623.911144,19.254444444444445,7,83,17,0,-5.0,2.4000000000000057,11.200000000000003,-20.299999999999997,-11.5,-0.4000000000000057,8.399999999999991,-24.700000000000003,-15.900000000000006,0.0,0.0,0.2,1.0,0.2,29,47.9,22.5,52097.72,36083.9,100,0,-8.799999999999997,11.200000000000003,-14.799999999999997,17.200000000000003,16,0.0,0.0,0.0,0.0,100,100,22.5,33.5,71,-7.600000000000001,10.000000000000007,-15.5,17.900000000000006,11,0.0,0.0,0.0,0.0,97,100,22.4,47.9,100,11.25167098622289,-17,945,3.420004177106889,142.60378426154855,0.75,85.375,100.875,-1,1092,8.993937351955989,123.51525485468662,0.8181818181818182,81.0909090909091,82.72727272727273,-24,2526,10.184885078289838,88.06107893495518,0.875,74.91666666666667,64.33333333333333,-26,4082,17.87520118656899,58.06229336423326,0.84375,55.03125,40.765625,-47,5194,18.470202374858207,56.67620359933888,0.8382352941176471,53.470588235294116,39.544117647058826,-61
2025-05-18 19:15:16.088856,138,38623.911144,19.254444444444445,19,83,17,0,-5.0,2.4000000000000057,11.200000000000003,-20.299999999999997,-11.5,-0.4000000000000057,8.399999999999991,-24.700000000000003,-15.900000000000006,0.0,0.0,0.2,1.0,0.2,29,47.9,22.5,52097.72,36083.9,100,0,-8.799999999999997,11.200000000000003,-14.799999999999997,17.200000000000003,16,0.0,0.0,0.0,0.0,100,100,22.5,33.5,71,-7.600000000000001,10.000000000000007,-15.5,17.900000000000006,11,0.0,0.0,0.0,0.0,97,100,22.4,47.9,100,11.26242490442381,-17,945,3.420004177106889,142.60378426154855,0.75,85.375,100.875,-1,1092,8.993937351955989,123.51525485468662,0.8181818181818182,81.0909090909091,82.72727272727273,-24,2526,10.184885078289838,88.06107893495518,0.875,74.91666666666667,64.33333333333333,-26,4082,17.87520118656899,58.06229336423326,0.84375,55.03125,40.765625,-47,5194,18.470202374858207,56.67620359933888,0.8382352941176471,53.470588235294116,39.544117647058826,-61
2025-05-18 19:17:20.319156,138,38499.680844,19.28888888888889,40,91,9,1,-5.0,2.4000000000000057,11.200000000000003,-20.299999999999997,-11.5,-0.4000000000000057,8.399999999999991,-24.700000000000003,-15.900000000000006,0.0,0.0,0.2,1.0,0.2,29,47.9,22.5,52097.72,36083.9,100,0,-8.799999999999997,11.200000000000003,-14.799999999999997,17.200000000000003,16,0.0,0.0,0.0,0.0,100,100,22.5,33.5,71,-7.600000000000001,10.000000000000007,-15.5,17.900000000000006,11,0.0,0.0,0.0,0.0,97,100,22.4,47.9,100,3.2917180013689205,9,80,0.0,0.0,1.0,91.0,40.0,0,1155,5.8068663640294815,117.49619594100083,0.8333333333333334,84.58333333333333,81.08333333333333,-19,2606,10.702120566288936,84.72365939652549,0.8846153846153846,76.15384615384616,62.46153846153846,-34,4092,18.662603620416256,57.16220122963469,0.8484848484848485,56.121212121212125,40.74242424242424,-55,5274,19.259242625322397,55.848821744680976,0.8428571428571429,54.542857142857144,39.55714285714286,-69
2025-05-18 19:17:20.319156,138,38499.680844,19.28888888888889,40,91,9,1,-5.0,2.4000000000000057,11.200000000000003,-20.299999999999997,-11.5,-0.4000000000000057,8.399999999999991,-24.700000000000003,-15.900000000000006,0.0,0.0,0.2,1.0,0.2,29,47.9,22.5,52097.72,36083.9,100,0,-8.799999999999997,11.200000000000003,-14.799999999999997,17.200000000000003,16,0.0,0.0,0.0,0.0,100,100,22.5,33.5,71,-7.600000000000001,10.000000000000007,-15.5,17.900000000000006,11,0.0,0.0,0.0,0.0,97,100,22.4,47.9,100,3.3098417068134864,9,80,0.0,0.0,1.0,91.0,40.0,0,1155,5.8068663640294815,117.49619594100083,0.8333333333333334,84.58333333333333,81.08333333333333,-19,2606,10.702120566288936,84.72365939652549,0.8846153846153846,76.15384615384616,62.46153846153846,-34,4092,18.662603620416256,57.16220122963469,0.8484848484848485,56.121212121212125,40.74242424242424,-55,5274,19.259242625322397,55.848821744680976,0.8428571428571429,54.542857142857144,39.55714285714286,-69
2025-05-18 19:18:00.250864,138,38459.749136,19.3,50,91,9,1,-5.0,2.4000000000000057,11.200000000000003,-20.299999999999997,-11.5,-0.4000000000000057,8.399999999999991,-24.700000000000003,-15.900000000000006,0.0,0.0,0.2,1.0,0.2,29,47.9,22.5,52097.72,36083.9,100,0,-8.799999999999997,11.200000000000003,-14.799999999999997,17.200000000000003,16,0.0,0.0,0.0,0.0,100,100,22.5,33.5,71,-7.600000000000001,10.000000000000007,-15.5,17.900000000000006,11,0.0,0.0,0.0,0.0,97,100,22.4,47.9,100,3.328166089965393,9,130,0.0,5.773502691896258,1.0,91.0,43.333333333333336,0,1169,4.509249752822893,117.07660662225318,0.8333333333333334,86.16666666666667,82.25,-13,2656,10.876279110681523,83.11299074614769,0.8888888888888888,76.70370370370371,62.0,-34,4042,18.685621718754597,58.750858614816366,0.8360655737704918,58.540983606557376,43.26229508196721,-59,5324,19.604582062032378,55.46231522811481,0.8450704225352113,55.056338028169016,39.70422535211268,-69
2025-05-18 19:18:14.961385,138,38445.038615,19.30388888888889,32,92,8,1,-5.0,2.4000000000000057,11.200000000000003,-20.299999999999997,-11.5,-0.4000000000000057,8.399999999999991,-24.700000000000003,-15.900000000000006,0.0,0.0,0.2,1.0,0.2,29,47.9,22.5,52097.72,36083.9,100,0,-8.799999999999997,11.200000000000003,-14.799999999999997,17.200000000000003,16,0.0,0.0,0.0,0.0,100,100,22.5,33.5,71,-7.600000000000001,10.000000000000007,-15.5,17.900000000000006,11,0.0,0.0,0.0,0.0,97,100,22.4,47.9,100,2.3513588850174187,8,162,0.5,7.371114795831994,1.0,91.25,40.5,-1,1107,3.984819679582488,117.6413076802841,0.8333333333333334,87.33333333333333,80.75,-10,2688,11.057509598391427,81.75615440484455,0.8928571428571429,77.25,60.92857142857143,-35,4074,19.012763950030156,58.284856843625015,0.8387096774193549,59.08064516129032,43.08064516129032,-60,5356,19.946990587299826,55.07783473866068,0.8472222222222222,55.56944444444444,39.59722222222222,-70
2025-05-18 19:18:47.966774,138,38412.033226,19.313055555555557,10,94,6,1,-5.0,2.4000000000000057,11.200000000000003,-20.299999999999997,-11.5,-0.4000000000000057,8.399999999999991,-24.700000000000003,-15.900000000000006,0.0,0.0,0.2,1.0,0.2,29,47.9,22.5,52097.72,36083.9,100,0,-8.799999999999997,11.200000000000003,-14.799999999999997,17.200000000000003,16,0.0,0.0,0.0,0.0,100,100,22.5,33.5,71,-7.600000000000001,10.000000000000007,-15.5,17.900000000000006,11,0.0,0.0,0.0,0.0,97,100,22.4,47.9,100,0.3618927621447625,6,172,1.3038404810405297,15.05988047761336,1.0,91.8,34.4,-3,921,3.672997289804213,124.58688096702198,0.8181818181818182,88.9090909090909,80.0909090909091,-8,2698,11.294970326645528,80.83805193344338,0.896551724137931,77.82758620689656,59.172413793103445,-37,4084,19.365167921364172,57.96294082394866,0.8412698412698413,59.63492063492063,42.55555555555556,-62,5366,20.312259833494128,54.80360327119787,0.8493150684931506,56.0958904109589,39.19178082191781,-72
2025-05-18 19:18:48.043908,138,38411.956092,19.313333333333333,10,5,95,0,-3.0,0.4000000000000057,11.200000000000003,-22.299999999999997,-11.5,-2.4000000000000057,8.399999999999991,-26.700000000000003,-15.900000000000006,0.0,0.0,0.2,1.0,0.2,29,47.9,22.5,52097.72,36083.9,100,0,-10.799999999999997,11.200000000000003,-16.799999999999997,17.200000000000003,16,0.0,0.0,0.0,0.0,100,100,22.5,33.5,71,-9.600000000000001,10.000000000000007,-17.5,17.900000000000006,11,0.0,0.0,0.0,0.0,97,100,22.4,47.9,100,0.81781376518218,5,182,,,0.0,5.0,10.0,0,931,,,0.0,5.0,10.0,0,2708,6.771790225423618,16.985147573549018,0.0,19.0,31.266666666666666,21,4094,10.748200292319153,17.36369302590424,0.09090909090909091,25.0,25.545454545454547,31,5376,10.480518586466502,17.121531047100472,0.2857142857142857,27.285714285714285,27.035714285714285,31
2025-05-18 19:18:49.114403,138,38410.885597,19.31361111111111,10,5,95,0,-3.0,0.4000000000000057,11.200000000000003,-22.299999999999997,-11.5,-2.4000000000000057,8.399999999999991,-26.700000000000003,-15.900000000000006,0.0,0.0,0.2,1.0,0.2,29,47.9,22.5,52097.72,36083.9,100,0,-10.799999999999997,11.200000000000003,-16.799999999999997,17.200000000000003,16,0.0,0.0,0.0,0.0,100,100,22.5,33.5,71,-9.600000000000001,10.000000000000007,-17.5,17.900000000000006,11,0.0,0.0,0.0,0.0,97,100,22.4,47.9,100,0.8233695652173907,5,192,0.0,0.0,0.0,5.0,10.0,0,941,0.0,0.0,0.0,5.0,10.0,0,2718,7.419568720619818,17.249033789365324,0.0,18.125,29.9375,21,4104,11.298850898235331,17.271375025078836,0.08695652173913043,24.130434782608695,24.869565217391305,31,5386,11.092535101380992,17.108031127632408,0.27586206896551724,26.517241379310345,26.448275862068964,31
2025-05-18 19:20:09.835793,138,38330.164207,19.335833333333333,6,86,14,0,-5.0,2.4000000000000057,11.200000000000003,-20.299999999999997,-11.5,-0.4000000000000057,8.399999999999991,-24.700000000000003,-15.900000000000006,0.0,0.0,0.2,1.0,0.2,29,47.9,22.5,52097.72,36083.9,100,0,-8.799999999999997,11.200000000000003,-14.799999999999997,17.200000000000003,16,0.0,0.0,0.0,0.0,100,100,22.5,33.5,71,-7.600000000000001,10.000000000000007,-15.5,17.900000000000006,11,0.0,0.0,0.0,0.0,97,100,22.4,47.9,100,8.362400112154774,-14,76,4.123105625617661,12.110601416389967,0.5,89.5,14.0,6,232,4.096068575814836,17.103443447966196,0.5555555555555556,88.55555555555556,23.555555555555557,-3,2283,10.088524427444915,81.63896852769521,0.8275862068965517,79.72413793103448,57.275862068965516,-33,4118,19.6047114627699,57.384960171164664,0.8153846153846154,60.44615384615385,41.46153846153846,-54,5340,20.614592924465946,54.309755565179536,0.8266666666666667,56.89333333333333,38.333333333333336,-64
2025-05-18 19:20:09.835793,138,38330.164207,19.335833333333333,8,86,14,0,-5.0,2.4000000000000057,11.200000000000003,-20.299999999999997,-11.5,-0.4000000000000057,8.399999999999991,-24.700000000000003,-15.900000000000006,0.0,0.0,0.2,1.0,0.2,29,47.9,22.5,52097.72,36083.9,100,0,-8.799999999999997,11.200000000000003,-14.799999999999997,17.200000000000003,16,0.0,0.0,0.0,0.0,100,100,22.5,33.5,71,-7.600000000000001,10.000000000000007,-15.5,17.900000000000006,11,0.0,0.0,0.0,0.0,97,100,22.4,47.9,100,8.369440157148873,-14,76,4.123105625617661,12.110601416389967,0.5,89.5,14.0,6,232,4.096068575814836,17.103443447966196,0.5555555555555556,88.55555555555556,23.555555555555557,-3,2283,10.088524427444915,81.63896852769521,0.8275862068965517,79.72413793103448,57.275862068965516,-33,4118,19.6047114627699,57.384960171164664,0.8153846153846154,60.44615384615385,41.46153846153846,-54,5340,20.614592924465946,54.309755565179536,0.8266666666666667,56.89333333333333,38.333333333333336,-64
2025-05-18 19:21:41.750572,138,38238.249428,19.36138888888889,6,86,14,1,-5.0,2.4000000000000057,11.200000000000003,-20.299999999999997,-11.5,-0.4000000000000057,8.399999999999991,-24.700000000000003,-15.900000000000006,0.0,0.0,0.2,1.0,0.2,29,47.9,22.5,52097.72,36083.9,100,0,-8.799999999999997,11.200000000000003,-14.799999999999997,17.200000000000003,16,0.0,0.0,0.0,0.0,100,100,22.5,33.5,71,-7.600000000000001,10.000000000000007,-15.5,17.900000000000006,11,0.0,0.0,0.0,0.0,97,100,22.4,47.9,100,8.37884534344711,14,67,2.5,20.1886932051912,0.5,87.25,16.75,-5,259,2.9907264074877267,18.78237944930774,0.7777777777777778,89.77777777777777,26.555555555555557,0,2320,8.78242759621499,80.43742481174311,0.8333333333333334,81.2,56.6,-27,4171,19.900362392123824,56.67945289007816,0.8208955223880597,61.28358208955224,41.014925373134325,-59,5393,20.96542086819273,53.72688585653761,0.8311688311688312,57.714285714285715,38.02597402597402,-69
2025-05-18 19:21:41.750572,138,38238.249428,19.36138888888889,47,91,9,1,-5.0,2.4000000000000057,11.200000000000003,-20.299999999999997,-11.5,-0.4000000000000057,8.399999999999991,-24.700000000000003,-15.900000000000006,0.0,0.0,0.2,1.0,0.2,29,47.9,22.5,52097.72,36083.9,100,0,-8.799999999999997,11.200000000000003,-14.799999999999997,17.200000000000003,16,0.0,0.0,0.0,0.0,100,100,22.5,33.5,71,-7.600000000000001,10.000000000000007,-15.5,17.900000000000006,11,0.0,0.0,0.0,0.0,97,100,22.4,47.9,100,3.3859131168283483,9,67,2.5,20.1886932051912,0.5,87.25,16.75,-5,259,2.9907264074877267,18.78237944930774,0.7777777777777778,89.77777777777777,26.555555555555557,0,2320,8.78242759621499,80.43742481174311,0.8333333333333334,81.2,56.6,-27,4171,19.900362392123824,56.67945289007816,0.8208955223880597,61.28358208955224,41.014925373134325,-59,5393,20.96542086819273,53.72688585653761,0.8311688311688312,57.714285714285715,38.02597402597402,-69
2025-05-18 19:25:10.464078,138,38029.535922,19.419444444444444,19,86,14,0,-5.0,2.4000000000000057,11.200000000000003,-20.299999999999997,-11.5,-0.4000000000000057,8.399999999999991,-24.700000000000003,-15.900000000000006,0.0,0.0,0.2,1.0,0.2,29,47.9,22.5,52097.72,36083.9,100,0,-8.799999999999997,11.200000000000003,-14.799999999999997,17.200000000000003,16,0.0,0.0,0.0,0.0,100,100,22.5,33.5,71,-7.600000000000001,10.000000000000007,-15.5,17.900000000000006,11,0.0,0.0,0.0,0.0,97,100,22.4,47.9,100,8.408434757996034,-14,19,,,0.0,86.0,19.0,0,72,2.8867513459481287,20.952326839756964,0.6666666666666666,87.66666666666667,24.0,0,1370,7.921339473070136,92.84636567495583,0.7619047619047619,85.04761904761905,55.61904761904762,-27,4170,19.789598846963646,56.685201959701274,0.8059701492537313,62.08955223880597,41.0,-54,5412,21.07363049163343,53.42032480462004,0.8205128205128205,58.07692307692308,37.782051282051285,-64
2025-05-18 19:25:50.979958,138,37989.020042,19.430555555555557,33,94,6,1,-5.0,2.4000000000000057,11.200000000000003,-20.299999999999997,-11.5,-0.4000000000000057,8.399999999999991,-24.700000000000003,-15.900000000000006,0.0,0.0,0.2,1.0,0.2,29,47.9,22.5,52097.72,36083.9,100,0,-8.799999999999997,11.200000000000003,-14.799999999999997,17.200000000000003,16,0.0,0.0,0.0,0.0,100,100,22.5,33.5,71,-7.600000000000001,10.000000000000007,-15.5,17.900000000000006,11,0.0,0.0,0.0,0.0,97,100,22.4,47.9,100,0.43110543493685327,6,92,4.358898943540674,10.692676621563626,0.6666666666666666,91.0,30.666666666666668,-7,145,3.8078865529319543,16.507574019219177,0.8,90.0,29.0,-7,1426,5.503245795502349,90.41520387030651,0.7727272727272727,87.0,55.63636363636363,-21,4074,19.995845705508177,56.25783332443549,0.8088235294117647,63.455882352941174,40.73529411764706,-61,5485,21.536806146393705,52.74310801458305,0.825,58.9625,37.75,-71
2025-05-18 19:25:50.979958,138,37989.020042,19.430555555555557,40,93,7,1,-5.0,2.4000000000000057,11.200000000000003,-20.299999999999997,-11.5,-0.4000000000000057,8.399999999999991,-24.700000000000003,-15.900000000000006,0.0,0.0,0.2,1.0,0.2,29,47.9,22.5,52097.72,36083.9,100,0,-8.799999999999997,11.200000000000003,-14.799999999999997,17.200000000000003,16,0.0,0.0,0.0,0.0,100,100,22.5,33.5,71,-7.600000000000001,10.000000000000007,-15.5,17.900000000000006,11,0.0,0.0,0.0,0.0,97,100,22.4,47.9,100,1.4331337325349267,7,92,4.358898943540674,10.692676621563626,0.6666666666666666,91.0,30.666666666666668,-7,145,3.8078865529319543,16.507574019219177,0.8,90.0,29.0,-7,1426,5.503245795502349,90.41520387030651,0.7727272727272727,87.0,55.63636363636363,-21,4074,19.995845705508177,56.25783332443549,0.8088235294117647,63.455882352941174,40.73529411764706,-61,5485,21.536806146393705,52.74310801458305,0.825,58.9625,37.75,-71
2025-05-18 19:30:26.290611,138,37713.709389,19.50722222222222,18,89,11,0,-5.0,2.4000000000000057,11.200000000000003,-20.299999999999997,-11.5,-0.4000000000000057,8.399999999999991,-24.700000000000003,-15.900000000000006,0.0,0.0,0.2,1.0,0.2,29,47.9,22.5,52097.72,36083.9,100,0,-8.799999999999997,11.200000000000003,-14.799999999999997,17.200000000000003,16,0.0,0.0,0.0,0.0,100,100,22.5,33.5,71,-7.600000000000001,10.000000000000007,-15.5,17.900000000000006,11,0.0,0.0,0.0,0.0,97,100,22.4,47.9,100,5.441353599082305,-11,18,,,0.0,89.0,18.0,0,91,2.6457513110645907,11.239810200058244,0.6666666666666666,92.0,30.333333333333332,5,369,3.082207001484488,16.262667646310643,0.6923076923076923,90.0,26.846153846153847,2,3908,19.17297385872368,57.72188898722882,0.796875,66.015625,40.84375,-54,5503,21.660447825472122,52.45834620362858,0.8148148148148148,59.333333333333336,37.50617283950617,-67
2025-05-18 19:35:14.275828,138,37425.724172,19.58722222222222,7,89,11,0,-5.0,2.4000000000000057,11.200000000000003,-20.299999999999997,-11.5,-0.4000000000000057,8.399999999999991,-24.700000000000003,-15.900000000000006,0.0,0.0,0.2,1.0,0.2,29,47.9,22.5,52097.72,36083.9,100,0,-8.799999999999997,11.200000000000003,-14.799999999999997,17.200000000000003,16,0.0,0.0,0.0,0.0,100,100,22.5,33.5,71,-7.600000000000001,10.000000000000007,-15.5,17.900000000000006,11,0.0,0.0,0.0,0.0,97,100,22.4,47.9,100,5.455434157561811,-11,7,,,0.0,89.0,7.0,0,25,0.0,7.7781745930520225,0.0,89.0,12.5,0,170,3.1471831698777724,16.01784718903975,0.5714285714285714,89.71428571428571,24.285714285714285,-3,3903,19.23503414245835,57.42280353121584,0.7846153846153846,66.36923076923077,40.323076923076925,-54,5510,21.774199833289074,52.24225672321091,0.8048780487804879,59.69512195121951,37.13414634146341,-67
2025-05-18 19:37:13.425583,138,37306.574417,19.62027777777778,10,89,11,1,-5.0,2.4000000000000057,11.200000000000003,-20.299999999999997,-11.5,-0.4000000000000057,8.399999999999991,-24.700000000000003,-15.900000000000006,0.0,0.0,0.2,1.0,0.2,29,47.9,22.5,52097.72,36083.9,100,0,-8.799999999999997,11.200000000000003,-14.799999999999997,17.200000000000003,16,0.0,0.0,0.0,0.0,100,100,22.5,33.5,71,-7.600000000000001,10.000000000000007,-15.5,17.900000000000006,11,0.0,0.0,0.0,0.0,97,100,22.4,47.9,100,5.46092963016261,11,17,0.0,2.1213203435596424,0.5,89.0,8.5,0,17,0.0,2.1213203435596424,0.5,89.0,8.5,0,127,2.9664793948382653,12.921558213569549,0.5,90.0,21.166666666666668,-3,3795,18.467807336933678,58.344598429491455,0.7777777777777778,68.19047619047619,40.142857142857146,-48,5520,21.87876998284835,52.00808047707945,0.8072289156626506,60.04819277108434,36.80722891566265,-67
2025-05-18 19:39:46.414298,138,37153.585702,19.662777777777777,40,94,6,1,-5.0,2.4000000000000057,11.200000000000003,-20.299999999999997,-11.5,-0.4000000000000057,8.399999999999991,-24.700000000000003,-15.900000000000006,0.0,0.0,0.2,1.0,0.2,29,47.9,22.5,52097.72,36083.9,100,0,-8.799999999999997,11.200000000000003,-14.799999999999997,17.200000000000003,16,0.0,0.0,0.0,0.0,100,100,22.5,33.5,71,-7.600000000000001,10.000000000000007,-15.5,17.900000000000006,11,0.0,0.0,0.0,0.0,97,100,22.4,47.9,100,0.4687995388384536,6,40,,,1.0,94.0,40.0,0,57,2.8867513459481287,18.24828759089466,0.6666666666666666,90.66666666666667,19.0,-5,167,3.101458950082625,13.777137721948044,0.5714285714285714,90.57142857142857,23.857142857142858,-8,3835,18.602541855672936,57.87969657655135,0.78125,68.59375,40.140625,-53,4818,22.05983361956763,51.695003148709034,0.8095238095238095,60.45238095238095,36.845238095238095,-72
2025-05-18 19:41:29.173958,138,37050.826042,19.691388888888888,3,94,6,1,-5.0,2.4000000000000057,11.200000000000003,-20.299999999999997,-11.5,-0.4000000000000057,8.399999999999991,-24.700000000000003,-15.900000000000006,0.0,0.0,0.2,1.0,0.2,29,47.9,22.5,52097.72,36083.9,100,0,-8.799999999999997,11.200000000000003,-14.799999999999997,17.200000000000003,16,0.0,0.0,0.0,0.0,100,100,22.5,33.5,71,-7.600000000000001,10.000000000000007,-15.5,17.900000000000006,11,0.0,0.0,0.0,0.0,97,100,22.4,47.9,100,0.47151761124800373,6,43,0.0,26.16295090390226,1.0,94.0,21.5,0,53,2.8867513459481287,19.65536398374076,1.0,92.33333333333333,17.666666666666668,-5,78,2.7386127875258306,14.707141122597552,0.6,91.0,15.6,-5,3770,18.17256723454988,58.80795632504587,0.7903225806451613,70.29032258064517,40.596774193548384,-51,4821,22.22798851424383,51.51733547401046,0.8117647058823529,60.84705882352941,36.44705882352941,-72
2025-05-18 19:45:12.558383,138,36827.441617,19.753333333333334,16,89,11,0,-5.0,2.4000000000000057,11.200000000000003,-20.299999999999997,-11.5,-0.4000000000000057,8.399999999999991,-24.700000000000003,-15.900000000000006,0.0,0.0,0.2,1.0,0.2,29,47.9,22.5,52097.72,36083.9,100,0,-8.799999999999997,11.200000000000003,-14.799999999999997,17.200000000000003,16,0.0,0.0,0.0,0.0,100,100,22.5,33.5,71,-7.600000000000001,10.000000000000007,-15.5,17.900000000000006,11,0.0,0.0,0.0,0.0,97,100,22.4,47.9,100,5.471722737819022,-11,16,,,0.0,89.0,16.0,0,19,3.5355339059327378,9.192388155425117,0.5,91.5,9.5,5,94,2.581988897471611,13.155480480266263,0.5,90.66666666666667,15.666666666666666,0,3709,17.538746452316484,59.497889626914464,0.8166666666666667,71.95,41.63333333333333,-46,4837,22.30441362836202,51.26083616381424,0.8023255813953488,61.174418604651166,36.2093023255814,-67
2025-05-18 19:47:53.015909,138,36666.984091,19.798055555555557,152,89,11,0,-5.0,2.4000000000000057,11.200000000000003,-20.299999999999997,-11.5,-0.4000000000000057,8.399999999999991,-24.700000000000003,-15.900000000000006,0.0,0.0,0.2,1.0,0.2,29,47.9,22.5,52097.72,36083.9,100,0,-8.799999999999997,11.200000000000003,-14.799999999999997,17.200000000000003,16,0.0,0.0,0.0,0.0,100,100,22.5,33.5,71,-7.600000000000001,10.000000000000007,-15.5,17.900000000000006,11,0.0,0.0,0.0,0.0,97,100,22.4,47.9,100,5.484447674418604,-11,152,,,0.0,89.0,152.0,0,168,0.0,96.16652224137046,0.0,89.0,84.0,0,228,2.581988897471611,57.365494855357085,0.5,90.66666666666667,38.0,0,3636,15.963007550674561,63.96414581377238,0.7962962962962963,75.44444444444444,45.27777777777778,-44,4989,22.37413039142574,52.45214975480059,0.7931034482758621,61.49425287356322,37.54022988505747,-67
2025-05-18 19:47:56.350809,138,36663.649191,19.79888888888889,22,89,11,1,-5.0,2.4000000000000057,11.200000000000003,-20.299999999999997,-11.5,-0.4000000000000057,8.399999999999991,-24.700000000000003,-15.900000000000006,0.0,0.0,0.2,1.0,0.2,29,47.9,22.5,52097.72,36083.9,100,0,-8.799999999999997,11.200000000000003,-14.799999999999997,17.200000000000003,16,0.0,0.0,0.0,0.0,100,100,22.5,33.5,71,-7.600000000000001,10.000000000000007,-15.5,17.900000000000006,11,0.0,0.0,0.0,0.0,97,100,22.4,47.9,100,5.608353151010704,11,174,0.0,91.92388155425118,0.5,89.0,87.0,0,190,0.0,76.84616667949894,0.3333333333333333,89.0,63.333333333333336,0,250,2.439750182371333,52.71531809545269,0.5714285714285714,90.42857142857143,35.714285714285715,0,3658,15.919790533789403,63.446804251254214,0.8,75.69090909090909,44.85454545454545,-44,5011,22.437580316275657,52.176134461212484,0.7954545454545454,61.80681818181818,37.36363636363637,-67
2025-05-18 19:50:11.852123,138,36528.147877,19.836388888888887,14,88,12,0,-5.0,2.4000000000000057,11.200000000000003,-20.299999999999997,-11.5,-0.4000000000000057,8.399999999999991,-24.700000000000003,-15.900000000000006,0.0,0.0,0.2,1.0,0.2,29,47.9,22.5,52097.72,36083.9,100,0,-8.799999999999997,11.200000000000003,-14.799999999999997,17.200000000000003,16,0.0,0.0,0.0,0.0,100,100,22.5,33.5,71,-7.600000000000001,10.000000000000007,-15.5,17.900000000000006,11,0.0,0.0,0.0,0.0,97,100,22.4,47.9,100,6.6267521622427665,-12,14,,,0.0,88.0,14.0,0,204,0.5,67.41908730718129,0.25,88.75,51.0,1,264,2.416461403433896,49.40503155405472,0.5,90.125,33.0,1,3572,14.539521236749998,64.64603297264378,0.7735849056603774,77.60377358490567,44.924528301886795,-29,5025,22.481833546939132,51.93790981543168,0.7865168539325843,62.10112359550562,37.10112359550562,-66
2025-05-18 19:50:37.264467,138,36502.735533,19.84361111111111,37,94,6,1,-5.0,2.4000000000000057,11.200000000000003,-20.299999999999997,-11.5,-0.4000000000000057,8.399999999999991,-24.700000000000003,-15.900000000000006,0.0,0.0,0.2,1.0,0.2,29,47.9,22.5,52097.72,36083.9,100,0,-8.799999999999997,11.200000000000003,-14.799999999999997,17.200000000000003,16,0.0,0.0,0.0,0.0,100,100,22.5,33.5,71,-7.600000000000001,10.000000000000007,-15.5,17.900000000000006,11,0.0,0.0,0.0,0.0,97,100,22.4,47.9,100,0.6406156604901412,6,51,4.242640687119285,16.263455967290593,0.5,91.0,25.5,-6,225,2.70801280154532,64.54133042735742,0.5,90.0,56.25,-5,294,2.712405363721075,48.27525245920523,0.625,90.75,36.75,-5,3432,14.384296783882675,65.05343841158925,0.7692307692307693,78.61538461538461,45.67307692307692,-43,5060,22.60663177586807,51.64530064441184,0.7888888888888889,62.455555555555556,37.1,-72
2025-05-18 19:50:37.332319,138,36502.667681,19.84361111111111,63,6,94,0,-3.0,0.4000000000000057,11.200000000000003,-22.299999999999997,-11.5,-2.4000000000000057,8.399999999999991,-26.700000000000003,-15.900000000000006,0.0,0.0,0.2,1.0,0.2,29,47.9,22.5,52097.72,36083.9,100,0,-10.799999999999997,11.200000000000003,-16.799999999999997,17.200000000000003,16,0.0,0.0,0.0,0.0,100,100,22.5,33.5,71,-9.600000000000001,10.000000000000007,-17.5,17.900000000000006,11,0.0,0.0,0.0,0.0,97,100,22.4,47.9,100,-0.17099863201094934,6,114,,,0.0,6.0,63.0,0,288,,,0.0,6.0,63.0,0,357,,,0.0,6.0,63.0,0,3495,8.09421644566545,18.69885180495127,0.0,18.11111111111111,30.666666666666668,24,5123,11.565406205129813,17.899211530093016,0.2413793103448276,25.482758620689655,26.896551724137932,29
2025-05-18 19:50:37.332532,138,36502.667468,19.84361111111111,63,94,6,0,-5.0,2.4000000000000057,11.200000000000003,-20.299999999999997,-11.5,-0.4000000000000057,8.399999999999991,-24.700000000000003,-15.900000000000006,0.0,0.0,0.2,1.0,0.2,29,47.9,22.5,52097.72,36083.9,100,0,-8.799999999999997,11.200000000000003,-14.799999999999997,17.200000000000003,16,0.0,0.0,0.0,0.0,100,100,22.5,33.5,71,-7.600000000000001,10.000000000000007,-15.5,17.900000000000006,11,0.0,0.0,0.0,0.0,97,100,22.4,47.9,100,0.6441773102930171,-6,177,3.4641016151377544,24.515301344262525,0.3333333333333333,92.0,38.0,-6,351,2.949576240750525,55.97588766602992,0.4,90.8,57.6,-5,420,2.758824226207808,45.9972825284277,0.5555555555555556,91.11111111111111,39.666666666666664,-5,3558,14.401207415917753,64.4688356435167,0.7547169811320755,78.90566037735849,46.0,-43,5186,22.7225877733148,51.42929758000444,0.7802197802197802,62.8021978021978,37.38461538461539,-72
2025-05-18 19:52:11.232648,138,36408.767352,19.869722222222222,7,89,11,0,-5.0,2.4000000000000057,11.200000000000003,-20.299999999999997,-11.5,-0.4000000000000057,8.399999999999991,-24.700000000000003,-15.900000000000006,0.0,0.0,0.2,1.0,0.2,29,47.9,22.5,52097.72,36083.9,100,0,-8.799999999999997,11.200000000000003,-14.799999999999997,17.200000000000003,16,0.0,0.0,0.0,0.0,100,100,22.5,33.5,71,-7.600000000000001,10.000000000000007,-15.5,17.900000000000006,11,0.0,0.0,0.0,0.0,97,100,22.4,47.9,100,5.650333737864074,-11,184,3.2015621187164243,25.31633201446581,0.25,91.25,30.25,-1,358,2.7386127875258306,54.16056375875963,0.3333333333333333,90.5,49.166666666666664,0,427,2.6853512081497106,44.58001545286607,0.5,90.9,36.4,0,3500,13.231150683757237,65.17927475985147,0.7307692307692307,80.26923076923077,45.76923076923077,-32,5193,22.761859449098317,51.24394665519787,0.7717391304347826,63.08695652173913,37.05434782608695,-67
2025-05-18 19:58:47.980897,138,36012.019103,19.97972222222222,2,3,97,0,-3.0,0.4000000000000057,11.200000000000003,-22.299999999999997,-11.5,-2.4000000000000057,8.399999999999991,-26.700000000000003,-15.900000000000006,0.0,0.0,0.2,1.0,0.2,29,47.9,22.5,52097.72,36083.9,100,0,-10.799999999999997,11.200000000000003,-16.799999999999997,17.200000000000003,16,0.0,0.0,0.0,0.0,100,100,22.5,33.5,71,-9.600000000000001,10.000000000000007,-17.5,17.900000000000006,11,0.0,0.0,0.0,0.0,97,100,22.4,47.9,100,2.8213009292351643,3,2,,,0.0,3.0,2.0,0,2,,,0.0,3.0,2.0,0,376,2.1213203435596424,43.1335136523794,0.0,4.5,32.5,3,3367,8.596204792936547,19.325467244300363,0.0,17.31578947368421,29.157894736842106,27,5195,12.082855717869455,18.16577557658496,0.23333333333333334,24.733333333333334,26.066666666666666,32
2025-05-18 20:00:08.800775,138,35931.199225,20.002222222222223,4,94,6,1,-5.0,2.4000000000000057,10.000000000000007,-20.299999999999997,-12.699999999999996,-0.4000000000000057,7.199999999999996,-24.700000000000003,-17.1,0.0,0.0,0.2,1.0,0.2,29,47.9,22.5,52097.72,36083.9,100,0,-7.600000000000001,10.000000000000007,-15.5,17.900000000000006,11,0.0,0.0,0.0,0.0,97,100,22.4,47.9,100,-9.299999999999997,11.700000000000003,-14.799999999999997,17.200000000000003,3,0.0,0.0,0.0,0.0,84,84,13.6,22.7,57,0.6563401670463236,6,107,2.6299556396765835,21.07723890835799,1.0,93.75,26.25,-2,107,2.6299556396765835,21.07723890835799,1.0,93.75,26.25,-2,481,3.0120968232656917,42.170648991492136,0.5454545454545454,91.54545454545455,37.81818181818182,-7,3452,11.549288582567554,64.8130447458748,0.7358490566037735,82.86792452830188,45.0,-45,5300,23.118058465039454,50.33999752559781,0.78125,64.36458333333333,36.604166666666664,-74
2025-05-18 20:00:08.800775,138,35931.199225,20.002222222222223,40,95,5,1,-5.0,2.4000000000000057,10.000000000000007,-20.299999999999997,-12.699999999999996,-0.4000000000000057,7.199999999999996,-24.700000000000003,-17.1,0.0,0.0,0.2,1.0,0.2,29,47.9,22.5,52097.72,36083.9,100,0,-7.600000000000001,10.000000000000007,-15.5,17.900000000000006,11,0.0,0.0,0.0,0.0,97,100,22.4,47.9,100,-9.299999999999997,11.700000000000003,-14.799999999999997,17.200000000000003,3,0.0,0.0,0.0,0.0,84,84,13.6,22.7,57,-0.34326090259838793,5,107,2.6299556396765835,21.07723890835799,1.0,93.75,26.25,-2,107,2.6299556396765835,21.07723890835799,1.0,93.75,26.25,-2,481,3.0120968232656917,42.170648991492136,0.5454545454545454,91.54545454545455,37.81818181818182,-7,3452,11.549288582567554,64.8130447458748,0.7358490566037735,82.86792452830188,45.0,-45,5300,23.118058465039454,50.33999752559781,0.78125,64.36458333333333,36.604166666666664,-74
2025-05-18 20:00:08.800775,138,35931.199225,20.002222222222223,13,90,10,1,-5.0,2.4000000000000057,10.000000000000007,-20.299999999999997,-12.699999999999996,-0.4000000000000057,7.199999999999996,-24.700000000000003,-17.1,0.0,0.0,0.2,1.0,0.2,29,47.9,22.5,52097.72,36083.9,100,0,-7.600000000000001,10.000000000000007,-15.5,17.900000000000006,11,0.0,0.0,0.0,0.0,97,100,22.4,47.9,100,-9.299999999999997,11.700000000000003,-14.799999999999997,17.200000000000003,3,0.0,0.0,0.0,0.0,84,84,13.6,22.7,57,4.6546399633083695,10,107,2.6299556396765835,21.07723890835799,1.0,93.75,26.25,-2,107,2.6299556396765835,21.07723890835799,1.0,93.75,26.25,-2,481,3.0120968232656917,42.170648991492136,0.5454545454545454,91.54545454545455,37.81818181818182,-7,3452,11.549288582567554,64.8130447458748,0.7358490566037735,82.86792452830188,45.0,-45,5300,23.118058465039454,50.33999752559781,0.78125,64.36458333333333,36.604166666666664,-74
2025-05-18 20:00:08.800775,138,35931.199225,20.002222222222223,48,96,4,1,-5.0,2.4000000000000057,10.000000000000007,-20.299999999999997,-12.699999999999996,-0.4000000000000057,7.199999999999996,-24.700000000000003,-17.1,0.0,0.0,0.2,1.0,0.2,29,47.9,22.5,52097.72,36083.9,100,0,-7.600000000000001,10.000000000000007,-15.5,17.900000000000006,11,0.0,0.0,0.0,0.0,97,100,22.4,47.9,100,-9.299999999999997,11.700000000000003,-14.799999999999997,17.200000000000003,3,0.0,0.0,0.0,0.0,84,84,13.6,22.7,57,-1.3360906862745168,4,107,2.6299556396765835,21.07723890835799,1.0,93.75,26.25,-2,107,2.6299556396765835,21.07723890835799,1.0,93.75,26.25,-2,481,3.0120968232656917,42.170648991492136,0.5454545454545454,91.54545454545455,37.81818181818182,-7,3452,11.549288582567554,64.8130447458748,0.7358490566037735,82.86792452830188,45.0,-45,5300,23.118058465039454,50.33999752559781,0.78125,64.36458333333333,36.604166666666664,-74
2025-05-18 20:00:11.316629,138,35928.683371,20.003055555555555,4,90,10,0,-5.0,2.4000000000000057,10.000000000000007,-20.299999999999997,-12.699999999999996,-0.4000000000000057,7.199999999999996,-24.700000000000003,-17.1,0.0,0.0,0.2,1.0,0.2,29,47.9,22.5,52097.72,36083.9,100,0,-7.600000000000001,10.000000000000007,-15.5,17.900000000000006,11,0.0,0.0,0.0,0.0,97,100,22.4,47.9,100,-9.299999999999997,11.700000000000003,-14.799999999999997,17.200000000000003,3,0.0,0.0,0.0,0.0,84,84,13.6,22.7,57,4.654012345679007,-10,111,2.8284271247461903,20.78942038634074,0.8,93.0,21.8,4,111,2.8284271247461903,20.78942038634074,0.8,93.0,21.8,4,485,2.9063670960444234,41.376321731154405,0.5,91.41666666666667,35.0,-1,3456,11.480911146538718,64.44068068962989,0.7222222222222222,83.0,44.24074074074074,-39,5304,23.144167546250927,50.18642650655934,0.7731958762886598,64.62886597938144,36.2680412371134,-68
2025-05-18 20:03:03.500360,138,35756.49964,20.050833333333333,24,95,5,1,-5.0,2.4000000000000057,10.000000000000007,-20.299999999999997,-12.699999999999996,-0.4000000000000057,7.199999999999996,-24.700000000000003,-17.1,0.0,0.0,0.2,1.0,0.2,29,47.9,22.5,52097.72,36083.9,100,0,-7.600000000000001,10.000000000000007,-15.5,17.900000000000006,11,0.0,0.0,0.0,0.0,97,100,22.4,47.9,100,-9.299999999999997,11.700000000000003,-14.799999999999997,17.200000000000003,3,0.0,0.0,0.0,0.0,84,84,13.6,22.7,57,-0.34311303273625526,5,33,3.5355339059327378,10.606601717798213,1.0,92.5,16.5,5,144,2.7342623276105886,17.70794817508309,0.8571428571428571,92.85714285714286,20.285714285714285,4,328,2.866737137963964,20.141770257127575,0.6363636363636364,92.27272727272727,23.90909090909091,-2,3473,10.635117484340448,63.96301540786941,0.7454545454545455,83.92727272727272,43.74545454545454,-33,5337,23.246099856191268,49.76180948229243,0.7777777777777778,65.1919191919192,35.86868686868687,-68
2025-05-18 20:03:03.500360,138,35756.49964,20.050833333333333,9,90,10,1,-5.0,2.4000000000000057,10.000000000000007,-20.299999999999997,-12.699999999999996,-0.4000000000000057,7.199999999999996,-24.700000000000003,-17.1,0.0,0.0,0.2,1.0,0.2,29,47.9,22.5,52097.72,36083.9,100,0,-7.600000000000001,10.000000000000007,-15.5,17.900000000000006,11,0.0,0.0,0.0,0.0,97,100,22.4,47.9,100,-9.299999999999997,11.700000000000003,-14.799999999999997,17.200000000000003,3,0.0,0.0,0.0,0.0,84,84,13.6,22.7,57,4.655610663360193,10,33,3.5355339059327378,10.606601717798213,1.0,92.5,16.5,5,144,2.7342623276105886,17.70794817508309,0.8571428571428571,92.85714285714286,20.285714285714285,4,328,2.866737137963964,20.141770257127575,0.6363636363636364,92.27272727272727,23.90909090909091,-2,3473,10.635117484340448,63.96301540786941,0.7454545454545455,83.92727272727272,43.74545454545454,-33,5337,23.246099856191268,49.76180948229243,0.7777777777777778,65.1919191919192,35.86868686868687,-68
2025-05-18 20:07:06.448229,138,35513.551771,20.118333333333332,12,91,9,1,-5.0,2.4000000000000057,10.000000000000007,-20.299999999999997,-12.699999999999996,-0.4000000000000057,7.199999999999996,-24.700000000000003,-17.1,0.0,0.0,0.2,1.0,0.2,29,47.9,22.5,52097.72,36083.9,100,0,-7.600000000000001,10.000000000000007,-15.5,17.900000000000006,11,0.0,0.0,0.0,0.0,97,100,22.4,47.9,100,-9.299999999999997,11.700000000000003,-14.799999999999997,17.200000000000003,3,0.0,0.0,0.0,0.0,84,84,13.6,22.7,57,3.662113922085979,9,12,,,1.0,91.0,12.0,0,45,2.6457513110645907,7.937253933193772,1.0,92.0,15.0,4,163,2.728450923957483,16.104692207897397,0.7777777777777778,92.22222222222223,17.88888888888889,-2,2988,8.018337768711937,65.73323241053383,0.7307692307692307,86.01923076923077,44.25,-17,5112,22.970650701510255,49.74619151651567,0.7777777777777778,65.88888888888889,35.898989898989896,-64
2025-05-18 20:12:54.846451,138,35165.153549,20.215,89,89,11,0,-5.0,2.4000000000000057,10.000000000000007,-20.299999999999997,-12.699999999999996,-0.4000000000000057,7.199999999999996,-24.700000000000003,-17.1,0.0,0.0,0.2,1.0,0.2,29,47.9,22.5,52097.72,36083.9,100,0,-7.600000000000001,10.000000000000007,-15.5,17.900000000000006,11,0.0,0.0,0.0,0.0,97,100,22.4,47.9,100,-9.299999999999997,11.700000000000003,-14.799999999999997,17.200000000000003,3,0.0,0.0,0.0,0.0,84,84,13.6,22.7,57,5.668947286580618,-11,89,,,0.0,89.0,89.0,0,89,,,0.0,89.0,89.0,0,245,2.728450923957483,27.98660393831306,0.7777777777777778,92.22222222222223,27.0,5,2087,4.068019233952179,70.52855040878289,0.6666666666666666,89.5,43.333333333333336,-11,5189,22.743630476964913,49.97016013313535,0.7777777777777778,66.51515151515152,36.676767676767675,-56
2025-05-18 20:17:56.561292,138,34863.438708,20.29888888888889,6,86,14,0,-5.0,2.4000000000000057,10.000000000000007,-20.299999999999997,-12.699999999999996,-0.4000000000000057,7.199999999999996,-24.700000000000003,-17.1,0.0,0.0,0.2,1.0,0.2,29,47.9,22.5,52097.72,36083.9,100,0,-7.600000000000001,10.000000000000007,-15.5,17.900000000000006,11,0.0,0.0,0.0,0.0,97,100,22.4,47.9,100,-9.299999999999997,11.700000000000003,-14.799999999999997,17.200000000000003,3,0.0,0.0,0.0,0.0,84,84,13.6,22.7,57,8.748502049826556,-14,204,1.5,43.96210489349511,0.0,87.25,51.0,-2,204,1.5,43.96210489349511,0.0,87.25,51.0,-2,338,2.9154759474226504,38.99358921669048,0.375,89.25,42.25,7,1172,3.070597894314954,32.44809688713097,0.5428571428571428,90.42857142857143,31.057142857142857,3,5164,21.498326714229602,51.165578872579765,0.7263157894736842,69.94736842105263,38.694736842105264,-56
2025-05-18 20:17:56.561292,138,34863.438708,20.29888888888889,38,89,11,0,-5.0,2.4000000000000057,10.000000000000007,-20.299999999999997,-12.699999999999996,-0.4000000000000057,7.199999999999996,-24.700000000000003,-17.1,0.0,0.0,0.2,1.0,0.2,29,47.9,22.5,52097.72,36083.9,100,0,-7.600000000000001,10.000000000000007,-15.5,17.900000000000006,11,0.0,0.0,0.0,0.0,97,100,22.4,47.9,100,-9.299999999999997,11.700000000000003,-14.799999999999997,17.200000000000003,3,0.0,0.0,0.0,0.0,84,84,13.6,22.7,57,5.7567866161616195,-11,204,1.5,43.96210489349511,0.0,87.25,51.0,-2,204,1.5,43.96210489349511,0.0,87.25,51.0,-2,338,2.9154759474226504,38.99358921669048,0.375,89.25,42.25,7,1172,3.070597894314954,32.44809688713097,0.5428571428571428,90.42857142857143,31.057142857142857,3,5164,21.498326714229602,51.165578872579765,0.7263157894736842,69.94736842105263,38.694736842105264,-56
2025-05-18 20:17:56.561292,138,34863.438708,20.29888888888889,49,86,14,0,-5.0,2.4000000000000057,10.000000000000007,-20.299999999999997,-12.699999999999996,-0.4000000000000057,7.199999999999996,-24.700000000000003,-17.1,0.0,0.0,0.2,1.0,0.2,29,47.9,22.5,52097.72,36083.9,100,0,-7.600000000000001,10.000000000000007,-15.5,17.900000000000006,11,0.0,0.0,0.0,0.0,97,100,22.4,47.9,100,-9.299999999999997,11.700000000000003,-14.799999999999997,17.200000000000003,3,0.0,0.0,0.0,0.0,84,84,13.6,22.7,57,8.79152111781518,-14,204,1.5,43.96210489349511,0.0,87.25,51.0,-2,204,1.5,43.96210489349511,0.0,87.25,51.0,-2,338,2.9154759474226504,38.99358921669048,0.375,89.25,42.25,7,1172,3.070597894314954,32.44809688713097,0.5428571428571428,90.42857142857143,31.057142857142857,3,5164,21.498326714229602,51.165578872579765,0.7263157894736842,69.94736842105263,38.694736842105264,-56
2025-05-18 20:17:56.561292,138,34863.438708,20.29888888888889,111,88,12,0,-5.0,2.4000000000000057,10.000000000000007,-20.299999999999997,-12.699999999999996,-0.4000000000000057,7.199999999999996,-24.700000000000003,-17.1,0.0,0.0,0.2,1.0,0.2,29,47.9,22.5,52097.72,36083.9,100,0,-7.600000000000001,10.000000000000007,-15.5,17.900000000000006,11,0.0,0.0,0.0,0.0,97,100,22.4,47.9,100,-9.299999999999997,11.700000000000003,-14.799999999999997,17.200000000000003,3,0.0,0.0,0.0,0.0,84,84,13.6,22.7,57,6.860457673227714,-12,204,1.5,43.96210489349511,0.0,87.25,51.0,-2,204,1.5,43.96210489349511,0.0,87.25,51.0,-2,338,2.9154759474226504,38.99358921669048,0.375,89.25,42.25,7,1172,3.070597894314954,32.44809688713097,0.5428571428571428,90.42857142857143,31.057142857142857,3,5164,21.498326714229602,51.165578872579765,0.7263157894736842,69.94736842105263,38.694736842105264,-56
2025-05-18 20:18:05.116833,138,34854.883167,20.30138888888889,20,3,97,1,-1.0,-1.5999999999999943,10.000000000000007,-24.299999999999997,-12.699999999999996,-4.400000000000006,7.199999999999996,-28.700000000000003,-17.1,0.0,0.0,0.2,1.0,0.2,29,47.9,22.5,52097.72,36083.9,100,0,-11.600000000000001,10.000000000000007,-19.5,17.900000000000006,11,0.0,0.0,0.0,0.0,97,100,22.4,47.9,100,-13.299999999999997,11.700000000000003,-18.799999999999997,17.200000000000003,3,0.0,0.0,0.0,0.0,84,84,13.6,22.7,57,0.4389830508474577,-3,274,0.0,21.213203435596427,1.0,3.0,35.0,0,274,0.0,21.213203435596427,1.0,3.0,35.0,0,375,0.0,21.213203435596427,1.0,3.0,35.0,0,1192,0.0,21.213203435596427,1.0,3.0,35.0,0,5234,6.177207681213422,33.66940669760044,0.1,9.5,35.45,15
2025-05-18 20:18:05.116833,138,34854.883167,20.30138888888889,50,3,97,1,-1.0,-1.5999999999999943,10.000000000000007,-24.299999999999997,-12.699999999999996,-4.400000000000006,7.199999999999996,-28.700000000000003,-17.1,0.0,0.0,0.2,1.0,0.2,29,47.9,22.5,52097.72,36083.9,100,0,-11.600000000000001,10.000000000000007,-19.5,17.900000000000006,11,0.0,0.0,0.0,0.0,97,100,22.4,47.9,100,-13.299999999999997,11.700000000000003,-18.799999999999997,17.200000000000003,3,0.0,0.0,0.0,0.0,84,84,13.6,22.7,57,2.0703703703703704,-3,274,0.0,21.213203435596427,1.0,3.0,35.0,0,274,0.0,21.213203435596427,1.0,3.0,35.0,0,375,0.0,21.213203435596427,1.0,3.0,35.0,0,1192,0.0,21.213203435596427,1.0,3.0,35.0,0,5234,6.177207681213422,33.66940669760044,0.1,9.5,35.45,15
2025-05-18 20:18:13.647364,138,34846.352636,20.303611111111113,50,8,92,1,-3.0,0.4000000000000057,10.000000000000007,-22.299999999999997,-12.699999999999996,-2.4000000000000057,7.199999999999996,-26.700000000000003,-17.1,0.0,0.0,0.2,1.0,0.2,29,47.9,22.5,52097.72,36083.9,100,0,-9.600000000000001,10.000000000000007,-17.5,17.900000000000006,11,0.0,0.0,0.0,0.0,97,100,22.4,47.9,100,-11.299999999999997,11.700000000000003,-16.799999999999997,17.200000000000003,3,0.0,0.0,0.0,0.0,84,84,13.6,22.7,57,-2.1746599856836077,-8,406,1.1547005383792517,30.44667469527666,1.0,8.666666666666666,44.0,0,406,1.1547005383792517,30.44667469527666,1.0,8.666666666666666,44.0,0,507,1.1547005383792517,30.44667469527666,1.0,8.666666666666666,44.0,0,1324,2.370453040886408,29.17761699202547,0.42857142857142855,6.428571428571429,31.0,-3,5366,12.235130268959653,20.460408277409982,0.17857142857142858,21.071428571428573,27.464285714285715,28
2025-05-18 20:18:13.647364,138,34846.352636,20.303611111111113,71,10,90,1,-3.0,0.4000000000000057,10.000000000000007,-22.299999999999997,-12.699999999999996,-2.4000000000000057,7.199999999999996,-26.700000000000003,-17.1,0.0,0.0,0.2,1.0,0.2,29,47.9,22.5,52097.72,36083.9,100,0,-9.600000000000001,10.000000000000007,-17.5,17.900000000000006,11,0.0,0.0,0.0,0.0,97,100,22.4,47.9,100,-11.299999999999997,11.700000000000003,-16.799999999999997,17.200000000000003,3,0.0,0.0,0.0,0.0,84,84,13.6,22.7,57,-4.255382331106162,-10,406,1.1547005383792517,30.44667469527666,1.0,8.666666666666666,44.0,0,406,1.1547005383792517,30.44667469527666,1.0,8.666666666666666,44.0,0,507,1.1547005383792517,30.44667469527666,1.0,8.666666666666666,44.0,0,1324,2.370453040886408,29.17761699202547,0.42857142857142855,6.428571428571429,31.0,-3,5366,12.235130268959653,20.460408277409982,0.17857142857142858,21.071428571428573,27.464285714285715,28
2025-05-18 20:18:13.647364,138,34846.352636,20.303611111111113,11,8,92,1,-3.0,0.4000000000000057,10.000000000000007,-22.299999999999997,-12.699999999999996,-2.4000000000000057,7.199999999999996,-26.700000000000003,-17.1,0.0,0.0,0.2,1.0,0.2,29,47.9,22.5,52097.72,36083.9,100,0,-9.600000000000001,10.000000000000007,-17.5,17.900000000000006,11,0.0,0.0,0.0,0.0,97,100,22.4,47.9,100,-11.299999999999997,11.700000000000003,-16.799999999999997,17.200000000000003,3,0.0,0.0,0.0,0.0,84,84,13.6,22.7,57,-2.492163009404389,-8,406,1.1547005383792517,30.44667469527666,1.0,8.666666666666666,44.0,0,406,1.1547005383792517,30.44667469527666,1.0,8.666666666666666,44.0,0,507,1.1547005383792517,30.44667469527666,1.0,8.666666666666666,44.0,0,1324,2.370453040886408,29.17761699202547,0.42857142857142855,6.428571428571429,31.0,-3,5366,12.235130268959653,20.460408277409982,0.17857142857142858,21.071428571428573,27.464285714285715,28
2025-05-18 20:18:13.710001,138,34846.289999,20.303611111111113,10,73,27,0,-5.0,2.4000000000000057,10.000000000000007,-20.299999999999997,-12.699999999999996,-0.4000000000000057,7.199999999999996,-24.700000000000003,-17.1,0.0,0.0,0.2,1.0,0.2,29,47.9,22.5,52097.72,36083.9,100,0,-7.600000000000001,10.000000000000007,-15.5,17.900000000000006,11,0.0,0.0,0.0,0.0,97,100,22.4,47.9,100,-9.299999999999997,11.700000000000003,-14.799999999999997,17.200000000000003,3,0.0,0.0,0.0,0.0,84,84,13.6,22.7,57,21.984522645812973,-27,477,6.584614100852293,36.590152851748044,0.0,82.75,34.375,3,477,6.584614100852293,36.590152851748044,0.0,82.75,34.375,3,578,6.579429222120175,37.642174928307924,0.1,84.2,37.6,8,1395,5.157891108077801,31.78179515943345,0.47368421052631576,89.13157894736842,29.157894736842106,9,5437,21.15156210955337,50.41974095821136,0.696969696969697,70.28282828282828,37.84848484848485,-51
2025-05-18 20:18:13.710001,138,34846.289999,20.303611111111113,11,72,28,0,-5.0,2.4000000000000057,10.000000000000007,-20.299999999999997,-12.699999999999996,-0.4000000000000057,7.199999999999996,-24.700000000000003,-17.1,0.0,0.0,0.2,1.0,0.2,29,47.9,22.5,52097.72,36083.9,100,0,-7.600000000000001,10.000000000000007,-15.5,17.900000000000006,11,0.0,0.0,0.0,0.0,97,100,22.4,47.9,100,-9.299999999999997,11.700000000000003,-14.799999999999997,17.200000000000003,3,0.0,0.0,0.0,0.0,84,84,13.6,22.7,57,23.020398172323766,-28,477,6.584614100852293,36.590152851748044,0.0,82.75,34.375,3,477,6.584614100852293,36.590152851748044,0.0,82.75,34.375,3,578,6.579429222120175,37.642174928307924,0.1,84.2,37.6,8,1395,5.157891108077801,31.78179515943345,0.47368421052631576,89.13157894736842,29.157894736842106,9,5437,21.15156210955337,50.41974095821136,0.696969696969697,70.28282828282828,37.84848484848485,-51
2025-05-18 20:18:13.710001,138,34846.289999,20.303611111111113,1,85,15,0,-5.0,2.4000000000000057,10.000000000000007,-20.299999999999997,-12.699999999999996,-0.4000000000000057,7.199999999999996,-24.700000000000003,-17.1,0.0,0.0,0.2,1.0,0.2,29,47.9,22.5,52097.72,36083.9,100,0,-7.600000000000001,10.000000000000007,-15.5,17.900000000000006,11,0.0,0.0,0.0,0.0,97,100,22.4,47.9,100,-9.299999999999997,11.700000000000003,-14.799999999999997,17.200000000000003,3,0.0,0.0,0.0,0.0,84,84,13.6,22.7,57,10.061794997547821,-15,477,6.584614100852293,36.590152851748044,0.0,82.75,34.375,3,477,6.584614100852293,36.590152851748044,0.0,82.75,34.375,3,578,6.579429222120175,37.642174928307924,0.1,84.2,37.6,8,1395,5.157891108077801,31.78179515943345,0.47368421052631576,89.13157894736842,29.157894736842106,9,5437,21.15156210955337,50.41974095821136,0.696969696969697,70.28282828282828,37.84848484848485,-51
2025-05-18 20:18:13.710001,138,34846.289999,20.303611111111113,49,83,17,0,-5.0,2.4000000000000057,10.000000000000007,-20.299999999999997,-12.699999999999996,-0.4000000000000057,7.199999999999996,-24.700000000000003,-17.1,0.0,0.0,0.2,1.0,0.2,29,47.9,22.5,52097.72,36083.9,100,0,-7.600000000000001,10.000000000000007,-15.5,17.900000000000006,11,0.0,0.0,0.0,0.0,97,100,22.4,47.9,100,-9.299999999999997,11.700000000000003,-14.799999999999997,17.200000000000003,3,0.0,0.0,0.0,0.0,84,84,13.6,22.7,57,12.063440156965342,-17,477,6.584614100852293,36.590152851748044,0.0,82.75,34.375,3,477,6.584614100852293,36.590152851748044,0.0,82.75,34.375,3,578,6.579429222120175,37.642174928307924,0.1,84.2,37.6,8,1395,5.157891108077801,31.78179515943345,0.47368421052631576,89.13157894736842,29.157894736842106,9,5437,21.15156210955337,50.41974095821136,0.696969696969697,70.28282828282828,37.84848484848485,-51
2025-05-18 20:38:05.189481,138,33654.810519,20.634722222222223,10,83,17,1,-5.0,2.4000000000000057,10.000000000000007,-20.299999999999997,-12.699999999999996,-0.4000000000000057,7.199999999999996,-24.700000000000003,-17.1,0.0,0.0,0.2,1.0,0.2,29,47.9,22.5,52097.72,36083.9,100,0,-7.600000000000001,10.000000000000007,-15.5,17.900000000000006,11,0.0,0.0,0.0,0.0,97,100,22.4,47.9,100,-9.299999999999997,11.700000000000003,-14.799999999999997,17.200000000000003,3,0.0,0.0,0.0,0.0,84,84,13.6,22.7,57,12.160870281852652,17,14,0.7071067811865476,4.242640687119285,1.0,83.5,7.0,-1,14,0.7071067811865476,4.242640687119285,1.0,83.5,7.0,-1,14,0.7071067811865476,4.242640687119285,1.0,83.5,7.0,-1,1153,5.853027977716877,35.88480983256811,0.4642857142857143,88.53571428571429,31.642857142857142,10,4948,18.28615975495234,52.411054953308096,0.6813186813186813,74.45054945054945,37.527472527472526,-43
2025-05-18 20:38:05.189481,138,33654.810519,20.634722222222223,4,84,16,1,-5.0,2.4000000000000057,10.000000000000007,-20.299999999999997,-12.699999999999996,-0.4000000000000057,7.199999999999996,-24.700000000000003,-17.1,0.0,0.0,0.2,1.0,0.2,29,47.9,22.5,52097.72,36083.9,100,0,-7.600000000000001,10.000000000000007,-15.5,17.900000000000006,11,0.0,0.0,0.0,0.0,97,100,22.4,47.9,100,-9.299999999999997,11.700000000000003,-14.799999999999997,17.200000000000003,3,0.0,0.0,0.0,0.0,84,84,13.6,22.7,57,11.180947663859996,16,14,0.7071067811865476,4.242640687119285,1.0,83.5,7.0,-1,14,0.7071067811865476,4.242640687119285,1.0,83.5,7.0,-1,14,0.7071067811865476,4.242640687119285,1.0,83.5,7.0,-1,1153,5.853027977716877,35.88480983256811,0.4642857142857143,88.53571428571429,31.642857142857142,10,4948,18.28615975495234,52.411054953308096,0.6813186813186813,74.45054945054945,37.527472527472526,-43
2025-05-18 20:41:59.979573,138,33420.020427,20.699722222222224,3,73,27,0,-5.0,2.4000000000000057,10.000000000000007,-20.299999999999997,-12.699999999999996,-0.4000000000000057,7.199999999999996,-24.700000000000003,-17.1,0.0,0.0,0.2,1.0,0.2,29,47.9,22.5,52097.72,36083.9,100,0,-7.600000000000001,10.000000000000007,-15.5,17.900000000000006,11,0.0,0.0,0.0,0.0,97,100,22.4,47.9,100,-9.299999999999997,11.700000000000003,-14.799999999999997,17.200000000000003,3,0.0,0.0,0.0,0.0,84,84,13.6,22.7,57,22.18833636213448,-27,3,,,0.0,73.0,3.0,0,17,6.082762530298219,3.7859388972001824,0.6666666666666666,80.0,5.666666666666667,10,17,6.082762530298219,3.7859388972001824,0.6666666666666666,80.0,5.666666666666667,10,1113,6.447022767456508,36.53028248537833,0.4074074074074074,87.55555555555556,31.333333333333332,16,4826,17.20801722582544,53.273745447668574,0.6818181818181818,75.89772727272727,38.0,-29
2025-05-18 20:55:35.137096,138,32604.862904,20.92638888888889,49,87,13,1,-5.0,2.4000000000000057,10.000000000000007,-20.299999999999997,-12.699999999999996,-0.4000000000000057,7.199999999999996,-24.700000000000003,-17.1,0.0,0.0,0.2,1.0,0.2,29,47.9,22.5,52097.72,36083.9,100,0,-7.600000000000001,10.000000000000007,-15.5,17.900000000000006,11,0.0,0.0,0.0,0.0,97,100,22.4,47.9,100,-9.299999999999997,11.700000000000003,-14.799999999999997,17.200000000000003,3,0.0,0.0,0.0,0.0,84,84,13.6,22.7,57,8.199338842975209,13,113,0.5773502691896257,27.79088579612628,1.0,87.33333333333333,37.666666666666664,-1,113,0.5773502691896257,27.79088579612628,1.0,87.33333333333333,37.666666666666664,-1,116,7.182153808805081,28.554042329122744,0.75,83.75,29.0,-15,852,6.649913072628678,29.63513297961336,0.5217391304347826,86.69565217391305,28.17391304347826,6,4317,11.945642652380757,57.05894849717793,0.6666666666666666,82.24,40.373333333333335,-31
2025-05-18 20:55:35.137096,138,32604.862904,20.92638888888889,6,87,13,1,-5.0,2.4000000000000057,10.000000000000007,-20.299999999999997,-12.699999999999996,-0.4000000000000057,7.199999999999996,-24.700000000000003,-17.1,0.0,0.0,0.2,1.0,0.2,29,47.9,22.5,52097.72,36083.9,100,0,-7.600000000000001,10.000000000000007,-15.5,17.900000000000006,11,0.0,0.0,0.0,0.0,97,100,22.4,47.9,100,-9.299999999999997,11.700000000000003,-14.799999999999997,17.200000000000003,3,0.0,0.0,0.0,0.0,84,84,13.6,22.7,57,8.26628895184136,13,113,0.5773502691896257,27.79088579612628,1.0,87.33333333333333,37.666666666666664,-1,113,0.5773502691896257,27.79088579612628,1.0,87.33333333333333,37.666666666666664,-1,116,7.182153808805081,28.554042329122744,0.75,83.75,29.0,-15,852,6.649913072628678,29.63513297961336,0.5217391304347826,86.69565217391305,28.17391304347826,6,4317,11.945642652380757,57.05894849717793,0.6666666666666666,82.24,40.373333333333335,-31
2025-05-18 20:55:35.137096,138,32604.862904,20.92638888888889,58,88,12,1,-5.0,2.4000000000000057,10.000000000000007,-20.299999999999997,-12.699999999999996,-0.4000000000000057,7.199999999999996,-24.700000000000003,-17.1,0.0,0.0,0.2,1.0,0.2,29,47.9,22.5,52097.72,36083.9,100,0,-7.600000000000001,10.000000000000007,-15.5,17.900000000000006,11,0.0,0.0,0.0,0.0,97,100,22.4,47.9,100,-9.299999999999997,11.700000000000003,-14.799999999999997,17.200000000000003,3,0.0,0.0,0.0,0.0,84,84,13.6,22.7,57,7.274562135112589,12,113,0.5773502691896257,27.79088579612628,1.0,87.33333333333333,37.666666666666664,-1,113,0.5773502691896257,27.79088579612628,1.0,87.33333333333333,37.666666666666664,-1,116,7.182153808805081,28.554042329122744,0.75,83.75,29.0,-15,852,6.649913072628678,29.63513297961336,0.5217391304347826,86.69565217391305,28.17391304347826,6,4317,11.945642652380757,57.05894849717793,0.6666666666666666,82.24,40.373333333333335,-31
2025-05-18 20:57:35.959176,138,32484.040824,20.959722222222222,16,72,28,0,-5.0,2.4000000000000057,10.000000000000007,-20.299999999999997,-12.699999999999996,-0.4000000000000057,7.199999999999996,-24.700000000000003,-17.1,0.0,0.0,0.2,1.0,0.2,29,47.9,22.5,52097.72,36083.9,100,0,-7.600000000000001,10.000000000000007,-15.5,17.900000000000006,11,0.0,0.0,0.0,0.0,97,100,22.4,47.9,100,-9.299999999999997,11.700000000000003,-14.799999999999997,17.200000000000003,3,0.0,0.0,0.0,0.0,84,84,13.6,22.7,57,23.345629105608893,-28,234,3.24037034920393,60.271883992455386,0.0,75.0,46.8,-1,347,6.843923269169937,48.154327798384706,0.375,79.625,43.375,14,347,6.843923269169937,48.154327798384706,0.375,79.625,43.375,14,1086,7.641695011285301,36.146307633775756,0.42857142857142855,84.60714285714286,31.5,21,4451,10.32541277668287,57.91176084135008,0.6103896103896104,82.93506493506493,41.064935064935064,-22
2025-05-18 20:57:35.959176,138,32484.040824,20.959722222222222,18,73,27,0,-5.0,2.4000000000000057,10.000000000000007,-20.299999999999997,-12.699999999999996,-0.4000000000000057,7.199999999999996,-24.700000000000003,-17.1,0.0,0.0,0.2,1.0,0.2,29,47.9,22.5,52097.72,36083.9,100,0,-7.600000000000001,10.000000000000007,-15.5,17.900000000000006,11,0.0,0.0,0.0,0.0,97,100,22.4,47.9,100,-9.299999999999997,11.700000000000003,-14.799999999999997,17.200000000000003,3,0.0,0.0,0.0,0.0,84,84,13.6,22.7,57,22.40871474413106,-27,234,3.24037034920393,60.271883992455386,0.0,75.0,46.8,-1,347,6.843923269169937,48.154327798384706,0.375,79.625,43.375,14,347,6.843923269169937,48.154327798384706,0.375,79.625,43.375,14,1086,7.641695011285301,36.146307633775756,0.42857142857142855,84.60714285714286,31.5,21,4451,10.32541277668287,57.91176084135008,0.6103896103896104,82.93506493506493,41.064935064935064,-22
2025-05-18 20:57:35.959176,138,32484.040824,20.959722222222222,49,78,22,0,-5.0,2.4000000000000057,10.000000000000007,-20.299999999999997,-12.699999999999996,-0.4000000000000057,7.199999999999996,-24.700000000000003,-17.1,0.0,0.0,0.2,1.0,0.2,29,47.9,22.5,52097.72,36083.9,100,0,-7.600000000000001,10.000000000000007,-15.5,17.900000000000006,11,0.0,0.0,0.0,0.0,97,100,22.4,47.9,100,-9.299999999999997,11.700000000000003,-14.799999999999997,17.200000000000003,3,0.0,0.0,0.0,0.0,84,84,13.6,22.7,57,17.47704557004913,-22,234,3.24037034920393,60.271883992455386,0.0,75.0,46.8,-1,347,6.843923269169937,48.154327798384706,0.375,79.625,43.375,14,347,6.843923269169937,48.154327798384706,0.375,79.625,43.375,14,1086,7.641695011285301,36.146307633775756,0.42857142857142855,84.60714285714286,31.5,21,4451,10.32541277668287,57.91176084135008,0.6103896103896104,82.93506493506493,41.064935064935064,-22
2025-05-18 20:57:35.959176,138,32484.040824,20.959722222222222,150,79,21,0,-5.0,2.4000000000000057,10.000000000000007,-20.299999999999997,-12.699999999999996,-0.4000000000000057,7.199999999999996,-24.700000000000003,-17.1,0.0,0.0,0.2,1.0,0.2,29,47.9,22.5,52097.72,36083.9,100,0,-7.600000000000001,10.000000000000007,-15.5,17.900000000000006,11,0.0,0.0,0.0,0.0,97,100,22.4,47.9,100,-9.299999999999997,11.700000000000003,-14.799999999999997,17.200000000000003,3,0.0,0.0,0.0,0.0,84,84,13.6,22.7,57,16.62333447215579,-21,234,3.24037034920393,60.271883992455386,0.0,75.0,46.8,-1,347,6.843923269169937,48.154327798384706,0.375,79.625,43.375,14,347,6.843923269169937,48.154327798384706,0.375,79.625,43.375,14,1086,7.641695011285301,36.146307633775756,0.42857142857142855,84.60714285714286,31.5,21,4451,10.32541277668287,57.91176084135008,0.6103896103896104,82.93506493506493,41.064935064935064,-22
2025-05-18 20:57:35.959176,138,32484.040824,20.959722222222222,1,73,27,0,-5.0,2.4000000000000057,10.000000000000007,-20.299999999999997,-12.699999999999996,-0.4000000000000057,7.199999999999996,-24.700000000000003,-17.1,0.0,0.0,0.2,1.0,0.2,29,47.9,22.5,52097.72,36083.9,100,0,-7.600000000000001,10.000000000000007,-15.5,17.900000000000006,11,0.0,0.0,0.0,0.0,97,100,22.4,47.9,100,-9.299999999999997,11.700000000000003,-14.799999999999997,17.200000000000003,3,0.0,0.0,0.0,0.0,84,84,13.6,22.7,57,23.060483870967744,-27,234,3.24037034920393,60.271883992455386,0.0,75.0,46.8,-1,347,6.843923269169937,48.154327798384706,0.375,79.625,43.375,14,347,6.843923269169937,48.154327798384706,0.375,79.625,43.375,14,1086,7.641695011285301,36.146307633775756,0.42857142857142855,84.60714285714286,31.5,21,4451,10.32541277668287,57.91176084135008,0.6103896103896104,82.93506493506493,41.064935064935064,-22
2025-05-18 20:59:44.438596,138,32355.561404,20.995555555555555,1,72,28,0,-5.0,2.4000000000000057,10.000000000000007,-20.299999999999997,-12.699999999999996,-0.4000000000000057,7.199999999999996,-24.700000000000003,-17.1,0.0,0.0,0.2,1.0,0.2,29,47.9,22.5,52097.72,36083.9,100,0,-7.600000000000001,10.000000000000007,-15.5,17.900000000000006,11,0.0,0.0,0.0,0.0,97,100,22.4,47.9,100,-9.299999999999997,11.700000000000003,-14.799999999999997,17.200000000000003,3,0.0,0.0,0.0,0.0,84,84,13.6,22.7,57,24.06452744169735,-28,223,0.0,88.75434261676064,0.0,72.0,74.33333333333333,0,570,6.743346889544337,58.37605362101515,0.2727272727272727,77.54545454545455,51.81818181818182,15,570,6.743346889544337,58.37605362101515,0.2727272727272727,77.54545454545455,51.81818181818182,15,1307,8.179965033971065,43.20613257945124,0.3870967741935484,83.38709677419355,35.645161290322584,22,4654,10.340990085546311,58.875236837385444,0.5875,82.525,42.3125,-21
2025-05-18 20:59:44.438596,138,32355.561404,20.995555555555555,173,72,28,0,-5.0,2.4000000000000057,10.000000000000007,-20.299999999999997,-12.699999999999996,-0.4000000000000057,7.199999999999996,-24.700000000000003,-17.1,0.0,0.0,0.2,1.0,0.2,29,47.9,22.5,52097.72,36083.9,100,0,-7.600000000000001,10.000000000000007,-15.5,17.900000000000006,11,0.0,0.0,0.0,0.0,97,100,22.4,47.9,100,-9.299999999999997,11.700000000000003,-14.799999999999997,17.200000000000003,3,0.0,0.0,0.0,0.0,84,84,13.6,22.7,57,24.068747807786735,-28,223,0.0,88.75434261676064,0.0,72.0,74.33333333333333,0,570,6.743346889544337,58.37605362101515,0.2727272727272727,77.54545454545455,51.81818181818182,15,570,6.743346889544337,58.37605362101515,0.2727272727272727,77.54545454545455,51.81818181818182,15,1307,8.179965033971065,43.20613257945124,0.3870967741935484,83.38709677419355,35.645161290322584,22,4654,10.340990085546311,58.875236837385444,0.5875,82.525,42.3125,-21
2025-05-18 20:59:44.438596,138,32355.561404,20.995555555555555,49,72,28,0,-5.0,2.4000000000000057,10.000000000000007,-20.299999999999997,-12.699999999999996,-0.4000000000000057,7.199999999999996,-24.700000000000003,-17.1,0.0,0.0,0.2,1.0,0.2,29,47.9,22.5,52097.72,36083.9,100,0,-7.600000000000001,10.000000000000007,-15.5,17.900000000000006,11,0.0,0.0,0.0,0.0,97,100,22.4,47.9,100,-9.299999999999997,11.700000000000003,-14.799999999999997,17.200000000000003,3,0.0,0.0,0.0,0.0,84,84,13.6,22.7,57,24.8218484355218,-28,223,0.0,88.75434261676064,0.0,72.0,74.33333333333333,0,570,6.743346889544337,58.37605362101515,0.2727272727272727,77.54545454545455,51.81818181818182,15,570,6.743346889544337,58.37605362101515,0.2727272727272727,77.54545454545455,51.81818181818182,15,1307,8.179965033971065,43.20613257945124,0.3870967741935484,83.38709677419355,35.645161290322584,22,4654,10.340990085546311,58.875236837385444,0.5875,82.525,42.3125,-21
2025-05-18 21:02:06.345839,138,32213.654161,21.035,18,86,14,1,-5.0,2.4000000000000057,11.700000000000003,-20.299999999999997,-11.0,-0.4000000000000057,8.899999999999991,-24.700000000000003,-15.400000000000006,0.0,0.0,0.2,1.0,0.2,29,47.9,22.5,52097.72,36083.9,100,0,-9.299999999999997,11.700000000000003,-14.799999999999997,17.200000000000003,3,0.0,0.0,0.0,0.0,84,84,13.6,22.7,57,-11.200000000000003,13.600000000000009,-14.899999999999999,17.300000000000004,8,0.0,0.0,0.0,0.0,31,31,5.1,11.9,31,11.043795620437962,14,18,,,1.0,86.0,18.0,0,475,4.867693955503411,64.29186919389143,0.1111111111111111,75.22222222222223,52.77777777777778,-14,588,6.877169079312689,56.509049959035124,0.3333333333333333,78.25,49.0,1,1216,7.451457342306706,45.373944855994964,0.3333333333333333,81.70370370370371,37.55555555555556,9,4656,9.711592642073164,58.86434603541617,0.6,82.9625,42.3375,-29
2025-05-18 21:03:52.276851,138,32107.723149,21.064444444444444,49,88,12,1,-5.0,2.4000000000000057,11.700000000000003,-20.299999999999997,-11.0,-0.4000000000000057,8.899999999999991,-24.700000000000003,-15.400000000000006,0.0,0.0,0.2,1.0,0.2,29,47.9,22.5,52097.72,36083.9,100,0,-9.299999999999997,11.700000000000003,-14.799999999999997,17.200000000000003,3,0.0,0.0,0.0,0.0,84,84,13.6,22.7,57,-11.200000000000003,13.600000000000009,-14.899999999999999,17.300000000000004,8,0.0,0.0,0.0,0.0,31,31,5.1,11.9,31,9.08019040644453,12,618,2.516611478423583,258.90088193489544,1.0,88.5,154.5,-6,841,8.997354108424373,194.8763955018912,0.5714285714285714,81.42857142857143,120.14285714285714,-20,1188,7.679905753389971,137.86494426482338,0.4666666666666667,80.46666666666667,79.2,-5,1783,7.1576170253431055,105.04478132994558,0.35714285714285715,81.75,56.464285714285715,-1,5256,9.613833822364091,79.77551519093338,0.6144578313253012,83.19277108433735,48.036144578313255,-35
2025-05-18 21:03:52.276851,138,32107.723149,21.064444444444444,542,88,12,1,-5.0,2.4000000000000057,11.700000000000003,-20.299999999999997,-11.0,-0.4000000000000057,8.899999999999991,-24.700000000000003,-15.400000000000006,0.0,0.0,0.2,1.0,0.2,29,47.9,22.5,52097.72,36083.9,100,0,-9.299999999999997,11.700000000000003,-14.799999999999997,17.200000000000003,3,0.0,0.0,0.0,0.0,84,84,13.6,22.7,57,-11.200000000000003,13.600000000000009,-14.899999999999999,17.300000000000004,8,0.0,0.0,0.0,0.0,31,31,5.1,11.9,31,9.1623868464807,12,618,2.516611478423583,258.90088193489544,1.0,88.5,154.5,-6,841,8.997354108424373,194.8763955018912,0.5714285714285714,81.42857142857143,120.14285714285714,-20,1188,7.679905753389971,137.86494426482338,0.4666666666666667,80.46666666666667,79.2,-5,1783,7.1576170253431055,105.04478132994558,0.35714285714285715,81.75,56.464285714285715,-1,5256,9.613833822364091,79.77551519093338,0.6144578313253012,83.19277108433735,48.036144578313255,-35
2025-05-18 21:03:52.276851,138,32107.723149,21.064444444444444,9,92,8,1,-5.0,2.4000000000000057,11.700000000000003,-20.299999999999997,-11.0,-0.4000000000000057,8.899999999999991,-24.700000000000003,-15.400000000000006,0.0,0.0,0.2,1.0,0.2,29,47.9,22.5,52097.72,36083.9,100,0,-9.299999999999997,11.700000000000003,-14.799999999999997,17.200000000000003,3,0.0,0.0,0.0,0.0,84,84,13.6,22.7,57,-11.200000000000003,13.600000000000009,-14.899999999999999,17.300000000000004,8,0.0,0.0,0.0,0.0,31,31,5.1,11.9,31,6.181892835146783,8,618,2.516611478423583,258.90088193489544,1.0,88.5,154.5,-6,841,8.997354108424373,194.8763955018912,0.5714285714285714,81.42857142857143,120.14285714285714,-20,1188,7.679905753389971,137.86494426482338,0.4666666666666667,80.46666666666667,79.2,-5,1783,7.1576170253431055,105.04478132994558,0.35714285714285715,81.75,56.464285714285715,-1,5256,9.613833822364091,79.77551519093338,0.6144578313253012,83.19277108433735,48.036144578313255,-35
2025-05-18 21:04:10.773899,138,32089.226101,21.069444444444443,100,10,90,1,-1.0,-1.5999999999999943,11.700000000000003,-24.299999999999997,-11.0,-4.400000000000006,8.899999999999991,-28.700000000000003,-15.400000000000006,0.0,0.0,0.2,1.0,0.2,29,47.9,22.5,52097.72,36083.9,100,0,-13.299999999999997,11.700000000000003,-18.799999999999997,17.200000000000003,3,0.0,0.0,0.0,0.0,84,84,13.6,22.7,57,-15.200000000000003,13.600000000000009,-18.9,17.300000000000004,8,0.0,0.0,0.0,0.0,31,31,5.1,11.9,31,-2.6308724832214763,-10,700,,,1.0,10.0,100.0,0,941,,,1.0,10.0,100.0,0,1288,,,1.0,10.0,100.0,0,1883,4.041451884327381,40.414518843273804,1.0,5.333333333333333,56.666666666666664,-7,5356,2.3587361793206894,44.60900846649292,0.2727272727272727,5.818181818181818,51.81818181818182,-3
2025-05-18 21:16:16.262531,138,31363.737469,21.27111111111111,800,8,92,0,-3.0,0.4000000000000057,11.700000000000003,-22.299999999999997,-11.0,-2.4000000000000057,8.899999999999991,-26.700000000000003,-15.400000000000006,0.0,0.0,0.2,1.0,0.2,29,47.9,22.5,52097.72,36083.9,100,0,-11.299999999999997,11.700000000000003,-16.799999999999997,17.200000000000003,3,0.0,0.0,0.0,0.0,84,84,13.6,22.7,57,-13.200000000000003,13.600000000000009,-16.9,17.300000000000004,8,0.0,0.0,0.0,0.0,31,31,5.1,11.9,31,-2.5138339920948596,8,800,,,0.0,8.0,800.0,0,800,,,0.0,8.0,800.0,0,1518,,,0.0,8.0,800.0,0,2582,1.0,378.816578306705,0.75,8.5,233.0,0,3630,2.2638462845343543,273.2212277362692,0.375,6.625,127.125,-3
2025-05-18 21:18:34.956781,138,31225.043219,21.309444444444445,300,90,10,0,-5.0,2.4000000000000057,11.700000000000003,-20.299999999999997,-11.0,-0.4000000000000057,8.899999999999991,-24.700000000000003,-15.400000000000006,0.0,0.0,0.2,1.0,0.2,29,47.9,22.5,52097.72,36083.9,100,0,-9.299999999999997,11.700000000000003,-14.799999999999997,17.200000000000003,3,0.0,0.0,0.0,0.0,84,84,13.6,22.7,57,-11.200000000000003,13.600000000000009,-14.899999999999999,17.300000000000004,8,0.0,0.0,0.0,0.0,31,31,5.1,11.9,31,8.193336075689018,-10,300,,,0.0,90.0,300.0,0,1100,,,0.0,90.0,300.0,0,1800,1.9148542155126762,247.48467966051285,0.75,89.5,225.0,-2,2405,7.407914212682011,135.6255379702053,0.47368421052631576,80.89473684210526,79.21052631578948,-7,3768,7.134332575560331,85.28119835114768,0.4642857142857143,86.28571428571429,46.089285714285715,4
2025-05-18 21:19:55.422462,138,31144.577538,21.331944444444446,35,91,9,0,-5.0,2.4000000000000057,11.700000000000003,-20.299999999999997,-11.0,-0.4000000000000057,8.899999999999991,-24.700000000000003,-15.400000000000006,0.0,0.0,0.2,1.0,0.2,29,47.9,22.5,52097.72,36083.9,100,0,-9.299999999999997,11.700000000000003,-14.799999999999997,17.200000000000003,3,0.0,0.0,0.0,0.0,84,84,13.6,22.7,57,-11.200000000000003,13.600000000000009,-14.899999999999999,17.300000000000004,8,0.0,0.0,0.0,0.0,31,31,5.1,11.9,31,7.732135028496273,-9,400,0.5773502691896257,145.11489700693494,0.0,90.66666666666667,133.33333333333334,-1,1200,0.5773502691896257,145.11489700693494,0.0,90.66666666666667,133.33333333333334,-1,1200,0.5773502691896257,145.11489700693494,0.0,90.66666666666667,133.33333333333334,-1,2505,7.656929634557929,129.05253636739243,0.42857142857142855,81.85714285714286,76.42857142857143,-8,3838,7.051235693978048,84.42588435944681,0.43859649122807015,86.3157894736842,46.85964912280702,-5
2025-05-18 21:19:55.422462,138,31144.577538,21.331944444444446,65,91,9,0,-5.0,2.4000000000000057,11.700000000000003,-20.299999999999997,-11.0,-0.4000000000000057,8.899999999999991,-24.700000000000003,-15.400000000000006,0.0,0.0,0.2,1.0,0.2,29,47.9,22.5,52097.72,36083.9,100,0,-9.299999999999997,11.700000000000003,-14.799999999999997,17.200000000000003,3,0.0,0.0,0.0,0.0,84,84,13.6,22.7,57,-11.200000000000003,13.600000000000009,-14.899999999999999,17.300000000000004,8,0.0,0.0,0.0,0.0,31,31,5.1,11.9,31,7.791915175612985,-9,400,0.5773502691896257,145.11489700693494,0.0,90.66666666666667,133.33333333333334,-1,1200,0.5773502691896257,145.11489700693494,0.0,90.66666666666667,133.33333333333334,-1,1200,0.5773502691896257,145.11489700693494,0.0,90.66666666666667,133.33333333333334,-1,2505,7.656929634557929,129.05253636739243,0.42857142857142855,81.85714285714286,76.42857142857143,-8,3838,7.051235693978048,84.42588435944681,0.43859649122807015,86.3157894736842,46.85964912280702,-5
2025-05-18 21:22:35.947495,138,30984.052505,21.37638888888889,50,97,3,1,-5.0,2.4000000000000057,11.700000000000003,-20.299999999999997,-11.0,-0.4000000000000057,8.899999999999991,-24.700000000000003,-15.400000000000006,0.0,0.0,0.2,1.0,0.2,29,47.9,22.5,52097.72,36083.9,100,0,-9.299999999999997,11.700000000000003,-14.799999999999997,17.200000000000003,3,0.0,0.0,0.0,0.0,84,84,13.6,22.7,57,-11.200000000000003,13.600000000000009,-14.899999999999999,17.300000000000004,8,0.0,0.0,0.0,0.0,31,31,5.1,11.9,31,1.9382257315373863,3,50,,,1.0,97.0,50.0,0,450,3.2015621187164243,125.5985668708047,0.25,92.25,112.5,-7,1250,3.2015621187164243,125.5985668708047,0.25,92.25,112.5,-7,2555,8.140008615458601,126.0683608274955,0.45454545454545453,82.54545454545455,75.22727272727273,-14,3821,7.365566667069412,86.22379993801725,0.4444444444444444,86.44444444444444,49.148148148148145,-11
