time,day_of_year,time_to_strike,time_of_day,count,yes_price,no_price,taker_side,shift,DF_temperature_2m_max,DF_temperature_2m_max_dev,DF_temperature_2m_min,DF_temperature_2m_min_dev,DF_apparent_temperature_max,DF_apparent_temperature_max_dev,DF_apparent_temperature_min,DF_apparent_temperature_min_dev,DF_showers_sum,DF_snowfall_sum,DF_precipitation_sum,DF_precipitation_hours,DF_rain_sum,DF_precipitation_probability_max,DF_wind_gusts_10m_max,DF_wind_speed_10m_max,DF_daylight_duration,DF_sunshine_duration,DF_cloud_cover_max,DF_cloud_cover_min,CF_temperature_2m,CF_temperature_2m_dev,CF_apparent_temperature,CF_apparent_temperature_dev,CF_precipitation_probability,CF_precipitation,CF_rain,CF_showers,CF_snowfall,CF_cloud_cover_high,CF_cloud_cover,CF_wind_speed_10m,CF_wind_gusts_10m,CF_cloud_cover_mid,STF_temperature_2m,STF_temperature_2m_dev,STF_apparent_temperature,STF_apparent_temperature_dev,STF_precipitation_probability,STF_precipitation,STF_rain,STF_showers,STF_snowfall,STF_cloud_cover_high,STF_cloud_cover,STF_wind_speed_10m,STF_wind_gusts_10m,STF_cloud_cover_mid,impact,result,count_agg_2,yes_price_vol_2,count_vol_2,taker_side_sentiment_2,yes_price_sentiment_2,count_sentiment_2,yes_price_trend_2,count_agg_5,yes_price_vol_5,count_vol_5,taker_side_sentiment_5,yes_price_sentiment_5,count_sentiment_5,yes_price_trend_5,count_agg_15,yes_price_vol_15,count_vol_15,taker_side_sentiment_15,yes_price_sentiment_15,count_sentiment_15,yes_price_trend_15,count_agg_60,yes_price_vol_60,count_vol_60,taker_side_sentiment_60,yes_price_sentiment_60,count_sentiment_60,yes_price_trend_60,count_agg_120,yes_price_vol_120,count_vol_120,taker_side_sentiment_120,yes_price_sentiment_120,count_sentiment_120,yes_price_trend_120
2025-05-17 14:28:30.376425,137,135029.623575,14.475,10,15,85,1,5.0,-7.299999999999997,-2.5999999999999943,-20.4,-15.699999999999996,-12.100000000000001,-7.399999999999999,-26.200000000000003,-21.5,0.0,0.0,0.0,0.0,0.0,1,31.3,19.5,52795.07,21935.27,100,0,-4.700000000000003,-2.5999999999999943,-12.399999999999999,5.100000000000001,0,0.0,0.0,0.0,0.0,0,100,25.2,37.4,0,-3.1000000000000014,-4.199999999999996,-11.399999999999999,4.100000000000001,0,0.0,0.0,0.0,0.0,0,100,28.9,41.0,0,5.356643356643357,-15,10,,,1.0,15.0,10.0,0,10,,,1.0,15.0,10.0,0,10,,,1.0,15.0,10.0,0,10,,,1.0,15.0,10.0,0,10,,,1.0,15.0,10.0,0
2025-05-17 14:30:09.896577,137,134930.103423,14.5025,1,81,19,1,5.0,-7.299999999999997,-2.5999999999999943,-20.4,-15.699999999999996,-12.100000000000001,-7.399999999999999,-26.200000000000003,-21.5,0.0,0.0,0.0,0.0,0.0,1,31.3,19.5,52795.07,21935.27,100,0,-4.700000000000003,-2.5999999999999943,-12.399999999999999,5.100000000000001,0,0.0,0.0,0.0,0.0,0,100,25.2,37.4,0,-3.1000000000000014,-4.199999999999996,-11.399999999999999,4.100000000000001,0,0.0,0.0,0.0,0.0,0,100,28.9,41.0,0,-60.637587506731286,-81,36,35.5715241918776,12.12435565298214,1.0,40.333333333333336,12.0,-10,36,35.5715241918776,12.12435565298214,1.0,40.333333333333336,12.0,-10,36,35.5715241918776,12.12435565298214,1.0,40.333333333333336,12.0,-10,36,35.5715241918776,12.12435565298214,1.0,40.333333333333336,12.0,-10,36,35.5715241918776,12.12435565298214,1.0,40.333333333333336,12.0,-10
2025-05-17 14:30:09.896577,137,134930.103423,14.5025,25,25,75,1,5.0,-7.299999999999997,-2.5999999999999943,-20.4,-15.699999999999996,-12.100000000000001,-7.399999999999999,-26.200000000000003,-21.5,0.0,0.0,0.0,0.0,0.0,1,31.3,19.5,52795.07,21935.27,100,0,-4.700000000000003,-2.5999999999999943,-12.399999999999999,5.100000000000001,0,0.0,0.0,0.0,0.0,0,100,25.2,37.4,0,-3.1000000000000014,-4.199999999999996,-11.399999999999999,4.100000000000001,0,0.0,0.0,0.0,0.0,0,100,28.9,41.0,0,-4.644118914261096,-25,36,35.5715241918776,12.12435565298214,1.0,40.333333333333336,12.0,-10,36,35.5715241918776,12.12435565298214,1.0,40.333333333333336,12.0,-10,36,35.5715241918776,12.12435565298214,1.0,40.333333333333336,12.0,-10,36,35.5715241918776,12.12435565298214,1.0,40.333333333333336,12.0,-10,36,35.5715241918776,12.12435565298214,1.0,40.333333333333336,12.0,-10
2025-05-17 14:31:55.916708,137,134824.083292,14.531944444444445,12,24,76,1,5.0,-7.299999999999997,-2.5999999999999943,-20.4,-15.699999999999996,-12.100000000000001,-7.399999999999999,-26.200000000000003,-21.5,0.0,0.0,0.0,0.0,0.0,1,31.3,19.5,52795.07,21935.27,100,0,-4.700000000000003,-2.5999999999999943,-12.399999999999999,5.100000000000001,0,0.0,0.0,0.0,0.0,0,100,25.2,37.4,0,-3.1000000000000014,-4.199999999999996,-11.399999999999999,4.100000000000001,0,0.0,0.0,0.0,0.0,0,100,28.9,41.0,0,-3.6566583864348203,-24,38,32.624121954978854,12.013880860626733,1.0,43.333333333333336,12.666666666666666,57,48,30.170349683091178,9.899494936611665,1.0,36.25,12.0,-9,48,30.170349683091178,9.899494936611665,1.0,36.25,12.0,-9,48,30.170349683091178,9.899494936611665,1.0,36.25,12.0,-9,48,30.170349683091178,9.899494936611665,1.0,36.25,12.0,-9
2025-05-17 15:07:42.728853,137,132677.271147,15.128333333333334,12,27,73,1,5.0,-7.299999999999997,-4.199999999999996,-20.4,-17.299999999999997,-12.100000000000001,-9.0,-26.200000000000003,-23.1,0.0,0.0,0.0,0.0,0.0,1,31.3,19.5,52795.07,21935.27,100,0,-3.1000000000000014,-4.199999999999996,-11.399999999999999,4.100000000000001,0,0.0,0.0,0.0,0.0,0,100,28.9,41.0,0,0.0,-7.299999999999997,-7.0,-0.29999999999999716,0,0.0,0.0,0.0,0.0,0,40,24.3,35.3,0,-6.661403698496809,-27,12,,,1.0,27.0,12.0,0,12,,,1.0,27.0,12.0,0,12,,,1.0,27.0,12.0,0,60,26.453733195902615,8.573214099741124,1.0,34.4,12.0,-12,60,26.453733195902615,8.573214099741124,1.0,34.4,12.0,-12
2025-05-17 15:09:06.812185,137,132593.187815,15.151666666666667,1,27,73,0,5.0,-7.299999999999997,-4.199999999999996,-20.4,-17.299999999999997,-12.100000000000001,-9.0,-26.200000000000003,-23.1,0.0,0.0,0.0,0.0,0.0,1,31.3,19.5,52795.07,21935.27,100,0,-3.1000000000000014,-4.199999999999996,-11.399999999999999,4.100000000000001,0,0.0,0.0,0.0,0.0,0,100,28.9,41.0,0,0.0,-7.299999999999997,-7.0,-0.29999999999999716,0,0.0,0.0,0.0,0.0,0,40,24.3,35.3,0,-6.6700595560368185,27,13,0.0,7.7781745930520225,0.5,27.0,6.5,0,13,0.0,7.7781745930520225,0.5,27.0,6.5,0,13,0.0,7.7781745930520225,0.5,27.0,6.5,0,61,23.853022170506335,8.886319072972041,0.8333333333333334,33.166666666666664,10.166666666666666,-12,61,23.853022170506335,8.886319072972041,0.8333333333333334,33.166666666666664,10.166666666666666,-12
2025-05-17 18:45:24.240884,137,119615.759116,18.756666666666668,12,26,74,1,5.0,-7.299999999999997,-10.899999999999991,-20.4,-23.999999999999993,-12.100000000000001,-15.699999999999996,-26.200000000000003,-29.799999999999997,0.0,0.0,0.0,0.0,0.0,1,31.3,19.5,52795.07,21935.27,100,0,3.5999999999999943,-10.899999999999991,-3.1000000000000014,-4.199999999999996,1,0.0,0.0,0.0,0.0,0,45,21.6,32.8,4,2.0999999999999943,-9.399999999999991,-3.3999999999999986,-3.8999999999999986,1,0.0,0.0,0.0,0.0,0,69,16.5,34.9,0,-5.670781893004115,-26,12,,,1.0,26.0,12.0,0,12,,,1.0,26.0,12.0,0,12,,,1.0,26.0,12.0,0,12,,,1.0,26.0,12.0,0,12,,,1.0,26.0,12.0,0
2025-05-17 18:45:28.352610,137,119611.64739,18.75777777777778,13,25,75,1,3.0,-5.299999999999997,-10.899999999999991,-18.4,-23.999999999999993,-10.100000000000001,-15.699999999999996,-24.200000000000003,-29.799999999999997,0.0,0.0,0.0,0.0,0.0,1,31.3,19.5,52795.07,21935.27,100,0,5.599999999999994,-10.899999999999991,-1.1000000000000014,-4.199999999999996,1,0.0,0.0,0.0,0.0,0,45,21.6,32.8,4,4.099999999999994,-9.399999999999991,-1.3999999999999986,-3.8999999999999986,1,0.0,0.0,0.0,0.0,0,69,16.5,34.9,0,-3.40891638225256,-25,55,0.7071067811865476,12.020815280171307,1.0,24.5,21.5,1,55,0.7071067811865476,12.020815280171307,1.0,24.5,21.5,1,55,0.7071067811865476,12.020815280171307,1.0,24.5,21.5,1,55,0.7071067811865476,12.020815280171307,1.0,24.5,21.5,1,55,0.7071067811865476,12.020815280171307,1.0,24.5,21.5,1
2025-05-17 18:45:28.352610,137,119611.64739,18.75777777777778,30,24,76,1,3.0,-5.299999999999997,-10.899999999999991,-18.4,-23.999999999999993,-10.100000000000001,-15.699999999999996,-24.200000000000003,-29.799999999999997,0.0,0.0,0.0,0.0,0.0,1,31.3,19.5,52795.07,21935.27,100,0,5.599999999999994,-10.899999999999991,-1.1000000000000014,-4.199999999999996,1,0.0,0.0,0.0,0.0,0,45,21.6,32.8,4,4.099999999999994,-9.399999999999991,-1.3999999999999986,-3.8999999999999986,1,0.0,0.0,0.0,0.0,0,69,16.5,34.9,0,-2.4183957219251333,-24,55,0.7071067811865476,12.020815280171307,1.0,24.5,21.5,1,55,0.7071067811865476,12.020815280171307,1.0,24.5,21.5,1,55,0.7071067811865476,12.020815280171307,1.0,24.5,21.5,1,55,0.7071067811865476,12.020815280171307,1.0,24.5,21.5,1,55,0.7071067811865476,12.020815280171307,1.0,24.5,21.5,1
2025-05-17 18:45:34.874910,137,119605.12509,18.759444444444444,12,26,74,1,5.0,-7.299999999999997,-10.899999999999991,-20.4,-23.999999999999993,-12.100000000000001,-15.699999999999996,-26.200000000000003,-29.799999999999997,0.0,0.0,0.0,0.0,0.0,1,31.3,19.5,52795.07,21935.27,100,0,3.5999999999999943,-10.899999999999991,-3.1000000000000014,-4.199999999999996,1,0.0,0.0,0.0,0.0,0,45,21.6,32.8,4,2.0999999999999943,-9.399999999999991,-3.3999999999999986,-3.8999999999999986,1,0.0,0.0,0.0,0.0,0,69,16.5,34.9,0,-5.678160919540229,-26,67,0.0,0.0,1.0,26.0,12.0,0,67,0.0,0.0,1.0,26.0,12.0,0,67,0.0,0.0,1.0,26.0,12.0,0,67,0.0,0.0,1.0,26.0,12.0,0,67,0.0,0.0,1.0,26.0,12.0,0
2025-05-17 18:46:19.136124,137,119560.863876,18.771944444444443,30,23,77,1,3.0,-5.299999999999997,-10.899999999999991,-18.4,-23.999999999999993,-10.100000000000001,-15.699999999999996,-24.200000000000003,-29.799999999999997,0.0,0.0,0.0,0.0,0.0,1,31.3,19.5,52795.07,21935.27,100,0,5.599999999999994,-10.899999999999991,-1.1000000000000014,-4.199999999999996,1,0.0,0.0,0.0,0.0,0,45,21.6,32.8,4,4.099999999999994,-9.399999999999991,-1.3999999999999986,-3.8999999999999986,1,0.0,0.0,0.0,0.0,0,69,16.5,34.9,0,-1.4340150699677068,-23,97,1.0,9.814954576223638,1.0,24.0,24.333333333333332,2,97,1.0,9.814954576223638,1.0,24.0,24.333333333333332,2,97,1.0,9.814954576223638,1.0,24.0,24.333333333333332,2,97,1.0,9.814954576223638,1.0,24.0,24.333333333333332,2,97,1.0,9.814954576223638,1.0,24.0,24.333333333333332,2
2025-05-17 18:51:23.055414,137,119256.944586,18.85638888888889,30,26,74,1,3.0,-5.299999999999997,-10.899999999999991,-18.4,-23.999999999999993,-10.100000000000001,-15.699999999999996,-24.200000000000003,-29.799999999999997,0.0,0.0,0.0,0.0,0.0,1,31.3,19.5,52795.07,21935.27,100,0,5.599999999999994,-10.899999999999991,-1.1000000000000014,-4.199999999999996,1,0.0,0.0,0.0,0.0,0,45,21.6,32.8,4,4.099999999999994,-9.399999999999991,-1.3999999999999986,-3.8999999999999986,1,0.0,0.0,0.0,0.0,0,69,16.5,34.9,0,-4.443336944745397,-26,30,,,1.0,26.0,30.0,0,30,,,1.0,26.0,30.0,0,127,1.2909944487358056,8.5,1.0,24.5,25.75,-1,127,1.2909944487358056,8.5,1.0,24.5,25.75,-1,127,1.2909944487358056,8.5,1.0,24.5,25.75,-1
2025-05-17 18:51:51.994823,137,119228.005177,18.86416666666667,14,27,73,1,3.0,-5.299999999999997,-10.899999999999991,-18.4,-23.999999999999993,-10.100000000000001,-15.699999999999996,-24.200000000000003,-29.799999999999997,0.0,0.0,0.0,0.0,0.0,1,31.3,19.5,52795.07,21935.27,100,0,5.599999999999994,-10.899999999999991,-1.1000000000000014,-4.199999999999996,1,0.0,0.0,0.0,0.0,0,45,21.6,32.8,4,4.099999999999994,-9.399999999999991,-1.3999999999999986,-3.8999999999999986,1,0.0,0.0,0.0,0.0,0,69,16.5,34.9,0,-5.472410032715377,-27,44,0.7071067811865476,11.313708498984761,1.0,26.5,22.0,-1,44,0.7071067811865476,11.313708498984761,1.0,26.5,22.0,-1,141,1.5811388300841898,9.04433524367601,1.0,25.0,23.4,-2,141,1.5811388300841898,9.04433524367601,1.0,25.0,23.4,-2,141,1.5811388300841898,9.04433524367601,1.0,25.0,23.4,-2
2025-05-17 18:58:39.987123,137,118820.012877,18.9775,12,31,69,1,5.0,-7.299999999999997,-10.899999999999991,-20.4,-23.999999999999993,-12.100000000000001,-15.699999999999996,-26.200000000000003,-29.799999999999997,0.0,0.0,0.0,0.0,0.0,1,31.3,19.5,52795.07,21935.27,100,0,3.5999999999999943,-10.899999999999991,-3.1000000000000014,-4.199999999999996,1,0.0,0.0,0.0,0.0,0,45,21.6,32.8,4,2.0999999999999943,-9.399999999999991,-3.3999999999999986,-3.8999999999999986,1,0.0,0.0,0.0,0.0,0,69,16.5,34.9,0,-10.685559174809988,-31,12,,,1.0,31.0,12.0,0,12,,,1.0,31.0,12.0,0,153,2.886751345948129,0.0,1.0,27.666666666666668,12.0,-5,153,2.886751345948129,0.0,1.0,27.666666666666668,12.0,-5,153,2.886751345948129,0.0,1.0,27.666666666666668,12.0,-5
2025-05-17 19:55:05.448232,137,115434.551768,19.918055555555558,5,29,71,1,3.0,-5.299999999999997,-9.399999999999991,-18.4,-22.499999999999993,-10.100000000000001,-14.199999999999996,-24.200000000000003,-28.299999999999997,0.0,0.0,0.0,0.0,0.0,1,31.3,19.5,52795.07,21935.27,100,0,4.099999999999994,-9.399999999999991,-1.3999999999999986,-3.8999999999999986,1,0.0,0.0,0.0,0.0,0,69,16.5,34.9,0,2.700000000000003,-8.0,-5.200000000000003,-0.09999999999999432,1,0.0,0.0,0.0,0.0,0,19,22.8,38.9,0,-7.489170859768102,-29,5,,,1.0,29.0,5.0,0,5,,,1.0,29.0,5.0,0,5,,,1.0,29.0,5.0,0,17,,,1.0,29.0,5.0,0,158,2.160246899469287,11.039323650779817,1.0,25.666666666666668,20.333333333333332,-4
2025-05-17 19:56:40.099512,137,115339.900488,19.944444444444446,15,29,71,1,3.0,-5.299999999999997,-9.399999999999991,-18.4,-22.499999999999993,-10.100000000000001,-14.199999999999996,-24.200000000000003,-28.299999999999997,0.0,0.0,0.0,0.0,0.0,1,31.3,19.5,52795.07,21935.27,100,0,4.099999999999994,-9.399999999999991,-1.3999999999999986,-3.8999999999999986,1,0.0,0.0,0.0,0.0,0,69,16.5,34.9,0,2.700000000000003,-8.0,-5.200000000000003,-0.09999999999999432,1,0.0,0.0,0.0,0.0,0,19,22.8,38.9,0,-7.4973718791064385,-29,20,0.0,7.0710678118654755,1.0,29.0,10.0,0,20,0.0,7.0710678118654755,1.0,29.0,10.0,0,20,0.0,7.0710678118654755,1.0,29.0,10.0,0,32,0.0,7.0710678118654755,1.0,29.0,10.0,0,173,2.3401261667248794,10.277112805600979,1.0,26.142857142857142,19.571428571428573,-4
2025-05-17 20:10:46.936153,137,114493.063847,20.179444444444446,1,32,68,1,5.0,-7.299999999999997,-8.0,-20.4,-21.1,-12.100000000000001,-12.800000000000004,-26.200000000000003,-26.900000000000006,0.0,0.0,0.0,0.0,0.0,1,31.3,19.5,52795.07,21935.27,100,0,0.7000000000000028,-8.0,-7.200000000000003,-0.09999999999999432,1,0.0,0.0,0.0,0.0,0,19,22.8,38.9,0,-0.5,-6.799999999999997,-8.200000000000003,0.9000000000000057,1,0.0,0.0,0.0,0.0,0,99,21.2,31.3,0,-11.699499891280713,-32,1,,,1.0,32.0,1.0,0,1,,,1.0,32.0,1.0,0,16,,,1.0,32.0,1.0,0,21,,,1.0,32.0,1.0,0,174,3.2015621187164243,5.5,1.0,28.75,9.25,-6
2025-05-17 20:10:53.881150,137,114486.11885,20.18138888888889,12,16,84,0,1.0,-3.299999999999997,-8.0,-16.4,-21.1,-8.100000000000001,-12.800000000000004,-22.200000000000003,-26.900000000000006,0.0,0.0,0.0,0.0,0.0,1,31.3,19.5,52795.07,21935.27,100,0,4.700000000000003,-8.0,-3.200000000000003,-0.09999999999999432,1,0.0,0.0,0.0,0.0,0,19,22.8,38.9,0,3.5,-6.799999999999997,-4.200000000000003,0.9000000000000057,1,0.0,0.0,0.0,0.0,0,99,21.2,31.3,0,66.3195246179966,-84,13,,,0.0,16.0,12.0,0,13,,,0.0,16.0,12.0,0,28,,,0.0,16.0,12.0,0,33,,,0.0,16.0,12.0,0,186,,,0.0,16.0,12.0,0
2025-05-17 20:14:38.890953,137,114261.109047,20.24388888888889,5,30,70,1,3.0,-5.299999999999997,-8.0,-18.4,-21.1,-10.100000000000001,-12.800000000000004,-24.200000000000003,-26.900000000000006,0.0,0.0,0.0,0.0,0.0,1,31.3,19.5,52795.07,21935.27,100,0,2.700000000000003,-8.0,-5.200000000000003,-0.09999999999999432,1,0.0,0.0,0.0,0.0,0,19,22.8,38.9,0,1.5,-6.799999999999997,-6.200000000000003,0.9000000000000057,1,0.0,0.0,0.0,0.0,0,99,21.2,31.3,0,-8.522083058668425,-30,5,,,1.0,30.0,5.0,0,18,,,1.0,30.0,5.0,0,18,,,1.0,30.0,5.0,0,38,0.5773502691896258,5.773502691896257,1.0,29.333333333333332,8.333333333333334,-1,191,2.559994419636775,10.819955109492302,1.0,26.625,17.75,-5
2025-05-17 20:15:35.217255,137,114204.782745,20.259722222222223,11,11,89,0,-1.0,-1.2999999999999972,-8.0,-14.399999999999999,-21.1,-6.100000000000001,-12.800000000000004,-20.200000000000003,-26.900000000000006,0.0,0.0,0.0,0.0,0.0,1,31.3,19.5,52795.07,21935.27,100,0,6.700000000000003,-8.0,-1.2000000000000028,-0.09999999999999432,1,0.0,0.0,0.0,0.0,0,19,22.8,38.9,0,5.5,-6.799999999999997,-2.200000000000003,0.9000000000000057,1,0.0,0.0,0.0,0.0,0,99,21.2,31.3,0,-6.778556485355651,11,16,,,0.0,11.0,11.0,0,29,,,0.0,11.0,11.0,0,29,,,0.0,11.0,11.0,0,49,,,0.0,11.0,11.0,0,202,,,0.0,11.0,11.0,0
2025-05-17 20:15:35.433035,137,114204.566965,20.259722222222223,7,16,84,0,1.0,-3.299999999999997,-8.0,-16.4,-21.1,-8.100000000000001,-12.800000000000004,-22.200000000000003,-26.900000000000006,0.0,0.0,0.0,0.0,0.0,1,31.3,19.5,52795.07,21935.27,100,0,4.700000000000003,-8.0,-3.200000000000003,-0.09999999999999432,1,0.0,0.0,0.0,0.0,0,19,22.8,38.9,0,3.5,-6.799999999999997,-4.200000000000003,0.9000000000000057,1,0.0,0.0,0.0,0.0,0,99,21.2,31.3,0,66.3736151702576,-84,23,,,0.0,16.0,7.0,0,36,0.0,3.5355339059327378,0.0,16.0,9.5,0,36,0.0,3.5355339059327378,0.0,16.0,9.5,0,56,0.0,3.5355339059327378,0.0,16.0,9.5,0,209,0.0,3.5355339059327378,0.0,16.0,9.5,0
2025-05-17 20:15:44.117078,137,114195.882922,20.26222222222222,36,33,67,1,5.0,-7.299999999999997,-8.0,-20.4,-21.1,-12.100000000000001,-12.800000000000004,-26.200000000000003,-26.900000000000006,0.0,0.0,0.0,0.0,0.0,1,31.3,19.5,52795.07,21935.27,100,0,0.7000000000000028,-8.0,-7.200000000000003,-0.09999999999999432,1,0.0,0.0,0.0,0.0,0,19,22.8,38.9,0,-0.5,-6.799999999999997,-8.200000000000003,0.9000000000000057,1,0.0,0.0,0.0,0.0,0,99,21.2,31.3,0,-12.700771990866588,-33,59,,,1.0,33.0,36.0,0,72,0.7071067811865476,24.748737341529164,1.0,32.5,18.5,-1,72,0.7071067811865476,24.748737341529164,1.0,32.5,18.5,-1,92,0.7071067811865476,24.748737341529164,1.0,32.5,18.5,-1,245,3.361547262794322,12.876334882255897,1.0,29.6,14.6,-7
2025-05-17 20:20:50.245148,137,113889.754852,20.34722222222222,18,34,66,1,5.0,-7.299999999999997,-8.0,-20.4,-21.1,-12.100000000000001,-12.800000000000004,-26.200000000000003,-26.900000000000006,0.0,0.0,0.0,0.0,0.0,1,31.3,19.5,52795.07,21935.27,100,0,0.7000000000000028,-8.0,-7.200000000000003,-0.09999999999999432,1,0.0,0.0,0.0,0.0,0,19,22.8,38.9,0,-0.5,-6.799999999999997,-8.200000000000003,0.9000000000000057,1,0.0,0.0,0.0,0.0,0,99,21.2,31.3,0,-13.75068223993014,-34,18,,,1.0,34.0,18.0,0,18,,,1.0,34.0,18.0,0,90,1.0,17.502380790433435,1.0,33.0,18.333333333333332,-2,110,1.0,17.502380790433435,1.0,33.0,18.333333333333332,-2,263,3.5023801430836525,11.600287352762718,1.0,30.333333333333332,15.166666666666666,-8
2025-05-17 20:25:41.510890,137,113598.48911,20.428055555555556,21,45,55,1,5.0,-7.299999999999997,-8.0,-20.4,-21.1,-12.100000000000001,-12.800000000000004,-26.200000000000003,-26.900000000000006,0.0,0.0,0.0,0.0,0.0,1,31.3,19.5,52795.07,21935.27,100,0,0.7000000000000028,-8.0,-7.200000000000003,-0.09999999999999432,1,0.0,0.0,0.0,0.0,0,19,22.8,38.9,0,-0.5,-6.799999999999997,-8.200000000000003,0.9000000000000057,1,0.0,0.0,0.0,0.0,0,99,21.2,31.3,0,-24.77775347260199,-45,21,,,1.0,45.0,21.0,0,39,7.7781745930520225,2.1213203435596424,1.0,39.5,19.5,-11,111,6.0553007081949835,14.352700094407323,1.0,36.0,19.0,-13,131,6.0553007081949835,14.352700094407323,1.0,36.0,19.0,-13,284,6.399404734221845,10.816653826391969,1.0,32.42857142857143,16.0,-19
2025-05-17 21:13:24.313546,137,110735.686454,21.223333333333333,12,46,54,0,5.0,-7.299999999999997,-6.799999999999997,-20.4,-19.9,-12.100000000000001,-11.600000000000001,-26.200000000000003,-25.700000000000003,0.0,0.0,0.0,0.0,0.0,1,31.3,19.5,52795.07,21935.27,100,0,-0.5,-6.799999999999997,-8.200000000000003,0.9000000000000057,1,0.0,0.0,0.0,0.0,0,99,21.2,31.3,0,-2.5,-4.799999999999997,-8.5,1.2000000000000028,1,0.0,0.0,0.0,0.0,0,98,14.5,29.9,0,-25.834795001096253,46,12,,,0.0,46.0,12.0,0,12,,,0.0,46.0,12.0,0,12,,,0.0,46.0,12.0,0,110,6.95221787153807,10.21028892833107,0.75,39.5,21.75,-13,143,6.892024376045111,12.817956155331473,0.8,38.0,17.6,-14
2025-05-17 22:51:21.458981,137,104858.541019,22.855833333333333,12,37,63,1,3.0,-5.299999999999997,-4.799999999999997,-18.4,-17.9,-10.100000000000001,-9.600000000000001,-24.200000000000003,-23.700000000000003,0.0,0.0,0.0,0.0,0.0,1,31.3,19.5,52795.07,21935.27,100,0,-0.5,-4.799999999999997,-6.5,1.2000000000000028,1,0.0,0.0,0.0,0.0,0,98,14.5,29.9,0,-2.700000000000003,-2.5999999999999943,-8.299999999999997,3.0,1,0.0,0.0,0.0,0.0,0,4,15.5,33.1,0,-15.53145622525297,-37,12,,,1.0,37.0,12.0,0,12,,,1.0,37.0,12.0,0,12,,,1.0,37.0,12.0,0,12,,,1.0,37.0,12.0,0,24,,,1.0,37.0,12.0,0
2025-05-17 23:12:47.065143,137,103572.934857,23.213055555555556,6,14,86,1,1.0,-3.299999999999997,-2.5999999999999943,-16.4,-15.699999999999996,-8.100000000000001,-7.399999999999999,-22.200000000000003,-21.5,0.0,0.0,0.0,0.0,0.0,1,31.3,19.5,52795.07,21935.27,100,0,-0.7000000000000028,-2.5999999999999943,-6.299999999999997,3.0,1,0.0,0.0,0.0,0.0,0,4,15.5,33.1,0,-3.299999999999997,0.0,-8.100000000000001,4.800000000000004,0,0.0,0.0,0.0,0.0,0,0,13.4,31.3,0,68.40520875832993,86,6,,,1.0,14.0,6.0,0,6,,,1.0,14.0,6.0,0,6,,,1.0,14.0,6.0,0,18,,,1.0,14.0,6.0,0,30,,,1.0,14.0,6.0,0
2025-05-17 23:12:59.833147,137,103560.166853,23.21638888888889,10,16,84,1,1.0,-3.299999999999997,-2.5999999999999943,-16.4,-15.699999999999996,-8.100000000000001,-7.399999999999999,-22.200000000000003,-21.5,0.0,0.0,0.0,0.0,0.0,1,31.3,19.5,52795.07,21935.27,100,0,-0.7000000000000028,-2.5999999999999943,-6.299999999999997,3.0,1,0.0,0.0,0.0,0.0,0,4,15.5,33.1,0,-3.299999999999997,0.0,-8.100000000000001,4.800000000000004,0,0.0,0.0,0.0,0.0,0,0,13.4,31.3,0,66.43312925170068,84,16,1.4142135623730951,2.8284271247461903,1.0,15.0,8.0,-2,16,1.4142135623730951,2.8284271247461903,1.0,15.0,8.0,-2,16,1.4142135623730951,2.8284271247461903,1.0,15.0,8.0,-2,28,1.4142135623730951,2.8284271247461903,1.0,15.0,8.0,-2,40,1.4142135623730951,2.8284271247461903,1.0,15.0,8.0,-2
2025-05-17 23:14:42.505931,137,103457.494069,23.245,20,45,55,0,5.0,-7.299999999999997,-2.5999999999999943,-20.4,-15.699999999999996,-12.100000000000001,-7.399999999999999,-26.200000000000003,-21.5,0.0,0.0,0.0,0.0,0.0,1,31.3,19.5,52795.07,21935.27,100,0,-4.700000000000003,-2.5999999999999943,-10.299999999999997,3.0,1,0.0,0.0,0.0,0.0,0,4,15.5,33.1,0,-7.299999999999997,0.0,-12.100000000000001,4.800000000000004,0,0.0,0.0,0.0,0.0,0,0,13.4,31.3,0,-24.868825466520306,45,43,1.4142135623730951,9.192388155425117,0.0,46.0,13.5,-2,43,1.4142135623730951,9.192388155425117,0.0,46.0,13.5,-2,43,1.4142135623730951,9.192388155425117,0.0,46.0,13.5,-2,55,1.4142135623730951,9.192388155425117,0.0,46.0,13.5,-2,55,1.4142135623730951,9.192388155425117,0.0,46.0,13.5,-2
2025-05-17 23:14:42.505931,137,103457.494069,23.245,7,47,53,0,5.0,-7.299999999999997,-2.5999999999999943,-20.4,-15.699999999999996,-12.100000000000001,-7.399999999999999,-26.200000000000003,-21.5,0.0,0.0,0.0,0.0,0.0,1,31.3,19.5,52795.07,21935.27,100,0,-4.700000000000003,-2.5999999999999943,-10.299999999999997,3.0,1,0.0,0.0,0.0,0.0,0,4,15.5,33.1,0,-7.299999999999997,0.0,-12.100000000000001,4.800000000000004,0,0.0,0.0,0.0,0.0,0,0,13.4,31.3,0,-26.923542354235423,47,43,1.4142135623730951,9.192388155425117,0.0,46.0,13.5,-2,43,1.4142135623730951,9.192388155425117,0.0,46.0,13.5,-2,43,1.4142135623730951,9.192388155425117,0.0,46.0,13.5,-2,55,1.4142135623730951,9.192388155425117,0.0,46.0,13.5,-2,55,1.4142135623730951,9.192388155425117,0.0,46.0,13.5,-2
2025-05-18 00:05:51.594068,138,100388.405932,0.09749999999999999,9,42,58,0,5.0,-7.299999999999997,0.0,-20.4,-13.100000000000001,-12.100000000000001,-4.800000000000004,-26.200000000000003,-18.900000000000006,0.0,0.0,0.0,0.0,0.0,1,31.3,19.5,52795.07,21935.27,100,0,-7.299999999999997,0.0,-12.100000000000001,4.800000000000004,0,0.0,0.0,0.0,0.0,0,0,13.4,31.3,0,-10.5,3.200000000000003,-13.600000000000001,6.300000000000004,1,0.0,0.0,0.0,0.0,0,0,8.3,28.4,0,-21.944291533634257,42,17,2.1213203435596424,0.7071067811865476,0.0,43.5,8.5,-3,17,2.1213203435596424,0.7071067811865476,0.0,43.5,8.5,-3,17,2.1213203435596424,0.7071067811865476,0.0,43.5,8.5,-3,60,2.0615528128088303,6.0553007081949835,0.0,44.75,11.0,0,72,2.0615528128088303,6.0553007081949835,0.0,44.75,11.0,0
2025-05-18 00:05:51.594068,138,100388.405932,0.09749999999999999,8,45,55,0,5.0,-7.299999999999997,0.0,-20.4,-13.100000000000001,-12.100000000000001,-4.800000000000004,-26.200000000000003,-18.900000000000006,0.0,0.0,0.0,0.0,0.0,1,31.3,19.5,52795.07,21935.27,100,0,-7.299999999999997,0.0,-12.100000000000001,4.800000000000004,0,0.0,0.0,0.0,0.0,0,0,13.4,31.3,0,-10.5,3.200000000000003,-13.600000000000001,6.300000000000004,1,0.0,0.0,0.0,0.0,0,0,8.3,28.4,0,-24.966056865770327,45,17,2.1213203435596424,0.7071067811865476,0.0,43.5,8.5,-3,17,2.1213203435596424,0.7071067811865476,0.0,43.5,8.5,-3,17,2.1213203435596424,0.7071067811865476,0.0,43.5,8.5,-3,60,2.0615528128088303,6.0553007081949835,0.0,44.75,11.0,0,72,2.0615528128088303,6.0553007081949835,0.0,44.75,11.0,0
2025-05-18 00:18:03.699943,138,99656.300057,0.30083333333333334,21,43,57,0,5.0,-7.299999999999997,0.0,-20.4,-13.100000000000001,-12.100000000000001,-4.800000000000004,-26.200000000000003,-18.900000000000006,0.0,0.0,0.0,0.0,0.0,1,31.3,19.5,52795.07,21935.27,100,0,-7.299999999999997,0.0,-12.100000000000001,4.800000000000004,0,0.0,0.0,0.0,0.0,0,0,13.4,31.3,0,-10.5,3.200000000000003,-13.600000000000001,6.300000000000004,1,0.0,0.0,0.0,0.0,0,0,8.3,28.4,0,-22.988087359364656,43,41,0.7071067811865476,0.7071067811865476,0.0,42.5,20.5,1,41,0.7071067811865476,0.7071067811865476,0.0,42.5,20.5,1,58,1.4142135623730951,6.95221787153807,0.0,43.0,14.5,0,58,1.4142135623730951,6.95221787153807,0.0,43.0,14.5,0,113,2.0,6.794605703546503,0.0,44.0,14.166666666666666,3
2025-05-18 00:18:03.699943,138,99656.300057,0.30083333333333334,20,42,58,0,5.0,-7.299999999999997,0.0,-20.4,-13.100000000000001,-12.100000000000001,-4.800000000000004,-26.200000000000003,-18.900000000000006,0.0,0.0,0.0,0.0,0.0,1,31.3,19.5,52795.07,21935.27,100,0,-7.299999999999997,0.0,-12.100000000000001,4.800000000000004,0,0.0,0.0,0.0,0.0,0,0,13.4,31.3,0,-10.5,3.200000000000003,-13.600000000000001,6.300000000000004,1,0.0,0.0,0.0,0.0,0,0,8.3,28.4,0,-22.041459369817574,42,41,0.7071067811865476,0.7071067811865476,0.0,42.5,20.5,1,41,0.7071067811865476,0.7071067811865476,0.0,42.5,20.5,1,58,1.4142135623730951,6.95221787153807,0.0,43.0,14.5,0,58,1.4142135623730951,6.95221787153807,0.0,43.0,14.5,0,113,2.0,6.794605703546503,0.0,44.0,14.166666666666666,3
2025-05-18 00:21:33.134872,138,99446.865128,0.35916666666666663,14,42,58,0,5.0,-7.299999999999997,0.0,-20.4,-13.100000000000001,-12.100000000000001,-4.800000000000004,-26.200000000000003,-18.900000000000006,0.0,0.0,0.0,0.0,0.0,1,31.3,19.5,52795.07,21935.27,100,0,-7.299999999999997,0.0,-12.100000000000001,4.800000000000004,0,0.0,0.0,0.0,0.0,0,0,13.4,31.3,0,-10.5,3.200000000000003,-13.600000000000001,6.300000000000004,1,0.0,0.0,0.0,0.0,0,0,8.3,28.4,0,-22.09030470914128,42,23,0.0,3.5355339059327378,0.0,42.0,11.5,0,64,0.5,5.597618541248888,0.0,42.25,16.0,1,64,0.5,5.597618541248888,0.0,42.25,16.0,1,81,1.2110601416389966,5.822370651203855,0.0,42.666666666666664,13.5,0,136,1.927248223318863,6.023762469230862,0.0,43.5,13.5,3
2025-05-18 00:21:33.134872,138,99446.865128,0.35916666666666663,9,42,58,0,5.0,-7.299999999999997,0.0,-20.4,-13.100000000000001,-12.100000000000001,-4.800000000000004,-26.200000000000003,-18.900000000000006,0.0,0.0,0.0,0.0,0.0,1,31.3,19.5,52795.07,21935.27,100,0,-7.299999999999997,0.0,-12.100000000000001,4.800000000000004,0,0.0,0.0,0.0,0.0,0,0,13.4,31.3,0,-10.5,3.200000000000003,-13.600000000000001,6.300000000000004,1,0.0,0.0,0.0,0.0,0,0,8.3,28.4,0,-22.12462545777383,42,23,0.0,3.5355339059327378,0.0,42.0,11.5,0,64,0.5,5.597618541248888,0.0,42.25,16.0,1,64,0.5,5.597618541248888,0.0,42.25,16.0,1,81,1.2110601416389966,5.822370651203855,0.0,42.666666666666664,13.5,0,136,1.927248223318863,6.023762469230862,0.0,43.5,13.5,3
2025-05-18 00:30:09.234741,138,98930.765259,0.5025,21,40,60,0,5.0,-7.299999999999997,0.0,-20.4,-13.100000000000001,-12.100000000000001,-4.800000000000004,-26.200000000000003,-18.900000000000006,0.0,0.0,0.0,0.0,0.0,1,31.3,19.5,52795.07,21935.27,100,0,-7.299999999999997,0.0,-12.100000000000001,4.800000000000004,0,0.0,0.0,0.0,0.0,0,0,13.4,31.3,0,-10.5,3.200000000000003,-13.600000000000001,6.300000000000004,1,0.0,0.0,0.0,0.0,0,0,8.3,28.4,0,-20.146745167740505,40,39,2.6457513110645907,7.0,0.0,39.0,13.0,-1,39,2.6457513110645907,7.0,0.0,39.0,13.0,-1,103,2.3401261667248794,5.879747322073337,0.0,40.857142857142854,14.714285714285714,2,120,2.455153310442706,5.787918451395113,0.0,41.44444444444444,13.333333333333334,1,175,2.901410315377992,5.937553827507204,0.0,42.27272727272727,13.363636363636363,4
2025-05-18 00:30:09.234741,138,98930.765259,0.5025,8,36,64,0,5.0,-7.299999999999997,0.0,-20.4,-13.100000000000001,-12.100000000000001,-4.800000000000004,-26.200000000000003,-18.900000000000006,0.0,0.0,0.0,0.0,0.0,1,31.3,19.5,52795.07,21935.27,100,0,-7.299999999999997,0.0,-12.100000000000001,4.800000000000004,0,0.0,0.0,0.0,0.0,0,0,13.4,31.3,0,-10.5,3.200000000000003,-13.600000000000001,6.300000000000004,1,0.0,0.0,0.0,0.0,0,0,8.3,28.4,0,-16.19385369112571,36,39,2.6457513110645907,7.0,0.0,39.0,13.0,-1,39,2.6457513110645907,7.0,0.0,39.0,13.0,-1,103,2.3401261667248794,5.879747322073337,0.0,40.857142857142854,14.714285714285714,2,120,2.455153310442706,5.787918451395113,0.0,41.44444444444444,13.333333333333334,1,175,2.901410315377992,5.937553827507204,0.0,42.27272727272727,13.363636363636363,4
2025-05-18 00:30:09.234741,138,98930.765259,0.5025,10,41,59,0,5.0,-7.299999999999997,0.0,-20.4,-13.100000000000001,-12.100000000000001,-4.800000000000004,-26.200000000000003,-18.900000000000006,0.0,0.0,0.0,0.0,0.0,1,31.3,19.5,52795.07,21935.27,100,0,-7.299999999999997,0.0,-12.100000000000001,4.800000000000004,0,0.0,0.0,0.0,0.0,0,0,13.4,31.3,0,-10.5,3.200000000000003,-13.600000000000001,6.300000000000004,1,0.0,0.0,0.0,0.0,0,0,8.3,28.4,0,-21.208291541290535,41,39,2.6457513110645907,7.0,0.0,39.0,13.0,-1,39,2.6457513110645907,7.0,0.0,39.0,13.0,-1,103,2.3401261667248794,5.879747322073337,0.0,40.857142857142854,14.714285714285714,2,120,2.455153310442706,5.787918451395113,0.0,41.44444444444444,13.333333333333334,1,175,2.901410315377992,5.937553827507204,0.0,42.27272727272727,13.363636363636363,4
2025-05-18 00:43:36.092862,138,98123.907138,0.7266666666666667,22,38,62,0,5.0,-7.299999999999997,0.0,-20.4,-13.100000000000001,-12.100000000000001,-4.800000000000004,-26.200000000000003,-18.900000000000006,0.0,0.0,0.0,0.0,0.0,1,31.3,19.5,52795.07,21935.27,100,0,-7.299999999999997,0.0,-12.100000000000001,4.800000000000004,0,0.0,0.0,0.0,0.0,0,0,13.4,31.3,0,-10.5,3.200000000000003,-13.600000000000001,6.300000000000004,1,0.0,0.0,0.0,0.0,0,0,8.3,28.4,0,-18.231953586968643,38,22,,,0.0,38.0,22.0,0,22,,,0.0,38.0,22.0,0,61,2.217355782608345,7.274384280931732,0.0,38.75,15.25,2,142,2.5582111805799856,6.106462878695726,0.0,41.1,14.2,4,197,3.028901190901153,6.185883244545722,0.0,41.916666666666664,14.083333333333334,7
2025-05-18 00:46:50.007495,138,97929.992505,0.7805555555555556,23,35,65,0,5.0,-7.299999999999997,0.0,-20.4,-13.100000000000001,-12.100000000000001,-4.800000000000004,-26.200000000000003,-18.900000000000006,0.0,0.0,0.0,0.0,0.0,1,31.3,19.5,52795.07,21935.27,100,0,-7.299999999999997,0.0,-12.100000000000001,4.800000000000004,0,0.0,0.0,0.0,0.0,0,0,13.4,31.3,0,-10.5,3.200000000000003,-13.600000000000001,6.300000000000004,1,0.0,0.0,0.0,0.0,0,0,8.3,28.4,0,-15.276814673973831,35,23,,,0.0,35.0,23.0,0,45,2.1213203435596424,0.7071067811865476,0.0,36.5,22.5,3,45,2.1213203435596424,0.7071067811865476,0.0,36.5,22.5,3,165,3.0451153135353137,6.371812928829597,0.0,40.54545454545455,15.0,7,220,3.4770308583249,6.418123377772329,0.0,41.38461538461539,14.76923076923077,10
2025-05-18 00:49:35.663885,138,97764.336115,0.8263888888888888,65,31,69,0,5.0,-7.299999999999997,0.0,-20.4,-13.100000000000001,-12.100000000000001,-4.800000000000004,-26.200000000000003,-18.900000000000006,0.0,0.0,0.0,0.0,0.0,1,31.3,19.5,52795.07,21935.27,100,0,-7.299999999999997,0.0,-12.100000000000001,4.800000000000004,0,0.0,0.0,0.0,0.0,0,0,13.4,31.3,0,-10.5,3.200000000000003,-13.600000000000001,6.300000000000004,1,0.0,0.0,0.0,0.0,0,0,8.3,28.4,0,-11.316214397847048,31,65,,,0.0,31.0,65.0,0,88,2.8284271247461903,29.698484809834994,0.0,33.0,44.0,4,110,3.511884584284246,24.54248017893329,0.0,34.666666666666664,36.666666666666664,7,230,4.002839900961225,15.660217886173365,0.0,39.75,19.166666666666668,11,285,4.3431137865173834,14.773193721983501,0.0,40.642857142857146,18.357142857142858,14
2025-05-18 00:51:40.556633,138,97639.443367,0.861111111111111,15,39,61,0,5.0,-7.299999999999997,0.0,-20.4,-13.100000000000001,-12.100000000000001,-4.800000000000004,-26.200000000000003,-18.900000000000006,0.0,0.0,0.0,0.0,0.0,1,31.3,19.5,52795.07,21935.27,100,0,-7.299999999999997,0.0,-12.100000000000001,4.800000000000004,0,0.0,0.0,0.0,0.0,0,0,13.4,31.3,0,-10.5,3.200000000000003,-13.600000000000001,6.300000000000004,1,0.0,0.0,0.0,0.0,0,0,8.3,28.4,0,-19.399299672427418,39,15,,,0.0,39.0,15.0,0,103,4.0,26.85764943797825,0.0,35.0,34.333333333333336,-4,125,3.593976442141304,22.779742462694056,0.0,35.75,31.25,-1,245,3.838068424451189,15.037986089933241,0.0,39.69230769230769,18.846153846153847,3,288,4.206570823751586,14.262171076295635,0.0,40.53333333333333,18.133333333333333,6
2025-05-18 00:53:05.020851,138,97554.979149,0.8847222222222222,5,36,64,0,5.0,-7.299999999999997,0.0,-20.4,-13.100000000000001,-12.100000000000001,-4.800000000000004,-26.200000000000003,-18.900000000000006,0.0,0.0,0.0,0.0,0.0,1,31.3,19.5,52795.07,21935.27,100,0,-7.299999999999997,0.0,-12.100000000000001,4.800000000000004,0,0.0,0.0,0.0,0.0,0,0,13.4,31.3,0,-10.5,3.200000000000003,-13.600000000000001,6.300000000000004,1,0.0,0.0,0.0,0.0,0,0,8.3,28.4,0,-16.432224485177642,36,20,2.1213203435596424,7.0710678118654755,0.0,37.5,10.0,3,85,4.041451884327381,32.145502536643185,0.0,35.333333333333336,28.333333333333332,-5,130,3.1144823004794873,22.956480566497994,0.0,35.8,26.0,2,250,3.817254061682111,14.914407813908014,0.0,39.42857142857143,17.857142857142858,6,293,4.219004621945797,14.164362557724463,0.0,40.25,17.3125,9
2025-05-18 01:06:06.100603,138,96773.899397,1.1016666666666668,43,15,85,1,1.0,-3.299999999999997,3.200000000000003,-16.4,-9.899999999999999,-8.100000000000001,-1.6000000000000014,-22.200000000000003,-15.700000000000003,0.0,0.0,0.0,0.0,0.0,1,31.3,19.5,52795.07,21935.27,100,0,-6.5,3.200000000000003,-9.600000000000001,6.300000000000004,1,0.0,0.0,0.0,0.0,0,0,8.3,28.4,0,-7.600000000000001,4.300000000000004,-10.799999999999997,7.5,0,0.0,0.0,0.0,0.0,0,1,7.2,21.6,0,67.47835262083049,85,50,0.7071067811865476,25.45584412271571,1.0,14.5,25.0,1,50,0.7071067811865476,25.45584412271571,1.0,14.5,25.0,1,70,0.7071067811865476,25.45584412271571,1.0,14.5,25.0,1,283,0.7071067811865476,25.45584412271571,1.0,14.5,25.0,1,343,0.9574271077563381,17.74823934929885,1.0,14.75,16.5,0
2025-05-18 01:06:06.100603,138,96773.899397,1.1016666666666668,7,14,86,1,1.0,-3.299999999999997,3.200000000000003,-16.4,-9.899999999999999,-8.100000000000001,-1.6000000000000014,-22.200000000000003,-15.700000000000003,0.0,0.0,0.0,0.0,0.0,1,31.3,19.5,52795.07,21935.27,100,0,-6.5,3.200000000000003,-9.600000000000001,6.300000000000004,1,0.0,0.0,0.0,0.0,0,0,8.3,28.4,0,-7.600000000000001,4.300000000000004,-10.799999999999997,7.5,0,0.0,0.0,0.0,0.0,0,1,7.2,21.6,0,68.67645251587356,86,50,0.7071067811865476,25.45584412271571,1.0,14.5,25.0,1,50,0.7071067811865476,25.45584412271571,1.0,14.5,25.0,1,70,0.7071067811865476,25.45584412271571,1.0,14.5,25.0,1,283,0.7071067811865476,25.45584412271571,1.0,14.5,25.0,1,343,0.9574271077563381,17.74823934929885,1.0,14.75,16.5,0
2025-05-18 01:19:10.156499,138,95989.843501,1.3194444444444444,9,31,69,0,5.0,-7.299999999999997,3.200000000000003,-20.4,-9.899999999999999,-12.100000000000001,-1.6000000000000014,-26.200000000000003,-15.700000000000003,0.0,0.0,0.0,0.0,0.0,1,31.3,19.5,52795.07,21935.27,100,0,-10.5,3.200000000000003,-13.600000000000001,6.300000000000004,1,0.0,0.0,0.0,0.0,0,0,8.3,28.4,0,-11.600000000000001,4.300000000000004,-14.799999999999997,7.5,0,0.0,0.0,0.0,0.0,0,1,7.2,21.6,0,-11.441526095324349,31,139,3.011881234615431,9.349369726656139,0.0,30.25,17.375,-2,139,3.011881234615431,9.349369726656139,0.0,30.25,17.375,-2,189,3.011881234615431,9.349369726656139,0.0,30.25,17.375,-2,381,5.101582479079377,13.954290459289652,0.0,34.55555555555556,18.38888888888889,9,439,5.698028822981898,12.918743723518142,0.0,36.09090909090909,17.681818181818183,9
2025-05-18 01:19:10.156499,138,95989.843501,1.3194444444444444,27,28,72,0,5.0,-7.299999999999997,3.200000000000003,-20.4,-9.899999999999999,-12.100000000000001,-1.6000000000000014,-26.200000000000003,-15.700000000000003,0.0,0.0,0.0,0.0,0.0,1,31.3,19.5,52795.07,21935.27,100,0,-10.5,3.200000000000003,-13.600000000000001,6.300000000000004,1,0.0,0.0,0.0,0.0,0,0,8.3,28.4,0,-11.600000000000001,4.300000000000004,-14.799999999999997,7.5,0,0.0,0.0,0.0,0.0,0,1,7.2,21.6,0,-8.453195829555753,28,139,3.011881234615431,9.349369726656139,0.0,30.25,17.375,-2,139,3.011881234615431,9.349369726656139,0.0,30.25,17.375,-2,189,3.011881234615431,9.349369726656139,0.0,30.25,17.375,-2,381,5.101582479079377,13.954290459289652,0.0,34.55555555555556,18.38888888888889,9,439,5.698028822981898,12.918743723518142,0.0,36.09090909090909,17.681818181818183,9
2025-05-18 01:19:10.156499,138,95989.843501,1.3194444444444444,7,30,70,0,5.0,-7.299999999999997,3.200000000000003,-20.4,-9.899999999999999,-12.100000000000001,-1.6000000000000014,-26.200000000000003,-15.700000000000003,0.0,0.0,0.0,0.0,0.0,1,31.3,19.5,52795.07,21935.27,100,0,-10.5,3.200000000000003,-13.600000000000001,6.300000000000004,1,0.0,0.0,0.0,0.0,0,0,8.3,28.4,0,-11.600000000000001,4.300000000000004,-14.799999999999997,7.5,0,0.0,0.0,0.0,0.0,0,1,7.2,21.6,0,-10.479140616119139,30,139,3.011881234615431,9.349369726656139,0.0,30.25,17.375,-2,139,3.011881234615431,9.349369726656139,0.0,30.25,17.375,-2,189,3.011881234615431,9.349369726656139,0.0,30.25,17.375,-2,381,5.101582479079377,13.954290459289652,0.0,34.55555555555556,18.38888888888889,9,439,5.698028822981898,12.918743723518142,0.0,36.09090909090909,17.681818181818183,9
2025-05-18 01:19:10.156499,138,95989.843501,1.3194444444444444,12,28,72,0,5.0,-7.299999999999997,3.200000000000003,-20.4,-9.899999999999999,-12.100000000000001,-1.6000000000000014,-26.200000000000003,-15.700000000000003,0.0,0.0,0.0,0.0,0.0,1,31.3,19.5,52795.07,21935.27,100,0,-10.5,3.200000000000003,-13.600000000000001,6.300000000000004,1,0.0,0.0,0.0,0.0,0,0,8.3,28.4,0,-11.600000000000001,4.300000000000004,-14.799999999999997,7.5,0,0.0,0.0,0.0,0.0,0,1,7.2,21.6,0,-8.487485779294644,28,139,3.011881234615431,9.349369726656139,0.0,30.25,17.375,-2,139,3.011881234615431,9.349369726656139,0.0,30.25,17.375,-2,189,3.011881234615431,9.349369726656139,0.0,30.25,17.375,-2,381,5.101582479079377,13.954290459289652,0.0,34.55555555555556,18.38888888888889,9,439,5.698028822981898,12.918743723518142,0.0,36.09090909090909,17.681818181818183,9
2025-05-18 01:19:10.156499,138,95989.843501,1.3194444444444444,10,29,71,0,5.0,-7.299999999999997,3.200000000000003,-20.4,-9.899999999999999,-12.100000000000001,-1.6000000000000014,-26.200000000000003,-15.700000000000003,0.0,0.0,0.0,0.0,0.0,1,31.3,19.5,52795.07,21935.27,100,0,-10.5,3.200000000000003,-13.600000000000001,6.300000000000004,1,0.0,0.0,0.0,0.0,0,0,8.3,28.4,0,-11.600000000000001,4.300000000000004,-14.799999999999997,7.5,0,0.0,0.0,0.0,0.0,0,1,7.2,21.6,0,-9.499088630667586,29,139,3.011881234615431,9.349369726656139,0.0,30.25,17.375,-2,139,3.011881234615431,9.349369726656139,0.0,30.25,17.375,-2,189,3.011881234615431,9.349369726656139,0.0,30.25,17.375,-2,381,5.101582479079377,13.954290459289652,0.0,34.55555555555556,18.38888888888889,9,439,5.698028822981898,12.918743723518142,0.0,36.09090909090909,17.681818181818183,9
2025-05-18 01:19:10.156499,138,95989.843501,1.3194444444444444,32,27,73,0,5.0,-7.299999999999997,3.200000000000003,-20.4,-9.899999999999999,-12.100000000000001,-1.6000000000000014,-26.200000000000003,-15.700000000000003,0.0,0.0,0.0,0.0,0.0,1,31.3,19.5,52795.07,21935.27,100,0,-10.5,3.200000000000003,-13.600000000000001,6.300000000000004,1,0.0,0.0,0.0,0.0,0,0,8.3,28.4,0,-11.600000000000001,4.300000000000004,-14.799999999999997,7.5,0,0.0,0.0,0.0,0.0,0,1,7.2,21.6,0,-7.509922445255469,27,139,3.011881234615431,9.349369726656139,0.0,30.25,17.375,-2,139,3.011881234615431,9.349369726656139,0.0,30.25,17.375,-2,189,3.011881234615431,9.349369726656139,0.0,30.25,17.375,-2,381,5.101582479079377,13.954290459289652,0.0,34.55555555555556,18.38888888888889,9,439,5.698028822981898,12.918743723518142,0.0,36.09090909090909,17.681818181818183,9
2025-05-18 01:19:10.156499,138,95989.843501,1.3194444444444444,18,36,64,0,5.0,-7.299999999999997,3.200000000000003,-20.4,-9.899999999999999,-12.100000000000001,-1.6000000000000014,-26.200000000000003,-15.700000000000003,0.0,0.0,0.0,0.0,0.0,1,31.3,19.5,52795.07,21935.27,100,0,-10.5,3.200000000000003,-13.600000000000001,6.300000000000004,1,0.0,0.0,0.0,0.0,0,0,8.3,28.4,0,-11.600000000000001,4.300000000000004,-14.799999999999997,7.5,0,0.0,0.0,0.0,0.0,0,1,7.2,21.6,0,-16.537431318681314,36,139,3.011881234615431,9.349369726656139,0.0,30.25,17.375,-2,139,3.011881234615431,9.349369726656139,0.0,30.25,17.375,-2,189,3.011881234615431,9.349369726656139,0.0,30.25,17.375,-2,381,5.101582479079377,13.954290459289652,0.0,34.55555555555556,18.38888888888889,9,439,5.698028822981898,12.918743723518142,0.0,36.09090909090909,17.681818181818183,9
2025-05-18 01:19:10.156499,138,95989.843501,1.3194444444444444,24,33,67,0,5.0,-7.299999999999997,3.200000000000003,-20.4,-9.899999999999999,-12.100000000000001,-1.6000000000000014,-26.200000000000003,-15.700000000000003,0.0,0.0,0.0,0.0,0.0,1,31.3,19.5,52795.07,21935.27,100,0,-10.5,3.200000000000003,-13.600000000000001,6.300000000000004,1,0.0,0.0,0.0,0.0,0,0,8.3,28.4,0,-11.600000000000001,4.300000000000004,-14.799999999999997,7.5,0,0.0,0.0,0.0,0.0,0,1,7.2,21.6,0,-13.571576049552647,33,139,3.011881234615431,9.349369726656139,0.0,30.25,17.375,-2,139,3.011881234615431,9.349369726656139,0.0,30.25,17.375,-2,189,3.011881234615431,9.349369726656139,0.0,30.25,17.375,-2,381,5.101582479079377,13.954290459289652,0.0,34.55555555555556,18.38888888888889,9,439,5.698028822981898,12.918743723518142,0.0,36.09090909090909,17.681818181818183,9
2025-05-18 01:23:31.709857,138,95728.290143,1.3919444444444444,7,15,85,1,1.0,-3.299999999999997,3.200000000000003,-16.4,-9.899999999999999,-8.100000000000001,-1.6000000000000014,-22.200000000000003,-15.700000000000003,0.0,0.0,0.0,0.0,0.0,1,31.3,19.5,52795.07,21935.27,100,0,-6.5,3.200000000000003,-9.600000000000001,6.300000000000004,1,0.0,0.0,0.0,0.0,0,0,8.3,28.4,0,-7.600000000000001,4.300000000000004,-10.799999999999997,7.5,0,0.0,0.0,0.0,0.0,0,1,7.2,21.6,0,67.70928961748633,85,7,,,1.0,15.0,7.0,0,146,,,1.0,15.0,7.0,0,146,,,1.0,15.0,7.0,0,365,0.5773502691896257,20.784609690826528,1.0,14.666666666666666,19.0,0,446,0.5773502691896257,20.784609690826528,1.0,14.666666666666666,19.0,0
2025-05-18 01:25:35.442988,138,95604.557012,1.426388888888889,24,30,70,1,5.0,-7.299999999999997,3.200000000000003,-20.4,-9.899999999999999,-12.100000000000001,-1.6000000000000014,-26.200000000000003,-15.700000000000003,0.0,0.0,0.0,0.0,0.0,1,31.3,19.5,52795.07,21935.27,100,0,-10.5,3.200000000000003,-13.600000000000001,6.300000000000004,1,0.0,0.0,0.0,0.0,0,0,8.3,28.4,0,-11.600000000000001,4.300000000000004,-14.799999999999997,7.5,0,0.0,0.0,0.0,0.0,0,1,7.2,21.6,0,-10.60904071773637,-30,24,,,1.0,30.0,24.0,0,31,,,1.0,30.0,24.0,0,170,2.8185890875479602,9.020039418489871,0.1111111111111111,30.22222222222222,18.11111111111111,1,389,4.5422849911885175,14.16914626511961,0.058823529411764705,33.411764705882355,19.529411764705884,10,470,5.710056311719171,12.690290708288346,0.043478260869565216,35.82608695652174,17.956521739130434,12
2025-05-18 01:25:39.543612,138,95600.456388,1.4275,10,10,90,1,-1.0,-1.2999999999999972,3.200000000000003,-14.399999999999999,-9.899999999999999,-6.100000000000001,-1.6000000000000014,-20.200000000000003,-15.700000000000003,0.0,0.0,0.0,0.0,0.0,1,31.3,19.5,52795.07,21935.27,100,0,-4.5,3.200000000000003,-7.600000000000001,6.300000000000004,1,0.0,0.0,0.0,0.0,0,0,8.3,28.4,0,-5.600000000000001,4.300000000000004,-8.799999999999997,7.5,0,0.0,0.0,0.0,0.0,0,1,7.2,21.6,0,-5.78636506440465,-10,34,,,1.0,10.0,10.0,0,41,,,1.0,10.0,10.0,0,180,,,1.0,10.0,10.0,0,399,,,1.0,10.0,10.0,0,480,,,1.0,10.0,10.0,0
2025-05-18 01:29:21.437798,138,95378.562202,1.4891666666666667,10,21,79,1,1.0,-3.299999999999997,3.200000000000003,-16.4,-9.899999999999999,-8.100000000000001,-1.6000000000000014,-22.200000000000003,-15.700000000000003,0.0,0.0,0.0,0.0,0.0,1,31.3,19.5,52795.07,21935.27,100,0,-6.5,3.200000000000003,-9.600000000000001,6.300000000000004,1,0.0,0.0,0.0,0.0,0,0,8.3,28.4,0,-7.600000000000001,4.300000000000004,-10.799999999999997,7.5,0,0.0,0.0,0.0,0.0,0,1,7.2,21.6,0,61.74167976491492,79,44,0.0,16.97056274847714,1.0,21.0,22.0,0,78,0.0,16.97056274847714,1.0,21.0,22.0,0,224,3.4641016151377544,14.798648586948742,1.0,19.0,17.0,-6,443,3.492849839314596,17.049926686059386,1.0,17.2,20.2,-6,524,3.492849839314596,17.049926686059386,1.0,17.2,20.2,-6
2025-05-18 01:29:21.437798,138,95378.562202,1.4891666666666667,34,21,79,1,1.0,-3.299999999999997,3.200000000000003,-16.4,-9.899999999999999,-8.100000000000001,-1.6000000000000014,-22.200000000000003,-15.700000000000003,0.0,0.0,0.0,0.0,0.0,1,31.3,19.5,52795.07,21935.27,100,0,-6.5,3.200000000000003,-9.600000000000001,6.300000000000004,1,0.0,0.0,0.0,0.0,0,0,8.3,28.4,0,-7.600000000000001,4.300000000000004,-10.799999999999997,7.5,0,0.0,0.0,0.0,0.0,0,1,7.2,21.6,0,61.783902072078234,79,44,0.0,16.97056274847714,1.0,21.0,22.0,0,78,0.0,16.97056274847714,1.0,21.0,22.0,0,224,3.4641016151377544,14.798648586948742,1.0,19.0,17.0,-6,443,3.492849839314596,17.049926686059386,1.0,17.2,20.2,-6,524,3.492849839314596,17.049926686059386,1.0,17.2,20.2,-6
2025-05-18 01:40:43.141090,138,94696.85891,1.678611111111111,26,26,74,0,5.0,-7.299999999999997,3.200000000000003,-20.4,-9.899999999999999,-12.100000000000001,-1.6000000000000014,-26.200000000000003,-15.700000000000003,0.0,0.0,0.0,0.0,0.0,1,31.3,19.5,52795.07,21935.27,100,0,-10.5,3.200000000000003,-13.600000000000001,6.300000000000004,1,0.0,0.0,0.0,0.0,0,0,8.3,28.4,0,-11.600000000000001,4.300000000000004,-14.799999999999997,7.5,0,0.0,0.0,0.0,0.0,0,1,7.2,21.6,0,-6.63840830449827,26,26,,,0.0,26.0,26.0,0,26,,,0.0,26.0,26.0,0,70,,,0.0,26.0,26.0,0,430,4.126568965687043,14.596803303006677,0.06666666666666667,31.8,21.266666666666666,12,550,5.933813691677236,12.519477578580494,0.041666666666666664,35.416666666666664,18.291666666666668,16
2025-05-18 01:40:43.272249,138,94696.727751,1.678611111111111,32,26,74,0,5.0,-7.299999999999997,3.200000000000003,-20.4,-9.899999999999999,-12.100000000000001,-1.6000000000000014,-26.200000000000003,-15.700000000000003,0.0,0.0,0.0,0.0,0.0,1,31.3,19.5,52795.07,21935.27,100,0,-10.5,3.200000000000003,-13.600000000000001,6.300000000000004,1,0.0,0.0,0.0,0.0,0,0,8.3,28.4,0,-11.600000000000001,4.300000000000004,-14.799999999999997,7.5,0,0.0,0.0,0.0,0.0,0,1,7.2,21.6,0,-6.658375751966673,26,58,0.0,4.242640687119285,0.0,26.0,29.0,0,58,0.0,4.242640687119285,0.0,26.0,29.0,0,102,0.0,4.242640687119285,0.0,26.0,29.0,0,462,4.242149612323136,14.354877219955592,0.0625,31.4375,21.9375,12,582,6.10655385630881,12.558795058974937,0.04,35.04,18.84,16
2025-05-18 01:44:22.191015,138,94477.808985,1.7394444444444446,442,26,74,0,5.0,-7.299999999999997,3.200000000000003,-20.4,-9.899999999999999,-12.100000000000001,-1.6000000000000014,-26.200000000000003,-15.700000000000003,0.0,0.0,0.0,0.0,0.0,1,31.3,19.5,52795.07,21935.27,100,0,-10.5,3.200000000000003,-13.600000000000001,6.300000000000004,1,0.0,0.0,0.0,0.0,0,0,8.3,28.4,0,-11.600000000000001,4.300000000000004,-14.799999999999997,7.5,0,0.0,0.0,0.0,0.0,0,1,7.2,21.6,0,-6.68311658151417,26,500,0.0,271.5290039756342,0.0,26.0,250.0,0,558,0.0,202.14433787107006,0.0,26.0,139.5,0,558,0.0,202.14433787107006,0.0,26.0,139.5,0,940,4.093574592110967,102.65508353934835,0.058823529411764705,30.41176470588235,48.76470588235294,9,1082,6.3436712747560655,82.38440922402056,0.037037037037037035,34.370370370370374,35.96296296296296,16
2025-05-18 01:44:22.191015,138,94477.808985,1.7394444444444446,58,26,74,0,5.0,-7.299999999999997,3.200000000000003,-20.4,-9.899999999999999,-12.100000000000001,-1.6000000000000014,-26.200000000000003,-15.700000000000003,0.0,0.0,0.0,0.0,0.0,1,31.3,19.5,52795.07,21935.27,100,0,-10.5,3.200000000000003,-13.600000000000001,6.300000000000004,1,0.0,0.0,0.0,0.0,0,0,8.3,28.4,0,-11.600000000000001,4.300000000000004,-14.799999999999997,7.5,0,0.0,0.0,0.0,0.0,0,1,7.2,21.6,0,-7.044675642594854,26,500,0.0,271.5290039756342,0.0,26.0,250.0,0,558,0.0,202.14433787107006,0.0,26.0,139.5,0,558,0.0,202.14433787107006,0.0,26.0,139.5,0,940,4.093574592110967,102.65508353934835,0.058823529411764705,30.41176470588235,48.76470588235294,9,1082,6.3436712747560655,82.38440922402056,0.037037037037037035,34.370370370370374,35.96296296296296,16
2025-05-18 01:45:26.809081,138,94413.190919,1.7572222222222222,26,26,74,0,5.0,-7.299999999999997,3.200000000000003,-20.4,-9.899999999999999,-12.100000000000001,-1.6000000000000014,-26.200000000000003,-15.700000000000003,0.0,0.0,0.0,0.0,0.0,1,31.3,19.5,52795.07,21935.27,100,0,-10.5,3.200000000000003,-13.600000000000001,6.300000000000004,1,0.0,0.0,0.0,0.0,0,0,8.3,28.4,0,-11.600000000000001,4.300000000000004,-14.799999999999997,7.5,0,0.0,0.0,0.0,0.0,0,1,7.2,21.6,0,-7.095044378698219,26,526,0.0,231.4937004182475,0.0,26.0,175.33333333333334,0,584,0.0,182.27232373566756,0.0,26.0,116.8,0,584,0.0,182.27232373566756,0.0,26.0,116.8,0,966,4.1052333887941845,99.73450049123069,0.05555555555555555,30.166666666666668,47.5,9,1108,6.422925210055637,80.86629993766542,0.03571428571428571,34.07142857142857,35.607142857142854,16
2025-05-18 01:45:26.987266,138,94413.012734,1.7572222222222222,29,26,74,0,5.0,-7.299999999999997,3.200000000000003,-20.4,-9.899999999999999,-12.100000000000001,-1.6000000000000014,-26.200000000000003,-15.700000000000003,0.0,0.0,0.0,0.0,0.0,1,31.3,19.5,52795.07,21935.27,100,0,-10.5,3.200000000000003,-13.600000000000001,6.300000000000004,1,0.0,0.0,0.0,0.0,0,0,8.3,28.4,0,-11.600000000000001,4.300000000000004,-14.799999999999997,7.5,0,0.0,0.0,0.0,0.0,0,1,7.2,21.6,0,-7.117858026218158,26,555,0.0,202.68098907725246,0.0,26.0,138.75,0,613,0.0,166.9232358500957,0.0,26.0,102.16666666666667,0,613,0.0,166.9232358500957,0.0,26.0,102.16666666666667,0,995,4.1024881909306155,97.01739158009686,0.05263157894736842,29.94736842105263,46.526315789473685,9,1137,6.482830677725519,79.41860783806248,0.034482758620689655,33.793103448275865,35.37931034482759,16
2025-05-18 01:50:26.586799,138,94113.413201,1.8405555555555557,24,25,75,0,5.0,-7.299999999999997,3.200000000000003,-20.4,-9.899999999999999,-12.100000000000001,-1.6000000000000014,-26.200000000000003,-15.700000000000003,0.0,0.0,0.0,0.0,0.0,1,31.3,19.5,52795.07,21935.27,100,0,-10.5,3.200000000000003,-13.600000000000001,6.300000000000004,1,0.0,0.0,0.0,0.0,0,0,8.3,28.4,0,-11.600000000000001,4.300000000000004,-14.799999999999997,7.5,0,0.0,0.0,0.0,0.0,0,1,7.2,21.6,0,-6.143477721236195,25,24,,,0.0,25.0,24.0,0,79,0.5773502691896258,2.5166114784235836,0.0,25.666666666666668,26.333333333333332,1,637,0.3779644730092272,155.2170523278075,0.0,25.857142857142858,91.0,1,931,4.158619680502032,99.71088926445546,0.05555555555555555,29.333333333333332,45.55555555555556,14,1161,6.569259654922547,78.0649596876504,0.03333333333333333,33.5,35.0,17
2025-05-18 01:50:36.986746,138,94103.013254,1.8433333333333335,29,25,75,0,5.0,-7.299999999999997,3.200000000000003,-20.4,-9.899999999999999,-12.100000000000001,-1.6000000000000014,-26.200000000000003,-15.700000000000003,0.0,0.0,0.0,0.0,0.0,1,31.3,19.5,52795.07,21935.27,100,0,-10.5,3.200000000000003,-13.600000000000001,6.300000000000004,1,0.0,0.0,0.0,0.0,0,0,8.3,28.4,0,-11.600000000000001,4.300000000000004,-14.799999999999997,7.5,0,0.0,0.0,0.0,0.0,0,1,7.2,21.6,0,-6.161832441180138,25,53,0.0,3.5355339059327378,0.0,25.0,26.5,0,53,0.0,3.5355339059327378,0.0,25.0,26.5,0,666,0.4629100498862757,145.36530338623254,0.0,25.75,83.25,1,960,4.1619271289753,96.97597218531274,0.05263157894736842,29.105263157894736,44.68421052631579,14,1190,6.636814885768397,76.76041486549289,0.03225806451612903,33.225806451612904,34.806451612903224,17
2025-05-18 01:55:28.589842,138,93811.410158,1.9244444444444444,20,25,75,0,5.0,-7.299999999999997,3.200000000000003,-20.4,-9.899999999999999,-12.100000000000001,-1.6000000000000014,-26.200000000000003,-15.700000000000003,0.0,0.0,0.0,0.0,0.0,1,31.3,19.5,52795.07,21935.27,100,0,-10.5,3.200000000000003,-13.600000000000001,6.300000000000004,1,0.0,0.0,0.0,0.0,0,0,8.3,28.4,0,-11.600000000000001,4.300000000000004,-14.799999999999997,7.5,0,0.0,0.0,0.0,0.0,0,1,7.2,21.6,0,-6.1841579210394855,25,20,,,0.0,25.0,20.0,0,49,0.0,6.363961030678928,0.0,25.0,24.5,0,686,0.5,137.60157864081518,0.0,25.666666666666668,76.22222222222223,1,960,3.0577235327305803,99.20878163217797,0.05555555555555555,27.944444444444443,47.166666666666664,6,1210,6.688865929240534,75.55754456255563,0.03125,32.96875,34.34375,17
2025-05-18 01:55:28.886189,138,93811.113811,1.9244444444444444,24,25,75,0,5.0,-7.299999999999997,3.200000000000003,-20.4,-9.899999999999999,-12.100000000000001,-1.6000000000000014,-26.200000000000003,-15.700000000000003,0.0,0.0,0.0,0.0,0.0,1,31.3,19.5,52795.07,21935.27,100,0,-10.5,3.200000000000003,-13.600000000000001,6.300000000000004,1,0.0,0.0,0.0,0.0,0,0,8.3,28.4,0,-11.600000000000001,4.300000000000004,-14.799999999999997,7.5,0,0.0,0.0,0.0,0.0,0,1,7.2,21.6,0,-6.199649298597194,25,44,0.0,2.8284271247461903,0.0,25.0,22.0,0,73,0.0,4.509249752822894,0.0,25.0,24.333333333333332,0,710,0.5163977794943222,130.77886339585274,0.0,25.6,71.0,1,984,3.047384076154881,96.55998347844063,0.05263157894736842,27.789473684210527,45.94736842105263,6,1234,6.728078882901526,74.3893829993925,0.030303030303030304,32.72727272727273,34.03030303030303,17
2025-05-18 02:00:25.886770,138,93514.11323,2.0069444444444446,12,25,75,0,5.0,-7.299999999999997,4.300000000000004,-20.4,-8.799999999999997,-12.100000000000001,-0.5,-26.200000000000003,-14.600000000000001,0.0,0.0,0.0,0.0,0.0,1,31.3,19.5,52795.07,21935.27,100,0,-11.600000000000001,4.300000000000004,-14.799999999999997,7.5,0,0.0,0.0,0.0,0.0,0,1,7.2,21.6,0,-13.5,6.200000000000003,-15.5,8.200000000000003,0,0.0,0.0,0.0,0.0,0,4,3.2,11.9,0,-6.2183417085427095,25,12,,,0.0,25.0,12.0,0,56,0.0,6.110100926607786,0.0,25.0,18.666666666666668,0,164,0.4879500364742666,5.94017796751194,0.0,25.285714285714285,23.428571428571427,1,996,3.030980386815981,94.29063412773576,0.05,27.65,44.25,6,1246,6.756590497544982,73.35096814377594,0.029411764705882353,32.5,33.38235294117647,17
2025-05-18 02:00:51.838639,138,93488.161361,2.0141666666666667,5,19,81,0,3.0,-5.299999999999997,4.300000000000004,-18.4,-8.799999999999997,-10.100000000000001,-0.5,-24.200000000000003,-14.600000000000001,0.0,0.0,0.0,0.0,0.0,1,31.3,19.5,52795.07,21935.27,100,0,-9.600000000000001,4.300000000000004,-12.799999999999997,7.5,0,0.0,0.0,0.0,0.0,0,1,7.2,21.6,0,-11.5,6.200000000000003,-13.5,8.200000000000003,0,0.0,0.0,0.0,0.0,0,4,3.2,11.9,0,2.427437141596826,19,17,,,0.0,19.0,5.0,0,17,,,0.0,19.0,5.0,0,114,,,0.0,19.0,5.0,0,1001,,,0.0,19.0,5.0,0,1251,,,0.0,19.0,5.0,0
2025-05-18 02:01:59.216810,138,93420.78319,2.0330555555555554,5,18,82,0,1.0,-3.299999999999997,4.300000000000004,-16.4,-8.799999999999997,-8.100000000000001,-0.5,-22.200000000000003,-14.600000000000001,0.0,0.0,0.0,0.0,0.0,1,31.3,19.5,52795.07,21935.27,100,0,-7.600000000000001,4.300000000000004,-10.799999999999997,7.5,0,0.0,0.0,0.0,0.0,0,1,7.2,21.6,0,-9.5,6.200000000000003,-11.5,8.200000000000003,0,0.0,0.0,0.0,0.0,0,4,3.2,11.9,0,64.92789087668791,-82,22,,,0.0,18.0,5.0,0,22,,,0.0,18.0,5.0,0,119,,,0.0,18.0,5.0,0,1006,3.1411250638372654,16.464102364437203,0.8333333333333334,17.333333333333332,17.666666666666668,-3,1256,3.1411250638372654,16.464102364437203,0.8333333333333334,17.333333333333332,17.666666666666668,-3
2025-05-18 02:02:41.868610,138,93378.13139,2.044722222222222,5,25,75,0,5.0,-7.299999999999997,4.300000000000004,-20.4,-8.799999999999997,-12.100000000000001,-0.5,-26.200000000000003,-14.600000000000001,0.0,0.0,0.0,0.0,0.0,1,31.3,19.5,52795.07,21935.27,100,0,-11.600000000000001,4.300000000000004,-14.799999999999997,7.5,0,0.0,0.0,0.0,0.0,0,1,7.2,21.6,0,-13.5,6.200000000000003,-15.5,8.200000000000003,0,0.0,0.0,0.0,0.0,0,4,3.2,11.9,0,-6.227730246602917,25,15,,,0.0,25.0,5.0,0,27,0.0,4.949747468305833,0.0,25.0,8.5,0,124,0.0,8.899438184514796,0.0,25.0,19.0,0,1011,3.0102997794081507,92.30139554225394,0.047619047619047616,27.523809523809526,42.38095238095238,6,1261,6.776132111061194,72.42330048942476,0.02857142857142857,32.285714285714285,32.57142857142857,17
2025-05-18 02:10:13.744613,138,92926.255387,2.1702777777777778,25,16,84,1,-1.0,-1.2999999999999972,4.300000000000004,-14.399999999999999,-8.799999999999997,-6.100000000000001,-0.5,-20.200000000000003,-14.600000000000001,0.0,0.0,0.0,0.0,0.0,1,31.3,19.5,52795.07,21935.27,100,0,-5.600000000000001,4.300000000000004,-8.799999999999997,7.5,0,0.0,0.0,0.0,0.0,0,1,7.2,21.6,0,-7.5,6.200000000000003,-9.5,8.200000000000003,0,0.0,0.0,0.0,0.0,0,4,3.2,11.9,0,-11.79243107243946,-16,25,,,1.0,16.0,25.0,0,25,,,1.0,16.0,25.0,0,96,,,1.0,16.0,25.0,0,986,4.242640687119285,10.606601717798213,1.0,13.0,17.5,-6,1269,4.242640687119285,10.606601717798213,1.0,13.0,17.5,-6
2025-05-18 02:10:52.379565,138,92887.620435,2.181111111111111,25,23,77,1,1.0,-3.299999999999997,4.300000000000004,-16.4,-8.799999999999997,-8.100000000000001,-0.5,-22.200000000000003,-14.600000000000001,0.0,0.0,0.0,0.0,0.0,1,31.3,19.5,52795.07,21935.27,100,0,-7.600000000000001,4.300000000000004,-10.799999999999997,7.5,0,0.0,0.0,0.0,0.0,0,1,7.2,21.6,0,-9.5,6.200000000000003,-11.5,8.200000000000003,0,0.0,0.0,0.0,0.0,0,4,3.2,11.9,0,59.95015085024684,77,50,,,1.0,23.0,25.0,0,50,,,1.0,23.0,25.0,0,77,3.5355339059327378,14.142135623730951,0.5,20.5,15.0,-5,1011,3.1304951684997055,12.67675037223657,0.8,19.6,16.2,-8,1294,3.5790395093549625,15.283043825476277,0.8571428571428571,18.142857142857142,18.714285714285715,-8
2025-05-18 02:25:36.492694,138,92003.507306,2.4266666666666663,16,31,69,1,3.0,-5.299999999999997,4.300000000000004,-18.4,-8.799999999999997,-10.100000000000001,-0.5,-24.200000000000003,-14.600000000000001,0.0,0.0,0.0,0.0,0.0,1,31.3,19.5,52795.07,21935.27,100,0,-9.600000000000001,4.300000000000004,-12.799999999999997,7.5,0,0.0,0.0,0.0,0.0,0,1,7.2,21.6,0,-11.5,6.200000000000003,-13.5,8.200000000000003,0,0.0,0.0,0.0,0.0,0,4,3.2,11.9,0,-9.569882976374476,-31,22,0.7071067811865476,7.0710678118654755,1.0,30.5,11.0,1,22,0.7071067811865476,7.0710678118654755,1.0,30.5,11.0,1,47,0.7071067811865476,7.0710678118654755,1.0,30.5,11.0,1,863,6.6583281184793925,6.082762530298219,0.6666666666666666,26.666666666666668,9.0,-11,1252,6.6583281184793925,6.082762530298219,0.6666666666666666,26.666666666666668,9.0,-11
2025-05-18 02:25:36.492694,138,92003.507306,2.4266666666666663,6,30,70,1,3.0,-5.299999999999997,4.300000000000004,-18.4,-8.799999999999997,-10.100000000000001,-0.5,-24.200000000000003,-14.600000000000001,0.0,0.0,0.0,0.0,0.0,1,31.3,19.5,52795.07,21935.27,100,0,-9.600000000000001,4.300000000000004,-12.799999999999997,7.5,0,0.0,0.0,0.0,0.0,0,1,7.2,21.6,0,-11.5,6.200000000000003,-13.5,8.200000000000003,0,0.0,0.0,0.0,0.0,0,4,3.2,11.9,0,-8.603811212054065,-30,22,0.7071067811865476,7.0710678118654755,1.0,30.5,11.0,1,22,0.7071067811865476,7.0710678118654755,1.0,30.5,11.0,1,47,0.7071067811865476,7.0710678118654755,1.0,30.5,11.0,1,863,6.6583281184793925,6.082762530298219,0.6666666666666666,26.666666666666668,9.0,-11,1252,6.6583281184793925,6.082762530298219,0.6666666666666666,26.666666666666668,9.0,-11
2025-05-18 02:25:44.875351,138,91995.124649,2.428888888888889,34,25,75,1,1.0,-3.299999999999997,4.300000000000004,-16.4,-8.799999999999997,-8.100000000000001,-0.5,-22.200000000000003,-14.600000000000001,0.0,0.0,0.0,0.0,0.0,1,31.3,19.5,52795.07,21935.27,100,0,-7.600000000000001,4.300000000000004,-10.799999999999997,7.5,0,0.0,0.0,0.0,0.0,0,1,7.2,21.6,0,-9.5,6.200000000000003,-11.5,8.200000000000003,0,0.0,0.0,0.0,0.0,0,4,3.2,11.9,0,58.0530943059276,75,56,,,1.0,25.0,34.0,0,56,,,1.0,25.0,34.0,0,81,1.4142135623730951,6.363961030678928,1.0,24.0,29.5,-2,887,2.6076809620810595,13.501851724856113,0.8,21.6,21.6,-4,1286,4.105745103771404,15.146310253184248,0.875,19.0,20.625,-10
2025-05-18 02:28:18.658303,138,91841.341697,2.4716666666666667,5,17,83,1,-1.0,-1.2999999999999972,4.300000000000004,-14.399999999999999,-8.799999999999997,-6.100000000000001,-0.5,-20.200000000000003,-14.600000000000001,0.0,0.0,0.0,0.0,0.0,1,31.3,19.5,52795.07,21935.27,100,0,-5.600000000000001,4.300000000000004,-8.799999999999997,7.5,0,0.0,0.0,0.0,0.0,0,1,7.2,21.6,0,-7.5,6.200000000000003,-9.5,8.200000000000003,0,0.0,0.0,0.0,0.0,0,4,3.2,11.9,0,-12.823418120664284,-17,5,,,1.0,17.0,5.0,0,61,,,1.0,17.0,5.0,0,61,,,1.0,17.0,5.0,0,892,0.7071067811865476,14.142135623730951,1.0,16.5,15.0,-1,1291,3.7859388972001824,10.408329997330663,1.0,14.333333333333334,13.333333333333334,-7
2025-05-18 02:36:38.746558,138,91341.253442,2.6105555555555555,39,25,75,0,5.0,-7.299999999999997,4.300000000000004,-20.4,-8.799999999999997,-12.100000000000001,-0.5,-26.200000000000003,-14.600000000000001,0.0,0.0,0.0,0.0,0.0,1,31.3,19.5,52795.07,21935.27,100,0,-11.600000000000001,4.300000000000004,-14.799999999999997,7.5,0,0.0,0.0,0.0,0.0,0,1,7.2,21.6,0,-13.5,6.200000000000003,-15.5,8.200000000000003,0,0.0,0.0,0.0,0.0,0,4,3.2,11.9,0,-6.231650509882911,25,39,,,0.0,25.0,39.0,0,39,,,0.0,25.0,39.0,0,100,,,0.0,25.0,39.0,0,887,0.5188745216627708,115.79181141058115,0.0,25.46153846153846,58.92307692307692,1,1291,4.441772701224673,81.70836193595127,0.037037037037037035,28.962962962962962,39.22222222222222,13
2025-05-18 02:37:28.655345,138,91291.344655,2.6244444444444444,12,25,75,0,5.0,-7.299999999999997,4.300000000000004,-20.4,-8.799999999999997,-12.100000000000001,-0.5,-26.200000000000003,-14.600000000000001,0.0,0.0,0.0,0.0,0.0,1,31.3,19.5,52795.07,21935.27,100,0,-11.600000000000001,4.300000000000004,-14.799999999999997,7.5,0,0.0,0.0,0.0,0.0,0,1,7.2,21.6,0,-13.5,6.200000000000003,-15.5,8.200000000000003,0,0.0,0.0,0.0,0.0,0,4,3.2,11.9,0,-6.2623987854251055,25,51,0.0,19.091883092036785,0.0,25.0,25.5,0,51,0.0,19.091883092036785,0.0,25.0,25.5,0,112,0.0,19.091883092036785,0.0,25.0,25.5,0,899,0.5135525910130955,111.95377774621251,0.0,25.428571428571427,55.57142857142857,1,1303,4.422615041977292,80.34583812310196,0.03571428571428571,28.821428571428573,38.25,13
2025-05-18 02:39:00.049414,138,91199.950586,2.65,31,24,76,1,1.0,-3.299999999999997,4.300000000000004,-16.4,-8.799999999999997,-8.100000000000001,-0.5,-22.200000000000003,-14.600000000000001,0.0,0.0,0.0,0.0,0.0,1,31.3,19.5,52795.07,21935.27,100,0,-7.600000000000001,4.300000000000004,-10.799999999999997,7.5,0,0.0,0.0,0.0,0.0,0,1,7.2,21.6,0,-9.5,6.200000000000003,-11.5,8.200000000000003,0,0.0,0.0,0.0,0.0,0,4,3.2,11.9,0,59.18898450946644,76,92,0.0,12.727922061357855,1.0,24.0,40.0,0,131,0.0,12.727922061357855,1.0,24.0,40.0,0,192,0.5773502691896258,9.643650760992955,1.0,24.333333333333332,38.0,1,979,2.7748873851023212,15.974980438172688,0.8,22.8,28.8,-6,1383,4.189935029992179,16.222412479858434,0.9,20.0,24.5,-9
2025-05-18 02:39:00.049414,138,91199.950586,2.65,49,24,76,1,1.0,-3.299999999999997,4.300000000000004,-16.4,-8.799999999999997,-8.100000000000001,-0.5,-22.200000000000003,-14.600000000000001,0.0,0.0,0.0,0.0,0.0,1,31.3,19.5,52795.07,21935.27,100,0,-7.600000000000001,4.300000000000004,-10.799999999999997,7.5,0,0.0,0.0,0.0,0.0,0,1,7.2,21.6,0,-9.5,6.200000000000003,-11.5,8.200000000000003,0,0.0,0.0,0.0,0.0,0,4,3.2,11.9,0,59.315578860218025,76,92,0.0,12.727922061357855,1.0,24.0,40.0,0,131,0.0,12.727922061357855,1.0,24.0,40.0,0,192,0.5773502691896258,9.643650760992955,1.0,24.333333333333332,38.0,1,979,2.7748873851023212,15.974980438172688,0.8,22.8,28.8,-6,1383,4.189935029992179,16.222412479858434,0.9,20.0,24.5,-9
2025-05-18 02:56:34.053519,138,90145.946481,2.942777777777778,50,25,75,1,1.0,-3.299999999999997,4.300000000000004,-16.4,-8.799999999999997,-8.100000000000001,-0.5,-22.200000000000003,-14.600000000000001,0.0,0.0,0.0,0.0,0.0,1,31.3,19.5,52795.07,21935.27,100,0,-7.600000000000001,4.300000000000004,-10.799999999999997,7.5,0,0.0,0.0,0.0,0.0,0,1,7.2,21.6,0,-9.5,6.200000000000003,-11.5,8.200000000000003,0,0.0,0.0,0.0,0.0,0,4,3.2,11.9,0,58.516787815853235,75,99,0.0,0.7071067811865476,1.0,25.0,49.5,0,99,0.0,0.7071067811865476,1.0,25.0,49.5,0,99,0.0,0.7071067811865476,1.0,25.0,49.5,0,368,2.507132682112035,16.4996392456955,0.8571428571428571,23.428571428571427,34.714285714285715,-7,1352,4.260459500043997,17.608537874014583,0.9166666666666666,20.833333333333332,28.666666666666668,-10
2025-05-18 02:56:34.053519,138,90145.946481,2.942777777777778,49,25,75,1,1.0,-3.299999999999997,4.300000000000004,-16.4,-8.799999999999997,-8.100000000000001,-0.5,-22.200000000000003,-14.600000000000001,0.0,0.0,0.0,0.0,0.0,1,31.3,19.5,52795.07,21935.27,100,0,-7.600000000000001,4.300000000000004,-10.799999999999997,7.5,0,0.0,0.0,0.0,0.0,0,1,7.2,21.6,0,-9.5,6.200000000000003,-11.5,8.200000000000003,0,0.0,0.0,0.0,0.0,0,4,3.2,11.9,0,58.72004168113928,75,99,0.0,0.7071067811865476,1.0,25.0,49.5,0,99,0.0,0.7071067811865476,1.0,25.0,49.5,0,99,0.0,0.7071067811865476,1.0,25.0,49.5,0,368,2.507132682112035,16.4996392456955,0.8571428571428571,23.428571428571427,34.714285714285715,-7,1352,4.260459500043997,17.608537874014583,0.9166666666666666,20.833333333333332,28.666666666666668,-10
2025-05-18 03:22:43.973479,138,88576.026521,3.3786111111111112,17,71,29,1,5.0,-7.299999999999997,6.200000000000003,-20.4,-6.899999999999999,-12.100000000000001,1.3999999999999986,-26.200000000000003,-12.700000000000003,0.0,0.0,0.0,0.0,0.0,1,31.3,19.5,52795.07,21935.27,100,0,-13.5,6.200000000000003,-15.5,8.200000000000003,0,0.0,0.0,0.0,0.0,0,4,3.2,11.9,0,-14.399999999999999,7.100000000000001,-16.6,9.300000000000004,0,0.0,0.0,0.0,0.0,0,47,4.7,14.0,0,-52.271920932589964,-71,262,15.481171359644161,15.973134496429486,1.0,36.0,20.153846153846153,40,262,15.481171359644161,15.973134496429486,1.0,36.0,20.153846153846153,40,262,15.481171359644161,15.973134496429486,1.0,36.0,20.153846153846153,40,553,14.846195600541028,15.756480148391857,0.8666666666666667,34.53333333333333,20.866666666666667,-6,1425,11.599808427536876,80.42894264389415,0.5,30.5,38.0,-1
2025-05-18 03:22:43.973479,138,88576.026521,3.3786111111111112,7,29,71,1,5.0,-7.299999999999997,6.200000000000003,-20.4,-6.899999999999999,-12.100000000000001,1.3999999999999986,-26.200000000000003,-12.700000000000003,0.0,0.0,0.0,0.0,0.0,1,31.3,19.5,52795.07,21935.27,100,0,-13.5,6.200000000000003,-15.5,8.200000000000003,0,0.0,0.0,0.0,0.0,0,4,3.2,11.9,0,-14.399999999999999,7.100000000000001,-16.6,9.300000000000004,0,0.0,0.0,0.0,0.0,0,47,4.7,14.0,0,-10.384761904761906,-29,262,15.481171359644161,15.973134496429486,1.0,36.0,20.153846153846153,40,262,15.481171359644161,15.973134496429486,1.0,36.0,20.153846153846153,40,262,15.481171359644161,15.973134496429486,1.0,36.0,20.153846153846153,40,553,14.846195600541028,15.756480148391857,0.8666666666666667,34.53333333333333,20.866666666666667,-6,1425,11.599808427536876,80.42894264389415,0.5,30.5,38.0,-1
2025-05-18 03:22:43.973479,138,88576.026521,3.3786111111111112,49,33,67,1,5.0,-7.299999999999997,6.200000000000003,-20.4,-6.899999999999999,-12.100000000000001,1.3999999999999986,-26.200000000000003,-12.700000000000003,0.0,0.0,0.0,0.0,0.0,1,31.3,19.5,52795.07,21935.27,100,0,-13.5,6.200000000000003,-15.5,8.200000000000003,0,0.0,0.0,0.0,0.0,0,4,3.2,11.9,0,-14.399999999999999,7.100000000000001,-16.6,9.300000000000004,0,0.0,0.0,0.0,0.0,0,47,4.7,14.0,0,-14.394001016776816,-33,262,15.481171359644161,15.973134496429486,1.0,36.0,20.153846153846153,40,262,15.481171359644161,15.973134496429486,1.0,36.0,20.153846153846153,40,262,15.481171359644161,15.973134496429486,1.0,36.0,20.153846153846153,40,553,14.846195600541028,15.756480148391857,0.8666666666666667,34.53333333333333,20.866666666666667,-6,1425,11.599808427536876,80.42894264389415,0.5,30.5,38.0,-1
2025-05-18 03:22:43.973479,138,88576.026521,3.3786111111111112,6,26,74,1,5.0,-7.299999999999997,6.200000000000003,-20.4,-6.899999999999999,-12.100000000000001,1.3999999999999986,-26.200000000000003,-12.700000000000003,0.0,0.0,0.0,0.0,0.0,1,31.3,19.5,52795.07,21935.27,100,0,-13.5,6.200000000000003,-15.5,8.200000000000003,0,0.0,0.0,0.0,0.0,0,4,3.2,11.9,0,-14.399999999999999,7.100000000000001,-16.6,9.300000000000004,0,0.0,0.0,0.0,0.0,0,47,4.7,14.0,0,-7.48420514132242,-26,262,15.481171359644161,15.973134496429486,1.0,36.0,20.153846153846153,40,262,15.481171359644161,15.973134496429486,1.0,36.0,20.153846153846153,40,262,15.481171359644161,15.973134496429486,1.0,36.0,20.153846153846153,40,553,14.846195600541028,15.756480148391857,0.8666666666666667,34.53333333333333,20.866666666666667,-6,1425,11.599808427536876,80.42894264389415,0.5,30.5,38.0,-1
2025-05-18 03:22:43.973479,138,88576.026521,3.3786111111111112,25,30,70,1,5.0,-7.299999999999997,6.200000000000003,-20.4,-6.899999999999999,-12.100000000000001,1.3999999999999986,-26.200000000000003,-12.700000000000003,0.0,0.0,0.0,0.0,0.0,1,31.3,19.5,52795.07,21935.27,100,0,-13.5,6.200000000000003,-15.5,8.200000000000003,0,0.0,0.0,0.0,0.0,0,4,3.2,11.9,0,-14.399999999999999,7.100000000000001,-16.6,9.300000000000004,0,0.0,0.0,0.0,0.0,0,47,4.7,14.0,0,-11.489952643030847,-30,262,15.481171359644161,15.973134496429486,1.0,36.0,20.153846153846153,40,262,15.481171359644161,15.973134496429486,1.0,36.0,20.153846153846153,40,262,15.481171359644161,15.973134496429486,1.0,36.0,20.153846153846153,40,553,14.846195600541028,15.756480148391857,0.8666666666666667,34.53333333333333,20.866666666666667,-6,1425,11.599808427536876,80.42894264389415,0.5,30.5,38.0,-1
2025-05-18 03:22:43.973479,138,88576.026521,3.3786111111111112,20,70,30,1,5.0,-7.299999999999997,6.200000000000003,-20.4,-6.899999999999999,-12.100000000000001,1.3999999999999986,-26.200000000000003,-12.700000000000003,0.0,0.0,0.0,0.0,0.0,1,31.3,19.5,52795.07,21935.27,100,0,-13.5,6.200000000000003,-15.5,8.200000000000003,0,0.0,0.0,0.0,0.0,0,4,3.2,11.9,0,-14.399999999999999,7.100000000000001,-16.6,9.300000000000004,0,0.0,0.0,0.0,0.0,0,47,4.7,14.0,0,-51.52683615819209,-70,262,15.481171359644161,15.973134496429486,1.0,36.0,20.153846153846153,40,262,15.481171359644161,15.973134496429486,1.0,36.0,20.153846153846153,40,262,15.481171359644161,15.973134496429486,1.0,36.0,20.153846153846153,40,553,14.846195600541028,15.756480148391857,0.8666666666666667,34.53333333333333,20.866666666666667,-6,1425,11.599808427536876,80.42894264389415,0.5,30.5,38.0,-1
2025-05-18 03:22:43.973479,138,88576.026521,3.3786111111111112,5,30,70,1,5.0,-7.299999999999997,6.200000000000003,-20.4,-6.899999999999999,-12.100000000000001,1.3999999999999986,-26.200000000000003,-12.700000000000003,0.0,0.0,0.0,0.0,0.0,1,31.3,19.5,52795.07,21935.27,100,0,-13.5,6.200000000000003,-15.5,8.200000000000003,0,0.0,0.0,0.0,0.0,0,4,3.2,11.9,0,-14.399999999999999,7.100000000000001,-16.6,9.300000000000004,0,0.0,0.0,0.0,0.0,0,47,4.7,14.0,0,-11.659500514933058,-30,262,15.481171359644161,15.973134496429486,1.0,36.0,20.153846153846153,40,262,15.481171359644161,15.973134496429486,1.0,36.0,20.153846153846153,40,262,15.481171359644161,15.973134496429486,1.0,36.0,20.153846153846153,40,553,14.846195600541028,15.756480148391857,0.8666666666666667,34.53333333333333,20.866666666666667,-6,1425,11.599808427536876,80.42894264389415,0.5,30.5,38.0,-1
2025-05-18 03:22:43.973479,138,88576.026521,3.3786111111111112,12,26,74,1,5.0,-7.299999999999997,6.200000000000003,-20.4,-6.899999999999999,-12.100000000000001,1.3999999999999986,-26.200000000000003,-12.700000000000003,0.0,0.0,0.0,0.0,0.0,1,31.3,19.5,52795.07,21935.27,100,0,-13.5,6.200000000000003,-15.5,8.200000000000003,0,0.0,0.0,0.0,0.0,0,4,3.2,11.9,0,-14.399999999999999,7.100000000000001,-16.6,9.300000000000004,0,0.0,0.0,0.0,0.0,0,47,4.7,14.0,0,-7.667010176478165,-26,262,15.481171359644161,15.973134496429486,1.0,36.0,20.153846153846153,40,262,15.481171359644161,15.973134496429486,1.0,36.0,20.153846153846153,40,262,15.481171359644161,15.973134496429486,1.0,36.0,20.153846153846153,40,553,14.846195600541028,15.756480148391857,0.8666666666666667,34.53333333333333,20.866666666666667,-6,1425,11.599808427536876,80.42894264389415,0.5,30.5,38.0,-1
2025-05-18 03:22:43.973479,138,88576.026521,3.3786111111111112,24,34,66,1,5.0,-7.299999999999997,6.200000000000003,-20.4,-6.899999999999999,-12.100000000000001,1.3999999999999986,-26.200000000000003,-12.700000000000003,0.0,0.0,0.0,0.0,0.0,1,31.3,19.5,52795.07,21935.27,100,0,-13.5,6.200000000000003,-15.5,8.200000000000003,0,0.0,0.0,0.0,0.0,0,4,3.2,11.9,0,-14.399999999999999,7.100000000000001,-16.6,9.300000000000004,0,0.0,0.0,0.0,0.0,0,47,4.7,14.0,0,-15.678880144497484,-34,262,15.481171359644161,15.973134496429486,1.0,36.0,20.153846153846153,40,262,15.481171359644161,15.973134496429486,1.0,36.0,20.153846153846153,40,262,15.481171359644161,15.973134496429486,1.0,36.0,20.153846153846153,40,553,14.846195600541028,15.756480148391857,0.8666666666666667,34.53333333333333,20.866666666666667,-6,1425,11.599808427536876,80.42894264389415,0.5,30.5,38.0,-1
2025-05-18 03:22:43.973479,138,88576.026521,3.3786111111111112,15,28,72,1,5.0,-7.299999999999997,6.200000000000003,-20.4,-6.899999999999999,-12.100000000000001,1.3999999999999986,-26.200000000000003,-12.700000000000003,0.0,0.0,0.0,0.0,0.0,1,31.3,19.5,52795.07,21935.27,100,0,-13.5,6.200000000000003,-15.5,8.200000000000003,0,0.0,0.0,0.0,0.0,0,4,3.2,11.9,0,-14.399999999999999,7.100000000000001,-16.6,9.300000000000004,0,0.0,0.0,0.0,0.0,0,47,4.7,14.0,0,-9.727578620421898,-28,262,15.481171359644161,15.973134496429486,1.0,36.0,20.153846153846153,40,262,15.481171359644161,15.973134496429486,1.0,36.0,20.153846153846153,40,262,15.481171359644161,15.973134496429486,1.0,36.0,20.153846153846153,40,553,14.846195600541028,15.756480148391857,0.8666666666666667,34.53333333333333,20.866666666666667,-6,1425,11.599808427536876,80.42894264389415,0.5,30.5,38.0,-1
2025-05-18 03:22:43.973479,138,88576.026521,3.3786111111111112,6,30,70,1,5.0,-7.299999999999997,6.200000000000003,-20.4,-6.899999999999999,-12.100000000000001,1.3999999999999986,-26.200000000000003,-12.700000000000003,0.0,0.0,0.0,0.0,0.0,1,31.3,19.5,52795.07,21935.27,100,0,-13.5,6.200000000000003,-15.5,8.200000000000003,0,0.0,0.0,0.0,0.0,0,4,3.2,11.9,0,-14.399999999999999,7.100000000000001,-16.6,9.300000000000004,0,0.0,0.0,0.0,0.0,0,47,4.7,14.0,0,-11.7464989626556,-30,262,15.481171359644161,15.973134496429486,1.0,36.0,20.153846153846153,40,262,15.481171359644161,15.973134496429486,1.0,36.0,20.153846153846153,40,262,15.481171359644161,15.973134496429486,1.0,36.0,20.153846153846153,40,553,14.846195600541028,15.756480148391857,0.8666666666666667,34.53333333333333,20.866666666666667,-6,1425,11.599808427536876,80.42894264389415,0.5,30.5,38.0,-1
2025-05-18 03:22:43.973479,138,88576.026521,3.3786111111111112,20,30,70,1,5.0,-7.299999999999997,6.200000000000003,-20.4,-6.899999999999999,-12.100000000000001,1.3999999999999986,-26.200000000000003,-12.700000000000003,0.0,0.0,0.0,0.0,0.0,1,31.3,19.5,52795.07,21935.27,100,0,-13.5,6.200000000000003,-15.5,8.200000000000003,0,0.0,0.0,0.0,0.0,0,4,3.2,11.9,0,-14.399999999999999,7.100000000000001,-16.6,9.300000000000004,0,0.0,0.0,0.0,0.0,0,47,4.7,14.0,0,-11.755644951985467,-30,262,15.481171359644161,15.973134496429486,1.0,36.0,20.153846153846153,40,262,15.481171359644161,15.973134496429486,1.0,36.0,20.153846153846153,40,262,15.481171359644161,15.973134496429486,1.0,36.0,20.153846153846153,40,553,14.846195600541028,15.756480148391857,0.8666666666666667,34.53333333333333,20.866666666666667,-6,1425,11.599808427536876,80.42894264389415,0.5,30.5,38.0,-1
2025-05-18 03:22:43.973479,138,88576.026521,3.3786111111111112,56,31,69,1,5.0,-7.299999999999997,6.200000000000003,-20.4,-6.899999999999999,-12.100000000000001,1.3999999999999986,-26.200000000000003,-12.700000000000003,0.0,0.0,0.0,0.0,0.0,1,31.3,19.5,52795.07,21935.27,100,0,-13.5,6.200000000000003,-15.5,8.200000000000003,0,0.0,0.0,0.0,0.0,0,4,3.2,11.9,0,-14.399999999999999,7.100000000000001,-16.6,9.300000000000004,0,0.0,0.0,0.0,0.0,0,47,4.7,14.0,0,-12.786234712464221,-31,262,15.481171359644161,15.973134496429486,1.0,36.0,20.153846153846153,40,262,15.481171359644161,15.973134496429486,1.0,36.0,20.153846153846153,40,262,15.481171359644161,15.973134496429486,1.0,36.0,20.153846153846153,40,553,14.846195600541028,15.756480148391857,0.8666666666666667,34.53333333333333,20.866666666666667,-6,1425,11.599808427536876,80.42894264389415,0.5,30.5,38.0,-1
2025-05-18 03:23:56.608791,138,88503.391209,3.398888888888889,20,41,59,0,5.0,-7.299999999999997,6.200000000000003,-20.4,-6.899999999999999,-12.100000000000001,1.3999999999999986,-26.200000000000003,-12.700000000000003,0.0,0.0,0.0,0.0,0.0,1,31.3,19.5,52795.07,21935.27,100,0,-13.5,6.200000000000003,-15.5,8.200000000000003,0,0.0,0.0,0.0,0.0,0,4,3.2,11.9,0,-14.399999999999999,7.100000000000001,-16.6,9.300000000000004,0,0.0,0.0,0.0,0.0,0,47,4.7,14.0,0,-22.880078636959368,41,282,14.933736421823024,15.346546305813682,0.9285714285714286,36.357142857142854,20.142857142857142,30,282,14.933736421823024,15.346546305813682,0.9285714285714286,36.357142857142854,20.142857142857142,30,282,14.933736421823024,15.346546305813682,0.9285714285714286,36.357142857142854,20.142857142857142,30,573,14.433612391451652,15.223747895968325,0.8125,34.9375,20.8125,-16,1438,11.556458113882949,79.05035185297292,0.4827586206896552,30.862068965517242,37.37931034482759,-11
2025-05-18 03:23:56.615669,138,88503.384331,3.398888888888889,20,16,84,0,-1.0,-1.2999999999999972,6.200000000000003,-14.399999999999999,-6.899999999999999,-6.100000000000001,1.3999999999999986,-20.200000000000003,-12.700000000000003,0.0,0.0,0.0,0.0,0.0,1,31.3,19.5,52795.07,21935.27,100,0,-7.5,6.200000000000003,-9.5,8.200000000000003,0,0.0,0.0,0.0,0.0,0,4,3.2,11.9,0,-8.399999999999999,7.100000000000001,-10.600000000000001,9.300000000000004,0,0.0,0.0,0.0,0.0,0,47,4.7,14.0,0,-11.830160900199814,16,302,,,0.0,16.0,20.0,0,302,,,0.0,16.0,20.0,0,302,,,0.0,16.0,20.0,0,593,0.7071067811865476,10.606601717798213,0.5,16.5,12.5,1,1458,3.2015621187164243,9.128709291752768,0.75,14.75,15.0,-6
2025-05-18 03:23:56.616259,138,88503.383741,3.398888888888889,20,24,76,0,1.0,-3.299999999999997,6.200000000000003,-16.4,-6.899999999999999,-8.100000000000001,1.3999999999999986,-22.200000000000003,-12.700000000000003,0.0,0.0,0.0,0.0,0.0,1,31.3,19.5,52795.07,21935.27,100,0,-9.5,6.200000000000003,-11.5,8.200000000000003,0,0.0,0.0,0.0,0.0,0,4,3.2,11.9,0,-10.399999999999999,7.100000000000001,-12.600000000000001,9.300000000000004,0,0.0,0.0,0.0,0.0,0,47,4.7,14.0,0,59.92060504670292,-76,322,,,0.0,24.0,20.0,0,322,,,0.0,24.0,20.0,0,322,,,0.0,24.0,20.0,0,613,0.5477225575051661,12.41638702145945,0.8333333333333334,24.5,38.833333333333336,1,1478,2.309401076758503,15.986452597955141,0.8,23.0,30.7,-3
2025-05-18 03:23:56.617176,138,88503.382824,3.398888888888889,20,22,78,0,3.0,-5.299999999999997,6.200000000000003,-18.4,-6.899999999999999,-10.100000000000001,1.3999999999999986,-24.200000000000003,-12.700000000000003,0.0,0.0,0.0,0.0,0.0,1,31.3,19.5,52795.07,21935.27,100,0,-11.5,6.200000000000003,-13.5,8.200000000000003,0,0.0,0.0,0.0,0.0,0,4,3.2,11.9,0,-12.399999999999999,7.100000000000001,-14.600000000000001,9.300000000000004,0,0.0,0.0,0.0,0.0,0,47,4.7,14.0,0,-0.6152651431107188,22,342,,,0.0,22.0,20.0,0,342,,,0.0,22.0,20.0,0,342,,,0.0,22.0,20.0,0,633,4.932882862316247,7.211102550927978,0.6666666666666666,27.666666666666668,14.0,9,1498,5.916079783099616,7.41057802513857,0.5,25.5,11.75,-3
2025-05-18 03:28:00.317723,138,88259.682277,3.466666666666667,169,5,95,1,-3.0,0.7000000000000028,6.200000000000003,-12.399999999999999,-6.899999999999999,-4.100000000000001,1.3999999999999986,-18.200000000000003,-12.700000000000003,0.0,0.0,0.0,0.0,0.0,1,31.3,19.5,52795.07,21935.27,100,0,-5.5,6.200000000000003,-7.5,8.200000000000003,0,0.0,0.0,0.0,0.0,0,4,3.2,11.9,0,-6.399999999999999,7.100000000000001,-8.600000000000001,9.300000000000004,0,0.0,0.0,0.0,0.0,0,47,4.7,14.0,0,-2.4289940828402368,-5,169,,,1.0,5.0,169.0,0,249,,,1.0,5.0,169.0,0,511,,,1.0,5.0,169.0,0,746,,,1.0,5.0,169.0,0,1633,,,1.0,5.0,169.0,0
2025-05-18 03:28:43.261009,138,88216.738991,3.4786111111111113,7,26,74,1,3.0,-5.299999999999997,6.200000000000003,-18.4,-6.899999999999999,-10.100000000000001,1.3999999999999986,-24.200000000000003,-12.700000000000003,0.0,0.0,0.0,0.0,0.0,1,31.3,19.5,52795.07,21935.27,100,0,-11.5,6.200000000000003,-13.5,8.200000000000003,0,0.0,0.0,0.0,0.0,0,4,3.2,11.9,0,-12.399999999999999,7.100000000000001,-14.600000000000001,9.300000000000004,0,0.0,0.0,0.0,0.0,0,47,4.7,14.0,0,-4.618007577445955,-26,377,7.332369082611456,14.272032409257944,1.0,36.81818181818182,18.90909090909091,-13,457,8.195989410940111,13.611492470435682,0.9166666666666666,35.583333333333336,19.0,-17,719,8.195989410940111,13.611492470435682,0.9166666666666666,35.583333333333336,19.0,-17,949,8.195989410940111,13.611492470435682,0.9166666666666666,35.583333333333336,19.0,-17,1841,8.528942322636327,12.96148139681572,0.8666666666666667,33.8,17.0,-20
2025-05-18 03:28:43.261009,138,88216.738991,3.4786111111111113,12,38,62,1,3.0,-5.299999999999997,6.200000000000003,-18.4,-6.899999999999999,-10.100000000000001,1.3999999999999986,-24.200000000000003,-12.700000000000003,0.0,0.0,0.0,0.0,0.0,1,31.3,19.5,52795.07,21935.27,100,0,-11.5,6.200000000000003,-13.5,8.200000000000003,0,0.0,0.0,0.0,0.0,0,4,3.2,11.9,0,-12.399999999999999,7.100000000000001,-14.600000000000001,9.300000000000004,0,0.0,0.0,0.0,0.0,0,47,4.7,14.0,0,-16.625223214285715,-38,377,7.332369082611456,14.272032409257944,1.0,36.81818181818182,18.90909090909091,-13,457,8.195989410940111,13.611492470435682,0.9166666666666666,35.583333333333336,19.0,-17,719,8.195989410940111,13.611492470435682,0.9166666666666666,35.583333333333336,19.0,-17,949,8.195989410940111,13.611492470435682,0.9166666666666666,35.583333333333336,19.0,-17,1841,8.528942322636327,12.96148139681572,0.8666666666666667,33.8,17.0,-20
2025-05-18 03:28:43.261009,138,88216.738991,3.4786111111111113,40,25,75,1,3.0,-5.299999999999997,6.200000000000003,-18.4,-6.899999999999999,-10.100000000000001,1.3999999999999986,-24.200000000000003,-12.700000000000003,0.0,0.0,0.0,0.0,0.0,1,31.3,19.5,52795.07,21935.27,100,0,-11.5,6.200000000000003,-13.5,8.200000000000003,0,0.0,0.0,0.0,0.0,0,4,3.2,11.9,0,-12.399999999999999,7.100000000000001,-14.600000000000001,9.300000000000004,0,0.0,0.0,0.0,0.0,0,47,4.7,14.0,0,-3.6698746642793196,-25,377,7.332369082611456,14.272032409257944,1.0,36.81818181818182,18.90909090909091,-13,457,8.195989410940111,13.611492470435682,0.9166666666666666,35.583333333333336,19.0,-17,719,8.195989410940111,13.611492470435682,0.9166666666666666,35.583333333333336,19.0,-17,949,8.195989410940111,13.611492470435682,0.9166666666666666,35.583333333333336,19.0,-17,1841,8.528942322636327,12.96148139681572,0.8666666666666667,33.8,17.0,-20
2025-05-18 03:28:43.261009,138,88216.738991,3.4786111111111113,10,46,54,1,3.0,-5.299999999999997,6.200000000000003,-18.4,-6.899999999999999,-10.100000000000001,1.3999999999999986,-24.200000000000003,-12.700000000000003,0.0,0.0,0.0,0.0,0.0,1,31.3,19.5,52795.07,21935.27,100,0,-11.5,6.200000000000003,-13.5,8.200000000000003,0,0.0,0.0,0.0,0.0,0,4,3.2,11.9,0,-12.399999999999999,7.100000000000001,-14.600000000000001,9.300000000000004,0,0.0,0.0,0.0,0.0,0,47,4.7,14.0,0,-24.703026196928636,-46,377,7.332369082611456,14.272032409257944,1.0,36.81818181818182,18.90909090909091,-13,457,8.195989410940111,13.611492470435682,0.9166666666666666,35.583333333333336,19.0,-17,719,8.195989410940111,13.611492470435682,0.9166666666666666,35.583333333333336,19.0,-17,949,8.195989410940111,13.611492470435682,0.9166666666666666,35.583333333333336,19.0,-17,1841,8.528942322636327,12.96148139681572,0.8666666666666667,33.8,17.0,-20
2025-05-18 03:28:43.261009,138,88216.738991,3.4786111111111113,16,32,68,1,3.0,-5.299999999999997,6.200000000000003,-18.4,-6.899999999999999,-10.100000000000001,1.3999999999999986,-24.200000000000003,-12.700000000000003,0.0,0.0,0.0,0.0,0.0,1,31.3,19.5,52795.07,21935.27,100,0,-11.5,6.200000000000003,-13.5,8.200000000000003,0,0.0,0.0,0.0,0.0,0,4,3.2,11.9,0,-12.399999999999999,7.100000000000001,-14.600000000000001,9.300000000000004,0,0.0,0.0,0.0,0.0,0,47,4.7,14.0,0,-10.75894069714803,-32,377,7.332369082611456,14.272032409257944,1.0,36.81818181818182,18.90909090909091,-13,457,8.195989410940111,13.611492470435682,0.9166666666666666,35.583333333333336,19.0,-17,719,8.195989410940111,13.611492470435682,0.9166666666666666,35.583333333333336,19.0,-17,949,8.195989410940111,13.611492470435682,0.9166666666666666,35.583333333333336,19.0,-17,1841,8.528942322636327,12.96148139681572,0.8666666666666667,33.8,17.0,-20
2025-05-18 03:28:43.261009,138,88216.738991,3.4786111111111113,18,40,60,1,3.0,-5.299999999999997,6.200000000000003,-18.4,-6.899999999999999,-10.100000000000001,1.3999999999999986,-24.200000000000003,-12.700000000000003,0.0,0.0,0.0,0.0,0.0,1,31.3,19.5,52795.07,21935.27,100,0,-11.5,6.200000000000003,-13.5,8.200000000000003,0,0.0,0.0,0.0,0.0,0,4,3.2,11.9,0,-12.399999999999999,7.100000000000001,-14.600000000000001,9.300000000000004,0,0.0,0.0,0.0,0.0,0,47,4.7,14.0,0,-18.79804634257156,-40,377,7.332369082611456,14.272032409257944,1.0,36.81818181818182,18.90909090909091,-13,457,8.195989410940111,13.611492470435682,0.9166666666666666,35.583333333333336,19.0,-17,719,8.195989410940111,13.611492470435682,0.9166666666666666,35.583333333333336,19.0,-17,949,8.195989410940111,13.611492470435682,0.9166666666666666,35.583333333333336,19.0,-17,1841,8.528942322636327,12.96148139681572,0.8666666666666667,33.8,17.0,-20
2025-05-18 03:28:43.261009,138,88216.738991,3.4786111111111113,4,44,56,1,3.0,-5.299999999999997,6.200000000000003,-18.4,-6.899999999999999,-10.100000000000001,1.3999999999999986,-24.200000000000003,-12.700000000000003,0.0,0.0,0.0,0.0,0.0,1,31.3,19.5,52795.07,21935.27,100,0,-11.5,6.200000000000003,-13.5,8.200000000000003,0,0.0,0.0,0.0,0.0,0,4,3.2,11.9,0,-12.399999999999999,7.100000000000001,-14.600000000000001,9.300000000000004,0,0.0,0.0,0.0,0.0,0,47,4.7,14.0,0,-22.87522810218978,-44,377,7.332369082611456,14.272032409257944,1.0,36.81818181818182,18.90909090909091,-13,457,8.195989410940111,13.611492470435682,0.9166666666666666,35.583333333333336,19.0,-17,719,8.195989410940111,13.611492470435682,0.9166666666666666,35.583333333333336,19.0,-17,949,8.195989410940111,13.611492470435682,0.9166666666666666,35.583333333333336,19.0,-17,1841,8.528942322636327,12.96148139681572,0.8666666666666667,33.8,17.0,-20
2025-05-18 03:28:43.261009,138,88216.738991,3.4786111111111113,10,31,69,1,3.0,-5.299999999999997,6.200000000000003,-18.4,-6.899999999999999,-10.100000000000001,1.3999999999999986,-24.200000000000003,-12.700000000000003,0.0,0.0,0.0,0.0,0.0,1,31.3,19.5,52795.07,21935.27,100,0,-11.5,6.200000000000003,-13.5,8.200000000000003,0,0.0,0.0,0.0,0.0,0,4,3.2,11.9,0,-12.399999999999999,7.100000000000001,-14.600000000000001,9.300000000000004,0,0.0,0.0,0.0,0.0,0,47,4.7,14.0,0,-9.896118721461189,-31,377,7.332369082611456,14.272032409257944,1.0,36.81818181818182,18.90909090909091,-13,457,8.195989410940111,13.611492470435682,0.9166666666666666,35.583333333333336,19.0,-17,719,8.195989410940111,13.611492470435682,0.9166666666666666,35.583333333333336,19.0,-17,949,8.195989410940111,13.611492470435682,0.9166666666666666,35.583333333333336,19.0,-17,1841,8.528942322636327,12.96148139681572,0.8666666666666667,33.8,17.0,-20
2025-05-18 03:28:43.261009,138,88216.738991,3.4786111111111113,49,45,55,1,3.0,-5.299999999999997,6.200000000000003,-18.4,-6.899999999999999,-10.100000000000001,1.3999999999999986,-24.200000000000003,-12.700000000000003,0.0,0.0,0.0,0.0,0.0,1,31.3,19.5,52795.07,21935.27,100,0,-11.5,6.200000000000003,-13.5,8.200000000000003,0,0.0,0.0,0.0,0.0,0,4,3.2,11.9,0,-12.399999999999999,7.100000000000001,-14.600000000000001,9.300000000000004,0,0.0,0.0,0.0,0.0,0,47,4.7,14.0,0,-23.918764302059497,-45,377,7.332369082611456,14.272032409257944,1.0,36.81818181818182,18.90909090909091,-13,457,8.195989410940111,13.611492470435682,0.9166666666666666,35.583333333333336,19.0,-17,719,8.195989410940111,13.611492470435682,0.9166666666666666,35.583333333333336,19.0,-17,949,8.195989410940111,13.611492470435682,0.9166666666666666,35.583333333333336,19.0,-17,1841,8.528942322636327,12.96148139681572,0.8666666666666667,33.8,17.0,-20
2025-05-18 03:28:43.261009,138,88216.738991,3.4786111111111113,28,39,61,1,3.0,-5.299999999999997,6.200000000000003,-18.4,-6.899999999999999,-10.100000000000001,1.3999999999999986,-24.200000000000003,-12.700000000000003,0.0,0.0,0.0,0.0,0.0,1,31.3,19.5,52795.07,21935.27,100,0,-11.5,6.200000000000003,-13.5,8.200000000000003,0,0.0,0.0,0.0,0.0,0,4,3.2,11.9,0,-12.399999999999999,7.100000000000001,-14.600000000000001,9.300000000000004,0,0.0,0.0,0.0,0.0,0,47,4.7,14.0,0,-18.190002314279102,-39,377,7.332369082611456,14.272032409257944,1.0,36.81818181818182,18.90909090909091,-13,457,8.195989410940111,13.611492470435682,0.9166666666666666,35.583333333333336,19.0,-17,719,8.195989410940111,13.611492470435682,0.9166666666666666,35.583333333333336,19.0,-17,949,8.195989410940111,13.611492470435682,0.9166666666666666,35.583333333333336,19.0,-17,1841,8.528942322636327,12.96148139681572,0.8666666666666667,33.8,17.0,-20
2025-05-18 03:28:43.261009,138,88216.738991,3.4786111111111113,14,39,61,1,3.0,-5.299999999999997,6.200000000000003,-18.4,-6.899999999999999,-10.100000000000001,1.3999999999999986,-24.200000000000003,-12.700000000000003,0.0,0.0,0.0,0.0,0.0,1,31.3,19.5,52795.07,21935.27,100,0,-11.5,6.200000000000003,-13.5,8.200000000000003,0,0.0,0.0,0.0,0.0,0,4,3.2,11.9,0,-12.399999999999999,7.100000000000001,-14.600000000000001,9.300000000000004,0,0.0,0.0,0.0,0.0,0,47,4.7,14.0,0,-18.308641975308642,-39,377,7.332369082611456,14.272032409257944,1.0,36.81818181818182,18.90909090909091,-13,457,8.195989410940111,13.611492470435682,0.9166666666666666,35.583333333333336,19.0,-17,719,8.195989410940111,13.611492470435682,0.9166666666666666,35.583333333333336,19.0,-17,949,8.195989410940111,13.611492470435682,0.9166666666666666,35.583333333333336,19.0,-17,1841,8.528942322636327,12.96148139681572,0.8666666666666667,33.8,17.0,-20
2025-05-18 03:40:20.238147,138,87519.761853,3.672222222222222,7,21,79,0,1.0,-3.299999999999997,6.200000000000003,-16.4,-6.899999999999999,-8.100000000000001,1.3999999999999986,-22.200000000000003,-12.700000000000003,0.0,0.0,0.0,0.0,0.0,1,31.3,19.5,52795.07,21935.27,100,0,-9.5,6.200000000000003,-11.5,8.200000000000003,0,0.0,0.0,0.0,0.0,0,4,3.2,11.9,0,-10.399999999999999,7.100000000000001,-12.600000000000001,9.300000000000004,0,0.0,0.0,0.0,0.0,0,47,4.7,14.0,0,63.00425799246126,-79,7,,,0.0,21.0,7.0,0,7,,,0.0,21.0,7.0,0,384,,,0.0,21.0,7.0,0,825,1.8929694486000912,21.455380055672126,0.5,23.75,31.5,4,1804,2.3333333333333335,17.38533865071371,0.6666666666666666,23.22222222222222,30.0,-3
2025-05-18 03:40:20.238742,138,87519.761258,3.672222222222222,7,16,84,0,-1.0,-1.2999999999999972,6.200000000000003,-14.399999999999999,-6.899999999999999,-6.100000000000001,1.3999999999999986,-20.200000000000003,-12.700000000000003,0.0,0.0,0.0,0.0,0.0,1,31.3,19.5,52795.07,21935.27,100,0,-7.5,6.200000000000003,-9.5,8.200000000000003,0,0.0,0.0,0.0,0.0,0,4,3.2,11.9,0,-8.399999999999999,7.100000000000001,-10.600000000000001,9.300000000000004,0,0.0,0.0,0.0,0.0,0,47,4.7,14.0,0,-11.855095373590473,16,14,,,0.0,16.0,7.0,0,14,,,0.0,16.0,7.0,0,391,,,0.0,16.0,7.0,0,832,0.0,9.192388155425117,0.0,16.0,13.5,0,1811,0.5,9.776672917374976,0.5,16.25,14.25,0
2025-05-18 03:40:20.239030,138,87519.76097,3.672222222222222,7,34,66,0,3.0,-5.299999999999997,6.200000000000003,-18.4,-6.899999999999999,-10.100000000000001,1.3999999999999986,-24.200000000000003,-12.700000000000003,0.0,0.0,0.0,0.0,0.0,1,31.3,19.5,52795.07,21935.27,100,0,-11.5,6.200000000000003,-13.5,8.200000000000003,0,0.0,0.0,0.0,0.0,0,4,3.2,11.9,0,-12.399999999999999,7.100000000000001,-14.600000000000001,9.300000000000004,0,0.0,0.0,0.0,0.0,0,47,4.7,14.0,0,-13.368544052348682,34,21,,,0.0,34.0,7.0,0,21,,,0.0,34.0,7.0,0,398,7.038315053184162,14.035398969834247,0.9166666666666666,36.583333333333336,17.916666666666668,-8,839,7.859340352041689,13.450288339298023,0.8461538461538461,35.46153846153846,18.076923076923077,-12,1818,8.239892798655413,12.769103335786738,0.8125,33.8125,16.375,-15
2025-05-18 03:40:20.239916,138,87519.760084,3.672222222222222,7,32,68,0,5.0,-7.299999999999997,6.200000000000003,-20.4,-6.899999999999999,-12.100000000000001,1.3999999999999986,-26.200000000000003,-12.700000000000003,0.0,0.0,0.0,0.0,0.0,1,31.3,19.5,52795.07,21935.27,100,0,-13.5,6.200000000000003,-15.5,8.200000000000003,0,0.0,0.0,0.0,0.0,0,4,3.2,11.9,0,-14.399999999999999,7.100000000000001,-16.6,9.300000000000004,0,0.0,0.0,0.0,0.0,0,47,4.7,14.0,0,-13.94021024967148,32,28,,,0.0,32.0,7.0,0,28,,,0.0,32.0,7.0,0,405,,,0.0,32.0,7.0,0,846,14.434416543538607,15.172657111050912,0.8666666666666667,36.06666666666667,19.266666666666666,39,1825,11.557097493015025,79.21597030106312,0.4482758620689655,30.93103448275862,36.793103448275865,-6
2025-05-18 04:25:38.793172,138,84801.206828,4.427222222222222,17,38,62,0,3.0,-5.299999999999997,7.100000000000001,-18.4,-6.0,-10.100000000000001,2.299999999999997,-24.200000000000003,-11.800000000000004,0.0,0.0,0.0,0.0,0.0,1,31.3,19.5,52795.07,21935.27,100,0,-12.399999999999999,7.100000000000001,-14.600000000000001,9.300000000000004,0,0.0,0.0,0.0,0.0,0,47,4.7,14.0,0,-13.100000000000001,7.800000000000004,-16.299999999999997,11.0,0,0.0,0.0,0.0,0.0,0,0,6.4,17.3,0,-17.39044943820224,38,17,,,0.0,38.0,17.0,0,17,,,0.0,38.0,17.0,0,17,,,0.0,38.0,17.0,0,422,6.75011870740823,13.440276248687214,0.8461538461538461,36.69230769230769,17.846153846153847,-12,1033,7.581426117691972,12.925823883873827,0.7857142857142857,35.642857142857146,18.0,-16
2025-05-18 04:46:05.894624,138,83574.105376,4.768055555555556,27,23,77,0,-1.0,-1.2999999999999972,7.100000000000001,-14.399999999999999,-6.0,-6.100000000000001,2.299999999999997,-20.200000000000003,-11.800000000000004,0.0,0.0,0.0,0.0,0.0,1,31.3,19.5,52795.07,21935.27,100,0,-8.399999999999999,7.100000000000001,-10.600000000000001,9.300000000000004,0,0.0,0.0,0.0,0.0,0,47,4.7,14.0,0,-9.100000000000001,7.800000000000004,-12.299999999999997,11.0,0,0.0,0.0,0.0,0.0,0,0,6.4,17.3,0,-18.863847289601352,23,27,,,0.0,23.0,27.0,0,27,,,0.0,23.0,27.0,0,27,,,0.0,23.0,27.0,0,44,,,0.0,23.0,27.0,0,890,4.041451884327381,10.14889156509222,0.0,18.333333333333332,18.0,-7
2025-05-18 04:46:05.895117,138,83574.104883,4.768055555555556,27,7,93,0,-3.0,0.7000000000000028,7.100000000000001,-12.399999999999999,-6.0,-4.100000000000001,2.299999999999997,-18.200000000000003,-11.800000000000004,0.0,0.0,0.0,0.0,0.0,1,31.3,19.5,52795.07,21935.27,100,0,-6.399999999999999,7.100000000000001,-8.600000000000001,9.300000000000004,0,0.0,0.0,0.0,0.0,0,47,4.7,14.0,0,-7.100000000000001,7.800000000000004,-10.299999999999997,11.0,0,0.0,0.0,0.0,0.0,0,0,6.4,17.3,0,-4.518217734855142,7,54,,,0.0,7.0,27.0,0,54,,,0.0,7.0,27.0,0,54,,,0.0,7.0,27.0,0,71,,,0.0,7.0,27.0,0,917,1.4142135623730951,100.40916292848975,0.5,6.0,98.0,-2
2025-05-18 04:46:05.897248,138,83574.102752,4.768055555555556,11,40,60,0,3.0,-5.299999999999997,7.100000000000001,-18.4,-6.0,-10.100000000000001,2.299999999999997,-24.200000000000003,-11.800000000000004,0.0,0.0,0.0,0.0,0.0,1,31.3,19.5,52795.07,21935.27,100,0,-12.399999999999999,7.100000000000001,-14.600000000000001,9.300000000000004,0,0.0,0.0,0.0,0.0,0,47,4.7,14.0,0,-13.100000000000001,7.800000000000004,-16.299999999999997,11.0,0,0.0,0.0,0.0,0.0,0,0,6.4,17.3,0,-19.4599294947121,40,81,0.0,3.5355339059327378,0.0,40.0,13.5,0,81,0.0,3.5355339059327378,0.0,40.0,13.5,0,81,0.0,3.5355339059327378,0.0,40.0,13.5,0,98,1.1547005383792517,3.214550253664318,0.0,39.333333333333336,14.666666666666666,-2,944,7.21312461189093,12.165353810446014,0.6875,36.1875,17.4375,-18
2025-05-18 04:46:05.897248,138,83574.102752,4.768055555555556,16,40,60,0,3.0,-5.299999999999997,7.100000000000001,-18.4,-6.0,-10.100000000000001,2.299999999999997,-24.200000000000003,-11.800000000000004,0.0,0.0,0.0,0.0,0.0,1,31.3,19.5,52795.07,21935.27,100,0,-12.399999999999999,7.100000000000001,-14.600000000000001,9.300000000000004,0,0.0,0.0,0.0,0.0,0,47,4.7,14.0,0,-13.100000000000001,7.800000000000004,-16.299999999999997,11.0,0,0.0,0.0,0.0,0.0,0,0,6.4,17.3,0,-19.51036757775684,40,81,0.0,3.5355339059327378,0.0,40.0,13.5,0,81,0.0,3.5355339059327378,0.0,40.0,13.5,0,81,0.0,3.5355339059327378,0.0,40.0,13.5,0,98,1.1547005383792517,3.214550253664318,0.0,39.333333333333336,14.666666666666666,-2,944,7.21312461189093,12.165353810446014,0.6875,36.1875,17.4375,-18
2025-05-18 04:46:05.902488,138,83574.097512,4.768055555555556,27,19,81,0,5.0,-7.299999999999997,7.100000000000001,-20.4,-6.0,-12.100000000000001,2.299999999999997,-26.200000000000003,-11.800000000000004,0.0,0.0,0.0,0.0,0.0,1,31.3,19.5,52795.07,21935.27,100,0,-14.399999999999999,7.100000000000001,-16.6,9.300000000000004,0,0.0,0.0,0.0,0.0,0,47,4.7,14.0,0,-15.100000000000001,7.800000000000004,-18.299999999999997,11.0,0,0.0,0.0,0.0,0.0,0,0,6.4,17.3,0,-0.9530448507168217,19,108,,,0.0,19.0,27.0,0,108,,,0.0,19.0,27.0,0,108,,,0.0,19.0,27.0,0,125,,,0.0,19.0,27.0,0,971,14.583095236151571,14.785127662620976,0.8125,35.0,19.75,52
2025-05-18 04:46:05.902801,138,83574.097199,4.768055555555556,27,16,84,0,1.0,-3.299999999999997,7.100000000000001,-16.4,-6.0,-8.100000000000001,2.299999999999997,-22.200000000000003,-11.800000000000004,0.0,0.0,0.0,0.0,0.0,1,31.3,19.5,52795.07,21935.27,100,0,-10.399999999999999,7.100000000000001,-12.600000000000001,9.300000000000004,0,0.0,0.0,0.0,0.0,0,47,4.7,14.0,0,-11.100000000000001,7.800000000000004,-14.299999999999997,11.0,0,0.0,0.0,0.0,0.0,0,0,6.4,17.3,0,68.03505831412808,-84,135,,,0.0,16.0,27.0,0,135,,,0.0,16.0,27.0,0,135,,,0.0,16.0,27.0,0,152,,,0.0,16.0,27.0,0,998,3.8340579025361627,18.689569283426515,0.4,22.2,30.6,9
2025-05-18 04:47:01.879343,138,83518.120657,4.783611111111111,10,8,92,1,-5.0,2.700000000000003,7.100000000000001,-10.399999999999999,-6.0,-2.1000000000000014,2.299999999999997,-16.200000000000003,-11.800000000000004,0.0,0.0,0.0,0.0,0.0,1,31.3,19.5,52795.07,21935.27,100,0,-4.399999999999999,7.100000000000001,-6.600000000000001,9.300000000000004,0,0.0,0.0,0.0,0.0,0,47,4.7,14.0,0,-5.100000000000001,7.800000000000004,-8.299999999999997,11.0,0,0.0,0.0,0.0,0.0,0,0,6.4,17.3,0,-6.292535929531757,-8,145,,,1.0,8.0,10.0,0,145,,,1.0,8.0,10.0,0,145,,,1.0,8.0,10.0,0,162,,,1.0,8.0,10.0,0,1008,,,1.0,8.0,10.0,0
2025-05-18 04:48:46.776682,138,83413.223318,4.812777777777778,18,41,59,1,3.0,-5.299999999999997,7.100000000000001,-18.4,-6.0,-10.100000000000001,2.299999999999997,-24.200000000000003,-11.800000000000004,0.0,0.0,0.0,0.0,0.0,1,31.3,19.5,52795.07,21935.27,100,0,-12.399999999999999,7.100000000000001,-14.600000000000001,9.300000000000004,0,0.0,0.0,0.0,0.0,0,47,4.7,14.0,0,-13.100000000000001,7.800000000000004,-16.299999999999997,11.0,0,0.0,0.0,0.0,0.0,0,0,6.4,17.3,0,-20.584200567644277,-41,28,,,1.0,41.0,18.0,0,163,0.5773502691896258,3.605551275463989,0.3333333333333333,40.333333333333336,15.0,-1,163,0.5773502691896258,3.605551275463989,0.3333333333333333,40.333333333333336,15.0,-1,180,1.2583057392117916,3.1091263510296048,0.25,39.75,15.5,-3,1026,7.080939618606625,11.779843202791493,0.7058823529411765,36.470588235294116,17.470588235294116,-19
2025-05-18 04:48:57.947500,138,83402.0525,4.815833333333333,7,43,57,0,3.0,-5.299999999999997,7.100000000000001,-18.4,-6.0,-10.100000000000001,2.299999999999997,-24.200000000000003,-11.800000000000004,0.0,0.0,0.0,0.0,0.0,1,31.3,19.5,52795.07,21935.27,100,0,-12.399999999999999,7.100000000000001,-14.600000000000001,9.300000000000004,0,0.0,0.0,0.0,0.0,0,47,4.7,14.0,0,-13.100000000000001,7.800000000000004,-16.299999999999997,11.0,0,0.0,0.0,0.0,0.0,0,0,6.4,17.3,0,-22.672209026128257,43,35,1.4142135623730951,7.7781745930520225,0.5,42.0,12.5,-2,170,1.4142135623730951,4.96655480858378,0.25,41.0,13.0,-3,170,1.4142135623730951,4.96655480858378,0.25,41.0,13.0,-3,187,1.8165902124584952,4.658325879540846,0.2,40.4,13.8,-5,1033,7.039802804724842,11.691570059556431,0.6666666666666666,36.833333333333336,16.88888888888889,-21
2025-05-18 04:48:57.952153,138,83402.047847,4.815833333333333,7,16,84,0,1.0,-3.299999999999997,7.100000000000001,-16.4,-6.0,-8.100000000000001,2.299999999999997,-22.200000000000003,-11.800000000000004,0.0,0.0,0.0,0.0,0.0,1,31.3,19.5,52795.07,21935.27,100,0,-10.399999999999999,7.100000000000001,-12.600000000000001,9.300000000000004,0,0.0,0.0,0.0,0.0,0,47,4.7,14.0,0,-11.100000000000001,7.800000000000004,-14.299999999999997,11.0,0,0.0,0.0,0.0,0.0,0,0,6.4,17.3,0,68.16358802127064,-84,42,,,0.0,16.0,7.0,0,177,0.0,14.142135623730951,0.0,16.0,17.0,0,177,0.0,14.142135623730951,0.0,16.0,17.0,0,194,0.0,14.142135623730951,0.0,16.0,17.0,0,1040,4.262237284181474,19.294213294837046,0.3333333333333333,21.166666666666668,26.666666666666668,9
2025-05-18 04:48:57.953704,138,83402.046296,4.815833333333333,7,18,82,0,5.0,-7.299999999999997,7.100000000000001,-20.4,-6.0,-12.100000000000001,2.299999999999997,-26.200000000000003,-11.800000000000004,0.0,0.0,0.0,0.0,0.0,1,31.3,19.5,52795.07,21935.27,100,0,-14.399999999999999,7.100000000000001,-16.6,9.300000000000004,0,0.0,0.0,0.0,0.0,0,47,4.7,14.0,0,-15.100000000000001,7.800000000000004,-18.299999999999997,11.0,0,0.0,0.0,0.0,0.0,0,0,6.4,17.3,0,0.0435586061246056,18,49,,,0.0,18.0,7.0,0,184,0.7071067811865476,14.142135623730951,0.0,18.5,17.0,1,184,0.7071067811865476,14.142135623730951,0.0,18.5,17.0,1,201,0.7071067811865476,14.142135623730951,0.0,18.5,17.0,1,1047,14.70969068335565,14.64581851587681,0.7647058823529411,34.0,19.0,53
2025-05-18 04:48:57.963129,138,83402.036871,4.815833333333333,7,22,78,0,-1.0,-1.2999999999999972,7.100000000000001,-14.399999999999999,-6.0,-6.100000000000001,2.299999999999997,-20.200000000000003,-11.800000000000004,0.0,0.0,0.0,0.0,0.0,1,31.3,19.5,52795.07,21935.27,100,0,-8.399999999999999,7.100000000000001,-10.600000000000001,9.300000000000004,0,0.0,0.0,0.0,0.0,0,47,4.7,14.0,0,-9.100000000000001,7.800000000000004,-12.299999999999997,11.0,0,0.0,0.0,0.0,0.0,0,0,6.4,17.3,0,-17.91771549444738,22,56,,,0.0,22.0,7.0,0,191,0.7071067811865476,14.142135623730951,0.0,22.5,17.0,1,191,0.7071067811865476,14.142135623730951,0.0,22.5,17.0,1,208,0.7071067811865476,14.142135623730951,0.0,22.5,17.0,1,1054,3.774917217635375,9.945685831890462,0.0,19.25,15.25,-6
2025-05-18 04:48:57.963987,138,83402.036013,4.815833333333333,7,6,94,0,-3.0,0.7000000000000028,7.100000000000001,-12.399999999999999,-6.0,-4.100000000000001,2.299999999999997,-18.200000000000003,-11.800000000000004,0.0,0.0,0.0,0.0,0.0,1,31.3,19.5,52795.07,21935.27,100,0,-6.399999999999999,7.100000000000001,-8.600000000000001,9.300000000000004,0,0.0,0.0,0.0,0.0,0,47,4.7,14.0,0,-7.100000000000001,7.800000000000004,-10.299999999999997,11.0,0,0.0,0.0,0.0,0.0,0,0,6.4,17.3,0,-3.545153455508938,6,63,,,0.0,6.0,7.0,0,198,0.7071067811865476,14.142135623730951,0.0,6.5,17.0,1,198,0.7071067811865476,14.142135623730951,0.0,6.5,17.0,1,215,0.7071067811865476,14.142135623730951,0.0,6.5,17.0,1,1061,1.0,88.32515685428095,0.3333333333333333,6.0,67.66666666666667,-1
2025-05-18 04:52:40.613179,138,83179.386821,4.877777777777778,12,42,58,0,3.0,-5.299999999999997,7.100000000000001,-18.4,-6.0,-10.100000000000001,2.299999999999997,-24.200000000000003,-11.800000000000004,0.0,0.0,0.0,0.0,0.0,1,31.3,19.5,52795.07,21935.27,100,0,-12.399999999999999,7.100000000000001,-14.600000000000001,9.300000000000004,0,0.0,0.0,0.0,0.0,0,47,4.7,14.0,0,-13.100000000000001,7.800000000000004,-16.299999999999997,11.0,0,0.0,0.0,0.0,0.0,0,0,6.4,17.3,0,-21.709969069712116,42,12,,,0.0,42.0,12.0,0,65,1.0,5.507570547286102,0.3333333333333333,42.0,12.333333333333334,-1,210,1.3038404810405297,4.324349662087931,0.2,41.2,12.8,-2,227,1.7511900715418263,4.230839160261236,0.16666666666666666,40.666666666666664,13.5,-4,1073,6.9433800353854656,11.417386966648666,0.631578947368421,37.10526315789474,16.63157894736842,-20
2025-05-18 04:52:40.613695,138,83179.386305,4.877777777777778,12,19,81,0,-1.0,-1.2999999999999972,7.100000000000001,-14.399999999999999,-6.0,-6.100000000000001,2.299999999999997,-20.200000000000003,-11.800000000000004,0.0,0.0,0.0,0.0,0.0,1,31.3,19.5,52795.07,21935.27,100,0,-8.399999999999999,7.100000000000001,-10.600000000000001,9.300000000000004,0,0.0,0.0,0.0,0.0,0,47,4.7,14.0,0,-9.100000000000001,7.800000000000004,-12.299999999999997,11.0,0,0.0,0.0,0.0,0.0,0,0,6.4,17.3,0,-14.930990685859442,19,24,,,0.0,19.0,12.0,0,77,2.1213203435596424,3.5355339059327378,0.0,20.5,9.5,3,222,2.081665999466133,10.408329997330663,0.0,21.333333333333332,15.333333333333334,4,239,2.081665999466133,10.408329997330663,0.0,21.333333333333332,15.333333333333334,4,1085,3.271085446759225,8.734987120768983,0.0,19.2,14.6,-3
2025-05-18 04:52:40.615018,138,83179.384982,4.877777777777778,12,21,79,0,1.0,-3.299999999999997,7.100000000000001,-16.4,-6.0,-8.100000000000001,2.299999999999997,-22.200000000000003,-11.800000000000004,0.0,0.0,0.0,0.0,0.0,1,31.3,19.5,52795.07,21935.27,100,0,-10.399999999999999,7.100000000000001,-12.600000000000001,9.300000000000004,0,0.0,0.0,0.0,0.0,0,47,4.7,14.0,0,-11.100000000000001,7.800000000000004,-14.299999999999997,11.0,0,0.0,0.0,0.0,0.0,0,0,6.4,17.3,0,63.19698984949247,-79,36,,,0.0,21.0,12.0,0,89,3.5355339059327378,3.5355339059327378,0.0,18.5,9.5,-5,234,2.886751345948129,10.408329997330663,0.0,17.666666666666668,15.333333333333334,-5,251,2.886751345948129,10.408329997330663,0.0,17.666666666666668,15.333333333333334,-5,1097,3.8913824205360674,18.464895909600493,0.2857142857142857,21.142857142857142,24.571428571428573,4
2025-05-18 04:52:40.619169,138,83179.380831,4.877777777777778,12,18,82,0,5.0,-7.299999999999997,7.100000000000001,-20.4,-6.0,-12.100000000000001,2.299999999999997,-26.200000000000003,-11.800000000000004,0.0,0.0,0.0,0.0,0.0,1,31.3,19.5,52795.07,21935.27,100,0,-14.399999999999999,7.100000000000001,-16.6,9.300000000000004,0,0.0,0.0,0.0,0.0,0,47,4.7,14.0,0,-15.100000000000001,7.800000000000004,-18.299999999999997,11.0,0,0.0,0.0,0.0,0.0,0,0,6.4,17.3,0,0.043598890210063246,18,48,,,0.0,18.0,12.0,0,101,0.0,3.5355339059327378,0.0,18.0,9.5,0,246,0.5773502691896258,10.408329997330663,0.0,18.333333333333332,15.333333333333334,1,263,0.5773502691896258,10.408329997330663,0.0,18.333333333333332,15.333333333333334,1,1109,14.76039569407784,14.304005563596466,0.7222222222222222,33.111111111111114,18.61111111111111,53
2025-05-18 04:52:40.626588,138,83179.373412,4.877777777777778,12,5,95,0,-3.0,0.7000000000000028,7.100000000000001,-12.399999999999999,-6.0,-4.100000000000001,2.299999999999997,-18.200000000000003,-11.800000000000004,0.0,0.0,0.0,0.0,0.0,1,31.3,19.5,52795.07,21935.27,100,0,-6.399999999999999,7.100000000000001,-8.600000000000001,9.300000000000004,0,0.0,0.0,0.0,0.0,0,47,4.7,14.0,0,-7.100000000000001,7.800000000000004,-10.299999999999997,11.0,0,0.0,0.0,0.0,0.0,0,0,6.4,17.3,0,-2.550641309155239,5,60,,,0.0,5.0,12.0,0,113,0.7071067811865476,3.5355339059327378,0.0,5.5,9.5,1,258,1.0,10.408329997330663,0.0,6.0,15.333333333333334,2,275,1.0,10.408329997330663,0.0,6.0,15.333333333333334,2,1121,0.9574271077563381,77.30189734627044,0.25,5.75,53.75,0
2025-05-18 04:54:22.842704,138,83077.157296,4.9061111111111115,8,10,90,1,-3.0,0.7000000000000028,7.100000000000001,-12.399999999999999,-6.0,-4.100000000000001,2.299999999999997,-18.200000000000003,-11.800000000000004,0.0,0.0,0.0,0.0,0.0,1,31.3,19.5,52795.07,21935.27,100,0,-6.399999999999999,7.100000000000001,-8.600000000000001,9.300000000000004,0,0.0,0.0,0.0,0.0,0,47,4.7,14.0,0,-7.100000000000001,7.800000000000004,-10.299999999999997,11.0,0,0.0,0.0,0.0,0.0,0,0,6.4,17.3,0,-7.557427937915743,-10,68,3.5355339059327378,2.8284271247461903,0.5,7.5,10.0,-5,68,3.5355339059327378,2.8284271247461903,0.5,7.5,10.0,-5,266,2.160246899469287,9.255628917943215,0.25,7.0,13.5,-3,283,2.160246899469287,9.255628917943215,0.25,7.0,13.5,-3,1129,2.073644135332772,70.00214282434503,0.4,6.6,44.6,-5
2025-05-18 05:00:46.335252,138,82693.664748,5.012777777777778,17,22,78,1,1.0,-3.299999999999997,7.800000000000004,-16.4,-5.299999999999997,-8.100000000000001,3.0,-22.200000000000003,-11.100000000000001,0.0,0.0,0.0,0.0,0.0,1,31.3,19.5,52795.07,21935.27,100,0,-11.100000000000001,7.800000000000004,-14.299999999999997,11.0,0,0.0,0.0,0.0,0.0,0,0,6.4,17.3,0,-12.299999999999997,9.0,-15.600000000000001,12.300000000000004,0,0.0,0.0,0.0,0.0,0,34,7.7,26.3,0,62.250122609122116,78,42,0.7071067811865476,5.656854249492381,1.0,21.5,21.0,1,42,0.7071067811865476,5.656854249492381,1.0,21.5,21.0,1,308,2.949576240750525,8.473488065725943,0.4,19.2,17.6,-5,325,2.949576240750525,8.473488065725943,0.4,19.2,17.6,-5,1072,3.023715784073818,8.121107126025425,0.2857142857142857,20.142857142857142,16.428571428571427,3
2025-05-18 05:00:46.335252,138,82693.664748,5.012777777777778,25,21,79,1,1.0,-3.299999999999997,7.800000000000004,-16.4,-5.299999999999997,-8.100000000000001,3.0,-22.200000000000003,-11.100000000000001,0.0,0.0,0.0,0.0,0.0,1,31.3,19.5,52795.07,21935.27,100,0,-11.100000000000001,7.800000000000004,-14.299999999999997,11.0,0,0.0,0.0,0.0,0.0,0,0,6.4,17.3,0,-12.299999999999997,9.0,-15.600000000000001,12.300000000000004,0,0.0,0.0,0.0,0.0,0,34,7.7,26.3,0,63.32435465768799,79,42,0.7071067811865476,5.656854249492381,1.0,21.5,21.0,1,42,0.7071067811865476,5.656854249492381,1.0,21.5,21.0,1,308,2.949576240750525,8.473488065725943,0.4,19.2,17.6,-5,325,2.949576240750525,8.473488065725943,0.4,19.2,17.6,-5,1072,3.023715784073818,8.121107126025425,0.2857142857142857,20.142857142857142,16.428571428571427,3
2025-05-18 05:01:32.155927,138,82647.844073,5.025555555555555,7,41,59,0,3.0,-5.299999999999997,7.800000000000004,-18.4,-5.299999999999997,-10.100000000000001,3.0,-24.200000000000003,-11.100000000000001,0.0,0.0,0.0,0.0,0.0,1,31.3,19.5,52795.07,21935.27,100,0,-13.100000000000001,7.800000000000004,-16.299999999999997,11.0,0,0.0,0.0,0.0,0.0,0,0,6.4,17.3,0,-14.299999999999997,9.0,-17.6,12.300000000000004,0,0.0,0.0,0.0,0.0,0,34,7.7,26.3,0,-20.772130756382722,41,64,0.0,5.656854249492381,0.0,41.0,11.0,0,64,0.0,5.656854249492381,0.0,41.0,11.0,0,195,0.8944271909999159,4.868264577855234,0.2,41.6,11.8,0,347,1.4880476182856899,4.323936698360485,0.125,40.75,12.875,-3,1094,6.690433824641326,11.035872244207804,0.5714285714285714,37.476190476190474,16.095238095238095,-19
2025-05-18 05:01:32.155927,138,82647.844073,5.025555555555555,15,41,59,0,3.0,-5.299999999999997,7.800000000000004,-18.4,-5.299999999999997,-10.100000000000001,3.0,-24.200000000000003,-11.100000000000001,0.0,0.0,0.0,0.0,0.0,1,31.3,19.5,52795.07,21935.27,100,0,-13.100000000000001,7.800000000000004,-16.299999999999997,11.0,0,0.0,0.0,0.0,0.0,0,0,6.4,17.3,0,-14.299999999999997,9.0,-17.6,12.300000000000004,0,0.0,0.0,0.0,0.0,0,34,7.7,26.3,0,-20.80688336520076,41,64,0.0,5.656854249492381,0.0,41.0,11.0,0,64,0.0,5.656854249492381,0.0,41.0,11.0,0,195,0.8944271909999159,4.868264577855234,0.2,41.6,11.8,0,347,1.4880476182856899,4.323936698360485,0.125,40.75,12.875,-3,1094,6.690433824641326,11.035872244207804,0.5714285714285714,37.476190476190474,16.095238095238095,-19
2025-05-18 05:02:09.219233,138,82610.780767,5.035833333333334,188,5,95,0,-3.0,0.7000000000000028,7.800000000000004,-12.399999999999999,-5.299999999999997,-4.100000000000001,3.0,-18.200000000000003,-11.100000000000001,0.0,0.0,0.0,0.0,0.0,1,31.3,19.5,52795.07,21935.27,100,0,-7.100000000000001,7.800000000000004,-10.299999999999997,11.0,0,0.0,0.0,0.0,0.0,0,0,6.4,17.3,0,-8.299999999999997,9.0,-11.600000000000001,12.300000000000004,0,0.0,0.0,0.0,0.0,0,34,7.7,26.3,0,-2.511874684183937,5,252,,,0.0,5.0,188.0,0,252,,,0.0,5.0,188.0,0,373,2.3804761428476167,89.52606696748532,0.25,6.5,53.75,1,535,2.073644135332772,78.44934671493446,0.2,6.6,48.4,2,1282,1.9663841605003503,85.71755946129124,0.3333333333333333,6.333333333333333,68.5,0
2025-05-18 05:07:01.464882,138,82318.535118,5.116944444444444,40,26,74,1,5.0,-7.299999999999997,7.800000000000004,-20.4,-5.299999999999997,-12.100000000000001,3.0,-26.200000000000003,-11.100000000000001,0.0,0.0,0.0,0.0,0.0,1,31.3,19.5,52795.07,21935.27,100,0,-15.100000000000001,7.800000000000004,-18.299999999999997,11.0,0,0.0,0.0,0.0,0.0,0,0,6.4,17.3,0,-16.299999999999997,9.0,-19.6,12.300000000000004,0,0.0,0.0,0.0,0.0,0,34,7.7,26.3,0,-7.956331877729259,-26,87,1.0,19.05255888325765,1.0,25.0,29.0,1,275,1.0,19.05255888325765,1.0,25.0,29.0,1,407,3.593976442141304,17.727097901235837,0.75,23.25,24.75,-7,622,3.7237973450050514,15.638627390748418,0.5,21.666666666666668,22.166666666666668,-6,1369,13.919325380478002,14.969651839320653,0.7619047619047619,31.952380952380953,20.095238095238095,46
2025-05-18 05:07:01.464882,138,82318.535118,5.116944444444444,40,24,76,1,5.0,-7.299999999999997,7.800000000000004,-20.4,-5.299999999999997,-12.100000000000001,3.0,-26.200000000000003,-11.100000000000001,0.0,0.0,0.0,0.0,0.0,1,31.3,19.5,52795.07,21935.27,100,0,-15.100000000000001,7.800000000000004,-18.299999999999997,11.0,0,0.0,0.0,0.0,0.0,0,0,6.4,17.3,0,-16.299999999999997,9.0,-19.6,12.300000000000004,0,0.0,0.0,0.0,0.0,0,34,7.7,26.3,0,-5.998669682054011,-24,87,1.0,19.05255888325765,1.0,25.0,29.0,1,275,1.0,19.05255888325765,1.0,25.0,29.0,1,407,3.593976442141304,17.727097901235837,0.75,23.25,24.75,-7,622,3.7237973450050514,15.638627390748418,0.5,21.666666666666668,22.166666666666668,-6,1369,13.919325380478002,14.969651839320653,0.7619047619047619,31.952380952380953,20.095238095238095,46
2025-05-18 05:07:01.464882,138,82318.535118,5.116944444444444,7,25,75,1,5.0,-7.299999999999997,7.800000000000004,-20.4,-5.299999999999997,-12.100000000000001,3.0,-26.200000000000003,-11.100000000000001,0.0,0.0,0.0,0.0,0.0,1,31.3,19.5,52795.07,21935.27,100,0,-15.100000000000001,7.800000000000004,-18.299999999999997,11.0,0,0.0,0.0,0.0,0.0,0,0,6.4,17.3,0,-16.299999999999997,9.0,-19.6,12.300000000000004,0,0.0,0.0,0.0,0.0,0,34,7.7,26.3,0,-7.030761000401231,-25,87,1.0,19.05255888325765,1.0,25.0,29.0,1,275,1.0,19.05255888325765,1.0,25.0,29.0,1,407,3.593976442141304,17.727097901235837,0.75,23.25,24.75,-7,622,3.7237973450050514,15.638627390748418,0.5,21.666666666666668,22.166666666666668,-6,1369,13.919325380478002,14.969651839320653,0.7619047619047619,31.952380952380953,20.095238095238095,46
2025-05-18 05:07:02.045459,138,82317.954541,5.117222222222222,10,24,76,1,-1.0,-1.2999999999999972,7.800000000000004,-14.399999999999999,-5.299999999999997,-6.100000000000001,3.0,-20.200000000000003,-11.100000000000001,0.0,0.0,0.0,0.0,0.0,1,31.3,19.5,52795.07,21935.27,100,0,-9.100000000000001,7.800000000000004,-12.299999999999997,11.0,0,0.0,0.0,0.0,0.0,0,0,6.4,17.3,0,-10.299999999999997,9.0,-13.600000000000001,12.300000000000004,0,0.0,0.0,0.0,0.0,0,34,7.7,26.3,0,-19.949978804578212,-24,97,,,1.0,24.0,10.0,0,285,,,1.0,24.0,10.0,0,417,3.5355339059327378,1.4142135623730951,0.5,21.5,11.0,-5,632,2.160246899469287,8.906926143924924,0.25,22.0,14.0,-1,1379,3.521363372331802,8.035338615557322,0.16666666666666666,20.0,13.833333333333334,-8
2025-05-18 05:08:07.344885,138,82252.655115,5.1352777777777785,10,25,75,1,-1.0,-1.2999999999999972,7.800000000000004,-14.399999999999999,-5.299999999999997,-6.100000000000001,3.0,-20.200000000000003,-11.100000000000001,0.0,0.0,0.0,0.0,0.0,1,31.3,19.5,52795.07,21935.27,100,0,-9.100000000000001,7.800000000000004,-12.299999999999997,11.0,0,0.0,0.0,0.0,0.0,0,0,6.4,17.3,0,-10.299999999999997,9.0,-13.600000000000001,12.300000000000004,0,0.0,0.0,0.0,0.0,0,34,7.7,26.3,0,-20.97114364523658,-25,107,0.7071067811865476,0.0,1.0,24.5,10.0,-1,107,0.7071067811865476,0.0,1.0,24.5,10.0,-1,367,0.7071067811865476,0.0,1.0,24.5,10.0,-1,642,2.3021728866442674,7.918333157931662,0.4,22.6,13.2,-2,1389,3.728908942943218,7.476948702830714,0.2857142857142857,20.714285714285715,13.285714285714286,-9
2025-05-18 05:08:25.367887,138,82234.632113,5.140277777777778,18,34,66,1,-1.0,-1.2999999999999972,7.800000000000004,-14.399999999999999,-5.299999999999997,-6.100000000000001,3.0,-20.200000000000003,-11.100000000000001,0.0,0.0,0.0,0.0,0.0,1,31.3,19.5,52795.07,21935.27,100,0,-9.100000000000001,7.800000000000004,-12.299999999999997,11.0,0,0.0,0.0,0.0,0.0,0,0,6.4,17.3,0,-10.299999999999997,9.0,-13.600000000000001,12.300000000000004,0,0.0,0.0,0.0,0.0,0,34,7.7,26.3,0,-29.993415463041632,-34,185,4.589843860815602,9.605553948974867,1.0,30.333333333333332,16.333333333333332,-9,185,4.589843860815602,9.605553948974867,1.0,30.333333333333332,16.333333333333332,-9,445,4.589843860815602,9.605553948974867,1.0,30.333333333333332,16.333333333333332,-9,720,5.873670062235365,9.219544457292887,0.6666666666666666,27.333333333333332,16.0,-10,1467,6.972673936029263,8.801859307710346,0.5454545454545454,25.272727272727273,15.545454545454545,-17
2025-05-18 05:08:25.367887,138,82234.632113,5.140277777777778,20,34,66,1,-1.0,-1.2999999999999972,7.800000000000004,-14.399999999999999,-5.299999999999997,-6.100000000000001,3.0,-20.200000000000003,-11.100000000000001,0.0,0.0,0.0,0.0,0.0,1,31.3,19.5,52795.07,21935.27,100,0,-9.100000000000001,7.800000000000004,-12.299999999999997,11.0,0,0.0,0.0,0.0,0.0,0,0,6.4,17.3,0,-10.299999999999997,9.0,-13.600000000000001,12.300000000000004,0,0.0,0.0,0.0,0.0,0,34,7.7,26.3,0,-30.050861885507555,-34,185,4.589843860815602,9.605553948974867,1.0,30.333333333333332,16.333333333333332,-9,185,4.589843860815602,9.605553948974867,1.0,30.333333333333332,16.333333333333332,-9,445,4.589843860815602,9.605553948974867,1.0,30.333333333333332,16.333333333333332,-9,720,5.873670062235365,9.219544457292887,0.6666666666666666,27.333333333333332,16.0,-10,1467,6.972673936029263,8.801859307710346,0.5454545454545454,25.272727272727273,15.545454545454545,-17
2025-05-18 05:08:25.367887,138,82234.632113,5.140277777777778,33,32,68,1,-1.0,-1.2999999999999972,7.800000000000004,-14.399999999999999,-5.299999999999997,-6.100000000000001,3.0,-20.200000000000003,-11.100000000000001,0.0,0.0,0.0,0.0,0.0,1,31.3,19.5,52795.07,21935.27,100,0,-9.100000000000001,7.800000000000004,-12.299999999999997,11.0,0,0.0,0.0,0.0,0.0,0,0,6.4,17.3,0,-10.299999999999997,9.0,-13.600000000000001,12.300000000000004,0,0.0,0.0,0.0,0.0,0,34,7.7,26.3,0,-28.114949882704202,-32,185,4.589843860815602,9.605553948974867,1.0,30.333333333333332,16.333333333333332,-9,185,4.589843860815602,9.605553948974867,1.0,30.333333333333332,16.333333333333332,-9,445,4.589843860815602,9.605553948974867,1.0,30.333333333333332,16.333333333333332,-9,720,5.873670062235365,9.219544457292887,0.6666666666666666,27.333333333333332,16.0,-10,1467,6.972673936029263,8.801859307710346,0.5454545454545454,25.272727272727273,15.545454545454545,-17
2025-05-18 05:08:25.367887,138,82234.632113,5.140277777777778,7,33,67,1,-1.0,-1.2999999999999972,7.800000000000004,-14.399999999999999,-5.299999999999997,-6.100000000000001,3.0,-20.200000000000003,-11.100000000000001,0.0,0.0,0.0,0.0,0.0,1,31.3,19.5,52795.07,21935.27,100,0,-9.100000000000001,7.800000000000004,-12.299999999999997,11.0,0,0.0,0.0,0.0,0.0,0,0,6.4,17.3,0,-10.299999999999997,9.0,-13.600000000000001,12.300000000000004,0,0.0,0.0,0.0,0.0,0,34,7.7,26.3,0,-29.214232209737826,-33,185,4.589843860815602,9.605553948974867,1.0,30.333333333333332,16.333333333333332,-9,185,4.589843860815602,9.605553948974867,1.0,30.333333333333332,16.333333333333332,-9,445,4.589843860815602,9.605553948974867,1.0,30.333333333333332,16.333333333333332,-9,720,5.873670062235365,9.219544457292887,0.6666666666666666,27.333333333333332,16.0,-10,1467,6.972673936029263,8.801859307710346,0.5454545454545454,25.272727272727273,15.545454545454545,-17
2025-05-18 05:08:25.448937,138,82234.551063,5.140277777777778,7,21,79,0,5.0,-7.299999999999997,7.800000000000004,-20.4,-5.299999999999997,-12.100000000000001,3.0,-26.200000000000003,-11.100000000000001,0.0,0.0,0.0,0.0,0.0,1,31.3,19.5,52795.07,21935.27,100,0,-15.100000000000001,7.800000000000004,-18.299999999999997,11.0,0,0.0,0.0,0.0,0.0,0,0,6.4,17.3,0,-16.299999999999997,9.0,-19.6,12.300000000000004,0,0.0,0.0,0.0,0.0,0,34,7.7,26.3,0,-3.0373493975903614,21,218,2.302172886644268,16.537835408541227,0.6,23.4,24.0,5,218,2.302172886644268,16.537835408541227,0.6,23.4,24.0,5,478,2.302172886644268,16.537835408541227,0.6,23.4,24.0,5,753,3.1622776601683795,14.399900793309058,0.375,21.5,20.75,-2,1500,13.641514178818607,14.594384105909713,0.6956521739130435,31.0,19.782608695652176,50
2025-05-18 05:08:25.448937,138,82234.551063,5.140277777777778,26,21,79,0,5.0,-7.299999999999997,7.800000000000004,-20.4,-5.299999999999997,-12.100000000000001,3.0,-26.200000000000003,-11.100000000000001,0.0,0.0,0.0,0.0,0.0,1,31.3,19.5,52795.07,21935.27,100,0,-15.100000000000001,7.800000000000004,-18.299999999999997,11.0,0,0.0,0.0,0.0,0.0,0,0,6.4,17.3,0,-16.299999999999997,9.0,-19.6,12.300000000000004,0,0.0,0.0,0.0,0.0,0,34,7.7,26.3,0,-3.040198311670906,21,218,2.302172886644268,16.537835408541227,0.6,23.4,24.0,5,218,2.302172886644268,16.537835408541227,0.6,23.4,24.0,5,478,2.302172886644268,16.537835408541227,0.6,23.4,24.0,5,753,3.1622776601683795,14.399900793309058,0.375,21.5,20.75,-2,1500,13.641514178818607,14.594384105909713,0.6956521739130435,31.0,19.782608695652176,50
2025-05-18 05:08:25.450124,138,82234.549876,5.140277777777778,7,28,72,0,3.0,-5.299999999999997,7.800000000000004,-18.4,-5.299999999999997,-10.100000000000001,3.0,-24.200000000000003,-11.100000000000001,0.0,0.0,0.0,0.0,0.0,1,31.3,19.5,52795.07,21935.27,100,0,-13.100000000000001,7.800000000000004,-16.299999999999997,11.0,0,0.0,0.0,0.0,0.0,0,0,6.4,17.3,0,-14.299999999999997,9.0,-17.6,12.300000000000004,0,0.0,0.0,0.0,0.0,0,34,7.7,26.3,0,-7.881746222115623,28,251,0.0,13.435028842544403,0.0,28.0,16.5,0,251,0.0,13.435028842544403,0.0,28.0,16.5,0,511,7.505553499465135,8.99536917900909,0.0,34.5,13.75,13,786,5.533734925185902,6.077280093375105,0.1,38.2,13.6,10,1533,6.938749531384495,10.905813078046068,0.5217391304347826,36.65217391304348,16.130434782608695,-6
2025-05-18 05:08:25.450124,138,82234.549876,5.140277777777778,26,28,72,0,3.0,-5.299999999999997,7.800000000000004,-18.4,-5.299999999999997,-10.100000000000001,3.0,-24.200000000000003,-11.100000000000001,0.0,0.0,0.0,0.0,0.0,1,31.3,19.5,52795.07,21935.27,100,0,-13.100000000000001,7.800000000000004,-16.299999999999997,11.0,0,0.0,0.0,0.0,0.0,0,0,6.4,17.3,0,-14.299999999999997,9.0,-17.6,12.300000000000004,0,0.0,0.0,0.0,0.0,0,34,7.7,26.3,0,-7.895002402691006,28,251,0.0,13.435028842544403,0.0,28.0,16.5,0,251,0.0,13.435028842544403,0.0,28.0,16.5,0,511,7.505553499465135,8.99536917900909,0.0,34.5,13.75,13,786,5.533734925185902,6.077280093375105,0.1,38.2,13.6,10,1533,6.938749531384495,10.905813078046068,0.5217391304347826,36.65217391304348,16.130434782608695,-6
2025-05-18 05:08:25.471512,138,82234.528488,5.140277777777778,33,24,76,0,1.0,-3.299999999999997,7.800000000000004,-16.4,-5.299999999999997,-8.100000000000001,3.0,-22.200000000000003,-11.100000000000001,0.0,0.0,0.0,0.0,0.0,1,31.3,19.5,52795.07,21935.27,100,0,-11.100000000000001,7.800000000000004,-14.299999999999997,11.0,0,0.0,0.0,0.0,0.0,0,0,6.4,17.3,0,-12.299999999999997,9.0,-15.600000000000001,12.300000000000004,0,0.0,0.0,0.0,0.0,0,34,7.7,26.3,0,60.435598341648515,-76,284,,,0.0,24.0,33.0,0,284,,,0.0,24.0,33.0,0,544,1.5275252316519465,8.0,0.6666666666666666,22.333333333333332,25.0,-2,819,3.286335345030997,9.847165412780809,0.3333333333333333,20.0,20.166666666666668,-8,1566,3.113908889391045,9.531901324349873,0.25,20.625,18.5,0
2025-05-18 05:08:25.485314,138,82234.514686,5.140277777777778,10,3,97,0,-3.0,0.7000000000000028,7.800000000000004,-12.399999999999999,-5.299999999999997,-4.100000000000001,3.0,-18.200000000000003,-11.100000000000001,0.0,0.0,0.0,0.0,0.0,1,31.3,19.5,52795.07,21935.27,100,0,-7.100000000000001,7.800000000000004,-10.299999999999997,11.0,0,0.0,0.0,0.0,0.0,0,0,6.4,17.3,0,-8.299999999999997,9.0,-11.600000000000001,12.300000000000004,0,0.0,0.0,0.0,0.0,0,34,7.7,26.3,0,-0.6371352785145916,3,317,0.0,9.192388155425117,0.0,3.0,16.5,0,317,0.0,9.192388155425117,0.0,3.0,16.5,0,577,3.304037933599835,87.41996339509643,0.25,5.25,57.25,7,852,2.439750182371333,66.02452646735223,0.14285714285714285,5.571428571428571,39.285714285714285,4,1599,2.2677868380553634,76.4180233041544,0.25,5.5,55.5,2
2025-05-18 05:08:25.485314,138,82234.514686,5.140277777777778,23,3,97,0,-3.0,0.7000000000000028,7.800000000000004,-12.399999999999999,-5.299999999999997,-4.100000000000001,3.0,-18.200000000000003,-11.100000000000001,0.0,0.0,0.0,0.0,0.0,1,31.3,19.5,52795.07,21935.27,100,0,-7.100000000000001,7.800000000000004,-10.299999999999997,11.0,0,0.0,0.0,0.0,0.0,0,0,6.4,17.3,0,-8.299999999999997,9.0,-11.600000000000001,12.300000000000004,0,0.0,0.0,0.0,0.0,0,34,7.7,26.3,0,-0.6388297872340445,3,317,0.0,9.192388155425117,0.0,3.0,16.5,0,317,0.0,9.192388155425117,0.0,3.0,16.5,0,577,3.304037933599835,87.41996339509643,0.25,5.25,57.25,7,852,2.439750182371333,66.02452646735223,0.14285714285714285,5.571428571428571,39.285714285714285,4,1599,2.2677868380553634,76.4180233041544,0.25,5.5,55.5,2
2025-05-18 05:08:35.364512,138,82224.635488,5.143055555555556,67,19,81,0,5.0,-7.299999999999997,7.800000000000004,-20.4,-5.299999999999997,-12.100000000000001,3.0,-26.200000000000003,-11.100000000000001,0.0,0.0,0.0,0.0,0.0,1,31.3,19.5,52795.07,21935.27,100,0,-15.100000000000001,7.800000000000004,-18.299999999999997,11.0,0,0.0,0.0,0.0,0.0,0,0,6.4,17.3,0,-16.299999999999997,9.0,-19.6,12.300000000000004,0,0.0,0.0,0.0,0.0,0,34,7.7,26.3,0,-1.050826946349332,19,384,2.7325202042558927,22.95575454361426,0.5,22.666666666666668,31.166666666666668,7,384,2.7325202042558927,22.95575454361426,0.5,22.666666666666668,31.166666666666668,7,644,2.7325202042558927,22.95575454361426,0.5,22.666666666666668,31.166666666666668,7,919,3.073181485764296,20.472203377045453,0.3333333333333333,21.22222222222222,25.88888888888889,0,1666,13.564659966250536,17.22296242760254,0.6666666666666666,30.5,21.75,52
2025-05-18 05:10:24.376170,138,82115.62383,5.173333333333334,7,25,75,0,-1.0,-1.2999999999999972,7.800000000000004,-14.399999999999999,-5.299999999999997,-6.100000000000001,3.0,-20.200000000000003,-11.100000000000001,0.0,0.0,0.0,0.0,0.0,1,31.3,19.5,52795.07,21935.27,100,0,-9.100000000000001,7.800000000000004,-12.299999999999997,11.0,0,0.0,0.0,0.0,0.0,0,0,6.4,17.3,0,-10.299999999999997,9.0,-13.600000000000001,12.300000000000004,0,0.0,0.0,0.0,0.0,0,34,7.7,26.3,0,-21.236131934032983,25,289,4.0824829046386295,10.825894882179487,0.6666666666666666,30.666666666666668,15.0,8,396,4.4860896112315904,9.437766079503591,0.75,29.125,13.75,-2,648,4.4860896112315904,9.437766079503591,0.75,29.125,13.75,-2,931,5.310367218940701,9.19584886585444,0.5454545454545454,27.0,14.181818181818182,-3,1678,6.368995412473034,8.807776284450183,0.46153846153846156,25.307692307692307,14.076923076923077,-10
2025-05-18 05:10:24.376170,138,82115.62383,5.173333333333334,5,26,74,0,-1.0,-1.2999999999999972,7.800000000000004,-14.399999999999999,-5.299999999999997,-6.100000000000001,3.0,-20.200000000000003,-11.100000000000001,0.0,0.0,0.0,0.0,0.0,1,31.3,19.5,52795.07,21935.27,100,0,-9.100000000000001,7.800000000000004,-12.299999999999997,11.0,0,0.0,0.0,0.0,0.0,0,0,6.4,17.3,0,-10.299999999999997,9.0,-13.600000000000001,12.300000000000004,0,0.0,0.0,0.0,0.0,0,34,7.7,26.3,0,-22.252063015753933,26,289,4.0824829046386295,10.825894882179487,0.6666666666666666,30.666666666666668,15.0,8,396,4.4860896112315904,9.437766079503591,0.75,29.125,13.75,-2,648,4.4860896112315904,9.437766079503591,0.75,29.125,13.75,-2,931,5.310367218940701,9.19584886585444,0.5454545454545454,27.0,14.181818181818182,-3,1678,6.368995412473034,8.807776284450183,0.46153846153846156,25.307692307692307,14.076923076923077,-10
2025-05-18 05:10:59.240256,138,82080.759744,5.183055555555556,3,24,76,1,-1.0,-1.2999999999999972,7.800000000000004,-14.399999999999999,-5.299999999999997,-6.100000000000001,3.0,-20.200000000000003,-11.100000000000001,0.0,0.0,0.0,0.0,0.0,1,31.3,19.5,52795.07,21935.27,100,0,-9.100000000000001,7.800000000000004,-12.299999999999997,11.0,0,0.0,0.0,0.0,0.0,0,0,6.4,17.3,0,-10.299999999999997,9.0,-13.600000000000001,12.300000000000004,0,0.0,0.0,0.0,0.0,0,34,7.7,26.3,0,-20.26399313746515,-24,15,1.0,2.0,0.3333333333333333,25.0,5.0,1,399,4.530759073022729,9.527737285304301,0.7777777777777778,28.555555555555557,12.555555555555555,0,651,4.530759073022729,9.527737285304301,0.7777777777777778,28.555555555555557,12.555555555555555,0,934,5.136765873228372,9.34320365535583,0.5833333333333334,26.75,13.25,-1,1681,6.129105486605209,8.965133929486294,0.5,25.214285714285715,13.285714285714286,-8
2025-05-18 05:15:27.298203,138,81812.701797,5.2575,10,21,79,0,-1.0,-1.2999999999999972,7.800000000000004,-14.399999999999999,-5.299999999999997,-6.100000000000001,3.0,-20.200000000000003,-11.100000000000001,0.0,0.0,0.0,0.0,0.0,1,31.3,19.5,52795.07,21935.27,100,0,-9.100000000000001,7.800000000000004,-12.299999999999997,11.0,0,0.0,0.0,0.0,0.0,0,0,6.4,17.3,0,-10.299999999999997,9.0,-13.600000000000001,12.300000000000004,0,0.0,0.0,0.0,0.0,0,34,7.7,26.3,0,-17.270513783117025,21,10,,,0.0,21.0,10.0,0,13,2.1213203435596424,4.949747468305833,0.5,22.5,6.5,3,661,4.894441291460708,9.019115502334165,0.7,27.8,12.3,3,944,5.170180773509687,8.990735972840785,0.5384615384615384,26.307692307692307,13.0,2,1691,6.005552985917839,8.68057492061332,0.4666666666666667,24.933333333333334,13.066666666666666,-5
2025-05-18 05:18:26.279732,138,81633.720268,5.307222222222222,22,29,71,1,-1.0,-1.2999999999999972,7.800000000000004,-14.399999999999999,-5.299999999999997,-6.100000000000001,3.0,-20.200000000000003,-11.100000000000001,0.0,0.0,0.0,0.0,0.0,1,31.3,19.5,52795.07,21935.27,100,0,-9.100000000000001,7.800000000000004,-12.299999999999997,11.0,0,0.0,0.0,0.0,0.0,0,0,6.4,17.3,0,-10.299999999999997,9.0,-13.600000000000001,12.300000000000004,0,0.0,0.0,0.0,0.0,0,34,7.7,26.3,0,-25.28905830559433,-29,22,,,1.0,29.0,22.0,0,32,5.656854249492381,8.48528137423857,0.5,25.0,16.0,-8,431,4.657350007344208,9.042324721200647,0.7272727272727273,27.90909090909091,13.181818181818182,-5,966,5.019193928541484,8.966665985810941,0.5714285714285714,26.5,13.642857142857142,-6,1713,5.890316912809814,8.678517538535408,0.5,25.1875,13.625,-13
2025-05-18 05:18:48.850406,138,81611.149594,5.3133333333333335,481,18,82,0,5.0,-7.299999999999997,7.800000000000004,-20.4,-5.299999999999997,-12.100000000000001,3.0,-26.200000000000003,-11.100000000000001,0.0,0.0,0.0,0.0,0.0,1,31.3,19.5,52795.07,21935.27,100,0,-15.100000000000001,7.800000000000004,-18.299999999999997,11.0,0,0.0,0.0,0.0,0.0,0,0,6.4,17.3,0,-16.299999999999997,9.0,-19.6,12.300000000000004,0,0.0,0.0,0.0,0.0,0,34,7.7,26.3,0,-0.06037991858887892,18,503,,,0.0,18.0,481.0,0,513,,,0.0,18.0,481.0,0,912,3.0550504633038935,171.3075763481747,0.42857142857142855,22.0,95.42857142857143,8,1447,3.0713731999438516,145.2072847881798,0.3,20.9,71.4,1,2194,13.512340039139533,93.38465255775883,0.64,30.0,40.12,53
2025-05-18 05:22:42.416244,138,81377.583756,5.378333333333333,10,26,74,1,-1.0,-1.2999999999999972,7.800000000000004,-14.399999999999999,-5.299999999999997,-6.100000000000001,3.0,-20.200000000000003,-11.100000000000001,0.0,0.0,0.0,0.0,0.0,1,31.3,19.5,52795.07,21935.27,100,0,-9.100000000000001,7.800000000000004,-12.299999999999997,11.0,0,0.0,0.0,0.0,0.0,0,0,6.4,17.3,0,-10.299999999999997,9.0,-13.600000000000001,12.300000000000004,0,0.0,0.0,0.0,0.0,0,34,7.7,26.3,0,-22.3489398342482,-26,10,,,1.0,26.0,10.0,0,513,2.1213203435596424,8.48528137423857,1.0,27.5,16.0,3,825,4.5266885347800425,9.042324721200647,0.7272727272727273,28.09090909090909,13.181818181818182,-1,1457,4.838338951491908,8.691539400063556,0.6,26.466666666666665,13.4,-3,2204,5.706678234366138,8.448807782236289,0.5294117647058824,25.235294117647058,13.411764705882353,-10
2025-05-18 05:31:24.060735,138,80855.939265,5.523333333333333,8,10,90,1,-5.0,2.700000000000003,7.800000000000004,-10.399999999999999,-5.299999999999997,-2.1000000000000014,3.0,-16.200000000000003,-11.100000000000001,0.0,0.0,0.0,0.0,0.0,1,31.3,19.5,52795.07,21935.27,100,0,-5.100000000000001,7.800000000000004,-8.299999999999997,11.0,0,0.0,0.0,0.0,0.0,0,0,6.4,17.3,0,-6.299999999999997,9.0,-9.600000000000001,12.300000000000004,0,0.0,0.0,0.0,0.0,0,34,7.7,26.3,0,-7.931768158473954,-10,105,4.764451699828638,15.98436736314578,1.0,15.5,17.5,-10,105,4.764451699828638,15.98436736314578,1.0,15.5,17.5,-10,618,4.764451699828638,15.98436736314578,1.0,15.5,17.5,-10,1545,5.19156825558337,14.864467059144129,1.0,14.428571428571429,16.428571428571427,-12,1590,5.19156825558337,14.864467059144129,1.0,14.428571428571429,16.428571428571427,-12
2025-05-18 05:31:24.060735,138,80855.939265,5.523333333333333,11,17,83,1,-5.0,2.700000000000003,7.800000000000004,-10.399999999999999,-5.299999999999997,-2.1000000000000014,3.0,-16.200000000000003,-11.100000000000001,0.0,0.0,0.0,0.0,0.0,1,31.3,19.5,52795.07,21935.27,100,0,-5.100000000000001,7.800000000000004,-8.299999999999997,11.0,0,0.0,0.0,0.0,0.0,0,0,6.4,17.3,0,-6.299999999999997,9.0,-9.600000000000001,12.300000000000004,0,0.0,0.0,0.0,0.0,0,34,7.7,26.3,0,-14.97859778597786,-17,105,4.764451699828638,15.98436736314578,1.0,15.5,17.5,-10,105,4.764451699828638,15.98436736314578,1.0,15.5,17.5,-10,618,4.764451699828638,15.98436736314578,1.0,15.5,17.5,-10,1545,5.19156825558337,14.864467059144129,1.0,14.428571428571429,16.428571428571427,-12,1590,5.19156825558337,14.864467059144129,1.0,14.428571428571429,16.428571428571427,-12
2025-05-18 05:31:24.060735,138,80855.939265,5.523333333333333,13,19,81,1,-5.0,2.700000000000003,7.800000000000004,-10.399999999999999,-5.299999999999997,-2.1000000000000014,3.0,-16.200000000000003,-11.100000000000001,0.0,0.0,0.0,0.0,0.0,1,31.3,19.5,52795.07,21935.27,100,0,-5.100000000000001,7.800000000000004,-8.299999999999997,11.0,0,0.0,0.0,0.0,0.0,0,0,6.4,17.3,0,-6.299999999999997,9.0,-9.600000000000001,12.300000000000004,0,0.0,0.0,0.0,0.0,0,34,7.7,26.3,0,-17.101190476190474,-19,105,4.764451699828638,15.98436736314578,1.0,15.5,17.5,-10,105,4.764451699828638,15.98436736314578,1.0,15.5,17.5,-10,618,4.764451699828638,15.98436736314578,1.0,15.5,17.5,-10,1545,5.19156825558337,14.864467059144129,1.0,14.428571428571429,16.428571428571427,-12,1590,5.19156825558337,14.864467059144129,1.0,14.428571428571429,16.428571428571427,-12
2025-05-18 05:31:24.060735,138,80855.939265,5.523333333333333,18,18,82,1,-5.0,2.700000000000003,7.800000000000004,-10.399999999999999,-5.299999999999997,-2.1000000000000014,3.0,-16.200000000000003,-11.100000000000001,0.0,0.0,0.0,0.0,0.0,1,31.3,19.5,52795.07,21935.27,100,0,-5.100000000000001,7.800000000000004,-8.299999999999997,11.0,0,0.0,0.0,0.0,0.0,0,0,6.4,17.3,0,-6.299999999999997,9.0,-9.600000000000001,12.300000000000004,0,0.0,0.0,0.0,0.0,0,34,7.7,26.3,0,-16.268219383921863,-18,105,4.764451699828638,15.98436736314578,1.0,15.5,17.5,-10,105,4.764451699828638,15.98436736314578,1.0,15.5,17.5,-10,618,4.764451699828638,15.98436736314578,1.0,15.5,17.5,-10,1545,5.19156825558337,14.864467059144129,1.0,14.428571428571429,16.428571428571427,-12,1590,5.19156825558337,14.864467059144129,1.0,14.428571428571429,16.428571428571427,-12
2025-05-18 05:31:24.060735,138,80855.939265,5.523333333333333,49,9,91,1,-5.0,2.700000000000003,7.800000000000004,-10.399999999999999,-5.299999999999997,-2.1000000000000014,3.0,-16.200000000000003,-11.100000000000001,0.0,0.0,0.0,0.0,0.0,1,31.3,19.5,52795.07,21935.27,100,0,-5.100000000000001,7.800000000000004,-8.299999999999997,11.0,0,0.0,0.0,0.0,0.0,0,0,6.4,17.3,0,-6.299999999999997,9.0,-9.600000000000001,12.300000000000004,0,0.0,0.0,0.0,0.0,0,34,7.7,26.3,0,-7.491241431835491,-9,105,4.764451699828638,15.98436736314578,1.0,15.5,17.5,-10,105,4.764451699828638,15.98436736314578,1.0,15.5,17.5,-10,618,4.764451699828638,15.98436736314578,1.0,15.5,17.5,-10,1545,5.19156825558337,14.864467059144129,1.0,14.428571428571429,16.428571428571427,-12,1590,5.19156825558337,14.864467059144129,1.0,14.428571428571429,16.428571428571427,-12
2025-05-18 05:31:24.060735,138,80855.939265,5.523333333333333,6,20,80,1,-5.0,2.700000000000003,7.800000000000004,-10.399999999999999,-5.299999999999997,-2.1000000000000014,3.0,-16.200000000000003,-11.100000000000001,0.0,0.0,0.0,0.0,0.0,1,31.3,19.5,52795.07,21935.27,100,0,-5.100000000000001,7.800000000000004,-8.299999999999997,11.0,0,0.0,0.0,0.0,0.0,0,0,6.4,17.3,0,-6.299999999999997,9.0,-9.600000000000001,12.300000000000004,0,0.0,0.0,0.0,0.0,0,34,7.7,26.3,0,-18.781645569620252,-20,105,4.764451699828638,15.98436736314578,1.0,15.5,17.5,-10,105,4.764451699828638,15.98436736314578,1.0,15.5,17.5,-10,618,4.764451699828638,15.98436736314578,1.0,15.5,17.5,-10,1545,5.19156825558337,14.864467059144129,1.0,14.428571428571429,16.428571428571427,-12,1590,5.19156825558337,14.864467059144129,1.0,14.428571428571429,16.428571428571427,-12
2025-05-18 05:35:08.881534,138,80631.118466,5.585555555555556,39,25,75,1,-1.0,-1.2999999999999972,7.800000000000004,-14.399999999999999,-5.299999999999997,-6.100000000000001,3.0,-20.200000000000003,-11.100000000000001,0.0,0.0,0.0,0.0,0.0,1,31.3,19.5,52795.07,21935.27,100,0,-9.100000000000001,7.800000000000004,-12.299999999999997,11.0,0,0.0,0.0,0.0,0.0,0,0,6.4,17.3,0,-10.299999999999997,9.0,-13.600000000000001,12.300000000000004,0,0.0,0.0,0.0,0.0,0,34,7.7,26.3,0,-21.373020148690873,-25,39,,,1.0,25.0,39.0,0,144,,,1.0,25.0,39.0,0,154,0.7071067811865476,20.506096654409877,1.0,25.5,24.5,1,1584,4.688638750568584,10.557777543908882,0.625,26.375,15.0,-2,1629,5.190489039636654,10.405032718946776,0.5882352941176471,25.764705882352942,14.529411764705882,-9
2025-05-18 05:36:33.510536,138,80546.489464,5.609166666666666,1,25,75,1,-1.0,-1.2999999999999972,7.800000000000004,-14.399999999999999,-5.299999999999997,-6.100000000000001,3.0,-20.200000000000003,-11.100000000000001,0.0,0.0,0.0,0.0,0.0,1,31.3,19.5,52795.07,21935.27,100,0,-9.100000000000001,7.800000000000004,-12.299999999999997,11.0,0,0.0,0.0,0.0,0.0,0,0,6.4,17.3,0,-10.299999999999997,9.0,-13.600000000000001,12.300000000000004,0,0.0,0.0,0.0,0.0,0,34,7.7,26.3,0,-21.463211426098248,-25,40,0.0,26.870057685088806,1.0,25.0,20.0,0,40,0.0,26.870057685088806,1.0,25.0,20.0,0,155,0.5773502691896258,19.857828011475306,1.0,25.333333333333332,16.666666666666668,1,1585,4.551987284175354,10.771694934628712,0.6470588235294118,26.294117647058822,14.176470588235293,-2,1630,5.038738819276991,10.586092738925169,0.6111111111111112,25.72222222222222,13.777777777777779,-9
2025-05-18 05:37:26.204582,138,80493.795418,5.62388888888889,11,27,73,1,-1.0,-1.2999999999999972,7.800000000000004,-14.399999999999999,-5.299999999999997,-6.100000000000001,3.0,-20.200000000000003,-11.100000000000001,0.0,0.0,0.0,0.0,0.0,1,31.3,19.5,52795.07,21935.27,100,0,-9.100000000000001,7.800000000000004,-12.299999999999997,11.0,0,0.0,0.0,0.0,0.0,0,0,6.4,17.3,0,-10.299999999999997,9.0,-13.600000000000001,12.300000000000004,0,0.0,0.0,0.0,0.0,0,34,7.7,26.3,0,-23.4655340331133,-27,12,1.4142135623730951,7.0710678118654755,1.0,26.0,6.0,-2,51,1.1547005383792515,19.697715603592208,1.0,25.666666666666668,17.0,-2,166,0.9574271077563381,16.45954636879968,1.0,25.75,15.25,-1,1596,4.419209404939518,10.47686526983873,0.6666666666666666,26.333333333333332,14.0,-4,1641,4.905540488608785,10.30755131130026,0.631578947368421,25.789473684210527,13.631578947368421,-11
2025-05-18 05:40:04.038338,138,80335.961662,5.667777777777778,32,22,78,0,1.0,-3.299999999999997,7.800000000000004,-16.4,-5.299999999999997,-8.100000000000001,3.0,-22.200000000000003,-11.100000000000001,0.0,0.0,0.0,0.0,0.0,1,31.3,19.5,52795.07,21935.27,100,0,-11.100000000000001,7.800000000000004,-14.299999999999997,11.0,0,0.0,0.0,0.0,0.0,0,0,6.4,17.3,0,-12.299999999999997,9.0,-15.600000000000001,12.300000000000004,0,0.0,0.0,0.0,0.0,0,34,7.7,26.3,0,62.57606705169742,-78,64,1.5275252316519468,12.897028081435401,0.0,23.333333333333332,21.333333333333332,-1,115,1.5275252316519468,12.897028081435401,0.0,23.333333333333332,21.333333333333332,-1,220,1.5275252316519468,12.897028081435401,0.0,23.333333333333332,21.333333333333332,-1,1660,3.1797973380564852,10.125600119389357,0.2222222222222222,21.11111111111111,20.555555555555557,-7,1705,2.998147576235848,10.46475566418591,0.2,21.1,19.2,-2
2025-05-18 05:40:04.038338,138,80335.961662,5.667777777777778,25,25,75,0,1.0,-3.299999999999997,7.800000000000004,-16.4,-5.299999999999997,-8.100000000000001,3.0,-22.200000000000003,-11.100000000000001,0.0,0.0,0.0,0.0,0.0,1,31.3,19.5,52795.07,21935.27,100,0,-11.100000000000001,7.800000000000004,-14.299999999999997,11.0,0,0.0,0.0,0.0,0.0,0,0,6.4,17.3,0,-12.299999999999997,9.0,-15.600000000000001,12.300000000000004,0,0.0,0.0,0.0,0.0,0,34,7.7,26.3,0,59.717421996329236,-75,64,1.5275252316519468,12.897028081435401,0.0,23.333333333333332,21.333333333333332,-1,115,1.5275252316519468,12.897028081435401,0.0,23.333333333333332,21.333333333333332,-1,220,1.5275252316519468,12.897028081435401,0.0,23.333333333333332,21.333333333333332,-1,1660,3.1797973380564852,10.125600119389357,0.2222222222222222,21.11111111111111,20.555555555555557,-7,1705,2.998147576235848,10.46475566418591,0.2,21.1,19.2,-2
2025-05-18 05:40:04.038338,138,80335.961662,5.667777777777778,7,23,77,0,1.0,-3.299999999999997,7.800000000000004,-16.4,-5.299999999999997,-8.100000000000001,3.0,-22.200000000000003,-11.100000000000001,0.0,0.0,0.0,0.0,0.0,1,31.3,19.5,52795.07,21935.27,100,0,-11.100000000000001,7.800000000000004,-14.299999999999997,11.0,0,0.0,0.0,0.0,0.0,0,0,6.4,17.3,0,-12.299999999999997,9.0,-15.600000000000001,12.300000000000004,0,0.0,0.0,0.0,0.0,0,34,7.7,26.3,0,61.82299695919666,-77,64,1.5275252316519468,12.897028081435401,0.0,23.333333333333332,21.333333333333332,-1,115,1.5275252316519468,12.897028081435401,0.0,23.333333333333332,21.333333333333332,-1,220,1.5275252316519468,12.897028081435401,0.0,23.333333333333332,21.333333333333332,-1,1660,3.1797973380564852,10.125600119389357,0.2222222222222222,21.11111111111111,20.555555555555557,-7,1705,2.998147576235848,10.46475566418591,0.2,21.1,19.2,-2
2025-05-18 05:46:02.555480,138,79977.44452,5.767222222222222,24,4,96,0,-5.0,2.700000000000003,7.800000000000004,-10.399999999999999,-5.299999999999997,-2.1000000000000014,3.0,-16.200000000000003,-11.100000000000001,0.0,0.0,0.0,0.0,0.0,1,31.3,19.5,52795.07,21935.27,100,0,-5.100000000000001,7.800000000000004,-8.299999999999997,11.0,0,0.0,0.0,0.0,0.0,0,0,6.4,17.3,0,-6.299999999999997,9.0,-9.600000000000001,12.300000000000004,0,0.0,0.0,0.0,0.0,0,34,7.7,26.3,0,-2.8712241653418147,4,69,0.7071067811865476,14.849242404917497,0.0,3.5,34.5,1,69,0.7071067811865476,14.849242404917497,0.0,3.5,34.5,1,289,6.8660656232559525,16.61109783935341,0.75,12.5,21.75,7,1729,6.59545297913646,16.024287122295885,0.7777777777777778,12.0,20.444444444444443,5,1746,6.59545297913646,16.024287122295885,0.7777777777777778,12.0,20.444444444444443,5
2025-05-18 05:46:02.555480,138,79977.44452,5.767222222222222,45,3,97,0,-5.0,2.700000000000003,7.800000000000004,-10.399999999999999,-5.299999999999997,-2.1000000000000014,3.0,-16.200000000000003,-11.100000000000001,0.0,0.0,0.0,0.0,0.0,1,31.3,19.5,52795.07,21935.27,100,0,-5.100000000000001,7.800000000000004,-8.299999999999997,11.0,0,0.0,0.0,0.0,0.0,0,0,6.4,17.3,0,-6.299999999999997,9.0,-9.600000000000001,12.300000000000004,0,0.0,0.0,0.0,0.0,0,34,7.7,26.3,0,-1.927066450567267,3,69,0.7071067811865476,14.849242404917497,0.0,3.5,34.5,1,69,0.7071067811865476,14.849242404917497,0.0,3.5,34.5,1,289,6.8660656232559525,16.61109783935341,0.75,12.5,21.75,7,1729,6.59545297913646,16.024287122295885,0.7777777777777778,12.0,20.444444444444443,5,1746,6.59545297913646,16.024287122295885,0.7777777777777778,12.0,20.444444444444443,5
2025-05-18 05:53:05.876671,138,79554.123329,5.884722222222222,9,23,77,0,3.0,-5.299999999999997,7.800000000000004,-18.4,-5.299999999999997,-10.100000000000001,3.0,-24.200000000000003,-11.100000000000001,0.0,0.0,0.0,0.0,0.0,1,31.3,19.5,52795.07,21935.27,100,0,-13.100000000000001,7.800000000000004,-16.299999999999997,11.0,0,0.0,0.0,0.0,0.0,0,0,6.4,17.3,0,-14.299999999999997,9.0,-17.6,12.300000000000004,0,0.0,0.0,0.0,0.0,0,34,7.7,26.3,0,-2.944632495164413,23,9,,,0.0,23.0,9.0,0,9,,,0.0,23.0,9.0,0,142,,,0.0,23.0,9.0,0,1480,8.28854631404084,8.07465169527454,0.0,32.2,12.8,18,1755,6.968761465542952,5.92989345297505,0.09090909090909091,36.81818181818182,13.181818181818182,15
2025-05-18 05:56:14.589732,138,79365.410268,5.937222222222222,2,30,70,0,1.0,-3.299999999999997,7.800000000000004,-16.4,-5.299999999999997,-8.100000000000001,3.0,-22.200000000000003,-11.100000000000001,0.0,0.0,0.0,0.0,0.0,1,31.3,19.5,52795.07,21935.27,100,0,-11.100000000000001,7.800000000000004,-14.299999999999997,11.0,0,0.0,0.0,0.0,0.0,0,0,6.4,17.3,0,-12.299999999999997,9.0,-15.600000000000001,12.300000000000004,0,0.0,0.0,0.0,0.0,0,34,7.7,26.3,0,54.85361539550021,-70,2,,,0.0,30.0,2.0,0,11,,,0.0,30.0,2.0,0,80,,,0.0,30.0,2.0,0,1474,3.023715784073818,12.005950905399253,0.2857142857142857,23.857142857142858,20.142857142857142,-8,1757,4.109609335312651,11.205653335110213,0.2,22.0,18.7,-14
2025-05-18 05:57:35.615683,138,79284.384317,5.959722222222222,23,31,69,1,1.0,-3.299999999999997,7.800000000000004,-16.4,-5.299999999999997,-8.100000000000001,3.0,-22.200000000000003,-11.100000000000001,0.0,0.0,0.0,0.0,0.0,1,31.3,19.5,52795.07,21935.27,100,0,-11.100000000000001,7.800000000000004,-14.299999999999997,11.0,0,0.0,0.0,0.0,0.0,0,0,6.4,17.3,0,-12.299999999999997,9.0,-15.600000000000001,12.300000000000004,0,0.0,0.0,0.0,0.0,0,34,7.7,26.3,0,53.861378431927534,69,25,0.7071067811865476,14.849242404917497,0.5,30.5,12.5,-1,34,0.7071067811865476,14.849242404917497,0.5,30.5,12.5,-1,103,0.7071067811865476,14.849242404917497,0.5,30.5,12.5,-1,1497,3.770183777256185,11.161157134071205,0.375,24.75,20.5,-9,1780,4.750119615718784,10.70938416020777,0.2727272727272727,22.818181818181817,19.09090909090909,-15
2025-05-18 05:57:44.043241,138,79275.956759,5.9622222222222225,9,32,68,1,1.0,-3.299999999999997,7.800000000000004,-16.4,-5.299999999999997,-8.100000000000001,3.0,-22.200000000000003,-11.100000000000001,0.0,0.0,0.0,0.0,0.0,1,31.3,19.5,52795.07,21935.27,100,0,-11.100000000000001,7.800000000000004,-14.299999999999997,11.0,0,0.0,0.0,0.0,0.0,0,0,6.4,17.3,0,-12.299999999999997,9.0,-15.600000000000001,12.300000000000004,0,0.0,0.0,0.0,0.0,0,34,7.7,26.3,0,52.94918137359133,68,34,1.0,10.692676621563628,0.6666666666666666,31.0,11.333333333333334,-2,43,1.0,10.692676621563628,0.6666666666666666,31.0,11.333333333333334,-2,112,1.0,10.692676621563628,0.6666666666666666,31.0,11.333333333333334,-2,1506,4.27525177946022,11.121800413801914,0.4444444444444444,25.555555555555557,19.22222222222222,-10,1789,5.24765459875922,10.618380290797651,0.3333333333333333,23.583333333333332,18.25,-16
2025-05-18 05:57:52.706973,138,79267.293027,5.964444444444444,7,32,68,1,1.0,-3.299999999999997,7.800000000000004,-16.4,-5.299999999999997,-8.100000000000001,3.0,-22.200000000000003,-11.100000000000001,0.0,0.0,0.0,0.0,0.0,1,31.3,19.5,52795.07,21935.27,100,0,-11.100000000000001,7.800000000000004,-14.299999999999997,11.0,0,0.0,0.0,0.0,0.0,0,0,6.4,17.3,0,-12.299999999999997,9.0,-15.600000000000001,12.300000000000004,0,0.0,0.0,0.0,0.0,0,34,7.7,26.3,0,52.98297872340426,68,41,0.9574271077563381,8.99536917900909,0.75,31.25,10.25,-2,50,0.9574271077563381,8.99536917900909,0.75,31.25,10.25,-2,119,0.9574271077563381,8.99536917900909,0.75,31.25,10.25,-2,1513,4.516635916254486,11.175369742826806,0.5,26.2,18.0,-10,1796,5.54006387077872,10.63436615834454,0.38461538461538464,24.23076923076923,17.384615384615383,-16
2025-05-18 06:10:02.455067,138,78537.544933,6.167222222222223,100,5,95,0,-3.0,0.7000000000000028,9.0,-12.399999999999999,-4.100000000000001,-4.100000000000001,4.199999999999996,-18.200000000000003,-9.900000000000006,0.0,0.0,0.0,0.0,0.0,1,31.3,19.5,52795.07,21935.27,100,0,-8.299999999999997,9.0,-11.600000000000001,12.300000000000004,0,0.0,0.0,0.0,0.0,0,34,7.7,26.3,0,-8.600000000000001,9.300000000000004,-11.299999999999997,12.0,0,0.0,0.0,0.0,0.0,0,100,5.8,23.4,0,-2.6427615734546492,5,100,,,0.0,5.0,100.0,0,100,,,0.0,5.0,100.0,0,141,,,0.0,5.0,100.0,0,977,,,0.0,5.0,100.0,0,1896,2.2677868380553634,64.7863246151752,0.125,5.5,46.875,2
2025-05-18 06:11:51.653661,138,78428.346339,6.197500000000001,17,34,66,1,1.0,-3.299999999999997,9.0,-16.4,-4.100000000000001,-8.100000000000001,4.199999999999996,-22.200000000000003,-9.900000000000006,0.0,0.0,0.0,0.0,0.0,1,31.3,19.5,52795.07,21935.27,100,0,-12.299999999999997,9.0,-15.600000000000001,12.300000000000004,0,0.0,0.0,0.0,0.0,0,34,7.7,26.3,0,-12.600000000000001,9.300000000000004,-15.299999999999997,12.0,0,0.0,0.0,0.0,0.0,0,100,5.8,23.4,0,51.00929539487689,66,117,,,1.0,34.0,17.0,0,117,,,1.0,34.0,17.0,0,156,1.2583057392117916,7.393691004272944,1.0,32.25,14.0,-3,979,4.596194077712559,10.620061877678223,0.5,28.625,15.25,-12,1913,5.92860452790972,10.217685594159713,0.42857142857142855,24.928571428571427,17.357142857142858,-18
2025-05-18 06:17:01.143737,138,78118.856263,6.283611111111111,10,27,73,1,-1.0,-1.2999999999999972,9.0,-14.399999999999999,-4.100000000000001,-6.100000000000001,4.199999999999996,-20.200000000000003,-9.900000000000006,0.0,0.0,0.0,0.0,0.0,1,31.3,19.5,52795.07,21935.27,100,0,-10.299999999999997,9.0,-13.600000000000001,12.300000000000004,0,0.0,0.0,0.0,0.0,0,34,7.7,26.3,0,-10.600000000000001,9.300000000000004,-13.299999999999997,12.0,0,0.0,0.0,0.0,0.0,0,100,5.8,23.4,0,-23.49349945828819,-27,10,,,1.0,27.0,10.0,0,10,,,1.0,27.0,10.0,0,127,,,1.0,27.0,10.0,0,979,1.51657508881031,13.307892395116516,1.0,26.5,15.5,2,1923,4.297422047845655,10.222953190239332,0.6842105263157895,26.36842105263158,13.789473684210526,-4
2025-05-18 06:17:01.231702,138,78118.768298,6.283611111111111,10,20,80,0,5.0,-7.299999999999997,9.0,-20.4,-4.100000000000001,-12.100000000000001,4.199999999999996,-26.200000000000003,-9.900000000000006,0.0,0.0,0.0,0.0,0.0,1,31.3,19.5,52795.07,21935.27,100,0,-16.299999999999997,9.0,-19.6,12.300000000000004,0,0.0,0.0,0.0,0.0,0,34,7.7,26.3,0,-16.6,9.300000000000004,-19.299999999999997,12.0,0,0.0,0.0,0.0,0.0,0,100,5.8,23.4,0,-2.064595732326893,20,20,,,0.0,20.0,10.0,0,20,,,0.0,20.0,10.0,0,137,,,0.0,20.0,10.0,0,989,1.4142135623730951,333.0472939388639,0.0,19.0,245.5,-2,1933,2.926369143432927,138.99411367523317,0.2727272727272727,20.818181818181817,65.81818181818181,-1
2025-05-18 06:17:01.234117,138,78118.765883,6.283611111111111,10,24,76,0,3.0,-5.299999999999997,9.0,-18.4,-4.100000000000001,-10.100000000000001,4.199999999999996,-24.200000000000003,-9.900000000000006,0.0,0.0,0.0,0.0,0.0,1,31.3,19.5,52795.07,21935.27,100,0,-14.299999999999997,9.0,-17.6,12.300000000000004,0,0.0,0.0,0.0,0.0,0,34,7.7,26.3,0,-14.600000000000001,9.300000000000004,-17.299999999999997,12.0,0,0.0,0.0,0.0,0.0,0,100,5.8,23.4,0,-3.951054034407562,24,30,,,0.0,24.0,10.0,0,30,,,0.0,24.0,10.0,0,147,,,0.0,24.0,10.0,0,999,0.7071067811865476,0.7071067811865476,0.0,23.5,9.5,-1,1943,7.605321103734483,5.728054299725699,0.08333333333333333,35.75,12.916666666666666,14
2025-05-18 06:17:01.250947,138,78118.749053,6.283611111111111,10,32,68,0,1.0,-3.299999999999997,9.0,-16.4,-4.100000000000001,-8.100000000000001,4.199999999999996,-22.200000000000003,-9.900000000000006,0.0,0.0,0.0,0.0,0.0,1,31.3,19.5,52795.07,21935.27,100,0,-12.299999999999997,9.0,-15.600000000000001,12.300000000000004,0,0.0,0.0,0.0,0.0,0,34,7.7,26.3,0,-12.600000000000001,9.300000000000004,-15.299999999999997,12.0,0,0.0,0.0,0.0,0.0,0,100,5.8,23.4,0,53.07090082409775,-68,40,,,0.0,32.0,10.0,0,40,,,0.0,32.0,10.0,0,157,1.4142135623730951,4.949747468305833,0.5,33.0,13.5,2,1009,4.444097208657794,10.087120500916008,0.4444444444444444,29.0,14.666666666666666,-10,1953,5.997618575020303,10.027581012007879,0.4,25.4,16.866666666666667,-16
2025-05-18 06:17:01.257703,138,78118.742297,6.283611111111111,10,4,96,0,-3.0,0.7000000000000028,9.0,-12.399999999999999,-4.100000000000001,-4.100000000000001,4.199999999999996,-18.200000000000003,-9.900000000000006,0.0,0.0,0.0,0.0,0.0,1,31.3,19.5,52795.07,21935.27,100,0,-8.299999999999997,9.0,-11.600000000000001,12.300000000000004,0,0.0,0.0,0.0,0.0,0,34,7.7,26.3,0,-8.600000000000001,9.300000000000004,-11.299999999999997,12.0,0,0.0,0.0,0.0,0.0,0,100,5.8,23.4,0,-1.7154248006598891,4,50,,,0.0,4.0,10.0,0,50,,,0.0,4.0,10.0,0,167,0.7071067811865476,63.63961030678928,0.0,4.5,55.0,1,1019,0.7071067811865476,63.63961030678928,0.0,4.5,55.0,1,1963,2.179449471770337,61.83602869237678,0.1111111111111111,5.333333333333333,42.77777777777778,3
2025-05-18 06:39:53.547598,138,76746.452402,6.664722222222222,267,4,96,0,-3.0,0.7000000000000028,9.0,-12.399999999999999,-4.100000000000001,-4.100000000000001,4.199999999999996,-18.200000000000003,-9.900000000000006,0.0,0.0,0.0,0.0,0.0,1,31.3,19.5,52795.07,21935.27,100,0,-8.299999999999997,9.0,-11.600000000000001,12.300000000000004,0,0.0,0.0,0.0,0.0,0,34,7.7,26.3,0,-8.600000000000001,9.300000000000004,-11.299999999999997,12.0,0,0.0,0.0,0.0,0.0,0,100,5.8,23.4,0,-1.7201543975737508,4,267,,,0.0,4.0,267.0,0,267,,,0.0,4.0,267.0,0,267,,,0.0,4.0,267.0,0,617,0.5773502691896258,130.40833306707563,0.0,4.333333333333333,125.66666666666667,1,2213,2.097617696340303,91.79542472258626,0.1,5.2,65.2,3
2025-05-18 06:50:35.893322,138,76104.106678,6.843055555555555,7,25,75,1,5.0,-7.299999999999997,9.0,-20.4,-4.100000000000001,-12.100000000000001,4.199999999999996,-26.200000000000003,-9.900000000000006,0.0,0.0,0.0,0.0,0.0,1,31.3,19.5,52795.07,21935.27,100,0,-16.299999999999997,9.0,-19.6,12.300000000000004,0,0.0,0.0,0.0,0.0,0,34,7.7,26.3,0,-16.6,9.300000000000004,-19.299999999999997,12.0,0,0.0,0.0,0.0,0.0,0,100,5.8,23.4,0,-7.067597034452682,-25,56,0.7071067811865476,29.698484809834994,1.0,25.5,28.0,-1,56,0.7071067811865476,29.698484809834994,1.0,25.5,28.0,-1,323,0.7071067811865476,29.698484809834994,1.0,25.5,28.0,-1,540,3.2145502536643185,23.430749027719962,0.6666666666666666,23.666666666666668,22.0,-6,2071,3.1766191290283903,138.53722834084576,0.45454545454545453,22.09090909090909,67.81818181818181,-8
2025-05-18 06:50:35.893322,138,76104.106678,6.843055555555555,49,26,74,1,5.0,-7.299999999999997,9.0,-20.4,-4.100000000000001,-12.100000000000001,4.199999999999996,-26.200000000000003,-9.900000000000006,0.0,0.0,0.0,0.0,0.0,1,31.3,19.5,52795.07,21935.27,100,0,-16.299999999999997,9.0,-19.6,12.300000000000004,0,0.0,0.0,0.0,0.0,0,34,7.7,26.3,0,-16.6,9.300000000000004,-19.299999999999997,12.0,0,0.0,0.0,0.0,0.0,0,100,5.8,23.4,0,-8.074796274738066,-26,56,0.7071067811865476,29.698484809834994,1.0,25.5,28.0,-1,56,0.7071067811865476,29.698484809834994,1.0,25.5,28.0,-1,323,0.7071067811865476,29.698484809834994,1.0,25.5,28.0,-1,540,3.2145502536643185,23.430749027719962,0.6666666666666666,23.666666666666668,22.0,-6,2071,3.1766191290283903,138.53722834084576,0.45454545454545453,22.09090909090909,67.81818181818181,-8
2025-05-18 06:51:41.672159,138,76038.327841,6.8613888888888885,49,27,73,1,5.0,-7.299999999999997,9.0,-20.4,-4.100000000000001,-12.100000000000001,4.199999999999996,-26.200000000000003,-9.900000000000006,0.0,0.0,0.0,0.0,0.0,1,31.3,19.5,52795.07,21935.27,100,0,-16.299999999999997,9.0,-19.6,12.300000000000004,0,0.0,0.0,0.0,0.0,0,34,7.7,26.3,0,-16.6,9.300000000000004,-19.299999999999997,12.0,0,0.0,0.0,0.0,0.0,0,100,5.8,23.4,0,-9.132786164443793,-27,105,1.0,24.24871130596428,1.0,26.0,35.0,-2,105,1.0,24.24871130596428,1.0,26.0,35.0,-2,372,1.0,24.24871130596428,1.0,26.0,35.0,-2,589,3.1091263510296048,23.41473894793619,0.75,24.5,28.75,-7,2120,3.3439225741362764,132.20172258539392,0.5,22.5,66.25,-9
2025-05-18 06:51:46.485567,138,76033.514433,6.862777777777778,49,27,73,1,5.0,-7.299999999999997,9.0,-20.4,-4.100000000000001,-12.100000000000001,4.199999999999996,-26.200000000000003,-9.900000000000006,0.0,0.0,0.0,0.0,0.0,1,31.3,19.5,52795.07,21935.27,100,0,-16.299999999999997,9.0,-19.6,12.300000000000004,0,0.0,0.0,0.0,0.0,0,34,7.7,26.3,0,-16.6,9.300000000000004,-19.299999999999997,12.0,0,0.0,0.0,0.0,0.0,0,100,5.8,23.4,0,-9.19884853852967,-27,176,0.8366600265340756,19.62651268055535,1.0,26.2,35.2,-1,176,0.8366600265340756,19.62651268055535,1.0,26.2,35.2,-1,443,0.8366600265340756,19.62651268055535,1.0,26.2,35.2,-1,660,2.6394443859772205,20.346989949375804,0.8333333333333334,25.166666666666668,31.0,-6,2191,3.4073288819675316,122.23423739365658,0.5714285714285714,23.071428571428573,61.857142857142854,-8
2025-05-18 06:51:46.485567,138,76033.514433,6.862777777777778,22,26,74,1,5.0,-7.299999999999997,9.0,-20.4,-4.100000000000001,-12.100000000000001,4.199999999999996,-26.200000000000003,-9.900000000000006,0.0,0.0,0.0,0.0,0.0,1,31.3,19.5,52795.07,21935.27,100,0,-16.299999999999997,9.0,-19.6,12.300000000000004,0,0.0,0.0,0.0,0.0,0,34,7.7,26.3,0,-16.6,9.300000000000004,-19.299999999999997,12.0,0,0.0,0.0,0.0,0.0,0,100,5.8,23.4,0,-8.265873605947956,-26,176,0.8366600265340756,19.62651268055535,1.0,26.2,35.2,-1,176,0.8366600265340756,19.62651268055535,1.0,26.2,35.2,-1,443,0.8366600265340756,19.62651268055535,1.0,26.2,35.2,-1,660,2.6394443859772205,20.346989949375804,0.8333333333333334,25.166666666666668,31.0,-6,2191,3.4073288819675316,122.23423739365658,0.5714285714285714,23.071428571428573,61.857142857142854,-8
2025-05-18 06:51:46.564981,138,76033.435019,6.862777777777778,22,26,74,0,3.0,-5.299999999999997,9.0,-18.4,-4.100000000000001,-10.100000000000001,4.199999999999996,-24.200000000000003,-9.900000000000006,0.0,0.0,0.0,0.0,0.0,1,31.3,19.5,52795.07,21935.27,100,0,-14.299999999999997,9.0,-17.6,12.300000000000004,0,0.0,0.0,0.0,0.0,0,34,7.7,26.3,0,-14.600000000000001,9.300000000000004,-17.299999999999997,12.0,0,0.0,0.0,0.0,0.0,0,100,5.8,23.4,0,-5.960650959436478,26,198,,,0.0,26.0,22.0,0,198,,,0.0,26.0,22.0,0,465,,,0.0,26.0,22.0,0,682,1.5275252316519465,7.234178138070235,0.0,24.333333333333332,13.666666666666666,-3,2213,8.227783940492639,7.0710678118654755,0.0,31.625,13.5,16
2025-05-18 06:51:46.567349,138,76033.432651,6.862777777777778,22,32,68,0,1.0,-3.299999999999997,9.0,-16.4,-4.100000000000001,-8.100000000000001,4.199999999999996,-22.200000000000003,-9.900000000000006,0.0,0.0,0.0,0.0,0.0,1,31.3,19.5,52795.07,21935.27,100,0,-12.299999999999997,9.0,-15.600000000000001,12.300000000000004,0,0.0,0.0,0.0,0.0,0,34,7.7,26.3,0,-12.600000000000001,9.300000000000004,-15.299999999999997,12.0,0,0.0,0.0,0.0,0.0,0,100,5.8,23.4,0,53.1086307407934,-68,220,,,0.0,32.0,22.0,0,220,,,0.0,32.0,22.0,0,487,,,0.0,32.0,22.0,0,704,1.2149857925879117,7.946247991527646,0.5714285714285714,31.857142857142858,12.857142857142858,-2,2235,4.9950524972766255,9.736359858628033,0.42857142857142855,27.214285714285715,17.214285714285715,-11
2025-05-18 06:51:46.592224,138,76033.407776,6.862777777777778,22,22,78,0,-1.0,-1.2999999999999972,9.0,-14.399999999999999,-4.100000000000001,-6.100000000000001,4.199999999999996,-20.200000000000003,-9.900000000000006,0.0,0.0,0.0,0.0,0.0,1,31.3,19.5,52795.07,21935.27,100,0,-10.299999999999997,9.0,-13.600000000000001,12.300000000000004,0,0.0,0.0,0.0,0.0,0,34,7.7,26.3,0,-10.600000000000001,9.300000000000004,-13.299999999999997,12.0,0,0.0,0.0,0.0,0.0,0,100,5.8,23.4,0,-18.518980477223423,22,242,,,0.0,22.0,22.0,0,242,,,0.0,22.0,22.0,0,509,,,0.0,22.0,22.0,0,726,3.5355339059327378,8.48528137423857,0.5,24.5,16.0,5,2257,4.34162103397042,10.081368306341385,0.7222222222222222,26.555555555555557,13.88888888888889,-3
2025-05-18 12:00:19.983661,138,57520.016339,12.005277777777778,10,41,59,1,5.0,-7.299999999999997,4.200000000000003,-20.4,-8.899999999999999,-12.100000000000001,-0.6000000000000014,-26.200000000000003,-14.700000000000003,0.0,0.0,0.0,0.0,0.0,1,31.3,19.5,52795.07,21935.27,100,0,-11.5,4.200000000000003,-15.799999999999997,8.5,0,0.0,0.0,0.0,0.0,0,100,16.1,20.9,0,-13.200000000000003,5.900000000000006,-17.1,9.800000000000004,0,0.0,0.0,0.0,0.0,0,100,15.0,18.4,0,-23.293003132925556,-41,10,,,1.0,41.0,10.0,0,10,,,1.0,41.0,10.0,0,10,,,1.0,41.0,10.0,0,10,,,1.0,41.0,10.0,0,10,,,1.0,41.0,10.0,0
2025-05-18 12:00:31.647800,138,57508.3522,12.008611111111112,16,41,59,0,5.0,-7.299999999999997,4.200000000000003,-20.4,-8.899999999999999,-12.100000000000001,-0.6000000000000014,-26.200000000000003,-14.700000000000003,0.0,0.0,0.0,0.0,0.0,1,31.3,19.5,52795.07,21935.27,100,0,-11.5,4.200000000000003,-15.799999999999997,8.5,0,0.0,0.0,0.0,0.0,0,100,16.1,20.9,0,-13.200000000000003,5.900000000000006,-17.1,9.800000000000004,0,0.0,0.0,0.0,0.0,0,100,15.0,18.4,0,-23.32780516958016,41,26,0.0,4.242640687119285,0.5,41.0,13.0,0,26,0.0,4.242640687119285,0.5,41.0,13.0,0,26,0.0,4.242640687119285,0.5,41.0,13.0,0,26,0.0,4.242640687119285,0.5,41.0,13.0,0,26,0.0,4.242640687119285,0.5,41.0,13.0,0
2025-05-18 12:00:49.549645,138,57490.450355,12.01361111111111,30,47,53,1,5.0,-7.299999999999997,4.200000000000003,-20.4,-8.899999999999999,-12.100000000000001,-0.6000000000000014,-26.200000000000003,-14.700000000000003,0.0,0.0,0.0,0.0,0.0,1,31.3,19.5,52795.07,21935.27,100,0,-11.5,4.200000000000003,-15.799999999999997,8.5,0,0.0,0.0,0.0,0.0,0,100,16.1,20.9,0,-13.200000000000003,5.900000000000006,-17.1,9.800000000000004,0,0.0,0.0,0.0,0.0,0,100,15.0,18.4,0,-29.38370525685188,-47,56,3.4641016151377544,10.263202878893768,0.6666666666666666,43.0,18.666666666666668,-6,56,3.4641016151377544,10.263202878893768,0.6666666666666666,43.0,18.666666666666668,-6,56,3.4641016151377544,10.263202878893768,0.6666666666666666,43.0,18.666666666666668,-6,56,3.4641016151377544,10.263202878893768,0.6666666666666666,43.0,18.666666666666668,-6,56,3.4641016151377544,10.263202878893768,0.6666666666666666,43.0,18.666666666666668,-6
2025-05-18 12:01:20.167650,138,57459.83235,12.022222222222224,22,18,82,1,3.0,-5.299999999999997,4.200000000000003,-18.4,-8.899999999999999,-10.100000000000001,-0.6000000000000014,-24.200000000000003,-14.700000000000003,0.0,0.0,0.0,0.0,0.0,1,31.3,19.5,52795.07,21935.27,100,0,-9.5,4.200000000000003,-13.799999999999997,8.5,0,0.0,0.0,0.0,0.0,0,100,16.1,20.9,0,-11.200000000000003,5.900000000000006,-15.100000000000001,9.800000000000004,0,0.0,0.0,0.0,0.0,0,100,15.0,18.4,0,2.0073260073260073,-18,137,0.5773502691896258,19.0,1.0,18.333333333333332,27.0,0,137,0.5773502691896258,19.0,1.0,18.333333333333332,27.0,0,137,0.5773502691896258,19.0,1.0,18.333333333333332,27.0,0,137,0.5773502691896258,19.0,1.0,18.333333333333332,27.0,0,137,0.5773502691896258,19.0,1.0,18.333333333333332,27.0,0
2025-05-18 12:01:20.167650,138,57459.83235,12.022222222222224,11,19,81,1,3.0,-5.299999999999997,4.200000000000003,-18.4,-8.899999999999999,-10.100000000000001,-0.6000000000000014,-24.200000000000003,-14.700000000000003,0.0,0.0,0.0,0.0,0.0,1,31.3,19.5,52795.07,21935.27,100,0,-9.5,4.200000000000003,-13.799999999999997,8.5,0,0.0,0.0,0.0,0.0,0,100,16.1,20.9,0,-11.200000000000003,5.900000000000006,-15.100000000000001,9.800000000000004,0,0.0,0.0,0.0,0.0,0,100,15.0,18.4,0,1.0181684262214574,-19,137,0.5773502691896258,19.0,1.0,18.333333333333332,27.0,0,137,0.5773502691896258,19.0,1.0,18.333333333333332,27.0,0,137,0.5773502691896258,19.0,1.0,18.333333333333332,27.0,0,137,0.5773502691896258,19.0,1.0,18.333333333333332,27.0,0,137,0.5773502691896258,19.0,1.0,18.333333333333332,27.0,0
2025-05-18 12:01:20.167650,138,57459.83235,12.022222222222224,48,18,82,1,3.0,-5.299999999999997,4.200000000000003,-18.4,-8.899999999999999,-10.100000000000001,-0.6000000000000014,-24.200000000000003,-14.700000000000003,0.0,0.0,0.0,0.0,0.0,1,31.3,19.5,52795.07,21935.27,100,0,-9.5,4.200000000000003,-13.799999999999997,8.5,0,0.0,0.0,0.0,0.0,0,100,16.1,20.9,0,-11.200000000000003,5.900000000000006,-15.100000000000001,9.800000000000004,0,0.0,0.0,0.0,0.0,0,100,15.0,18.4,0,2.0209256523879873,-18,137,0.5773502691896258,19.0,1.0,18.333333333333332,27.0,0,137,0.5773502691896258,19.0,1.0,18.333333333333332,27.0,0,137,0.5773502691896258,19.0,1.0,18.333333333333332,27.0,0,137,0.5773502691896258,19.0,1.0,18.333333333333332,27.0,0,137,0.5773502691896258,19.0,1.0,18.333333333333332,27.0,0
2025-05-18 12:01:34.430405,138,57445.569595,12.026111111111112,3,20,80,1,3.0,-5.299999999999997,4.200000000000003,-18.4,-8.899999999999999,-10.100000000000001,-0.6000000000000014,-24.200000000000003,-14.700000000000003,0.0,0.0,0.0,0.0,0.0,1,31.3,19.5,52795.07,21935.27,100,0,-9.5,4.200000000000003,-13.799999999999997,8.5,0,0.0,0.0,0.0,0.0,0,100,16.1,20.9,0,-11.200000000000003,5.900000000000006,-15.100000000000001,9.800000000000004,0,0.0,0.0,0.0,0.0,0,100,15.0,18.4,0,0.04509217737917126,-20,140,0.9574271077563381,19.61292091114087,1.0,18.75,21.0,-2,140,0.9574271077563381,19.61292091114087,1.0,18.75,21.0,-2,140,0.9574271077563381,19.61292091114087,1.0,18.75,21.0,-2,140,0.9574271077563381,19.61292091114087,1.0,18.75,21.0,-2,140,0.9574271077563381,19.61292091114087,1.0,18.75,21.0,-2
2025-05-18 12:01:39.344352,138,57440.655648,12.027500000000002,3,24,76,1,3.0,-5.299999999999997,4.200000000000003,-18.4,-8.899999999999999,-10.100000000000001,-0.6000000000000014,-24.200000000000003,-14.700000000000003,0.0,0.0,0.0,0.0,0.0,1,31.3,19.5,52795.07,21935.27,100,0,-9.5,4.200000000000003,-13.799999999999997,8.5,0,0.0,0.0,0.0,0.0,0,100,16.1,20.9,0,-11.200000000000003,5.900000000000006,-15.100000000000001,9.800000000000004,0,0.0,0.0,0.0,0.0,0,100,15.0,18.4,0,-3.954874096235354,-24,153,2.571208103423585,15.441646429200624,1.0,21.11111111111111,10.777777777777779,-4,153,2.571208103423585,15.441646429200624,1.0,21.11111111111111,10.777777777777779,-4,153,2.571208103423585,15.441646429200624,1.0,21.11111111111111,10.777777777777779,-4,153,2.571208103423585,15.441646429200624,1.0,21.11111111111111,10.777777777777779,-4,153,2.571208103423585,15.441646429200624,1.0,21.11111111111111,10.777777777777779,-4
2025-05-18 12:01:39.344352,138,57440.655648,12.027500000000002,2,25,75,1,3.0,-5.299999999999997,4.200000000000003,-18.4,-8.899999999999999,-10.100000000000001,-0.6000000000000014,-24.200000000000003,-14.700000000000003,0.0,0.0,0.0,0.0,0.0,1,31.3,19.5,52795.07,21935.27,100,0,-9.5,4.200000000000003,-13.799999999999997,8.5,0,0.0,0.0,0.0,0.0,0,100,16.1,20.9,0,-11.200000000000003,5.900000000000006,-15.100000000000001,9.800000000000004,0,0.0,0.0,0.0,0.0,0,100,15.0,18.4,0,-4.957834331337324,-25,153,2.571208103423585,15.441646429200624,1.0,21.11111111111111,10.777777777777779,-4,153,2.571208103423585,15.441646429200624,1.0,21.11111111111111,10.777777777777779,-4,153,2.571208103423585,15.441646429200624,1.0,21.11111111111111,10.777777777777779,-4,153,2.571208103423585,15.441646429200624,1.0,21.11111111111111,10.777777777777779,-4,153,2.571208103423585,15.441646429200624,1.0,21.11111111111111,10.777777777777779,-4
2025-05-18 12:01:39.344352,138,57440.655648,12.027500000000002,2,23,77,1,3.0,-5.299999999999997,4.200000000000003,-18.4,-8.899999999999999,-10.100000000000001,-0.6000000000000014,-24.200000000000003,-14.700000000000003,0.0,0.0,0.0,0.0,0.0,1,31.3,19.5,52795.07,21935.27,100,0,-9.5,4.200000000000003,-13.799999999999997,8.5,0,0.0,0.0,0.0,0.0,0,100,16.1,20.9,0,-11.200000000000003,5.900000000000006,-15.100000000000001,9.800000000000004,0,0.0,0.0,0.0,0.0,0,100,15.0,18.4,0,-2.9603095356964566,-23,153,2.571208103423585,15.441646429200624,1.0,21.11111111111111,10.777777777777779,-4,153,2.571208103423585,15.441646429200624,1.0,21.11111111111111,10.777777777777779,-4,153,2.571208103423585,15.441646429200624,1.0,21.11111111111111,10.777777777777779,-4,153,2.571208103423585,15.441646429200624,1.0,21.11111111111111,10.777777777777779,-4,153,2.571208103423585,15.441646429200624,1.0,21.11111111111111,10.777777777777779,-4
2025-05-18 12:01:39.344352,138,57440.655648,12.027500000000002,3,21,79,1,3.0,-5.299999999999997,4.200000000000003,-18.4,-8.899999999999999,-10.100000000000001,-0.6000000000000014,-24.200000000000003,-14.700000000000003,0.0,0.0,0.0,0.0,0.0,1,31.3,19.5,52795.07,21935.27,100,0,-9.5,4.200000000000003,-13.799999999999997,8.5,0,0.0,0.0,0.0,0.0,0,100,16.1,20.9,0,-11.200000000000003,5.900000000000006,-15.100000000000001,9.800000000000004,0,0.0,0.0,0.0,0.0,0,100,15.0,18.4,0,-0.9617882117882104,-21,153,2.571208103423585,15.441646429200624,1.0,21.11111111111111,10.777777777777779,-4,153,2.571208103423585,15.441646429200624,1.0,21.11111111111111,10.777777777777779,-4,153,2.571208103423585,15.441646429200624,1.0,21.11111111111111,10.777777777777779,-4,153,2.571208103423585,15.441646429200624,1.0,21.11111111111111,10.777777777777779,-4,153,2.571208103423585,15.441646429200624,1.0,21.11111111111111,10.777777777777779,-4
2025-05-18 12:01:39.344352,138,57440.655648,12.027500000000002,3,22,78,1,3.0,-5.299999999999997,4.200000000000003,-18.4,-8.899999999999999,-10.100000000000001,-0.6000000000000014,-24.200000000000003,-14.700000000000003,0.0,0.0,0.0,0.0,0.0,1,31.3,19.5,52795.07,21935.27,100,0,-9.5,4.200000000000003,-13.799999999999997,8.5,0,0.0,0.0,0.0,0.0,0,100,16.1,20.9,0,-11.200000000000003,5.900000000000006,-15.100000000000001,9.800000000000004,0,0.0,0.0,0.0,0.0,0,100,15.0,18.4,0,-1.962509372656836,-22,153,2.571208103423585,15.441646429200624,1.0,21.11111111111111,10.777777777777779,-4,153,2.571208103423585,15.441646429200624,1.0,21.11111111111111,10.777777777777779,-4,153,2.571208103423585,15.441646429200624,1.0,21.11111111111111,10.777777777777779,-4,153,2.571208103423585,15.441646429200624,1.0,21.11111111111111,10.777777777777779,-4,153,2.571208103423585,15.441646429200624,1.0,21.11111111111111,10.777777777777779,-4
2025-05-18 12:01:48.826362,138,57431.173638,12.030000000000001,97,57,43,1,5.0,-7.299999999999997,4.200000000000003,-20.4,-8.899999999999999,-12.100000000000001,-0.6000000000000014,-26.200000000000003,-14.700000000000003,0.0,0.0,0.0,0.0,0.0,1,31.3,19.5,52795.07,21935.27,100,0,-11.5,4.200000000000003,-15.799999999999997,8.5,0,0.0,0.0,0.0,0.0,0,100,16.1,20.9,0,-13.200000000000003,5.900000000000006,-17.1,9.800000000000004,0,0.0,0.0,0.0,0.0,0,100,15.0,18.4,0,-39.51632315330224,-57,250,7.54983443527075,40.05308976845607,0.75,46.5,38.25,-16,250,7.54983443527075,40.05308976845607,0.75,46.5,38.25,-16,250,7.54983443527075,40.05308976845607,0.75,46.5,38.25,-16,250,7.54983443527075,40.05308976845607,0.75,46.5,38.25,-16,250,7.54983443527075,40.05308976845607,0.75,46.5,38.25,-16
2025-05-18 12:01:48.942533,138,57431.057467,12.030000000000001,56,21,79,0,1.0,-3.299999999999997,4.200000000000003,-16.4,-8.899999999999999,-8.100000000000001,-0.6000000000000014,-22.200000000000003,-14.700000000000003,0.0,0.0,0.0,0.0,0.0,1,31.3,19.5,52795.07,21935.27,100,0,-7.5,4.200000000000003,-11.799999999999997,8.5,0,0.0,0.0,0.0,0.0,0,100,16.1,20.9,0,-9.200000000000003,5.900000000000006,-13.100000000000001,9.800000000000004,0,0.0,0.0,0.0,0.0,0,100,15.0,18.4,0,64.19182569068641,-79,347,0.0,10.606601717798213,0.0,21.0,48.5,0,347,0.0,10.606601717798213,0.0,21.0,48.5,0,347,0.0,10.606601717798213,0.0,21.0,48.5,0,347,0.0,10.606601717798213,0.0,21.0,48.5,0,347,0.0,10.606601717798213,0.0,21.0,48.5,0
2025-05-18 12:01:48.942533,138,57431.057467,12.030000000000001,41,21,79,0,1.0,-3.299999999999997,4.200000000000003,-16.4,-8.899999999999999,-8.100000000000001,-0.6000000000000014,-22.200000000000003,-14.700000000000003,0.0,0.0,0.0,0.0,0.0,1,31.3,19.5,52795.07,21935.27,100,0,-7.5,4.200000000000003,-11.799999999999997,8.5,0,0.0,0.0,0.0,0.0,0,100,16.1,20.9,0,-9.200000000000003,5.900000000000006,-13.100000000000001,9.800000000000004,0,0.0,0.0,0.0,0.0,0,100,15.0,18.4,0,64.44881326851588,-79,347,0.0,10.606601717798213,0.0,21.0,48.5,0,347,0.0,10.606601717798213,0.0,21.0,48.5,0,347,0.0,10.606601717798213,0.0,21.0,48.5,0,347,0.0,10.606601717798213,0.0,21.0,48.5,0,347,0.0,10.606601717798213,0.0,21.0,48.5,0
2025-05-18 12:01:48.946430,138,57431.05357,12.030000000000001,97,18,82,0,-1.0,-1.2999999999999972,4.200000000000003,-14.399999999999999,-8.899999999999999,-6.100000000000001,-0.6000000000000014,-20.200000000000003,-14.700000000000003,0.0,0.0,0.0,0.0,0.0,1,31.3,19.5,52795.07,21935.27,100,0,-5.5,4.200000000000003,-9.799999999999997,8.5,0,0.0,0.0,0.0,0.0,0,100,16.1,20.9,0,-7.200000000000003,5.900000000000006,-11.100000000000001,9.800000000000004,0,0.0,0.0,0.0,0.0,0,100,15.0,18.4,0,-14.563274624918463,18,444,,,0.0,18.0,97.0,0,444,,,0.0,18.0,97.0,0,444,,,0.0,18.0,97.0,0,444,,,0.0,18.0,97.0,0,444,,,0.0,18.0,97.0,0
2025-05-18 12:01:48.951768,138,57431.048232,12.030000000000001,15,21,79,0,3.0,-5.299999999999997,4.200000000000003,-18.4,-8.899999999999999,-10.100000000000001,-0.6000000000000014,-24.200000000000003,-14.700000000000003,0.0,0.0,0.0,0.0,0.0,1,31.3,19.5,52795.07,21935.27,100,0,-9.5,4.200000000000003,-13.799999999999997,8.5,0,0.0,0.0,0.0,0.0,0,100,16.1,20.9,0,-11.200000000000003,5.900000000000006,-15.100000000000001,9.800000000000004,0,0.0,0.0,0.0,0.0,0,100,15.0,18.4,0,-0.9639819909955065,21,541,2.32379000772445,25.4569154740818,0.8181818181818182,21.0,17.636363636363637,-2,541,2.32379000772445,25.4569154740818,0.8181818181818182,21.0,17.636363636363637,-2,541,2.32379000772445,25.4569154740818,0.8181818181818182,21.0,17.636363636363637,-2,541,2.32379000772445,25.4569154740818,0.8181818181818182,21.0,17.636363636363637,-2,541,2.32379000772445,25.4569154740818,0.8181818181818182,21.0,17.636363636363637,-2
2025-05-18 12:01:48.951768,138,57431.048232,12.030000000000001,82,20,80,0,3.0,-5.299999999999997,4.200000000000003,-18.4,-8.899999999999999,-10.100000000000001,-0.6000000000000014,-24.200000000000003,-14.700000000000003,0.0,0.0,0.0,0.0,0.0,1,31.3,19.5,52795.07,21935.27,100,0,-9.5,4.200000000000003,-13.799999999999997,8.5,0,0.0,0.0,0.0,0.0,0,100,16.1,20.9,0,-11.200000000000003,5.900000000000006,-15.100000000000001,9.800000000000004,0,0.0,0.0,0.0,0.0,0,100,15.0,18.4,0,0.032387647501877836,20,541,2.32379000772445,25.4569154740818,0.8181818181818182,21.0,17.636363636363637,-2,541,2.32379000772445,25.4569154740818,0.8181818181818182,21.0,17.636363636363637,-2,541,2.32379000772445,25.4569154740818,0.8181818181818182,21.0,17.636363636363637,-2,541,2.32379000772445,25.4569154740818,0.8181818181818182,21.0,17.636363636363637,-2,541,2.32379000772445,25.4569154740818,0.8181818181818182,21.0,17.636363636363637,-2
2025-05-18 12:01:49.182871,138,57430.817129,12.030277777777778,5,56,44,1,5.0,-7.299999999999997,4.200000000000003,-20.4,-8.899999999999999,-12.100000000000001,-0.6000000000000014,-26.200000000000003,-14.700000000000003,0.0,0.0,0.0,0.0,0.0,1,31.3,19.5,52795.07,21935.27,100,0,-11.5,4.200000000000003,-15.799999999999997,8.5,0,0.0,0.0,0.0,0.0,0,100,16.1,20.9,0,-13.200000000000003,5.900000000000006,-17.1,9.800000000000004,0,0.0,0.0,0.0,0.0,0,100,15.0,18.4,0,-39.10152671755725,-56,546,7.797435475847171,37.73989931094147,0.8,48.4,31.6,-15,546,7.797435475847171,37.73989931094147,0.8,48.4,31.6,-15,546,7.797435475847171,37.73989931094147,0.8,48.4,31.6,-15,546,7.797435475847171,37.73989931094147,0.8,48.4,31.6,-15,546,7.797435475847171,37.73989931094147,0.8,48.4,31.6,-15
2025-05-18 12:01:49.425578,138,57430.574422,12.030277777777778,2,20,80,0,3.0,-5.299999999999997,4.200000000000003,-18.4,-8.899999999999999,-10.100000000000001,-0.6000000000000014,-24.200000000000003,-14.700000000000003,0.0,0.0,0.0,0.0,0.0,1,31.3,19.5,52795.07,21935.27,100,0,-9.5,4.200000000000003,-13.799999999999997,8.5,0,0.0,0.0,0.0,0.0,0,100,16.1,20.9,0,-11.200000000000003,5.900000000000006,-15.100000000000001,9.800000000000004,0,0.0,0.0,0.0,0.0,0,100,15.0,18.4,0,0.033068443988724994,20,548,2.2343733444579583,24.688360648596163,0.75,20.916666666666668,16.333333333333332,-2,548,2.2343733444579583,24.688360648596163,0.75,20.916666666666668,16.333333333333332,-2,548,2.2343733444579583,24.688360648596163,0.75,20.916666666666668,16.333333333333332,-2,548,2.2343733444579583,24.688360648596163,0.75,20.916666666666668,16.333333333333332,-2,548,2.2343733444579583,24.688360648596163,0.75,20.916666666666668,16.333333333333332,-2
2025-05-18 12:01:49.427239,138,57430.572761,12.030277777777778,2,20,80,0,1.0,-3.299999999999997,4.200000000000003,-16.4,-8.899999999999999,-8.100000000000001,-0.6000000000000014,-22.200000000000003,-14.700000000000003,0.0,0.0,0.0,0.0,0.0,1,31.3,19.5,52795.07,21935.27,100,0,-7.5,4.200000000000003,-11.799999999999997,8.5,0,0.0,0.0,0.0,0.0,0,100,16.1,20.9,0,-9.200000000000003,5.900000000000006,-13.100000000000001,9.800000000000004,0,0.0,0.0,0.0,0.0,0,100,15.0,18.4,0,65.63827346382735,-80,550,0.5773502691896258,27.874719729532707,0.0,20.666666666666668,33.0,1,550,0.5773502691896258,27.874719729532707,0.0,20.666666666666668,33.0,1,550,0.5773502691896258,27.874719729532707,0.0,20.666666666666668,33.0,1,550,0.5773502691896258,27.874719729532707,0.0,20.666666666666668,33.0,1,550,0.5773502691896258,27.874719729532707,0.0,20.666666666666668,33.0,1
2025-05-18 12:01:49.427522,138,57430.572478,12.030277777777778,2,18,82,0,-1.0,-1.2999999999999972,4.200000000000003,-14.399999999999999,-8.899999999999999,-6.100000000000001,-0.6000000000000014,-20.200000000000003,-14.700000000000003,0.0,0.0,0.0,0.0,0.0,1,31.3,19.5,52795.07,21935.27,100,0,-5.5,4.200000000000003,-9.799999999999997,8.5,0,0.0,0.0,0.0,0.0,0,100,16.1,20.9,0,-7.200000000000003,5.900000000000006,-11.100000000000001,9.800000000000004,0,0.0,0.0,0.0,0.0,0,100,15.0,18.4,0,-14.718492473354573,18,552,0.0,67.17514421272202,0.0,18.0,49.5,0,552,0.0,67.17514421272202,0.0,18.0,49.5,0,552,0.0,67.17514421272202,0.0,18.0,49.5,0,552,0.0,67.17514421272202,0.0,18.0,49.5,0,552,0.0,67.17514421272202,0.0,18.0,49.5,0
2025-05-18 12:01:49.429835,138,57430.570165,12.030277777777778,2,55,45,0,5.0,-7.299999999999997,4.200000000000003,-20.4,-8.899999999999999,-12.100000000000001,-0.6000000000000014,-26.200000000000003,-14.700000000000003,0.0,0.0,0.0,0.0,0.0,1,31.3,19.5,52795.07,21935.27,100,0,-11.5,4.200000000000003,-15.799999999999997,8.5,0,0.0,0.0,0.0,0.0,0,100,16.1,20.9,0,-13.200000000000003,5.900000000000006,-17.1,9.800000000000004,0,0.0,0.0,0.0,0.0,0,100,15.0,18.4,0,-38.13139801375095,55,554,7.476630257007497,35.8534052311167,0.6666666666666666,49.5,26.666666666666668,-14,554,7.476630257007497,35.8534052311167,0.6666666666666666,49.5,26.666666666666668,-14,554,7.476630257007497,35.8534052311167,0.6666666666666666,49.5,26.666666666666668,-14,554,7.476630257007497,35.8534052311167,0.6666666666666666,49.5,26.666666666666668,-14,554,7.476630257007497,35.8534052311167,0.6666666666666666,49.5,26.666666666666668,-14
2025-05-18 12:01:50.263655,138,57429.736345,12.030555555555557,1,54,46,0,5.0,-7.299999999999997,4.200000000000003,-20.4,-8.899999999999999,-12.100000000000001,-0.6000000000000014,-26.200000000000003,-14.700000000000003,0.0,0.0,0.0,0.0,0.0,1,31.3,19.5,52795.07,21935.27,100,0,-11.5,4.200000000000003,-15.799999999999997,8.5,0,0.0,0.0,0.0,0.0,0,100,16.1,20.9,0,-13.200000000000003,5.900000000000006,-17.1,9.800000000000004,0,0.0,0.0,0.0,0.0,0,100,15.0,18.4,0,-37.14305364511692,54,555,7.033931367037248,34.136978971978955,0.5714285714285714,50.142857142857146,23.0,-13,555,7.033931367037248,34.136978971978955,0.5714285714285714,50.142857142857146,23.0,-13,555,7.033931367037248,34.136978971978955,0.5714285714285714,50.142857142857146,23.0,-13,555,7.033931367037248,34.136978971978955,0.5714285714285714,50.142857142857146,23.0,-13,555,7.033931367037248,34.136978971978955,0.5714285714285714,50.142857142857146,23.0,-13
2025-05-18 12:01:50.265054,138,57429.734946,12.030555555555557,1,18,82,0,-1.0,-1.2999999999999972,4.200000000000003,-14.399999999999999,-8.899999999999999,-6.100000000000001,-0.6000000000000014,-20.200000000000003,-14.700000000000003,0.0,0.0,0.0,0.0,0.0,1,31.3,19.5,52795.07,21935.27,100,0,-5.5,4.200000000000003,-9.799999999999997,8.5,0,0.0,0.0,0.0,0.0,0,100,16.1,20.9,0,-7.200000000000003,5.900000000000006,-11.100000000000001,9.800000000000004,0,0.0,0.0,0.0,0.0,0,100,15.0,18.4,0,-14.721727662380488,18,556,0.0,55.139217743211894,0.0,18.0,33.333333333333336,0,556,0.0,55.139217743211894,0.0,18.0,33.333333333333336,0,556,0.0,55.139217743211894,0.0,18.0,33.333333333333336,0,556,0.0,55.139217743211894,0.0,18.0,33.333333333333336,0,556,0.0,55.139217743211894,0.0,18.0,33.333333333333336,0
2025-05-18 12:01:50.267628,138,57429.732372,12.030555555555557,1,20,80,0,1.0,-3.299999999999997,4.200000000000003,-16.4,-8.899999999999999,-8.100000000000001,-0.6000000000000014,-22.200000000000003,-14.700000000000003,0.0,0.0,0.0,0.0,0.0,1,31.3,19.5,52795.07,21935.27,100,0,-7.5,4.200000000000003,-11.799999999999997,8.5,0,0.0,0.0,0.0,0.0,0,100,16.1,20.9,0,-9.200000000000003,5.900000000000006,-13.100000000000001,9.800000000000004,0,0.0,0.0,0.0,0.0,0,100,15.0,18.4,0,65.64768734313374,-80,557,0.5773502691896257,27.820855486487112,0.0,20.5,25.0,1,557,0.5773502691896257,27.820855486487112,0.0,20.5,25.0,1,557,0.5773502691896257,27.820855486487112,0.0,20.5,25.0,1,557,0.5773502691896257,27.820855486487112,0.0,20.5,25.0,1,557,0.5773502691896257,27.820855486487112,0.0,20.5,25.0,1
2025-05-18 12:01:50.272202,138,57429.727798,12.030555555555557,1,20,80,0,3.0,-5.299999999999997,4.200000000000003,-18.4,-8.899999999999999,-10.100000000000001,-0.6000000000000014,-24.200000000000003,-14.700000000000003,0.0,0.0,0.0,0.0,0.0,1,31.3,19.5,52795.07,21935.27,100,0,-9.5,4.200000000000003,-13.799999999999997,8.5,0,0.0,0.0,0.0,0.0,0,100,16.1,20.9,0,-11.200000000000003,5.900000000000006,-15.100000000000001,9.800000000000004,0,0.0,0.0,0.0,0.0,0,100,15.0,18.4,0,0.03308540651448766,20,558,2.154303980645638,24.016821028347866,0.6923076923076923,20.846153846153847,15.153846153846153,-2,558,2.154303980645638,24.016821028347866,0.6923076923076923,20.846153846153847,15.153846153846153,-2,558,2.154303980645638,24.016821028347866,0.6923076923076923,20.846153846153847,15.153846153846153,-2,558,2.154303980645638,24.016821028347866,0.6923076923076923,20.846153846153847,15.153846153846153,-2,558,2.154303980645638,24.016821028347866,0.6923076923076923,20.846153846153847,15.153846153846153,-2
2025-05-18 12:01:51.104191,138,57428.895809,12.030833333333334,2,20,80,0,3.0,-5.299999999999997,4.200000000000003,-18.4,-8.899999999999999,-10.100000000000001,-0.6000000000000014,-24.200000000000003,-14.700000000000003,0.0,0.0,0.0,0.0,0.0,1,31.3,19.5,52795.07,21935.27,100,0,-9.5,4.200000000000003,-13.799999999999997,8.5,0,0.0,0.0,0.0,0.0,0,100,16.1,20.9,0,-11.200000000000003,5.900000000000006,-15.100000000000001,9.800000000000004,0,0.0,0.0,0.0,0.0,0,100,15.0,18.4,0,0.03309389430476983,20,560,2.082105865503682,23.340880516739368,0.6428571428571429,20.785714285714285,14.214285714285714,-2,560,2.082105865503682,23.340880516739368,0.6428571428571429,20.785714285714285,14.214285714285714,-2,560,2.082105865503682,23.340880516739368,0.6428571428571429,20.785714285714285,14.214285714285714,-2,560,2.082105865503682,23.340880516739368,0.6428571428571429,20.785714285714285,14.214285714285714,-2,560,2.082105865503682,23.340880516739368,0.6428571428571429,20.785714285714285,14.214285714285714,-2
2025-05-18 12:01:51.105385,138,57428.894615,12.030833333333334,2,18,82,0,-1.0,-1.2999999999999972,4.200000000000003,-14.399999999999999,-8.899999999999999,-6.100000000000001,-0.6000000000000014,-20.200000000000003,-14.700000000000003,0.0,0.0,0.0,0.0,0.0,1,31.3,19.5,52795.07,21935.27,100,0,-5.5,4.200000000000003,-9.799999999999997,8.5,0,0.0,0.0,0.0,0.0,0,100,16.1,20.9,0,-7.200000000000003,5.900000000000006,-11.100000000000001,9.800000000000004,0,0.0,0.0,0.0,0.0,0,100,15.0,18.4,0,-14.723345790283574,18,562,0.0,47.66899761200495,0.0,18.0,25.5,0,562,0.0,47.66899761200495,0.0,18.0,25.5,0,562,0.0,47.66899761200495,0.0,18.0,25.5,0,562,0.0,47.66899761200495,0.0,18.0,25.5,0,562,0.0,47.66899761200495,0.0,18.0,25.5,0
2025-05-18 12:01:51.105736,138,57428.894264,12.030833333333334,2,53,47,0,5.0,-7.299999999999997,4.200000000000003,-20.4,-8.899999999999999,-12.100000000000001,-0.6000000000000014,-26.200000000000003,-14.700000000000003,0.0,0.0,0.0,0.0,0.0,1,31.3,19.5,52795.07,21935.27,100,0,-11.5,4.200000000000003,-15.799999999999997,8.5,0,0.0,0.0,0.0,0.0,0,100,16.1,20.9,0,-13.200000000000003,5.900000000000006,-17.1,9.800000000000004,0,0.0,0.0,0.0,0.0,0,100,15.0,18.4,0,-36.14873127483949,53,564,6.590035768383312,32.46509114198115,0.5,50.5,20.375,-12,564,6.590035768383312,32.46509114198115,0.5,50.5,20.375,-12,564,6.590035768383312,32.46509114198115,0.5,50.5,20.375,-12,564,6.590035768383312,32.46509114198115,0.5,50.5,20.375,-12,564,6.590035768383312,32.46509114198115,0.5,50.5,20.375,-12
2025-05-18 12:01:51.106225,138,57428.893775,12.030833333333334,2,20,80,0,1.0,-3.299999999999997,4.200000000000003,-16.4,-8.899999999999999,-8.100000000000001,-0.6000000000000014,-22.200000000000003,-14.700000000000003,0.0,0.0,0.0,0.0,0.0,1,31.3,19.5,52795.07,21935.27,100,0,-7.5,4.200000000000003,-11.799999999999997,8.5,0,0.0,0.0,0.0,0.0,0,100,16.1,20.9,0,-9.200000000000003,5.900000000000006,-13.100000000000001,9.800000000000004,0,0.0,0.0,0.0,0.0,0,100,15.0,18.4,0,65.65239529546758,-80,566,0.5477225575051661,26.197328108034224,0.0,20.4,20.4,1,566,0.5477225575051661,26.197328108034224,0.0,20.4,20.4,1,566,0.5477225575051661,26.197328108034224,0.0,20.4,20.4,1,566,0.5477225575051661,26.197328108034224,0.0,20.4,20.4,1,566,0.5477225575051661,26.197328108034224,0.0,20.4,20.4,1
2025-05-18 12:01:51.945724,138,57428.054276,12.030833333333334,1,18,82,0,-1.0,-1.2999999999999972,4.200000000000003,-14.399999999999999,-8.899999999999999,-6.100000000000001,-0.6000000000000014,-20.200000000000003,-14.700000000000003,0.0,0.0,0.0,0.0,0.0,1,31.3,19.5,52795.07,21935.27,100,0,-5.5,4.200000000000003,-9.799999999999997,8.5,0,0.0,0.0,0.0,0.0,0,100,16.1,20.9,0,-7.200000000000003,5.900000000000006,-11.100000000000001,9.800000000000004,0,0.0,0.0,0.0,0.0,0,100,15.0,18.4,0,-14.72658311345647,18,567,0.0,42.71182506051457,0.0,18.0,20.6,0,567,0.0,42.71182506051457,0.0,18.0,20.6,0,567,0.0,42.71182506051457,0.0,18.0,20.6,0,567,0.0,42.71182506051457,0.0,18.0,20.6,0,567,0.0,42.71182506051457,0.0,18.0,20.6,0
2025-05-18 12:01:51.946034,138,57428.053966,12.030833333333334,1,52,48,0,5.0,-7.299999999999997,4.200000000000003,-20.4,-8.899999999999999,-12.100000000000001,-0.6000000000000014,-26.200000000000003,-14.700000000000003,0.0,0.0,0.0,0.0,0.0,1,31.3,19.5,52795.07,21935.27,100,0,-11.5,4.200000000000003,-15.799999999999997,8.5,0,0.0,0.0,0.0,0.0,0,100,16.1,20.9,0,-13.200000000000003,5.900000000000006,-17.1,9.800000000000004,0,0.0,0.0,0.0,0.0,0,100,15.0,18.4,0,-35.15978593272172,52,568,6.18465843842649,31.047454717648666,0.4444444444444444,50.666666666666664,18.22222222222222,-11,568,6.18465843842649,31.047454717648666,0.4444444444444444,50.666666666666664,18.22222222222222,-11,568,6.18465843842649,31.047454717648666,0.4444444444444444,50.666666666666664,18.22222222222222,-11,568,6.18465843842649,31.047454717648666,0.4444444444444444,50.666666666666664,18.22222222222222,-11,568,6.18465843842649,31.047454717648666,0.4444444444444444,50.666666666666664,18.22222222222222,-11
2025-05-18 12:01:51.946501,138,57428.053499,12.030833333333334,1,20,80,0,1.0,-3.299999999999997,4.200000000000003,-16.4,-8.899999999999999,-8.100000000000001,-0.6000000000000014,-22.200000000000003,-14.700000000000003,0.0,0.0,0.0,0.0,0.0,1,31.3,19.5,52795.07,21935.27,100,0,-7.5,4.200000000000003,-11.799999999999997,8.5,0,0.0,0.0,0.0,0.0,0,100,16.1,20.9,0,-9.200000000000003,5.900000000000006,-13.100000000000001,9.800000000000004,0,0.0,0.0,0.0,0.0,0,100,15.0,18.4,0,65.66181322622292,-80,569,0.5163977794943222,24.733917333626444,0.0,20.333333333333332,17.166666666666668,1,569,0.5163977794943222,24.733917333626444,0.0,20.333333333333332,17.166666666666668,1,569,0.5163977794943222,24.733917333626444,0.0,20.333333333333332,17.166666666666668,1,569,0.5163977794943222,24.733917333626444,0.0,20.333333333333332,17.166666666666668,1,569,0.5163977794943222,24.733917333626444,0.0,20.333333333333332,17.166666666666668,1
2025-05-18 12:01:51.950093,138,57428.049907,12.030833333333334,1,20,80,0,3.0,-5.299999999999997,4.200000000000003,-18.4,-8.899999999999999,-10.100000000000001,-0.6000000000000014,-24.200000000000003,-14.700000000000003,0.0,0.0,0.0,0.0,0.0,1,31.3,19.5,52795.07,21935.27,100,0,-9.5,4.200000000000003,-13.799999999999997,8.5,0,0.0,0.0,0.0,0.0,0,100,16.1,20.9,0,-11.200000000000003,5.900000000000006,-15.100000000000001,9.800000000000004,0,0.0,0.0,0.0,0.0,0,100,15.0,18.4,0,0.03311088295687625,20,570,2.0165977949672227,22.74914964397152,0.6,20.733333333333334,13.333333333333334,-2,570,2.0165977949672227,22.74914964397152,0.6,20.733333333333334,13.333333333333334,-2,570,2.0165977949672227,22.74914964397152,0.6,20.733333333333334,13.333333333333334,-2,570,2.0165977949672227,22.74914964397152,0.6,20.733333333333334,13.333333333333334,-2,570,2.0165977949672227,22.74914964397152,0.6,20.733333333333334,13.333333333333334,-2
2025-05-18 12:01:52.784514,138,57427.215486,12.031111111111112,1,20,80,0,1.0,-3.299999999999997,4.200000000000003,-16.4,-8.899999999999999,-8.100000000000001,-0.6000000000000014,-22.200000000000003,-14.700000000000003,0.0,0.0,0.0,0.0,0.0,1,31.3,19.5,52795.07,21935.27,100,0,-7.5,4.200000000000003,-11.799999999999997,8.5,0,0.0,0.0,0.0,0.0,0,100,16.1,20.9,0,-9.200000000000003,5.900000000000006,-13.100000000000001,9.800000000000004,0,0.0,0.0,0.0,0.0,0,100,15.0,18.4,0,65.66652320493509,-80,571,0.4879500364742666,23.391084992852665,0.0,20.285714285714285,14.857142857142858,1,571,0.4879500364742666,23.391084992852665,0.0,20.285714285714285,14.857142857142858,1,571,0.4879500364742666,23.391084992852665,0.0,20.285714285714285,14.857142857142858,1,571,0.4879500364742666,23.391084992852665,0.0,20.285714285714285,14.857142857142858,1,571,0.4879500364742666,23.391084992852665,0.0,20.285714285714285,14.857142857142858,1
2025-05-18 12:01:52.785555,138,57427.214445,12.031111111111112,1,18,82,0,-1.0,-1.2999999999999972,4.200000000000003,-14.399999999999999,-8.899999999999999,-6.100000000000001,-0.6000000000000014,-20.200000000000003,-14.700000000000003,0.0,0.0,0.0,0.0,0.0,1,31.3,19.5,52795.07,21935.27,100,0,-5.5,4.200000000000003,-9.799999999999997,8.5,0,0.0,0.0,0.0,0.0,0,100,16.1,20.9,0,-7.200000000000003,5.900000000000006,-11.100000000000001,9.800000000000004,0,0.0,0.0,0.0,0.0,0,100,15.0,18.4,0,-14.728202308960974,18,572,0.0,39.03161112056056,0.0,18.0,17.333333333333332,0,572,0.0,39.03161112056056,0.0,18.0,17.333333333333332,0,572,0.0,39.03161112056056,0.0,18.0,17.333333333333332,0,572,0.0,39.03161112056056,0.0,18.0,17.333333333333332,0,572,0.0,39.03161112056056,0.0,18.0,17.333333333333332,0
2025-05-18 12:01:52.847274,138,57427.152726,12.031111111111112,1,20,80,0,3.0,-5.299999999999997,4.200000000000003,-18.4,-8.899999999999999,-10.100000000000001,-0.6000000000000014,-24.200000000000003,-14.700000000000003,0.0,0.0,0.0,0.0,0.0,1,31.3,19.5,52795.07,21935.27,100,0,-9.5,4.200000000000003,-13.799999999999997,8.5,0,0.0,0.0,0.0,0.0,0,100,16.1,20.9,0,-11.200000000000003,5.900000000000006,-15.100000000000001,9.800000000000004,0,0.0,0.0,0.0,0.0,0,100,15.0,18.4,0,0.03311938382542223,20,573,1.9568256607747831,22.192998145060677,0.5625,20.6875,12.5625,-2,573,1.9568256607747831,22.192998145060677,0.5625,20.6875,12.5625,-2,573,1.9568256607747831,22.192998145060677,0.5625,20.6875,12.5625,-2,573,1.9568256607747831,22.192998145060677,0.5625,20.6875,12.5625,-2,573,1.9568256607747831,22.192998145060677,0.5625,20.6875,12.5625,-2
2025-05-18 12:01:52.860974,138,57427.139026,12.031111111111112,1,51,49,0,5.0,-7.299999999999997,4.200000000000003,-20.4,-8.899999999999999,-12.100000000000001,-0.6000000000000014,-26.200000000000003,-14.700000000000003,0.0,0.0,0.0,0.0,0.0,1,31.3,19.5,52795.07,21935.27,100,0,-11.5,4.200000000000003,-15.799999999999997,8.5,0,0.0,0.0,0.0,0.0,0,100,16.1,20.9,0,-13.200000000000003,5.900000000000006,-17.1,9.800000000000004,0,0.0,0.0,0.0,0.0,0,100,15.0,18.4,0,-34.1651628689402,51,574,5.831904586934796,29.77414986191881,0.4,50.7,16.5,-10,574,5.831904586934796,29.77414986191881,0.4,50.7,16.5,-10,574,5.831904586934796,29.77414986191881,0.4,50.7,16.5,-10,574,5.831904586934796,29.77414986191881,0.4,50.7,16.5,-10,574,5.831904586934796,29.77414986191881,0.4,50.7,16.5,-10
2025-05-18 12:01:53.695653,138,57426.304347,12.03138888888889,2,50,50,0,5.0,-7.299999999999997,4.200000000000003,-20.4,-8.899999999999999,-12.100000000000001,-0.6000000000000014,-26.200000000000003,-14.700000000000003,0.0,0.0,0.0,0.0,0.0,1,31.3,19.5,52795.07,21935.27,100,0,-11.5,4.200000000000003,-15.799999999999997,8.5,0,0.0,0.0,0.0,0.0,0,100,16.1,20.9,0,-13.200000000000003,5.900000000000006,-17.1,9.800000000000004,0,0.0,0.0,0.0,0.0,0,100,15.0,18.4,0,-33.17038849801162,50,576,5.536654716933814,28.582575747536055,0.36363636363636365,50.63636363636363,15.181818181818182,-9,576,5.536654716933814,28.582575747536055,0.36363636363636365,50.63636363636363,15.181818181818182,-9,576,5.536654716933814,28.582575747536055,0.36363636363636365,50.63636363636363,15.181818181818182,-9,576,5.536654716933814,28.582575747536055,0.36363636363636365,50.63636363636363,15.181818181818182,-9,576,5.536654716933814,28.582575747536055,0.36363636363636365,50.63636363636363,15.181818181818182,-9
2025-05-18 12:01:53.698782,138,57426.301218,12.03138888888889,2,18,82,0,-1.0,-1.2999999999999972,4.200000000000003,-14.399999999999999,-8.899999999999999,-6.100000000000001,-0.6000000000000014,-20.200000000000003,-14.700000000000003,0.0,0.0,0.0,0.0,0.0,1,31.3,19.5,52795.07,21935.27,100,0,-5.5,4.200000000000003,-9.799999999999997,8.5,0,0.0,0.0,0.0,0.0,0,100,16.1,20.9,0,-7.200000000000003,5.900000000000006,-11.100000000000001,9.800000000000004,0,0.0,0.0,0.0,0.0,0,100,15.0,18.4,0,-14.729821860567412,18,578,0.0,36.09907003155147,0.0,18.0,15.142857142857142,0,578,0.0,36.09907003155147,0.0,18.0,15.142857142857142,0,578,0.0,36.09907003155147,0.0,18.0,15.142857142857142,0,578,0.0,36.09907003155147,0.0,18.0,15.142857142857142,0,578,0.0,36.09907003155147,0.0,18.0,15.142857142857142,0
2025-05-18 12:01:53.703913,138,57426.296087,12.03138888888889,2,20,80,0,1.0,-3.299999999999997,4.200000000000003,-16.4,-8.899999999999999,-8.100000000000001,-0.6000000000000014,-22.200000000000003,-14.700000000000003,0.0,0.0,0.0,0.0,0.0,1,31.3,19.5,52795.07,21935.27,100,0,-7.5,4.200000000000003,-11.799999999999997,8.5,0,0.0,0.0,0.0,0.0,0,100,16.1,20.9,0,-9.200000000000003,5.900000000000006,-13.100000000000001,9.800000000000004,0,0.0,0.0,0.0,0.0,0,100,15.0,18.4,0,65.67123385939742,-80,580,0.4629100498862757,22.1278751158546,0.0,20.25,13.25,1,580,0.4629100498862757,22.1278751158546,0.0,20.25,13.25,1,580,0.4629100498862757,22.1278751158546,0.0,20.25,13.25,1,580,0.4629100498862757,22.1278751158546,0.0,20.25,13.25,1,580,0.4629100498862757,22.1278751158546,0.0,20.25,13.25,1
2025-05-18 12:01:53.704528,138,57426.295472,12.03138888888889,2,20,80,0,3.0,-5.299999999999997,4.200000000000003,-18.4,-8.899999999999999,-10.100000000000001,-0.6000000000000014,-24.200000000000003,-14.700000000000003,0.0,0.0,0.0,0.0,0.0,1,31.3,19.5,52795.07,21935.27,100,0,-9.5,4.200000000000003,-13.799999999999997,8.5,0,0.0,0.0,0.0,0.0,0,100,16.1,20.9,0,-11.200000000000003,5.900000000000006,-15.100000000000001,9.800000000000004,0,0.0,0.0,0.0,0.0,0,100,15.0,18.4,0,0.033127889060097004,20,582,1.902011319320558,21.640444162017836,0.5294117647058824,20.647058823529413,11.941176470588236,-2,582,1.902011319320558,21.640444162017836,0.5294117647058824,20.647058823529413,11.941176470588236,-2,582,1.902011319320558,21.640444162017836,0.5294117647058824,20.647058823529413,11.941176470588236,-2,582,1.902011319320558,21.640444162017836,0.5294117647058824,20.647058823529413,11.941176470588236,-2,582,1.902011319320558,21.640444162017836,0.5294117647058824,20.647058823529413,11.941176470588236,-2
2025-05-18 12:02:01.611289,138,57418.388711,12.03361111111111,1,19,81,0,-1.0,-1.2999999999999972,4.200000000000003,-14.399999999999999,-8.899999999999999,-6.100000000000001,-0.6000000000000014,-20.200000000000003,-14.700000000000003,0.0,0.0,0.0,0.0,0.0,1,31.3,19.5,52795.07,21935.27,100,0,-5.5,4.200000000000003,-9.799999999999997,8.5,0,0.0,0.0,0.0,0.0,0,100,16.1,20.9,0,-7.200000000000003,5.900000000000006,-11.100000000000001,9.800000000000004,0,0.0,0.0,0.0,0.0,0,100,15.0,18.4,0,-15.733062032556091,19,583,0.3535533905932738,33.79322628659689,0.0,18.125,13.375,-1,583,0.3535533905932738,33.79322628659689,0.0,18.125,13.375,-1,583,0.3535533905932738,33.79322628659689,0.0,18.125,13.375,-1,583,0.3535533905932738,33.79322628659689,0.0,18.125,13.375,-1,583,0.3535533905932738,33.79322628659689,0.0,18.125,13.375,-1
2025-05-18 12:02:01.812085,138,57418.187915,12.03361111111111,44,18,82,0,-1.0,-1.2999999999999972,4.200000000000003,-14.399999999999999,-8.899999999999999,-6.100000000000001,-0.6000000000000014,-20.200000000000003,-14.700000000000003,0.0,0.0,0.0,0.0,0.0,1,31.3,19.5,52795.07,21935.27,100,0,-5.5,4.200000000000003,-9.799999999999997,8.5,0,0.0,0.0,0.0,0.0,0,100,16.1,20.9,0,-7.200000000000003,5.900000000000006,-11.100000000000001,9.800000000000004,0,0.0,0.0,0.0,0.0,0,100,15.0,18.4,0,-14.73479265207348,18,666,0.46709936649691375,29.833172506761358,0.0,18.272727272727273,17.272727272727273,-1,666,0.46709936649691375,29.833172506761358,0.0,18.272727272727273,17.272727272727273,-1,666,0.46709936649691375,29.833172506761358,0.0,18.272727272727273,17.272727272727273,-1,666,0.46709936649691375,29.833172506761358,0.0,18.272727272727273,17.272727272727273,-1,666,0.46709936649691375,29.833172506761358,0.0,18.272727272727273,17.272727272727273,-1
2025-05-18 12:02:01.812085,138,57418.187915,12.03361111111111,14,19,81,0,-1.0,-1.2999999999999972,4.200000000000003,-14.399999999999999,-8.899999999999999,-6.100000000000001,-0.6000000000000014,-20.200000000000003,-14.700000000000003,0.0,0.0,0.0,0.0,0.0,1,31.3,19.5,52795.07,21935.27,100,0,-5.5,4.200000000000003,-9.799999999999997,8.5,0,0.0,0.0,0.0,0.0,0,100,16.1,20.9,0,-7.200000000000003,5.900000000000006,-11.100000000000001,9.800000000000004,0,0.0,0.0,0.0,0.0,0,100,15.0,18.4,0,-15.80645517851221,19,666,0.46709936649691375,29.833172506761358,0.0,18.272727272727273,17.272727272727273,-1,666,0.46709936649691375,29.833172506761358,0.0,18.272727272727273,17.272727272727273,-1,666,0.46709936649691375,29.833172506761358,0.0,18.272727272727273,17.272727272727273,-1,666,0.46709936649691375,29.833172506761358,0.0,18.272727272727273,17.272727272727273,-1,666,0.46709936649691375,29.833172506761358,0.0,18.272727272727273,17.272727272727273,-1
2025-05-18 12:02:01.812085,138,57418.187915,12.03361111111111,25,19,81,0,-1.0,-1.2999999999999972,4.200000000000003,-14.399999999999999,-8.899999999999999,-6.100000000000001,-0.6000000000000014,-20.200000000000003,-14.700000000000003,0.0,0.0,0.0,0.0,0.0,1,31.3,19.5,52795.07,21935.27,100,0,-5.5,4.200000000000003,-9.799999999999997,8.5,0,0.0,0.0,0.0,0.0,0,100,16.1,20.9,0,-7.200000000000003,5.900000000000006,-11.100000000000001,9.800000000000004,0,0.0,0.0,0.0,0.0,0,100,15.0,18.4,0,-15.830953171703754,19,666,0.46709936649691375,29.833172506761358,0.0,18.272727272727273,17.272727272727273,-1,666,0.46709936649691375,29.833172506761358,0.0,18.272727272727273,17.272727272727273,-1,666,0.46709936649691375,29.833172506761358,0.0,18.272727272727273,17.272727272727273,-1,666,0.46709936649691375,29.833172506761358,0.0,18.272727272727273,17.272727272727273,-1,666,0.46709936649691375,29.833172506761358,0.0,18.272727272727273,17.272727272727273,-1
2025-05-18 12:02:05.622481,138,57414.377519,12.034722222222221,15,26,74,1,3.0,-5.299999999999997,4.200000000000003,-18.4,-8.899999999999999,-10.100000000000001,-0.6000000000000014,-24.200000000000003,-14.700000000000003,0.0,0.0,0.0,0.0,0.0,1,31.3,19.5,52795.07,21935.27,100,0,-9.5,4.200000000000003,-13.799999999999997,8.5,0,0.0,0.0,0.0,0.0,0,100,16.1,20.9,0,-11.200000000000003,5.900000000000006,-15.100000000000001,9.800000000000004,0,0.0,0.0,0.0,0.0,0,100,15.0,18.4,0,-5.9668550873586845,-26,691,2.5422741580594415,20.03260500179382,0.6,21.4,11.4,-8,691,2.5422741580594415,20.03260500179382,0.6,21.4,11.4,-8,691,2.5422741580594415,20.03260500179382,0.6,21.4,11.4,-8,691,2.5422741580594415,20.03260500179382,0.6,21.4,11.4,-8,691,2.5422741580594415,20.03260500179382,0.6,21.4,11.4,-8
2025-05-18 12:02:05.622481,138,57414.377519,12.034722222222221,1,25,75,1,3.0,-5.299999999999997,4.200000000000003,-18.4,-8.899999999999999,-10.100000000000001,-0.6000000000000014,-24.200000000000003,-14.700000000000003,0.0,0.0,0.0,0.0,0.0,1,31.3,19.5,52795.07,21935.27,100,0,-9.5,4.200000000000003,-13.799999999999997,8.5,0,0.0,0.0,0.0,0.0,0,100,16.1,20.9,0,-11.200000000000003,5.900000000000006,-15.100000000000001,9.800000000000004,0,0.0,0.0,0.0,0.0,0,100,15.0,18.4,0,-4.989940675780243,-25,691,2.5422741580594415,20.03260500179382,0.6,21.4,11.4,-8,691,2.5422741580594415,20.03260500179382,0.6,21.4,11.4,-8,691,2.5422741580594415,20.03260500179382,0.6,21.4,11.4,-8,691,2.5422741580594415,20.03260500179382,0.6,21.4,11.4,-8,691,2.5422741580594415,20.03260500179382,0.6,21.4,11.4,-8
2025-05-18 12:02:05.622481,138,57414.377519,12.034722222222221,9,26,74,1,3.0,-5.299999999999997,4.200000000000003,-18.4,-8.899999999999999,-10.100000000000001,-0.6000000000000014,-24.200000000000003,-14.700000000000003,0.0,0.0,0.0,0.0,0.0,1,31.3,19.5,52795.07,21935.27,100,0,-9.5,4.200000000000003,-13.799999999999997,8.5,0,0.0,0.0,0.0,0.0,0,100,16.1,20.9,0,-11.200000000000003,5.900000000000006,-15.100000000000001,9.800000000000004,0,0.0,0.0,0.0,0.0,0,100,15.0,18.4,0,-5.991228070175438,-26,691,2.5422741580594415,20.03260500179382,0.6,21.4,11.4,-8,691,2.5422741580594415,20.03260500179382,0.6,21.4,11.4,-8,691,2.5422741580594415,20.03260500179382,0.6,21.4,11.4,-8,691,2.5422741580594415,20.03260500179382,0.6,21.4,11.4,-8,691,2.5422741580594415,20.03260500179382,0.6,21.4,11.4,-8
2025-05-18 12:02:53.683365,138,57366.316635,12.048055555555555,2,46,54,0,5.0,-7.299999999999997,4.200000000000003,-20.4,-8.899999999999999,-12.100000000000001,-0.6000000000000014,-26.200000000000003,-14.700000000000003,0.0,0.0,0.0,0.0,0.0,1,31.3,19.5,52795.07,21935.27,100,0,-11.5,4.200000000000003,-15.799999999999997,8.5,0,0.0,0.0,0.0,0.0,0,100,16.1,20.9,0,-13.200000000000003,5.900000000000006,-17.1,9.800000000000004,0,0.0,0.0,0.0,0.0,0,100,15.0,18.4,0,-29.180538555691555,46,641,3.605551275463989,27.49917354130021,0.16666666666666666,51.5,9.75,9,697,4.930951806120774,24.95672444929613,0.26666666666666666,49.8,11.533333333333333,-7,697,4.930951806120774,24.95672444929613,0.26666666666666666,49.8,11.533333333333333,-7,697,4.930951806120774,24.95672444929613,0.26666666666666666,49.8,11.533333333333333,-7,697,4.930951806120774,24.95672444929613,0.26666666666666666,49.8,11.533333333333333,-7
2025-05-18 12:02:53.683365,138,57366.316635,12.048055555555555,1,49,51,0,5.0,-7.299999999999997,4.200000000000003,-20.4,-8.899999999999999,-12.100000000000001,-0.6000000000000014,-26.200000000000003,-14.700000000000003,0.0,0.0,0.0,0.0,0.0,1,31.3,19.5,52795.07,21935.27,100,0,-11.5,4.200000000000003,-15.799999999999997,8.5,0,0.0,0.0,0.0,0.0,0,100,16.1,20.9,0,-13.200000000000003,5.900000000000006,-17.1,9.800000000000004,0,0.0,0.0,0.0,0.0,0,100,15.0,18.4,0,-32.18947046219773,49,641,3.605551275463989,27.49917354130021,0.16666666666666666,51.5,9.75,9,697,4.930951806120774,24.95672444929613,0.26666666666666666,49.8,11.533333333333333,-7,697,4.930951806120774,24.95672444929613,0.26666666666666666,49.8,11.533333333333333,-7,697,4.930951806120774,24.95672444929613,0.26666666666666666,49.8,11.533333333333333,-7,697,4.930951806120774,24.95672444929613,0.26666666666666666,49.8,11.533333333333333,-7
2025-05-18 12:02:53.683365,138,57366.316635,12.048055555555555,1,47,53,0,5.0,-7.299999999999997,4.200000000000003,-20.4,-8.899999999999999,-12.100000000000001,-0.6000000000000014,-26.200000000000003,-14.700000000000003,0.0,0.0,0.0,0.0,0.0,1,31.3,19.5,52795.07,21935.27,100,0,-11.5,4.200000000000003,-15.799999999999997,8.5,0,0.0,0.0,0.0,0.0,0,100,16.1,20.9,0,-13.200000000000003,5.900000000000006,-17.1,9.800000000000004,0,0.0,0.0,0.0,0.0,0,100,15.0,18.4,0,-30.19439767335068,47,641,3.605551275463989,27.49917354130021,0.16666666666666666,51.5,9.75,9,697,4.930951806120774,24.95672444929613,0.26666666666666666,49.8,11.533333333333333,-7,697,4.930951806120774,24.95672444929613,0.26666666666666666,49.8,11.533333333333333,-7,697,4.930951806120774,24.95672444929613,0.26666666666666666,49.8,11.533333333333333,-7,697,4.930951806120774,24.95672444929613,0.26666666666666666,49.8,11.533333333333333,-7
2025-05-18 12:02:53.683365,138,57366.316635,12.048055555555555,2,48,52,0,5.0,-7.299999999999997,4.200000000000003,-20.4,-8.899999999999999,-12.100000000000001,-0.6000000000000014,-26.200000000000003,-14.700000000000003,0.0,0.0,0.0,0.0,0.0,1,31.3,19.5,52795.07,21935.27,100,0,-11.5,4.200000000000003,-15.799999999999997,8.5,0,0.0,0.0,0.0,0.0,0,100,16.1,20.9,0,-13.200000000000003,5.900000000000006,-17.1,9.800000000000004,0,0.0,0.0,0.0,0.0,0,100,15.0,18.4,0,-31.199020208205752,48,641,3.605551275463989,27.49917354130021,0.16666666666666666,51.5,9.75,9,697,4.930951806120774,24.95672444929613,0.26666666666666666,49.8,11.533333333333333,-7,697,4.930951806120774,24.95672444929613,0.26666666666666666,49.8,11.533333333333333,-7,697,4.930951806120774,24.95672444929613,0.26666666666666666,49.8,11.533333333333333,-7,697,4.930951806120774,24.95672444929613,0.26666666666666666,49.8,11.533333333333333,-7
2025-05-18 12:03:14.130895,138,57345.869105,12.05388888888889,1,44,56,0,5.0,-7.299999999999997,4.200000000000003,-20.4,-8.899999999999999,-12.100000000000001,-0.6000000000000014,-26.200000000000003,-14.700000000000003,0.0,0.0,0.0,0.0,0.0,1,31.3,19.5,52795.07,21935.27,100,0,-11.5,4.200000000000003,-15.799999999999997,8.5,0,0.0,0.0,0.0,0.0,0,100,16.1,20.9,0,-13.200000000000003,5.900000000000006,-17.1,9.800000000000004,0,0.0,0.0,0.0,0.0,0,100,15.0,18.4,0,-27.20857580398163,44,645,4.47213595499958,24.624223458870347,0.13333333333333333,50.0,8.066666666666666,14,701,5.008815757653465,22.98400978685732,0.2222222222222222,48.833333333333336,9.833333333333334,-2,701,5.008815757653465,22.98400978685732,0.2222222222222222,48.833333333333336,9.833333333333334,-2,701,5.008815757653465,22.98400978685732,0.2222222222222222,48.833333333333336,9.833333333333334,-2,701,5.008815757653465,22.98400978685732,0.2222222222222222,48.833333333333336,9.833333333333334,-2
2025-05-18 12:03:14.130895,138,57345.869105,12.05388888888889,1,45,55,0,5.0,-7.299999999999997,4.200000000000003,-20.4,-8.899999999999999,-12.100000000000001,-0.6000000000000014,-26.200000000000003,-14.700000000000003,0.0,0.0,0.0,0.0,0.0,1,31.3,19.5,52795.07,21935.27,100,0,-11.5,4.200000000000003,-15.799999999999997,8.5,0,0.0,0.0,0.0,0.0,0,100,16.1,20.9,0,-13.200000000000003,5.900000000000006,-17.1,9.800000000000004,0,0.0,0.0,0.0,0.0,0,100,15.0,18.4,0,-28.21274314596417,45,645,4.47213595499958,24.624223458870347,0.13333333333333333,50.0,8.066666666666666,14,701,5.008815757653465,22.98400978685732,0.2222222222222222,48.833333333333336,9.833333333333334,-2,701,5.008815757653465,22.98400978685732,0.2222222222222222,48.833333333333336,9.833333333333334,-2,701,5.008815757653465,22.98400978685732,0.2222222222222222,48.833333333333336,9.833333333333334,-2,701,5.008815757653465,22.98400978685732,0.2222222222222222,48.833333333333336,9.833333333333334,-2
2025-05-18 12:03:14.130895,138,57345.869105,12.05388888888889,2,43,57,0,5.0,-7.299999999999997,4.200000000000003,-20.4,-8.899999999999999,-12.100000000000001,-0.6000000000000014,-26.200000000000003,-14.700000000000003,0.0,0.0,0.0,0.0,0.0,1,31.3,19.5,52795.07,21935.27,100,0,-11.5,4.200000000000003,-15.799999999999997,8.5,0,0.0,0.0,0.0,0.0,0,100,16.1,20.9,0,-13.200000000000003,5.900000000000006,-17.1,9.800000000000004,0,0.0,0.0,0.0,0.0,0,100,15.0,18.4,0,-26.217064950980387,43,645,4.47213595499958,24.624223458870347,0.13333333333333333,50.0,8.066666666666666,14,701,5.008815757653465,22.98400978685732,0.2222222222222222,48.833333333333336,9.833333333333334,-2,701,5.008815757653465,22.98400978685732,0.2222222222222222,48.833333333333336,9.833333333333334,-2,701,5.008815757653465,22.98400978685732,0.2222222222222222,48.833333333333336,9.833333333333334,-2,701,5.008815757653465,22.98400978685732,0.2222222222222222,48.833333333333336,9.833333333333334,-2
2025-05-18 12:03:19.258414,138,57340.741586,12.055277777777778,5,42,58,1,5.0,-7.299999999999997,4.200000000000003,-20.4,-8.899999999999999,-12.100000000000001,-0.6000000000000014,-26.200000000000003,-14.700000000000003,0.0,0.0,0.0,0.0,0.0,1,31.3,19.5,52795.07,21935.27,100,0,-11.5,4.200000000000003,-15.799999999999997,8.5,0,0.0,0.0,0.0,0.0,0,100,16.1,20.9,0,-13.200000000000003,5.900000000000006,-17.1,9.800000000000004,0,0.0,0.0,0.0,0.0,0,100,15.0,18.4,0,-25.225099601593627,-42,675,4.955685979701676,23.417094057923737,0.23529411764705882,49.05882352941177,8.882352941176471,15,731,5.1837296063335465,22.03890101376965,0.3,48.15,10.35,-1,731,5.1837296063335465,22.03890101376965,0.3,48.15,10.35,-1,731,5.1837296063335465,22.03890101376965,0.3,48.15,10.35,-1,731,5.1837296063335465,22.03890101376965,0.3,48.15,10.35,-1
2025-05-18 12:03:19.258414,138,57340.741586,12.055277777777778,25,42,58,1,5.0,-7.299999999999997,4.200000000000003,-20.4,-8.899999999999999,-12.100000000000001,-0.6000000000000014,-26.200000000000003,-14.700000000000003,0.0,0.0,0.0,0.0,0.0,1,31.3,19.5,52795.07,21935.27,100,0,-11.5,4.200000000000003,-15.799999999999997,8.5,0,0.0,0.0,0.0,0.0,0,100,16.1,20.9,0,-13.200000000000003,5.900000000000006,-17.1,9.800000000000004,0,0.0,0.0,0.0,0.0,0,100,15.0,18.4,0,-25.24444103665082,-42,675,4.955685979701676,23.417094057923737,0.23529411764705882,49.05882352941177,8.882352941176471,15,731,5.1837296063335465,22.03890101376965,0.3,48.15,10.35,-1,731,5.1837296063335465,22.03890101376965,0.3,48.15,10.35,-1,731,5.1837296063335465,22.03890101376965,0.3,48.15,10.35,-1,731,5.1837296063335465,22.03890101376965,0.3,48.15,10.35,-1
2025-05-18 12:03:19.475556,138,57340.524444,12.055277777777778,5,42,58,1,5.0,-7.299999999999997,4.200000000000003,-20.4,-8.899999999999999,-12.100000000000001,-0.6000000000000014,-26.200000000000003,-14.700000000000003,0.0,0.0,0.0,0.0,0.0,1,31.3,19.5,52795.07,21935.27,100,0,-11.5,4.200000000000003,-15.799999999999997,8.5,0,0.0,0.0,0.0,0.0,0,100,16.1,20.9,0,-13.200000000000003,5.900000000000006,-17.1,9.800000000000004,0,0.0,0.0,0.0,0.0,0,100,15.0,18.4,0,-25.341594827586206,-42,680,5.0874701906916835,22.736340437075363,0.2777777777777778,48.666666666666664,8.666666666666666,15,736,5.227673615344729,21.512565541805472,0.3333333333333333,47.857142857142854,10.095238095238095,-1,736,5.227673615344729,21.512565541805472,0.3333333333333333,47.857142857142854,10.095238095238095,-1,736,5.227673615344729,21.512565541805472,0.3333333333333333,47.857142857142854,10.095238095238095,-1,736,5.227673615344729,21.512565541805472,0.3333333333333333,47.857142857142854,10.095238095238095,-1
2025-05-18 12:03:32.299425,138,57327.700575,12.05888888888889,8,42,58,0,5.0,-7.299999999999997,4.200000000000003,-20.4,-8.899999999999999,-12.100000000000001,-0.6000000000000014,-26.200000000000003,-14.700000000000003,0.0,0.0,0.0,0.0,0.0,1,31.3,19.5,52795.07,21935.27,100,0,-11.5,4.200000000000003,-15.799999999999997,8.5,0,0.0,0.0,0.0,0.0,0,100,16.1,20.9,0,-13.200000000000003,5.900000000000006,-17.1,9.800000000000004,0,0.0,0.0,0.0,0.0,0,100,15.0,18.4,0,-25.361115390540746,42,607,5.175289917578932,22.096280547528526,0.2631578947368421,48.31578947368421,8.631578947368421,15,744,5.252292840901018,20.998866182543786,0.3181818181818182,47.59090909090909,10.0,-1,744,5.252292840901018,20.998866182543786,0.3181818181818182,47.59090909090909,10.0,-1,744,5.252292840901018,20.998866182543786,0.3181818181818182,47.59090909090909,10.0,-1,744,5.252292840901018,20.998866182543786,0.3181818181818182,47.59090909090909,10.0,-1
2025-05-18 12:03:34.143611,138,57325.856389,12.059444444444445,22,20,80,0,1.0,-3.299999999999997,4.200000000000003,-16.4,-8.899999999999999,-8.100000000000001,-0.6000000000000014,-22.200000000000003,-14.700000000000003,0.0,0.0,0.0,0.0,0.0,1,31.3,19.5,52795.07,21935.27,100,0,-7.5,4.200000000000003,-11.799999999999997,8.5,0,0.0,0.0,0.0,0.0,0,100,16.1,20.9,0,-9.200000000000003,5.900000000000006,-13.100000000000001,9.800000000000004,0,0.0,0.0,0.0,0.0,0,100,15.0,18.4,0,65.6806571961544,-80,720,0.4216370213557839,31.271037363313962,0.0,20.2,21.9,1,857,0.4216370213557839,31.271037363313962,0.0,20.2,21.9,1,857,0.4216370213557839,31.271037363313962,0.0,20.2,21.9,1,857,0.4216370213557839,31.271037363313962,0.0,20.2,21.9,1,857,0.4216370213557839,31.271037363313962,0.0,20.2,21.9,1
2025-05-18 12:03:34.143611,138,57325.856389,12.059444444444445,91,20,80,0,1.0,-3.299999999999997,4.200000000000003,-16.4,-8.899999999999999,-8.100000000000001,-0.6000000000000014,-22.200000000000003,-14.700000000000003,0.0,0.0,0.0,0.0,0.0,1,31.3,19.5,52795.07,21935.27,100,0,-7.5,4.200000000000003,-11.799999999999997,8.5,0,0.0,0.0,0.0,0.0,0,100,16.1,20.9,0,-9.200000000000003,5.900000000000006,-13.100000000000001,9.800000000000004,0,0.0,0.0,0.0,0.0,0,100,15.0,18.4,0,65.78449267030756,-80,720,0.4216370213557839,31.271037363313962,0.0,20.2,21.9,1,857,0.4216370213557839,31.271037363313962,0.0,20.2,21.9,1,857,0.4216370213557839,31.271037363313962,0.0,20.2,21.9,1,857,0.4216370213557839,31.271037363313962,0.0,20.2,21.9,1,857,0.4216370213557839,31.271037363313962,0.0,20.2,21.9,1
2025-05-18 12:03:36.548942,138,57323.451058,12.06,3,7,93,0,-1.0,-1.2999999999999972,4.200000000000003,-14.399999999999999,-8.899999999999999,-6.100000000000001,-0.6000000000000014,-20.200000000000003,-14.700000000000003,0.0,0.0,0.0,0.0,0.0,1,31.3,19.5,52795.07,21935.27,100,0,-5.5,4.200000000000003,-9.799999999999997,8.5,0,0.0,0.0,0.0,0.0,0,100,16.1,20.9,0,-7.200000000000003,5.900000000000006,-11.100000000000001,9.800000000000004,0,0.0,0.0,0.0,0.0,0,100,15.0,18.4,0,-3.8748889875666066,7,720,3.2844906435973886,28.741665458587008,0.0,17.333333333333332,16.083333333333332,11,860,3.2844906435973886,28.741665458587008,0.0,17.333333333333332,16.083333333333332,11,860,3.2844906435973886,28.741665458587008,0.0,17.333333333333332,16.083333333333332,11,860,3.2844906435973886,28.741665458587008,0.0,17.333333333333332,16.083333333333332,11,860,3.2844906435973886,28.741665458587008,0.0,17.333333333333332,16.083333333333332,11
2025-05-18 12:03:36.790929,138,57323.209071,12.06,17,7,93,0,-1.0,-1.2999999999999972,4.200000000000003,-14.399999999999999,-8.899999999999999,-6.100000000000001,-0.6000000000000014,-20.200000000000003,-14.700000000000003,0.0,0.0,0.0,0.0,0.0,1,31.3,19.5,52795.07,21935.27,100,0,-5.5,4.200000000000003,-9.799999999999997,8.5,0,0.0,0.0,0.0,0.0,0,100,16.1,20.9,0,-7.200000000000003,5.900000000000006,-11.100000000000001,9.800000000000004,0,0.0,0.0,0.0,0.0,0,100,15.0,18.4,0,-3.8761799000555186,7,737,4.254710813035841,27.5192240498836,0.0,16.53846153846154,16.153846153846153,11,877,4.254710813035841,27.5192240498836,0.0,16.53846153846154,16.153846153846153,11,877,4.254710813035841,27.5192240498836,0.0,16.53846153846154,16.153846153846153,11,877,4.254710813035841,27.5192240498836,0.0,16.53846153846154,16.153846153846153,11,877,4.254710813035841,27.5192240498836,0.0,16.53846153846154,16.153846153846153,11
2025-05-18 12:03:52.980083,138,57307.019917,12.064444444444446,5,41,59,0,5.0,-7.299999999999997,4.200000000000003,-20.4,-8.899999999999999,-12.100000000000001,-0.6000000000000014,-26.200000000000003,-14.700000000000003,0.0,0.0,0.0,0.0,0.0,1,31.3,19.5,52795.07,21935.27,100,0,-11.5,4.200000000000003,-15.799999999999997,8.5,0,0.0,0.0,0.0,0.0,0,100,16.1,20.9,0,-13.200000000000003,5.900000000000006,-17.1,9.800000000000004,0,0.0,0.0,0.0,0.0,0,100,15.0,18.4,0,-24.392410920869963,41,308,3.038218101251,6.500493077944955,0.23076923076923078,44.69230769230769,4.615384615384615,9,882,5.312376480777486,20.542542379920505,0.30434782608695654,47.30434782608695,9.782608695652174,0,882,5.312376480777486,20.542542379920505,0.30434782608695654,47.30434782608695,9.782608695652174,0,882,5.312376480777486,20.542542379920505,0.30434782608695654,47.30434782608695,9.782608695652174,0,882,5.312376480777486,20.542542379920505,0.30434782608695654,47.30434782608695,9.782608695652174,0
2025-05-18 12:05:01.007909,138,57238.992091,12.08361111111111,9,40,60,0,5.0,-7.299999999999997,4.200000000000003,-20.4,-8.899999999999999,-12.100000000000001,-0.6000000000000014,-26.200000000000003,-14.700000000000003,0.0,0.0,0.0,0.0,0.0,1,31.3,19.5,52795.07,21935.27,100,0,-11.5,4.200000000000003,-15.799999999999997,8.5,0,0.0,0.0,0.0,0.0,0,100,16.1,20.9,0,-13.200000000000003,5.900000000000006,-17.1,9.800000000000004,0,0.0,0.0,0.0,0.0,0,100,15.0,18.4,0,-23.411238036431,40,194,1.5,7.395569244111264,0.3333333333333333,42.333333333333336,6.777777777777778,4,891,5.405311397537409,20.09163788852164,0.2916666666666667,47.0,9.75,1,891,5.405311397537409,20.09163788852164,0.2916666666666667,47.0,9.75,1,891,5.405311397537409,20.09163788852164,0.2916666666666667,47.0,9.75,1,891,5.405311397537409,20.09163788852164,0.2916666666666667,47.0,9.75,1
2025-05-18 12:05:41.452722,138,57198.547278,12.094722222222222,5,39,61,0,5.0,-7.299999999999997,4.200000000000003,-20.4,-8.899999999999999,-12.100000000000001,-0.6000000000000014,-26.200000000000003,-14.700000000000003,0.0,0.0,0.0,0.0,0.0,1,31.3,19.5,52795.07,21935.27,100,0,-11.5,4.200000000000003,-15.799999999999997,8.5,0,0.0,0.0,0.0,0.0,0,100,16.1,20.9,0,-13.200000000000003,5.900000000000006,-17.1,9.800000000000004,0,0.0,0.0,0.0,0.0,0,100,15.0,18.4,0,-22.443808934920384,39,19,1.0,2.309401076758503,0.0,40.0,6.333333333333333,2,870,5.490919561281016,20.518766114117334,0.2608695652173913,47.17391304347826,9.26086956521739,8,896,5.528109984434102,19.691537945692986,0.28,46.68,9.56,2,896,5.528109984434102,19.691537945692986,0.28,46.68,9.56,2,896,5.528109984434102,19.691537945692986,0.28,46.68,9.56,2
2025-05-18 12:05:48.624687,138,57191.375313,12.096666666666668,1,7,93,1,-1.0,-1.2999999999999972,4.200000000000003,-14.399999999999999,-8.899999999999999,-6.100000000000001,-0.6000000000000014,-20.200000000000003,-14.700000000000003,0.0,0.0,0.0,0.0,0.0,1,31.3,19.5,52795.07,21935.27,100,0,-5.5,4.200000000000003,-9.799999999999997,8.5,0,0.0,0.0,0.0,0.0,0,100,16.1,20.9,0,-7.200000000000003,5.900000000000006,-11.100000000000001,9.800000000000004,0,0.0,0.0,0.0,0.0,0,100,15.0,18.4,0,-3.8835113484646193,-7,20,,,1.0,7.0,1.0,0,871,4.817550332771958,26.748010093389077,0.07142857142857142,15.857142857142858,15.071428571428571,11,897,4.817550332771958,26.748010093389077,0.07142857142857142,15.857142857142858,15.071428571428571,11,897,4.817550332771958,26.748010093389077,0.07142857142857142,15.857142857142858,15.071428571428571,11,897,4.817550332771958,26.748010093389077,0.07142857142857142,15.857142857142858,15.071428571428571,11
2025-05-18 12:05:48.631236,138,57191.368764,12.096666666666668,3,27,73,1,3.0,-5.299999999999997,4.200000000000003,-18.4,-8.899999999999999,-10.100000000000001,-0.6000000000000014,-24.200000000000003,-14.700000000000003,0.0,0.0,0.0,0.0,0.0,1,31.3,19.5,52795.07,21935.27,100,0,-9.5,4.200000000000003,-13.799999999999997,8.5,0,0.0,0.0,0.0,0.0,0,100,16.1,20.9,0,-11.200000000000003,5.900000000000006,-15.100000000000001,9.800000000000004,0,0.0,0.0,0.0,0.0,0,100,15.0,18.4,0,-7.005171967933798,-27,23,,,1.0,27.0,3.0,0,874,2.762848771346947,19.611221277625727,0.6190476190476191,21.666666666666668,11.0,-9,900,2.762848771346947,19.611221277625727,0.6190476190476191,21.666666666666668,11.0,-9,900,2.762848771346947,19.611221277625727,0.6190476190476191,21.666666666666668,11.0,-9,900,2.762848771346947,19.611221277625727,0.6190476190476191,21.666666666666668,11.0,-9
2025-05-18 12:05:48.633721,138,57191.366279,12.096666666666668,63,39,61,1,5.0,-7.299999999999997,4.200000000000003,-20.4,-8.899999999999999,-12.100000000000001,-0.6000000000000014,-26.200000000000003,-14.700000000000003,0.0,0.0,0.0,0.0,0.0,1,31.3,19.5,52795.07,21935.27,100,0,-11.5,4.200000000000003,-15.799999999999997,8.5,0,0.0,0.0,0.0,0.0,0,100,16.1,20.9,0,-13.200000000000003,5.900000000000006,-17.1,9.800000000000004,0,0.0,0.0,0.0,0.0,0,100,15.0,18.4,0,-22.461169554455445,-39,126,0.8944271909999159,26.092144411680692,0.4,39.6,24.4,2,977,5.7236352085016735,23.102813681454474,0.32,46.52,12.64,8,1003,5.693000650821709,22.2122627254545,0.3333333333333333,46.111111111111114,12.666666666666666,2,1003,5.693000650821709,22.2122627254545,0.3333333333333333,46.111111111111114,12.666666666666666,2,1003,5.693000650821709,22.2122627254545,0.3333333333333333,46.111111111111114,12.666666666666666,2
2025-05-18 12:05:48.633721,138,57191.366279,12.096666666666668,40,39,61,1,5.0,-7.299999999999997,4.200000000000003,-20.4,-8.899999999999999,-12.100000000000001,-0.6000000000000014,-26.200000000000003,-14.700000000000003,0.0,0.0,0.0,0.0,0.0,1,31.3,19.5,52795.07,21935.27,100,0,-11.5,4.200000000000003,-15.799999999999997,8.5,0,0.0,0.0,0.0,0.0,0,100,16.1,20.9,0,-13.200000000000003,5.900000000000006,-17.1,9.800000000000004,0,0.0,0.0,0.0,0.0,0,100,15.0,18.4,0,-22.682237150445243,-39,126,0.8944271909999159,26.092144411680692,0.4,39.6,24.4,2,977,5.7236352085016735,23.102813681454474,0.32,46.52,12.64,8,1003,5.693000650821709,22.2122627254545,0.3333333333333333,46.111111111111114,12.666666666666666,2,1003,5.693000650821709,22.2122627254545,0.3333333333333333,46.111111111111114,12.666666666666666,2,1003,5.693000650821709,22.2122627254545,0.3333333333333333,46.111111111111114,12.666666666666666,2
2025-05-18 12:05:48.635236,138,57191.364764,12.096666666666668,3,20,80,1,1.0,-3.299999999999997,4.200000000000003,-16.4,-8.899999999999999,-8.100000000000001,-0.6000000000000014,-22.200000000000003,-14.700000000000003,0.0,0.0,0.0,0.0,0.0,1,31.3,19.5,52795.07,21935.27,100,0,-7.5,4.200000000000003,-11.799999999999997,8.5,0,0.0,0.0,0.0,0.0,0,100,16.1,20.9,0,-9.200000000000003,5.900000000000006,-13.100000000000001,9.800000000000004,0,0.0,0.0,0.0,0.0,0,100,15.0,18.4,0,66.21750452079566,80,129,,,1.0,20.0,3.0,0,980,0.4045199174779452,30.208668232208392,0.09090909090909091,20.181818181818183,20.181818181818183,1,1006,0.4045199174779452,30.208668232208392,0.09090909090909091,20.181818181818183,20.181818181818183,1,1006,0.4045199174779452,30.208668232208392,0.09090909090909091,20.181818181818183,20.181818181818183,1,1006,0.4045199174779452,30.208668232208392,0.09090909090909091,20.181818181818183,20.181818181818183,1
2025-05-18 12:06:49.370684,138,57130.629316,12.11361111111111,6,38,62,0,5.0,-7.299999999999997,4.200000000000003,-20.4,-8.899999999999999,-12.100000000000001,-0.6000000000000014,-26.200000000000003,-14.700000000000003,0.0,0.0,0.0,0.0,0.0,1,31.3,19.5,52795.07,21935.27,100,0,-11.5,4.200000000000003,-15.799999999999997,8.5,0,0.0,0.0,0.0,0.0,0,100,16.1,20.9,0,-13.200000000000003,5.900000000000006,-17.1,9.800000000000004,0,0.0,0.0,0.0,0.0,0,100,15.0,18.4,0,-21.824870303411416,38,159,1.523883926754995,20.03219630716734,0.2,37.9,15.2,4,495,5.847601597616277,13.613864315002614,0.17857142857142858,43.75,7.821428571428571,19,1041,6.270421183475781,20.233064373430782,0.2727272727272727,44.45454545454545,11.424242424242424,5,1041,6.270421183475781,20.233064373430782,0.2727272727272727,44.45454545454545,11.424242424242424,5,1041,6.270421183475781,20.233064373430782,0.2727272727272727,44.45454545454545,11.424242424242424,5
2025-05-18 12:06:49.370684,138,57130.629316,12.11361111111111,7,36,64,0,5.0,-7.299999999999997,4.200000000000003,-20.4,-8.899999999999999,-12.100000000000001,-0.6000000000000014,-26.200000000000003,-14.700000000000003,0.0,0.0,0.0,0.0,0.0,1,31.3,19.5,52795.07,21935.27,100,0,-11.5,4.200000000000003,-15.799999999999997,8.5,0,0.0,0.0,0.0,0.0,0,100,16.1,20.9,0,-13.200000000000003,5.900000000000006,-17.1,9.800000000000004,0,0.0,0.0,0.0,0.0,0,100,15.0,18.4,0,-19.845476003147127,36,159,1.523883926754995,20.03219630716734,0.2,37.9,15.2,4,495,5.847601597616277,13.613864315002614,0.17857142857142858,43.75,7.821428571428571,19,1041,6.270421183475781,20.233064373430782,0.2727272727272727,44.45454545454545,11.424242424242424,5,1041,6.270421183475781,20.233064373430782,0.2727272727272727,44.45454545454545,11.424242424242424,5,1041,6.270421183475781,20.233064373430782,0.2727272727272727,44.45454545454545,11.424242424242424,5
2025-05-18 12:06:49.370684,138,57130.629316,12.11361111111111,5,36,64,0,5.0,-7.299999999999997,4.200000000000003,-20.4,-8.899999999999999,-12.100000000000001,-0.6000000000000014,-26.200000000000003,-14.700000000000003,0.0,0.0,0.0,0.0,0.0,1,31.3,19.5,52795.07,21935.27,100,0,-11.5,4.200000000000003,-15.799999999999997,8.5,0,0.0,0.0,0.0,0.0,0,100,16.1,20.9,0,-13.200000000000003,5.900000000000006,-17.1,9.800000000000004,0,0.0,0.0,0.0,0.0,0,100,15.0,18.4,0,-19.86735979836169,36,159,1.523883926754995,20.03219630716734,0.2,37.9,15.2,4,495,5.847601597616277,13.613864315002614,0.17857142857142858,43.75,7.821428571428571,19,1041,6.270421183475781,20.233064373430782,0.2727272727272727,44.45454545454545,11.424242424242424,5,1041,6.270421183475781,20.233064373430782,0.2727272727272727,44.45454545454545,11.424242424242424,5,1041,6.270421183475781,20.233064373430782,0.2727272727272727,44.45454545454545,11.424242424242424,5
2025-05-18 12:06:49.370684,138,57130.629316,12.11361111111111,6,37,63,0,5.0,-7.299999999999997,4.200000000000003,-20.4,-8.899999999999999,-12.100000000000001,-0.6000000000000014,-26.200000000000003,-14.700000000000003,0.0,0.0,0.0,0.0,0.0,1,31.3,19.5,52795.07,21935.27,100,0,-11.5,4.200000000000003,-15.799999999999997,8.5,0,0.0,0.0,0.0,0.0,0,100,16.1,20.9,0,-13.200000000000003,5.900000000000006,-17.1,9.800000000000004,0,0.0,0.0,0.0,0.0,0,100,15.0,18.4,0,-20.883020652688003,37,159,1.523883926754995,20.03219630716734,0.2,37.9,15.2,4,495,5.847601597616277,13.613864315002614,0.17857142857142858,43.75,7.821428571428571,19,1041,6.270421183475781,20.233064373430782,0.2727272727272727,44.45454545454545,11.424242424242424,5,1041,6.270421183475781,20.233064373430782,0.2727272727272727,44.45454545454545,11.424242424242424,5,1041,6.270421183475781,20.233064373430782,0.2727272727272727,44.45454545454545,11.424242424242424,5
2025-05-18 12:06:49.370684,138,57130.629316,12.11361111111111,1,39,61,0,5.0,-7.299999999999997,4.200000000000003,-20.4,-8.899999999999999,-12.100000000000001,-0.6000000000000014,-26.200000000000003,-14.700000000000003,0.0,0.0,0.0,0.0,0.0,1,31.3,19.5,52795.07,21935.27,100,0,-11.5,4.200000000000003,-15.799999999999997,8.5,0,0.0,0.0,0.0,0.0,0,100,16.1,20.9,0,-13.200000000000003,5.900000000000006,-17.1,9.800000000000004,0,0.0,0.0,0.0,0.0,0,100,15.0,18.4,0,-22.902793119772767,39,159,1.523883926754995,20.03219630716734,0.2,37.9,15.2,4,495,5.847601597616277,13.613864315002614,0.17857142857142858,43.75,7.821428571428571,19,1041,6.270421183475781,20.233064373430782,0.2727272727272727,44.45454545454545,11.424242424242424,5,1041,6.270421183475781,20.233064373430782,0.2727272727272727,44.45454545454545,11.424242424242424,5,1041,6.270421183475781,20.233064373430782,0.2727272727272727,44.45454545454545,11.424242424242424,5
2025-05-18 12:06:49.370684,138,57130.629316,12.11361111111111,10,36,64,0,5.0,-7.299999999999997,4.200000000000003,-20.4,-8.899999999999999,-12.100000000000001,-0.6000000000000014,-26.200000000000003,-14.700000000000003,0.0,0.0,0.0,0.0,0.0,1,31.3,19.5,52795.07,21935.27,100,0,-11.5,4.200000000000003,-15.799999999999997,8.5,0,0.0,0.0,0.0,0.0,0,100,16.1,20.9,0,-13.200000000000003,5.900000000000006,-17.1,9.800000000000004,0,0.0,0.0,0.0,0.0,0,100,15.0,18.4,0,-19.906407828282823,36,159,1.523883926754995,20.03219630716734,0.2,37.9,15.2,4,495,5.847601597616277,13.613864315002614,0.17857142857142858,43.75,7.821428571428571,19,1041,6.270421183475781,20.233064373430782,0.2727272727272727,44.45454545454545,11.424242424242424,5,1041,6.270421183475781,20.233064373430782,0.2727272727272727,44.45454545454545,11.424242424242424,5,1041,6.270421183475781,20.233064373430782,0.2727272727272727,44.45454545454545,11.424242424242424,5
2025-05-18 12:07:05.684320,138,57114.31568,12.118055555555555,7,35,65,0,5.0,-7.299999999999997,4.200000000000003,-20.4,-8.899999999999999,-12.100000000000001,-0.6000000000000014,-26.200000000000003,-14.700000000000003,0.0,0.0,0.0,0.0,0.0,1,31.3,19.5,52795.07,21935.27,100,0,-11.5,4.200000000000003,-15.799999999999997,8.5,0,0.0,0.0,0.0,0.0,0,100,16.1,20.9,0,-13.200000000000003,5.900000000000006,-17.1,9.800000000000004,0,0.0,0.0,0.0,0.0,0,100,15.0,18.4,0,-18.937875434713874,35,157,1.577621275493231,20.11080417199781,0.2,37.4,15.0,4,357,4.044221955493596,14.621982476446274,0.21739130434782608,41.08695652173913,9.434782608695652,11,1048,6.384026411786017,19.938586636887,0.2647058823529412,44.1764705882353,11.294117647058824,6,1048,6.384026411786017,19.938586636887,0.2647058823529412,44.1764705882353,11.294117647058824,6,1048,6.384026411786017,19.938586636887,0.2647058823529412,44.1764705882353,11.294117647058824,6
2025-05-18 12:07:22.087250,138,57097.91275,12.122777777777777,6,34,66,0,5.0,-7.299999999999997,4.200000000000003,-20.4,-8.899999999999999,-12.100000000000001,-0.6000000000000014,-26.200000000000003,-14.700000000000003,0.0,0.0,0.0,0.0,0.0,1,31.3,19.5,52795.07,21935.27,100,0,-11.5,4.200000000000003,-15.799999999999997,8.5,0,0.0,0.0,0.0,0.0,0,100,16.1,20.9,0,-13.200000000000003,5.900000000000006,-17.1,9.800000000000004,0,0.0,0.0,0.0,0.0,0,100,15.0,18.4,0,-17.958854249090052,34,163,1.8140862964338524,19.27079750201419,0.18181818181818182,37.09090909090909,14.181818181818182,5,363,4.21156964095095,14.31775779952284,0.20833333333333334,40.791666666666664,9.291666666666666,12,1054,6.5204268561616905,19.6635567023078,0.2571428571428571,43.885714285714286,11.142857142857142,7,1054,6.5204268561616905,19.6635567023078,0.2571428571428571,43.885714285714286,11.142857142857142,7,1054,6.5204268561616905,19.6635567023078,0.2571428571428571,43.885714285714286,11.142857142857142,7
2025-05-18 12:07:35.525785,138,57084.474215,12.12638888888889,3,28,72,1,3.0,-5.299999999999997,4.200000000000003,-18.4,-8.899999999999999,-10.100000000000001,-0.6000000000000014,-24.200000000000003,-14.700000000000003,0.0,0.0,0.0,0.0,0.0,1,31.3,19.5,52795.07,21935.27,100,0,-9.5,4.200000000000003,-13.799999999999997,8.5,0,0.0,0.0,0.0,0.0,0,100,16.1,20.9,0,-11.200000000000003,5.900000000000006,-15.100000000000001,9.800000000000004,0,0.0,0.0,0.0,0.0,0,100,15.0,18.4,0,-8.010610766045549,-28,166,0.7071067811865476,0.0,1.0,27.5,3.0,-1,366,0.7071067811865476,0.0,1.0,27.5,3.0,-1,1057,3.0154723664914576,19.214442619935795,0.6363636363636364,21.954545454545453,10.636363636363637,-10,1057,3.0154723664914576,19.214442619935795,0.6363636363636364,21.954545454545453,10.636363636363637,-10,1057,3.0154723664914576,19.214442619935795,0.6363636363636364,21.954545454545453,10.636363636363637,-10
2025-05-18 12:07:35.532105,138,57084.467895,12.12638888888889,102,3,97,1,-3.0,0.7000000000000028,4.200000000000003,-12.399999999999999,-8.899999999999999,-4.100000000000001,-0.6000000000000014,-18.200000000000003,-14.700000000000003,0.0,0.0,0.0,0.0,0.0,1,31.3,19.5,52795.07,21935.27,100,0,-3.5,4.200000000000003,-7.799999999999997,8.5,0,0.0,0.0,0.0,0.0,0,100,16.1,20.9,0,-5.200000000000003,5.900000000000006,-9.100000000000001,9.800000000000004,0,0.0,0.0,0.0,0.0,0,100,15.0,18.4,0,-0.8489942960072052,-3,268,,,1.0,3.0,102.0,0,468,,,1.0,3.0,102.0,0,1159,,,1.0,3.0,102.0,0,1159,,,1.0,3.0,102.0,0,1159,,,1.0,3.0,102.0,0
2025-05-18 12:07:35.540309,138,57084.459691,12.12638888888889,1,8,92,1,-1.0,-1.2999999999999972,4.200000000000003,-14.399999999999999,-8.899999999999999,-6.100000000000001,-0.6000000000000014,-20.200000000000003,-14.700000000000003,0.0,0.0,0.0,0.0,0.0,1,31.3,19.5,52795.07,21935.27,100,0,-5.5,4.200000000000003,-9.799999999999997,8.5,0,0.0,0.0,0.0,0.0,0,100,16.1,20.9,0,-7.200000000000003,5.900000000000006,-11.100000000000001,9.800000000000004,0,0.0,0.0,0.0,0.0,0,100,15.0,18.4,0,-4.883943473906754,-8,269,0.7071067811865476,0.0,1.0,7.5,1.0,-1,469,0.5,7.724420150837645,0.5,7.25,5.5,-1,1160,5.066228051190221,26.029836360461065,0.13333333333333333,15.333333333333334,14.133333333333333,10,1160,5.066228051190221,26.029836360461065,0.13333333333333333,15.333333333333334,14.133333333333333,10,1160,5.066228051190221,26.029836360461065,0.13333333333333333,15.333333333333334,14.133333333333333,10
2025-05-18 12:07:35.541256,138,57084.458744,12.12638888888889,4,35,65,1,5.0,-7.299999999999997,4.200000000000003,-20.4,-8.899999999999999,-12.100000000000001,-0.6000000000000014,-26.200000000000003,-14.700000000000003,0.0,0.0,0.0,0.0,0.0,1,31.3,19.5,52795.07,21935.27,100,0,-11.5,4.200000000000003,-15.799999999999997,8.5,0,0.0,0.0,0.0,0.0,0,100,16.1,20.9,0,-13.200000000000003,5.900000000000006,-17.1,9.800000000000004,0,0.0,0.0,0.0,0.0,0,100,15.0,18.4,0,-18.975922699192143,-35,293,1.832750490103429,17.91110527878423,0.3076923076923077,36.76923076923077,13.846153846153847,4,493,4.335364415523177,13.937718608151048,0.2692307692307692,40.34615384615385,9.5,11,1184,6.65607266361353,19.2033530605665,0.2972972972972973,43.4054054054054,11.18918918918919,6,1184,6.65607266361353,19.2033530605665,0.2972972972972973,43.4054054054054,11.18918918918919,6,1184,6.65607266361353,19.2033530605665,0.2972972972972973,43.4054054054054,11.18918918918919,6
2025-05-18 12:07:35.541256,138,57084.458744,12.12638888888889,20,35,65,1,5.0,-7.299999999999997,4.200000000000003,-20.4,-8.899999999999999,-12.100000000000001,-0.6000000000000014,-26.200000000000003,-14.700000000000003,0.0,0.0,0.0,0.0,0.0,1,31.3,19.5,52795.07,21935.27,100,0,-11.5,4.200000000000003,-15.799999999999997,8.5,0,0.0,0.0,0.0,0.0,0,100,16.1,20.9,0,-13.200000000000003,5.900000000000006,-17.1,9.800000000000004,0,0.0,0.0,0.0,0.0,0,100,15.0,18.4,0,-18.987953716912347,-35,293,1.832750490103429,17.91110527878423,0.3076923076923077,36.76923076923077,13.846153846153847,4,493,4.335364415523177,13.937718608151048,0.2692307692307692,40.34615384615385,9.5,11,1184,6.65607266361353,19.2033530605665,0.2972972972972973,43.4054054054054,11.18918918918919,6,1184,6.65607266361353,19.2033530605665,0.2972972972972973,43.4054054054054,11.18918918918919,6,1184,6.65607266361353,19.2033530605665,0.2972972972972973,43.4054054054054,11.18918918918919,6
2025-05-18 12:07:35.545229,138,57084.454771,12.12638888888889,2,21,79,1,1.0,-3.299999999999997,4.200000000000003,-16.4,-8.899999999999999,-8.100000000000001,-0.6000000000000014,-22.200000000000003,-14.700000000000003,0.0,0.0,0.0,0.0,0.0,1,31.3,19.5,52795.07,21935.27,100,0,-7.5,4.200000000000003,-11.799999999999997,8.5,0,0.0,0.0,0.0,0.0,0,100,16.1,20.9,0,-9.200000000000003,5.900000000000006,-13.100000000000001,9.800000000000004,0,0.0,0.0,0.0,0.0,0,100,15.0,18.4,0,65.23187671827522,79,295,0.7071067811865476,0.7071067811865476,1.0,20.5,2.5,-1,495,0.5,42.01983658543506,0.5,20.25,29.5,-1,1186,0.45226701686664544,29.277150051730022,0.16666666666666666,20.25,18.666666666666668,0,1186,0.45226701686664544,29.277150051730022,0.16666666666666666,20.25,18.666666666666668,0,1186,0.45226701686664544,29.277150051730022,0.16666666666666666,20.25,18.666666666666668,0
2025-05-18 12:07:41.310762,138,57078.689238,12.128055555555555,2,34,66,0,5.0,-7.299999999999997,4.200000000000003,-20.4,-8.899999999999999,-12.100000000000001,-0.6000000000000014,-26.200000000000003,-14.700000000000003,0.0,0.0,0.0,0.0,0.0,1,31.3,19.5,52795.07,21935.27,100,0,-11.5,4.200000000000003,-15.799999999999997,8.5,0,0.0,0.0,0.0,0.0,0,100,16.1,20.9,0,-13.200000000000003,5.900000000000006,-17.1,9.800000000000004,0,0.0,0.0,0.0,0.0,0,100,15.0,18.4,0,-18.048338368580062,34,302,2.0586634591635513,16.98682963217036,0.26666666666666666,36.333333333333336,12.466666666666667,6,502,4.543732237434623,13.509745649464595,0.25,39.857142857142854,9.071428571428571,13,1193,6.847184868307757,18.77313237915389,0.28205128205128205,42.8974358974359,10.794871794871796,8,1193,6.847184868307757,18.77313237915389,0.28205128205128205,42.8974358974359,10.794871794871796,8,1193,6.847184868307757,18.77313237915389,0.28205128205128205,42.8974358974359,10.794871794871796,8
2025-05-18 12:07:41.310762,138,57078.689238,12.128055555555555,5,33,67,0,5.0,-7.299999999999997,4.200000000000003,-20.4,-8.899999999999999,-12.100000000000001,-0.6000000000000014,-26.200000000000003,-14.700000000000003,0.0,0.0,0.0,0.0,0.0,1,31.3,19.5,52795.07,21935.27,100,0,-11.5,4.200000000000003,-15.799999999999997,8.5,0,0.0,0.0,0.0,0.0,0,100,16.1,20.9,0,-13.200000000000003,5.900000000000006,-17.1,9.800000000000004,0,0.0,0.0,0.0,0.0,0,100,15.0,18.4,0,-17.054079847303967,33,302,2.0586634591635513,16.98682963217036,0.26666666666666666,36.333333333333336,12.466666666666667,6,502,4.543732237434623,13.509745649464595,0.25,39.857142857142854,9.071428571428571,13,1193,6.847184868307757,18.77313237915389,0.28205128205128205,42.8974358974359,10.794871794871796,8,1193,6.847184868307757,18.77313237915389,0.28205128205128205,42.8974358974359,10.794871794871796,8,1193,6.847184868307757,18.77313237915389,0.28205128205128205,42.8974358974359,10.794871794871796,8
2025-05-18 12:07:57.802251,138,57062.197749,12.1325,4,33,67,0,5.0,-7.299999999999997,4.200000000000003,-20.4,-8.899999999999999,-12.100000000000001,-0.6000000000000014,-26.200000000000003,-14.700000000000003,0.0,0.0,0.0,0.0,0.0,1,31.3,19.5,52795.07,21935.27,100,0,-11.5,4.200000000000003,-15.799999999999997,8.5,0,0.0,0.0,0.0,0.0,0,100,16.1,20.9,0,-13.200000000000003,5.900000000000006,-17.1,9.800000000000004,0,0.0,0.0,0.0,0.0,0,100,15.0,18.4,0,-17.06765361349889,33,191,1.8081014266989472,4.68220855185637,0.15384615384615385,35.46153846153846,6.384615384615385,5,500,3.5925849560819945,13.990830330374726,0.28,38.36,10.08,11,1197,6.9376342675849685,18.562006274190214,0.275,42.65,10.625,8,1197,6.9376342675849685,18.562006274190214,0.275,42.65,10.625,8,1197,6.9376342675849685,18.562006274190214,0.275,42.65,10.625,8
2025-05-18 12:08:11.152803,138,57048.847197,12.136388888888888,8,32,68,0,5.0,-7.299999999999997,4.200000000000003,-20.4,-8.899999999999999,-12.100000000000001,-0.6000000000000014,-26.200000000000003,-14.700000000000003,0.0,0.0,0.0,0.0,0.0,1,31.3,19.5,52795.07,21935.27,100,0,-11.5,4.200000000000003,-15.799999999999997,8.5,0,0.0,0.0,0.0,0.0,0,100,16.1,20.9,0,-13.200000000000003,5.900000000000006,-17.1,9.800000000000004,0,0.0,0.0,0.0,0.0,0,100,15.0,18.4,0,-16.078528193692264,32,199,1.9681530361296538,4.519189852515263,0.14285714285714285,35.214285714285715,6.5,6,508,3.734454959716859,13.714226190347015,0.2692307692307692,38.11538461538461,10.0,12,1205,7.049390217531186,18.333096820351717,0.2682926829268293,42.390243902439025,10.560975609756097,9,1205,7.049390217531186,18.333096820351717,0.2682926829268293,42.390243902439025,10.560975609756097,9,1205,7.049390217531186,18.333096820351717,0.2682926829268293,42.390243902439025,10.560975609756097,9
2025-05-18 12:08:25.177115,138,57034.822885,12.140277777777778,9,31,69,0,5.0,-7.299999999999997,4.200000000000003,-20.4,-8.899999999999999,-12.100000000000001,-0.6000000000000014,-26.200000000000003,-14.700000000000003,0.0,0.0,0.0,0.0,0.0,1,31.3,19.5,52795.07,21935.27,100,0,-11.5,4.200000000000003,-15.799999999999997,8.5,0,0.0,0.0,0.0,0.0,0,100,16.1,20.9,0,-13.200000000000003,5.900000000000006,-17.1,9.800000000000004,0,0.0,0.0,0.0,0.0,0,100,15.0,18.4,0,-15.099043062200963,31,208,2.1865389045137937,4.402380308532235,0.13333333333333333,34.93333333333333,6.666666666666667,7,478,3.040989813797318,14.461936905118176,0.19047619047619047,36.38095238095238,10.952380952380953,11,1214,7.181284554404988,18.109744170309348,0.2619047619047619,42.11904761904762,10.523809523809524,10,1214,7.181284554404988,18.109744170309348,0.2619047619047619,42.11904761904762,10.523809523809524,10,1214,7.181284554404988,18.109744170309348,0.2619047619047619,42.11904761904762,10.523809523809524,10
2025-05-18 12:09:22.939816,138,56977.060184,12.15611111111111,3,24,76,0,3.0,-5.299999999999997,4.200000000000003,-18.4,-8.899999999999999,-10.100000000000001,-0.6000000000000014,-24.200000000000003,-14.700000000000003,0.0,0.0,0.0,0.0,0.0,1,31.3,19.5,52795.07,21935.27,100,0,-9.5,4.200000000000003,-13.799999999999997,8.5,0,0.0,0.0,0.0,0.0,0,100,16.1,20.9,0,-11.200000000000003,5.900000000000006,-15.100000000000001,9.800000000000004,0,0.0,0.0,0.0,0.0,0,100,15.0,18.4,0,-4.016835016835017,24,220,2.2638462845343543,14.603693270637299,0.125,24.625,7.875,5,392,2.260776661041756,13.756816492197604,0.2222222222222222,24.88888888888889,7.333333333333333,4,1274,2.92306944415788,18.167325728844382,0.4827586206896552,22.482758620689655,10.137931034482758,-5,1274,2.92306944415788,18.167325728844382,0.4827586206896552,22.482758620689655,10.137931034482758,-5,1274,2.92306944415788,18.167325728844382,0.4827586206896552,22.482758620689655,10.137931034482758,-5
2025-05-18 12:09:22.939816,138,56977.060184,12.15611111111111,2,27,73,0,3.0,-5.299999999999997,4.200000000000003,-18.4,-8.899999999999999,-10.100000000000001,-0.6000000000000014,-24.200000000000003,-14.700000000000003,0.0,0.0,0.0,0.0,0.0,1,31.3,19.5,52795.07,21935.27,100,0,-9.5,4.200000000000003,-13.799999999999997,8.5,0,0.0,0.0,0.0,0.0,0,100,16.1,20.9,0,-11.200000000000003,5.900000000000006,-15.100000000000001,9.800000000000004,0,0.0,0.0,0.0,0.0,0,100,15.0,18.4,0,-7.019958527734573,27,220,2.2638462845343543,14.603693270637299,0.125,24.625,7.875,5,392,2.260776661041756,13.756816492197604,0.2222222222222222,24.88888888888889,7.333333333333333,4,1274,2.92306944415788,18.167325728844382,0.4827586206896552,22.482758620689655,10.137931034482758,-5,1274,2.92306944415788,18.167325728844382,0.4827586206896552,22.482758620689655,10.137931034482758,-5,1274,2.92306944415788,18.167325728844382,0.4827586206896552,22.482758620689655,10.137931034482758,-5
2025-05-18 12:09:22.939816,138,56977.060184,12.15611111111111,3,22,78,0,3.0,-5.299999999999997,4.200000000000003,-18.4,-8.899999999999999,-10.100000000000001,-0.6000000000000014,-24.200000000000003,-14.700000000000003,0.0,0.0,0.0,0.0,0.0,1,31.3,19.5,52795.07,21935.27,100,0,-9.5,4.200000000000003,-13.799999999999997,8.5,0,0.0,0.0,0.0,0.0,0,100,16.1,20.9,0,-11.200000000000003,5.900000000000006,-15.100000000000001,9.800000000000004,0,0.0,0.0,0.0,0.0,0,100,15.0,18.4,0,-2.023599585062243,22,220,2.2638462845343543,14.603693270637299,0.125,24.625,7.875,5,392,2.260776661041756,13.756816492197604,0.2222222222222222,24.88888888888889,7.333333333333333,4,1274,2.92306944415788,18.167325728844382,0.4827586206896552,22.482758620689655,10.137931034482758,-5,1274,2.92306944415788,18.167325728844382,0.4827586206896552,22.482758620689655,10.137931034482758,-5,1274,2.92306944415788,18.167325728844382,0.4827586206896552,22.482758620689655,10.137931034482758,-5
2025-05-18 12:09:22.939816,138,56977.060184,12.15611111111111,44,22,78,0,3.0,-5.299999999999997,4.200000000000003,-18.4,-8.899999999999999,-10.100000000000001,-0.6000000000000014,-24.200000000000003,-14.700000000000003,0.0,0.0,0.0,0.0,0.0,1,31.3,19.5,52795.07,21935.27,100,0,-9.5,4.200000000000003,-13.799999999999997,8.5,0,0.0,0.0,0.0,0.0,0,100,16.1,20.9,0,-11.200000000000003,5.900000000000006,-15.100000000000001,9.800000000000004,0,0.0,0.0,0.0,0.0,0,100,15.0,18.4,0,-2.025175188165065,22,220,2.2638462845343543,14.603693270637299,0.125,24.625,7.875,5,392,2.260776661041756,13.756816492197604,0.2222222222222222,24.88888888888889,7.333333333333333,4,1274,2.92306944415788,18.167325728844382,0.4827586206896552,22.482758620689655,10.137931034482758,-5,1274,2.92306944415788,18.167325728844382,0.4827586206896552,22.482758620689655,10.137931034482758,-5,1274,2.92306944415788,18.167325728844382,0.4827586206896552,22.482758620689655,10.137931034482758,-5
2025-05-18 12:09:22.939816,138,56977.060184,12.15611111111111,3,25,75,0,3.0,-5.299999999999997,4.200000000000003,-18.4,-8.899999999999999,-10.100000000000001,-0.6000000000000014,-24.200000000000003,-14.700000000000003,0.0,0.0,0.0,0.0,0.0,1,31.3,19.5,52795.07,21935.27,100,0,-9.5,4.200000000000003,-13.799999999999997,8.5,0,0.0,0.0,0.0,0.0,0,100,16.1,20.9,0,-11.200000000000003,5.900000000000006,-15.100000000000001,9.800000000000004,0,0.0,0.0,0.0,0.0,0,100,15.0,18.4,0,-5.048569178262014,25,220,2.2638462845343543,14.603693270637299,0.125,24.625,7.875,5,392,2.260776661041756,13.756816492197604,0.2222222222222222,24.88888888888889,7.333333333333333,4,1274,2.92306944415788,18.167325728844382,0.4827586206896552,22.482758620689655,10.137931034482758,-5,1274,2.92306944415788,18.167325728844382,0.4827586206896552,22.482758620689655,10.137931034482758,-5,1274,2.92306944415788,18.167325728844382,0.4827586206896552,22.482758620689655,10.137931034482758,-5
2025-05-18 12:09:22.939816,138,56977.060184,12.15611111111111,3,26,74,0,3.0,-5.299999999999997,4.200000000000003,-18.4,-8.899999999999999,-10.100000000000001,-0.6000000000000014,-24.200000000000003,-14.700000000000003,0.0,0.0,0.0,0.0,0.0,1,31.3,19.5,52795.07,21935.27,100,0,-9.5,4.200000000000003,-13.799999999999997,8.5,0,0.0,0.0,0.0,0.0,0,100,16.1,20.9,0,-11.200000000000003,5.900000000000006,-15.100000000000001,9.800000000000004,0,0.0,0.0,0.0,0.0,0,100,15.0,18.4,0,-6.052548607461901,26,220,2.2638462845343543,14.603693270637299,0.125,24.625,7.875,5,392,2.260776661041756,13.756816492197604,0.2222222222222222,24.88888888888889,7.333333333333333,4,1274,2.92306944415788,18.167325728844382,0.4827586206896552,22.482758620689655,10.137931034482758,-5,1274,2.92306944415788,18.167325728844382,0.4827586206896552,22.482758620689655,10.137931034482758,-5,1274,2.92306944415788,18.167325728844382,0.4827586206896552,22.482758620689655,10.137931034482758,-5
2025-05-18 12:09:22.939816,138,56977.060184,12.15611111111111,2,23,77,0,3.0,-5.299999999999997,4.200000000000003,-18.4,-8.899999999999999,-10.100000000000001,-0.6000000000000014,-24.200000000000003,-14.700000000000003,0.0,0.0,0.0,0.0,0.0,1,31.3,19.5,52795.07,21935.27,100,0,-9.5,4.200000000000003,-13.799999999999997,8.5,0,0.0,0.0,0.0,0.0,0,100,16.1,20.9,0,-11.200000000000003,5.900000000000006,-15.100000000000001,9.800000000000004,0,0.0,0.0,0.0,0.0,0,100,15.0,18.4,0,-3.0573231659216447,23,220,2.2638462845343543,14.603693270637299,0.125,24.625,7.875,5,392,2.260776661041756,13.756816492197604,0.2222222222222222,24.88888888888889,7.333333333333333,4,1274,2.92306944415788,18.167325728844382,0.4827586206896552,22.482758620689655,10.137931034482758,-5,1274,2.92306944415788,18.167325728844382,0.4827586206896552,22.482758620689655,10.137931034482758,-5,1274,2.92306944415788,18.167325728844382,0.4827586206896552,22.482758620689655,10.137931034482758,-5
2025-05-18 12:09:23.415146,138,56976.584854,12.15638888888889,1,32,68,1,5.0,-7.299999999999997,4.200000000000003,-20.4,-8.899999999999999,-12.100000000000001,-0.6000000000000014,-26.200000000000003,-14.700000000000003,0.0,0.0,0.0,0.0,0.0,1,31.3,19.5,52795.07,21935.27,100,0,-11.5,4.200000000000003,-15.799999999999997,8.5,0,0.0,0.0,0.0,0.0,0,100,16.1,20.9,0,-13.200000000000003,5.900000000000006,-17.1,9.800000000000004,0,0.0,0.0,0.0,0.0,0,100,15.0,18.4,0,-16.120747484427408,-32,221,1.4577379737113252,6.045954964153424,0.375,33.125,6.625,3,393,2.719810364906464,14.934594245012415,0.25,35.65,10.9,8,1275,7.261146775247995,17.951700919174005,0.27906976744186046,41.883720930232556,10.30232558139535,9,1275,7.261146775247995,17.951700919174005,0.27906976744186046,41.883720930232556,10.30232558139535,9,1275,7.261146775247995,17.951700919174005,0.27906976744186046,41.883720930232556,10.30232558139535,9
2025-05-18 12:09:23.420339,138,56976.579661,12.15638888888889,1,22,78,1,1.0,-3.299999999999997,4.200000000000003,-16.4,-8.899999999999999,-8.100000000000001,-0.6000000000000014,-22.200000000000003,-14.700000000000003,0.0,0.0,0.0,0.0,0.0,1,31.3,19.5,52795.07,21935.27,100,0,-7.5,4.200000000000003,-11.799999999999997,8.5,0,0.0,0.0,0.0,0.0,0,100,16.1,20.9,0,-9.200000000000003,5.900000000000006,-13.100000000000001,9.800000000000004,0,0.0,0.0,0.0,0.0,0,100,15.0,18.4,0,64.24131693198264,78,222,0.7071067811865476,0.7071067811865476,1.0,21.5,1.5,-1,394,1.0,1.0,1.0,21.0,2.0,-2,1276,0.6504436355879909,28.45576864593134,0.23076923076923078,20.384615384615383,17.307692307692307,-1,1276,0.6504436355879909,28.45576864593134,0.23076923076923078,20.384615384615383,17.307692307692307,-1,1276,0.6504436355879909,28.45576864593134,0.23076923076923078,20.384615384615383,17.307692307692307,-1
2025-05-18 12:09:23.420660,138,56976.57934,12.15638888888889,1,22,78,1,3.0,-5.299999999999997,4.200000000000003,-18.4,-8.899999999999999,-10.100000000000001,-0.6000000000000014,-24.200000000000003,-14.700000000000003,0.0,0.0,0.0,0.0,0.0,1,31.3,19.5,52795.07,21935.27,100,0,-9.5,4.200000000000003,-13.799999999999997,8.5,0,0.0,0.0,0.0,0.0,0,100,16.1,20.9,0,-11.200000000000003,5.900000000000006,-15.100000000000001,9.800000000000004,0,0.0,0.0,0.0,0.0,0,100,15.0,18.4,0,-2.0589318600368323,-22,223,2.29128784747792,13.851393832792102,0.2222222222222222,24.333333333333332,7.111111111111111,6,395,2.3190036174568114,13.123769783615275,0.3,24.6,6.7,5,1277,2.873581609136552,17.929138936058973,0.5,22.466666666666665,9.833333333333334,-4,1277,2.873581609136552,17.929138936058973,0.5,22.466666666666665,9.833333333333334,-4,1277,2.873581609136552,17.929138936058973,0.5,22.466666666666665,9.833333333333334,-4
2025-05-18 12:09:23.423190,138,56976.57681,12.15638888888889,1,4,96,1,-3.0,0.7000000000000028,4.200000000000003,-12.399999999999999,-8.899999999999999,-4.100000000000001,-0.6000000000000014,-18.200000000000003,-14.700000000000003,0.0,0.0,0.0,0.0,0.0,1,31.3,19.5,52795.07,21935.27,100,0,-3.5,4.200000000000003,-7.799999999999997,8.5,0,0.0,0.0,0.0,0.0,0,100,16.1,20.9,0,-5.200000000000003,5.900000000000006,-9.100000000000001,9.800000000000004,0,0.0,0.0,0.0,0.0,0,100,15.0,18.4,0,-1.8758129451842676,-4,224,0.7071067811865476,71.4177848998413,1.0,3.5,51.5,-1,396,0.7071067811865476,71.4177848998413,1.0,3.5,51.5,-1,1278,0.7071067811865476,71.4177848998413,1.0,3.5,51.5,-1,1278,0.7071067811865476,71.4177848998413,1.0,3.5,51.5,-1,1278,0.7071067811865476,71.4177848998413,1.0,3.5,51.5,-1
2025-05-18 12:09:23.425741,138,56976.574259,12.15638888888889,1,9,91,1,-1.0,-1.2999999999999972,4.200000000000003,-14.399999999999999,-8.899999999999999,-6.100000000000001,-0.6000000000000014,-20.200000000000003,-14.700000000000003,0.0,0.0,0.0,0.0,0.0,1,31.3,19.5,52795.07,21935.27,100,0,-5.5,4.200000000000003,-9.799999999999997,8.5,0,0.0,0.0,0.0,0.0,0,100,16.1,20.9,0,-7.200000000000003,5.900000000000006,-11.100000000000001,9.800000000000004,0,0.0,0.0,0.0,0.0,0,100,15.0,18.4,0,-5.884486979746272,-9,225,0.7071067811865476,0.0,1.0,8.5,1.0,-1,397,1.0,0.0,1.0,8.0,1.0,-2,1279,5.144171459039833,25.360648651010486,0.1875,14.9375,13.3125,9,1279,5.144171459039833,25.360648651010486,0.1875,14.9375,13.3125,9,1279,5.144171459039833,25.360648651010486,0.1875,14.9375,13.3125,9
2025-05-18 12:09:24.957929,138,56975.042071,12.156666666666666,1,10,90,1,-1.0,-1.2999999999999972,4.200000000000003,-14.399999999999999,-8.899999999999999,-6.100000000000001,-0.6000000000000014,-20.200000000000003,-14.700000000000003,0.0,0.0,0.0,0.0,0.0,1,31.3,19.5,52795.07,21935.27,100,0,-5.5,4.200000000000003,-9.799999999999997,8.5,0,0.0,0.0,0.0,0.0,0,100,16.1,20.9,0,-7.200000000000003,5.900000000000006,-11.100000000000001,9.800000000000004,0,0.0,0.0,0.0,0.0,0,100,15.0,18.4,0,-6.885141903171953,-10,226,1.0,0.0,1.0,9.0,1.0,-2,398,1.2909944487358056,0.0,1.0,8.5,1.0,-3,1280,5.122757759139459,24.736255839176156,0.23529411764705882,14.647058823529411,12.588235294117647,8,1280,5.122757759139459,24.736255839176156,0.23529411764705882,14.647058823529411,12.588235294117647,8,1280,5.122757759139459,24.736255839176156,0.23529411764705882,14.647058823529411,12.588235294117647,8
2025-05-18 12:09:24.965847,138,56975.034153,12.156666666666666,1,5,95,1,-3.0,0.7000000000000028,4.200000000000003,-12.399999999999999,-8.899999999999999,-4.100000000000001,-0.6000000000000014,-18.200000000000003,-14.700000000000003,0.0,0.0,0.0,0.0,0.0,1,31.3,19.5,52795.07,21935.27,100,0,-3.5,4.200000000000003,-7.799999999999997,8.5,0,0.0,0.0,0.0,0.0,0,100,16.1,20.9,0,-5.200000000000003,5.900000000000006,-9.100000000000001,9.800000000000004,0,0.0,0.0,0.0,0.0,0,100,15.0,18.4,0,-2.87639405204461,-5,227,1.0,58.312377188152205,1.0,4.0,34.666666666666664,-2,399,1.0,58.312377188152205,1.0,4.0,34.666666666666664,-2,1281,1.0,58.312377188152205,1.0,4.0,34.666666666666664,-2,1281,1.0,58.312377188152205,1.0,4.0,34.666666666666664,-2,1281,1.0,58.312377188152205,1.0,4.0,34.666666666666664,-2
2025-05-18 12:09:24.983822,138,56975.016178,12.156666666666666,1,22,78,1,3.0,-5.299999999999997,4.200000000000003,-18.4,-8.899999999999999,-10.100000000000001,-0.6000000000000014,-24.200000000000003,-14.700000000000003,0.0,0.0,0.0,0.0,0.0,1,31.3,19.5,52795.07,21935.27,100,0,-9.5,4.200000000000003,-13.799999999999997,8.5,0,0.0,0.0,0.0,0.0,0,100,16.1,20.9,0,-11.200000000000003,5.900000000000006,-15.100000000000001,9.800000000000004,0,0.0,0.0,0.0,0.0,0,100,15.0,18.4,0,-2.059473684210527,-22,228,2.2827858224351907,13.201430898875234,0.3,24.1,6.5,6,400,2.335496832484569,12.568358538951552,0.36363636363636365,24.363636363636363,6.181818181818182,5,1282,2.8265256609180036,17.6990370918447,0.5161290322580645,22.451612903225808,9.548387096774194,-4,1282,2.8265256609180036,17.6990370918447,0.5161290322580645,22.451612903225808,9.548387096774194,-4,1282,2.8265256609180036,17.6990370918447,0.5161290322580645,22.451612903225808,9.548387096774194,-4
2025-05-18 12:09:24.991108,138,56975.008892,12.156666666666666,1,22,78,1,1.0,-3.299999999999997,4.200000000000003,-16.4,-8.899999999999999,-8.100000000000001,-0.6000000000000014,-22.200000000000003,-14.700000000000003,0.0,0.0,0.0,0.0,0.0,1,31.3,19.5,52795.07,21935.27,100,0,-7.5,4.200000000000003,-11.799999999999997,8.5,0,0.0,0.0,0.0,0.0,0,100,16.1,20.9,0,-9.200000000000003,5.900000000000006,-13.100000000000001,9.800000000000004,0,0.0,0.0,0.0,0.0,0,100,15.0,18.4,0,64.24596569939938,78,229,0.5773502691896258,0.5773502691896257,1.0,21.666666666666668,1.3333333333333333,-1,401,0.9574271077563381,0.9574271077563381,1.0,21.25,1.75,-2,1283,0.7595545253127499,27.684644849438843,0.2857142857142857,20.5,16.142857142857142,-1,1283,0.7595545253127499,27.684644849438843,0.2857142857142857,20.5,16.142857142857142,-1,1283,0.7595545253127499,27.684644849438843,0.2857142857142857,20.5,16.142857142857142,-1
2025-05-18 12:09:25.036035,138,56974.963965,12.156944444444445,1,32,68,1,5.0,-7.299999999999997,4.200000000000003,-20.4,-8.899999999999999,-12.100000000000001,-0.6000000000000014,-26.200000000000003,-14.700000000000003,0.0,0.0,0.0,0.0,0.0,1,31.3,19.5,52795.07,21935.27,100,0,-11.5,4.200000000000003,-15.799999999999997,8.5,0,0.0,0.0,0.0,0.0,0,100,16.1,20.9,0,-13.200000000000003,5.900000000000006,-17.1,9.800000000000004,0,0.0,0.0,0.0,0.0,0,100,15.0,18.4,0,-16.12332268370607,-32,230,1.4142135623730951,5.958187643906492,0.4444444444444444,33.0,6.0,3,402,2.7680145884559137,14.715880634781692,0.2857142857142857,35.476190476190474,10.428571428571429,8,1284,7.329276057457998,17.797070809177903,0.29545454545454547,41.65909090909091,10.090909090909092,9,1284,7.329276057457998,17.797070809177903,0.29545454545454547,41.65909090909091,10.090909090909092,9,1284,7.329276057457998,17.797070809177903,0.29545454545454547,41.65909090909091,10.090909090909092,9
2025-05-18 12:09:26.412065,138,56973.587935,12.157222222222222,1,6,94,1,-3.0,0.7000000000000028,4.200000000000003,-12.399999999999999,-8.899999999999999,-4.100000000000001,-0.6000000000000014,-18.200000000000003,-14.700000000000003,0.0,0.0,0.0,0.0,0.0,1,31.3,19.5,52795.07,21935.27,100,0,-3.5,4.200000000000003,-7.799999999999997,8.5,0,0.0,0.0,0.0,0.0,0,100,16.1,20.9,0,-5.200000000000003,5.900000000000006,-9.100000000000001,9.800000000000004,0,0.0,0.0,0.0,0.0,0,100,15.0,18.4,0,-3.877285404400372,-6,231,1.2909944487358056,50.5,1.0,4.5,26.25,-3,403,1.2909944487358056,50.5,1.0,4.5,26.25,-3,1285,1.2909944487358056,50.5,1.0,4.5,26.25,-3,1285,1.2909944487358056,50.5,1.0,4.5,26.25,-3,1285,1.2909944487358056,50.5,1.0,4.5,26.25,-3
2025-05-18 12:09:26.413564,138,56973.586436,12.157222222222222,2,22,78,1,3.0,-5.299999999999997,4.200000000000003,-18.4,-8.899999999999999,-10.100000000000001,-0.6000000000000014,-24.200000000000003,-14.700000000000003,0.0,0.0,0.0,0.0,0.0,1,31.3,19.5,52795.07,21935.27,100,0,-9.5,4.200000000000003,-13.799999999999997,8.5,0,0.0,0.0,0.0,0.0,0,100,16.1,20.9,0,-11.200000000000003,5.900000000000006,-15.100000000000001,9.800000000000004,0,0.0,0.0,0.0,0.0,0,100,15.0,18.4,0,-2.0600157936299013,-22,233,2.256304299271065,12.597257998902345,0.36363636363636365,23.90909090909091,6.090909090909091,6,405,2.32900030576263,12.044110845579512,0.4166666666666667,24.166666666666668,5.833333333333333,5,1287,2.781708688163887,17.462286551677682,0.53125,22.4375,9.3125,-4,1287,2.781708688163887,17.462286551677682,0.53125,22.4375,9.3125,-4,1287,2.781708688163887,17.462286551677682,0.53125,22.4375,9.3125,-4
2025-05-18 12:09:26.414986,138,56973.585014,12.157222222222222,2,23,77,1,1.0,-3.299999999999997,4.200000000000003,-16.4,-8.899999999999999,-8.100000000000001,-0.6000000000000014,-22.200000000000003,-14.700000000000003,0.0,0.0,0.0,0.0,0.0,1,31.3,19.5,52795.07,21935.27,100,0,-7.5,4.200000000000003,-11.799999999999997,8.5,0,0.0,0.0,0.0,0.0,0,100,16.1,20.9,0,-9.200000000000003,5.900000000000006,-13.100000000000001,9.800000000000004,0,0.0,0.0,0.0,0.0,0,100,15.0,18.4,0,63.25061513967289,77,235,0.816496580927726,0.5773502691896257,1.0,22.0,1.5,-2,407,1.1401754250991378,0.8366600265340756,1.0,21.6,1.8,-3,1289,0.9759000729485332,26.926354588554524,0.3333333333333333,20.666666666666668,15.2,-2,1289,0.9759000729485332,26.926354588554524,0.3333333333333333,20.666666666666668,15.2,-2,1289,0.9759000729485332,26.926354588554524,0.3333333333333333,20.666666666666668,15.2,-2
2025-05-18 12:09:26.417349,138,56973.582651,12.157222222222222,2,32,68,1,5.0,-7.299999999999997,4.200000000000003,-20.4,-8.899999999999999,-12.100000000000001,-0.6000000000000014,-26.200000000000003,-14.700000000000003,0.0,0.0,0.0,0.0,0.0,1,31.3,19.5,52795.07,21935.27,100,0,-11.5,4.200000000000003,-15.799999999999997,8.5,0,0.0,0.0,0.0,0.0,0,100,16.1,20.9,0,-13.200000000000003,5.900000000000006,-17.1,9.800000000000004,0,0.0,0.0,0.0,0.0,0,100,15.0,18.4,0,-16.125898705863555,-32,237,1.3703203194062978,5.758086101783783,0.5,32.9,5.6,3,409,2.8011284058965145,14.473217540478894,0.3181818181818182,35.31818181818182,10.045454545454545,8,1291,7.3871988649762965,17.63496297676633,0.3111111111111111,41.44444444444444,9.911111111111111,9,1291,7.3871988649762965,17.63496297676633,0.3111111111111111,41.44444444444444,9.911111111111111,9,1291,7.3871988649762965,17.63496297676633,0.3111111111111111,41.44444444444444,9.911111111111111,9
2025-05-18 12:09:26.460999,138,56973.539001,12.157222222222222,2,10,90,1,-1.0,-1.2999999999999972,4.200000000000003,-14.399999999999999,-8.899999999999999,-6.100000000000001,-0.6000000000000014,-20.200000000000003,-14.700000000000003,0.0,0.0,0.0,0.0,0.0,1,31.3,19.5,52795.07,21935.27,100,0,-5.5,4.200000000000003,-9.799999999999997,8.5,0,0.0,0.0,0.0,0.0,0,100,16.1,20.9,0,-7.200000000000003,5.900000000000006,-11.100000000000001,9.800000000000004,0,0.0,0.0,0.0,0.0,0,100,15.0,18.4,0,-6.885908281389137,-10,239,0.9574271077563381,0.5,1.0,9.25,1.25,-2,411,1.3038404810405297,0.4472135954999579,1.0,8.8,1.2,-3,1293,5.089075830684537,24.12711435416228,0.2777777777777778,14.38888888888889,12.0,8,1293,5.089075830684537,24.12711435416228,0.2777777777777778,14.38888888888889,12.0,8,1293,5.089075830684537,24.12711435416228,0.2777777777777778,14.38888888888889,12.0,8
2025-05-18 12:09:28.513603,138,56971.486397,12.157777777777778,36,22,78,1,3.0,-5.299999999999997,4.200000000000003,-18.4,-8.899999999999999,-10.100000000000001,-0.6000000000000014,-24.200000000000003,-14.700000000000003,0.0,0.0,0.0,0.0,0.0,1,31.3,19.5,52795.07,21935.27,100,0,-9.5,4.200000000000003,-13.799999999999997,8.5,0,0.0,0.0,0.0,0.0,0,100,16.1,20.9,0,-11.200000000000003,5.900000000000006,-15.100000000000001,9.800000000000004,0,0.0,0.0,0.0,0.0,0,100,15.0,18.4,0,-2.0611008691071895,-22,275,2.220769727328383,14.792248174655738,0.4166666666666667,23.75,8.583333333333334,6,447,2.309401076758503,14.24690699676105,0.46153846153846156,24.0,8.153846153846153,5,1329,2.7389585501416303,17.804068312743816,0.5454545454545454,22.424242424242426,10.121212121212121,-4,1329,2.7389585501416303,17.804068312743816,0.5454545454545454,22.424242424242426,10.121212121212121,-4,1329,2.7389585501416303,17.804068312743816,0.5454545454545454,22.424242424242426,10.121212121212121,-4
2025-05-18 12:09:49.791921,138,56950.208079,12.163611111111111,5,31,69,0,5.0,-7.299999999999997,4.200000000000003,-20.4,-8.899999999999999,-12.100000000000001,-0.6000000000000014,-26.200000000000003,-14.700000000000003,0.0,0.0,0.0,0.0,0.0,1,31.3,19.5,52795.07,21935.27,100,0,-11.5,4.200000000000003,-15.799999999999997,8.5,0,0.0,0.0,0.0,0.0,0,100,16.1,20.9,0,-13.200000000000003,5.900000000000006,-17.1,9.800000000000004,0,0.0,0.0,0.0,0.0,0,100,15.0,18.4,0,-15.131053220393156,31,141,0.6900655593423541,3.251373336211726,0.42857142857142855,31.857142857142858,4.285714285714286,2,452,2.881040655200304,14.179537670091694,0.30434782608695654,35.130434782608695,9.826086956521738,9,1334,7.465217250625317,17.452945711531388,0.30434782608695654,41.21739130434783,9.804347826086957,10,1334,7.465217250625317,17.452945711531388,0.30434782608695654,41.21739130434783,9.804347826086957,10,1334,7.465217250625317,17.452945711531388,0.30434782608695654,41.21739130434783,9.804347826086957,10
2025-05-18 12:10:02.007535,138,56937.992465,12.167222222222222,7,30,70,0,5.0,-7.299999999999997,4.200000000000003,-20.4,-8.899999999999999,-12.100000000000001,-0.6000000000000014,-26.200000000000003,-14.700000000000003,0.0,0.0,0.0,0.0,0.0,1,31.3,19.5,52795.07,21935.27,100,0,-11.5,4.200000000000003,-15.799999999999997,8.5,0,0.0,0.0,0.0,0.0,0,100,16.1,20.9,0,-13.200000000000003,5.900000000000006,-17.1,9.800000000000004,0,0.0,0.0,0.0,0.0,0,100,15.0,18.4,0,-14.14315419065899,30,144,0.7867957924694432,3.401680257083045,0.42857142857142855,31.428571428571427,4.714285714285714,2,450,2.867288592645984,14.190961884575907,0.30434782608695654,34.69565217391305,9.73913043478261,9,1341,7.562750137299457,17.267043357476496,0.2978723404255319,40.97872340425532,9.74468085106383,11,1341,7.562750137299457,17.267043357476496,0.2978723404255319,40.97872340425532,9.74468085106383,11,1341,7.562750137299457,17.267043357476496,0.2978723404255319,40.97872340425532,9.74468085106383,11
2025-05-18 12:10:02.244916,138,56937.755084,12.167222222222222,5,39,61,1,3.0,-5.299999999999997,4.200000000000003,-18.4,-8.899999999999999,-10.100000000000001,-0.6000000000000014,-24.200000000000003,-14.700000000000003,0.0,0.0,0.0,0.0,0.0,1,31.3,19.5,52795.07,21935.27,100,0,-9.5,4.200000000000003,-13.799999999999997,8.5,0,0.0,0.0,0.0,0.0,0,100,16.1,20.9,0,-11.200000000000003,5.900000000000006,-15.100000000000001,9.800000000000004,0,0.0,0.0,0.0,0.0,0,100,15.0,18.4,0,-19.080829566604628,-39,149,4.849242365066064,14.734776427338026,0.4166666666666667,24.666666666666668,8.75,-15,455,4.581976156038516,13.713913685430157,0.5,25.071428571428573,7.928571428571429,-12,1346,3.918624117373601,17.554219546477082,0.5588235294117647,22.91176470588235,9.970588235294118,-21,1346,3.918624117373601,17.554219546477082,0.5588235294117647,22.91176470588235,9.970588235294118,-21,1346,3.918624117373601,17.554219546477082,0.5588235294117647,22.91176470588235,9.970588235294118,-21
2025-05-18 12:10:16.552998,138,56923.447002,12.171111111111111,25,21,79,0,5.0,-7.299999999999997,4.200000000000003,-20.4,-8.899999999999999,-12.100000000000001,-0.6000000000000014,-26.200000000000003,-14.700000000000003,0.0,0.0,0.0,0.0,0.0,1,31.3,19.5,52795.07,21935.27,100,0,-11.5,4.200000000000003,-15.799999999999997,8.5,0,0.0,0.0,0.0,0.0,0,100,16.1,20.9,0,-13.200000000000003,5.900000000000006,-17.1,9.800000000000004,0,0.0,0.0,0.0,0.0,0,100,15.0,18.4,0,-5.15900720576461,21,166,3.9761191895520196,8.454359258760565,0.42857142857142855,29.857142857142858,7.142857142857143,10,480,3.9597156243961456,14.224328516282602,0.2916666666666667,34.125,10.375,18,1371,8.018346648700305,17.22369255143574,0.2916666666666667,40.5625,10.0625,20,1371,8.018346648700305,17.22369255143574,0.2916666666666667,40.5625,10.0625,20,1371,8.018346648700305,17.22369255143574,0.2916666666666667,40.5625,10.0625,20
2025-05-18 12:11:19.213707,138,56860.786293,12.188611111111111,1,42,58,1,3.0,-5.299999999999997,4.200000000000003,-18.4,-8.899999999999999,-10.100000000000001,-0.6000000000000014,-24.200000000000003,-14.700000000000003,0.0,0.0,0.0,0.0,0.0,1,31.3,19.5,52795.07,21935.27,100,0,-9.5,4.200000000000003,-13.799999999999997,8.5,0,0.0,0.0,0.0,0.0,0,100,16.1,20.9,0,-11.200000000000003,5.900000000000006,-15.100000000000001,9.800000000000004,0,0.0,0.0,0.0,0.0,0,100,15.0,18.4,0,-22.106230031948883,-42,158,6.683312551921141,14.270284707777405,0.46153846153846156,26.0,8.153846153846153,-18,366,6.443328605347046,13.779463936366554,0.5,26.142857142857142,7.785714285714286,-14,1372,5.031330411957231,17.360488317494088,0.5714285714285714,23.457142857142856,9.714285714285714,-24,1372,5.031330411957231,17.360488317494088,0.5714285714285714,23.457142857142856,9.714285714285714,-24,1372,5.031330411957231,17.360488317494088,0.5714285714285714,23.457142857142856,9.714285714285714,-24
2025-05-18 12:11:19.277331,138,56860.722669,12.188611111111111,1,21,79,0,5.0,-7.299999999999997,4.200000000000003,-20.4,-8.899999999999999,-12.100000000000001,-0.6000000000000014,-26.200000000000003,-14.700000000000003,0.0,0.0,0.0,0.0,0.0,1,31.3,19.5,52795.07,21935.27,100,0,-11.5,4.200000000000003,-15.799999999999997,8.5,0,0.0,0.0,0.0,0.0,0,100,16.1,20.9,0,-13.200000000000003,5.900000000000006,-17.1,9.800000000000004,0,0.0,0.0,0.0,0.0,0,100,15.0,18.4,0,-5.179742765273318,21,159,5.126959555693246,8.698658900466592,0.42857142857142855,28.428571428571427,6.0,11,367,4.507089173053137,5.8856344297528915,0.22727272727272727,32.86363636363637,6.454545454545454,17,1373,8.412161183804844,17.092435769784768,0.2857142857142857,40.16326530612245,9.877551020408163,20,1373,8.412161183804844,17.092435769784768,0.2857142857142857,40.16326530612245,9.877551020408163,20,1373,8.412161183804844,17.092435769784768,0.2857142857142857,40.16326530612245,9.877551020408163,20
2025-05-18 12:11:19.279806,138,56860.720194,12.188611111111111,1,11,89,0,-1.0,-1.2999999999999972,4.200000000000003,-14.399999999999999,-8.899999999999999,-6.100000000000001,-0.6000000000000014,-20.200000000000003,-14.700000000000003,0.0,0.0,0.0,0.0,0.0,1,31.3,19.5,52795.07,21935.27,100,0,-5.5,4.200000000000003,-9.799999999999997,8.5,0,0.0,0.0,0.0,0.0,0,100,16.1,20.9,0,-7.200000000000003,5.900000000000006,-11.100000000000001,9.800000000000004,0,0.0,0.0,0.0,0.0,0,100,15.0,18.4,0,-7.887441549766194,11,160,0.816496580927726,0.5,0.75,10.0,1.25,-2,368,1.1401754250991378,0.4472135954999579,0.8,9.6,1.2,-3,1374,5.006428615827866,23.582752147075823,0.2631578947368421,14.210526315789474,11.421052631578947,7,1374,5.006428615827866,23.582752147075823,0.2631578947368421,14.210526315789474,11.421052631578947,7,1374,5.006428615827866,23.582752147075823,0.2631578947368421,14.210526315789474,11.421052631578947,7
2025-05-18 12:11:19.281897,138,56860.718103,12.188611111111111,1,31,69,0,1.0,-3.299999999999997,4.200000000000003,-16.4,-8.899999999999999,-8.100000000000001,-0.6000000000000014,-22.200000000000003,-14.700000000000003,0.0,0.0,0.0,0.0,0.0,1,31.3,19.5,52795.07,21935.27,100,0,-7.5,4.200000000000003,-11.799999999999997,8.5,0,0.0,0.0,0.0,0.0,0,100,16.1,20.9,0,-9.200000000000003,5.900000000000006,-13.100000000000001,9.800000000000004,0,0.0,0.0,0.0,0.0,0,100,15.0,18.4,0,55.25977127967573,-69,161,4.358898943540674,0.5,0.75,24.5,1.25,-9,369,4.08656334834051,0.5477225575051661,0.8,23.8,1.4,-10,1375,2.75,26.25444406825887,0.3125,21.3125,14.3125,-10,1375,2.75,26.25444406825887,0.3125,21.3125,14.3125,-10,1375,2.75,26.25444406825887,0.3125,21.3125,14.3125,-10
2025-05-18 12:11:19.282688,138,56860.717312,12.188611111111111,1,6,94,0,-3.0,0.7000000000000028,4.200000000000003,-12.399999999999999,-8.899999999999999,-4.100000000000001,-0.6000000000000014,-18.200000000000003,-14.700000000000003,0.0,0.0,0.0,0.0,0.0,1,31.3,19.5,52795.07,21935.27,100,0,-3.5,4.200000000000003,-7.799999999999997,8.5,0,0.0,0.0,0.0,0.0,0,100,16.1,20.9,0,-5.200000000000003,5.900000000000006,-9.100000000000001,9.800000000000004,0,0.0,0.0,0.0,0.0,0,100,15.0,18.4,0,-3.87848729076255,6,162,0.9574271077563381,0.0,0.75,5.25,1.0,-2,370,1.3038404810405297,45.16857314549575,0.8,4.8,21.2,-3,1376,1.3038404810405297,45.16857314549575,0.8,4.8,21.2,-3,1376,1.3038404810405297,45.16857314549575,0.8,4.8,21.2,-3,1376,1.3038404810405297,45.16857314549575,0.8,4.8,21.2,-3
2025-05-18 12:11:19.470670,138,56860.52933,12.188611111111111,1,31,69,0,1.0,-3.299999999999997,4.200000000000003,-16.4,-8.899999999999999,-8.100000000000001,-0.6000000000000014,-22.200000000000003,-14.700000000000003,0.0,0.0,0.0,0.0,0.0,1,31.3,19.5,52795.07,21935.27,100,0,-7.5,4.200000000000003,-11.799999999999997,8.5,0,0.0,0.0,0.0,0.0,0,100,16.1,20.9,0,-9.200000000000003,5.900000000000006,-13.100000000000001,9.800000000000004,0,0.0,0.0,0.0,0.0,0,100,15.0,18.4,0,55.26377126311979,-69,163,4.764451699828638,0.4472135954999579,0.6,25.8,1.2,-9,371,4.69041575982343,0.5163977794943223,0.6666666666666666,25.0,1.3333333333333333,-10,1377,3.5510975933712463,25.624982065990856,0.29411764705882354,21.88235294117647,13.529411764705882,-10,1377,3.5510975933712463,25.624982065990856,0.29411764705882354,21.88235294117647,13.529411764705882,-10,1377,3.5510975933712463,25.624982065990856,0.29411764705882354,21.88235294117647,13.529411764705882,-10
2025-05-18 12:11:19.471024,138,56860.528976,12.188611111111111,1,5,95,0,-3.0,0.7000000000000028,4.200000000000003,-12.399999999999999,-8.899999999999999,-4.100000000000001,-0.6000000000000014,-18.200000000000003,-14.700000000000003,0.0,0.0,0.0,0.0,0.0,1,31.3,19.5,52795.07,21935.27,100,0,-3.5,4.200000000000003,-7.799999999999997,8.5,0,0.0,0.0,0.0,0.0,0,100,16.1,20.9,0,-5.200000000000003,5.900000000000006,-9.100000000000001,9.800000000000004,0,0.0,0.0,0.0,0.0,0,100,15.0,18.4,0,-2.8796899224806225,5,164,0.8366600265340756,0.0,0.6,5.2,1.0,-1,372,1.169045194450012,41.233077336850165,0.6666666666666666,4.833333333333333,17.833333333333332,-2,1378,1.169045194450012,41.233077336850165,0.6666666666666666,4.833333333333333,17.833333333333332,-2,1378,1.169045194450012,41.233077336850165,0.6666666666666666,4.833333333333333,17.833333333333332,-2,1378,1.169045194450012,41.233077336850165,0.6666666666666666,4.833333333333333,17.833333333333332,-2
2025-05-18 12:11:19.481560,138,56860.51844,12.188611111111111,1,21,79,0,5.0,-7.299999999999997,4.200000000000003,-20.4,-8.899999999999999,-12.100000000000001,-0.6000000000000014,-26.200000000000003,-14.700000000000003,0.0,0.0,0.0,0.0,0.0,1,31.3,19.5,52795.07,21935.27,100,0,-11.5,4.200000000000003,-15.799999999999997,8.5,0,0.0,0.0,0.0,0.0,0,100,16.1,20.9,0,-13.200000000000003,5.900000000000006,-17.1,9.800000000000004,0,0.0,0.0,0.0,0.0,0,100,15.0,18.4,0,-5.180575655250038,21,165,5.42481072744215,8.24512843181614,0.375,27.5,5.375,11,373,5.050730781077616,5.861713383855133,0.21739130434782608,32.34782608695652,6.217391304347826,17,1379,8.755849356811918,16.963646604502493,0.28,39.78,9.7,20,1379,8.755849356811918,16.963646604502493,0.28,39.78,9.7,20,1379,8.755849356811918,16.963646604502493,0.28,39.78,9.7,20
2025-05-18 12:11:19.484354,138,56860.515646,12.188611111111111,1,43,57,0,3.0,-5.299999999999997,4.200000000000003,-18.4,-8.899999999999999,-10.100000000000001,-0.6000000000000014,-24.200000000000003,-14.700000000000003,0.0,0.0,0.0,0.0,0.0,1,31.3,19.5,52795.07,21935.27,100,0,-9.5,4.200000000000003,-13.799999999999997,8.5,0,0.0,0.0,0.0,0.0,0,100,16.1,20.9,0,-11.200000000000003,5.900000000000006,-15.100000000000001,9.800000000000004,0,0.0,0.0,0.0,0.0,0,100,15.0,18.4,0,-23.112117177097204,43,166,7.865979047367618,13.843116272424648,0.42857142857142855,27.214285714285715,7.642857142857143,-19,374,7.582561446848822,13.393317452407091,0.4666666666666667,27.266666666666666,7.333333333333333,-15,1380,5.932958789676531,17.17221362069901,0.5555555555555556,24.0,9.472222222222221,-25,1380,5.932958789676531,17.17221362069901,0.5555555555555556,24.0,9.472222222222221,-25,1380,5.932958789676531,17.17221362069901,0.5555555555555556,24.0,9.472222222222221,-25
2025-05-18 12:11:19.498152,138,56860.501848,12.188611111111111,1,11,89,0,-1.0,-1.2999999999999972,4.200000000000003,-14.399999999999999,-8.899999999999999,-6.100000000000001,-0.6000000000000014,-20.200000000000003,-14.700000000000003,0.0,0.0,0.0,0.0,0.0,1,31.3,19.5,52795.07,21935.27,100,0,-5.5,4.200000000000003,-9.799999999999997,8.5,0,0.0,0.0,0.0,0.0,0,100,16.1,20.9,0,-7.200000000000003,5.900000000000006,-11.100000000000001,9.800000000000004,0,0.0,0.0,0.0,0.0,0,100,15.0,18.4,0,-7.888319786215348,11,167,0.8366600265340756,0.4472135954999579,0.6,10.2,1.2,-2,375,1.1690451944500122,0.408248290463863,0.6666666666666666,9.833333333333334,1.1666666666666667,-3,1381,4.925497570376974,23.071741658528833,0.25,14.05,10.9,7,1381,4.925497570376974,23.071741658528833,0.25,14.05,10.9,7,1381,4.925497570376974,23.071741658528833,0.25,14.05,10.9,7
2025-05-18 12:11:20.333330,138,56859.66667,12.18888888888889,1,11,89,0,-1.0,-1.2999999999999972,4.200000000000003,-14.399999999999999,-8.899999999999999,-6.100000000000001,-0.6000000000000014,-20.200000000000003,-14.700000000000003,0.0,0.0,0.0,0.0,0.0,1,31.3,19.5,52795.07,21935.27,100,0,-5.5,4.200000000000003,-9.799999999999997,8.5,0,0.0,0.0,0.0,0.0,0,100,16.1,20.9,0,-7.200000000000003,5.900000000000006,-11.100000000000001,9.800000000000004,0,0.0,0.0,0.0,0.0,0,100,15.0,18.4,0,-7.8891982182628055,11,168,0.816496580927726,0.408248290463863,0.5,10.333333333333334,1.1666666666666667,-2,376,1.1547005383792515,0.37796447300922725,0.5714285714285714,10.0,1.1428571428571428,-3,1382,4.846697451922927,22.59108547319369,0.23809523809523808,13.904761904761905,10.428571428571429,7,1382,4.846697451922927,22.59108547319369,0.23809523809523808,13.904761904761905,10.428571428571429,7,1382,4.846697451922927,22.59108547319369,0.23809523809523808,13.904761904761905,10.428571428571429,7
2025-05-18 12:11:20.335142,138,56859.664858,12.18888888888889,1,4,96,0,-3.0,0.7000000000000028,4.200000000000003,-12.399999999999999,-8.899999999999999,-4.100000000000001,-0.6000000000000014,-18.200000000000003,-14.700000000000003,0.0,0.0,0.0,0.0,0.0,1,31.3,19.5,52795.07,21935.27,100,0,-3.5,4.200000000000003,-7.799999999999997,8.5,0,0.0,0.0,0.0,0.0,0,100,16.1,20.9,0,-5.200000000000003,5.900000000000006,-9.100000000000001,9.800000000000004,0,0.0,0.0,0.0,0.0,0,100,15.0,18.4,0,-1.8805831265508743,4,169,0.8944271909999159,0.0,0.5,5.0,1.0,0,377,1.1126972805283737,38.17441177393195,0.5714285714285714,4.714285714285714,15.428571428571429,-1,1383,1.1126972805283737,38.17441177393195,0.5714285714285714,4.714285714285714,15.428571428571429,-1,1383,1.1126972805283737,38.17441177393195,0.5714285714285714,4.714285714285714,15.428571428571429,-1,1383,1.1126972805283737,38.17441177393195,0.5714285714285714,4.714285714285714,15.428571428571429,-1
2025-05-18 12:11:20.335378,138,56859.664622,12.18888888888889,1,43,57,0,3.0,-5.299999999999997,4.200000000000003,-18.4,-8.899999999999999,-10.100000000000001,-0.6000000000000014,-24.200000000000003,-14.700000000000003,0.0,0.0,0.0,0.0,0.0,1,31.3,19.5,52795.07,21935.27,100,0,-9.5,4.200000000000003,-13.799999999999997,8.5,0,0.0,0.0,0.0,0.0,0,100,16.1,20.9,0,-11.200000000000003,5.900000000000006,-15.100000000000001,9.800000000000004,0,0.0,0.0,0.0,0.0,0,100,15.0,18.4,0,-23.118273841236018,43,170,8.606199315996967,13.449375981275647,0.4,28.266666666666666,7.2,-19,378,8.314645713037528,13.03568819305934,0.4375,28.25,6.9375,-15,1384,6.631664872336281,16.989221101440574,0.5405405405405406,24.513513513513512,9.243243243243244,-25,1384,6.631664872336281,16.989221101440574,0.5405405405405406,24.513513513513512,9.243243243243244,-25,1384,6.631664872336281,16.989221101440574,0.5405405405405406,24.513513513513512,9.243243243243244,-25
2025-05-18 12:11:20.336054,138,56859.663946,12.18888888888889,1,21,79,0,5.0,-7.299999999999997,4.200000000000003,-20.4,-8.899999999999999,-12.100000000000001,-0.6000000000000014,-26.200000000000003,-14.700000000000003,0.0,0.0,0.0,0.0,0.0,1,31.3,19.5,52795.07,21935.27,100,0,-11.5,4.200000000000003,-15.799999999999997,8.5,0,0.0,0.0,0.0,0.0,0,100,16.1,20.9,0,-13.200000000000003,5.900000000000006,-17.1,9.800000000000004,0,0.0,0.0,0.0,0.0,0,100,15.0,18.4,0,-5.181408813123198,21,171,5.517648452415616,7.849274559544411,0.3333333333333333,26.77777777777778,4.888888888888889,11,379,5.4558504697091985,5.830951894845301,0.20833333333333334,31.875,6.0,17,1385,9.057983154297066,16.837283559026343,0.27450980392156865,39.411764705882355,9.529411764705882,20,1385,9.057983154297066,16.837283559026343,0.27450980392156865,39.411764705882355,9.529411764705882,20,1385,9.057983154297066,16.837283559026343,0.27450980392156865,39.411764705882355,9.529411764705882,20
2025-05-18 12:11:20.338450,138,56859.66155,12.18888888888889,1,31,69,0,1.0,-3.299999999999997,4.200000000000003,-16.4,-8.899999999999999,-8.100000000000001,-0.6000000000000014,-22.200000000000003,-14.700000000000003,0.0,0.0,0.0,0.0,0.0,1,31.3,19.5,52795.07,21935.27,100,0,-7.5,4.200000000000003,-11.799999999999997,8.5,0,0.0,0.0,0.0,0.0,0,100,16.1,20.9,0,-9.200000000000003,5.900000000000006,-13.100000000000001,9.800000000000004,0,0.0,0.0,0.0,0.0,0,100,15.0,18.4,0,55.26777182568409,-69,172,4.760952285695233,0.408248290463863,0.5,26.666666666666668,1.1666666666666667,-9,380,4.845223470201398,0.48795003647426666,0.5714285714285714,25.857142857142858,1.2857142857142858,-10,1386,4.060409844409202,25.034681825772164,0.2777777777777778,22.38888888888889,12.833333333333334,-10,1386,4.060409844409202,25.034681825772164,0.2777777777777778,22.38888888888889,12.833333333333334,-10,1386,4.060409844409202,25.034681825772164,0.2777777777777778,22.38888888888889,12.833333333333334,-10
2025-05-18 12:11:21.174681,138,56858.825319,12.189166666666667,1,11,89,0,-1.0,-1.2999999999999972,4.200000000000003,-14.399999999999999,-8.899999999999999,-6.100000000000001,-0.6000000000000014,-20.200000000000003,-14.700000000000003,0.0,0.0,0.0,0.0,0.0,1,31.3,19.5,52795.07,21935.27,100,0,-5.5,4.200000000000003,-9.799999999999997,8.5,0,0.0,0.0,0.0,0.0,0,100,16.1,20.9,0,-7.200000000000003,5.900000000000006,-11.100000000000001,9.800000000000004,0,0.0,0.0,0.0,0.0,0,100,15.0,18.4,0,-7.890076845973937,11,173,0.7867957924694431,0.37796447300922725,0.42857142857142855,10.428571428571429,1.1428571428571428,-2,381,1.1259916264596033,0.3535533905932738,0.5,10.125,1.125,-3,1387,4.770263227056894,22.138094725952325,0.22727272727272727,13.772727272727273,10.0,7,1387,4.770263227056894,22.138094725952325,0.22727272727272727,13.772727272727273,10.0,7,1387,4.770263227056894,22.138094725952325,0.22727272727272727,13.772727272727273,10.0,7
2025-05-18 12:11:21.175056,138,56858.824944,12.189166666666667,1,21,79,0,5.0,-7.299999999999997,4.200000000000003,-20.4,-8.899999999999999,-12.100000000000001,-0.6000000000000014,-26.200000000000003,-14.700000000000003,0.0,0.0,0.0,0.0,0.0,1,31.3,19.5,52795.07,21935.27,100,0,-11.5,4.200000000000003,-15.799999999999997,8.5,0,0.0,0.0,0.0,0.0,0,100,16.1,20.9,0,-13.200000000000003,5.900000000000006,-17.1,9.800000000000004,0,0.0,0.0,0.0,0.0,0,100,15.0,18.4,0,-5.182242239022031,21,174,5.513619500836089,7.501851623284599,0.3,26.2,4.5,11,382,5.766859341675213,5.795112883571236,0.2,31.44,5.8,17,1388,9.325094672364841,16.713302024287504,0.2692307692307692,39.05769230769231,9.365384615384615,20,1388,9.325094672364841,16.713302024287504,0.2692307692307692,39.05769230769231,9.365384615384615,20,1388,9.325094672364841,16.713302024287504,0.2692307692307692,39.05769230769231,9.365384615384615,20
2025-05-18 12:11:21.176135,138,56858.823865,12.189166666666667,1,31,69,0,1.0,-3.299999999999997,4.200000000000003,-16.4,-8.899999999999999,-8.100000000000001,-0.6000000000000014,-22.200000000000003,-14.700000000000003,0.0,0.0,0.0,0.0,0.0,1,31.3,19.5,52795.07,21935.27,100,0,-7.5,4.200000000000003,-11.799999999999997,8.5,0,0.0,0.0,0.0,0.0,0,100,16.1,20.9,0,-9.200000000000003,5.900000000000006,-13.100000000000001,9.800000000000004,0,0.0,0.0,0.0,0.0,0,100,15.0,18.4,0,55.271772967494385,-69,175,4.644505202002531,0.37796447300922725,0.42857142857142855,27.285714285714285,1.1428571428571428,-9,383,4.840306956027833,0.4629100498862757,0.5,26.5,1.25,-10,1389,4.412899750790438,24.480329852916654,0.2631578947368421,22.842105263157894,12.210526315789474,-10,1389,4.412899750790438,24.480329852916654,0.2631578947368421,22.842105263157894,12.210526315789474,-10,1389,4.412899750790438,24.480329852916654,0.2631578947368421,22.842105263157894,12.210526315789474,-10
2025-05-18 12:11:21.176902,138,56858.823098,12.189166666666667,1,43,57,0,3.0,-5.299999999999997,4.200000000000003,-18.4,-8.899999999999999,-10.100000000000001,-0.6000000000000014,-24.200000000000003,-14.700000000000003,0.0,0.0,0.0,0.0,0.0,1,31.3,19.5,52795.07,21935.27,100,0,-9.5,4.200000000000003,-13.799999999999997,8.5,0,0.0,0.0,0.0,0.0,0,100,16.1,20.9,0,-11.200000000000003,5.900000000000006,-15.100000000000001,9.800000000000004,0,0.0,0.0,0.0,0.0,0,100,15.0,18.4,0,-23.124433786304294,43,176,9.09372494269171,13.085456303341763,0.375,29.1875,6.8125,-19,384,8.809670488596442,12.703635422239435,0.4117647058823529,29.11764705882353,6.588235294117647,-15,1390,7.196095037156178,16.81133279618449,0.5263157894736842,25.0,9.026315789473685,-25,1390,7.196095037156178,16.81133279618449,0.5263157894736842,25.0,9.026315789473685,-25,1390,7.196095037156178,16.81133279618449,0.5263157894736842,25.0,9.026315789473685,-25
2025-05-18 12:11:21.178943,138,56858.821057,12.189166666666667,1,3,97,0,-3.0,0.7000000000000028,4.200000000000003,-12.399999999999999,-8.899999999999999,-4.100000000000001,-0.6000000000000014,-18.200000000000003,-14.700000000000003,0.0,0.0,0.0,0.0,0.0,1,31.3,19.5,52795.07,21935.27,100,0,-3.5,4.200000000000003,-7.799999999999997,8.5,0,0.0,0.0,0.0,0.0,0,100,16.1,20.9,0,-5.200000000000003,5.900000000000006,-9.100000000000001,9.800000000000004,0,0.0,0.0,0.0,0.0,0,100,15.0,18.4,0,-0.8811666149550064,3,177,1.1126972805283737,0.0,0.42857142857142855,4.714285714285714,1.0,1,385,1.1952286093343936,35.70889244992065,0.5,4.5,13.625,0,1391,1.1952286093343936,35.70889244992065,0.5,4.5,13.625,0,1391,1.1952286093343936,35.70889244992065,0.5,4.5,13.625,0,1391,1.1952286093343936,35.70889244992065,0.5,4.5,13.625,0
2025-05-18 12:12:03.272449,138,56816.727551,12.200833333333332,1,6,94,0,-1.0,-1.2999999999999972,4.200000000000003,-14.399999999999999,-8.899999999999999,-6.100000000000001,-0.6000000000000014,-20.200000000000003,-14.700000000000003,0.0,0.0,0.0,0.0,0.0,1,31.3,19.5,52795.07,21935.27,100,0,-5.5,4.200000000000003,-9.799999999999997,8.5,0,0.0,0.0,0.0,0.0,0,100,16.1,20.9,0,-7.200000000000003,5.900000000000006,-11.100000000000001,9.800000000000004,0,0.0,0.0,0.0,0.0,0,100,15.0,18.4,0,-2.890955669414126,6,46,2.23606797749979,0.0,0.0,10.0,1.0,5,351,1.7320508075688772,0.33333333333333337,0.4444444444444444,9.666666666666666,1.1111111111111112,2,1392,4.93435163795169,21.71036436701642,0.21739130434782608,13.434782608695652,9.608695652173912,12,1392,4.93435163795169,21.71036436701642,0.21739130434782608,13.434782608695652,9.608695652173912,12,1392,4.93435163795169,21.71036436701642,0.21739130434782608,13.434782608695652,9.608695652173912,12
2025-05-18 12:12:03.274431,138,56816.725569,12.200833333333332,1,32,68,0,1.0,-3.299999999999997,4.200000000000003,-16.4,-8.899999999999999,-8.100000000000001,-0.6000000000000014,-22.200000000000003,-14.700000000000003,0.0,0.0,0.0,0.0,0.0,1,31.3,19.5,52795.07,21935.27,100,0,-7.5,4.200000000000003,-11.799999999999997,8.5,0,0.0,0.0,0.0,0.0,0,100,16.1,20.9,0,-9.200000000000003,5.900000000000006,-13.100000000000001,9.800000000000004,0,0.0,0.0,0.0,0.0,0,100,15.0,18.4,0,54.275774688676506,-68,47,0.4472135954999579,0.0,0.0,31.2,1.0,-1,352,4.884783629917615,0.4409585518440984,0.4444444444444444,27.11111111111111,1.2222222222222223,-11,1393,4.758372123232681,23.958901213712224,0.25,23.3,11.65,-11,1393,4.758372123232681,23.958901213712224,0.25,23.3,11.65,-11,1393,4.758372123232681,23.958901213712224,0.25,23.3,11.65,-11
2025-05-18 12:12:03.274829,138,56816.725171,12.200833333333332,1,43,57,0,3.0,-5.299999999999997,4.200000000000003,-18.4,-8.899999999999999,-10.100000000000001,-0.6000000000000014,-24.200000000000003,-14.700000000000003,0.0,0.0,0.0,0.0,0.0,1,31.3,19.5,52795.07,21935.27,100,0,-9.5,4.200000000000003,-13.799999999999997,8.5,0,0.0,0.0,0.0,0.0,0,100,16.1,20.9,0,-11.200000000000003,5.900000000000006,-15.100000000000001,9.800000000000004,0,0.0,0.0,0.0,0.0,0,100,15.0,18.4,0,-23.13059701492537,43,48,0.4472135954999579,0.0,0.2,42.8,1.0,-1,353,9.151591882668725,12.394522298440386,0.3888888888888889,29.88888888888889,6.277777777777778,-15,1394,7.663468205667148,16.638370041107727,0.5128205128205128,25.46153846153846,8.820512820512821,-25,1394,7.663468205667148,16.638370041107727,0.5128205128205128,25.46153846153846,8.820512820512821,-25,1394,7.663468205667148,16.638370041107727,0.5128205128205128,25.46153846153846,8.820512820512821,-25
2025-05-18 12:12:03.278195,138,56816.721805,12.200833333333332,1,27,73,0,5.0,-7.299999999999997,4.200000000000003,-20.4,-8.899999999999999,-12.100000000000001,-0.6000000000000014,-26.200000000000003,-14.700000000000003,0.0,0.0,0.0,0.0,0.0,1,31.3,19.5,52795.07,21935.27,100,0,-11.5,4.200000000000003,-15.799999999999997,8.5,0,0.0,0.0,0.0,0.0,0,100,16.1,20.9,0,-13.200000000000003,5.900000000000006,-17.1,9.800000000000004,0,0.0,0.0,0.0,0.0,0,100,15.0,18.4,0,-11.18307593307594,27,49,2.449489742783178,9.797958971132712,0.0,22.0,5.0,-6,354,5.394685493978993,6.427531244166522,0.25,29.55,5.55,8,1395,9.382339894013246,16.591655097304926,0.2641509433962264,38.83018867924528,9.20754716981132,14,1395,9.382339894013246,16.591655097304926,0.2641509433962264,38.83018867924528,9.20754716981132,14,1395,9.382339894013246,16.591655097304926,0.2641509433962264,38.83018867924528,9.20754716981132,14
2025-05-18 12:12:04.114995,138,56815.885005,12.20111111111111,2,27,73,0,5.0,-7.299999999999997,4.200000000000003,-20.4,-8.899999999999999,-12.100000000000001,-0.6000000000000014,-26.200000000000003,-14.700000000000003,0.0,0.0,0.0,0.0,0.0,1,31.3,19.5,52795.07,21935.27,100,0,-11.5,4.200000000000003,-15.799999999999997,8.5,0,0.0,0.0,0.0,0.0,0,100,16.1,20.9,0,-13.200000000000003,5.900000000000006,-17.1,9.800000000000004,0,0.0,0.0,0.0,0.0,0,100,15.0,18.4,0,-11.184875301689459,27,51,2.9277002188455996,9.015859043136949,0.0,22.714285714285715,4.571428571428571,-6,356,5.287451451989216,6.312497053276068,0.23809523809523808,29.428571428571427,5.380952380952381,8,1397,9.431814220862035,16.463626978203443,0.25925925925925924,38.611111111111114,9.074074074074074,14,1397,9.431814220862035,16.463626978203443,0.25925925925925924,38.611111111111114,9.074074074074074,14,1397,9.431814220862035,16.463626978203443,0.25925925925925924,38.611111111111114,9.074074074074074,14
2025-05-18 12:12:04.118644,138,56815.881356,12.20111111111111,2,32,68,0,1.0,-3.299999999999997,4.200000000000003,-16.4,-8.899999999999999,-8.100000000000001,-0.6000000000000014,-22.200000000000003,-14.700000000000003,0.0,0.0,0.0,0.0,0.0,1,31.3,19.5,52795.07,21935.27,100,0,-7.5,4.200000000000003,-11.799999999999997,8.5,0,0.0,0.0,0.0,0.0,0,100,16.1,20.9,0,-9.200000000000003,5.900000000000006,-13.100000000000001,9.800000000000004,0,0.0,0.0,0.0,0.0,0,100,15.0,18.4,0,54.27970458330316,-68,53,0.5163977794943222,0.408248290463863,0.0,31.333333333333332,1.1666666666666667,-1,358,4.857983120596447,0.48304589153964794,0.4,27.6,1.3,-11,1399,5.011415539973283,23.447002042092812,0.23809523809523808,23.714285714285715,11.19047619047619,-11,1399,5.011415539973283,23.447002042092812,0.23809523809523808,23.714285714285715,11.19047619047619,-11,1399,5.011415539973283,23.447002042092812,0.23809523809523808,23.714285714285715,11.19047619047619,-11
2025-05-18 12:12:04.119330,138,56815.88067,12.20111111111111,2,6,94,0,-1.0,-1.2999999999999972,4.200000000000003,-14.399999999999999,-8.899999999999999,-6.100000000000001,-0.6000000000000014,-20.200000000000003,-14.700000000000003,0.0,0.0,0.0,0.0,0.0,1,31.3,19.5,52795.07,21935.27,100,0,-5.5,4.200000000000003,-9.799999999999997,8.5,0,0.0,0.0,0.0,0.0,0,100,16.1,20.9,0,-7.200000000000003,5.900000000000006,-11.100000000000001,9.800000000000004,0,0.0,0.0,0.0,0.0,0,100,15.0,18.4,0,-2.891277709702578,6,55,2.581988897471611,0.408248290463863,0.0,9.333333333333334,1.1666666666666667,5,360,2.0027758514399734,0.4216370213557839,0.4,9.3,1.2,2,1401,5.058892300133284,21.28988158658978,0.20833333333333334,13.125,9.291666666666666,12,1401,5.058892300133284,21.28988158658978,0.20833333333333334,13.125,9.291666666666666,12,1401,5.058892300133284,21.28988158658978,0.20833333333333334,13.125,9.291666666666666,12
2025-05-18 12:12:04.119543,138,56815.880457,12.20111111111111,2,42,58,0,3.0,-5.299999999999997,4.200000000000003,-18.4,-8.899999999999999,-10.100000000000001,-0.6000000000000014,-24.200000000000003,-14.700000000000003,0.0,0.0,0.0,0.0,0.0,1,31.3,19.5,52795.07,21935.27,100,0,-9.5,4.200000000000003,-13.799999999999997,8.5,0,0.0,0.0,0.0,0.0,0,100,16.1,20.9,0,-11.200000000000003,5.900000000000006,-15.100000000000001,9.800000000000004,0,0.0,0.0,0.0,0.0,0,100,15.0,18.4,0,-22.136763529725414,42,57,0.5163977794943223,0.408248290463863,0.16666666666666666,42.666666666666664,1.1666666666666667,0,362,9.317656006222402,12.085223687584246,0.3684210526315789,30.526315789473685,6.052631578947368,-14,1403,8.00380518477914,16.459040069214243,0.5,25.875,8.65,-24,1403,8.00380518477914,16.459040069214243,0.5,25.875,8.65,-24,1403,8.00380518477914,16.459040069214243,0.5,25.875,8.65,-24
2025-05-18 12:12:10.357305,138,56809.642695,12.202777777777778,1,42,58,0,3.0,-5.299999999999997,4.200000000000003,-18.4,-8.899999999999999,-10.100000000000001,-0.6000000000000014,-24.200000000000003,-14.700000000000003,0.0,0.0,0.0,0.0,0.0,1,31.3,19.5,52795.07,21935.27,100,0,-9.5,4.200000000000003,-13.799999999999997,8.5,0,0.0,0.0,0.0,0.0,0,100,16.1,20.9,0,-11.200000000000003,5.900000000000006,-15.100000000000001,9.800000000000004,0,0.0,0.0,0.0,0.0,0,100,15.0,18.4,0,-22.14857295278742,42,58,0.5345224838248488,0.37796447300922725,0.14285714285714285,42.57142857142857,1.1428571428571428,0,356,9.425050607151583,11.817026075250824,0.35,31.1,5.8,-14,1404,8.294650053630662,16.295854627750593,0.4878048780487805,26.26829268292683,8.463414634146341,-24,1404,8.294650053630662,16.295854627750593,0.4878048780487805,26.26829268292683,8.463414634146341,-24,1404,8.294650053630662,16.295854627750593,0.4878048780487805,26.26829268292683,8.463414634146341,-24
2025-05-18 12:12:10.359093,138,56809.640907,12.202777777777778,1,31,69,0,1.0,-3.299999999999997,4.200000000000003,-16.4,-8.899999999999999,-8.100000000000001,-0.6000000000000014,-22.200000000000003,-14.700000000000003,0.0,0.0,0.0,0.0,0.0,1,31.3,19.5,52795.07,21935.27,100,0,-7.5,4.200000000000003,-11.799999999999997,8.5,0,0.0,0.0,0.0,0.0,0,100,16.1,20.9,0,-9.200000000000003,5.900000000000006,-13.100000000000001,9.800000000000004,0,0.0,0.0,0.0,0.0,0,100,15.0,18.4,0,55.28756608009269,-69,59,0.4879500364742666,0.37796447300922725,0.0,31.285714285714285,1.1428571428571428,0,357,4.72132492960494,0.46709936649691375,0.36363636363636365,27.90909090909091,1.2727272727272727,-10,1405,5.131390535826408,22.98484349094051,0.22727272727272727,24.045454545454547,10.727272727272727,-10,1405,5.131390535826408,22.98484349094051,0.22727272727272727,24.045454545454547,10.727272727272727,-10,1405,5.131390535826408,22.98484349094051,0.22727272727272727,24.045454545454547,10.727272727272727,-10
2025-05-18 12:12:10.359455,138,56809.640545,12.202777777777778,1,29,71,0,5.0,-7.299999999999997,4.200000000000003,-20.4,-8.899999999999999,-12.100000000000001,-0.6000000000000014,-26.200000000000003,-14.700000000000003,0.0,0.0,0.0,0.0,0.0,1,31.3,19.5,52795.07,21935.27,100,0,-11.5,4.200000000000003,-15.799999999999997,8.5,0,0.0,0.0,0.0,0.0,0,100,16.1,20.9,0,-13.200000000000003,5.900000000000006,-17.1,9.800000000000004,0,0.0,0.0,0.0,0.0,0,100,15.0,18.4,0,-13.188475776597457,29,60,3.5050983275386565,8.442029207652455,0.0,23.5,4.125,-8,358,5.131137440039141,6.371065545925282,0.23809523809523808,29.142857142857142,5.095238095238095,5,1406,9.433517148510719,16.34676833557126,0.2545454545454545,38.43636363636364,8.927272727272728,12,1406,9.433517148510719,16.34676833557126,0.2545454545454545,38.43636363636364,8.927272727272728,12,1406,9.433517148510719,16.34676833557126,0.2545454545454545,38.43636363636364,8.927272727272728,12
2025-05-18 12:12:10.359759,138,56809.640241,12.202777777777778,1,6,94,0,-1.0,-1.2999999999999972,4.200000000000003,-14.399999999999999,-8.899999999999999,-6.100000000000001,-0.6000000000000014,-20.200000000000003,-14.700000000000003,0.0,0.0,0.0,0.0,0.0,1,31.3,19.5,52795.07,21935.27,100,0,-5.5,4.200000000000003,-9.799999999999997,8.5,0,0.0,0.0,0.0,0.0,0,100,16.1,20.9,0,-7.200000000000003,5.900000000000006,-11.100000000000001,9.800000000000004,0,0.0,0.0,0.0,0.0,0,100,15.0,18.4,0,-2.8919220055710326,6,61,2.6726124191242437,0.37796447300922725,0.0,8.857142857142858,1.1428571428571428,5,359,2.1447610589527217,0.40451991747794525,0.36363636363636365,9.0,1.1818181818181819,2,1407,5.1533160844903225,20.907494668977755,0.2,12.84,8.96,12,1407,5.1533160844903225,20.907494668977755,0.2,12.84,8.96,12,1407,5.1533160844903225,20.907494668977755,0.2,12.84,8.96,12
2025-05-18 12:12:11.152653,138,56808.847347,12.203055555555554,9,29,71,0,5.0,-7.299999999999997,4.200000000000003,-20.4,-8.899999999999999,-12.100000000000001,-0.6000000000000014,-26.200000000000003,-14.700000000000003,0.0,0.0,0.0,0.0,0.0,1,31.3,19.5,52795.07,21935.27,100,0,-11.5,4.200000000000003,-15.799999999999997,8.5,0,0.0,0.0,0.0,0.0,0,100,16.1,20.9,0,-13.200000000000003,5.900000000000006,-17.1,9.800000000000004,0,0.0,0.0,0.0,0.0,0,100,15.0,18.4,0,-13.190598840952987,29,80,3.8643671323171835,7.786027371016765,0.0,24.6,5.2,-8,378,4.892520709540291,6.207543542976131,0.21739130434782608,29.130434782608695,5.478260869565218,5,1426,9.427702739658713,16.05283803638959,0.24561403508771928,38.10526315789474,8.947368421052632,12,1426,9.427702739658713,16.05283803638959,0.24561403508771928,38.10526315789474,8.947368421052632,12,1426,9.427702739658713,16.05283803638959,0.24561403508771928,38.10526315789474,8.947368421052632,12
2025-05-18 12:12:11.152653,138,56808.847347,12.203055555555554,10,29,71,0,5.0,-7.299999999999997,4.200000000000003,-20.4,-8.899999999999999,-12.100000000000001,-0.6000000000000014,-26.200000000000003,-14.700000000000003,0.0,0.0,0.0,0.0,0.0,1,31.3,19.5,52795.07,21935.27,100,0,-11.5,4.200000000000003,-15.799999999999997,8.5,0,0.0,0.0,0.0,0.0,0,100,16.1,20.9,0,-13.200000000000003,5.900000000000006,-17.1,9.800000000000004,0,0.0,0.0,0.0,0.0,0,100,15.0,18.4,0,-13.20973722392391,29,80,3.8643671323171835,7.786027371016765,0.0,24.6,5.2,-8,378,4.892520709540291,6.207543542976131,0.21739130434782608,29.130434782608695,5.478260869565218,5,1426,9.427702739658713,16.05283803638959,0.24561403508771928,38.10526315789474,8.947368421052632,12,1426,9.427702739658713,16.05283803638959,0.24561403508771928,38.10526315789474,8.947368421052632,12,1426,9.427702739658713,16.05283803638959,0.24561403508771928,38.10526315789474,8.947368421052632,12
2025-05-18 12:12:11.197955,138,56808.802045,12.203055555555554,2,41,59,0,3.0,-5.299999999999997,4.200000000000003,-18.4,-8.899999999999999,-10.100000000000001,-0.6000000000000014,-24.200000000000003,-14.700000000000003,0.0,0.0,0.0,0.0,0.0,1,31.3,19.5,52795.07,21935.27,100,0,-9.5,4.200000000000003,-13.799999999999997,8.5,0,0.0,0.0,0.0,0.0,0,100,16.1,20.9,0,-11.200000000000003,5.900000000000006,-15.100000000000001,9.800000000000004,0,0.0,0.0,0.0,0.0,0,100,15.0,18.4,0,-21.154482390608322,41,82,0.7440238091428449,0.4629100498862757,0.125,42.375,1.25,1,380,9.437009211457985,11.547623956798171,0.3333333333333333,31.571428571428573,5.619047619047619,-13,1428,8.502373788916694,16.12676626021517,0.47619047619047616,26.61904761904762,8.30952380952381,-23,1428,8.502373788916694,16.12676626021517,0.47619047619047616,26.61904761904762,8.30952380952381,-23,1428,8.502373788916694,16.12676626021517,0.47619047619047616,26.61904761904762,8.30952380952381,-23
2025-05-18 12:12:11.198311,138,56808.801689,12.203055555555554,2,29,71,0,5.0,-7.299999999999997,4.200000000000003,-20.4,-8.899999999999999,-12.100000000000001,-0.6000000000000014,-26.200000000000003,-14.700000000000003,0.0,0.0,0.0,0.0,0.0,1,31.3,19.5,52795.07,21935.27,100,0,-11.5,4.200000000000003,-15.799999999999997,8.5,0,0.0,0.0,0.0,0.0,0,100,16.1,20.9,0,-13.200000000000003,5.900000000000006,-17.1,9.800000000000004,0,0.0,0.0,0.0,0.0,0,100,15.0,18.4,0,-13.231067334086873,29,84,3.8987177379235853,7.449222046019912,0.0,25.0,4.909090909090909,-8,382,4.785053722836849,6.112472399985109,0.20833333333333334,29.125,5.333333333333333,5,1430,9.42081013723678,15.937529284221581,0.2413793103448276,37.94827586206897,8.827586206896552,12,1430,9.42081013723678,15.937529284221581,0.2413793103448276,37.94827586206897,8.827586206896552,12,1430,9.42081013723678,15.937529284221581,0.2413793103448276,37.94827586206897,8.827586206896552,12
2025-05-18 12:12:11.198677,138,56808.801323,12.203055555555554,2,31,69,0,1.0,-3.299999999999997,4.200000000000003,-16.4,-8.899999999999999,-8.100000000000001,-0.6000000000000014,-22.200000000000003,-14.700000000000003,0.0,0.0,0.0,0.0,0.0,1,31.3,19.5,52795.07,21935.27,100,0,-7.5,4.200000000000003,-11.799999999999997,8.5,0,0.0,0.0,0.0,0.0,0,100,16.1,20.9,0,-9.200000000000003,5.900000000000006,-13.100000000000001,9.800000000000004,0,0.0,0.0,0.0,0.0,0,100,15.0,18.4,0,55.29157010428737,-69,86,0.4629100498862757,0.4629100498862757,0.0,31.25,1.25,0,384,4.58918359412718,0.49236596391733095,0.3333333333333333,28.166666666666668,1.3333333333333333,-10,1432,5.218922700155429,22.529997570213677,0.21739130434782608,24.347826086956523,10.347826086956522,-10,1432,5.218922700155429,22.529997570213677,0.21739130434782608,24.347826086956523,10.347826086956522,-10,1432,5.218922700155429,22.529997570213677,0.21739130434782608,24.347826086956523,10.347826086956522,-10
2025-05-18 12:12:11.205046,138,56808.794954,12.203055555555554,2,6,94,0,-1.0,-1.2999999999999972,4.200000000000003,-14.399999999999999,-8.899999999999999,-6.100000000000001,-0.6000000000000014,-20.200000000000003,-14.700000000000003,0.0,0.0,0.0,0.0,0.0,1,31.3,19.5,52795.07,21935.27,100,0,-5.5,4.200000000000003,-9.799999999999997,8.5,0,0.0,0.0,0.0,0.0,0,100,16.1,20.9,0,-7.200000000000003,5.900000000000006,-11.100000000000001,9.800000000000004,0,0.0,0.0,0.0,0.0,0,100,15.0,18.4,0,-2.892244261199025,6,88,2.6726124191242437,0.4629100498862757,0.0,8.5,1.25,5,386,2.220769727328383,0.45226701686664544,0.3333333333333333,8.75,1.25,2,1434,5.224351266314906,20.530502635384707,0.19230769230769232,12.576923076923077,8.692307692307692,12,1434,5.224351266314906,20.530502635384707,0.19230769230769232,12.576923076923077,8.692307692307692,12,1434,5.224351266314906,20.530502635384707,0.19230769230769232,12.576923076923077,8.692307692307692,12
2025-05-18 12:12:12.037559,138,56807.962441,12.203333333333333,2,29,71,0,5.0,-7.299999999999997,4.200000000000003,-20.4,-8.899999999999999,-12.100000000000001,-0.6000000000000014,-26.200000000000003,-14.700000000000003,0.0,0.0,0.0,0.0,0.0,1,31.3,19.5,52795.07,21935.27,100,0,-11.5,4.200000000000003,-15.799999999999997,8.5,0,0.0,0.0,0.0,0.0,0,100,16.1,20.9,0,-13.200000000000003,5.900000000000006,-17.1,9.800000000000004,0,0.0,0.0,0.0,0.0,0,100,15.0,18.4,0,-13.235341624939423,29,90,3.892494720807615,7.152028743756218,0.0,25.333333333333332,4.666666666666667,-8,388,4.684371178006002,6.020797289396148,0.2,29.12,5.2,5,1436,9.411620954999435,15.824523577790774,0.23728813559322035,37.79661016949152,8.711864406779661,12,1436,9.411620954999435,15.824523577790774,0.23728813559322035,37.79661016949152,8.711864406779661,12,1436,9.411620954999435,15.824523577790774,0.23728813559322035,37.79661016949152,8.711864406779661,12
2025-05-18 12:12:12.039640,138,56807.96036,12.203333333333333,2,6,94,0,-1.0,-1.2999999999999972,4.200000000000003,-14.399999999999999,-8.899999999999999,-6.100000000000001,-0.6000000000000014,-20.200000000000003,-14.700000000000003,0.0,0.0,0.0,0.0,0.0,1,31.3,19.5,52795.07,21935.27,100,0,-5.5,4.200000000000003,-9.799999999999997,8.5,0,0.0,0.0,0.0,0.0,0,100,16.1,20.9,0,-7.200000000000003,5.900000000000006,-11.100000000000001,9.800000000000004,0,0.0,0.0,0.0,0.0,0,100,15.0,18.4,0,-2.89288898796255,6,92,2.6352313834736494,0.5,0.0,8.222222222222221,1.3333333333333333,5,390,2.258885588639695,0.48038446141526137,0.3076923076923077,8.538461538461538,1.3076923076923077,2,1438,5.27694550342846,20.172969983339538,0.18518518518518517,12.333333333333334,8.444444444444445,12,1438,5.27694550342846,20.172969983339538,0.18518518518518517,12.333333333333334,8.444444444444445,12,1438,5.27694550342846,20.172969983339538,0.18518518518518517,12.333333333333334,8.444444444444445,12
2025-05-18 12:12:12.041003,138,56807.958997,12.203333333333333,2,30,70,0,1.0,-3.299999999999997,4.200000000000003,-16.4,-8.899999999999999,-8.100000000000001,-0.6000000000000014,-22.200000000000003,-14.700000000000003,0.0,0.0,0.0,0.0,0.0,1,31.3,19.5,52795.07,21935.27,100,0,-7.5,4.200000000000003,-11.799999999999997,8.5,0,0.0,0.0,0.0,0.0,0,100,16.1,20.9,0,-9.200000000000003,5.900000000000006,-13.100000000000001,9.800000000000004,0,0.0,0.0,0.0,0.0,0,100,15.0,18.4,0,56.29957989280024,-70,94,0.6009252125773316,0.5,0.0,31.11111111111111,1.3333333333333333,1,392,4.42313266408578,0.5063696835418333,0.3076923076923077,28.307692307692307,1.3846153846153846,-9,1440,5.232977925714429,22.100560685392026,0.20833333333333334,24.583333333333332,10.0,-9,1440,5.232977925714429,22.100560685392026,0.20833333333333334,24.583333333333332,10.0,-9,1440,5.232977925714429,22.100560685392026,0.20833333333333334,24.583333333333332,10.0,-9
2025-05-18 12:12:12.041393,138,56807.958607,12.203333333333333,2,41,59,0,3.0,-5.299999999999997,4.200000000000003,-18.4,-8.899999999999999,-10.100000000000001,-0.6000000000000014,-24.200000000000003,-14.700000000000003,0.0,0.0,0.0,0.0,0.0,1,31.3,19.5,52795.07,21935.27,100,0,-9.5,4.200000000000003,-13.799999999999997,8.5,0,0.0,0.0,0.0,0.0,0,100,16.1,20.9,0,-11.200000000000003,5.900000000000006,-15.100000000000001,9.800000000000004,0,0.0,0.0,0.0,0.0,0,100,15.0,18.4,0,-21.165776828617197,41,96,0.8333333333333333,0.5,0.1111111111111111,42.22222222222222,1.3333333333333333,1,394,9.426406677899212,11.295710406746167,0.3181818181818182,32.0,5.454545454545454,-13,1442,8.682092924032098,15.962650204473805,0.46511627906976744,26.953488372093023,8.162790697674419,-23,1442,8.682092924032098,15.962650204473805,0.46511627906976744,26.953488372093023,8.162790697674419,-23,1442,8.682092924032098,15.962650204473805,0.46511627906976744,26.953488372093023,8.162790697674419,-23
2025-05-18 12:15:52.664252,138,56587.335748,12.264444444444445,42,21,79,0,5.0,-7.299999999999997,4.200000000000003,-20.4,-8.899999999999999,-12.100000000000001,-0.6000000000000014,-26.200000000000003,-14.700000000000003,0.0,0.0,0.0,0.0,0.0,1,31.3,19.5,52795.07,21935.27,100,0,-11.5,4.200000000000003,-15.799999999999997,8.5,0,0.0,0.0,0.0,0.0,0,100,16.1,20.9,0,-13.200000000000003,5.900000000000006,-17.1,9.800000000000004,0,0.0,0.0,0.0,0.0,0,100,15.0,18.4,0,-5.239618678300218,21,50,0.0,24.041630560342615,0.0,21.0,25.0,0,121,3.9157800414902435,11.263168930588511,0.0,25.0,6.230769230769231,0,1436,9.871849777413967,16.289389878860696,0.20689655172413793,36.94827586206897,8.758620689655173,36,1492,9.732515498240794,16.13242670080452,0.22950819672131148,37.24590163934426,9.245901639344263,20,1492,9.732515498240794,16.13242670080452,0.22950819672131148,37.24590163934426,9.245901639344263,20
2025-05-18 12:15:52.664252,138,56587.335748,12.264444444444445,8,21,79,0,5.0,-7.299999999999997,4.200000000000003,-20.4,-8.899999999999999,-12.100000000000001,-0.6000000000000014,-26.200000000000003,-14.700000000000003,0.0,0.0,0.0,0.0,0.0,1,31.3,19.5,52795.07,21935.27,100,0,-11.5,4.200000000000003,-15.799999999999997,8.5,0,0.0,0.0,0.0,0.0,0,100,16.1,20.9,0,-13.200000000000003,5.900000000000006,-17.1,9.800000000000004,0,0.0,0.0,0.0,0.0,0,100,15.0,18.4,0,-5.275418903530181,21,50,0.0,24.041630560342615,0.0,21.0,25.0,0,121,3.9157800414902435,11.263168930588511,0.0,25.0,6.230769230769231,0,1436,9.871849777413967,16.289389878860696,0.20689655172413793,36.94827586206897,8.758620689655173,36,1492,9.732515498240794,16.13242670080452,0.22950819672131148,37.24590163934426,9.245901639344263,20,1492,9.732515498240794,16.13242670080452,0.22950819672131148,37.24590163934426,9.245901639344263,20
2025-05-18 12:19:13.460117,138,56386.539883,12.320277777777777,14,22,78,1,5.0,-7.299999999999997,4.200000000000003,-20.4,-8.899999999999999,-12.100000000000001,-0.6000000000000014,-26.200000000000003,-14.700000000000003,0.0,0.0,0.0,0.0,0.0,1,31.3,19.5,52795.07,21935.27,100,0,-11.5,4.200000000000003,-15.799999999999997,8.5,0,0.0,0.0,0.0,0.0,0,100,16.1,20.9,0,-13.200000000000003,5.900000000000006,-17.1,9.800000000000004,0,0.0,0.0,0.0,0.0,0,100,15.0,18.4,0,-6.282293533148721,-22,29,0.0,0.7071067811865476,1.0,22.0,14.5,0,79,0.5773502691896257,15.152007567755943,0.5,21.5,19.75,-1,639,6.173558172789863,12.790621564255586,0.225,30.7,9.2,18,1521,9.946168472387042,15.897489069980793,0.25396825396825395,36.76190476190476,9.412698412698413,19,1521,9.946168472387042,15.897489069980793,0.25396825396825395,36.76190476190476,9.412698412698413,19
2025-05-18 12:19:13.460117,138,56386.539883,12.320277777777777,15,22,78,1,5.0,-7.299999999999997,4.200000000000003,-20.4,-8.899999999999999,-12.100000000000001,-0.6000000000000014,-26.200000000000003,-14.700000000000003,0.0,0.0,0.0,0.0,0.0,1,31.3,19.5,52795.07,21935.27,100,0,-11.5,4.200000000000003,-15.799999999999997,8.5,0,0.0,0.0,0.0,0.0,0,100,16.1,20.9,0,-13.200000000000003,5.900000000000006,-17.1,9.800000000000004,0,0.0,0.0,0.0,0.0,0,100,15.0,18.4,0,-6.2966530612244895,-22,29,0.0,0.7071067811865476,1.0,22.0,14.5,0,79,0.5773502691896257,15.152007567755943,0.5,21.5,19.75,-1,639,6.173558172789863,12.790621564255586,0.225,30.7,9.2,18,1521,9.946168472387042,15.897489069980793,0.25396825396825395,36.76190476190476,9.412698412698413,19,1521,9.946168472387042,15.897489069980793,0.25396825396825395,36.76190476190476,9.412698412698413,19
2025-05-18 12:20:40.066154,138,56299.933846,12.344444444444445,4,40,60,0,3.0,-5.299999999999997,4.200000000000003,-18.4,-8.899999999999999,-10.100000000000001,-0.6000000000000014,-24.200000000000003,-14.700000000000003,0.0,0.0,0.0,0.0,0.0,1,31.3,19.5,52795.07,21935.27,100,0,-9.5,4.200000000000003,-13.799999999999997,8.5,0,0.0,0.0,0.0,0.0,0,100,16.1,20.9,0,-11.200000000000003,5.900000000000006,-15.100000000000001,9.800000000000004,0,0.0,0.0,0.0,0.0,0,100,15.0,18.4,0,-20.17708333333333,40,43,1.2909944487358056,0.5773502691896257,0.0,38.5,3.5,1,93,1.2909944487358056,0.5773502691896257,0.0,38.5,3.5,1,644,8.876647553827503,10.186438669306007,0.2962962962962963,32.77777777777778,5.074074074074074,-12,1535,8.918481678439367,15.310145493809918,0.425531914893617,27.93617021276596,7.76595744680851,-21,1535,8.918481678439367,15.310145493809918,0.425531914893617,27.93617021276596,7.76595744680851,-21
2025-05-18 12:20:40.066154,138,56299.933846,12.344444444444445,3,37,63,0,3.0,-5.299999999999997,4.200000000000003,-18.4,-8.899999999999999,-10.100000000000001,-0.6000000000000014,-24.200000000000003,-14.700000000000003,0.0,0.0,0.0,0.0,0.0,1,31.3,19.5,52795.07,21935.27,100,0,-9.5,4.200000000000003,-13.799999999999997,8.5,0,0.0,0.0,0.0,0.0,0,100,16.1,20.9,0,-11.200000000000003,5.900000000000006,-15.100000000000001,9.800000000000004,0,0.0,0.0,0.0,0.0,0,100,15.0,18.4,0,-17.198663101604282,37,43,1.2909944487358056,0.5773502691896257,0.0,38.5,3.5,1,93,1.2909944487358056,0.5773502691896257,0.0,38.5,3.5,1,644,8.876647553827503,10.186438669306007,0.2962962962962963,32.77777777777778,5.074074074074074,-12,1535,8.918481678439367,15.310145493809918,0.425531914893617,27.93617021276596,7.76595744680851,-21,1535,8.918481678439367,15.310145493809918,0.425531914893617,27.93617021276596,7.76595744680851,-21
2025-05-18 12:20:40.066154,138,56299.933846,12.344444444444445,4,38,62,0,3.0,-5.299999999999997,4.200000000000003,-18.4,-8.899999999999999,-10.100000000000001,-0.6000000000000014,-24.200000000000003,-14.700000000000003,0.0,0.0,0.0,0.0,0.0,1,31.3,19.5,52795.07,21935.27,100,0,-9.5,4.200000000000003,-13.799999999999997,8.5,0,0.0,0.0,0.0,0.0,0,100,16.1,20.9,0,-11.200000000000003,5.900000000000006,-15.100000000000001,9.800000000000004,0,0.0,0.0,0.0,0.0,0,100,15.0,18.4,0,-18.212469895638208,38,43,1.2909944487358056,0.5773502691896257,0.0,38.5,3.5,1,93,1.2909944487358056,0.5773502691896257,0.0,38.5,3.5,1,644,8.876647553827503,10.186438669306007,0.2962962962962963,32.77777777777778,5.074074074074074,-12,1535,8.918481678439367,15.310145493809918,0.425531914893617,27.93617021276596,7.76595744680851,-21,1535,8.918481678439367,15.310145493809918,0.425531914893617,27.93617021276596,7.76595744680851,-21
2025-05-18 12:20:40.066154,138,56299.933846,12.344444444444445,3,39,61,0,3.0,-5.299999999999997,4.200000000000003,-18.4,-8.899999999999999,-10.100000000000001,-0.6000000000000014,-24.200000000000003,-14.700000000000003,0.0,0.0,0.0,0.0,0.0,1,31.3,19.5,52795.07,21935.27,100,0,-9.5,4.200000000000003,-13.799999999999997,8.5,0,0.0,0.0,0.0,0.0,0,100,16.1,20.9,0,-11.200000000000003,5.900000000000006,-15.100000000000001,9.800000000000004,0,0.0,0.0,0.0,0.0,0,100,15.0,18.4,0,-19.231984998660593,39,43,1.2909944487358056,0.5773502691896257,0.0,38.5,3.5,1,93,1.2909944487358056,0.5773502691896257,0.0,38.5,3.5,1,644,8.876647553827503,10.186438669306007,0.2962962962962963,32.77777777777778,5.074074074074074,-12,1535,8.918481678439367,15.310145493809918,0.425531914893617,27.93617021276596,7.76595744680851,-21,1535,8.918481678439367,15.310145493809918,0.425531914893617,27.93617021276596,7.76595744680851,-21
2025-05-18 12:20:54.103298,138,56285.896702,12.348333333333334,4,36,64,0,3.0,-5.299999999999997,4.200000000000003,-18.4,-8.899999999999999,-10.100000000000001,-0.6000000000000014,-24.200000000000003,-14.700000000000003,0.0,0.0,0.0,0.0,0.0,1,31.3,19.5,52795.07,21935.27,100,0,-9.5,4.200000000000003,-13.799999999999997,8.5,0,0.0,0.0,0.0,0.0,0,100,16.1,20.9,0,-11.200000000000003,5.900000000000006,-15.100000000000001,9.800000000000004,0,0.0,0.0,0.0,0.0,0,100,15.0,18.4,0,-16.247453083109917,36,47,1.5811388300841898,0.5477225575051661,0.0,38.0,3.6,4,47,1.5811388300841898,0.5477225575051661,0.0,38.0,3.6,4,533,8.82014012331277,10.180423647423796,0.25925925925925924,33.111111111111114,5.111111111111111,-8,1539,8.89953281903961,15.156146495588668,0.4166666666666667,28.104166666666668,7.6875,-18,1539,8.89953281903961,15.156146495588668,0.4166666666666667,28.104166666666668,7.6875,-18
2025-05-18 12:22:20.369183,138,56199.630817,12.372222222222224,13,24,76,1,5.0,-7.299999999999997,4.200000000000003,-20.4,-8.899999999999999,-12.100000000000001,-0.6000000000000014,-26.200000000000003,-14.700000000000003,0.0,0.0,0.0,0.0,0.0,1,31.3,19.5,52795.07,21935.27,100,0,-11.5,4.200000000000003,-15.799999999999997,8.5,0,0.0,0.0,0.0,0.0,0,100,16.1,20.9,0,-13.200000000000003,5.900000000000006,-17.1,9.800000000000004,0,0.0,0.0,0.0,0.0,0,100,15.0,18.4,0,-8.312111292962356,-24,47,0.5773502691896258,5.773502691896257,1.0,23.666666666666668,9.666666666666666,1,76,1.0,4.878524367060187,1.0,23.0,11.6,-1,520,5.020020402220461,8.74711934148572,0.3125,27.65625,7.4375,11,1568,10.09582294940046,15.55937571029675,0.2878787878787879,36.166666666666664,9.424242424242424,18,1568,10.09582294940046,15.55937571029675,0.2878787878787879,36.166666666666664,9.424242424242424,18
2025-05-18 12:22:20.369183,138,56199.630817,12.372222222222224,3,24,76,1,5.0,-7.299999999999997,4.200000000000003,-20.4,-8.899999999999999,-12.100000000000001,-0.6000000000000014,-26.200000000000003,-14.700000000000003,0.0,0.0,0.0,0.0,0.0,1,31.3,19.5,52795.07,21935.27,100,0,-11.5,4.200000000000003,-15.799999999999997,8.5,0,0.0,0.0,0.0,0.0,0,100,16.1,20.9,0,-13.200000000000003,5.900000000000006,-17.1,9.800000000000004,0,0.0,0.0,0.0,0.0,0,100,15.0,18.4,0,-8.329834344759718,-24,47,0.5773502691896258,5.773502691896257,1.0,23.666666666666668,9.666666666666666,1,76,1.0,4.878524367060187,1.0,23.0,11.6,-1,520,5.020020402220461,8.74711934148572,0.3125,27.65625,7.4375,11,1568,10.09582294940046,15.55937571029675,0.2878787878787879,36.166666666666664,9.424242424242424,18,1568,10.09582294940046,15.55937571029675,0.2878787878787879,36.166666666666664,9.424242424242424,18
2025-05-18 12:22:20.369183,138,56199.630817,12.372222222222224,13,23,77,1,5.0,-7.299999999999997,4.200000000000003,-20.4,-8.899999999999999,-12.100000000000001,-0.6000000000000014,-26.200000000000003,-14.700000000000003,0.0,0.0,0.0,0.0,0.0,1,31.3,19.5,52795.07,21935.27,100,0,-11.5,4.200000000000003,-15.799999999999997,8.5,0,0.0,0.0,0.0,0.0,0,100,16.1,20.9,0,-13.200000000000003,5.900000000000006,-17.1,9.800000000000004,0,0.0,0.0,0.0,0.0,0,100,15.0,18.4,0,-7.333935018050541,-23,47,0.5773502691896258,5.773502691896257,1.0,23.666666666666668,9.666666666666666,1,76,1.0,4.878524367060187,1.0,23.0,11.6,-1,520,5.020020402220461,8.74711934148572,0.3125,27.65625,7.4375,11,1568,10.09582294940046,15.55937571029675,0.2878787878787879,36.166666666666664,9.424242424242424,18,1568,10.09582294940046,15.55937571029675,0.2878787878787879,36.166666666666664,9.424242424242424,18
2025-05-18 12:23:06.144935,138,56153.855065,12.385,5,35,65,0,3.0,-5.299999999999997,4.200000000000003,-18.4,-8.899999999999999,-10.100000000000001,-0.6000000000000014,-24.200000000000003,-14.700000000000003,0.0,0.0,0.0,0.0,0.0,1,31.3,19.5,52795.07,21935.27,100,0,-9.5,4.200000000000003,-13.799999999999997,8.5,0,0.0,0.0,0.0,0.0,0,100,16.1,20.9,0,-11.200000000000003,5.900000000000006,-15.100000000000001,9.800000000000004,0,0.0,0.0,0.0,0.0,0,100,15.0,18.4,0,-15.264895330112722,35,34,,,0.0,35.0,5.0,0,81,1.8708286933869707,0.752772652709081,0.0,37.5,3.8333333333333335,5,376,8.766843779693456,10.171744563465378,0.2222222222222222,33.370370370370374,5.185185185185185,-11,1573,8.861270159719622,15.00235242324658,0.40816326530612246,28.244897959183675,7.63265306122449,-17,1573,8.861270159719622,15.00235242324658,0.40816326530612246,28.244897959183675,7.63265306122449,-17
2025-05-18 12:24:48.526302,138,56051.473698,12.413333333333334,12,23,77,1,5.0,-7.299999999999997,4.200000000000003,-20.4,-8.899999999999999,-12.100000000000001,-0.6000000000000014,-26.200000000000003,-14.700000000000003,0.0,0.0,0.0,0.0,0.0,1,31.3,19.5,52795.07,21935.27,100,0,-11.5,4.200000000000003,-15.799999999999997,8.5,0,0.0,0.0,0.0,0.0,0,100,16.1,20.9,0,-13.200000000000003,5.900000000000006,-17.1,9.800000000000004,0,0.0,0.0,0.0,0.0,0,100,15.0,18.4,0,-7.3496135504028945,-23,17,,,1.0,23.0,12.0,0,64,0.5773502691896257,4.856267428111155,1.0,23.5,10.25,1,256,3.702403571707466,9.835442579565536,0.2727272727272727,24.772727272727273,8.545454545454545,8,1585,10.14735396059624,15.444257889711235,0.29850746268656714,35.97014925373134,9.462686567164178,18,1585,10.14735396059624,15.444257889711235,0.29850746268656714,35.97014925373134,9.462686567164178,18
2025-05-18 12:27:52.130405,138,55867.869595,12.464444444444444,13,21,79,1,5.0,-7.299999999999997,4.200000000000003,-20.4,-8.899999999999999,-12.100000000000001,-0.6000000000000014,-26.200000000000003,-14.700000000000003,0.0,0.0,0.0,0.0,0.0,1,31.3,19.5,52795.07,21935.27,100,0,-11.5,4.200000000000003,-15.799999999999997,8.5,0,0.0,0.0,0.0,0.0,0,100,16.1,20.9,0,-13.200000000000003,5.900000000000006,-17.1,9.800000000000004,0,0.0,0.0,0.0,0.0,0,100,15.0,18.4,0,-5.364145658263306,-21,13,,,1.0,21.0,13.0,0,30,1.4142135623730951,0.7071067811865476,1.0,22.0,12.5,2,156,1.224744871391589,10.86022303842994,0.7777777777777778,22.333333333333332,14.777777777777779,0,1598,10.233650958494652,15.334569907257325,0.3088235294117647,35.75,9.514705882352942,20,1598,10.233650958494652,15.334569907257325,0.3088235294117647,35.75,9.514705882352942,20
2025-05-18 12:27:52.467998,138,55867.532002,12.464444444444444,3,21,79,1,5.0,-7.299999999999997,4.200000000000003,-20.4,-8.899999999999999,-12.100000000000001,-0.6000000000000014,-26.200000000000003,-14.700000000000003,0.0,0.0,0.0,0.0,0.0,1,31.3,19.5,52795.07,21935.27,100,0,-11.5,4.200000000000003,-15.799999999999997,8.5,0,0.0,0.0,0.0,0.0,0,100,16.1,20.9,0,-13.200000000000003,5.900000000000006,-17.1,9.800000000000004,0,0.0,0.0,0.0,0.0,0,100,15.0,18.4,0,-5.375660501981505,-21,16,0.0,7.0710678118654755,1.0,21.0,8.0,0,33,1.1547005383792515,5.507570547286102,1.0,21.666666666666668,9.333333333333334,2,159,1.2292725943057181,10.895462868144294,0.8,22.2,13.6,0,1601,10.312156889329454,15.241589577728597,0.3188405797101449,35.53623188405797,9.420289855072463,20,1601,10.312156889329454,15.241589577728597,0.3188405797101449,35.53623188405797,9.420289855072463,20
2025-05-18 12:28:06.880654,138,55853.119346,12.468333333333334,4,34,66,0,3.0,-5.299999999999997,4.200000000000003,-18.4,-8.899999999999999,-10.100000000000001,-0.6000000000000014,-24.200000000000003,-14.700000000000003,0.0,0.0,0.0,0.0,0.0,1,31.3,19.5,52795.07,21935.27,100,0,-9.5,4.200000000000003,-13.799999999999997,8.5,0,0.0,0.0,0.0,0.0,0,100,16.1,20.9,0,-11.200000000000003,5.900000000000006,-15.100000000000001,9.800000000000004,0,0.0,0.0,0.0,0.0,0,100,15.0,18.4,0,-14.28540714861596,34,20,,,0.0,34.0,4.0,0,32,,,0.0,34.0,4.0,0,163,2.160246899469287,0.6900655593423543,0.0,37.0,3.857142857142857,6,1605,8.808066803579916,14.857362635737067,0.4,28.36,7.56,-16,1605,8.808066803579916,14.857362635737067,0.4,28.36,7.56,-16
2025-05-18 12:28:41.846657,138,55818.153343,12.478055555555555,4,33,67,0,3.0,-5.299999999999997,4.200000000000003,-18.4,-8.899999999999999,-10.100000000000001,-0.6000000000000014,-24.200000000000003,-14.700000000000003,0.0,0.0,0.0,0.0,0.0,1,31.3,19.5,52795.07,21935.27,100,0,-9.5,4.200000000000003,-13.799999999999997,8.5,0,0.0,0.0,0.0,0.0,0,100,16.1,20.9,0,-11.200000000000003,5.900000000000006,-15.100000000000001,9.800000000000004,0,0.0,0.0,0.0,0.0,0,100,15.0,18.4,0,-13.300780199085281,33,24,0.7071067811865476,0.0,0.0,33.5,4.0,1,36,0.7071067811865476,0.0,0.0,33.5,4.0,1,167,2.449489742783178,0.6408699444616557,0.0,36.5,3.875,7,1609,8.743714829499407,14.716484021694324,0.39215686274509803,28.45098039215686,7.490196078431373,-15,1609,8.743714829499407,14.716484021694324,0.39215686274509803,28.45098039215686,7.490196078431373,-15
2025-05-18 12:29:25.049766,138,55774.950234,12.490277777777777,4,32,68,1,3.0,-5.299999999999997,4.200000000000003,-18.4,-8.899999999999999,-10.100000000000001,-0.6000000000000014,-24.200000000000003,-14.700000000000003,0.0,0.0,0.0,0.0,0.0,1,31.3,19.5,52795.07,21935.27,100,0,-9.5,4.200000000000003,-13.799999999999997,8.5,0,0.0,0.0,0.0,0.0,0,100,16.1,20.9,0,-11.200000000000003,5.900000000000006,-15.100000000000001,9.800000000000004,0,0.0,0.0,0.0,0.0,0,100,15.0,18.4,0,-12.31510907621869,-32,28,1.0,0.0,0.3333333333333333,33.0,4.0,2,40,1.0,0.0,0.3333333333333333,33.0,4.0,2,171,2.7386127875258306,0.6009252125773316,0.1111111111111111,36.0,3.888888888888889,8,1613,8.671545499936332,14.579526544729655,0.40384615384615385,28.51923076923077,7.423076923076923,-14,1613,8.671545499936332,14.579526544729655,0.40384615384615385,28.51923076923077,7.423076923076923,-14
2025-05-18 12:30:52.351087,138,55687.648913,12.514444444444445,12,21,79,1,5.0,-7.299999999999997,4.200000000000003,-20.4,-8.899999999999999,-12.100000000000001,-0.6000000000000014,-26.200000000000003,-14.700000000000003,0.0,0.0,0.0,0.0,0.0,1,31.3,19.5,52795.07,21935.27,100,0,-11.5,4.200000000000003,-15.799999999999997,8.5,0,0.0,0.0,0.0,0.0,0,100,16.1,20.9,0,-13.200000000000003,5.900000000000006,-17.1,9.800000000000004,0,0.0,0.0,0.0,0.0,0,100,15.0,18.4,0,-5.378324797621014,-21,16,,,1.0,21.0,12.0,0,40,0.0,5.507570547286102,1.0,21.0,9.333333333333334,0,183,1.2210278829367864,10.347595241056121,0.8181818181818182,22.09090909090909,13.454545454545455,0,1625,10.383545272321983,15.133881476013372,0.32857142857142857,35.32857142857143,9.457142857142857,20,1625,10.383545272321983,15.133881476013372,0.32857142857142857,35.32857142857143,9.457142857142857,20
2025-05-18 12:30:54.937869,138,55685.062131,12.515,4,31,69,0,3.0,-5.299999999999997,4.200000000000003,-18.4,-8.899999999999999,-10.100000000000001,-0.6000000000000014,-24.200000000000003,-14.700000000000003,0.0,0.0,0.0,0.0,0.0,1,31.3,19.5,52795.07,21935.27,100,0,-9.5,4.200000000000003,-13.799999999999997,8.5,0,0.0,0.0,0.0,0.0,0,100,16.1,20.9,0,-11.200000000000003,5.900000000000006,-15.100000000000001,9.800000000000004,0,0.0,0.0,0.0,0.0,0,100,15.0,18.4,0,-11.328390401725528,31,20,0.7071067811865476,0.0,0.5,31.5,4.0,1,44,1.2909944487358056,0.0,0.25,32.5,4.0,3,137,3.0276503540974917,0.5676462121975467,0.1,35.5,3.9,9,1629,8.594518454229247,14.446312198596997,0.39622641509433965,28.566037735849058,7.3584905660377355,-13,1629,8.594518454229247,14.446312198596997,0.39622641509433965,28.566037735849058,7.3584905660377355,-13
2025-05-18 12:32:18.818744,138,55601.181256,12.538333333333334,16,20,80,1,5.0,-7.299999999999997,4.200000000000003,-20.4,-8.899999999999999,-12.100000000000001,-0.6000000000000014,-26.200000000000003,-14.700000000000003,0.0,0.0,0.0,0.0,0.0,1,31.3,19.5,52795.07,21935.27,100,0,-11.5,4.200000000000003,-15.799999999999997,8.5,0,0.0,0.0,0.0,0.0,0,100,16.1,20.9,0,-13.200000000000003,5.900000000000006,-17.1,9.800000000000004,0,0.0,0.0,0.0,0.0,0,100,15.0,18.4,0,-4.389008442310876,-20,32,0.7071067811865476,2.8284271247461903,1.0,20.5,14.0,1,60,0.5,5.597618541248888,1.0,20.75,11.0,1,153,1.3703203194062976,4.5995168828427575,1.0,22.1,11.4,2,1645,10.468386825887668,15.045444239175017,0.3380281690140845,35.11267605633803,9.549295774647888,21,1645,10.468386825887668,15.045444239175017,0.3380281690140845,35.11267605633803,9.549295774647888,21
2025-05-18 12:35:12.902963,138,55427.097037,12.586666666666668,18,19,81,1,5.0,-7.299999999999997,4.200000000000003,-20.4,-8.899999999999999,-12.100000000000001,-0.6000000000000014,-26.200000000000003,-14.700000000000003,0.0,0.0,0.0,0.0,0.0,1,31.3,19.5,52795.07,21935.27,100,0,-11.5,4.200000000000003,-15.799999999999997,8.5,0,0.0,0.0,0.0,0.0,0,100,16.1,20.9,0,-13.200000000000003,5.900000000000006,-17.1,9.800000000000004,0,0.0,0.0,0.0,0.0,0,100,15.0,18.4,0,-3.400663900414937,-19,18,,,1.0,19.0,18.0,0,50,1.0,3.055050463303893,1.0,20.0,15.333333333333334,2,142,1.7873008824606014,5.174724898753341,1.0,21.77777777777778,11.444444444444445,5,1663,10.566430441221415,14.972274846679348,0.3472222222222222,34.888888888888886,9.666666666666666,22,1663,10.566430441221415,14.972274846679348,0.3472222222222222,34.888888888888886,9.666666666666666,22
2025-05-18 12:35:22.620344,138,55417.379656,12.589444444444444,2,10,90,1,-1.0,-1.2999999999999972,4.200000000000003,-14.399999999999999,-8.899999999999999,-6.100000000000001,-0.6000000000000014,-20.200000000000003,-14.700000000000003,0.0,0.0,0.0,0.0,0.0,1,31.3,19.5,52795.07,21935.27,100,0,-5.5,4.200000000000003,-9.799999999999997,8.5,0,0.0,0.0,0.0,0.0,0,100,16.1,20.9,0,-7.200000000000003,5.900000000000006,-11.100000000000001,9.800000000000004,0,0.0,0.0,0.0,0.0,0,100,15.0,18.4,0,-6.8935340022296545,-10,20,,,1.0,10.0,2.0,0,52,,,1.0,10.0,2.0,0,144,,,1.0,10.0,2.0,0,1665,5.197043318970822,19.833299986633296,0.21428571428571427,12.25,8.214285714285714,8,1665,5.197043318970822,19.833299986633296,0.21428571428571427,12.25,8.214285714285714,8
2025-05-18 12:36:50.552502,138,55329.447498,12.613888888888889,2,31,69,1,1.0,-3.299999999999997,4.200000000000003,-16.4,-8.899999999999999,-8.100000000000001,-0.6000000000000014,-22.200000000000003,-14.700000000000003,0.0,0.0,0.0,0.0,0.0,1,31.3,19.5,52795.07,21935.27,100,0,-7.5,4.200000000000003,-11.799999999999997,8.5,0,0.0,0.0,0.0,0.0,0,100,16.1,20.9,0,-9.200000000000003,5.900000000000006,-13.100000000000001,9.800000000000004,0,0.0,0.0,0.0,0.0,0,100,15.0,18.4,0,55.307736887858596,69,48,1.140175425099138,4.560701700396551,1.0,31.6,5.6,-1,64,1.140175425099138,4.560701700396551,1.0,31.6,5.6,-1,154,1.140175425099138,4.560701700396551,1.0,31.6,5.6,-1,1693,5.473176867654702,20.175400814594905,0.3448275862068966,25.79310344827586,9.241379310344827,-11,1693,5.473176867654702,20.175400814594905,0.3448275862068966,25.79310344827586,9.241379310344827,-11
2025-05-18 12:36:50.552502,138,55329.447498,12.613888888888889,3,30,70,1,1.0,-3.299999999999997,4.200000000000003,-16.4,-8.899999999999999,-8.100000000000001,-0.6000000000000014,-22.200000000000003,-14.700000000000003,0.0,0.0,0.0,0.0,0.0,1,31.3,19.5,52795.07,21935.27,100,0,-7.5,4.200000000000003,-11.799999999999997,8.5,0,0.0,0.0,0.0,0.0,0,100,16.1,20.9,0,-9.200000000000003,5.900000000000006,-13.100000000000001,9.800000000000004,0,0.0,0.0,0.0,0.0,0,100,15.0,18.4,0,56.31575134038545,70,48,1.140175425099138,4.560701700396551,1.0,31.6,5.6,-1,64,1.140175425099138,4.560701700396551,1.0,31.6,5.6,-1,154,1.140175425099138,4.560701700396551,1.0,31.6,5.6,-1,1693,5.473176867654702,20.175400814594905,0.3448275862068966,25.79310344827586,9.241379310344827,-11,1693,5.473176867654702,20.175400814594905,0.3448275862068966,25.79310344827586,9.241379310344827,-11
2025-05-18 12:36:50.552502,138,55329.447498,12.613888888888889,7,32,68,1,1.0,-3.299999999999997,4.200000000000003,-16.4,-8.899999999999999,-8.100000000000001,-0.6000000000000014,-22.200000000000003,-14.700000000000003,0.0,0.0,0.0,0.0,0.0,1,31.3,19.5,52795.07,21935.27,100,0,-7.5,4.200000000000003,-11.799999999999997,8.5,0,0.0,0.0,0.0,0.0,0,100,16.1,20.9,0,-9.200000000000003,5.900000000000006,-13.100000000000001,9.800000000000004,0,0.0,0.0,0.0,0.0,0,100,15.0,18.4,0,54.32799478223059,68,48,1.140175425099138,4.560701700396551,1.0,31.6,5.6,-1,64,1.140175425099138,4.560701700396551,1.0,31.6,5.6,-1,154,1.140175425099138,4.560701700396551,1.0,31.6,5.6,-1,1693,5.473176867654702,20.175400814594905,0.3448275862068966,25.79310344827586,9.241379310344827,-11,1693,5.473176867654702,20.175400814594905,0.3448275862068966,25.79310344827586,9.241379310344827,-11
2025-05-18 12:36:50.552502,138,55329.447498,12.613888888888889,13,33,67,1,1.0,-3.299999999999997,4.200000000000003,-16.4,-8.899999999999999,-8.100000000000001,-0.6000000000000014,-22.200000000000003,-14.700000000000003,0.0,0.0,0.0,0.0,0.0,1,31.3,19.5,52795.07,21935.27,100,0,-7.5,4.200000000000003,-11.799999999999997,8.5,0,0.0,0.0,0.0,0.0,0,100,16.1,20.9,0,-9.200000000000003,5.900000000000006,-13.100000000000001,9.800000000000004,0,0.0,0.0,0.0,0.0,0,100,15.0,18.4,0,53.35556844547564,67,48,1.140175425099138,4.560701700396551,1.0,31.6,5.6,-1,64,1.140175425099138,4.560701700396551,1.0,31.6,5.6,-1,154,1.140175425099138,4.560701700396551,1.0,31.6,5.6,-1,1693,5.473176867654702,20.175400814594905,0.3448275862068966,25.79310344827586,9.241379310344827,-11,1693,5.473176867654702,20.175400814594905,0.3448275862068966,25.79310344827586,9.241379310344827,-11
2025-05-18 12:36:50.552502,138,55329.447498,12.613888888888889,3,32,68,1,1.0,-3.299999999999997,4.200000000000003,-16.4,-8.899999999999999,-8.100000000000001,-0.6000000000000014,-22.200000000000003,-14.700000000000003,0.0,0.0,0.0,0.0,0.0,1,31.3,19.5,52795.07,21935.27,100,0,-7.5,4.200000000000003,-11.799999999999997,8.5,0,0.0,0.0,0.0,0.0,0,100,16.1,20.9,0,-9.200000000000003,5.900000000000006,-13.100000000000001,9.800000000000004,0,0.0,0.0,0.0,0.0,0,100,15.0,18.4,0,54.40590754046012,68,48,1.140175425099138,4.560701700396551,1.0,31.6,5.6,-1,64,1.140175425099138,4.560701700396551,1.0,31.6,5.6,-1,154,1.140175425099138,4.560701700396551,1.0,31.6,5.6,-1,1693,5.473176867654702,20.175400814594905,0.3448275862068966,25.79310344827586,9.241379310344827,-11,1693,5.473176867654702,20.175400814594905,0.3448275862068966,25.79310344827586,9.241379310344827,-11
2025-05-18 12:37:47.726068,138,55272.273932,12.629722222222222,20,17,83,0,5.0,-7.299999999999997,4.200000000000003,-20.4,-8.899999999999999,-12.100000000000001,-0.6000000000000014,-26.200000000000003,-14.700000000000003,0.0,0.0,0.0,0.0,0.0,1,31.3,19.5,52795.07,21935.27,100,0,-11.5,4.200000000000003,-15.799999999999997,8.5,0,0.0,0.0,0.0,0.0,0,100,16.1,20.9,0,-13.200000000000003,5.900000000000006,-17.1,9.800000000000004,0,0.0,0.0,0.0,0.0,0,100,15.0,18.4,0,-1.4108540036623936,17,100,0.9574271077563381,5.41602560309064,0.0,16.75,18.0,1,120,1.3038404810405297,4.69041575982343,0.2,17.2,18.0,3,197,2.394437999475729,5.758086101783782,0.6,19.2,14.6,7,1765,11.061447194426584,14.72737038973663,0.32894736842105265,33.93421052631579,10.105263157894736,25,1765,11.061447194426584,14.72737038973663,0.32894736842105265,33.93421052631579,10.105263157894736,25
2025-05-18 12:37:47.726068,138,55272.273932,12.629722222222222,10,16,84,0,5.0,-7.299999999999997,4.200000000000003,-20.4,-8.899999999999999,-12.100000000000001,-0.6000000000000014,-26.200000000000003,-14.700000000000003,0.0,0.0,0.0,0.0,0.0,1,31.3,19.5,52795.07,21935.27,100,0,-11.5,4.200000000000003,-15.799999999999997,8.5,0,0.0,0.0,0.0,0.0,0,100,16.1,20.9,0,-13.200000000000003,5.900000000000006,-17.1,9.800000000000004,0,0.0,0.0,0.0,0.0,0,100,15.0,18.4,0,-0.4155670619675931,16,100,0.9574271077563381,5.41602560309064,0.0,16.75,18.0,1,120,1.3038404810405297,4.69041575982343,0.2,17.2,18.0,3,197,2.394437999475729,5.758086101783782,0.6,19.2,14.6,7,1765,11.061447194426584,14.72737038973663,0.32894736842105265,33.93421052631579,10.105263157894736,25,1765,11.061447194426584,14.72737038973663,0.32894736842105265,33.93421052631579,10.105263157894736,25
2025-05-18 12:37:47.726068,138,55272.273932,12.629722222222222,20,18,82,0,5.0,-7.299999999999997,4.200000000000003,-20.4,-8.899999999999999,-12.100000000000001,-0.6000000000000014,-26.200000000000003,-14.700000000000003,0.0,0.0,0.0,0.0,0.0,1,31.3,19.5,52795.07,21935.27,100,0,-11.5,4.200000000000003,-15.799999999999997,8.5,0,0.0,0.0,0.0,0.0,0,100,16.1,20.9,0,-13.200000000000003,5.900000000000006,-17.1,9.800000000000004,0,0.0,0.0,0.0,0.0,0,100,15.0,18.4,0,-2.4162623389660354,18,100,0.9574271077563381,5.41602560309064,0.0,16.75,18.0,1,120,1.3038404810405297,4.69041575982343,0.2,17.2,18.0,3,197,2.394437999475729,5.758086101783782,0.6,19.2,14.6,7,1765,11.061447194426584,14.72737038973663,0.32894736842105265,33.93421052631579,10.105263157894736,25,1765,11.061447194426584,14.72737038973663,0.32894736842105265,33.93421052631579,10.105263157894736,25
2025-05-18 12:37:47.726068,138,55272.273932,12.629722222222222,22,16,84,0,5.0,-7.299999999999997,4.200000000000003,-20.4,-8.899999999999999,-12.100000000000001,-0.6000000000000014,-26.200000000000003,-14.700000000000003,0.0,0.0,0.0,0.0,0.0,1,31.3,19.5,52795.07,21935.27,100,0,-11.5,4.200000000000003,-15.799999999999997,8.5,0,0.0,0.0,0.0,0.0,0,100,16.1,20.9,0,-13.200000000000003,5.900000000000006,-17.1,9.800000000000004,0,0.0,0.0,0.0,0.0,0,100,15.0,18.4,0,-0.4243746852442456,16,100,0.9574271077563381,5.41602560309064,0.0,16.75,18.0,1,120,1.3038404810405297,4.69041575982343,0.2,17.2,18.0,3,197,2.394437999475729,5.758086101783782,0.6,19.2,14.6,7,1765,11.061447194426584,14.72737038973663,0.32894736842105265,33.93421052631579,10.105263157894736,25,1765,11.061447194426584,14.72737038973663,0.32894736842105265,33.93421052631579,10.105263157894736,25
2025-05-18 12:38:18.147623,138,55241.852377,12.638333333333334,4,16,84,0,5.0,-7.299999999999997,4.200000000000003,-20.4,-8.899999999999999,-12.100000000000001,-0.6000000000000014,-26.200000000000003,-14.700000000000003,0.0,0.0,0.0,0.0,0.0,1,31.3,19.5,52795.07,21935.27,100,0,-11.5,4.200000000000003,-15.799999999999997,8.5,0,0.0,0.0,0.0,0.0,0,100,16.1,20.9,0,-13.200000000000003,5.900000000000006,-17.1,9.800000000000004,0,0.0,0.0,0.0,0.0,0,100,15.0,18.4,0,-0.42594776748104834,16,104,0.8944271909999159,7.8230428862431785,0.0,16.6,15.2,1,124,1.2649110640673518,7.0898989179442236,0.16666666666666666,17.0,15.666666666666666,3,196,2.467976720090587,6.32886604808045,0.5454545454545454,18.90909090909091,13.636363636363637,7,1769,11.176885140730276,14.646693560748597,0.3246753246753247,33.701298701298704,10.025974025974026,25,1769,11.176885140730276,14.646693560748597,0.3246753246753247,33.701298701298704,10.025974025974026,25
2025-05-18 12:41:04.844976,138,55075.155024,12.684444444444445,3,9,91,1,-1.0,-1.2999999999999972,4.200000000000003,-14.399999999999999,-8.899999999999999,-6.100000000000001,-0.6000000000000014,-20.200000000000003,-14.700000000000003,0.0,0.0,0.0,0.0,0.0,1,31.3,19.5,52795.07,21935.27,100,0,-5.5,4.200000000000003,-9.799999999999997,8.5,0,0.0,0.0,0.0,0.0,0,100,16.1,20.9,0,-7.200000000000003,5.900000000000006,-11.100000000000001,9.800000000000004,0,0.0,0.0,0.0,0.0,0,100,15.0,18.4,0,-5.89507136485281,-9,3,,,1.0,9.0,3.0,0,107,,,1.0,9.0,3.0,0,187,0.7071067811865476,0.7071067811865476,1.0,9.5,2.5,1,1772,5.138955827312966,19.499968422356652,0.2413793103448276,12.137931034482758,8.03448275862069,9,1772,5.138955827312966,19.499968422356652,0.2413793103448276,12.137931034482758,8.03448275862069,9
2025-05-18 12:41:05.050233,138,55074.949767,12.684722222222222,2,8,92,1,-1.0,-1.2999999999999972,4.200000000000003,-14.399999999999999,-8.899999999999999,-6.100000000000001,-0.6000000000000014,-20.200000000000003,-14.700000000000003,0.0,0.0,0.0,0.0,0.0,1,31.3,19.5,52795.07,21935.27,100,0,-5.5,4.200000000000003,-9.799999999999997,8.5,0,0.0,0.0,0.0,0.0,0,100,16.1,20.9,0,-7.200000000000003,5.900000000000006,-11.100000000000001,9.800000000000004,0,0.0,0.0,0.0,0.0,0,100,15.0,18.4,0,-4.897044060234244,-8,5,0.7071067811865476,0.7071067811865476,1.0,8.5,2.5,1,109,0.7071067811865476,0.7071067811865476,1.0,8.5,2.5,1,189,1.0,0.5773502691896258,1.0,9.0,2.3333333333333335,2,1774,5.105777660380579,19.192461403182335,0.26666666666666666,12.0,7.833333333333333,10,1774,5.105777660380579,19.192461403182335,0.26666666666666666,12.0,7.833333333333333,10
2025-05-18 12:41:05.695095,138,55074.304905,12.684722222222222,34,16,84,1,5.0,-7.299999999999997,4.200000000000003,-20.4,-8.899999999999999,-12.100000000000001,-0.6000000000000014,-26.200000000000003,-14.700000000000003,0.0,0.0,0.0,0.0,0.0,1,31.3,19.5,52795.07,21935.27,100,0,-11.5,4.200000000000003,-15.799999999999997,8.5,0,0.0,0.0,0.0,0.0,0,100,16.1,20.9,0,-13.200000000000003,5.900000000000006,-17.1,9.800000000000004,0,0.0,0.0,0.0,0.0,0,100,15.0,18.4,0,-0.4262350362502101,-16,43,0.0,21.213203435596427,1.0,16.0,19.0,0,147,0.7867957924694431,10.919619738713214,0.2857142857142857,16.428571428571427,16.285714285714285,1,227,2.1933093855190746,9.008413575736583,0.5833333333333334,18.083333333333332,14.666666666666666,5,1812,11.382024012732535,14.724363513674549,0.34177215189873417,33.25316455696203,10.253164556962025,25,1812,11.382024012732535,14.724363513674549,0.34177215189873417,33.25316455696203,10.253164556962025,25
2025-05-18 12:41:05.695095,138,55074.304905,12.684722222222222,4,16,84,1,5.0,-7.299999999999997,4.200000000000003,-20.4,-8.899999999999999,-12.100000000000001,-0.6000000000000014,-26.200000000000003,-14.700000000000003,0.0,0.0,0.0,0.0,0.0,1,31.3,19.5,52795.07,21935.27,100,0,-11.5,4.200000000000003,-15.799999999999997,8.5,0,0.0,0.0,0.0,0.0,0,100,16.1,20.9,0,-13.200000000000003,5.900000000000006,-17.1,9.800000000000004,0,0.0,0.0,0.0,0.0,0,100,15.0,18.4,0,-0.42869255553671337,-16,43,0.0,21.213203435596427,1.0,16.0,19.0,0,147,0.7867957924694431,10.919619738713214,0.2857142857142857,16.428571428571427,16.285714285714285,1,227,2.1933093855190746,9.008413575736583,0.5833333333333334,18.083333333333332,14.666666666666666,5,1812,11.382024012732535,14.724363513674549,0.34177215189873417,33.25316455696203,10.253164556962025,25,1812,11.382024012732535,14.724363513674549,0.34177215189873417,33.25316455696203,10.253164556962025,25
2025-05-18 12:41:05.696143,138,55074.303857,12.684722222222222,3,33,67,1,1.0,-3.299999999999997,4.200000000000003,-16.4,-8.899999999999999,-8.100000000000001,-0.6000000000000014,-22.200000000000003,-14.700000000000003,0.0,0.0,0.0,0.0,0.0,1,31.3,19.5,52795.07,21935.27,100,0,-7.5,4.200000000000003,-11.799999999999997,8.5,0,0.0,0.0,0.0,0.0,0,100,16.1,20.9,0,-9.200000000000003,5.900000000000006,-13.100000000000001,9.800000000000004,0,0.0,0.0,0.0,0.0,0,100,15.0,18.4,0,53.417755516840884,67,46,,,1.0,33.0,3.0,0,150,1.1690451944500122,4.215052391924289,1.0,31.833333333333332,5.166666666666667,-2,230,1.1690451944500122,4.215052391924289,1.0,31.833333333333332,5.166666666666667,-2,1815,5.536607534267328,19.85722023351453,0.36666666666666664,26.033333333333335,9.033333333333333,-12,1815,5.536607534267328,19.85722023351453,0.36666666666666664,26.033333333333335,9.033333333333333,-12
2025-05-18 12:41:05.743578,138,55074.256422,12.684722222222222,25,8,92,1,-1.0,-1.2999999999999972,4.200000000000003,-14.399999999999999,-8.899999999999999,-6.100000000000001,-0.6000000000000014,-20.200000000000003,-14.700000000000003,0.0,0.0,0.0,0.0,0.0,1,31.3,19.5,52795.07,21935.27,100,0,-5.5,4.200000000000003,-9.799999999999997,8.5,0,0.0,0.0,0.0,0.0,0,100,16.1,20.9,0,-7.200000000000003,5.900000000000006,-11.100000000000001,9.800000000000004,0,0.0,0.0,0.0,0.0,0,100,15.0,18.4,0,-4.898136784558742,-8,84,0.5,10.719919153924002,1.0,8.25,10.75,1,188,0.5,10.719919153924002,1.0,8.25,10.75,1,268,0.8944271909999159,10.074720839804943,1.0,8.6,9.0,2,1853,5.0353588461675125,18.826858602504817,0.3125,11.75,8.53125,10,1853,5.0353588461675125,18.826858602504817,0.3125,11.75,8.53125,10
2025-05-18 12:41:05.743578,138,55074.256422,12.684722222222222,13,8,92,1,-1.0,-1.2999999999999972,4.200000000000003,-14.399999999999999,-8.899999999999999,-6.100000000000001,-0.6000000000000014,-20.200000000000003,-14.700000000000003,0.0,0.0,0.0,0.0,0.0,1,31.3,19.5,52795.07,21935.27,100,0,-5.5,4.200000000000003,-9.799999999999997,8.5,0,0.0,0.0,0.0,0.0,0,100,16.1,20.9,0,-7.200000000000003,5.900000000000006,-11.100000000000001,9.800000000000004,0,0.0,0.0,0.0,0.0,0,100,15.0,18.4,0,-4.911837100022376,-8,84,0.5,10.719919153924002,1.0,8.25,10.75,1,188,0.5,10.719919153924002,1.0,8.25,10.75,1,268,0.8944271909999159,10.074720839804943,1.0,8.6,9.0,2,1853,5.0353588461675125,18.826858602504817,0.3125,11.75,8.53125,10,1853,5.0353588461675125,18.826858602504817,0.3125,11.75,8.53125,10
2025-05-18 12:41:05.756002,138,55074.243998,12.684722222222222,3,32,68,1,3.0,-5.299999999999997,4.200000000000003,-18.4,-8.899999999999999,-10.100000000000001,-0.6000000000000014,-24.200000000000003,-14.700000000000003,0.0,0.0,0.0,0.0,0.0,1,31.3,19.5,52795.07,21935.27,100,0,-9.5,4.200000000000003,-13.799999999999997,8.5,0,0.0,0.0,0.0,0.0,0,100,16.1,20.9,0,-11.200000000000003,5.900000000000006,-15.100000000000001,9.800000000000004,0,0.0,0.0,0.0,0.0,0,100,15.0,18.4,0,-12.340620782726045,-32,87,,,1.0,32.0,3.0,0,191,,,1.0,32.0,3.0,0,271,1.140175425099138,0.4472135954999579,0.4,32.4,3.8,2,1856,8.525868065794352,14.32166411046851,0.4074074074074074,28.62962962962963,7.277777777777778,-14,1856,8.525868065794352,14.32166411046851,0.4074074074074074,28.62962962962963,7.277777777777778,-14
2025-05-18 12:41:05.761296,138,55074.238704,12.684722222222222,1,5,95,1,-3.0,0.7000000000000028,4.200000000000003,-12.399999999999999,-8.899999999999999,-4.100000000000001,-0.6000000000000014,-18.200000000000003,-14.700000000000003,0.0,0.0,0.0,0.0,0.0,1,31.3,19.5,52795.07,21935.27,100,0,-3.5,4.200000000000003,-7.799999999999997,8.5,0,0.0,0.0,0.0,0.0,0,100,16.1,20.9,0,-5.200000000000003,5.900000000000006,-9.100000000000001,9.800000000000004,0,0.0,0.0,0.0,0.0,0,100,15.0,18.4,0,-2.879353233830846,-5,88,,,1.0,5.0,1.0,0,192,,,1.0,5.0,1.0,0,272,,,1.0,5.0,1.0,0,1857,1.130388330520878,33.666666666666664,0.5555555555555556,4.555555555555555,12.222222222222221,-2,1857,1.130388330520878,33.666666666666664,0.5555555555555556,4.555555555555555,12.222222222222221,-2
2025-05-18 12:47:56.779502,138,54663.220498,12.79888888888889,7,16,84,0,5.0,-7.299999999999997,4.200000000000003,-20.4,-8.899999999999999,-12.100000000000001,-0.6000000000000014,-26.200000000000003,-14.700000000000003,0.0,0.0,0.0,0.0,0.0,1,31.3,19.5,52795.07,21935.27,100,0,-11.5,4.200000000000003,-15.799999999999997,8.5,0,0.0,0.0,0.0,0.0,0,100,16.1,20.9,0,-13.200000000000003,5.900000000000006,-17.1,9.800000000000004,0,0.0,0.0,0.0,0.0,0,100,15.0,18.4,0,-0.42898353979298065,16,7,,,0.0,16.0,7.0,0,7,,,0.0,16.0,7.0,0,219,1.118033988749895,9.988882709181132,0.3333333333333333,16.666666666666668,15.444444444444445,3,1864,11.473076629299229,14.635394715586344,0.3375,33.0375,10.2125,25,1864,11.473076629299229,14.635394715586344,0.3375,33.0375,10.2125,25
2025-05-18 12:48:27.076582,138,54632.923418,12.807500000000001,39,9,91,1,-1.0,-1.2999999999999972,4.200000000000003,-14.399999999999999,-8.899999999999999,-6.100000000000001,-0.6000000000000014,-20.200000000000003,-14.700000000000003,0.0,0.0,0.0,0.0,0.0,1,31.3,19.5,52795.07,21935.27,100,0,-5.5,4.200000000000003,-9.799999999999997,8.5,0,0.0,0.0,0.0,0.0,0,100,16.1,20.9,0,-7.200000000000003,5.900000000000006,-11.100000000000001,9.800000000000004,0,0.0,0.0,0.0,0.0,0,100,15.0,18.4,0,-5.918991596638655,-9,46,,,1.0,9.0,39.0,0,46,,,1.0,9.0,39.0,0,258,0.816496580927726,15.20526224699857,1.0,8.666666666666666,14.0,1,1903,4.979123082096551,19.274482660195627,0.3333333333333333,11.666666666666666,9.454545454545455,9,1903,4.979123082096551,19.274482660195627,0.3333333333333333,11.666666666666666,9.454545454545455,9
2025-05-18 12:48:34.713981,138,54625.286019,12.809444444444445,65,15,85,0,5.0,-7.299999999999997,4.200000000000003,-20.4,-8.899999999999999,-12.100000000000001,-0.6000000000000014,-26.200000000000003,-14.700000000000003,0.0,0.0,0.0,0.0,0.0,1,31.3,19.5,52795.07,21935.27,100,0,-11.5,4.200000000000003,-15.799999999999997,8.5,0,0.0,0.0,0.0,0.0,0,100,16.1,20.9,0,-13.200000000000003,5.900000000000006,-17.1,9.800000000000004,0,0.0,0.0,0.0,0.0,0,100,15.0,18.4,0,0.5705062861026136,15,111,0.7071067811865476,41.012193308819754,0.0,15.5,36.0,1,111,0.7071067811865476,41.012193308819754,0.0,15.5,36.0,1,323,1.1785113019775793,18.282961102257662,0.3,16.5,20.4,4,1968,11.575956883894213,15.766261446519275,0.3333333333333333,32.81481481481482,10.88888888888889,26,1968,11.575956883894213,15.766261446519275,0.3333333333333333,32.81481481481482,10.88888888888889,26
2025-05-18 12:48:36.914458,138,54623.085542,12.81,33,15,85,0,5.0,-7.299999999999997,4.200000000000003,-20.4,-8.899999999999999,-12.100000000000001,-0.6000000000000014,-26.200000000000003,-14.700000000000003,0.0,0.0,0.0,0.0,0.0,1,31.3,19.5,52795.07,21935.27,100,0,-11.5,4.200000000000003,-15.799999999999997,8.5,0,0.0,0.0,0.0,0.0,0,100,16.1,20.9,0,-13.200000000000003,5.900000000000006,-17.1,9.800000000000004,0,0.0,0.0,0.0,0.0,0,100,15.0,18.4,0,0.576876825287755,15,144,0.5773502691896257,29.0516780926679,0.0,15.333333333333334,35.0,1,144,0.5773502691896257,29.0516780926679,0.0,15.333333333333334,35.0,1,356,1.2060453783110545,17.75592090748118,0.2727272727272727,16.363636363636363,21.545454545454547,4,2001,11.67127925335592,15.857754665057836,0.32926829268292684,32.59756097560975,11.158536585365853,26,2001,11.67127925335592,15.857754665057836,0.32926829268292684,32.59756097560975,11.158536585365853,26
2025-05-18 12:49:13.610395,138,54586.389605,12.820277777777777,3,31,69,0,3.0,-5.299999999999997,4.200000000000003,-18.4,-8.899999999999999,-10.100000000000001,-0.6000000000000014,-24.200000000000003,-14.700000000000003,0.0,0.0,0.0,0.0,0.0,1,31.3,19.5,52795.07,21935.27,100,0,-9.5,4.200000000000003,-13.799999999999997,8.5,0,0.0,0.0,0.0,0.0,0,100,16.1,20.9,0,-11.200000000000003,5.900000000000006,-15.100000000000001,9.800000000000004,0,0.0,0.0,0.0,0.0,0,100,15.0,18.4,0,-11.350621285791462,31,147,,,0.0,31.0,3.0,0,147,,,0.0,31.0,3.0,0,359,0.7071067811865476,0.0,0.5,31.5,3.0,1,2004,8.45260105804507,14.200156493660357,0.4,28.672727272727272,7.2,-13,2004,8.45260105804507,14.200156493660357,0.4,28.672727272727272,7.2,-13
2025-05-18 12:49:32.957338,138,54567.042662,12.825555555555555,5,30,70,0,3.0,-5.299999999999997,4.200000000000003,-18.4,-8.899999999999999,-10.100000000000001,-0.6000000000000014,-24.200000000000003,-14.700000000000003,0.0,0.0,0.0,0.0,0.0,1,31.3,19.5,52795.07,21935.27,100,0,-9.5,4.200000000000003,-13.799999999999997,8.5,0,0.0,0.0,0.0,0.0,0,100,16.1,20.9,0,-11.200000000000003,5.900000000000006,-15.100000000000001,9.800000000000004,0,0.0,0.0,0.0,0.0,0,100,15.0,18.4,0,-10.359826980264941,30,152,0.7071067811865476,1.4142135623730951,0.0,30.5,4.0,1,152,0.7071067811865476,1.4142135623730951,0.0,30.5,4.0,1,364,1.0,1.1547005383792515,0.3333333333333333,31.0,3.6666666666666665,2,2009,8.377284530436823,14.073542922434648,0.39285714285714285,28.696428571428573,7.160714285714286,-12,2009,8.377284530436823,14.073542922434648,0.39285714285714285,28.696428571428573,7.160714285714286,-12
2025-05-18 12:49:42.060543,138,54557.939457,12.828333333333333,3,29,71,0,3.0,-5.299999999999997,4.200000000000003,-18.4,-8.899999999999999,-10.100000000000001,-0.6000000000000014,-24.200000000000003,-14.700000000000003,0.0,0.0,0.0,0.0,0.0,1,31.3,19.5,52795.07,21935.27,100,0,-9.5,4.200000000000003,-13.799999999999997,8.5,0,0.0,0.0,0.0,0.0,0,100,16.1,20.9,0,-11.200000000000003,5.900000000000006,-15.100000000000001,9.800000000000004,0,0.0,0.0,0.0,0.0,0,100,15.0,18.4,0,-9.373849485652414,29,155,1.0,1.1547005383792515,0.0,30.0,3.6666666666666665,2,155,1.0,1.1547005383792515,0.0,30.0,3.6666666666666665,2,367,1.2909944487358056,1.0,0.25,30.5,3.5,3,2012,8.302247785734858,13.958203811167294,0.38596491228070173,28.70175438596491,7.087719298245614,-11,2012,8.302247785734858,13.958203811167294,0.38596491228070173,28.70175438596491,7.087719298245614,-11
2025-05-18 12:53:19.198835,138,54340.801165,12.88861111111111,21,18,82,1,5.0,-7.299999999999997,4.200000000000003,-20.4,-8.899999999999999,-12.100000000000001,-0.6000000000000014,-26.200000000000003,-14.700000000000003,0.0,0.0,0.0,0.0,0.0,1,31.3,19.5,52795.07,21935.27,100,0,-11.5,4.200000000000003,-15.799999999999997,8.5,0,0.0,0.0,0.0,0.0,0,100,16.1,20.9,0,-13.200000000000003,5.900000000000006,-17.1,9.800000000000004,0,0.0,0.0,0.0,0.0,0,100,15.0,18.4,0,-2.419834139599171,-18,58,0.816496580927726,9.327379053088816,1.0,18.0,14.5,0,206,1.6733200530681511,21.72556098240043,0.6666666666666666,17.0,26.0,-3,301,1.4142135623730951,19.836834424877374,0.6666666666666666,16.666666666666668,22.333333333333332,-2,2070,11.806493842526883,15.595068321451894,0.36046511627906974,31.91860465116279,11.313953488372093,23,2070,11.806493842526883,15.595068321451894,0.36046511627906974,31.91860465116279,11.313953488372093,23
2025-05-18 12:53:19.198835,138,54340.801165,12.88861111111111,24,17,83,1,5.0,-7.299999999999997,4.200000000000003,-20.4,-8.899999999999999,-12.100000000000001,-0.6000000000000014,-26.200000000000003,-14.700000000000003,0.0,0.0,0.0,0.0,0.0,1,31.3,19.5,52795.07,21935.27,100,0,-11.5,4.200000000000003,-15.799999999999997,8.5,0,0.0,0.0,0.0,0.0,0,100,16.1,20.9,0,-13.200000000000003,5.900000000000006,-17.1,9.800000000000004,0,0.0,0.0,0.0,0.0,0,100,15.0,18.4,0,-1.4286457430206347,-17,58,0.816496580927726,9.327379053088816,1.0,18.0,14.5,0,206,1.6733200530681511,21.72556098240043,0.6666666666666666,17.0,26.0,-3,301,1.4142135623730951,19.836834424877374,0.6666666666666666,16.666666666666668,22.333333333333332,-2,2070,11.806493842526883,15.595068321451894,0.36046511627906974,31.91860465116279,11.313953488372093,23,2070,11.806493842526883,15.595068321451894,0.36046511627906974,31.91860465116279,11.313953488372093,23
2025-05-18 12:53:19.198835,138,54340.801165,12.88861111111111,6,19,81,1,5.0,-7.299999999999997,4.200000000000003,-20.4,-8.899999999999999,-12.100000000000001,-0.6000000000000014,-26.200000000000003,-14.700000000000003,0.0,0.0,0.0,0.0,0.0,1,31.3,19.5,52795.07,21935.27,100,0,-11.5,4.200000000000003,-15.799999999999997,8.5,0,0.0,0.0,0.0,0.0,0,100,16.1,20.9,0,-13.200000000000003,5.900000000000006,-17.1,9.800000000000004,0,0.0,0.0,0.0,0.0,0,100,15.0,18.4,0,-3.434616054327007,-19,58,0.816496580927726,9.327379053088816,1.0,18.0,14.5,0,206,1.6733200530681511,21.72556098240043,0.6666666666666666,17.0,26.0,-3,301,1.4142135623730951,19.836834424877374,0.6666666666666666,16.666666666666668,22.333333333333332,-2,2070,11.806493842526883,15.595068321451894,0.36046511627906974,31.91860465116279,11.313953488372093,23,2070,11.806493842526883,15.595068321451894,0.36046511627906974,31.91860465116279,11.313953488372093,23
2025-05-18 12:53:19.198835,138,54340.801165,12.88861111111111,7,18,82,1,5.0,-7.299999999999997,4.200000000000003,-20.4,-8.899999999999999,-12.100000000000001,-0.6000000000000014,-26.200000000000003,-14.700000000000003,0.0,0.0,0.0,0.0,0.0,1,31.3,19.5,52795.07,21935.27,100,0,-11.5,4.200000000000003,-15.799999999999997,8.5,0,0.0,0.0,0.0,0.0,0,100,16.1,20.9,0,-13.200000000000003,5.900000000000006,-17.1,9.800000000000004,0,0.0,0.0,0.0,0.0,0,100,15.0,18.4,0,-2.4382081227122185,-18,58,0.816496580927726,9.327379053088816,1.0,18.0,14.5,0,206,1.6733200530681511,21.72556098240043,0.6666666666666666,17.0,26.0,-3,301,1.4142135623730951,19.836834424877374,0.6666666666666666,16.666666666666668,22.333333333333332,-2,2070,11.806493842526883,15.595068321451894,0.36046511627906974,31.91860465116279,11.313953488372093,23,2070,11.806493842526883,15.595068321451894,0.36046511627906974,31.91860465116279,11.313953488372093,23
2025-05-18 12:54:07.067201,138,54292.932799,12.901944444444444,2,27,73,0,1.0,-3.299999999999997,4.200000000000003,-16.4,-8.899999999999999,-8.100000000000001,-0.6000000000000014,-22.200000000000003,-14.700000000000003,0.0,0.0,0.0,0.0,0.0,1,31.3,19.5,52795.07,21935.27,100,0,-7.5,4.200000000000003,-11.799999999999997,8.5,0,0.0,0.0,0.0,0.0,0,100,16.1,20.9,0,-9.200000000000003,5.900000000000006,-13.100000000000001,9.800000000000004,0,0.0,0.0,0.0,0.0,0,100,15.0,18.4,0,59.429390837145135,-73,87,3.454836817549772,1.0127393670836666,0.0,26.46153846153846,2.230769230769231,5,98,3.454836817549772,1.0127393670836666,0.0,26.46153846153846,2.230769230769231,5,330,3.751190287285967,0.9944903161976936,0.07142857142857142,26.928571428571427,2.2857142857142856,11,2099,4.961423723077017,16.809136365017775,0.2558139534883721,26.162790697674417,6.976744186046512,-1,2099,4.961423723077017,16.809136365017775,0.2558139534883721,26.162790697674417,6.976744186046512,-1
2025-05-18 12:54:07.067201,138,54292.932799,12.901944444444444,1,23,77,0,1.0,-3.299999999999997,4.200000000000003,-16.4,-8.899999999999999,-8.100000000000001,-0.6000000000000014,-22.200000000000003,-14.700000000000003,0.0,0.0,0.0,0.0,0.0,1,31.3,19.5,52795.07,21935.27,100,0,-7.5,4.200000000000003,-11.799999999999997,8.5,0,0.0,0.0,0.0,0.0,0,100,16.1,20.9,0,-9.200000000000003,5.900000000000006,-13.100000000000001,9.800000000000004,0,0.0,0.0,0.0,0.0,0,100,15.0,18.4,0,63.43802193014305,-77,87,3.454836817549772,1.0127393670836666,0.0,26.46153846153846,2.230769230769231,5,98,3.454836817549772,1.0127393670836666,0.0,26.46153846153846,2.230769230769231,5,330,3.751190287285967,0.9944903161976936,0.07142857142857142,26.928571428571427,2.2857142857142856,11,2099,4.961423723077017,16.809136365017775,0.2558139534883721,26.162790697674417,6.976744186046512,-1,2099,4.961423723077017,16.809136365017775,0.2558139534883721,26.162790697674417,6.976744186046512,-1
2025-05-18 12:54:07.067201,138,54292.932799,12.901944444444444,3,31,69,0,1.0,-3.299999999999997,4.200000000000003,-16.4,-8.899999999999999,-8.100000000000001,-0.6000000000000014,-22.200000000000003,-14.700000000000003,0.0,0.0,0.0,0.0,0.0,1,31.3,19.5,52795.07,21935.27,100,0,-7.5,4.200000000000003,-11.799999999999997,8.5,0,0.0,0.0,0.0,0.0,0,100,16.1,20.9,0,-9.200000000000003,5.900000000000006,-13.100000000000001,9.800000000000004,0,0.0,0.0,0.0,0.0,0,100,15.0,18.4,0,55.44262890341322,-69,87,3.454836817549772,1.0127393670836666,0.0,26.46153846153846,2.230769230769231,5,98,3.454836817549772,1.0127393670836666,0.0,26.46153846153846,2.230769230769231,5,330,3.751190287285967,0.9944903161976936,0.07142857142857142,26.928571428571427,2.2857142857142856,11,2099,4.961423723077017,16.809136365017775,0.2558139534883721,26.162790697674417,6.976744186046512,-1,2099,4.961423723077017,16.809136365017775,0.2558139534883721,26.162790697674417,6.976744186046512,-1
2025-05-18 12:54:07.067201,138,54292.932799,12.901944444444444,2,29,71,0,1.0,-3.299999999999997,4.200000000000003,-16.4,-8.899999999999999,-8.100000000000001,-0.6000000000000014,-22.200000000000003,-14.700000000000003,0.0,0.0,0.0,0.0,0.0,1,31.3,19.5,52795.07,21935.27,100,0,-7.5,4.200000000000003,-11.799999999999997,8.5,0,0.0,0.0,0.0,0.0,0,100,16.1,20.9,0,-9.200000000000003,5.900000000000006,-13.100000000000001,9.800000000000004,0,0.0,0.0,0.0,0.0,0,100,15.0,18.4,0,57.45471053969638,-71,87,3.454836817549772,1.0127393670836666,0.0,26.46153846153846,2.230769230769231,5,98,3.454836817549772,1.0127393670836666,0.0,26.46153846153846,2.230769230769231,5,330,3.751190287285967,0.9944903161976936,0.07142857142857142,26.928571428571427,2.2857142857142856,11,2099,4.961423723077017,16.809136365017775,0.2558139534883721,26.162790697674417,6.976744186046512,-1,2099,4.961423723077017,16.809136365017775,0.2558139534883721,26.162790697674417,6.976744186046512,-1
2025-05-18 12:54:07.067201,138,54292.932799,12.901944444444444,1,21,79,0,1.0,-3.299999999999997,4.200000000000003,-16.4,-8.899999999999999,-8.100000000000001,-0.6000000000000014,-22.200000000000003,-14.700000000000003,0.0,0.0,0.0,0.0,0.0,1,31.3,19.5,52795.07,21935.27,100,0,-7.5,4.200000000000003,-11.799999999999997,8.5,0,0.0,0.0,0.0,0.0,0,100,16.1,20.9,0,-9.200000000000003,5.900000000000006,-13.100000000000001,9.800000000000004,0,0.0,0.0,0.0,0.0,0,100,15.0,18.4,0,65.46305848165638,-79,87,3.454836817549772,1.0127393670836666,0.0,26.46153846153846,2.230769230769231,5,98,3.454836817549772,1.0127393670836666,0.0,26.46153846153846,2.230769230769231,5,330,3.751190287285967,0.9944903161976936,0.07142857142857142,26.928571428571427,2.2857142857142856,11,2099,4.961423723077017,16.809136365017775,0.2558139534883721,26.162790697674417,6.976744186046512,-1,2099,4.961423723077017,16.809136365017775,0.2558139534883721,26.162790697674417,6.976744186046512,-1
2025-05-18 12:54:07.067201,138,54292.932799,12.901944444444444,2,26,74,0,1.0,-3.299999999999997,4.200000000000003,-16.4,-8.899999999999999,-8.100000000000001,-0.6000000000000014,-22.200000000000003,-14.700000000000003,0.0,0.0,0.0,0.0,0.0,1,31.3,19.5,52795.07,21935.27,100,0,-7.5,4.200000000000003,-11.799999999999997,8.5,0,0.0,0.0,0.0,0.0,0,100,16.1,20.9,0,-9.200000000000003,5.900000000000006,-13.100000000000001,9.800000000000004,0,0.0,0.0,0.0,0.0,0,100,15.0,18.4,0,60.46781458878233,-74,87,3.454836817549772,1.0127393670836666,0.0,26.46153846153846,2.230769230769231,5,98,3.454836817549772,1.0127393670836666,0.0,26.46153846153846,2.230769230769231,5,330,3.751190287285967,0.9944903161976936,0.07142857142857142,26.928571428571427,2.2857142857142856,11,2099,4.961423723077017,16.809136365017775,0.2558139534883721,26.162790697674417,6.976744186046512,-1,2099,4.961423723077017,16.809136365017775,0.2558139534883721,26.162790697674417,6.976744186046512,-1
2025-05-18 12:54:07.067201,138,54292.932799,12.901944444444444,2,25,75,0,1.0,-3.299999999999997,4.200000000000003,-16.4,-8.899999999999999,-8.100000000000001,-0.6000000000000014,-22.200000000000003,-14.700000000000003,0.0,0.0,0.0,0.0,0.0,1,31.3,19.5,52795.07,21935.27,100,0,-7.5,4.200000000000003,-11.799999999999997,8.5,0,0.0,0.0,0.0,0.0,0,100,16.1,20.9,0,-9.200000000000003,5.900000000000006,-13.100000000000001,9.800000000000004,0,0.0,0.0,0.0,0.0,0,100,15.0,18.4,0,61.476602238046794,-75,87,3.454836817549772,1.0127393670836666,0.0,26.46153846153846,2.230769230769231,5,98,3.454836817549772,1.0127393670836666,0.0,26.46153846153846,2.230769230769231,5,330,3.751190287285967,0.9944903161976936,0.07142857142857142,26.928571428571427,2.2857142857142856,11,2099,4.961423723077017,16.809136365017775,0.2558139534883721,26.162790697674417,6.976744186046512,-1,2099,4.961423723077017,16.809136365017775,0.2558139534883721,26.162790697674417,6.976744186046512,-1
2025-05-18 12:54:07.067201,138,54292.932799,12.901944444444444,5,26,74,0,1.0,-3.299999999999997,4.200000000000003,-16.4,-8.899999999999999,-8.100000000000001,-0.6000000000000014,-22.200000000000003,-14.700000000000003,0.0,0.0,0.0,0.0,0.0,1,31.3,19.5,52795.07,21935.27,100,0,-7.5,4.200000000000003,-11.799999999999997,8.5,0,0.0,0.0,0.0,0.0,0,100,16.1,20.9,0,-9.200000000000003,5.900000000000006,-13.100000000000001,9.800000000000004,0,0.0,0.0,0.0,0.0,0,100,15.0,18.4,0,60.48553779069768,-74,87,3.454836817549772,1.0127393670836666,0.0,26.46153846153846,2.230769230769231,5,98,3.454836817549772,1.0127393670836666,0.0,26.46153846153846,2.230769230769231,5,330,3.751190287285967,0.9944903161976936,0.07142857142857142,26.928571428571427,2.2857142857142856,11,2099,4.961423723077017,16.809136365017775,0.2558139534883721,26.162790697674417,6.976744186046512,-1,2099,4.961423723077017,16.809136365017775,0.2558139534883721,26.162790697674417,6.976744186046512,-1
2025-05-18 12:54:07.067201,138,54292.932799,12.901944444444444,3,28,72,0,1.0,-3.299999999999997,4.200000000000003,-16.4,-8.899999999999999,-8.100000000000001,-0.6000000000000014,-22.200000000000003,-14.700000000000003,0.0,0.0,0.0,0.0,0.0,1,31.3,19.5,52795.07,21935.27,100,0,-7.5,4.200000000000003,-11.799999999999997,8.5,0,0.0,0.0,0.0,0.0,0,100,16.1,20.9,0,-9.200000000000003,5.900000000000006,-13.100000000000001,9.800000000000004,0,0.0,0.0,0.0,0.0,0,100,15.0,18.4,0,58.50752453653217,-72,87,3.454836817549772,1.0127393670836666,0.0,26.46153846153846,2.230769230769231,5,98,3.454836817549772,1.0127393670836666,0.0,26.46153846153846,2.230769230769231,5,330,3.751190287285967,0.9944903161976936,0.07142857142857142,26.928571428571427,2.2857142857142856,11,2099,4.961423723077017,16.809136365017775,0.2558139534883721,26.162790697674417,6.976744186046512,-1,2099,4.961423723077017,16.809136365017775,0.2558139534883721,26.162790697674417,6.976744186046512,-1
2025-05-18 12:54:07.067201,138,54292.932799,12.901944444444444,2,24,76,0,1.0,-3.299999999999997,4.200000000000003,-16.4,-8.899999999999999,-8.100000000000001,-0.6000000000000014,-22.200000000000003,-14.700000000000003,0.0,0.0,0.0,0.0,0.0,1,31.3,19.5,52795.07,21935.27,100,0,-7.5,4.200000000000003,-11.799999999999997,8.5,0,0.0,0.0,0.0,0.0,0,100,16.1,20.9,0,-9.200000000000003,5.900000000000006,-13.100000000000001,9.800000000000004,0,0.0,0.0,0.0,0.0,0,100,15.0,18.4,0,62.520287958115176,-76,87,3.454836817549772,1.0127393670836666,0.0,26.46153846153846,2.230769230769231,5,98,3.454836817549772,1.0127393670836666,0.0,26.46153846153846,2.230769230769231,5,330,3.751190287285967,0.9944903161976936,0.07142857142857142,26.928571428571427,2.2857142857142856,11,2099,4.961423723077017,16.809136365017775,0.2558139534883721,26.162790697674417,6.976744186046512,-1,2099,4.961423723077017,16.809136365017775,0.2558139534883721,26.162790697674417,6.976744186046512,-1
2025-05-18 12:54:07.067201,138,54292.932799,12.901944444444444,2,30,70,0,1.0,-3.299999999999997,4.200000000000003,-16.4,-8.899999999999999,-8.100000000000001,-0.6000000000000014,-22.200000000000003,-14.700000000000003,0.0,0.0,0.0,0.0,0.0,1,31.3,19.5,52795.07,21935.27,100,0,-7.5,4.200000000000003,-11.799999999999997,8.5,0,0.0,0.0,0.0,0.0,0,100,16.1,20.9,0,-9.200000000000003,5.900000000000006,-13.100000000000001,9.800000000000004,0,0.0,0.0,0.0,0.0,0,100,15.0,18.4,0,56.52938181818182,-70,87,3.454836817549772,1.0127393670836666,0.0,26.46153846153846,2.230769230769231,5,98,3.454836817549772,1.0127393670836666,0.0,26.46153846153846,2.230769230769231,5,330,3.751190287285967,0.9944903161976936,0.07142857142857142,26.928571428571427,2.2857142857142856,11,2099,4.961423723077017,16.809136365017775,0.2558139534883721,26.162790697674417,6.976744186046512,-1,2099,4.961423723077017,16.809136365017775,0.2558139534883721,26.162790697674417,6.976744186046512,-1
2025-05-18 12:54:07.067201,138,54292.932799,12.901944444444444,2,32,68,0,1.0,-3.299999999999997,4.200000000000003,-16.4,-8.899999999999999,-8.100000000000001,-0.6000000000000014,-22.200000000000003,-14.700000000000003,0.0,0.0,0.0,0.0,0.0,1,31.3,19.5,52795.07,21935.27,100,0,-7.5,4.200000000000003,-11.799999999999997,8.5,0,0.0,0.0,0.0,0.0,0,100,16.1,20.9,0,-9.200000000000003,5.900000000000006,-13.100000000000001,9.800000000000004,0,0.0,0.0,0.0,0.0,0,100,15.0,18.4,0,54.53760546988653,-68,87,3.454836817549772,1.0127393670836666,0.0,26.46153846153846,2.230769230769231,5,98,3.454836817549772,1.0127393670836666,0.0,26.46153846153846,2.230769230769231,5,330,3.751190287285967,0.9944903161976936,0.07142857142857142,26.928571428571427,2.2857142857142856,11,2099,4.961423723077017,16.809136365017775,0.2558139534883721,26.162790697674417,6.976744186046512,-1,2099,4.961423723077017,16.809136365017775,0.2558139534883721,26.162790697674417,6.976744186046512,-1
2025-05-18 12:54:07.067201,138,54292.932799,12.901944444444444,2,22,78,0,1.0,-3.299999999999997,4.200000000000003,-16.4,-8.899999999999999,-8.100000000000001,-0.6000000000000014,-22.200000000000003,-14.700000000000003,0.0,0.0,0.0,0.0,0.0,1,31.3,19.5,52795.07,21935.27,100,0,-7.5,4.200000000000003,-11.799999999999997,8.5,0,0.0,0.0,0.0,0.0,0,100,16.1,20.9,0,-9.200000000000003,5.900000000000006,-13.100000000000001,9.800000000000004,0,0.0,0.0,0.0,0.0,0,100,15.0,18.4,0,64.5455405208788,-78,87,3.454836817549772,1.0127393670836666,0.0,26.46153846153846,2.230769230769231,5,98,3.454836817549772,1.0127393670836666,0.0,26.46153846153846,2.230769230769231,5,330,3.751190287285967,0.9944903161976936,0.07142857142857142,26.928571428571427,2.2857142857142856,11,2099,4.961423723077017,16.809136365017775,0.2558139534883721,26.162790697674417,6.976744186046512,-1,2099,4.961423723077017,16.809136365017775,0.2558139534883721,26.162790697674417,6.976744186046512,-1
2025-05-18 12:54:48.427195,138,54251.572805,12.913333333333334,33,10,90,1,-1.0,-1.2999999999999972,4.200000000000003,-14.399999999999999,-8.899999999999999,-6.100000000000001,-0.6000000000000014,-20.200000000000003,-14.700000000000003,0.0,0.0,0.0,0.0,0.0,1,31.3,19.5,52795.07,21935.27,100,0,-5.5,4.200000000000003,-9.799999999999997,8.5,0,0.0,0.0,0.0,0.0,0,100,16.1,20.9,0,-7.200000000000003,5.900000000000006,-11.100000000000001,9.800000000000004,0,0.0,0.0,0.0,0.0,0,100,15.0,18.4,0,-6.944969615124915,-10,130,0.8366600265340756,13.685759021698429,1.0,10.2,8.6,1,130,0.8366600265340756,13.685759021698429,1.0,10.2,8.6,1,373,1.1595018087284057,14.47027604743216,1.0,9.3,12.5,0,2142,4.665786003742234,18.483413040081146,0.42105263157894735,11.473684210526315,9.342105263157896,9,2142,4.665786003742234,18.483413040081146,0.42105263157894735,11.473684210526315,9.342105263157896,9
2025-05-18 12:54:48.427195,138,54251.572805,12.913333333333334,2,11,89,1,-1.0,-1.2999999999999972,4.200000000000003,-14.399999999999999,-8.899999999999999,-6.100000000000001,-0.6000000000000014,-20.200000000000003,-14.700000000000003,0.0,0.0,0.0,0.0,0.0,1,31.3,19.5,52795.07,21935.27,100,0,-5.5,4.200000000000003,-9.799999999999997,8.5,0,0.0,0.0,0.0,0.0,0,100,16.1,20.9,0,-7.200000000000003,5.900000000000006,-11.100000000000001,9.800000000000004,0,0.0,0.0,0.0,0.0,0,100,15.0,18.4,0,-7.970857336496103,-11,130,0.8366600265340756,13.685759021698429,1.0,10.2,8.6,1,130,0.8366600265340756,13.685759021698429,1.0,10.2,8.6,1,373,1.1595018087284057,14.47027604743216,1.0,9.3,12.5,0,2142,4.665786003742234,18.483413040081146,0.42105263157894735,11.473684210526315,9.342105263157896,9,2142,4.665786003742234,18.483413040081146,0.42105263157894735,11.473684210526315,9.342105263157896,9
2025-05-18 12:54:48.427195,138,54251.572805,12.913333333333334,4,11,89,1,-1.0,-1.2999999999999972,4.200000000000003,-14.399999999999999,-8.899999999999999,-6.100000000000001,-0.6000000000000014,-20.200000000000003,-14.700000000000003,0.0,0.0,0.0,0.0,0.0,1,31.3,19.5,52795.07,21935.27,100,0,-5.5,4.200000000000003,-9.799999999999997,8.5,0,0.0,0.0,0.0,0.0,0,100,16.1,20.9,0,-7.200000000000003,5.900000000000006,-11.100000000000001,9.800000000000004,0,0.0,0.0,0.0,0.0,0,100,15.0,18.4,0,-7.972658456671562,-11,130,0.8366600265340756,13.685759021698429,1.0,10.2,8.6,1,130,0.8366600265340756,13.685759021698429,1.0,10.2,8.6,1,373,1.1595018087284057,14.47027604743216,1.0,9.3,12.5,0,2142,4.665786003742234,18.483413040081146,0.42105263157894735,11.473684210526315,9.342105263157896,9,2142,4.665786003742234,18.483413040081146,0.42105263157894735,11.473684210526315,9.342105263157896,9
2025-05-18 12:54:48.427195,138,54251.572805,12.913333333333334,3,10,90,1,-1.0,-1.2999999999999972,4.200000000000003,-14.399999999999999,-8.899999999999999,-6.100000000000001,-0.6000000000000014,-20.200000000000003,-14.700000000000003,0.0,0.0,0.0,0.0,0.0,1,31.3,19.5,52795.07,21935.27,100,0,-5.5,4.200000000000003,-9.799999999999997,8.5,0,0.0,0.0,0.0,0.0,0,100,16.1,20.9,0,-7.200000000000003,5.900000000000006,-11.100000000000001,9.800000000000004,0,0.0,0.0,0.0,0.0,0,100,15.0,18.4,0,-6.9762631400474735,-10,130,0.8366600265340756,13.685759021698429,1.0,10.2,8.6,1,130,0.8366600265340756,13.685759021698429,1.0,10.2,8.6,1,373,1.1595018087284057,14.47027604743216,1.0,9.3,12.5,0,2142,4.665786003742234,18.483413040081146,0.42105263157894735,11.473684210526315,9.342105263157896,9,2142,4.665786003742234,18.483413040081146,0.42105263157894735,11.473684210526315,9.342105263157896,9
2025-05-18 12:54:48.427195,138,54251.572805,12.913333333333334,1,9,91,1,-1.0,-1.2999999999999972,4.200000000000003,-14.399999999999999,-8.899999999999999,-6.100000000000001,-0.6000000000000014,-20.200000000000003,-14.700000000000003,0.0,0.0,0.0,0.0,0.0,1,31.3,19.5,52795.07,21935.27,100,0,-5.5,4.200000000000003,-9.799999999999997,8.5,0,0.0,0.0,0.0,0.0,0,100,16.1,20.9,0,-7.200000000000003,5.900000000000006,-11.100000000000001,9.800000000000004,0,0.0,0.0,0.0,0.0,0,100,15.0,18.4,0,-5.978629579375848,-9,130,0.8366600265340756,13.685759021698429,1.0,10.2,8.6,1,130,0.8366600265340756,13.685759021698429,1.0,10.2,8.6,1,373,1.1595018087284057,14.47027604743216,1.0,9.3,12.5,0,2142,4.665786003742234,18.483413040081146,0.42105263157894735,11.473684210526315,9.342105263157896,9,2142,4.665786003742234,18.483413040081146,0.42105263157894735,11.473684210526315,9.342105263157896,9
2025-05-18 12:55:18.786230,138,54221.21377,12.921666666666667,5,18,82,1,5.0,-7.299999999999997,4.200000000000003,-20.4,-8.899999999999999,-12.100000000000001,-0.6000000000000014,-26.200000000000003,-14.700000000000003,0.0,0.0,0.0,0.0,0.0,1,31.3,19.5,52795.07,21935.27,100,0,-11.5,4.200000000000003,-15.799999999999997,8.5,0,0.0,0.0,0.0,0.0,0,100,16.1,20.9,0,-13.200000000000003,5.900000000000006,-17.1,9.800000000000004,0,0.0,0.0,0.0,0.0,0,100,15.0,18.4,0,-2.4411867364746946,-18,135,0.7071067811865476,9.126883367283709,1.0,18.0,12.6,0,135,0.7071067811865476,9.126883367283709,1.0,18.0,12.6,0,378,1.3984117975602022,19.48902825238401,0.7,16.8,20.6,-2,2147,11.832125678650515,15.518904838219301,0.367816091954023,31.75862068965517,11.241379310344827,23,2147,11.832125678650515,15.518904838219301,0.367816091954023,31.75862068965517,11.241379310344827,23
2025-05-18 12:55:23.944072,138,54216.055928,12.923055555555555,17,35,65,1,1.0,-3.299999999999997,4.200000000000003,-16.4,-8.899999999999999,-8.100000000000001,-0.6000000000000014,-22.200000000000003,-14.700000000000003,0.0,0.0,0.0,0.0,0.0,1,31.3,19.5,52795.07,21935.27,100,0,-7.5,4.200000000000003,-11.799999999999997,8.5,0,0.0,0.0,0.0,0.0,0,100,16.1,20.9,0,-9.200000000000003,5.900000000000006,-13.100000000000001,9.800000000000004,0,0.0,0.0,0.0,0.0,0,100,15.0,18.4,0,51.55493306169966,65,116,4.616325109471805,4.051950228420233,0.2777777777777778,28.61111111111111,3.7777777777777777,-8,174,4.616325109471805,4.051950228420233,0.2777777777777778,28.61111111111111,3.7777777777777777,-8,417,4.597863729732861,3.9418284711420957,0.3157894736842105,28.842105263157894,3.736842105263158,-2,2186,5.3115690673704705,15.995220363223668,0.3333333333333333,27.0,7.0625,-14,2186,5.3115690673704705,15.995220363223668,0.3333333333333333,27.0,7.0625,-14
2025-05-18 12:55:23.944072,138,54216.055928,12.923055555555555,11,33,67,1,1.0,-3.299999999999997,4.200000000000003,-16.4,-8.899999999999999,-8.100000000000001,-0.6000000000000014,-22.200000000000003,-14.700000000000003,0.0,0.0,0.0,0.0,0.0,1,31.3,19.5,52795.07,21935.27,100,0,-7.5,4.200000000000003,-11.799999999999997,8.5,0,0.0,0.0,0.0,0.0,0,100,16.1,20.9,0,-9.200000000000003,5.900000000000006,-13.100000000000001,9.800000000000004,0,0.0,0.0,0.0,0.0,0,100,15.0,18.4,0,53.61878050557296,67,116,4.616325109471805,4.051950228420233,0.2777777777777778,28.61111111111111,3.7777777777777777,-8,174,4.616325109471805,4.051950228420233,0.2777777777777778,28.61111111111111,3.7777777777777777,-8,417,4.597863729732861,3.9418284711420957,0.3157894736842105,28.842105263157894,3.736842105263158,-2,2186,5.3115690673704705,15.995220363223668,0.3333333333333333,27.0,7.0625,-14,2186,5.3115690673704705,15.995220363223668,0.3333333333333333,27.0,7.0625,-14
2025-05-18 12:55:23.944072,138,54216.055928,12.923055555555555,2,34,66,1,1.0,-3.299999999999997,4.200000000000003,-16.4,-8.899999999999999,-8.100000000000001,-0.6000000000000014,-22.200000000000003,-14.700000000000003,0.0,0.0,0.0,0.0,0.0,1,31.3,19.5,52795.07,21935.27,100,0,-7.5,4.200000000000003,-11.799999999999997,8.5,0,0.0,0.0,0.0,0.0,0,100,16.1,20.9,0,-9.200000000000003,5.900000000000006,-13.100000000000001,9.800000000000004,0,0.0,0.0,0.0,0.0,0,100,15.0,18.4,0,52.661781860600755,66,116,4.616325109471805,4.051950228420233,0.2777777777777778,28.61111111111111,3.7777777777777777,-8,174,4.616325109471805,4.051950228420233,0.2777777777777778,28.61111111111111,3.7777777777777777,-8,417,4.597863729732861,3.9418284711420957,0.3157894736842105,28.842105263157894,3.736842105263158,-2,2186,5.3115690673704705,15.995220363223668,0.3333333333333333,27.0,7.0625,-14,2186,5.3115690673704705,15.995220363223668,0.3333333333333333,27.0,7.0625,-14
2025-05-18 12:55:23.944072,138,54216.055928,12.923055555555555,6,34,66,1,1.0,-3.299999999999997,4.200000000000003,-16.4,-8.899999999999999,-8.100000000000001,-0.6000000000000014,-22.200000000000003,-14.700000000000003,0.0,0.0,0.0,0.0,0.0,1,31.3,19.5,52795.07,21935.27,100,0,-7.5,4.200000000000003,-11.799999999999997,8.5,0,0.0,0.0,0.0,0.0,0,100,16.1,20.9,0,-9.200000000000003,5.900000000000006,-13.100000000000001,9.800000000000004,0,0.0,0.0,0.0,0.0,0,100,15.0,18.4,0,52.669461863788825,66,116,4.616325109471805,4.051950228420233,0.2777777777777778,28.61111111111111,3.7777777777777777,-8,174,4.616325109471805,4.051950228420233,0.2777777777777778,28.61111111111111,3.7777777777777777,-8,417,4.597863729732861,3.9418284711420957,0.3157894736842105,28.842105263157894,3.736842105263158,-2,2186,5.3115690673704705,15.995220363223668,0.3333333333333333,27.0,7.0625,-14,2186,5.3115690673704705,15.995220363223668,0.3333333333333333,27.0,7.0625,-14
2025-05-18 12:55:23.944072,138,54216.055928,12.923055555555555,3,35,65,1,1.0,-3.299999999999997,4.200000000000003,-16.4,-8.899999999999999,-8.100000000000001,-0.6000000000000014,-22.200000000000003,-14.700000000000003,0.0,0.0,0.0,0.0,0.0,1,31.3,19.5,52795.07,21935.27,100,0,-7.5,4.200000000000003,-11.799999999999997,8.5,0,0.0,0.0,0.0,0.0,0,100,16.1,20.9,0,-9.200000000000003,5.900000000000006,-13.100000000000001,9.800000000000004,0,0.0,0.0,0.0,0.0,0,100,15.0,18.4,0,51.69251531952145,65,116,4.616325109471805,4.051950228420233,0.2777777777777778,28.61111111111111,3.7777777777777777,-8,174,4.616325109471805,4.051950228420233,0.2777777777777778,28.61111111111111,3.7777777777777777,-8,417,4.597863729732861,3.9418284711420957,0.3157894736842105,28.842105263157894,3.736842105263158,-2,2186,5.3115690673704705,15.995220363223668,0.3333333333333333,27.0,7.0625,-14,2186,5.3115690673704705,15.995220363223668,0.3333333333333333,27.0,7.0625,-14
2025-05-18 12:58:18.279298,138,54041.720702,12.971666666666668,24,27,73,1,5.0,-7.299999999999997,4.200000000000003,-20.4,-8.899999999999999,-12.100000000000001,-0.6000000000000014,-26.200000000000003,-14.700000000000003,0.0,0.0,0.0,0.0,0.0,1,31.3,19.5,52795.07,21935.27,100,0,-11.5,4.200000000000003,-15.799999999999997,8.5,0,0.0,0.0,0.0,0.0,0,100,16.1,20.9,0,-13.200000000000003,5.900000000000006,-17.1,9.800000000000004,0,0.0,0.0,0.0,0.0,0,100,15.0,18.4,0,-11.443318777292577,-27,24,,,1.0,27.0,24.0,0,198,3.7282703764614498,9.396807968666806,1.0,19.5,14.5,-9,353,3.6209268304000717,19.267848867997696,0.6666666666666666,18.11111111111111,21.333333333333332,-11,2210,11.774860314381547,15.48928574311178,0.375,31.704545454545453,11.386363636363637,14,2210,11.774860314381547,15.48928574311178,0.375,31.704545454545453,11.386363636363637,14
2025-05-18 12:58:28.573526,138,54031.426474,12.974444444444444,2,12,88,1,-1.0,-1.2999999999999972,4.200000000000003,-14.399999999999999,-8.899999999999999,-6.100000000000001,-0.6000000000000014,-20.200000000000003,-14.700000000000003,0.0,0.0,0.0,0.0,0.0,1,31.3,19.5,52795.07,21935.27,100,0,-5.5,4.200000000000003,-9.799999999999997,8.5,0,0.0,0.0,0.0,0.0,0,100,16.1,20.9,0,-7.200000000000003,5.900000000000006,-11.100000000000001,9.800000000000004,0,0.0,0.0,0.0,0.0,0,100,15.0,18.4,0,-8.979305665498135,-12,26,,,1.0,12.0,2.0,0,142,1.0488088481701516,12.533953885346794,1.0,10.5,7.5,-2,355,1.1126972805283737,16.51262143533445,1.0,10.285714285714286,12.0,-3,2212,4.604756093156606,18.276442216169198,0.4358974358974359,11.487179487179487,9.153846153846153,6,2212,4.604756093156606,18.276442216169198,0.4358974358974359,11.487179487179487,9.153846153846153,6
2025-05-18 12:58:28.573941,138,54031.426059,12.974444444444444,2,18,82,1,5.0,-7.299999999999997,4.200000000000003,-20.4,-8.899999999999999,-12.100000000000001,-0.6000000000000014,-26.200000000000003,-14.700000000000003,0.0,0.0,0.0,0.0,0.0,1,31.3,19.5,52795.07,21935.27,100,0,-11.5,4.200000000000003,-15.799999999999997,8.5,0,0.0,0.0,0.0,0.0,0,100,16.1,20.9,0,-13.200000000000003,5.900000000000006,-17.1,9.800000000000004,0,0.0,0.0,0.0,0.0,0,100,15.0,18.4,0,-2.491492720575337,-18,28,6.363961030678928,15.556349186104045,1.0,22.5,13.0,9,144,5.196152422706632,11.930353445448855,1.0,21.0,10.333333333333334,0,357,3.4140233677518315,19.167101444344098,0.7,18.1,19.4,-2,2214,11.797545233837125,15.433131983469956,0.38202247191011235,31.55056179775281,11.280898876404494,23,2214,11.797545233837125,15.433131983469956,0.38202247191011235,31.55056179775281,11.280898876404494,23
2025-05-18 12:58:28.574425,138,54031.425575,12.974444444444444,2,30,70,1,3.0,-5.299999999999997,4.200000000000003,-18.4,-8.899999999999999,-10.100000000000001,-0.6000000000000014,-24.200000000000003,-14.700000000000003,0.0,0.0,0.0,0.0,0.0,1,31.3,19.5,52795.07,21935.27,100,0,-9.5,4.200000000000003,-13.799999999999997,8.5,0,0.0,0.0,0.0,0.0,0,100,16.1,20.9,0,-11.200000000000003,5.900000000000006,-15.100000000000001,9.800000000000004,0,0.0,0.0,0.0,0.0,0,100,15.0,18.4,0,-10.381468436738011,-30,30,,,1.0,30.0,2.0,0,146,,,1.0,30.0,2.0,0,359,0.816496580927726,1.2583057392117916,0.25,30.0,3.25,1,2216,8.230864258191943,13.85134105864147,0.39655172413793105,28.724137931034484,7.0,-12,2216,8.230864258191943,13.85134105864147,0.39655172413793105,28.724137931034484,7.0,-12
2025-05-18 12:58:28.577481,138,54031.422519,12.974444444444444,1,6,94,1,-3.0,0.7000000000000028,4.200000000000003,-12.399999999999999,-8.899999999999999,-4.100000000000001,-0.6000000000000014,-18.200000000000003,-14.700000000000003,0.0,0.0,0.0,0.0,0.0,1,31.3,19.5,52795.07,21935.27,100,0,-3.5,4.200000000000003,-7.799999999999997,8.5,0,0.0,0.0,0.0,0.0,0,100,16.1,20.9,0,-5.200000000000003,5.900000000000006,-9.100000000000001,9.800000000000004,0,0.0,0.0,0.0,0.0,0,100,15.0,18.4,0,-3.880248833592535,-6,31,,,1.0,6.0,1.0,0,147,,,1.0,6.0,1.0,0,360,,,1.0,6.0,1.0,0,2217,1.1595018087284057,31.939004367700633,0.6,4.7,11.1,-3,2217,1.1595018087284057,31.939004367700633,0.6,4.7,11.1,-3
2025-05-18 12:58:28.578600,138,54031.4214,12.974444444444444,2,27,73,1,1.0,-3.299999999999997,4.200000000000003,-16.4,-8.899999999999999,-8.100000000000001,-0.6000000000000014,-22.200000000000003,-14.700000000000003,0.0,0.0,0.0,0.0,0.0,1,31.3,19.5,52795.07,21935.27,100,0,-7.5,4.200000000000003,-11.799999999999997,8.5,0,0.0,0.0,0.0,0.0,0,100,16.1,20.9,0,-9.200000000000003,5.900000000000006,-13.100000000000001,9.800000000000004,0,0.0,0.0,0.0,0.0,0,100,15.0,18.4,0,59.70383071871579,73,33,,,1.0,27.0,2.0,0,149,4.501461750891242,3.958852689843743,0.3157894736842105,28.526315789473685,3.6842105263157894,0,362,4.501461750891242,3.958852689843743,0.3157894736842105,28.526315789473685,3.6842105263157894,0,2219,5.25594901040716,15.844240782896305,0.3469387755102041,27.0,6.959183673469388,-6,2219,5.25594901040716,15.844240782896305,0.3469387755102041,27.0,6.959183673469388,-6
2025-05-18 12:58:28.968727,138,54031.031273,12.974444444444444,2,18,82,1,5.0,-7.299999999999997,4.200000000000003,-20.4,-8.899999999999999,-12.100000000000001,-0.6000000000000014,-26.200000000000003,-14.700000000000003,0.0,0.0,0.0,0.0,0.0,1,31.3,19.5,52795.07,21935.27,100,0,-11.5,4.200000000000003,-15.799999999999997,8.5,0,0.0,0.0,0.0,0.0,0,100,16.1,20.9,0,-13.200000000000003,5.900000000000006,-17.1,9.800000000000004,0,0.0,0.0,0.0,0.0,0,100,15.0,18.4,0,-2.4923670819442005,-18,35,5.196152422706632,12.701705922171765,1.0,21.0,9.333333333333334,9,151,4.5,10.594810050208546,1.0,20.25,8.25,0,364,3.238967287718277,18.92521165967864,0.7272727272727273,18.09090909090909,17.818181818181817,-2,2221,11.817716656202759,15.377334683635338,0.3888888888888889,31.4,11.177777777777777,23,2221,11.817716656202759,15.377334683635338,0.3888888888888889,31.4,11.177777777777777,23
2025-05-18 12:59:50.968723,138,53949.031277,12.997222222222222,52,15,85,0,5.0,-7.299999999999997,4.200000000000003,-20.4,-8.899999999999999,-12.100000000000001,-0.6000000000000014,-26.200000000000003,-14.700000000000003,0.0,0.0,0.0,0.0,0.0,1,31.3,19.5,52795.07,21935.27,100,0,-11.5,4.200000000000003,-15.799999999999997,8.5,0,0.0,0.0,0.0,0.0,0,100,16.1,20.9,0,-13.200000000000003,5.900000000000006,-17.1,9.800000000000004,0,0.0,0.0,0.0,0.0,0,100,15.0,18.4,0,0.5067579427769004,15,87,5.196152422706632,23.72059583287626,0.75,19.5,20.0,12,131,4.54972526643093,21.61018278497431,0.8,19.2,17.0,3,416,3.214550253664318,20.566227096132558,0.6666666666666666,17.833333333333332,20.666666666666668,1,2273,11.876963882334199,15.879160593297781,0.38461538461538464,31.21978021978022,11.626373626373626,26,2273,11.876963882334199,15.879160593297781,0.38461538461538464,31.21978021978022,11.626373626373626,26
2025-05-18 13:00:06.733731,138,53933.266269,13.001666666666667,2,6,94,1,-3.0,0.7000000000000028,5.900000000000006,-12.399999999999999,-7.199999999999996,-4.100000000000001,1.1000000000000014,-18.200000000000003,-13.0,0.0,0.0,0.0,0.0,0.0,1,31.3,19.5,52795.07,21935.27,100,0,-5.200000000000003,5.900000000000006,-9.100000000000001,9.800000000000004,0,0.0,0.0,0.0,0.0,0,100,15.0,18.4,0,-5.200000000000003,5.900000000000006,-8.399999999999999,9.100000000000001,0,0.0,0.0,0.0,0.0,0,100,12.1,14.8,0,-3.8814561294337273,-6,89,0.0,0.7071067811865476,1.0,6.0,1.5,0,133,0.0,0.7071067811865476,1.0,6.0,1.5,0,418,0.0,0.7071067811865476,1.0,6.0,1.5,0,2275,1.1677484162422844,30.423973800576768,0.6363636363636364,4.818181818181818,10.272727272727273,-3,2275,1.1677484162422844,30.423973800576768,0.6363636363636364,4.818181818181818,10.272727272727273,-3
2025-05-18 13:00:06.801731,138,53933.198269,13.001666666666667,2,34,66,0,1.0,-3.299999999999997,5.900000000000006,-16.4,-7.199999999999996,-8.100000000000001,1.1000000000000014,-22.200000000000003,-13.0,0.0,0.0,0.0,0.0,0.0,1,31.3,19.5,52795.07,21935.27,100,0,-9.200000000000003,5.900000000000006,-13.100000000000001,9.800000000000004,0,0.0,0.0,0.0,0.0,0,100,15.0,18.4,0,-9.200000000000003,5.900000000000006,-12.399999999999999,9.100000000000001,0,0.0,0.0,0.0,0.0,0,100,12.1,14.8,0,52.71254469824126,-66,91,4.949747468305833,0.0,0.5,30.5,2.0,-7,135,2.7945525240230875,5.814595756329394,0.8571428571428571,33.142857142857146,6.142857142857143,1,420,4.549146825736147,3.8716241661879485,0.3,28.8,3.6,-7,2277,5.2953965375405,15.697406519185627,0.34,27.14,6.86,-13,2277,5.2953965375405,15.697406519185627,0.34,27.14,6.86,-13
2025-05-18 13:00:06.802221,138,53933.197779,13.001666666666667,2,15,85,0,5.0,-7.299999999999997,5.900000000000006,-20.4,-7.199999999999996,-12.100000000000001,1.1000000000000014,-26.200000000000003,-13.0,0.0,0.0,0.0,0.0,0.0,1,31.3,19.5,52795.07,21935.27,100,0,-13.200000000000003,5.900000000000006,-17.1,9.800000000000004,0,0.0,0.0,0.0,0.0,0,100,15.0,18.4,0,-13.200000000000003,5.900000000000006,-16.4,9.100000000000001,0,0.0,0.0,0.0,0.0,0,100,12.1,14.8,0,0.511426040744027,15,93,4.9295030175464944,22.063544592834578,0.6,18.6,16.4,12,137,4.415880433163924,20.275601100830524,0.6666666666666666,18.5,14.5,3,422,3.176435673792811,20.35990277544667,0.6153846153846154,17.615384615384617,19.23076923076923,1,2279,11.931961919201738,15.823531135670347,0.3804347826086957,31.043478260869566,11.521739130434783,26,2279,11.931961919201738,15.823531135670347,0.3804347826086957,31.043478260869566,11.521739130434783,26
2025-05-18 13:00:06.802910,138,53933.19709,13.001666666666667,2,35,65,0,3.0,-5.299999999999997,5.900000000000006,-18.4,-7.199999999999996,-10.100000000000001,1.1000000000000014,-24.200000000000003,-13.0,0.0,0.0,0.0,0.0,0.0,1,31.3,19.5,52795.07,21935.27,100,0,-11.200000000000003,5.900000000000006,-15.100000000000001,9.800000000000004,0,0.0,0.0,0.0,0.0,0,100,15.0,18.4,0,-11.200000000000003,5.900000000000006,-14.399999999999999,9.100000000000001,0,0.0,0.0,0.0,0.0,0,100,12.1,14.8,0,-15.387096774193552,35,95,3.5355339059327378,0.0,0.5,32.5,2.0,-5,139,3.5355339059327378,0.0,0.5,32.5,2.0,-5,424,2.345207879911715,1.224744871391589,0.2,31.0,3.0,-4,2281,8.200404830992694,13.746834288354913,0.3898305084745763,28.83050847457627,6.915254237288136,-17,2281,8.200404830992694,13.746834288354913,0.3898305084745763,28.83050847457627,6.915254237288136,-17
2025-05-18 13:00:06.803390,138,53933.19661,13.001666666666667,1,21,79,0,-1.0,-1.2999999999999972,5.900000000000006,-14.399999999999999,-7.199999999999996,-6.100000000000001,1.1000000000000014,-20.200000000000003,-13.0,0.0,0.0,0.0,0.0,0.0,1,31.3,19.5,52795.07,21935.27,100,0,-7.200000000000003,5.900000000000006,-11.100000000000001,9.800000000000004,0,0.0,0.0,0.0,0.0,0,100,15.0,18.4,0,-7.200000000000003,5.900000000000006,-10.399999999999999,9.100000000000001,0,0.0,0.0,0.0,0.0,0,100,12.1,14.8,0,-17.981336952833388,21,97,4.932882862316248,0.5773502691896257,0.3333333333333333,17.666666666666668,1.3333333333333333,-8,141,4.932882862316248,0.5773502691896257,0.3333333333333333,17.666666666666668,1.3333333333333333,-8,426,4.612784167699349,15.100588656664273,0.7777777777777778,12.555555555555555,9.555555555555555,-11,2283,4.900970536038954,17.90220724911439,0.4146341463414634,11.926829268292684,8.75609756097561,-2,2283,4.900970536038954,17.90220724911439,0.4146341463414634,11.926829268292684,8.75609756097561,-2
2025-05-18 13:00:06.803390,138,53933.19661,13.001666666666667,1,20,80,0,-1.0,-1.2999999999999972,5.900000000000006,-14.399999999999999,-7.199999999999996,-6.100000000000001,1.1000000000000014,-20.200000000000003,-13.0,0.0,0.0,0.0,0.0,0.0,1,31.3,19.5,52795.07,21935.27,100,0,-7.200000000000003,5.900000000000006,-11.100000000000001,9.800000000000004,0,0.0,0.0,0.0,0.0,0,100,15.0,18.4,0,-7.200000000000003,5.900000000000006,-10.399999999999999,9.100000000000001,0,0.0,0.0,0.0,0.0,0,100,12.1,14.8,0,-16.98337104072398,20,97,4.932882862316248,0.5773502691896257,0.3333333333333333,17.666666666666668,1.3333333333333333,-8,141,4.932882862316248,0.5773502691896257,0.3333333333333333,17.666666666666668,1.3333333333333333,-8,426,4.612784167699349,15.100588656664273,0.7777777777777778,12.555555555555555,9.555555555555555,-11,2283,4.900970536038954,17.90220724911439,0.4146341463414634,11.926829268292684,8.75609756097561,-2,2283,4.900970536038954,17.90220724911439,0.4146341463414634,11.926829268292684,8.75609756097561,-2
2025-05-18 13:00:06.987807,138,53933.012193,13.001666666666667,2,34,66,0,1.0,-3.299999999999997,5.900000000000006,-16.4,-7.199999999999996,-8.100000000000001,1.1000000000000014,-22.200000000000003,-13.0,0.0,0.0,0.0,0.0,0.0,1,31.3,19.5,52795.07,21935.27,100,0,-9.200000000000003,5.900000000000006,-13.100000000000001,9.800000000000004,0,0.0,0.0,0.0,0.0,0,100,15.0,18.4,0,-9.200000000000003,5.900000000000006,-12.399999999999999,9.100000000000001,0,0.0,0.0,0.0,0.0,0,100,12.1,14.8,0,52.72023939858404,-66,99,4.041451884327381,0.0,0.3333333333333333,31.666666666666668,2.0,-7,143,2.6049403612586386,5.578978401105349,0.75,33.25,5.625,1,428,4.57685689612632,3.789710379686654,0.2857142857142857,29.047619047619047,3.5238095238095237,-7,2285,5.329459377357328,15.554534046758349,0.3333333333333333,27.274509803921568,6.764705882352941,-13,2285,5.329459377357328,15.554534046758349,0.3333333333333333,27.274509803921568,6.764705882352941,-13
2025-05-18 13:00:06.997035,138,53933.002965,13.001666666666667,2,35,65,0,3.0,-5.299999999999997,5.900000000000006,-18.4,-7.199999999999996,-10.100000000000001,1.1000000000000014,-24.200000000000003,-13.0,0.0,0.0,0.0,0.0,0.0,1,31.3,19.5,52795.07,21935.27,100,0,-11.200000000000003,5.900000000000006,-15.100000000000001,9.800000000000004,0,0.0,0.0,0.0,0.0,0,100,15.0,18.4,0,-11.200000000000003,5.900000000000006,-14.399999999999999,9.100000000000001,0,0.0,0.0,0.0,0.0,0,100,12.1,14.8,0,-15.395443449959316,35,101,2.8867513459481287,0.0,0.3333333333333333,33.333333333333336,2.0,-5,145,2.8867513459481287,0.0,0.3333333333333333,33.333333333333336,2.0,-5,430,2.6583202716502514,1.1690451944500122,0.16666666666666666,31.666666666666668,2.8333333333333335,-4,2287,8.169531378105669,13.644601175664237,0.38333333333333336,28.933333333333334,6.833333333333333,-17,2287,8.169531378105669,13.644601175664237,0.38333333333333336,28.933333333333334,6.833333333333333,-17
2025-05-18 13:00:06.997511,138,53933.002489,13.001666666666667,2,20,80,0,-1.0,-1.2999999999999972,5.900000000000006,-14.399999999999999,-7.199999999999996,-6.100000000000001,1.1000000000000014,-20.200000000000003,-13.0,0.0,0.0,0.0,0.0,0.0,1,31.3,19.5,52795.07,21935.27,100,0,-7.200000000000003,5.900000000000006,-11.100000000000001,9.800000000000004,0,0.0,0.0,0.0,0.0,0,100,15.0,18.4,0,-7.200000000000003,5.900000000000006,-10.399999999999999,9.100000000000001,0,0.0,0.0,0.0,0.0,0,100,12.1,14.8,0,-16.9852924538975,20,103,4.193248541803041,0.5773502691896257,0.25,18.25,1.5,-8,147,4.193248541803041,0.5773502691896257,0.25,18.25,1.5,-8,432,4.9452558635075246,14.43606594609487,0.7,13.3,8.8,-11,2289,4.9985479889340985,17.713243665727635,0.40476190476190477,12.119047619047619,8.595238095238095,-2,2289,4.9985479889340985,17.713243665727635,0.40476190476190477,12.119047619047619,8.595238095238095,-2
2025-05-18 13:00:07.010970,138,53932.98903,13.001944444444444,2,8,92,0,-3.0,0.7000000000000028,5.900000000000006,-12.399999999999999,-7.199999999999996,-4.100000000000001,1.1000000000000014,-18.200000000000003,-13.0,0.0,0.0,0.0,0.0,0.0,1,31.3,19.5,52795.07,21935.27,100,0,-5.200000000000003,5.900000000000006,-9.100000000000001,9.800000000000004,0,0.0,0.0,0.0,0.0,0,100,15.0,18.4,0,-5.200000000000003,5.900000000000006,-8.399999999999999,9.100000000000001,0,0.0,0.0,0.0,0.0,0,100,12.1,14.8,0,-5.883872976338736,8,105,1.1547005383792517,0.5773502691896257,0.6666666666666666,6.666666666666667,1.6666666666666667,-2,149,1.1547005383792517,0.5773502691896257,0.6666666666666666,6.666666666666667,1.6666666666666667,-2,434,1.1547005383792517,0.5773502691896257,0.6666666666666666,6.666666666666667,1.6666666666666667,-2,2291,1.4433756729740645,29.106257788046936,0.5833333333333334,5.083333333333333,9.583333333333334,-5,2291,1.4433756729740645,29.106257788046936,0.5833333333333334,5.083333333333333,9.583333333333334,-5
2025-05-18 13:00:07.040517,138,53932.959483,13.001944444444444,2,15,85,0,5.0,-7.299999999999997,5.900000000000006,-20.4,-7.199999999999996,-12.100000000000001,1.1000000000000014,-26.200000000000003,-13.0,0.0,0.0,0.0,0.0,0.0,1,31.3,19.5,52795.07,21935.27,100,0,-13.200000000000003,5.900000000000006,-17.1,9.800000000000004,0,0.0,0.0,0.0,0.0,0,100,15.0,18.4,0,-13.200000000000003,5.900000000000006,-16.4,9.100000000000001,0,0.0,0.0,0.0,0.0,0,100,12.1,14.8,0,0.5116073010809856,15,107,4.6475800154489,20.591260281974,0.5,18.0,14.0,12,151,4.242640687119285,19.102480517062748,0.5714285714285714,18.0,12.714285714285714,3,436,3.13084617990054,20.09592381171251,0.5714285714285714,17.428571428571427,18.0,1,2293,11.982982323179975,15.768241734744226,0.3763440860215054,30.870967741935484,11.419354838709678,26,2293,11.982982323179975,15.768241734744226,0.3763440860215054,30.870967741935484,11.419354838709678,26
2025-05-18 13:00:07.824732,138,53932.175268,13.001944444444444,1,35,65,0,3.0,-5.299999999999997,5.900000000000006,-18.4,-7.199999999999996,-10.100000000000001,1.1000000000000014,-24.200000000000003,-13.0,0.0,0.0,0.0,0.0,0.0,1,31.3,19.5,52795.07,21935.27,100,0,-11.200000000000003,5.900000000000006,-15.100000000000001,9.800000000000004,0,0.0,0.0,0.0,0.0,0,100,15.0,18.4,0,-11.200000000000003,5.900000000000006,-14.399999999999999,9.100000000000001,0,0.0,0.0,0.0,0.0,0,100,12.1,14.8,0,-15.403799185888744,35,108,2.5,0.5,0.25,33.75,1.75,-5,152,2.5,0.5,0.25,33.75,1.75,-5,437,2.734262327610589,1.2724180205607036,0.14285714285714285,32.142857142857146,2.5714285714285716,-4,2294,8.138319263653797,13.551016738415193,0.3770491803278688,29.0327868852459,6.737704918032787,-17,2294,8.138319263653797,13.551016738415193,0.3770491803278688,29.0327868852459,6.737704918032787,-17
2025-05-18 13:00:07.825972,138,53932.174028,13.001944444444444,2,19,81,0,-1.0,-1.2999999999999972,5.900000000000006,-14.399999999999999,-7.199999999999996,-6.100000000000001,1.1000000000000014,-20.200000000000003,-13.0,0.0,0.0,0.0,0.0,0.0,1,31.3,19.5,52795.07,21935.27,100,0,-7.200000000000003,5.900000000000006,-11.100000000000001,9.800000000000004,0,0.0,0.0,0.0,0.0,0,100,15.0,18.4,0,-7.200000000000003,5.900000000000006,-10.399999999999999,9.100000000000001,0,0.0,0.0,0.0,0.0,0,100,12.1,14.8,0,-15.98913658481385,19,110,3.6469165057620936,0.5477225575051661,0.2,18.4,1.6,-7,154,3.6469165057620936,0.5477225575051661,0.2,18.4,1.6,-7,439,4.996362313087029,13.847874795925778,0.6363636363636364,13.818181818181818,8.181818181818182,-10,2296,5.0489300205250895,17.529977488347534,0.3953488372093023,12.279069767441861,8.44186046511628,-1,2296,5.0489300205250895,17.529977488347534,0.3953488372093023,12.279069767441861,8.44186046511628,-1
2025-05-18 13:00:07.828153,138,53932.171847,13.001944444444444,2,7,93,0,-3.0,0.7000000000000028,5.900000000000006,-12.399999999999999,-7.199999999999996,-4.100000000000001,1.1000000000000014,-18.200000000000003,-13.0,0.0,0.0,0.0,0.0,0.0,1,31.3,19.5,52795.07,21935.27,100,0,-5.200000000000003,5.900000000000006,-9.100000000000001,9.800000000000004,0,0.0,0.0,0.0,0.0,0,100,15.0,18.4,0,-5.200000000000003,5.900000000000006,-8.399999999999999,9.100000000000001,0,0.0,0.0,0.0,0.0,0,100,12.1,14.8,0,-4.887538940809975,7,112,0.9574271077563381,0.5,0.5,6.75,1.75,-1,156,0.9574271077563381,0.5,0.5,6.75,1.75,-1,441,0.9574271077563381,0.5,0.5,6.75,1.75,-1,2298,1.4806443503784736,27.94637722496424,0.5384615384615384,5.230769230769231,9.0,-4,2298,1.4806443503784736,27.94637722496424,0.5384615384615384,5.230769230769231,9.0,-4
2025-05-18 13:00:07.842122,138,53932.157878,13.001944444444444,1,34,66,0,3.0,-5.299999999999997,5.900000000000006,-18.4,-7.199999999999996,-10.100000000000001,1.1000000000000014,-24.200000000000003,-13.0,0.0,0.0,0.0,0.0,0.0,1,31.3,19.5,52795.07,21935.27,100,0,-11.200000000000003,5.900000000000006,-15.100000000000001,9.800000000000004,0,0.0,0.0,0.0,0.0,0,100,15.0,18.4,0,-11.200000000000003,5.900000000000006,-14.399999999999999,9.100000000000001,0,0.0,0.0,0.0,0.0,0,100,12.1,14.8,0,-14.407980456026053,34,113,2.1679483388678804,0.5477225575051661,0.2,33.8,1.6,-4,157,2.1679483388678804,0.5477225575051661,0.2,33.8,1.6,-4,442,2.615202805574687,1.3024701806293193,0.125,32.375,2.375,-3,2299,8.095950897905748,13.459224119836373,0.3709677419354839,29.112903225806452,6.645161290322581,-16,2299,8.095950897905748,13.459224119836373,0.3709677419354839,29.112903225806452,6.645161290322581,-16
2025-05-18 13:00:07.843285,138,53932.156715,13.001944444444444,2,15,85,0,5.0,-7.299999999999997,5.900000000000006,-20.4,-7.199999999999996,-12.100000000000001,1.1000000000000014,-26.200000000000003,-13.0,0.0,0.0,0.0,0.0,0.0,1,31.3,19.5,52795.07,21935.27,100,0,-13.200000000000003,5.900000000000006,-17.1,9.800000000000004,0,0.0,0.0,0.0,0.0,0,100,15.0,18.4,0,-13.200000000000003,5.900000000000006,-16.4,9.100000000000001,0,0.0,0.0,0.0,0.0,0,100,12.1,14.8,0,0.5117886899485882,15,115,4.391550328268399,19.336617126704503,0.42857142857142855,17.571428571428573,12.285714285714286,12,159,4.0686080455816125,18.086597247685923,0.5,17.625,11.375,3,444,3.0814344217000778,19.800673389222563,0.5333333333333333,17.266666666666666,16.933333333333334,1,2301,12.03027523816926,15.713300144095756,0.3723404255319149,30.70212765957447,11.319148936170214,26,2301,12.03027523816926,15.713300144095756,0.3723404255319149,30.70212765957447,11.319148936170214,26
2025-05-18 13:00:07.846140,138,53932.15386,13.001944444444444,2,34,66,0,1.0,-3.299999999999997,5.900000000000006,-16.4,-7.199999999999996,-8.100000000000001,1.1000000000000014,-22.200000000000003,-13.0,0.0,0.0,0.0,0.0,0.0,1,31.3,19.5,52795.07,21935.27,100,0,-9.200000000000003,5.900000000000006,-13.100000000000001,9.800000000000004,0,0.0,0.0,0.0,0.0,0,100,15.0,18.4,0,-9.200000000000003,5.900000000000006,-12.399999999999999,9.100000000000001,0,0.0,0.0,0.0,0.0,0,100,12.1,14.8,0,52.72793634571866,-66,117,3.5,0.0,0.25,32.25,2.0,-7,161,2.4494897427831783,5.3567195599960655,0.6666666666666666,33.333333333333336,5.222222222222222,1,446,4.589655222882767,3.71262033926845,0.2727272727272727,29.272727272727273,3.4545454545454546,-7,2303,5.35873710387217,15.415450810152826,0.3269230769230769,27.403846153846153,6.673076923076923,-13,2303,5.35873710387217,15.415450810152826,0.3269230769230769,27.403846153846153,6.673076923076923,-13
2025-05-18 13:00:07.872081,138,53932.127919,13.001944444444444,1,15,85,0,5.0,-7.299999999999997,5.900000000000006,-20.4,-7.199999999999996,-12.100000000000001,1.1000000000000014,-26.200000000000003,-13.0,0.0,0.0,0.0,0.0,0.0,1,31.3,19.5,52795.07,21935.27,100,0,-13.200000000000003,5.900000000000006,-17.1,9.800000000000004,0,0.0,0.0,0.0,0.0,0,100,15.0,18.4,0,-13.200000000000003,5.900000000000006,-16.4,9.100000000000001,0,0.0,0.0,0.0,0.0,0,100,12.1,14.8,0,0.5119702074835999,15,118,4.166190448976482,18.34150250894714,0.375,17.25,10.875,12,162,3.905124837953327,17.268307515342794,0.4444444444444444,17.333333333333332,10.222222222222221,3,447,3.0304015135511886,19.539596549912012,0.5,17.125,15.9375,1,2304,12.074071504160063,15.665312498558453,0.3684210526315789,30.53684210526316,11.210526315789474,26,2304,12.074071504160063,15.665312498558453,0.3684210526315789,30.53684210526316,11.210526315789474,26
2025-05-18 13:00:07.880831,138,53932.119169,13.001944444444444,1,34,66,0,1.0,-3.299999999999997,5.900000000000006,-16.4,-7.199999999999996,-8.100000000000001,1.1000000000000014,-22.200000000000003,-13.0,0.0,0.0,0.0,0.0,0.0,1,31.3,19.5,52795.07,21935.27,100,0,-9.200000000000003,5.900000000000006,-13.100000000000001,9.800000000000004,0,0.0,0.0,0.0,0.0,0,100,15.0,18.4,0,-9.200000000000003,5.900000000000006,-12.399999999999999,9.100000000000001,0,0.0,0.0,0.0,0.0,0,100,12.1,14.8,0,52.73563554062933,-66,119,3.1304951684997055,0.4472135954999579,0.2,32.6,1.8,-7,163,2.3190036174568114,5.223876806442595,0.6,33.4,4.8,1,448,4.591192806166956,3.6631915500033316,0.2608695652173913,29.47826086956522,3.347826086956522,-7,2305,5.383749671232528,15.286380859045071,0.32075471698113206,27.528301886792452,6.566037735849057,-13,2305,5.383749671232528,15.286380859045071,0.32075471698113206,27.528301886792452,6.566037735849057,-13
2025-05-18 13:00:07.974995,138,53932.025005,13.001944444444444,3,34,66,0,3.0,-5.299999999999997,5.900000000000006,-18.4,-7.199999999999996,-10.100000000000001,1.1000000000000014,-24.200000000000003,-13.0,0.0,0.0,0.0,0.0,0.0,1,31.3,19.5,52795.07,21935.27,100,0,-11.200000000000003,5.900000000000006,-15.100000000000001,9.800000000000004,0,0.0,0.0,0.0,0.0,0,100,15.0,18.4,0,-11.200000000000003,5.900000000000006,-14.399999999999999,9.100000000000001,0,0.0,0.0,0.0,0.0,0,100,12.1,14.8,0,-14.41189247895737,34,122,1.9407902170679519,0.752772652709081,0.16666666666666666,33.833333333333336,1.8333333333333333,-4,166,1.9407902170679519,0.752772652709081,0.16666666666666666,33.833333333333336,1.8333333333333333,-4,451,2.5055493963954847,1.2360330811826103,0.1111111111111111,32.55555555555556,2.4444444444444446,-3,2308,8.053965448585226,13.358137450614645,0.36507936507936506,29.19047619047619,6.587301587301587,-16,2308,8.053965448585226,13.358137450614645,0.36507936507936506,29.19047619047619,6.587301587301587,-16
2025-05-18 13:00:07.976397,138,53932.023603,13.001944444444444,1,18,82,0,-1.0,-1.2999999999999972,5.900000000000006,-14.399999999999999,-7.199999999999996,-6.100000000000001,1.1000000000000014,-20.200000000000003,-13.0,0.0,0.0,0.0,0.0,0.0,1,31.3,19.5,52795.07,21935.27,100,0,-7.200000000000003,5.900000000000006,-11.100000000000001,9.800000000000004,0,0.0,0.0,0.0,0.0,0,100,15.0,18.4,0,-7.200000000000003,5.900000000000006,-10.399999999999999,9.100000000000001,0,0.0,0.0,0.0,0.0,0,100,12.1,14.8,0,-14.992756083757783,18,123,3.2659863237109037,0.5477225575051661,0.16666666666666666,18.333333333333332,1.5,-6,167,3.2659863237109037,0.5477225575051661,0.16666666666666666,18.333333333333332,1.5,-6,452,4.9144191062133835,13.365208112064245,0.5833333333333334,14.166666666666666,7.583333333333333,-9,2309,5.063862767796756,17.361228705263006,0.38636363636363635,12.409090909090908,8.272727272727273,0,2309,5.063862767796756,17.361228705263006,0.38636363636363635,12.409090909090908,8.272727272727273,0
2025-05-18 13:00:08.048866,138,53931.951134,13.002222222222223,1,6,94,0,-3.0,0.7000000000000028,5.900000000000006,-12.399999999999999,-7.199999999999996,-4.100000000000001,1.1000000000000014,-18.200000000000003,-13.0,0.0,0.0,0.0,0.0,0.0,1,31.3,19.5,52795.07,21935.27,100,0,-5.200000000000003,5.900000000000006,-9.100000000000001,9.800000000000004,0,0.0,0.0,0.0,0.0,0,100,15.0,18.4,0,-5.200000000000003,5.900000000000006,-8.399999999999999,9.100000000000001,0,0.0,0.0,0.0,0.0,0,100,12.1,14.8,0,-3.8905860349127153,6,124,0.8944271909999159,0.5477225575051661,0.4,6.6,1.6,0,168,0.8944271909999159,0.5477225575051661,0.4,6.6,1.6,0,453,0.8944271909999159,0.5477225575051661,0.4,6.6,1.6,0,2310,1.4373357526806554,26.935005206877268,0.5,5.285714285714286,8.428571428571429,-3,2310,1.4373357526806554,26.935005206877268,0.5,5.285714285714286,8.428571428571429,-3
2025-05-18 13:00:08.049723,138,53931.950277,13.002222222222223,1,15,85,0,5.0,-7.299999999999997,5.900000000000006,-20.4,-7.199999999999996,-12.100000000000001,1.1000000000000014,-26.200000000000003,-13.0,0.0,0.0,0.0,0.0,0.0,1,31.3,19.5,52795.07,21935.27,100,0,-13.200000000000003,5.900000000000006,-17.1,9.800000000000004,0,0.0,0.0,0.0,0.0,0,100,15.0,18.4,0,-13.200000000000003,5.900000000000006,-16.4,9.100000000000001,0,0.0,0.0,0.0,0.0,0,100,12.1,14.8,0,0.5120610145441589,15,125,3.968626966596886,17.469815237845086,0.3333333333333333,17.0,9.777777777777779,12,169,3.7549966711037177,16.539850865913714,0.4,17.1,9.3,3,454,2.979093821953246,19.26288720647587,0.47058823529411764,17.0,15.058823529411764,1,2311,12.114584511849214,15.617452563123203,0.3645833333333333,30.375,11.104166666666666,26,2311,12.114584511849214,15.617452563123203,0.3645833333333333,30.375,11.104166666666666,26
2025-05-18 13:00:08.050098,138,53931.949902,13.002222222222223,1,6,94,0,-3.0,0.7000000000000028,5.900000000000006,-12.399999999999999,-7.199999999999996,-4.100000000000001,1.1000000000000014,-18.200000000000003,-13.0,0.0,0.0,0.0,0.0,0.0,1,31.3,19.5,52795.07,21935.27,100,0,-5.200000000000003,5.900000000000006,-9.100000000000001,9.800000000000004,0,0.0,0.0,0.0,0.0,0,100,15.0,18.4,0,-5.200000000000003,5.900000000000006,-8.399999999999999,9.100000000000001,0,0.0,0.0,0.0,0.0,0,100,12.1,14.8,0,-3.8917991892734705,6,128,0.9511897312113419,0.5345224838248488,0.2857142857142857,6.285714285714286,1.5714285714285714,1,172,0.9511897312113419,0.5345224838248488,0.2857142857142857,6.285714285714286,1.5714285714285714,1,457,0.9511897312113419,0.5345224838248488,0.2857142857142857,6.285714285714286,1.5714285714285714,1,2314,1.352466881911223,25.18721567250603,0.4375,5.3125,7.5625,-2,2314,1.352466881911223,25.18721567250603,0.4375,5.3125,7.5625,-2
2025-05-18 13:00:08.050098,138,53931.949902,13.002222222222223,2,5,95,0,-3.0,0.7000000000000028,5.900000000000006,-12.399999999999999,-7.199999999999996,-4.100000000000001,1.1000000000000014,-18.200000000000003,-13.0,0.0,0.0,0.0,0.0,0.0,1,31.3,19.5,52795.07,21935.27,100,0,-5.200000000000003,5.900000000000006,-9.100000000000001,9.800000000000004,0,0.0,0.0,0.0,0.0,0,100,15.0,18.4,0,-5.200000000000003,5.900000000000006,-8.399999999999999,9.100000000000001,0,0.0,0.0,0.0,0.0,0,100,12.1,14.8,0,-2.8930131004366757,5,128,0.9511897312113419,0.5345224838248488,0.2857142857142857,6.285714285714286,1.5714285714285714,1,172,0.9511897312113419,0.5345224838248488,0.2857142857142857,6.285714285714286,1.5714285714285714,1,457,0.9511897312113419,0.5345224838248488,0.2857142857142857,6.285714285714286,1.5714285714285714,1,2314,1.352466881911223,25.18721567250603,0.4375,5.3125,7.5625,-2,2314,1.352466881911223,25.18721567250603,0.4375,5.3125,7.5625,-2
2025-05-18 13:00:08.050553,138,53931.949447,13.002222222222223,3,34,66,0,1.0,-3.299999999999997,5.900000000000006,-16.4,-7.199999999999996,-8.100000000000001,1.1000000000000014,-22.200000000000003,-13.0,0.0,0.0,0.0,0.0,0.0,1,31.3,19.5,52795.07,21935.27,100,0,-9.200000000000003,5.900000000000006,-13.100000000000001,9.800000000000004,0,0.0,0.0,0.0,0.0,0,100,15.0,18.4,0,-9.200000000000003,5.900000000000006,-12.399999999999999,9.100000000000001,0,0.0,0.0,0.0,0.0,0,100,12.1,14.8,0,52.739485981308405,-66,131,2.8577380332470415,0.6324555320336759,0.16666666666666666,32.833333333333336,2.0,-7,175,2.207425485203809,4.9854333266573185,0.5454545454545454,33.45454545454545,4.636363636363637,1,460,4.584156711285424,3.583375463183411,0.25,29.666666666666668,3.3333333333333335,-7,2317,5.404950237696703,15.149257407543116,0.3148148148148148,27.64814814814815,6.5,-13,2317,5.404950237696703,15.149257407543116,0.3148148148148148,27.64814814814815,6.5,-13
2025-05-18 13:00:08.050768,138,53931.949232,13.002222222222223,2,17,83,0,-1.0,-1.2999999999999972,5.900000000000006,-14.399999999999999,-7.199999999999996,-6.100000000000001,1.1000000000000014,-20.200000000000003,-13.0,0.0,0.0,0.0,0.0,0.0,1,31.3,19.5,52795.07,21935.27,100,0,-7.200000000000003,5.900000000000006,-11.100000000000001,9.800000000000004,0,0.0,0.0,0.0,0.0,0,100,15.0,18.4,0,-7.200000000000003,5.900000000000006,-10.399999999999999,9.100000000000001,0,0.0,0.0,0.0,0.0,0,100,12.1,14.8,0,-13.99445324881141,17,134,2.799872446074234,0.5345224838248488,0.125,18.125,1.5,-6,178,2.799872446074234,0.5345224838248488,0.125,18.125,1.5,-6,463,4.683968449889521,12.492635193022089,0.5,14.642857142857142,6.714285714285714,-9,2320,5.0612194211460055,17.02871970190332,0.3695652173913043,12.630434782608695,7.978260869565218,0,2320,5.0612194211460055,17.02871970190332,0.3695652173913043,12.630434782608695,7.978260869565218,0
2025-05-18 13:00:08.050768,138,53931.949232,13.002222222222223,1,18,82,0,-1.0,-1.2999999999999972,5.900000000000006,-14.399999999999999,-7.199999999999996,-6.100000000000001,1.1000000000000014,-20.200000000000003,-13.0,0.0,0.0,0.0,0.0,0.0,1,31.3,19.5,52795.07,21935.27,100,0,-7.200000000000003,5.900000000000006,-11.100000000000001,9.800000000000004,0,0.0,0.0,0.0,0.0,0,100,15.0,18.4,0,-7.200000000000003,5.900000000000006,-10.399999999999999,9.100000000000001,0,0.0,0.0,0.0,0.0,0,100,12.1,14.8,0,-14.997622282608702,18,134,2.799872446074234,0.5345224838248488,0.125,18.125,1.5,-6,178,2.799872446074234,0.5345224838248488,0.125,18.125,1.5,-6,463,4.683968449889521,12.492635193022089,0.5,14.642857142857142,6.714285714285714,-9,2320,5.0612194211460055,17.02871970190332,0.3695652173913043,12.630434782608695,7.978260869565218,0,2320,5.0612194211460055,17.02871970190332,0.3695652173913043,12.630434782608695,7.978260869565218,0
2025-05-18 13:00:08.052350,138,53931.94765,13.002222222222223,1,34,66,0,1.0,-3.299999999999997,5.900000000000006,-16.4,-7.199999999999996,-8.100000000000001,1.1000000000000014,-22.200000000000003,-13.0,0.0,0.0,0.0,0.0,0.0,1,31.3,19.5,52795.07,21935.27,100,0,-9.200000000000003,5.900000000000006,-13.100000000000001,9.800000000000004,0,0.0,0.0,0.0,0.0,0,100,15.0,18.4,0,-9.200000000000003,5.900000000000006,-12.399999999999999,9.100000000000001,0,0.0,0.0,0.0,0.0,0,100,12.1,14.8,0,52.751040677718535,-66,135,2.6457513110645907,0.6900655593423541,0.14285714285714285,33.0,1.8571428571428572,-7,179,2.1105794120443453,4.8679533375916515,0.5,33.5,4.333333333333333,1,464,4.570557952810575,3.5388321990924254,0.24,29.84,3.24,-7,2321,5.422735527947182,15.02664300500947,0.3090909090909091,27.763636363636362,6.4,-13,2321,5.422735527947182,15.02664300500947,0.3090909090909091,27.763636363636362,6.4,-13
2025-05-18 13:00:08.055496,138,53931.944504,13.002222222222223,3,15,85,0,5.0,-7.299999999999997,5.900000000000006,-20.4,-7.199999999999996,-12.100000000000001,1.1000000000000014,-26.200000000000003,-13.0,0.0,0.0,0.0,0.0,0.0,1,31.3,19.5,52795.07,21935.27,100,0,-13.200000000000003,5.900000000000006,-17.1,9.800000000000004,0,0.0,0.0,0.0,0.0,0,100,15.0,18.4,0,-13.200000000000003,5.900000000000006,-16.4,9.100000000000001,0,0.0,0.0,0.0,0.0,0,100,12.1,14.8,0,0.5121518538229566,15,138,3.7947331922020555,16.60956886188735,0.3,16.8,9.1,12,182,3.6181361349331636,15.80563765933478,0.36363636363636365,16.90909090909091,8.727272727272727,3,467,2.928337992563838,18.90265741943021,0.4444444444444444,16.88888888888889,14.38888888888889,1,2324,12.152011839715156,15.557674540669694,0.36082474226804123,30.216494845360824,11.02061855670103,26,2324,12.152011839715156,15.557674540669694,0.36082474226804123,30.216494845360824,11.02061855670103,26
2025-05-18 13:00:08.069947,138,53931.930053,13.002222222222223,1,33,67,0,3.0,-5.299999999999997,5.900000000000006,-18.4,-7.199999999999996,-10.100000000000001,1.1000000000000014,-24.200000000000003,-13.0,0.0,0.0,0.0,0.0,0.0,1,31.3,19.5,52795.07,21935.27,100,0,-11.200000000000003,5.900000000000006,-15.100000000000001,9.800000000000004,0,0.0,0.0,0.0,0.0,0,100,15.0,18.4,0,-11.200000000000003,5.900000000000006,-14.399999999999999,9.100000000000001,0,0.0,0.0,0.0,0.0,0,100,12.1,14.8,0,-13.423641304347825,33,139,1.7994708216848745,0.7559289460184545,0.14285714285714285,33.714285714285715,1.7142857142857142,-3,183,1.7994708216848745,0.7559289460184545,0.14285714285714285,33.714285714285715,1.7142857142857142,-3,468,2.3664319132398464,1.2516655570345725,0.1,32.6,2.3,-2,2325,8.003967270266168,13.270088096739904,0.359375,29.25,6.5,-15,2325,8.003967270266168,13.270088096739904,0.359375,29.25,6.5,-15
2025-05-18 13:02:45.132980,138,53774.86702,13.045833333333333,4,36,64,0,1.0,-3.299999999999997,5.900000000000006,-16.4,-7.199999999999996,-8.100000000000001,1.1000000000000014,-22.200000000000003,-13.0,0.0,0.0,0.0,0.0,0.0,1,31.3,19.5,52795.07,21935.27,100,0,-9.200000000000003,5.900000000000006,-13.100000000000001,9.800000000000004,0,0.0,0.0,0.0,0.0,0,100,15.0,18.4,0,-9.200000000000003,5.900000000000006,-12.399999999999999,9.100000000000001,0,0.0,0.0,0.0,0.0,0,100,12.1,14.8,0,50.7548933683903,-64,4,,,0.0,36.0,4.0,0,143,2.669269563007828,0.9910312089651149,0.125,33.375,2.125,-9,472,4.638302076605852,3.4705353167221027,0.23076923076923078,30.076923076923077,3.269230769230769,-9,1638,4.849462571671479,13.3112627617389,0.3541666666666667,29.1875,5.208333333333333,-16,2329,5.484778227767483,14.892864150236601,0.30357142857142855,27.910714285714285,6.357142857142857,-15
2025-05-18 13:02:59.160705,138,53760.839295,13.049722222222222,1,7,93,1,-3.0,0.7000000000000028,5.900000000000006,-12.399999999999999,-7.199999999999996,-4.100000000000001,1.1000000000000014,-18.200000000000003,-13.0,0.0,0.0,0.0,0.0,0.0,1,31.3,19.5,52795.07,21935.27,100,0,-5.200000000000003,5.900000000000006,-9.100000000000001,9.800000000000004,0,0.0,0.0,0.0,0.0,0,100,15.0,18.4,0,-5.200000000000003,5.900000000000006,-8.399999999999999,9.100000000000001,0,0.0,0.0,0.0,0.0,0,100,12.1,14.8,0,-4.89481897627965,-7,24,5.890670590009257,2.7386127875258306,1.0,12.2,4.0,-3,163,4.7314230033219005,2.108783937953269,0.5833333333333334,8.75,2.5833333333333335,-4,485,4.7314230033219005,2.108783937953269,0.5833333333333334,8.75,2.5833333333333335,-4,1652,4.1650473043675085,21.9023808229673,0.5714285714285714,6.9523809523809526,6.714285714285714,-7,2349,4.1650473043675085,21.9023808229673,0.5714285714285714,6.9523809523809526,6.714285714285714,-7
2025-05-18 13:02:59.160705,138,53760.839295,13.049722222222222,5,19,81,1,-3.0,0.7000000000000028,5.900000000000006,-12.399999999999999,-7.199999999999996,-4.100000000000001,1.1000000000000014,-18.200000000000003,-13.0,0.0,0.0,0.0,0.0,0.0,1,31.3,19.5,52795.07,21935.27,100,0,-5.200000000000003,5.900000000000006,-9.100000000000001,9.800000000000004,0,0.0,0.0,0.0,0.0,0,100,15.0,18.4,0,-5.200000000000003,5.900000000000006,-8.399999999999999,9.100000000000001,0,0.0,0.0,0.0,0.0,0,100,12.1,14.8,0,-16.896347174523882,-19,24,5.890670590009257,2.7386127875258306,1.0,12.2,4.0,-3,163,4.7314230033219005,2.108783937953269,0.5833333333333334,8.75,2.5833333333333335,-4,485,4.7314230033219005,2.108783937953269,0.5833333333333334,8.75,2.5833333333333335,-4,1652,4.1650473043675085,21.9023808229673,0.5714285714285714,6.9523809523809526,6.714285714285714,-7,2349,4.1650473043675085,21.9023808229673,0.5714285714285714,6.9523809523809526,6.714285714285714,-7
2025-05-18 13:02:59.160705,138,53760.839295,13.049722222222222,4,18,82,1,-3.0,0.7000000000000028,5.900000000000006,-12.399999999999999,-7.199999999999996,-4.100000000000001,1.1000000000000014,-18.200000000000003,-13.0,0.0,0.0,0.0,0.0,0.0,1,31.3,19.5,52795.07,21935.27,100,0,-5.200000000000003,5.900000000000006,-9.100000000000001,9.800000000000004,0,0.0,0.0,0.0,0.0,0,100,15.0,18.4,0,-5.200000000000003,5.900000000000006,-8.399999999999999,9.100000000000001,0,0.0,0.0,0.0,0.0,0,100,12.1,14.8,0,-15.922764227642276,-18,24,5.890670590009257,2.7386127875258306,1.0,12.2,4.0,-3,163,4.7314230033219005,2.108783937953269,0.5833333333333334,8.75,2.5833333333333335,-4,485,4.7314230033219005,2.108783937953269,0.5833333333333334,8.75,2.5833333333333335,-4,1652,4.1650473043675085,21.9023808229673,0.5714285714285714,6.9523809523809526,6.714285714285714,-7,2349,4.1650473043675085,21.9023808229673,0.5714285714285714,6.9523809523809526,6.714285714285714,-7
2025-05-18 13:02:59.160705,138,53760.839295,13.049722222222222,2,7,93,1,-3.0,0.7000000000000028,5.900000000000006,-12.399999999999999,-7.199999999999996,-4.100000000000001,1.1000000000000014,-18.200000000000003,-13.0,0.0,0.0,0.0,0.0,0.0,1,31.3,19.5,52795.07,21935.27,100,0,-5.200000000000003,5.900000000000006,-9.100000000000001,9.800000000000004,0,0.0,0.0,0.0,0.0,0,100,15.0,18.4,0,-5.200000000000003,5.900000000000006,-8.399999999999999,9.100000000000001,0,0.0,0.0,0.0,0.0,0,100,12.1,14.8,0,-4.942705072010019,-7,24,5.890670590009257,2.7386127875258306,1.0,12.2,4.0,-3,163,4.7314230033219005,2.108783937953269,0.5833333333333334,8.75,2.5833333333333335,-4,485,4.7314230033219005,2.108783937953269,0.5833333333333334,8.75,2.5833333333333335,-4,1652,4.1650473043675085,21.9023808229673,0.5714285714285714,6.9523809523809526,6.714285714285714,-7,2349,4.1650473043675085,21.9023808229673,0.5714285714285714,6.9523809523809526,6.714285714285714,-7
2025-05-18 13:02:59.160705,138,53760.839295,13.049722222222222,8,10,90,1,-3.0,0.7000000000000028,5.900000000000006,-12.399999999999999,-7.199999999999996,-4.100000000000001,1.1000000000000014,-18.200000000000003,-13.0,0.0,0.0,0.0,0.0,0.0,1,31.3,19.5,52795.07,21935.27,100,0,-5.200000000000003,5.900000000000006,-9.100000000000001,9.800000000000004,0,0.0,0.0,0.0,0.0,0,100,15.0,18.4,0,-5.200000000000003,5.900000000000006,-8.399999999999999,9.100000000000001,0,0.0,0.0,0.0,0.0,0,100,12.1,14.8,0,-7.945802005012531,-10,24,5.890670590009257,2.7386127875258306,1.0,12.2,4.0,-3,163,4.7314230033219005,2.108783937953269,0.5833333333333334,8.75,2.5833333333333335,-4,485,4.7314230033219005,2.108783937953269,0.5833333333333334,8.75,2.5833333333333335,-4,1652,4.1650473043675085,21.9023808229673,0.5714285714285714,6.9523809523809526,6.714285714285714,-7,2349,4.1650473043675085,21.9023808229673,0.5714285714285714,6.9523809523809526,6.714285714285714,-7
2025-05-18 13:02:59.996275,138,53760.003725,13.049722222222222,4,5,95,0,-3.0,0.7000000000000028,5.900000000000006,-12.399999999999999,-7.199999999999996,-4.100000000000001,1.1000000000000014,-18.200000000000003,-13.0,0.0,0.0,0.0,0.0,0.0,1,31.3,19.5,52795.07,21935.27,100,0,-5.200000000000003,5.900000000000006,-9.100000000000001,9.800000000000004,0,0.0,0.0,0.0,0.0,0,100,15.0,18.4,0,-5.200000000000003,5.900000000000006,-8.399999999999999,9.100000000000001,0,0.0,0.0,0.0,0.0,0,100,12.1,14.8,0,-2.965766331658287,5,28,6.0332412515993425,2.449489742783178,0.8333333333333334,11.0,4.0,2,167,4.647855860777537,2.0568833780186058,0.5384615384615384,8.461538461538462,2.6923076923076925,1,489,4.647855860777537,2.0568833780186058,0.5384615384615384,8.461538461538462,2.6923076923076925,1,1656,4.085927703081051,21.38236721473157,0.5454545454545454,6.863636363636363,6.590909090909091,-2,2353,4.085927703081051,21.38236721473157,0.5454545454545454,6.863636363636363,6.590909090909091,-2
2025-05-18 13:03:19.173642,138,53740.826358,13.055277777777778,1,19,81,1,-1.0,-1.2999999999999972,5.900000000000006,-14.399999999999999,-7.199999999999996,-6.100000000000001,1.1000000000000014,-20.200000000000003,-13.0,0.0,0.0,0.0,0.0,0.0,1,31.3,19.5,52795.07,21935.27,100,0,-7.200000000000003,5.900000000000006,-11.100000000000001,9.800000000000004,0,0.0,0.0,0.0,0.0,0,100,15.0,18.4,0,-7.200000000000003,5.900000000000006,-10.399999999999999,9.100000000000001,0,0.0,0.0,0.0,0.0,0,100,12.1,14.8,0,-15.99932057524629,-19,49,2.3094010767585034,8.717797887081348,1.0,20.333333333333332,7.0,-4,164,2.7601053998320095,4.69041575982343,0.36363636363636365,18.727272727272727,3.0,-11,510,4.846921400107859,11.675451874363931,0.5882352941176471,15.647058823529411,6.764705882352941,-14,1673,5.0646601427251445,9.097543163260996,0.5263157894736842,11.605263157894736,5.2105263157894735,-16,2374,5.264839733075071,16.585431276039973,0.40816326530612246,13.10204081632653,7.918367346938775,-5
2025-05-18 13:03:19.173642,138,53740.826358,13.055277777777778,3,19,81,1,-1.0,-1.2999999999999972,5.900000000000006,-14.399999999999999,-7.199999999999996,-6.100000000000001,1.1000000000000014,-20.200000000000003,-13.0,0.0,0.0,0.0,0.0,0.0,1,31.3,19.5,52795.07,21935.27,100,0,-7.200000000000003,5.900000000000006,-11.100000000000001,9.800000000000004,0,0.0,0.0,0.0,0.0,0,100,15.0,18.4,0,-7.200000000000003,5.900000000000006,-10.399999999999999,9.100000000000001,0,0.0,0.0,0.0,0.0,0,100,12.1,14.8,0,-16.001132502831258,-19,49,2.3094010767585034,8.717797887081348,1.0,20.333333333333332,7.0,-4,164,2.7601053998320095,4.69041575982343,0.36363636363636365,18.727272727272727,3.0,-11,510,4.846921400107859,11.675451874363931,0.5882352941176471,15.647058823529411,6.764705882352941,-14,1673,5.0646601427251445,9.097543163260996,0.5263157894736842,11.605263157894736,5.2105263157894735,-16,2374,5.264839733075071,16.585431276039973,0.40816326530612246,13.10204081632653,7.918367346938775,-5
2025-05-18 13:03:19.173642,138,53740.826358,13.055277777777778,17,23,77,1,-1.0,-1.2999999999999972,5.900000000000006,-14.399999999999999,-7.199999999999996,-6.100000000000001,1.1000000000000014,-20.200000000000003,-13.0,0.0,0.0,0.0,0.0,0.0,1,31.3,19.5,52795.07,21935.27,100,0,-7.200000000000003,5.900000000000006,-11.100000000000001,9.800000000000004,0,0.0,0.0,0.0,0.0,0,100,15.0,18.4,0,-7.200000000000003,5.900000000000006,-10.399999999999999,9.100000000000001,0,0.0,0.0,0.0,0.0,0,100,12.1,14.8,0,-20.00657074883879,-23,49,2.3094010767585034,8.717797887081348,1.0,20.333333333333332,7.0,-4,164,2.7601053998320095,4.69041575982343,0.36363636363636365,18.727272727272727,3.0,-11,510,4.846921400107859,11.675451874363931,0.5882352941176471,15.647058823529411,6.764705882352941,-14,1673,5.0646601427251445,9.097543163260996,0.5263157894736842,11.605263157894736,5.2105263157894735,-16,2374,5.264839733075071,16.585431276039973,0.40816326530612246,13.10204081632653,7.918367346938775,-5
2025-05-18 13:04:06.820649,138,53693.179351,13.068333333333333,82,15,85,0,5.0,-7.299999999999997,5.900000000000006,-20.4,-7.199999999999996,-12.100000000000001,1.1000000000000014,-26.200000000000003,-13.0,0.0,0.0,0.0,0.0,0.0,1,31.3,19.5,52795.07,21935.27,100,0,-13.200000000000003,5.900000000000006,-17.1,9.800000000000004,0,0.0,0.0,0.0,0.0,0,100,15.0,18.4,0,-13.200000000000003,5.900000000000006,-16.4,9.100000000000001,0,0.0,0.0,0.0,0.0,0,100,12.1,14.8,0,0.5124245651402219,15,131,,,0.0,15.0,82.0,0,235,0.0,31.220128580315432,0.0,15.0,18.125,0,455,3.06526235962492,22.628890089146367,0.5,17.0625,14.75,3,1574,8.094999012292034,15.948814522862968,0.37333333333333335,24.773333333333333,12.346666666666666,25,2456,12.186536703907418,17.057399292038543,0.35714285714285715,30.06122448979592,11.744897959183673,26
2025-05-18 13:04:31.842742,138,53668.157258,13.075277777777778,3,33,67,0,3.0,-5.299999999999997,5.900000000000006,-18.4,-7.199999999999996,-10.100000000000001,1.1000000000000014,-24.200000000000003,-13.0,0.0,0.0,0.0,0.0,0.0,1,31.3,19.5,52795.07,21935.27,100,0,-11.200000000000003,5.900000000000006,-15.100000000000001,9.800000000000004,0,0.0,0.0,0.0,0.0,0,100,15.0,18.4,0,-11.200000000000003,5.900000000000006,-14.399999999999999,9.100000000000001,0,0.0,0.0,0.0,0.0,0,100,12.1,14.8,0,-13.427290024463161,33,134,,,0.0,33.0,3.0,0,238,0.8997354108424372,0.8997354108424372,0.0,34.142857142857146,1.8571428571428572,2,455,2.2997584414213783,1.2516655570345725,0.1,32.8,2.3,-3,1577,6.942258241735861,7.937699333375555,0.24444444444444444,32.82222222222222,4.2444444444444445,-6,2459,7.954800195721207,13.173162548851415,0.35384615384615387,29.307692307692307,6.446153846153846,-15
2025-05-18 13:05:08.013880,138,53631.98612,13.085555555555556,43,16,84,1,5.0,-7.299999999999997,5.900000000000006,-20.4,-7.199999999999996,-12.100000000000001,1.1000000000000014,-26.200000000000003,-13.0,0.0,0.0,0.0,0.0,0.0,1,31.3,19.5,52795.07,21935.27,100,0,-13.200000000000003,5.900000000000006,-17.1,9.800000000000004,0,0.0,0.0,0.0,0.0,0,100,15.0,18.4,0,-13.200000000000003,5.900000000000006,-16.4,9.100000000000001,0,0.0,0.0,0.0,0.0,0,100,12.1,14.8,0,-0.4800072046109509,-16,278,0.5773502691896257,43.06197084822446,0.6666666666666666,15.666666666666666,84.66666666666667,-1,322,0.5477225575051662,54.56922209451038,0.4,15.4,51.6,-1,619,2.8997408042834008,34.64441216296861,0.5555555555555556,16.944444444444443,22.666666666666668,2,1740,7.964174167824219,20.995484059130263,0.39473684210526316,24.342105263157894,14.328947368421053,23,2631,12.223987016757608,20.774817214671955,0.37,29.78,13.23,25
2025-05-18 13:05:08.013880,138,53631.98612,13.085555555555556,129,16,84,1,5.0,-7.299999999999997,5.900000000000006,-20.4,-7.199999999999996,-12.100000000000001,1.1000000000000014,-26.200000000000003,-13.0,0.0,0.0,0.0,0.0,0.0,1,31.3,19.5,52795.07,21935.27,100,0,-13.200000000000003,5.900000000000006,-17.1,9.800000000000004,0,0.0,0.0,0.0,0.0,0,100,15.0,18.4,0,-13.200000000000003,5.900000000000006,-16.4,9.100000000000001,0,0.0,0.0,0.0,0.0,0,100,12.1,14.8,0,-0.4837538573243787,-16,278,0.5773502691896257,43.06197084822446,0.6666666666666666,15.666666666666666,84.66666666666667,-1,322,0.5477225575051662,54.56922209451038,0.4,15.4,51.6,-1,619,2.8997408042834008,34.64441216296861,0.5555555555555556,16.944444444444443,22.666666666666668,2,1740,7.964174167824219,20.995484059130263,0.39473684210526316,24.342105263157894,14.328947368421053,23,2631,12.223987016757608,20.774817214671955,0.37,29.78,13.23,25
2025-05-18 13:05:08.615374,138,53631.384626,13.085555555555556,1,6,94,1,-3.0,0.7000000000000028,5.900000000000006,-12.399999999999999,-7.199999999999996,-4.100000000000001,1.1000000000000014,-18.200000000000003,-13.0,0.0,0.0,0.0,0.0,0.0,1,31.3,19.5,52795.07,21935.27,100,0,-5.200000000000003,5.900000000000006,-9.100000000000001,9.800000000000004,0,0.0,0.0,0.0,0.0,0,100,15.0,18.4,0,-5.200000000000003,5.900000000000006,-8.399999999999999,9.100000000000001,0,0.0,0.0,0.0,0.0,0,100,12.1,14.8,0,-3.969496855345912,-6,279,,,1.0,6.0,1.0,0,307,5.822779568622009,2.507132682112035,0.8571428571428571,10.285714285714286,3.5714285714285716,1,620,4.513715362495333,2.0272863906932614,0.5714285714285714,8.285714285714286,2.5714285714285716,0,1741,3.9960454760475783,20.923255212697,0.5652173913043478,6.826086956521739,6.3478260869565215,-3,2632,3.9960454760475783,20.923255212697,0.5652173913043478,6.826086956521739,6.3478260869565215,-3
2025-05-18 13:05:20.732565,138,53619.267435,13.08888888888889,5,27,73,0,3.0,-5.299999999999997,5.900000000000006,-18.4,-7.199999999999996,-10.100000000000001,1.1000000000000014,-24.200000000000003,-13.0,0.0,0.0,0.0,0.0,0.0,1,31.3,19.5,52795.07,21935.27,100,0,-11.200000000000003,5.900000000000006,-15.100000000000001,9.800000000000004,0,0.0,0.0,0.0,0.0,0,100,15.0,18.4,0,-11.200000000000003,5.900000000000006,-14.399999999999999,9.100000000000001,0,0.0,0.0,0.0,0.0,0,100,12.1,14.8,0,-7.438248095756251,27,318,2.1858128414340006,7.533259586659682,0.0,29.444444444444443,7.0,2,367,2.1858128414340006,7.533259586659682,0.0,29.444444444444443,7.0,2,680,2.937544325906703,6.150541981538429,0.0625,31.3125,4.6875,-1,1801,6.568882531056669,7.942463634928559,0.20754716981132076,32.24528301886792,4.735849056603773,-4,2692,7.522669949286997,12.665555106238449,0.3150684931506849,29.273972602739725,6.561643835616438,-13
2025-05-18 13:05:20.732565,138,53619.267435,13.08888888888889,5,32,68,0,3.0,-5.299999999999997,5.900000000000006,-18.4,-7.199999999999996,-10.100000000000001,1.1000000000000014,-24.200000000000003,-13.0,0.0,0.0,0.0,0.0,0.0,1,31.3,19.5,52795.07,21935.27,100,0,-11.200000000000003,5.900000000000006,-15.100000000000001,9.800000000000004,0,0.0,0.0,0.0,0.0,0,100,15.0,18.4,0,-11.200000000000003,5.900000000000006,-14.399999999999999,9.100000000000001,0,0.0,0.0,0.0,0.0,0,100,12.1,14.8,0,-12.448379188232082,32,318,2.1858128414340006,7.533259586659682,0.0,29.444444444444443,7.0,2,367,2.1858128414340006,7.533259586659682,0.0,29.444444444444443,7.0,2,680,2.937544325906703,6.150541981538429,0.0625,31.3125,4.6875,-1,1801,6.568882531056669,7.942463634928559,0.20754716981132076,32.24528301886792,4.735849056603773,-4,2692,7.522669949286997,12.665555106238449,0.3150684931506849,29.273972602739725,6.561643835616438,-13
2025-05-18 13:05:20.732565,138,53619.267435,13.08888888888889,4,28,72,0,3.0,-5.299999999999997,5.900000000000006,-18.4,-7.199999999999996,-10.100000000000001,1.1000000000000014,-24.200000000000003,-13.0,0.0,0.0,0.0,0.0,0.0,1,31.3,19.5,52795.07,21935.27,100,0,-11.200000000000003,5.900000000000006,-15.100000000000001,9.800000000000004,0,0.0,0.0,0.0,0.0,0,100,15.0,18.4,0,-11.200000000000003,5.900000000000006,-14.399999999999999,9.100000000000001,0,0.0,0.0,0.0,0.0,0,100,12.1,14.8,0,-8.465357337697768,28,318,2.1858128414340006,7.533259586659682,0.0,29.444444444444443,7.0,2,367,2.1858128414340006,7.533259586659682,0.0,29.444444444444443,7.0,2,680,2.937544325906703,6.150541981538429,0.0625,31.3125,4.6875,-1,1801,6.568882531056669,7.942463634928559,0.20754716981132076,32.24528301886792,4.735849056603773,-4,2692,7.522669949286997,12.665555106238449,0.3150684931506849,29.273972602739725,6.561643835616438,-13
2025-05-18 13:05:20.732565,138,53619.267435,13.08888888888889,5,28,72,0,3.0,-5.299999999999997,5.900000000000006,-18.4,-7.199999999999996,-10.100000000000001,1.1000000000000014,-24.200000000000003,-13.0,0.0,0.0,0.0,0.0,0.0,1,31.3,19.5,52795.07,21935.27,100,0,-11.200000000000003,5.900000000000006,-15.100000000000001,9.800000000000004,0,0.0,0.0,0.0,0.0,0,100,15.0,18.4,0,-11.200000000000003,5.900000000000006,-14.399999999999999,9.100000000000001,0,0.0,0.0,0.0,0.0,0,100,12.1,14.8,0,-8.474604041507376,28,318,2.1858128414340006,7.533259586659682,0.0,29.444444444444443,7.0,2,367,2.1858128414340006,7.533259586659682,0.0,29.444444444444443,7.0,2,680,2.937544325906703,6.150541981538429,0.0625,31.3125,4.6875,-1,1801,6.568882531056669,7.942463634928559,0.20754716981132076,32.24528301886792,4.735849056603773,-4,2692,7.522669949286997,12.665555106238449,0.3150684931506849,29.273972602739725,6.561643835616438,-13
2025-05-18 13:05:20.732565,138,53619.267435,13.08888888888889,27,27,73,0,3.0,-5.299999999999997,5.900000000000006,-18.4,-7.199999999999996,-10.100000000000001,1.1000000000000014,-24.200000000000003,-13.0,0.0,0.0,0.0,0.0,0.0,1,31.3,19.5,52795.07,21935.27,100,0,-11.200000000000003,5.900000000000006,-15.100000000000001,9.800000000000004,0,0.0,0.0,0.0,0.0,0,100,15.0,18.4,0,-11.200000000000003,5.900000000000006,-14.399999999999999,9.100000000000001,0,0.0,0.0,0.0,0.0,0,100,12.1,14.8,0,-7.486190866830739,27,318,2.1858128414340006,7.533259586659682,0.0,29.444444444444443,7.0,2,367,2.1858128414340006,7.533259586659682,0.0,29.444444444444443,7.0,2,680,2.937544325906703,6.150541981538429,0.0625,31.3125,4.6875,-1,1801,6.568882531056669,7.942463634928559,0.20754716981132076,32.24528301886792,4.735849056603773,-4,2692,7.522669949286997,12.665555106238449,0.3150684931506849,29.273972602739725,6.561643835616438,-13
2025-05-18 13:05:20.732565,138,53619.267435,13.08888888888889,5,30,70,0,3.0,-5.299999999999997,5.900000000000006,-18.4,-7.199999999999996,-10.100000000000001,1.1000000000000014,-24.200000000000003,-13.0,0.0,0.0,0.0,0.0,0.0,1,31.3,19.5,52795.07,21935.27,100,0,-11.200000000000003,5.900000000000006,-15.100000000000001,9.800000000000004,0,0.0,0.0,0.0,0.0,0,100,15.0,18.4,0,-11.200000000000003,5.900000000000006,-14.399999999999999,9.100000000000001,0,0.0,0.0,0.0,0.0,0,100,12.1,14.8,0,-10.54187327823692,30,318,2.1858128414340006,7.533259586659682,0.0,29.444444444444443,7.0,2,367,2.1858128414340006,7.533259586659682,0.0,29.444444444444443,7.0,2,680,2.937544325906703,6.150541981538429,0.0625,31.3125,4.6875,-1,1801,6.568882531056669,7.942463634928559,0.20754716981132076,32.24528301886792,4.735849056603773,-4,2692,7.522669949286997,12.665555106238449,0.3150684931506849,29.273972602739725,6.561643835616438,-13
2025-05-18 13:05:20.732565,138,53619.267435,13.08888888888889,5,29,71,0,3.0,-5.299999999999997,5.900000000000006,-18.4,-7.199999999999996,-10.100000000000001,1.1000000000000014,-24.200000000000003,-13.0,0.0,0.0,0.0,0.0,0.0,1,31.3,19.5,52795.07,21935.27,100,0,-11.200000000000003,5.900000000000006,-15.100000000000001,9.800000000000004,0,0.0,0.0,0.0,0.0,0,100,15.0,18.4,0,-11.200000000000003,5.900000000000006,-14.399999999999999,9.100000000000001,0,0.0,0.0,0.0,0.0,0,100,12.1,14.8,0,-9.556413793103445,29,318,2.1858128414340006,7.533259586659682,0.0,29.444444444444443,7.0,2,367,2.1858128414340006,7.533259586659682,0.0,29.444444444444443,7.0,2,680,2.937544325906703,6.150541981538429,0.0625,31.3125,4.6875,-1,1801,6.568882531056669,7.942463634928559,0.20754716981132076,32.24528301886792,4.735849056603773,-4,2692,7.522669949286997,12.665555106238449,0.3150684931506849,29.273972602739725,6.561643835616438,-13
2025-05-18 13:05:20.732565,138,53619.267435,13.08888888888889,4,31,69,0,3.0,-5.299999999999997,5.900000000000006,-18.4,-7.199999999999996,-10.100000000000001,1.1000000000000014,-24.200000000000003,-13.0,0.0,0.0,0.0,0.0,0.0,1,31.3,19.5,52795.07,21935.27,100,0,-11.200000000000003,5.900000000000006,-15.100000000000001,9.800000000000004,0,0.0,0.0,0.0,0.0,0,100,15.0,18.4,0,-11.200000000000003,5.900000000000006,-14.399999999999999,9.100000000000001,0,0.0,0.0,0.0,0.0,0,100,12.1,14.8,0,-11.5696132596685,31,318,2.1858128414340006,7.533259586659682,0.0,29.444444444444443,7.0,2,367,2.1858128414340006,7.533259586659682,0.0,29.444444444444443,7.0,2,680,2.937544325906703,6.150541981538429,0.0625,31.3125,4.6875,-1,1801,6.568882531056669,7.942463634928559,0.20754716981132076,32.24528301886792,4.735849056603773,-4,2692,7.522669949286997,12.665555106238449,0.3150684931506849,29.273972602739725,6.561643835616438,-13
2025-05-18 13:05:24.349910,138,53615.65009,13.09,4,6,94,0,-3.0,0.7000000000000028,5.900000000000006,-12.399999999999999,-7.199999999999996,-4.100000000000001,1.1000000000000014,-18.200000000000003,-13.0,0.0,0.0,0.0,0.0,0.0,1,31.3,19.5,52795.07,21935.27,100,0,-5.200000000000003,5.900000000000006,-9.100000000000001,9.800000000000004,0,0.0,0.0,0.0,0.0,0,100,15.0,18.4,0,-5.200000000000003,5.900000000000006,-8.399999999999999,9.100000000000001,0,0.0,0.0,0.0,0.0,0,100,12.1,14.8,0,-3.970745517458326,6,322,0.0,2.1213203435596424,0.5,6.0,2.5,0,371,5.599744892148468,2.326094212561969,0.75,9.75,3.625,1,684,4.389381125701739,1.9880595947760098,0.5333333333333333,8.133333333333333,2.6666666666666665,0,1805,3.9118456298637416,20.46895847056135,0.5416666666666666,6.791666666666667,6.25,-3,2696,3.9118456298637416,20.46895847056135,0.5416666666666666,6.791666666666667,6.25,-3
2025-05-18 13:05:30.613459,138,53609.386541,13.091666666666667,2,5,95,0,-3.0,0.7000000000000028,5.900000000000006,-12.399999999999999,-7.199999999999996,-4.100000000000001,1.1000000000000014,-18.200000000000003,-13.0,0.0,0.0,0.0,0.0,0.0,1,31.3,19.5,52795.07,21935.27,100,0,-5.200000000000003,5.900000000000006,-9.100000000000001,9.800000000000004,0,0.0,0.0,0.0,0.0,0,100,15.0,18.4,0,-5.200000000000003,5.900000000000006,-8.399999999999999,9.100000000000001,0,0.0,0.0,0.0,0.0,0,100,12.1,14.8,0,-2.9757480314960674,5,324,0.5773502691896258,1.5275252316519468,0.3333333333333333,5.666666666666667,2.3333333333333335,1,373,5.4721517197940015,2.2422706745122847,0.6666666666666666,9.222222222222221,3.4444444444444446,2,686,4.312288642163617,1.927865832122834,0.5,7.9375,2.625,1,1807,3.8462102559965876,20.056004919557964,0.52,6.72,6.08,-2,2698,3.8462102559965876,20.056004919557964,0.52,6.72,6.08,-2
2025-05-18 13:05:33.564308,138,53606.435692,13.092500000000001,50,16,84,0,5.0,-7.299999999999997,5.900000000000006,-20.4,-7.199999999999996,-12.100000000000001,1.1000000000000014,-26.200000000000003,-13.0,0.0,0.0,0.0,0.0,0.0,1,31.3,19.5,52795.07,21935.27,100,0,-13.200000000000003,5.900000000000006,-17.1,9.800000000000004,0,0.0,0.0,0.0,0.0,0,100,15.0,18.4,0,-13.200000000000003,5.900000000000006,-16.4,9.100000000000001,0,0.0,0.0,0.0,0.0,0,100,12.1,14.8,0,-0.49535315985130524,16,388,0.5477225575051661,43.83263624287273,0.4,15.6,63.6,0,437,0.5477225575051661,43.83263624287273,0.4,15.6,63.6,0,750,2.7834094957538382,33.41036712726975,0.5,16.8,23.6,3,1871,7.9853449684866,21.11111447032473,0.38461538461538464,24.115384615384617,14.782051282051283,24,2762,12.26501908148972,20.88784752757164,0.3627450980392157,29.5,13.598039215686274,26
2025-05-18 13:05:33.564308,138,53606.435692,13.092500000000001,14,15,85,0,5.0,-7.299999999999997,5.900000000000006,-20.4,-7.199999999999996,-12.100000000000001,1.1000000000000014,-26.200000000000003,-13.0,0.0,0.0,0.0,0.0,0.0,1,31.3,19.5,52795.07,21935.27,100,0,-13.200000000000003,5.900000000000006,-17.1,9.800000000000004,0,0.0,0.0,0.0,0.0,0,100,15.0,18.4,0,-13.200000000000003,5.900000000000006,-16.4,9.100000000000001,0,0.0,0.0,0.0,0.0,0,100,12.1,14.8,0,0.5,15,388,0.5477225575051661,43.83263624287273,0.4,15.6,63.6,0,437,0.5477225575051661,43.83263624287273,0.4,15.6,63.6,0,750,2.7834094957538382,33.41036712726975,0.5,16.8,23.6,3,1871,7.9853449684866,21.11111447032473,0.38461538461538464,24.115384615384617,14.782051282051283,24,2762,12.26501908148972,20.88784752757164,0.3627450980392157,29.5,13.598039215686274,26
2025-05-18 13:05:35.819738,138,53604.180262,13.093055555555557,3,35,65,0,1.0,-3.299999999999997,5.900000000000006,-16.4,-7.199999999999996,-8.100000000000001,1.1000000000000014,-22.200000000000003,-13.0,0.0,0.0,0.0,0.0,0.0,1,31.3,19.5,52795.07,21935.27,100,0,-9.200000000000003,5.900000000000006,-13.100000000000001,9.800000000000004,0,0.0,0.0,0.0,0.0,0,100,15.0,18.4,0,-9.200000000000003,5.900000000000006,-12.399999999999999,9.100000000000001,0,0.0,0.0,0.0,0.0,0,100,12.1,14.8,0,51.76972530683811,-65,391,,,0.0,35.0,3.0,0,440,0.7071067811865476,0.7071067811865476,0.0,35.5,3.5,1,753,4.645863276512298,3.4035342783708793,0.2222222222222222,30.25925925925926,3.259259259259259,-8,1874,4.563155342413945,3.1518756438041065,0.3617021276595745,29.70212765957447,2.978723404255319,-15,2765,5.516096291376661,14.765990016009164,0.2982456140350877,28.035087719298247,6.298245614035087,-14
2025-05-18 13:06:31.149242,138,53548.850758,13.108611111111111,29,35,65,1,1.0,-3.299999999999997,5.900000000000006,-16.4,-7.199999999999996,-8.100000000000001,1.1000000000000014,-22.200000000000003,-13.0,0.0,0.0,0.0,0.0,0.0,1,31.3,19.5,52795.07,21935.27,100,0,-9.200000000000003,5.900000000000006,-13.100000000000001,9.800000000000004,0,0.0,0.0,0.0,0.0,0,100,15.0,18.4,0,-9.200000000000003,5.900000000000006,-12.399999999999999,9.100000000000001,0,0.0,0.0,0.0,0.0,0,100,12.1,14.8,0,51.78107416879796,65,338,0.0,18.384776310850235,0.5,35.0,16.0,0,469,0.5773502691896258,14.730919862656235,0.3333333333333333,35.333333333333336,12.0,1,782,4.646213682914464,5.90074428091771,0.25,30.428571428571427,4.178571428571429,-8,1788,4.39114406060221,4.933695430536334,0.3617021276595745,30.02127659574468,3.5319148936170213,-14,2794,5.543454253213538,14.93636431084808,0.3103448275862069,28.155172413793103,6.689655172413793,-14
2025-05-18 13:08:37.114593,138,53422.885407,13.143611111111111,2,4,96,1,-3.0,0.7000000000000028,5.900000000000006,-12.399999999999999,-7.199999999999996,-4.100000000000001,1.1000000000000014,-18.200000000000003,-13.0,0.0,0.0,0.0,0.0,0.0,1,31.3,19.5,52795.07,21935.27,100,0,-5.200000000000003,5.900000000000006,-9.100000000000001,9.800000000000004,0,0.0,0.0,0.0,0.0,0,100,15.0,18.4,0,-5.200000000000003,5.900000000000006,-8.399999999999999,9.100000000000001,0,0.0,0.0,0.0,0.0,0,100,12.1,14.8,0,-1.977623699968484,-4,2,,,1.0,4.0,2.0,0,422,0.9574271077563381,1.2583057392117916,0.5,5.25,2.25,2,726,4.283175018055428,1.8727928185403935,0.5294117647058824,7.705882352941177,2.588235294117647,2,1582,3.8109491381194442,1.705872210923198,0.52,6.76,2.08,0,2796,3.8060680296276694,19.667075180459502,0.5384615384615384,6.615384615384615,5.923076923076923,-1
2025-05-18 13:08:43.694758,138,53416.305242,13.145277777777777,1,15,85,1,-1.0,-1.2999999999999972,5.900000000000006,-14.399999999999999,-7.199999999999996,-6.100000000000001,1.1000000000000014,-20.200000000000003,-13.0,0.0,0.0,0.0,0.0,0.0,1,31.3,19.5,52795.07,21935.27,100,0,-7.200000000000003,5.900000000000006,-11.100000000000001,9.800000000000004,0,0.0,0.0,0.0,0.0,0,100,15.0,18.4,0,-7.200000000000003,5.900000000000006,-10.399999999999999,9.100000000000001,0,0.0,0.0,0.0,0.0,0,100,12.1,14.8,0,-12.045175936435868,-15,3,,,1.0,15.0,1.0,0,423,,,1.0,15.0,1.0,0,727,4.541475531146237,8.254677818204229,0.5882352941176471,16.0,4.529411764705882,-5,1583,5.063130861201107,9.235299470104962,0.5428571428571428,12.2,5.057142857142857,-6,2797,5.217748361044606,16.44445195195024,0.42,13.14,7.78,3
2025-05-18 13:09:14.694832,138,53385.305168,13.15388888888889,3,31,69,1,1.0,-3.299999999999997,5.900000000000006,-16.4,-7.199999999999996,-8.100000000000001,1.1000000000000014,-22.200000000000003,-13.0,0.0,0.0,0.0,0.0,0.0,1,31.3,19.5,52795.07,21935.27,100,0,-9.200000000000003,5.900000000000006,-13.100000000000001,9.800000000000004,0,0.0,0.0,0.0,0.0,0,100,15.0,18.4,0,-9.200000000000003,5.900000000000006,-12.399999999999999,9.100000000000001,0,0.0,0.0,0.0,0.0,0,100,12.1,14.8,0,55.891036906854126,69,24,1.0,6.928203230275509,1.0,31.0,7.0,1,362,2.3021728866442674,11.523888232710346,0.8,32.6,10.6,5,719,2.1730674684008826,7.415978157070299,0.5555555555555556,33.388888888888886,6.055555555555555,5,1604,4.101704473976244,5.096016851924848,0.3877551020408163,30.26530612244898,3.7755102040816326,-8,2818,5.441642712438595,14.613172439383911,0.3442622950819672,28.295081967213115,6.704918032786885,-9
2025-05-18 13:09:14.694832,138,53385.305168,13.15388888888889,15,32,68,1,1.0,-3.299999999999997,5.900000000000006,-16.4,-7.199999999999996,-8.100000000000001,1.1000000000000014,-22.200000000000003,-13.0,0.0,0.0,0.0,0.0,0.0,1,31.3,19.5,52795.07,21935.27,100,0,-9.200000000000003,5.900000000000006,-13.100000000000001,9.800000000000004,0,0.0,0.0,0.0,0.0,0,100,15.0,18.4,0,-9.200000000000003,5.900000000000006,-12.399999999999999,9.100000000000001,0,0.0,0.0,0.0,0.0,0,100,12.1,14.8,0,54.90331795209843,68,24,1.0,6.928203230275509,1.0,31.0,7.0,1,362,2.3021728866442674,11.523888232710346,0.8,32.6,10.6,5,719,2.1730674684008826,7.415978157070299,0.5555555555555556,33.388888888888886,6.055555555555555,5,1604,4.101704473976244,5.096016851924848,0.3877551020408163,30.26530612244898,3.7755102040816326,-8,2818,5.441642712438595,14.613172439383911,0.3442622950819672,28.295081967213115,6.704918032786885,-9
2025-05-18 13:09:14.694832,138,53385.305168,13.15388888888889,3,30,70,1,1.0,-3.299999999999997,5.900000000000006,-16.4,-7.199999999999996,-8.100000000000001,1.1000000000000014,-22.200000000000003,-13.0,0.0,0.0,0.0,0.0,0.0,1,31.3,19.5,52795.07,21935.27,100,0,-9.200000000000003,5.900000000000006,-13.100000000000001,9.800000000000004,0,0.0,0.0,0.0,0.0,0,100,15.0,18.4,0,-9.200000000000003,5.900000000000006,-12.399999999999999,9.100000000000001,0,0.0,0.0,0.0,0.0,0,100,12.1,14.8,0,56.96370435547735,70,24,1.0,6.928203230275509,1.0,31.0,7.0,1,362,2.3021728866442674,11.523888232710346,0.8,32.6,10.6,5,719,2.1730674684008826,7.415978157070299,0.5555555555555556,33.388888888888886,6.055555555555555,5,1604,4.101704473976244,5.096016851924848,0.3877551020408163,30.26530612244898,3.7755102040816326,-8,2818,5.441642712438595,14.613172439383911,0.3442622950819672,28.295081967213115,6.704918032786885,-9
2025-05-18 13:10:13.670558,138,53326.329442,13.170277777777777,4,3,97,0,-3.0,0.7000000000000028,5.900000000000006,-12.399999999999999,-7.199999999999996,-4.100000000000001,1.1000000000000014,-18.200000000000003,-13.0,0.0,0.0,0.0,0.0,0.0,1,31.3,19.5,52795.07,21935.27,100,0,-5.200000000000003,5.900000000000006,-9.100000000000001,9.800000000000004,0,0.0,0.0,0.0,0.0,0,100,15.0,18.4,0,-5.200000000000003,5.900000000000006,-8.399999999999999,9.100000000000001,0,0.0,0.0,0.0,0.0,0,100,12.1,14.8,0,-0.9788710186061138,3,28,0.7071067811865476,1.4142135623730951,0.5,3.5,3.0,1,190,1.2909944487358056,1.1547005383792515,0.25,4.5,3.0,3,680,4.300782722498754,1.8470962903655979,0.5,7.444444444444445,2.6666666666666665,3,1476,3.9960454760475783,1.7693034738587654,0.43478260869565216,6.826086956521739,2.3043478260869565,3,2822,3.796459589289133,19.288704753148437,0.5185185185185185,6.481481481481482,5.851851851851852,0
2025-05-18 13:13:37.674465,138,53122.325535,13.226944444444445,2,16,84,1,-1.0,-1.2999999999999972,5.900000000000006,-14.399999999999999,-7.199999999999996,-6.100000000000001,1.1000000000000014,-20.200000000000003,-13.0,0.0,0.0,0.0,0.0,0.0,1,31.3,19.5,52795.07,21935.27,100,0,-7.200000000000003,5.900000000000006,-11.100000000000001,9.800000000000004,0,0.0,0.0,0.0,0.0,0,100,15.0,18.4,0,-7.200000000000003,5.900000000000006,-10.399999999999999,9.100000000000001,0,0.0,0.0,0.0,0.0,0,100,12.1,14.8,0,-13.046543307980475,-16,2,,,1.0,16.0,2.0,0,28,0.7071067811865476,0.7071067811865476,1.0,15.5,1.5,-1,603,2.179449471770337,4.509249752822894,0.4166666666666667,18.75,2.8333333333333335,5,1382,5.00144906538327,10.770245512791114,0.7083333333333334,14.166666666666666,6.791666666666667,-6,2824,5.180809233481338,16.29928423786354,0.43137254901960786,13.196078431372548,7.666666666666667,2
2025-05-18 13:15:41.683819,138,52998.316181,13.261388888888888,3,18,82,1,-1.0,-1.2999999999999972,5.900000000000006,-14.399999999999999,-7.199999999999996,-6.100000000000001,1.1000000000000014,-20.200000000000003,-13.0,0.0,0.0,0.0,0.0,0.0,1,31.3,19.5,52795.07,21935.27,100,0,-7.200000000000003,5.900000000000006,-11.100000000000001,9.800000000000004,0,0.0,0.0,0.0,0.0,0,100,15.0,18.4,0,-7.200000000000003,5.900000000000006,-10.399999999999999,9.100000000000001,0,0.0,0.0,0.0,0.0,0,100,12.1,14.8,0,-15.049506074713296,-18,168,2.1858128414340006,35.36594407053204,1.0,20.555555555555557,18.666666666666668,-5,170,2.514402955419481,33.7573037364591,1.0,20.1,17.0,-7,667,2.6654072117400007,28.84021916973312,1.0,19.785714285714285,13.714285714285714,-4,1550,5.246210753746676,20.613231261262825,0.7878787878787878,15.909090909090908,10.030303030303031,-13,2992,5.515156312611853,20.258910294674877,0.5166666666666667,14.3,9.316666666666666,-5
2025-05-18 13:15:41.683819,138,52998.316181,13.261388888888888,2,23,77,1,-1.0,-1.2999999999999972,5.900000000000006,-14.399999999999999,-7.199999999999996,-6.100000000000001,1.1000000000000014,-20.200000000000003,-13.0,0.0,0.0,0.0,0.0,0.0,1,31.3,19.5,52795.07,21935.27,100,0,-7.200000000000003,5.900000000000006,-11.100000000000001,9.800000000000004,0,0.0,0.0,0.0,0.0,0,100,15.0,18.4,0,-7.200000000000003,5.900000000000006,-10.399999999999999,9.100000000000001,0,0.0,0.0,0.0,0.0,0,100,12.1,14.8,0,-20.05463425715584,-23,168,2.1858128414340006,35.36594407053204,1.0,20.555555555555557,18.666666666666668,-5,170,2.514402955419481,33.7573037364591,1.0,20.1,17.0,-7,667,2.6654072117400007,28.84021916973312,1.0,19.785714285714285,13.714285714285714,-4,1550,5.246210753746676,20.613231261262825,0.7878787878787878,15.909090909090908,10.030303030303031,-13,2992,5.515156312611853,20.258910294674877,0.5166666666666667,14.3,9.316666666666666,-5
2025-05-18 13:15:41.683819,138,52998.316181,13.261388888888888,2,20,80,1,-1.0,-1.2999999999999972,5.900000000000006,-14.399999999999999,-7.199999999999996,-6.100000000000001,1.1000000000000014,-20.200000000000003,-13.0,0.0,0.0,0.0,0.0,0.0,1,31.3,19.5,52795.07,21935.27,100,0,-7.200000000000003,5.900000000000006,-11.100000000000001,9.800000000000004,0,0.0,0.0,0.0,0.0,0,100,15.0,18.4,0,-7.200000000000003,5.900000000000006,-10.399999999999999,9.100000000000001,0,0.0,0.0,0.0,0.0,0,100,12.1,14.8,0,-17.059191092933425,-20,168,2.1858128414340006,35.36594407053204,1.0,20.555555555555557,18.666666666666668,-5,170,2.514402955419481,33.7573037364591,1.0,20.1,17.0,-7,667,2.6654072117400007,28.84021916973312,1.0,19.785714285714285,13.714285714285714,-4,1550,5.246210753746676,20.613231261262825,0.7878787878787878,15.909090909090908,10.030303030303031,-13,2992,5.515156312611853,20.258910294674877,0.5166666666666667,14.3,9.316666666666666,-5
2025-05-18 13:15:41.683819,138,52998.316181,13.261388888888888,2,17,83,1,-1.0,-1.2999999999999972,5.900000000000006,-14.399999999999999,-7.199999999999996,-6.100000000000001,1.1000000000000014,-20.200000000000003,-13.0,0.0,0.0,0.0,0.0,0.0,1,31.3,19.5,52795.07,21935.27,100,0,-7.200000000000003,5.900000000000006,-11.100000000000001,9.800000000000004,0,0.0,0.0,0.0,0.0,0,100,15.0,18.4,0,-7.200000000000003,5.900000000000006,-10.399999999999999,9.100000000000001,0,0.0,0.0,0.0,0.0,0,100,12.1,14.8,0,-14.063068181818181,-17,168,2.1858128414340006,35.36594407053204,1.0,20.555555555555557,18.666666666666668,-5,170,2.514402955419481,33.7573037364591,1.0,20.1,17.0,-7,667,2.6654072117400007,28.84021916973312,1.0,19.785714285714285,13.714285714285714,-4,1550,5.246210753746676,20.613231261262825,0.7878787878787878,15.909090909090908,10.030303030303031,-13,2992,5.515156312611853,20.258910294674877,0.5166666666666667,14.3,9.316666666666666,-5
2025-05-18 13:15:41.683819,138,52998.316181,13.261388888888888,50,22,78,1,-1.0,-1.2999999999999972,5.900000000000006,-14.399999999999999,-7.199999999999996,-6.100000000000001,1.1000000000000014,-20.200000000000003,-13.0,0.0,0.0,0.0,0.0,0.0,1,31.3,19.5,52795.07,21935.27,100,0,-7.200000000000003,5.900000000000006,-11.100000000000001,9.800000000000004,0,0.0,0.0,0.0,0.0,0,100,15.0,18.4,0,-7.200000000000003,5.900000000000006,-10.399999999999999,9.100000000000001,0,0.0,0.0,0.0,0.0,0,100,12.1,14.8,0,-19.066265060240966,-22,168,2.1858128414340006,35.36594407053204,1.0,20.555555555555557,18.666666666666668,-5,170,2.514402955419481,33.7573037364591,1.0,20.1,17.0,-7,667,2.6654072117400007,28.84021916973312,1.0,19.785714285714285,13.714285714285714,-4,1550,5.246210753746676,20.613231261262825,0.7878787878787878,15.909090909090908,10.030303030303031,-13,2992,5.515156312611853,20.258910294674877,0.5166666666666667,14.3,9.316666666666666,-5
2025-05-18 13:15:41.683819,138,52998.316181,13.261388888888888,2,22,78,1,-1.0,-1.2999999999999972,5.900000000000006,-14.399999999999999,-7.199999999999996,-6.100000000000001,1.1000000000000014,-20.200000000000003,-13.0,0.0,0.0,0.0,0.0,0.0,1,31.3,19.5,52795.07,21935.27,100,0,-7.200000000000003,5.900000000000006,-11.100000000000001,9.800000000000004,0,0.0,0.0,0.0,0.0,0,100,15.0,18.4,0,-7.200000000000003,5.900000000000006,-10.399999999999999,9.100000000000001,0,0.0,0.0,0.0,0.0,0,100,12.1,14.8,0,-19.175240054869683,-22,168,2.1858128414340006,35.36594407053204,1.0,20.555555555555557,18.666666666666668,-5,170,2.514402955419481,33.7573037364591,1.0,20.1,17.0,-7,667,2.6654072117400007,28.84021916973312,1.0,19.785714285714285,13.714285714285714,-4,1550,5.246210753746676,20.613231261262825,0.7878787878787878,15.909090909090908,10.030303030303031,-13,2992,5.515156312611853,20.258910294674877,0.5166666666666667,14.3,9.316666666666666,-5
2025-05-18 13:15:41.683819,138,52998.316181,13.261388888888888,2,21,79,1,-1.0,-1.2999999999999972,5.900000000000006,-14.399999999999999,-7.199999999999996,-6.100000000000001,1.1000000000000014,-20.200000000000003,-13.0,0.0,0.0,0.0,0.0,0.0,1,31.3,19.5,52795.07,21935.27,100,0,-7.200000000000003,5.900000000000006,-11.100000000000001,9.800000000000004,0,0.0,0.0,0.0,0.0,0,100,15.0,18.4,0,-7.200000000000003,5.900000000000006,-10.399999999999999,9.100000000000001,0,0.0,0.0,0.0,0.0,0,100,12.1,14.8,0,-18.179624971415503,-21,168,2.1858128414340006,35.36594407053204,1.0,20.555555555555557,18.666666666666668,-5,170,2.514402955419481,33.7573037364591,1.0,20.1,17.0,-7,667,2.6654072117400007,28.84021916973312,1.0,19.785714285714285,13.714285714285714,-4,1550,5.246210753746676,20.613231261262825,0.7878787878787878,15.909090909090908,10.030303030303031,-13,2992,5.515156312611853,20.258910294674877,0.5166666666666667,14.3,9.316666666666666,-5
2025-05-18 13:15:41.683819,138,52998.316181,13.261388888888888,2,19,81,1,-1.0,-1.2999999999999972,5.900000000000006,-14.399999999999999,-7.199999999999996,-6.100000000000001,1.1000000000000014,-20.200000000000003,-13.0,0.0,0.0,0.0,0.0,0.0,1,31.3,19.5,52795.07,21935.27,100,0,-7.200000000000003,5.900000000000006,-11.100000000000001,9.800000000000004,0,0.0,0.0,0.0,0.0,0,100,15.0,18.4,0,-7.200000000000003,5.900000000000006,-10.399999999999999,9.100000000000001,0,0.0,0.0,0.0,0.0,0,100,12.1,14.8,0,-16.18378316559927,-19,168,2.1858128414340006,35.36594407053204,1.0,20.555555555555557,18.666666666666668,-5,170,2.514402955419481,33.7573037364591,1.0,20.1,17.0,-7,667,2.6654072117400007,28.84021916973312,1.0,19.785714285714285,13.714285714285714,-4,1550,5.246210753746676,20.613231261262825,0.7878787878787878,15.909090909090908,10.030303030303031,-13,2992,5.515156312611853,20.258910294674877,0.5166666666666667,14.3,9.316666666666666,-5
2025-05-18 13:15:41.683819,138,52998.316181,13.261388888888888,103,23,77,1,-1.0,-1.2999999999999972,5.900000000000006,-14.399999999999999,-7.199999999999996,-6.100000000000001,1.1000000000000014,-20.200000000000003,-13.0,0.0,0.0,0.0,0.0,0.0,1,31.3,19.5,52795.07,21935.27,100,0,-7.200000000000003,5.900000000000006,-11.100000000000001,9.800000000000004,0,0.0,0.0,0.0,0.0,0,100,15.0,18.4,0,-7.200000000000003,5.900000000000006,-10.399999999999999,9.100000000000001,0,0.0,0.0,0.0,0.0,0,100,12.1,14.8,0,-20.187485701212537,-23,168,2.1858128414340006,35.36594407053204,1.0,20.555555555555557,18.666666666666668,-5,170,2.514402955419481,33.7573037364591,1.0,20.1,17.0,-7,667,2.6654072117400007,28.84021916973312,1.0,19.785714285714285,13.714285714285714,-4,1550,5.246210753746676,20.613231261262825,0.7878787878787878,15.909090909090908,10.030303030303031,-13,2992,5.515156312611853,20.258910294674877,0.5166666666666667,14.3,9.316666666666666,-5
2025-05-18 13:15:50.901028,138,52989.098972,13.26388888888889,2,30,70,0,1.0,-3.299999999999997,5.900000000000006,-16.4,-7.199999999999996,-8.100000000000001,1.1000000000000014,-22.200000000000003,-13.0,0.0,0.0,0.0,0.0,0.0,1,31.3,19.5,52795.07,21935.27,100,0,-9.200000000000003,5.900000000000006,-13.100000000000001,9.800000000000004,0,0.0,0.0,0.0,0.0,0,100,15.0,18.4,0,-9.200000000000003,5.900000000000006,-12.399999999999999,9.100000000000001,0,0.0,0.0,0.0,0.0,0,100,12.1,14.8,0,56.97623762376237,-70,170,,,0.0,30.0,2.0,0,172,,,0.0,30.0,2.0,0,669,2.563479777846623,10.130106002359877,0.5714285714285714,32.714285714285715,8.428571428571429,6,1552,4.034347552045685,5.5883566215596625,0.42105263157894735,30.68421052631579,4.5,1,2994,5.401196569153509,14.505209771786571,0.3387096774193548,28.322580645161292,6.629032258064516,-9
2025-05-18 13:19:24.720091,138,52775.279909,13.323333333333332,23,26,74,1,3.0,-5.299999999999997,5.900000000000006,-18.4,-7.199999999999996,-10.100000000000001,1.1000000000000014,-24.200000000000003,-13.0,0.0,0.0,0.0,0.0,0.0,1,31.3,19.5,52795.07,21935.27,100,0,-11.200000000000003,5.900000000000006,-15.100000000000001,9.800000000000004,0,0.0,0.0,0.0,0.0,0,100,15.0,18.4,0,-11.200000000000003,5.900000000000006,-14.399999999999999,9.100000000000001,0,0.0,0.0,0.0,0.0,0,100,12.1,14.8,0,-6.58241150442478,-26,31,0.0,10.606601717798213,1.0,26.0,15.5,0,201,0.0,10.606601717798213,1.0,26.0,15.5,0,569,2.400757456228422,8.274824908886428,0.18181818181818182,28.818181818181817,8.545454545454545,7,1504,3.710816795575144,5.474187964526587,0.15625,32.1875,4.96875,14,3025,7.439291838815241,12.637353469089275,0.3333333333333333,29.186666666666667,6.8,-8
2025-05-18 13:19:24.720091,138,52775.279909,13.323333333333332,8,26,74,1,3.0,-5.299999999999997,5.900000000000006,-18.4,-7.199999999999996,-10.100000000000001,1.1000000000000014,-24.200000000000003,-13.0,0.0,0.0,0.0,0.0,0.0,1,31.3,19.5,52795.07,21935.27,100,0,-11.200000000000003,5.900000000000006,-15.100000000000001,9.800000000000004,0,0.0,0.0,0.0,0.0,0,100,15.0,18.4,0,-11.200000000000003,5.900000000000006,-14.399999999999999,9.100000000000001,0,0.0,0.0,0.0,0.0,0,100,12.1,14.8,0,-6.6245477317005275,-26,31,0.0,10.606601717798213,1.0,26.0,15.5,0,201,0.0,10.606601717798213,1.0,26.0,15.5,0,569,2.400757456228422,8.274824908886428,0.18181818181818182,28.818181818181817,8.545454545454545,7,1504,3.710816795575144,5.474187964526587,0.15625,32.1875,4.96875,14,3025,7.439291838815241,12.637353469089275,0.3333333333333333,29.186666666666667,6.8,-8
2025-05-18 13:24:39.749330,138,52460.25067,13.410833333333334,3,6,94,0,-3.0,0.7000000000000028,5.900000000000006,-12.399999999999999,-7.199999999999996,-4.100000000000001,1.1000000000000014,-18.200000000000003,-13.0,0.0,0.0,0.0,0.0,0.0,1,31.3,19.5,52795.07,21935.27,100,0,-5.200000000000003,5.900000000000006,-9.100000000000001,9.800000000000004,0,0.0,0.0,0.0,0.0,0,100,15.0,18.4,0,-5.200000000000003,5.900000000000006,-8.399999999999999,9.100000000000001,0,0.0,0.0,0.0,0.0,0,100,12.1,14.8,0,-3.9036055923473185,6,3,,,0.0,6.0,3.0,0,3,,,0.0,6.0,3.0,0,210,2.1213203435596424,0.7071067811865476,0.0,4.5,3.5,-3,1455,4.115119746291205,1.7888543819998317,0.5,7.25,2.6,-1,3028,3.7266024925615735,18.935807741282517,0.5,6.464285714285714,5.75,-3
2025-05-18 13:24:40.123854,138,52459.876146,13.411111111111111,3,6,94,0,-3.0,0.7000000000000028,5.900000000000006,-12.399999999999999,-7.199999999999996,-4.100000000000001,1.1000000000000014,-18.200000000000003,-13.0,0.0,0.0,0.0,0.0,0.0,1,31.3,19.5,52795.07,21935.27,100,0,-5.200000000000003,5.900000000000006,-9.100000000000001,9.800000000000004,0,0.0,0.0,0.0,0.0,0,100,15.0,18.4,0,-5.200000000000003,5.900000000000006,-8.399999999999999,9.100000000000001,0,0.0,0.0,0.0,0.0,0,100,12.1,14.8,0,-3.9079189686924565,6,6,0.0,0.0,0.0,6.0,3.0,0,6,0.0,0.0,0.0,6.0,3.0,0,213,1.7320508075688772,0.5773502691896258,0.0,5.0,3.3333333333333335,-3,1458,4.020187155084296,1.7457431218879391,0.47619047619047616,7.190476190476191,2.619047619047619,-1,3031,3.6604664700451943,18.601604888651345,0.4827586206896552,6.448275862068965,5.655172413793103,-3
2025-05-18 13:26:31.393408,138,52348.606592,13.441944444444445,40,24,76,1,-1.0,-1.2999999999999972,5.900000000000006,-14.399999999999999,-7.199999999999996,-6.100000000000001,1.1000000000000014,-20.200000000000003,-13.0,0.0,0.0,0.0,0.0,0.0,1,31.3,19.5,52795.07,21935.27,100,0,-7.200000000000003,5.900000000000006,-11.100000000000001,9.800000000000004,0,0.0,0.0,0.0,0.0,0,100,15.0,18.4,0,-7.200000000000003,5.900000000000006,-10.399999999999999,9.100000000000001,0,0.0,0.0,0.0,0.0,0,100,12.1,14.8,0,-21.42817455724042,-24,96,0.7071067811865476,7.0710678118654755,1.0,23.5,45.0,1,96,0.7071067811865476,7.0710678118654755,1.0,23.5,45.0,1,299,2.6400183654090306,32.49149072752695,1.0,20.666666666666668,21.666666666666668,-7,1536,5.395765535518173,21.661141290726274,0.8,16.34285714285714,12.028571428571428,-13,3121,5.666871451386226,20.932927815972242,0.532258064516129,14.596774193548388,10.46774193548387,-5
2025-05-18 13:26:31.393408,138,52348.606592,13.441944444444445,50,23,77,1,-1.0,-1.2999999999999972,5.900000000000006,-14.399999999999999,-7.199999999999996,-6.100000000000001,1.1000000000000014,-20.200000000000003,-13.0,0.0,0.0,0.0,0.0,0.0,1,31.3,19.5,52795.07,21935.27,100,0,-7.200000000000003,5.900000000000006,-11.100000000000001,9.800000000000004,0,0.0,0.0,0.0,0.0,0,100,15.0,18.4,0,-7.200000000000003,5.900000000000006,-10.399999999999999,9.100000000000001,0,0.0,0.0,0.0,0.0,0,100,12.1,14.8,0,-20.52785207582277,-23,96,0.7071067811865476,7.0710678118654755,1.0,23.5,45.0,1,96,0.7071067811865476,7.0710678118654755,1.0,23.5,45.0,1,299,2.6400183654090306,32.49149072752695,1.0,20.666666666666668,21.666666666666668,-7,1536,5.395765535518173,21.661141290726274,0.8,16.34285714285714,12.028571428571428,-13,3121,5.666871451386226,20.932927815972242,0.532258064516129,14.596774193548388,10.46774193548387,-5
2025-05-18 13:30:33.754953,138,52106.245047,13.509166666666667,5,25,75,1,-1.0,-1.2999999999999972,5.900000000000006,-14.399999999999999,-7.199999999999996,-6.100000000000001,1.1000000000000014,-20.200000000000003,-13.0,0.0,0.0,0.0,0.0,0.0,1,31.3,19.5,52795.07,21935.27,100,0,-7.200000000000003,5.900000000000006,-11.100000000000001,9.800000000000004,0,0.0,0.0,0.0,0.0,0,100,15.0,18.4,0,-7.200000000000003,5.900000000000006,-10.399999999999999,9.100000000000001,0,0.0,0.0,0.0,0.0,0,100,12.1,14.8,0,-22.647912036495498,-25,7,0.7071067811865476,2.1213203435596424,1.0,24.5,3.5,1,97,0.816496580927726,24.336187047275914,1.0,24.0,24.25,0,304,2.467740583964123,31.449797194731534,1.0,21.615384615384617,20.384615384615383,-6,1515,5.5684385160929555,21.144398444637428,0.8108108108108109,16.783783783783782,11.567567567567568,-14,3128,5.841066302958352,20.635921831633055,0.546875,14.90625,10.25,-6
2025-05-18 13:30:33.754953,138,52106.245047,13.509166666666667,2,24,76,1,-1.0,-1.2999999999999972,5.900000000000006,-14.399999999999999,-7.199999999999996,-6.100000000000001,1.1000000000000014,-20.200000000000003,-13.0,0.0,0.0,0.0,0.0,0.0,1,31.3,19.5,52795.07,21935.27,100,0,-7.200000000000003,5.900000000000006,-11.100000000000001,9.800000000000004,0,0.0,0.0,0.0,0.0,0,100,15.0,18.4,0,-7.200000000000003,5.900000000000006,-10.399999999999999,9.100000000000001,0,0.0,0.0,0.0,0.0,0,100,12.1,14.8,0,-21.66116573033708,-24,7,0.7071067811865476,2.1213203435596424,1.0,24.5,3.5,1,97,0.816496580927726,24.336187047275914,1.0,24.0,24.25,0,304,2.467740583964123,31.449797194731534,1.0,21.615384615384617,20.384615384615383,-6,1515,5.5684385160929555,21.144398444637428,0.8108108108108109,16.783783783783782,11.567567567567568,-14,3128,5.841066302958352,20.635921831633055,0.546875,14.90625,10.25,-6
2025-05-18 13:34:03.274056,138,51896.725944,13.567499999999999,6,27,73,1,3.0,-5.299999999999997,5.900000000000006,-18.4,-7.199999999999996,-10.100000000000001,1.1000000000000014,-24.200000000000003,-13.0,0.0,0.0,0.0,0.0,0.0,1,31.3,19.5,52795.07,21935.27,100,0,-11.200000000000003,5.900000000000006,-15.100000000000001,9.800000000000004,0,0.0,0.0,0.0,0.0,0,100,15.0,18.4,0,-11.200000000000003,5.900000000000006,-14.399999999999999,9.100000000000001,0,0.0,0.0,0.0,0.0,0,100,12.1,14.8,0,-7.639330543933056,-27,10,0.7071067811865476,1.4142135623730951,1.0,27.5,5.0,-1,17,0.7071067811865476,1.4142135623730951,1.0,27.5,5.0,-1,144,0.9574271077563381,8.65544144839919,1.0,26.75,10.25,-2,1493,2.97696470260897,6.296421804186238,0.25,30.416666666666668,5.416666666666667,4,3138,7.346166715609837,12.474348252309241,0.35064935064935066,29.142857142857142,6.753246753246753,-10
2025-05-18 13:34:03.274056,138,51896.725944,13.567499999999999,4,28,72,1,3.0,-5.299999999999997,5.900000000000006,-18.4,-7.199999999999996,-10.100000000000001,1.1000000000000014,-24.200000000000003,-13.0,0.0,0.0,0.0,0.0,0.0,1,31.3,19.5,52795.07,21935.27,100,0,-11.200000000000003,5.900000000000006,-15.100000000000001,9.800000000000004,0,0.0,0.0,0.0,0.0,0,100,15.0,18.4,0,-11.200000000000003,5.900000000000006,-14.399999999999999,9.100000000000001,0,0.0,0.0,0.0,0.0,0,100,12.1,14.8,0,-8.65213746856664,-28,10,0.7071067811865476,1.4142135623730951,1.0,27.5,5.0,-1,17,0.7071067811865476,1.4142135623730951,1.0,27.5,5.0,-1,144,0.9574271077563381,8.65544144839919,1.0,26.75,10.25,-2,1493,2.97696470260897,6.296421804186238,0.25,30.416666666666668,5.416666666666667,4,3138,7.346166715609837,12.474348252309241,0.35064935064935066,29.142857142857142,6.753246753246753,-10
2025-05-18 13:35:11.280892,138,51828.719108,13.586388888888889,8,24,76,0,-1.0,-1.2999999999999972,5.900000000000006,-14.399999999999999,-7.199999999999996,-6.100000000000001,1.1000000000000014,-20.200000000000003,-13.0,0.0,0.0,0.0,0.0,0.0,1,31.3,19.5,52795.07,21935.27,100,0,-7.200000000000003,5.900000000000006,-11.100000000000001,9.800000000000004,0,0.0,0.0,0.0,0.0,0,100,15.0,18.4,0,-7.200000000000003,5.900000000000006,-10.399999999999999,9.100000000000001,0,0.0,0.0,0.0,0.0,0,100,12.1,14.8,0,-21.666237415125266,24,18,,,0.0,24.0,8.0,0,25,0.5773502691896258,3.0,0.6666666666666666,24.333333333333332,5.0,1,121,0.7071067811865476,22.293496809607955,0.8,24.0,21.0,0,1501,5.616033235566471,20.864734040966937,0.7894736842105263,16.973684210526315,11.473684210526315,-14,3146,5.903999622159671,20.4759709077588,0.5384615384615384,15.046153846153846,10.215384615384615,-6
2025-05-18 13:37:47.581415,138,51672.418585,13.629722222222222,3,25,75,1,-1.0,-1.2999999999999972,5.900000000000006,-14.399999999999999,-7.199999999999996,-6.100000000000001,1.1000000000000014,-20.200000000000003,-13.0,0.0,0.0,0.0,0.0,0.0,1,31.3,19.5,52795.07,21935.27,100,0,-7.200000000000003,5.900000000000006,-11.100000000000001,9.800000000000004,0,0.0,0.0,0.0,0.0,0,100,15.0,18.4,0,-7.200000000000003,5.900000000000006,-10.399999999999999,9.100000000000001,0,0.0,0.0,0.0,0.0,0,100,12.1,14.8,0,-22.686547925943287,-25,38,0.0,22.627416997969522,1.0,25.0,19.0,0,56,0.5773502691896258,17.21433511156714,0.6666666666666666,24.666666666666668,15.333333333333334,-1,159,0.7559289460184544,20.43572968159071,0.8571428571428571,24.285714285714285,20.428571428571427,-1,1491,5.697621257086485,20.91812972392844,0.7948717948717948,17.564102564102566,12.102564102564102,-16,3184,6.059183460355158,20.410453507763673,0.5522388059701493,15.343283582089553,10.477611940298507,-7
2025-05-18 13:37:47.581415,138,51672.418585,13.629722222222222,35,25,75,1,-1.0,-1.2999999999999972,5.900000000000006,-14.399999999999999,-7.199999999999996,-6.100000000000001,1.1000000000000014,-20.200000000000003,-13.0,0.0,0.0,0.0,0.0,0.0,1,31.3,19.5,52795.07,21935.27,100,0,-7.200000000000003,5.900000000000006,-11.100000000000001,9.800000000000004,0,0.0,0.0,0.0,0.0,0,100,15.0,18.4,0,-7.200000000000003,5.900000000000006,-10.399999999999999,9.100000000000001,0,0.0,0.0,0.0,0.0,0,100,12.1,14.8,0,-22.694525846911265,-25,38,0.0,22.627416997969522,1.0,25.0,19.0,0,56,0.5773502691896258,17.21433511156714,0.6666666666666666,24.666666666666668,15.333333333333334,-1,159,0.7559289460184544,20.43572968159071,0.8571428571428571,24.285714285714285,20.428571428571427,-1,1491,5.697621257086485,20.91812972392844,0.7948717948717948,17.564102564102566,12.102564102564102,-16,3184,6.059183460355158,20.410453507763673,0.5522388059701493,15.343283582089553,10.477611940298507,-7
2025-05-18 13:48:04.657162,138,51055.342838,13.801111111111112,25,25,75,0,3.0,-5.299999999999997,5.900000000000006,-18.4,-7.199999999999996,-10.100000000000001,1.1000000000000014,-24.200000000000003,-13.0,0.0,0.0,0.0,0.0,0.0,1,31.3,19.5,52795.07,21935.27,100,0,-11.200000000000003,5.900000000000006,-15.100000000000001,9.800000000000004,0,0.0,0.0,0.0,0.0,0,100,15.0,18.4,0,-11.200000000000003,5.900000000000006,-14.399999999999999,9.100000000000001,0,0.0,0.0,0.0,0.0,0,100,12.1,14.8,0,-5.661818181818177,25,25,,,0.0,25.0,25.0,0,25,,,0.0,25.0,25.0,0,81,1.5275252316519465,11.590225767142474,0.6666666666666666,26.666666666666668,11.666666666666666,2,1345,3.152811030065765,7.428889943800584,0.20833333333333334,30.125,6.333333333333333,6,3209,7.31336775947634,12.564114626863939,0.34615384615384615,29.08974358974359,6.987179487179487,-7
2025-05-18 13:56:57.911036,138,50522.088964,13.949166666666667,192,36,64,1,1.0,-3.299999999999997,5.900000000000006,-16.4,-7.199999999999996,-8.100000000000001,1.1000000000000014,-22.200000000000003,-13.0,0.0,0.0,0.0,0.0,0.0,1,31.3,19.5,52795.07,21935.27,100,0,-9.200000000000003,5.900000000000006,-13.100000000000001,9.800000000000004,0,0.0,0.0,0.0,0.0,0,100,15.0,18.4,0,-9.200000000000003,5.900000000000006,-12.399999999999999,9.100000000000001,0,0.0,0.0,0.0,0.0,0,100,12.1,14.8,0,50.9845962003961,64,192,,,1.0,36.0,192.0,0,192,,,1.0,36.0,192.0,0,217,,,1.0,36.0,192.0,0,1215,2.5485756993344526,48.812761797359045,0.4,33.06666666666667,17.6,-9,3401,5.444078694466238,27.43068348243193,0.3492063492063492,28.444444444444443,9.571428571428571,-15
2025-05-18 13:57:07.523407,138,50512.476593,13.951944444444443,11,26,74,1,-1.0,-1.2999999999999972,5.900000000000006,-14.399999999999999,-7.199999999999996,-6.100000000000001,1.1000000000000014,-20.200000000000003,-13.0,0.0,0.0,0.0,0.0,0.0,1,31.3,19.5,52795.07,21935.27,100,0,-7.200000000000003,5.900000000000006,-11.100000000000001,9.800000000000004,0,0.0,0.0,0.0,0.0,0,100,15.0,18.4,0,-7.200000000000003,5.900000000000006,-10.399999999999999,9.100000000000001,0,0.0,0.0,0.0,0.0,0,100,12.1,14.8,0,-23.788017890772128,-26,203,,,1.0,26.0,11.0,0,203,,,1.0,26.0,11.0,0,228,,,1.0,26.0,11.0,0,1226,3.3896393867805164,22.546401705927654,0.7333333333333333,20.6,11.933333333333334,-14,3412,6.15108290429599,20.257663113932388,0.5588235294117647,15.5,10.485294117647058,-8
2025-05-18 13:57:47.415696,138,50472.584304,13.963055555555554,39,29,71,1,-1.0,-1.2999999999999972,5.900000000000006,-14.399999999999999,-7.199999999999996,-6.100000000000001,1.1000000000000014,-20.200000000000003,-13.0,0.0,0.0,0.0,0.0,0.0,1,31.3,19.5,52795.07,21935.27,100,0,-7.200000000000003,5.900000000000006,-11.100000000000001,9.800000000000004,0,0.0,0.0,0.0,0.0,0,100,15.0,18.4,0,-7.200000000000003,5.900000000000006,-10.399999999999999,9.100000000000001,0,0.0,0.0,0.0,0.0,0,100,12.1,14.8,0,-26.818856806128462,-29,242,2.1213203435596424,19.79898987322333,1.0,27.5,25.0,-3,242,2.1213203435596424,19.79898987322333,1.0,27.5,25.0,-3,267,2.1213203435596424,19.79898987322333,1.0,27.5,25.0,-3,1265,3.6582503603395886,22.69422739353,0.7419354838709677,20.870967741935484,12.806451612903226,-17,3451,6.318284269683659,20.399066391220423,0.5652173913043478,15.695652173913043,10.898550724637682,-11
2025-05-18 13:58:24.768911,138,50435.231089,13.973333333333333,264,25,75,0,3.0,-5.299999999999997,5.900000000000006,-18.4,-7.199999999999996,-10.100000000000001,1.1000000000000014,-24.200000000000003,-13.0,0.0,0.0,0.0,0.0,0.0,1,31.3,19.5,52795.07,21935.27,100,0,-11.200000000000003,5.900000000000006,-15.100000000000001,9.800000000000004,0,0.0,0.0,0.0,0.0,0,100,15.0,18.4,0,-11.200000000000003,5.900000000000006,-14.399999999999999,9.100000000000001,0,0.0,0.0,0.0,0.0,0,100,12.1,14.8,0,-5.7016901408450735,25,542,0.0,161.22034611053283,0.0,25.0,150.0,0,542,0.0,161.22034611053283,0.0,25.0,150.0,0,567,0.0,134.9234350783189,0.0,25.0,108.33333333333333,0,1541,3.534695339947286,54.24075302332693,0.21739130434782608,29.695652173913043,19.17391304347826,5,3751,7.248734066691939,31.42797421551601,0.3375,28.9875,10.5625,-7
2025-05-18 13:58:24.768911,138,50435.231089,13.973333333333333,36,25,75,0,3.0,-5.299999999999997,5.900000000000006,-18.4,-7.199999999999996,-10.100000000000001,1.1000000000000014,-24.200000000000003,-13.0,0.0,0.0,0.0,0.0,0.0,1,31.3,19.5,52795.07,21935.27,100,0,-11.200000000000003,5.900000000000006,-15.100000000000001,9.800000000000004,0,0.0,0.0,0.0,0.0,0,100,15.0,18.4,0,-11.200000000000003,5.900000000000006,-14.399999999999999,9.100000000000001,0,0.0,0.0,0.0,0.0,0,100,12.1,14.8,0,-6.159768715763846,25,542,0.0,161.22034611053283,0.0,25.0,150.0,0,542,0.0,161.22034611053283,0.0,25.0,150.0,0,567,0.0,134.9234350783189,0.0,25.0,108.33333333333333,0,1541,3.534695339947286,54.24075302332693,0.21739130434782608,29.695652173913043,19.17391304347826,5,3751,7.248734066691939,31.42797421551601,0.3375,28.9875,10.5625,-7
2025-05-18 13:58:33.475052,138,50426.524948,13.975833333333334,50,23,77,1,5.0,-7.299999999999997,5.900000000000006,-20.4,-7.199999999999996,-12.100000000000001,1.1000000000000014,-26.200000000000003,-13.0,0.0,0.0,0.0,0.0,0.0,1,31.3,19.5,52795.07,21935.27,100,0,-13.200000000000003,5.900000000000006,-17.1,9.800000000000004,0,0.0,0.0,0.0,0.0,0,100,15.0,18.4,0,-13.200000000000003,5.900000000000006,-16.4,9.100000000000001,0,0.0,0.0,0.0,0.0,0,100,12.1,14.8,0,-7.498683220466516,-23,603,0.5773502691896258,25.81343319539912,1.0,23.333333333333332,20.333333333333332,0,603,0.5773502691896258,25.81343319539912,1.0,23.333333333333332,20.333333333333332,0,628,0.5773502691896258,25.81343319539912,1.0,23.333333333333332,20.333333333333332,0,1591,3.3777986632604096,37.971543229609395,0.3333333333333333,16.866666666666667,29.466666666666665,-8,3812,12.131091045877529,20.92371457227018,0.38095238095238093,29.323809523809523,13.790476190476191,18
2025-05-18 13:58:33.475052,138,50426.524948,13.975833333333334,8,24,76,1,5.0,-7.299999999999997,5.900000000000006,-20.4,-7.199999999999996,-12.100000000000001,1.1000000000000014,-26.200000000000003,-13.0,0.0,0.0,0.0,0.0,0.0,1,31.3,19.5,52795.07,21935.27,100,0,-13.200000000000003,5.900000000000006,-17.1,9.800000000000004,0,0.0,0.0,0.0,0.0,0,100,15.0,18.4,0,-13.200000000000003,5.900000000000006,-16.4,9.100000000000001,0,0.0,0.0,0.0,0.0,0,100,12.1,14.8,0,-8.569882263577668,-24,603,0.5773502691896258,25.81343319539912,1.0,23.333333333333332,20.333333333333332,0,603,0.5773502691896258,25.81343319539912,1.0,23.333333333333332,20.333333333333332,0,628,0.5773502691896258,25.81343319539912,1.0,23.333333333333332,20.333333333333332,0,1591,3.3777986632604096,37.971543229609395,0.3333333333333333,16.866666666666667,29.466666666666665,-8,3812,12.131091045877529,20.92371457227018,0.38095238095238093,29.323809523809523,13.790476190476191,18
2025-05-18 13:58:33.475052,138,50426.524948,13.975833333333334,3,23,77,1,5.0,-7.299999999999997,5.900000000000006,-20.4,-7.199999999999996,-12.100000000000001,1.1000000000000014,-26.200000000000003,-13.0,0.0,0.0,0.0,0.0,0.0,1,31.3,19.5,52795.07,21935.27,100,0,-13.200000000000003,5.900000000000006,-17.1,9.800000000000004,0,0.0,0.0,0.0,0.0,0,100,15.0,18.4,0,-13.200000000000003,5.900000000000006,-16.4,9.100000000000001,0,0.0,0.0,0.0,0.0,0,100,12.1,14.8,0,-7.58292126283758,-23,603,0.5773502691896258,25.81343319539912,1.0,23.333333333333332,20.333333333333332,0,603,0.5773502691896258,25.81343319539912,1.0,23.333333333333332,20.333333333333332,0,628,0.5773502691896258,25.81343319539912,1.0,23.333333333333332,20.333333333333332,0,1591,3.3777986632604096,37.971543229609395,0.3333333333333333,16.866666666666667,29.466666666666665,-8,3812,12.131091045877529,20.92371457227018,0.38095238095238093,29.323809523809523,13.790476190476191,18
2025-05-18 14:08:34.377462,138,49825.622538,14.142777777777777,3,27,73,1,-1.0,-1.2999999999999972,5.900000000000006,-14.399999999999999,-7.199999999999996,-6.100000000000001,1.1000000000000014,-20.200000000000003,-13.0,0.0,0.0,0.0,0.0,0.0,1,31.3,19.5,52795.07,21935.27,100,0,-7.200000000000003,5.900000000000006,-10.399999999999999,9.100000000000001,0,0.0,0.0,0.0,0.0,0,100,12.1,14.8,0,-5.799999999999997,4.5,-9.799999999999997,8.5,0,0.0,0.0,0.0,0.0,0,57,13.4,15.1,0,-24.942694766753494,-27,3,,,1.0,27.0,3.0,0,3,,,1.0,27.0,3.0,0,606,1.5275252316519468,18.903262505010435,1.0,27.333333333333332,17.666666666666668,-1,1021,3.676178139628943,26.27854457084533,0.9523809523809523,22.285714285714285,17.476190476190474,-12,2601,6.771399548974484,18.588182770796575,0.6909090909090909,16.0,9.872727272727273,-18
2025-05-18 14:08:51.607805,138,49808.392195,14.147499999999999,9,10,90,1,-3.0,0.7000000000000028,5.900000000000006,-12.399999999999999,-7.199999999999996,-4.100000000000001,1.1000000000000014,-18.200000000000003,-13.0,0.0,0.0,0.0,0.0,0.0,1,31.3,19.5,52795.07,21935.27,100,0,-5.200000000000003,5.900000000000006,-8.399999999999999,9.100000000000001,0,0.0,0.0,0.0,0.0,0,100,12.1,14.8,0,-3.799999999999997,4.5,-7.799999999999997,8.5,0,0.0,0.0,0.0,0.0,0,57,13.4,15.1,0,-7.912241887905605,-10,12,,,1.0,10.0,9.0,0,12,,,1.0,10.0,9.0,0,615,,,1.0,10.0,9.0,0,1027,2.8722813232690143,2.8722813232690143,0.25,6.25,4.75,-7,2610,3.655753276645516,2.06304571822051,0.4827586206896552,6.689655172413793,2.4482758620689653,-6
2025-05-18 14:14:28.095530,138,49471.90447,14.24111111111111,50,23,77,1,5.0,-7.299999999999997,5.900000000000006,-20.4,-7.199999999999996,-12.100000000000001,1.1000000000000014,-26.200000000000003,-13.0,0.0,0.0,0.0,0.0,0.0,1,31.3,19.5,52795.07,21935.27,100,0,-13.200000000000003,5.900000000000006,-16.4,9.100000000000001,0,0.0,0.0,0.0,0.0,0,100,12.1,14.8,0,-11.799999999999997,4.5,-15.799999999999997,8.5,0,0.0,0.0,0.0,0.0,0,57,13.4,15.1,0,-7.587250237868696,-23,341,0.7071067811865476,170.41273426595797,1.0,23.5,170.5,-1,341,0.7071067811865476,170.41273426595797,1.0,23.5,170.5,-1,353,0.7071067811865476,170.41273426595797,1.0,23.5,170.5,-1,1341,0.5477225575051661,119.82612402977908,1.0,23.4,80.4,-1,2723,3.4166882891548984,46.083137752396844,0.5833333333333334,18.666666666666668,26.5625,-3
2025-05-18 14:14:28.095530,138,49471.90447,14.24111111111111,291,24,76,1,5.0,-7.299999999999997,5.900000000000006,-20.4,-7.199999999999996,-12.100000000000001,1.1000000000000014,-26.200000000000003,-13.0,0.0,0.0,0.0,0.0,0.0,1,31.3,19.5,52795.07,21935.27,100,0,-13.200000000000003,5.900000000000006,-16.4,9.100000000000001,0,0.0,0.0,0.0,0.0,0,100,12.1,14.8,0,-11.799999999999997,4.5,-15.799999999999997,8.5,0,0.0,0.0,0.0,0.0,0,57,13.4,15.1,0,-8.660134486071085,-24,341,0.7071067811865476,170.41273426595797,1.0,23.5,170.5,-1,341,0.7071067811865476,170.41273426595797,1.0,23.5,170.5,-1,353,0.7071067811865476,170.41273426595797,1.0,23.5,170.5,-1,1341,0.5477225575051661,119.82612402977908,1.0,23.4,80.4,-1,2723,3.4166882891548984,46.083137752396844,0.5833333333333334,18.666666666666668,26.5625,-3
2025-05-18 14:14:56.319146,138,49443.680854,14.248888888888889,31,24,76,0,-1.0,-1.2999999999999972,5.900000000000006,-14.399999999999999,-7.199999999999996,-6.100000000000001,1.1000000000000014,-20.200000000000003,-13.0,0.0,0.0,0.0,0.0,0.0,1,31.3,19.5,52795.07,21935.27,100,0,-7.200000000000003,5.900000000000006,-10.399999999999999,9.100000000000001,0,0.0,0.0,0.0,0.0,0,100,12.1,14.8,0,-5.799999999999997,4.5,-9.799999999999997,8.5,0,0.0,0.0,0.0,0.0,0,57,13.4,15.1,0,-21.951557503257135,24,372,,,0.0,24.0,31.0,0,372,,,0.0,24.0,31.0,0,384,2.1213203435596424,19.79898987322333,0.5,25.5,17.0,3,1372,2.9819633235769176,26.536717363326094,0.9,23.05,19.75,-6,2754,6.109769323299559,20.39125750570199,0.7954545454545454,18.204545454545453,12.681818181818182,-14
2025-05-18 14:15:11.410866,138,49428.589134,14.253055555555555,22,24,76,0,-1.0,-1.2999999999999972,5.900000000000006,-14.399999999999999,-7.199999999999996,-6.100000000000001,1.1000000000000014,-20.200000000000003,-13.0,0.0,0.0,0.0,0.0,0.0,1,31.3,19.5,52795.07,21935.27,100,0,-7.200000000000003,5.900000000000006,-10.399999999999999,9.100000000000001,0,0.0,0.0,0.0,0.0,0,100,12.1,14.8,0,-5.799999999999997,4.5,-9.799999999999997,8.5,0,0.0,0.0,0.0,0.0,0,57,13.4,15.1,0,-22.03245363766048,24,394,0.0,6.363961030678928,0.0,24.0,26.5,0,394,0.0,6.363961030678928,0.0,24.0,26.5,0,406,1.7320508075688772,14.29452109492771,0.3333333333333333,25.0,18.666666666666668,3,1394,2.913842169795096,25.869452476397164,0.8571428571428571,23.095238095238095,19.857142857142858,-6,2776,6.101415633053752,20.206009707085375,0.7777777777777778,18.333333333333332,12.88888888888889,-14
2025-05-18 14:15:32.326831,138,49407.673169,14.258888888888889,38,21,79,0,3.0,-5.299999999999997,5.900000000000006,-18.4,-7.199999999999996,-10.100000000000001,1.1000000000000014,-24.200000000000003,-13.0,0.0,0.0,0.0,0.0,0.0,1,31.3,19.5,52795.07,21935.27,100,0,-11.200000000000003,5.900000000000006,-14.399999999999999,9.100000000000001,0,0.0,0.0,0.0,0.0,0,100,12.1,14.8,0,-9.799999999999997,4.5,-13.799999999999997,8.5,0,0.0,0.0,0.0,0.0,0,57,13.4,15.1,0,-2.2280000000000086,21,432,,,0.0,21.0,38.0,0,432,,,0.0,21.0,38.0,0,444,,,0.0,21.0,38.0,0,1432,2.065879266282796,87.26314882501744,0.5,25.375,50.5,5,2814,4.364361684837082,42.67539325172282,0.18421052631578946,31.07894736842105,14.0,19
2025-05-18 14:16:22.717378,138,49357.282622,14.272777777777778,50,9,91,1,-3.0,0.7000000000000028,5.900000000000006,-12.399999999999999,-7.199999999999996,-4.100000000000001,1.1000000000000014,-18.200000000000003,-13.0,0.0,0.0,0.0,0.0,0.0,1,31.3,19.5,52795.07,21935.27,100,0,-5.200000000000003,5.900000000000006,-8.399999999999999,9.100000000000001,0,0.0,0.0,0.0,0.0,0,100,12.1,14.8,0,-3.799999999999997,4.5,-7.799999999999997,8.5,0,0.0,0.0,0.0,0.0,0,57,13.4,15.1,0,-6.9385867554569,-9,582,0.7071067811865476,35.35533905932738,1.0,9.5,75.0,-1,582,0.7071067811865476,35.35533905932738,1.0,9.5,75.0,-1,594,0.5773502691896257,45.574115460423364,1.0,9.666666666666666,53.0,0,1412,2.04939015319192,42.290660907581,0.6,8.2,33.0,-4,2914,3.8448158207711556,21.747396979002307,0.5416666666666666,7.5,8.916666666666666,-5
2025-05-18 14:16:22.717378,138,49357.282622,14.272777777777778,100,10,90,1,-3.0,0.7000000000000028,5.900000000000006,-12.399999999999999,-7.199999999999996,-4.100000000000001,1.1000000000000014,-18.200000000000003,-13.0,0.0,0.0,0.0,0.0,0.0,1,31.3,19.5,52795.07,21935.27,100,0,-5.200000000000003,5.900000000000006,-8.399999999999999,9.100000000000001,0,0.0,0.0,0.0,0.0,0,100,12.1,14.8,0,-3.799999999999997,4.5,-7.799999999999997,8.5,0,0.0,0.0,0.0,0.0,0,57,13.4,15.1,0,-8.069355446664154,-10,582,0.7071067811865476,35.35533905932738,1.0,9.5,75.0,-1,582,0.7071067811865476,35.35533905932738,1.0,9.5,75.0,-1,594,0.5773502691896257,45.574115460423364,1.0,9.666666666666666,53.0,0,1412,2.04939015319192,42.290660907581,0.6,8.2,33.0,-4,2914,3.8448158207711556,21.747396979002307,0.5416666666666666,7.5,8.916666666666666,-5
2025-05-18 14:17:42.534961,138,49277.465039,14.295,50,25,75,1,-1.0,-1.2999999999999972,5.900000000000006,-14.399999999999999,-7.199999999999996,-6.100000000000001,1.1000000000000014,-20.200000000000003,-13.0,0.0,0.0,0.0,0.0,0.0,1,31.3,19.5,52795.07,21935.27,100,0,-7.200000000000003,5.900000000000006,-10.399999999999999,9.100000000000001,0,0.0,0.0,0.0,0.0,0,100,12.1,14.8,0,-5.799999999999997,4.5,-9.799999999999997,8.5,0,0.0,0.0,0.0,0.0,0,57,13.4,15.1,0,-23.090226460071513,-25,250,0.0,0.0,1.0,25.0,50.0,0,682,0.5773502691896257,14.056433876817168,0.5,24.5,38.25,-1,694,1.224744871391589,19.917329138215294,0.6,25.0,31.2,2,1512,1.5191090506254998,19.26121765347418,0.7857142857142857,25.0,24.928571428571427,-1,3014,6.120362277886902,21.16277604029608,0.7872340425531915,18.617021276595743,14.46808510638298,-15
2025-05-18 14:17:42.534961,138,49277.465039,14.295,50,25,75,1,-1.0,-1.2999999999999972,5.900000000000006,-14.399999999999999,-7.199999999999996,-6.100000000000001,1.1000000000000014,-20.200000000000003,-13.0,0.0,0.0,0.0,0.0,0.0,1,31.3,19.5,52795.07,21935.27,100,0,-7.200000000000003,5.900000000000006,-10.399999999999999,9.100000000000001,0,0.0,0.0,0.0,0.0,0,100,12.1,14.8,0,-5.799999999999997,4.5,-9.799999999999997,8.5,0,0.0,0.0,0.0,0.0,0,57,13.4,15.1,0,-23.22865707434053,-25,250,0.0,0.0,1.0,25.0,50.0,0,682,0.5773502691896257,14.056433876817168,0.5,24.5,38.25,-1,694,1.224744871391589,19.917329138215294,0.6,25.0,31.2,2,1512,1.5191090506254998,19.26121765347418,0.7857142857142857,25.0,24.928571428571427,-1,3014,6.120362277886902,21.16277604029608,0.7872340425531915,18.617021276595743,14.46808510638298,-15
2025-05-18 14:18:03.386066,138,49256.613934,14.300833333333333,8,11,89,1,-3.0,0.7000000000000028,5.900000000000006,-12.399999999999999,-7.199999999999996,-4.100000000000001,1.1000000000000014,-18.200000000000003,-13.0,0.0,0.0,0.0,0.0,0.0,1,31.3,19.5,52795.07,21935.27,100,0,-5.200000000000003,5.900000000000006,-8.399999999999999,9.100000000000001,0,0.0,0.0,0.0,0.0,0,100,12.1,14.8,0,-3.799999999999997,4.5,-7.799999999999997,8.5,0,0.0,0.0,0.0,0.0,0,57,13.4,15.1,0,-9.385428907168038,-11,335,5.715476066494082,35.39726919787269,1.0,13.666666666666666,39.166666666666664,-12,767,5.715476066494082,35.39726919787269,1.0,13.666666666666666,39.166666666666664,-12,779,5.398412465054624,34.26576800748609,1.0,13.142857142857142,34.857142857142854,-11,1597,5.637178175095921,32.83206427327475,0.7777777777777778,11.555555555555555,27.77777777777778,-15,3099,5.033617147469759,21.569961231147992,0.6071428571428571,8.678571428571429,10.678571428571429,-16
2025-05-18 14:18:03.386066,138,49256.613934,14.300833333333333,50,10,90,1,-3.0,0.7000000000000028,5.900000000000006,-12.399999999999999,-7.199999999999996,-4.100000000000001,1.1000000000000014,-18.200000000000003,-13.0,0.0,0.0,0.0,0.0,0.0,1,31.3,19.5,52795.07,21935.27,100,0,-5.200000000000003,5.900000000000006,-8.399999999999999,9.100000000000001,0,0.0,0.0,0.0,0.0,0,100,12.1,14.8,0,-3.799999999999997,4.5,-7.799999999999997,8.5,0,0.0,0.0,0.0,0.0,0,57,13.4,15.1,0,-8.41493123772102,-10,335,5.715476066494082,35.39726919787269,1.0,13.666666666666666,39.166666666666664,-12,767,5.715476066494082,35.39726919787269,1.0,13.666666666666666,39.166666666666664,-12,779,5.398412465054624,34.26576800748609,1.0,13.142857142857142,34.857142857142854,-11,1597,5.637178175095921,32.83206427327475,0.7777777777777778,11.555555555555555,27.77777777777778,-15,3099,5.033617147469759,21.569961231147992,0.6071428571428571,8.678571428571429,10.678571428571429,-16
2025-05-18 14:18:03.386066,138,49256.613934,14.300833333333333,18,21,79,1,-3.0,0.7000000000000028,5.900000000000006,-12.399999999999999,-7.199999999999996,-4.100000000000001,1.1000000000000014,-18.200000000000003,-13.0,0.0,0.0,0.0,0.0,0.0,1,31.3,19.5,52795.07,21935.27,100,0,-5.200000000000003,5.900000000000006,-8.399999999999999,9.100000000000001,0,0.0,0.0,0.0,0.0,0,100,12.1,14.8,0,-3.799999999999997,4.5,-7.799999999999997,8.5,0,0.0,0.0,0.0,0.0,0,57,13.4,15.1,0,-19.583567134268538,-21,335,5.715476066494082,35.39726919787269,1.0,13.666666666666666,39.166666666666664,-12,767,5.715476066494082,35.39726919787269,1.0,13.666666666666666,39.166666666666664,-12,779,5.398412465054624,34.26576800748609,1.0,13.142857142857142,34.857142857142854,-11,1597,5.637178175095921,32.83206427327475,0.7777777777777778,11.555555555555555,27.77777777777778,-15,3099,5.033617147469759,21.569961231147992,0.6071428571428571,8.678571428571429,10.678571428571429,-16
2025-05-18 14:18:03.386066,138,49256.613934,14.300833333333333,9,21,79,1,-3.0,0.7000000000000028,5.900000000000006,-12.399999999999999,-7.199999999999996,-4.100000000000001,1.1000000000000014,-18.200000000000003,-13.0,0.0,0.0,0.0,0.0,0.0,1,31.3,19.5,52795.07,21935.27,100,0,-5.200000000000003,5.900000000000006,-8.399999999999999,9.100000000000001,0,0.0,0.0,0.0,0.0,0,100,12.1,14.8,0,-3.799999999999997,4.5,-7.799999999999997,8.5,0,0.0,0.0,0.0,0.0,0,57,13.4,15.1,0,-19.725878078320548,-21,335,5.715476066494082,35.39726919787269,1.0,13.666666666666666,39.166666666666664,-12,767,5.715476066494082,35.39726919787269,1.0,13.666666666666666,39.166666666666664,-12,779,5.398412465054624,34.26576800748609,1.0,13.142857142857142,34.857142857142854,-11,1597,5.637178175095921,32.83206427327475,0.7777777777777778,11.555555555555555,27.77777777777778,-15,3099,5.033617147469759,21.569961231147992,0.6071428571428571,8.678571428571429,10.678571428571429,-16
2025-05-18 14:21:09.879556,138,49070.120444,14.3525,7,17,83,0,5.0,-7.299999999999997,5.900000000000006,-20.4,-7.199999999999996,-12.100000000000001,1.1000000000000014,-26.200000000000003,-13.0,0.0,0.0,0.0,0.0,0.0,1,31.3,19.5,52795.07,21935.27,100,0,-13.200000000000003,5.900000000000006,-16.4,9.100000000000001,0,0.0,0.0,0.0,0.0,0,100,12.1,14.8,0,-11.799999999999997,4.5,-15.799999999999997,8.5,0,0.0,0.0,0.0,0.0,0,57,13.4,15.1,0,-2.172975172975171,17,233,0.7071067811865476,55.47341705718154,0.0,16.0,46.6,1,568,0.7071067811865476,55.47341705718154,0.0,16.0,46.6,1,1012,3.7161167647860327,102.69696522617728,0.2857142857142857,18.142857142857142,82.0,7,1799,3.945461527713414,89.81369606023348,0.5,19.7,63.5,7,3285,3.3562562152363946,48.50315579886507,0.5306122448979592,18.163265306122447,29.163265306122447,8
2025-05-18 14:21:09.879556,138,49070.120444,14.3525,50,16,84,0,5.0,-7.299999999999997,5.900000000000006,-20.4,-7.199999999999996,-12.100000000000001,1.1000000000000014,-26.200000000000003,-13.0,0.0,0.0,0.0,0.0,0.0,1,31.3,19.5,52795.07,21935.27,100,0,-13.200000000000003,5.900000000000006,-16.4,9.100000000000001,0,0.0,0.0,0.0,0.0,0,100,12.1,14.8,0,-11.799999999999997,4.5,-15.799999999999997,8.5,0,0.0,0.0,0.0,0.0,0,57,13.4,15.1,0,-1.1760749949052354,16,233,0.7071067811865476,55.47341705718154,0.0,16.0,46.6,1,568,0.7071067811865476,55.47341705718154,0.0,16.0,46.6,1,1012,3.7161167647860327,102.69696522617728,0.2857142857142857,18.142857142857142,82.0,7,1799,3.945461527713414,89.81369606023348,0.5,19.7,63.5,7,3285,3.3562562152363946,48.50315579886507,0.5306122448979592,18.163265306122447,29.163265306122447,8
2025-05-18 14:21:09.879556,138,49070.120444,14.3525,36,16,84,0,5.0,-7.299999999999997,5.900000000000006,-20.4,-7.199999999999996,-12.100000000000001,1.1000000000000014,-26.200000000000003,-13.0,0.0,0.0,0.0,0.0,0.0,1,31.3,19.5,52795.07,21935.27,100,0,-13.200000000000003,5.900000000000006,-16.4,9.100000000000001,0,0.0,0.0,0.0,0.0,0,100,12.1,14.8,0,-11.799999999999997,4.5,-15.799999999999997,8.5,0,0.0,0.0,0.0,0.0,0,57,13.4,15.1,0,-1.1881820053530987,16,233,0.7071067811865476,55.47341705718154,0.0,16.0,46.6,1,568,0.7071067811865476,55.47341705718154,0.0,16.0,46.6,1,1012,3.7161167647860327,102.69696522617728,0.2857142857142857,18.142857142857142,82.0,7,1799,3.945461527713414,89.81369606023348,0.5,19.7,63.5,7,3285,3.3562562152363946,48.50315579886507,0.5306122448979592,18.163265306122447,29.163265306122447,8
2025-05-18 14:21:09.879556,138,49070.120444,14.3525,139,15,85,0,5.0,-7.299999999999997,5.900000000000006,-20.4,-7.199999999999996,-12.100000000000001,1.1000000000000014,-26.200000000000003,-13.0,0.0,0.0,0.0,0.0,0.0,1,31.3,19.5,52795.07,21935.27,100,0,-13.200000000000003,5.900000000000006,-16.4,9.100000000000001,0,0.0,0.0,0.0,0.0,0,100,12.1,14.8,0,-11.799999999999997,4.5,-15.799999999999997,8.5,0,0.0,0.0,0.0,0.0,0,57,13.4,15.1,0,-0.1970545529973009,15,233,0.7071067811865476,55.47341705718154,0.0,16.0,46.6,1,568,0.7071067811865476,55.47341705718154,0.0,16.0,46.6,1,1012,3.7161167647860327,102.69696522617728,0.2857142857142857,18.142857142857142,82.0,7,1799,3.945461527713414,89.81369606023348,0.5,19.7,63.5,7,3285,3.3562562152363946,48.50315579886507,0.5306122448979592,18.163265306122447,29.163265306122447,8
2025-05-18 14:21:09.879556,138,49070.120444,14.3525,1,16,84,0,5.0,-7.299999999999997,5.900000000000006,-20.4,-7.199999999999996,-12.100000000000001,1.1000000000000014,-26.200000000000003,-13.0,0.0,0.0,0.0,0.0,0.0,1,31.3,19.5,52795.07,21935.27,100,0,-13.200000000000003,5.900000000000006,-16.4,9.100000000000001,0,0.0,0.0,0.0,0.0,0,100,12.1,14.8,0,-11.799999999999997,4.5,-15.799999999999997,8.5,0,0.0,0.0,0.0,0.0,0,57,13.4,15.1,0,-1.2029047415634295,16,233,0.7071067811865476,55.47341705718154,0.0,16.0,46.6,1,568,0.7071067811865476,55.47341705718154,0.0,16.0,46.6,1,1012,3.7161167647860327,102.69696522617728,0.2857142857142857,18.142857142857142,82.0,7,1799,3.945461527713414,89.81369606023348,0.5,19.7,63.5,7,3285,3.3562562152363946,48.50315579886507,0.5306122448979592,18.163265306122447,29.163265306122447,8
2025-05-18 14:24:27.982706,138,48872.017294,14.4075,39,12,88,1,-3.0,0.7000000000000028,5.900000000000006,-12.399999999999999,-7.199999999999996,-4.100000000000001,1.1000000000000014,-18.200000000000003,-13.0,0.0,0.0,0.0,0.0,0.0,1,31.3,19.5,52795.07,21935.27,100,0,-5.200000000000003,5.900000000000006,-8.399999999999999,9.100000000000001,0,0.0,0.0,0.0,0.0,0,100,12.1,14.8,0,-3.799999999999997,4.5,-7.799999999999997,8.5,0,0.0,0.0,0.0,0.0,0,57,13.4,15.1,0,-10.797730036481557,-12,39,,,1.0,12.0,39.0,0,272,,,1.0,12.0,39.0,0,1039,5.255382728122436,32.313199425975405,1.0,13.428571428571429,39.142857142857146,-3,1838,5.316640543300503,31.157128665309752,0.8,11.6,28.9,-6,3290,4.9812456154834805,21.824422528882906,0.6206896551724138,8.793103448275861,11.655172413793103,-7
2025-05-18 14:25:53.759917,138,48786.240083,14.431388888888888,20,40,60,1,1.0,-3.299999999999997,5.900000000000006,-16.4,-7.199999999999996,-8.100000000000001,1.1000000000000014,-22.200000000000003,-13.0,0.0,0.0,0.0,0.0,0.0,1,31.3,19.5,52795.07,21935.27,100,0,-9.200000000000003,5.900000000000006,-12.399999999999999,9.100000000000001,0,0.0,0.0,0.0,0.0,0,100,12.1,14.8,0,-7.799999999999997,4.5,-11.799999999999997,8.5,0,0.0,0.0,0.0,0.0,0,57,13.4,15.1,0,47.712893385908785,60,168,2.9268868558020253,14.223220451079285,1.0,38.166666666666664,21.5,5,401,2.9268868558020253,14.223220451079285,1.0,38.166666666666664,21.5,5,1168,2.9268868558020253,14.223220451079285,1.0,38.166666666666664,21.5,5,1961,2.7945525240230875,65.73793570288156,1.0,37.857142857142854,45.857142857142854,1,3407,4.654421163113236,29.074668762281085,0.5111111111111111,31.8,10.933333333333334,-4
2025-05-18 14:25:53.759917,138,48786.240083,14.431388888888888,16,41,59,1,1.0,-3.299999999999997,5.900000000000006,-16.4,-7.199999999999996,-8.100000000000001,1.1000000000000014,-22.200000000000003,-13.0,0.0,0.0,0.0,0.0,0.0,1,31.3,19.5,52795.07,21935.27,100,0,-9.200000000000003,5.900000000000006,-12.399999999999999,9.100000000000001,0,0.0,0.0,0.0,0.0,0,100,12.1,14.8,0,-7.799999999999997,4.5,-11.799999999999997,8.5,0,0.0,0.0,0.0,0.0,0,57,13.4,15.1,0,46.78399523135384,59,168,2.9268868558020253,14.223220451079285,1.0,38.166666666666664,21.5,5,401,2.9268868558020253,14.223220451079285,1.0,38.166666666666664,21.5,5,1168,2.9268868558020253,14.223220451079285,1.0,38.166666666666664,21.5,5,1961,2.7945525240230875,65.73793570288156,1.0,37.857142857142854,45.857142857142854,1,3407,4.654421163113236,29.074668762281085,0.5111111111111111,31.8,10.933333333333334,-4
2025-05-18 14:25:53.759917,138,48786.240083,14.431388888888888,12,39,61,1,1.0,-3.299999999999997,5.900000000000006,-16.4,-7.199999999999996,-8.100000000000001,1.1000000000000014,-22.200000000000003,-13.0,0.0,0.0,0.0,0.0,0.0,1,31.3,19.5,52795.07,21935.27,100,0,-9.200000000000003,5.900000000000006,-12.399999999999999,9.100000000000001,0,0.0,0.0,0.0,0.0,0,100,12.1,14.8,0,-7.799999999999997,4.5,-11.799999999999997,8.5,0,0.0,0.0,0.0,0.0,0,57,13.4,15.1,0,48.83983588213353,61,168,2.9268868558020253,14.223220451079285,1.0,38.166666666666664,21.5,5,401,2.9268868558020253,14.223220451079285,1.0,38.166666666666664,21.5,5,1168,2.9268868558020253,14.223220451079285,1.0,38.166666666666664,21.5,5,1961,2.7945525240230875,65.73793570288156,1.0,37.857142857142854,45.857142857142854,1,3407,4.654421163113236,29.074668762281085,0.5111111111111111,31.8,10.933333333333334,-4
2025-05-18 14:25:53.759917,138,48786.240083,14.431388888888888,50,34,66,1,1.0,-3.299999999999997,5.900000000000006,-16.4,-7.199999999999996,-8.100000000000001,1.1000000000000014,-22.200000000000003,-13.0,0.0,0.0,0.0,0.0,0.0,1,31.3,19.5,52795.07,21935.27,100,0,-9.200000000000003,5.900000000000006,-12.399999999999999,9.100000000000001,0,0.0,0.0,0.0,0.0,0,100,12.1,14.8,0,-7.799999999999997,4.5,-11.799999999999997,8.5,0,0.0,0.0,0.0,0.0,0,57,13.4,15.1,0,53.88359590831031,66,168,2.9268868558020253,14.223220451079285,1.0,38.166666666666664,21.5,5,401,2.9268868558020253,14.223220451079285,1.0,38.166666666666664,21.5,5,1168,2.9268868558020253,14.223220451079285,1.0,38.166666666666664,21.5,5,1961,2.7945525240230875,65.73793570288156,1.0,37.857142857142854,45.857142857142854,1,3407,4.654421163113236,29.074668762281085,0.5111111111111111,31.8,10.933333333333334,-4
2025-05-18 14:25:53.759917,138,48786.240083,14.431388888888888,14,40,60,1,1.0,-3.299999999999997,5.900000000000006,-16.4,-7.199999999999996,-8.100000000000001,1.1000000000000014,-22.200000000000003,-13.0,0.0,0.0,0.0,0.0,0.0,1,31.3,19.5,52795.07,21935.27,100,0,-9.200000000000003,5.900000000000006,-12.399999999999999,9.100000000000001,0,0.0,0.0,0.0,0.0,0,100,12.1,14.8,0,-7.799999999999997,4.5,-11.799999999999997,8.5,0,0.0,0.0,0.0,0.0,0,57,13.4,15.1,0,48.085513003072776,60,168,2.9268868558020253,14.223220451079285,1.0,38.166666666666664,21.5,5,401,2.9268868558020253,14.223220451079285,1.0,38.166666666666664,21.5,5,1168,2.9268868558020253,14.223220451079285,1.0,38.166666666666664,21.5,5,1961,2.7945525240230875,65.73793570288156,1.0,37.857142857142854,45.857142857142854,1,3407,4.654421163113236,29.074668762281085,0.5111111111111111,31.8,10.933333333333334,-4
2025-05-18 14:25:53.759917,138,48786.240083,14.431388888888888,17,35,65,1,1.0,-3.299999999999997,5.900000000000006,-16.4,-7.199999999999996,-8.100000000000001,1.1000000000000014,-22.200000000000003,-13.0,0.0,0.0,0.0,0.0,0.0,1,31.3,19.5,52795.07,21935.27,100,0,-9.200000000000003,5.900000000000006,-12.399999999999999,9.100000000000001,0,0.0,0.0,0.0,0.0,0,100,12.1,14.8,0,-7.799999999999997,4.5,-11.799999999999997,8.5,0,0.0,0.0,0.0,0.0,0,57,13.4,15.1,0,53.136019206242025,65,168,2.9268868558020253,14.223220451079285,1.0,38.166666666666664,21.5,5,401,2.9268868558020253,14.223220451079285,1.0,38.166666666666664,21.5,5,1168,2.9268868558020253,14.223220451079285,1.0,38.166666666666664,21.5,5,1961,2.7945525240230875,65.73793570288156,1.0,37.857142857142854,45.857142857142854,1,3407,4.654421163113236,29.074668762281085,0.5111111111111111,31.8,10.933333333333334,-4
2025-05-18 14:27:19.475802,138,48700.524198,14.455277777777777,11,28,72,1,-1.0,-1.2999999999999972,5.900000000000006,-14.399999999999999,-7.199999999999996,-6.100000000000001,1.1000000000000014,-20.200000000000003,-13.0,0.0,0.0,0.0,0.0,0.0,1,31.3,19.5,52795.07,21935.27,100,0,-7.200000000000003,5.900000000000006,-10.399999999999999,9.100000000000001,0,0.0,0.0,0.0,0.0,0,100,12.1,14.8,0,-5.799999999999997,4.5,-9.799999999999997,8.5,0,0.0,0.0,0.0,0.0,0,57,13.4,15.1,0,-26.36875753920386,-28,140,,,1.0,28.0,11.0,0,179,,,1.0,28.0,11.0,0,1179,1.6431676725154984,17.224981857755324,0.6,25.2,32.8,-4,1882,1.6132464481796025,18.11147815683858,0.7692307692307693,25.46153846153846,20.76923076923077,-3,3418,6.204515342740146,20.942413020484704,0.7916666666666666,18.8125,14.395833333333334,-18
2025-05-18 14:27:33.596209,138,48686.403791,14.459166666666667,1,35,65,1,-1.0,-1.2999999999999972,5.900000000000006,-14.399999999999999,-7.199999999999996,-6.100000000000001,1.1000000000000014,-20.200000000000003,-13.0,0.0,0.0,0.0,0.0,0.0,1,31.3,19.5,52795.07,21935.27,100,0,-7.200000000000003,5.900000000000006,-10.399999999999999,9.100000000000001,0,0.0,0.0,0.0,0.0,0,100,12.1,14.8,0,-5.799999999999997,4.5,-9.799999999999997,8.5,0,0.0,0.0,0.0,0.0,0,57,13.4,15.1,0,-33.40379272859041,-35,141,4.949747468305833,7.0710678118654755,1.0,31.5,6.0,-7,180,4.949747468305833,7.0710678118654755,1.0,31.5,6.0,-7,1180,4.262237284181474,20.146960068456977,0.6666666666666666,26.833333333333332,27.5,-11,1883,2.9834709485930815,18.18540049624399,0.7857142857142857,26.142857142857142,19.357142857142858,-10,3419,6.560614808588191,20.811287655441962,0.7959183673469388,19.142857142857142,14.122448979591837,-25
2025-05-18 14:33:39.504331,138,48320.495669,14.560833333333335,21,22,78,0,-1.0,-1.2999999999999972,5.900000000000006,-14.399999999999999,-7.199999999999996,-6.100000000000001,1.1000000000000014,-20.200000000000003,-13.0,0.0,0.0,0.0,0.0,0.0,1,31.3,19.5,52795.07,21935.27,100,0,-7.200000000000003,5.900000000000006,-10.399999999999999,9.100000000000001,0,0.0,0.0,0.0,0.0,0,100,12.1,14.8,0,-5.799999999999997,4.5,-9.799999999999997,8.5,0,0.0,0.0,0.0,0.0,0,57,13.4,15.1,0,-20.407827977772413,22,21,,,0.0,22.0,21.0,0,21,,,0.0,22.0,21.0,0,434,6.506407098647712,10.0,0.6666666666666666,28.333333333333332,11.0,6,1897,3.2522181779399544,17.58058369556947,0.6923076923076923,26.076923076923077,21.923076923076923,2,3380,6.505884306706114,20.620784046536095,0.78,19.2,14.26,-12
2025-05-18 14:34:04.044288,138,48295.955712,14.567777777777778,10,35,65,1,1.0,-3.299999999999997,5.900000000000006,-16.4,-7.199999999999996,-8.100000000000001,1.1000000000000014,-22.200000000000003,-13.0,0.0,0.0,0.0,0.0,0.0,1,31.3,19.5,52795.07,21935.27,100,0,-9.200000000000003,5.900000000000006,-12.399999999999999,9.100000000000001,0,0.0,0.0,0.0,0.0,0,100,12.1,14.8,0,-7.799999999999997,4.5,-11.799999999999997,8.5,0,0.0,0.0,0.0,0.0,0,57,13.4,15.1,0,53.20387620192308,65,31,,,1.0,35.0,10.0,0,31,,,1.0,35.0,10.0,0,444,2.927700218845599,13.692194509142444,1.0,37.714285714285715,19.857142857142858,5,1897,2.7774602993176543,62.16783159894099,1.0,37.5,41.375,1,3390,4.626535520005699,28.750131274642534,0.5217391304347826,31.869565217391305,10.91304347826087,-4
2025-05-18 14:39:29.712225,138,47970.287775,14.658055555555556,30,29,71,1,1.0,-3.299999999999997,5.900000000000006,-16.4,-7.199999999999996,-8.100000000000001,1.1000000000000014,-22.200000000000003,-13.0,0.0,0.0,0.0,0.0,0.0,1,31.3,19.5,52795.07,21935.27,100,0,-9.200000000000003,5.900000000000006,-12.399999999999999,9.100000000000001,0,0.0,0.0,0.0,0.0,0,100,12.1,14.8,0,-7.799999999999997,4.5,-11.799999999999997,8.5,0,0.0,0.0,0.0,0.0,0,57,13.4,15.1,0,59.243873101789205,71,30,,,1.0,29.0,30.0,0,30,,,1.0,29.0,30.0,0,202,4.103569874424672,13.173973258989538,1.0,36.625,21.125,11,1881,3.844187531556932,58.27616246040152,1.0,36.55555555555556,40.111111111111114,7,3296,4.853546184915282,30.156502352665857,0.47619047619047616,31.833333333333332,12.0,4
2025-05-18 14:40:02.465982,138,47937.534018,14.667222222222222,19,28,72,0,1.0,-3.299999999999997,5.900000000000006,-16.4,-7.199999999999996,-8.100000000000001,1.1000000000000014,-22.200000000000003,-13.0,0.0,0.0,0.0,0.0,0.0,1,31.3,19.5,52795.07,21935.27,100,0,-9.200000000000003,5.900000000000006,-12.399999999999999,9.100000000000001,0,0.0,0.0,0.0,0.0,0,100,12.1,14.8,0,-7.799999999999997,4.5,-11.799999999999997,8.5,0,0.0,0.0,0.0,0.0,0,57,13.4,15.1,0,60.37778782399036,-72,51,0.5773502691896258,14.106735979665885,0.3333333333333333,28.333333333333332,17.0,1,51,0.5773502691896258,14.106735979665885,0.3333333333333333,28.333333333333332,17.0,1,223,5.1305187088853135,13.080944580232389,0.8,34.9,19.0,12,1902,4.878524367060187,53.61733098372374,0.8181818181818182,35.0,34.72727272727273,8,3317,4.807664335582961,29.505535725992186,0.45454545454545453,31.65909090909091,11.931818181818182,5
2025-05-18 14:40:02.465982,138,47937.534018,14.667222222222222,2,28,72,0,1.0,-3.299999999999997,5.900000000000006,-16.4,-7.199999999999996,-8.100000000000001,1.1000000000000014,-22.200000000000003,-13.0,0.0,0.0,0.0,0.0,0.0,1,31.3,19.5,52795.07,21935.27,100,0,-9.200000000000003,5.900000000000006,-12.399999999999999,9.100000000000001,0,0.0,0.0,0.0,0.0,0,100,12.1,14.8,0,-7.799999999999997,4.5,-11.799999999999997,8.5,0,0.0,0.0,0.0,0.0,0,57,13.4,15.1,0,60.464347694861544,-72,51,0.5773502691896258,14.106735979665885,0.3333333333333333,28.333333333333332,17.0,1,51,0.5773502691896258,14.106735979665885,0.3333333333333333,28.333333333333332,17.0,1,223,5.1305187088853135,13.080944580232389,0.8,34.9,19.0,12,1902,4.878524367060187,53.61733098372374,0.8181818181818182,35.0,34.72727272727273,8,3317,4.807664335582961,29.505535725992186,0.45454545454545453,31.65909090909091,11.931818181818182,5
2025-05-18 14:40:31.159937,138,47908.840063,14.675277777777778,7,20,80,1,5.0,-7.299999999999997,5.900000000000006,-20.4,-7.199999999999996,-12.100000000000001,1.1000000000000014,-26.200000000000003,-13.0,0.0,0.0,0.0,0.0,0.0,1,31.3,19.5,52795.07,21935.27,100,0,-13.200000000000003,5.900000000000006,-16.4,9.100000000000001,0,0.0,0.0,0.0,0.0,0,100,12.1,14.8,0,-11.799999999999997,4.5,-15.799999999999997,8.5,0,0.0,0.0,0.0,0.0,0,57,13.4,15.1,0,-5.203161717581713,-20,115,1.8929694486000912,22.818121453499774,1.0,22.75,16.0,-4,115,1.8929694486000912,22.818121453499774,1.0,22.75,16.0,-4,287,1.8929694486000912,22.818121453499774,1.0,22.75,16.0,-4,1966,3.6943675572892922,78.7434630114333,0.6428571428571429,20.571428571428573,49.92857142857143,-1,3381,3.539253563885143,53.83168400142383,0.5384615384615384,18.0,33.69230769230769,-8
2025-05-18 14:40:31.159937,138,47908.840063,14.675277777777778,50,23,77,1,5.0,-7.299999999999997,5.900000000000006,-20.4,-7.199999999999996,-12.100000000000001,1.1000000000000014,-26.200000000000003,-13.0,0.0,0.0,0.0,0.0,0.0,1,31.3,19.5,52795.07,21935.27,100,0,-13.200000000000003,5.900000000000006,-16.4,9.100000000000001,0,0.0,0.0,0.0,0.0,0,100,12.1,14.8,0,-11.799999999999997,4.5,-15.799999999999997,8.5,0,0.0,0.0,0.0,0.0,0,57,13.4,15.1,0,-8.210954214805305,-23,115,1.8929694486000912,22.818121453499774,1.0,22.75,16.0,-4,115,1.8929694486000912,22.818121453499774,1.0,22.75,16.0,-4,287,1.8929694486000912,22.818121453499774,1.0,22.75,16.0,-4,1966,3.6943675572892922,78.7434630114333,0.6428571428571429,20.571428571428573,49.92857142857143,-1,3381,3.539253563885143,53.83168400142383,0.5384615384615384,18.0,33.69230769230769,-8
2025-05-18 14:40:31.159937,138,47908.840063,14.675277777777778,6,24,76,1,5.0,-7.299999999999997,5.900000000000006,-20.4,-7.199999999999996,-12.100000000000001,1.1000000000000014,-26.200000000000003,-13.0,0.0,0.0,0.0,0.0,0.0,1,31.3,19.5,52795.07,21935.27,100,0,-13.200000000000003,5.900000000000006,-16.4,9.100000000000001,0,0.0,0.0,0.0,0.0,0,100,12.1,14.8,0,-11.799999999999997,4.5,-15.799999999999997,8.5,0,0.0,0.0,0.0,0.0,0,57,13.4,15.1,0,-9.299740484429066,-24,115,1.8929694486000912,22.818121453499774,1.0,22.75,16.0,-4,115,1.8929694486000912,22.818121453499774,1.0,22.75,16.0,-4,287,1.8929694486000912,22.818121453499774,1.0,22.75,16.0,-4,1966,3.6943675572892922,78.7434630114333,0.6428571428571429,20.571428571428573,49.92857142857143,-1,3381,3.539253563885143,53.83168400142383,0.5384615384615384,18.0,33.69230769230769,-8
2025-05-18 14:40:31.159937,138,47908.840063,14.675277777777778,1,24,76,1,5.0,-7.299999999999997,5.900000000000006,-20.4,-7.199999999999996,-12.100000000000001,1.1000000000000014,-26.200000000000003,-13.0,0.0,0.0,0.0,0.0,0.0,1,31.3,19.5,52795.07,21935.27,100,0,-13.200000000000003,5.900000000000006,-16.4,9.100000000000001,0,0.0,0.0,0.0,0.0,0,100,12.1,14.8,0,-11.799999999999997,4.5,-15.799999999999997,8.5,0,0.0,0.0,0.0,0.0,0,57,13.4,15.1,0,-9.311823300129927,-24,115,1.8929694486000912,22.818121453499774,1.0,22.75,16.0,-4,115,1.8929694486000912,22.818121453499774,1.0,22.75,16.0,-4,287,1.8929694486000912,22.818121453499774,1.0,22.75,16.0,-4,1966,3.6943675572892922,78.7434630114333,0.6428571428571429,20.571428571428573,49.92857142857143,-1,3381,3.539253563885143,53.83168400142383,0.5384615384615384,18.0,33.69230769230769,-8
2025-05-18 14:41:05.229797,138,47874.770203,14.684722222222222,24,28,72,1,5.0,-7.299999999999997,5.900000000000006,-20.4,-7.199999999999996,-12.100000000000001,1.1000000000000014,-26.200000000000003,-13.0,0.0,0.0,0.0,0.0,0.0,1,31.3,19.5,52795.07,21935.27,100,0,-13.200000000000003,5.900000000000006,-16.4,9.100000000000001,0,0.0,0.0,0.0,0.0,0,100,12.1,14.8,0,-11.799999999999997,4.5,-15.799999999999997,8.5,0,0.0,0.0,0.0,0.0,0,57,13.4,15.1,0,-13.31384015594542,-28,189,2.875181153713043,22.3069495897579,1.0,24.333333333333332,23.0,-7,189,2.875181153713043,22.3069495897579,1.0,24.333333333333332,23.0,-7,232,2.875181153713043,22.3069495897579,1.0,24.333333333333332,23.0,-7,2040,4.178815621680382,73.59231730735667,0.6875,21.4375,48.3125,-4,3450,4.025528294370876,52.55404883337238,0.5609756097560976,18.463414634146343,33.853658536585364,-11
2025-05-18 14:41:05.229797,138,47874.770203,14.684722222222222,50,27,73,1,5.0,-7.299999999999997,5.900000000000006,-20.4,-7.199999999999996,-12.100000000000001,1.1000000000000014,-26.200000000000003,-13.0,0.0,0.0,0.0,0.0,0.0,1,31.3,19.5,52795.07,21935.27,100,0,-13.200000000000003,5.900000000000006,-16.4,9.100000000000001,0,0.0,0.0,0.0,0.0,0,100,12.1,14.8,0,-11.799999999999997,4.5,-15.799999999999997,8.5,0,0.0,0.0,0.0,0.0,0,57,13.4,15.1,0,-12.383409536250817,-27,189,2.875181153713043,22.3069495897579,1.0,24.333333333333332,23.0,-7,189,2.875181153713043,22.3069495897579,1.0,24.333333333333332,23.0,-7,232,2.875181153713043,22.3069495897579,1.0,24.333333333333332,23.0,-7,2040,4.178815621680382,73.59231730735667,0.6875,21.4375,48.3125,-4,3450,4.025528294370876,52.55404883337238,0.5609756097560976,18.463414634146343,33.853658536585364,-11
2025-05-18 14:41:57.022749,138,47822.977251,14.699166666666667,5,12,88,0,-1.0,-1.2999999999999972,5.900000000000006,-14.399999999999999,-7.199999999999996,-6.100000000000001,1.1000000000000014,-20.200000000000003,-13.0,0.0,0.0,0.0,0.0,0.0,1,31.3,19.5,52795.07,21935.27,100,0,-7.200000000000003,5.900000000000006,-10.399999999999999,9.100000000000001,0,0.0,0.0,0.0,0.0,0,100,12.1,14.8,0,-5.799999999999997,4.5,-9.799999999999997,8.5,0,0.0,0.0,0.0,0.0,0,57,13.4,15.1,0,-10.459731137216906,12,164,,,0.0,12.0,5.0,0,194,,,0.0,12.0,5.0,0,237,9.742518497116988,8.698658900466592,0.5,24.25,9.5,16,2045,5.564497853682429,18.087665309918698,0.6363636363636364,25.181818181818183,22.181818181818183,14,3372,5.802756299925795,21.2763391751413,0.7391304347826086,20.195652173913043,14.630434782608695,-3
2025-05-18 14:42:33.184381,138,47786.815619,14.709166666666667,50,27,73,1,5.0,-7.299999999999997,5.900000000000006,-20.4,-7.199999999999996,-12.100000000000001,1.1000000000000014,-26.200000000000003,-13.0,0.0,0.0,0.0,0.0,0.0,1,31.3,19.5,52795.07,21935.27,100,0,-13.200000000000003,5.900000000000006,-16.4,9.100000000000001,0,0.0,0.0,0.0,0.0,0,100,12.1,14.8,0,-11.799999999999997,4.5,-15.799999999999997,8.5,0,0.0,0.0,0.0,0.0,0,57,13.4,15.1,0,-12.519700638344705,-27,189,0.5773502691896257,15.405626677721791,1.0,27.5,46.0,0,304,2.850438562747845,24.124676163629637,1.0,25.125,31.0,-8,336,2.850438562747845,24.124676163629637,1.0,25.125,31.0,-8,2155,4.391018760109548,69.18302428828333,0.7222222222222222,22.11111111111111,49.05555555555556,-5,3482,4.4355822891591625,52.536595839843145,0.5609756097560976,19.024390243902438,35.609756097560975,-12
2025-05-18 14:42:33.184381,138,47786.815619,14.709166666666667,60,28,72,1,5.0,-7.299999999999997,5.900000000000006,-20.4,-7.199999999999996,-12.100000000000001,1.1000000000000014,-26.200000000000003,-13.0,0.0,0.0,0.0,0.0,0.0,1,31.3,19.5,52795.07,21935.27,100,0,-13.200000000000003,5.900000000000006,-16.4,9.100000000000001,0,0.0,0.0,0.0,0.0,0,100,12.1,14.8,0,-11.799999999999997,4.5,-15.799999999999997,8.5,0,0.0,0.0,0.0,0.0,0,57,13.4,15.1,0,-13.659025150233697,-28,189,0.5773502691896257,15.405626677721791,1.0,27.5,46.0,0,304,2.850438562747845,24.124676163629637,1.0,25.125,31.0,-8,336,2.850438562747845,24.124676163629637,1.0,25.125,31.0,-8,2155,4.391018760109548,69.18302428828333,0.7222222222222222,22.11111111111111,49.05555555555556,-5,3482,4.4355822891591625,52.536595839843145,0.5609756097560976,19.024390243902438,35.609756097560975,-12
2025-05-18 14:44:46.616611,138,47653.383389,14.74611111111111,66,34,66,0,1.0,-3.299999999999997,5.900000000000006,-16.4,-7.199999999999996,-8.100000000000001,1.1000000000000014,-22.200000000000003,-13.0,0.0,0.0,0.0,0.0,0.0,1,31.3,19.5,52795.07,21935.27,100,0,-9.200000000000003,5.900000000000006,-12.399999999999999,9.100000000000001,0,0.0,0.0,0.0,0.0,0,100,12.1,14.8,0,-7.799999999999997,4.5,-11.799999999999997,8.5,0,0.0,0.0,0.0,0.0,0,57,13.4,15.1,0,54.47347370009811,-66,90,0.0,29.698484809834994,0.0,34.0,45.0,0,364,3.4641016151377544,27.183021661814323,0.0,31.0,27.75,-6,425,3.32665998663324,22.34651352373937,0.3333333333333333,31.333333333333332,25.166666666666668,1,2245,4.469268281761454,49.84038626018163,0.6923076923076923,34.84615384615385,36.30769230769231,2,3572,4.773982518915322,30.263539419271805,0.4222222222222222,31.733333333333334,13.6,-7
2025-05-18 14:44:46.616611,138,47653.383389,14.74611111111111,24,34,66,0,1.0,-3.299999999999997,5.900000000000006,-16.4,-7.199999999999996,-8.100000000000001,1.1000000000000014,-22.200000000000003,-13.0,0.0,0.0,0.0,0.0,0.0,1,31.3,19.5,52795.07,21935.27,100,0,-9.200000000000003,5.900000000000006,-12.399999999999999,9.100000000000001,0,0.0,0.0,0.0,0.0,0,100,12.1,14.8,0,-7.799999999999997,4.5,-11.799999999999997,8.5,0,0.0,0.0,0.0,0.0,0,57,13.4,15.1,0,54.746150929086085,-66,90,0.0,29.698484809834994,0.0,34.0,45.0,0,364,3.4641016151377544,27.183021661814323,0.0,31.0,27.75,-6,425,3.32665998663324,22.34651352373937,0.3333333333333333,31.333333333333332,25.166666666666668,1,2245,4.469268281761454,49.84038626018163,0.6923076923076923,34.84615384615385,36.30769230769231,2,3572,4.773982518915322,30.263539419271805,0.4222222222222222,31.733333333333334,13.6,-7
2025-05-18 14:55:10.631838,138,47029.368162,14.919444444444444,10,7,93,0,-1.0,-1.2999999999999972,5.900000000000006,-14.399999999999999,-7.199999999999996,-6.100000000000001,1.1000000000000014,-20.200000000000003,-13.0,0.0,0.0,0.0,0.0,0.0,1,31.3,19.5,52795.07,21935.27,100,0,-7.200000000000003,5.900000000000006,-10.399999999999999,9.100000000000001,0,0.0,0.0,0.0,0.0,0,100,12.1,14.8,0,-5.799999999999997,4.5,-9.799999999999997,8.5,0,0.0,0.0,0.0,0.0,0,57,13.4,15.1,0,-5.466068831798353,7,10,,,0.0,7.0,10.0,0,10,,,0.0,7.0,10.0,0,353,3.5355339059327378,3.5355339059327378,0.0,9.5,7.5,5,2230,7.463040244898168,17.60079199319959,0.5833333333333334,23.666666666666668,21.166666666666668,19,3297,5.013761549779645,21.718206367121528,0.6829268292682927,21.365853658536587,14.658536585365853,5
2025-05-18 14:55:34.062447,138,47005.937553,14.92611111111111,5,26,74,1,3.0,-5.299999999999997,5.900000000000006,-18.4,-7.199999999999996,-10.100000000000001,1.1000000000000014,-24.200000000000003,-13.0,0.0,0.0,0.0,0.0,0.0,1,31.3,19.5,52795.07,21935.27,100,0,-11.200000000000003,5.900000000000006,-14.399999999999999,9.100000000000001,0,0.0,0.0,0.0,0.0,0,100,12.1,14.8,0,-9.799999999999997,4.5,-13.799999999999997,8.5,0,0.0,0.0,0.0,0.0,0,57,13.4,15.1,0,-7.2543586550435855,-26,15,,,1.0,26.0,5.0,0,15,,,1.0,26.0,5.0,0,294,,,1.0,26.0,5.0,0,2235,2.217355782608345,119.78974636141999,0.25,24.25,85.75,-1,3258,3.8622100754188224,52.15352337090947,0.24,29.2,19.36,4
2025-05-18 14:56:05.462290,138,46974.53771,14.934722222222222,50,37,63,1,1.0,-3.299999999999997,5.900000000000006,-16.4,-7.199999999999996,-8.100000000000001,1.1000000000000014,-22.200000000000003,-13.0,0.0,0.0,0.0,0.0,0.0,1,31.3,19.5,52795.07,21935.27,100,0,-9.200000000000003,5.900000000000006,-12.399999999999999,9.100000000000001,0,0.0,0.0,0.0,0.0,0,100,12.1,14.8,0,-7.799999999999997,4.5,-11.799999999999997,8.5,0,0.0,0.0,0.0,0.0,0,57,13.4,15.1,0,51.84598434769394,63,132,0.9574271077563381,18.997806890972093,1.0,36.25,29.25,1,132,0.9574271077563381,18.997806890972093,1.0,36.25,29.25,1,337,1.378404875209022,21.426618958669145,0.6666666666666666,35.5,34.5,-2,2352,3.9407374645751116,44.04818551380776,0.7647058823529411,35.1764705882353,34.64705882352941,0,3375,3.5189196778165783,35.822141287918754,0.5806451612903226,34.12903225806452,21.322580645161292,-9
2025-05-18 14:56:05.462290,138,46974.53771,14.934722222222222,18,37,63,1,1.0,-3.299999999999997,5.900000000000006,-16.4,-7.199999999999996,-8.100000000000001,1.1000000000000014,-22.200000000000003,-13.0,0.0,0.0,0.0,0.0,0.0,1,31.3,19.5,52795.07,21935.27,100,0,-9.200000000000003,5.900000000000006,-12.399999999999999,9.100000000000001,0,0.0,0.0,0.0,0.0,0,100,12.1,14.8,0,-7.799999999999997,4.5,-11.799999999999997,8.5,0,0.0,0.0,0.0,0.0,0,57,13.4,15.1,0,52.04370376020135,63,132,0.9574271077563381,18.997806890972093,1.0,36.25,29.25,1,132,0.9574271077563381,18.997806890972093,1.0,36.25,29.25,1,337,1.378404875209022,21.426618958669145,0.6666666666666666,35.5,34.5,-2,2352,3.9407374645751116,44.04818551380776,0.7647058823529411,35.1764705882353,34.64705882352941,0,3375,3.5189196778165783,35.822141287918754,0.5806451612903226,34.12903225806452,21.322580645161292,-9
2025-05-18 14:56:05.462290,138,46974.53771,14.934722222222222,40,35,65,1,1.0,-3.299999999999997,5.900000000000006,-16.4,-7.199999999999996,-8.100000000000001,1.1000000000000014,-22.200000000000003,-13.0,0.0,0.0,0.0,0.0,0.0,1,31.3,19.5,52795.07,21935.27,100,0,-9.200000000000003,5.900000000000006,-12.399999999999999,9.100000000000001,0,0.0,0.0,0.0,0.0,0,100,12.1,14.8,0,-7.799999999999997,4.5,-11.799999999999997,8.5,0,0.0,0.0,0.0,0.0,0,57,13.4,15.1,0,54.115252424959905,65,132,0.9574271077563381,18.997806890972093,1.0,36.25,29.25,1,132,0.9574271077563381,18.997806890972093,1.0,36.25,29.25,1,337,1.378404875209022,21.426618958669145,0.6666666666666666,35.5,34.5,-2,2352,3.9407374645751116,44.04818551380776,0.7647058823529411,35.1764705882353,34.64705882352941,0,3375,3.5189196778165783,35.822141287918754,0.5806451612903226,34.12903225806452,21.322580645161292,-9
2025-05-18 14:56:05.462290,138,46974.53771,14.934722222222222,9,36,64,1,1.0,-3.299999999999997,5.900000000000006,-16.4,-7.199999999999996,-8.100000000000001,1.1000000000000014,-22.200000000000003,-13.0,0.0,0.0,0.0,0.0,0.0,1,31.3,19.5,52795.07,21935.27,100,0,-9.200000000000003,5.900000000000006,-12.399999999999999,9.100000000000001,0,0.0,0.0,0.0,0.0,0,100,12.1,14.8,0,-7.799999999999997,4.5,-11.799999999999997,8.5,0,0.0,0.0,0.0,0.0,0,57,13.4,15.1,0,53.2810848080901,64,132,0.9574271077563381,18.997806890972093,1.0,36.25,29.25,1,132,0.9574271077563381,18.997806890972093,1.0,36.25,29.25,1,337,1.378404875209022,21.426618958669145,0.6666666666666666,35.5,34.5,-2,2352,3.9407374645751116,44.04818551380776,0.7647058823529411,35.1764705882353,34.64705882352941,0,3375,3.5189196778165783,35.822141287918754,0.5806451612903226,34.12903225806452,21.322580645161292,-9
2025-05-18 14:56:11.417085,138,46968.582915,14.936388888888889,50,21,79,0,5.0,-7.299999999999997,5.900000000000006,-20.4,-7.199999999999996,-12.100000000000001,1.1000000000000014,-26.200000000000003,-13.0,0.0,0.0,0.0,0.0,0.0,1,31.3,19.5,52795.07,21935.27,100,0,-13.200000000000003,5.900000000000006,-16.4,9.100000000000001,0,0.0,0.0,0.0,0.0,0,100,12.1,14.8,0,-11.799999999999997,4.5,-15.799999999999997,8.5,0,0.0,0.0,0.0,0.0,0,57,13.4,15.1,0,-6.843898037446422,21,182,,,0.0,21.0,50.0,0,182,,,0.0,21.0,50.0,0,387,3.7859388972001824,5.773502691896258,0.6666666666666666,25.333333333333332,53.333333333333336,6,2402,4.274909800354809,67.23416355200688,0.6842105263157895,22.05263157894737,49.10526315789474,2,3425,4.710987649589107,56.524189133673126,0.5294117647058824,19.558823529411764,39.470588235294116,6
2025-05-18 14:58:12.574713,138,46847.425287,14.97,42,21,79,1,3.0,-5.299999999999997,5.900000000000006,-18.4,-7.199999999999996,-10.100000000000001,1.1000000000000014,-24.200000000000003,-13.0,0.0,0.0,0.0,0.0,0.0,1,31.3,19.5,52795.07,21935.27,100,0,-11.200000000000003,5.900000000000006,-14.399999999999999,9.100000000000001,0,0.0,0.0,0.0,0.0,0,100,12.1,14.8,0,-9.799999999999997,4.5,-13.799999999999997,8.5,0,0.0,0.0,0.0,0.0,0,57,13.4,15.1,0,-2.265668849391954,-21,89,0.0,19.65536398374076,1.0,21.0,29.666666666666668,0,271,2.5,20.24022397768035,1.0,22.25,23.5,5,361,2.5,20.24022397768035,1.0,22.25,23.5,5,2249,2.3401261667248794,90.5662083518908,0.5714285714285714,22.857142857142858,61.714285714285715,4,3514,4.46429100528787,49.56737438249683,0.32142857142857145,28.321428571428573,20.464285714285715,9
2025-05-18 14:58:12.574713,138,46847.425287,14.97,40,21,79,1,3.0,-5.299999999999997,5.900000000000006,-18.4,-7.199999999999996,-10.100000000000001,1.1000000000000014,-24.200000000000003,-13.0,0.0,0.0,0.0,0.0,0.0,1,31.3,19.5,52795.07,21935.27,100,0,-11.200000000000003,5.900000000000006,-14.399999999999999,9.100000000000001,0,0.0,0.0,0.0,0.0,0,100,12.1,14.8,0,-9.799999999999997,4.5,-13.799999999999997,8.5,0,0.0,0.0,0.0,0.0,0,57,13.4,15.1,0,-2.2957345971563967,-21,89,0.0,19.65536398374076,1.0,21.0,29.666666666666668,0,271,2.5,20.24022397768035,1.0,22.25,23.5,5,361,2.5,20.24022397768035,1.0,22.25,23.5,5,2249,2.3401261667248794,90.5662083518908,0.5714285714285714,22.857142857142858,61.714285714285715,4,3514,4.46429100528787,49.56737438249683,0.32142857142857145,28.321428571428573,20.464285714285715,9
2025-05-18 14:58:12.574713,138,46847.425287,14.97,7,21,79,1,3.0,-5.299999999999997,5.900000000000006,-18.4,-7.199999999999996,-10.100000000000001,1.1000000000000014,-24.200000000000003,-13.0,0.0,0.0,0.0,0.0,0.0,1,31.3,19.5,52795.07,21935.27,100,0,-11.200000000000003,5.900000000000006,-14.399999999999999,9.100000000000001,0,0.0,0.0,0.0,0.0,0,100,12.1,14.8,0,-9.799999999999997,4.5,-13.799999999999997,8.5,0,0.0,0.0,0.0,0.0,0,57,13.4,15.1,0,-2.3251199999999983,-21,89,0.0,19.65536398374076,1.0,21.0,29.666666666666668,0,271,2.5,20.24022397768035,1.0,22.25,23.5,5,361,2.5,20.24022397768035,1.0,22.25,23.5,5,2249,2.3401261667248794,90.5662083518908,0.5714285714285714,22.857142857142858,61.714285714285715,4,3514,4.46429100528787,49.56737438249683,0.32142857142857145,28.321428571428573,20.464285714285715,9
2025-05-18 15:02:50.557914,138,46569.442086,15.047222222222222,4,21,79,1,5.0,-7.299999999999997,4.5,-20.4,-8.600000000000001,-12.100000000000001,-0.30000000000000426,-26.200000000000003,-14.400000000000006,0.0,0.0,0.0,0.0,0.0,1,31.3,19.5,52795.07,21935.27,100,0,-11.799999999999997,4.5,-15.799999999999997,8.5,0,0.0,0.0,0.0,0.0,0,57,13.4,15.1,0,-11.600000000000001,4.300000000000004,-15.399999999999999,8.100000000000001,0,0.0,0.0,0.0,0.0,0,32,15.8,18.4,0,-6.921971252566735,-21,4,,,1.0,21.0,4.0,0,93,,,1.0,21.0,4.0,0,275,0.0,32.526911934581186,0.5,21.0,27.0,0,1892,4.493459298868549,70.48325833758221,0.6470588235294118,21.764705882352942,51.529411764705884,2,3375,4.541659021400293,61.950248856104956,0.64,20.72,50.2,-6
2025-05-18 15:02:57.538158,138,46562.461842,15.049166666666666,36,20,80,0,5.0,-7.299999999999997,4.5,-20.4,-8.600000000000001,-12.100000000000001,-0.30000000000000426,-26.200000000000003,-14.400000000000006,0.0,0.0,0.0,0.0,0.0,1,31.3,19.5,52795.07,21935.27,100,0,-11.799999999999997,4.5,-15.799999999999997,8.5,0,0.0,0.0,0.0,0.0,0,57,13.4,15.1,0,-11.600000000000001,4.300000000000004,-15.399999999999999,8.100000000000001,0,0.0,0.0,0.0,0.0,0,32,15.8,18.4,0,-5.9282941310801505,20,40,0.7071067811865476,22.627416997969522,0.5,20.5,20.0,1,129,0.7071067811865476,22.627416997969522,0.5,20.5,20.0,1,311,0.5773502691896258,23.57965224510319,0.3333333333333333,20.666666666666668,30.0,1,1928,4.3790947224552355,68.4767027793352,0.6111111111111112,21.666666666666668,50.666666666666664,3,3411,4.452138639074311,60.76245044939666,0.6153846153846154,20.692307692307693,49.65384615384615,-5
2025-05-18 15:04:15.830999,138,46484.169001,15.070833333333333,4,32,68,1,5.0,-7.299999999999997,4.5,-20.4,-8.600000000000001,-12.100000000000001,-0.30000000000000426,-26.200000000000003,-14.400000000000006,0.0,0.0,0.0,0.0,0.0,1,31.3,19.5,52795.07,21935.27,100,0,-11.799999999999997,4.5,-15.799999999999997,8.5,0,0.0,0.0,0.0,0.0,0,57,13.4,15.1,0,-11.600000000000001,4.300000000000004,-15.399999999999999,8.100000000000001,0,0.0,0.0,0.0,0.0,0,32,15.8,18.4,0,-17.977434952797605,-32,299,5.174724898753341,30.069826145896563,0.8888888888888888,26.444444444444443,33.22222222222222,-12,299,5.174724898753341,30.069826145896563,0.8888888888888888,26.444444444444443,33.22222222222222,-12,570,5.173651192984184,28.842291479315193,0.8,25.9,34.9,-12,2187,5.244997616777343,60.18283254661028,0.72,23.48,46.84,-10,3543,5.297595315709974,56.28026067757224,0.71875,22.5,45.875,-17
2025-05-18 15:04:15.830999,138,46484.169001,15.070833333333333,64,21,79,1,5.0,-7.299999999999997,4.5,-20.4,-8.600000000000001,-12.100000000000001,-0.30000000000000426,-26.200000000000003,-14.400000000000006,0.0,0.0,0.0,0.0,0.0,1,31.3,19.5,52795.07,21935.27,100,0,-11.799999999999997,4.5,-15.799999999999997,8.5,0,0.0,0.0,0.0,0.0,0,57,13.4,15.1,0,-11.600000000000001,4.300000000000004,-15.399999999999999,8.100000000000001,0,0.0,0.0,0.0,0.0,0,32,15.8,18.4,0,-6.99400783590689,-21,299,5.174724898753341,30.069826145896563,0.8888888888888888,26.444444444444443,33.22222222222222,-12,299,5.174724898753341,30.069826145896563,0.8888888888888888,26.444444444444443,33.22222222222222,-12,570,5.173651192984184,28.842291479315193,0.8,25.9,34.9,-12,2187,5.244997616777343,60.18283254661028,0.72,23.48,46.84,-10,3543,5.297595315709974,56.28026067757224,0.71875,22.5,45.875,-17
2025-05-18 15:04:15.830999,138,46484.169001,15.070833333333333,50,27,73,1,5.0,-7.299999999999997,4.5,-20.4,-8.600000000000001,-12.100000000000001,-0.30000000000000426,-26.200000000000003,-14.400000000000006,0.0,0.0,0.0,0.0,0.0,1,31.3,19.5,52795.07,21935.27,100,0,-11.799999999999997,4.5,-15.799999999999997,8.5,0,0.0,0.0,0.0,0.0,0,57,13.4,15.1,0,-11.600000000000001,4.300000000000004,-15.399999999999999,8.100000000000001,0,0.0,0.0,0.0,0.0,0,32,15.8,18.4,0,-13.098713450292397,-27,299,5.174724898753341,30.069826145896563,0.8888888888888888,26.444444444444443,33.22222222222222,-12,299,5.174724898753341,30.069826145896563,0.8888888888888888,26.444444444444443,33.22222222222222,-12,570,5.173651192984184,28.842291479315193,0.8,25.9,34.9,-12,2187,5.244997616777343,60.18283254661028,0.72,23.48,46.84,-10,3543,5.297595315709974,56.28026067757224,0.71875,22.5,45.875,-17
2025-05-18 15:04:15.830999,138,46484.169001,15.070833333333333,16,28,72,1,5.0,-7.299999999999997,4.5,-20.4,-8.600000000000001,-12.100000000000001,-0.30000000000000426,-26.200000000000003,-14.400000000000006,0.0,0.0,0.0,0.0,0.0,1,31.3,19.5,52795.07,21935.27,100,0,-11.799999999999997,4.5,-15.799999999999997,8.5,0,0.0,0.0,0.0,0.0,0,57,13.4,15.1,0,-11.600000000000001,4.300000000000004,-15.399999999999999,8.100000000000001,0,0.0,0.0,0.0,0.0,0,32,15.8,18.4,0,-14.253727810650888,-28,299,5.174724898753341,30.069826145896563,0.8888888888888888,26.444444444444443,33.22222222222222,-12,299,5.174724898753341,30.069826145896563,0.8888888888888888,26.444444444444443,33.22222222222222,-12,570,5.173651192984184,28.842291479315193,0.8,25.9,34.9,-12,2187,5.244997616777343,60.18283254661028,0.72,23.48,46.84,-10,3543,5.297595315709974,56.28026067757224,0.71875,22.5,45.875,-17
2025-05-18 15:04:15.830999,138,46484.169001,15.070833333333333,91,24,76,1,5.0,-7.299999999999997,4.5,-20.4,-8.600000000000001,-12.100000000000001,-0.30000000000000426,-26.200000000000003,-14.400000000000006,0.0,0.0,0.0,0.0,0.0,1,31.3,19.5,52795.07,21935.27,100,0,-11.799999999999997,4.5,-15.799999999999997,8.5,0,0.0,0.0,0.0,0.0,0,57,13.4,15.1,0,-11.600000000000001,4.300000000000004,-15.399999999999999,8.100000000000001,0,0.0,0.0,0.0,0.0,0,32,15.8,18.4,0,-10.30791161796151,-24,299,5.174724898753341,30.069826145896563,0.8888888888888888,26.444444444444443,33.22222222222222,-12,299,5.174724898753341,30.069826145896563,0.8888888888888888,26.444444444444443,33.22222222222222,-12,570,5.173651192984184,28.842291479315193,0.8,25.9,34.9,-12,2187,5.244997616777343,60.18283254661028,0.72,23.48,46.84,-10,3543,5.297595315709974,56.28026067757224,0.71875,22.5,45.875,-17
2025-05-18 15:04:15.830999,138,46484.169001,15.070833333333333,25,32,68,1,5.0,-7.299999999999997,4.5,-20.4,-8.600000000000001,-12.100000000000001,-0.30000000000000426,-26.200000000000003,-14.400000000000006,0.0,0.0,0.0,0.0,0.0,1,31.3,19.5,52795.07,21935.27,100,0,-11.799999999999997,4.5,-15.799999999999997,8.5,0,0.0,0.0,0.0,0.0,0,57,13.4,15.1,0,-11.600000000000001,4.300000000000004,-15.399999999999999,8.100000000000001,0,0.0,0.0,0.0,0.0,0,32,15.8,18.4,0,-18.535696940262262,-32,299,5.174724898753341,30.069826145896563,0.8888888888888888,26.444444444444443,33.22222222222222,-12,299,5.174724898753341,30.069826145896563,0.8888888888888888,26.444444444444443,33.22222222222222,-12,570,5.173651192984184,28.842291479315193,0.8,25.9,34.9,-12,2187,5.244997616777343,60.18283254661028,0.72,23.48,46.84,-10,3543,5.297595315709974,56.28026067757224,0.71875,22.5,45.875,-17
2025-05-18 15:04:15.830999,138,46484.169001,15.070833333333333,9,33,67,1,5.0,-7.299999999999997,4.5,-20.4,-8.600000000000001,-12.100000000000001,-0.30000000000000426,-26.200000000000003,-14.400000000000006,0.0,0.0,0.0,0.0,0.0,1,31.3,19.5,52795.07,21935.27,100,0,-11.799999999999997,4.5,-15.799999999999997,8.5,0,0.0,0.0,0.0,0.0,0,57,13.4,15.1,0,-11.600000000000001,4.300000000000004,-15.399999999999999,8.100000000000001,0,0.0,0.0,0.0,0.0,0,32,15.8,18.4,0,-19.64891277791351,-33,299,5.174724898753341,30.069826145896563,0.8888888888888888,26.444444444444443,33.22222222222222,-12,299,5.174724898753341,30.069826145896563,0.8888888888888888,26.444444444444443,33.22222222222222,-12,570,5.173651192984184,28.842291479315193,0.8,25.9,34.9,-12,2187,5.244997616777343,60.18283254661028,0.72,23.48,46.84,-10,3543,5.297595315709974,56.28026067757224,0.71875,22.5,45.875,-17
2025-05-18 15:06:56.531590,138,46323.46841,15.115555555555556,30,37,63,1,1.0,-3.299999999999997,4.5,-16.4,-8.600000000000001,-8.100000000000001,-0.30000000000000426,-22.200000000000003,-14.400000000000006,0.0,0.0,0.0,0.0,0.0,1,31.3,19.5,52795.07,21935.27,100,0,-7.799999999999997,4.5,-11.799999999999997,8.5,0,0.0,0.0,0.0,0.0,0,57,13.4,15.1,0,-7.600000000000001,4.300000000000004,-11.399999999999999,8.100000000000001,0,0.0,0.0,0.0,0.0,0,32,15.8,18.4,0,52.31784728610856,63,43,0.7071067811865476,12.020815280171307,1.0,37.5,21.5,-1,342,0.7071067811865476,12.020815280171307,1.0,37.5,21.5,-1,613,1.0327955589886444,16.169930941926335,1.0,36.666666666666664,26.666666666666668,-1,2230,3.8977955894988057,16.97826368945001,0.7777777777777778,35.388888888888886,24.444444444444443,2,3248,3.893340823354464,39.37796980456018,0.782608695652174,34.608695652173914,28.47826086956522,-7
2025-05-18 15:06:56.531590,138,46323.46841,15.115555555555556,13,38,62,1,1.0,-3.299999999999997,4.5,-16.4,-8.600000000000001,-8.100000000000001,-0.30000000000000426,-22.200000000000003,-14.400000000000006,0.0,0.0,0.0,0.0,0.0,1,31.3,19.5,52795.07,21935.27,100,0,-7.799999999999997,4.5,-11.799999999999997,8.5,0,0.0,0.0,0.0,0.0,0,57,13.4,15.1,0,-7.600000000000001,4.300000000000004,-11.399999999999999,8.100000000000001,0,0.0,0.0,0.0,0.0,0,32,15.8,18.4,0,51.43845089903181,62,43,0.7071067811865476,12.020815280171307,1.0,37.5,21.5,-1,342,0.7071067811865476,12.020815280171307,1.0,37.5,21.5,-1,613,1.0327955589886444,16.169930941926335,1.0,36.666666666666664,26.666666666666668,-1,2230,3.8977955894988057,16.97826368945001,0.7777777777777778,35.388888888888886,24.444444444444443,2,3248,3.893340823354464,39.37796980456018,0.782608695652174,34.608695652173914,28.47826086956522,-7
2025-05-18 15:08:36.018925,138,46223.981075,15.143333333333333,34,28,72,1,3.0,-5.299999999999997,4.5,-18.4,-8.600000000000001,-10.100000000000001,-0.30000000000000426,-24.200000000000003,-14.400000000000006,0.0,0.0,0.0,0.0,0.0,1,31.3,19.5,52795.07,21935.27,100,0,-9.799999999999997,4.5,-13.799999999999997,8.5,0,0.0,0.0,0.0,0.0,0,57,13.4,15.1,0,-9.600000000000001,4.300000000000004,-13.399999999999999,8.100000000000001,0,0.0,0.0,0.0,0.0,0,32,15.8,18.4,0,-9.33033996151379,-28,77,,,1.0,28.0,34.0,0,336,,,1.0,28.0,34.0,0,647,3.361547262794322,18.14662503056698,1.0,23.4,25.6,-2,2261,3.1622776601683795,17.001960671248085,0.8333333333333334,23.0,27.666666666666668,-7,3282,2.6937724952954465,68.63485695871734,0.6923076923076923,24.615384615384617,40.92307692307692,-2
2025-05-18 15:12:57.801359,138,45962.198641,15.215833333333332,5,14,86,1,-1.0,-1.2999999999999972,4.5,-14.399999999999999,-8.600000000000001,-6.100000000000001,-0.30000000000000426,-20.200000000000003,-14.400000000000006,0.0,0.0,0.0,0.0,0.0,1,31.3,19.5,52795.07,21935.27,100,0,-5.799999999999997,4.5,-9.799999999999997,8.5,0,0.0,0.0,0.0,0.0,0,57,13.4,15.1,0,-5.600000000000001,4.300000000000004,-9.399999999999999,8.100000000000001,0,0.0,0.0,0.0,0.0,0,32,15.8,18.4,0,-12.472700800776511,-14,5,,,1.0,14.0,5.0,0,39,,,1.0,14.0,5.0,0,470,,,1.0,14.0,5.0,0,2257,8.289216555930428,17.995061050805642,0.5,21.6,20.6,10,3259,5.382923189955948,23.83554768268045,0.8,22.3,19.066666666666666,2
2025-05-18 15:13:44.989577,138,45915.010423,15.22888888888889,50,25,75,1,3.0,-5.299999999999997,4.5,-18.4,-8.600000000000001,-10.100000000000001,-0.30000000000000426,-24.200000000000003,-14.400000000000006,0.0,0.0,0.0,0.0,0.0,1,31.3,19.5,52795.07,21935.27,100,0,-9.799999999999997,4.5,-13.799999999999997,8.5,0,0.0,0.0,0.0,0.0,0,57,13.4,15.1,0,-9.600000000000001,4.300000000000004,-13.399999999999999,8.100000000000001,0,0.0,0.0,0.0,0.0,0,32,15.8,18.4,0,-6.43320363164721,-25,55,,,1.0,25.0,50.0,0,55,,,1.0,25.0,50.0,0,431,2.1213203435596424,11.313708498984761,1.0,26.5,42.0,3,2307,2.984084768360628,17.66756511641763,0.8571428571428571,23.285714285714285,30.857142857142858,-4,3307,2.5901334345533646,65.98684517586621,0.7142857142857143,24.642857142857142,41.57142857142857,1
2025-05-18 15:13:45.368544,138,45914.631456,15.229166666666666,25,39,61,0,5.0,-7.299999999999997,4.5,-20.4,-8.600000000000001,-12.100000000000001,-0.30000000000000426,-26.200000000000003,-14.400000000000006,0.0,0.0,0.0,0.0,0.0,1,31.3,19.5,52795.07,21935.27,100,0,-11.799999999999997,4.5,-15.799999999999997,8.5,0,0.0,0.0,0.0,0.0,0,57,13.4,15.1,0,-11.600000000000001,4.300000000000004,-15.399999999999999,8.100000000000001,0,0.0,0.0,0.0,0.0,0,32,15.8,18.4,0,-25.69221351616062,39,80,,,0.0,39.0,25.0,0,80,,,0.0,39.0,25.0,0,456,6.290204024248074,28.469086548199765,0.8,27.7,32.4,-18,2332,5.972758671991206,59.122246236082745,0.6923076923076923,24.076923076923077,46.0,-16,3332,5.650537269018887,56.84897025205656,0.7241379310344828,24.0,43.3448275862069,-16
2025-05-18 15:15:50.073151,138,45789.926849,15.26388888888889,30,28,72,0,3.0,-5.299999999999997,4.5,-18.4,-8.600000000000001,-10.100000000000001,-0.30000000000000426,-24.200000000000003,-14.400000000000006,0.0,0.0,0.0,0.0,0.0,1,31.3,19.5,52795.07,21935.27,100,0,-9.799999999999997,4.5,-13.799999999999997,8.5,0,0.0,0.0,0.0,0.0,0,57,13.4,15.1,0,-9.600000000000001,4.300000000000004,-13.399999999999999,8.100000000000001,0,0.0,0.0,0.0,0.0,0,32,15.8,18.4,0,-9.53922214897824,28,30,,,0.0,28.0,30.0,0,110,2.1213203435596424,14.142135623730951,0.5,26.5,40.0,-3,486,1.7320508075688772,10.583005244258363,0.6666666666666666,27.0,38.0,0,1930,3.251373336211726,17.384996267991983,0.8571428571428571,24.285714285714285,29.714285714285715,-2,3194,2.6421491973301547,63.656668374738466,0.6666666666666666,24.866666666666667,40.8,-2
2025-05-18 15:15:50.140661,138,45789.859339,15.26388888888889,5,40,60,0,5.0,-7.299999999999997,4.5,-20.4,-8.600000000000001,-12.100000000000001,-0.30000000000000426,-26.200000000000003,-14.400000000000006,0.0,0.0,0.0,0.0,0.0,1,31.3,19.5,52795.07,21935.27,100,0,-11.799999999999997,4.5,-15.799999999999997,8.5,0,0.0,0.0,0.0,0.0,0,57,13.4,15.1,0,-11.600000000000001,4.300000000000004,-15.399999999999999,8.100000000000001,0,0.0,0.0,0.0,0.0,0,32,15.8,18.4,0,-26.85045577728505,40,60,0.0,14.142135623730951,0.0,40.0,15.0,0,140,0.5773502691896258,11.547005383792515,0.0,39.666666666666664,18.333333333333332,-1,516,7.436091348649137,26.966308946198367,0.6666666666666666,29.75,29.5,-19,1960,7.364467707538991,32.09171951669872,0.6153846153846154,25.346153846153847,34.03846153846154,-23,3224,6.765027080348568,55.43577122384784,0.6774193548387096,25.032258064516128,41.516129032258064,-17
2025-05-18 15:15:50.140661,138,45789.859339,15.26388888888889,25,40,60,0,5.0,-7.299999999999997,4.5,-20.4,-8.600000000000001,-12.100000000000001,-0.30000000000000426,-26.200000000000003,-14.400000000000006,0.0,0.0,0.0,0.0,0.0,1,31.3,19.5,52795.07,21935.27,100,0,-11.799999999999997,4.5,-15.799999999999997,8.5,0,0.0,0.0,0.0,0.0,0,57,13.4,15.1,0,-11.600000000000001,4.300000000000004,-15.399999999999999,8.100000000000001,0,0.0,0.0,0.0,0.0,0,32,15.8,18.4,0,-26.883571780957084,40,60,0.0,14.142135623730951,0.0,40.0,15.0,0,140,0.5773502691896258,11.547005383792515,0.0,39.666666666666664,18.333333333333332,-1,516,7.436091348649137,26.966308946198367,0.6666666666666666,29.75,29.5,-19,1960,7.364467707538991,32.09171951669872,0.6153846153846154,25.346153846153847,34.03846153846154,-23,3224,6.765027080348568,55.43577122384784,0.6774193548387096,25.032258064516128,41.516129032258064,-17
2025-05-18 15:15:50.142581,138,45789.857419,15.26388888888889,23,26,74,0,1.0,-3.299999999999997,4.5,-16.4,-8.600000000000001,-8.100000000000001,-0.30000000000000426,-22.200000000000003,-14.400000000000006,0.0,0.0,0.0,0.0,0.0,1,31.3,19.5,52795.07,21935.27,100,0,-7.799999999999997,4.5,-11.799999999999997,8.5,0,0.0,0.0,0.0,0.0,0,57,13.4,15.1,0,-7.600000000000001,4.300000000000004,-11.399999999999999,8.100000000000001,0,0.0,0.0,0.0,0.0,0,32,15.8,18.4,0,63.48988539343128,-74,90,0.0,11.313708498984761,0.0,26.0,15.0,0,170,0.0,11.313708498984761,0.0,26.0,15.0,0,546,6.652067347825035,10.242883708539635,0.5,31.75,18.25,11,1990,4.684520983206848,16.525896742927287,0.7,34.45,23.5,14,3254,4.570988885781652,39.6780332217503,0.6818181818181818,34.31818181818182,30.181818181818183,4
2025-05-18 15:15:50.142581,138,45789.857419,15.26388888888889,7,26,74,0,1.0,-3.299999999999997,4.5,-16.4,-8.600000000000001,-8.100000000000001,-0.30000000000000426,-22.200000000000003,-14.400000000000006,0.0,0.0,0.0,0.0,0.0,1,31.3,19.5,52795.07,21935.27,100,0,-7.799999999999997,4.5,-11.799999999999997,8.5,0,0.0,0.0,0.0,0.0,0,57,13.4,15.1,0,-7.600000000000001,4.300000000000004,-11.399999999999999,8.100000000000001,0,0.0,0.0,0.0,0.0,0,32,15.8,18.4,0,63.60240406842348,-74,90,0.0,11.313708498984761,0.0,26.0,15.0,0,170,0.0,11.313708498984761,0.0,26.0,15.0,0,546,6.652067347825035,10.242883708539635,0.5,31.75,18.25,11,1990,4.684520983206848,16.525896742927287,0.7,34.45,23.5,14,3254,4.570988885781652,39.6780332217503,0.6818181818181818,34.31818181818182,30.181818181818183,4
2025-05-18 15:15:50.166015,138,45789.833985,15.26388888888889,30,11,89,0,-1.0,-1.2999999999999972,4.5,-14.399999999999999,-8.600000000000001,-6.100000000000001,-0.30000000000000426,-20.200000000000003,-14.400000000000006,0.0,0.0,0.0,0.0,0.0,1,31.3,19.5,52795.07,21935.27,100,0,-5.799999999999997,4.5,-9.799999999999997,8.5,0,0.0,0.0,0.0,0.0,0,57,13.4,15.1,0,-5.600000000000001,4.300000000000004,-9.399999999999999,8.100000000000001,0,0.0,0.0,0.0,0.0,0,32,15.8,18.4,0,-9.48027194366881,11,120,,,0.0,11.0,30.0,0,200,2.1213203435596424,17.67766952966369,0.5,12.5,17.5,3,576,2.1213203435596424,17.67766952966369,0.5,12.5,17.5,3,2020,9.306509072209145,19.013153341831543,0.5555555555555556,19.88888888888889,20.333333333333332,14,3284,6.546900393461379,17.676457305046814,0.6666666666666666,22.80952380952381,20.571428571428573,13
2025-05-18 15:18:59.462769,138,45600.537231,15.31638888888889,1,35,65,1,3.0,-5.299999999999997,4.5,-18.4,-8.600000000000001,-10.100000000000001,-0.30000000000000426,-24.200000000000003,-14.400000000000006,0.0,0.0,0.0,0.0,0.0,1,31.3,19.5,52795.07,21935.27,100,0,-9.799999999999997,4.5,-13.799999999999997,8.5,0,0.0,0.0,0.0,0.0,0,57,13.4,15.1,0,-9.600000000000001,4.300000000000004,-13.399999999999999,8.100000000000001,0,0.0,0.0,0.0,0.0,0,32,15.8,18.4,0,-16.634487350199734,-35,11,6.363961030678928,6.363961030678928,1.0,39.5,5.5,-9,131,8.020806277010644,14.84362938547488,0.6666666666666666,35.666666666666664,13.666666666666666,-16,547,7.648529270389178,19.570385790780925,0.8,32.0,25.0,-16,1696,7.615773105863908,18.59435398178705,0.8888888888888888,27.666666666666668,24.333333333333332,-18,3293,5.679555699275822,60.709287980166785,0.7058823529411765,26.58823529411765,36.64705882352941,-18
2025-05-18 15:18:59.462769,138,45600.537231,15.31638888888889,10,44,56,1,3.0,-5.299999999999997,4.5,-18.4,-8.600000000000001,-10.100000000000001,-0.30000000000000426,-24.200000000000003,-14.400000000000006,0.0,0.0,0.0,0.0,0.0,1,31.3,19.5,52795.07,21935.27,100,0,-9.799999999999997,4.5,-13.799999999999997,8.5,0,0.0,0.0,0.0,0.0,0,57,13.4,15.1,0,-9.600000000000001,4.300000000000004,-13.399999999999999,8.100000000000001,0,0.0,0.0,0.0,0.0,0,32,15.8,18.4,0,-25.64002664002664,-44,11,6.363961030678928,6.363961030678928,1.0,39.5,5.5,-9,131,8.020806277010644,14.84362938547488,0.6666666666666666,35.666666666666664,13.666666666666666,-16,547,7.648529270389178,19.570385790780925,0.8,32.0,25.0,-16,1696,7.615773105863908,18.59435398178705,0.8888888888888888,27.666666666666668,24.333333333333332,-18,3293,5.679555699275822,60.709287980166785,0.7058823529411765,26.58823529411765,36.64705882352941,-18
2025-05-18 15:21:55.656724,138,45424.343276,15.365277777777777,7,28,72,0,5.0,-7.299999999999997,4.5,-20.4,-8.600000000000001,-12.100000000000001,-0.30000000000000426,-26.200000000000003,-14.400000000000006,0.0,0.0,0.0,0.0,0.0,1,31.3,19.5,52795.07,21935.27,100,0,-11.799999999999997,4.5,-15.799999999999997,8.5,0,0.0,0.0,0.0,0.0,0,57,13.4,15.1,0,-11.600000000000001,4.300000000000004,-15.399999999999999,8.100000000000001,0,0.0,0.0,0.0,0.0,0,32,15.8,18.4,0,-15.050384710846359,28,7,,,0.0,28.0,7.0,0,18,,,0.0,28.0,7.0,0,295,5.852349955359813,11.0,0.0,36.75,15.5,11,1470,6.223297938347257,24.893061325688777,0.7272727272727273,27.59090909090909,29.954545454545453,-8,3269,6.67566596895263,54.87460044677818,0.65625,25.125,40.4375,-5
2025-05-18 15:23:03.533507,138,45356.466493,15.384166666666665,8,28,72,1,5.0,-7.299999999999997,4.5,-20.4,-8.600000000000001,-12.100000000000001,-0.30000000000000426,-26.200000000000003,-14.400000000000006,0.0,0.0,0.0,0.0,0.0,1,31.3,19.5,52795.07,21935.27,100,0,-11.799999999999997,4.5,-15.799999999999997,8.5,0,0.0,0.0,0.0,0.0,0,57,13.4,15.1,0,-11.600000000000001,4.300000000000004,-15.399999999999999,8.100000000000001,0,0.0,0.0,0.0,0.0,0,32,15.8,18.4,0,-15.0765788165092,-28,15,0.0,0.7071067811865476,0.5,28.0,7.5,0,26,0.0,0.7071067811865476,0.5,28.0,7.5,0,260,6.4031242374328485,10.099504938362077,0.2,35.0,14.0,11,1478,6.080812822721994,24.747819003996,0.7391304347826086,27.608695652173914,29.0,-8,3277,6.589563603520987,54.304748243760244,0.6666666666666666,25.21212121212121,39.45454545454545,-5
2025-05-18 15:23:39.488687,138,45320.511313,15.394166666666667,7,36,64,0,3.0,-5.299999999999997,4.5,-18.4,-8.600000000000001,-10.100000000000001,-0.30000000000000426,-24.200000000000003,-14.400000000000006,0.0,0.0,0.0,0.0,0.0,1,31.3,19.5,52795.07,21935.27,100,0,-9.799999999999997,4.5,-13.799999999999997,8.5,0,0.0,0.0,0.0,0.0,0,57,13.4,15.1,0,-9.600000000000001,4.300000000000004,-13.399999999999999,8.100000000000001,0,0.0,0.0,0.0,0.0,0,32,15.8,18.4,0,-17.725693284330106,36,22,,,0.0,36.0,7.0,0,33,4.932882862316248,4.58257569495584,0.6666666666666666,38.333333333333336,6.0,-1,233,7.436396977031283,20.181674856165927,0.6,33.6,19.6,-11,1485,7.648529270389178,18.367846302105693,0.8,28.5,22.6,-10,3284,6.308724118235001,62.62690449532586,0.625,27.25,37.4375,-9
2025-05-18 15:23:39.489790,138,45320.51021,15.394166666666667,7,27,73,0,5.0,-7.299999999999997,4.5,-20.4,-8.600000000000001,-12.100000000000001,-0.30000000000000426,-26.200000000000003,-14.400000000000006,0.0,0.0,0.0,0.0,0.0,1,31.3,19.5,52795.07,21935.27,100,0,-11.799999999999997,4.5,-15.799999999999997,8.5,0,0.0,0.0,0.0,0.0,0,57,13.4,15.1,0,-11.600000000000001,4.300000000000004,-15.399999999999999,8.100000000000001,0,0.0,0.0,0.0,0.0,0,32,15.8,18.4,0,-14.106626806178383,27,29,0.5773502691896258,0.5773502691896258,0.3333333333333333,27.666666666666668,7.333333333333333,1,40,0.5773502691896258,0.5773502691896258,0.3333333333333333,27.666666666666668,7.333333333333333,1,240,6.592925501373928,9.474527252938094,0.16666666666666666,33.666666666666664,12.833333333333334,12,1492,5.948450047786776,24.616920067774288,0.7083333333333334,27.583333333333332,28.083333333333332,-7,3291,6.4961938671316055,53.764497692447684,0.6470588235294118,25.264705882352942,38.5,-4
2025-05-18 15:23:39.491541,138,45320.508459,15.394166666666667,7,14,86,0,-1.0,-1.2999999999999972,4.5,-14.399999999999999,-8.600000000000001,-6.100000000000001,-0.30000000000000426,-20.200000000000003,-14.400000000000006,0.0,0.0,0.0,0.0,0.0,1,31.3,19.5,52795.07,21935.27,100,0,-5.799999999999997,4.5,-9.799999999999997,8.5,0,0.0,0.0,0.0,0.0,0,57,13.4,15.1,0,-5.600000000000001,4.300000000000004,-9.399999999999999,8.100000000000001,0,0.0,0.0,0.0,0.0,0,32,15.8,18.4,0,-12.51492628244182,14,36,,,0.0,14.0,7.0,0,47,,,0.0,14.0,7.0,0,247,1.7320508075688772,13.892443989449804,0.3333333333333333,13.0,14.0,0,1499,9.583281573359185,9.63253415699702,0.375,17.875,11.25,14,3298,6.659465808042327,17.491432658596505,0.6363636363636364,22.40909090909091,19.954545454545453,10
2025-05-18 15:23:39.492319,138,45320.507681,15.394166666666667,7,29,71,0,1.0,-3.299999999999997,4.5,-16.4,-8.600000000000001,-8.100000000000001,-0.30000000000000426,-22.200000000000003,-14.400000000000006,0.0,0.0,0.0,0.0,0.0,1,31.3,19.5,52795.07,21935.27,100,0,-7.799999999999997,4.5,-11.799999999999997,8.5,0,0.0,0.0,0.0,0.0,0,57,13.4,15.1,0,-7.600000000000001,4.300000000000004,-11.399999999999999,8.100000000000001,0,0.0,0.0,0.0,0.0,0,32,15.8,18.4,0,60.6367280857297,-71,43,,,0.0,29.0,7.0,0,54,,,0.0,29.0,7.0,0,254,1.7320508075688772,9.237604307034013,0.0,27.0,12.333333333333334,-3,1506,4.718252299517774,16.504977604174012,0.6666666666666666,34.19047619047619,22.714285714285715,11,3305,4.620676287152061,39.5229398016237,0.6818181818181818,34.27272727272727,30.40909090909091,7
2025-05-18 15:26:36.610702,138,45143.389298,15.443333333333333,2,36,64,1,1.0,-3.299999999999997,4.5,-16.4,-8.600000000000001,-8.100000000000001,-0.30000000000000426,-22.200000000000003,-14.400000000000006,0.0,0.0,0.0,0.0,0.0,1,31.3,19.5,52795.07,21935.27,100,0,-7.799999999999997,4.5,-11.799999999999997,8.5,0,0.0,0.0,0.0,0.0,0,57,13.4,15.1,0,-7.600000000000001,4.300000000000004,-11.399999999999999,8.100000000000001,0,0.0,0.0,0.0,0.0,0,32,15.8,18.4,0,53.66946929959889,64,2,,,1.0,36.0,2.0,0,45,4.949747468305833,3.5355339059327378,0.5,32.5,4.5,-7,256,4.716990566028302,9.142392101268317,0.25,29.25,9.75,-10,1340,4.323867867238005,17.973591738993072,0.5625,32.8125,21.875,-1,3211,4.528783658216067,39.06597237530967,0.6956521739130435,34.34782608695652,29.17391304347826,0
2025-05-18 15:26:37.779720,138,45142.22028,15.443611111111112,8,14,86,0,5.0,-7.299999999999997,4.5,-20.4,-8.600000000000001,-12.100000000000001,-0.30000000000000426,-26.200000000000003,-14.400000000000006,0.0,0.0,0.0,0.0,0.0,1,31.3,19.5,52795.07,21935.27,100,0,-11.799999999999997,4.5,-15.799999999999997,8.5,0,0.0,0.0,0.0,0.0,0,57,13.4,15.1,0,-11.600000000000001,4.300000000000004,-15.399999999999999,8.100000000000001,0,0.0,0.0,0.0,0.0,0,32,15.8,18.4,0,-1.1312702770152185,14,60,0.7071067811865476,29.698484809834994,0.0,14.5,29.0,-1,103,7.231873892705818,19.013153341831543,0.2,22.4,16.0,13,314,10.480423928176078,15.688371489737232,0.125,28.875,16.875,24,1398,6.724124192327664,24.348621821683963,0.6538461538461539,26.576923076923077,28.153846153846153,5,3269,6.786541302986585,52.49298517005383,0.6111111111111112,24.666666666666668,37.97222222222222,8
2025-05-18 15:26:37.779720,138,45142.22028,15.443611111111112,50,15,85,0,5.0,-7.299999999999997,4.5,-20.4,-8.600000000000001,-12.100000000000001,-0.30000000000000426,-26.200000000000003,-14.400000000000006,0.0,0.0,0.0,0.0,0.0,1,31.3,19.5,52795.07,21935.27,100,0,-11.799999999999997,4.5,-15.799999999999997,8.5,0,0.0,0.0,0.0,0.0,0,57,13.4,15.1,0,-11.600000000000001,4.300000000000004,-15.399999999999999,8.100000000000001,0,0.0,0.0,0.0,0.0,0,32,15.8,18.4,0,-2.133533383345835,15,60,0.7071067811865476,29.698484809834994,0.0,14.5,29.0,-1,103,7.231873892705818,19.013153341831543,0.2,22.4,16.0,13,314,10.480423928176078,15.688371489737232,0.125,28.875,16.875,24,1398,6.724124192327664,24.348621821683963,0.6538461538461539,26.576923076923077,28.153846153846153,5,3269,6.786541302986585,52.49298517005383,0.6111111111111112,24.666666666666668,37.97222222222222,8
2025-05-18 15:28:38.317818,138,45021.682182,15.477222222222222,1,34,66,1,1.0,-3.299999999999997,4.5,-16.4,-8.600000000000001,-8.100000000000001,-0.30000000000000426,-22.200000000000003,-14.400000000000006,0.0,0.0,0.0,0.0,0.0,1,31.3,19.5,52795.07,21935.27,100,0,-7.799999999999997,4.5,-11.799999999999997,8.5,0,0.0,0.0,0.0,0.0,0,57,13.4,15.1,0,-7.600000000000001,4.300000000000004,-11.399999999999999,8.100000000000001,0,0.0,0.0,0.0,0.0,0,32,15.8,18.4,0,55.67775034716864,66,1,,,1.0,34.0,1.0,0,89,3.605551275463989,3.2145502536643185,0.6666666666666666,33.0,3.3333333333333335,-5,310,4.604345773288535,8.831760866327848,0.4,30.2,8.0,-8,1387,4.196462095342582,18.124366114676217,0.5882352941176471,32.88235294117647,20.647058823529413,1,3270,4.4298068135977555,38.63767028713547,0.7083333333333334,34.333333333333336,28.0,2
2025-05-18 15:28:44.832004,138,45015.167996,15.47888888888889,2,46,54,1,3.0,-5.299999999999997,4.5,-18.4,-8.600000000000001,-10.100000000000001,-0.30000000000000426,-24.200000000000003,-14.400000000000006,0.0,0.0,0.0,0.0,0.0,1,31.3,19.5,52795.07,21935.27,100,0,-9.799999999999997,4.5,-13.799999999999997,8.5,0,0.0,0.0,0.0,0.0,0,57,13.4,15.1,0,-9.600000000000001,4.300000000000004,-13.399999999999999,8.100000000000001,0,0.0,0.0,0.0,0.0,0,32,15.8,18.4,0,-27.767247153382453,-46,3,,,1.0,46.0,2.0,0,63,,,1.0,46.0,2.0,0,312,8.358628276617322,19.42850140043402,0.6666666666666666,35.666666666666664,16.666666666666668,-21,1389,8.971672591602365,18.499140029152215,0.8181818181818182,30.09090909090909,20.727272727272727,-20,3272,7.615290346324526,61.24432746841803,0.6470588235294118,28.352941176470587,35.35294117647059,-19
2025-05-18 15:28:52.289986,138,45007.710014,15.481111111111112,1,46,54,1,3.0,-5.299999999999997,4.5,-18.4,-8.600000000000001,-10.100000000000001,-0.30000000000000426,-24.200000000000003,-14.400000000000006,0.0,0.0,0.0,0.0,0.0,1,31.3,19.5,52795.07,21935.27,100,0,-9.799999999999997,4.5,-13.799999999999997,8.5,0,0.0,0.0,0.0,0.0,0,57,13.4,15.1,0,-9.600000000000001,4.300000000000004,-13.399999999999999,8.100000000000001,0,0.0,0.0,0.0,0.0,0,32,15.8,18.4,0,-27.785857908847184,-46,4,0.0,0.7071067811865476,1.0,46.0,1.5,0,64,0.0,0.7071067811865476,1.0,46.0,1.5,0,238,7.332575718440736,11.148990985734986,0.6666666666666666,39.166666666666664,8.5,-18,1390,9.709024230845833,18.5347748512864,0.8333333333333334,31.416666666666668,19.083333333333332,-20,3273,8.478346120628508,59.964913488415895,0.6666666666666666,29.333333333333332,33.44444444444444,-19
2025-05-18 15:29:33.206584,138,44966.793416,15.4925,200,9,91,0,-1.0,-1.2999999999999972,4.5,-14.399999999999999,-8.600000000000001,-6.100000000000001,-0.30000000000000426,-20.200000000000003,-14.400000000000006,0.0,0.0,0.0,0.0,0.0,1,31.3,19.5,52795.07,21935.27,100,0,-5.799999999999997,4.5,-9.799999999999997,8.5,0,0.0,0.0,0.0,0.0,0,57,13.4,15.1,0,-5.600000000000001,4.300000000000004,-9.399999999999999,8.100000000000001,0,0.0,0.0,0.0,0.0,0,32,15.8,18.4,0,-7.525609756097566,9,559,3.6560452221856705,85.07349763586778,0.0,7.833333333333333,92.5,5,619,3.6560452221856705,85.07349763586778,0.0,7.833333333333333,92.5,5,793,3.854496446637726,79.88026754372535,0.0,9.0,74.0,7,1945,5.053501636279421,71.14278216759206,0.08333333333333333,10.583333333333334,52.75,18,3828,8.85654907616175,51.83767563639997,0.46153846153846156,18.96153846153846,34.76923076923077,21
2025-05-18 15:29:33.206584,138,44966.793416,15.4925,200,8,92,0,-1.0,-1.2999999999999972,4.5,-14.399999999999999,-8.600000000000001,-6.100000000000001,-0.30000000000000426,-20.200000000000003,-14.400000000000006,0.0,0.0,0.0,0.0,0.0,1,31.3,19.5,52795.07,21935.27,100,0,-5.799999999999997,4.5,-9.799999999999997,8.5,0,0.0,0.0,0.0,0.0,0,57,13.4,15.1,0,-5.600000000000001,4.300000000000004,-9.399999999999999,8.100000000000001,0,0.0,0.0,0.0,0.0,0,32,15.8,18.4,0,-6.708243088291496,8,559,3.6560452221856705,85.07349763586778,0.0,7.833333333333333,92.5,5,619,3.6560452221856705,85.07349763586778,0.0,7.833333333333333,92.5,5,793,3.854496446637726,79.88026754372535,0.0,9.0,74.0,7,1945,5.053501636279421,71.14278216759206,0.08333333333333333,10.583333333333334,52.75,18,3828,8.85654907616175,51.83767563639997,0.46153846153846156,18.96153846153846,34.76923076923077,21
2025-05-18 15:29:33.206584,138,44966.793416,15.4925,50,12,88,0,-1.0,-1.2999999999999972,4.5,-14.399999999999999,-8.600000000000001,-6.100000000000001,-0.30000000000000426,-20.200000000000003,-14.400000000000006,0.0,0.0,0.0,0.0,0.0,1,31.3,19.5,52795.07,21935.27,100,0,-5.799999999999997,4.5,-9.799999999999997,8.5,0,0.0,0.0,0.0,0.0,0,57,13.4,15.1,0,-5.600000000000001,4.300000000000004,-9.399999999999999,8.100000000000001,0,0.0,0.0,0.0,0.0,0,32,15.8,18.4,0,-10.8836449209047,12,559,3.6560452221856705,85.07349763586778,0.0,7.833333333333333,92.5,5,619,3.6560452221856705,85.07349763586778,0.0,7.833333333333333,92.5,5,793,3.854496446637726,79.88026754372535,0.0,9.0,74.0,7,1945,5.053501636279421,71.14278216759206,0.08333333333333333,10.583333333333334,52.75,18,3828,8.85654907616175,51.83767563639997,0.46153846153846156,18.96153846153846,34.76923076923077,21
2025-05-18 15:29:33.206584,138,44966.793416,15.4925,5,11,89,0,-1.0,-1.2999999999999972,4.5,-14.399999999999999,-8.600000000000001,-6.100000000000001,-0.30000000000000426,-20.200000000000003,-14.400000000000006,0.0,0.0,0.0,0.0,0.0,1,31.3,19.5,52795.07,21935.27,100,0,-5.799999999999997,4.5,-9.799999999999997,8.5,0,0.0,0.0,0.0,0.0,0,57,13.4,15.1,0,-5.600000000000001,4.300000000000004,-9.399999999999999,8.100000000000001,0,0.0,0.0,0.0,0.0,0,32,15.8,18.4,0,-9.955257270693508,11,559,3.6560452221856705,85.07349763586778,0.0,7.833333333333333,92.5,5,619,3.6560452221856705,85.07349763586778,0.0,7.833333333333333,92.5,5,793,3.854496446637726,79.88026754372535,0.0,9.0,74.0,7,1945,5.053501636279421,71.14278216759206,0.08333333333333333,10.583333333333334,52.75,18,3828,8.85654907616175,51.83767563639997,0.46153846153846156,18.96153846153846,34.76923076923077,21
2025-05-18 15:29:33.206584,138,44966.793416,15.4925,50,3,97,0,-1.0,-1.2999999999999972,4.5,-14.399999999999999,-8.600000000000001,-6.100000000000001,-0.30000000000000426,-20.200000000000003,-14.400000000000006,0.0,0.0,0.0,0.0,0.0,1,31.3,19.5,52795.07,21935.27,100,0,-5.799999999999997,4.5,-9.799999999999997,8.5,0,0.0,0.0,0.0,0.0,0,57,13.4,15.1,0,-5.600000000000001,4.300000000000004,-9.399999999999999,8.100000000000001,0,0.0,0.0,0.0,0.0,0,32,15.8,18.4,0,-1.9618119568080061,3,559,3.6560452221856705,85.07349763586778,0.0,7.833333333333333,92.5,5,619,3.6560452221856705,85.07349763586778,0.0,7.833333333333333,92.5,5,793,3.854496446637726,79.88026754372535,0.0,9.0,74.0,7,1945,5.053501636279421,71.14278216759206,0.08333333333333333,10.583333333333334,52.75,18,3828,8.85654907616175,51.83767563639997,0.46153846153846156,18.96153846153846,34.76923076923077,21
2025-05-18 15:29:33.206584,138,44966.793416,15.4925,50,4,96,0,-1.0,-1.2999999999999972,4.5,-14.399999999999999,-8.600000000000001,-6.100000000000001,-0.30000000000000426,-20.200000000000003,-14.400000000000006,0.0,0.0,0.0,0.0,0.0,1,31.3,19.5,52795.07,21935.27,100,0,-5.799999999999997,4.5,-9.799999999999997,8.5,0,0.0,0.0,0.0,0.0,0,57,13.4,15.1,0,-5.600000000000001,4.300000000000004,-9.399999999999999,8.100000000000001,0,0.0,0.0,0.0,0.0,0,32,15.8,18.4,0,-2.974814422057264,4,559,3.6560452221856705,85.07349763586778,0.0,7.833333333333333,92.5,5,619,3.6560452221856705,85.07349763586778,0.0,7.833333333333333,92.5,5,793,3.854496446637726,79.88026754372535,0.0,9.0,74.0,7,1945,5.053501636279421,71.14278216759206,0.08333333333333333,10.583333333333334,52.75,18,3828,8.85654907616175,51.83767563639997,0.46153846153846156,18.96153846153846,34.76923076923077,21
2025-05-18 15:29:49.758833,138,44950.241167,15.496944444444443,6,48,52,1,5.0,-7.299999999999997,4.5,-20.4,-8.600000000000001,-12.100000000000001,-0.30000000000000426,-26.200000000000003,-14.400000000000006,0.0,0.0,0.0,0.0,0.0,1,31.3,19.5,52795.07,21935.27,100,0,-11.799999999999997,4.5,-15.799999999999997,8.5,0,0.0,0.0,0.0,0.0,0,57,13.4,15.1,0,-11.600000000000001,4.300000000000004,-15.399999999999999,8.100000000000001,0,0.0,0.0,0.0,0.0,0,32,15.8,18.4,0,-35.16054697391745,-48,909,10.029443832523496,21.662031062289376,1.0,34.38461538461539,26.923076923076923,-2,969,11.627963012046598,21.581076366642538,0.8666666666666667,31.733333333333334,27.2,-36,1143,10.460326049059445,20.326285807713177,0.7,31.95,23.0,-10,2295,8.68414100491536,23.206983917866246,0.7692307692307693,29.17948717948718,27.743589743589745,-30,4178,8.804664039220203,46.37705933598055,0.7142857142857143,27.244897959183675,35.04081632653061,-27
2025-05-18 15:29:49.758833,138,44950.241167,15.496944444444443,40,25,75,1,5.0,-7.299999999999997,4.5,-20.4,-8.600000000000001,-12.100000000000001,-0.30000000000000426,-26.200000000000003,-14.400000000000006,0.0,0.0,0.0,0.0,0.0,1,31.3,19.5,52795.07,21935.27,100,0,-11.799999999999997,4.5,-15.799999999999997,8.5,0,0.0,0.0,0.0,0.0,0,57,13.4,15.1,0,-11.600000000000001,4.300000000000004,-15.399999999999999,8.100000000000001,0,0.0,0.0,0.0,0.0,0,32,15.8,18.4,0,-12.2140502155719,-25,909,10.029443832523496,21.662031062289376,1.0,34.38461538461539,26.923076923076923,-2,969,11.627963012046598,21.581076366642538,0.8666666666666667,31.733333333333334,27.2,-36,1143,10.460326049059445,20.326285807713177,0.7,31.95,23.0,-10,2295,8.68414100491536,23.206983917866246,0.7692307692307693,29.17948717948718,27.743589743589745,-30,4178,8.804664039220203,46.37705933598055,0.7142857142857143,27.244897959183675,35.04081632653061,-27
2025-05-18 15:29:49.758833,138,44950.241167,15.496944444444443,16,40,60,1,5.0,-7.299999999999997,4.5,-20.4,-8.600000000000001,-12.100000000000001,-0.30000000000000426,-26.200000000000003,-14.400000000000006,0.0,0.0,0.0,0.0,0.0,1,31.3,19.5,52795.07,21935.27,100,0,-11.799999999999997,4.5,-15.799999999999997,8.5,0,0.0,0.0,0.0,0.0,0,57,13.4,15.1,0,-11.600000000000001,4.300000000000004,-15.399999999999999,8.100000000000001,0,0.0,0.0,0.0,0.0,0,32,15.8,18.4,0,-27.33922623622854,-40,909,10.029443832523496,21.662031062289376,1.0,34.38461538461539,26.923076923076923,-2,969,11.627963012046598,21.581076366642538,0.8666666666666667,31.733333333333334,27.2,-36,1143,10.460326049059445,20.326285807713177,0.7,31.95,23.0,-10,2295,8.68414100491536,23.206983917866246,0.7692307692307693,29.17948717948718,27.743589743589745,-30,4178,8.804664039220203,46.37705933598055,0.7142857142857143,27.244897959183675,35.04081632653061,-27
2025-05-18 15:29:49.758833,138,44950.241167,15.496944444444443,20,26,74,1,5.0,-7.299999999999997,4.5,-20.4,-8.600000000000001,-12.100000000000001,-0.30000000000000426,-26.200000000000003,-14.400000000000006,0.0,0.0,0.0,0.0,0.0,1,31.3,19.5,52795.07,21935.27,100,0,-11.799999999999997,4.5,-15.799999999999997,8.5,0,0.0,0.0,0.0,0.0,0,57,13.4,15.1,0,-11.600000000000001,4.300000000000004,-15.399999999999999,8.100000000000001,0,0.0,0.0,0.0,0.0,0,32,15.8,18.4,0,-13.451762284538205,-26,909,10.029443832523496,21.662031062289376,1.0,34.38461538461539,26.923076923076923,-2,969,11.627963012046598,21.581076366642538,0.8666666666666667,31.733333333333334,27.2,-36,1143,10.460326049059445,20.326285807713177,0.7,31.95,23.0,-10,2295,8.68414100491536,23.206983917866246,0.7692307692307693,29.17948717948718,27.743589743589745,-30,4178,8.804664039220203,46.37705933598055,0.7142857142857143,27.244897959183675,35.04081632653061,-27
2025-05-18 15:29:49.758833,138,44950.241167,15.496944444444443,50,25,75,1,5.0,-7.299999999999997,4.5,-20.4,-8.600000000000001,-12.100000000000001,-0.30000000000000426,-26.200000000000003,-14.400000000000006,0.0,0.0,0.0,0.0,0.0,1,31.3,19.5,52795.07,21935.27,100,0,-11.799999999999997,4.5,-15.799999999999997,8.5,0,0.0,0.0,0.0,0.0,0,57,13.4,15.1,0,-11.600000000000001,4.300000000000004,-15.399999999999999,8.100000000000001,0,0.0,0.0,0.0,0.0,0,32,15.8,18.4,0,-12.52133436772692,-25,909,10.029443832523496,21.662031062289376,1.0,34.38461538461539,26.923076923076923,-2,969,11.627963012046598,21.581076366642538,0.8666666666666667,31.733333333333334,27.2,-36,1143,10.460326049059445,20.326285807713177,0.7,31.95,23.0,-10,2295,8.68414100491536,23.206983917866246,0.7692307692307693,29.17948717948718,27.743589743589745,-30,4178,8.804664039220203,46.37705933598055,0.7142857142857143,27.244897959183675,35.04081632653061,-27
2025-05-18 15:29:49.758833,138,44950.241167,15.496944444444443,21,39,61,1,5.0,-7.299999999999997,4.5,-20.4,-8.600000000000001,-12.100000000000001,-0.30000000000000426,-26.200000000000003,-14.400000000000006,0.0,0.0,0.0,0.0,0.0,1,31.3,19.5,52795.07,21935.27,100,0,-11.799999999999997,4.5,-15.799999999999997,8.5,0,0.0,0.0,0.0,0.0,0,57,13.4,15.1,0,-11.600000000000001,4.300000000000004,-15.399999999999999,8.100000000000001,0,0.0,0.0,0.0,0.0,0,32,15.8,18.4,0,-26.685354990830497,-39,909,10.029443832523496,21.662031062289376,1.0,34.38461538461539,26.923076923076923,-2,969,11.627963012046598,21.581076366642538,0.8666666666666667,31.733333333333334,27.2,-36,1143,10.460326049059445,20.326285807713177,0.7,31.95,23.0,-10,2295,8.68414100491536,23.206983917866246,0.7692307692307693,29.17948717948718,27.743589743589745,-30,4178,8.804664039220203,46.37705933598055,0.7142857142857143,27.244897959183675,35.04081632653061,-27
2025-05-18 15:29:49.758833,138,44950.241167,15.496944444444443,30,35,65,1,5.0,-7.299999999999997,4.5,-20.4,-8.600000000000001,-12.100000000000001,-0.30000000000000426,-26.200000000000003,-14.400000000000006,0.0,0.0,0.0,0.0,0.0,1,31.3,19.5,52795.07,21935.27,100,0,-11.799999999999997,4.5,-15.799999999999997,8.5,0,0.0,0.0,0.0,0.0,0,57,13.4,15.1,0,-11.600000000000001,4.300000000000004,-15.399999999999999,8.100000000000001,0,0.0,0.0,0.0,0.0,0,32,15.8,18.4,0,-22.832982086406744,-35,909,10.029443832523496,21.662031062289376,1.0,34.38461538461539,26.923076923076923,-2,969,11.627963012046598,21.581076366642538,0.8666666666666667,31.733333333333334,27.2,-36,1143,10.460326049059445,20.326285807713177,0.7,31.95,23.0,-10,2295,8.68414100491536,23.206983917866246,0.7692307692307693,29.17948717948718,27.743589743589745,-30,4178,8.804664039220203,46.37705933598055,0.7142857142857143,27.244897959183675,35.04081632653061,-27
2025-05-18 15:29:49.758833,138,44950.241167,15.496944444444443,19,34,66,1,5.0,-7.299999999999997,4.5,-20.4,-8.600000000000001,-12.100000000000001,-0.30000000000000426,-26.200000000000003,-14.400000000000006,0.0,0.0,0.0,0.0,0.0,1,31.3,19.5,52795.07,21935.27,100,0,-11.799999999999997,4.5,-15.799999999999997,8.5,0,0.0,0.0,0.0,0.0,0,57,13.4,15.1,0,-11.600000000000001,4.300000000000004,-15.399999999999999,8.100000000000001,0,0.0,0.0,0.0,0.0,0,32,15.8,18.4,0,-22.014869888475836,-34,909,10.029443832523496,21.662031062289376,1.0,34.38461538461539,26.923076923076923,-2,969,11.627963012046598,21.581076366642538,0.8666666666666667,31.733333333333334,27.2,-36,1143,10.460326049059445,20.326285807713177,0.7,31.95,23.0,-10,2295,8.68414100491536,23.206983917866246,0.7692307692307693,29.17948717948718,27.743589743589745,-30,4178,8.804664039220203,46.37705933598055,0.7142857142857143,27.244897959183675,35.04081632653061,-27
2025-05-18 15:29:49.758833,138,44950.241167,15.496944444444443,10,28,72,1,5.0,-7.299999999999997,4.5,-20.4,-8.600000000000001,-12.100000000000001,-0.30000000000000426,-26.200000000000003,-14.400000000000006,0.0,0.0,0.0,0.0,0.0,1,31.3,19.5,52795.07,21935.27,100,0,-11.799999999999997,4.5,-15.799999999999997,8.5,0,0.0,0.0,0.0,0.0,0,57,13.4,15.1,0,-11.600000000000001,4.300000000000004,-15.399999999999999,8.100000000000001,0,0.0,0.0,0.0,0.0,0,32,15.8,18.4,0,-16.126501200960767,-28,909,10.029443832523496,21.662031062289376,1.0,34.38461538461539,26.923076923076923,-2,969,11.627963012046598,21.581076366642538,0.8666666666666667,31.733333333333334,27.2,-36,1143,10.460326049059445,20.326285807713177,0.7,31.95,23.0,-10,2295,8.68414100491536,23.206983917866246,0.7692307692307693,29.17948717948718,27.743589743589745,-30,4178,8.804664039220203,46.37705933598055,0.7142857142857143,27.244897959183675,35.04081632653061,-27
2025-05-18 15:29:49.758833,138,44950.241167,15.496944444444443,31,49,51,1,5.0,-7.299999999999997,4.5,-20.4,-8.600000000000001,-12.100000000000001,-0.30000000000000426,-26.200000000000003,-14.400000000000006,0.0,0.0,0.0,0.0,0.0,1,31.3,19.5,52795.07,21935.27,100,0,-11.799999999999997,4.5,-15.799999999999997,8.5,0,0.0,0.0,0.0,0.0,0,57,13.4,15.1,0,-11.600000000000001,4.300000000000004,-15.399999999999999,8.100000000000001,0,0.0,0.0,0.0,0.0,0,32,15.8,18.4,0,-37.16965480331817,-49,909,10.029443832523496,21.662031062289376,1.0,34.38461538461539,26.923076923076923,-2,969,11.627963012046598,21.581076366642538,0.8666666666666667,31.733333333333334,27.2,-36,1143,10.460326049059445,20.326285807713177,0.7,31.95,23.0,-10,2295,8.68414100491536,23.206983917866246,0.7692307692307693,29.17948717948718,27.743589743589745,-30,4178,8.804664039220203,46.37705933598055,0.7142857142857143,27.244897959183675,35.04081632653061,-27
2025-05-18 15:29:49.758833,138,44950.241167,15.496944444444443,15,26,74,1,5.0,-7.299999999999997,4.5,-20.4,-8.600000000000001,-12.100000000000001,-0.30000000000000426,-26.200000000000003,-14.400000000000006,0.0,0.0,0.0,0.0,0.0,1,31.3,19.5,52795.07,21935.27,100,0,-11.799999999999997,4.5,-15.799999999999997,8.5,0,0.0,0.0,0.0,0.0,0,57,13.4,15.1,0,-11.600000000000001,4.300000000000004,-15.399999999999999,8.100000000000001,0,0.0,0.0,0.0,0.0,0,32,15.8,18.4,0,-14.480572045331893,-26,909,10.029443832523496,21.662031062289376,1.0,34.38461538461539,26.923076923076923,-2,969,11.627963012046598,21.581076366642538,0.8666666666666667,31.733333333333334,27.2,-36,1143,10.460326049059445,20.326285807713177,0.7,31.95,23.0,-10,2295,8.68414100491536,23.206983917866246,0.7692307692307693,29.17948717948718,27.743589743589745,-30,4178,8.804664039220203,46.37705933598055,0.7142857142857143,27.244897959183675,35.04081632653061,-27
2025-05-18 15:29:49.758833,138,44950.241167,15.496944444444443,7,22,78,1,5.0,-7.299999999999997,4.5,-20.4,-8.600000000000001,-12.100000000000001,-0.30000000000000426,-26.200000000000003,-14.400000000000006,0.0,0.0,0.0,0.0,0.0,1,31.3,19.5,52795.07,21935.27,100,0,-11.799999999999997,4.5,-15.799999999999997,8.5,0,0.0,0.0,0.0,0.0,0,57,13.4,15.1,0,-11.600000000000001,4.300000000000004,-15.399999999999999,8.100000000000001,0,0.0,0.0,0.0,0.0,0,32,15.8,18.4,0,-10.539420211324844,-22,909,10.029443832523496,21.662031062289376,1.0,34.38461538461539,26.923076923076923,-2,969,11.627963012046598,21.581076366642538,0.8666666666666667,31.733333333333334,27.2,-36,1143,10.460326049059445,20.326285807713177,0.7,31.95,23.0,-10,2295,8.68414100491536,23.206983917866246,0.7692307692307693,29.17948717948718,27.743589743589745,-30,4178,8.804664039220203,46.37705933598055,0.7142857142857143,27.244897959183675,35.04081632653061,-27
2025-05-18 15:29:49.758833,138,44950.241167,15.496944444444443,85,50,50,1,5.0,-7.299999999999997,4.5,-20.4,-8.600000000000001,-12.100000000000001,-0.30000000000000426,-26.200000000000003,-14.400000000000006,0.0,0.0,0.0,0.0,0.0,1,31.3,19.5,52795.07,21935.27,100,0,-11.799999999999997,4.5,-15.799999999999997,8.5,0,0.0,0.0,0.0,0.0,0,57,13.4,15.1,0,-11.600000000000001,4.300000000000004,-15.399999999999999,8.100000000000001,0,0.0,0.0,0.0,0.0,0,32,15.8,18.4,0,-38.55944625407166,-50,909,10.029443832523496,21.662031062289376,1.0,34.38461538461539,26.923076923076923,-2,969,11.627963012046598,21.581076366642538,0.8666666666666667,31.733333333333334,27.2,-36,1143,10.460326049059445,20.326285807713177,0.7,31.95,23.0,-10,2295,8.68414100491536,23.206983917866246,0.7692307692307693,29.17948717948718,27.743589743589745,-30,4178,8.804664039220203,46.37705933598055,0.7142857142857143,27.244897959183675,35.04081632653061,-27
2025-05-18 15:30:15.947147,138,44924.052853,15.504166666666666,10,43,57,0,5.0,-7.299999999999997,4.5,-20.4,-8.600000000000001,-12.100000000000001,-0.30000000000000426,-26.200000000000003,-14.400000000000006,0.0,0.0,0.0,0.0,0.0,1,31.3,19.5,52795.07,21935.27,100,0,-11.799999999999997,4.5,-15.799999999999997,8.5,0,0.0,0.0,0.0,0.0,0,57,13.4,15.1,0,-11.600000000000001,4.300000000000004,-15.399999999999999,8.100000000000001,0,0.0,0.0,0.0,0.0,0,32,15.8,18.4,0,-32.470130591831065,43,919,9.90726229358273,21.29799041234632,0.9285714285714286,35.0,25.714285714285715,5,979,11.581414709208312,21.288103093825278,0.8125,32.4375,26.125,-29,1153,10.476731587756975,20.01368579366677,0.6666666666666666,32.476190476190474,22.38095238095238,-3,2305,8.846229096669905,23.07868369352206,0.75,29.525,27.3,-23,4188,8.994692312465078,46.03778838284559,0.7,27.56,34.54,-20
2025-05-18 15:30:15.950702,138,44924.049298,15.504166666666666,10,26,74,0,1.0,-3.299999999999997,4.5,-16.4,-8.600000000000001,-8.100000000000001,-0.30000000000000426,-22.200000000000003,-14.400000000000006,0.0,0.0,0.0,0.0,0.0,1,31.3,19.5,52795.07,21935.27,100,0,-7.799999999999997,4.5,-11.799999999999997,8.5,0,0.0,0.0,0.0,0.0,0,57,13.4,15.1,0,-7.600000000000001,4.300000000000004,-11.399999999999999,8.100000000000001,0,0.0,0.0,0.0,0.0,0,32,15.8,18.4,0,63.682046138415245,-74,929,5.656854249492381,6.363961030678928,0.5,30.0,5.5,8,989,5.291502622129181,4.932882862316247,0.6666666666666666,32.0,4.333333333333333,10,1163,4.460941604639093,7.941452428030194,0.3333333333333333,29.5,8.333333333333334,0,2315,4.382451637262091,17.761399726976418,0.5555555555555556,32.5,20.055555555555557,9,4198,4.645786621588784,37.995087401750595,0.68,34.0,27.28,10
2025-05-18 15:30:15.952798,138,44924.047202,15.504166666666666,10,37,63,0,3.0,-5.299999999999997,4.5,-18.4,-8.600000000000001,-10.100000000000001,-0.30000000000000426,-24.200000000000003,-14.400000000000006,0.0,0.0,0.0,0.0,0.0,1,31.3,19.5,52795.07,21935.27,100,0,-9.799999999999997,4.5,-13.799999999999997,8.5,0,0.0,0.0,0.0,0.0,0,57,13.4,15.1,0,-9.600000000000001,4.300000000000004,-13.399999999999999,8.100000000000001,0,0.0,0.0,0.0,0.0,0,32,15.8,18.4,0,-18.79517264498827,37,939,5.196152422706632,4.932882862316247,0.6666666666666666,43.0,4.333333333333333,9,999,5.196152422706632,4.932882862316247,0.6666666666666666,43.0,4.333333333333333,9,1173,6.743603671345943,10.193368525897702,0.5714285714285714,38.857142857142854,8.714285714285714,-9,2325,9.423783333019298,17.923627151232818,0.7692307692307693,31.846153846153847,18.384615384615383,-11,4208,8.425108672316986,58.5230998527442,0.631578947368421,29.736842105263158,32.21052631578947,-10
2025-05-18 15:30:16.216923,138,44923.783077,15.504444444444445,1,36,64,0,3.0,-5.299999999999997,4.5,-18.4,-8.600000000000001,-10.100000000000001,-0.30000000000000426,-24.200000000000003,-14.400000000000006,0.0,0.0,0.0,0.0,0.0,1,31.3,19.5,52795.07,21935.27,100,0,-9.799999999999997,4.5,-13.799999999999997,8.5,0,0.0,0.0,0.0,0.0,0,57,13.4,15.1,0,-9.600000000000001,4.300000000000004,-13.399999999999999,8.100000000000001,0,0.0,0.0,0.0,0.0,0,32,15.8,18.4,0,-17.85839219643458,36,940,5.5,4.358898943540674,0.5,41.25,3.5,10,1000,5.5,4.358898943540674,0.5,41.25,3.5,10,1174,6.324555320336759,9.82344135219425,0.5,38.5,7.75,-8,2326,9.121885288074566,17.836251515715634,0.7142857142857143,32.142857142857146,17.142857142857142,-10,4209,8.319128243803078,57.38812915944422,0.6,30.05,30.65,-9
2025-05-18 15:30:16.279455,138,44923.720545,15.504444444444445,1,43,57,0,5.0,-7.299999999999997,4.5,-20.4,-8.600000000000001,-12.100000000000001,-0.30000000000000426,-26.200000000000003,-14.400000000000006,0.0,0.0,0.0,0.0,0.0,1,31.3,19.5,52795.07,21935.27,100,0,-11.799999999999997,4.5,-15.799999999999997,8.5,0,0.0,0.0,0.0,0.0,0,57,13.4,15.1,0,-11.600000000000001,4.300000000000004,-15.399999999999999,8.100000000000001,0,0.0,0.0,0.0,0.0,0,32,15.8,18.4,0,-32.56060183895235,43,941,9.767779881299733,21.492412836250136,0.8666666666666667,35.53333333333333,24.066666666666666,5,1001,11.502557260427428,21.49401421463249,0.7647058823529411,33.05882352941177,24.647058823529413,-29,1175,10.46753381027566,20.056252061470676,0.6363636363636364,32.95454545454545,21.40909090909091,-3,2327,8.984878896261641,23.15557142039207,0.7317073170731707,29.853658536585368,26.658536585365855,-23,4210,9.163011749077127,45.81643681423668,0.6862745098039216,27.862745098039216,33.88235294117647,-20
2025-05-18 15:30:16.280106,138,44923.719894,15.504444444444445,1,26,74,0,1.0,-3.299999999999997,4.5,-16.4,-8.600000000000001,-8.100000000000001,-0.30000000000000426,-22.200000000000003,-14.400000000000006,0.0,0.0,0.0,0.0,0.0,1,31.3,19.5,52795.07,21935.27,100,0,-7.799999999999997,4.5,-11.799999999999997,8.5,0,0.0,0.0,0.0,0.0,0,57,13.4,15.1,0,-7.600000000000001,4.300000000000004,-11.399999999999999,8.100000000000001,0,0.0,0.0,0.0,0.0,0,32,15.8,18.4,0,63.73121766658946,-74,942,4.618802153517007,5.196152422706632,0.3333333333333333,28.666666666666668,4.0,8,1002,5.259911279353167,4.358898943540674,0.5,30.5,3.5,10,1176,4.281744192888376,7.761320457119087,0.2857142857142857,29.0,7.285714285714286,0,2328,4.512490786629398,17.805971795410308,0.5263157894736842,32.1578947368421,19.05263157894737,9,4211,4.814721015961202,37.582504112746605,0.6538461538461539,33.69230769230769,26.26923076923077,10
2025-05-18 15:32:29.873957,138,44790.126043,15.54138888888889,1,30,70,1,1.0,-3.299999999999997,4.5,-16.4,-8.600000000000001,-8.100000000000001,-0.30000000000000426,-22.200000000000003,-14.400000000000006,0.0,0.0,0.0,0.0,0.0,1,31.3,19.5,52795.07,21935.27,100,0,-7.799999999999997,4.5,-11.799999999999997,8.5,0,0.0,0.0,0.0,0.0,0,57,13.4,15.1,0,-7.600000000000001,4.300000000000004,-11.399999999999999,8.100000000000001,0,0.0,0.0,0.0,0.0,0,32,15.8,18.4,0,59.73613899613899,70,1,,,1.0,30.0,1.0,0,943,3.8297084310253524,4.5,0.5,29.0,3.25,4,1057,4.119061381755152,3.8815804341359033,0.5,30.166666666666668,3.6666666666666665,-1,2329,4.418561328139094,17.794957890250526,0.55,32.05,18.15,5,4205,4.7743975321365735,37.17215666018358,0.6666666666666666,33.55555555555556,25.333333333333332,6
2025-05-18 15:32:34.691414,138,44785.308586,15.542777777777777,1,38,62,1,3.0,-5.299999999999997,4.5,-18.4,-8.600000000000001,-10.100000000000001,-0.30000000000000426,-24.200000000000003,-14.400000000000006,0.0,0.0,0.0,0.0,0.0,1,31.3,19.5,52795.07,21935.27,100,0,-9.799999999999997,4.5,-13.799999999999997,8.5,0,0.0,0.0,0.0,0.0,0,57,13.4,15.1,0,-9.600000000000001,4.300000000000004,-13.399999999999999,8.100000000000001,0,0.0,0.0,0.0,0.0,0,32,15.8,18.4,0,-19.864401076716018,-38,2,,,1.0,38.0,1.0,0,944,4.979959839195493,3.9370039370059056,0.6,40.6,3.0,8,1058,4.743416490252569,4.155461122770509,0.625,39.75,4.125,-3,2330,8.919214144328016,17.68561427773863,0.7333333333333333,32.53333333333333,16.066666666666666,-12,4206,8.291992695193528,56.307996556354915,0.6190476190476191,30.428571428571427,29.238095238095237,-11
2025-05-18 15:40:04.655461,138,44335.344539,15.667777777777777,26,38,62,1,5.0,-7.299999999999997,4.5,-20.4,-8.600000000000001,-12.100000000000001,-0.30000000000000426,-26.200000000000003,-14.400000000000006,0.0,0.0,0.0,0.0,0.0,1,31.3,19.5,52795.07,21935.27,100,0,-11.799999999999997,4.5,-15.799999999999997,8.5,0,0.0,0.0,0.0,0.0,0,57,13.4,15.1,0,-11.600000000000001,4.300000000000004,-15.399999999999999,8.100000000000001,0,0.0,0.0,0.0,0.0,0,32,15.8,18.4,0,-27.569676700111483,-38,26,,,1.0,38.0,26.0,0,26,,,1.0,38.0,26.0,0,1030,11.21973051998917,20.85469493072471,0.7777777777777778,33.333333333333336,24.72222222222222,-24,2274,8.963210392167667,22.871668946933422,0.7380952380952381,30.047619047619047,26.642857142857142,-18,4176,9.18099798398303,45.37819956185032,0.6923076923076923,28.057692307692307,33.73076923076923,-15
2025-05-18 15:43:29.428865,138,44130.571135,15.724722222222223,40,22,78,0,1.0,-3.299999999999997,4.5,-16.4,-8.600000000000001,-8.100000000000001,-0.30000000000000426,-22.200000000000003,-14.400000000000006,0.0,0.0,0.0,0.0,0.0,1,31.3,19.5,52795.07,21935.27,100,0,-7.799999999999997,4.5,-11.799999999999997,8.5,0,0.0,0.0,0.0,0.0,0,57,13.4,15.1,0,-7.600000000000001,4.300000000000004,-11.399999999999999,8.100000000000001,0,0.0,0.0,0.0,0.0,0,32,15.8,18.4,0,67.74075218163564,-78,65,0.0,10.606601717798213,0.0,22.0,32.5,0,91,0.0,10.606601717798213,0.0,22.0,32.5,0,1035,4.676180777800048,16.211107303327555,0.3333333333333333,26.666666666666668,13.0,12,2086,5.500148542260301,18.75896299933601,0.5,31.38888888888889,20.38888888888889,12,4241,5.4814959663906215,35.92359845711972,0.6206896551724138,32.758620689655174,25.82758620689655,14
2025-05-18 15:43:29.428865,138,44130.571135,15.724722222222223,25,22,78,0,1.0,-3.299999999999997,4.5,-16.4,-8.600000000000001,-8.100000000000001,-0.30000000000000426,-22.200000000000003,-14.400000000000006,0.0,0.0,0.0,0.0,0.0,1,31.3,19.5,52795.07,21935.27,100,0,-7.799999999999997,4.5,-11.799999999999997,8.5,0,0.0,0.0,0.0,0.0,0,57,13.4,15.1,0,-7.600000000000001,4.300000000000004,-11.399999999999999,8.100000000000001,0,0.0,0.0,0.0,0.0,0,32,15.8,18.4,0,67.95065458207452,-78,65,0.0,10.606601717798213,0.0,22.0,32.5,0,91,0.0,10.606601717798213,0.0,22.0,32.5,0,1035,4.676180777800048,16.211107303327555,0.3333333333333333,26.666666666666668,13.0,12,2086,5.500148542260301,18.75896299933601,0.5,31.38888888888889,20.38888888888889,12,4241,5.4814959663906215,35.92359845711972,0.6206896551724138,32.758620689655174,25.82758620689655,14
2025-05-18 15:43:33.190264,138,44126.809736,15.725833333333334,25,42,58,0,5.0,-7.299999999999997,4.5,-20.4,-8.600000000000001,-12.100000000000001,-0.30000000000000426,-26.200000000000003,-14.400000000000006,0.0,0.0,0.0,0.0,0.0,1,31.3,19.5,52795.07,21935.27,100,0,-11.799999999999997,4.5,-15.799999999999997,8.5,0,0.0,0.0,0.0,0.0,0,57,13.4,15.1,0,-11.600000000000001,4.300000000000004,-15.399999999999999,8.100000000000001,0,0.0,0.0,0.0,0.0,0,32,15.8,18.4,0,-31.770915216170692,42,153,2.0816659994661326,10.214368964029708,0.0,41.333333333333336,29.333333333333332,-1,179,2.3804761428476167,8.504900548115382,0.25,40.5,28.5,-5,1123,8.915129396915262,19.35917812764214,0.7368421052631579,36.578947368421055,25.0,5,2174,9.558261367024883,22.00552756112071,0.6216216216216216,32.027027027027025,25.91891891891892,-22,4329,9.435337260829058,44.15497653562907,0.6545454545454545,28.78181818181818,33.49090909090909,-20
2025-05-18 15:43:33.190264,138,44126.809736,15.725833333333334,41,39,61,0,5.0,-7.299999999999997,4.5,-20.4,-8.600000000000001,-12.100000000000001,-0.30000000000000426,-26.200000000000003,-14.400000000000006,0.0,0.0,0.0,0.0,0.0,1,31.3,19.5,52795.07,21935.27,100,0,-11.799999999999997,4.5,-15.799999999999997,8.5,0,0.0,0.0,0.0,0.0,0,57,13.4,15.1,0,-11.600000000000001,4.300000000000004,-15.399999999999999,8.100000000000001,0,0.0,0.0,0.0,0.0,0,32,15.8,18.4,0,-28.995476392422958,39,153,2.0816659994661326,10.214368964029708,0.0,41.333333333333336,29.333333333333332,-1,179,2.3804761428476167,8.504900548115382,0.25,40.5,28.5,-5,1123,8.915129396915262,19.35917812764214,0.7368421052631579,36.578947368421055,25.0,5,2174,9.558261367024883,22.00552756112071,0.6216216216216216,32.027027027027025,25.91891891891892,-22,4329,9.435337260829058,44.15497653562907,0.6545454545454545,28.78181818181818,33.49090909090909,-20
2025-05-18 15:43:33.190264,138,44126.809736,15.725833333333334,22,43,57,0,5.0,-7.299999999999997,4.5,-20.4,-8.600000000000001,-12.100000000000001,-0.30000000000000426,-26.200000000000003,-14.400000000000006,0.0,0.0,0.0,0.0,0.0,1,31.3,19.5,52795.07,21935.27,100,0,-11.799999999999997,4.5,-15.799999999999997,8.5,0,0.0,0.0,0.0,0.0,0,57,13.4,15.1,0,-11.600000000000001,4.300000000000004,-15.399999999999999,8.100000000000001,0,0.0,0.0,0.0,0.0,0,32,15.8,18.4,0,-33.33552631578948,43,153,2.0816659994661326,10.214368964029708,0.0,41.333333333333336,29.333333333333332,-1,179,2.3804761428476167,8.504900548115382,0.25,40.5,28.5,-5,1123,8.915129396915262,19.35917812764214,0.7368421052631579,36.578947368421055,25.0,5,2174,9.558261367024883,22.00552756112071,0.6216216216216216,32.027027027027025,25.91891891891892,-22,4329,9.435337260829058,44.15497653562907,0.6545454545454545,28.78181818181818,33.49090909090909,-20
2025-05-18 15:44:19.838694,138,44080.161306,15.73861111111111,22,39,61,1,3.0,-5.299999999999997,4.5,-18.4,-8.600000000000001,-10.100000000000001,-0.30000000000000426,-24.200000000000003,-14.400000000000006,0.0,0.0,0.0,0.0,0.0,1,31.3,19.5,52795.07,21935.27,100,0,-9.799999999999997,4.5,-13.799999999999997,8.5,0,0.0,0.0,0.0,0.0,0,57,13.4,15.1,0,-9.600000000000001,4.300000000000004,-13.399999999999999,8.100000000000001,0,0.0,0.0,0.0,0.0,0,32,15.8,18.4,0,-20.871087176035005,-39,175,,,1.0,39.0,22.0,0,201,,,1.0,39.0,22.0,0,1141,1.2909944487358056,9.9498743710662,0.5,37.5,8.5,-2,2196,8.767126096960165,17.150194362358306,0.75,32.9375,16.4375,-13,4351,8.646721313520183,57.21713030203455,0.6,31.15,31.3,-14
2025-05-18 15:44:55.596354,138,44044.403646,15.74861111111111,3,34,66,1,1.0,-3.299999999999997,4.5,-16.4,-8.600000000000001,-8.100000000000001,-0.30000000000000426,-22.200000000000003,-14.400000000000006,0.0,0.0,0.0,0.0,0.0,1,31.3,19.5,52795.07,21935.27,100,0,-7.799999999999997,4.5,-11.799999999999997,8.5,0,0.0,0.0,0.0,0.0,0,57,13.4,15.1,0,-7.600000000000001,4.300000000000004,-11.399999999999999,8.100000000000001,0,0.0,0.0,0.0,0.0,0,32,15.8,18.4,0,56.08250543309531,66,178,6.928203230275509,18.610033136277146,0.3333333333333333,26.0,22.666666666666668,-12,204,6.928203230275509,18.610033136277146,0.3333333333333333,26.0,22.666666666666668,-12,239,4.676180777800049,15.933193862708965,0.3333333333333333,26.666666666666668,13.333333333333334,-8,2109,5.6294916707095535,15.672897175772988,0.5882352941176471,31.235294117647058,16.470588235294116,3,4354,5.390924685572712,35.54398279095462,0.6333333333333333,32.8,25.066666666666666,2
2025-05-18 15:48:27.010316,138,43832.989684,15.807500000000001,15,28,72,0,5.0,-7.299999999999997,4.5,-20.4,-8.600000000000001,-12.100000000000001,-0.30000000000000426,-26.200000000000003,-14.400000000000006,0.0,0.0,0.0,0.0,0.0,1,31.3,19.5,52795.07,21935.27,100,0,-11.799999999999997,4.5,-15.799999999999997,8.5,0,0.0,0.0,0.0,0.0,0,57,13.4,15.1,0,-11.600000000000001,4.300000000000004,-15.399999999999999,8.100000000000001,0,0.0,0.0,0.0,0.0,0,32,15.8,18.4,0,-18.546632124352328,28,43,8.082903768654761,11.015141094572204,0.0,32.666666666666664,14.333333333333334,-14,221,7.0992957397195395,12.560520159080461,0.0,37.0,21.833333333333332,0,247,6.491753010001007,11.573779890441193,0.14285714285714285,37.142857142857146,22.428571428571427,-4,2152,9.365478070401931,21.512012148254904,0.575,32.075,25.05,-21,4372,9.348029869012075,43.2391351326266,0.6206896551724138,28.982758620689655,32.5,-19
2025-05-18 15:48:27.010316,138,43832.989684,15.807500000000001,3,28,72,0,5.0,-7.299999999999997,4.5,-20.4,-8.600000000000001,-12.100000000000001,-0.30000000000000426,-26.200000000000003,-14.400000000000006,0.0,0.0,0.0,0.0,0.0,1,31.3,19.5,52795.07,21935.27,100,0,-11.799999999999997,4.5,-15.799999999999997,8.5,0,0.0,0.0,0.0,0.0,0,57,13.4,15.1,0,-11.600000000000001,4.300000000000004,-15.399999999999999,8.100000000000001,0,0.0,0.0,0.0,0.0,0,32,15.8,18.4,0,-18.62705984388552,28,43,8.082903768654761,11.015141094572204,0.0,32.666666666666664,14.333333333333334,-14,221,7.0992957397195395,12.560520159080461,0.0,37.0,21.833333333333332,0,247,6.491753010001007,11.573779890441193,0.14285714285714285,37.142857142857146,22.428571428571427,-4,2152,9.365478070401931,21.512012148254904,0.575,32.075,25.05,-21,4372,9.348029869012075,43.2391351326266,0.6206896551724138,28.982758620689655,32.5,-19
2025-05-18 15:48:27.010316,138,43832.989684,15.807500000000001,25,42,58,0,5.0,-7.299999999999997,4.5,-20.4,-8.600000000000001,-12.100000000000001,-0.30000000000000426,-26.200000000000003,-14.400000000000006,0.0,0.0,0.0,0.0,0.0,1,31.3,19.5,52795.07,21935.27,100,0,-11.799999999999997,4.5,-15.799999999999997,8.5,0,0.0,0.0,0.0,0.0,0,57,13.4,15.1,0,-11.600000000000001,4.300000000000004,-15.399999999999999,8.100000000000001,0,0.0,0.0,0.0,0.0,0,32,15.8,18.4,0,-32.64322916666667,42,43,8.082903768654761,11.015141094572204,0.0,32.666666666666664,14.333333333333334,-14,221,7.0992957397195395,12.560520159080461,0.0,37.0,21.833333333333332,0,247,6.491753010001007,11.573779890441193,0.14285714285714285,37.142857142857146,22.428571428571427,-4,2152,9.365478070401931,21.512012148254904,0.575,32.075,25.05,-21,4372,9.348029869012075,43.2391351326266,0.6206896551724138,28.982758620689655,32.5,-19
2025-05-18 15:48:30.330374,138,43829.669626,15.808333333333334,50,38,62,1,1.0,-3.299999999999997,4.5,-16.4,-8.600000000000001,-8.100000000000001,-0.30000000000000426,-22.200000000000003,-14.400000000000006,0.0,0.0,0.0,0.0,0.0,1,31.3,19.5,52795.07,21935.27,100,0,-7.799999999999997,4.5,-11.799999999999997,8.5,0,0.0,0.0,0.0,0.0,0,57,13.4,15.1,0,-7.600000000000001,4.300000000000004,-11.399999999999999,8.100000000000001,0,0.0,0.0,0.0,0.0,0,32,15.8,18.4,0,52.09556711435448,62,93,,,1.0,38.0,50.0,0,206,2.8284271247461903,33.23401871576773,1.0,36.0,26.5,-4,297,8.246211251235321,20.43689474129244,0.5,29.0,29.5,-16,2202,5.689400763327509,17.13613313509,0.6111111111111112,31.61111111111111,18.333333333333332,-1,4422,5.381969100417567,35.23231654365432,0.6451612903225806,32.96774193548387,25.870967741935484,-2
2025-05-18 15:48:31.340115,138,43828.659885,15.808611111111112,7,29,71,0,5.0,-7.299999999999997,4.5,-20.4,-8.600000000000001,-12.100000000000001,-0.30000000000000426,-26.200000000000003,-14.400000000000006,0.0,0.0,0.0,0.0,0.0,1,31.3,19.5,52795.07,21935.27,100,0,-11.799999999999997,4.5,-15.799999999999997,8.5,0,0.0,0.0,0.0,0.0,0,57,13.4,15.1,0,-11.600000000000001,4.300000000000004,-15.399999999999999,8.100000000000001,0,0.0,0.0,0.0,0.0,0,32,15.8,18.4,0,-19.881084232002337,29,115,5.9833101206606365,8.48528137423857,0.0,31.4,13.0,-2,228,6.937218462755804,11.933596033288302,0.0,35.125,19.125,12,319,6.559556218051475,11.395661942647786,0.1111111111111111,35.44444444444444,19.88888888888889,8,2224,9.151708839370052,21.216597714597007,0.5476190476190477,31.952380952380953,24.38095238095238,-9,4444,9.189160895647746,42.68413418044769,0.6,29.0,31.783333333333335,-7
2025-05-18 15:48:31.340115,138,43828.659885,15.808611111111112,15,30,70,0,5.0,-7.299999999999997,4.5,-20.4,-8.600000000000001,-12.100000000000001,-0.30000000000000426,-26.200000000000003,-14.400000000000006,0.0,0.0,0.0,0.0,0.0,1,31.3,19.5,52795.07,21935.27,100,0,-11.799999999999997,4.5,-15.799999999999997,8.5,0,0.0,0.0,0.0,0.0,0,57,13.4,15.1,0,-11.600000000000001,4.300000000000004,-15.399999999999999,8.100000000000001,0,0.0,0.0,0.0,0.0,0,32,15.8,18.4,0,-20.921728971962622,30,115,5.9833101206606365,8.48528137423857,0.0,31.4,13.0,-2,228,6.937218462755804,11.933596033288302,0.0,35.125,19.125,12,319,6.559556218051475,11.395661942647786,0.1111111111111111,35.44444444444444,19.88888888888889,8,2224,9.151708839370052,21.216597714597007,0.5476190476190477,31.952380952380953,24.38095238095238,-9,4444,9.189160895647746,42.68413418044769,0.6,29.0,31.783333333333335,-7
2025-05-18 15:48:42.379395,138,43817.620605,15.811666666666667,46,31,69,0,5.0,-7.299999999999997,4.5,-20.4,-8.600000000000001,-12.100000000000001,-0.30000000000000426,-26.200000000000003,-14.400000000000006,0.0,0.0,0.0,0.0,0.0,1,31.3,19.5,52795.07,21935.27,100,0,-11.799999999999997,4.5,-15.799999999999997,8.5,0,0.0,0.0,0.0,0.0,0,57,13.4,15.1,0,-11.600000000000001,4.300000000000004,-15.399999999999999,8.100000000000001,0,0.0,0.0,0.0,0.0,0,32,15.8,18.4,0,-22.013787034320913,31,168,4.913538149119954,14.769660021234651,0.0,31.142857142857142,16.857142857142858,-2,193,4.913538149119954,14.769660021234651,0.0,31.142857142857142,16.857142857142858,-2,372,6.202638734661827,13.678117892857523,0.09090909090909091,34.54545454545455,21.09090909090909,8,2277,8.94223297926145,21.144561823660183,0.5227272727272727,31.886363636363637,24.477272727272727,-9,4497,9.041665702035868,42.13730672056072,0.5806451612903226,29.048387096774192,31.612903225806452,-7
2025-05-18 15:48:42.379395,138,43817.620605,15.811666666666667,7,30,70,0,5.0,-7.299999999999997,4.5,-20.4,-8.600000000000001,-12.100000000000001,-0.30000000000000426,-26.200000000000003,-14.400000000000006,0.0,0.0,0.0,0.0,0.0,1,31.3,19.5,52795.07,21935.27,100,0,-11.799999999999997,4.5,-15.799999999999997,8.5,0,0.0,0.0,0.0,0.0,0,57,13.4,15.1,0,-11.600000000000001,4.300000000000004,-15.399999999999999,8.100000000000001,0,0.0,0.0,0.0,0.0,0,32,15.8,18.4,0,-21.314897413024084,30,168,4.913538149119954,14.769660021234651,0.0,31.142857142857142,16.857142857142858,-2,193,4.913538149119954,14.769660021234651,0.0,31.142857142857142,16.857142857142858,-2,372,6.202638734661827,13.678117892857523,0.09090909090909091,34.54545454545455,21.09090909090909,8,2277,8.94223297926145,21.144561823660183,0.5227272727272727,31.886363636363637,24.477272727272727,-9,4497,9.041665702035868,42.13730672056072,0.5806451612903226,29.048387096774192,31.612903225806452,-7
2025-05-18 15:48:53.330115,138,43806.669885,15.814722222222223,56,26,74,0,5.0,-7.299999999999997,4.5,-20.4,-8.600000000000001,-12.100000000000001,-0.30000000000000426,-26.200000000000003,-14.400000000000006,0.0,0.0,0.0,0.0,0.0,1,31.3,19.5,52795.07,21935.27,100,0,-11.799999999999997,4.5,-15.799999999999997,8.5,0,0.0,0.0,0.0,0.0,0,57,13.4,15.1,0,-11.600000000000001,4.300000000000004,-15.399999999999999,8.100000000000001,0,0.0,0.0,0.0,0.0,0,32,15.8,18.4,0,-17.359356376638857,26,224,4.898979485566356,19.45507645834372,0.0,30.5,21.75,2,249,4.898979485566356,19.45507645834372,0.0,30.5,21.75,2,428,6.407855028057833,16.48139446880523,0.08333333333333333,33.833333333333336,24.0,12,2333,8.883476887804775,21.424591742040995,0.5111111111111111,31.755555555555556,25.177777777777777,-5,4553,8.97667227658949,41.90888734755049,0.5714285714285714,29.0,32.0,-3
2025-05-18 15:48:57.725413,138,43802.274587,15.815833333333334,3,27,73,0,5.0,-7.299999999999997,4.5,-20.4,-8.600000000000001,-12.100000000000001,-0.30000000000000426,-26.200000000000003,-14.400000000000006,0.0,0.0,0.0,0.0,0.0,1,31.3,19.5,52795.07,21935.27,100,0,-11.799999999999997,4.5,-15.799999999999997,8.5,0,0.0,0.0,0.0,0.0,0,57,13.4,15.1,0,-11.600000000000001,4.300000000000004,-15.399999999999999,8.100000000000001,0,0.0,0.0,0.0,0.0,0,32,15.8,18.4,0,-18.653939393939396,27,227,4.728753653037036,19.241881404893856,0.0,30.11111111111111,19.666666666666668,1,252,4.728753653037036,19.241881404893856,0.0,30.11111111111111,19.666666666666668,1,431,6.421119001448986,16.820317384730792,0.07692307692307693,33.30769230769231,22.384615384615383,11,2336,8.812156732616211,21.43607506073959,0.5,31.652173913043477,24.695652173913043,-6,4556,8.908652384148082,41.7326828214553,0.5625,28.96875,31.546875,-4
2025-05-18 15:49:22.694010,138,43777.30599,15.822777777777777,29,27,73,1,5.0,-7.299999999999997,4.5,-20.4,-8.600000000000001,-12.100000000000001,-0.30000000000000426,-26.200000000000003,-14.400000000000006,0.0,0.0,0.0,0.0,0.0,1,31.3,19.5,52795.07,21935.27,100,0,-11.799999999999997,4.5,-15.799999999999997,8.5,0,0.0,0.0,0.0,0.0,0,57,13.4,15.1,0,-11.600000000000001,4.300000000000004,-15.399999999999999,8.100000000000001,0,0.0,0.0,0.0,0.0,0,32,15.8,18.4,0,-18.67091295116773,-27,274,4.271115105265162,17.416467303484172,0.25,29.333333333333332,18.666666666666668,1,277,4.271115105265162,17.416467303484172,0.25,29.333333333333332,18.666666666666668,1,478,6.2809234989768825,16.00781059358212,0.25,32.125,21.125,11,2383,8.606426565729386,21.038654899969245,0.5306122448979592,31.367346938775512,24.142857142857142,-6,4603,8.713490738521157,40.96990655196234,0.582089552238806,28.880597014925375,30.83582089552239,-4
2025-05-18 15:49:22.694010,138,43777.30599,15.822777777777777,3,27,73,1,5.0,-7.299999999999997,4.5,-20.4,-8.600000000000001,-12.100000000000001,-0.30000000000000426,-26.200000000000003,-14.400000000000006,0.0,0.0,0.0,0.0,0.0,1,31.3,19.5,52795.07,21935.27,100,0,-11.799999999999997,4.5,-15.799999999999997,8.5,0,0.0,0.0,0.0,0.0,0,57,13.4,15.1,0,-11.600000000000001,4.300000000000004,-15.399999999999999,8.100000000000001,0,0.0,0.0,0.0,0.0,0,32,15.8,18.4,0,-18.836597307221542,-27,274,4.271115105265162,17.416467303484172,0.25,29.333333333333332,18.666666666666668,1,277,4.271115105265162,17.416467303484172,0.25,29.333333333333332,18.666666666666668,1,478,6.2809234989768825,16.00781059358212,0.25,32.125,21.125,11,2383,8.606426565729386,21.038654899969245,0.5306122448979592,31.367346938775512,24.142857142857142,-6,4603,8.713490738521157,40.96990655196234,0.582089552238806,28.880597014925375,30.83582089552239,-4
2025-05-18 15:49:22.694010,138,43777.30599,15.822777777777777,15,27,73,1,5.0,-7.299999999999997,4.5,-20.4,-8.600000000000001,-12.100000000000001,-0.30000000000000426,-26.200000000000003,-14.400000000000006,0.0,0.0,0.0,0.0,0.0,1,31.3,19.5,52795.07,21935.27,100,0,-11.799999999999997,4.5,-15.799999999999997,8.5,0,0.0,0.0,0.0,0.0,0,57,13.4,15.1,0,-11.600000000000001,4.300000000000004,-15.399999999999999,8.100000000000001,0,0.0,0.0,0.0,0.0,0,32,15.8,18.4,0,-18.853905053598773,-27,274,4.271115105265162,17.416467303484172,0.25,29.333333333333332,18.666666666666668,1,277,4.271115105265162,17.416467303484172,0.25,29.333333333333332,18.666666666666668,1,478,6.2809234989768825,16.00781059358212,0.25,32.125,21.125,11,2383,8.606426565729386,21.038654899969245,0.5306122448979592,31.367346938775512,24.142857142857142,-6,4603,8.713490738521157,40.96990655196234,0.582089552238806,28.880597014925375,30.83582089552239,-4
2025-05-18 15:49:23.709233,138,43776.290767,15.823055555555555,24,41,59,1,1.0,-3.299999999999997,4.5,-16.4,-8.600000000000001,-8.100000000000001,-0.30000000000000426,-22.200000000000003,-14.400000000000006,0.0,0.0,0.0,0.0,0.0,1,31.3,19.5,52795.07,21935.27,100,0,-7.799999999999997,4.5,-11.799999999999997,8.5,0,0.0,0.0,0.0,0.0,0,57,13.4,15.1,0,-7.600000000000001,4.300000000000004,-11.399999999999999,8.100000000000001,0,0.0,0.0,0.0,0.0,0,32,15.8,18.4,0,49.298573766658876,59,348,1.5275252316519465,15.01110699893027,1.0,39.666666666666664,41.333333333333336,-2,351,3.095695936834452,22.75045787085028,1.0,38.25,31.75,-6,552,8.727351641057364,18.253766734567417,0.6666666666666666,32.833333333333336,32.0,-18,2457,6.039344683864824,17.706971567867363,0.65,32.5,20.2,-3,4677,5.522851975147799,34.373946264841074,0.6666666666666666,33.42424242424242,26.545454545454547,-4
2025-05-18 15:49:23.709233,138,43776.290767,15.823055555555555,50,40,60,1,1.0,-3.299999999999997,4.5,-16.4,-8.600000000000001,-8.100000000000001,-0.30000000000000426,-22.200000000000003,-14.400000000000006,0.0,0.0,0.0,0.0,0.0,1,31.3,19.5,52795.07,21935.27,100,0,-7.799999999999997,4.5,-11.799999999999997,8.5,0,0.0,0.0,0.0,0.0,0,57,13.4,15.1,0,-7.600000000000001,4.300000000000004,-11.399999999999999,8.100000000000001,0,0.0,0.0,0.0,0.0,0,32,15.8,18.4,0,50.39095806980558,60,348,1.5275252316519465,15.01110699893027,1.0,39.666666666666664,41.333333333333336,-2,351,3.095695936834452,22.75045787085028,1.0,38.25,31.75,-6,552,8.727351641057364,18.253766734567417,0.6666666666666666,32.833333333333336,32.0,-18,2457,6.039344683864824,17.706971567867363,0.65,32.5,20.2,-3,4677,5.522851975147799,34.373946264841074,0.6666666666666666,33.42424242424242,26.545454545454547,-4
2025-05-18 15:49:27.811490,138,43772.18851,15.824166666666667,50,25,75,0,5.0,-7.299999999999997,4.5,-20.4,-8.600000000000001,-12.100000000000001,-0.30000000000000426,-26.200000000000003,-14.400000000000006,0.0,0.0,0.0,0.0,0.0,1,31.3,19.5,52795.07,21935.27,100,0,-11.799999999999997,4.5,-15.799999999999997,8.5,0,0.0,0.0,0.0,0.0,0,57,13.4,15.1,0,-11.600000000000001,4.300000000000004,-15.399999999999999,8.100000000000001,0,0.0,0.0,0.0,0.0,0,32,15.8,18.4,0,-16.94092307692307,25,431,4.172779398924404,18.344834887045643,0.21428571428571427,28.785714285714285,21.928571428571427,2,434,4.172779398924404,18.344834887045643,0.21428571428571427,28.785714285714285,21.928571428571427,2,635,6.279180247067559,16.673821993450723,0.2222222222222222,31.38888888888889,23.38888888888889,12,2540,8.51121520781407,20.96158952212636,0.5098039215686274,31.137254901960784,24.823529411764707,-5,4760,8.603811681317202,40.42941392917335,0.5652173913043478,28.782608695652176,31.144927536231883,-3
2025-05-18 15:49:27.811490,138,43772.18851,15.824166666666667,33,26,74,0,5.0,-7.299999999999997,4.5,-20.4,-8.600000000000001,-12.100000000000001,-0.30000000000000426,-26.200000000000003,-14.400000000000006,0.0,0.0,0.0,0.0,0.0,1,31.3,19.5,52795.07,21935.27,100,0,-11.799999999999997,4.5,-15.799999999999997,8.5,0,0.0,0.0,0.0,0.0,0,57,13.4,15.1,0,-11.600000000000001,4.300000000000004,-15.399999999999999,8.100000000000001,0,0.0,0.0,0.0,0.0,0,32,15.8,18.4,0,-18.205624999999998,26,431,4.172779398924404,18.344834887045643,0.21428571428571427,28.785714285714285,21.928571428571427,2,434,4.172779398924404,18.344834887045643,0.21428571428571427,28.785714285714285,21.928571428571427,2,635,6.279180247067559,16.673821993450723,0.2222222222222222,31.38888888888889,23.38888888888889,12,2540,8.51121520781407,20.96158952212636,0.5098039215686274,31.137254901960784,24.823529411764707,-5,4760,8.603811681317202,40.42941392917335,0.5652173913043478,28.782608695652176,31.144927536231883,-3
2025-05-18 15:49:45.746003,138,43754.253997,15.829166666666666,6,43,57,1,1.0,-3.299999999999997,4.5,-16.4,-8.600000000000001,-8.100000000000001,-0.30000000000000426,-22.200000000000003,-14.400000000000006,0.0,0.0,0.0,0.0,0.0,1,31.3,19.5,52795.07,21935.27,100,0,-7.799999999999997,4.5,-11.799999999999997,8.5,0,0.0,0.0,0.0,0.0,0,57,13.4,15.1,0,-7.600000000000001,4.300000000000004,-11.399999999999999,8.100000000000001,0,0.0,0.0,0.0,0.0,0,32,15.8,18.4,0,47.588461236967945,57,458,2.701851217221259,19.318385025669198,1.0,41.4,30.2,-7,461,3.868677637987775,20.539393045235457,1.0,40.166666666666664,25.666666666666668,-11,662,9.02278860916703,18.094494032321386,0.75,35.625,27.375,-23,2567,6.674238124719146,17.114903254763476,0.6818181818181818,33.54545454545455,19.59090909090909,-8,4787,5.913522461203615,33.53821349902052,0.6857142857142857,34.02857142857143,25.8,-9
2025-05-18 15:49:45.746003,138,43754.253997,15.829166666666666,21,45,55,1,1.0,-3.299999999999997,4.5,-16.4,-8.600000000000001,-8.100000000000001,-0.30000000000000426,-22.200000000000003,-14.400000000000006,0.0,0.0,0.0,0.0,0.0,1,31.3,19.5,52795.07,21935.27,100,0,-7.799999999999997,4.5,-11.799999999999997,8.5,0,0.0,0.0,0.0,0.0,0,57,13.4,15.1,0,-7.600000000000001,4.300000000000004,-11.399999999999999,8.100000000000001,0,0.0,0.0,0.0,0.0,0,32,15.8,18.4,0,45.610854050662695,55,458,2.701851217221259,19.318385025669198,1.0,41.4,30.2,-7,461,3.868677637987775,20.539393045235457,1.0,40.166666666666664,25.666666666666668,-11,662,9.02278860916703,18.094494032321386,0.75,35.625,27.375,-23,2567,6.674238124719146,17.114903254763476,0.6818181818181818,33.54545454545455,19.59090909090909,-8,4787,5.913522461203615,33.53821349902052,0.6857142857142857,34.02857142857143,25.8,-9
2025-05-18 15:50:10.352030,138,43729.64797,15.836111111111112,50,48,52,1,1.0,-3.299999999999997,4.5,-16.4,-8.600000000000001,-8.100000000000001,-0.30000000000000426,-22.200000000000003,-14.400000000000006,0.0,0.0,0.0,0.0,0.0,1,31.3,19.5,52795.07,21935.27,100,0,-7.799999999999997,4.5,-11.799999999999997,8.5,0,0.0,0.0,0.0,0.0,0,57,13.4,15.1,0,-7.600000000000001,4.300000000000004,-11.399999999999999,8.100000000000001,0,0.0,0.0,0.0,0.0,0,32,15.8,18.4,0,42.68609583660644,52,508,3.6193922141707713,19.076163136228416,1.0,42.5,33.5,-10,508,3.6193922141707713,19.076163136228416,1.0,42.5,33.5,-10,712,9.394147114027968,18.530005696467313,0.7777777777777778,37.0,29.88888888888889,-26,2617,7.1836441367180734,17.88324010574823,0.6956521739130435,34.17391304347826,20.91304347826087,-11,4837,6.276372928918193,33.30078172493948,0.6944444444444444,34.416666666666664,26.47222222222222,-12
2025-05-18 15:50:11.066890,138,43728.93311,15.836388888888889,73,21,79,0,5.0,-7.299999999999997,4.5,-20.4,-8.600000000000001,-12.100000000000001,-0.30000000000000426,-26.200000000000003,-14.400000000000006,0.0,0.0,0.0,0.0,0.0,1,31.3,19.5,52795.07,21935.27,100,0,-11.799999999999997,4.5,-15.799999999999997,8.5,0,0.0,0.0,0.0,0.0,0,57,13.4,15.1,0,-11.600000000000001,4.300000000000004,-15.399999999999999,8.100000000000001,0,0.0,0.0,0.0,0.0,0,32,15.8,18.4,0,-13.39532680770445,21,581,4.495500395898527,22.054046168015347,0.2,28.266666666666666,25.333333333333332,7,581,4.495500395898527,22.054046168015347,0.2,28.266666666666666,25.333333333333332,7,785,6.551192918466893,19.801795653705526,0.21052631578947367,30.842105263157894,26.0,17,2690,8.543805143777663,21.803826791301983,0.5,30.942307692307693,25.75,0,4910,8.591740942460977,40.445950949880825,0.5571428571428572,28.67142857142857,31.742857142857144,2
2025-05-18 15:50:36.222155,138,43703.777845,15.843333333333334,38,25,75,1,5.0,-7.299999999999997,4.5,-20.4,-8.600000000000001,-12.100000000000001,-0.30000000000000426,-26.200000000000003,-14.400000000000006,0.0,0.0,0.0,0.0,0.0,1,31.3,19.5,52795.07,21935.27,100,0,-11.799999999999997,4.5,-15.799999999999997,8.5,0,0.0,0.0,0.0,0.0,0,57,13.4,15.1,0,-11.600000000000001,4.300000000000004,-15.399999999999999,8.100000000000001,0,0.0,0.0,0.0,0.0,0,32,15.8,18.4,0,-17.71137685843568,-25,504,2.6215886925159086,23.278550407852055,0.36363636363636365,26.545454545454547,32.09090909090909,6,619,4.419181673869797,21.54027235977608,0.25,28.0625,26.125,3,823,6.508900788434573,19.459539671084883,0.25,30.55,26.6,13,2728,8.50053357840328,21.658619323526867,0.5094339622641509,30.830188679245282,25.9811320754717,-4,4948,8.541271563386632,40.16287764145712,0.5633802816901409,28.619718309859156,31.830985915492956,-2
2025-05-18 15:51:46.684959,138,43633.315041,15.862777777777778,13,24,76,0,5.0,-7.299999999999997,4.5,-20.4,-8.600000000000001,-12.100000000000001,-0.30000000000000426,-26.200000000000003,-14.400000000000006,0.0,0.0,0.0,0.0,0.0,1,31.3,19.5,52795.07,21935.27,100,0,-11.799999999999997,4.5,-15.799999999999997,8.5,0,0.0,0.0,0.0,0.0,0,57,13.4,15.1,0,-11.600000000000001,4.300000000000004,-15.399999999999999,8.100000000000001,0,0.0,0.0,0.0,0.0,0,32,15.8,18.4,0,-16.931609947643977,24,174,2.081665999466133,30.13856886670854,0.3333333333333333,23.333333333333332,41.333333333333336,-3,632,4.390832696050475,21.097811428174808,0.23529411764705882,27.823529411764707,25.352941176470587,4,836,6.503112807761849,19.19759409529275,0.23809523809523808,30.238095238095237,25.952380952380953,14,2741,8.471104335638243,21.52592573354822,0.5,30.703703703703702,25.74074074074074,-3,4961,8.498365855987974,39.940740042968265,0.5555555555555556,28.555555555555557,31.569444444444443,-1
2025-05-18 15:52:47.013180,138,43572.98682,15.879722222222222,50,20,80,0,5.0,-7.299999999999997,4.5,-20.4,-8.600000000000001,-12.100000000000001,-0.30000000000000426,-26.200000000000003,-14.400000000000006,0.0,0.0,0.0,0.0,0.0,1,31.3,19.5,52795.07,21935.27,100,0,-11.799999999999997,4.5,-15.799999999999997,8.5,0,0.0,0.0,0.0,0.0,0,57,13.4,15.1,0,-11.600000000000001,4.300000000000004,-15.399999999999999,8.100000000000001,0,0.0,0.0,0.0,0.0,0,32,15.8,18.4,0,-13.003943476832077,20,218,2.6299556396765835,43.255057507764334,0.0,20.25,54.5,5,837,5.175854874724612,28.23696718469379,0.2,26.5,31.8,9,1041,7.160681693724459,25.878058525389385,0.20833333333333334,28.833333333333332,31.25,19,2946,8.654645123025773,24.286600676732792,0.47368421052631576,30.087719298245613,27.982456140350877,2,5166,8.53668290115985,40.34862936819406,0.5333333333333333,28.173333333333332,33.04,4
2025-05-18 15:52:47.013180,138,43572.98682,15.879722222222222,115,18,82,0,5.0,-7.299999999999997,4.5,-20.4,-8.600000000000001,-12.100000000000001,-0.30000000000000426,-26.200000000000003,-14.400000000000006,0.0,0.0,0.0,0.0,0.0,1,31.3,19.5,52795.07,21935.27,100,0,-11.799999999999997,4.5,-15.799999999999997,8.5,0,0.0,0.0,0.0,0.0,0,57,13.4,15.1,0,-11.600000000000001,4.300000000000004,-15.399999999999999,8.100000000000001,0,0.0,0.0,0.0,0.0,0,32,15.8,18.4,0,-11.221182759772802,18,218,2.6299556396765835,43.255057507764334,0.0,20.25,54.5,5,837,5.175854874724612,28.23696718469379,0.2,26.5,31.8,9,1041,7.160681693724459,25.878058525389385,0.20833333333333334,28.833333333333332,31.25,19,2946,8.654645123025773,24.286600676732792,0.47368421052631576,30.087719298245613,27.982456140350877,2,5166,8.53668290115985,40.34862936819406,0.5333333333333333,28.173333333333332,33.04,4
2025-05-18 15:52:47.013180,138,43572.98682,15.879722222222222,40,19,81,0,5.0,-7.299999999999997,4.5,-20.4,-8.600000000000001,-12.100000000000001,-0.30000000000000426,-26.200000000000003,-14.400000000000006,0.0,0.0,0.0,0.0,0.0,1,31.3,19.5,52795.07,21935.27,100,0,-11.799999999999997,4.5,-15.799999999999997,8.5,0,0.0,0.0,0.0,0.0,0,57,13.4,15.1,0,-11.600000000000001,4.300000000000004,-15.399999999999999,8.100000000000001,0,0.0,0.0,0.0,0.0,0,32,15.8,18.4,0,-12.66956219596942,19,218,2.6299556396765835,43.255057507764334,0.0,20.25,54.5,5,837,5.175854874724612,28.23696718469379,0.2,26.5,31.8,9,1041,7.160681693724459,25.878058525389385,0.20833333333333334,28.833333333333332,31.25,19,2946,8.654645123025773,24.286600676732792,0.47368421052631576,30.087719298245613,27.982456140350877,2,5166,8.53668290115985,40.34862936819406,0.5333333333333333,28.173333333333332,33.04,4
2025-05-18 15:52:57.064386,138,43562.935614,15.8825,50,36,64,1,3.0,-5.299999999999997,4.5,-18.4,-8.600000000000001,-10.100000000000001,-0.30000000000000426,-24.200000000000003,-14.400000000000006,0.0,0.0,0.0,0.0,0.0,1,31.3,19.5,52795.07,21935.27,100,0,-9.799999999999997,4.5,-13.799999999999997,8.5,0,0.0,0.0,0.0,0.0,0,57,13.4,15.1,0,-9.600000000000001,4.300000000000004,-13.399999999999999,8.100000000000001,0,0.0,0.0,0.0,0.0,0,32,15.8,18.4,0,-18.026788741946422,-36,318,0.0,0.0,1.0,36.0,50.0,0,937,0.0,0.0,1.0,36.0,50.0,0,1141,1.7320508075688772,16.165807537309522,1.0,37.0,40.666666666666664,3,3046,8.294615940160897,19.424817358517547,0.7777777777777778,33.27777777777778,20.166666666666668,-10,5266,8.419648222489831,56.022741980802934,0.6666666666666666,31.904761904761905,33.38095238095238,-11
2025-05-18 15:52:57.064386,138,43562.935614,15.8825,50,36,64,1,3.0,-5.299999999999997,4.5,-18.4,-8.600000000000001,-10.100000000000001,-0.30000000000000426,-24.200000000000003,-14.400000000000006,0.0,0.0,0.0,0.0,0.0,1,31.3,19.5,52795.07,21935.27,100,0,-9.799999999999997,4.5,-13.799999999999997,8.5,0,0.0,0.0,0.0,0.0,0,57,13.4,15.1,0,-9.600000000000001,4.300000000000004,-13.399999999999999,8.100000000000001,0,0.0,0.0,0.0,0.0,0,32,15.8,18.4,0,-18.337702656088307,-36,318,0.0,0.0,1.0,36.0,50.0,0,937,0.0,0.0,1.0,36.0,50.0,0,1141,1.7320508075688772,16.165807537309522,1.0,37.0,40.666666666666664,3,3046,8.294615940160897,19.424817358517547,0.7777777777777778,33.27777777777778,20.166666666666668,-10,5266,8.419648222489831,56.022741980802934,0.6666666666666666,31.904761904761905,33.38095238095238,-11
2025-05-18 15:56:11.114458,138,43368.885542,15.936388888888889,50,31,69,1,5.0,-7.299999999999997,4.5,-20.4,-8.600000000000001,-12.100000000000001,-0.30000000000000426,-26.200000000000003,-14.400000000000006,0.0,0.0,0.0,0.0,0.0,1,31.3,19.5,52795.07,21935.27,100,0,-11.799999999999997,4.5,-15.799999999999997,8.5,0,0.0,0.0,0.0,0.0,0,57,13.4,15.1,0,-11.600000000000001,4.300000000000004,-15.399999999999999,8.100000000000001,0,0.0,0.0,0.0,0.0,0,32,15.8,18.4,0,-24.84813248766737,-31,50,,,1.0,31.0,50.0,0,368,5.319774431308154,37.51399738764186,0.2,22.4,53.6,-7,1165,6.909219843121199,26.128861270716484,0.20833333333333334,28.541666666666668,32.25,11,2964,8.57922757569254,24.24559882351743,0.4827586206896552,30.103448275862068,28.362068965517242,-10,5316,8.485777575015241,40.12592459447387,0.5394736842105263,28.210526315789473,33.26315789473684,-8
2025-05-18 15:57:43.228076,138,43276.771924,15.961944444444443,30,31,69,0,5.0,-7.299999999999997,4.5,-20.4,-8.600000000000001,-12.100000000000001,-0.30000000000000426,-26.200000000000003,-14.400000000000006,0.0,0.0,0.0,0.0,0.0,1,31.3,19.5,52795.07,21935.27,100,0,-11.799999999999997,4.5,-15.799999999999997,8.5,0,0.0,0.0,0.0,0.0,0,57,13.4,15.1,0,-11.600000000000001,4.300000000000004,-15.399999999999999,8.100000000000001,0,0.0,0.0,0.0,0.0,0,32,15.8,18.4,0,-25.293758967001438,31,137,3.2015621187164243,20.467453839368165,0.25,28.25,34.25,5,442,5.468524655221178,33.077830296784235,0.14285714285714285,24.285714285714285,48.857142857142854,-6,1252,6.5706764624191605,25.310887492164824,0.18518518518518517,28.40740740740741,31.88888888888889,16,3001,8.393079608268616,23.991500378164766,0.4666666666666667,30.116666666666667,28.033333333333335,-5,5200,8.338602683274333,39.50579150554656,0.5189873417721519,28.17721518987342,33.10126582278481,-3
2025-05-18 15:57:43.228076,138,43276.771924,15.961944444444443,50,25,75,0,5.0,-7.299999999999997,4.5,-20.4,-8.600000000000001,-12.100000000000001,-0.30000000000000426,-26.200000000000003,-14.400000000000006,0.0,0.0,0.0,0.0,0.0,1,31.3,19.5,52795.07,21935.27,100,0,-11.799999999999997,4.5,-15.799999999999997,8.5,0,0.0,0.0,0.0,0.0,0,57,13.4,15.1,0,-11.600000000000001,4.300000000000004,-15.399999999999999,8.100000000000001,0,0.0,0.0,0.0,0.0,0,32,15.8,18.4,0,-19.568890500362585,25,137,3.2015621187164243,20.467453839368165,0.25,28.25,34.25,5,442,5.468524655221178,33.077830296784235,0.14285714285714285,24.285714285714285,48.857142857142854,-6,1252,6.5706764624191605,25.310887492164824,0.18518518518518517,28.40740740740741,31.88888888888889,16,3001,8.393079608268616,23.991500378164766,0.4666666666666667,30.116666666666667,28.033333333333335,-5,5200,8.338602683274333,39.50579150554656,0.5189873417721519,28.17721518987342,33.10126582278481,-3
2025-05-18 15:57:43.228076,138,43276.771924,15.961944444444443,7,26,74,0,5.0,-7.299999999999997,4.5,-20.4,-8.600000000000001,-12.100000000000001,-0.30000000000000426,-26.200000000000003,-14.400000000000006,0.0,0.0,0.0,0.0,0.0,1,31.3,19.5,52795.07,21935.27,100,0,-11.799999999999997,4.5,-15.799999999999997,8.5,0,0.0,0.0,0.0,0.0,0,57,13.4,15.1,0,-11.600000000000001,4.300000000000004,-15.399999999999999,8.100000000000001,0,0.0,0.0,0.0,0.0,0,32,15.8,18.4,0,-20.93020679468242,26,137,3.2015621187164243,20.467453839368165,0.25,28.25,34.25,5,442,5.468524655221178,33.077830296784235,0.14285714285714285,24.285714285714285,48.857142857142854,-6,1252,6.5706764624191605,25.310887492164824,0.18518518518518517,28.40740740740741,31.88888888888889,16,3001,8.393079608268616,23.991500378164766,0.4666666666666667,30.116666666666667,28.033333333333335,-5,5200,8.338602683274333,39.50579150554656,0.5189873417721519,28.17721518987342,33.10126582278481,-3
2025-05-18 15:58:31.309367,138,43228.690633,15.975277777777778,50,37,63,1,3.0,-5.299999999999997,4.5,-18.4,-8.600000000000001,-10.100000000000001,-0.30000000000000426,-24.200000000000003,-14.400000000000006,0.0,0.0,0.0,0.0,0.0,1,31.3,19.5,52795.07,21935.27,100,0,-9.799999999999997,4.5,-13.799999999999997,8.5,0,0.0,0.0,0.0,0.0,0,57,13.4,15.1,0,-9.600000000000001,4.300000000000004,-13.399999999999999,8.100000000000001,0,0.0,0.0,0.0,0.0,0,32,15.8,18.4,0,-19.65952965952966,-37,187,0.7071067811865476,0.0,1.0,36.5,50.0,1,237,0.7071067811865476,0.0,1.0,36.5,50.0,1,1287,1.3038404810405297,12.521980673998822,1.0,36.8,44.4,3,3012,5.921359641163505,21.27116592949244,0.75,36.4375,23.0625,-8,4961,8.18535277187245,20.28123693043823,0.7619047619047619,33.0,23.857142857142858,-15
2025-05-18 15:58:31.309367,138,43228.690633,15.975277777777778,50,36,64,1,3.0,-5.299999999999997,4.5,-18.4,-8.600000000000001,-10.100000000000001,-0.30000000000000426,-24.200000000000003,-14.400000000000006,0.0,0.0,0.0,0.0,0.0,1,31.3,19.5,52795.07,21935.27,100,0,-9.799999999999997,4.5,-13.799999999999997,8.5,0,0.0,0.0,0.0,0.0,0,57,13.4,15.1,0,-9.600000000000001,4.300000000000004,-13.399999999999999,8.100000000000001,0,0.0,0.0,0.0,0.0,0,32,15.8,18.4,0,-19.010718113612004,-36,187,0.7071067811865476,0.0,1.0,36.5,50.0,1,237,0.7071067811865476,0.0,1.0,36.5,50.0,1,1287,1.3038404810405297,12.521980673998822,1.0,36.8,44.4,3,3012,5.921359641163505,21.27116592949244,0.75,36.4375,23.0625,-8,4961,8.18535277187245,20.28123693043823,0.7619047619047619,33.0,23.857142857142858,-15
2025-05-18 15:58:37.618286,138,43222.381714,15.976944444444445,30,16,84,0,5.0,-7.299999999999997,4.5,-20.4,-8.600000000000001,-12.100000000000001,-0.30000000000000426,-26.200000000000003,-14.400000000000006,0.0,0.0,0.0,0.0,0.0,1,31.3,19.5,52795.07,21935.27,100,0,-11.799999999999997,4.5,-15.799999999999997,8.5,0,0.0,0.0,0.0,0.0,0,57,13.4,15.1,0,-11.600000000000001,4.300000000000004,-15.399999999999999,8.100000000000001,0,0.0,0.0,0.0,0.0,0,32,15.8,18.4,0,-10.984450203628285,16,217,6.244997998398398,17.576025337563287,0.0,24.5,29.25,15,267,6.1400325732035,17.826945896591486,0.2,25.8,33.4,15,1229,5.251031644670725,26.1650530288016,0.2,26.36,32.12,12,3042,8.516842843557578,23.79206369951895,0.45901639344262296,29.885245901639344,28.065573770491802,5,4930,8.507485345483863,39.72056788779305,0.4935064935064935,28.207792207792206,33.55844155844156,7
2025-05-18 15:59:07.205840,138,43192.79416,15.985277777777776,40,27,73,0,1.0,-3.299999999999997,4.5,-16.4,-8.600000000000001,-8.100000000000001,-0.30000000000000426,-22.200000000000003,-14.400000000000006,0.0,0.0,0.0,0.0,0.0,1,31.3,19.5,52795.07,21935.27,100,0,-7.799999999999997,4.5,-11.799999999999997,8.5,0,0.0,0.0,0.0,0.0,0,57,13.4,15.1,0,-7.600000000000001,4.300000000000004,-11.399999999999999,8.100000000000001,0,0.0,0.0,0.0,0.0,0,32,15.8,18.4,0,63.85441640378549,-73,317,3.1144823004794873,18.425525772688278,0.0,30.8,20.0,-1,367,3.1144823004794873,18.425525772688278,0.0,30.8,20.0,-1,1329,6.653206107971668,19.58354287444311,0.5833333333333334,36.916666666666664,25.333333333333332,6,3142,7.176728696461132,17.417299412956638,0.5,33.125,19.333333333333332,9,5030,6.141024302767372,17.54260381807526,0.6,33.925,21.525,12
2025-05-18 15:59:07.205840,138,43192.79416,15.985277777777776,7,32,68,0,1.0,-3.299999999999997,4.5,-16.4,-8.600000000000001,-8.100000000000001,-0.30000000000000426,-22.200000000000003,-14.400000000000006,0.0,0.0,0.0,0.0,0.0,1,31.3,19.5,52795.07,21935.27,100,0,-7.799999999999997,4.5,-11.799999999999997,8.5,0,0.0,0.0,0.0,0.0,0,57,13.4,15.1,0,-7.600000000000001,4.300000000000004,-11.399999999999999,8.100000000000001,0,0.0,0.0,0.0,0.0,0,32,15.8,18.4,0,59.056487341772154,-68,317,3.1144823004794873,18.425525772688278,0.0,30.8,20.0,-1,367,3.1144823004794873,18.425525772688278,0.0,30.8,20.0,-1,1329,6.653206107971668,19.58354287444311,0.5833333333333334,36.916666666666664,25.333333333333332,6,3142,7.176728696461132,17.417299412956638,0.5,33.125,19.333333333333332,9,5030,6.141024302767372,17.54260381807526,0.6,33.925,21.525,12
2025-05-18 15:59:07.205840,138,43192.79416,15.985277777777776,3,33,67,0,1.0,-3.299999999999997,4.5,-16.4,-8.600000000000001,-8.100000000000001,-0.30000000000000426,-22.200000000000003,-14.400000000000006,0.0,0.0,0.0,0.0,0.0,1,31.3,19.5,52795.07,21935.27,100,0,-7.799999999999997,4.5,-11.799999999999997,8.5,0,0.0,0.0,0.0,0.0,0,57,13.4,15.1,0,-7.600000000000001,4.300000000000004,-11.399999999999999,8.100000000000001,0,0.0,0.0,0.0,0.0,0,32,15.8,18.4,0,58.08921079711865,-67,317,3.1144823004794873,18.425525772688278,0.0,30.8,20.0,-1,367,3.1144823004794873,18.425525772688278,0.0,30.8,20.0,-1,1329,6.653206107971668,19.58354287444311,0.5833333333333334,36.916666666666664,25.333333333333332,6,3142,7.176728696461132,17.417299412956638,0.5,33.125,19.333333333333332,9,5030,6.141024302767372,17.54260381807526,0.6,33.925,21.525,12
2025-05-18 15:59:07.205840,138,43192.79416,15.985277777777776,40,34,66,0,1.0,-3.299999999999997,4.5,-16.4,-8.600000000000001,-8.100000000000001,-0.30000000000000426,-22.200000000000003,-14.400000000000006,0.0,0.0,0.0,0.0,0.0,1,31.3,19.5,52795.07,21935.27,100,0,-7.799999999999997,4.5,-11.799999999999997,8.5,0,0.0,0.0,0.0,0.0,0,57,13.4,15.1,0,-7.600000000000001,4.300000000000004,-11.399999999999999,8.100000000000001,0,0.0,0.0,0.0,0.0,0,32,15.8,18.4,0,57.103008709422014,-66,317,3.1144823004794873,18.425525772688278,0.0,30.8,20.0,-1,367,3.1144823004794873,18.425525772688278,0.0,30.8,20.0,-1,1329,6.653206107971668,19.58354287444311,0.5833333333333334,36.916666666666664,25.333333333333332,6,3142,7.176728696461132,17.417299412956638,0.5,33.125,19.333333333333332,9,5030,6.141024302767372,17.54260381807526,0.6,33.925,21.525,12
2025-05-18 15:59:07.205840,138,43192.79416,15.985277777777776,10,28,72,0,1.0,-3.299999999999997,4.5,-16.4,-8.600000000000001,-8.100000000000001,-0.30000000000000426,-22.200000000000003,-14.400000000000006,0.0,0.0,0.0,0.0,0.0,1,31.3,19.5,52795.07,21935.27,100,0,-7.799999999999997,4.5,-11.799999999999997,8.5,0,0.0,0.0,0.0,0.0,0,57,13.4,15.1,0,-7.600000000000001,4.300000000000004,-11.399999999999999,8.100000000000001,0,0.0,0.0,0.0,0.0,0,32,15.8,18.4,0,63.28443208895949,-72,317,3.1144823004794873,18.425525772688278,0.0,30.8,20.0,-1,367,3.1144823004794873,18.425525772688278,0.0,30.8,20.0,-1,1329,6.653206107971668,19.58354287444311,0.5833333333333334,36.916666666666664,25.333333333333332,6,3142,7.176728696461132,17.417299412956638,0.5,33.125,19.333333333333332,9,5030,6.141024302767372,17.54260381807526,0.6,33.925,21.525,12
2025-05-18 16:00:05.282816,138,43134.717184,16.00138888888889,20,29,71,0,1.0,-3.299999999999997,4.300000000000004,-16.4,-8.799999999999997,-8.100000000000001,-0.5,-22.200000000000003,-14.600000000000001,0.0,0.0,0.0,0.0,0.0,1,31.3,19.5,52795.07,21935.27,100,0,-7.600000000000001,4.300000000000004,-11.399999999999999,8.100000000000001,0,0.0,0.0,0.0,0.0,0,32,15.8,18.4,0,-9.0,5.700000000000003,-13.5,10.200000000000003,0,0.0,0.0,0.0,0.0,0,15,19.5,22.7,0,62.33473767885532,-71,290,2.794552524023088,16.836751185314537,0.0,30.142857142857142,22.857142857142858,-1,427,2.794552524023088,16.836751185314537,0.0,30.142857142857142,22.857142857142858,-1,1364,7.104530876444902,17.996082194716003,0.46153846153846156,35.84615384615385,27.76923076923077,10,3202,6.998901012631582,17.189979191825234,0.46153846153846156,32.76923076923077,20.153846153846153,9,5090,6.103444316148481,17.347795048113717,0.5714285714285714,33.666666666666664,21.928571428571427,12
2025-05-18 16:00:05.282816,138,43134.717184,16.00138888888889,40,28,72,0,1.0,-3.299999999999997,4.300000000000004,-16.4,-8.799999999999997,-8.100000000000001,-0.5,-22.200000000000003,-14.600000000000001,0.0,0.0,0.0,0.0,0.0,1,31.3,19.5,52795.07,21935.27,100,0,-7.600000000000001,4.300000000000004,-11.399999999999999,8.100000000000001,0,0.0,0.0,0.0,0.0,0,32,15.8,18.4,0,-9.0,5.700000000000003,-13.5,10.200000000000003,0,0.0,0.0,0.0,0.0,0,15,19.5,22.7,0,63.43399681528662,-72,290,2.794552524023088,16.836751185314537,0.0,30.142857142857142,22.857142857142858,-1,427,2.794552524023088,16.836751185314537,0.0,30.142857142857142,22.857142857142858,-1,1364,7.104530876444902,17.996082194716003,0.46153846153846156,35.84615384615385,27.76923076923077,10,3202,6.998901012631582,17.189979191825234,0.46153846153846156,32.76923076923077,20.153846153846153,9,5090,6.103444316148481,17.347795048113717,0.5714285714285714,33.666666666666664,21.928571428571427,12
2025-05-18 16:00:19.746689,138,43120.253311,16.005277777777778,50,16,84,0,5.0,-7.299999999999997,4.300000000000004,-20.4,-8.799999999999997,-12.100000000000001,-0.5,-26.200000000000003,-14.600000000000001,0.0,0.0,0.0,0.0,0.0,1,31.3,19.5,52795.07,21935.27,100,0,-11.600000000000001,4.300000000000004,-15.399999999999999,8.100000000000001,0,0.0,0.0,0.0,0.0,0,32,15.8,18.4,0,-13.0,5.700000000000003,-17.5,10.200000000000003,0,0.0,0.0,0.0,0.0,0,15,19.5,22.7,0,-11.107824784724826,16,390,0.5773502691896257,11.547005383792515,0.0,15.666666666666666,43.333333333333336,1,527,7.104659772022195,16.657616590502688,0.14285714285714285,22.857142857142858,38.142857142857146,16,1464,5.8199480128086085,25.587456863040313,0.18518518518518517,25.555555555555557,33.44444444444444,13,3302,8.756038074664646,23.724027758531175,0.4444444444444444,29.428571428571427,28.761904761904763,6,5190,8.635032020447738,39.29408342086313,0.4810126582278481,27.88607594936709,33.9746835443038,8
2025-05-18 16:00:19.746689,138,43120.253311,16.005277777777778,50,15,85,0,5.0,-7.299999999999997,4.300000000000004,-20.4,-8.799999999999997,-12.100000000000001,-0.5,-26.200000000000003,-14.600000000000001,0.0,0.0,0.0,0.0,0.0,1,31.3,19.5,52795.07,21935.27,100,0,-11.600000000000001,4.300000000000004,-15.399999999999999,8.100000000000001,0,0.0,0.0,0.0,0.0,0,32,15.8,18.4,0,-13.0,5.700000000000003,-17.5,10.200000000000003,0,0.0,0.0,0.0,0.0,0,15,19.5,22.7,0,-10.31972529568867,15,390,0.5773502691896257,11.547005383792515,0.0,15.666666666666666,43.333333333333336,1,527,7.104659772022195,16.657616590502688,0.14285714285714285,22.857142857142858,38.142857142857146,16,1464,5.8199480128086085,25.587456863040313,0.18518518518518517,25.555555555555557,33.44444444444444,13,3302,8.756038074664646,23.724027758531175,0.4444444444444444,29.428571428571427,28.761904761904763,6,5190,8.635032020447738,39.29408342086313,0.4810126582278481,27.88607594936709,33.9746835443038,8
2025-05-18 16:02:17.075747,138,43002.924253,16.03805555555556,33,43,57,1,3.0,-5.299999999999997,4.300000000000004,-18.4,-8.799999999999997,-10.100000000000001,-0.5,-24.200000000000003,-14.600000000000001,0.0,0.0,0.0,0.0,0.0,1,31.3,19.5,52795.07,21935.27,100,0,-9.600000000000001,4.300000000000004,-13.399999999999999,8.100000000000001,0,0.0,0.0,0.0,0.0,0,32,15.8,18.4,0,-11.0,5.700000000000003,-15.5,10.200000000000003,0,0.0,0.0,0.0,0.0,0,15,19.5,22.7,0,-26.3564932702801,-43,133,,,1.0,43.0,33.0,0,510,3.7859388972001824,9.814954576223638,1.0,38.666666666666664,44.333333333333336,-6,1497,3.0495901363953815,7.602631123499285,1.0,37.6,46.6,-7,3335,5.950160650327509,20.736264057414573,0.7647058823529411,36.8235294117647,23.647058823529413,-15,5223,8.267706958702536,19.888215745539508,0.7727272727272727,33.45454545454545,24.272727272727273,-22
2025-05-18 16:02:21.622118,138,42998.377882,16.039166666666667,11,28,72,0,1.0,-3.299999999999997,4.300000000000004,-16.4,-8.799999999999997,-8.100000000000001,-0.5,-22.200000000000003,-14.600000000000001,0.0,0.0,0.0,0.0,0.0,1,31.3,19.5,52795.07,21935.27,100,0,-7.600000000000001,4.300000000000004,-11.399999999999999,8.100000000000001,0,0.0,0.0,0.0,0.0,0,32,15.8,18.4,0,-9.0,5.700000000000003,-13.5,10.200000000000003,0,0.0,0.0,0.0,0.0,0,15,19.5,22.7,0,63.63666134185304,-72,44,,,0.0,28.0,11.0,0,521,2.6958963523950885,16.141671890748228,0.0,29.875,21.375,-1,1508,7.140659002431848,17.861493975392065,0.42857142857142855,35.285714285714285,26.571428571428573,10,3346,6.924089827769419,16.947967967683272,0.4444444444444444,32.592592592592595,19.814814814814813,9,5234,6.09194955584164,17.220863495623085,0.5581395348837209,33.53488372093023,21.674418604651162,12
2025-05-18 16:03:25.260179,138,42934.739821,16.056944444444444,7,42,58,1,1.0,-3.299999999999997,4.300000000000004,-16.4,-8.799999999999997,-8.100000000000001,-0.5,-22.200000000000003,-14.600000000000001,0.0,0.0,0.0,0.0,0.0,1,31.3,19.5,52795.07,21935.27,100,0,-7.600000000000001,4.300000000000004,-11.399999999999999,8.100000000000001,0,0.0,0.0,0.0,0.0,0,32,15.8,18.4,0,-9.0,5.700000000000003,-13.5,10.200000000000003,0,0.0,0.0,0.0,0.0,0,15,19.5,22.7,0,49.69262131265489,58,146,5.8109092805400655,15.917495615412202,0.8333333333333334,39.833333333333336,18.833333333333332,-14,536,6.576960563695836,15.864005379054392,0.38461538461538464,34.61538461538461,21.0,-15,1610,6.830444404300054,17.44984458450538,0.5789473684210527,37.10526315789474,24.94736842105263,-4,3408,7.266180498188719,16.716534937677146,0.53125,34.09375,19.90625,-5,5336,6.351097241438897,17.045568879908828,0.6041666666666666,34.4375,21.541666666666668,-2
2025-05-18 16:03:25.260179,138,42934.739821,16.056944444444444,50,42,58,1,1.0,-3.299999999999997,4.300000000000004,-16.4,-8.799999999999997,-8.100000000000001,-0.5,-22.200000000000003,-14.600000000000001,0.0,0.0,0.0,0.0,0.0,1,31.3,19.5,52795.07,21935.27,100,0,-7.600000000000001,4.300000000000004,-11.399999999999999,8.100000000000001,0,0.0,0.0,0.0,0.0,0,32,15.8,18.4,0,-9.0,5.700000000000003,-13.5,10.200000000000003,0,0.0,0.0,0.0,0.0,0,15,19.5,22.7,0,49.72044472884339,58,146,5.8109092805400655,15.917495615412202,0.8333333333333334,39.833333333333336,18.833333333333332,-14,536,6.576960563695836,15.864005379054392,0.38461538461538464,34.61538461538461,21.0,-15,1610,6.830444404300054,17.44984458450538,0.5789473684210527,37.10526315789474,24.94736842105263,-4,3408,7.266180498188719,16.716534937677146,0.53125,34.09375,19.90625,-5,5336,6.351097241438897,17.045568879908828,0.6041666666666666,34.4375,21.541666666666668,-2
2025-05-18 16:03:25.260179,138,42934.739821,16.056944444444444,20,43,57,1,1.0,-3.299999999999997,4.300000000000004,-16.4,-8.799999999999997,-8.100000000000001,-0.5,-22.200000000000003,-14.600000000000001,0.0,0.0,0.0,0.0,0.0,1,31.3,19.5,52795.07,21935.27,100,0,-7.600000000000001,4.300000000000004,-11.399999999999999,8.100000000000001,0,0.0,0.0,0.0,0.0,0,32,15.8,18.4,0,-9.0,5.700000000000003,-13.5,10.200000000000003,0,0.0,0.0,0.0,0.0,0,15,19.5,22.7,0,48.92009315772566,57,146,5.8109092805400655,15.917495615412202,0.8333333333333334,39.833333333333336,18.833333333333332,-14,536,6.576960563695836,15.864005379054392,0.38461538461538464,34.61538461538461,21.0,-15,1610,6.830444404300054,17.44984458450538,0.5789473684210527,37.10526315789474,24.94736842105263,-4,3408,7.266180498188719,16.716534937677146,0.53125,34.09375,19.90625,-5,5336,6.351097241438897,17.045568879908828,0.6041666666666666,34.4375,21.541666666666668,-2
2025-05-18 16:03:25.260179,138,42934.739821,16.056944444444444,10,42,58,1,1.0,-3.299999999999997,4.300000000000004,-16.4,-8.799999999999997,-8.100000000000001,-0.5,-22.200000000000003,-14.600000000000001,0.0,0.0,0.0,0.0,0.0,1,31.3,19.5,52795.07,21935.27,100,0,-7.600000000000001,4.300000000000004,-11.399999999999999,8.100000000000001,0,0.0,0.0,0.0,0.0,0,32,15.8,18.4,0,-9.0,5.700000000000003,-13.5,10.200000000000003,0,0.0,0.0,0.0,0.0,0,15,19.5,22.7,0,49.99879343629344,58,146,5.8109092805400655,15.917495615412202,0.8333333333333334,39.833333333333336,18.833333333333332,-14,536,6.576960563695836,15.864005379054392,0.38461538461538464,34.61538461538461,21.0,-15,1610,6.830444404300054,17.44984458450538,0.5789473684210527,37.10526315789474,24.94736842105263,-4,3408,7.266180498188719,16.716534937677146,0.53125,34.09375,19.90625,-5,5336,6.351097241438897,17.045568879908828,0.6041666666666666,34.4375,21.541666666666668,-2
2025-05-18 16:03:25.260179,138,42934.739821,16.056944444444444,15,42,58,1,1.0,-3.299999999999997,4.300000000000004,-16.4,-8.799999999999997,-8.100000000000001,-0.5,-22.200000000000003,-14.600000000000001,0.0,0.0,0.0,0.0,0.0,1,31.3,19.5,52795.07,21935.27,100,0,-7.600000000000001,4.300000000000004,-11.399999999999999,8.100000000000001,0,0.0,0.0,0.0,0.0,0,32,15.8,18.4,0,-9.0,5.700000000000003,-13.5,10.200000000000003,0,0.0,0.0,0.0,0.0,0,15,19.5,22.7,0,50.03904363226533,58,146,5.8109092805400655,15.917495615412202,0.8333333333333334,39.833333333333336,18.833333333333332,-14,536,6.576960563695836,15.864005379054392,0.38461538461538464,34.61538461538461,21.0,-15,1610,6.830444404300054,17.44984458450538,0.5789473684210527,37.10526315789474,24.94736842105263,-4,3408,7.266180498188719,16.716534937677146,0.53125,34.09375,19.90625,-5,5336,6.351097241438897,17.045568879908828,0.6041666666666666,34.4375,21.541666666666668,-2
2025-05-18 16:03:27.101598,138,42932.898402,16.0575,25,13,87,0,5.0,-7.299999999999997,4.300000000000004,-20.4,-8.799999999999997,-12.100000000000001,-0.5,-26.200000000000003,-14.600000000000001,0.0,0.0,0.0,0.0,0.0,1,31.3,19.5,52795.07,21935.27,100,0,-11.600000000000001,4.300000000000004,-15.399999999999999,8.100000000000001,0,0.0,0.0,0.0,0.0,0,32,15.8,18.4,0,-13.0,5.700000000000003,-17.5,10.200000000000003,0,0.0,0.0,0.0,0.0,0,15,19.5,22.7,0,-8.520420070011667,13,171,,,0.0,13.0,25.0,0,561,1.4142135623730951,13.149778198382917,0.0,15.0,38.75,3,1592,5.439056290693573,25.544079548889602,0.2,24.2,35.4,16,3433,8.929004899955949,23.692353290504812,0.43548387096774194,29.451612903225808,28.983870967741936,19,5361,8.740130057254383,39.05748562752476,0.475,27.7,33.8625,10
2025-05-18 16:03:35.644010,138,42924.35599,16.059722222222224,50,12,88,0,5.0,-7.299999999999997,4.300000000000004,-20.4,-8.799999999999997,-12.100000000000001,-0.5,-26.200000000000003,-14.600000000000001,0.0,0.0,0.0,0.0,0.0,1,31.3,19.5,52795.07,21935.27,100,0,-11.600000000000001,4.300000000000004,-15.399999999999999,8.100000000000001,0,0.0,0.0,0.0,0.0,0,32,15.8,18.4,0,-13.0,5.700000000000003,-17.5,10.200000000000003,0,0.0,0.0,0.0,0.0,0,15,19.5,22.7,0,-7.604084838963075,12,748,0.8366600265340756,212.73293116017558,0.0,11.8,120.4,1,1038,2.1213203435596424,165.79850076868263,0.0,13.25,91.5,4,2097,6.679048331138697,92.56847777144809,0.18518518518518517,21.925925925925927,53.333333333333336,19,4010,9.667767801604167,62.488145262668006,0.4090909090909091,28.363636363636363,35.96969696969697,20,5938,9.20684097973685,63.68018828336592,0.4523809523809524,26.928571428571427,39.11904761904762,11
2025-05-18 16:03:35.644010,138,42924.35599,16.059722222222224,16,11,89,0,5.0,-7.299999999999997,4.300000000000004,-20.4,-8.799999999999997,-12.100000000000001,-0.5,-26.200000000000003,-14.600000000000001,0.0,0.0,0.0,0.0,0.0,1,31.3,19.5,52795.07,21935.27,100,0,-11.600000000000001,4.300000000000004,-15.399999999999999,8.100000000000001,0,0.0,0.0,0.0,0.0,0,32,15.8,18.4,0,-13.0,5.700000000000003,-17.5,10.200000000000003,0,0.0,0.0,0.0,0.0,0,15,19.5,22.7,0,-6.756410256410263,11,748,0.8366600265340756,212.73293116017558,0.0,11.8,120.4,1,1038,2.1213203435596424,165.79850076868263,0.0,13.25,91.5,4,2097,6.679048331138697,92.56847777144809,0.18518518518518517,21.925925925925927,53.333333333333336,19,4010,9.667767801604167,62.488145262668006,0.4090909090909091,28.363636363636363,35.96969696969697,20,5938,9.20684097973685,63.68018828336592,0.4523809523809524,26.928571428571427,39.11904761904762,11
2025-05-18 16:03:35.644010,138,42924.35599,16.059722222222224,500,11,89,0,5.0,-7.299999999999997,4.300000000000004,-20.4,-8.799999999999997,-12.100000000000001,-0.5,-26.200000000000003,-14.600000000000001,0.0,0.0,0.0,0.0,0.0,1,31.3,19.5,52795.07,21935.27,100,0,-11.600000000000001,4.300000000000004,-15.399999999999999,8.100000000000001,0,0.0,0.0,0.0,0.0,0,32,15.8,18.4,0,-13.0,5.700000000000003,-17.5,10.200000000000003,0,0.0,0.0,0.0,0.0,0,15,19.5,22.7,0,-6.799999999999997,11,748,0.8366600265340756,212.73293116017558,0.0,11.8,120.4,1,1038,2.1213203435596424,165.79850076868263,0.0,13.25,91.5,4,2097,6.679048331138697,92.56847777144809,0.18518518518518517,21.925925925925927,53.333333333333336,19,4010,9.667767801604167,62.488145262668006,0.4090909090909091,28.363636363636363,35.96969696969697,20,5938,9.20684097973685,63.68018828336592,0.4523809523809524,26.928571428571427,39.11904761904762,11
2025-05-18 16:03:35.644010,138,42924.35599,16.059722222222224,11,12,88,0,5.0,-7.299999999999997,4.300000000000004,-20.4,-8.799999999999997,-12.100000000000001,-0.5,-26.200000000000003,-14.600000000000001,0.0,0.0,0.0,0.0,0.0,1,31.3,19.5,52795.07,21935.27,100,0,-11.600000000000001,4.300000000000004,-15.399999999999999,8.100000000000001,0,0.0,0.0,0.0,0.0,0,32,15.8,18.4,0,-13.0,5.700000000000003,-17.5,10.200000000000003,0,0.0,0.0,0.0,0.0,0,15,19.5,22.7,0,-9.51717171717172,12,748,0.8366600265340756,212.73293116017558,0.0,11.8,120.4,1,1038,2.1213203435596424,165.79850076868263,0.0,13.25,91.5,4,2097,6.679048331138697,92.56847777144809,0.18518518518518517,21.925925925925927,53.333333333333336,19,4010,9.667767801604167,62.488145262668006,0.4090909090909091,28.363636363636363,35.96969696969697,20,5938,9.20684097973685,63.68018828336592,0.4523809523809524,26.928571428571427,39.11904761904762,11
2025-05-18 16:04:08.595591,138,42891.404409,16.06888888888889,37,32,68,0,3.0,-5.299999999999997,4.300000000000004,-18.4,-8.799999999999997,-10.100000000000001,-0.5,-24.200000000000003,-14.600000000000001,0.0,0.0,0.0,0.0,0.0,1,31.3,19.5,52795.07,21935.27,100,0,-9.600000000000001,4.300000000000004,-13.399999999999999,8.100000000000001,0,0.0,0.0,0.0,0.0,0,32,15.8,18.4,0,-11.0,5.700000000000003,-15.5,10.200000000000003,0,0.0,0.0,0.0,0.0,0,15,19.5,22.7,0,-15.676730486008836,32,893,6.082762530298219,42.19399641339196,0.3333333333333333,36.0,59.333333333333336,10,1053,6.082762530298219,42.19399641339196,0.3333333333333333,36.0,59.333333333333336,10,2130,3.532165125838609,24.866309202077684,0.7142857142857143,36.142857142857146,54.0,3,4155,5.775528127037287,27.559186706610642,0.6842105263157895,36.36842105263158,28.789473684210527,-5,6083,7.906037868781599,25.615007772561885,0.7083333333333334,33.375,28.291666666666668,-12
2025-05-18 16:04:08.595591,138,42891.404409,16.06888888888889,108,33,67,0,3.0,-5.299999999999997,4.300000000000004,-18.4,-8.799999999999997,-10.100000000000001,-0.5,-24.200000000000003,-14.600000000000001,0.0,0.0,0.0,0.0,0.0,1,31.3,19.5,52795.07,21935.27,100,0,-9.600000000000001,4.300000000000004,-13.399999999999999,8.100000000000001,0,0.0,0.0,0.0,0.0,0,32,15.8,18.4,0,-11.0,5.700000000000003,-15.5,10.200000000000003,0,0.0,0.0,0.0,0.0,0,15,19.5,22.7,0,-16.893243747667043,33,893,6.082762530298219,42.19399641339196,0.3333333333333333,36.0,59.333333333333336,10,1053,6.082762530298219,42.19399641339196,0.3333333333333333,36.0,59.333333333333336,10,2130,3.532165125838609,24.866309202077684,0.7142857142857143,36.142857142857146,54.0,3,4155,5.775528127037287,27.559186706610642,0.6842105263157895,36.36842105263158,28.789473684210527,-5,6083,7.906037868781599,25.615007772561885,0.7083333333333334,33.375,28.291666666666668,-12
2025-05-18 16:04:48.114231,138,42851.885769,16.08,7,12,88,1,5.0,-7.299999999999997,4.300000000000004,-20.4,-8.799999999999997,-12.100000000000001,-0.5,-26.200000000000003,-14.600000000000001,0.0,0.0,0.0,0.0,0.0,1,31.3,19.5,52795.07,21935.27,100,0,-11.600000000000001,4.300000000000004,-15.399999999999999,8.100000000000001,0,0.0,0.0,0.0,0.0,0,32,15.8,18.4,0,-13.0,5.700000000000003,-17.5,10.200000000000003,0,0.0,0.0,0.0,0.0,0,15,19.5,22.7,0,-9.570340274250889,-12,856,0.7527726527090811,195.82517713511712,0.16666666666666666,11.833333333333334,101.5,1,1060,1.8322507626258087,167.21067763239796,0.125,12.75,88.625,4,1906,6.6018781662218995,108.8435757250201,0.15789473684210525,18.842105263157894,63.421052631578945,9,3903,10.264455151055149,64.87901822353447,0.35,28.116666666666667,35.36666666666667,27,6090,9.294014820549503,63.39579994747595,0.4588235294117647,26.75294117647059,38.741176470588236,11
2025-05-18 16:04:48.141414,138,42851.858586,16.08,7,49,51,1,1.0,-3.299999999999997,4.300000000000004,-16.4,-8.799999999999997,-8.100000000000001,-0.5,-22.200000000000003,-14.600000000000001,0.0,0.0,0.0,0.0,0.0,1,31.3,19.5,52795.07,21935.27,100,0,-7.600000000000001,4.300000000000004,-11.399999999999999,8.100000000000001,0,0.0,0.0,0.0,0.0,0,32,15.8,18.4,0,-9.0,5.700000000000003,-13.5,10.200000000000003,0,0.0,0.0,0.0,0.0,0,15,19.5,22.7,0,43.09954058192956,51,863,2.8047578623950176,16.388003742575442,1.0,43.333333333333336,18.166666666666668,-7,1067,7.826237921249263,15.182226450688976,0.6666666666666666,38.333333333333336,20.0,-20,1913,7.809030181844118,16.99159456067281,0.4666666666666667,36.46666666666667,22.0,-1,3910,7.607935450447894,16.605950010691224,0.5454545454545454,34.54545454545455,19.515151515151516,-12,6097,6.619968247041426,16.99452192649749,0.6122448979591837,34.734693877551024,21.244897959183675,-9
2025-05-18 16:04:48.142439,138,42851.857561,16.08,7,34,66,1,3.0,-5.299999999999997,4.300000000000004,-18.4,-8.799999999999997,-10.100000000000001,-0.5,-24.200000000000003,-14.600000000000001,0.0,0.0,0.0,0.0,0.0,1,31.3,19.5,52795.07,21935.27,100,0,-9.600000000000001,4.300000000000004,-13.399999999999999,8.100000000000001,0,0.0,0.0,0.0,0.0,0,32,15.8,18.4,0,-11.0,5.700000000000003,-15.5,10.200000000000003,0,0.0,0.0,0.0,0.0,0,15,19.5,22.7,0,-18.602878257487358,-34,870,1.0,51.86842327788009,0.3333333333333333,33.0,50.666666666666664,-2,1074,5.066228051190222,43.261799931733464,0.5,35.5,46.25,9,1920,3.3567628964311944,28.39234051641393,0.75,35.875,48.125,2,3917,5.646377506629221,27.263046128606508,0.7,36.25,27.7,-6,6104,7.740585679822081,25.434687600466678,0.72,33.4,27.44,-13
2025-05-18 16:04:50.113180,138,42849.88682,16.080555555555556,5,34,66,1,3.0,-5.299999999999997,4.300000000000004,-18.4,-8.799999999999997,-10.100000000000001,-0.5,-24.200000000000003,-14.600000000000001,0.0,0.0,0.0,0.0,0.0,1,31.3,19.5,52795.07,21935.27,100,0,-9.600000000000001,4.300000000000004,-13.399999999999999,8.100000000000001,0,0.0,0.0,0.0,0.0,0,32,15.8,18.4,0,-11.0,5.700000000000003,-15.5,10.200000000000003,0,0.0,0.0,0.0,0.0,0,15,19.5,22.7,0,-18.653666146645868,-34,875,0.9574271077563381,48.113580896319355,0.5,33.25,39.25,-2,1079,4.43846820423443,41.7612260356422,0.6,35.2,38.0,9,1925,3.2015621187164247,30.199337741082996,0.7777777777777778,35.666666666666664,43.333333333333336,2,3922,5.525266638685542,27.03049424349505,0.7142857142857143,36.142857142857146,26.61904761904762,-6,6109,7.5851068650247875,25.3063993123053,0.7307692307692307,33.42307692307692,26.576923076923077,-13
2025-05-18 16:04:50.159433,138,42849.840567,16.080555555555556,5,12,88,1,5.0,-7.299999999999997,4.300000000000004,-20.4,-8.799999999999997,-12.100000000000001,-0.5,-26.200000000000003,-14.600000000000001,0.0,0.0,0.0,0.0,0.0,1,31.3,19.5,52795.07,21935.27,100,0,-11.600000000000001,4.300000000000004,-15.399999999999999,8.100000000000001,0,0.0,0.0,0.0,0.0,0,32,15.8,18.4,0,-13.0,5.700000000000003,-17.5,10.200000000000003,0,0.0,0.0,0.0,0.0,0,15,19.5,22.7,0,-9.604485219164118,-12,880,0.6900655593423541,182.44607813973812,0.2857142857142857,11.857142857142858,87.71428571428571,1,1084,1.7320508075688772,158.8757376064703,0.2222222222222222,12.666666666666666,79.33333333333333,4,1930,6.605420421696746,106.74292778249502,0.2,18.5,60.5,9,3927,10.385624785528906,64.45346523134245,0.36065573770491804,27.852459016393443,34.868852459016395,27,6114,9.375142497777043,63.126719884197165,0.46511627906976744,26.58139534883721,38.348837209302324,11
2025-05-18 16:04:50.162236,138,42849.837764,16.080555555555556,5,49,51,1,1.0,-3.299999999999997,4.300000000000004,-16.4,-8.799999999999997,-8.100000000000001,-0.5,-22.200000000000003,-14.600000000000001,0.0,0.0,0.0,0.0,0.0,1,31.3,19.5,52795.07,21935.27,100,0,-7.600000000000001,4.300000000000004,-11.399999999999999,8.100000000000001,0,0.0,0.0,0.0,0.0,0,32,15.8,18.4,0,-9.0,5.700000000000003,-13.5,10.200000000000003,0,0.0,0.0,0.0,0.0,0,15,19.5,22.7,0,43.12387096774194,51,885,3.338091841585121,15.766148184367308,1.0,44.142857142857146,16.285714285714285,-7,1089,8.113089560840693,15.079419381690029,0.7,39.4,18.5,-20,1935,8.169047272071165,16.95668501407827,0.5,37.25,20.9375,-1,3932,7.89125059842419,16.540799231466607,0.5588235294117647,34.970588235294116,19.08823529411765,-12,6119,6.855624831970802,16.97638215346274,0.62,35.02,20.92,-9
2025-05-18 16:04:50.226124,138,42849.773876,16.080555555555556,12,49,51,1,1.0,-3.299999999999997,4.300000000000004,-16.4,-8.799999999999997,-8.100000000000001,-0.5,-22.200000000000003,-14.600000000000001,0.0,0.0,0.0,0.0,0.0,1,31.3,19.5,52795.07,21935.27,100,0,-7.600000000000001,4.300000000000004,-11.399999999999999,8.100000000000001,0,0.0,0.0,0.0,0.0,0,32,15.8,18.4,0,-9.0,5.700000000000003,-13.5,10.200000000000003,0,0.0,0.0,0.0,0.0,0,15,19.5,22.7,0,43.1412666397741,51,897,3.5355339059327378,14.6750517156548,1.0,44.75,15.75,-7,1101,8.223027533590157,14.439214282325375,0.7272727272727273,40.27272727272727,17.90909090909091,-20,1947,8.40736721747134,16.560717162646565,0.5294117647058824,37.94117647058823,20.41176470588235,-1,3944,8.12796810686524,16.339723211298555,0.5714285714285714,35.371428571428574,18.885714285714286,-12,6131,7.0634102744978895,16.852113383495734,0.6274509803921569,35.294117647058826,20.745098039215687,-9
2025-05-18 16:05:03.950460,138,42836.04954,16.084166666666665,50,52,48,1,1.0,-3.299999999999997,4.300000000000004,-16.4,-8.799999999999997,-8.100000000000001,-0.5,-22.200000000000003,-14.600000000000001,0.0,0.0,0.0,0.0,0.0,1,31.3,19.5,52795.07,21935.27,100,0,-7.600000000000001,4.300000000000004,-11.399999999999999,8.100000000000001,0,0.0,0.0,0.0,0.0,0,32,15.8,18.4,0,-9.0,5.700000000000003,-13.5,10.200000000000003,0,0.0,0.0,0.0,0.0,0,15,19.5,22.7,0,40.18307356860211,48,947,4.096068575814836,17.85434898778944,1.0,45.55555555555556,19.555555555555557,-10,1151,8.540012774101582,16.593856110201166,0.75,41.25,20.583333333333332,-23,1997,8.803779639888337,17.514606416031643,0.5555555555555556,38.72222222222222,22.055555555555557,-4,3994,8.476859256655311,16.91892431568863,0.5833333333333334,35.833333333333336,19.75,-15,6181,7.367533032598181,17.1721827743826,0.6346153846153846,35.61538461538461,21.307692307692307,-12
2025-05-18 16:05:15.221730,138,42824.77827,16.0875,18,53,47,1,1.0,-3.299999999999997,4.300000000000004,-16.4,-8.799999999999997,-8.100000000000001,-0.5,-22.200000000000003,-14.600000000000001,0.0,0.0,0.0,0.0,0.0,1,31.3,19.5,52795.07,21935.27,100,0,-7.600000000000001,4.300000000000004,-11.399999999999999,8.100000000000001,0,0.0,0.0,0.0,0.0,0,32,15.8,18.4,0,-9.0,5.700000000000003,-13.5,10.200000000000003,0,0.0,0.0,0.0,0.0,0,15,19.5,22.7,0,39.345982323846584,47,965,4.522781838156198,16.84042754801671,1.0,46.3,19.4,-11,1109,6.9896026678592715,16.175739409824374,0.9090909090909091,44.63636363636363,18.636363636363637,-25,1892,9.184385726681485,16.07630904213715,0.5555555555555556,39.0,20.27777777777778,-26,4012,8.82189468458028,16.68476494834079,0.5945945945945946,36.2972972972973,19.7027027027027,-16,6199,7.677176700453462,17.012332246815905,0.6415094339622641,35.943396226415096,21.245283018867923,-13
2025-05-18 16:07:30.411691,138,42689.588309,16.125,20,54,46,1,1.0,-3.299999999999997,4.300000000000004,-16.4,-8.799999999999997,-8.100000000000001,-0.5,-22.200000000000003,-14.600000000000001,0.0,0.0,0.0,0.0,0.0,1,31.3,19.5,52795.07,21935.27,100,0,-7.600000000000001,4.300000000000004,-11.399999999999999,8.100000000000001,0,0.0,0.0,0.0,0.0,0,32,15.8,18.4,0,-9.0,5.700000000000003,-13.5,10.200000000000003,0,0.0,0.0,0.0,0.0,0,15,19.5,22.7,0,38.403491676816884,46,20,,,1.0,54.0,20.0,0,985,4.878524367060187,15.977256562774702,1.0,47.0,19.454545454545453,-12,1861,9.566021739982851,15.62349407947729,0.5789473684210527,39.78947368421053,20.263157894736842,-27,3989,9.419163175178298,16.79332822926632,0.5833333333333334,36.72222222222222,19.61111111111111,-28,6219,7.991544273431377,16.851926340440958,0.6481481481481481,36.27777777777778,21.22222222222222,-14
2025-05-18 16:07:39.607095,138,42680.392905,16.1275,50,64,36,1,1.0,-3.299999999999997,4.300000000000004,-16.4,-8.799999999999997,-8.100000000000001,-0.5,-22.200000000000003,-14.600000000000001,0.0,0.0,0.0,0.0,0.0,1,31.3,19.5,52795.07,21935.27,100,0,-7.600000000000001,4.300000000000004,-11.399999999999999,8.100000000000001,0,0.0,0.0,0.0,0.0,0,32,15.8,18.4,0,-9.0,5.700000000000003,-13.5,10.200000000000003,0,0.0,0.0,0.0,0.0,0,15,19.5,22.7,0,28.46596177307849,36,74,5.773502691896258,23.35237318418266,1.0,57.333333333333336,24.666666666666668,0,1039,6.65640235470275,17.576207694581814,1.0,48.84615384615385,20.615384615384617,-12,1915,10.874172108607581,16.634015636354203,0.6190476190476191,41.61904761904762,20.904761904761905,-27,4043,10.520994387502029,17.267372763746145,0.6052631578947368,37.89473684210526,20.0,-28,6273,8.975272668867474,17.148397373152175,0.6607142857142857,37.089285714285715,21.428571428571427,-14
2025-05-18 16:07:39.607095,138,42680.392905,16.1275,4,54,46,1,1.0,-3.299999999999997,4.300000000000004,-16.4,-8.799999999999997,-8.100000000000001,-0.5,-22.200000000000003,-14.600000000000001,0.0,0.0,0.0,0.0,0.0,1,31.3,19.5,52795.07,21935.27,100,0,-7.600000000000001,4.300000000000004,-11.399999999999999,8.100000000000001,0,0.0,0.0,0.0,0.0,0,32,15.8,18.4,0,-9.0,5.700000000000003,-13.5,10.200000000000003,0,0.0,0.0,0.0,0.0,0,15,19.5,22.7,0,38.582196815026535,46,74,5.773502691896258,23.35237318418266,1.0,57.333333333333336,24.666666666666668,0,1039,6.65640235470275,17.576207694581814,1.0,48.84615384615385,20.615384615384617,-12,1915,10.874172108607581,16.634015636354203,0.6190476190476191,41.61904761904762,20.904761904761905,-27,4043,10.520994387502029,17.267372763746145,0.6052631578947368,37.89473684210526,20.0,-28,6273,8.975272668867474,17.148397373152175,0.6607142857142857,37.089285714285715,21.428571428571427,-14
2025-05-18 16:07:41.957504,138,42678.042496,16.128055555555555,50,4,96,0,5.0,-7.299999999999997,4.300000000000004,-20.4,-8.799999999999997,-12.100000000000001,-0.5,-26.200000000000003,-14.600000000000001,0.0,0.0,0.0,0.0,0.0,1,31.3,19.5,52795.07,21935.27,100,0,-11.600000000000001,4.300000000000004,-15.399999999999999,8.100000000000001,0,0.0,0.0,0.0,0.0,0,32,15.8,18.4,0,-13.0,5.700000000000003,-17.5,10.200000000000003,0,0.0,0.0,0.0,0.0,0,15,19.5,22.7,0,-1.6290240163515648,4,287,2.6726124191242437,19.526538717492006,0.0,5.857142857142857,30.428571428571427,-6,1252,3.6343900738351143,128.15043100603668,0.14285714285714285,8.857142857142858,59.07142857142857,3,2128,7.9944500676443,98.07065443275866,0.125,14.208333333333334,54.125,10,4256,11.940443370499644,61.28797581034052,0.3235294117647059,25.58823529411765,34.411764705882355,29,6486,10.577846512388268,60.918451533672474,0.43010752688172044,25.021505376344088,37.75268817204301,13
2025-05-18 16:07:41.957504,138,42678.042496,16.128055555555555,12,5,95,0,5.0,-7.299999999999997,4.300000000000004,-20.4,-8.799999999999997,-12.100000000000001,-0.5,-26.200000000000003,-14.600000000000001,0.0,0.0,0.0,0.0,0.0,1,31.3,19.5,52795.07,21935.27,100,0,-11.600000000000001,4.300000000000004,-15.399999999999999,8.100000000000001,0,0.0,0.0,0.0,0.0,0,32,15.8,18.4,0,-13.0,5.700000000000003,-17.5,10.200000000000003,0,0.0,0.0,0.0,0.0,0,15,19.5,22.7,0,-2.671735710540119,5,287,2.6726124191242437,19.526538717492006,0.0,5.857142857142857,30.428571428571427,-6,1252,3.6343900738351143,128.15043100603668,0.14285714285714285,8.857142857142858,59.07142857142857,3,2128,7.9944500676443,98.07065443275866,0.125,14.208333333333334,54.125,10,4256,11.940443370499644,61.28797581034052,0.3235294117647059,25.58823529411765,34.411764705882355,29,6486,10.577846512388268,60.918451533672474,0.43010752688172044,25.021505376344088,37.75268817204301,13
2025-05-18 16:07:41.957504,138,42678.042496,16.128055555555555,9,3,97,0,5.0,-7.299999999999997,4.300000000000004,-20.4,-8.799999999999997,-12.100000000000001,-0.5,-26.200000000000003,-14.600000000000001,0.0,0.0,0.0,0.0,0.0,1,31.3,19.5,52795.07,21935.27,100,0,-11.600000000000001,4.300000000000004,-15.399999999999999,8.100000000000001,0,0.0,0.0,0.0,0.0,0,32,15.8,18.4,0,-13.0,5.700000000000003,-17.5,10.200000000000003,0,0.0,0.0,0.0,0.0,0,15,19.5,22.7,0,-0.6886543535620007,3,287,2.6726124191242437,19.526538717492006,0.0,5.857142857142857,30.428571428571427,-6,1252,3.6343900738351143,128.15043100603668,0.14285714285714285,8.857142857142858,59.07142857142857,3,2128,7.9944500676443,98.07065443275866,0.125,14.208333333333334,54.125,10,4256,11.940443370499644,61.28797581034052,0.3235294117647059,25.58823529411765,34.411764705882355,29,6486,10.577846512388268,60.918451533672474,0.43010752688172044,25.021505376344088,37.75268817204301,13
2025-05-18 16:07:41.957504,138,42678.042496,16.128055555555555,12,4,96,0,5.0,-7.299999999999997,4.300000000000004,-20.4,-8.799999999999997,-12.100000000000001,-0.5,-26.200000000000003,-14.600000000000001,0.0,0.0,0.0,0.0,0.0,1,31.3,19.5,52795.07,21935.27,100,0,-11.600000000000001,4.300000000000004,-15.399999999999999,8.100000000000001,0,0.0,0.0,0.0,0.0,0,32,15.8,18.4,0,-13.0,5.700000000000003,-17.5,10.200000000000003,0,0.0,0.0,0.0,0.0,0,15,19.5,22.7,0,-1.6919406150583285,4,287,2.6726124191242437,19.526538717492006,0.0,5.857142857142857,30.428571428571427,-6,1252,3.6343900738351143,128.15043100603668,0.14285714285714285,8.857142857142858,59.07142857142857,3,2128,7.9944500676443,98.07065443275866,0.125,14.208333333333334,54.125,10,4256,11.940443370499644,61.28797581034052,0.3235294117647059,25.58823529411765,34.411764705882355,29,6486,10.577846512388268,60.918451533672474,0.43010752688172044,25.021505376344088,37.75268817204301,13
2025-05-18 16:07:41.957504,138,42678.042496,16.128055555555555,50,9,91,0,5.0,-7.299999999999997,4.300000000000004,-20.4,-8.799999999999997,-12.100000000000001,-0.5,-26.200000000000003,-14.600000000000001,0.0,0.0,0.0,0.0,0.0,1,31.3,19.5,52795.07,21935.27,100,0,-11.600000000000001,4.300000000000004,-15.399999999999999,8.100000000000001,0,0.0,0.0,0.0,0.0,0,32,15.8,18.4,0,-13.0,5.700000000000003,-17.5,10.200000000000003,0,0.0,0.0,0.0,0.0,0,15,19.5,22.7,0,-6.702774813233731,9,287,2.6726124191242437,19.526538717492006,0.0,5.857142857142857,30.428571428571427,-6,1252,3.6343900738351143,128.15043100603668,0.14285714285714285,8.857142857142858,59.07142857142857,3,2128,7.9944500676443,98.07065443275866,0.125,14.208333333333334,54.125,10,4256,11.940443370499644,61.28797581034052,0.3235294117647059,25.58823529411765,34.411764705882355,29,6486,10.577846512388268,60.918451533672474,0.43010752688172044,25.021505376344088,37.75268817204301,13
2025-05-18 16:07:41.957504,138,42678.042496,16.128055555555555,30,6,94,0,5.0,-7.299999999999997,4.300000000000004,-20.4,-8.799999999999997,-12.100000000000001,-0.5,-26.200000000000003,-14.600000000000001,0.0,0.0,0.0,0.0,0.0,1,31.3,19.5,52795.07,21935.27,100,0,-11.600000000000001,4.300000000000004,-15.399999999999999,8.100000000000001,0,0.0,0.0,0.0,0.0,0,32,15.8,18.4,0,-13.0,5.700000000000003,-17.5,10.200000000000003,0,0.0,0.0,0.0,0.0,0,15,19.5,22.7,0,-3.88651315789474,6,287,2.6726124191242437,19.526538717492006,0.0,5.857142857142857,30.428571428571427,-6,1252,3.6343900738351143,128.15043100603668,0.14285714285714285,8.857142857142858,59.07142857142857,3,2128,7.9944500676443,98.07065443275866,0.125,14.208333333333334,54.125,10,4256,11.940443370499644,61.28797581034052,0.3235294117647059,25.58823529411765,34.411764705882355,29,6486,10.577846512388268,60.918451533672474,0.43010752688172044,25.021505376344088,37.75268817204301,13
2025-05-18 16:07:41.957504,138,42678.042496,16.128055555555555,50,10,90,0,5.0,-7.299999999999997,4.300000000000004,-20.4,-8.799999999999997,-12.100000000000001,-0.5,-26.200000000000003,-14.600000000000001,0.0,0.0,0.0,0.0,0.0,1,31.3,19.5,52795.07,21935.27,100,0,-11.600000000000001,4.300000000000004,-15.399999999999999,8.100000000000001,0,0.0,0.0,0.0,0.0,0,32,15.8,18.4,0,-13.0,5.700000000000003,-17.5,10.200000000000003,0,0.0,0.0,0.0,0.0,0,15,19.5,22.7,0,-7.9515050167224075,10,287,2.6726124191242437,19.526538717492006,0.0,5.857142857142857,30.428571428571427,-6,1252,3.6343900738351143,128.15043100603668,0.14285714285714285,8.857142857142858,59.07142857142857,3,2128,7.9944500676443,98.07065443275866,0.125,14.208333333333334,54.125,10,4256,11.940443370499644,61.28797581034052,0.3235294117647059,25.58823529411765,34.411764705882355,29,6486,10.577846512388268,60.918451533672474,0.43010752688172044,25.021505376344088,37.75268817204301,13
2025-05-18 16:07:52.273200,138,42667.7268,16.13111111111111,21,25,75,0,3.0,-5.299999999999997,4.300000000000004,-18.4,-8.799999999999997,-10.100000000000001,-0.5,-24.200000000000003,-14.600000000000001,0.0,0.0,0.0,0.0,0.0,1,31.3,19.5,52795.07,21935.27,100,0,-9.600000000000001,4.300000000000004,-13.399999999999999,8.100000000000001,0,0.0,0.0,0.0,0.0,0,32,15.8,18.4,0,-11.0,5.700000000000003,-15.5,10.200000000000003,0,0.0,0.0,0.0,0.0,0,15,19.5,22.7,0,-9.690113325517785,25,421,2.6299556396765835,18.138357147217054,0.0,27.25,33.5,-4,1386,3.693623849670827,33.801680008966585,0.25,30.25,36.375,3,2057,4.991017572625488,26.693896354112535,0.5384615384615384,33.07692307692308,40.30769230769231,7,4390,6.113645938935838,25.62472764082902,0.6,34.72,27.72,-1,6620,7.407358875958514,24.327861138748034,0.6333333333333333,32.6,27.5,-8
2025-05-18 16:07:52.273200,138,42667.7268,16.13111111111111,15,30,70,0,3.0,-5.299999999999997,4.300000000000004,-18.4,-8.799999999999997,-10.100000000000001,-0.5,-24.200000000000003,-14.600000000000001,0.0,0.0,0.0,0.0,0.0,1,31.3,19.5,52795.07,21935.27,100,0,-9.600000000000001,4.300000000000004,-13.399999999999999,8.100000000000001,0,0.0,0.0,0.0,0.0,0,32,15.8,18.4,0,-11.0,5.700000000000003,-15.5,10.200000000000003,0,0.0,0.0,0.0,0.0,0,15,19.5,22.7,0,-14.770291568163913,30,421,2.6299556396765835,18.138357147217054,0.0,27.25,33.5,-4,1386,3.693623849670827,33.801680008966585,0.25,30.25,36.375,3,2057,4.991017572625488,26.693896354112535,0.5384615384615384,33.07692307692308,40.30769230769231,7,4390,6.113645938935838,25.62472764082902,0.6,34.72,27.72,-1,6620,7.407358875958514,24.327861138748034,0.6333333333333333,32.6,27.5,-8
2025-05-18 16:07:52.273200,138,42667.7268,16.13111111111111,51,25,75,0,3.0,-5.299999999999997,4.300000000000004,-18.4,-8.799999999999997,-10.100000000000001,-0.5,-24.200000000000003,-14.600000000000001,0.0,0.0,0.0,0.0,0.0,1,31.3,19.5,52795.07,21935.27,100,0,-9.600000000000001,4.300000000000004,-13.399999999999999,8.100000000000001,0,0.0,0.0,0.0,0.0,0,32,15.8,18.4,0,-11.0,5.700000000000003,-15.5,10.200000000000003,0,0.0,0.0,0.0,0.0,0,15,19.5,22.7,0,-9.858105430043594,25,421,2.6299556396765835,18.138357147217054,0.0,27.25,33.5,-4,1386,3.693623849670827,33.801680008966585,0.25,30.25,36.375,3,2057,4.991017572625488,26.693896354112535,0.5384615384615384,33.07692307692308,40.30769230769231,7,4390,6.113645938935838,25.62472764082902,0.6,34.72,27.72,-1,6620,7.407358875958514,24.327861138748034,0.6333333333333333,32.6,27.5,-8
2025-05-18 16:07:52.273200,138,42667.7268,16.13111111111111,47,29,71,0,3.0,-5.299999999999997,4.300000000000004,-18.4,-8.799999999999997,-10.100000000000001,-0.5,-24.200000000000003,-14.600000000000001,0.0,0.0,0.0,0.0,0.0,1,31.3,19.5,52795.07,21935.27,100,0,-9.600000000000001,4.300000000000004,-13.399999999999999,8.100000000000001,0,0.0,0.0,0.0,0.0,0,32,15.8,18.4,0,-11.0,5.700000000000003,-15.5,10.200000000000003,0,0.0,0.0,0.0,0.0,0,15,19.5,22.7,0,-14.061488673139166,29,421,2.6299556396765835,18.138357147217054,0.0,27.25,33.5,-4,1386,3.693623849670827,33.801680008966585,0.25,30.25,36.375,3,2057,4.991017572625488,26.693896354112535,0.5384615384615384,33.07692307692308,40.30769230769231,7,4390,6.113645938935838,25.62472764082902,0.6,34.72,27.72,-1,6620,7.407358875958514,24.327861138748034,0.6333333333333333,32.6,27.5,-8
2025-05-18 16:08:58.977841,138,42601.022159,16.149444444444445,13,49,51,0,1.0,-3.299999999999997,4.300000000000004,-16.4,-8.799999999999997,-8.100000000000001,-0.5,-22.200000000000003,-14.600000000000001,0.0,0.0,0.0,0.0,0.0,1,31.3,19.5,52795.07,21935.27,100,0,-7.600000000000001,4.300000000000004,-11.399999999999999,8.100000000000001,0,0.0,0.0,0.0,0.0,0,32,15.8,18.4,0,-9.0,5.700000000000003,-13.5,10.200000000000003,0,0.0,0.0,0.0,0.0,0,15,19.5,22.7,0,43.594804346050154,-51,434,6.2915286960589585,19.93949180228356,0.75,55.25,21.75,5,695,4.824704942043376,17.91259643689633,0.8888888888888888,52.55555555555556,19.88888888888889,0,1970,10.728143995727947,16.320385361717975,0.5909090909090909,41.95454545454545,20.545454545454547,-22,4369,10.532835362936519,17.075485343910273,0.5897435897435898,38.17948717948718,19.82051282051282,-23,6621,9.03359782834673,17.031225928910814,0.6491228070175439,37.29824561403509,21.280701754385966,-9
2025-05-18 16:10:47.116935,138,42492.883065,16.179722222222225,1,37,63,1,3.0,-5.299999999999997,4.300000000000004,-18.4,-8.799999999999997,-10.100000000000001,-0.5,-24.200000000000003,-14.600000000000001,0.0,0.0,0.0,0.0,0.0,1,31.3,19.5,52795.07,21935.27,100,0,-9.600000000000001,4.300000000000004,-13.399999999999999,8.100000000000001,0,0.0,0.0,0.0,0.0,0,32,15.8,18.4,0,-11.0,5.700000000000003,-15.5,10.200000000000003,0,0.0,0.0,0.0,0.0,0,15,19.5,22.7,0,-22.3340206185567,-37,14,,,1.0,37.0,1.0,0,435,4.919349550499537,21.400934559032695,0.2,29.2,27.0,-12,1971,5.19542339395205,29.57412361979283,0.5,32.916666666666664,35.416666666666664,0,4370,5.964617897792504,26.13267431141839,0.6,35.08,26.4,-12,6622,7.325606877865632,24.38790463473888,0.6451612903225806,32.74193548387097,26.64516129032258,-16
2025-05-18 16:12:22.831574,138,42397.168426,16.20611111111111,25,24,76,0,3.0,-5.299999999999997,4.300000000000004,-18.4,-8.799999999999997,-10.100000000000001,-0.5,-24.200000000000003,-14.600000000000001,0.0,0.0,0.0,0.0,0.0,1,31.3,19.5,52795.07,21935.27,100,0,-9.600000000000001,4.300000000000004,-13.399999999999999,8.100000000000001,0,0.0,0.0,0.0,0.0,0,32,15.8,18.4,0,-11.0,5.700000000000003,-15.5,10.200000000000003,0,0.0,0.0,0.0,0.0,0,15,19.5,22.7,0,-9.343234323432341,24,129,6.683312551921141,47.85655649960619,0.25,27.0,32.25,13,563,4.703721930556695,33.51092572366724,0.125,27.125,32.875,1,2049,5.993647430722758,33.07538287580285,0.4,31.066666666666666,36.86666666666667,13,4498,6.676183683170242,28.974719869817406,0.5357142857142857,33.857142857142854,28.142857142857142,1,6750,7.458739744351926,27.031901665714976,0.5882352941176471,31.941176470588236,28.058823529411764,-3
2025-05-18 16:12:22.831574,138,42397.168426,16.20611111111111,102,23,77,0,3.0,-5.299999999999997,4.300000000000004,-18.4,-8.799999999999997,-10.100000000000001,-0.5,-24.200000000000003,-14.600000000000001,0.0,0.0,0.0,0.0,0.0,1,31.3,19.5,52795.07,21935.27,100,0,-9.600000000000001,4.300000000000004,-13.399999999999999,8.100000000000001,0,0.0,0.0,0.0,0.0,0,32,15.8,18.4,0,-11.0,5.700000000000003,-15.5,10.200000000000003,0,0.0,0.0,0.0,0.0,0,15,19.5,22.7,0,-8.440600250104211,23,129,6.683312551921141,47.85655649960619,0.25,27.0,32.25,13,563,4.703721930556695,33.51092572366724,0.125,27.125,32.875,1,2049,5.993647430722758,33.07538287580285,0.4,31.066666666666666,36.86666666666667,13,4498,6.676183683170242,28.974719869817406,0.5357142857142857,33.857142857142854,28.142857142857142,1,6750,7.458739744351926,27.031901665714976,0.5882352941176471,31.941176470588236,28.058823529411764,-3
2025-05-18 16:12:22.831574,138,42397.168426,16.20611111111111,1,24,76,0,3.0,-5.299999999999997,4.300000000000004,-18.4,-8.799999999999997,-10.100000000000001,-0.5,-24.200000000000003,-14.600000000000001,0.0,0.0,0.0,0.0,0.0,1,31.3,19.5,52795.07,21935.27,100,0,-9.600000000000001,4.300000000000004,-13.399999999999999,8.100000000000001,0,0.0,0.0,0.0,0.0,0,32,15.8,18.4,0,-11.0,5.700000000000003,-15.5,10.200000000000003,0,0.0,0.0,0.0,0.0,0,15,19.5,22.7,0,-9.81541140618198,24,129,6.683312551921141,47.85655649960619,0.25,27.0,32.25,13,563,4.703721930556695,33.51092572366724,0.125,27.125,32.875,1,2049,5.993647430722758,33.07538287580285,0.4,31.066666666666666,36.86666666666667,13,4498,6.676183683170242,28.974719869817406,0.5357142857142857,33.857142857142854,28.142857142857142,1,6750,7.458739744351926,27.031901665714976,0.5882352941176471,31.941176470588236,28.058823529411764,-3
2025-05-18 16:12:59.022103,138,42360.977897,16.21638888888889,34,73,27,1,1.0,-3.299999999999997,4.300000000000004,-16.4,-8.799999999999997,-8.100000000000001,-0.5,-22.200000000000003,-14.600000000000001,0.0,0.0,0.0,0.0,0.0,1,31.3,19.5,52795.07,21935.27,100,0,-7.600000000000001,4.300000000000004,-11.399999999999999,8.100000000000001,0,0.0,0.0,0.0,0.0,0,32,15.8,18.4,0,-9.0,5.700000000000003,-13.5,10.200000000000003,0,0.0,0.0,0.0,0.0,0,15,19.5,22.7,0,19.641151455675498,27,278,6.58027355054484,13.546217184144066,1.0,65.6,30.0,10,292,8.975893641675277,13.963046467969182,0.8333333333333334,62.833333333333336,27.166666666666668,-14,2112,13.683229488347012,16.042766917535467,0.6666666666666666,46.333333333333336,22.296296296296298,-36,4643,13.400068631296902,16.89432082416859,0.6363636363636364,41.29545454545455,20.977272727272727,-37,6900,11.752290864361296,16.853750796707065,0.6774193548387096,39.58064516129032,21.983870967741936,-23
2025-05-18 16:12:59.022103,138,42360.977897,16.21638888888889,25,58,42,1,1.0,-3.299999999999997,4.300000000000004,-16.4,-8.799999999999997,-8.100000000000001,-0.5,-22.200000000000003,-14.600000000000001,0.0,0.0,0.0,0.0,0.0,1,31.3,19.5,52795.07,21935.27,100,0,-7.600000000000001,4.300000000000004,-11.399999999999999,8.100000000000001,0,0.0,0.0,0.0,0.0,0,32,15.8,18.4,0,-9.0,5.700000000000003,-13.5,10.200000000000003,0,0.0,0.0,0.0,0.0,0,15,19.5,22.7,0,34.69591602427424,42,278,6.58027355054484,13.546217184144066,1.0,65.6,30.0,10,292,8.975893641675277,13.963046467969182,0.8333333333333334,62.833333333333336,27.166666666666668,-14,2112,13.683229488347012,16.042766917535467,0.6666666666666666,46.333333333333336,22.296296296296298,-36,4643,13.400068631296902,16.89432082416859,0.6363636363636364,41.29545454545455,20.977272727272727,-37,6900,11.752290864361296,16.853750796707065,0.6774193548387096,39.58064516129032,21.983870967741936,-23
2025-05-18 16:12:59.022103,138,42360.977897,16.21638888888889,50,62,38,1,1.0,-3.299999999999997,4.300000000000004,-16.4,-8.799999999999997,-8.100000000000001,-0.5,-22.200000000000003,-14.600000000000001,0.0,0.0,0.0,0.0,0.0,1,31.3,19.5,52795.07,21935.27,100,0,-7.600000000000001,4.300000000000004,-11.399999999999999,8.100000000000001,0,0.0,0.0,0.0,0.0,0,32,15.8,18.4,0,-9.0,5.700000000000003,-13.5,10.200000000000003,0,0.0,0.0,0.0,0.0,0,15,19.5,22.7,0,30.76719533240201,38,278,6.58027355054484,13.546217184144066,1.0,65.6,30.0,10,292,8.975893641675277,13.963046467969182,0.8333333333333334,62.833333333333336,27.166666666666668,-14,2112,13.683229488347012,16.042766917535467,0.6666666666666666,46.333333333333336,22.296296296296298,-36,4643,13.400068631296902,16.89432082416859,0.6363636363636364,41.29545454545455,20.977272727272727,-37,6900,11.752290864361296,16.853750796707065,0.6774193548387096,39.58064516129032,21.983870967741936,-23
2025-05-18 16:12:59.022103,138,42360.977897,16.21638888888889,13,72,28,1,1.0,-3.299999999999997,4.300000000000004,-16.4,-8.799999999999997,-8.100000000000001,-0.5,-22.200000000000003,-14.600000000000001,0.0,0.0,0.0,0.0,0.0,1,31.3,19.5,52795.07,21935.27,100,0,-7.600000000000001,4.300000000000004,-11.399999999999999,8.100000000000001,0,0.0,0.0,0.0,0.0,0,32,15.8,18.4,0,-9.0,5.700000000000003,-13.5,10.200000000000003,0,0.0,0.0,0.0,0.0,0,15,19.5,22.7,0,20.89413317930523,28,278,6.58027355054484,13.546217184144066,1.0,65.6,30.0,10,292,8.975893641675277,13.963046467969182,0.8333333333333334,62.833333333333336,27.166666666666668,-14,2112,13.683229488347012,16.042766917535467,0.6666666666666666,46.333333333333336,22.296296296296298,-36,4643,13.400068631296902,16.89432082416859,0.6363636363636364,41.29545454545455,20.977272727272727,-37,6900,11.752290864361296,16.853750796707065,0.6774193548387096,39.58064516129032,21.983870967741936,-23
2025-05-18 16:12:59.022103,138,42360.977897,16.21638888888889,28,63,37,1,1.0,-3.299999999999997,4.300000000000004,-16.4,-8.799999999999997,-8.100000000000001,-0.5,-22.200000000000003,-14.600000000000001,0.0,0.0,0.0,0.0,0.0,1,31.3,19.5,52795.07,21935.27,100,0,-7.600000000000001,4.300000000000004,-11.399999999999999,8.100000000000001,0,0.0,0.0,0.0,0.0,0,32,15.8,18.4,0,-9.0,5.700000000000003,-13.5,10.200000000000003,0,0.0,0.0,0.0,0.0,0,15,19.5,22.7,0,29.91657029572113,37,278,6.58027355054484,13.546217184144066,1.0,65.6,30.0,10,292,8.975893641675277,13.963046467969182,0.8333333333333334,62.833333333333336,27.166666666666668,-14,2112,13.683229488347012,16.042766917535467,0.6666666666666666,46.333333333333336,22.296296296296298,-36,4643,13.400068631296902,16.89432082416859,0.6363636363636364,41.29545454545455,20.977272727272727,-37,6900,11.752290864361296,16.853750796707065,0.6774193548387096,39.58064516129032,21.983870967741936,-23
2025-05-18 16:17:19.406528,138,42100.593472,16.288611111111113,24,3,97,0,5.0,-7.299999999999997,4.300000000000004,-20.4,-8.799999999999997,-12.100000000000001,-0.5,-26.200000000000003,-14.600000000000001,0.0,0.0,0.0,0.0,0.0,1,31.3,19.5,52795.07,21935.27,100,0,-11.600000000000001,4.300000000000004,-15.399999999999999,8.100000000000001,0,0.0,0.0,0.0,0.0,0,32,15.8,18.4,0,-13.0,5.700000000000003,-17.5,10.200000000000003,0,0.0,0.0,0.0,0.0,0,15,19.5,22.7,0,-1.1794724770642233,3,24,,,0.0,3.0,24.0,0,302,,,0.0,3.0,24.0,0,1713,3.8147583085145715,123.8204152718575,0.13333333333333333,8.466666666666667,56.733333333333334,10,4472,12.028017021653795,62.1054915010909,0.3333333333333333,24.606060606060606,34.984848484848484,25,6342,10.878883010521681,55.11971508382569,0.41304347826086957,24.815217391304348,34.71739130434783,14
2025-05-18 16:17:26.353834,138,42093.646166,16.290555555555557,13,48,52,0,1.0,-3.299999999999997,4.300000000000004,-16.4,-8.799999999999997,-8.100000000000001,-0.5,-22.200000000000003,-14.600000000000001,0.0,0.0,0.0,0.0,0.0,1,31.3,19.5,52795.07,21935.27,100,0,-7.600000000000001,4.300000000000004,-11.399999999999999,8.100000000000001,0,0.0,0.0,0.0,0.0,0,32,15.8,18.4,0,-9.0,5.700000000000003,-13.5,10.200000000000003,0,0.0,0.0,0.0,0.0,0,15,19.5,22.7,0,44.985924821990395,-52,104,0.9574271077563381,10.132456102380443,0.0,47.25,20.0,1,254,10.748384891590819,12.570909982088718,0.5555555555555556,57.44444444444444,25.555555555555557,26,1782,9.194645288225349,15.359203701361634,0.782608695652174,52.21739130434783,22.217391304347824,-5,4552,12.76582091269023,16.589109401189617,0.6086956521739131,42.47826086956522,21.152173913043477,-18,6422,11.535139381881807,16.478318028092705,0.6363636363636364,40.04545454545455,21.863636363636363,-7
2025-05-18 16:17:26.353834,138,42093.646166,16.290555555555557,17,46,54,0,1.0,-3.299999999999997,4.300000000000004,-16.4,-8.799999999999997,-8.100000000000001,-0.5,-22.200000000000003,-14.600000000000001,0.0,0.0,0.0,0.0,0.0,1,31.3,19.5,52795.07,21935.27,100,0,-7.600000000000001,4.300000000000004,-11.399999999999999,8.100000000000001,0,0.0,0.0,0.0,0.0,0,32,15.8,18.4,0,-9.0,5.700000000000003,-13.5,10.200000000000003,0,0.0,0.0,0.0,0.0,0,15,19.5,22.7,0,47.03439701616246,-54,104,0.9574271077563381,10.132456102380443,0.0,47.25,20.0,1,254,10.748384891590819,12.570909982088718,0.5555555555555556,57.44444444444444,25.555555555555557,26,1782,9.194645288225349,15.359203701361634,0.782608695652174,52.21739130434783,22.217391304347824,-5,4552,12.76582091269023,16.589109401189617,0.6086956521739131,42.47826086956522,21.152173913043477,-18,6422,11.535139381881807,16.478318028092705,0.6363636363636364,40.04545454545455,21.863636363636363,-7
2025-05-18 16:17:26.353834,138,42093.646166,16.290555555555557,15,48,52,0,1.0,-3.299999999999997,4.300000000000004,-16.4,-8.799999999999997,-8.100000000000001,-0.5,-22.200000000000003,-14.600000000000001,0.0,0.0,0.0,0.0,0.0,1,31.3,19.5,52795.07,21935.27,100,0,-7.600000000000001,4.300000000000004,-11.399999999999999,8.100000000000001,0,0.0,0.0,0.0,0.0,0,32,15.8,18.4,0,-9.0,5.700000000000003,-13.5,10.200000000000003,0,0.0,0.0,0.0,0.0,0,15,19.5,22.7,0,45.10076361221779,-52,104,0.9574271077563381,10.132456102380443,0.0,47.25,20.0,1,254,10.748384891590819,12.570909982088718,0.5555555555555556,57.44444444444444,25.555555555555557,26,1782,9.194645288225349,15.359203701361634,0.782608695652174,52.21739130434783,22.217391304347824,-5,4552,12.76582091269023,16.589109401189617,0.6086956521739131,42.47826086956522,21.152173913043477,-18,6422,11.535139381881807,16.478318028092705,0.6363636363636364,40.04545454545455,21.863636363636363,-7
2025-05-18 16:17:26.353834,138,42093.646166,16.290555555555557,35,47,53,0,1.0,-3.299999999999997,4.300000000000004,-16.4,-8.799999999999997,-8.100000000000001,-0.5,-22.200000000000003,-14.600000000000001,0.0,0.0,0.0,0.0,0.0,1,31.3,19.5,52795.07,21935.27,100,0,-7.600000000000001,4.300000000000004,-11.399999999999999,8.100000000000001,0,0.0,0.0,0.0,0.0,0,32,15.8,18.4,0,-9.0,5.700000000000003,-13.5,10.200000000000003,0,0.0,0.0,0.0,0.0,0,15,19.5,22.7,0,46.15698495803208,-53,104,0.9574271077563381,10.132456102380443,0.0,47.25,20.0,1,254,10.748384891590819,12.570909982088718,0.5555555555555556,57.44444444444444,25.555555555555557,26,1782,9.194645288225349,15.359203701361634,0.782608695652174,52.21739130434783,22.217391304347824,-5,4552,12.76582091269023,16.589109401189617,0.6086956521739131,42.47826086956522,21.152173913043477,-18,6422,11.535139381881807,16.478318028092705,0.6363636363636364,40.04545454545455,21.863636363636363,-7
2025-05-18 16:17:27.788863,138,42092.211137,16.290833333333335,29,68,32,1,1.0,-3.299999999999997,4.300000000000004,-16.4,-8.799999999999997,-8.100000000000001,-0.5,-22.200000000000003,-14.600000000000001,0.0,0.0,0.0,0.0,0.0,1,31.3,19.5,52795.07,21935.27,100,0,-7.600000000000001,4.300000000000004,-11.399999999999999,8.100000000000001,0,0.0,0.0,0.0,0.0,0,32,15.8,18.4,0,-9.0,5.700000000000003,-13.5,10.200000000000003,0,0.0,0.0,0.0,0.0,0,15,19.5,22.7,0,25.291631938656437,32,242,12.988318927845459,15.087838053971057,0.5,59.125,27.25,-27,392,11.117092407178397,13.996336517011725,0.6923076923076923,61.61538461538461,28.307692307692307,-2,1920,10.940397967729862,15.895043933642388,0.8148148148148148,55.0,24.037037037037038,-33,4690,14.55259286806559,16.845383307467664,0.64,44.76,22.22,-46,6560,13.358266026005474,16.645052237081003,0.6571428571428571,41.81428571428572,22.585714285714285,-35
2025-05-18 16:17:27.788863,138,42092.211137,16.290833333333335,50,67,33,1,1.0,-3.299999999999997,4.300000000000004,-16.4,-8.799999999999997,-8.100000000000001,-0.5,-22.200000000000003,-14.600000000000001,0.0,0.0,0.0,0.0,0.0,1,31.3,19.5,52795.07,21935.27,100,0,-7.600000000000001,4.300000000000004,-11.399999999999999,8.100000000000001,0,0.0,0.0,0.0,0.0,0,32,15.8,18.4,0,-9.0,5.700000000000003,-13.5,10.200000000000003,0,0.0,0.0,0.0,0.0,0,15,19.5,22.7,0,26.352911688528692,33,242,12.988318927845459,15.087838053971057,0.5,59.125,27.25,-27,392,11.117092407178397,13.996336517011725,0.6923076923076923,61.61538461538461,28.307692307692307,-2,1920,10.940397967729862,15.895043933642388,0.8148148148148148,55.0,24.037037037037038,-33,4690,14.55259286806559,16.845383307467664,0.64,44.76,22.22,-46,6560,13.358266026005474,16.645052237081003,0.6571428571428571,41.81428571428572,22.585714285714285,-35
2025-05-18 16:17:27.788863,138,42092.211137,16.290833333333335,13,74,26,1,1.0,-3.299999999999997,4.300000000000004,-16.4,-8.799999999999997,-8.100000000000001,-0.5,-22.200000000000003,-14.600000000000001,0.0,0.0,0.0,0.0,0.0,1,31.3,19.5,52795.07,21935.27,100,0,-7.600000000000001,4.300000000000004,-11.399999999999999,8.100000000000001,0,0.0,0.0,0.0,0.0,0,32,15.8,18.4,0,-9.0,5.700000000000003,-13.5,10.200000000000003,0,0.0,0.0,0.0,0.0,0,15,19.5,22.7,0,19.463461699807027,26,242,12.988318927845459,15.087838053971057,0.5,59.125,27.25,-27,392,11.117092407178397,13.996336517011725,0.6923076923076923,61.61538461538461,28.307692307692307,-2,1920,10.940397967729862,15.895043933642388,0.8148148148148148,55.0,24.037037037037038,-33,4690,14.55259286806559,16.845383307467664,0.64,44.76,22.22,-46,6560,13.358266026005474,16.645052237081003,0.6571428571428571,41.81428571428572,22.585714285714285,-35
2025-05-18 16:17:27.788863,138,42092.211137,16.290833333333335,46,75,25,1,1.0,-3.299999999999997,4.300000000000004,-16.4,-8.799999999999997,-8.100000000000001,-0.5,-22.200000000000003,-14.600000000000001,0.0,0.0,0.0,0.0,0.0,1,31.3,19.5,52795.07,21935.27,100,0,-7.600000000000001,4.300000000000004,-11.399999999999999,8.100000000000001,0,0.0,0.0,0.0,0.0,0,32,15.8,18.4,0,-9.0,5.700000000000003,-13.5,10.200000000000003,0,0.0,0.0,0.0,0.0,0,15,19.5,22.7,0,18.484713589786665,25,242,12.988318927845459,15.087838053971057,0.5,59.125,27.25,-27,392,11.117092407178397,13.996336517011725,0.6923076923076923,61.61538461538461,28.307692307692307,-2,1920,10.940397967729862,15.895043933642388,0.8148148148148148,55.0,24.037037037037038,-33,4690,14.55259286806559,16.845383307467664,0.64,44.76,22.22,-46,6560,13.358266026005474,16.645052237081003,0.6571428571428571,41.81428571428572,22.585714285714285,-35
2025-05-18 16:17:53.555677,138,42066.444323,16.298055555555557,9,38,62,1,3.0,-5.299999999999997,4.300000000000004,-18.4,-8.799999999999997,-10.100000000000001,-0.5,-24.200000000000003,-14.600000000000001,0.0,0.0,0.0,0.0,0.0,1,31.3,19.5,52795.07,21935.27,100,0,-9.600000000000001,4.300000000000004,-13.399999999999999,8.100000000000001,0,0.0,0.0,0.0,0.0,0,32,15.8,18.4,0,-11.0,5.700000000000003,-15.5,10.200000000000003,0,0.0,0.0,0.0,0.0,0,15,19.5,22.7,0,-23.819686411149824,-38,302,0.5773502691896258,26.28687885618983,1.0,37.666666666666664,20.0,1,452,0.5773502691896258,26.28687885618983,1.0,37.666666666666664,20.0,1,1980,5.553205852306867,34.67811166386412,0.4,30.866666666666667,32.0,-5,4750,6.29997263267181,29.08561339225874,0.5862068965517241,34.758620689655174,26.482758620689655,-2,6520,7.157857265615223,27.02356408531295,0.6388888888888888,32.72222222222222,27.11111111111111,-11
2025-05-18 16:17:53.555677,138,42066.444323,16.298055555555557,1,38,62,1,3.0,-5.299999999999997,4.300000000000004,-18.4,-8.799999999999997,-10.100000000000001,-0.5,-24.200000000000003,-14.600000000000001,0.0,0.0,0.0,0.0,0.0,1,31.3,19.5,52795.07,21935.27,100,0,-9.600000000000001,4.300000000000004,-13.399999999999999,8.100000000000001,0,0.0,0.0,0.0,0.0,0,32,15.8,18.4,0,-11.0,5.700000000000003,-15.5,10.200000000000003,0,0.0,0.0,0.0,0.0,0,15,19.5,22.7,0,-23.913423699169215,-38,302,0.5773502691896258,26.28687885618983,1.0,37.666666666666664,20.0,1,452,0.5773502691896258,26.28687885618983,1.0,37.666666666666664,20.0,1,1980,5.553205852306867,34.67811166386412,0.4,30.866666666666667,32.0,-5,4750,6.29997263267181,29.08561339225874,0.5862068965517241,34.758620689655174,26.482758620689655,-2,6520,7.157857265615223,27.02356408531295,0.6388888888888888,32.72222222222222,27.11111111111111,-11
2025-05-18 16:17:53.555677,138,42066.444323,16.298055555555557,50,37,63,1,3.0,-5.299999999999997,4.300000000000004,-18.4,-8.799999999999997,-10.100000000000001,-0.5,-24.200000000000003,-14.600000000000001,0.0,0.0,0.0,0.0,0.0,1,31.3,19.5,52795.07,21935.27,100,0,-9.600000000000001,4.300000000000004,-13.399999999999999,8.100000000000001,0,0.0,0.0,0.0,0.0,0,32,15.8,18.4,0,-11.0,5.700000000000003,-15.5,10.200000000000003,0,0.0,0.0,0.0,0.0,0,15,19.5,22.7,0,-22.923884514435695,-37,302,0.5773502691896258,26.28687885618983,1.0,37.666666666666664,20.0,1,452,0.5773502691896258,26.28687885618983,1.0,37.666666666666664,20.0,1,1980,5.553205852306867,34.67811166386412,0.4,30.866666666666667,32.0,-5,4750,6.29997263267181,29.08561339225874,0.5862068965517241,34.758620689655174,26.482758620689655,-2,6520,7.157857265615223,27.02356408531295,0.6388888888888888,32.72222222222222,27.11111111111111,-11
2025-05-18 16:18:54.672134,138,42005.327866,16.315,50,8,92,1,5.0,-7.299999999999997,4.300000000000004,-20.4,-8.799999999999997,-12.100000000000001,-0.5,-26.200000000000003,-14.600000000000001,0.0,0.0,0.0,0.0,0.0,1,31.3,19.5,52795.07,21935.27,100,0,-11.600000000000001,4.300000000000004,-15.399999999999999,8.100000000000001,0,0.0,0.0,0.0,0.0,0,32,15.8,18.4,0,-13.0,5.700000000000003,-17.5,10.200000000000003,0,0.0,0.0,0.0,0.0,0,15,19.5,22.7,0,-6.19593023255814,-8,386,2.345207879911715,17.86896751354146,0.8,6.0,21.6,-1,386,2.345207879911715,17.86896751354146,0.8,6.0,21.6,-1,1360,3.14223270519966,18.671980536163193,0.42857142857142855,6.785714285714286,23.785714285714285,8,4834,12.404408820175744,60.51932087158417,0.37142857142857144,23.585714285714285,34.18571428571428,24,6519,11.253829757488173,54.14074818503239,0.4375,24.0625,34.145833333333336,13
2025-05-18 16:18:54.672134,138,42005.327866,16.315,19,8,92,1,5.0,-7.299999999999997,4.300000000000004,-20.4,-8.799999999999997,-12.100000000000001,-0.5,-26.200000000000003,-14.600000000000001,0.0,0.0,0.0,0.0,0.0,1,31.3,19.5,52795.07,21935.27,100,0,-11.600000000000001,4.300000000000004,-15.399999999999999,8.100000000000001,0,0.0,0.0,0.0,0.0,0,32,15.8,18.4,0,-13.0,5.700000000000003,-17.5,10.200000000000003,0,0.0,0.0,0.0,0.0,0,15,19.5,22.7,0,-6.381437125748503,-8,386,2.345207879911715,17.86896751354146,0.8,6.0,21.6,-1,386,2.345207879911715,17.86896751354146,0.8,6.0,21.6,-1,1360,3.14223270519966,18.671980536163193,0.42857142857142855,6.785714285714286,23.785714285714285,8,4834,12.404408820175744,60.51932087158417,0.37142857142857144,23.585714285714285,34.18571428571428,24,6519,11.253829757488173,54.14074818503239,0.4375,24.0625,34.145833333333336,13
2025-05-18 16:18:54.672134,138,42005.327866,16.315,13,7,93,1,5.0,-7.299999999999997,4.300000000000004,-20.4,-8.799999999999997,-12.100000000000001,-0.5,-26.200000000000003,-14.600000000000001,0.0,0.0,0.0,0.0,0.0,1,31.3,19.5,52795.07,21935.27,100,0,-11.600000000000001,4.300000000000004,-15.399999999999999,8.100000000000001,0,0.0,0.0,0.0,0.0,0,32,15.8,18.4,0,-13.0,5.700000000000003,-17.5,10.200000000000003,0,0.0,0.0,0.0,0.0,0,15,19.5,22.7,0,-5.454875832828589,-7,386,2.345207879911715,17.86896751354146,0.8,6.0,21.6,-1,386,2.345207879911715,17.86896751354146,0.8,6.0,21.6,-1,1360,3.14223270519966,18.671980536163193,0.42857142857142855,6.785714285714286,23.785714285714285,8,4834,12.404408820175744,60.51932087158417,0.37142857142857144,23.585714285714285,34.18571428571428,24,6519,11.253829757488173,54.14074818503239,0.4375,24.0625,34.145833333333336,13
2025-05-18 16:18:54.672134,138,42005.327866,16.315,2,4,96,1,5.0,-7.299999999999997,4.300000000000004,-20.4,-8.799999999999997,-12.100000000000001,-0.5,-26.200000000000003,-14.600000000000001,0.0,0.0,0.0,0.0,0.0,1,31.3,19.5,52795.07,21935.27,100,0,-11.600000000000001,4.300000000000004,-15.399999999999999,8.100000000000001,0,0.0,0.0,0.0,0.0,0,32,15.8,18.4,0,-13.0,5.700000000000003,-17.5,10.200000000000003,0,0.0,0.0,0.0,0.0,0,15,19.5,22.7,0,-2.498168498168498,-4,386,2.345207879911715,17.86896751354146,0.8,6.0,21.6,-1,386,2.345207879911715,17.86896751354146,0.8,6.0,21.6,-1,1360,3.14223270519966,18.671980536163193,0.42857142857142855,6.785714285714286,23.785714285714285,8,4834,12.404408820175744,60.51932087158417,0.37142857142857144,23.585714285714285,34.18571428571428,24,6519,11.253829757488173,54.14074818503239,0.4375,24.0625,34.145833333333336,13
2025-05-18 16:19:34.926194,138,41965.073806,16.32611111111111,1,65,35,1,1.0,-3.299999999999997,4.300000000000004,-16.4,-8.799999999999997,-8.100000000000001,-0.5,-22.200000000000003,-14.600000000000001,0.0,0.0,0.0,0.0,0.0,1,31.3,19.5,52795.07,21935.27,100,0,-7.600000000000001,4.300000000000004,-11.399999999999999,8.100000000000001,0,0.0,0.0,0.0,0.0,0,32,15.8,18.4,0,-9.0,5.700000000000003,-13.5,10.200000000000003,0,0.0,0.0,0.0,0.0,0,15,19.5,22.7,0,28.55640809443507,35,145,,,1.0,65.0,1.0,0,387,12.306276627983156,16.605721905415614,0.5555555555555556,59.77777777777778,24.333333333333332,-17,1216,9.894702539233856,16.291805452471674,0.782608695652174,58.21739130434783,23.82608695652174,-16,4824,14.682469205170644,16.93873620769051,0.6470588235294118,45.15686274509804,21.80392156862745,-36,6520,13.544947159785018,16.723108988626272,0.6619718309859155,42.140845070422536,22.281690140845072,-25
2025-05-18 16:19:52.016279,138,41947.983721,16.33111111111111,14,3,97,0,5.0,-7.299999999999997,4.300000000000004,-20.4,-8.799999999999997,-12.100000000000001,-0.5,-26.200000000000003,-14.600000000000001,0.0,0.0,0.0,0.0,0.0,1,31.3,19.5,52795.07,21935.27,100,0,-11.600000000000001,4.300000000000004,-15.399999999999999,8.100000000000001,0,0.0,0.0,0.0,0.0,0,32,15.8,18.4,0,-13.0,5.700000000000003,-17.5,10.200000000000003,0,0.0,0.0,0.0,0.0,0,15,19.5,22.7,0,-1.501222493887525,3,159,2.345207879911715,18.091434437324203,0.8,6.0,19.6,5,401,2.4289915602982237,16.280868117722306,0.6666666666666666,5.5,20.333333333333332,0,1182,2.4625398604088753,18.125276302049606,0.3076923076923077,5.6923076923076925,25.76923076923077,1,4838,12.55547048239154,60.13322231977392,0.36619718309859156,23.295774647887324,33.901408450704224,25,6534,11.397496258485866,53.89685643913399,0.4329896907216495,23.84536082474227,33.93814432989691,14
2025-05-18 16:20:12.944328,138,41927.055672,16.336666666666666,9,26,74,0,1.0,-3.299999999999997,4.300000000000004,-16.4,-8.799999999999997,-8.100000000000001,-0.5,-22.200000000000003,-14.600000000000001,0.0,0.0,0.0,0.0,0.0,1,31.3,19.5,52795.07,21935.27,100,0,-7.600000000000001,4.300000000000004,-11.399999999999999,8.100000000000001,0,0.0,0.0,0.0,0.0,0,32,15.8,18.4,0,-9.0,5.700000000000003,-13.5,10.200000000000003,0,0.0,0.0,0.0,0.0,0,15,19.5,22.7,0,67.55881608904629,-74,108,27.577164466275352,5.656854249492381,0.5,45.5,5.0,39,410,15.770577386738607,16.389698661727195,0.5,56.4,22.8,22,1141,12.350580638385516,15.550511922526267,0.7,58.3,24.15,27,4847,14.778543718833465,16.865574011192106,0.6346153846153846,44.78846153846154,21.557692307692307,3,6543,13.583077707206124,16.678534507025322,0.6527777777777778,41.916666666666664,22.09722222222222,14
2025-05-18 16:22:36.348416,138,41783.651584,16.37666666666667,89,26,74,0,3.0,-5.299999999999997,4.300000000000004,-18.4,-8.799999999999997,-10.100000000000001,-0.5,-24.200000000000003,-14.600000000000001,0.0,0.0,0.0,0.0,0.0,1,31.3,19.5,52795.07,21935.27,100,0,-9.600000000000001,4.300000000000004,-13.399999999999999,8.100000000000001,0,0.0,0.0,0.0,0.0,0,32,15.8,18.4,0,-11.0,5.700000000000003,-15.5,10.200000000000003,0,0.0,0.0,0.0,0.0,0,15,19.5,22.7,0,-12.436493738819323,26,133,0.7071067811865476,31.81980515339464,0.0,26.5,66.5,-1,301,6.1400325732035,35.31713465161068,0.6,33.2,38.6,11,1236,5.910659644734879,32.85184301897825,0.3076923076923077,29.46153846153846,35.07692307692308,-2,4973,6.379230461488922,30.745619256217232,0.5172413793103449,33.86206896551724,30.689655172413794,9,6443,7.103632392805774,28.242057255244966,0.6052631578947368,32.39473684210526,29.18421052631579,-1
2025-05-18 16:22:36.348416,138,41783.651584,16.37666666666667,44,27,73,0,3.0,-5.299999999999997,4.300000000000004,-18.4,-8.799999999999997,-10.100000000000001,-0.5,-24.200000000000003,-14.600000000000001,0.0,0.0,0.0,0.0,0.0,1,31.3,19.5,52795.07,21935.27,100,0,-9.600000000000001,4.300000000000004,-13.399999999999999,8.100000000000001,0,0.0,0.0,0.0,0.0,0,32,15.8,18.4,0,-11.0,5.700000000000003,-15.5,10.200000000000003,0,0.0,0.0,0.0,0.0,0,15,19.5,22.7,0,-13.952026082906386,27,133,0.7071067811865476,31.81980515339464,0.0,26.5,66.5,-1,301,6.1400325732035,35.31713465161068,0.6,33.2,38.6,11,1236,5.910659644734879,32.85184301897825,0.3076923076923077,29.46153846153846,35.07692307692308,-2,4973,6.379230461488922,30.745619256217232,0.5172413793103449,33.86206896551724,30.689655172413794,9,6443,7.103632392805774,28.242057255244966,0.6052631578947368,32.39473684210526,29.18421052631579,-1
2025-05-18 16:23:30.538520,138,41729.46148,16.391666666666666,50,66,34,1,1.0,-3.299999999999997,4.300000000000004,-16.4,-8.799999999999997,-8.100000000000001,-0.5,-22.200000000000003,-14.600000000000001,0.0,0.0,0.0,0.0,0.0,1,31.3,19.5,52795.07,21935.27,100,0,-7.600000000000001,4.300000000000004,-11.399999999999999,8.100000000000001,0,0.0,0.0,0.0,0.0,0,32,15.8,18.4,0,-9.0,5.700000000000003,-13.5,10.200000000000003,0,0.0,0.0,0.0,0.0,0,15,19.5,22.7,0,27.610126582278482,34,183,,,1.0,66.0,50.0,0,291,22.81081614790083,26.28687885618983,0.6666666666666666,52.333333333333336,20.0,-1,885,13.334773206567416,15.966647222551508,0.6470588235294118,59.23529411764706,25.941176470588236,-17,5015,14.922951610205082,17.15345238960479,0.6415094339622641,45.18867924528302,22.09433962264151,-37,6493,13.779796827559831,16.881210453111848,0.6575342465753424,42.24657534246575,22.47945205479452,-26
2025-05-18 16:29:32.732954,138,41367.267046,16.492222222222225,44,68,32,1,1.0,-3.299999999999997,4.300000000000004,-16.4,-8.799999999999997,-8.100000000000001,-0.5,-22.200000000000003,-14.600000000000001,0.0,0.0,0.0,0.0,0.0,1,31.3,19.5,52795.07,21935.27,100,0,-7.600000000000001,4.300000000000004,-11.399999999999999,8.100000000000001,0,0.0,0.0,0.0,0.0,0,32,15.8,18.4,0,-9.0,5.700000000000003,-13.5,10.200000000000003,0,0.0,0.0,0.0,0.0,0,15,19.5,22.7,0,25.7271186440678,32,141,2.073644135332772,14.515508947329405,1.0,68.5,23.5,-4,141,2.073644135332772,14.515508947329405,1.0,68.5,23.5,-4,734,13.306621527291902,16.116533344948085,0.7058823529411765,61.23529411764706,24.647058823529413,-24,5064,15.85992867771913,16.63211570207689,0.6785714285714286,48.339285714285715,23.25,-46,6454,15.470426444294965,16.8978712194874,0.6575342465753424,44.73972602739726,22.643835616438356,-37
2025-05-18 16:29:32.732954,138,41367.267046,16.492222222222225,1,67,33,1,1.0,-3.299999999999997,4.300000000000004,-16.4,-8.799999999999997,-8.100000000000001,-0.5,-22.200000000000003,-14.600000000000001,0.0,0.0,0.0,0.0,0.0,1,31.3,19.5,52795.07,21935.27,100,0,-7.600000000000001,4.300000000000004,-11.399999999999999,8.100000000000001,0,0.0,0.0,0.0,0.0,0,32,15.8,18.4,0,-9.0,5.700000000000003,-13.5,10.200000000000003,0,0.0,0.0,0.0,0.0,0,15,19.5,22.7,0,26.82340932289894,33,141,2.073644135332772,14.515508947329405,1.0,68.5,23.5,-4,141,2.073644135332772,14.515508947329405,1.0,68.5,23.5,-4,734,13.306621527291902,16.116533344948085,0.7058823529411765,61.23529411764706,24.647058823529413,-24,5064,15.85992867771913,16.63211570207689,0.6785714285714286,48.339285714285715,23.25,-46,6454,15.470426444294965,16.8978712194874,0.6575342465753424,44.73972602739726,22.643835616438356,-37
2025-05-18 16:29:32.732954,138,41367.267046,16.492222222222225,15,67,33,1,1.0,-3.299999999999997,4.300000000000004,-16.4,-8.799999999999997,-8.100000000000001,-0.5,-22.200000000000003,-14.600000000000001,0.0,0.0,0.0,0.0,0.0,1,31.3,19.5,52795.07,21935.27,100,0,-7.600000000000001,4.300000000000004,-11.399999999999999,8.100000000000001,0,0.0,0.0,0.0,0.0,0,32,15.8,18.4,0,-9.0,5.700000000000003,-13.5,10.200000000000003,0,0.0,0.0,0.0,0.0,0,15,19.5,22.7,0,26.825691195236075,33,141,2.073644135332772,14.515508947329405,1.0,68.5,23.5,-4,141,2.073644135332772,14.515508947329405,1.0,68.5,23.5,-4,734,13.306621527291902,16.116533344948085,0.7058823529411765,61.23529411764706,24.647058823529413,-24,5064,15.85992867771913,16.63211570207689,0.6785714285714286,48.339285714285715,23.25,-46,6454,15.470426444294965,16.8978712194874,0.6575342465753424,44.73972602739726,22.643835616438356,-37
2025-05-18 16:29:32.732954,138,41367.267046,16.492222222222225,30,70,30,1,1.0,-3.299999999999997,4.300000000000004,-16.4,-8.799999999999997,-8.100000000000001,-0.5,-22.200000000000003,-14.600000000000001,0.0,0.0,0.0,0.0,0.0,1,31.3,19.5,52795.07,21935.27,100,0,-7.600000000000001,4.300000000000004,-11.399999999999999,8.100000000000001,0,0.0,0.0,0.0,0.0,0,32,15.8,18.4,0,-9.0,5.700000000000003,-13.5,10.200000000000003,0,0.0,0.0,0.0,0.0,0,15,19.5,22.7,0,23.85996592844974,30,141,2.073644135332772,14.515508947329405,1.0,68.5,23.5,-4,141,2.073644135332772,14.515508947329405,1.0,68.5,23.5,-4,734,13.306621527291902,16.116533344948085,0.7058823529411765,61.23529411764706,24.647058823529413,-24,5064,15.85992867771913,16.63211570207689,0.6785714285714286,48.339285714285715,23.25,-46,6454,15.470426444294965,16.8978712194874,0.6575342465753424,44.73972602739726,22.643835616438356,-37
2025-05-18 16:29:32.732954,138,41367.267046,16.492222222222225,24,67,33,1,1.0,-3.299999999999997,4.300000000000004,-16.4,-8.799999999999997,-8.100000000000001,-0.5,-22.200000000000003,-14.600000000000001,0.0,0.0,0.0,0.0,0.0,1,31.3,19.5,52795.07,21935.27,100,0,-7.600000000000001,4.300000000000004,-11.399999999999999,8.100000000000001,0,0.0,0.0,0.0,0.0,0,32,15.8,18.4,0,-9.0,5.700000000000003,-13.5,10.200000000000003,0,0.0,0.0,0.0,0.0,0,15,19.5,22.7,0,26.921093082835185,33,141,2.073644135332772,14.515508947329405,1.0,68.5,23.5,-4,141,2.073644135332772,14.515508947329405,1.0,68.5,23.5,-4,734,13.306621527291902,16.116533344948085,0.7058823529411765,61.23529411764706,24.647058823529413,-24,5064,15.85992867771913,16.63211570207689,0.6785714285714286,48.339285714285715,23.25,-46,6454,15.470426444294965,16.8978712194874,0.6575342465753424,44.73972602739726,22.643835616438356,-37
2025-05-18 16:29:32.732954,138,41367.267046,16.492222222222225,27,72,28,1,1.0,-3.299999999999997,4.300000000000004,-16.4,-8.799999999999997,-8.100000000000001,-0.5,-22.200000000000003,-14.600000000000001,0.0,0.0,0.0,0.0,0.0,1,31.3,19.5,52795.07,21935.27,100,0,-7.600000000000001,4.300000000000004,-11.399999999999999,8.100000000000001,0,0.0,0.0,0.0,0.0,0,32,15.8,18.4,0,-9.0,5.700000000000003,-13.5,10.200000000000003,0,0.0,0.0,0.0,0.0,0,15,19.5,22.7,0,21.976381995550227,28,141,2.073644135332772,14.515508947329405,1.0,68.5,23.5,-4,141,2.073644135332772,14.515508947329405,1.0,68.5,23.5,-4,734,13.306621527291902,16.116533344948085,0.7058823529411765,61.23529411764706,24.647058823529413,-24,5064,15.85992867771913,16.63211570207689,0.6785714285714286,48.339285714285715,23.25,-46,6454,15.470426444294965,16.8978712194874,0.6575342465753424,44.73972602739726,22.643835616438356,-37
2025-05-18 16:33:53.523363,138,41106.476637,16.564722222222223,31,73,27,1,1.0,-3.299999999999997,4.300000000000004,-16.4,-8.799999999999997,-8.100000000000001,-0.5,-22.200000000000003,-14.600000000000001,0.0,0.0,0.0,0.0,0.0,1,31.3,19.5,52795.07,21935.27,100,0,-7.600000000000001,4.300000000000004,-11.399999999999999,8.100000000000001,0,0.0,0.0,0.0,0.0,0,32,15.8,18.4,0,-9.0,5.700000000000003,-13.5,10.200000000000003,0,0.0,0.0,0.0,0.0,0,15,19.5,22.7,0,21.027275066472257,27,133,2.136976056643281,19.487602896884642,1.0,73.83333333333333,22.166666666666668,2,274,3.433348043510705,16.39752383376185,1.0,71.16666666666667,22.833333333333332,-3,565,12.01665510863984,17.64518010541068,0.9333333333333333,67.4,22.266666666666666,-6,4257,16.41698027590063,16.562405232793513,0.7288135593220338,52.0,24.11864406779661,-49,6566,16.774445410357288,16.968611838664238,0.6835443037974683,46.949367088607595,22.60759493670886,-36
2025-05-18 16:33:53.523363,138,41106.476637,16.564722222222223,35,76,24,1,1.0,-3.299999999999997,4.300000000000004,-16.4,-8.799999999999997,-8.100000000000001,-0.5,-22.200000000000003,-14.600000000000001,0.0,0.0,0.0,0.0,0.0,1,31.3,19.5,52795.07,21935.27,100,0,-7.600000000000001,4.300000000000004,-11.399999999999999,8.100000000000001,0,0.0,0.0,0.0,0.0,0,32,15.8,18.4,0,-9.0,5.700000000000003,-13.5,10.200000000000003,0,0.0,0.0,0.0,0.0,0,15,19.5,22.7,0,18.08333333333333,24,133,2.136976056643281,19.487602896884642,1.0,73.83333333333333,22.166666666666668,2,274,3.433348043510705,16.39752383376185,1.0,71.16666666666667,22.833333333333332,-3,565,12.01665510863984,17.64518010541068,0.9333333333333333,67.4,22.266666666666666,-6,4257,16.41698027590063,16.562405232793513,0.7288135593220338,52.0,24.11864406779661,-49,6566,16.774445410357288,16.968611838664238,0.6835443037974683,46.949367088607595,22.60759493670886,-36
2025-05-18 16:33:53.523363,138,41106.476637,16.564722222222223,12,76,24,1,1.0,-3.299999999999997,4.300000000000004,-16.4,-8.799999999999997,-8.100000000000001,-0.5,-22.200000000000003,-14.600000000000001,0.0,0.0,0.0,0.0,0.0,1,31.3,19.5,52795.07,21935.27,100,0,-7.600000000000001,4.300000000000004,-11.399999999999999,8.100000000000001,0,0.0,0.0,0.0,0.0,0,32,15.8,18.4,0,-9.0,5.700000000000003,-13.5,10.200000000000003,0,0.0,0.0,0.0,0.0,0,15,19.5,22.7,0,18.13792806003623,24,133,2.136976056643281,19.487602896884642,1.0,73.83333333333333,22.166666666666668,2,274,3.433348043510705,16.39752383376185,1.0,71.16666666666667,22.833333333333332,-3,565,12.01665510863984,17.64518010541068,0.9333333333333333,67.4,22.266666666666666,-6,4257,16.41698027590063,16.562405232793513,0.7288135593220338,52.0,24.11864406779661,-49,6566,16.774445410357288,16.968611838664238,0.6835443037974683,46.949367088607595,22.60759493670886,-36
2025-05-18 16:33:53.523363,138,41106.476637,16.564722222222223,4,75,25,1,1.0,-3.299999999999997,4.300000000000004,-16.4,-8.799999999999997,-8.100000000000001,-0.5,-22.200000000000003,-14.600000000000001,0.0,0.0,0.0,0.0,0.0,1,31.3,19.5,52795.07,21935.27,100,0,-7.600000000000001,4.300000000000004,-11.399999999999999,8.100000000000001,0,0.0,0.0,0.0,0.0,0,32,15.8,18.4,0,-9.0,5.700000000000003,-13.5,10.200000000000003,0,0.0,0.0,0.0,0.0,0,15,19.5,22.7,0,19.1567222174251,25,133,2.136976056643281,19.487602896884642,1.0,73.83333333333333,22.166666666666668,2,274,3.433348043510705,16.39752383376185,1.0,71.16666666666667,22.833333333333332,-3,565,12.01665510863984,17.64518010541068,0.9333333333333333,67.4,22.266666666666666,-6,4257,16.41698027590063,16.562405232793513,0.7288135593220338,52.0,24.11864406779661,-49,6566,16.774445410357288,16.968611838664238,0.6835443037974683,46.949367088607595,22.60759493670886,-36
2025-05-18 16:33:53.523363,138,41106.476637,16.564722222222223,50,72,28,1,1.0,-3.299999999999997,4.300000000000004,-16.4,-8.799999999999997,-8.100000000000001,-0.5,-22.200000000000003,-14.600000000000001,0.0,0.0,0.0,0.0,0.0,1,31.3,19.5,52795.07,21935.27,100,0,-7.600000000000001,4.300000000000004,-11.399999999999999,8.100000000000001,0,0.0,0.0,0.0,0.0,0,32,15.8,18.4,0,-9.0,5.700000000000003,-13.5,10.200000000000003,0,0.0,0.0,0.0,0.0,0,15,19.5,22.7,0,22.163341107368055,28,133,2.136976056643281,19.487602896884642,1.0,73.83333333333333,22.166666666666668,2,274,3.433348043510705,16.39752383376185,1.0,71.16666666666667,22.833333333333332,-3,565,12.01665510863984,17.64518010541068,0.9333333333333333,67.4,22.266666666666666,-6,4257,16.41698027590063,16.562405232793513,0.7288135593220338,52.0,24.11864406779661,-49,6566,16.774445410357288,16.968611838664238,0.6835443037974683,46.949367088607595,22.60759493670886,-36
2025-05-18 16:33:53.523363,138,41106.476637,16.564722222222223,1,71,29,1,1.0,-3.299999999999997,4.300000000000004,-16.4,-8.799999999999997,-8.100000000000001,-0.5,-22.200000000000003,-14.600000000000001,0.0,0.0,0.0,0.0,0.0,1,31.3,19.5,52795.07,21935.27,100,0,-7.600000000000001,4.300000000000004,-11.399999999999999,8.100000000000001,0,0.0,0.0,0.0,0.0,0,32,15.8,18.4,0,-9.0,5.700000000000003,-13.5,10.200000000000003,0,0.0,0.0,0.0,0.0,0,15,19.5,22.7,0,23.25947774789624,29,133,2.136976056643281,19.487602896884642,1.0,73.83333333333333,22.166666666666668,2,274,3.433348043510705,16.39752383376185,1.0,71.16666666666667,22.833333333333332,-3,565,12.01665510863984,17.64518010541068,0.9333333333333333,67.4,22.266666666666666,-6,4257,16.41698027590063,16.562405232793513,0.7288135593220338,52.0,24.11864406779661,-49,6566,16.774445410357288,16.968611838664238,0.6835443037974683,46.949367088607595,22.60759493670886,-36
2025-05-18 16:36:27.317649,138,40952.682351,16.6075,29,76,24,1,1.0,-3.299999999999997,4.300000000000004,-16.4,-8.799999999999997,-8.100000000000001,-0.5,-22.200000000000003,-14.600000000000001,0.0,0.0,0.0,0.0,0.0,1,31.3,19.5,52795.07,21935.27,100,0,-7.600000000000001,4.300000000000004,-11.399999999999999,8.100000000000001,0,0.0,0.0,0.0,0.0,0,32,15.8,18.4,0,-9.0,5.700000000000003,-13.5,10.200000000000003,0,0.0,0.0,0.0,0.0,0,15,19.5,22.7,0,18.26149574874198,24,171,1.2909944487358056,16.070158679988197,1.0,75.5,42.75,1,304,1.9578900207451218,20.249554178905875,1.0,74.5,30.4,-2,628,3.7729688731351945,18.346942364264596,1.0,71.88235294117646,29.11764705882353,-9,4428,16.8990102934796,17.031881793854613,0.746031746031746,53.492063492063494,25.3015873015873,-53,6727,17.524757727100145,17.42412898835147,0.6951219512195121,48.48780487804878,23.74390243902439,-46
2025-05-18 16:36:27.317649,138,40952.682351,16.6075,62,77,23,1,1.0,-3.299999999999997,4.300000000000004,-16.4,-8.799999999999997,-8.100000000000001,-0.5,-22.200000000000003,-14.600000000000001,0.0,0.0,0.0,0.0,0.0,1,31.3,19.5,52795.07,21935.27,100,0,-7.600000000000001,4.300000000000004,-11.399999999999999,8.100000000000001,0,0.0,0.0,0.0,0.0,0,32,15.8,18.4,0,-9.0,5.700000000000003,-13.5,10.200000000000003,0,0.0,0.0,0.0,0.0,0,15,19.5,22.7,0,17.307558493520048,23,171,1.2909944487358056,16.070158679988197,1.0,75.5,42.75,1,304,1.9578900207451218,20.249554178905875,1.0,74.5,30.4,-2,628,3.7729688731351945,18.346942364264596,1.0,71.88235294117646,29.11764705882353,-9,4428,16.8990102934796,17.031881793854613,0.746031746031746,53.492063492063494,25.3015873015873,-53,6727,17.524757727100145,17.42412898835147,0.6951219512195121,48.48780487804878,23.74390243902439,-46
2025-05-18 16:36:27.317649,138,40952.682351,16.6075,50,74,26,1,1.0,-3.299999999999997,4.300000000000004,-16.4,-8.799999999999997,-8.100000000000001,-0.5,-22.200000000000003,-14.600000000000001,0.0,0.0,0.0,0.0,0.0,1,31.3,19.5,52795.07,21935.27,100,0,-7.600000000000001,4.300000000000004,-11.399999999999999,8.100000000000001,0,0.0,0.0,0.0,0.0,0,32,15.8,18.4,0,-9.0,5.700000000000003,-13.5,10.200000000000003,0,0.0,0.0,0.0,0.0,0,15,19.5,22.7,0,20.40139921294272,26,171,1.2909944487358056,16.070158679988197,1.0,75.5,42.75,1,304,1.9578900207451218,20.249554178905875,1.0,74.5,30.4,-2,628,3.7729688731351945,18.346942364264596,1.0,71.88235294117646,29.11764705882353,-9,4428,16.8990102934796,17.031881793854613,0.746031746031746,53.492063492063494,25.3015873015873,-53,6727,17.524757727100145,17.42412898835147,0.6951219512195121,48.48780487804878,23.74390243902439,-46
2025-05-18 16:36:27.317649,138,40952.682351,16.6075,30,75,25,1,1.0,-3.299999999999997,4.300000000000004,-16.4,-8.799999999999997,-8.100000000000001,-0.5,-22.200000000000003,-14.600000000000001,0.0,0.0,0.0,0.0,0.0,1,31.3,19.5,52795.07,21935.27,100,0,-7.600000000000001,4.300000000000004,-11.399999999999999,8.100000000000001,0,0.0,0.0,0.0,0.0,0,32,15.8,18.4,0,-9.0,5.700000000000003,-13.5,10.200000000000003,0,0.0,0.0,0.0,0.0,0,15,19.5,22.7,0,19.49099692577954,25,171,1.2909944487358056,16.070158679988197,1.0,75.5,42.75,1,304,1.9578900207451218,20.249554178905875,1.0,74.5,30.4,-2,628,3.7729688731351945,18.346942364264596,1.0,71.88235294117646,29.11764705882353,-9,4428,16.8990102934796,17.031881793854613,0.746031746031746,53.492063492063494,25.3015873015873,-53,6727,17.524757727100145,17.42412898835147,0.6951219512195121,48.48780487804878,23.74390243902439,-46
2025-05-18 16:37:31.076126,138,40888.923874,16.62527777777778,50,76,24,1,1.0,-3.299999999999997,4.300000000000004,-16.4,-8.799999999999997,-8.100000000000001,-0.5,-22.200000000000003,-14.600000000000001,0.0,0.0,0.0,0.0,0.0,1,31.3,19.5,52795.07,21935.27,100,0,-7.600000000000001,4.300000000000004,-11.399999999999999,8.100000000000001,0,0.0,0.0,0.0,0.0,0,32,15.8,18.4,0,-9.0,5.700000000000003,-13.5,10.200000000000003,0,0.0,0.0,0.0,0.0,0,15,19.5,22.7,0,18.542492294143543,24,299,1.1690451944500122,18.808685936733237,1.0,75.83333333333333,49.833333333333336,-1,432,1.9462473604038073,23.284798006034283,1.0,74.83333333333333,36.0,-4,756,3.84722881963671,21.022683377111235,1.0,72.36842105263158,32.78947368421053,-11,4556,17.108294771835094,18.23468799167801,0.7538461538461538,54.2,26.49230769230769,-55,6855,17.83761697819246,18.415407222715114,0.7023809523809523,49.154761904761905,24.702380952380953,-48
2025-05-18 16:37:31.076126,138,40888.923874,16.62527777777778,78,77,23,1,1.0,-3.299999999999997,4.300000000000004,-16.4,-8.799999999999997,-8.100000000000001,-0.5,-22.200000000000003,-14.600000000000001,0.0,0.0,0.0,0.0,0.0,1,31.3,19.5,52795.07,21935.27,100,0,-7.600000000000001,4.300000000000004,-11.399999999999999,8.100000000000001,0,0.0,0.0,0.0,0.0,0,32,15.8,18.4,0,-9.0,5.700000000000003,-13.5,10.200000000000003,0,0.0,0.0,0.0,0.0,0,15,19.5,22.7,0,17.624502432551964,23,299,1.1690451944500122,18.808685936733237,1.0,75.83333333333333,49.833333333333336,-1,432,1.9462473604038073,23.284798006034283,1.0,74.83333333333333,36.0,-4,756,3.84722881963671,21.022683377111235,1.0,72.36842105263158,32.78947368421053,-11,4556,17.108294771835094,18.23468799167801,0.7538461538461538,54.2,26.49230769230769,-55,6855,17.83761697819246,18.415407222715114,0.7023809523809523,49.154761904761905,24.702380952380953,-48
2025-05-18 16:42:38.633496,138,40581.366504,16.710555555555555,4,7,93,0,5.0,-7.299999999999997,4.300000000000004,-20.4,-8.799999999999997,-12.100000000000001,-0.5,-26.200000000000003,-14.600000000000001,0.0,0.0,0.0,0.0,0.0,1,31.3,19.5,52795.07,21935.27,100,0,-11.600000000000001,4.300000000000004,-15.399999999999999,8.100000000000001,0,0.0,0.0,0.0,0.0,0,32,15.8,18.4,0,-13.0,5.700000000000003,-17.5,10.200000000000003,0,0.0,0.0,0.0,0.0,0,15,19.5,22.7,0,-5.5141800246609165,7,4,,,0.0,7.0,4.0,0,4,,,0.0,7.0,4.0,0,577,,,0.0,7.0,4.0,0,4534,11.334382881044634,69.58150531824488,0.21568627450980393,19.176470588235293,38.11764705882353,35,6555,12.136617279604588,55.89667588819696,0.4,23.988235294117647,33.11764705882353,14
2025-05-18 16:50:16.981874,138,40123.018126,16.837777777777777,7,76,24,1,1.0,-3.299999999999997,4.300000000000004,-16.4,-8.799999999999997,-8.100000000000001,-0.5,-22.200000000000003,-14.600000000000001,0.0,0.0,0.0,0.0,0.0,1,31.3,19.5,52795.07,21935.27,100,0,-7.600000000000001,4.300000000000004,-11.399999999999999,8.100000000000001,0,0.0,0.0,0.0,0.0,0,32,15.8,18.4,0,-9.0,5.700000000000003,-13.5,10.200000000000003,0,0.0,0.0,0.0,0.0,0,15,19.5,22.7,0,18.746949318606923,24,7,,,1.0,76.0,7.0,0,7,,,1.0,76.0,7.0,0,310,1.0690449676496976,23.59882967235371,1.0,75.85714285714286,43.714285714285715,0,3782,16.524835110783904,18.305692309424362,0.7543859649122807,57.29824561403509,25.614035087719298,-49,6472,17.856743576006252,18.19844460595326,0.7375,50.65,24.2625,-39
2025-05-18 16:50:43.085640,138,40096.91436,16.845277777777778,1,74,26,0,1.0,-3.299999999999997,4.300000000000004,-16.4,-8.799999999999997,-8.100000000000001,-0.5,-22.200000000000003,-14.600000000000001,0.0,0.0,0.0,0.0,0.0,1,31.3,19.5,52795.07,21935.27,100,0,-7.600000000000001,4.300000000000004,-11.399999999999999,8.100000000000001,0,0.0,0.0,0.0,0.0,0,32,15.8,18.4,0,-9.0,5.700000000000003,-13.5,10.200000000000003,0,0.0,0.0,0.0,0.0,0,15,19.5,22.7,0,20.75864527629234,-26,8,1.4142135623730951,4.242640687119285,0.5,75.0,4.0,2,8,1.4142135623730951,4.242640687119285,0.5,75.0,4.0,2,311,1.1877349391654208,26.559569166040973,0.875,75.625,38.375,2,3745,16.52540254334522,18.43000689812602,0.7413793103448276,57.58620689655172,25.189655172413794,-47,6473,17.933450364481136,18.268124772839972,0.7283950617283951,50.93827160493827,23.97530864197531,-37
2025-05-18 16:51:02.748549,138,40077.251451,16.850555555555555,3,72,28,0,1.0,-3.299999999999997,4.300000000000004,-16.4,-8.799999999999997,-8.100000000000001,-0.5,-22.200000000000003,-14.600000000000001,0.0,0.0,0.0,0.0,0.0,1,31.3,19.5,52795.07,21935.27,100,0,-7.600000000000001,4.300000000000004,-11.399999999999999,8.100000000000001,0,0.0,0.0,0.0,0.0,0,32,15.8,18.4,0,-9.0,5.700000000000003,-13.5,10.200000000000003,0,0.0,0.0,0.0,0.0,0,15,19.5,22.7,0,22.76049558784206,-28,11,2.0,3.055050463303893,0.3333333333333333,74.0,3.6666666666666665,4,11,2.0,3.055050463303893,0.3333333333333333,74.0,3.6666666666666665,4,314,1.6414763002993509,27.50050504586739,0.7777777777777778,75.22222222222223,34.44444444444444,4,3748,16.489445466902804,18.49741321735256,0.7288135593220338,57.83050847457627,24.8135593220339,-45,6476,17.97353268407294,18.302178505049984,0.7195121951219512,51.19512195121951,23.71951219512195,-35
2025-05-18 16:52:04.977161,138,40015.022839,16.86777777777778,1,16,84,1,3.0,-5.299999999999997,4.300000000000004,-18.4,-8.799999999999997,-10.100000000000001,-0.5,-24.200000000000003,-14.600000000000001,0.0,0.0,0.0,0.0,0.0,1,31.3,19.5,52795.07,21935.27,100,0,-9.600000000000001,4.300000000000004,-13.399999999999999,8.100000000000001,0,0.0,0.0,0.0,0.0,0,32,15.8,18.4,0,-11.0,5.700000000000003,-15.5,10.200000000000003,0,0.0,0.0,0.0,0.0,0,15,19.5,22.7,0,-3.2439372325249636,-16,12,,,1.0,16.0,1.0,0,12,,,1.0,16.0,1.0,0,144,,,1.0,16.0,1.0,0,3736,6.5742941730285995,31.5877596746718,0.5217391304347826,31.304347826086957,36.82608695652174,20,6477,7.485027790572393,28.23104501845456,0.6153846153846154,31.974358974358974,28.46153846153846,10
2025-05-18 16:52:10.177194,138,40009.822806,16.869444444444444,1,17,83,1,5.0,-7.299999999999997,4.300000000000004,-20.4,-8.799999999999997,-12.100000000000001,-0.5,-26.200000000000003,-14.600000000000001,0.0,0.0,0.0,0.0,0.0,1,31.3,19.5,52795.07,21935.27,100,0,-11.600000000000001,4.300000000000004,-15.399999999999999,8.100000000000001,0,0.0,0.0,0.0,0.0,0,32,15.8,18.4,0,-13.0,5.700000000000003,-17.5,10.200000000000003,0,0.0,0.0,0.0,0.0,0,15,19.5,22.7,0,-15.527812113720643,-17,13,,,1.0,17.0,1.0,0,13,,,1.0,17.0,1.0,0,145,7.0710678118654755,2.1213203435596424,0.5,12.0,2.5,-10,3737,7.857347085741246,86.47130327641986,0.25,12.4375,44.5625,3,6478,12.088524365720959,55.67472465850436,0.4069767441860465,23.906976744186046,32.74418604651163,4
2025-05-18 16:52:14.947565,138,40005.052435,16.870555555555555,38,16,84,1,3.0,-5.299999999999997,4.300000000000004,-18.4,-8.799999999999997,-10.100000000000001,-0.5,-24.200000000000003,-14.600000000000001,0.0,0.0,0.0,0.0,0.0,1,31.3,19.5,52795.07,21935.27,100,0,-9.600000000000001,4.300000000000004,-13.399999999999999,8.100000000000001,0,0.0,0.0,0.0,0.0,0,32,15.8,18.4,0,-11.0,5.700000000000003,-15.5,10.200000000000003,0,0.0,0.0,0.0,0.0,0,15,19.5,22.7,0,-3.2454804947668894,-16,55,0.0,20.55075018906447,1.0,16.0,14.333333333333334,0,55,0.0,20.55075018906447,1.0,16.0,14.333333333333334,0,187,0.0,20.55075018906447,1.0,16.0,14.333333333333334,0,3779,7.587929010386607,30.950336562521148,0.56,30.08,35.56,20,6520,8.08461351022769,27.825172845868167,0.6341463414634146,31.195121951219512,28.097560975609756,10
2025-05-18 16:52:14.947565,138,40005.052435,16.870555555555555,4,16,84,1,3.0,-5.299999999999997,4.300000000000004,-18.4,-8.799999999999997,-10.100000000000001,-0.5,-24.200000000000003,-14.600000000000001,0.0,0.0,0.0,0.0,0.0,1,31.3,19.5,52795.07,21935.27,100,0,-9.600000000000001,4.300000000000004,-13.399999999999999,8.100000000000001,0,0.0,0.0,0.0,0.0,0,32,15.8,18.4,0,-11.0,5.700000000000003,-15.5,10.200000000000003,0,0.0,0.0,0.0,0.0,0,15,19.5,22.7,0,-3.3052325581395348,-16,55,0.0,20.55075018906447,1.0,16.0,14.333333333333334,0,55,0.0,20.55075018906447,1.0,16.0,14.333333333333334,0,187,0.0,20.55075018906447,1.0,16.0,14.333333333333334,0,3779,7.587929010386607,30.950336562521148,0.56,30.08,35.56,20,6520,8.08461351022769,27.825172845868167,0.6341463414634146,31.195121951219512,28.097560975609756,10
2025-05-18 16:52:30.818218,138,39989.181782,16.875,50,76,24,1,1.0,-3.299999999999997,4.300000000000004,-16.4,-8.799999999999997,-8.100000000000001,-0.5,-22.200000000000003,-14.600000000000001,0.0,0.0,0.0,0.0,0.0,1,31.3,19.5,52795.07,21935.27,100,0,-7.600000000000001,4.300000000000004,-11.399999999999999,8.100000000000001,0,0.0,0.0,0.0,0.0,0,32,15.8,18.4,0,-9.0,5.700000000000003,-13.5,10.200000000000003,0,0.0,0.0,0.0,0.0,0,15,19.5,22.7,0,18.766583452211123,24,139,5.805170109479997,20.359273071502333,0.6,77.2,19.0,-13,146,5.215361924162119,18.85735930611707,0.6666666666666666,77.0,17.0,-11,278,4.421942042651783,27.988518053965326,0.75,76.875,28.75,-11,3870,16.815010543782595,18.387717200328005,0.7419354838709677,58.903225806451616,25.080645161290324,-60,6611,18.465601300053812,18.241701232767358,0.7294117647058823,52.21176470588235,23.95294117647059,-50
2025-05-18 16:52:30.818218,138,39989.181782,16.875,28,77,23,1,1.0,-3.299999999999997,4.300000000000004,-16.4,-8.799999999999997,-8.100000000000001,-0.5,-22.200000000000003,-14.600000000000001,0.0,0.0,0.0,0.0,0.0,1,31.3,19.5,52795.07,21935.27,100,0,-7.600000000000001,4.300000000000004,-11.399999999999999,8.100000000000001,0,0.0,0.0,0.0,0.0,0,32,15.8,18.4,0,-9.0,5.700000000000003,-13.5,10.200000000000003,0,0.0,0.0,0.0,0.0,0,15,19.5,22.7,0,17.85061794734014,23,139,5.805170109479997,20.359273071502333,0.6,77.2,19.0,-13,146,5.215361924162119,18.85735930611707,0.6666666666666666,77.0,17.0,-11,278,4.421942042651783,27.988518053965326,0.75,76.875,28.75,-11,3870,16.815010543782595,18.387717200328005,0.7419354838709677,58.903225806451616,25.080645161290324,-60,6611,18.465601300053812,18.241701232767358,0.7294117647058823,52.21176470588235,23.95294117647059,-50
2025-05-18 16:52:30.818218,138,39989.181782,16.875,13,87,13,1,1.0,-3.299999999999997,4.300000000000004,-16.4,-8.799999999999997,-8.100000000000001,-0.5,-22.200000000000003,-14.600000000000001,0.0,0.0,0.0,0.0,0.0,1,31.3,19.5,52795.07,21935.27,100,0,-7.600000000000001,4.300000000000004,-11.399999999999999,8.100000000000001,0,0.0,0.0,0.0,0.0,0,32,15.8,18.4,0,-9.0,5.700000000000003,-13.5,10.200000000000003,0,0.0,0.0,0.0,0.0,0,15,19.5,22.7,0,7.895492907164666,13,139,5.805170109479997,20.359273071502333,0.6,77.2,19.0,-13,146,5.215361924162119,18.85735930611707,0.6666666666666666,77.0,17.0,-11,278,4.421942042651783,27.988518053965326,0.75,76.875,28.75,-11,3870,16.815010543782595,18.387717200328005,0.7419354838709677,58.903225806451616,25.080645161290324,-60,6611,18.465601300053812,18.241701232767358,0.7294117647058823,52.21176470588235,23.95294117647059,-50
2025-05-18 16:56:17.866930,138,39762.13307,16.938055555555557,28,78,22,1,1.0,-3.299999999999997,4.300000000000004,-16.4,-8.799999999999997,-8.100000000000001,-0.5,-22.200000000000003,-14.600000000000001,0.0,0.0,0.0,0.0,0.0,1,31.3,19.5,52795.07,21935.27,100,0,-7.600000000000001,4.300000000000004,-11.399999999999999,8.100000000000001,0,0.0,0.0,0.0,0.0,0,32,15.8,18.4,0,-9.0,5.700000000000003,-13.5,10.200000000000003,0,0.0,0.0,0.0,0.0,0,15,19.5,22.7,0,16.90471910112359,22,78,0.7071067811865476,15.556349186104045,1.0,77.5,39.0,1,213,4.527692569068709,16.006248779773482,1.0,79.0,33.8,-1,228,4.421942042651783,19.806203934265504,0.75,77.125,22.5,-1,3593,16.8645323207264,18.362308001956894,0.75,59.484375,25.515625,-50,6507,18.721994463652425,18.296573981306537,0.7228915662650602,53.59036144578313,24.06024096385542,-40
2025-05-18 16:56:17.866930,138,39762.13307,16.938055555555557,50,77,23,1,1.0,-3.299999999999997,4.300000000000004,-16.4,-8.799999999999997,-8.100000000000001,-0.5,-22.200000000000003,-14.600000000000001,0.0,0.0,0.0,0.0,0.0,1,31.3,19.5,52795.07,21935.27,100,0,-7.600000000000001,4.300000000000004,-11.399999999999999,8.100000000000001,0,0.0,0.0,0.0,0.0,0,32,15.8,18.4,0,-9.0,5.700000000000003,-13.5,10.200000000000003,0,0.0,0.0,0.0,0.0,0,15,19.5,22.7,0,17.947373163918172,23,78,0.7071067811865476,15.556349186104045,1.0,77.5,39.0,1,213,4.527692569068709,16.006248779773482,1.0,79.0,33.8,-1,228,4.421942042651783,19.806203934265504,0.75,77.125,22.5,-1,3593,16.8645323207264,18.362308001956894,0.75,59.484375,25.515625,-50,6507,18.721994463652425,18.296573981306537,0.7228915662650602,53.59036144578313,24.06024096385542,-40
2025-05-18 16:56:37.334245,138,39742.665755,16.94361111111111,40,16,84,1,3.0,-5.299999999999997,4.300000000000004,-18.4,-8.799999999999997,-10.100000000000001,-0.5,-24.200000000000003,-14.600000000000001,0.0,0.0,0.0,0.0,0.0,1,31.3,19.5,52795.07,21935.27,100,0,-9.600000000000001,4.300000000000004,-13.399999999999999,8.100000000000001,0,0.0,0.0,0.0,0.0,0,32,15.8,18.4,0,-11.0,5.700000000000003,-15.5,10.200000000000003,0,0.0,0.0,0.0,0.0,0,15,19.5,22.7,0,-3.3116504854368927,-16,118,,,1.0,16.0,40.0,0,253,0.0,21.12463017427761,1.0,16.0,20.75,0,268,0.0,21.12463017427761,1.0,16.0,20.75,0,3633,8.027127917798225,31.324360802898195,0.5416666666666666,29.0,34.541666666666664,21,6547,8.390325439195417,27.635078450686724,0.6341463414634146,30.951219512195124,28.951219512195124,5
2025-05-18 16:57:14.969290,138,39705.03071,16.953888888888887,40,15,85,0,3.0,-5.299999999999997,4.300000000000004,-18.4,-8.799999999999997,-10.100000000000001,-0.5,-24.200000000000003,-14.600000000000001,0.0,0.0,0.0,0.0,0.0,1,31.3,19.5,52795.07,21935.27,100,0,-9.600000000000001,4.300000000000004,-13.399999999999999,8.100000000000001,0,0.0,0.0,0.0,0.0,0,32,15.8,18.4,0,-11.0,5.700000000000003,-15.5,10.200000000000003,0,0.0,0.0,0.0,0.0,0,15,19.5,22.7,0,-2.3772277227722753,15,341,2.588435821108957,54.07217398995532,0.2,13.2,52.6,2,432,2.588435821108957,54.07217398995532,0.2,13.2,52.6,2,491,2.434865792722759,46.72946455014071,0.5,14.25,38.25,2,3856,9.491572424522035,36.314907225167005,0.4642857142857143,26.642857142857142,37.57142857142857,23,6770,9.621997104698604,31.859778005275786,0.5777777777777777,29.31111111111111,31.333333333333332,7
2025-05-18 16:57:14.969290,138,39705.03071,16.953888888888887,147,10,90,0,3.0,-5.299999999999997,4.300000000000004,-18.4,-8.799999999999997,-10.100000000000001,-0.5,-24.200000000000003,-14.600000000000001,0.0,0.0,0.0,0.0,0.0,1,31.3,19.5,52795.07,21935.27,100,0,-9.600000000000001,4.300000000000004,-13.399999999999999,8.100000000000001,0,0.0,0.0,0.0,0.0,0,32,15.8,18.4,0,-11.0,5.700000000000003,-15.5,10.200000000000003,0,0.0,0.0,0.0,0.0,0,15,19.5,22.7,0,2.5747474747474826,10,341,2.588435821108957,54.07217398995532,0.2,13.2,52.6,2,432,2.588435821108957,54.07217398995532,0.2,13.2,52.6,2,491,2.434865792722759,46.72946455014071,0.5,14.25,38.25,2,3856,9.491572424522035,36.314907225167005,0.4642857142857143,26.642857142857142,37.57142857142857,23,6770,9.621997104698604,31.859778005275786,0.5777777777777777,29.31111111111111,31.333333333333332,7
2025-05-18 16:57:14.969290,138,39705.03071,16.953888888888887,12,11,89,0,3.0,-5.299999999999997,4.300000000000004,-18.4,-8.799999999999997,-10.100000000000001,-0.5,-24.200000000000003,-14.600000000000001,0.0,0.0,0.0,0.0,0.0,1,31.3,19.5,52795.07,21935.27,100,0,-9.600000000000001,4.300000000000004,-13.399999999999999,8.100000000000001,0,0.0,0.0,0.0,0.0,0,32,15.8,18.4,0,-11.0,5.700000000000003,-15.5,10.200000000000003,0,0.0,0.0,0.0,0.0,0,15,19.5,22.7,0,1.7812329514457161,11,341,2.588435821108957,54.07217398995532,0.2,13.2,52.6,2,432,2.588435821108957,54.07217398995532,0.2,13.2,52.6,2,491,2.434865792722759,46.72946455014071,0.5,14.25,38.25,2,3856,9.491572424522035,36.314907225167005,0.4642857142857143,26.642857142857142,37.57142857142857,23,6770,9.621997104698604,31.859778005275786,0.5777777777777777,29.31111111111111,31.333333333333332,7
2025-05-18 16:57:14.969290,138,39705.03071,16.953888888888887,24,14,86,0,3.0,-5.299999999999997,4.300000000000004,-18.4,-8.799999999999997,-10.100000000000001,-0.5,-24.200000000000003,-14.600000000000001,0.0,0.0,0.0,0.0,0.0,1,31.3,19.5,52795.07,21935.27,100,0,-9.600000000000001,4.300000000000004,-13.399999999999999,8.100000000000001,0,0.0,0.0,0.0,0.0,0,32,15.8,18.4,0,-11.0,5.700000000000003,-15.5,10.200000000000003,0,0.0,0.0,0.0,0.0,0,15,19.5,22.7,0,-1.2070291048874253,14,341,2.588435821108957,54.07217398995532,0.2,13.2,52.6,2,432,2.588435821108957,54.07217398995532,0.2,13.2,52.6,2,491,2.434865792722759,46.72946455014071,0.5,14.25,38.25,2,3856,9.491572424522035,36.314907225167005,0.4642857142857143,26.642857142857142,37.57142857142857,23,6770,9.621997104698604,31.859778005275786,0.5777777777777777,29.31111111111111,31.333333333333332,7
2025-05-18 16:59:02.640380,138,39597.35962,16.983888888888888,25,76,24,0,1.0,-3.299999999999997,4.300000000000004,-16.4,-8.799999999999997,-8.100000000000001,-0.5,-22.200000000000003,-14.600000000000001,0.0,0.0,0.0,0.0,0.0,1,31.3,19.5,52795.07,21935.27,100,0,-7.600000000000001,4.300000000000004,-11.399999999999999,8.100000000000001,0,0.0,0.0,0.0,0.0,0,32,15.8,18.4,0,-9.0,5.700000000000003,-13.5,10.200000000000003,0,0.0,0.0,0.0,0.0,0,15,19.5,22.7,0,19.028605051145107,-24,248,,,0.0,76.0,25.0,0,366,1.0,13.650396819628847,0.6666666666666666,77.0,34.333333333333336,2,512,4.153311931459037,18.54573925311268,0.6666666666666666,77.0,22.77777777777778,0,3664,16.85719145783644,18.218399933963635,0.7384615384615385,59.738461538461536,25.50769230769231,-49,6706,18.768817293099627,18.18630870849331,0.7142857142857143,53.857142857142854,24.071428571428573,-39
2025-05-18 16:59:25.731899,138,39574.268101,16.990277777777777,40,89,11,1,1.0,-3.299999999999997,4.300000000000004,-16.4,-8.799999999999997,-8.100000000000001,-0.5,-22.200000000000003,-14.600000000000001,0.0,0.0,0.0,0.0,0.0,1,31.3,19.5,52795.07,21935.27,100,0,-7.600000000000001,4.300000000000004,-11.399999999999999,8.100000000000001,0,0.0,0.0,0.0,0.0,0,32,15.8,18.4,0,-9.0,5.700000000000003,-13.5,10.200000000000003,0,0.0,0.0,0.0,0.0,0,15,19.5,22.7,0,6.071765559789512,11,115,7.234178138070236,12.583057392117915,0.6666666666666666,84.33333333333333,38.333333333333336,-12,456,6.348228099241551,11.823705003085962,0.8,81.6,38.6,-10,602,5.957424702915605,18.999043038101583,0.7272727272727273,79.0909090909091,26.818181818181817,-12,3654,15.658235145406792,18.31916347425874,0.8064516129032258,63.0,26.580645161290324,-59,6796,19.276081164530293,18.265109555822086,0.7209302325581395,54.66279069767442,24.558139534883722,-51
2025-05-18 16:59:25.731899,138,39574.268101,16.990277777777777,50,88,12,1,1.0,-3.299999999999997,4.300000000000004,-16.4,-8.799999999999997,-8.100000000000001,-0.5,-22.200000000000003,-14.600000000000001,0.0,0.0,0.0,0.0,0.0,1,31.3,19.5,52795.07,21935.27,100,0,-7.600000000000001,4.300000000000004,-11.399999999999999,8.100000000000001,0,0.0,0.0,0.0,0.0,0,32,15.8,18.4,0,-9.0,5.700000000000003,-13.5,10.200000000000003,0,0.0,0.0,0.0,0.0,0,15,19.5,22.7,0,7.093880896011655,12,115,7.234178138070236,12.583057392117915,0.6666666666666666,84.33333333333333,38.333333333333336,-12,456,6.348228099241551,11.823705003085962,0.8,81.6,38.6,-10,602,5.957424702915605,18.999043038101583,0.7272727272727273,79.0909090909091,26.818181818181817,-12,3654,15.658235145406792,18.31916347425874,0.8064516129032258,63.0,26.580645161290324,-59,6796,19.276081164530293,18.265109555822086,0.7209302325581395,54.66279069767442,24.558139534883722,-51
2025-05-18 17:00:44.835207,138,39495.164793,17.01222222222222,50,83,17,1,1.0,-3.299999999999997,5.700000000000003,-16.4,-7.399999999999999,-8.100000000000001,0.8999999999999986,-22.200000000000003,-13.200000000000003,0.0,0.0,0.0,0.0,0.0,1,31.3,19.5,52795.07,21935.27,100,0,-9.0,5.700000000000003,-13.5,10.200000000000003,0,0.0,0.0,0.0,0.0,0,15,19.5,22.7,0,-10.5,7.200000000000003,-15.5,12.200000000000003,0,0.0,0.0,0.0,0.0,0,100,15.8,19.4,0,12.126326381266011,17,235,4.750939756661683,16.470753300493403,0.8571428571428571,82.71428571428571,33.57142857142857,-8,576,4.719934086168766,15.473992517913548,0.8888888888888888,81.55555555555556,34.77777777777778,-6,722,5.270763927643922,18.576739167443733,0.8,79.73333333333333,27.666666666666668,-8,3614,14.71500927678515,18.467367186300564,0.84375,65.234375,26.6875,-56,6916,19.64663170440011,18.256105643275266,0.7333333333333333,55.855555555555554,24.8,-47
2025-05-18 17:00:44.835207,138,39495.164793,17.01222222222222,40,79,21,1,1.0,-3.299999999999997,5.700000000000003,-16.4,-7.399999999999999,-8.100000000000001,0.8999999999999986,-22.200000000000003,-13.200000000000003,0.0,0.0,0.0,0.0,0.0,1,31.3,19.5,52795.07,21935.27,100,0,-9.0,5.700000000000003,-13.5,10.200000000000003,0,0.0,0.0,0.0,0.0,0,15,19.5,22.7,0,-10.5,7.200000000000003,-15.5,12.200000000000003,0,0.0,0.0,0.0,0.0,0,100,15.8,19.4,0,16.182043741959205,21,235,4.750939756661683,16.470753300493403,0.8571428571428571,82.71428571428571,33.57142857142857,-8,576,4.719934086168766,15.473992517913548,0.8888888888888888,81.55555555555556,34.77777777777778,-6,722,5.270763927643922,18.576739167443733,0.8,79.73333333333333,27.666666666666668,-8,3614,14.71500927678515,18.467367186300564,0.84375,65.234375,26.6875,-56,6916,19.64663170440011,18.256105643275266,0.7333333333333333,55.855555555555554,24.8,-47
2025-05-18 17:00:44.835207,138,39495.164793,17.01222222222222,26,80,20,1,1.0,-3.299999999999997,5.700000000000003,-16.4,-7.399999999999999,-8.100000000000001,0.8999999999999986,-22.200000000000003,-13.200000000000003,0.0,0.0,0.0,0.0,0.0,1,31.3,19.5,52795.07,21935.27,100,0,-9.0,5.700000000000003,-13.5,10.200000000000003,0,0.0,0.0,0.0,0.0,0,15,19.5,22.7,0,-10.5,7.200000000000003,-15.5,12.200000000000003,0,0.0,0.0,0.0,0.0,0,100,15.8,19.4,0,15.241745065486072,20,235,4.750939756661683,16.470753300493403,0.8571428571428571,82.71428571428571,33.57142857142857,-8,576,4.719934086168766,15.473992517913548,0.8888888888888888,81.55555555555556,34.77777777777778,-6,722,5.270763927643922,18.576739167443733,0.8,79.73333333333333,27.666666666666668,-8,3614,14.71500927678515,18.467367186300564,0.84375,65.234375,26.6875,-56,6916,19.64663170440011,18.256105643275266,0.7333333333333333,55.855555555555554,24.8,-47
2025-05-18 17:00:44.835207,138,39495.164793,17.01222222222222,4,84,16,1,1.0,-3.299999999999997,5.700000000000003,-16.4,-7.399999999999999,-8.100000000000001,0.8999999999999986,-22.200000000000003,-13.200000000000003,0.0,0.0,0.0,0.0,0.0,1,31.3,19.5,52795.07,21935.27,100,0,-9.0,5.700000000000003,-13.5,10.200000000000003,0,0.0,0.0,0.0,0.0,0,15,19.5,22.7,0,-10.5,7.200000000000003,-15.5,12.200000000000003,0,0.0,0.0,0.0,0.0,0,100,15.8,19.4,0,11.27838387573965,16,235,4.750939756661683,16.470753300493403,0.8571428571428571,82.71428571428571,33.57142857142857,-8,576,4.719934086168766,15.473992517913548,0.8888888888888888,81.55555555555556,34.77777777777778,-6,722,5.270763927643922,18.576739167443733,0.8,79.73333333333333,27.666666666666668,-8,3614,14.71500927678515,18.467367186300564,0.84375,65.234375,26.6875,-56,6916,19.64663170440011,18.256105643275266,0.7333333333333333,55.855555555555554,24.8,-47
2025-05-18 17:05:25.720468,138,39214.279532,17.090277777777775,59,3,97,0,5.0,-7.299999999999997,5.700000000000003,-20.4,-7.399999999999999,-12.100000000000001,0.8999999999999986,-26.200000000000003,-13.200000000000003,0.0,0.0,0.0,0.0,0.0,1,31.3,19.5,52795.07,21935.27,100,0,-13.0,5.700000000000003,-17.5,10.200000000000003,0,0.0,0.0,0.0,0.0,0,15,19.5,22.7,0,-14.5,7.200000000000003,-19.5,12.200000000000003,0,0.0,0.0,0.0,0.0,0,100,15.8,19.4,0,-1.5374149659864003,3,59,,,0.0,3.0,59.0,0,179,,,0.0,3.0,59.0,0,774,9.899494936611665,41.012193308819754,0.5,10.0,30.0,14,2664,3.6827299656640586,20.20385689251766,0.3125,6.3125,24.9375,1,6676,12.853464575992282,58.109252583532815,0.35064935064935066,23.376623376623378,32.8051948051948,36
2025-05-18 17:05:40.345275,138,39199.654725,17.094444444444445,15,84,16,0,1.0,-3.299999999999997,5.700000000000003,-16.4,-7.399999999999999,-8.100000000000001,0.8999999999999986,-22.200000000000003,-13.200000000000003,0.0,0.0,0.0,0.0,0.0,1,31.3,19.5,52795.07,21935.27,100,0,-9.0,5.700000000000003,-13.5,10.200000000000003,0,0.0,0.0,0.0,0.0,0,15,19.5,22.7,0,-10.5,7.200000000000003,-15.5,12.200000000000003,0,0.0,0.0,0.0,0.0,0,100,15.8,19.4,0,11.28255641879393,-16,85,0.7071067811865476,2.8284271247461903,0.0,83.5,13.0,1,205,2.1369760566432805,17.806365902863693,0.6666666666666666,82.16666666666667,24.333333333333332,0,800,5.137687547266117,17.95874902844479,0.6875,80.4375,27.125,-9,2690,12.091458431610597,18.494643869289614,0.8,70.01818181818182,27.8,-29,6702,19.848001002940045,18.13951611569642,0.717391304347826,56.45652173913044,24.543478260869566,-46
2025-05-18 17:05:40.345275,138,39199.654725,17.094444444444445,11,83,17,0,1.0,-3.299999999999997,5.700000000000003,-16.4,-7.399999999999999,-8.100000000000001,0.8999999999999986,-22.200000000000003,-13.200000000000003,0.0,0.0,0.0,0.0,0.0,1,31.3,19.5,52795.07,21935.27,100,0,-9.0,5.700000000000003,-13.5,10.200000000000003,0,0.0,0.0,0.0,0.0,0,15,19.5,22.7,0,-10.5,7.200000000000003,-15.5,12.200000000000003,0,0.0,0.0,0.0,0.0,0,100,15.8,19.4,0,12.298230990089834,-17,85,0.7071067811865476,2.8284271247461903,0.0,83.5,13.0,1,205,2.1369760566432805,17.806365902863693,0.6666666666666666,82.16666666666667,24.333333333333332,0,800,5.137687547266117,17.95874902844479,0.6875,80.4375,27.125,-9,2690,12.091458431610597,18.494643869289614,0.8,70.01818181818182,27.8,-29,6702,19.848001002940045,18.13951611569642,0.717391304347826,56.45652173913044,24.543478260869566,-46
2025-05-18 17:06:10.394203,138,39169.605797,17.102777777777778,25,13,87,1,3.0,-5.299999999999997,5.700000000000003,-18.4,-7.399999999999999,-10.100000000000001,0.8999999999999986,-24.200000000000003,-13.200000000000003,0.0,0.0,0.0,0.0,0.0,1,31.3,19.5,52795.07,21935.27,100,0,-11.0,5.700000000000003,-15.5,10.200000000000003,0,0.0,0.0,0.0,0.0,0,15,19.5,22.7,0,-12.5,7.200000000000003,-17.5,12.200000000000003,0,0.0,0.0,0.0,0.0,0,100,15.8,19.4,0,-0.22314969393433515,-13,185,0.0,11.51810169544733,1.0,13.0,25.0,0,185,0.0,11.51810169544733,1.0,13.0,25.0,0,896,2.037526724122938,38.3188378390229,0.6666666666666666,13.833333333333334,33.833333333333336,3,2790,9.1034791883836,34.82829309627447,0.48,21.96,34.48,12,6802,10.429982793025209,31.422022186053994,0.5869565217391305,28.434782608695652,30.891304347826086,15
2025-05-18 17:06:10.394203,138,39169.605797,17.102777777777778,40,13,87,1,3.0,-5.299999999999997,5.700000000000003,-18.4,-7.399999999999999,-10.100000000000001,0.8999999999999986,-24.200000000000003,-13.200000000000003,0.0,0.0,0.0,0.0,0.0,1,31.3,19.5,52795.07,21935.27,100,0,-11.0,5.700000000000003,-15.5,10.200000000000003,0,0.0,0.0,0.0,0.0,0,15,19.5,22.7,0,-12.5,7.200000000000003,-17.5,12.200000000000003,0,0.0,0.0,0.0,0.0,0,100,15.8,19.4,0,-0.22629796839729188,-13,185,0.0,11.51810169544733,1.0,13.0,25.0,0,185,0.0,11.51810169544733,1.0,13.0,25.0,0,896,2.037526724122938,38.3188378390229,0.6666666666666666,13.833333333333334,33.833333333333336,3,2790,9.1034791883836,34.82829309627447,0.48,21.96,34.48,12,6802,10.429982793025209,31.422022186053994,0.5869565217391305,28.434782608695652,30.891304347826086,15
2025-05-18 17:06:10.394203,138,39169.605797,17.102777777777778,23,13,87,1,3.0,-5.299999999999997,5.700000000000003,-18.4,-7.399999999999999,-10.100000000000001,0.8999999999999986,-24.200000000000003,-13.200000000000003,0.0,0.0,0.0,0.0,0.0,1,31.3,19.5,52795.07,21935.27,100,0,-11.0,5.700000000000003,-15.5,10.200000000000003,0,0.0,0.0,0.0,0.0,0,15,19.5,22.7,0,-12.5,7.200000000000003,-17.5,12.200000000000003,0,0.0,0.0,0.0,0.0,0,100,15.8,19.4,0,-0.23152424942263217,-13,185,0.0,11.51810169544733,1.0,13.0,25.0,0,185,0.0,11.51810169544733,1.0,13.0,25.0,0,896,2.037526724122938,38.3188378390229,0.6666666666666666,13.833333333333334,33.833333333333336,3,2790,9.1034791883836,34.82829309627447,0.48,21.96,34.48,12,6802,10.429982793025209,31.422022186053994,0.5869565217391305,28.434782608695652,30.891304347826086,15
2025-05-18 17:06:10.394203,138,39169.605797,17.102777777777778,12,13,87,1,3.0,-5.299999999999997,5.700000000000003,-18.4,-7.399999999999999,-10.100000000000001,0.8999999999999986,-24.200000000000003,-13.200000000000003,0.0,0.0,0.0,0.0,0.0,1,31.3,19.5,52795.07,21935.27,100,0,-11.0,5.700000000000003,-15.5,10.200000000000003,0,0.0,0.0,0.0,0.0,0,15,19.5,22.7,0,-12.5,7.200000000000003,-17.5,12.200000000000003,0,0.0,0.0,0.0,0.0,0,100,15.8,19.4,0,-0.23464014043300097,-13,185,0.0,11.51810169544733,1.0,13.0,25.0,0,185,0.0,11.51810169544733,1.0,13.0,25.0,0,896,2.037526724122938,38.3188378390229,0.6666666666666666,13.833333333333334,33.833333333333336,3,2790,9.1034791883836,34.82829309627447,0.48,21.96,34.48,12,6802,10.429982793025209,31.422022186053994,0.5869565217391305,28.434782608695652,30.891304347826086,15
2025-05-18 17:08:19.570159,138,39040.429841,17.13861111111111,6,78,22,0,1.0,-3.299999999999997,5.700000000000003,-16.4,-7.399999999999999,-8.100000000000001,0.8999999999999986,-22.200000000000003,-13.200000000000003,0.0,0.0,0.0,0.0,0.0,1,31.3,19.5,52795.07,21935.27,100,0,-9.0,5.700000000000003,-13.5,10.200000000000003,0,0.0,0.0,0.0,0.0,0,15,19.5,22.7,0,-10.5,7.200000000000003,-15.5,12.200000000000003,0,0.0,0.0,0.0,0.0,0,100,15.8,19.4,0,17.310773224550346,-22,43,0.5773502691896257,18.929694486000912,0.0,78.33333333333333,14.333333333333334,-1,228,2.8809720581775866,13.479614237803691,0.0,80.4,13.8,5,804,4.0735005331295335,17.665388024776984,0.5714285714285714,81.14285714285714,27.285714285714285,-1,2412,11.770590526681374,18.55618458983383,0.7454545454545455,71.16363636363636,27.236363636363638,-30,6802,19.904881337884653,18.297876802109325,0.6881720430107527,57.56989247311828,24.27956989247312,-53
2025-05-18 17:08:19.570159,138,39040.429841,17.13861111111111,1,78,22,0,1.0,-3.299999999999997,5.700000000000003,-16.4,-7.399999999999999,-8.100000000000001,0.8999999999999986,-22.200000000000003,-13.200000000000003,0.0,0.0,0.0,0.0,0.0,1,31.3,19.5,52795.07,21935.27,100,0,-9.0,5.700000000000003,-13.5,10.200000000000003,0,0.0,0.0,0.0,0.0,0,15,19.5,22.7,0,-10.5,7.200000000000003,-15.5,12.200000000000003,0,0.0,0.0,0.0,0.0,0,100,15.8,19.4,0,17.320408163265313,-22,43,0.5773502691896257,18.929694486000912,0.0,78.33333333333333,14.333333333333334,-1,228,2.8809720581775866,13.479614237803691,0.0,80.4,13.8,5,804,4.0735005331295335,17.665388024776984,0.5714285714285714,81.14285714285714,27.285714285714285,-1,2412,11.770590526681374,18.55618458983383,0.7454545454545455,71.16363636363636,27.236363636363638,-30,6802,19.904881337884653,18.297876802109325,0.6881720430107527,57.56989247311828,24.27956989247312,-53
2025-05-18 17:08:19.570159,138,39040.429841,17.13861111111111,36,79,21,0,1.0,-3.299999999999997,5.700000000000003,-16.4,-7.399999999999999,-8.100000000000001,0.8999999999999986,-22.200000000000003,-13.200000000000003,0.0,0.0,0.0,0.0,0.0,1,31.3,19.5,52795.07,21935.27,100,0,-9.0,5.700000000000003,-13.5,10.200000000000003,0,0.0,0.0,0.0,0.0,0,15,19.5,22.7,0,-10.5,7.200000000000003,-15.5,12.200000000000003,0,0.0,0.0,0.0,0.0,0,100,15.8,19.4,0,16.322015029223493,-21,43,0.5773502691896257,18.929694486000912,0.0,78.33333333333333,14.333333333333334,-1,228,2.8809720581775866,13.479614237803691,0.0,80.4,13.8,5,804,4.0735005331295335,17.665388024776984,0.5714285714285714,81.14285714285714,27.285714285714285,-1,2412,11.770590526681374,18.55618458983383,0.7454545454545455,71.16363636363636,27.236363636363638,-30,6802,19.904881337884653,18.297876802109325,0.6881720430107527,57.56989247311828,24.27956989247312,-53
2025-05-18 17:11:31.548104,138,38848.451896,17.191944444444445,33,89,11,1,1.0,-3.299999999999997,5.700000000000003,-16.4,-7.399999999999999,-8.100000000000001,0.8999999999999986,-22.200000000000003,-13.200000000000003,0.0,0.0,0.0,0.0,0.0,1,31.3,19.5,52795.07,21935.27,100,0,-9.0,5.700000000000003,-13.5,10.200000000000003,0,0.0,0.0,0.0,0.0,0,15,19.5,22.7,0,-10.5,7.200000000000003,-15.5,12.200000000000003,0,0.0,0.0,0.0,0.0,0,100,15.8,19.4,0,6.37671041608489,11,114,2.8722813232690143,18.266545011760343,1.0,85.75,28.5,3,157,4.466808810815721,18.536964358250454,0.5714285714285714,82.57142857142857,22.428571428571427,-8,840,4.139243087006769,17.36999328343758,0.625,82.75,26.125,-10,2512,11.663667404640522,18.444903322061453,0.7758620689655172,72.55172413793103,27.56896551724138,-13,6882,20.289835028858214,18.22087894568384,0.7010309278350515,58.7319587628866,24.45360824742268,-60
2025-05-18 17:11:31.548104,138,38848.451896,17.191944444444445,6,86,14,1,1.0,-3.299999999999997,5.700000000000003,-16.4,-7.399999999999999,-8.100000000000001,0.8999999999999986,-22.200000000000003,-13.200000000000003,0.0,0.0,0.0,0.0,0.0,1,31.3,19.5,52795.07,21935.27,100,0,-9.0,5.700000000000003,-13.5,10.200000000000003,0,0.0,0.0,0.0,0.0,0,15,19.5,22.7,0,-10.5,7.200000000000003,-15.5,12.200000000000003,0,0.0,0.0,0.0,0.0,0,100,15.8,19.4,0,9.396358543417364,14,114,2.8722813232690143,18.266545011760343,1.0,85.75,28.5,3,157,4.466808810815721,18.536964358250454,0.5714285714285714,82.57142857142857,22.428571428571427,-8,840,4.139243087006769,17.36999328343758,0.625,82.75,26.125,-10,2512,11.663667404640522,18.444903322061453,0.7758620689655172,72.55172413793103,27.56896551724138,-13,6882,20.289835028858214,18.22087894568384,0.7010309278350515,58.7319587628866,24.45360824742268,-60
2025-05-18 17:11:31.548104,138,38848.451896,17.191944444444445,25,82,18,1,1.0,-3.299999999999997,5.700000000000003,-16.4,-7.399999999999999,-8.100000000000001,0.8999999999999986,-22.200000000000003,-13.200000000000003,0.0,0.0,0.0,0.0,0.0,1,31.3,19.5,52795.07,21935.27,100,0,-9.0,5.700000000000003,-13.5,10.200000000000003,0,0.0,0.0,0.0,0.0,0,15,19.5,22.7,0,-10.5,7.200000000000003,-15.5,12.200000000000003,0,0.0,0.0,0.0,0.0,0,100,15.8,19.4,0,13.401625560538122,18,114,2.8722813232690143,18.266545011760343,1.0,85.75,28.5,3,157,4.466808810815721,18.536964358250454,0.5714285714285714,82.57142857142857,22.428571428571427,-8,840,4.139243087006769,17.36999328343758,0.625,82.75,26.125,-10,2512,11.663667404640522,18.444903322061453,0.7758620689655172,72.55172413793103,27.56896551724138,-13,6882,20.289835028858214,18.22087894568384,0.7010309278350515,58.7319587628866,24.45360824742268,-60
2025-05-18 17:11:31.548104,138,38848.451896,17.191944444444445,50,86,14,1,1.0,-3.299999999999997,5.700000000000003,-16.4,-7.399999999999999,-8.100000000000001,0.8999999999999986,-22.200000000000003,-13.200000000000003,0.0,0.0,0.0,0.0,0.0,1,31.3,19.5,52795.07,21935.27,100,0,-9.0,5.700000000000003,-13.5,10.200000000000003,0,0.0,0.0,0.0,0.0,0,15,19.5,22.7,0,-10.5,7.200000000000003,-15.5,12.200000000000003,0,0.0,0.0,0.0,0.0,0,100,15.8,19.4,0,9.43299934450792,14,114,2.8722813232690143,18.266545011760343,1.0,85.75,28.5,3,157,4.466808810815721,18.536964358250454,0.5714285714285714,82.57142857142857,22.428571428571427,-8,840,4.139243087006769,17.36999328343758,0.625,82.75,26.125,-10,2512,11.663667404640522,18.444903322061453,0.7758620689655172,72.55172413793103,27.56896551724138,-13,6882,20.289835028858214,18.22087894568384,0.7010309278350515,58.7319587628866,24.45360824742268,-60
2025-05-18 17:16:55.416270,138,38524.58373,17.281944444444445,24,82,18,1,1.0,-3.299999999999997,5.700000000000003,-16.4,-7.399999999999999,-8.100000000000001,0.8999999999999986,-22.200000000000003,-13.200000000000003,0.0,0.0,0.0,0.0,0.0,1,31.3,19.5,52795.07,21935.27,100,0,-9.0,5.700000000000003,-13.5,10.200000000000003,0,0.0,0.0,0.0,0.0,0,15,19.5,22.7,0,-10.5,7.200000000000003,-15.5,12.200000000000003,0,0.0,0.0,0.0,0.0,0,100,15.8,19.4,0,13.477373224197947,18,39,0.7071067811865476,6.363961030678928,1.0,81.5,19.5,1,39,0.7071067811865476,6.363961030678928,1.0,81.5,19.5,1,381,3.531674853766591,14.998787829809327,0.5454545454545454,82.54545454545455,20.181818181818183,3,2273,11.745562956208152,18.65120210783584,0.7636363636363637,73.50909090909092,27.054545454545455,-33,6721,19.970946466032622,18.158457980234203,0.7216494845360825,59.876288659793815,24.54639175257732,-52
2025-05-18 17:16:55.416270,138,38524.58373,17.281944444444445,15,81,19,1,1.0,-3.299999999999997,5.700000000000003,-16.4,-7.399999999999999,-8.100000000000001,0.8999999999999986,-22.200000000000003,-13.200000000000003,0.0,0.0,0.0,0.0,0.0,1,31.3,19.5,52795.07,21935.27,100,0,-9.0,5.700000000000003,-13.5,10.200000000000003,0,0.0,0.0,0.0,0.0,0,15,19.5,22.7,0,-10.5,7.200000000000003,-15.5,12.200000000000003,0,0.0,0.0,0.0,0.0,0,100,15.8,19.4,0,14.507873644507313,19,39,0.7071067811865476,6.363961030678928,1.0,81.5,19.5,1,39,0.7071067811865476,6.363961030678928,1.0,81.5,19.5,1,381,3.531674853766591,14.998787829809327,0.5454545454545454,82.54545454545455,20.181818181818183,3,2273,11.745562956208152,18.65120210783584,0.7636363636363637,73.50909090909092,27.054545454545455,-33,6721,19.970946466032622,18.158457980234203,0.7216494845360825,59.876288659793815,24.54639175257732,-52
2025-05-18 17:17:13.327397,138,38506.672603,17.286944444444448,21,91,9,1,1.0,-3.299999999999997,5.700000000000003,-16.4,-7.399999999999999,-8.100000000000001,0.8999999999999986,-22.200000000000003,-13.200000000000003,0.0,0.0,0.0,0.0,0.0,1,31.3,19.5,52795.07,21935.27,100,0,-9.0,5.700000000000003,-13.5,10.200000000000003,0,0.0,0.0,0.0,0.0,0,15,19.5,22.7,0,-10.5,7.200000000000003,-15.5,12.200000000000003,0,0.0,0.0,0.0,0.0,0,100,15.8,19.4,0,4.528423040604338,9,92,5.802298395176403,7.0710678118654755,1.0,86.5,23.0,-10,92,5.802298395176403,7.0710678118654755,1.0,86.5,23.0,-10,434,4.663002224274586,14.076257515441583,0.6153846153846154,83.92307692307692,21.153846153846153,-8,2326,12.008090422251676,18.344875610177414,0.7719298245614035,74.14035087719299,27.035087719298247,-44,6774,20.26576666946747,17.991500318041396,0.7272727272727273,60.515151515151516,24.585858585858585,-63
2025-05-18 17:17:13.327397,138,38506.672603,17.286944444444448,32,92,8,1,1.0,-3.299999999999997,5.700000000000003,-16.4,-7.399999999999999,-8.100000000000001,0.8999999999999986,-22.200000000000003,-13.200000000000003,0.0,0.0,0.0,0.0,0.0,1,31.3,19.5,52795.07,21935.27,100,0,-9.0,5.700000000000003,-13.5,10.200000000000003,0,0.0,0.0,0.0,0.0,0,15,19.5,22.7,0,-10.5,7.200000000000003,-15.5,12.200000000000003,0,0.0,0.0,0.0,0.0,0,100,15.8,19.4,0,3.537420758822975,8,92,5.802298395176403,7.0710678118654755,1.0,86.5,23.0,-10,92,5.802298395176403,7.0710678118654755,1.0,86.5,23.0,-10,434,4.663002224274586,14.076257515441583,0.6153846153846154,83.92307692307692,21.153846153846153,-8,2326,12.008090422251676,18.344875610177414,0.7719298245614035,74.14035087719299,27.035087719298247,-44,6774,20.26576666946747,17.991500318041396,0.7272727272727273,60.515151515151516,24.585858585858585,-63
2025-05-18 17:17:13.402931,138,38506.597069,17.286944444444448,21,11,89,0,3.0,-5.299999999999997,5.700000000000003,-18.4,-7.399999999999999,-10.100000000000001,0.8999999999999986,-24.200000000000003,-13.200000000000003,0.0,0.0,0.0,0.0,0.0,1,31.3,19.5,52795.07,21935.27,100,0,-11.0,5.700000000000003,-15.5,10.200000000000003,0,0.0,0.0,0.0,0.0,0,15,19.5,22.7,0,-12.5,7.200000000000003,-17.5,12.200000000000003,0,0.0,0.0,0.0,0.0,0,100,15.8,19.4,0,1.7637006482027147,11,113,,,0.0,11.0,21.0,0,113,,,0.0,11.0,21.0,0,455,0.8944271909999159,10.134100848126586,0.8,12.6,24.2,2,2347,9.667849826173239,35.490217744549774,0.6111111111111112,19.055555555555557,34.44444444444444,27,6795,10.979030560606887,32.035788655141154,0.5681818181818182,28.136363636363637,30.181818181818183,24
2025-05-18 17:20:41.738935,138,38298.261065,17.34472222222222,1,11,89,0,3.0,-5.299999999999997,5.700000000000003,-18.4,-7.399999999999999,-10.100000000000001,0.8999999999999986,-24.200000000000003,-13.200000000000003,0.0,0.0,0.0,0.0,0.0,1,31.3,19.5,52795.07,21935.27,100,0,-11.0,5.700000000000003,-15.5,10.200000000000003,0,0.0,0.0,0.0,0.0,0,15,19.5,22.7,0,-12.5,7.200000000000003,-17.5,12.200000000000003,0,0.0,0.0,0.0,0.0,0,100,15.8,19.4,0,1.785799522673031,11,11,1.4142135623730951,6.363961030678928,0.0,10.0,5.5,2,124,1.1547005383792517,10.016652800877813,0.0,10.333333333333334,10.666666666666666,2,381,1.5735915849388864,12.588732679511091,0.5714285714285714,11.857142857142858,18.857142857142858,4,1948,4.959393938304772,36.32158246746934,0.47058823529411764,14.705882352941176,33.588235294117645,17,6795,11.273718243968911,32.035788655141154,0.5227272727272727,26.795454545454547,30.181818181818183,27
2025-05-18 17:20:41.738935,138,38298.261065,17.34472222222222,10,9,91,0,3.0,-5.299999999999997,5.700000000000003,-18.4,-7.399999999999999,-10.100000000000001,0.8999999999999986,-24.200000000000003,-13.200000000000003,0.0,0.0,0.0,0.0,0.0,1,31.3,19.5,52795.07,21935.27,100,0,-11.0,5.700000000000003,-15.5,10.200000000000003,0,0.0,0.0,0.0,0.0,0,15,19.5,22.7,0,-12.5,7.200000000000003,-17.5,12.200000000000003,0,0.0,0.0,0.0,0.0,0,100,15.8,19.4,0,3.7868656716417917,9,11,1.4142135623730951,6.363961030678928,0.0,10.0,5.5,2,124,1.1547005383792517,10.016652800877813,0.0,10.333333333333334,10.666666666666666,2,381,1.5735915849388864,12.588732679511091,0.5714285714285714,11.857142857142858,18.857142857142858,4,1948,4.959393938304772,36.32158246746934,0.47058823529411764,14.705882352941176,33.588235294117645,17,6795,11.273718243968911,32.035788655141154,0.5227272727272727,26.795454545454547,30.181818181818183,27
2025-05-18 17:28:29.769914,138,37830.230086,17.47472222222222,1,17,83,1,3.0,-5.299999999999997,5.700000000000003,-18.4,-7.399999999999999,-10.100000000000001,0.8999999999999986,-24.200000000000003,-13.200000000000003,0.0,0.0,0.0,0.0,0.0,1,31.3,19.5,52795.07,21935.27,100,0,-11.0,5.700000000000003,-15.5,10.200000000000003,0,0.0,0.0,0.0,0.0,0,15,19.5,22.7,0,-12.5,7.200000000000003,-17.5,12.200000000000003,0,0.0,0.0,0.0,0.0,0,100,15.8,19.4,0,-4.190390390390391,-17,1,,,1.0,17.0,1.0,0,1,,,1.0,17.0,1.0,0,125,3.4641016151377544,9.5,0.25,12.0,8.25,-6,1766,2.473189573539939,35.01041511702863,0.5625,13.375,27.4375,-1,6693,11.27683550591584,32.14932784964458,0.5454545454545454,26.363636363636363,30.045454545454547,29
2025-05-18 17:28:35.024593,138,37824.975407,17.476388888888888,1,12,88,1,5.0,-7.299999999999997,5.700000000000003,-20.4,-7.399999999999999,-12.100000000000001,0.8999999999999986,-26.200000000000003,-13.200000000000003,0.0,0.0,0.0,0.0,0.0,1,31.3,19.5,52795.07,21935.27,100,0,-13.0,5.700000000000003,-17.5,10.200000000000003,0,0.0,0.0,0.0,0.0,0,15,19.5,22.7,0,-14.5,7.200000000000003,-19.5,12.200000000000003,0,0.0,0.0,0.0,0.0,0,100,15.8,19.4,0,-10.80695652173913,-12,2,,,1.0,12.0,1.0,0,2,,,1.0,12.0,1.0,0,126,,,1.0,12.0,1.0,0,1767,6.075908711186061,28.53506614676055,0.5,9.75,16.25,-5,6694,12.98325884945559,60.64340327066454,0.38571428571428573,22.585714285714285,34.17142857142857,36
2025-05-18 17:32:22.820454,138,37597.179546,17.539444444444445,5,10,90,0,3.0,-5.299999999999997,5.700000000000003,-18.4,-7.399999999999999,-10.100000000000001,0.8999999999999986,-24.200000000000003,-13.200000000000003,0.0,0.0,0.0,0.0,0.0,1,31.3,19.5,52795.07,21935.27,100,0,-11.0,5.700000000000003,-15.5,10.200000000000003,0,0.0,0.0,0.0,0.0,0,15,19.5,22.7,0,-12.5,7.200000000000003,-17.5,12.200000000000003,0,0.0,0.0,0.0,0.0,0,100,15.8,19.4,0,2.8070913461538396,10,5,,,0.0,10.0,5.0,0,7,4.949747468305833,2.8284271247461903,0.5,13.5,3.0,7,18,3.593976442141304,4.272001872658765,0.25,11.75,4.25,1,1631,2.5306939294797943,34.33271463367916,0.5294117647058824,13.176470588235293,26.11764705882353,6,5757,10.745049909654938,32.417192818686544,0.5365853658536586,24.51219512195122,32.02439024390244,28
2025-05-18 17:34:54.503142,138,37445.496858,17.581666666666667,13,14,86,1,3.0,-5.299999999999997,5.700000000000003,-18.4,-7.399999999999999,-10.100000000000001,0.8999999999999986,-24.200000000000003,-13.200000000000003,0.0,0.0,0.0,0.0,0.0,1,31.3,19.5,52795.07,21935.27,100,0,-11.0,5.700000000000003,-15.5,10.200000000000003,0,0.0,0.0,0.0,0.0,0,15,19.5,22.7,0,-12.5,7.200000000000003,-17.5,12.200000000000003,0,0.0,0.0,0.0,0.0,0,100,15.8,19.4,0,-1.1844484629294758,-14,13,,,1.0,14.0,13.0,0,18,2.8284271247461903,5.656854249492381,0.5,12.0,9.0,-4,31,3.271085446759225,5.385164807134504,0.4,12.2,6.0,-3,1511,2.462795053820797,33.450822356705515,0.5555555555555556,13.222222222222221,25.38888888888889,2,5768,10.645163793719755,32.1834111184553,0.5365853658536586,23.926829268292682,32.31707317073171,25
2025-05-18 17:35:21.108530,138,37418.89147,17.589166666666664,24,84,16,1,1.0,-3.299999999999997,5.700000000000003,-16.4,-7.399999999999999,-8.100000000000001,0.8999999999999986,-22.200000000000003,-13.200000000000003,0.0,0.0,0.0,0.0,0.0,1,31.3,19.5,52795.07,21935.27,100,0,-9.0,5.700000000000003,-13.5,10.200000000000003,0,0.0,0.0,0.0,0.0,0,15,19.5,22.7,0,-10.5,7.200000000000003,-15.5,12.200000000000003,0,0.0,0.0,0.0,0.0,0,100,15.8,19.4,0,11.548163613931862,16,37,,,1.0,84.0,24.0,0,42,,,1.0,84.0,24.0,0,55,,,1.0,84.0,24.0,0,1535,5.310050720611073,19.1233501512785,0.7714285714285715,80.74285714285715,28.942857142857143,-8,5792,19.327305208103475,17.614546514551325,0.7446808510638298,62.702127659574465,25.914893617021278,-62
2025-05-18 17:35:29.375212,138,37410.624788,17.591388888888886,1,84,16,0,1.0,-3.299999999999997,5.700000000000003,-16.4,-7.399999999999999,-8.100000000000001,0.8999999999999986,-22.200000000000003,-13.200000000000003,0.0,0.0,0.0,0.0,0.0,1,31.3,19.5,52795.07,21935.27,100,0,-9.0,5.700000000000003,-13.5,10.200000000000003,0,0.0,0.0,0.0,0.0,0,15,19.5,22.7,0,-10.5,7.200000000000003,-15.5,12.200000000000003,0,0.0,0.0,0.0,0.0,0,100,15.8,19.4,0,11.57452677637211,-16,38,0.0,16.263455967290593,0.5,84.0,12.5,0,43,0.0,16.263455967290593,0.5,84.0,12.5,0,56,0.0,16.263455967290593,0.5,84.0,12.5,0,1536,5.261721608534064,19.415016279747412,0.75,80.83333333333333,28.166666666666668,-8,5793,19.348012215928716,17.706092484967606,0.7368421052631579,62.92631578947368,25.652631578947368,-62
2025-05-18 17:35:46.486696,138,37393.513304,17.59611111111111,21,13,87,1,3.0,-5.299999999999997,5.700000000000003,-18.4,-7.399999999999999,-10.100000000000001,0.8999999999999986,-24.200000000000003,-13.200000000000003,0.0,0.0,0.0,0.0,0.0,1,31.3,19.5,52795.07,21935.27,100,0,-11.0,5.700000000000003,-15.5,10.200000000000003,0,0.0,0.0,0.0,0.0,0,15,19.5,22.7,0,-12.5,7.200000000000003,-17.5,12.200000000000003,0,0.0,0.0,0.0,0.0,0,100,15.8,19.4,0,-0.19380315917375412,-13,59,0.7071067811865476,5.656854249492381,1.0,13.5,17.0,1,64,2.0816659994661326,8.0,0.6666666666666666,12.333333333333334,13.0,-3,66,2.886751345948129,8.86942313043338,0.75,13.5,10.0,4,1557,2.3939494881986927,32.52394529487251,0.5789473684210527,13.210526315789474,25.157894736842106,3,5814,10.648867262941154,31.836435930068937,0.5476190476190477,23.666666666666668,32.04761904761905,26
2025-05-18 17:43:21.920924,138,36938.079076,17.722499999999997,10,54,46,0,1.0,-3.299999999999997,5.700000000000003,-16.4,-7.399999999999999,-8.100000000000001,0.8999999999999986,-22.200000000000003,-13.200000000000003,0.0,0.0,0.0,0.0,0.0,1,31.3,19.5,52795.07,21935.27,100,0,-9.0,5.700000000000003,-13.5,10.200000000000003,0,0.0,0.0,0.0,0.0,0,15,19.5,22.7,0,-10.5,7.200000000000003,-15.5,12.200000000000003,0,0.0,0.0,0.0,0.0,0,100,15.8,19.4,0,41.57562785388127,-46,10,,,0.0,54.0,10.0,0,10,,,0.0,54.0,10.0,0,76,17.320508075688775,11.590225767142474,0.3333333333333333,74.0,11.666666666666666,30,1264,7.145793559248534,16.562361786804118,0.6774193548387096,80.93548387096774,23.387096774193548,22,5798,19.267461890952276,17.684959289964997,0.7291666666666666,62.833333333333336,25.489583333333332,-32
2025-05-18 17:49:49.886477,138,36550.113523,17.830277777777777,19,83,17,1,1.0,-3.299999999999997,5.700000000000003,-16.4,-7.399999999999999,-8.100000000000001,0.8999999999999986,-22.200000000000003,-13.200000000000003,0.0,0.0,0.0,0.0,0.0,1,31.3,19.5,52795.07,21935.27,100,0,-9.0,5.700000000000003,-13.5,10.200000000000003,0,0.0,0.0,0.0,0.0,0,15,19.5,22.7,0,-10.5,7.200000000000003,-15.5,12.200000000000003,0,0.0,0.0,0.0,0.0,0,100,15.8,19.4,0,12.6152161493049,17,19,,,1.0,83.0,19.0,0,19,,,1.0,83.0,19.0,0,88,14.84082207965583,10.14889156509222,0.5,76.25,13.5,1,1283,7.039061521024958,16.311484179222695,0.6875,81.0,23.25,-7,5181,18.01080710643273,17.654693490604444,0.7303370786516854,65.50561797752809,25.247191011235955,-35
2025-05-18 17:55:46.176461,138,36193.823539,17.929444444444446,23,84,16,1,1.0,-3.299999999999997,5.700000000000003,-16.4,-7.399999999999999,-8.100000000000001,0.8999999999999986,-22.200000000000003,-13.200000000000003,0.0,0.0,0.0,0.0,0.0,1,31.3,19.5,52795.07,21935.27,100,0,-9.0,5.700000000000003,-13.5,10.200000000000003,0,0.0,0.0,0.0,0.0,0,15,19.5,22.7,0,-10.5,7.200000000000003,-15.5,12.200000000000003,0,0.0,0.0,0.0,0.0,0,100,15.8,19.4,0,11.638080702089098,16,23,,,1.0,84.0,23.0,0,23,,,1.0,84.0,23.0,0,52,17.03917055884274,6.6583281184793925,0.6666666666666666,73.66666666666667,17.333333333333332,-30,1160,7.032889766059074,15.422631093868187,0.7037037037037037,82.0,24.62962962962963,-6,4725,18.017441328687223,17.455371373462537,0.7303370786516854,65.91011235955057,24.9438202247191,-57
2025-05-18 18:00:38.514383,138,35901.485617,18.010555555555555,9,87,13,0,1.0,-3.299999999999997,7.200000000000003,-16.4,-5.899999999999999,-8.100000000000001,2.3999999999999986,-22.200000000000003,-11.700000000000003,0.0,0.0,0.0,0.0,0.0,1,31.3,19.5,52795.07,21935.27,100,0,-10.5,7.200000000000003,-15.5,12.200000000000003,0,0.0,0.0,0.0,0.0,0,100,15.8,19.4,0,-11.100000000000001,7.800000000000004,-16.6,13.300000000000004,0,0.0,0.0,0.0,0.0,0,50,15.5,18.4,0,8.663671128107069,-13,25,0.0,7.023769168568492,0.0,87.0,8.333333333333334,0,48,1.5,9.309493362512628,0.25,86.25,12.0,-3,67,1.9493588689617927,8.648699324175862,0.4,85.6,13.4,-4,729,7.033965216481146,14.405785874663925,0.6,82.68,19.88,-4,4223,15.330641585679688,17.59097999063191,0.7647058823529411,69.6,24.529411764705884,-59
2025-05-18 18:00:38.514383,138,35901.485617,18.010555555555555,1,87,13,0,1.0,-3.299999999999997,7.200000000000003,-16.4,-5.899999999999999,-8.100000000000001,2.3999999999999986,-22.200000000000003,-11.700000000000003,0.0,0.0,0.0,0.0,0.0,1,31.3,19.5,52795.07,21935.27,100,0,-10.5,7.200000000000003,-15.5,12.200000000000003,0,0.0,0.0,0.0,0.0,0,100,15.8,19.4,0,-11.100000000000001,7.800000000000004,-16.6,13.300000000000004,0,0.0,0.0,0.0,0.0,0,50,15.5,18.4,0,8.67113194909578,-13,25,0.0,7.023769168568492,0.0,87.0,8.333333333333334,0,48,1.5,9.309493362512628,0.25,86.25,12.0,-3,67,1.9493588689617927,8.648699324175862,0.4,85.6,13.4,-4,729,7.033965216481146,14.405785874663925,0.6,82.68,19.88,-4,4223,15.330641585679688,17.59097999063191,0.7647058823529411,69.6,24.529411764705884,-59
2025-05-18 18:00:38.514383,138,35901.485617,18.010555555555555,15,87,13,0,1.0,-3.299999999999997,7.200000000000003,-16.4,-5.899999999999999,-8.100000000000001,2.3999999999999986,-22.200000000000003,-11.700000000000003,0.0,0.0,0.0,0.0,0.0,1,31.3,19.5,52795.07,21935.27,100,0,-10.5,7.200000000000003,-15.5,12.200000000000003,0,0.0,0.0,0.0,0.0,0,100,15.8,19.4,0,-11.100000000000001,7.800000000000004,-16.6,13.300000000000004,0,0.0,0.0,0.0,0.0,0,50,15.5,18.4,0,8.671961722488035,-13,25,0.0,7.023769168568492,0.0,87.0,8.333333333333334,0,48,1.5,9.309493362512628,0.25,86.25,12.0,-3,67,1.9493588689617927,8.648699324175862,0.4,85.6,13.4,-4,729,7.033965216481146,14.405785874663925,0.6,82.68,19.88,-4,4223,15.330641585679688,17.59097999063191,0.7647058823529411,69.6,24.529411764705884,-59
2025-05-18 18:05:44.708062,138,35595.291938,18.095555555555553,9,87,13,0,1.0,-3.299999999999997,7.200000000000003,-16.4,-5.899999999999999,-8.100000000000001,2.3999999999999986,-22.200000000000003,-11.700000000000003,0.0,0.0,0.0,0.0,0.0,1,31.3,19.5,52795.07,21935.27,100,0,-10.5,7.200000000000003,-15.5,12.200000000000003,0,0.0,0.0,0.0,0.0,0,100,15.8,19.4,0,-11.100000000000001,7.800000000000004,-16.6,13.300000000000004,0,0.0,0.0,0.0,0.0,0,50,15.5,18.4,0,8.684427407762342,-13,9,,,0.0,87.0,9.0,0,9,,,0.0,87.0,9.0,0,57,1.3416407864998738,8.17312669668102,0.2,86.4,11.4,-3,533,7.877182237323191,13.22676711902998,0.55,83.05,18.0,-9,3223,12.50121435542805,17.70760512546175,0.7333333333333333,73.49333333333334,25.186666666666667,-33
2025-05-18 18:07:32.265293,138,35487.734707,18.125555555555557,17,6,94,1,5.0,-7.299999999999997,7.200000000000003,-20.4,-5.899999999999999,-12.100000000000001,2.3999999999999986,-26.200000000000003,-11.700000000000003,0.0,0.0,0.0,0.0,0.0,1,31.3,19.5,52795.07,21935.27,100,0,-14.5,7.200000000000003,-19.5,12.200000000000003,0,0.0,0.0,0.0,0.0,0,100,15.8,19.4,0,-15.100000000000001,7.800000000000004,-20.6,13.300000000000004,0,0.0,0.0,0.0,0.0,0,50,15.5,18.4,0,-4.894184938036225,-6,26,,,1.0,6.0,17.0,0,26,,,1.0,6.0,17.0,0,74,,,1.0,6.0,17.0,0,450,4.242640687119285,11.313708498984761,1.0,9.0,9.0,6,3220,3.712283091526559,19.85609996656828,0.3888888888888889,6.611111111111111,23.166666666666668,-2
2025-05-18 18:08:18.206739,138,35441.793261,18.138333333333332,250,86,14,0,1.0,-3.299999999999997,7.200000000000003,-16.4,-5.899999999999999,-8.100000000000001,2.3999999999999986,-22.200000000000003,-11.700000000000003,0.0,0.0,0.0,0.0,0.0,1,31.3,19.5,52795.07,21935.27,100,0,-10.5,7.200000000000003,-15.5,12.200000000000003,0,0.0,0.0,0.0,0.0,0,100,15.8,19.4,0,-11.100000000000001,7.800000000000004,-16.6,13.300000000000004,0,0.0,0.0,0.0,0.0,0,50,15.5,18.4,0,9.691924036063682,-14,267,,,0.0,86.0,250.0,0,276,0.7071067811865476,170.41273426595797,0.0,86.5,129.5,1,324,1.2110601416389968,97.6819669471631,0.16666666666666666,86.33333333333333,51.166666666666664,-2,700,7.704667725600163,52.242201514174525,0.5238095238095238,83.19047619047619,29.047619047619047,-8,3069,12.258845779590875,31.61200521428827,0.7123287671232876,74.32876712328768,28.28767123287671,-37
2025-05-18 18:08:23.645504,138,35436.354496,18.139722222222222,10,78,22,0,1.0,-3.299999999999997,7.200000000000003,-16.4,-5.899999999999999,-8.100000000000001,2.3999999999999986,-22.200000000000003,-11.700000000000003,0.0,0.0,0.0,0.0,0.0,1,31.3,19.5,52795.07,21935.27,100,0,-10.5,7.200000000000003,-15.5,12.200000000000003,0,0.0,0.0,0.0,0.0,0,100,15.8,19.4,0,-11.100000000000001,7.800000000000004,-16.6,13.300000000000004,0,0.0,0.0,0.0,0.0,0,50,15.5,18.4,0,17.93003144654088,-22,277,5.656854249492381,169.7056274847714,0.0,82.0,130.0,8,286,4.932882862316247,138.8536399714942,0.0,83.66666666666667,89.66666666666667,9,334,3.338091841585121,90.5183485740401,0.14285714285714285,85.14285714285714,45.285714285714285,6,667,7.951608024509168,54.54275644576238,0.5789473684210527,83.6842105263158,30.36842105263158,11,3079,12.182069355108629,31.466633421481482,0.7027027027027027,74.37837837837837,28.04054054054054,-29
2025-05-18 18:08:31.749467,138,35428.250533,18.141944444444444,50,16,84,1,3.0,-5.299999999999997,7.200000000000003,-18.4,-5.899999999999999,-10.100000000000001,2.3999999999999986,-24.200000000000003,-11.700000000000003,0.0,0.0,0.0,0.0,0.0,1,31.3,19.5,52795.07,21935.27,100,0,-12.5,7.200000000000003,-17.5,12.200000000000003,0,0.0,0.0,0.0,0.0,0,100,15.8,19.4,0,-13.100000000000001,7.800000000000004,-18.6,13.300000000000004,0,0.0,0.0,0.0,0.0,0,50,15.5,18.4,0,-3.196307692307693,-16,429,1.51657508881031,17.586926962946087,1.0,17.4,30.4,-3,438,1.51657508881031,17.586926962946087,1.0,17.4,30.4,-3,486,1.51657508881031,17.586926962946087,1.0,17.4,30.4,-3,819,3.498917581542075,16.109473967673544,0.6666666666666666,14.333333333333334,18.666666666666668,-8,3231,8.485616171980784,32.0791221163793,0.6060606060606061,18.545454545454547,28.848484848484848,18
2025-05-18 18:08:31.749467,138,35428.250533,18.141944444444444,19,19,81,1,3.0,-5.299999999999997,7.200000000000003,-18.4,-5.899999999999999,-10.100000000000001,2.3999999999999986,-24.200000000000003,-11.700000000000003,0.0,0.0,0.0,0.0,0.0,1,31.3,19.5,52795.07,21935.27,100,0,-12.5,7.200000000000003,-17.5,12.200000000000003,0,0.0,0.0,0.0,0.0,0,100,15.8,19.4,0,-13.100000000000001,7.800000000000004,-18.6,13.300000000000004,0,0.0,0.0,0.0,0.0,0,50,15.5,18.4,0,-6.297777777777778,-19,429,1.51657508881031,17.586926962946087,1.0,17.4,30.4,-3,438,1.51657508881031,17.586926962946087,1.0,17.4,30.4,-3,486,1.51657508881031,17.586926962946087,1.0,17.4,30.4,-3,819,3.498917581542075,16.109473967673544,0.6666666666666666,14.333333333333334,18.666666666666668,-8,3231,8.485616171980784,32.0791221163793,0.6060606060606061,18.545454545454547,28.848484848484848,18
2025-05-18 18:08:31.749467,138,35428.250533,18.141944444444444,14,17,83,1,3.0,-5.299999999999997,7.200000000000003,-18.4,-5.899999999999999,-10.100000000000001,2.3999999999999986,-24.200000000000003,-11.700000000000003,0.0,0.0,0.0,0.0,0.0,1,31.3,19.5,52795.07,21935.27,100,0,-12.5,7.200000000000003,-17.5,12.200000000000003,0,0.0,0.0,0.0,0.0,0,100,15.8,19.4,0,-13.100000000000001,7.800000000000004,-18.6,13.300000000000004,0,0.0,0.0,0.0,0.0,0,50,15.5,18.4,0,-4.374678663239074,-17,429,1.51657508881031,17.586926962946087,1.0,17.4,30.4,-3,438,1.51657508881031,17.586926962946087,1.0,17.4,30.4,-3,486,1.51657508881031,17.586926962946087,1.0,17.4,30.4,-3,819,3.498917581542075,16.109473967673544,0.6666666666666666,14.333333333333334,18.666666666666668,-8,3231,8.485616171980784,32.0791221163793,0.6060606060606061,18.545454545454547,28.848484848484848,18
2025-05-18 18:08:31.749467,138,35428.250533,18.141944444444444,20,16,84,1,3.0,-5.299999999999997,7.200000000000003,-18.4,-5.899999999999999,-10.100000000000001,2.3999999999999986,-24.200000000000003,-11.700000000000003,0.0,0.0,0.0,0.0,0.0,1,31.3,19.5,52795.07,21935.27,100,0,-12.5,7.200000000000003,-17.5,12.200000000000003,0,0.0,0.0,0.0,0.0,0,100,15.8,19.4,0,-13.100000000000001,7.800000000000004,-18.6,13.300000000000004,0,0.0,0.0,0.0,0.0,0,50,15.5,18.4,0,-3.4143968871595334,-16,429,1.51657508881031,17.586926962946087,1.0,17.4,30.4,-3,438,1.51657508881031,17.586926962946087,1.0,17.4,30.4,-3,486,1.51657508881031,17.586926962946087,1.0,17.4,30.4,-3,819,3.498917581542075,16.109473967673544,0.6666666666666666,14.333333333333334,18.666666666666668,-8,3231,8.485616171980784,32.0791221163793,0.6060606060606061,18.545454545454547,28.848484848484848,18
2025-05-18 18:08:31.749467,138,35428.250533,18.141944444444444,49,19,81,1,3.0,-5.299999999999997,7.200000000000003,-18.4,-5.899999999999999,-10.100000000000001,2.3999999999999986,-24.200000000000003,-11.700000000000003,0.0,0.0,0.0,0.0,0.0,1,31.3,19.5,52795.07,21935.27,100,0,-12.5,7.200000000000003,-17.5,12.200000000000003,0,0.0,0.0,0.0,0.0,0,100,15.8,19.4,0,-13.100000000000001,7.800000000000004,-18.6,13.300000000000004,0,0.0,0.0,0.0,0.0,0,50,15.5,18.4,0,-6.459264126149803,-19,429,1.51657508881031,17.586926962946087,1.0,17.4,30.4,-3,438,1.51657508881031,17.586926962946087,1.0,17.4,30.4,-3,486,1.51657508881031,17.586926962946087,1.0,17.4,30.4,-3,819,3.498917581542075,16.109473967673544,0.6666666666666666,14.333333333333334,18.666666666666668,-8,3231,8.485616171980784,32.0791221163793,0.6060606060606061,18.545454545454547,28.848484848484848,18
2025-05-18 18:08:39.145999,138,35420.854001,18.144166666666667,22,22,78,1,3.0,-5.299999999999997,7.200000000000003,-18.4,-5.899999999999999,-10.100000000000001,2.3999999999999986,-24.200000000000003,-11.700000000000003,0.0,0.0,0.0,0.0,0.0,1,31.3,19.5,52795.07,21935.27,100,0,-12.5,7.200000000000003,-17.5,12.200000000000003,0,0.0,0.0,0.0,0.0,0,100,15.8,19.4,0,-13.100000000000001,7.800000000000004,-18.6,13.300000000000004,0,0.0,0.0,0.0,0.0,0,50,15.5,18.4,0,-9.674134419551935,-22,465,2.370453040886408,15.752550813847805,1.0,18.571428571428573,26.857142857142858,-5,474,2.370453040886408,15.752550813847805,1.0,18.571428571428573,26.857142857142858,-5,522,2.370453040886408,15.752550813847805,1.0,18.571428571428573,26.857142857142858,-5,855,4.143709650823724,14.903351640147598,0.7142857142857143,15.357142857142858,18.571428571428573,-10,3267,8.262500079456895,31.241079399034966,0.6285714285714286,18.714285714285715,28.228571428571428,16
2025-05-18 18:08:39.145999,138,35420.854001,18.144166666666667,14,21,79,1,3.0,-5.299999999999997,7.200000000000003,-18.4,-5.899999999999999,-10.100000000000001,2.3999999999999986,-24.200000000000003,-11.700000000000003,0.0,0.0,0.0,0.0,0.0,1,31.3,19.5,52795.07,21935.27,100,0,-12.5,7.200000000000003,-17.5,12.200000000000003,0,0.0,0.0,0.0,0.0,0,100,15.8,19.4,0,-13.100000000000001,7.800000000000004,-18.6,13.300000000000004,0,0.0,0.0,0.0,0.0,0,50,15.5,18.4,0,-8.820813232253618,-21,465,2.370453040886408,15.752550813847805,1.0,18.571428571428573,26.857142857142858,-5,474,2.370453040886408,15.752550813847805,1.0,18.571428571428573,26.857142857142858,-5,522,2.370453040886408,15.752550813847805,1.0,18.571428571428573,26.857142857142858,-5,855,4.143709650823724,14.903351640147598,0.7142857142857143,15.357142857142858,18.571428571428573,-10,3267,8.262500079456895,31.241079399034966,0.6285714285714286,18.714285714285715,28.228571428571428,16
2025-05-18 18:11:52.608852,138,35227.391148,18.197777777777777,3,22,78,1,3.0,-5.299999999999997,7.200000000000003,-18.4,-5.899999999999999,-10.100000000000001,2.3999999999999986,-24.200000000000003,-11.700000000000003,0.0,0.0,0.0,0.0,0.0,1,31.3,19.5,52795.07,21935.27,100,0,-12.5,7.200000000000003,-17.5,12.200000000000003,0,0.0,0.0,0.0,0.0,0,100,15.8,19.4,0,-13.100000000000001,7.800000000000004,-18.6,13.300000000000004,0,0.0,0.0,0.0,0.0,0,50,15.5,18.4,0,-9.906750173973556,-22,97,0.5773502691896258,25.482019804821856,1.0,21.666666666666668,32.333333333333336,1,562,2.4608038433722332,17.796691327946952,1.0,19.5,28.5,-5,596,2.4608038433722332,17.796691327946952,1.0,19.5,28.5,-5,838,4.487728365482133,17.05505790081054,0.7647058823529411,16.470588235294116,21.0,-10,3350,7.474380667745413,30.618499187460063,0.6486486486486487,18.45945945945946,29.2972972972973,3
2025-05-18 18:11:52.608852,138,35227.391148,18.197777777777777,49,22,78,1,3.0,-5.299999999999997,7.200000000000003,-18.4,-5.899999999999999,-10.100000000000001,2.3999999999999986,-24.200000000000003,-11.700000000000003,0.0,0.0,0.0,0.0,0.0,1,31.3,19.5,52795.07,21935.27,100,0,-12.5,7.200000000000003,-17.5,12.200000000000003,0,0.0,0.0,0.0,0.0,0,100,15.8,19.4,0,-13.100000000000001,7.800000000000004,-18.6,13.300000000000004,0,0.0,0.0,0.0,0.0,0,50,15.5,18.4,0,-9.927475592747559,-22,97,0.5773502691896258,25.482019804821856,1.0,21.666666666666668,32.333333333333336,1,562,2.4608038433722332,17.796691327946952,1.0,19.5,28.5,-5,596,2.4608038433722332,17.796691327946952,1.0,19.5,28.5,-5,838,4.487728365482133,17.05505790081054,0.7647058823529411,16.470588235294116,21.0,-10,3350,7.474380667745413,30.618499187460063,0.6486486486486487,18.45945945945946,29.2972972972973,3
2025-05-18 18:11:52.608852,138,35227.391148,18.197777777777777,45,21,79,1,3.0,-5.299999999999997,7.200000000000003,-18.4,-5.899999999999999,-10.100000000000001,2.3999999999999986,-24.200000000000003,-11.700000000000003,0.0,0.0,0.0,0.0,0.0,1,31.3,19.5,52795.07,21935.27,100,0,-12.5,7.200000000000003,-17.5,12.200000000000003,0,0.0,0.0,0.0,0.0,0,100,15.8,19.4,0,-13.100000000000001,7.800000000000004,-18.6,13.300000000000004,0,0.0,0.0,0.0,0.0,0,50,15.5,18.4,0,-9.27870036101083,-21,97,0.5773502691896258,25.482019804821856,1.0,21.666666666666668,32.333333333333336,1,562,2.4608038433722332,17.796691327946952,1.0,19.5,28.5,-5,596,2.4608038433722332,17.796691327946952,1.0,19.5,28.5,-5,838,4.487728365482133,17.05505790081054,0.7647058823529411,16.470588235294116,21.0,-10,3350,7.474380667745413,30.618499187460063,0.6486486486486487,18.45945945945946,29.2972972972973,3
2025-05-18 18:12:14.826677,138,35205.173323,18.203888888888887,5,81,19,1,1.0,-3.299999999999997,7.200000000000003,-16.4,-5.899999999999999,-8.100000000000001,2.3999999999999986,-22.200000000000003,-11.700000000000003,0.0,0.0,0.0,0.0,0.0,1,31.3,19.5,52795.07,21935.27,100,0,-10.5,7.200000000000003,-15.5,12.200000000000003,0,0.0,0.0,0.0,0.0,0,100,15.8,19.4,0,-11.100000000000001,7.800000000000004,-16.6,13.300000000000004,0,0.0,0.0,0.0,0.0,0,50,15.5,18.4,0,14.947668699586856,19,102,,,1.0,81.0,5.0,0,567,4.041451884327381,140.02975874196648,0.3333333333333333,81.66666666666667,88.33333333333333,5,601,3.683941988065036,91.5072206362505,0.14285714285714285,84.71428571428571,42.714285714285715,6,843,8.547904226573124,59.52982445799752,0.5,83.0,29.25,1,3355,11.831784075196493,31.532688445128873,0.7162162162162162,74.8108108108108,27.93243243243243,-8
2025-05-18 18:12:14.905023,138,35205.094977,18.203888888888887,5,22,78,0,3.0,-5.299999999999997,7.200000000000003,-18.4,-5.899999999999999,-10.100000000000001,2.3999999999999986,-24.200000000000003,-11.700000000000003,0.0,0.0,0.0,0.0,0.0,1,31.3,19.5,52795.07,21935.27,100,0,-12.5,7.200000000000003,-17.5,12.200000000000003,0,0.0,0.0,0.0,0.0,0,100,15.8,19.4,0,-13.100000000000001,7.800000000000004,-18.6,13.300000000000004,0,0.0,0.0,0.0,0.0,0,50,15.5,18.4,0,-10.590298507462691,22,107,0.5,24.89310480166479,0.75,21.75,25.5,0,572,2.4531982835029496,18.309957549228383,0.9090909090909091,19.727272727272727,26.363636363636363,-6,606,2.4531982835029496,18.309957549228383,0.9090909090909091,19.727272727272727,26.363636363636363,-6,848,4.54462262143314,16.97017760969446,0.7222222222222222,16.77777777777778,20.11111111111111,-11,3360,7.3950215847538825,30.45801391529487,0.631578947368421,18.55263157894737,28.657894736842106,2
2025-05-18 18:17:06.349071,138,34913.650929,18.285,4,82,18,1,1.0,-3.299999999999997,7.200000000000003,-16.4,-5.899999999999999,-8.100000000000001,2.3999999999999986,-22.200000000000003,-11.700000000000003,0.0,0.0,0.0,0.0,0.0,1,31.3,19.5,52795.07,21935.27,100,0,-10.5,7.200000000000003,-15.5,12.200000000000003,0,0.0,0.0,0.0,0.0,0,100,15.8,19.4,0,-11.100000000000001,7.800000000000004,-16.6,13.300000000000004,0,0.0,0.0,0.0,0.0,0,50,15.5,18.4,0,13.955024111800014,18,4,,,1.0,82.0,4.0,0,14,0.7071067811865476,0.7071067811865476,1.0,81.5,4.5,-1,585,3.7013511046643495,108.70280585155105,0.4,82.8,55.6,5,813,8.83068244140578,61.85335961156916,0.4666666666666667,83.13333333333334,28.866666666666667,9,3086,11.815699981192338,32.38922513370619,0.7,75.57142857142857,27.442857142857143,-34
2025-05-18 18:17:06.404679,138,34913.595321,18.285,5,22,78,0,3.0,-5.299999999999997,7.200000000000003,-18.4,-5.899999999999999,-10.100000000000001,2.3999999999999986,-24.200000000000003,-11.700000000000003,0.0,0.0,0.0,0.0,0.0,1,31.3,19.5,52795.07,21935.27,100,0,-12.5,7.200000000000003,-17.5,12.200000000000003,0,0.0,0.0,0.0,0.0,0,100,15.8,19.4,0,-13.100000000000001,7.800000000000004,-18.6,13.300000000000004,0,0.0,0.0,0.0,0.0,0,50,15.5,18.4,0,-10.629962546816472,22,9,,,0.0,22.0,5.0,0,19,0.0,0.0,0.0,22.0,5.0,0,590,2.4293034292807376,18.515145315676193,0.8333333333333334,19.916666666666668,24.583333333333332,-6,818,4.5761906065893125,16.852473051549925,0.6842105263157895,17.05263157894737,19.31578947368421,-11,3091,7.46845216746936,28.589208753354075,0.6666666666666666,18.22222222222222,26.833333333333332,16
2025-05-18 18:17:06.409723,138,34913.590277,18.285,5,82,18,0,1.0,-3.299999999999997,7.200000000000003,-16.4,-5.899999999999999,-8.100000000000001,2.3999999999999986,-22.200000000000003,-11.700000000000003,0.0,0.0,0.0,0.0,0.0,1,31.3,19.5,52795.07,21935.27,100,0,-10.5,7.200000000000003,-15.5,12.200000000000003,0,0.0,0.0,0.0,0.0,0,100,15.8,19.4,0,-11.100000000000001,7.800000000000004,-16.6,13.300000000000004,0,0.0,0.0,0.0,0.0,0,50,15.5,18.4,0,13.960519838535006,-18,14,0.0,0.7071067811865476,0.5,82.0,4.5,0,24,0.5773502691896257,0.5773502691896258,0.6666666666666666,81.66666666666667,4.666666666666667,-1,595,3.32665998663324,99.39701538108007,0.3333333333333333,82.66666666666667,47.166666666666664,5,823,8.535953373818298,60.05317088491942,0.4375,83.0625,27.375,9,3096,11.755781145549298,32.267156932382406,0.6901408450704225,75.66197183098592,27.12676056338028,-34
2025-05-18 18:17:06.417877,138,34913.582123,18.285,4,16,84,0,3.0,-5.299999999999997,7.200000000000003,-18.4,-5.899999999999999,-10.100000000000001,2.3999999999999986,-24.200000000000003,-11.700000000000003,0.0,0.0,0.0,0.0,0.0,1,31.3,19.5,52795.07,21935.27,100,0,-12.5,7.200000000000003,-17.5,12.200000000000003,0,0.0,0.0,0.0,0.0,0,100,15.8,19.4,0,-13.100000000000001,7.800000000000004,-18.6,13.300000000000004,0,0.0,0.0,0.0,0.0,0,50,15.5,18.4,0,-4.669924812030075,16,18,4.242640687119285,0.7071067811865476,0.0,19.0,4.5,6,28,3.4641016151377544,0.5773502691896258,0.0,20.0,4.666666666666667,6,599,2.5670495884855025,18.623461905170405,0.7692307692307693,19.615384615384617,23.0,0,827,4.4603516500501685,16.75669544108453,0.65,17.0,18.55,-5,3100,7.373049698860157,28.438173811441015,0.6486486486486487,18.16216216216216,26.216216216216218,22
2025-05-18 18:17:30.115977,138,34889.884023,18.291666666666668,23,86,14,1,1.0,-3.299999999999997,7.200000000000003,-16.4,-5.899999999999999,-8.100000000000001,2.3999999999999986,-22.200000000000003,-11.700000000000003,0.0,0.0,0.0,0.0,0.0,1,31.3,19.5,52795.07,21935.27,100,0,-10.5,7.200000000000003,-15.5,12.200000000000003,0,0.0,0.0,0.0,0.0,0,100,15.8,19.4,0,-11.100000000000001,7.800000000000004,-16.6,13.300000000000004,0,0.0,0.0,0.0,0.0,0,50,15.5,18.4,0,9.967395587076439,14,41,2.3094010767585034,10.692676621563626,0.6666666666666666,83.33333333333333,10.666666666666666,-4,41,2.3094010767585034,10.692676621563626,0.6666666666666666,83.33333333333333,10.666666666666666,-4,622,3.2877840272018792,91.19523797091287,0.42857142857142855,83.14285714285714,43.714285714285715,1,776,8.219025547617,62.13602589710508,0.4,82.13333333333334,27.2,-2,2881,9.835338274215786,33.6425796377528,0.71875,77.890625,27.046875,-21
2025-05-18 18:17:41.085876,138,34878.914124,18.294722222222223,21,82,18,0,1.0,-3.299999999999997,7.200000000000003,-16.4,-5.899999999999999,-8.100000000000001,2.3999999999999986,-22.200000000000003,-11.700000000000003,0.0,0.0,0.0,0.0,0.0,1,31.3,19.5,52795.07,21935.27,100,0,-10.5,7.200000000000003,-15.5,12.200000000000003,0,0.0,0.0,0.0,0.0,0,100,15.8,19.4,0,-11.100000000000001,7.800000000000004,-16.6,13.300000000000004,0,0.0,0.0,0.0,0.0,0,50,15.5,18.4,0,13.990028630664426,-18,62,2.0,10.1447851956888,0.5,83.0,13.25,0,62,2.0,10.1447851956888,0.5,83.0,13.25,0,643,3.070597894314954,84.81145054093311,0.375,83.0,40.875,5,797,7.940403012442126,60.04911184466706,0.375,82.125,26.8125,2,2902,9.771499963591134,33.387137666150146,0.7076923076923077,77.95384615384616,26.953846153846154,-17
2025-05-18 18:21:13.290284,138,34666.709716,18.353611111111114,50,18,82,1,3.0,-5.299999999999997,7.200000000000003,-18.4,-5.899999999999999,-10.100000000000001,2.3999999999999986,-24.200000000000003,-11.700000000000003,0.0,0.0,0.0,0.0,0.0,1,31.3,19.5,52795.07,21935.27,100,0,-12.5,7.200000000000003,-17.5,12.200000000000003,0,0.0,0.0,0.0,0.0,0,100,15.8,19.4,0,-13.100000000000001,7.800000000000004,-18.6,13.300000000000004,0,0.0,0.0,0.0,0.0,0,50,15.5,18.4,0,-6.684012066365007,-18,105,0.7071067811865476,3.5355339059327378,1.0,18.5,52.5,-1,167,2.5,27.79088579612628,0.5,18.75,28.5,3,739,2.416215064536938,20.147550955979973,0.8,19.466666666666665,26.933333333333334,-3,891,3.4893321132404735,19.47137650306153,0.7894736842105263,18.210526315789473,23.36842105263158,-2,2839,4.544663711867827,28.720146681325037,0.6388888888888888,16.555555555555557,28.194444444444443,7
2025-05-18 18:21:13.290284,138,34666.709716,18.353611111111114,55,19,81,1,3.0,-5.299999999999997,7.200000000000003,-18.4,-5.899999999999999,-10.100000000000001,2.3999999999999986,-24.200000000000003,-11.700000000000003,0.0,0.0,0.0,0.0,0.0,1,31.3,19.5,52795.07,21935.27,100,0,-12.5,7.200000000000003,-17.5,12.200000000000003,0,0.0,0.0,0.0,0.0,0,100,15.8,19.4,0,-13.100000000000001,7.800000000000004,-18.6,13.300000000000004,0,0.0,0.0,0.0,0.0,0,50,15.5,18.4,0,-7.945924764890282,-19,105,0.7071067811865476,3.5355339059327378,1.0,18.5,52.5,-1,167,2.5,27.79088579612628,0.5,18.75,28.5,3,739,2.416215064536938,20.147550955979973,0.8,19.466666666666665,26.933333333333334,-3,891,3.4893321132404735,19.47137650306153,0.7894736842105263,18.210526315789473,23.36842105263158,-2,2839,4.544663711867827,28.720146681325037,0.6388888888888888,16.555555555555557,28.194444444444443,7
2025-05-18 18:25:13.162640,138,34426.83736,18.42027777777778,3,71,29,0,1.0,-3.299999999999997,7.200000000000003,-16.4,-5.899999999999999,-8.100000000000001,2.3999999999999986,-22.200000000000003,-11.700000000000003,0.0,0.0,0.0,0.0,0.0,1,31.3,19.5,52795.07,21935.27,100,0,-10.5,7.200000000000003,-15.5,12.200000000000003,0,0.0,0.0,0.0,0.0,0,100,15.8,19.4,0,-11.100000000000001,7.800000000000004,-16.6,13.300000000000004,0,0.0,0.0,0.0,0.0,0,50,15.5,18.4,0,25.019093787099322,-29,3,,,0.0,71.0,3.0,0,108,,,0.0,71.0,3.0,0,277,5.046450898073483,9.217736526212207,0.5,80.66666666666667,10.166666666666666,10,894,8.147987842550634,58.42843787866638,0.35294117647058826,81.47058823529412,25.41176470588235,13,2659,7.038770548512958,33.69393277714526,0.6984126984126984,79.06349206349206,26.904761904761905,-3
2025-05-18 18:26:30.626573,138,34349.373427,18.441666666666666,21,87,13,1,1.0,-3.299999999999997,7.200000000000003,-16.4,-5.899999999999999,-8.100000000000001,2.3999999999999986,-22.200000000000003,-11.700000000000003,0.0,0.0,0.0,0.0,0.0,1,31.3,19.5,52795.07,21935.27,100,0,-10.5,7.200000000000003,-15.5,12.200000000000003,0,0.0,0.0,0.0,0.0,0,100,15.8,19.4,0,-11.100000000000001,7.800000000000004,-16.6,13.300000000000004,0,0.0,0.0,0.0,0.0,0,50,15.5,18.4,0,9.026521523998028,13,24,11.313708498984761,12.727922061357855,0.5,79.0,12.0,-16,24,11.313708498984761,12.727922061357855,0.5,79.0,12.0,-16,298,5.19156825558337,9.357960705807038,0.5714285714285714,81.57142857142857,11.714285714285714,-6,915,8.01142974355687,56.69344811196025,0.3888888888888889,81.77777777777777,25.166666666666668,-3,2680,7.052805363262444,33.43359920133571,0.703125,79.1875,26.8125,-19
2025-05-18 18:26:41.727199,138,34338.272801,18.44472222222222,100,9,91,0,3.0,-5.299999999999997,7.200000000000003,-18.4,-5.899999999999999,-10.100000000000001,2.3999999999999986,-24.200000000000003,-11.700000000000003,0.0,0.0,0.0,0.0,0.0,1,31.3,19.5,52795.07,21935.27,100,0,-12.5,7.200000000000003,-17.5,12.200000000000003,0,0.0,0.0,0.0,0.0,0,100,15.8,19.4,0,-13.100000000000001,7.800000000000004,-18.6,13.300000000000004,0,0.0,0.0,0.0,0.0,0,50,15.5,18.4,0,1.6961506961506956,9,124,,,0.0,9.0,100.0,0,124,,,0.0,9.0,100.0,0,398,4.330127018922194,33.41199052901684,0.5555555555555556,19.0,35.111111111111114,13,1015,3.971941060674703,25.549951076274102,0.75,17.75,27.2,8,2780,4.059018385287365,29.742960469310912,0.6571428571428571,15.771428571428572,28.057142857142857,7
2025-05-18 18:30:30.242301,138,34109.757699,18.508333333333333,21,89,11,0,1.0,-3.299999999999997,7.200000000000003,-16.4,-5.899999999999999,-8.100000000000001,2.3999999999999986,-22.200000000000003,-11.700000000000003,0.0,0.0,0.0,0.0,0.0,1,31.3,19.5,52795.07,21935.27,100,0,-10.5,7.200000000000003,-15.5,12.200000000000003,0,0.0,0.0,0.0,0.0,0,100,15.8,19.4,0,-11.100000000000001,7.800000000000004,-16.6,13.300000000000004,0,0.0,0.0,0.0,0.0,0,50,15.5,18.4,0,7.045319317731057,-11,21,,,0.0,89.0,21.0,0,142,1.4142135623730951,0.0,0.5,88.0,21.0,-2,312,5.879747322073337,9.39858145324779,0.42857142857142855,82.71428571428571,14.0,-7,1034,7.960061124100443,55.10441975035571,0.3684210526315789,82.15789473684211,24.94736842105263,-5,2660,6.473476885006467,34.574469217664436,0.6610169491525424,80.44067796610169,27.050847457627118,-16
2025-05-18 18:32:36.878473,138,33983.121527,18.543333333333337,1,91,9,1,1.0,-3.299999999999997,7.200000000000003,-16.4,-5.899999999999999,-8.100000000000001,2.3999999999999986,-22.200000000000003,-11.700000000000003,0.0,0.0,0.0,0.0,0.0,1,31.3,19.5,52795.07,21935.27,100,0,-10.5,7.200000000000003,-15.5,12.200000000000003,0,0.0,0.0,0.0,0.0,0,100,15.8,19.4,0,-11.100000000000001,7.800000000000004,-16.6,13.300000000000004,0,0.0,0.0,0.0,0.0,0,50,15.5,18.4,0,5.0600218622677176,9,1,,,1.0,91.0,1.0,0,22,1.4142135623730951,14.142135623730951,0.5,90.0,11.0,-2,272,8.0,10.430723848324238,0.4,84.0,13.4,-9,1030,7.996051657240789,53.90134750781185,0.4,82.6,23.75,-7,2661,6.561551249686303,34.444793297546944,0.6666666666666666,80.61666666666666,26.616666666666667,-18
2025-05-18 18:32:46.458036,138,33973.541964,18.546111111111113,9,94,6,1,1.0,-3.299999999999997,7.200000000000003,-16.4,-5.899999999999999,-8.100000000000001,2.3999999999999986,-22.200000000000003,-11.700000000000003,0.0,0.0,0.0,0.0,0.0,1,31.3,19.5,52795.07,21935.27,100,0,-10.5,7.200000000000003,-15.5,12.200000000000003,0,0.0,0.0,0.0,0.0,0,100,15.8,19.4,0,-11.100000000000001,7.800000000000004,-16.6,13.300000000000004,0,0.0,0.0,0.0,0.0,0,50,15.5,18.4,0,2.060524746571261,6,10,2.1213203435596424,5.656854249492381,1.0,92.5,5.0,-3,31,2.5166114784235836,10.066445913694334,0.6666666666666666,91.33333333333333,10.333333333333334,-5,260,8.988882021697693,9.591663046625438,0.6,86.4,11.0,-23,1039,8.180988413912553,52.635041740722684,0.42857142857142855,83.14285714285714,23.047619047619047,-10,2670,6.728497424806553,34.23094180780278,0.6721311475409836,80.8360655737705,26.327868852459016,-21
2025-05-18 18:33:42.943380,138,33917.05662,18.561666666666667,49,87,13,0,1.0,-3.299999999999997,7.200000000000003,-16.4,-5.899999999999999,-8.100000000000001,2.3999999999999986,-22.200000000000003,-11.700000000000003,0.0,0.0,0.0,0.0,0.0,1,31.3,19.5,52795.07,21935.27,100,0,-10.5,7.200000000000003,-15.5,12.200000000000003,0,0.0,0.0,0.0,0.0,0,100,15.8,19.4,0,-11.100000000000001,7.800000000000004,-16.6,13.300000000000004,0,0.0,0.0,0.0,0.0,0,50,15.5,18.4,0,9.062369441957628,-13,642,2.7748873851023217,200.19190792836758,0.4,89.8,128.4,3,663,2.503331114069145,184.3472267217492,0.3333333333333333,89.66666666666667,110.5,1,892,6.8660656232559525,162.4081608611024,0.375,87.0,85.875,-17,1671,7.8088578466742,105.77416467665192,0.375,83.75,46.5,-4,3302,6.743732392918745,66.30687884782154,0.640625,81.171875,34.96875,-15
2025-05-18 18:33:42.943380,138,33917.05662,18.561666666666667,479,89,11,0,1.0,-3.299999999999997,7.200000000000003,-16.4,-5.899999999999999,-8.100000000000001,2.3999999999999986,-22.200000000000003,-11.700000000000003,0.0,0.0,0.0,0.0,0.0,1,31.3,19.5,52795.07,21935.27,100,0,-10.5,7.200000000000003,-15.5,12.200000000000003,0,0.0,0.0,0.0,0.0,0,100,15.8,19.4,0,-11.100000000000001,7.800000000000004,-16.6,13.300000000000004,0,0.0,0.0,0.0,0.0,0,50,15.5,18.4,0,7.106757297081174,-11,642,2.7748873851023217,200.19190792836758,0.4,89.8,128.4,3,663,2.503331114069145,184.3472267217492,0.3333333333333333,89.66666666666667,110.5,1,892,6.8660656232559525,162.4081608611024,0.375,87.0,85.875,-17,1671,7.8088578466742,105.77416467665192,0.375,83.75,46.5,-4,3302,6.743732392918745,66.30687884782154,0.640625,81.171875,34.96875,-15
2025-05-18 18:33:42.943380,138,33917.05662,18.561666666666667,104,88,12,0,1.0,-3.299999999999997,7.200000000000003,-16.4,-5.899999999999999,-8.100000000000001,2.3999999999999986,-22.200000000000003,-11.700000000000003,0.0,0.0,0.0,0.0,0.0,1,31.3,19.5,52795.07,21935.27,100,0,-10.5,7.200000000000003,-15.5,12.200000000000003,0,0.0,0.0,0.0,0.0,0,100,15.8,19.4,0,-11.100000000000001,7.800000000000004,-16.6,13.300000000000004,0,0.0,0.0,0.0,0.0,0,50,15.5,18.4,0,8.464146981627295,-12,642,2.7748873851023217,200.19190792836758,0.4,89.8,128.4,3,663,2.503331114069145,184.3472267217492,0.3333333333333333,89.66666666666667,110.5,1,892,6.8660656232559525,162.4081608611024,0.375,87.0,85.875,-17,1671,7.8088578466742,105.77416467665192,0.375,83.75,46.5,-4,3302,6.743732392918745,66.30687884782154,0.640625,81.171875,34.96875,-15
2025-05-18 18:42:00.584127,138,33419.415873,18.7,20,88,12,1,1.0,-3.299999999999997,7.200000000000003,-16.4,-5.899999999999999,-8.100000000000001,2.3999999999999986,-22.200000000000003,-11.700000000000003,0.0,0.0,0.0,0.0,0.0,1,31.3,19.5,52795.07,21935.27,100,0,-10.5,7.200000000000003,-15.5,12.200000000000003,0,0.0,0.0,0.0,0.0,0,100,15.8,19.4,0,-11.100000000000001,7.800000000000004,-16.6,13.300000000000004,0,0.0,0.0,0.0,0.0,0,50,15.5,18.4,0,8.55758412058168,12,20,,,1.0,88.0,20.0,0,20,,,1.0,88.0,20.0,0,683,2.370453040886408,171.72638813226226,0.42857142857142855,89.42857142857143,97.57142857142857,1,1632,8.033526585946834,107.74103412712637,0.391304347826087,83.91304347826087,48.30434782608695,-34,2890,6.590059365310482,72.22016712742305,0.5660377358490566,82.73584905660377,34.45283018867924,-12
2025-05-18 18:44:47.107508,138,33252.892492,18.74638888888889,49,87,13,0,1.0,-3.299999999999997,7.200000000000003,-16.4,-5.899999999999999,-8.100000000000001,2.3999999999999986,-22.200000000000003,-11.700000000000003,0.0,0.0,0.0,0.0,0.0,1,31.3,19.5,52795.07,21935.27,100,0,-10.5,7.200000000000003,-15.5,12.200000000000003,0,0.0,0.0,0.0,0.0,0,100,15.8,19.4,0,-11.100000000000001,7.800000000000004,-16.6,13.300000000000004,0,0.0,0.0,0.0,0.0,0,50,15.5,18.4,0,9.575789809594724,-13,129,2.8284271247461903,21.920310216782973,0.0,89.0,64.5,-4,149,2.081665999466133,30.0055550412475,0.3333333333333333,88.66666666666667,49.666666666666664,-3,812,2.29128784747792,149.6335338232859,0.3333333333333333,89.33333333333333,90.22222222222223,-2,1751,4.744943914697327,105.23441741510071,0.375,85.58333333333333,51.25,-8,3015,6.585516196094546,71.15965830227805,0.5454545454545454,82.96363636363637,35.54545454545455,-15
2025-05-18 18:44:47.107508,138,33252.892492,18.74638888888889,80,91,9,0,1.0,-3.299999999999997,7.200000000000003,-16.4,-5.899999999999999,-8.100000000000001,2.3999999999999986,-22.200000000000003,-11.700000000000003,0.0,0.0,0.0,0.0,0.0,1,31.3,19.5,52795.07,21935.27,100,0,-10.5,7.200000000000003,-15.5,12.200000000000003,0,0.0,0.0,0.0,0.0,0,100,15.8,19.4,0,-11.100000000000001,7.800000000000004,-16.6,13.300000000000004,0,0.0,0.0,0.0,0.0,0,50,15.5,18.4,0,5.625962360992304,-9,129,2.8284271247461903,21.920310216782973,0.0,89.0,64.5,-4,149,2.081665999466133,30.0055550412475,0.3333333333333333,88.66666666666667,49.666666666666664,-3,812,2.29128784747792,149.6335338232859,0.3333333333333333,89.33333333333333,90.22222222222223,-2,1751,4.744943914697327,105.23441741510071,0.375,85.58333333333333,51.25,-8,3015,6.585516196094546,71.15965830227805,0.5454545454545454,82.96363636363637,35.54545454545455,-15
2025-05-18 18:50:07.066371,138,32932.933629,18.835277777777776,1,24,76,1,3.0,-5.299999999999997,7.200000000000003,-18.4,-5.899999999999999,-10.100000000000001,2.3999999999999986,-24.200000000000003,-11.700000000000003,0.0,0.0,0.0,0.0,0.0,1,31.3,19.5,52795.07,21935.27,100,0,-12.5,7.200000000000003,-17.5,12.200000000000003,0,0.0,0.0,0.0,0.0,0,100,15.8,19.4,0,-13.100000000000001,7.800000000000004,-18.6,13.300000000000004,0,0.0,0.0,0.0,0.0,0,50,15.5,18.4,0,-13.152542372881356,-24,1,,,1.0,24.0,1.0,0,1,,,1.0,24.0,1.0,0,150,,,1.0,24.0,1.0,0,1733,3.620814013125648,26.883463099743942,0.7647058823529411,19.11764705882353,29.705882352941178,-8,3016,4.229150539495406,29.65980391462439,0.6666666666666666,16.0,27.305555555555557,-8
2025-05-18 18:53:14.289802,138,32745.710198,18.88722222222222,5,87,13,1,1.0,-3.299999999999997,7.200000000000003,-16.4,-5.899999999999999,-8.100000000000001,2.3999999999999986,-22.200000000000003,-11.700000000000003,0.0,0.0,0.0,0.0,0.0,1,31.3,19.5,52795.07,21935.27,100,0,-10.5,7.200000000000003,-15.5,12.200000000000003,0,0.0,0.0,0.0,0.0,0,100,15.8,19.4,0,-11.100000000000001,7.800000000000004,-16.6,13.300000000000004,0,0.0,0.0,0.0,0.0,0,50,15.5,18.4,0,9.674503882657461,13,5,,,1.0,87.0,5.0,0,6,,,1.0,87.0,5.0,0,155,1.8929694486000912,33.15116890850155,0.5,88.25,38.5,1,1738,4.720445815349667,105.45951898680146,0.375,85.75,50.666666666666664,-3,2875,6.352116793251053,74.28581318674735,0.54,83.76,37.16,-9
2025-05-18 18:58:01.780172,138,32458.219828,18.966944444444444,5,9,91,0,3.0,-5.299999999999997,7.200000000000003,-18.4,-5.899999999999999,-10.100000000000001,2.3999999999999986,-24.200000000000003,-11.700000000000003,0.0,0.0,0.0,0.0,0.0,1,31.3,19.5,52795.07,21935.27,100,0,-12.5,7.200000000000003,-17.5,12.200000000000003,0,0.0,0.0,0.0,0.0,0,100,15.8,19.4,0,-13.100000000000001,7.800000000000004,-18.6,13.300000000000004,0,0.0,0.0,0.0,0.0,0,50,15.5,18.4,0,1.835714285714289,9,55,0.7071067811865476,31.81980515339464,0.0,9.5,27.5,-1,60,0.7071067811865476,31.81980515339464,0.0,9.5,27.5,-1,190,8.386497083606082,27.209067116190024,0.3333333333333333,14.333333333333334,18.666666666666668,14,1770,4.5691567036441345,26.441483445215887,0.6842105263157895,18.105263157894736,29.473684210526315,6,2589,4.71595482220276,22.973147743428182,0.6666666666666666,16.033333333333335,24.4,3
2025-05-18 18:58:01.780172,138,32458.219828,18.966944444444444,50,10,90,0,3.0,-5.299999999999997,7.200000000000003,-18.4,-5.899999999999999,-10.100000000000001,2.3999999999999986,-24.200000000000003,-11.700000000000003,0.0,0.0,0.0,0.0,0.0,1,31.3,19.5,52795.07,21935.27,100,0,-12.5,7.200000000000003,-17.5,12.200000000000003,0,0.0,0.0,0.0,0.0,0,100,15.8,19.4,0,-13.100000000000001,7.800000000000004,-18.6,13.300000000000004,0,0.0,0.0,0.0,0.0,0,50,15.5,18.4,0,0.8439461883408086,10,55,0.7071067811865476,31.81980515339464,0.0,9.5,27.5,-1,60,0.7071067811865476,31.81980515339464,0.0,9.5,27.5,-1,190,8.386497083606082,27.209067116190024,0.3333333333333333,14.333333333333334,18.666666666666668,14,1770,4.5691567036441345,26.441483445215887,0.6842105263157895,18.105263157894736,29.473684210526315,6,2589,4.71595482220276,22.973147743428182,0.6666666666666666,16.033333333333335,24.4,3
2025-05-18 18:58:30.717493,138,32429.282507,18.974999999999998,1,72,28,0,1.0,-3.299999999999997,7.200000000000003,-16.4,-5.899999999999999,-8.100000000000001,2.3999999999999986,-22.200000000000003,-11.700000000000003,0.0,0.0,0.0,0.0,0.0,1,31.3,19.5,52795.07,21935.27,100,0,-10.5,7.200000000000003,-15.5,12.200000000000003,0,0.0,0.0,0.0,0.0,0,100,15.8,19.4,0,-11.100000000000001,7.800000000000004,-16.6,13.300000000000004,0,0.0,0.0,0.0,0.0,0,50,15.5,18.4,0,24.679723750944206,-28,56,,,0.0,72.0,1.0,0,56,,,0.0,72.0,1.0,0,191,8.381527307120106,37.73040330202333,0.25,84.25,33.75,15,1771,5.487139113615939,105.80550244588457,0.3333333333333333,85.25,49.75,15,2590,6.5136565067890535,75.19794739563712,0.5102040816326531,83.77551020408163,36.3469387755102,4
2025-05-18 19:04:52.682163,138,32047.317837,19.08111111111111,49,88,12,1,1.0,-3.299999999999997,7.800000000000004,-16.4,-5.299999999999997,-8.100000000000001,3.0,-22.200000000000003,-11.100000000000001,0.0,0.0,0.0,0.0,0.0,1,31.3,19.5,52795.07,21935.27,100,0,-11.100000000000001,7.800000000000004,-16.6,13.300000000000004,0,0.0,0.0,0.0,0.0,0,50,15.5,18.4,0,-12.700000000000003,9.400000000000006,-18.299999999999997,15.0,0,0.0,0.0,0.0,0.0,0,42,15.7,17.3,0,8.682387222102307,12,124,0.5773502691896257,14.153915830374762,1.0,87.66666666666667,41.333333333333336,0,124,0.5773502691896257,14.153915830374762,1.0,87.66666666666667,41.333333333333336,0,186,6.949820141557621,23.302360395462088,0.8,84.4,26.0,-1,1870,5.522024413490799,104.76487649888242,0.4583333333333333,85.33333333333333,53.875,-1,2479,6.625021440788633,78.36314713105152,0.4888888888888889,84.2,37.111111111111114,-4
2025-05-18 19:04:52.682163,138,32047.317837,19.08111111111111,25,87,13,1,1.0,-3.299999999999997,7.800000000000004,-16.4,-5.299999999999997,-8.100000000000001,3.0,-22.200000000000003,-11.100000000000001,0.0,0.0,0.0,0.0,0.0,1,31.3,19.5,52795.07,21935.27,100,0,-11.100000000000001,7.800000000000004,-16.6,13.300000000000004,0,0.0,0.0,0.0,0.0,0,50,15.5,18.4,0,-12.700000000000003,9.400000000000006,-18.299999999999997,15.0,0,0.0,0.0,0.0,0.0,0,42,15.7,17.3,0,9.728545079743952,13,124,0.5773502691896257,14.153915830374762,1.0,87.66666666666667,41.333333333333336,0,124,0.5773502691896257,14.153915830374762,1.0,87.66666666666667,41.333333333333336,0,186,6.949820141557621,23.302360395462088,0.8,84.4,26.0,-1,1870,5.522024413490799,104.76487649888242,0.4583333333333333,85.33333333333333,53.875,-1,2479,6.625021440788633,78.36314713105152,0.4888888888888889,84.2,37.111111111111114,-4
2025-05-18 19:04:52.682163,138,32047.317837,19.08111111111111,50,88,12,1,1.0,-3.299999999999997,7.800000000000004,-16.4,-5.299999999999997,-8.100000000000001,3.0,-22.200000000000003,-11.100000000000001,0.0,0.0,0.0,0.0,0.0,1,31.3,19.5,52795.07,21935.27,100,0,-11.100000000000001,7.800000000000004,-16.6,13.300000000000004,0,0.0,0.0,0.0,0.0,0,50,15.5,18.4,0,-12.700000000000003,9.400000000000006,-18.299999999999997,15.0,0,0.0,0.0,0.0,0.0,0,42,15.7,17.3,0,8.755004351610097,12,124,0.5773502691896257,14.153915830374762,1.0,87.66666666666667,41.333333333333336,0,124,0.5773502691896257,14.153915830374762,1.0,87.66666666666667,41.333333333333336,0,186,6.949820141557621,23.302360395462088,0.8,84.4,26.0,-1,1870,5.522024413490799,104.76487649888242,0.4583333333333333,85.33333333333333,53.875,-1,2479,6.625021440788633,78.36314713105152,0.4888888888888889,84.2,37.111111111111114,-4
2025-05-18 19:04:52.739676,138,32047.260324,19.08111111111111,25,16,84,0,3.0,-5.299999999999997,7.800000000000004,-18.4,-5.299999999999997,-10.100000000000001,3.0,-24.200000000000003,-11.100000000000001,0.0,0.0,0.0,0.0,0.0,1,31.3,19.5,52795.07,21935.27,100,0,-13.100000000000001,7.800000000000004,-18.6,13.300000000000004,0,0.0,0.0,0.0,0.0,0,50,15.5,18.4,0,-14.700000000000003,9.400000000000006,-20.299999999999997,15.0,0,0.0,0.0,0.0,0.0,0,42,15.7,17.3,0,-5.116431924882633,16,149,,,0.0,16.0,25.0,0,149,,,0.0,16.0,25.0,0,211,6.898067362191626,22.440662497647732,0.25,14.75,20.25,8,1895,4.47213595499958,25.755684094154724,0.65,18.0,29.25,0,2504,4.6366932970795895,22.58727398861047,0.6451612903225806,16.032258064516128,24.419354838709676,-3
2025-05-18 19:04:59.733988,138,32040.266012,19.083055555555557,44,88,12,1,1.0,-3.299999999999997,7.800000000000004,-16.4,-5.299999999999997,-8.100000000000001,3.0,-22.200000000000003,-11.100000000000001,0.0,0.0,0.0,0.0,0.0,1,31.3,19.5,52795.07,21935.27,100,0,-11.100000000000001,7.800000000000004,-16.6,13.300000000000004,0,0.0,0.0,0.0,0.0,0,50,15.5,18.4,0,-12.700000000000003,9.400000000000006,-18.299999999999997,15.0,0,0.0,0.0,0.0,0.0,0,42,15.7,17.3,0,8.802887770728503,12,193,0.5,11.633285577743433,1.0,87.75,42.0,0,193,0.5,11.633285577743433,1.0,87.75,42.0,0,255,6.387487769068525,22.09977375449803,0.8333333333333334,85.0,29.0,-1,1939,5.432003927342714,102.57806783128642,0.48,85.44,53.48,-1,2548,6.5749120601749365,77.49421047410465,0.5,84.28260869565217,37.26086956521739,-4
2025-05-18 19:04:59.795036,138,32040.204964,19.083055555555557,44,16,84,0,3.0,-5.299999999999997,7.800000000000004,-18.4,-5.299999999999997,-10.100000000000001,3.0,-24.200000000000003,-11.100000000000001,0.0,0.0,0.0,0.0,0.0,1,31.3,19.5,52795.07,21935.27,100,0,-13.100000000000001,7.800000000000004,-18.6,13.300000000000004,0,0.0,0.0,0.0,0.0,0,50,15.5,18.4,0,-14.700000000000003,9.400000000000006,-20.299999999999997,15.0,0,0.0,0.0,0.0,0.0,0,42,15.7,17.3,0,-5.2394230769230745,16,237,0.0,13.435028842544403,0.0,16.0,34.5,0,237,0.0,13.435028842544403,0.0,16.0,34.5,0,299,6.0,22.147234590350102,0.2,15.0,25.0,8,1983,4.380693574135972,25.309042238844583,0.6190476190476191,17.904761904761905,29.952380952380953,0,2592,4.561298449826222,22.487967212597024,0.625,16.03125,25.03125,-3
2025-05-18 19:06:19.200527,138,31960.799473,19.10527777777778,44,88,12,1,1.0,-3.299999999999997,7.800000000000004,-16.4,-5.299999999999997,-8.100000000000001,3.0,-22.200000000000003,-11.100000000000001,0.0,0.0,0.0,0.0,0.0,1,31.3,19.5,52795.07,21935.27,100,0,-11.100000000000001,7.800000000000004,-16.6,13.300000000000004,0,0.0,0.0,0.0,0.0,0,50,15.5,18.4,0,-12.700000000000003,9.400000000000006,-18.299999999999997,15.0,0,0.0,0.0,0.0,0.0,0,42,15.7,17.3,0,8.845460540778191,12,281,0.4472135954999579,10.114346246792225,1.0,87.8,42.4,0,281,0.4472135954999579,10.114346246792225,1.0,87.8,42.4,0,342,5.940177967511941,20.95573566217271,0.8571428571428571,85.42857142857143,31.142857142857142,-1,2018,5.4476294538695145,102.18378866858806,0.52,85.48,54.88,-2,2451,6.668787541429647,78.19457730042357,0.5333333333333333,84.4,38.48888888888889,-10
2025-05-18 19:06:19.257726,138,31960.742274,19.10527777777778,44,16,84,0,3.0,-5.299999999999997,7.800000000000004,-18.4,-5.299999999999997,-10.100000000000001,3.0,-24.200000000000003,-11.100000000000001,0.0,0.0,0.0,0.0,0.0,1,31.3,19.5,52795.07,21935.27,100,0,-13.100000000000001,7.800000000000004,-18.6,13.300000000000004,0,0.0,0.0,0.0,0.0,0,50,15.5,18.4,0,-14.700000000000003,9.400000000000006,-20.299999999999997,15.0,0,0.0,0.0,0.0,0.0,0,42,15.7,17.3,0,-5.470883534136547,16,325,0.0,10.969655114602888,0.0,16.0,37.666666666666664,0,325,0.0,10.969655114602888,0.0,16.0,37.666666666666664,0,386,3.5777087639996634,18.555322686496183,0.0,13.4,33.6,-7,2062,4.294363566532116,24.88001510279187,0.5909090909090909,17.818181818181817,30.59090909090909,0,2495,4.64132221690999,23.623691873498313,0.5517241379310345,16.448275862068964,25.689655172413794,-5
2025-05-18 19:06:31.789308,138,31948.210692,19.108611111111113,44,88,12,1,1.0,-3.299999999999997,7.800000000000004,-16.4,-5.299999999999997,-8.100000000000001,3.0,-22.200000000000003,-11.100000000000001,0.0,0.0,0.0,0.0,0.0,1,31.3,19.5,52795.07,21935.27,100,0,-11.100000000000001,7.800000000000004,-16.6,13.300000000000004,0,0.0,0.0,0.0,0.0,0,50,15.5,18.4,0,-12.700000000000003,9.400000000000006,-18.299999999999997,15.0,0,0.0,0.0,0.0,0.0,0,42,15.7,17.3,0,8.888447095206544,12,369,0.408248290463863,9.070097390142328,1.0,87.83333333333333,42.666666666666664,0,369,0.408248290463863,9.070097390142328,1.0,87.83333333333333,42.666666666666664,0,430,5.574175147179049,19.926651213172487,0.875,85.75,32.75,-1,2106,5.36039608180647,100.14199149976228,0.5384615384615384,85.57692307692308,54.46153846153846,-2,2539,6.6156015278188605,77.32513699693136,0.5434782608695652,84.47826086956522,38.608695652173914,-10
2025-05-18 19:06:31.871537,138,31948.128463,19.108611111111113,44,16,84,0,3.0,-5.299999999999997,7.800000000000004,-18.4,-5.299999999999997,-10.100000000000001,3.0,-24.200000000000003,-11.100000000000001,0.0,0.0,0.0,0.0,0.0,1,31.3,19.5,52795.07,21935.27,100,0,-13.100000000000001,7.800000000000004,-18.6,13.300000000000004,0,0.0,0.0,0.0,0.0,0,50,15.5,18.4,0,-14.700000000000003,9.400000000000006,-20.299999999999997,15.0,0,0.0,0.0,0.0,0.0,0,42,15.7,17.3,0,-5.723739495798327,16,413,0.0,9.5,0.0,16.0,39.25,0,413,0.0,9.5,0.0,16.0,39.25,0,474,3.3714487489307423,17.130868824045866,0.0,13.833333333333334,35.333333333333336,-7,2150,4.21272305915337,24.468258053525453,0.5652173913043478,17.73913043478261,31.17391304347826,0,2583,4.561331727295964,23.452299350545275,0.5333333333333333,16.433333333333334,26.3,-5
2025-05-18 19:07:44.078207,138,31875.921793,19.128888888888888,45,88,12,1,1.0,-3.299999999999997,7.800000000000004,-16.4,-5.299999999999997,-8.100000000000001,3.0,-22.200000000000003,-11.100000000000001,0.0,0.0,0.0,0.0,0.0,1,31.3,19.5,52795.07,21935.27,100,0,-11.100000000000001,7.800000000000004,-16.6,13.300000000000004,0,0.0,0.0,0.0,0.0,0,50,15.5,18.4,0,-12.700000000000003,9.400000000000006,-18.299999999999997,15.0,0,0.0,0.0,0.0,0.0,0,42,15.7,17.3,0,8.931853496115423,12,221,0.0,0.5773502691896258,1.0,88.0,44.333333333333336,0,458,0.3779644730092272,8.32666399786453,1.0,87.85714285714286,43.0,0,519,5.267826876426369,19.08169570848228,0.8888888888888888,86.0,34.111111111111114,-1,2178,5.27694550342846,98.21418248412823,0.5555555555555556,85.66666666666667,54.111111111111114,-2,2628,6.563431335613811,76.48570997112618,0.5531914893617021,84.55319148936171,38.744680851063826,-10
2025-05-18 19:07:44.153543,138,31875.846457,19.128888888888888,45,15,85,0,3.0,-5.299999999999997,7.800000000000004,-18.4,-5.299999999999997,-10.100000000000001,3.0,-24.200000000000003,-11.100000000000001,0.0,0.0,0.0,0.0,0.0,1,31.3,19.5,52795.07,21935.27,100,0,-13.100000000000001,7.800000000000004,-18.6,13.300000000000004,0,0.0,0.0,0.0,0.0,0,50,15.5,18.4,0,-14.700000000000003,9.400000000000006,-20.299999999999997,15.0,0,0.0,0.0,0.0,0.0,0,42,15.7,17.3,0,-5.001101321585907,15,266,0.5773502691896257,0.5773502691896258,0.0,15.666666666666666,44.333333333333336,1,503,0.4472135954999579,8.61974477580398,0.0,15.8,40.4,1,564,3.1091263510296048,16.05941349815621,0.0,14.0,36.714285714285715,-6,2223,4.157889305676724,24.096274292566658,0.5416666666666666,17.625,31.75,1,2673,4.492047932030101,23.3014374931529,0.5161290322580645,16.387096774193548,26.903225806451612,-4
2025-05-18 19:10:26.381853,138,31713.618147,19.17388888888889,16,9,91,0,3.0,-5.299999999999997,7.800000000000004,-18.4,-5.299999999999997,-10.100000000000001,3.0,-24.200000000000003,-11.100000000000001,0.0,0.0,0.0,0.0,0.0,1,31.3,19.5,52795.07,21935.27,100,0,-13.100000000000001,7.800000000000004,-18.6,13.300000000000004,0,0.0,0.0,0.0,0.0,0,50,15.5,18.4,0,-14.700000000000003,9.400000000000006,-20.299999999999997,15.0,0,0.0,0.0,0.0,0.0,0,42,15.7,17.3,0,0.7381228273464728,9,66,0.0,24.041630560342615,0.0,9.0,33.0,0,332,3.6742346141747673,13.535139452550904,0.0,13.0,39.8,7,625,3.48010216963685,16.381731016931973,0.0,12.88888888888889,35.888888888888886,0,1841,5.144690103136431,26.04281225550418,0.3157894736842105,16.36842105263158,33.68421052631579,13,2696,4.703319266349258,23.005804603502686,0.48484848484848486,15.93939393939394,27.272727272727273,2
2025-05-18 19:10:26.381853,138,31713.618147,19.17388888888889,50,9,91,0,3.0,-5.299999999999997,7.800000000000004,-18.4,-5.299999999999997,-10.100000000000001,3.0,-24.200000000000003,-11.100000000000001,0.0,0.0,0.0,0.0,0.0,1,31.3,19.5,52795.07,21935.27,100,0,-13.100000000000001,7.800000000000004,-18.6,13.300000000000004,0,0.0,0.0,0.0,0.0,0,50,15.5,18.4,0,-14.700000000000003,9.400000000000006,-20.299999999999997,15.0,0,0.0,0.0,0.0,0.0,0,42,15.7,17.3,0,0.7520661157024762,9,66,0.0,24.041630560342615,0.0,9.0,33.0,0,332,3.6742346141747673,13.535139452550904,0.0,13.0,39.8,7,625,3.48010216963685,16.381731016931973,0.0,12.88888888888889,35.888888888888886,0,1841,5.144690103136431,26.04281225550418,0.3157894736842105,16.36842105263158,33.68421052631579,13,2696,4.703319266349258,23.005804603502686,0.48484848484848486,15.93939393939394,27.272727272727273,2
2025-05-18 19:13:04.314387,138,31555.685613,19.217777777777776,50,29,71,1,3.0,-5.299999999999997,7.800000000000004,-18.4,-5.299999999999997,-10.100000000000001,3.0,-24.200000000000003,-11.100000000000001,0.0,0.0,0.0,0.0,0.0,1,31.3,19.5,52795.07,21935.27,100,0,-13.100000000000001,7.800000000000004,-18.6,13.300000000000004,0,0.0,0.0,0.0,0.0,0,50,15.5,18.4,0,-14.700000000000003,9.400000000000006,-20.299999999999997,15.0,0,0.0,0.0,0.0,0.0,0,42,15.7,17.3,0,-19.200752823086574,-29,125,0.7071067811865476,17.67766952966369,1.0,29.5,62.5,-1,191,11.84271928232701,24.226363050748386,0.5,19.25,47.75,-21,695,7.483314773547883,16.5,0.2222222222222222,17.333333333333332,43.666666666666664,-14,1859,6.632695308758238,26.895631615561662,0.29411764705882354,16.647058823529413,39.0,-8,2707,5.570782121513832,24.00315105364714,0.5142857142857142,16.714285714285715,29.285714285714285,-19
2025-05-18 19:13:04.314387,138,31555.685613,19.217777777777776,75,30,70,1,3.0,-5.299999999999997,7.800000000000004,-18.4,-5.299999999999997,-10.100000000000001,3.0,-24.200000000000003,-11.100000000000001,0.0,0.0,0.0,0.0,0.0,1,31.3,19.5,52795.07,21935.27,100,0,-13.100000000000001,7.800000000000004,-18.6,13.300000000000004,0,0.0,0.0,0.0,0.0,0,50,15.5,18.4,0,-14.700000000000003,9.400000000000006,-20.299999999999997,15.0,0,0.0,0.0,0.0,0.0,0,42,15.7,17.3,0,-21.485943775100402,-30,125,0.7071067811865476,17.67766952966369,1.0,29.5,62.5,-1,191,11.84271928232701,24.226363050748386,0.5,19.25,47.75,-21,695,7.483314773547883,16.5,0.2222222222222222,17.333333333333332,43.666666666666664,-14,1859,6.632695308758238,26.895631615561662,0.29411764705882354,16.647058823529413,39.0,-8,2707,5.570782121513832,24.00315105364714,0.5142857142857142,16.714285714285715,29.285714285714285,-19
2025-05-18 19:13:04.368745,138,31555.631255,19.217777777777776,20,75,25,0,1.0,-3.299999999999997,7.800000000000004,-16.4,-5.299999999999997,-8.100000000000001,3.0,-22.200000000000003,-11.100000000000001,0.0,0.0,0.0,0.0,0.0,1,31.3,19.5,52795.07,21935.27,100,0,-11.100000000000001,7.800000000000004,-16.6,13.300000000000004,0,0.0,0.0,0.0,0.0,0,50,15.5,18.4,0,-12.700000000000003,9.400000000000006,-18.299999999999997,15.0,0,0.0,0.0,0.0,0.0,0,42,15.7,17.3,0,21.97668711656442,-25,145,,,0.0,75.0,20.0,0,211,,,0.0,75.0,20.0,0,715,6.383572667401852,16.731540408594913,0.7777777777777778,84.66666666666667,35.77777777777778,-3,1879,5.616345193569687,93.20268236483325,0.56,85.72,48.64,7,2727,6.9376139850007545,81.44120279192298,0.5365853658536586,84.65853658536585,41.073170731707314,7
2025-05-18 19:13:04.370445,138,31555.629555,19.217777777777776,20,30,70,0,3.0,-5.299999999999997,7.800000000000004,-18.4,-5.299999999999997,-10.100000000000001,3.0,-24.200000000000003,-11.100000000000001,0.0,0.0,0.0,0.0,0.0,1,31.3,19.5,52795.07,21935.27,100,0,-13.100000000000001,7.800000000000004,-18.6,13.300000000000004,0,0.0,0.0,0.0,0.0,0,50,15.5,18.4,0,-14.700000000000003,9.400000000000006,-20.299999999999997,15.0,0,0.0,0.0,0.0,0.0,0,42,15.7,17.3,0,-23.88392857142857,30,165,0.5773502691896258,27.53785273643051,0.6666666666666666,29.666666666666668,48.333333333333336,-1,231,11.326958991715296,24.37621791829077,0.4,21.4,42.2,-21,735,8.113089560840693,17.26299832332469,0.2,18.6,41.3,-14,1899,7.163131823185992,26.474121042393836,0.2777777777777778,17.38888888888889,37.94444444444444,-8,2747,5.920304046246273,23.708330194995188,0.5,17.083333333333332,29.02777777777778,-19
2025-05-18 19:15:37.833683,138,31402.166317,19.260277777777777,1,27,73,1,3.0,-5.299999999999997,7.800000000000004,-18.4,-5.299999999999997,-10.100000000000001,3.0,-24.200000000000003,-11.100000000000001,0.0,0.0,0.0,0.0,0.0,1,31.3,19.5,52795.07,21935.27,100,0,-13.100000000000001,7.800000000000004,-18.6,13.300000000000004,0,0.0,0.0,0.0,0.0,0,50,15.5,18.4,0,-14.700000000000003,9.400000000000006,-20.299999999999997,15.0,0,0.0,0.0,0.0,0.0,0,42,15.7,17.3,0,-21.616564417177912,-27,1,,,1.0,27.0,1.0,0,166,1.4142135623730951,32.64455033641399,0.75,29.0,36.5,2,735,8.102749252849026,20.392511994713782,0.2727272727272727,19.363636363636363,37.63636363636363,-11,1900,7.302166625522906,27.08833287188006,0.3157894736842105,17.894736842105264,36.0,-5,2748,6.06087734855559,23.82651260051925,0.5135135135135135,17.35135135135135,28.27027027027027,-16
2025-05-18 19:23:13.799008,138,30946.200992,19.386944444444445,1,72,28,0,1.0,-3.299999999999997,7.800000000000004,-16.4,-5.299999999999997,-8.100000000000001,3.0,-22.200000000000003,-11.100000000000001,0.0,0.0,0.0,0.0,0.0,1,31.3,19.5,52795.07,21935.27,100,0,-11.100000000000001,7.800000000000004,-16.6,13.300000000000004,0,0.0,0.0,0.0,0.0,0,50,15.5,18.4,0,-12.700000000000003,9.400000000000006,-18.299999999999997,15.0,0,0.0,0.0,0.0,0.0,0,42,15.7,17.3,0,25.025824482951364,-28,138,0.816496580927726,37.64306044943742,0.0,71.0,34.5,1,138,0.816496580927726,37.64306044943742,0.0,71.0,34.5,1,370,1.9235384061671343,33.23853185686757,0.0,71.8,31.6,4,1871,7.884584115009914,93.07813921646694,0.48,83.8,52.04,0,2762,7.8503534175531104,81.88748973811418,0.43902439024390244,83.14634146341463,42.19512195121951,13
2025-05-18 19:23:13.799008,138,30946.200992,19.386944444444445,7,71,29,0,1.0,-3.299999999999997,7.800000000000004,-16.4,-5.299999999999997,-8.100000000000001,3.0,-22.200000000000003,-11.100000000000001,0.0,0.0,0.0,0.0,0.0,1,31.3,19.5,52795.07,21935.27,100,0,-11.100000000000001,7.800000000000004,-16.6,13.300000000000004,0,0.0,0.0,0.0,0.0,0,50,15.5,18.4,0,-12.700000000000003,9.400000000000006,-18.299999999999997,15.0,0,0.0,0.0,0.0,0.0,0,42,15.7,17.3,0,26.028622540250453,-29,138,0.816496580927726,37.64306044943742,0.0,71.0,34.5,1,138,0.816496580927726,37.64306044943742,0.0,71.0,34.5,1,370,1.9235384061671343,33.23853185686757,0.0,71.8,31.6,4,1871,7.884584115009914,93.07813921646694,0.48,83.8,52.04,0,2762,7.8503534175531104,81.88748973811418,0.43902439024390244,83.14634146341463,42.19512195121951,13
2025-05-18 19:23:13.799008,138,30946.200992,19.386944444444445,81,70,30,0,1.0,-3.299999999999997,7.800000000000004,-16.4,-5.299999999999997,-8.100000000000001,3.0,-22.200000000000003,-11.100000000000001,0.0,0.0,0.0,0.0,0.0,1,31.3,19.5,52795.07,21935.27,100,0,-11.100000000000001,7.800000000000004,-16.6,13.300000000000004,0,0.0,0.0,0.0,0.0,0,50,15.5,18.4,0,-12.700000000000003,9.400000000000006,-18.299999999999997,15.0,0,0.0,0.0,0.0,0.0,0,42,15.7,17.3,0,27.04900973481034,-30,138,0.816496580927726,37.64306044943742,0.0,71.0,34.5,1,138,0.816496580927726,37.64306044943742,0.0,71.0,34.5,1,370,1.9235384061671343,33.23853185686757,0.0,71.8,31.6,4,1871,7.884584115009914,93.07813921646694,0.48,83.8,52.04,0,2762,7.8503534175531104,81.88748973811418,0.43902439024390244,83.14634146341463,42.19512195121951,13
2025-05-18 19:23:13.799008,138,30946.200992,19.386944444444445,49,71,29,0,1.0,-3.299999999999997,7.800000000000004,-16.4,-5.299999999999997,-8.100000000000001,3.0,-22.200000000000003,-11.100000000000001,0.0,0.0,0.0,0.0,0.0,1,31.3,19.5,52795.07,21935.27,100,0,-11.100000000000001,7.800000000000004,-16.6,13.300000000000004,0,0.0,0.0,0.0,0.0,0,50,15.5,18.4,0,-12.700000000000003,9.400000000000006,-18.299999999999997,15.0,0,0.0,0.0,0.0,0.0,0,42,15.7,17.3,0,26.296409214092137,-29,138,0.816496580927726,37.64306044943742,0.0,71.0,34.5,1,138,0.816496580927726,37.64306044943742,0.0,71.0,34.5,1,370,1.9235384061671343,33.23853185686757,0.0,71.8,31.6,4,1871,7.884584115009914,93.07813921646694,0.48,83.8,52.04,0,2762,7.8503534175531104,81.88748973811418,0.43902439024390244,83.14634146341463,42.19512195121951,13
2025-05-18 19:25:30.597533,138,30809.402467,19.425,55,81,19,0,1.0,-3.299999999999997,7.800000000000004,-16.4,-5.299999999999997,-8.100000000000001,3.0,-22.200000000000003,-11.100000000000001,0.0,0.0,0.0,0.0,0.0,1,31.3,19.5,52795.07,21935.27,100,0,-11.100000000000001,7.800000000000004,-16.6,13.300000000000004,0,0.0,0.0,0.0,0.0,0,50,15.5,18.4,0,-12.700000000000003,9.400000000000006,-18.299999999999997,15.0,0,0.0,0.0,0.0,0.0,0,42,15.7,17.3,0,16.442716021346655,-19,55,,,0.0,81.0,55.0,0,193,4.527692569068709,33.86443562205046,0.0,73.0,38.6,-9,359,4.131182235954578,31.22659123247365,0.0,73.33333333333333,35.5,-6,1923,7.44983221287567,92.5159085419007,0.48,84.2,54.12,6,2817,7.761095986878255,80.90682686984047,0.42857142857142855,83.0952380952381,42.5,3
2025-05-18 19:29:14.524802,138,30585.475198,19.487222222222222,20,89,11,1,1.0,-3.299999999999997,7.800000000000004,-16.4,-5.299999999999997,-8.100000000000001,3.0,-22.200000000000003,-11.100000000000001,0.0,0.0,0.0,0.0,0.0,1,31.3,19.5,52795.07,21935.27,100,0,-11.100000000000001,7.800000000000004,-16.6,13.300000000000004,0,0.0,0.0,0.0,0.0,0,50,15.5,18.4,0,-12.700000000000003,9.400000000000006,-18.299999999999997,15.0,0,0.0,0.0,0.0,0.0,0,42,15.7,17.3,0,8.546046617915906,11,351,0.5773502691896257,168.87569392899618,1.0,88.66666666666667,117.0,1,406,3.8622100754188224,141.32822317805693,0.75,86.75,101.5,-7,545,8.806450557890587,102.22524150130437,0.375,78.875,68.0,-16,2153,7.2867596431381,102.16916590409487,0.5185185185185185,84.5925925925926,62.333333333333336,1,3166,7.623528173895721,88.02907577509933,0.4666666666666667,83.46666666666667,47.46666666666667,-4
2025-05-18 19:29:14.524802,138,30585.475198,19.487222222222222,19,89,11,1,1.0,-3.299999999999997,7.800000000000004,-16.4,-5.299999999999997,-8.100000000000001,3.0,-22.200000000000003,-11.100000000000001,0.0,0.0,0.0,0.0,0.0,1,31.3,19.5,52795.07,21935.27,100,0,-11.100000000000001,7.800000000000004,-16.6,13.300000000000004,0,0.0,0.0,0.0,0.0,0,50,15.5,18.4,0,-12.700000000000003,9.400000000000006,-18.299999999999997,15.0,0,0.0,0.0,0.0,0.0,0,42,15.7,17.3,0,8.56562070545121,11,351,0.5773502691896257,168.87569392899618,1.0,88.66666666666667,117.0,1,406,3.8622100754188224,141.32822317805693,0.75,86.75,101.5,-7,545,8.806450557890587,102.22524150130437,0.375,78.875,68.0,-16,2153,7.2867596431381,102.16916590409487,0.5185185185185185,84.5925925925926,62.333333333333336,1,3166,7.623528173895721,88.02907577509933,0.4666666666666667,83.46666666666667,47.46666666666667,-4
2025-05-18 19:29:14.524802,138,30585.475198,19.487222222222222,312,88,12,1,1.0,-3.299999999999997,7.800000000000004,-16.4,-5.299999999999997,-8.100000000000001,3.0,-22.200000000000003,-11.100000000000001,0.0,0.0,0.0,0.0,0.0,1,31.3,19.5,52795.07,21935.27,100,0,-11.100000000000001,7.800000000000004,-16.6,13.300000000000004,0,0.0,0.0,0.0,0.0,0,50,15.5,18.4,0,-12.700000000000003,9.400000000000006,-18.299999999999997,15.0,0,0.0,0.0,0.0,0.0,0,42,15.7,17.3,0,9.58429932285091,12,351,0.5773502691896257,168.87569392899618,1.0,88.66666666666667,117.0,1,406,3.8622100754188224,141.32822317805693,0.75,86.75,101.5,-7,545,8.806450557890587,102.22524150130437,0.375,78.875,68.0,-16,2153,7.2867596431381,102.16916590409487,0.5185185185185185,84.5925925925926,62.333333333333336,1,3166,7.623528173895721,88.02907577509933,0.4666666666666667,83.46666666666667,47.46666666666667,-4
2025-05-18 19:30:01.283888,138,30538.716112,19.50027777777778,50,91,9,1,1.0,-3.299999999999997,7.800000000000004,-16.4,-5.299999999999997,-8.100000000000001,3.0,-22.200000000000003,-11.100000000000001,0.0,0.0,0.0,0.0,0.0,1,31.3,19.5,52795.07,21935.27,100,0,-11.100000000000001,7.800000000000004,-16.6,13.300000000000004,0,0.0,0.0,0.0,0.0,0,50,15.5,18.4,0,-12.700000000000003,9.400000000000006,-18.299999999999997,15.0,0,0.0,0.0,0.0,0.0,0,42,15.7,17.3,0,6.940245208903704,9,686,1.6431676725154982,148.08004592111658,1.0,89.8,137.2,-3,741,3.8815804341359033,136.6319874699918,0.8333333333333334,88.33333333333333,123.5,-11,880,9.418657606639659,113.82388931053875,0.5,81.4,87.9,-20,2488,7.245348431347219,106.8391705994774,0.5517241379310345,85.06896551724138,69.58620689655173,-3,3501,7.634698530172852,92.80220777940929,0.48936170212765956,83.80851063829788,52.57446808510638,-8
2025-05-18 19:30:01.283888,138,30538.716112,19.50027777777778,285,92,8,1,1.0,-3.299999999999997,7.800000000000004,-16.4,-5.299999999999997,-8.100000000000001,3.0,-22.200000000000003,-11.100000000000001,0.0,0.0,0.0,0.0,0.0,1,31.3,19.5,52795.07,21935.27,100,0,-11.100000000000001,7.800000000000004,-16.6,13.300000000000004,0,0.0,0.0,0.0,0.0,0,50,15.5,18.4,0,-12.700000000000003,9.400000000000006,-18.299999999999997,15.0,0,0.0,0.0,0.0,0.0,0,42,15.7,17.3,0,5.981798586995566,8,686,1.6431676725154982,148.08004592111658,1.0,89.8,137.2,-3,741,3.8815804341359033,136.6319874699918,0.8333333333333334,88.33333333333333,123.5,-11,880,9.418657606639659,113.82388931053875,0.5,81.4,87.9,-20,2488,7.245348431347219,106.8391705994774,0.5517241379310345,85.06896551724138,69.58620689655173,-3,3501,7.634698530172852,92.80220777940929,0.48936170212765956,83.80851063829788,52.57446808510638,-8
2025-05-18 19:31:33.289800,138,30446.7102,19.52583333333333,2,80,20,0,1.0,-3.299999999999997,7.800000000000004,-16.4,-5.299999999999997,-8.100000000000001,3.0,-22.200000000000003,-11.100000000000001,0.0,0.0,0.0,0.0,0.0,1,31.3,19.5,52795.07,21935.27,100,0,-11.100000000000001,7.800000000000004,-16.6,13.300000000000004,0,0.0,0.0,0.0,0.0,0,50,15.5,18.4,0,-12.700000000000003,9.400000000000006,-18.299999999999997,15.0,0,0.0,0.0,0.0,0.0,0,42,15.7,17.3,0,18.193156459211508,-20,337,6.6583281184793925,151.44746063679423,0.6666666666666666,87.66666666666667,112.33333333333333,11,688,4.262237284181474,143.48751397479387,0.8333333333333334,88.16666666666667,114.66666666666667,9,881,8.94528824679126,111.04544524243626,0.45454545454545453,81.27272727272727,80.0909090909091,-8,2469,7.263682519482962,107.20538733613915,0.5517241379310345,84.75862068965517,68.93103448275862,11,3503,7.573019250429507,92.09938886375964,0.4791666666666667,83.72916666666667,51.520833333333336,4
2025-05-18 19:32:21.191425,138,30398.808575,19.539166666666667,10,70,30,0,1.0,-3.299999999999997,7.800000000000004,-16.4,-5.299999999999997,-8.100000000000001,3.0,-22.200000000000003,-11.100000000000001,0.0,0.0,0.0,0.0,0.0,1,31.3,19.5,52795.07,21935.27,100,0,-11.100000000000001,7.800000000000004,-16.6,13.300000000000004,0,0.0,0.0,0.0,0.0,0,50,15.5,18.4,0,-12.700000000000003,9.400000000000006,-18.299999999999997,15.0,0,0.0,0.0,0.0,0.0,0,42,15.7,17.3,0,28.197668650793645,-30,12,7.0710678118654755,5.656854249492381,0.0,75.0,6.0,10,698,7.892129895390362,136.8292296815198,0.7142857142857143,85.57142857142857,99.71428571428571,19,891,9.128709291752768,107.79367918726622,0.4166666666666667,80.33333333333333,74.25,2,2479,7.629043115003001,105.88884325761983,0.5333333333333333,84.26666666666667,66.96666666666667,21,3513,7.746131358323854,91.32779509252693,0.46938775510204084,83.44897959183673,50.673469387755105,14
2025-05-18 19:33:12.589141,138,30347.410859,19.553333333333335,8,80,20,1,1.0,-3.299999999999997,7.800000000000004,-16.4,-5.299999999999997,-8.100000000000001,3.0,-22.200000000000003,-11.100000000000001,0.0,0.0,0.0,0.0,0.0,1,31.3,19.5,52795.07,21935.27,100,0,-11.100000000000001,7.800000000000004,-16.6,13.300000000000004,0,0.0,0.0,0.0,0.0,0,50,15.5,18.4,0,-12.700000000000003,9.400000000000006,-18.299999999999997,15.0,0,0.0,0.0,0.0,0.0,0,42,15.7,17.3,0,18.232679413955793,20,20,5.773502691896257,4.163331998932266,0.3333333333333333,76.66666666666667,6.666666666666667,0,706,7.567552916422662,130.76341777642335,0.75,84.875,88.25,9,899,8.740562676248933,104.82751400423314,0.46153846153846156,80.3076923076923,69.15384615384616,-8,2477,7.443051442676257,107.0348338860982,0.5172413793103449,83.55172413793103,69.20689655172414,7,3516,7.682181875440528,90.59231169793334,0.48,83.38,49.82,4
2025-05-18 19:34:14.552758,138,30285.447242,19.570555555555554,47,7,93,0,3.0,-5.299999999999997,7.800000000000004,-18.4,-5.299999999999997,-10.100000000000001,3.0,-24.200000000000003,-11.100000000000001,0.0,0.0,0.0,0.0,0.0,1,31.3,19.5,52795.07,21935.27,100,0,-13.100000000000001,7.800000000000004,-18.6,13.300000000000004,0,0.0,0.0,0.0,0.0,0,50,15.5,18.4,0,-14.700000000000003,9.400000000000006,-20.299999999999997,15.0,0,0.0,0.0,0.0,0.0,0,42,15.7,17.3,0,-1.649769585253452,7,115,0.7071067811865476,2.1213203435596424,0.0,7.5,48.5,-1,452,0.7071067811865476,2.1213203435596424,0.0,7.5,48.5,-1,996,0.7071067811865476,2.1213203435596424,0.0,7.5,48.5,-1,1942,8.41006341632848,21.419519913698657,0.25,16.9375,35.4375,16,3613,6.300623855029504,23.507896803440588,0.5294117647058824,17.61764705882353,32.5,6
2025-05-18 19:34:14.552758,138,30285.447242,19.570555555555554,50,8,92,0,3.0,-5.299999999999997,7.800000000000004,-18.4,-5.299999999999997,-10.100000000000001,3.0,-24.200000000000003,-11.100000000000001,0.0,0.0,0.0,0.0,0.0,1,31.3,19.5,52795.07,21935.27,100,0,-13.100000000000001,7.800000000000004,-18.6,13.300000000000004,0,0.0,0.0,0.0,0.0,0,50,15.5,18.4,0,-14.700000000000003,9.400000000000006,-20.299999999999997,15.0,0,0.0,0.0,0.0,0.0,0,42,15.7,17.3,0,-2.7781456953642447,8,115,0.7071067811865476,2.1213203435596424,0.0,7.5,48.5,-1,452,0.7071067811865476,2.1213203435596424,0.0,7.5,48.5,-1,996,0.7071067811865476,2.1213203435596424,0.0,7.5,48.5,-1,1942,8.41006341632848,21.419519913698657,0.25,16.9375,35.4375,16,3613,6.300623855029504,23.507896803440588,0.5294117647058824,17.61764705882353,32.5,6
2025-05-18 19:40:39.438262,138,29900.561738,19.677500000000002,3,91,9,1,1.0,-3.299999999999997,7.800000000000004,-16.4,-5.299999999999997,-8.100000000000001,3.0,-22.200000000000003,-11.100000000000001,0.0,0.0,0.0,0.0,0.0,1,31.3,19.5,52795.07,21935.27,100,0,-11.100000000000001,7.800000000000004,-16.6,13.300000000000004,0,0.0,0.0,0.0,0.0,0,50,15.5,18.4,0,-12.700000000000003,9.400000000000006,-18.299999999999997,15.0,0,0.0,0.0,0.0,0.0,0,42,15.7,17.3,0,7.250807854834704,9,3,,,1.0,91.0,3.0,0,3,,,1.0,91.0,3.0,0,806,7.3673453684334484,125.5754531922718,0.7777777777777778,85.55555555555556,78.77777777777777,-2,1945,7.706141406995812,75.11554252845897,0.5925925925925926,83.33333333333333,51.03703703703704,-3,3557,7.837204138433743,91.43162662306065,0.4897959183673469,83.51020408163265,50.38775510204081,-37
2025-05-18 19:43:02.764243,138,29757.235757,19.71722222222222,49,8,92,0,3.0,-5.299999999999997,7.800000000000004,-18.4,-5.299999999999997,-10.100000000000001,3.0,-24.200000000000003,-11.100000000000001,0.0,0.0,0.0,0.0,0.0,1,31.3,19.5,52795.07,21935.27,100,0,-13.100000000000001,7.800000000000004,-18.6,13.300000000000004,0,0.0,0.0,0.0,0.0,0,50,15.5,18.4,0,-14.700000000000003,9.400000000000006,-20.299999999999997,15.0,0,0.0,0.0,0.0,0.0,0,42,15.7,17.3,0,-3.028880866425993,8,99,0.0,0.7071067811865476,0.0,8.0,49.5,0,102,0.0,0.7071067811865476,0.0,8.0,49.5,0,905,0.5,1.4142135623730951,0.0,7.75,49.0,-1,2024,8.411981806239048,20.62836425324863,0.2222222222222222,15.944444444444445,37.0,16,3656,6.644794781083118,23.47031348263721,0.47058823529411764,17.294117647058822,34.411764705882355,8
2025-05-18 19:43:02.764243,138,29757.235757,19.71722222222222,50,8,92,0,3.0,-5.299999999999997,7.800000000000004,-18.4,-5.299999999999997,-10.100000000000001,3.0,-24.200000000000003,-11.100000000000001,0.0,0.0,0.0,0.0,0.0,1,31.3,19.5,52795.07,21935.27,100,0,-13.100000000000001,7.800000000000004,-18.6,13.300000000000004,0,0.0,0.0,0.0,0.0,0,50,15.5,18.4,0,-14.700000000000003,9.400000000000006,-20.299999999999997,15.0,0,0.0,0.0,0.0,0.0,0,42,15.7,17.3,0,-3.3227722772277275,8,99,0.0,0.7071067811865476,0.0,8.0,49.5,0,102,0.0,0.7071067811865476,0.0,8.0,49.5,0,905,0.5,1.4142135623730951,0.0,7.75,49.0,-1,2024,8.411981806239048,20.62836425324863,0.2222222222222222,15.944444444444445,37.0,16,3656,6.644794781083118,23.47031348263721,0.47058823529411764,17.294117647058822,34.411764705882355,8
2025-05-18 19:46:18.818621,138,29561.181379,19.771666666666665,5,91,9,1,1.0,-3.299999999999997,7.800000000000004,-16.4,-5.299999999999997,-8.100000000000001,3.0,-22.200000000000003,-11.100000000000001,0.0,0.0,0.0,0.0,0.0,1,31.3,19.5,52795.07,21935.27,100,0,-11.100000000000001,7.800000000000004,-16.6,13.300000000000004,0,0.0,0.0,0.0,0.0,0,50,15.5,18.4,0,-12.700000000000003,9.400000000000006,-18.299999999999997,15.0,0,0.0,0.0,0.0,0.0,0,42,15.7,17.3,0,7.25351237100584,9,5,,,1.0,91.0,5.0,0,104,,,1.0,91.0,5.0,0,224,8.848728722251575,3.361547262794322,0.6,82.4,5.6,-11,1900,7.92148975887743,78.24740677279131,0.64,83.0,49.36,-4,3651,6.62311454366474,91.48041684790614,0.5102040816326531,84.26530612244898,50.285714285714285,-8
2025-05-18 19:49:58.735701,138,29341.264299,19.83277777777778,49,7,93,0,3.0,-5.299999999999997,7.800000000000004,-18.4,-5.299999999999997,-10.100000000000001,3.0,-24.200000000000003,-11.100000000000001,0.0,0.0,0.0,0.0,0.0,1,31.3,19.5,52795.07,21935.27,100,0,-13.100000000000001,7.800000000000004,-18.6,13.300000000000004,0,0.0,0.0,0.0,0.0,0,50,15.5,18.4,0,-14.700000000000003,9.400000000000006,-20.299999999999997,15.0,0,0.0,0.0,0.0,0.0,0,42,15.7,17.3,0,-2.687912087912082,7,204,1.1547005383792517,32.046840717924134,0.0,6.333333333333333,68.0,2,209,1.1547005383792517,32.046840717924134,0.0,6.333333333333333,68.0,2,311,1.224744871391589,24.825390228554312,0.0,7.0,60.6,3,2104,8.494536058970075,24.247827590469683,0.19047619047619047,14.571428571428571,41.42857142857143,19,3836,7.0532083300968615,25.463658376162254,0.43243243243243246,16.405405405405407,37.13513513513514,11
2025-05-18 19:49:58.735701,138,29341.264299,19.83277777777778,50,7,93,0,3.0,-5.299999999999997,7.800000000000004,-18.4,-5.299999999999997,-10.100000000000001,3.0,-24.200000000000003,-11.100000000000001,0.0,0.0,0.0,0.0,0.0,1,31.3,19.5,52795.07,21935.27,100,0,-13.100000000000001,7.800000000000004,-18.6,13.300000000000004,0,0.0,0.0,0.0,0.0,0,50,15.5,18.4,0,-14.700000000000003,9.400000000000006,-20.299999999999997,15.0,0,0.0,0.0,0.0,0.0,0,42,15.7,17.3,0,-3.0123152709359573,7,204,1.1547005383792517,32.046840717924134,0.0,6.333333333333333,68.0,2,209,1.1547005383792517,32.046840717924134,0.0,6.333333333333333,68.0,2,311,1.224744871391589,24.825390228554312,0.0,7.0,60.6,3,2104,8.494536058970075,24.247827590469683,0.19047619047619047,14.571428571428571,41.42857142857143,19,3836,7.0532083300968615,25.463658376162254,0.43243243243243246,16.405405405405407,37.13513513513514,11
2025-05-18 19:49:58.735701,138,29341.264299,19.83277777777778,105,5,95,0,3.0,-5.299999999999997,7.800000000000004,-18.4,-5.299999999999997,-10.100000000000001,3.0,-24.200000000000003,-11.100000000000001,0.0,0.0,0.0,0.0,0.0,1,31.3,19.5,52795.07,21935.27,100,0,-13.100000000000001,7.800000000000004,-18.6,13.300000000000004,0,0.0,0.0,0.0,0.0,0,50,15.5,18.4,0,-14.700000000000003,9.400000000000006,-20.299999999999997,15.0,0,0.0,0.0,0.0,0.0,0,42,15.7,17.3,0,-1.43539325842697,5,204,1.1547005383792517,32.046840717924134,0.0,6.333333333333333,68.0,2,209,1.1547005383792517,32.046840717924134,0.0,6.333333333333333,68.0,2,311,1.224744871391589,24.825390228554312,0.0,7.0,60.6,3,2104,8.494536058970075,24.247827590469683,0.19047619047619047,14.571428571428571,41.42857142857143,19,3836,7.0532083300968615,25.463658376162254,0.43243243243243246,16.405405405405407,37.13513513513514,11
2025-05-18 20:01:18.445596,138,28661.554404,20.021666666666665,1,75,25,1,3.0,-5.299999999999997,9.400000000000006,-18.4,-3.6999999999999957,-10.100000000000001,4.600000000000001,-24.200000000000003,-9.5,0.0,0.0,0.0,0.0,0.0,1,31.3,19.5,52795.07,21935.27,100,0,-14.700000000000003,9.400000000000006,-20.299999999999997,15.0,0,0.0,0.0,0.0,0.0,0,42,15.7,17.3,0,-16.9,11.600000000000001,-21.4,16.1,0,0.0,0.0,0.0,0.0,0,8,10.3,17.3,0,-72.03585657370517,-75,2,35.35533905932738,0.0,1.0,50.0,1.0,50,2,35.35533905932738,0.0,1.0,50.0,1.0,50,211,29.75231083462258,43.1300359378473,0.4,23.8,41.2,-18,2044,15.905229196382983,25.115732121520963,0.25,18.15,40.8,-9,3790,11.678093497925456,26.06666425063237,0.46153846153846156,18.128205128205128,35.282051282051285,-9
2025-05-18 20:01:18.445596,138,28661.554404,20.021666666666665,1,25,75,1,3.0,-5.299999999999997,9.400000000000006,-18.4,-3.6999999999999957,-10.100000000000001,4.600000000000001,-24.200000000000003,-9.5,0.0,0.0,0.0,0.0,0.0,1,31.3,19.5,52795.07,21935.27,100,0,-14.700000000000003,9.400000000000006,-20.299999999999997,15.0,0,0.0,0.0,0.0,0.0,0,42,15.7,17.3,0,-16.9,11.600000000000001,-21.4,16.1,0,0.0,0.0,0.0,0.0,0,8,10.3,17.3,0,-22.323999999999998,-25,2,35.35533905932738,0.0,1.0,50.0,1.0,50,2,35.35533905932738,0.0,1.0,50.0,1.0,50,211,29.75231083462258,43.1300359378473,0.4,23.8,41.2,-18,2044,15.905229196382983,25.115732121520963,0.25,18.15,40.8,-9,3790,11.678093497925456,26.06666425063237,0.46153846153846156,18.128205128205128,35.282051282051285,-9
2025-05-18 20:01:18.526361,138,28661.473639,20.021666666666665,1,80,20,0,1.0,-3.299999999999997,9.400000000000006,-16.4,-3.6999999999999957,-8.100000000000001,4.600000000000001,-22.200000000000003,-9.5,0.0,0.0,0.0,0.0,0.0,1,31.3,19.5,52795.07,21935.27,100,0,-12.700000000000003,9.400000000000006,-18.299999999999997,15.0,0,0.0,0.0,0.0,0.0,0,42,15.7,17.3,0,-14.899999999999999,11.600000000000001,-19.4,16.1,0,0.0,0.0,0.0,0.0,0,8,10.3,17.3,0,18.258024384175172,-20,3,,,0.0,80.0,1.0,0,3,,,0.0,80.0,1.0,0,212,7.7781745930520225,2.8284271247461903,0.5,85.5,3.0,11,2045,7.738479047656231,79.37088457892213,0.625,83.16666666666667,51.208333333333336,8,3791,6.903519816628751,94.94223655901666,0.5111111111111111,84.02222222222223,53.28888888888889,7
2025-05-18 20:02:29.089650,138,28590.91035,20.04138888888889,1,27,73,1,5.0,-7.299999999999997,9.400000000000006,-20.4,-3.6999999999999957,-12.100000000000001,4.600000000000001,-26.200000000000003,-9.5,0.0,0.0,0.0,0.0,0.0,1,31.3,19.5,52795.07,21935.27,100,0,-16.700000000000003,9.400000000000006,-22.299999999999997,15.0,0,0.0,0.0,0.0,0.0,0,42,15.7,17.3,0,-18.9,11.600000000000001,-23.4,16.1,0,0.0,0.0,0.0,0.0,0,8,10.3,17.3,0,-25.884955752212388,-27,4,,,1.0,27.0,1.0,0,4,,,1.0,27.0,1.0,0,208,,,1.0,27.0,1.0,0,2046,,,1.0,27.0,1.0,0,3792,14.849242404917497,11.313708498984761,1.0,16.5,9.0,-21
2025-05-18 20:12:41.775845,138,27978.224155,20.211388888888887,59,70,30,0,1.0,-3.299999999999997,9.400000000000006,-16.4,-3.6999999999999957,-8.100000000000001,4.600000000000001,-22.200000000000003,-9.5,0.0,0.0,0.0,0.0,0.0,1,31.3,19.5,52795.07,21935.27,100,0,-12.700000000000003,9.400000000000006,-18.299999999999997,15.0,0,0.0,0.0,0.0,0.0,0,42,15.7,17.3,0,-14.899999999999999,11.600000000000001,-19.4,16.1,0,0.0,0.0,0.0,0.0,0,8,10.3,17.3,0,28.26029613039691,-30,129,7.2044959507769795,20.517124090680472,0.0,74.71428571428571,18.428571428571427,-10,129,7.2044959507769795,20.517124090680472,0.0,74.71428571428571,18.428571428571427,-10,133,6.926914382114366,19.96961978320354,0.0,75.375,16.25,0,1606,8.54993855389396,81.51312466562439,0.3333333333333333,79.33333333333333,44.041666666666664,-5,3340,7.82657774183175,87.62235366447382,0.4583333333333333,82.75,46.9375,2
2025-05-18 20:12:41.775845,138,27978.224155,20.211388888888887,7,71,29,0,1.0,-3.299999999999997,9.400000000000006,-16.4,-3.6999999999999957,-8.100000000000001,4.600000000000001,-22.200000000000003,-9.5,0.0,0.0,0.0,0.0,0.0,1,31.3,19.5,52795.07,21935.27,100,0,-12.700000000000003,9.400000000000006,-18.299999999999997,15.0,0,0.0,0.0,0.0,0.0,0,42,15.7,17.3,0,-14.899999999999999,11.600000000000001,-19.4,16.1,0,0.0,0.0,0.0,0.0,0,8,10.3,17.3,0,27.46929054900977,-29,129,7.2044959507769795,20.517124090680472,0.0,74.71428571428571,18.428571428571427,-10,129,7.2044959507769795,20.517124090680472,0.0,74.71428571428571,18.428571428571427,-10,133,6.926914382114366,19.96961978320354,0.0,75.375,16.25,0,1606,8.54993855389396,81.51312466562439,0.3333333333333333,79.33333333333333,44.041666666666664,-5,3340,7.82657774183175,87.62235366447382,0.4583333333333333,82.75,46.9375,2
2025-05-18 20:12:41.775845,138,27978.224155,20.211388888888887,6,72,28,0,1.0,-3.299999999999997,9.400000000000006,-16.4,-3.6999999999999957,-8.100000000000001,4.600000000000001,-22.200000000000003,-9.5,0.0,0.0,0.0,0.0,0.0,1,31.3,19.5,52795.07,21935.27,100,0,-12.700000000000003,9.400000000000006,-18.299999999999997,15.0,0,0.0,0.0,0.0,0.0,0,42,15.7,17.3,0,-14.899999999999999,11.600000000000001,-19.4,16.1,0,0.0,0.0,0.0,0.0,0,8,10.3,17.3,0,26.49341362438841,-28,129,7.2044959507769795,20.517124090680472,0.0,74.71428571428571,18.428571428571427,-10,129,7.2044959507769795,20.517124090680472,0.0,74.71428571428571,18.428571428571427,-10,133,6.926914382114366,19.96961978320354,0.0,75.375,16.25,0,1606,8.54993855389396,81.51312466562439,0.3333333333333333,79.33333333333333,44.041666666666664,-5,3340,7.82657774183175,87.62235366447382,0.4583333333333333,82.75,46.9375,2
2025-05-18 20:12:41.775845,138,27978.224155,20.211388888888887,30,70,30,0,1.0,-3.299999999999997,9.400000000000006,-16.4,-3.6999999999999957,-8.100000000000001,4.600000000000001,-22.200000000000003,-9.5,0.0,0.0,0.0,0.0,0.0,1,31.3,19.5,52795.07,21935.27,100,0,-12.700000000000003,9.400000000000006,-18.299999999999997,15.0,0,0.0,0.0,0.0,0.0,0,42,15.7,17.3,0,-14.899999999999999,11.600000000000001,-19.4,16.1,0,0.0,0.0,0.0,0.0,0,8,10.3,17.3,0,28.513370998116756,-30,129,7.2044959507769795,20.517124090680472,0.0,74.71428571428571,18.428571428571427,-10,129,7.2044959507769795,20.517124090680472,0.0,74.71428571428571,18.428571428571427,-10,133,6.926914382114366,19.96961978320354,0.0,75.375,16.25,0,1606,8.54993855389396,81.51312466562439,0.3333333333333333,79.33333333333333,44.041666666666664,-5,3340,7.82657774183175,87.62235366447382,0.4583333333333333,82.75,46.9375,2
2025-05-18 20:12:41.775845,138,27978.224155,20.211388888888887,20,89,11,0,1.0,-3.299999999999997,9.400000000000006,-16.4,-3.6999999999999957,-8.100000000000001,4.600000000000001,-22.200000000000003,-9.5,0.0,0.0,0.0,0.0,0.0,1,31.3,19.5,52795.07,21935.27,100,0,-12.700000000000003,9.400000000000006,-18.299999999999997,15.0,0,0.0,0.0,0.0,0.0,0,42,15.7,17.3,0,-14.899999999999999,11.600000000000001,-19.4,16.1,0,0.0,0.0,0.0,0.0,0,8,10.3,17.3,0,9.621172022684306,-11,129,7.2044959507769795,20.517124090680472,0.0,74.71428571428571,18.428571428571427,-10,129,7.2044959507769795,20.517124090680472,0.0,74.71428571428571,18.428571428571427,-10,133,6.926914382114366,19.96961978320354,0.0,75.375,16.25,0,1606,8.54993855389396,81.51312466562439,0.3333333333333333,79.33333333333333,44.041666666666664,-5,3340,7.82657774183175,87.62235366447382,0.4583333333333333,82.75,46.9375,2
2025-05-18 20:12:41.775845,138,27978.224155,20.211388888888887,6,71,29,0,1.0,-3.299999999999997,9.400000000000006,-16.4,-3.6999999999999957,-8.100000000000001,4.600000000000001,-22.200000000000003,-9.5,0.0,0.0,0.0,0.0,0.0,1,31.3,19.5,52795.07,21935.27,100,0,-12.700000000000003,9.400000000000006,-18.299999999999997,15.0,0,0.0,0.0,0.0,0.0,0,42,15.7,17.3,0,-14.899999999999999,11.600000000000001,-19.4,16.1,0,0.0,0.0,0.0,0.0,0,8,10.3,17.3,0,27.645483259633608,-29,129,7.2044959507769795,20.517124090680472,0.0,74.71428571428571,18.428571428571427,-10,129,7.2044959507769795,20.517124090680472,0.0,74.71428571428571,18.428571428571427,-10,133,6.926914382114366,19.96961978320354,0.0,75.375,16.25,0,1606,8.54993855389396,81.51312466562439,0.3333333333333333,79.33333333333333,44.041666666666664,-5,3340,7.82657774183175,87.62235366447382,0.4583333333333333,82.75,46.9375,2
2025-05-18 20:12:41.775845,138,27978.224155,20.211388888888887,1,80,20,0,1.0,-3.299999999999997,9.400000000000006,-16.4,-3.6999999999999957,-8.100000000000001,4.600000000000001,-22.200000000000003,-9.5,0.0,0.0,0.0,0.0,0.0,1,31.3,19.5,52795.07,21935.27,100,0,-12.700000000000003,9.400000000000006,-18.299999999999997,15.0,0,0.0,0.0,0.0,0.0,0,42,15.7,17.3,0,-14.899999999999999,11.600000000000001,-19.4,16.1,0,0.0,0.0,0.0,0.0,0,8,10.3,17.3,0,18.666455936275128,-20,129,7.2044959507769795,20.517124090680472,0.0,74.71428571428571,18.428571428571427,-10,129,7.2044959507769795,20.517124090680472,0.0,74.71428571428571,18.428571428571427,-10,133,6.926914382114366,19.96961978320354,0.0,75.375,16.25,0,1606,8.54993855389396,81.51312466562439,0.3333333333333333,79.33333333333333,44.041666666666664,-5,3340,7.82657774183175,87.62235366447382,0.4583333333333333,82.75,46.9375,2
2025-05-18 20:16:53.727328,138,27726.272672,20.281388888888888,49,3,97,0,3.0,-5.299999999999997,9.400000000000006,-18.4,-3.6999999999999957,-10.100000000000001,4.600000000000001,-24.200000000000003,-9.5,0.0,0.0,0.0,0.0,0.0,1,31.3,19.5,52795.07,21935.27,100,0,-14.700000000000003,9.400000000000006,-20.299999999999997,15.0,0,0.0,0.0,0.0,0.0,0,42,15.7,17.3,0,-16.9,11.600000000000001,-21.4,16.1,0,0.0,0.0,0.0,0.0,0,8,10.3,17.3,0,-0.41365461847389895,3,49,,,0.0,3.0,49.0,0,178,,,0.0,3.0,49.0,0,179,,,0.0,3.0,49.0,0,1489,21.812585561755142,29.05722323661059,0.2,15.3,45.1,4,3389,13.739931378493646,27.613045749545677,0.27586206896551724,17.0,39.13793103448276,19
2025-05-18 20:42:25.111534,138,26194.888466,20.706944444444442,3,76,24,0,1.0,-3.299999999999997,9.400000000000006,-16.4,-3.6999999999999957,-8.100000000000001,4.600000000000001,-22.200000000000003,-9.5,0.0,0.0,0.0,0.0,0.0,1,31.3,19.5,52795.07,21935.27,100,0,-12.700000000000003,9.400000000000006,-18.299999999999997,15.0,0,0.0,0.0,0.0,0.0,0,42,15.7,17.3,0,-14.899999999999999,11.600000000000001,-19.4,16.1,0,0.0,0.0,0.0,0.0,0,8,10.3,17.3,0,22.668816388467377,-24,3,,,0.0,76.0,3.0,0,3,,,0.0,76.0,3.0,0,3,,,0.0,76.0,3.0,0,493,7.84573486395988,18.359375443262408,0.1,77.0,13.8,15,2418,8.192137151629671,67.48563633182332,0.4444444444444444,81.44444444444444,41.55555555555556,11
2025-05-18 20:53:03.106192,138,25556.893808,20.884166666666665,16,95,5,1,1.0,-3.299999999999997,9.400000000000006,-16.4,-3.6999999999999957,-8.100000000000001,4.600000000000001,-22.200000000000003,-9.5,0.0,0.0,0.0,0.0,0.0,1,31.3,19.5,52795.07,21935.27,100,0,-12.700000000000003,9.400000000000006,-18.299999999999997,15.0,0,0.0,0.0,0.0,0.0,0,42,15.7,17.3,0,-14.899999999999999,11.600000000000001,-19.4,16.1,0,0.0,0.0,0.0,0.0,0,8,10.3,17.3,0,3.6774193548387046,5,18,2.8284271247461903,9.899494936611665,1.0,93.0,9.0,4,18,2.8284271247461903,9.899494936611665,1.0,93.0,9.0,4,21,10.016652800877813,7.810249675906654,0.6666666666666666,87.33333333333333,7.0,-15,203,9.211652699409887,17.60733318302865,0.18181818181818182,78.63636363636364,13.727272727272727,-11,2306,8.451542547285166,67.55801152072877,0.5,81.66666666666667,38.47222222222222,-4
2025-05-18 20:53:03.106192,138,25556.893808,20.884166666666665,2,91,9,1,1.0,-3.299999999999997,9.400000000000006,-16.4,-3.6999999999999957,-8.100000000000001,4.600000000000001,-22.200000000000003,-9.5,0.0,0.0,0.0,0.0,0.0,1,31.3,19.5,52795.07,21935.27,100,0,-12.700000000000003,9.400000000000006,-18.299999999999997,15.0,0,0.0,0.0,0.0,0.0,0,42,15.7,17.3,0,-14.899999999999999,11.600000000000001,-19.4,16.1,0,0.0,0.0,0.0,0.0,0,8,10.3,17.3,0,7.684877677779184,9,18,2.8284271247461903,9.899494936611665,1.0,93.0,9.0,4,18,2.8284271247461903,9.899494936611665,1.0,93.0,9.0,4,21,10.016652800877813,7.810249675906654,0.6666666666666666,87.33333333333333,7.0,-15,203,9.211652699409887,17.60733318302865,0.18181818181818182,78.63636363636364,13.727272727272727,-11,2306,8.451542547285166,67.55801152072877,0.5,81.66666666666667,38.47222222222222,-4
2025-05-18 20:53:12.092324,138,25547.907676,20.886666666666667,50,4,96,0,3.0,-5.299999999999997,9.400000000000006,-18.4,-3.6999999999999957,-10.100000000000001,4.600000000000001,-24.200000000000003,-9.5,0.0,0.0,0.0,0.0,0.0,1,31.3,19.5,52795.07,21935.27,100,0,-14.700000000000003,9.400000000000006,-20.299999999999997,15.0,0,0.0,0.0,0.0,0.0,0,42,15.7,17.3,0,-16.9,11.600000000000001,-21.4,16.1,0,0.0,0.0,0.0,0.0,0,8,10.3,17.3,0,-1.5150000000000006,4,117,0.0,0.7071067811865476,0.0,4.0,49.5,0,117,0.0,0.7071067811865476,0.0,4.0,49.5,0,120,0.0,0.7071067811865476,0.0,4.0,49.5,0,302,30.930567405076808,26.476404589747453,0.4,22.2,30.0,71,2405,15.054124573241271,23.77898231632296,0.2,15.72,40.76,5
2025-05-18 20:53:12.092324,138,25547.907676,20.886666666666667,49,4,96,0,3.0,-5.299999999999997,9.400000000000006,-18.4,-3.6999999999999957,-10.100000000000001,4.600000000000001,-24.200000000000003,-9.5,0.0,0.0,0.0,0.0,0.0,1,31.3,19.5,52795.07,21935.27,100,0,-14.700000000000003,9.400000000000006,-20.299999999999997,15.0,0,0.0,0.0,0.0,0.0,0,42,15.7,17.3,0,-16.9,11.600000000000001,-21.4,16.1,0,0.0,0.0,0.0,0.0,0,8,10.3,17.3,0,-2.019999999999996,4,117,0.0,0.7071067811865476,0.0,4.0,49.5,0,117,0.0,0.7071067811865476,0.0,4.0,49.5,0,120,0.0,0.7071067811865476,0.0,4.0,49.5,0,302,30.930567405076808,26.476404589747453,0.4,22.2,30.0,71,2405,15.054124573241271,23.77898231632296,0.2,15.72,40.76,5
2025-05-18 21:03:30.889219,138,24929.110781,21.058333333333334,50,97,3,1,1.0,-3.299999999999997,11.600000000000001,-16.4,-1.5,-8.100000000000001,6.799999999999997,-22.200000000000003,-7.300000000000004,0.0,0.0,0.0,0.0,0.0,1,31.3,19.5,52795.07,21935.27,100,0,-14.899999999999999,11.600000000000001,-19.4,16.1,0,0.0,0.0,0.0,0.0,0,8,10.3,17.3,0,-16.1,12.800000000000004,-22.200000000000003,18.900000000000006,0,0.0,0.0,0.0,0.0,0,26,14.8,28.1,0,1.6868264232280978,3,50,,,1.0,97.0,50.0,0,50,,,1.0,97.0,50.0,0,167,3.055050463303893,24.684678108764825,1.0,94.33333333333333,22.666666666666668,-2,348,10.759351112573489,20.088893358361886,0.2727272727272727,80.18181818181819,18.181818181818183,-27,2394,8.74839721214764,67.98723310700487,0.5142857142857142,82.22857142857143,40.82857142857143,-9
2025-05-18 21:27:15.470175,138,23504.529825,21.454166666666666,114,83,17,0,1.0,-3.299999999999997,11.600000000000001,-16.4,-1.5,-8.100000000000001,6.799999999999997,-22.200000000000003,-7.300000000000004,0.0,0.0,0.0,0.0,0.0,1,31.3,19.5,52795.07,21935.27,100,0,-14.899999999999999,11.600000000000001,-19.4,16.1,0,0.0,0.0,0.0,0.0,0,8,10.3,17.3,0,-16.1,12.800000000000004,-22.200000000000003,18.900000000000006,0,0.0,0.0,0.0,0.0,0,26,14.8,28.1,0,15.693288794412396,-17,163,8.48528137423857,45.96194077712559,0.0,89.0,81.5,-12,163,8.48528137423857,45.96194077712559,0.0,89.0,81.5,-12,163,8.48528137423857,45.96194077712559,0.0,89.0,81.5,-12,333,8.28854631404084,42.5205832509386,0.5,89.5,39.0,-19,1629,9.2115829730598,82.53637757491181,0.4583333333333333,83.375,44.916666666666664,-6
2025-05-18 21:27:15.470175,138,23504.529825,21.454166666666666,49,95,5,0,1.0,-3.299999999999997,11.600000000000001,-16.4,-1.5,-8.100000000000001,6.799999999999997,-22.200000000000003,-7.300000000000004,0.0,0.0,0.0,0.0,0.0,1,31.3,19.5,52795.07,21935.27,100,0,-14.899999999999999,11.600000000000001,-19.4,16.1,0,0.0,0.0,0.0,0.0,0,8,10.3,17.3,0,-16.1,12.800000000000004,-22.200000000000003,18.900000000000006,0,0.0,0.0,0.0,0.0,0,26,14.8,28.1,0,3.969715698393074,-5,163,8.48528137423857,45.96194077712559,0.0,89.0,81.5,-12,163,8.48528137423857,45.96194077712559,0.0,89.0,81.5,-12,163,8.48528137423857,45.96194077712559,0.0,89.0,81.5,-12,333,8.28854631404084,42.5205832509386,0.5,89.5,39.0,-19,1629,9.2115829730598,82.53637757491181,0.4583333333333333,83.375,44.916666666666664,-6
