time,trade_id,ticker,time_to_strike,count,shift,kalshi_fair,yes_price,no_price,taker_side,day_forecast_high,day_forecast_strike_dev,current_forecast_strike_dev,day_current_forecast_dev,day_wind_gusts_max,day_wind_speed_max,day_cloud_cover_max,day_cloud_cover_min,day_sunshine_duration,hour_wind_gusts,hour_wind_speed,hour_cloud_cover,hour_cloud_cover_high,kalshi_strike_dev,kalshi_day_forecast_dev,day_forecast_percipitation,day_forecast_rain,hour_forecast_rain,strike_m_5.0,strike_m_3.0,strike_m_1.0,strike_p_1.0,strike_p_3.0,strike_p_5.0,impact,result,outcome
2025-03-19 10:12:31.312600,4ffa0600-8a54-4c82-a758-22ff46880f43,KXHIGHCHI-25MAR20-B40.5,135988.687,31,-3.0,40.5,6,94,0,41.9,1.4,0.6,0.8,66.2,34.3,100,0,38178.2,18.7,16.1,71,0,0.0,1.4,98.0,2.0,0.0,0,6,0,0,0,0,5.0,6,0
2025-03-19 10:12:31.423948,7b72576e-84ef-44d4-a6fe-098b09b599cd,KXHIGHCHI-25MAR20-B42.5,135988.576,40,-1.0,42.038,20,80,0,41.9,-0.6,-1.4,0.8,66.2,34.3,100,0,38178.2,18.7,16.1,71,0,-0.462,-0.138,98.0,2.0,0.0,0,6,20,0,0,0,19.0,20,0
2025-03-19 10:12:31.588752,901dd4e4-5b46-475e-8dbf-5933bf1f797f,KXHIGHCHI-25MAR20-B44.5,135988.411,26,1.0,43.433,34,66,1,41.9,-2.6,-3.4,0.8,66.2,34.3,100,0,38178.2,18.7,16.1,71,0,-1.067,-1.533,98.0,2.0,0.0,0,6,20,34,0,0,65.0,66,1
2025-03-19 10:12:31.672723,5032de62-b78b-41dc-999a-db02241c46bc,KXHIGHCHI-25MAR20-B46.5,135988.327,26,3.0,44.36,26,74,1,41.9,-4.6,-5.4,0.8,66.2,34.3,100,0,38178.2,18.7,16.1,71,0,-2.14,-2.46,98.0,2.0,0.0,0,6,20,34,26,0,-25.0,-26,0
2025-03-19 10:12:31.672723,2bacc1ff-2941-404f-863c-fd5ea2dbc839,KXHIGHCHI-25MAR20-B46.5,135988.327,10,3.0,44.079,16,84,1,41.9,-4.6,-5.4,0.8,66.2,34.3,100,0,38178.2,18.7,16.1,71,0,-2.421,-2.179,98.0,2.0,0.0,0,6,20,34,16,0,-15.0,-16,0
2025-03-19 10:15:27.209745,22784214-415c-4e8d-a982-5baa7761bc8a,KXHIGHCHI-25MAR20-B46.5,135812.79,1,3.0,44.456,30,70,0,41.9,-4.6,-5.4,0.8,66.2,34.3,100,0,38178.2,18.7,16.1,71,0,-2.044,-2.556,98.0,2.0,0.0,0,6,20,34,30,0,29.0,30,0
2025-03-19 10:20:40.738574,a44424a6-6792-4a77-bc4c-ac057a94546e,KXHIGHCHI-25MAR20-B46.5,135499.261,12,3.0,44.385,27,73,0,41.9,-4.6,-5.4,0.8,66.2,34.3,100,0,38178.2,18.7,16.1,71,0,-2.115,-2.485,98.0,2.0,0.0,0,6,20,34,27,0,25.82,27,0
2025-03-19 11:26:23.776550,4e148027-a4b6-4879-b2f6-58920d78e44d,KXHIGHCHI-25MAR20-B46.5,131556.223,26,3.0,44.409,28,72,0,41.9,-4.6,-3.4,-1.2,66.2,34.3,100,0,38178.2,19.4,14.2,100,0,-2.091,-2.509,98.0,2.0,0.0,0,6,20,34,28,0,26.797,28,0
2025-03-19 12:00:53.609799,c0f8725e-4ed7-439e-b412-5f26ac80d615,KXHIGHCHI-25MAR20-B44.5,129486.39,11,1.0,44.416,41,59,1,41.9,-2.6,-0.4,-2.2,66.2,34.3,100,0,38178.2,23.0,18.0,46,0,-0.084,-2.516,98.0,2.0,0.0,0,6,20,41,28,0,58.0,59,1
2025-03-19 12:30:51.451712,a4f3e43c-3172-4c58-8113-6e782685325e,KXHIGHCHI-25MAR20-B46.5,127688.548,6,3.0,44.416,28,72,0,41.9,-4.6,-2.4,-2.2,66.2,34.3,100,0,38178.2,23.0,18.0,46,0,-2.084,-2.516,98.0,2.0,0.0,0,6,20,41,28,0,26.774,28,0
2025-03-19 13:13:49.630913,da2a6c0c-39cf-48a9-bdbb-74fa97bede07,KXHIGHCHI-25MAR20-B42.5,125110.369,5,-1.0,44.376,22,78,1,41.9,-0.6,0.2,-0.8,66.2,34.3,100,0,38178.2,28.4,20.2,93,81,1.876,-2.476,98.0,2.0,0.0,0,6,22,41,28,0,-21.0,-22,0
2025-03-19 13:22:30.535342,18fd6d79-0e41-4e9d-8ac2-065f79498e48,KXHIGHCHI-25MAR20-B46.5,124589.465,26,3.0,44.354,27,73,0,41.9,-4.6,-3.8,-0.8,66.2,34.3,100,0,38178.2,28.4,20.2,93,81,-2.146,-2.454,98.0,2.0,0.0,0,6,22,41,27,0,25.76,27,0
2025-03-19 13:32:36.328643,900011e7-5e77-48b0-8c98-7bbc83edcf3f,KXHIGHCHI-25MAR20-B42.5,123983.671,65,-1.0,44.374,21,79,1,41.9,-0.6,0.2,-0.8,66.2,34.3,100,0,38178.2,28.4,20.2,93,81,1.874,-2.474,98.0,2.0,0.0,0,6,21,41,27,0,-20.0,-21,0
2025-03-19 13:59:26.169162,b8c5051c-0877-4116-bfbb-46edce3585ad,KXHIGHCHI-25MAR20-T47,122373.831,125,5.0,44.58,5,95,0,41.9,-6.6,-5.8,-0.8,66.2,34.3,100,0,38178.2,28.4,20.2,93,81,-3.92,-2.68,98.0,2.0,0.0,0,6,21,41,27,5,4.0,5,0
2025-03-19 13:59:26.169162,b7df11fa-a6d8-43bb-8047-b35c80326ded,KXHIGHCHI-25MAR20-T47,122373.831,25,5.0,44.657,7,93,0,41.9,-6.6,-5.8,-0.8,66.2,34.3,100,0,38178.2,28.4,20.2,93,81,-3.843,-2.757,98.0,2.0,0.0,0,6,21,41,27,7,6.0,7,0
2025-03-19 14:14:00.624102,8c35cb9e-551c-47b0-a59a-a227b1650d6b,KXHIGHCHI-25MAR20-T40,121499.376,1,-5.0,44.369,5,95,1,41.9,3.4,3.8,-0.4,66.2,34.3,100,0,38178.2,18.7,16.9,98,98,5.869,-2.469,98.0,2.0,0.0,5,6,21,41,27,7,-4.0,-5,0
2025-03-19 15:02:32.086451,c5f9b456-ec98-4e7e-96ea-8cb9e7128cab,KXHIGHCHI-25MAR20-B42.5,118587.914,20,-1.0,44.352,22,78,1,41.9,-0.6,-5.3,4.7,66.2,34.3,100,0,38178.2,34.9,26.2,100,79,1.852,-2.452,98.0,2.0,1.2,5,6,22,41,27,7,-21.0,-22,0
2025-03-19 15:33:03.877531,f8eec106-8fc6-473e-9d9a-ea7323e78198,KXHIGHCHI-25MAR20-T40,116756.122,3,-5.0,44.352,5,95,1,41.9,3.4,-1.3,4.7,66.2,34.3,100,0,38178.2,34.9,26.2,100,79,5.852,-2.452,98.0,2.0,1.2,5,6,22,41,27,7,-2.959,-5,0
2025-03-19 15:33:03.877531,9cf22e85-ce72-4266-96cd-71fe8df184a6,KXHIGHCHI-25MAR20-T40,116756.122,1,-5.0,44.352,5,95,1,41.9,3.4,-1.3,4.7,66.2,34.3,100,0,38178.2,34.9,26.2,100,79,5.852,-2.452,98.0,2.0,1.2,5,6,22,41,27,7,-3.161,-5,0
2025-03-19 15:33:03.877531,1055a93a-732a-4fb9-9a15-89a50228d07a,KXHIGHCHI-25MAR20-T40,116756.122,72,-5.0,44.352,5,95,1,41.9,3.4,-1.3,4.7,66.2,34.3,100,0,38178.2,34.9,26.2,100,79,5.852,-2.452,98.0,2.0,1.2,5,6,22,41,27,7,-3.957,-5,0
2025-03-19 15:33:03.877531,0f1b0f48-1bcf-4852-96fb-46f2b102f9d4,KXHIGHCHI-25MAR20-T40,116756.122,200,-5.0,44.245,7,93,1,41.9,3.4,-1.3,4.7,66.2,34.3,100,0,38178.2,34.9,26.2,100,79,5.745,-2.345,98.0,2.0,1.2,7,6,22,41,27,7,-5.85,-7,0
2025-03-19 15:58:29.254515,a4be852d-6e62-42a1-9030-e8258709c4e4,KXHIGHCHI-25MAR20-B42.5,115230.745,16,-1.0,44.036,37,63,1,41.9,-0.6,-5.3,4.7,66.2,34.3,100,0,38178.2,34.9,26.2,100,79,1.536,-2.136,98.0,2.0,1.2,7,6,37,41,27,7,-33.376,-37,0
2025-03-19 15:58:29.254515,6b4a7275-6ef0-42a7-a9f6-03842edb62c1,KXHIGHCHI-25MAR20-B42.5,115230.745,42,-1.0,44.155,28,72,1,41.9,-0.6,-5.3,4.7,66.2,34.3,100,0,38178.2,34.9,26.2,100,79,1.655,-2.255,98.0,2.0,1.2,7,6,28,41,27,7,-24.5,-28,0
2025-03-19 15:58:29.254515,b4e202cf-b459-4b39-bf08-3efce22fe478,KXHIGHCHI-25MAR20-B42.5,115230.745,15,-1.0,44.127,30,70,1,41.9,-0.6,-5.3,4.7,66.2,34.3,100,0,38178.2,34.9,26.2,100,79,1.627,-2.227,98.0,2.0,1.2,7,6,30,41,27,7,-22.789,-30,0
2025-03-19 16:26:14.884024,dcfa5aa2-c547-4ba0-bd58-954ffe46de56,KXHIGHCHI-25MAR20-B44.5,113565.116,11,1.0,44.152,40,60,1,41.9,-2.6,-4.7,2.1,66.2,34.3,100,0,38178.2,17.6,14.2,100,0,-0.348,-2.252,98.0,2.0,0.0,7,6,28,40,27,7,59.0,60,1
2025-03-19 16:26:24.233252,c0daf805-d919-42e0-81cc-46303e344f34,KXHIGHCHI-25MAR20-B44.5,113555.767,11,1.0,44.143,37,63,0,41.9,-2.6,-4.7,2.1,66.2,34.3,100,0,38178.2,17.6,14.2,100,0,-0.357,-2.243,98.0,2.0,0.0,7,6,28,37,27,7,-62.0,-63,1
2025-03-19 16:26:37.461374,0ff650ae-c0ea-4f2d-9e92-3b35b8755533,KXHIGHCHI-25MAR20-B44.5,113542.539,7,1.0,44.143,37,63,0,41.9,-2.6,-4.7,2.1,66.2,34.3,100,0,38178.2,17.6,14.2,100,0,-0.357,-2.243,98.0,2.0,0.0,7,6,28,37,27,7,-62.0,-63,1
2025-03-19 16:29:24.912463,d35e6b94-d62d-418e-b61d-555b9a9b5771,KXHIGHCHI-25MAR20-B44.5,113375.088,17,1.0,44.143,37,63,0,41.9,-2.6,-4.7,2.1,66.2,34.3,100,0,38178.2,17.6,14.2,100,0,-0.357,-2.243,98.0,2.0,0.0,7,6,28,37,27,7,-61.673,-63,1
2025-03-19 16:29:24.912463,93c8439e-1abc-4b6a-ab3e-0bf9fadf0879,KXHIGHCHI-25MAR20-B44.5,113375.088,30,1.0,44.136,35,65,0,41.9,-2.6,-4.7,2.1,66.2,34.3,100,0,38178.2,17.6,14.2,100,0,-0.364,-2.236,98.0,2.0,0.0,7,6,28,35,27,7,-63.757,-65,1
2025-03-19 16:29:24.912463,4f1520ad-5a19-4b81-9e19-b0436a9e2738,KXHIGHCHI-25MAR20-B44.5,113375.088,58,1.0,44.143,37,63,0,41.9,-2.6,-4.7,2.1,66.2,34.3,100,0,38178.2,17.6,14.2,100,0,-0.357,-2.243,98.0,2.0,0.0,7,6,28,37,27,7,-61.838,-63,1
2025-03-19 16:29:24.912463,1f144f08-784a-4961-b6a0-b9318ce77ad4,KXHIGHCHI-25MAR20-B44.5,113375.088,1,1.0,44.143,37,63,0,41.9,-2.6,-4.7,2.1,66.2,34.3,100,0,38178.2,17.6,14.2,100,0,-0.357,-2.243,98.0,2.0,0.0,7,6,28,37,27,7,-61.971,-63,1
2025-03-19 16:35:09.319441,86421338-456a-4d5f-83ab-26c68d5faa9f,KXHIGHCHI-25MAR20-B42.5,113030.681,23,-1.0,44.086,32,68,1,41.9,-0.6,-2.7,2.1,66.2,34.3,100,0,38178.2,17.6,14.2,100,0,1.586,-2.186,98.0,2.0,0.0,7,6,32,37,27,7,-24.277,-32,0
2025-03-19 16:40:53.024290,662a418e-4fa3-4395-9da0-ef238ae664cb,KXHIGHCHI-25MAR20-B42.5,112686.976,5,-1.0,44.086,32,68,1,41.9,-0.6,-2.7,2.1,66.2,34.3,100,0,38178.2,17.6,14.2,100,0,1.586,-2.186,98.0,2.0,0.0,7,6,32,37,27,7,-23.32,-32,0
2025-03-19 16:53:27.621054,2ce75465-a868-4443-8981-d54d8a4efc7c,KXHIGHCHI-25MAR20-B40.5,111932.379,76,-3.0,43.967,10,90,1,41.9,1.4,-0.7,2.1,66.2,34.3,100,0,38178.2,17.6,14.2,100,0,3.467,-2.067,98.0,2.0,0.0,7,10,32,37,27,7,-9.0,-10,0
2025-03-19 16:53:27.621054,5ffff95b-8243-4c86-a605-9a4faad4fdf8,KXHIGHCHI-25MAR20-B40.5,111932.379,240,-3.0,43.855,14,86,1,41.9,1.4,-0.7,2.1,66.2,34.3,100,0,38178.2,17.6,14.2,100,0,3.355,-1.955,98.0,2.0,0.0,7,14,32,37,27,7,-13.0,-14,0
2025-03-19 16:53:27.621054,6c75dc9a-923c-4575-b720-fc26b4801143,KXHIGHCHI-25MAR20-B40.5,111932.379,78,-3.0,43.91,12,88,1,41.9,1.4,-0.7,2.1,66.2,34.3,100,0,38178.2,17.6,14.2,100,0,3.41,-2.01,98.0,2.0,0.0,7,12,32,37,27,7,-10.782,-12,0
2025-03-19 16:53:27.621054,701d0292-1d4b-4a4f-a5d2-da478a6f1c39,KXHIGHCHI-25MAR20-B40.5,111932.379,162,-3.0,43.91,12,88,1,41.9,1.4,-0.7,2.1,66.2,34.3,100,0,38178.2,17.6,14.2,100,0,3.41,-2.01,98.0,2.0,0.0,7,12,32,37,27,7,-10.695,-12,0
2025-03-19 17:00:55.028229,4e00341a-2430-4432-b4b3-2151af2960cc,KXHIGHCHI-25MAR20-B42.5,111484.972,44,-1.0,43.979,31,69,1,41.9,-0.6,-3.0,2.4,66.2,34.3,100,0,38178.2,24.1,12.1,100,0,1.479,-2.079,98.0,2.0,2.1,7,10,31,37,27,7,-22.311,-31,0
2025-03-19 17:06:17.164924,fd540326-dbf6-420f-bb75-b05fe3ea3004,KXHIGHCHI-25MAR20-T40,111162.835,112,-5.0,43.979,7,93,1,41.9,3.4,1.0,2.4,66.2,34.3,100,0,38178.2,24.1,12.1,100,0,5.479,-2.079,98.0,2.0,2.1,7,10,31,37,27,7,-4.971,-7,0
2025-03-19 17:25:39.800219,ffa43d57-fcb8-466e-aef1-f6d2ea81ef40,KXHIGHCHI-25MAR20-T40,110000.2,50,-5.0,43.888,9,91,1,41.9,3.4,1.0,2.4,66.2,34.3,100,0,38178.2,24.1,12.1,100,0,5.388,-1.988,98.0,2.0,2.1,9,10,31,37,27,7,-6.744,-9,0
2025-03-19 17:29:41.053588,bdc39fcd-ad57-4058-a566-c76a282e6a2a,KXHIGHCHI-25MAR20-B42.5,109758.946,9,-1.0,43.888,31,69,1,41.9,-0.6,-3.0,2.4,66.2,34.3,100,0,38178.2,24.1,12.1,100,0,1.388,-1.988,98.0,2.0,2.1,9,10,31,37,27,7,-22.118,-31,0
2025-03-19 17:38:34.983586,632dcb6a-9f89-477a-a8a0-63376e90f331,KXHIGHCHI-25MAR20-B40.5,109225.016,4,-3.0,43.78,14,86,1,41.9,1.4,-1.0,2.4,66.2,34.3,100,0,38178.2,24.1,12.1,100,0,3.28,-1.88,98.0,2.0,2.1,9,14,31,37,27,7,-12.852,-14,0
2025-03-19 17:38:34.983586,6bbbacab-5d2a-4bf1-8b33-9b1e22268956,KXHIGHCHI-25MAR20-B40.5,109225.016,42,-3.0,43.728,16,84,1,41.9,1.4,-1.0,2.4,66.2,34.3,100,0,38178.2,24.1,12.1,100,0,3.228,-1.828,98.0,2.0,2.1,9,16,31,37,27,7,-14.805,-16,0
2025-03-19 17:38:34.983586,147d9625-852b-41d1-adb5-f92080761c9f,KXHIGHCHI-25MAR20-B40.5,109225.016,47,-3.0,43.78,14,86,1,41.9,1.4,-1.0,2.4,66.2,34.3,100,0,38178.2,24.1,12.1,100,0,3.28,-1.88,98.0,2.0,2.1,9,14,31,37,27,7,-12.855,-14,0
2025-03-19 17:38:34.983586,ddf72363-9c6b-458a-be30-ab7750932a6a,KXHIGHCHI-25MAR20-B40.5,109225.016,240,-3.0,43.728,16,84,1,41.9,1.4,-1.0,2.4,66.2,34.3,100,0,38178.2,24.1,12.1,100,0,3.228,-1.828,98.0,2.0,2.1,9,16,31,37,27,7,-13.371,-16,0
2025-03-19 17:38:34.983586,ca640edc-8e5c-4043-8a32-c71c294d5ffa,KXHIGHCHI-25MAR20-B40.5,109225.016,2,-3.0,43.78,14,86,1,41.9,1.4,-1.0,2.4,66.2,34.3,100,0,38178.2,24.1,12.1,100,0,3.28,-1.88,98.0,2.0,2.1,9,14,31,37,27,7,-12.642,-14,0
2025-03-19 17:38:48.212124,9c5f0e8f-acc2-4c5b-875d-6d75b792ae60,KXHIGHCHI-25MAR20-T40,109211.788,84,-5.0,43.823,8,92,1,41.9,3.4,1.0,2.4,66.2,34.3,100,0,38178.2,24.1,12.1,100,0,5.323,-1.923,98.0,2.0,2.1,8,14,31,37,27,7,-5.737,-8,0
2025-03-19 17:43:18.881650,273c859e-93b2-46ab-ac6d-1f74522fc14c,KXHIGHCHI-25MAR20-B46.5,108941.118,7,3.0,43.536,15,85,0,41.9,-4.6,-7.0,2.4,66.2,34.3,100,0,38178.2,24.1,12.1,100,0,-2.964,-1.636,98.0,2.0,2.1,8,14,31,37,15,7,13.759,15,0
2025-03-19 17:43:18.881650,44e1b31f-6a61-425f-98b9-13ccea0fe344,KXHIGHCHI-25MAR20-B46.5,108941.118,43,3.0,43.482,13,87,0,41.9,-4.6,-7.0,2.4,66.2,34.3,100,0,38178.2,24.1,12.1,100,0,-3.018,-1.582,98.0,2.0,2.1,8,14,31,37,13,7,11.677,13,0
2025-03-19 17:50:50.369963,cb331458-049e-41cc-a32f-7ac6ace24d4f,KXHIGHCHI-25MAR20-B40.5,108489.63,2,-3.0,43.619,11,89,0,41.9,1.4,-1.0,2.4,66.2,34.3,100,0,38178.2,24.1,12.1,100,0,3.119,-1.719,98.0,2.0,2.1,8,11,31,37,15,7,7.556,11,0
2025-03-19 17:50:50.369963,c432d739-1c57-48e6-98c5-ac910c4e024b,KXHIGHCHI-25MAR20-B40.5,108489.63,2,-3.0,43.619,11,89,0,41.9,1.4,-1.0,2.4,66.2,34.3,100,0,38178.2,24.1,12.1,100,0,3.119,-1.719,98.0,2.0,2.1,8,11,31,37,15,7,8.259,11,0
2025-03-19 17:50:50.369963,9a1ef0ff-f779-499e-b25d-8cb5214a51cf,KXHIGHCHI-25MAR20-B40.5,108489.63,94,-3.0,43.678,9,91,0,41.9,1.4,-1.0,2.4,66.2,34.3,100,0,38178.2,24.1,12.1,100,0,3.178,-1.778,98.0,2.0,2.1,8,9,31,37,15,7,6.312,9,0
2025-03-19 17:58:46.955507,f570e4a6-3b77-4e43-b709-044fb3c5d2a4,KXHIGHCHI-25MAR20-B40.5,108013.044,73,-3.0,43.509,15,85,1,41.9,1.4,-1.0,2.4,66.2,34.3,100,0,38178.2,24.1,12.1,100,0,3.009,-1.609,98.0,2.0,2.1,8,15,31,37,15,7,-11.553,-15,0
2025-03-19 17:58:54.928500,86e60f76-573a-45b7-80c6-446fcb214a41,KXHIGHCHI-25MAR20-T40,108005.072,17,-5.0,43.509,8,92,1,41.9,3.4,1.0,2.4,66.2,34.3,100,0,38178.2,24.1,12.1,100,0,5.009,-1.609,98.0,2.0,2.1,8,15,31,37,15,7,-5.691,-8,0
2025-03-19 18:19:10.180396,e69f4509-4233-4a47-8e7b-5cf83c307021,KXHIGHCHI-25MAR20-T40,106789.82,9,-5.0,43.509,8,92,1,41.9,3.4,1.3,2.1,66.2,34.3,100,0,38178.2,20.5,20.6,100,0,5.009,-1.609,98.0,2.0,0.1,8,15,31,37,15,7,-5.201,-8,0
2025-03-19 18:19:10.180396,a562aded-b108-4867-a14d-9551ad815531,KXHIGHCHI-25MAR20-T40,106789.82,1,-5.0,43.422,10,90,1,41.9,3.4,1.3,2.1,66.2,34.3,100,0,38178.2,20.5,20.6,100,0,4.922,-1.522,98.0,2.0,0.1,10,15,31,37,15,7,-7.389,-10,0
2025-03-19 18:21:14.122325,e98d4487-d347-4984-91bc-60c1279664f2,KXHIGHCHI-25MAR20-B42.5,106665.878,20,-1.0,43.422,31,69,1,41.9,-0.6,-2.7,2.1,66.2,34.3,100,0,38178.2,20.5,20.6,100,0,0.922,-1.522,98.0,2.0,0.1,10,15,31,37,15,7,-21.186,-31,0
2025-03-19 18:22:58.310896,33884bdc-e9b8-4e00-968f-8016e3f1056e,KXHIGHCHI-25MAR20-B42.5,106561.689,20,-1.0,43.422,31,69,1,41.9,-0.6,-2.7,2.1,66.2,34.3,100,0,38178.2,20.5,20.6,100,0,0.922,-1.522,98.0,2.0,0.1,10,15,31,37,15,7,-20.339,-31,0
2025-03-19 18:23:22.373257,ee662060-a308-4793-b85d-e8bc472605ff,KXHIGHCHI-25MAR20-B44.5,106537.627,25,1.0,43.449,40,60,1,41.9,-2.6,-4.7,2.1,66.2,34.3,100,0,38178.2,20.5,20.6,100,0,-1.051,-1.549,98.0,2.0,0.1,10,15,31,40,15,7,58.646,60,1
2025-03-19 18:23:38.949933,e4102bd5-e7d8-4cfa-b79f-7af0d3f4e614,KXHIGHCHI-25MAR20-T40,106521.05,1,-5.0,43.534,8,92,1,41.9,3.4,1.3,2.1,66.2,34.3,100,0,38178.2,20.5,20.6,100,0,5.034,-1.634,98.0,2.0,0.1,8,15,31,40,15,7,-4.682,-8,0
2025-03-19 18:29:02.348462,94e23a82-912c-437d-b70d-add60f41d23f,KXHIGHCHI-25MAR20-B40.5,106197.652,7,-3.0,43.534,15,85,1,41.9,1.4,-0.7,2.1,66.2,34.3,100,0,38178.2,20.5,20.6,100,0,3.034,-1.634,98.0,2.0,0.1,8,15,31,40,15,7,-11.281,-15,0
2025-03-19 18:29:02.348462,0df32ec7-322a-4180-8c16-154af569018f,KXHIGHCHI-25MAR20-B40.5,106197.652,3,-3.0,43.534,15,85,1,41.9,1.4,-0.7,2.1,66.2,34.3,100,0,38178.2,20.5,20.6,100,0,3.034,-1.634,98.0,2.0,0.1,8,15,31,40,15,7,-11.406,-15,0
2025-03-19 18:29:55.688826,fdd9a4e5-efa3-47d7-bcd5-a650063cd08d,KXHIGHCHI-25MAR20-T40,106144.311,7,-5.0,43.534,8,92,1,41.9,3.4,1.3,2.1,66.2,34.3,100,0,38178.2,20.5,20.6,100,0,5.034,-1.634,98.0,2.0,0.1,8,15,31,40,15,7,-4.275,-8,0
2025-03-19 18:29:55.688826,b2881f31-917c-47de-94d4-80863d71eb52,KXHIGHCHI-25MAR20-T40,106144.311,3,-5.0,43.449,10,90,1,41.9,3.4,1.3,2.1,66.2,34.3,100,0,38178.2,20.5,20.6,100,0,4.949,-1.549,98.0,2.0,0.1,10,15,31,40,15,7,-6.577,-10,0
2025-03-19 18:30:13.502066,eaa56ce1-2b9a-4e04-ad0e-7755180650c8,KXHIGHCHI-25MAR20-B42.5,106126.498,10,-1.0,43.449,31,69,1,41.9,-0.6,-2.7,2.1,66.2,34.3,100,0,38178.2,20.5,20.6,100,0,0.949,-1.549,98.0,2.0,0.1,10,15,31,40,15,7,-20.335,-31,0
2025-03-19 18:39:12.597929,ff5e97d6-db65-4ba1-885f-13018464fdcd,KXHIGHCHI-25MAR20-T40,105587.402,110,-5.0,43.367,12,88,1,41.9,3.4,1.3,2.1,66.2,34.3,100,0,38178.2,20.5,20.6,100,0,4.867,-1.467,98.0,2.0,0.1,12,15,31,40,15,7,-7.744,-12,0
2025-03-19 18:39:12.597929,c126abd4-6ad7-4348-b710-0fa60e62f89b,KXHIGHCHI-25MAR20-T40,105587.402,46,-5.0,43.449,10,90,1,41.9,3.4,1.3,2.1,66.2,34.3,100,0,38178.2,20.5,20.6,100,0,4.949,-1.549,98.0,2.0,0.1,10,15,31,40,15,7,-5.941,-10,0
2025-03-19 18:39:12.597929,785248cd-91c3-4721-8f65-9d5ce0891138,KXHIGHCHI-25MAR20-T40,105587.402,2,-5.0,43.534,8,92,1,41.9,3.4,1.3,2.1,66.2,34.3,100,0,38178.2,20.5,20.6,100,0,5.034,-1.634,98.0,2.0,0.1,8,15,31,40,15,7,-4.126,-8,0
2025-03-19 18:39:12.597929,1ef8d41d-dd78-4db4-9a4c-89222d8e4d7a,KXHIGHCHI-25MAR20-T40,105587.402,2,-5.0,43.534,8,92,1,41.9,3.4,1.3,2.1,66.2,34.3,100,0,38178.2,20.5,20.6,100,0,5.034,-1.634,98.0,2.0,0.1,8,15,31,40,15,7,-4.071,-8,0
2025-03-19 18:39:12.597929,1dbb4392-2d47-47b9-8e6c-715259049874,KXHIGHCHI-25MAR20-T40,105587.402,240,-5.0,43.449,10,90,1,41.9,3.4,1.3,2.1,66.2,34.3,100,0,38178.2,20.5,20.6,100,0,4.949,-1.549,98.0,2.0,0.1,10,15,31,40,15,7,-6.082,-10,0
2025-03-19 18:39:20.221695,130e717e-8568-44c1-8c63-81456e8e1529,KXHIGHCHI-25MAR20-B40.5,105579.778,46,-3.0,43.449,15,85,1,41.9,1.4,-0.7,2.1,66.2,34.3,100,0,38178.2,20.5,20.6,100,0,2.949,-1.549,98.0,2.0,0.1,10,15,31,40,15,7,-11.261,-15,0
2025-03-19 18:39:20.221695,58e97d6c-6bbf-4434-8fb9-b2bb66f9ea4d,KXHIGHCHI-25MAR20-B40.5,105579.778,16,-3.0,43.449,15,85,1,41.9,1.4,-0.7,2.1,66.2,34.3,100,0,38178.2,20.5,20.6,100,0,2.949,-1.549,98.0,2.0,0.1,10,15,31,40,15,7,-11.183,-15,0
2025-03-19 18:39:20.221695,a25bce4b-97e1-4635-baa8-c693a13c9398,KXHIGHCHI-25MAR20-B40.5,105579.778,3,-3.0,43.449,15,85,1,41.9,1.4,-0.7,2.1,66.2,34.3,100,0,38178.2,20.5,20.6,100,0,2.949,-1.549,98.0,2.0,0.1,10,15,31,40,15,7,-10.393,-15,0
2025-03-19 18:39:20.221695,d5f48787-ae71-4f74-a426-3d39f7452236,KXHIGHCHI-25MAR20-B40.5,105579.778,204,-3.0,43.4,17,83,1,41.9,1.4,-0.7,2.1,66.2,34.3,100,0,38178.2,20.5,20.6,100,0,2.9,-1.5,98.0,2.0,0.1,10,17,31,40,15,7,-12.111,-17,0
2025-03-19 18:39:23.978575,642560e4-aff7-446b-bbae-1de282041e07,KXHIGHCHI-25MAR20-B44.5,105576.021,9,1.0,43.431,38,62,0,41.9,-2.6,-4.7,2.1,66.2,34.3,100,0,38178.2,20.5,20.6,100,0,-1.069,-1.531,98.0,2.0,0.1,10,15,31,38,15,7,-60.619,-62,1
2025-03-19 18:39:37.605144,d1fa2a9e-c63e-4f56-92e6-7c3d7819d42f,KXHIGHCHI-25MAR20-B40.5,105562.395,2,-3.0,43.381,17,83,1,41.9,1.4,-0.7,2.1,66.2,34.3,100,0,38178.2,20.5,20.6,100,0,2.881,-1.481,98.0,2.0,0.1,10,17,31,38,15,7,-11.823,-17,0
2025-03-19 18:39:37.605144,6589721a-5aee-4669-ae67-edb9ad28b7bb,KXHIGHCHI-25MAR20-B40.5,105562.395,30,-3.0,43.381,17,83,1,41.9,1.4,-0.7,2.1,66.2,34.3,100,0,38178.2,20.5,20.6,100,0,2.881,-1.481,98.0,2.0,0.1,10,17,31,38,15,7,-11.918,-17,0
2025-03-19 18:40:50.063812,dc232f81-4120-4213-ae7e-9c7b2fb98780,KXHIGHCHI-25MAR20-B44.5,105489.936,9,1.0,43.332,33,67,0,41.9,-2.6,-4.7,2.1,66.2,34.3,100,0,38178.2,20.5,20.6,100,0,-1.168,-1.432,98.0,2.0,0.1,10,17,31,33,15,7,-64.94,-67,1
2025-03-19 18:40:50.063812,a645262b-aa85-4c76-a77f-108c1885e463,KXHIGHCHI-25MAR20-B44.5,105489.936,11,1.0,43.381,38,62,0,41.9,-2.6,-4.7,2.1,66.2,34.3,100,0,38178.2,20.5,20.6,100,0,-1.119,-1.481,98.0,2.0,0.1,10,17,31,38,15,7,-59.97,-62,1
2025-03-19 18:40:50.063812,a07f0d1b-24bc-46d8-853e-8910787bc13e,KXHIGHCHI-25MAR20-B44.5,105489.936,181,1.0,43.332,33,67,0,41.9,-2.6,-4.7,2.1,66.2,34.3,100,0,38178.2,20.5,20.6,100,0,-1.168,-1.432,98.0,2.0,0.1,10,17,31,33,15,7,-65.183,-67,1
2025-03-19 18:40:50.063812,84fbbde4-af61-48b4-9fec-e90048aae3e6,KXHIGHCHI-25MAR20-B44.5,105489.936,69,1.0,43.342,34,66,0,41.9,-2.6,-4.7,2.1,66.2,34.3,100,0,38178.2,20.5,20.6,100,0,-1.158,-1.442,98.0,2.0,0.1,10,17,31,34,15,7,-64.218,-66,1
2025-03-19 18:40:50.063812,288646c3-10ff-4678-becd-85eee4eb8118,KXHIGHCHI-25MAR20-B44.5,105489.936,48,1.0,43.352,35,65,0,41.9,-2.6,-4.7,2.1,66.2,34.3,100,0,38178.2,20.5,20.6,100,0,-1.148,-1.452,98.0,2.0,0.1,10,17,31,35,15,7,-63.537,-65,1
2025-03-19 18:40:50.063812,0d07c664-d5f3-45d5-a4a5-e3ab6fbefd61,KXHIGHCHI-25MAR20-B44.5,105489.936,50,1.0,43.332,33,67,0,41.9,-2.6,-4.7,2.1,66.2,34.3,100,0,38178.2,20.5,20.6,100,0,-1.168,-1.432,98.0,2.0,0.1,10,17,31,33,15,7,-65.571,-67,1
2025-03-19 18:53:21.594538,0d82d11a-629f-4cc9-9982-c3a10c60fa0d,KXHIGHCHI-25MAR20-B40.5,104738.405,11,-3.0,43.519,10,90,0,41.9,1.4,-0.7,2.1,66.2,34.3,100,0,38178.2,20.5,20.6,100,0,3.019,-1.619,98.0,2.0,0.1,10,10,31,33,15,7,4.818,10,0
2025-03-19 18:53:21.594538,10156c1e-574b-404f-9923-0a758a2f2ef2,KXHIGHCHI-25MAR20-B40.5,104738.405,124,-3.0,43.519,10,90,0,41.9,1.4,-0.7,2.1,66.2,34.3,100,0,38178.2,20.5,20.6,100,0,3.019,-1.619,98.0,2.0,0.1,10,10,31,33,15,7,4.188,10,0
2025-03-19 18:53:21.594538,e00aa9c9-44b1-4af5-b573-3359f0558490,KXHIGHCHI-25MAR20-B40.5,104738.405,15,-3.0,43.463,12,88,0,41.9,1.4,-0.7,2.1,66.2,34.3,100,0,38178.2,20.5,20.6,100,0,2.963,-1.563,98.0,2.0,0.1,10,12,31,33,15,7,5.565,12,0
2025-03-19 18:53:21.594538,931cdd0c-a0b6-48ba-9f63-82ae8fcb7a8f,KXHIGHCHI-25MAR20-B40.5,104738.405,58,-3.0,43.519,10,90,0,41.9,1.4,-0.7,2.1,66.2,34.3,100,0,38178.2,20.5,20.6,100,0,3.019,-1.619,98.0,2.0,0.1,10,10,31,33,15,7,4.041,10,0
2025-03-19 18:53:21.594538,1f353527-42da-4e9c-8593-befff689f995,KXHIGHCHI-25MAR20-B40.5,104738.405,42,-3.0,43.436,13,87,0,41.9,1.4,-0.7,2.1,66.2,34.3,100,0,38178.2,20.5,20.6,100,0,2.936,-1.536,98.0,2.0,0.1,10,13,31,33,15,7,7.179,13,0
2025-03-19 19:07:35.083980,14532d7b-42f9-4ed8-ba2e-853281959afe,KXHIGHCHI-25MAR20-B42.5,103884.916,20,-1.0,43.519,31,69,1,41.9,-0.6,-2.0,1.4,66.2,34.3,100,0,38178.2,23.4,11.5,100,64,1.019,-1.619,98.0,2.0,0.0,10,10,31,33,15,7,-20.231,-31,0
2025-03-19 19:07:51.367945,9defcaa1-df34-4e5b-b5b5-0f9c95e409e3,KXHIGHCHI-25MAR20-B44.5,103868.632,10,1.0,43.537,35,65,1,41.9,-2.6,-4.0,1.4,66.2,34.3,100,0,38178.2,23.4,11.5,100,64,-0.963,-1.637,98.0,2.0,0.0,10,10,31,35,15,7,62.696,65,1
2025-03-19 19:10:44.381775,eb64ac4e-9e3f-4c40-a1f7-cadb11bb6c3f,KXHIGHCHI-25MAR20-B46.5,103695.618,12,3.0,43.481,13,87,0,41.9,-4.6,-6.0,1.4,66.2,34.3,100,0,38178.2,23.4,11.5,100,64,-3.019,-1.581,98.0,2.0,0.0,10,10,31,35,13,7,11.59,13,0
2025-03-19 19:10:44.381775,dd51fcfe-7486-4ea5-8413-f19923f418bf,KXHIGHCHI-25MAR20-B46.5,103695.618,38,3.0,43.509,14,86,0,41.9,-4.6,-6.0,1.4,66.2,34.3,100,0,38178.2,23.4,11.5,100,64,-2.991,-1.609,98.0,2.0,0.0,10,10,31,35,14,7,12.6,14,0
2025-03-19 19:17:40.834206,0193b200-03ae-4782-9ee8-4186990c7639,KXHIGHCHI-25MAR20-B44.5,103279.166,10,1.0,43.509,35,65,0,41.9,-2.6,-4.0,1.4,66.2,34.3,100,0,38178.2,23.4,11.5,100,64,-0.991,-1.609,98.0,2.0,0.0,10,10,31,35,14,7,-62.674,-65,1
2025-03-19 19:17:40.834206,131319c7-b06d-4e83-91c5-b01808e2b316,KXHIGHCHI-25MAR20-B44.5,103279.166,46,1.0,43.481,32,68,0,41.9,-2.6,-4.0,1.4,66.2,34.3,100,0,38178.2,23.4,11.5,100,64,-1.019,-1.581,98.0,2.0,0.0,10,10,31,32,14,7,-65.573,-68,1
2025-03-19 19:22:24.783217,8191d1b3-541b-48e8-9a29-31fc45507a68,KXHIGHCHI-25MAR20-B46.5,102995.217,170,3.0,43.452,12,88,0,41.9,-4.6,-6.0,1.4,66.2,34.3,100,0,38178.2,23.4,11.5,100,64,-3.048,-1.552,98.0,2.0,0.0,10,10,31,35,12,7,10.598,12,0
2025-03-19 19:22:24.783217,6adde313-a97a-4e7a-9ad6-472d3a79fe75,KXHIGHCHI-25MAR20-B46.5,102995.217,65,3.0,43.481,13,87,0,41.9,-4.6,-6.0,1.4,66.2,34.3,100,0,38178.2,23.4,11.5,100,64,-3.019,-1.581,98.0,2.0,0.0,10,10,31,35,13,7,11.567,13,0
2025-03-19 19:22:24.783217,c729fbaf-abd0-4a87-964c-bdf802a012dc,KXHIGHCHI-25MAR20-B46.5,102995.217,47,3.0,43.509,14,86,0,41.9,-4.6,-6.0,1.4,66.2,34.3,100,0,38178.2,23.4,11.5,100,64,-2.991,-1.609,98.0,2.0,0.0,10,10,31,35,14,7,12.587,14,0
2025-03-19 19:27:40.907800,73858b89-ee7d-47de-abdb-65a1829bef0d,KXHIGHCHI-25MAR20-B46.5,102679.092,10,3.0,43.537,15,85,1,41.9,-4.6,-6.0,1.4,66.2,34.3,100,0,38178.2,23.4,11.5,100,64,-2.963,-1.637,98.0,2.0,0.0,10,10,31,35,15,7,-13.409,-15,0
2025-03-19 19:42:14.222652,facbe350-463a-470a-9a42-434305e137d9,KXHIGHCHI-25MAR20-B42.5,101805.777,110,-1.0,43.528,32,68,1,41.9,-0.6,-2.0,1.4,66.2,34.3,100,0,38178.2,23.4,11.5,100,64,1.028,-1.628,98.0,2.0,0.0,10,10,32,35,15,7,-21.18,-32,0
2025-03-19 19:51:59.267981,f9e54aad-4dc2-40e2-96a4-028d0695dd1d,KXHIGHCHI-25MAR20-B44.5,101220.732,1,1.0,43.509,33,67,0,41.9,-2.6,-4.0,1.4,66.2,34.3,100,0,38178.2,23.4,11.5,100,64,-0.991,-1.609,98.0,2.0,0.0,10,10,32,33,15,7,-64.487,-67,1
2025-03-19 19:53:17.908726,acf4252f-2278-4b64-b1ff-e50619d8ba3b,KXHIGHCHI-25MAR20-B42.5,101142.091,11,-1.0,43.538,29,71,1,41.9,-0.6,-2.0,1.4,66.2,34.3,100,0,38178.2,23.4,11.5,100,64,1.038,-1.638,98.0,2.0,0.0,10,10,29,33,15,7,-18.175,-29,0
2025-03-19 19:53:50.969985,b43233d4-212b-4379-b2d1-b9244db057d7,KXHIGHCHI-25MAR20-B40.5,101109.03,145,-3.0,43.347,17,83,1,41.9,1.4,0.0,1.4,66.2,34.3,100,0,38178.2,23.4,11.5,100,64,2.847,-1.447,98.0,2.0,0.0,10,17,29,33,15,7,-10.037,-17,0
2025-03-19 19:53:50.969985,7c0356fd-359e-4cb6-9950-bb2b6d036cc7,KXHIGHCHI-25MAR20-B40.5,101109.03,23,-3.0,43.399,15,85,1,41.9,1.4,0.0,1.4,66.2,34.3,100,0,38178.2,23.4,11.5,100,64,2.899,-1.499,98.0,2.0,0.0,10,15,29,33,15,7,-8.082,-15,0
2025-03-19 19:53:50.969985,150ef121-9c11-4b68-b6ac-41fa936d07b0,KXHIGHCHI-25MAR20-B40.5,101109.03,1,-3.0,43.399,15,85,1,41.9,1.4,0.0,1.4,66.2,34.3,100,0,38178.2,23.4,11.5,100,64,2.899,-1.499,98.0,2.0,0.0,10,15,29,33,15,7,-8.119,-15,0
2025-03-19 19:53:50.969985,0edfa0eb-2c55-468b-a475-bb81bce0578f,KXHIGHCHI-25MAR20-B40.5,101109.03,31,-3.0,43.399,15,85,1,41.9,1.4,0.0,1.4,66.2,34.3,100,0,38178.2,23.4,11.5,100,64,2.899,-1.499,98.0,2.0,0.0,10,15,29,33,15,7,-8.264,-15,0
2025-03-19 19:53:57.072495,a262ac41-5b9d-4df7-a5e4-8b68f8385ef6,KXHIGHCHI-25MAR20-T40,101102.928,42,-5.0,43.226,14,86,1,41.9,3.4,2.0,1.4,66.2,34.3,100,0,38178.2,23.4,11.5,100,64,4.726,-1.326,98.0,2.0,0.0,14,15,29,33,15,7,-9.109,-14,0
2025-03-19 19:53:57.072495,7607e5ae-e97d-4d23-a25f-3071c1b0f2ae,KXHIGHCHI-25MAR20-T40,101102.928,25,-5.0,43.226,14,86,1,41.9,3.4,2.0,1.4,66.2,34.3,100,0,38178.2,23.4,11.5,100,64,4.726,-1.326,98.0,2.0,0.0,14,15,29,33,15,7,-9.196,-14,0
2025-03-19 19:53:57.072495,4d00eee0-e56d-4883-b103-e94a78aac22a,KXHIGHCHI-25MAR20-T40,101102.928,92,-5.0,43.311,12,88,1,41.9,3.4,2.0,1.4,66.2,34.3,100,0,38178.2,23.4,11.5,100,64,4.811,-1.411,98.0,2.0,0.0,12,15,29,33,15,7,-7.388,-12,0
2025-03-19 19:53:57.072495,28de2701-32d4-4e14-a0f8-1551d15202a1,KXHIGHCHI-25MAR20-T40,101102.928,10,-5.0,43.268,13,87,1,41.9,3.4,2.0,1.4,66.2,34.3,100,0,38178.2,23.4,11.5,100,64,4.768,-1.368,98.0,2.0,0.0,13,15,29,33,15,7,-8.491,-13,0
2025-03-19 19:54:57.347961,eba3e110-b614-43b2-9f83-911d84c8e76e,KXHIGHCHI-25MAR20-B44.5,101042.652,77,1.0,43.257,32,68,0,41.9,-2.6,-4.0,1.4,66.2,34.3,100,0,38178.2,23.4,11.5,100,64,-1.243,-1.357,98.0,2.0,0.0,13,15,29,32,15,7,-65.39,-68,1
2025-03-19 19:54:57.347961,0ed818cc-bdc8-42cc-9c9f-7fb0b3cfc30e,KXHIGHCHI-25MAR20-B44.5,101042.652,11,1.0,43.257,32,68,0,41.9,-2.6,-4.0,1.4,66.2,34.3,100,0,38178.2,23.4,11.5,100,64,-1.243,-1.357,98.0,2.0,0.0,13,15,29,32,15,7,-65.486,-68,1
2025-03-19 19:55:50.218021,03699417-f8be-4c8c-914e-9d6885d38095,KXHIGHCHI-25MAR20-B42.5,100989.782,28,-1.0,43.257,29,71,1,41.9,-0.6,-2.0,1.4,66.2,34.3,100,0,38178.2,23.4,11.5,100,64,0.757,-1.357,98.0,2.0,0.0,13,15,29,32,15,7,-17.774,-29,0
2025-03-19 20:00:44.947095,810f6f9d-9ea4-4d2b-b443-27b27c325c87,KXHIGHCHI-25MAR20-B42.5,100695.053,24,-1.0,43.271,27,73,0,41.9,-0.6,-0.9,0.3,66.2,34.3,100,0,38178.2,46.1,19.4,99,91,0.771,-1.371,98.0,2.0,4.1,13,15,27,32,15,7,14.993,27,0
2025-03-19 20:03:42.517366,82c77ee1-ffaa-4d55-8054-49a69e96fd94,KXHIGHCHI-25MAR20-B42.5,100517.483,30,-1.0,43.271,27,73,0,41.9,-0.6,-0.9,0.3,66.2,34.3,100,0,38178.2,46.1,19.4,99,91,0.771,-1.371,98.0,2.0,4.1,13,15,27,32,15,7,14.849,27,0
2025-03-19 20:03:48.928093,0fc6447c-d4fa-4899-8999-bcc81c6302bd,KXHIGHCHI-25MAR20-B42.5,100511.072,119,-1.0,43.271,27,73,0,41.9,-0.6,-0.9,0.3,66.2,34.3,100,0,38178.2,46.1,19.4,99,91,0.771,-1.371,98.0,2.0,4.1,13,15,27,32,15,7,14.357,27,0
2025-03-19 20:06:37.737880,e82739db-9a13-41d5-967e-81e2f957c4f5,KXHIGHCHI-25MAR20-B42.5,100342.262,4,-1.0,43.271,27,73,0,41.9,-0.6,-0.9,0.3,66.2,34.3,100,0,38178.2,46.1,19.4,99,91,0.771,-1.371,98.0,2.0,4.1,13,15,27,32,15,7,13.41,27,0
2025-03-19 20:19:31.204838,27c3506c-8f2e-4e87-93be-c8599f1915e3,KXHIGHCHI-25MAR20-B42.5,99568.795,32,-1.0,43.257,29,71,1,41.9,-0.6,-0.9,0.3,66.2,34.3,100,0,38178.2,46.1,19.4,99,91,0.757,-1.357,98.0,2.0,4.1,13,15,29,32,15,7,-15.406,-29,0
2025-03-19 20:37:43.685925,6b9446e1-c3d1-4616-8476-312322a96ab9,KXHIGHCHI-25MAR20-T40,98476.314,39,-5.0,43.3,12,88,1,41.9,3.4,3.1,0.3,66.2,34.3,100,0,38178.2,46.1,19.4,99,91,4.8,-1.4,98.0,2.0,4.1,12,15,29,32,15,7,-6.797,-12,0
2025-03-19 20:48:32.992452,16dec0e3-560a-4a21-85f1-d3676587fd85,KXHIGHCHI-25MAR20-B46.5,97827.008,20,3.0,43.357,17,83,0,41.9,-4.6,-4.9,0.3,66.2,34.3,100,0,38178.2,46.1,19.4,99,91,-3.143,-1.457,98.0,2.0,4.1,12,15,29,32,17,7,15.382,17,0
2025-03-19 20:48:46.840732,f34cac0e-6899-4c3e-bd42-2c65af7070de,KXHIGHCHI-25MAR20-B46.5,97813.159,30,3.0,43.357,17,83,0,41.9,-4.6,-4.9,0.3,66.2,34.3,100,0,38178.2,46.1,19.4,99,91,-3.143,-1.457,98.0,2.0,4.1,12,15,29,32,17,7,15.318,17,0
2025-03-19 20:51:11.869157,cfd5e1a2-c3e6-442a-b5fe-6bd14056b4cc,KXHIGHCHI-25MAR20-B46.5,97668.131,24,3.0,43.241,13,87,0,41.9,-4.6,-4.9,0.3,66.2,34.3,100,0,38178.2,46.1,19.4,99,91,-3.259,-1.341,98.0,2.0,4.1,12,15,29,32,13,7,10.995,13,0
2025-03-19 20:51:11.869157,9d371792-f978-4b62-8740-d45a93fab371,KXHIGHCHI-25MAR20-B46.5,97668.131,25,3.0,43.357,17,83,0,41.9,-4.6,-4.9,0.3,66.2,34.3,100,0,38178.2,46.1,19.4,99,91,-3.143,-1.457,98.0,2.0,4.1,12,15,29,32,17,7,15.175,17,0
2025-03-19 20:51:11.869157,4f43d50e-e76a-4cf9-bab2-c7f38d2f0bd7,KXHIGHCHI-25MAR20-B46.5,97668.131,240,3.0,43.3,15,85,0,41.9,-4.6,-4.9,0.3,66.2,34.3,100,0,38178.2,46.1,19.4,99,91,-3.2,-1.4,98.0,2.0,4.1,12,15,29,32,15,7,13.176,15,0
2025-03-19 20:52:09.156758,d45246b0-6ca2-4122-b8d7-81bd51be4d55,KXHIGHCHI-25MAR20-B44.5,97610.843,13,1.0,43.289,31,69,0,41.9,-2.6,-2.9,0.3,66.2,34.3,100,0,38178.2,46.1,19.4,99,91,-1.211,-1.389,98.0,2.0,4.1,12,15,29,31,15,7,-66.36,-69,1
2025-03-19 20:52:09.156758,eea7ab41-d9c1-4664-9303-cc36fa2b2ff2,KXHIGHCHI-25MAR20-B44.5,97610.843,22,1.0,43.3,32,68,0,41.9,-2.6,-2.9,0.3,66.2,34.3,100,0,38178.2,46.1,19.4,99,91,-1.2,-1.4,98.0,2.0,4.1,12,15,29,32,15,7,-65.33,-68,1
2025-03-19 20:52:23.695047,e9861ddd-be11-42b2-b976-5ed391544e1d,KXHIGHCHI-25MAR20-B42.5,97596.305,72,-1.0,43.296,28,72,1,41.9,-0.6,-0.9,0.3,66.2,34.3,100,0,38178.2,46.1,19.4,99,91,0.796,-1.396,98.0,2.0,4.1,12,15,28,31,15,7,-13.905,-28,0
2025-03-19 20:52:23.695047,b1cbde82-004e-4729-8c69-e747af13e5bb,KXHIGHCHI-25MAR20-B42.5,97596.305,240,-1.0,43.282,30,70,1,41.9,-0.6,-0.9,0.3,66.2,34.3,100,0,38178.2,46.1,19.4,99,91,0.782,-1.382,98.0,2.0,4.1,12,15,30,31,15,7,-16.024,-30,0
2025-03-19 21:06:32.938019,639a369b-369f-45da-8040-b6f92ea02fbd,KXHIGHCHI-25MAR20-B42.5,96747.062,16,-1.0,43.248,35,65,0,41.9,-0.6,-2.2,1.6,66.2,34.3,100,0,38178.2,43.2,24.6,98,0,0.748,-1.348,98.0,2.0,0.0,12,15,35,31,15,7,20.895,35,0
2025-03-19 21:06:36.080374,0ea232d1-49cd-4d21-81d0-bf0d71097347,KXHIGHCHI-25MAR20-B42.5,96743.92,14,-1.0,43.248,35,65,0,41.9,-0.6,-2.2,1.6,66.2,34.3,100,0,38178.2,43.2,24.6,98,0,0.748,-1.348,98.0,2.0,0.0,12,15,35,31,15,7,20.809,35,0
2025-03-19 21:33:08.531509,623f8279-41b6-4dd4-9263-a68cc4a49a88,KXHIGHCHI-25MAR20-B44.5,95151.468,28,1.0,43.248,31,69,0,41.9,-2.6,-4.2,1.6,66.2,34.3,100,0,38178.2,43.2,24.6,98,0,-1.252,-1.348,98.0,2.0,0.0,12,15,35,31,15,7,-65.98,-69,1
2025-03-19 21:36:40.108823,57219feb-3991-407b-8391-0232ed1780c5,KXHIGHCHI-25MAR20-B42.5,94939.891,10,-1.0,43.235,37,63,1,41.9,-0.6,-2.2,1.6,66.2,34.3,100,0,38178.2,43.2,24.6,98,0,0.735,-1.335,98.0,2.0,0.0,12,15,37,31,15,7,-22.787,-37,0
2025-03-19 21:42:05.467401,54bf23f1-74aa-4c04-a50c-0999720010ab,KXHIGHCHI-25MAR20-B42.5,94614.533,5,-1.0,43.199,43,57,1,41.9,-0.6,-2.2,1.6,66.2,34.3,100,0,38178.2,43.2,24.6,98,0,0.699,-1.299,98.0,2.0,0.0,12,15,43,31,15,7,-28.765,-43,0
2025-03-19 22:02:33.083754,dfcb5ea6-f12e-495e-9b4c-f589334b0c9e,KXHIGHCHI-25MAR20-B46.5,93386.916,52,3.0,42.939,6,94,1,41.9,-4.6,-8.7,4.1,66.2,34.3,100,0,38178.2,43.9,16.6,100,0,-3.561,-1.039,98.0,2.0,0.0,12,15,43,31,6,7,-3.387,-6,0
2025-03-19 22:02:33.083754,bac65600-3990-4bf8-8351-bebd478ec569,KXHIGHCHI-25MAR20-B46.5,93386.916,12,3.0,42.939,6,94,1,41.9,-4.6,-8.7,4.1,66.2,34.3,100,0,38178.2,43.9,16.6,100,0,-3.561,-1.039,98.0,2.0,0.0,12,15,43,31,6,7,-3.553,-6,0
2025-03-19 22:02:33.083754,42ee73b0-1008-4702-a549-b00b014e7a6e,KXHIGHCHI-25MAR20-B46.5,93386.916,1,3.0,42.939,6,94,1,41.9,-4.6,-8.7,4.1,66.2,34.3,100,0,38178.2,43.9,16.6,100,0,-3.561,-1.039,98.0,2.0,0.0,12,15,43,31,6,7,-3.792,-6,0
2025-03-19 22:02:33.083754,3d8ea1b0-d9c6-4ac1-ae02-0b4713ce85d9,KXHIGHCHI-25MAR20-B46.5,93386.916,217,3.0,43.0,8,92,1,41.9,-4.6,-8.7,4.1,66.2,34.3,100,0,38178.2,43.9,16.6,100,0,-3.5,-1.1,98.0,2.0,0.0,12,15,43,31,8,7,-5.834,-8,0
2025-03-19 22:18:21.923417,be3a8bbd-b942-42f4-9ee5-728ddef57adc,KXHIGHCHI-25MAR20-T40,92438.077,214,-5.0,43.203,7,93,0,41.9,3.4,-0.7,4.1,66.2,34.3,100,0,38178.2,43.9,16.6,100,0,4.703,-1.303,98.0,2.0,0.0,7,15,43,31,8,7,1.459,7,0
2025-03-19 22:28:07.042014,7f5e6051-334c-4ec8-a23b-00bec956fdca,KXHIGHCHI-25MAR20-B42.5,91852.958,1,-1.0,43.203,43,57,1,41.9,-0.6,-4.7,4.1,66.2,34.3,100,0,38178.2,43.9,16.6,100,0,0.703,-1.303,98.0,2.0,0.0,7,15,43,31,8,7,-28.701,-43,0
2025-03-19 22:28:07.042014,3994e534-c1cc-42ee-bd53-cc248494b331,KXHIGHCHI-25MAR20-B42.5,91852.958,65,-1.0,43.203,43,57,1,41.9,-0.6,-4.7,4.1,66.2,34.3,100,0,38178.2,43.9,16.6,100,0,0.703,-1.303,98.0,2.0,0.0,7,15,43,31,8,7,-28.732,-43,0
2025-03-19 22:28:07.042014,397386e1-f4d3-4c84-9a66-22391260b735,KXHIGHCHI-25MAR20-B42.5,91852.958,146,-1.0,43.196,44,56,1,41.9,-0.6,-4.7,4.1,66.2,34.3,100,0,38178.2,43.9,16.6,100,0,0.696,-1.296,98.0,2.0,0.0,7,15,44,31,8,7,-29.743,-44,0
2025-03-19 22:46:44.675278,196ed5e4-a7d1-40f6-a7e6-92cc216082e3,KXHIGHCHI-25MAR20-B40.5,90735.325,27,-3.0,43.038,22,78,1,41.9,1.4,-2.7,4.1,66.2,34.3,100,0,38178.2,43.9,16.6,100,0,2.538,-1.138,98.0,2.0,0.0,7,22,44,31,8,7,-15.023,-22,0
2025-03-19 22:48:50.518304,bda940b0-10b5-4291-884c-5f761c6ddb98,KXHIGHCHI-25MAR20-B46.5,90609.482,19,3.0,42.917,4,96,0,41.9,-4.6,-8.7,4.1,66.2,34.3,100,0,38178.2,43.9,16.6,100,0,-3.583,-1.017,98.0,2.0,0.0,7,22,44,31,4,7,1.384,4,0
2025-03-19 22:51:34.516766,f5bced24-5eb9-44ec-ae15-b23f9e648e9f,KXHIGHCHI-25MAR20-B44.5,90445.483,100,1.0,42.875,28,72,0,41.9,-2.6,-6.7,4.1,66.2,34.3,100,0,38178.2,43.9,16.6,100,0,-1.625,-0.975,98.0,2.0,0.0,7,22,44,28,4,7,-68.826,-72,1
2025-03-19 23:05:32.864775,5af2b947-b25e-4237-980a-5085c42d3de5,KXHIGHCHI-25MAR20-B40.5,89607.135,12,-3.0,42.875,22,78,1,41.9,1.4,-4.0,5.4,66.2,34.3,100,0,38178.2,45.4,21.2,100,0,2.375,-0.975,98.0,2.0,0.1,7,22,44,28,4,7,-15.009,-22,0
2025-03-19 23:05:50.378539,cdc91586-9905-4434-a182-0ae83cc6df5a,KXHIGHCHI-25MAR20-B42.5,89589.621,8,-1.0,42.868,46,54,1,41.9,-0.6,-6.0,5.4,66.2,34.3,100,0,38178.2,45.4,21.2,100,0,0.368,-0.968,98.0,2.0,0.1,7,22,46,28,4,7,-31.629,-46,0
2025-03-19 23:10:15.018585,ac42edc2-8b59-4cf8-8f33-da04313dcd12,KXHIGHCHI-25MAR20-B44.5,89324.981,112,1.0,42.839,26,74,0,41.9,-2.6,-8.0,5.4,66.2,34.3,100,0,38178.2,45.4,21.2,100,0,-1.661,-0.939,98.0,2.0,0.1,7,22,46,26,4,7,-70.672,-74,1
2025-03-19 23:10:15.018585,a7de5f8a-65f0-482a-9b58-ff0ea2839acb,KXHIGHCHI-25MAR20-B44.5,89324.981,62,1.0,42.854,27,73,0,41.9,-2.6,-8.0,5.4,66.2,34.3,100,0,38178.2,45.4,21.2,100,0,-1.646,-0.954,98.0,2.0,0.1,7,22,46,27,4,7,-69.82,-73,1
2025-03-19 23:12:40.675969,85022452-6a4a-44c9-95cd-8ae41649e425,KXHIGHCHI-25MAR20-B40.5,89179.324,24,-3.0,42.918,19,81,1,41.9,1.4,-4.0,5.4,66.2,34.3,100,0,38178.2,45.4,21.2,100,0,2.418,-1.018,98.0,2.0,0.1,7,19,46,27,4,7,-11.956,-19,0
2025-03-19 23:12:58.558194,6ef29dd6-2ca2-4d2b-8129-1f963928654a,KXHIGHCHI-25MAR20-B42.5,89161.442,10,-1.0,42.926,44,56,1,41.9,-0.6,-6.0,5.4,66.2,34.3,100,0,38178.2,45.4,21.2,100,0,0.426,-1.026,98.0,2.0,0.1,7,19,44,27,4,7,-29.588,-44,0
2025-03-19 23:40:01.776794,7934b6c5-5a19-4134-8fa5-4f99004adea8,KXHIGHCHI-25MAR20-B40.5,87538.223,11,-3.0,42.926,19,81,1,41.9,1.4,-4.0,5.4,66.2,34.3,100,0,38178.2,45.4,21.2,100,0,2.426,-1.026,98.0,2.0,0.1,7,19,44,27,4,7,-11.313,-19,0
2025-03-19 23:40:01.776794,73b10bc7-b14c-41bf-aadb-61001fcd3f09,KXHIGHCHI-25MAR20-B40.5,87538.223,25,-3.0,42.926,19,81,1,41.9,1.4,-4.0,5.4,66.2,34.3,100,0,38178.2,45.4,21.2,100,0,2.426,-1.026,98.0,2.0,0.1,7,19,44,27,4,7,-11.947,-19,0
2025-03-19 23:45:41.219887,88473069-0f08-404e-903e-7d8535345a56,KXHIGHCHI-25MAR20-B40.5,87198.78,3,-3.0,42.926,19,81,1,41.9,1.4,-4.0,5.4,66.2,34.3,100,0,38178.2,45.4,21.2,100,0,2.426,-1.026,98.0,2.0,0.1,7,19,44,27,4,7,-11.281,-19,0
2025-03-19 23:45:41.219887,53a5736c-3546-42ec-9cd3-669587b9771b,KXHIGHCHI-25MAR20-B40.5,87198.78,21,-3.0,42.926,19,81,1,41.9,1.4,-4.0,5.4,66.2,34.3,100,0,38178.2,45.4,21.2,100,0,2.426,-1.026,98.0,2.0,0.1,7,19,44,27,4,7,-11.287,-19,0
2025-03-19 23:46:57.277184,e02651c4-4bfa-460c-be0d-5762f2b3bf53,KXHIGHCHI-25MAR20-B40.5,87122.723,50,-3.0,42.904,20,80,1,41.9,1.4,-4.0,5.4,66.2,34.3,100,0,38178.2,45.4,21.2,100,0,2.404,-1.004,98.0,2.0,0.1,7,20,44,27,4,7,-12.174,-20,0
2025-03-19 23:46:57.277184,8fb20fcf-48b4-46cd-86b2-0449ea2aa104,KXHIGHCHI-25MAR20-B40.5,87122.723,168,-3.0,42.882,21,79,1,41.9,1.4,-4.0,5.4,66.2,34.3,100,0,38178.2,45.4,21.2,100,0,2.382,-0.982,98.0,2.0,0.1,7,21,44,27,4,7,-13.249,-21,0
2025-03-19 23:47:02.487810,7aaf2acc-09b8-42b8-8107-40078a999439,KXHIGHCHI-25MAR20-B42.5,87117.512,28,-1.0,42.885,43,57,0,41.9,-0.6,-6.0,5.4,66.2,34.3,100,0,38178.2,45.4,21.2,100,0,0.385,-0.985,98.0,2.0,0.1,7,21,43,27,4,7,28.557,43,0
2025-03-20 00:08:11.112706,4bac3076-9fab-4b85-ad3a-bd9accce8270,KXHIGHCHI-25MAR20-B40.5,85848.887,30,-3.0,42.885,21,79,1,41.9,1.4,-4.4,5.8,66.2,34.3,100,0,38178.2,57.2,25.1,100,0,2.385,-0.985,98.0,2.0,0.0,7,21,43,27,4,7,-13.16,-21,0
2025-03-20 00:10:23.821504,1c8281fd-4497-443b-9e27-07993d402c66,KXHIGHCHI-25MAR20-B40.5,85716.178,1,-3.0,42.885,21,79,1,41.9,1.4,-4.4,5.8,66.2,34.3,100,0,38178.2,57.2,25.1,100,0,2.385,-0.985,98.0,2.0,0.0,7,21,43,27,4,7,-12.5,-21,0
2025-03-20 00:13:00.638740,9f7e3f44-4b5d-44a2-a8ef-06501fc49cfe,KXHIGHCHI-25MAR20-T40,85559.361,15,-5.0,42.73,11,89,1,41.9,3.4,-2.4,5.8,66.2,34.3,100,0,38178.2,57.2,25.1,100,0,4.23,-0.83,98.0,2.0,0.0,11,21,43,27,4,7,-5.099,-11,0
2025-03-20 00:13:10.400595,103957f4-f709-4725-997d-a8e4906477e9,KXHIGHCHI-25MAR20-T47,85549.599,18,5.0,42.573,4,96,1,41.9,-6.6,-12.4,5.8,66.2,34.3,100,0,38178.2,57.2,25.1,100,0,-5.927,-0.673,98.0,2.0,0.0,11,21,43,27,4,4,-2.333,-4,0
2025-03-20 00:13:10.400595,818012ca-a945-4715-aaa5-63170592823c,KXHIGHCHI-25MAR20-T47,85549.599,2,5.0,42.518,3,97,1,41.9,-6.6,-12.4,5.8,66.2,34.3,100,0,38178.2,57.2,25.1,100,0,-5.982,-0.618,98.0,2.0,0.0,11,21,43,27,4,3,-1.142,-3,0
2025-03-20 00:13:21.344992,2f38257c-23c0-4dfc-a231-bd1983a8e752,KXHIGHCHI-25MAR20-B42.5,85538.655,3,-1.0,42.573,42,58,0,41.9,-0.6,-6.4,5.8,66.2,34.3,100,0,38178.2,57.2,25.1,100,0,0.073,-0.673,98.0,2.0,0.0,11,21,42,27,4,4,27.459,42,0
2025-03-20 00:16:39.744544,627030ec-d1ee-47de-a49a-248b0dbc8ade,KXHIGHCHI-25MAR20-T40,85340.255,7,-5.0,42.573,11,89,1,41.9,3.4,-2.4,5.8,66.2,34.3,100,0,38178.2,57.2,25.1,100,0,4.073,-0.673,98.0,2.0,0.0,11,21,42,27,4,4,-4.837,-11,0
2025-03-20 00:17:00.780411,98ca94a1-8dfb-4965-a36b-982310651f2b,KXHIGHCHI-25MAR20-B42.5,85319.22,15,-1.0,42.573,43,57,1,41.9,-0.6,-6.4,5.8,66.2,34.3,100,0,38178.2,57.2,25.1,100,0,0.073,-0.673,98.0,2.0,0.0,11,21,43,27,4,4,-28.408,-43,0
2025-03-20 00:17:10.411728,799f186c-94c8-4d60-ab40-082e4477b460,KXHIGHCHI-25MAR20-T40,85309.588,15,-5.0,42.573,11,89,1,41.9,3.4,-2.4,5.8,66.2,34.3,100,0,38178.2,57.2,25.1,100,0,4.073,-0.673,98.0,2.0,0.0,11,21,43,27,4,4,-4.474,-11,0
2025-03-20 00:18:42.899033,062c14ff-24dd-4566-a2c0-b6371e753980,KXHIGHCHI-25MAR20-B42.5,85217.101,85,-1.0,42.572,44,56,0,41.9,-0.6,-6.4,5.8,66.2,34.3,100,0,38178.2,57.2,25.1,100,0,0.072,-0.672,98.0,2.0,0.0,11,21,44,27,4,4,29.398,44,0
2025-03-20 00:18:57.360739,58effa0a-8d7b-4bbc-b37d-df827b9c426e,KXHIGHCHI-25MAR20-B44.5,85202.639,23,1.0,42.555,26,74,0,41.9,-2.6,-8.4,5.8,66.2,34.3,100,0,38178.2,57.2,25.1,100,0,-1.945,-0.655,98.0,2.0,0.0,11,21,44,26,4,4,-70.524,-74,1
2025-03-20 00:18:57.360739,1005de7b-eb50-44f9-a14c-e7dfacbbe4d6,KXHIGHCHI-25MAR20-B44.5,85202.639,12,1.0,42.555,26,74,0,41.9,-2.6,-8.4,5.8,66.2,34.3,100,0,38178.2,57.2,25.1,100,0,-1.945,-0.655,98.0,2.0,0.0,11,21,44,26,4,4,-70.558,-74,1
2025-03-20 00:22:07.082389,f7850080-616a-4ed6-8af8-4716e6523cd8,KXHIGHCHI-25MAR20-T40,85012.918,1,-5.0,42.555,11,89,1,41.9,3.4,-2.4,5.8,66.2,34.3,100,0,38178.2,57.2,25.1,100,0,4.055,-0.655,98.0,2.0,0.0,11,21,44,26,4,4,-4.435,-11,0
2025-03-20 00:29:28.597185,645f6409-af8a-4164-8c5e-b3d2fa734271,KXHIGHCHI-25MAR20-B42.5,84571.403,12,-1.0,42.555,44,56,1,41.9,-0.6,-6.4,5.8,66.2,34.3,100,0,38178.2,57.2,25.1,100,0,0.055,-0.655,98.0,2.0,0.0,11,21,44,26,4,4,-29.388,-44,0
2025-03-20 00:38:14.682370,a6a0e86a-633b-48cb-9e4d-e0b968eb5381,KXHIGHCHI-25MAR20-B40.5,84045.318,3,-3.0,42.632,17,83,0,41.9,1.4,-4.4,5.8,66.2,34.3,100,0,38178.2,57.2,25.1,100,0,2.132,-0.732,98.0,2.0,0.0,11,17,44,26,4,4,8.282,17,0
2025-03-20 00:42:44.276519,9f251f91-752c-4f75-9e2a-e8607f1ea28e,KXHIGHCHI-25MAR20-B40.5,83775.723,23,-3.0,42.573,20,80,1,41.9,1.4,-4.4,5.8,66.2,34.3,100,0,38178.2,57.2,25.1,100,0,2.073,-0.673,98.0,2.0,0.0,11,20,44,26,4,4,-11.25,-20,0
2025-03-20 00:45:18.071284,0cbef9e6-dcdb-4e2a-a4e7-f459be1aab6c,KXHIGHCHI-25MAR20-B42.5,83621.929,3,-1.0,42.573,45,55,1,41.9,-0.6,-6.4,5.8,66.2,34.3,100,0,38178.2,57.2,25.1,100,0,0.073,-0.673,98.0,2.0,0.0,11,20,45,26,4,4,-30.288,-45,0
2025-03-20 00:45:18.071284,280aaf75-4a4d-4cf5-bf74-1cd82eca1eef,KXHIGHCHI-25MAR20-B42.5,83621.929,6,-1.0,42.572,46,54,1,41.9,-0.6,-6.4,5.8,66.2,34.3,100,0,38178.2,57.2,25.1,100,0,0.072,-0.672,98.0,2.0,0.0,11,20,46,26,4,4,-31.172,-46,0
2025-03-20 00:45:18.071284,4e42b3d1-89c1-4849-8319-38de0303b7d5,KXHIGHCHI-25MAR20-B42.5,83621.929,16,-1.0,42.573,44,56,1,41.9,-0.6,-6.4,5.8,66.2,34.3,100,0,38178.2,57.2,25.1,100,0,0.073,-0.673,98.0,2.0,0.0,11,20,44,26,4,4,-29.123,-44,0
2025-03-20 00:46:19.763170,860a1b2d-54f1-4879-8b91-d99ffe95cb42,KXHIGHCHI-25MAR20-B40.5,83560.237,50,-3.0,42.554,21,79,1,41.9,1.4,-4.4,5.8,66.2,34.3,100,0,38178.2,57.2,25.1,100,0,2.054,-0.654,98.0,2.0,0.0,11,21,45,26,4,4,-12.163,-21,0
2025-03-20 00:51:23.567449,1de5e8ad-4a11-4c3f-a33c-ed0e3bbaba3f,KXHIGHCHI-25MAR20-T40,83256.433,40,-5.0,42.554,11,89,1,41.9,3.4,-2.4,5.8,66.2,34.3,100,0,38178.2,57.2,25.1,100,0,4.054,-0.654,98.0,2.0,0.0,11,21,45,26,4,4,-4.431,-11,0
2025-03-20 01:31:05.397668,a80d38b2-040a-4436-928e-09e41e39dd81,KXHIGHCHI-25MAR20-B42.5,80874.602,200,-1.0,42.555,44,56,1,41.9,-0.6,-7.2,6.6,66.2,34.3,100,0,38178.2,51.8,28.1,100,0,0.055,-0.655,98.0,2.0,0.3,11,21,44,26,4,4,-28.908,-44,0
2025-03-20 01:31:05.397668,12536364-b659-487b-be9e-1a7f9bcf0125,KXHIGHCHI-25MAR20-B42.5,80874.602,14,-1.0,42.554,45,55,1,41.9,-0.6,-7.2,6.6,66.2,34.3,100,0,38178.2,51.8,28.1,100,0,0.054,-0.654,98.0,2.0,0.3,11,21,45,26,4,4,-29.955,-45,0
2025-03-20 01:31:10.319852,2f9bd5ca-cefc-4f73-b441-7430fec813d2,KXHIGHCHI-25MAR20-B42.5,80869.68,10,-1.0,42.555,43,57,0,41.9,-0.6,-7.2,6.6,66.2,34.3,100,0,38178.2,51.8,28.1,100,0,0.055,-0.655,98.0,2.0,0.3,11,21,43,26,4,4,27.815,43,0
2025-03-20 01:31:10.319852,03a0c205-8714-483a-a03a-819e8cfccbf7,KXHIGHCHI-25MAR20-B42.5,80869.68,50,-1.0,42.555,43,57,0,41.9,-0.6,-7.2,6.6,66.2,34.3,100,0,38178.2,51.8,28.1,100,0,0.055,-0.655,98.0,2.0,0.3,11,21,43,26,4,4,27.862,43,0
2025-03-20 01:33:44.534402,c9705965-592b-4d3c-93a0-c409cb8e97f8,KXHIGHCHI-25MAR20-B42.5,80715.466,3,-1.0,42.554,46,54,1,41.9,-0.6,-7.2,6.6,66.2,34.3,100,0,38178.2,51.8,28.1,100,0,0.054,-0.654,98.0,2.0,0.3,11,21,46,26,4,4,-29.76,-46,0
2025-03-20 01:33:44.534402,6d630bc0-9976-484a-8543-17ad3c39f477,KXHIGHCHI-25MAR20-B42.5,80715.466,2,-1.0,42.554,45,55,1,41.9,-0.6,-7.2,6.6,66.2,34.3,100,0,38178.2,51.8,28.1,100,0,0.054,-0.654,98.0,2.0,0.3,11,21,45,26,4,4,-29.766,-45,0
2025-03-20 01:34:54.488310,4c8393bc-c23e-4ddd-ac8c-7f371ddc5b10,KXHIGHCHI-25MAR20-B40.5,80645.512,21,-3.0,42.536,22,78,1,41.9,1.4,-5.2,6.6,66.2,34.3,100,0,38178.2,51.8,28.1,100,0,2.036,-0.636,98.0,2.0,0.3,11,22,45,26,4,4,-13.029,-22,0
2025-03-20 01:35:45.435196,e3dc2118-2752-40d3-818a-f5dbcd603282,KXHIGHCHI-25MAR20-B44.5,80594.565,11,1.0,42.62,31,69,1,41.9,-2.6,-9.2,6.6,66.2,34.3,100,0,38178.2,51.8,28.1,100,0,-1.88,-0.72,98.0,2.0,0.3,11,22,45,31,4,4,65.473,69,1
2025-03-20 01:36:30.656967,ff594dcf-75c7-46c2-a13d-40633bd66b66,KXHIGHCHI-25MAR20-B44.5,80549.343,31,1.0,42.636,32,68,0,41.9,-2.6,-9.2,6.6,66.2,34.3,100,0,38178.2,51.8,28.1,100,0,-1.864,-0.736,98.0,2.0,0.3,11,22,45,32,4,4,-64.411,-68,1
2025-03-20 01:36:30.769002,ea2975cf-2462-40f5-b2d8-917d349ed35c,KXHIGHCHI-25MAR20-B44.5,80549.231,8,1.0,42.636,32,68,0,41.9,-2.6,-9.2,6.6,66.2,34.3,100,0,38178.2,51.8,28.1,100,0,-1.864,-0.736,98.0,2.0,0.3,11,22,45,32,4,4,-64.408,-68,1
2025-03-20 01:43:36.330768,95095733-81d5-41d3-8298-86349a08c509,KXHIGHCHI-25MAR20-B44.5,80123.669,10,1.0,42.553,27,73,0,41.9,-2.6,-9.2,6.6,66.2,34.3,100,0,38178.2,51.8,28.1,100,0,-1.947,-0.653,98.0,2.0,0.3,11,22,45,27,4,4,-69.374,-73,1
2025-03-20 01:45:53.403819,3ae9bdd7-e7d0-43db-bb48-77078d4ce093,KXHIGHCHI-25MAR20-B42.5,79986.596,1,-1.0,42.557,37,63,0,41.9,-0.6,-7.2,6.6,66.2,34.3,100,0,38178.2,51.8,28.1,100,0,0.057,-0.657,98.0,2.0,0.3,11,22,37,27,4,4,20.695,37,0
2025-03-20 01:46:00.498033,1f69fdd9-f1e6-4525-abc1-c3b4df897c98,KXHIGHCHI-25MAR20-B44.5,79979.502,1,1.0,42.557,27,73,0,41.9,-2.6,-9.2,6.6,66.2,34.3,100,0,38178.2,51.8,28.1,100,0,-1.943,-0.657,98.0,2.0,0.3,11,22,37,27,4,4,-69.364,-73,1
2025-03-20 01:46:09.323401,e9b1f4ff-408a-47dd-bab6-bffde6db7025,KXHIGHCHI-25MAR20-B40.5,79970.677,1,-3.0,42.639,18,82,0,41.9,1.4,-5.2,6.6,66.2,34.3,100,0,38178.2,51.8,28.1,100,0,2.139,-0.739,98.0,2.0,0.3,11,18,37,27,4,4,8.859,18,0
2025-03-20 01:58:02.808397,6b8f06d5-97b1-4e3e-ba94-e4faa06b3051,KXHIGHCHI-25MAR20-B42.5,79257.192,21,-1.0,42.628,45,55,1,41.9,-0.6,-7.2,6.6,66.2,34.3,100,0,38178.2,51.8,28.1,100,0,0.128,-0.728,98.0,2.0,0.3,11,18,45,27,4,4,-28.666,-45,0
2025-03-20 01:59:20.729851,cca4be7d-f4b5-452a-ade1-1c499425228d,KXHIGHCHI-25MAR20-B44.5,79179.27,10,1.0,42.741,34,66,1,41.9,-2.6,-9.2,6.6,66.2,34.3,100,0,38178.2,51.8,28.1,100,0,-1.759,-0.841,98.0,2.0,0.3,11,18,45,34,4,4,62.32,66,1
2025-03-20 02:02:32.560945,a21ac39f-979b-4588-824b-5385fdec0460,KXHIGHCHI-25MAR20-B42.5,78987.439,80,-1.0,42.741,45,55,1,41.9,-0.6,-7.5,6.9,66.2,34.3,100,0,38178.2,66.2,34.3,100,0,0.241,-0.841,98.0,2.0,0.0,11,18,45,34,4,4,-28.21,-45,0
2025-03-20 02:02:32.560945,66801f92-9141-4030-9b54-ee9b9dcded8f,KXHIGHCHI-25MAR20-B42.5,78987.439,42,-1.0,42.743,44,56,1,41.9,-0.6,-7.5,6.9,66.2,34.3,100,0,38178.2,66.2,34.3,100,0,0.243,-0.843,98.0,2.0,0.0,11,18,44,34,4,4,-27.29,-44,0
2025-03-20 02:02:32.560945,0325ef8b-9cf4-460a-b82f-2c7956993d01,KXHIGHCHI-25MAR20-B42.5,78987.439,85,-1.0,42.741,45,55,1,41.9,-0.6,-7.5,6.9,66.2,34.3,100,0,38178.2,66.2,34.3,100,0,0.241,-0.841,98.0,2.0,0.0,11,18,45,34,4,4,-28.603,-45,0
2025-03-20 02:07:26.657203,3b50df0f-a121-47d3-819e-81d7a6118402,KXHIGHCHI-25MAR20-B42.5,78693.343,21,-1.0,42.743,44,56,1,41.9,-0.6,-7.5,6.9,66.2,34.3,100,0,38178.2,66.2,34.3,100,0,0.243,-0.843,98.0,2.0,0.0,11,18,44,34,4,4,-26.632,-44,0
2025-03-20 02:30:37.217320,40071e19-1713-4a67-ac60-42b885ba79e2,KXHIGHCHI-25MAR20-B44.5,77302.783,10,1.0,42.664,29,71,0,41.9,-2.6,-9.5,6.9,66.2,34.3,100,0,38178.2,66.2,34.3,100,0,-1.836,-0.764,98.0,2.0,0.0,11,18,44,29,4,4,-67.284,-71,1
2025-03-20 02:30:37.217320,7a6f333e-5256-4669-9e75-736da303f340,KXHIGHCHI-25MAR20-B44.5,77302.783,5,1.0,42.664,29,71,0,41.9,-2.6,-9.5,6.9,66.2,34.3,100,0,38178.2,66.2,34.3,100,0,-1.836,-0.764,98.0,2.0,0.0,11,18,44,29,4,4,-67.146,-71,1
2025-03-20 02:34:03.051488,b648413c-8888-42d3-87bf-8a5b3fb34cb9,KXHIGHCHI-25MAR20-T40,77096.949,8,-5.0,42.589,13,87,1,41.9,3.4,-3.5,6.9,66.2,34.3,100,0,38178.2,66.2,34.3,100,0,4.089,-0.689,98.0,2.0,0.0,13,18,44,29,4,4,-4.682,-13,0
2025-03-20 02:34:03.051488,b514660f-b69f-4b36-9dbf-6b076a1b7fba,KXHIGHCHI-25MAR20-T40,77096.949,240,-5.0,42.518,15,85,1,41.9,3.4,-3.5,6.9,66.2,34.3,100,0,38178.2,66.2,34.3,100,0,4.018,-0.618,98.0,2.0,0.0,15,18,44,29,4,4,-6.679,-15,0
2025-03-20 02:34:03.051488,b09ec8fb-9033-4e14-992b-1c8cbc2d9dad,KXHIGHCHI-25MAR20-T40,77096.949,50,-5.0,42.626,12,88,1,41.9,3.4,-3.5,6.9,66.2,34.3,100,0,38178.2,66.2,34.3,100,0,4.126,-0.726,98.0,2.0,0.0,12,18,44,29,4,4,-3.696,-12,0
2025-03-20 02:34:03.051488,9cc37ded-c9fa-4f51-a0dd-aa6d8eaea4ac,KXHIGHCHI-25MAR20-T40,77096.949,22,-5.0,42.664,11,89,1,41.9,3.4,-3.5,6.9,66.2,34.3,100,0,38178.2,66.2,34.3,100,0,4.164,-0.764,98.0,2.0,0.0,11,18,44,29,4,4,-2.707,-11,0
2025-03-20 02:34:03.051488,7a9407bf-d0b4-44b7-8722-4132b5540854,KXHIGHCHI-25MAR20-T40,77096.949,9,-5.0,42.664,11,89,1,41.9,3.4,-3.5,6.9,66.2,34.3,100,0,38178.2,66.2,34.3,100,0,4.164,-0.764,98.0,2.0,0.0,11,18,44,29,4,4,-2.733,-11,0
2025-03-20 02:34:03.051488,67ed76e2-c58d-4fc1-a35d-8f096b53f5f3,KXHIGHCHI-25MAR20-T40,77096.949,87,-5.0,42.483,16,84,1,41.9,3.4,-3.5,6.9,66.2,34.3,100,0,38178.2,66.2,34.3,100,0,3.983,-0.583,98.0,2.0,0.0,16,18,44,29,4,4,-8.563,-16,0
2025-03-20 02:34:03.051488,01551e05-d03d-4db6-b283-bd6e7c903eeb,KXHIGHCHI-25MAR20-T40,77096.949,240,-5.0,42.589,13,87,1,41.9,3.4,-3.5,6.9,66.2,34.3,100,0,38178.2,66.2,34.3,100,0,4.089,-0.689,98.0,2.0,0.0,13,18,44,29,4,4,-5.595,-13,0
2025-03-20 02:36:31.768040,872b6ec1-ea0b-4037-8651-2773715b8df8,KXHIGHCHI-25MAR20-B44.5,76948.232,39,1.0,42.519,25,75,0,41.9,-2.6,-9.5,6.9,66.2,34.3,100,0,38178.2,66.2,34.3,100,0,-1.981,-0.619,98.0,2.0,0.0,13,18,44,25,4,4,-71.009,-75,1
2025-03-20 02:39:43.628935,2792bfda-522b-47fb-9021-da95ed5e1c24,KXHIGHCHI-25MAR20-B44.5,76756.371,5,1.0,42.519,25,75,0,41.9,-2.6,-9.5,6.9,66.2,34.3,100,0,38178.2,66.2,34.3,100,0,-1.981,-0.619,98.0,2.0,0.0,13,18,44,25,4,4,-70.988,-75,1
2025-03-20 02:42:32.706747,79bb2a49-e884-45e1-9bde-88acb4ad286c,KXHIGHCHI-25MAR20-B44.5,76587.293,4,1.0,42.519,25,75,0,41.9,-2.6,-9.5,6.9,66.2,34.3,100,0,38178.2,66.2,34.3,100,0,-1.981,-0.619,98.0,2.0,0.0,13,18,44,25,4,4,-70.959,-75,1
2025-03-20 02:54:34.137663,bc1957fb-40b4-4855-bc92-67178efa9291,KXHIGHCHI-25MAR20-B44.5,75865.862,3,1.0,42.519,25,75,0,41.9,-2.6,-9.5,6.9,66.2,34.3,100,0,38178.2,66.2,34.3,100,0,-1.981,-0.619,98.0,2.0,0.0,13,18,44,25,4,4,-70.912,-75,1
2025-03-20 02:55:48.388767,515067f2-0ea8-4e16-9873-16ba57f6f879,KXHIGHCHI-25MAR20-B44.5,75791.611,35,1.0,42.555,27,73,1,41.9,-2.6,-9.5,6.9,66.2,34.3,100,0,38178.2,66.2,34.3,100,0,-1.945,-0.655,98.0,2.0,0.0,13,18,44,27,4,4,68.907,73,1
2025-03-20 02:57:16.536933,0e4401cc-092e-4f13-8fa9-2fc432b6f9c7,KXHIGHCHI-25MAR20-T40,75703.463,69,-5.0,42.708,9,91,0,41.9,3.4,-3.5,6.9,66.2,34.3,100,0,38178.2,66.2,34.3,100,0,4.208,-0.808,98.0,2.0,0.0,9,18,44,27,4,4,0.688,9,0
2025-03-20 02:57:26.182117,a1a4fe09-4b8b-4f3b-8b0a-6d8b050dc864,KXHIGHCHI-25MAR20-B40.5,75693.818,6,-3.0,42.687,19,81,0,41.9,1.4,-5.5,6.9,66.2,34.3,100,0,38178.2,66.2,34.3,100,0,2.187,-0.787,98.0,2.0,0.0,9,19,44,27,4,4,9.772,19,0
2025-03-20 02:57:44.157870,0fac0a2f-d67c-48df-9f97-72f53fdf162e,KXHIGHCHI-25MAR20-T40,75675.842,34,-5.0,42.726,8,92,0,41.9,3.4,-3.5,6.9,66.2,34.3,100,0,38178.2,66.2,34.3,100,0,4.226,-0.826,98.0,2.0,0.0,8,19,44,27,4,4,-0.302,8,0
2025-03-20 08:01:24.612110,6f027bb9-226b-4f02-a851-cb9dc0c2455b,KXHIGHCHI-25MAR20-B40.5,57455.388,18,-3.0,42.726,19,81,0,41.9,1.4,-9.2,10.6,66.2,34.3,100,0,38178.2,54.4,24.0,100,0,2.226,-0.826,98.0,2.0,0.3,8,19,44,27,4,4,9.666,19,0
2025-03-20 08:02:20.255753,c71ad2be-183c-4d7b-816c-6c5a76a514a9,KXHIGHCHI-25MAR20-B40.5,57399.744,12,-3.0,42.726,19,81,1,41.9,1.4,-9.2,10.6,66.2,34.3,100,0,38178.2,54.4,24.0,100,0,2.226,-0.826,98.0,2.0,0.3,8,19,44,27,4,4,-9.53,-19,0
2025-03-20 08:05:00.950559,5aa197d1-dd37-4188-9cfc-3afd2cca64c8,KXHIGHCHI-25MAR20-B40.5,57239.049,9,-3.0,42.726,19,81,1,41.9,1.4,-9.2,10.6,66.2,34.3,100,0,38178.2,54.4,24.0,100,0,2.226,-0.826,98.0,2.0,0.3,8,19,44,27,4,4,-9.389,-19,0
2025-03-20 08:05:11.224653,2c61e854-5eee-4807-b8f7-13d63205f34c,KXHIGHCHI-25MAR20-B44.5,57228.775,5,1.0,42.821,33,67,1,41.9,-2.6,-13.2,10.6,66.2,34.3,100,0,38178.2,54.4,24.0,100,0,-1.679,-0.921,98.0,2.0,0.3,8,19,44,33,4,4,62.809,67,1
2025-03-20 08:12:12.492528,2674af29-604c-4ddf-8b07-af24334d5f65,KXHIGHCHI-25MAR20-B42.5,56807.507,68,-1.0,42.821,44,56,1,41.9,-0.6,-11.2,10.6,66.2,34.3,100,0,38178.2,54.4,24.0,100,0,0.321,-0.921,98.0,2.0,0.3,8,19,44,33,4,4,-24.555,-44,0
2025-03-20 08:12:12.492528,0473f79f-55ab-493b-86ed-bcd1ea6ebde0,KXHIGHCHI-25MAR20-B42.5,56807.507,38,-1.0,42.819,45,55,1,41.9,-0.6,-11.2,10.6,66.2,34.3,100,0,38178.2,54.4,24.0,100,0,0.319,-0.919,98.0,2.0,0.3,8,19,45,33,4,4,-25.833,-45,0
2025-03-20 08:13:20.234428,8cf06774-4780-4cc6-8d12-30ebab98ba23,KXHIGHCHI-25MAR20-B42.5,56739.766,48,-1.0,42.824,43,57,1,41.9,-0.6,-11.2,10.6,66.2,34.3,100,0,38178.2,54.4,24.0,100,0,0.324,-0.924,98.0,2.0,0.3,8,19,43,33,4,4,-23.267,-43,0
2025-03-20 08:13:20.234428,66b207ba-fc00-44e4-bfea-fcdebbf0b582,KXHIGHCHI-25MAR20-B42.5,56739.766,6,-1.0,42.821,44,56,1,41.9,-0.6,-11.2,10.6,66.2,34.3,100,0,38178.2,54.4,24.0,100,0,0.321,-0.921,98.0,2.0,0.3,8,19,44,33,4,4,-24.464,-44,0
2025-03-20 08:14:35.611896,1e8c3ff9-0185-4973-92c1-f9b6a3a98d46,KXHIGHCHI-25MAR20-B42.5,56664.388,61,-1.0,42.821,44,56,1,41.9,-0.6,-11.2,10.6,66.2,34.3,100,0,38178.2,54.4,24.0,100,0,0.321,-0.921,98.0,2.0,0.3,8,19,44,33,4,4,-24.082,-44,0
2025-03-20 08:14:35.611896,e3bc1b0d-d072-4ca0-a5b6-9151d6950c5e,KXHIGHCHI-25MAR20-B42.5,56664.388,42,-1.0,42.824,43,57,1,41.9,-0.6,-11.2,10.6,66.2,34.3,100,0,38178.2,54.4,24.0,100,0,0.324,-0.924,98.0,2.0,0.3,8,19,43,33,4,4,-22.483,-43,0
2025-03-20 08:14:49.946803,ac45ceec-563d-420d-8247-ecea70126002,KXHIGHCHI-25MAR20-T40,56650.053,10,-5.0,42.821,8,92,0,41.9,3.4,-7.2,10.6,66.2,34.3,100,0,38178.2,54.4,24.0,100,0,4.321,-0.921,98.0,2.0,0.3,8,19,44,33,4,4,0.208,8,0
2025-03-20 08:27:56.122170,1f60ec93-1e1f-417b-8975-3971848c129a,KXHIGHCHI-25MAR20-T47,55863.878,3,5.0,42.718,2,98,0,41.9,-6.6,-17.2,10.6,66.2,34.3,100,0,38178.2,54.4,24.0,100,0,-5.782,-0.818,98.0,2.0,0.3,8,19,44,33,4,2,0.08,2,0
2025-03-20 08:31:12.616880,8dc4cbb0-f28d-48f3-95aa-1c8e1964fb15,KXHIGHCHI-25MAR20-B40.5,55667.383,10,-3.0,42.739,18,82,1,41.9,1.4,-9.2,10.6,66.2,34.3,100,0,38178.2,54.4,24.0,100,0,2.239,-0.839,98.0,2.0,0.3,8,18,44,33,4,2,-7.701,-18,0
2025-03-20 08:31:12.616880,85d465a0-485d-48c9-a413-2dceb542953d,KXHIGHCHI-25MAR20-B40.5,55667.383,3,-3.0,42.739,18,82,1,41.9,1.4,-9.2,10.6,66.2,34.3,100,0,38178.2,54.4,24.0,100,0,2.239,-0.839,98.0,2.0,0.3,8,18,44,33,4,2,-7.849,-18,0
2025-03-20 08:31:12.616880,5dd69e90-8923-4660-9a9d-8246b1483562,KXHIGHCHI-25MAR20-B40.5,55667.383,6,-3.0,42.739,18,82,1,41.9,1.4,-9.2,10.6,66.2,34.3,100,0,38178.2,54.4,24.0,100,0,2.239,-0.839,98.0,2.0,0.3,8,18,44,33,4,2,-8.386,-18,0
2025-03-20 08:33:35.713024,2b645cfd-f424-40e9-8db7-1ce7b390c1e4,KXHIGHCHI-25MAR20-B40.5,55524.287,1,-3.0,42.739,18,82,0,41.9,1.4,-9.2,10.6,66.2,34.3,100,0,38178.2,54.4,24.0,100,0,2.239,-0.839,98.0,2.0,0.3,8,18,44,33,4,2,7.634,18,0
2025-03-20 08:42:38.972582,d3dccfa8-b4a6-467d-ac01-54653469f940,KXHIGHCHI-25MAR20-B40.5,54981.027,12,-3.0,42.718,19,81,0,41.9,1.4,-9.2,10.6,66.2,34.3,100,0,38178.2,54.4,24.0,100,0,2.218,-0.818,98.0,2.0,0.3,8,19,44,33,4,2,8.627,19,0
2025-03-20 08:45:38.953375,f6698a76-d61b-4a52-9cec-d4335ef1bb0c,KXHIGHCHI-25MAR20-B40.5,54801.047,1,-3.0,42.718,19,81,0,41.9,1.4,-9.2,10.6,66.2,34.3,100,0,38178.2,54.4,24.0,100,0,2.218,-0.818,98.0,2.0,0.3,8,19,44,33,4,2,8.564,19,0
2025-03-20 08:46:32.469478,cb4fad87-9855-4859-a2dd-be304adc1d6b,KXHIGHCHI-25MAR20-B40.5,54747.531,75,-3.0,42.718,19,81,0,41.9,1.4,-9.2,10.6,66.2,34.3,100,0,38178.2,54.4,24.0,100,0,2.218,-0.818,98.0,2.0,0.3,8,19,44,33,4,2,8.506,19,0
2025-03-20 08:46:37.803176,52ed7105-4ba8-48ec-b264-aa269260bb9a,KXHIGHCHI-25MAR20-B40.5,54742.197,11,-3.0,42.718,19,81,0,41.9,1.4,-9.2,10.6,66.2,34.3,100,0,38178.2,54.4,24.0,100,0,2.218,-0.818,98.0,2.0,0.3,8,19,44,33,4,2,8.472,19,0
2025-03-20 08:49:32.448403,d20baa9c-3ee1-4559-b598-b153e4bfa659,KXHIGHCHI-25MAR20-T40,54567.552,15,-5.0,42.57,12,88,1,41.9,3.4,-7.2,10.6,66.2,34.3,100,0,38178.2,54.4,24.0,100,0,4.07,-0.67,98.0,2.0,0.3,12,19,44,33,4,2,-4.272,-12,0
2025-03-20 08:49:44.176721,e9fa223f-2b02-45bd-82ed-bd75da4115bf,KXHIGHCHI-25MAR20-B40.5,54555.823,14,-3.0,42.57,19,81,1,41.9,1.4,-9.2,10.6,66.2,34.3,100,0,38178.2,54.4,24.0,100,0,2.07,-0.67,98.0,2.0,0.3,12,19,44,33,4,2,-8.405,-19,0
2025-03-20 08:50:05.128334,936ece31-9e10-4ea3-9605-461263128de7,KXHIGHCHI-25MAR20-B44.5,54534.872,2,1.0,42.482,28,72,0,41.9,-2.6,-13.2,10.6,66.2,34.3,100,0,38178.2,54.4,24.0,100,0,-2.018,-0.582,98.0,2.0,0.3,12,19,44,28,4,2,-67.219,-72,1
2025-03-20 08:50:05.128334,616c8b00-d358-41d3-b188-540289004766,KXHIGHCHI-25MAR20-B44.5,54534.872,4,1.0,42.444,26,74,0,41.9,-2.6,-13.2,10.6,66.2,34.3,100,0,38178.2,54.4,24.0,100,0,-2.056,-0.544,98.0,2.0,0.3,12,19,44,26,4,2,-69.608,-74,1
2025-03-20 09:06:16.245731,9f526e9e-bab7-471f-bd74-2126ce18fc7b,KXHIGHCHI-25MAR20-B40.5,53563.754,8,-3.0,42.519,15,85,0,41.9,1.4,-9.6,11.0,66.2,34.3,100,0,38178.2,51.8,21.8,100,0,2.019,-0.619,98.0,2.0,0.1,12,15,44,26,4,2,4.31,15,0
2025-03-20 09:06:30.424140,b517286a-71e9-4331-9e33-ae388d445769,KXHIGHCHI-25MAR20-B42.5,53549.576,2,-1.0,42.519,45,55,1,41.9,-0.6,-11.6,11.0,66.2,34.3,100,0,38178.2,51.8,21.8,100,0,0.019,-0.619,98.0,2.0,0.1,12,15,45,26,4,2,-24.306,-45,0
2025-03-20 09:06:36.853327,7ad3a64d-f299-46bc-9558-32f74fbb725c,KXHIGHCHI-25MAR20-B44.5,53543.147,1,1.0,42.644,33,67,1,41.9,-2.6,-13.6,11.0,66.2,34.3,100,0,38178.2,51.8,21.8,100,0,-1.856,-0.744,98.0,2.0,0.1,12,15,45,33,4,2,62.167,67,1
2025-03-20 09:06:36.853327,4ac0d215-d90c-4f75-8b7b-bdcade855981,KXHIGHCHI-25MAR20-B44.5,53543.147,1,1.0,42.644,33,67,1,41.9,-2.6,-13.6,11.0,66.2,34.3,100,0,38178.2,51.8,21.8,100,0,-1.856,-0.744,98.0,2.0,0.1,12,15,45,33,4,2,62.195,67,1
2025-03-20 09:06:50.775031,0bbeb44d-a2d2-43fd-b982-913c590a307c,KXHIGHCHI-25MAR20-B42.5,53529.225,15,-1.0,42.644,45,55,1,41.9,-0.6,-11.6,11.0,66.2,34.3,100,0,38178.2,51.8,21.8,100,0,0.144,-0.744,98.0,2.0,0.1,12,15,45,33,4,2,-23.886,-45,0
2025-03-20 09:07:51.829505,bbed7fe6-0d99-4e20-8231-cfe259f2b0b5,KXHIGHCHI-25MAR20-B42.5,53468.17,10,-1.0,42.644,45,55,1,41.9,-0.6,-11.6,11.0,66.2,34.3,100,0,38178.2,51.8,21.8,100,0,0.144,-0.744,98.0,2.0,0.1,12,15,45,33,4,2,-23.87,-45,0
2025-03-20 09:13:06.242977,42bd2aee-0f69-4379-a06d-5fd030c030c9,KXHIGHCHI-25MAR20-B42.5,53153.757,4,-1.0,42.644,45,55,1,41.9,-0.6,-11.6,11.0,66.2,34.3,100,0,38178.2,51.8,21.8,100,0,0.144,-0.744,98.0,2.0,0.1,12,15,45,33,4,2,-23.807,-45,0
2025-03-20 09:20:53.776457,28173772-7fdc-48c5-931e-44b246d93016,KXHIGHCHI-25MAR20-B42.5,52686.224,30,-1.0,42.643,46,54,1,41.9,-0.6,-11.6,11.0,66.2,34.3,100,0,38178.2,51.8,21.8,100,0,0.143,-0.743,98.0,2.0,0.1,12,15,46,33,4,2,-24.719,-46,0
2025-03-20 09:20:53.776457,0af803ff-223d-440e-a39a-e972e0bf2798,KXHIGHCHI-25MAR20-B42.5,52686.224,10,-1.0,42.643,46,54,1,41.9,-0.6,-11.6,11.0,66.2,34.3,100,0,38178.2,51.8,21.8,100,0,0.143,-0.743,98.0,2.0,0.1,12,15,46,33,4,2,-24.739,-46,0
2025-03-20 09:20:53.776457,e869835e-4ebd-4fc7-be75-d25e40de41ae,KXHIGHCHI-25MAR20-B42.5,52686.224,30,-1.0,42.644,45,55,1,41.9,-0.6,-11.6,11.0,66.2,34.3,100,0,38178.2,51.8,21.8,100,0,0.144,-0.744,98.0,2.0,0.1,12,15,45,33,4,2,-23.699,-45,0
2025-03-20 09:21:40.277052,d53ded94-de9f-47a6-8c7b-7139a8d1b1b7,KXHIGHCHI-25MAR20-T40,52639.723,156,-5.0,42.796,8,92,0,41.9,3.4,-7.6,11.0,66.2,34.3,100,0,38178.2,51.8,21.8,100,0,4.296,-0.896,98.0,2.0,0.1,8,15,46,33,4,2,0.2,8,0
2025-03-20 09:21:40.277052,ace28512-84a5-4ab3-9378-1de3539c0008,KXHIGHCHI-25MAR20-T40,52639.723,59,-5.0,42.919,5,95,0,41.9,3.4,-7.6,11.0,66.2,34.3,100,0,38178.2,51.8,21.8,100,0,4.419,-1.019,98.0,2.0,0.1,5,15,46,33,4,2,-2.77,5,0
2025-03-20 09:21:40.277052,32b8c4ae-07a9-4915-961a-943e46fc0606,KXHIGHCHI-25MAR20-T40,52639.723,300,-5.0,42.962,4,96,0,41.9,3.4,-7.6,11.0,66.2,34.3,100,0,38178.2,51.8,21.8,100,0,4.462,-1.062,98.0,2.0,0.1,4,15,46,33,4,2,-3.767,4,0
2025-03-20 09:21:40.277052,103acf1a-84bb-4ff8-9d57-c87b2b6ad286,KXHIGHCHI-25MAR20-T40,52639.723,7,-5.0,42.919,5,95,0,41.9,3.4,-7.6,11.0,66.2,34.3,100,0,38178.2,51.8,21.8,100,0,4.419,-1.019,98.0,2.0,0.1,5,15,46,33,4,2,-2.767,5,0
2025-03-20 09:21:40.277052,09e46efd-7953-4499-bd47-1d70533d4df4,KXHIGHCHI-25MAR20-T40,52639.723,3,-5.0,42.962,4,96,0,41.9,3.4,-7.6,11.0,66.2,34.3,100,0,38178.2,51.8,21.8,100,0,4.462,-1.062,98.0,2.0,0.1,4,15,46,33,4,2,-3.743,4,0
2025-03-20 09:32:48.753618,42fa700f-74e1-4b8f-b874-4401f27ed3cc,KXHIGHCHI-25MAR20-T47,51971.246,173,5.0,42.908,1,99,0,41.9,-6.6,-17.6,11.0,66.2,34.3,100,0,38178.2,51.8,21.8,100,0,-5.592,-1.008,98.0,2.0,0.1,4,15,46,33,4,1,-0.809,1,0
2025-03-20 09:34:35.629917,71c72e7b-d48d-435a-a21d-4ff8bba49267,KXHIGHCHI-25MAR20-T40,51864.37,2,-5.0,42.865,5,95,0,41.9,3.4,-7.6,11.0,66.2,34.3,100,0,38178.2,51.8,21.8,100,0,4.365,-0.965,98.0,2.0,0.1,5,15,46,33,4,1,-3.201,5,0
2025-03-20 09:35:49.987893,9b157488-f370-4c61-bf06-f0369a2f1e52,KXHIGHCHI-25MAR20-B42.5,51790.012,10,-1.0,42.865,46,54,1,41.9,-0.6,-11.6,11.0,66.2,34.3,100,0,38178.2,51.8,21.8,100,0,0.365,-0.965,98.0,2.0,0.1,5,15,46,33,4,1,-24.652,-46,0
2025-03-20 09:37:23.263623,0813c3b9-a638-4ceb-a461-baa798261152,KXHIGHCHI-25MAR20-B44.5,51696.736,19,1.0,42.747,26,74,0,41.9,-2.6,-13.6,11.0,66.2,34.3,100,0,38178.2,51.8,21.8,100,0,-1.753,-0.847,98.0,2.0,0.1,5,15,46,26,4,1,-69.139,-74,1
2025-03-20 09:37:23.263623,3c10a2a9-e8e3-4e80-8120-a9e80f7edc51,KXHIGHCHI-25MAR20-B44.5,51696.736,3,1.0,42.783,28,72,0,41.9,-2.6,-13.6,11.0,66.2,34.3,100,0,38178.2,51.8,21.8,100,0,-1.717,-0.883,98.0,2.0,0.1,5,15,46,28,4,1,-67.138,-72,1
2025-03-20 09:37:23.263623,af58506c-36df-4e46-b878-a1d8435be9ea,KXHIGHCHI-25MAR20-B44.5,51696.736,1,1.0,42.833,31,69,0,41.9,-2.6,-13.6,11.0,66.2,34.3,100,0,38178.2,51.8,21.8,100,0,-1.667,-0.933,98.0,2.0,0.1,5,15,46,31,4,1,-64.019,-69,1
2025-03-20 09:37:23.263623,54bf9541-9ac9-4fd8-b8fc-bff01ccfa119,KXHIGHCHI-25MAR20-B44.5,51696.736,43,1.0,42.783,28,72,0,41.9,-2.6,-13.6,11.0,66.2,34.3,100,0,38178.2,51.8,21.8,100,0,-1.717,-0.883,98.0,2.0,0.1,5,15,46,28,4,1,-67.087,-72,1
2025-03-20 09:39:10.476707,ed46ca53-b653-4038-9d88-d560f4a8cf47,KXHIGHCHI-25MAR20-T40,51589.523,10,-5.0,42.462,12,88,1,41.9,3.4,-7.6,11.0,66.2,34.3,100,0,38178.2,51.8,21.8,100,0,3.962,-0.562,98.0,2.0,0.1,12,15,46,26,4,1,-3.58,-12,0
2025-03-20 09:39:10.476707,169660ca-fb15-4442-a3e4-7866255f277c,KXHIGHCHI-25MAR20-T40,51589.523,7,-5.0,42.462,12,88,1,41.9,3.4,-7.6,11.0,66.2,34.3,100,0,38178.2,51.8,21.8,100,0,3.962,-0.562,98.0,2.0,0.1,12,15,46,26,4,1,-3.587,-12,0
2025-03-20 09:39:47.748842,efd16a83-1fe9-4513-8794-2b0f5822032c,KXHIGHCHI-25MAR20-B42.5,51552.251,10,-1.0,42.462,46,54,1,41.9,-0.6,-11.6,11.0,66.2,34.3,100,0,38178.2,51.8,21.8,100,0,-0.038,-0.562,98.0,2.0,0.1,12,15,46,26,4,1,-24.639,-46,0
2025-03-20 09:40:46.217685,119b9f61-2847-4f85-b533-ed843b43e91c,KXHIGHCHI-25MAR20-T40,51493.782,15,-5.0,42.462,12,88,0,41.9,3.4,-7.6,11.0,66.2,34.3,100,0,38178.2,51.8,21.8,100,0,3.962,-0.562,98.0,2.0,0.1,12,15,46,26,4,1,3.562,12,0
2025-03-20 09:47:38.639502,b56c6c5b-5c22-47e5-b96d-b31da356da98,KXHIGHCHI-25MAR20-B44.5,51081.36,104,1.0,42.481,27,73,0,41.9,-2.6,-13.6,11.0,66.2,34.3,100,0,38178.2,51.8,21.8,100,0,-2.019,-0.581,98.0,2.0,0.1,12,15,46,27,4,1,-67.639,-73,1
2025-03-20 09:47:38.639502,05cf73cf-71dd-4db2-908f-efbd46b8481a,KXHIGHCHI-25MAR20-B44.5,51081.36,13,1.0,42.481,27,73,0,41.9,-2.6,-13.6,11.0,66.2,34.3,100,0,38178.2,51.8,21.8,100,0,-2.019,-0.581,98.0,2.0,0.1,12,15,46,27,4,1,-67.713,-73,1
2025-03-20 09:48:21.367932,7ee7fe3d-8c63-420c-b3a8-94c6434a7327,KXHIGHCHI-25MAR20-B44.5,51038.632,118,1.0,42.462,26,74,0,41.9,-2.6,-13.6,11.0,66.2,34.3,100,0,38178.2,51.8,21.8,100,0,-2.038,-0.562,98.0,2.0,0.1,12,15,46,26,4,1,-68.613,-74,1
2025-03-20 09:56:15.502112,3c366b8a-a5e6-427a-a8df-ea423929f883,KXHIGHCHI-25MAR20-B40.5,50564.498,200,-3.0,42.355,21,79,1,41.9,1.4,-9.6,11.0,66.2,34.3,100,0,38178.2,51.8,21.8,100,0,1.855,-0.455,98.0,2.0,0.1,12,21,46,26,4,1,-10.262,-21,0
2025-03-20 09:56:15.502112,a8178ee2-1832-43ab-b04d-1a0c450811cd,KXHIGHCHI-25MAR20-B40.5,50564.498,10,-3.0,42.389,19,81,1,41.9,1.4,-9.6,11.0,66.2,34.3,100,0,38178.2,51.8,21.8,100,0,1.889,-0.489,98.0,2.0,0.1,12,19,46,26,4,1,-8.227,-19,0
2025-03-20 09:56:15.502112,5f812c01-e48a-4ae0-951c-ed7e98953f01,KXHIGHCHI-25MAR20-B40.5,50564.498,240,-3.0,42.355,21,79,1,41.9,1.4,-9.6,11.0,66.2,34.3,100,0,38178.2,51.8,21.8,100,0,1.855,-0.455,98.0,2.0,0.1,12,21,46,26,4,1,-10.261,-21,0
2025-03-20 09:56:15.502112,3ab1ce53-52f8-4683-ad79-4686058979eb,KXHIGHCHI-25MAR20-B40.5,50564.498,72,-3.0,42.389,19,81,1,41.9,1.4,-9.6,11.0,66.2,34.3,100,0,38178.2,51.8,21.8,100,0,1.889,-0.489,98.0,2.0,0.1,12,19,46,26,4,1,-8.292,-19,0
2025-03-20 09:56:21.622926,f509d810-0877-4d8d-b270-518977250734,KXHIGHCHI-25MAR20-B42.5,50558.377,10,-1.0,42.388,45,55,0,41.9,-0.6,-11.6,11.0,66.2,34.3,100,0,38178.2,51.8,21.8,100,0,-0.112,-0.488,98.0,2.0,0.1,12,19,45,26,4,1,23.588,45,0
2025-03-20 09:56:26.093424,414ddd9d-dddf-4bb7-b9d2-1d468d0113a9,KXHIGHCHI-25MAR20-T40,50553.907,240,-5.0,42.282,15,85,1,41.9,3.4,-7.6,11.0,66.2,34.3,100,0,38178.2,51.8,21.8,100,0,3.782,-0.382,98.0,2.0,0.1,15,19,45,26,4,1,-6.064,-15,0
2025-03-20 09:56:26.093424,350b02b4-e2ec-45c0-8c00-6ab2f15de055,KXHIGHCHI-25MAR20-T40,50553.907,8,-5.0,42.282,15,85,1,41.9,3.4,-7.6,11.0,66.2,34.3,100,0,38178.2,51.8,21.8,100,0,3.782,-0.382,98.0,2.0,0.1,15,19,45,26,4,1,-6.508,-15,0
2025-03-20 09:57:32.044497,667da10e-804a-4865-b39b-1e536b77ed75,KXHIGHCHI-25MAR20-T40,50487.956,252,-5.0,42.352,13,87,0,41.9,3.4,-7.6,11.0,66.2,34.3,100,0,38178.2,51.8,21.8,100,0,3.852,-0.452,98.0,2.0,0.1,13,19,45,26,4,1,4.055,13,0
2025-03-20 09:57:43.190050,af63c121-fbec-47c1-ab11-abf91b0d60c4,KXHIGHCHI-25MAR20-B40.5,50476.81,1,-3.0,42.318,21,79,1,41.9,1.4,-9.6,11.0,66.2,34.3,100,0,38178.2,51.8,21.8,100,0,1.818,-0.418,98.0,2.0,0.1,13,21,45,26,4,1,-9.42,-21,0
2025-03-20 09:57:43.190050,32217f2c-5592-4c4c-b5d1-2dfc4a77fc3b,KXHIGHCHI-25MAR20-B40.5,50476.81,37,-3.0,42.318,21,79,1,41.9,1.4,-9.6,11.0,66.2,34.3,100,0,38178.2,51.8,21.8,100,0,1.818,-0.418,98.0,2.0,0.1,13,21,45,26,4,1,-9.423,-21,0
2025-03-20 09:57:43.190050,00e9642c-2af9-496c-b4eb-216fa0b67f35,KXHIGHCHI-25MAR20-B40.5,50476.81,46,-3.0,42.318,21,79,1,41.9,1.4,-9.6,11.0,66.2,34.3,100,0,38178.2,51.8,21.8,100,0,1.818,-0.418,98.0,2.0,0.1,13,21,45,26,4,1,-10.225,-21,0
2025-03-20 10:00:39.260131,d4782b50-e190-4e5f-869c-28fc7523e998,KXHIGHCHI-25MAR20-B42.5,50300.74,26,-1.0,42.318,45,55,1,41.9,-0.6,-11.1,10.5,66.2,34.3,100,0,38178.2,54.0,23.1,38,0,-0.182,-0.418,98.0,2.0,0.0,13,21,45,26,4,1,-23.297,-45,0
2025-03-20 10:00:39.260131,7f3af472-6d14-482f-8af4-1ce44a70a01e,KXHIGHCHI-25MAR20-B42.5,50300.74,43,-1.0,42.318,45,55,1,41.9,-0.6,-11.1,10.5,66.2,34.3,100,0,38178.2,54.0,23.1,38,0,-0.182,-0.418,98.0,2.0,0.0,13,21,45,26,4,1,-23.391,-45,0
2025-03-20 10:00:39.260131,2a26fac1-f7d9-4dc0-bb85-b045b569aced,KXHIGHCHI-25MAR20-B42.5,50300.74,35,-1.0,42.32,46,54,1,41.9,-0.6,-11.1,10.5,66.2,34.3,100,0,38178.2,54.0,23.1,38,0,-0.18,-0.42,98.0,2.0,0.0,13,21,46,26,4,1,-24.563,-46,0
2025-03-20 10:01:54.333557,2cf17506-f256-453a-aa98-1de26b0385e8,KXHIGHCHI-25MAR20-B44.5,50225.666,14,1.0,42.28,24,76,0,41.9,-2.6,-13.1,10.5,66.2,34.3,100,0,38178.2,54.0,23.1,38,0,-2.22,-0.38,98.0,2.0,0.0,13,21,46,24,4,1,-70.585,-76,1
2025-03-20 10:06:37.403928,9122f80c-fbcd-478e-a65c-6811f607dfaf,KXHIGHCHI-25MAR20-B44.5,49942.596,69,1.0,42.28,24,76,0,41.9,-2.6,-13.1,10.5,66.2,34.3,100,0,38178.2,54.0,23.1,38,0,-2.22,-0.38,98.0,2.0,0.0,13,21,46,24,4,1,-70.581,-76,1
2025-03-20 10:08:15.346121,cabd7989-0294-4546-9360-db54031f051b,KXHIGHCHI-25MAR20-B42.5,49844.654,35,-1.0,42.28,46,54,1,41.9,-0.6,-11.1,10.5,66.2,34.3,100,0,38178.2,54.0,23.1,38,0,-0.22,-0.38,98.0,2.0,0.0,13,21,46,24,4,1,-24.138,-46,0
2025-03-20 10:08:15.346121,e7de8aab-6c20-45b8-8f6d-6d466266896f,KXHIGHCHI-25MAR20-B42.5,49844.654,123,-1.0,42.282,47,53,1,41.9,-0.6,-11.1,10.5,66.2,34.3,100,0,38178.2,54.0,23.1,38,0,-0.218,-0.382,98.0,2.0,0.0,13,21,47,24,4,1,-25.121,-47,0
2025-03-20 10:25:08.900379,5636ed66-4deb-49ea-8938-930c9356926e,KXHIGHCHI-25MAR20-T40,48831.1,1,-5.0,42.28,13,87,0,41.9,3.4,-7.1,10.5,66.2,34.3,100,0,38178.2,54.0,23.1,38,0,3.78,-0.38,98.0,2.0,0.0,13,21,46,24,4,1,4.032,13,0
2025-03-20 10:28:36.442025,25bd9f2c-2b48-4b57-8023-a335213989be,KXHIGHCHI-25MAR20-T47,48623.558,2,5.0,42.336,2,98,1,41.9,-6.6,-17.1,10.5,66.2,34.3,100,0,38178.2,54.0,23.1,38,0,-6.164,-0.436,98.0,2.0,0.0,13,21,46,24,4,2,-0.191,-2,0
2025-03-20 10:30:42.400257,e87edf54-a991-4ab1-9f70-62a0a8c40997,KXHIGHCHI-25MAR20-B44.5,48497.6,3,1.0,42.296,22,78,0,41.9,-2.6,-13.1,10.5,66.2,34.3,100,0,38178.2,54.0,23.1,38,0,-2.204,-0.396,98.0,2.0,0.0,13,21,46,22,4,2,-72.475,-78,1
2025-03-20 10:30:42.400257,e6b8e2db-6ff3-4492-9135-2672f3a988e9,KXHIGHCHI-25MAR20-B44.5,48497.6,8,1.0,42.336,24,76,0,41.9,-2.6,-13.1,10.5,66.2,34.3,100,0,38178.2,54.0,23.1,38,0,-2.164,-0.436,98.0,2.0,0.0,13,21,46,24,4,2,-70.504,-76,1
2025-03-20 10:30:42.400257,6242f4e6-5461-47ad-8c09-77b121623038,KXHIGHCHI-25MAR20-B44.5,48497.6,14,1.0,42.336,24,76,0,41.9,-2.6,-13.1,10.5,66.2,34.3,100,0,38178.2,54.0,23.1,38,0,-2.164,-0.436,98.0,2.0,0.0,13,21,46,24,4,2,-70.564,-76,1
2025-03-20 10:32:16.036883,1c044761-6248-4d8a-818d-c4e1ba0cdd26,KXHIGHCHI-25MAR20-T40,48403.963,10,-5.0,42.336,13,87,0,41.9,3.4,-7.1,10.5,66.2,34.3,100,0,38178.2,54.0,23.1,38,0,3.836,-0.436,98.0,2.0,0.0,13,21,46,24,4,2,4.031,13,0
2025-03-20 10:33:28.595328,5bb0393b-3717-460f-8e1d-8c502a7767cb,KXHIGHCHI-25MAR20-B44.5,48331.405,25,1.0,42.336,24,76,0,41.9,-2.6,-13.1,10.5,66.2,34.3,100,0,38178.2,54.0,23.1,38,0,-2.164,-0.436,98.0,2.0,0.0,13,21,46,24,4,2,-70.435,-76,1
2025-03-20 10:33:48.579999,918783aa-c756-446c-a56a-e930be53b3dc,KXHIGHCHI-25MAR20-T40,48311.42,89,-5.0,42.336,13,87,0,41.9,3.4,-7.1,10.5,66.2,34.3,100,0,38178.2,54.0,23.1,38,0,3.836,-0.436,98.0,2.0,0.0,13,21,46,24,4,2,4.023,13,0
2025-03-20 10:33:56.702620,46d90b63-65ae-4ace-9d68-f1ce3e1a69cc,KXHIGHCHI-25MAR20-T40,48303.297,68,-5.0,42.372,12,88,0,41.9,3.4,-7.1,10.5,66.2,34.3,100,0,38178.2,54.0,23.1,38,0,3.872,-0.472,98.0,2.0,0.0,12,21,46,24,4,2,3.019,12,0
2025-03-20 10:34:05.388705,987ca939-916f-4699-b373-72508d1dd5fd,KXHIGHCHI-25MAR20-T40,48294.611,100,-5.0,42.407,11,89,0,41.9,3.4,-7.1,10.5,66.2,34.3,100,0,38178.2,54.0,23.1,38,0,3.907,-0.507,98.0,2.0,0.0,11,21,46,24,4,2,2.011,11,0
2025-03-20 10:34:14.024127,2f17871b-0b18-48d4-911b-6d749e5ef099,KXHIGHCHI-25MAR20-T40,48285.976,100,-5.0,42.444,10,90,0,41.9,3.4,-7.1,10.5,66.2,34.3,100,0,38178.2,54.0,23.1,38,0,3.944,-0.544,98.0,2.0,0.0,10,21,46,24,4,2,1.122,10,0
2025-03-20 10:34:22.152469,0b34915c-3333-4d1a-9b3c-e4cf18f328b3,KXHIGHCHI-25MAR20-T40,48277.848,100,-5.0,42.481,9,91,0,41.9,3.4,-7.1,10.5,66.2,34.3,100,0,38178.2,54.0,23.1,38,0,3.981,-0.581,98.0,2.0,0.0,9,21,46,24,4,2,0.09,9,0
2025-03-20 10:34:46.057837,7443524d-ae19-4c0f-aea6-3d8fc1bf063f,KXHIGHCHI-25MAR20-T40,48253.942,33,-5.0,42.519,8,92,0,41.9,3.4,-7.1,10.5,66.2,34.3,100,0,38178.2,54.0,23.1,38,0,4.019,-0.619,98.0,2.0,0.0,8,21,46,24,4,2,-0.92,8,0
2025-03-20 10:45:29.190549,080d61da-0c0d-4edb-adcd-de3c5add5913,KXHIGHCHI-25MAR20-B42.5,47610.809,10,-1.0,42.519,47,53,1,41.9,-0.6,-11.1,10.5,66.2,34.3,100,0,38178.2,54.0,23.1,38,0,0.019,-0.619,98.0,2.0,0.0,8,21,47,24,4,2,-25.115,-47,0
2025-03-20 10:49:59.819879,9ece2246-03df-47c2-ada4-8f61c1552ee8,KXHIGHCHI-25MAR20-B44.5,47340.18,1,1.0,42.519,24,76,0,41.9,-2.6,-13.1,10.5,66.2,34.3,100,0,38178.2,54.0,23.1,38,0,-1.981,-0.619,98.0,2.0,0.0,8,21,47,24,4,2,-70.141,-76,1
2025-03-20 10:49:59.819879,847fa412-7cab-403f-863e-181f4c5b4104,KXHIGHCHI-25MAR20-B44.5,47340.18,1,1.0,42.481,22,78,0,41.9,-2.6,-13.1,10.5,66.2,34.3,100,0,38178.2,54.0,23.1,38,0,-2.019,-0.581,98.0,2.0,0.0,8,21,47,22,4,2,-72.402,-78,1
2025-03-20 10:50:09.563139,036d250d-96f8-4d9d-b170-518d2d3d7628,KXHIGHCHI-25MAR20-B44.5,47330.437,9,1.0,42.5,23,77,0,41.9,-2.6,-13.1,10.5,66.2,34.3,100,0,38178.2,54.0,23.1,38,0,-2.0,-0.6,98.0,2.0,0.0,8,21,47,23,4,2,-71.106,-77,1
2025-03-20 10:50:23.689940,fb4fd830-3c82-49bf-bfae-5b578aeb341f,KXHIGHCHI-25MAR20-B42.5,47316.31,18,-1.0,42.5,47,53,1,41.9,-0.6,-11.1,10.5,66.2,34.3,100,0,38178.2,54.0,23.1,38,0,0.0,-0.6,98.0,2.0,0.0,8,21,47,23,4,2,-25.103,-47,0
2025-03-20 10:54:05.865312,ef927e66-aaa7-4501-ad97-d2490f820d3d,KXHIGHCHI-25MAR20-T40,47094.135,67,-5.0,42.5,8,92,0,41.9,3.4,-7.1,10.5,66.2,34.3,100,0,38178.2,54.0,23.1,38,0,4.0,-0.6,98.0,2.0,0.0,8,21,47,23,4,2,-0.992,8,0
2025-03-20 10:56:06.324849,54b04f90-7f3c-4476-a2e7-43fcc775cc3d,KXHIGHCHI-25MAR20-T40,46973.675,33,-5.0,42.5,8,92,0,41.9,3.4,-7.1,10.5,66.2,34.3,100,0,38178.2,54.0,23.1,38,0,4.0,-0.6,98.0,2.0,0.0,8,21,47,23,4,2,-1.023,8,0
2025-03-20 10:57:21.148623,90266411-3c2b-4753-9a8b-4b78bdcdc239,KXHIGHCHI-25MAR20-B42.5,46898.851,30,-1.0,42.5,48,52,1,41.9,-0.6,-11.1,10.5,66.2,34.3,100,0,38178.2,54.0,23.1,38,0,0.0,-0.6,98.0,2.0,0.0,8,21,48,23,4,2,-26.069,-48,0
2025-03-20 10:57:21.148623,179f18bb-5034-4dab-aa14-e4bc3063296a,KXHIGHCHI-25MAR20-B42.5,46898.851,8,-1.0,42.5,48,52,1,41.9,-0.6,-11.1,10.5,66.2,34.3,100,0,38178.2,54.0,23.1,38,0,0.0,-0.6,98.0,2.0,0.0,8,21,48,23,4,2,-26.08,-48,0
2025-03-20 10:58:34.148606,f4b90996-5337-42ea-b37f-7d9fd1ed62e6,KXHIGHCHI-25MAR20-B42.5,46825.851,8,-1.0,42.5,47,53,1,41.9,-0.6,-11.1,10.5,66.2,34.3,100,0,38178.2,54.0,23.1,38,0,0.0,-0.6,98.0,2.0,0.0,8,21,47,23,4,2,-25.055,-47,0
2025-03-20 10:58:34.148606,d5550350-010c-43ef-afab-8e196e9e3b16,KXHIGHCHI-25MAR20-B42.5,46825.851,12,-1.0,42.5,46,54,1,41.9,-0.6,-11.1,10.5,66.2,34.3,100,0,38178.2,54.0,23.1,38,0,0.0,-0.6,98.0,2.0,0.0,8,21,46,23,4,2,-24.065,-46,0
2025-03-20 10:58:52.292492,fdb5b7f5-862d-4472-a8f5-50618159ea12,KXHIGHCHI-25MAR20-B42.5,46807.708,16,-1.0,42.5,47,53,1,41.9,-0.6,-11.1,10.5,66.2,34.3,100,0,38178.2,54.0,23.1,38,0,0.0,-0.6,98.0,2.0,0.0,8,21,47,23,4,2,-25.047,-47,0
2025-03-20 10:58:52.292492,ebbdfe72-6087-4540-98a3-bd2fa0282120,KXHIGHCHI-25MAR20-B42.5,46807.708,4,-1.0,42.5,49,51,1,41.9,-0.6,-11.1,10.5,66.2,34.3,100,0,38178.2,54.0,23.1,38,0,0.0,-0.6,98.0,2.0,0.0,8,21,49,23,4,2,-27.052,-49,0
2025-03-20 11:03:25.948459,5aa4a7d2-fbf6-4642-9fd8-4708f2b9fc68,KXHIGHCHI-25MAR20-B42.5,46534.052,20,-1.0,42.5,28,72,0,41.9,-0.6,-9.8,9.2,66.2,34.3,100,0,38178.2,47.9,24.2,21,0,0.0,-0.6,98.0,2.0,0.0,8,21,28,23,4,2,6.039,28,0
2025-03-20 11:03:36.825783,eb024d3e-61d7-4611-82a2-1c423c3725ff,KXHIGHCHI-25MAR20-B40.5,46523.174,10,-3.0,42.411,25,75,1,41.9,1.4,-7.8,9.2,66.2,34.3,100,0,38178.2,47.9,24.2,21,0,1.911,-0.511,98.0,2.0,0.0,8,25,28,23,4,2,-13.373,-25,0
2025-03-20 11:04:04.263010,3fc4a1c8-79f0-46ce-89a9-f17f1e0b6d7e,KXHIGHCHI-25MAR20-B40.5,46495.737,10,-3.0,42.477,22,78,1,41.9,1.4,-7.8,9.2,66.2,34.3,100,0,38178.2,47.9,24.2,21,0,1.977,-0.577,98.0,2.0,0.0,8,22,28,23,4,2,-10.363,-22,0
2025-03-20 11:06:21.062296,c909df82-558a-4908-a5cf-4210bd96934a,KXHIGHCHI-25MAR20-B42.5,46358.938,7,-1.0,42.481,48,52,1,41.9,-0.6,-9.8,9.2,66.2,34.3,100,0,38178.2,47.9,24.2,21,0,-0.019,-0.581,98.0,2.0,0.0,8,22,48,23,4,2,-25.583,-48,0
2025-03-20 11:06:21.062296,7f5f5dfb-5952-4317-91d2-04a417b0dfc6,KXHIGHCHI-25MAR20-B42.5,46358.938,2,-1.0,42.481,46,54,1,41.9,-0.6,-9.8,9.2,66.2,34.3,100,0,38178.2,47.9,24.2,21,0,-0.019,-0.581,98.0,2.0,0.0,8,22,46,23,4,2,-24.039,-46,0
2025-03-20 11:06:27.295533,e0aec423-4d59-40f9-9f05-3f798c316ef2,KXHIGHCHI-25MAR20-B44.5,46352.704,32,1.0,42.573,28,72,1,41.9,-2.6,-11.8,9.2,66.2,34.3,100,0,38178.2,47.9,24.2,21,0,-1.927,-0.673,98.0,2.0,0.0,8,22,46,28,4,2,65.999,72,1
2025-03-20 11:08:06.409678,9a9bd980-78a5-4117-b62d-08fa03ad8b2a,KXHIGHCHI-25MAR20-B42.5,46253.59,3,-1.0,42.571,48,52,1,41.9,-0.6,-9.8,9.2,66.2,34.3,100,0,38178.2,47.9,24.2,21,0,0.071,-0.671,98.0,2.0,0.0,8,22,48,28,4,2,-25.064,-48,0
2025-03-20 11:08:47.718787,e30df2d7-6ff0-4135-8875-ccf83c33b346,KXHIGHCHI-25MAR20-B40.5,46212.281,100,-3.0,42.648,18,82,0,41.9,1.4,-7.8,9.2,66.2,34.3,100,0,38178.2,47.9,24.2,21,0,2.148,-0.748,98.0,2.0,0.0,8,18,48,28,4,2,6.054,18,0
2025-03-20 11:08:47.718787,d11c9e36-63e7-4977-890b-1e9cdf758cec,KXHIGHCHI-25MAR20-B40.5,46212.281,100,-3.0,42.648,18,82,0,41.9,1.4,-7.8,9.2,66.2,34.3,100,0,38178.2,47.9,24.2,21,0,2.148,-0.748,98.0,2.0,0.0,8,18,48,28,4,2,6.358,18,0
2025-03-20 11:09:50.631162,293efff4-f572-4377-9a7c-e1114fb2ed8b,KXHIGHCHI-25MAR20-B44.5,46149.369,16,1.0,42.648,28,72,1,41.9,-2.6,-11.8,9.2,66.2,34.3,100,0,38178.2,47.9,24.2,21,0,-1.852,-0.748,98.0,2.0,0.0,8,18,48,28,4,2,65.921,72,1
2025-03-20 11:10:31.538475,a665b094-d4fa-46d5-af28-d1bd80ca929c,KXHIGHCHI-25MAR20-B42.5,46108.462,2,-1.0,42.65,47,53,1,41.9,-0.6,-9.8,9.2,66.2,34.3,100,0,38178.2,47.9,24.2,21,0,0.15,-0.75,98.0,2.0,0.0,8,18,47,28,4,2,-24.003,-47,0
2025-03-20 11:13:02.990018,114729eb-e9b3-492c-83ed-7d1fa7fd5627,KXHIGHCHI-25MAR20-T40,45957.01,100,-5.0,42.769,5,95,0,41.9,3.4,-5.8,9.2,66.2,34.3,100,0,38178.2,47.9,24.2,21,0,4.269,-0.869,98.0,2.0,0.0,5,18,47,28,4,2,-4.075,5,0
2025-03-20 11:13:02.990018,18f935ee-3fc6-4c06-ae9e-0f96ccde3e80,KXHIGHCHI-25MAR20-T40,45957.01,100,-5.0,42.811,4,96,0,41.9,3.4,-5.8,9.2,66.2,34.3,100,0,38178.2,47.9,24.2,21,0,4.311,-0.911,98.0,2.0,0.0,4,18,47,28,4,2,-5.127,4,0
2025-03-20 11:13:02.990018,1e669419-4992-4cc3-8df6-fcd2761c4de6,KXHIGHCHI-25MAR20-T40,45957.01,48,-5.0,42.853,3,97,0,41.9,3.4,-5.8,9.2,66.2,34.3,100,0,38178.2,47.9,24.2,21,0,4.353,-0.953,98.0,2.0,0.0,3,18,47,28,4,2,-6.126,3,0
2025-03-20 11:13:02.990018,d0d864a5-19af-4352-856d-14b72a0d85f4,KXHIGHCHI-25MAR20-T40,45957.01,100,-5.0,42.689,7,93,0,41.9,3.4,-5.8,9.2,66.2,34.3,100,0,38178.2,47.9,24.2,21,0,4.189,-0.789,98.0,2.0,0.0,7,18,47,28,4,2,-2.206,7,0
2025-03-20 11:13:02.990018,52ae2be4-84a2-4d9a-a91a-e7f771ae02bc,KXHIGHCHI-25MAR20-T40,45957.01,100,-5.0,42.729,6,94,0,41.9,3.4,-5.8,9.2,66.2,34.3,100,0,38178.2,47.9,24.2,21,0,4.229,-0.829,98.0,2.0,0.0,6,18,47,28,4,2,-3.135,6,0
2025-03-20 11:13:02.990018,392d9da6-8663-42bc-8d4f-98dd789dbab8,KXHIGHCHI-25MAR20-T40,45957.01,77,-5.0,42.729,6,94,0,41.9,3.4,-5.8,9.2,66.2,34.3,100,0,38178.2,47.9,24.2,21,0,4.229,-0.829,98.0,2.0,0.0,6,18,47,28,4,2,-3.126,6,0
2025-03-20 11:14:51.124977,4d62b9df-5f06-4041-a565-52294aaf0c64,KXHIGHCHI-25MAR20-T40,45848.875,107,-5.0,42.769,5,95,0,41.9,3.4,-5.8,9.2,66.2,34.3,100,0,38178.2,47.9,24.2,21,0,4.269,-0.869,98.0,2.0,0.0,5,18,47,28,4,2,-4.207,5,0
2025-03-20 11:15:39.818450,c3263c49-f85d-469b-a00e-ae5870b4747c,KXHIGHCHI-25MAR20-B46.5,45800.182,68,3.0,42.769,4,96,1,41.9,-4.6,-13.8,9.2,66.2,34.3,100,0,38178.2,47.9,24.2,21,0,-3.731,-0.869,98.0,2.0,0.0,5,18,47,28,4,2,-1.379,-4,0
2025-03-20 11:15:52.522167,ed486b1c-db8b-4ef1-b3a8-c96a55717d60,KXHIGHCHI-25MAR20-T40,45787.478,28,-5.0,42.769,5,95,1,41.9,3.4,-5.8,9.2,66.2,34.3,100,0,38178.2,47.9,24.2,21,0,4.269,-0.869,98.0,2.0,0.0,5,18,47,28,4,2,4.205,-5,0
2025-03-20 11:16:42.798874,d5c47d61-4d25-4386-9db1-e2857146ef1a,KXHIGHCHI-25MAR20-B40.5,45737.201,8,-3.0,42.685,22,78,1,41.9,1.4,-7.8,9.2,66.2,34.3,100,0,38178.2,47.9,24.2,21,0,2.185,-0.785,98.0,2.0,0.0,5,22,47,28,4,2,-10.005,-22,0
2025-03-20 11:17:10.745222,e04a48d4-7d81-47fb-9e77-c42400843994,KXHIGHCHI-25MAR20-B44.5,45709.255,6,1.0,42.702,29,71,1,41.9,-2.6,-11.8,9.2,66.2,34.3,100,0,38178.2,47.9,24.2,21,0,-1.798,-0.802,98.0,2.0,0.0,5,22,47,29,4,2,64.725,71,1
2025-03-20 11:24:40.365825,0b1fe6f4-e1c0-47ee-a4c9-16117061e724,KXHIGHCHI-25MAR20-B40.5,45259.634,22,-3.0,42.722,21,79,1,41.9,1.4,-7.8,9.2,66.2,34.3,100,0,38178.2,47.9,24.2,21,0,2.222,-0.822,98.0,2.0,0.0,5,21,47,29,4,2,-8.986,-21,0
2025-03-20 11:25:02.140027,761ab595-0cfd-4239-bc0b-b389ce4ea101,KXHIGHCHI-25MAR20-B40.5,45237.86,119,-3.0,42.702,22,78,1,41.9,1.4,-7.8,9.2,66.2,34.3,100,0,38178.2,47.9,24.2,21,0,2.202,-0.802,98.0,2.0,0.0,5,22,47,29,4,2,-9.843,-22,0
2025-03-20 11:28:31.785148,8d7880b1-6636-4f61-8068-22eac68be064,KXHIGHCHI-25MAR20-B44.5,45028.215,6,1.0,42.668,27,73,0,41.9,-2.6,-11.8,9.2,66.2,34.3,100,0,38178.2,47.9,24.2,21,0,-1.832,-0.768,98.0,2.0,0.0,5,22,47,27,4,2,-66.655,-73,1
2025-03-20 11:28:33.891015,55f30bff-408f-41b9-a34a-8a499c4fa3b9,KXHIGHCHI-25MAR20-T40,45026.109,100,-5.0,42.668,5,95,0,41.9,3.4,-5.8,9.2,66.2,34.3,100,0,38178.2,47.9,24.2,21,0,4.168,-0.768,98.0,2.0,0.0,5,22,47,27,4,2,-4.205,5,0
2025-03-20 11:28:42.513051,26d34afc-1afb-4ff3-a385-38e31d87a536,KXHIGHCHI-25MAR20-T40,45017.487,44,-5.0,42.708,4,96,0,41.9,3.4,-5.8,9.2,66.2,34.3,100,0,38178.2,47.9,24.2,21,0,4.208,-0.808,98.0,2.0,0.0,4,22,47,27,4,2,-5.205,4,0
2025-03-20 11:28:54.517056,c1674e6e-29f4-45f9-bb81-656c540fc748,KXHIGHCHI-25MAR20-B40.5,45005.483,2,-3.0,42.729,21,79,1,41.9,1.4,-7.8,9.2,66.2,34.3,100,0,38178.2,47.9,24.2,21,0,2.229,-0.829,98.0,2.0,0.0,4,21,47,27,4,2,-8.706,-21,0
2025-03-20 11:29:02.123733,0c3b0a14-1ce7-48be-b831-69a508411657,KXHIGHCHI-25MAR20-T40,44997.876,50,-5.0,42.729,4,96,1,41.9,3.4,-5.8,9.2,66.2,34.3,100,0,38178.2,47.9,24.2,21,0,4.229,-0.829,98.0,2.0,0.0,4,21,47,27,4,2,5.203,-4,0
2025-03-20 11:30:05.888142,fdc8d04c-7f24-47ba-9b71-068a2ac7b6f8,KXHIGHCHI-25MAR20-B44.5,44934.112,14,1.0,42.729,27,73,0,41.9,-2.6,-11.8,9.2,66.2,34.3,100,0,38178.2,47.9,24.2,21,0,-1.771,-0.829,98.0,2.0,0.0,4,21,47,27,4,2,-66.587,-73,1
2025-03-20 11:31:05.894993,96f768d9-0cda-4e1a-9c49-e8ef1ca854fb,KXHIGHCHI-25MAR20-T40,44874.105,6,-5.0,42.729,4,96,1,41.9,3.4,-5.8,9.2,66.2,34.3,100,0,38178.2,47.9,24.2,21,0,4.229,-0.829,98.0,2.0,0.0,4,21,47,27,4,2,5.198,-4,0
2025-03-20 11:32:12.253751,b5735215-2bb5-4145-a2de-3fa8a8052b11,KXHIGHCHI-25MAR20-B42.5,44807.746,43,-1.0,42.74,42,58,1,41.9,-0.6,-9.8,9.2,66.2,34.3,100,0,38178.2,47.9,24.2,21,0,0.24,-0.84,98.0,2.0,0.0,4,21,42,27,4,2,-18.873,-42,0
2025-03-20 11:32:12.253751,a1aa7716-1c96-4665-a2af-f8c56a9d8258,KXHIGHCHI-25MAR20-B42.5,44807.746,12,-1.0,42.735,44,56,1,41.9,-0.6,-9.8,9.2,66.2,34.3,100,0,38178.2,47.9,24.2,21,0,0.235,-0.835,98.0,2.0,0.0,4,21,44,27,4,2,-20.983,-44,0
2025-03-20 11:33:32.790841,a107cfd1-b2a1-4221-93f0-0ca49664b3d8,KXHIGHCHI-25MAR20-B40.5,44727.209,4,-3.0,42.735,21,79,1,41.9,1.4,-7.8,9.2,66.2,34.3,100,0,38178.2,47.9,24.2,21,0,2.235,-0.835,98.0,2.0,0.0,4,21,44,27,4,2,-8.684,-21,0
2025-03-20 11:36:46.122375,8296be4d-b36b-4923-8365-57bb592f373d,KXHIGHCHI-25MAR20-B40.5,44533.878,22,-3.0,42.757,20,80,0,41.9,1.4,-7.8,9.2,66.2,34.3,100,0,38178.2,47.9,24.2,21,0,2.257,-0.857,98.0,2.0,0.0,4,20,44,27,4,2,7.654,20,0
2025-03-20 11:37:15.752395,4dae47df-766a-4aa4-b7f8-2624d0738542,KXHIGHCHI-25MAR20-B44.5,44504.248,8,1.0,42.855,33,67,1,41.9,-2.6,-11.8,9.2,66.2,34.3,100,0,38178.2,47.9,24.2,21,0,-1.645,-0.955,98.0,2.0,0.0,4,20,44,33,4,2,60.442,67,1
2025-03-20 11:37:15.752395,bb2283fd-d6c0-4c22-809c-2edc80a875eb,KXHIGHCHI-25MAR20-B44.5,44504.248,6,1.0,42.885,35,65,1,41.9,-2.6,-11.8,9.2,66.2,34.3,100,0,38178.2,47.9,24.2,21,0,-1.615,-0.985,98.0,2.0,0.0,4,20,44,35,4,2,58.301,65,1
2025-03-20 11:37:15.752395,ecf0c61a-f05c-4fce-9f40-c3f28abebe2f,KXHIGHCHI-25MAR20-B44.5,44504.248,240,1.0,42.885,35,65,1,41.9,-2.6,-11.8,9.2,66.2,34.3,100,0,38178.2,47.9,24.2,21,0,-1.615,-0.985,98.0,2.0,0.0,4,20,44,35,4,2,57.72,65,1
2025-03-20 11:37:15.752395,cb0c1561-865f-4f68-a64f-2d1053091157,KXHIGHCHI-25MAR20-B44.5,44504.248,22,1.0,42.885,35,65,1,41.9,-2.6,-11.8,9.2,66.2,34.3,100,0,38178.2,47.9,24.2,21,0,-1.615,-0.985,98.0,2.0,0.0,4,20,44,35,4,2,58.088,65,1
2025-03-20 11:37:15.752395,c904bcf9-66a2-4133-856e-5bb447281de2,KXHIGHCHI-25MAR20-B44.5,44504.248,28,1.0,42.855,33,67,1,41.9,-2.6,-11.8,9.2,66.2,34.3,100,0,38178.2,47.9,24.2,21,0,-1.645,-0.955,98.0,2.0,0.0,4,20,44,33,4,2,60.235,67,1
2025-03-20 11:37:20.279427,73e45346-fb56-4182-a946-673b0d1d526e,KXHIGHCHI-25MAR20-B42.5,44499.721,2,-1.0,42.869,40,60,0,41.9,-0.6,-9.8,9.2,66.2,34.3,100,0,38178.2,47.9,24.2,21,0,0.369,-0.969,98.0,2.0,0.0,4,20,40,33,4,2,16.856,40,0
2025-03-20 11:41:07.429732,1f193597-5aab-4e9b-aa87-d8fa574f43a4,KXHIGHCHI-25MAR20-B42.5,44272.57,6,-1.0,42.876,38,62,1,41.9,-0.6,-9.8,9.2,66.2,34.3,100,0,38178.2,47.9,24.2,21,0,0.376,-0.976,98.0,2.0,0.0,4,20,38,33,4,2,-14.847,-38,0
2025-03-20 11:41:20.189403,a9b32dec-db86-4ef2-afd1-5f7cf9cc36f7,KXHIGHCHI-25MAR20-B44.5,44259.811,6,1.0,42.923,36,64,1,41.9,-2.6,-11.8,9.2,66.2,34.3,100,0,38178.2,47.9,24.2,21,0,-1.577,-1.023,98.0,2.0,0.0,4,20,38,36,4,2,56.538,64,1
2025-03-20 11:45:11.932951,e22a35d3-3b5b-4052-9a23-9e6cb457ed7f,KXHIGHCHI-25MAR20-B44.5,44028.067,9,1.0,42.923,36,64,1,41.9,-2.6,-11.8,9.2,66.2,34.3,100,0,38178.2,47.9,24.2,21,0,-1.577,-1.023,98.0,2.0,0.0,4,20,38,36,4,2,56.478,64,1
2025-03-20 11:45:22.135908,17a44847-a035-41a6-8905-4dab4660be38,KXHIGHCHI-25MAR20-B44.5,44017.864,9,1.0,42.923,36,64,1,41.9,-2.6,-11.8,9.2,66.2,34.3,100,0,38178.2,47.9,24.2,21,0,-1.577,-1.023,98.0,2.0,0.0,4,20,38,36,4,2,56.297,64,1
2025-03-20 11:45:53.719192,f327c59f-fcaf-4ceb-9b02-efc899eed377,KXHIGHCHI-25MAR20-B42.5,43986.281,20,-1.0,42.973,27,73,0,41.9,-0.6,-9.8,9.2,66.2,34.3,100,0,38178.2,47.9,24.2,21,0,0.473,-1.073,98.0,2.0,0.0,4,20,27,36,4,2,3.831,27,0
2025-03-20 11:45:53.719192,c6f20126-9258-410f-a8ae-700560a494ba,KXHIGHCHI-25MAR20-B42.5,43986.281,4,-1.0,42.973,27,73,0,41.9,-0.6,-9.8,9.2,66.2,34.3,100,0,38178.2,47.9,24.2,21,0,0.473,-1.073,98.0,2.0,0.0,4,20,27,36,4,2,3.84,27,0
2025-03-20 11:45:53.719192,6a977b1a-1aac-49c3-b1f6-c06a2181cb39,KXHIGHCHI-25MAR20-B42.5,43986.281,10,-1.0,42.973,27,73,0,41.9,-0.6,-9.8,9.2,66.2,34.3,100,0,38178.2,47.9,24.2,21,0,0.473,-1.073,98.0,2.0,0.0,4,20,27,36,4,2,3.85,27,0
2025-03-20 11:45:53.719192,5c08b658-2022-4d77-acf9-6ecdf3afb658,KXHIGHCHI-25MAR20-B42.5,43986.281,29,-1.0,42.978,26,74,0,41.9,-0.6,-9.8,9.2,66.2,34.3,100,0,38178.2,47.9,24.2,21,0,0.478,-1.078,98.0,2.0,0.0,4,20,26,36,4,2,2.847,26,0
2025-03-20 11:46:05.143496,f6c9981e-d992-49ae-844e-260d15613d25,KXHIGHCHI-25MAR20-B42.5,43974.857,11,-1.0,42.978,26,74,0,41.9,-0.6,-9.8,9.2,66.2,34.3,100,0,38178.2,47.9,24.2,21,0,0.478,-1.078,98.0,2.0,0.0,4,20,26,36,4,2,2.803,26,0
2025-03-20 11:46:18.602486,4bccddd0-b80c-4fe4-9225-f0709166796e,KXHIGHCHI-25MAR20-B42.5,43961.398,36,-1.0,42.978,26,74,0,41.9,-0.6,-9.8,9.2,66.2,34.3,100,0,38178.2,47.9,24.2,21,0,0.478,-1.078,98.0,2.0,0.0,4,20,26,36,4,2,2.792,26,0
2025-03-20 11:46:18.602486,7048bac3-a215-4232-bcb0-6553eecb0770,KXHIGHCHI-25MAR20-B42.5,43961.398,30,-1.0,42.984,25,75,0,41.9,-0.6,-9.8,9.2,66.2,34.3,100,0,38178.2,47.9,24.2,21,0,0.484,-1.084,98.0,2.0,0.0,4,20,25,36,4,2,1.781,25,0
2025-03-20 11:46:33.202989,f00e4566-1e61-4644-b93e-f1a48d1ea5d2,KXHIGHCHI-25MAR20-B42.5,43946.797,22,-1.0,42.984,25,75,0,41.9,-0.6,-9.8,9.2,66.2,34.3,100,0,38178.2,47.9,24.2,21,0,0.484,-1.084,98.0,2.0,0.0,4,20,25,36,4,2,1.66,25,0
2025-03-20 11:46:51.832641,c1cad29b-1a12-437b-b4db-453a4d9752a8,KXHIGHCHI-25MAR20-B42.5,43928.167,1,-1.0,42.978,26,74,0,41.9,-0.6,-9.8,9.2,66.2,34.3,100,0,38178.2,47.9,24.2,21,0,0.478,-1.078,98.0,2.0,0.0,4,20,26,36,4,2,2.589,26,0
2025-03-20 11:46:51.832641,23287cfa-9890-4daa-ba87-bb57ff2b7614,KXHIGHCHI-25MAR20-B42.5,43928.167,10,-1.0,42.984,25,75,0,41.9,-0.6,-9.8,9.2,66.2,34.3,100,0,38178.2,47.9,24.2,21,0,0.484,-1.084,98.0,2.0,0.0,4,20,25,36,4,2,1.594,25,0
2025-03-20 11:47:19.793534,839a5bbd-b0ae-4369-9a8d-9247fa7c79cf,KXHIGHCHI-25MAR20-B44.5,43900.206,18,1.0,42.984,36,64,1,41.9,-2.6,-11.8,9.2,66.2,34.3,100,0,38178.2,47.9,24.2,21,0,-1.516,-1.084,98.0,2.0,0.0,4,20,25,36,4,2,53.481,64,1
2025-03-20 11:47:19.793534,82f51707-32c5-438e-912b-adeaf2b2b065,KXHIGHCHI-25MAR20-B44.5,43900.206,1,1.0,43.0,37,63,1,41.9,-2.6,-11.8,9.2,66.2,34.3,100,0,38178.2,47.9,24.2,21,0,-1.5,-1.1,98.0,2.0,0.0,4,20,25,37,4,2,52.546,63,1
2025-03-20 11:47:19.793534,312f6ed1-327e-425c-a693-d95a8ed7b12e,KXHIGHCHI-25MAR20-B44.5,43900.206,11,1.0,43.016,38,62,1,41.9,-2.6,-11.8,9.2,66.2,34.3,100,0,38178.2,47.9,24.2,21,0,-1.484,-1.116,98.0,2.0,0.0,4,20,25,38,4,2,53.227,62,1
2025-03-20 11:49:11.179800,3246f254-042d-4815-9212-389fba9e7dc2,KXHIGHCHI-25MAR20-B44.5,43788.82,11,1.0,43.0,37,63,1,41.9,-2.6,-11.8,9.2,66.2,34.3,100,0,38178.2,47.9,24.2,21,0,-1.5,-1.1,98.0,2.0,0.0,4,20,25,37,4,2,52.416,63,1
2025-03-20 11:49:21.013069,ec90b358-afbf-41b0-8759-091a8fa634e2,KXHIGHCHI-25MAR20-B40.5,43778.987,2,-3.0,43.084,17,83,0,41.9,1.4,-7.8,9.2,66.2,34.3,100,0,38178.2,47.9,24.2,21,0,2.584,-1.184,98.0,2.0,0.0,4,17,25,37,4,2,4.563,17,0
2025-03-20 11:50:28.361444,ba18a9f6-942d-4608-96fb-9a1000294b03,KXHIGHCHI-25MAR20-B42.5,43711.639,61,-1.0,43.036,33,67,1,41.9,-0.6,-9.8,9.2,66.2,34.3,100,0,38178.2,47.9,24.2,21,0,0.536,-1.136,98.0,2.0,0.0,4,17,33,37,4,2,-9.494,-33,0
2025-03-20 11:53:02.230956,52a588e3-92cd-4977-a550-1df29d2eced6,KXHIGHCHI-25MAR20-B44.5,43557.769,12,1.0,43.051,38,62,1,41.9,-2.6,-11.8,9.2,66.2,34.3,100,0,38178.2,47.9,24.2,21,0,-1.449,-1.151,98.0,2.0,0.0,4,17,33,38,4,2,51.336,62,1
2025-03-20 11:53:02.230956,8dd0d892-8197-4e0b-83ec-41f120ff0c09,KXHIGHCHI-25MAR20-B44.5,43557.769,8,1.0,43.021,36,64,1,41.9,-2.6,-11.8,9.2,66.2,34.3,100,0,38178.2,47.9,24.2,21,0,-1.479,-1.121,98.0,2.0,0.0,4,17,33,36,4,2,53.126,64,1
2025-03-20 11:56:37.949293,f62b3e3e-e94d-4106-b178-6bd9ed78505c,KXHIGHCHI-25MAR20-B40.5,43342.051,600,-3.0,43.077,16,84,0,41.9,1.4,-7.8,9.2,66.2,34.3,100,0,38178.2,47.9,24.2,21,0,2.577,-1.177,98.0,2.0,0.0,4,16,33,38,4,2,3.384,16,0
2025-03-20 11:56:37.949293,0b6ae3b0-aa1a-48f0-a3b3-c30bd022bd45,KXHIGHCHI-25MAR20-B40.5,43342.051,1,-3.0,43.077,16,84,0,41.9,1.4,-7.8,9.2,66.2,34.3,100,0,38178.2,47.9,24.2,21,0,2.577,-1.177,98.0,2.0,0.0,4,16,33,38,4,2,3.489,16,0
2025-03-20 11:56:37.949293,05cfc79b-e0a5-4cec-b3a3-4ee4fa5e186c,KXHIGHCHI-25MAR20-B40.5,43342.051,18,-3.0,43.051,17,83,0,41.9,1.4,-7.8,9.2,66.2,34.3,100,0,38178.2,47.9,24.2,21,0,2.551,-1.151,98.0,2.0,0.0,4,17,33,38,4,2,4.491,17,0
2025-03-20 11:56:58.541423,745b426c-6df4-4c7a-8543-b4eefa8c6917,KXHIGHCHI-25MAR20-T47,43321.459,127,5.0,42.995,1,99,0,41.9,-6.6,-15.8,9.2,66.2,34.3,100,0,38178.2,47.9,24.2,21,0,-5.505,-1.095,98.0,2.0,0.0,4,17,33,38,4,1,-0.695,1,0
2025-03-20 11:58:53.190459,6cbd5824-ae8c-426b-80c7-e99245832790,KXHIGHCHI-25MAR20-B44.5,43206.81,50,1.0,42.979,37,63,1,41.9,-2.6,-11.8,9.2,66.2,34.3,100,0,38178.2,47.9,24.2,21,0,-1.521,-1.079,98.0,2.0,0.0,4,17,33,37,4,1,52.078,63,1
2025-03-20 11:59:21.360858,2d8e68c2-595f-4dcd-b62d-7c7f0657b8cc,KXHIGHCHI-25MAR20-B40.5,43178.639,1,-3.0,43.032,15,85,0,41.9,1.4,-7.8,9.2,66.2,34.3,100,0,38178.2,47.9,24.2,21,0,2.532,-1.132,98.0,2.0,0.0,4,15,33,37,4,1,2.024,15,0
2025-03-20 11:59:22.974747,b8cc27e3-bfbf-4738-9c42-8a23c7d163bf,KXHIGHCHI-25MAR20-B44.5,43177.025,2,1.0,43.0,35,65,0,41.9,-2.6,-11.8,9.2,66.2,34.3,100,0,38178.2,47.9,24.2,21,0,-1.5,-1.1,98.0,2.0,0.0,4,15,33,35,4,1,-54.062,-65,1
2025-03-20 11:59:36.802298,c88c3273-a765-4ab5-b342-113e8c740fcb,KXHIGHCHI-25MAR20-B46.5,43163.198,5,3.0,43.214,10,90,0,41.9,-4.6,-13.8,9.2,66.2,34.3,100,0,38178.2,47.9,24.2,21,0,-3.286,-1.314,98.0,2.0,0.0,4,15,33,35,10,1,7.363,10,0
2025-03-20 11:59:59.502469,96f6f0b3-2f40-458c-97dd-763d64bb4d24,KXHIGHCHI-25MAR20-B42.5,43140.498,38,-1.0,43.214,33,67,1,41.9,-0.6,-9.8,9.2,66.2,34.3,100,0,38178.2,47.9,24.2,21,0,0.714,-1.314,98.0,2.0,0.0,4,15,33,35,10,1,-9.346,-33,0
2025-03-20 12:00:56.120091,19703855-ea9e-4caa-bf60-8898cdc29c92,KXHIGHCHI-25MAR20-B44.5,43083.88,3,1.0,43.16,31,69,0,41.9,-2.6,-9.0,6.4,66.2,34.3,100,0,38178.2,38.2,23.8,48,0,-1.34,-1.26,98.0,2.0,0.0,4,15,33,31,10,1,-57.283,-69,1
2025-03-20 12:01:17.006437,e1d95781-3125-42ea-afdc-695b391f66c8,KXHIGHCHI-25MAR20-B44.5,43062.994,10,1.0,43.24,37,63,1,41.9,-2.6,-9.0,6.4,66.2,34.3,100,0,38178.2,38.2,23.8,48,0,-1.26,-1.34,98.0,2.0,0.0,4,15,33,37,10,1,51.128,63,1
2025-03-20 12:03:14.579034,742fd5cd-aa59-465a-8650-d5f9364cdbc2,KXHIGHCHI-25MAR20-B40.5,42945.421,23,-3.0,43.24,15,85,0,41.9,1.4,-5.0,6.4,66.2,34.3,100,0,38178.2,38.2,23.8,48,0,2.74,-1.34,98.0,2.0,0.0,4,15,33,37,10,1,1.631,15,0
2025-03-20 12:04:58.529147,44d4d963-02c0-4e2b-b59d-4f9dceb24db5,KXHIGHCHI-25MAR20-B42.5,42841.471,4,-1.0,43.279,28,72,0,41.9,-0.6,-7.0,6.4,66.2,34.3,100,0,38178.2,38.2,23.8,48,0,0.779,-1.379,98.0,2.0,0.0,4,15,28,37,10,1,4.342,28,0
2025-03-20 12:05:04.142493,9d964ed1-5494-49e6-9168-02acba9729a4,KXHIGHCHI-25MAR20-B44.5,42835.858,6,1.0,43.316,40,60,1,41.9,-2.6,-9.0,6.4,66.2,34.3,100,0,38178.2,38.2,23.8,48,0,-1.184,-1.416,98.0,2.0,0.0,4,15,28,40,10,1,48.11,60,1
2025-03-20 12:07:04.816949,6f5fe175-09cd-4309-8722-2239eb22b06a,KXHIGHCHI-25MAR20-B44.5,42715.183,11,1.0,43.316,40,60,1,41.9,-2.6,-9.0,6.4,66.2,34.3,100,0,38178.2,38.2,23.8,48,0,-1.184,-1.416,98.0,2.0,0.0,4,15,28,40,10,1,48.066,60,1
2025-03-20 12:10:34.123073,5f882a10-38dc-4d0a-aa91-3ec1ebda2221,KXHIGHCHI-25MAR20-B42.5,42505.877,44,-1.0,43.308,29,71,0,41.9,-0.6,-7.0,6.4,66.2,34.3,100,0,38178.2,38.2,23.8,48,0,0.808,-1.408,98.0,2.0,0.0,4,15,29,40,10,1,5.342,29,0
2025-03-20 12:11:48.961208,4193b3be-b8a8-4998-9310-8584bf7e3463,KXHIGHCHI-25MAR20-B40.5,42431.039,11,-3.0,43.28,16,84,0,41.9,1.4,-5.0,6.4,66.2,34.3,100,0,38178.2,38.2,23.8,48,0,2.78,-1.38,98.0,2.0,0.0,4,16,29,40,10,1,2.62,16,0
2025-03-20 12:15:59.837449,7afee4b8-902c-4148-a393-4538ef4eb535,KXHIGHCHI-25MAR20-B40.5,42180.163,20,-3.0,43.027,26,74,1,41.9,1.4,-5.0,6.4,66.2,34.3,100,0,38178.2,38.2,23.8,48,0,2.527,-1.127,98.0,2.0,0.0,4,26,29,40,10,1,-12.601,-26,0
2025-03-20 12:15:59.837449,30b4710b-c4d5-4e9a-9dfe-0fd9ae3ea279,KXHIGHCHI-25MAR20-B40.5,42180.163,15,-3.0,43.05,25,75,1,41.9,1.4,-5.0,6.4,66.2,34.3,100,0,38178.2,38.2,23.8,48,0,2.55,-1.15,98.0,2.0,0.0,4,25,29,40,10,1,-11.617,-25,0
2025-03-20 12:16:37.286563,78f1b25b-fb64-4942-98b4-b5502d86bbd8,KXHIGHCHI-25MAR20-B44.5,42142.713,20,1.0,42.92,31,69,1,41.9,-2.6,-9.0,6.4,66.2,34.3,100,0,38178.2,38.2,23.8,48,0,-1.58,-1.02,98.0,2.0,0.0,4,25,29,31,10,1,57.042,69,1
2025-03-20 12:18:21.697142,47bb7c4b-6f83-4520-91fb-439983934e31,KXHIGHCHI-25MAR20-B44.5,42038.303,10,1.0,42.92,31,69,1,41.9,-2.6,-9.0,6.4,66.2,34.3,100,0,38178.2,38.2,23.8,48,0,-1.58,-1.02,98.0,2.0,0.0,4,25,29,31,10,1,57.005,69,1
2025-03-20 12:18:33.182708,60a4678d-6893-4d14-a1e2-380faeef2f26,KXHIGHCHI-25MAR20-B42.5,42026.817,20,-1.0,42.859,46,54,1,41.9,-0.6,-7.0,6.4,66.2,34.3,100,0,38178.2,38.2,23.8,48,0,0.359,-0.959,98.0,2.0,0.0,4,25,46,31,10,1,-22.334,-46,0
2025-03-20 12:18:38.078300,974b60dd-420b-4407-999f-ca8c869a91fb,KXHIGHCHI-25MAR20-T40,42021.922,1,-5.0,42.859,4,96,0,41.9,3.4,-3.0,6.4,66.2,34.3,100,0,38178.2,38.2,23.8,48,0,4.359,-0.959,98.0,2.0,0.0,4,25,46,31,10,1,-5.176,4,0
2025-03-20 12:19:30.762638,39d92ff4-e343-4c0d-b2a0-e5f8ba3b9fe5,KXHIGHCHI-25MAR20-B44.5,41969.237,5,1.0,42.859,31,69,1,41.9,-2.6,-9.0,6.4,66.2,34.3,100,0,38178.2,38.2,23.8,48,0,-1.641,-0.959,98.0,2.0,0.0,4,25,46,31,10,1,56.879,69,1
2025-03-20 12:19:40.429611,dccf2679-67b3-46af-815a-35c38d1455c6,KXHIGHCHI-25MAR20-B40.5,41959.57,7,-3.0,42.839,26,74,1,41.9,1.4,-5.0,6.4,66.2,34.3,100,0,38178.2,38.2,23.8,48,0,2.339,-0.939,98.0,2.0,0.0,4,26,46,31,10,1,-12.505,-26,0
2025-03-20 12:19:40.429611,d88af727-9bc4-4cc3-b47e-1e1c3de4d1eb,KXHIGHCHI-25MAR20-B40.5,41959.57,12,-3.0,42.839,26,74,1,41.9,1.4,-5.0,6.4,66.2,34.3,100,0,38178.2,38.2,23.8,48,0,2.339,-0.939,98.0,2.0,0.0,4,26,46,31,10,1,-12.589,-26,0
2025-03-20 12:24:09.436623,4de83a2b-88ae-4b91-ba01-9e71b87e1e5d,KXHIGHCHI-25MAR20-B42.5,41690.563,3,-1.0,42.87,36,64,0,41.9,-0.6,-7.0,6.4,66.2,34.3,100,0,38178.2,38.2,23.8,48,0,0.37,-0.97,98.0,2.0,0.0,4,26,36,31,10,1,12.313,36,0
2025-03-20 12:24:15.736197,0d773630-7633-4c25-a693-6192c5251ab3,KXHIGHCHI-25MAR20-B44.5,41684.264,7,1.0,42.87,31,69,1,41.9,-2.6,-9.0,6.4,66.2,34.3,100,0,38178.2,38.2,23.8,48,0,-1.63,-0.97,98.0,2.0,0.0,4,26,36,31,10,1,56.854,69,1
2025-03-20 12:26:30.745528,ae029678-8914-427f-b674-afec68bb7f99,KXHIGHCHI-25MAR20-B44.5,41549.254,10,1.0,42.87,31,69,1,41.9,-2.6,-9.0,6.4,66.2,34.3,100,0,38178.2,38.2,23.8,48,0,-1.63,-0.97,98.0,2.0,0.0,4,26,36,31,10,1,56.723,69,1
2025-03-20 12:29:29.351625,5b616534-4d33-450f-a996-a5c60f659b30,KXHIGHCHI-25MAR20-B44.5,41370.648,10,1.0,42.87,31,69,1,41.9,-2.6,-9.0,6.4,66.2,34.3,100,0,38178.2,38.2,23.8,48,0,-1.63,-0.97,98.0,2.0,0.0,4,26,36,31,10,1,56.659,69,1
2025-03-20 12:32:40.326064,291c87bb-3531-47c2-82c9-6e25dcb642f4,KXHIGHCHI-25MAR20-B44.5,41179.674,10,1.0,42.87,31,69,1,41.9,-2.6,-9.0,6.4,66.2,34.3,100,0,38178.2,38.2,23.8,48,0,-1.63,-0.97,98.0,2.0,0.0,4,26,36,31,10,1,56.576,69,1
2025-03-20 12:32:51.551017,f7354091-3bb5-4f1d-ae6b-f3d90224b5b6,KXHIGHCHI-25MAR20-B42.5,41168.449,3,-1.0,42.864,38,62,0,41.9,-0.6,-7.0,6.4,66.2,34.3,100,0,38178.2,38.2,23.8,48,0,0.364,-0.964,98.0,2.0,0.0,4,26,38,31,10,1,14.303,38,0
2025-03-20 12:32:58.025716,6ea2015e-92c2-484e-a2b7-82026cf2001e,KXHIGHCHI-25MAR20-B44.5,41161.974,7,1.0,42.864,31,69,1,41.9,-2.6,-9.0,6.4,66.2,34.3,100,0,38178.2,38.2,23.8,48,0,-1.636,-0.964,98.0,2.0,0.0,4,26,38,31,10,1,55.746,69,1
2025-03-20 12:36:07.254904,1eea98f3-64d2-4336-9bc1-d12f08bc08c0,KXHIGHCHI-25MAR20-B42.5,40972.745,6,-1.0,42.857,40,60,0,41.9,-0.6,-7.0,6.4,66.2,34.3,100,0,38178.2,38.2,23.8,48,0,0.357,-0.957,98.0,2.0,0.0,4,26,40,31,10,1,16.297,40,0
2025-03-20 12:36:14.130721,6331e2dc-4a6a-4213-8b39-372b084efe26,KXHIGHCHI-25MAR20-B44.5,40965.869,4,1.0,42.857,31,69,1,41.9,-2.6,-9.0,6.4,66.2,34.3,100,0,38178.2,38.2,23.8,48,0,-1.643,-0.957,98.0,2.0,0.0,4,26,40,31,10,1,55.08,69,1
2025-03-20 12:39:10.704891,0f3c00f6-a229-4089-97db-4f6ce4961072,KXHIGHCHI-25MAR20-T40,40789.295,52,-5.0,42.896,3,97,0,41.9,3.4,-3.0,6.4,66.2,34.3,100,0,38178.2,38.2,23.8,48,0,4.396,-0.996,98.0,2.0,0.0,3,26,40,31,10,1,-6.174,3,0
2025-03-20 12:40:09.216792,8a90ffc6-73b8-4ac0-ae4f-99c1b6bbe66f,KXHIGHCHI-25MAR20-B44.5,40730.783,8,1.0,42.896,31,69,1,41.9,-2.6,-9.0,6.4,66.2,34.3,100,0,38178.2,38.2,23.8,48,0,-1.604,-0.996,98.0,2.0,0.0,3,26,40,31,10,1,54.885,69,1
2025-03-20 12:40:15.592784,2b483703-738c-4ddc-a388-71b02080bd44,KXHIGHCHI-25MAR20-B42.5,40724.407,2,-1.0,42.896,40,60,0,41.9,-0.6,-7.0,6.4,66.2,34.3,100,0,38178.2,38.2,23.8,48,0,0.396,-0.996,98.0,2.0,0.0,3,26,40,31,10,1,16.28,40,0
2025-03-20 12:48:20.155894,c30c0033-3c90-4e42-a145-fb039d29dbf1,KXHIGHCHI-25MAR20-B40.5,40239.844,12,-3.0,42.875,27,73,1,41.9,1.4,-5.0,6.4,66.2,34.3,100,0,38178.2,38.2,23.8,48,0,2.375,-0.975,98.0,2.0,0.0,3,27,40,31,10,1,-13.491,-27,0
2025-03-20 12:48:20.155894,8512ab17-6b71-40c7-bf5b-f01920a549a0,KXHIGHCHI-25MAR20-B40.5,40239.844,1,-3.0,42.735,34,66,1,41.9,1.4,-5.0,6.4,66.2,34.3,100,0,38178.2,38.2,23.8,48,0,2.235,-0.835,98.0,2.0,0.0,3,34,40,31,10,1,-20.504,-34,0
2025-03-20 12:49:41.396740,dd0b927a-f73a-4c94-9c2c-e91074a442cd,KXHIGHCHI-25MAR20-B44.5,40158.603,15,1.0,42.735,31,69,1,41.9,-2.6,-9.0,6.4,66.2,34.3,100,0,38178.2,38.2,23.8,48,0,-1.765,-0.835,98.0,2.0,0.0,3,34,40,31,10,1,54.798,69,1
2025-03-20 12:49:54.801649,94d842ca-5177-41bf-8ae8-e07b2d7e10af,KXHIGHCHI-25MAR20-B44.5,40145.198,20,1.0,42.735,31,69,1,41.9,-2.6,-9.0,6.4,66.2,34.3,100,0,38178.2,38.2,23.8,48,0,-1.765,-0.835,98.0,2.0,0.0,3,34,40,31,10,1,54.406,69,1
2025-03-20 12:50:00.429840,7573af2d-a302-4b39-bae2-47a31cfd3d7c,KXHIGHCHI-25MAR20-B46.5,40139.57,9,3.0,43.0,19,81,1,41.9,-4.6,-11.0,6.4,66.2,34.3,100,0,38178.2,38.2,23.8,48,0,-3.5,-1.1,98.0,2.0,0.0,3,34,40,31,19,1,-16.36,-19,0
2025-03-20 12:50:12.670473,f2c89deb-5890-476d-bdcc-5ddbe493f847,KXHIGHCHI-25MAR20-T40,40127.33,50,-5.0,43.035,2,98,0,41.9,3.4,-3.0,6.4,66.2,34.3,100,0,38178.2,38.2,23.8,48,0,4.535,-1.135,98.0,2.0,0.0,2,34,40,31,19,1,-7.122,2,0
2025-03-20 12:51:08.494432,66bcfece-920c-4795-9589-05146341d698,KXHIGHCHI-25MAR20-B44.5,40071.506,9,1.0,43.035,31,69,1,41.9,-2.6,-9.0,6.4,66.2,34.3,100,0,38178.2,38.2,23.8,48,0,-1.465,-1.135,98.0,2.0,0.0,2,34,40,31,19,1,54.346,69,1
2025-03-20 12:52:09.902494,893e7314-2a01-4ef4-8f6e-b4833f9c80d8,KXHIGHCHI-25MAR20-B40.5,40010.098,12,-3.0,43.161,28,72,1,41.9,1.4,-5.0,6.4,66.2,34.3,100,0,38178.2,38.2,23.8,48,0,2.661,-1.261,98.0,2.0,0.0,2,28,40,31,19,1,-14.49,-28,0
2025-03-20 12:52:31.960581,2b754d3f-c485-42d0-9d7a-2f78877c3c82,KXHIGHCHI-25MAR20-B44.5,39988.039,9,1.0,43.161,31,69,1,41.9,-2.6,-9.0,6.4,66.2,34.3,100,0,38178.2,38.2,23.8,48,0,-1.339,-1.261,98.0,2.0,0.0,2,28,40,31,19,1,53.961,69,1
2025-03-20 12:53:13.610258,fabde3e4-4a29-448a-a065-b95083347de2,KXHIGHCHI-25MAR20-T40,39946.39,3,-5.0,42.872,10,90,1,41.9,3.4,-3.0,6.4,66.2,34.3,100,0,38178.2,38.2,23.8,48,0,4.372,-0.972,98.0,2.0,0.0,10,28,40,31,19,1,-1.022,-10,0
2025-03-20 12:53:13.610258,eaab4803-6931-48d7-a53d-28105c8ab60c,KXHIGHCHI-25MAR20-T40,39946.39,48,-5.0,43.123,3,97,1,41.9,3.4,-3.0,6.4,66.2,34.3,100,0,38178.2,38.2,23.8,48,0,4.623,-1.223,98.0,2.0,0.0,3,28,40,31,19,1,6.036,-3,0
2025-03-20 12:56:02.916987,bda2d773-8061-4019-aec8-68a17b61bcb1,KXHIGHCHI-25MAR20-B40.5,39777.083,60,-3.0,43.357,18,82,0,41.9,1.4,-5.0,6.4,66.2,34.3,100,0,38178.2,38.2,23.8,48,0,2.857,-1.457,98.0,2.0,0.0,3,18,40,31,19,1,4.473,18,0
2025-03-20 12:56:02.916987,ab95725a-9a36-4fae-8497-17d37518328f,KXHIGHCHI-25MAR20-B40.5,39777.083,199,-3.0,43.357,18,82,0,41.9,1.4,-5.0,6.4,66.2,34.3,100,0,38178.2,38.2,23.8,48,0,2.857,-1.457,98.0,2.0,0.0,3,18,40,31,19,1,4.482,18,0
2025-03-20 12:56:02.916987,8c23b03c-9931-49f1-bad3-9f10880c8157,KXHIGHCHI-25MAR20-B40.5,39777.083,1,-3.0,43.332,19,81,0,41.9,1.4,-5.0,6.4,66.2,34.3,100,0,38178.2,38.2,23.8,48,0,2.832,-1.432,98.0,2.0,0.0,3,19,40,31,19,1,5.485,19,0
2025-03-20 12:59:42.212703,2c2f578d-f85a-496c-bca8-e89aaada2672,KXHIGHCHI-25MAR20-B40.5,39557.787,21,-3.0,43.102,29,71,1,41.9,1.4,-5.0,6.4,66.2,34.3,100,0,38178.2,38.2,23.8,48,0,2.602,-1.202,98.0,2.0,0.0,3,29,40,31,19,1,-15.463,-29,0
2025-03-20 13:04:17.450582,32aceea8-27ef-41ef-b3a2-6d711b3c49c4,KXHIGHCHI-25MAR20-B40.5,39282.549,20,-3.0,43.102,29,71,1,41.9,1.4,-3.5,4.9,66.2,34.3,100,0,38178.2,34.6,21.1,100,0,2.602,-1.202,98.0,2.0,0.0,3,29,40,31,19,1,-15.45,-29,0
2025-03-20 13:05:16.881001,66f4a6a4-a083-49c9-aaa4-b525dd67d13a,KXHIGHCHI-25MAR20-B42.5,39223.119,2,-1.0,43.092,42,58,0,41.9,-0.6,-5.5,4.9,66.2,34.3,100,0,38178.2,34.6,21.1,100,0,0.592,-1.192,98.0,2.0,0.0,3,29,42,31,19,1,18.272,42,0
2025-03-20 13:06:09.480213,dbf8d5e5-35af-4d30-8567-636e65e1ede5,KXHIGHCHI-25MAR20-B40.5,39170.52,14,-3.0,43.051,31,69,1,41.9,1.4,-3.5,4.9,66.2,34.3,100,0,38178.2,34.6,21.1,100,0,2.551,-1.151,98.0,2.0,0.0,3,31,42,31,19,1,-17.425,-31,0
2025-03-20 13:06:09.480213,10595a60-b68b-4516-b535-ab514989a935,KXHIGHCHI-25MAR20-B40.5,39170.52,12,-3.0,43.071,30,70,1,41.9,1.4,-3.5,4.9,66.2,34.3,100,0,38178.2,34.6,21.1,100,0,2.571,-1.171,98.0,2.0,0.0,3,30,42,31,19,1,-16.431,-30,0
2025-03-20 13:10:58.619224,70394a76-42f6-4fa1-a2ea-8052b6333a9e,KXHIGHCHI-25MAR20-B44.5,38881.381,125,1.0,43.0,25,75,0,41.9,-2.6,-7.5,4.9,66.2,34.3,100,0,38178.2,34.6,21.1,100,0,-1.5,-1.1,98.0,2.0,0.0,3,30,42,25,19,1,-59.489,-75,1
2025-03-20 13:12:46.093245,e24d538e-f131-4cbb-a868-4f1384546af9,KXHIGHCHI-25MAR20-B44.5,38773.907,3,1.0,43.167,40,60,1,41.9,-2.6,-7.5,4.9,66.2,34.3,100,0,38178.2,34.6,21.1,100,0,-1.333,-1.267,98.0,2.0,0.0,3,30,42,40,19,1,41.091,60,1
2025-03-20 13:12:46.093245,cb6b69ac-27c2-4d09-a07a-f8071d24e07f,KXHIGHCHI-25MAR20-B44.5,38773.907,1,1.0,43.071,31,69,1,41.9,-2.6,-7.5,4.9,66.2,34.3,100,0,38178.2,34.6,21.1,100,0,-1.429,-1.171,98.0,2.0,0.0,3,30,42,31,19,1,50.378,69,1
2025-03-20 13:12:46.093245,71a48697-199f-4b87-9da6-569186afd4cf,KXHIGHCHI-25MAR20-B44.5,38773.907,1,1.0,43.167,40,60,1,41.9,-2.6,-7.5,4.9,66.2,34.3,100,0,38178.2,34.6,21.1,100,0,-1.333,-1.267,98.0,2.0,0.0,3,30,42,40,19,1,42.742,60,1
2025-03-20 13:12:46.093245,4d0be9c8-e389-427d-977f-a31581eb086f,KXHIGHCHI-25MAR20-B44.5,38773.907,1,1.0,43.071,31,69,1,41.9,-2.6,-7.5,4.9,66.2,34.3,100,0,38178.2,34.6,21.1,100,0,-1.429,-1.171,98.0,2.0,0.0,3,30,42,31,19,1,53.182,69,1
2025-03-20 13:12:52.808813,d04c3858-521a-4c0b-b2a2-040b637615ff,KXHIGHCHI-25MAR20-B42.5,38767.191,4,-1.0,43.186,21,79,0,41.9,-0.6,-5.5,4.9,66.2,34.3,100,0,38178.2,34.6,21.1,100,0,0.686,-1.286,98.0,2.0,0.0,3,30,21,31,19,1,-2.731,21,0
2025-03-20 13:13:37.280069,ea6f9c62-d7c0-4c75-bdea-bf2a4d6185d7,KXHIGHCHI-25MAR20-B42.5,38722.72,3,-1.0,43.173,23,77,0,41.9,-0.6,-5.5,4.9,66.2,34.3,100,0,38178.2,34.6,21.1,100,0,0.673,-1.273,98.0,2.0,0.0,3,30,23,31,19,1,-0.747,23,0
2025-03-20 13:13:44.237310,0de59b6c-1d9b-4175-bc2c-23b1fe5aca8e,KXHIGHCHI-25MAR20-B44.5,38715.763,2,1.0,43.265,39,61,1,41.9,-2.6,-7.5,4.9,66.2,34.3,100,0,38178.2,34.6,21.1,100,0,-1.235,-1.365,98.0,2.0,0.0,3,30,23,39,19,1,42.041,61,1
2025-03-20 13:13:58.878499,eeba5390-53b2-4839-883e-2d8acc89956f,KXHIGHCHI-25MAR20-B40.5,38701.122,21,-3.0,43.218,32,68,1,41.9,1.4,-3.5,4.9,66.2,34.3,100,0,38178.2,34.6,21.1,100,0,2.718,-1.318,98.0,2.0,0.0,3,32,23,39,19,1,-18.424,-32,0
2025-03-20 13:15:16.175274,099d3bbe-eeea-4452-972d-e52614073da4,KXHIGHCHI-25MAR20-B42.5,38623.825,81,-1.0,43.118,42,58,1,41.9,-0.6,-5.5,4.9,66.2,34.3,100,0,38178.2,34.6,21.1,100,0,0.618,-1.218,98.0,2.0,0.0,3,32,42,39,19,1,-18.232,-42,0
2025-03-20 13:15:16.175274,38143587-8c5d-4816-b8ad-3c59f2400f12,KXHIGHCHI-25MAR20-B42.5,38623.825,14,-1.0,43.132,39,61,1,41.9,-0.6,-5.5,4.9,66.2,34.3,100,0,38178.2,34.6,21.1,100,0,0.632,-1.232,98.0,2.0,0.0,3,32,39,39,19,1,-15.165,-39,0
2025-03-20 13:15:16.175274,507ce89c-feeb-4ef6-a2f3-b0e26a9c1af5,KXHIGHCHI-25MAR20-B42.5,38623.825,4,-1.0,43.122,41,59,1,41.9,-0.6,-5.5,4.9,66.2,34.3,100,0,38178.2,34.6,21.1,100,0,0.622,-1.222,98.0,2.0,0.0,3,32,41,39,19,1,-16.976,-41,0
2025-03-20 13:15:16.175274,26c3a566-41ac-4f08-b8a5-caedb29ea53e,KXHIGHCHI-25MAR20-B42.5,38623.825,97,-1.0,43.118,42,58,1,41.9,-0.6,-5.5,4.9,66.2,34.3,100,0,38178.2,34.6,21.1,100,0,0.618,-1.218,98.0,2.0,0.0,3,32,42,39,19,1,-18.224,-42,0
2025-03-20 13:15:16.175274,a30766ff-3706-4268-b7a1-18b8e1d46b9e,KXHIGHCHI-25MAR20-B42.5,38623.825,4,-1.0,43.132,39,61,1,41.9,-0.6,-5.5,4.9,66.2,34.3,100,0,38178.2,34.6,21.1,100,0,0.632,-1.232,98.0,2.0,0.0,3,32,39,39,19,1,-14.947,-39,0
2025-03-20 13:15:16.175274,7d697623-d3c0-44fb-821f-6641e7b1d0e8,KXHIGHCHI-25MAR20-B42.5,38623.825,24,-1.0,43.127,40,60,1,41.9,-0.6,-5.5,4.9,66.2,34.3,100,0,38178.2,34.6,21.1,100,0,0.627,-1.227,98.0,2.0,0.0,3,32,40,39,19,1,-15.964,-40,0
2025-03-20 13:15:16.175274,ce9263bf-0986-4cca-83e9-1bd4585e6962,KXHIGHCHI-25MAR20-B42.5,38623.825,2,-1.0,43.132,39,61,1,41.9,-0.6,-5.5,4.9,66.2,34.3,100,0,38178.2,34.6,21.1,100,0,0.632,-1.232,98.0,2.0,0.0,3,32,39,39,19,1,-14.936,-39,0
2025-03-20 13:17:14.162390,47785065-02b8-4b41-b6ea-a3df2b344d4d,KXHIGHCHI-25MAR20-B44.5,38505.838,8,1.0,43.118,39,61,1,41.9,-2.6,-7.5,4.9,66.2,34.3,100,0,38178.2,34.6,21.1,100,0,-1.382,-1.218,98.0,2.0,0.0,3,32,42,39,19,1,41.8,61,1
2025-03-20 13:17:21.100235,89bc8b4d-0b99-44df-bd1d-cbf89d27ea28,KXHIGHCHI-25MAR20-B42.5,38498.9,2,-1.0,43.218,23,77,0,41.9,-0.6,-5.5,4.9,66.2,34.3,100,0,38178.2,34.6,21.1,100,0,0.718,-1.318,98.0,2.0,0.0,3,32,23,39,19,1,-1.104,23,0
2025-03-20 13:20:39.480722,0f047536-a0c1-44b1-ab6a-b0a4198232fd,KXHIGHCHI-25MAR20-B44.5,38300.519,1,1.0,43.218,39,61,1,41.9,-2.6,-7.5,4.9,66.2,34.3,100,0,38178.2,34.6,21.1,100,0,-1.282,-1.318,98.0,2.0,0.0,3,32,23,39,19,1,41.757,61,1
2025-03-20 13:20:51.875109,d31db6e0-ed6a-46d2-bfdd-4693d68891ed,KXHIGHCHI-25MAR20-B42.5,38288.125,3,-1.0,43.172,31,69,0,41.9,-0.6,-5.5,4.9,66.2,34.3,100,0,38178.2,34.6,21.1,100,0,0.672,-1.272,98.0,2.0,0.0,3,32,31,39,19,1,6.704,31,0
2025-03-20 13:20:51.875109,d285d885-cedc-4c68-aee8-7ac95690ba89,KXHIGHCHI-25MAR20-B42.5,38288.125,2,-1.0,43.172,31,69,0,41.9,-0.6,-5.5,4.9,66.2,34.3,100,0,38178.2,34.6,21.1,100,0,0.672,-1.272,98.0,2.0,0.0,3,32,31,39,19,1,6.766,31,0
2025-03-20 13:20:51.875109,23bb9091-1a57-4916-b2ee-19b4caa135d9,KXHIGHCHI-25MAR20-B42.5,38288.125,1,-1.0,43.172,31,69,0,41.9,-0.6,-5.5,4.9,66.2,34.3,100,0,38178.2,34.6,21.1,100,0,0.672,-1.272,98.0,2.0,0.0,3,32,31,39,19,1,6.854,31,0
2025-03-20 13:20:51.875109,00939104-2c4f-453e-8def-c49a7183a8bc,KXHIGHCHI-25MAR20-B42.5,38288.125,4,-1.0,43.172,31,69,0,41.9,-0.6,-5.5,4.9,66.2,34.3,100,0,38178.2,34.6,21.1,100,0,0.672,-1.272,98.0,2.0,0.0,3,32,31,39,19,1,6.877,31,0
2025-03-20 13:27:53.152452,7ebefd77-10de-457c-9952-a6e85cc9ba3e,KXHIGHCHI-25MAR20-B46.5,37866.848,56,3.0,42.683,3,97,0,41.9,-4.6,-9.5,4.9,66.2,34.3,100,0,38178.2,34.6,21.1,100,0,-3.817,-0.783,98.0,2.0,0.0,3,32,31,39,3,1,0.25,3,0
2025-03-20 13:27:53.152452,1e2963f1-f018-49cb-88c7-6a527b68a729,KXHIGHCHI-25MAR20-B46.5,37866.848,44,3.0,42.718,4,96,0,41.9,-4.6,-9.5,4.9,66.2,34.3,100,0,38178.2,34.6,21.1,100,0,-3.782,-0.818,98.0,2.0,0.0,3,32,31,39,4,1,1.262,4,0
2025-03-20 13:32:23.037043,af099ebc-0c4a-4e96-9158-93369c6fe693,KXHIGHCHI-25MAR20-B44.5,37596.963,8,1.0,42.75,41,59,1,41.9,-2.6,-7.5,4.9,66.2,34.3,100,0,38178.2,34.6,21.1,100,0,-1.75,-0.85,98.0,2.0,0.0,3,32,31,41,4,1,39.706,59,1
2025-03-20 13:32:28.631260,e511a8ea-16b9-47aa-b82b-eede8a0bf281,KXHIGHCHI-25MAR20-B42.5,37591.369,2,-1.0,42.757,28,72,0,41.9,-0.6,-5.5,4.9,66.2,34.3,100,0,38178.2,34.6,21.1,100,0,0.257,-0.857,98.0,2.0,0.0,3,32,28,41,4,1,3.661,28,0
2025-03-20 13:36:15.550735,b870f779-b48f-41c5-a737-6cabcb6717ec,KXHIGHCHI-25MAR20-B40.5,37364.449,17,-3.0,42.778,31,69,1,41.9,1.4,-3.5,4.9,66.2,34.3,100,0,38178.2,34.6,21.1,100,0,2.278,-0.878,98.0,2.0,0.0,3,31,28,41,4,1,-17.29,-31,0
2025-03-20 13:36:15.550735,7449a70a-f5e4-44ba-9e26-b728d0c4acb7,KXHIGHCHI-25MAR20-B40.5,37364.449,11,-3.0,42.778,31,69,1,41.9,1.4,-3.5,4.9,66.2,34.3,100,0,38178.2,34.6,21.1,100,0,2.278,-0.878,98.0,2.0,0.0,3,31,28,41,4,1,-17.318,-31,0
2025-03-20 13:36:15.550735,5a287bf0-de8b-4033-a1c1-347fb0a656e2,KXHIGHCHI-25MAR20-B40.5,37364.449,4,-3.0,42.778,31,69,1,41.9,1.4,-3.5,4.9,66.2,34.3,100,0,38178.2,34.6,21.1,100,0,2.278,-0.878,98.0,2.0,0.0,3,31,28,41,4,1,-17.389,-31,0
2025-03-20 13:39:35.928998,ac438f38-2594-4882-8688-258f39d28752,KXHIGHCHI-25MAR20-B44.5,37164.071,19,1.0,42.5,26,74,0,41.9,-2.6,-7.5,4.9,66.2,34.3,100,0,38178.2,34.6,21.1,100,0,-2.0,-0.6,98.0,2.0,0.0,3,31,28,26,4,1,-54.676,-74,1
2025-03-20 13:39:35.928998,0c2d0c0b-22f9-42f1-a10d-e2745263e983,KXHIGHCHI-25MAR20-B44.5,37164.071,59,1.0,42.5,26,74,0,41.9,-2.6,-7.5,4.9,66.2,34.3,100,0,38178.2,34.6,21.1,100,0,-2.0,-0.6,98.0,2.0,0.0,3,31,28,26,4,1,-54.691,-74,1
2025-03-20 13:43:06.869282,d51eb03a-8dd5-43f1-b6d0-e6eee6ae85f2,KXHIGHCHI-25MAR20-B44.5,36953.131,10,1.0,42.762,40,60,1,41.9,-2.6,-7.5,4.9,66.2,34.3,100,0,38178.2,34.6,21.1,100,0,-1.738,-0.862,98.0,2.0,0.0,3,31,28,40,4,1,40.666,60,1
2025-03-20 13:45:27.407338,ed1295f6-8181-44fa-827f-fcc0d0614017,KXHIGHCHI-25MAR20-B40.5,36812.593,53,-3.0,43.021,20,80,0,41.9,1.4,-3.5,4.9,66.2,34.3,100,0,38178.2,34.6,21.1,100,0,2.521,-1.121,98.0,2.0,0.0,3,20,28,40,4,1,6.245,20,0
2025-03-20 13:45:27.407338,a70e6dc1-9c36-4c8a-a053-7bd059864b10,KXHIGHCHI-25MAR20-B40.5,36812.593,162,-3.0,43.047,19,81,0,41.9,1.4,-3.5,4.9,66.2,34.3,100,0,38178.2,34.6,21.1,100,0,2.547,-1.147,98.0,2.0,0.0,3,19,28,40,4,1,5.286,19,0
2025-03-20 13:45:27.407338,02e5e634-3e62-48d9-8d29-45ad39ca186d,KXHIGHCHI-25MAR20-B40.5,36812.593,3,-3.0,43.021,20,80,0,41.9,1.4,-3.5,4.9,66.2,34.3,100,0,38178.2,34.6,21.1,100,0,2.521,-1.121,98.0,2.0,0.0,3,20,28,40,4,1,6.288,20,0
2025-03-20 13:48:07.033493,c9c20683-7a01-42f2-9502-fd6d81ce3969,KXHIGHCHI-25MAR20-B44.5,36652.967,8,1.0,43.021,40,60,1,41.9,-2.6,-7.5,4.9,66.2,34.3,100,0,38178.2,34.6,21.1,100,0,-1.479,-1.121,98.0,2.0,0.0,3,20,28,40,4,1,40.426,60,1
2025-03-20 13:48:12.880501,8939a1d6-668d-4a15-9b09-3fa87b0e0725,KXHIGHCHI-25MAR20-B42.5,36647.119,2,-1.0,42.959,41,59,0,41.9,-0.6,-5.5,4.9,66.2,34.3,100,0,38178.2,34.6,21.1,100,0,0.459,-1.059,98.0,2.0,0.0,3,20,41,40,4,1,16.616,41,0
2025-03-20 13:50:26.699006,e330a4f2-cccf-40fd-a13e-f0732d6a4c55,KXHIGHCHI-25MAR20-B42.5,36513.301,4,-1.0,42.955,42,58,0,41.9,-0.6,-5.5,4.9,66.2,34.3,100,0,38178.2,34.6,21.1,100,0,0.455,-1.055,98.0,2.0,0.0,3,20,42,40,4,1,17.449,42,0
2025-03-20 13:50:33.110462,79a9b6cc-d8f2-41bd-881b-430f19e0b624,KXHIGHCHI-25MAR20-B44.5,36506.89,6,1.0,42.955,40,60,1,41.9,-2.6,-7.5,4.9,66.2,34.3,100,0,38178.2,34.6,21.1,100,0,-1.545,-1.055,98.0,2.0,0.0,3,20,42,40,4,1,40.187,60,1
2025-03-20 13:51:53.641769,8fa38f61-5a56-4206-a948-7fcb5a26769f,KXHIGHCHI-25MAR20-B42.5,36426.358,2,-1.0,42.955,42,58,0,41.9,-0.6,-5.5,4.9,66.2,34.3,100,0,38178.2,34.6,21.1,100,0,0.455,-1.055,98.0,2.0,0.0,3,20,42,40,4,1,17.354,42,0
2025-03-20 13:53:00.172014,66ea754a-1d90-46f9-ae6e-9d9456ebe45f,KXHIGHCHI-25MAR20-B42.5,36359.828,1,-1.0,42.95,43,57,0,41.9,-0.6,-5.5,4.9,66.2,34.3,100,0,38178.2,34.6,21.1,100,0,0.45,-1.05,98.0,2.0,0.0,3,20,43,40,4,1,18.129,43,0
2025-03-20 13:53:00.172014,33e0cfaf-6c66-4ea0-b0fb-54aea0af1ee1,KXHIGHCHI-25MAR20-B42.5,36359.828,3,-1.0,42.955,42,58,0,41.9,-0.6,-5.5,4.9,66.2,34.3,100,0,38178.2,34.6,21.1,100,0,0.455,-1.055,98.0,2.0,0.0,3,20,42,40,4,1,17.302,42,0
2025-03-20 13:53:06.255598,2b74c399-e20c-4fa9-aa52-f5593a397420,KXHIGHCHI-25MAR20-B44.5,36353.744,6,1.0,42.94,39,61,1,41.9,-2.6,-7.5,4.9,66.2,34.3,100,0,38178.2,34.6,21.1,100,0,-1.56,-1.04,98.0,2.0,0.0,3,20,42,39,4,1,40.759,61,1
2025-03-20 13:55:47.366937,e9feffa7-7769-41a6-a8bb-d0e2c05e079f,KXHIGHCHI-25MAR20-T40,36192.633,50,-5.0,43.023,1,99,0,41.9,3.4,-1.5,4.9,66.2,34.3,100,0,38178.2,34.6,21.1,100,0,4.523,-1.123,98.0,2.0,0.0,1,20,42,39,4,1,-7.974,1,0
2025-03-20 13:55:47.366937,cb933956-cae9-487d-88bb-1c7ae9618bb5,KXHIGHCHI-25MAR20-T40,36192.633,3,-5.0,42.981,2,98,0,41.9,3.4,-1.5,4.9,66.2,34.3,100,0,38178.2,34.6,21.1,100,0,4.481,-1.081,98.0,2.0,0.0,2,20,42,39,4,1,-6.977,2,0
2025-03-20 13:58:38.208916,ccdbd0e4-9338-4997-af73-717dbf0f1a43,KXHIGHCHI-25MAR20-B44.5,36021.791,6,1.0,42.953,37,63,1,41.9,-2.6,-7.5,4.9,66.2,34.3,100,0,38178.2,34.6,21.1,100,0,-1.547,-1.053,98.0,2.0,0.0,2,20,42,37,4,1,42.737,63,1
2025-03-20 13:59:28.760360,41b7b28c-be79-4ca8-a048-9640620d335d,KXHIGHCHI-25MAR20-B42.5,35971.24,17,-1.0,42.907,54,46,1,41.9,-0.6,-5.5,4.9,66.2,34.3,100,0,38178.2,34.6,21.1,100,0,0.407,-1.007,98.0,2.0,0.0,2,20,54,37,4,1,-28.515,-54,0
2025-03-20 14:01:36.611542,f2315ae6-c701-4c5c-b30a-28ed835282e7,KXHIGHCHI-25MAR20-B42.5,35843.388,10,-1.0,42.907,54,46,1,41.9,-0.6,-3.9,3.3,66.2,34.3,100,0,38178.2,29.2,19.5,42,0,0.407,-1.007,98.0,2.0,0.0,2,20,54,37,4,1,-28.354,-54,0
2025-03-20 14:01:37.479343,55ec670c-1d46-4a2f-ba84-c31805bf2057,KXHIGHCHI-25MAR20-B42.5,35842.521,17,-1.0,42.9,56,44,1,41.9,-0.6,-3.9,3.3,66.2,34.3,100,0,38178.2,29.2,19.5,42,0,0.4,-1.0,98.0,2.0,0.0,2,20,56,37,4,1,-30.169,-56,0
2025-03-20 14:01:37.548487,e65184a1-7a3a-46f9-a6fd-1afd554a92bf,KXHIGHCHI-25MAR20-B46.5,35842.452,17,3.0,42.9,4,96,0,41.9,-4.6,-7.9,3.3,66.2,34.3,100,0,38178.2,29.2,19.5,42,0,-3.6,-1.0,98.0,2.0,0.0,2,20,56,37,4,1,1.249,4,0
2025-03-20 14:01:37.555199,48df411a-1518-4cb5-a0cd-23860acc1ca1,KXHIGHCHI-25MAR20-B44.5,35842.445,17,1.0,42.77,28,72,0,41.9,-2.6,-5.9,3.3,66.2,34.3,100,0,38178.2,29.2,19.5,42,0,-1.73,-0.87,98.0,2.0,0.0,2,20,56,28,4,1,-51.625,-72,1
2025-03-20 14:01:37.557114,c42f02c3-ffd1-4476-826a-2ac12b93aed3,KXHIGHCHI-25MAR20-B40.5,35842.443,17,-3.0,42.791,19,81,0,41.9,1.4,-1.9,3.3,66.2,34.3,100,0,38178.2,29.2,19.5,42,0,2.291,-0.891,98.0,2.0,0.0,2,19,56,28,4,1,5.019,19,0
2025-03-20 14:05:31.641205,22fe6866-1848-414a-bf99-71fde7fe42fc,KXHIGHCHI-25MAR20-B40.5,35608.359,5,-3.0,42.691,24,76,1,41.9,1.4,-1.9,3.3,66.2,34.3,100,0,38178.2,29.2,19.5,42,0,2.191,-0.791,98.0,2.0,0.0,2,24,56,28,4,1,-9.945,-24,0
2025-03-20 14:05:31.641205,07959aa4-18a1-45a4-bb21-fb6e0dcf639f,KXHIGHCHI-25MAR20-B40.5,35608.359,1,-3.0,42.691,24,76,1,41.9,1.4,-1.9,3.3,66.2,34.3,100,0,38178.2,29.2,19.5,42,0,2.191,-0.791,98.0,2.0,0.0,2,24,56,28,4,1,-9.964,-24,0
2025-03-20 14:05:39.651680,b3f013af-cbaf-48ae-8cf6-65bacc4d9dac,KXHIGHCHI-25MAR20-B44.5,35600.348,4,1.0,42.836,38,62,1,41.9,-2.6,-5.9,3.3,66.2,34.3,100,0,38178.2,29.2,19.5,42,0,-1.664,-0.936,98.0,2.0,0.0,2,24,56,38,4,1,41.592,62,1
2025-03-20 14:05:39.728775,268ec23c-f2c0-4592-a11b-d71af9d99642,KXHIGHCHI-25MAR20-B46.5,35600.271,4,3.0,42.806,3,97,0,41.9,-4.6,-7.9,3.3,66.2,34.3,100,0,38178.2,29.2,19.5,42,0,-3.694,-0.906,98.0,2.0,0.0,2,24,56,38,3,1,-0.606,3,0
2025-03-20 14:05:39.737663,bb034b79-efa4-45d4-86b9-1365b8a5a5ba,KXHIGHCHI-25MAR20-B42.5,35600.262,4,-1.0,42.842,43,57,0,41.9,-0.6,-3.9,3.3,66.2,34.3,100,0,38178.2,29.2,19.5,42,0,0.342,-0.942,98.0,2.0,0.0,2,24,43,38,3,1,17.059,43,0
2025-03-20 14:05:39.741276,853d4917-5f32-450d-81b6-78b2834e9242,KXHIGHCHI-25MAR20-B40.5,35600.259,4,-3.0,42.842,24,76,0,41.9,1.4,-1.9,3.3,66.2,34.3,100,0,38178.2,29.2,19.5,42,0,2.342,-0.942,98.0,2.0,0.0,2,24,43,38,3,1,9.942,24,0
2025-03-20 14:05:51.988527,69aae139-5944-4796-9f07-7bb410814fdc,KXHIGHCHI-25MAR20-B40.5,35588.011,90,-3.0,42.821,25,75,1,41.9,1.4,-1.9,3.3,66.2,34.3,100,0,38178.2,29.2,19.5,42,0,2.321,-0.921,98.0,2.0,0.0,2,25,43,38,3,1,-10.919,-25,0
2025-03-20 14:06:26.004801,cb56fca6-1115-4036-9450-2f815b1be014,KXHIGHCHI-25MAR20-B44.5,35553.995,64,1.0,42.657,28,72,0,41.9,-2.6,-5.9,3.3,66.2,34.3,100,0,38178.2,29.2,19.5,42,0,-1.843,-0.757,98.0,2.0,0.0,2,25,43,28,3,1,-51.531,-72,1
2025-03-20 14:06:26.004801,beab5a37-abce-4905-a62a-f2522e70a704,KXHIGHCHI-25MAR20-B44.5,35553.995,36,1.0,42.675,29,71,0,41.9,-2.6,-5.9,3.3,66.2,34.3,100,0,38178.2,29.2,19.5,42,0,-1.825,-0.775,98.0,2.0,0.0,2,25,43,29,3,1,-50.561,-71,1
2025-03-20 14:07:17.688896,a83777d1-ed1b-4afa-9e47-3645b5c75fe5,KXHIGHCHI-25MAR20-B44.5,35502.311,35,1.0,42.657,28,72,0,41.9,-2.6,-5.9,3.3,66.2,34.3,100,0,38178.2,29.2,19.5,42,0,-1.843,-0.757,98.0,2.0,0.0,2,25,43,28,3,1,-51.49,-72,1
2025-03-20 14:09:54.777547,43380221-4aeb-481d-ad3f-11f38f6f42d3,KXHIGHCHI-25MAR20-B42.5,35345.222,8,-1.0,42.657,43,57,0,41.9,-0.6,-3.9,3.3,66.2,34.3,100,0,38178.2,29.2,19.5,42,0,0.157,-0.757,98.0,2.0,0.0,2,25,43,28,3,1,17.017,43,0
2025-03-20 14:10:00.805372,63859618-6056-40a8-87e3-9999acd76654,KXHIGHCHI-25MAR20-B44.5,35339.195,2,1.0,42.879,42,58,1,41.9,-2.6,-5.9,3.3,66.2,34.3,100,0,38178.2,29.2,19.5,42,0,-1.621,-0.979,98.0,2.0,0.0,2,25,43,42,3,1,37.44,58,1
2025-03-20 14:10:00.879353,3e7a33c7-0806-4022-9ad5-381978e4c1cf,KXHIGHCHI-25MAR20-B46.5,35339.121,2,3.0,42.879,3,97,0,41.9,-4.6,-7.9,3.3,66.2,34.3,100,0,38178.2,29.2,19.5,42,0,-3.621,-0.979,98.0,2.0,0.0,2,25,43,42,3,1,-0.775,3,0
2025-03-20 14:10:00.882232,0a773bfc-7d66-474a-93ec-1a0113beef1f,KXHIGHCHI-25MAR20-B40.5,35339.118,2,-3.0,43.032,18,82,0,41.9,1.4,-1.9,3.3,66.2,34.3,100,0,38178.2,29.2,19.5,42,0,2.532,-1.132,98.0,2.0,0.0,2,18,43,42,3,1,3.91,18,0
2025-03-20 14:10:00.882666,1b57a36c-54a2-42de-b19f-e2b3f735444a,KXHIGHCHI-25MAR20-B42.5,35339.117,2,-1.0,43.027,44,56,0,41.9,-0.6,-3.9,3.3,66.2,34.3,100,0,38178.2,29.2,19.5,42,0,0.527,-1.127,98.0,2.0,0.0,2,18,44,42,3,1,17.973,44,0
2025-03-20 14:15:34.763085,ad761898-603c-47dd-a695-2321ef074318,KXHIGHCHI-25MAR20-B40.5,35005.237,12,-3.0,43.027,18,82,0,41.9,1.4,-1.9,3.3,66.2,34.3,100,0,38178.2,29.2,19.5,42,0,2.527,-1.127,98.0,2.0,0.0,2,18,44,42,3,1,3.888,18,0
2025-03-20 14:15:51.912851,707b6300-5590-48f1-995b-002341553470,KXHIGHCHI-25MAR20-B42.5,34988.087,7,-1.0,43.027,44,56,0,41.9,-0.6,-3.9,3.3,66.2,34.3,100,0,38178.2,29.2,19.5,42,0,0.527,-1.127,98.0,2.0,0.0,2,18,44,42,3,1,17.93,44,0
2025-03-20 14:15:57.817763,0676f495-de39-4b56-b9ae-c3d4798d7ab9,KXHIGHCHI-25MAR20-B44.5,34982.182,3,1.0,43.027,42,58,1,41.9,-2.6,-5.9,3.3,66.2,34.3,100,0,38178.2,29.2,19.5,42,0,-1.473,-1.127,98.0,2.0,0.0,2,18,44,42,3,1,37.042,58,1
2025-03-20 14:15:57.876606,2ab5a43a-0a95-42e9-8d11-a8eddfbbe745,KXHIGHCHI-25MAR20-B46.5,34982.123,3,3.0,43.027,3,97,0,41.9,-4.6,-7.9,3.3,66.2,34.3,100,0,38178.2,29.2,19.5,42,0,-3.473,-1.127,98.0,2.0,0.0,2,18,44,42,3,1,-1.644,3,0
2025-03-20 14:15:57.877056,961b9668-e6a9-4d9f-85ac-1b1dfe291488,KXHIGHCHI-25MAR20-B42.5,34982.123,3,-1.0,43.027,44,56,0,41.9,-0.6,-3.9,3.3,66.2,34.3,100,0,38178.2,29.2,19.5,42,0,0.527,-1.127,98.0,2.0,0.0,2,18,44,42,3,1,17.886,44,0
2025-03-20 14:15:57.878745,d2327541-fbce-448e-9e3e-be4e42df06a6,KXHIGHCHI-25MAR20-B40.5,34982.121,3,-3.0,43.027,18,82,0,41.9,1.4,-1.9,3.3,66.2,34.3,100,0,38178.2,29.2,19.5,42,0,2.527,-1.127,98.0,2.0,0.0,2,18,44,42,3,1,3.871,18,0
2025-03-20 14:15:59.391963,e44ba3e0-9604-4f91-adf6-186609fdd35b,KXHIGHCHI-25MAR20-B44.5,34980.608,3,1.0,43.027,42,58,1,41.9,-2.6,-5.9,3.3,66.2,34.3,100,0,38178.2,29.2,19.5,42,0,-1.473,-1.127,98.0,2.0,0.0,2,18,44,42,3,1,36.915,58,1
2025-03-20 14:15:59.454144,858296f9-d1c3-4934-806f-dd8b96e8f368,KXHIGHCHI-25MAR20-B42.5,34980.546,3,-1.0,43.027,44,56,0,41.9,-0.6,-3.9,3.3,66.2,34.3,100,0,38178.2,29.2,19.5,42,0,0.527,-1.127,98.0,2.0,0.0,2,18,44,42,3,1,17.757,44,0
2025-03-20 14:15:59.456211,24f0b5b4-096f-45f7-a096-456b5367df3a,KXHIGHCHI-25MAR20-B46.5,34980.544,3,3.0,43.027,3,97,0,41.9,-4.6,-7.9,3.3,66.2,34.3,100,0,38178.2,29.2,19.5,42,0,-3.473,-1.127,98.0,2.0,0.0,2,18,44,42,3,1,-1.954,3,0
2025-03-20 14:15:59.458630,58b9f32d-9710-433d-ab38-5abf3682db56,KXHIGHCHI-25MAR20-B40.5,34980.541,3,-3.0,43.027,18,82,0,41.9,1.4,-1.9,3.3,66.2,34.3,100,0,38178.2,29.2,19.5,42,0,2.527,-1.127,98.0,2.0,0.0,2,18,44,42,3,1,3.833,18,0
2025-03-20 14:16:07.710417,15d019f2-b9df-4e95-8b47-95ca5f51a2ec,KXHIGHCHI-25MAR20-B44.5,34972.29,10,1.0,43.027,42,58,1,41.9,-2.6,-5.9,3.3,66.2,34.3,100,0,38178.2,29.2,19.5,42,0,-1.473,-1.127,98.0,2.0,0.0,2,18,44,42,3,1,36.876,58,1
2025-03-20 14:16:07.780147,2ed5dc87-d908-4c48-96cd-0678a6870717,KXHIGHCHI-25MAR20-B42.5,34972.22,10,-1.0,43.027,44,56,0,41.9,-0.6,-3.9,3.3,66.2,34.3,100,0,38178.2,29.2,19.5,42,0,0.527,-1.127,98.0,2.0,0.0,2,18,44,42,3,1,17.635,44,0
2025-03-20 14:16:07.780452,9044161a-5d91-4424-a395-0b4551c971a8,KXHIGHCHI-25MAR20-B46.5,34972.22,10,3.0,43.027,3,97,0,41.9,-4.6,-7.9,3.3,66.2,34.3,100,0,38178.2,29.2,19.5,42,0,-3.473,-1.127,98.0,2.0,0.0,2,18,44,42,3,1,-1.974,3,0
2025-03-20 14:16:07.784955,4d29291a-97b8-45ce-8012-371225992289,KXHIGHCHI-25MAR20-B40.5,34972.215,10,-3.0,43.027,18,82,0,41.9,1.4,-1.9,3.3,66.2,34.3,100,0,38178.2,29.2,19.5,42,0,2.527,-1.127,98.0,2.0,0.0,2,18,44,42,3,1,3.828,18,0
2025-03-20 14:19:09.678232,2e01bc41-854e-47b7-a346-f772cc37fe5d,KXHIGHCHI-25MAR20-B44.5,34790.322,8,1.0,42.986,39,61,1,41.9,-2.6,-5.9,3.3,66.2,34.3,100,0,38178.2,29.2,19.5,42,0,-1.514,-1.086,98.0,2.0,0.0,2,18,44,39,3,1,39.871,61,1
2025-03-20 14:19:09.740583,282a6ca4-b29e-4418-8995-4f2dad8e3308,KXHIGHCHI-25MAR20-B40.5,34790.259,8,-3.0,42.986,18,82,0,41.9,1.4,-1.9,3.3,66.2,34.3,100,0,38178.2,29.2,19.5,42,0,2.486,-1.086,98.0,2.0,0.0,2,18,44,39,3,1,3.828,18,0
2025-03-20 14:19:09.741708,c8fb87f7-375d-4394-9aad-82003b94ede0,KXHIGHCHI-25MAR20-B46.5,34790.258,8,3.0,42.986,3,97,0,41.9,-4.6,-7.9,3.3,66.2,34.3,100,0,38178.2,29.2,19.5,42,0,-3.514,-1.086,98.0,2.0,0.0,2,18,44,39,3,1,-1.982,3,0
2025-03-20 14:19:09.742365,1b305bc4-d72d-4081-b09a-0eaf114814a2,KXHIGHCHI-25MAR20-B42.5,34790.258,8,-1.0,42.968,48,52,0,41.9,-0.6,-3.9,3.3,66.2,34.3,100,0,38178.2,29.2,19.5,42,0,0.468,-1.068,98.0,2.0,0.0,2,18,48,39,3,1,21.619,48,0
2025-03-20 14:19:16.113978,2c4823f4-0ed0-4a07-ae9a-59d05875d3bd,KXHIGHCHI-25MAR20-B42.5,34783.886,2,-1.0,42.968,48,52,0,41.9,-0.6,-3.9,3.3,66.2,34.3,100,0,38178.2,29.2,19.5,42,0,0.468,-1.068,98.0,2.0,0.0,2,18,48,39,3,1,21.579,48,0
2025-03-20 14:21:22.095105,cb35ed55-d31f-4f95-97a1-250ce246ec1a,KXHIGHCHI-25MAR20-B44.5,34657.905,36,1.0,42.833,30,70,0,41.9,-2.6,-5.9,3.3,66.2,34.3,100,0,38178.2,29.2,19.5,42,0,-1.667,-0.933,98.0,2.0,0.0,2,18,48,30,3,1,-48.831,-70,1
2025-03-20 14:22:40.512590,7bf2df72-ee3d-4e1c-9d38-bbcd21f8d1f8,KXHIGHCHI-25MAR20-B40.5,34579.487,100,-3.0,42.856,17,83,0,41.9,1.4,-1.9,3.3,66.2,34.3,100,0,38178.2,29.2,19.5,42,0,2.356,-0.956,98.0,2.0,0.0,2,17,48,30,3,1,2.825,17,0
2025-03-20 14:22:40.512590,f0f87230-0de9-42ec-ae94-0a2e96352122,KXHIGHCHI-25MAR20-B40.5,34579.487,38,-3.0,42.88,16,84,0,41.9,1.4,-1.9,3.3,66.2,34.3,100,0,38178.2,29.2,19.5,42,0,2.38,-0.98,98.0,2.0,0.0,2,16,48,30,3,1,1.762,16,0
2025-03-20 14:22:40.512590,b3895258-ccfb-4a30-b131-237f3031b5ad,KXHIGHCHI-25MAR20-B40.5,34579.487,62,-3.0,42.833,18,82,0,41.9,1.4,-1.9,3.3,66.2,34.3,100,0,38178.2,29.2,19.5,42,0,2.333,-0.933,98.0,2.0,0.0,2,18,48,30,3,1,3.754,18,0
2025-03-20 14:22:43.936097,42bbf392-ab31-4afd-a0e0-d52af330df84,KXHIGHCHI-25MAR20-B40.5,34576.064,30,-3.0,42.88,16,84,0,41.9,1.4,-1.9,3.3,66.2,34.3,100,0,38178.2,29.2,19.5,42,0,2.38,-0.98,98.0,2.0,0.0,2,16,48,30,3,1,1.859,16,0
2025-03-20 14:22:43.936097,078a749a-5904-4840-9e41-58405a1b3ae1,KXHIGHCHI-25MAR20-B40.5,34576.064,2,-3.0,42.88,16,84,0,41.9,1.4,-1.9,3.3,66.2,34.3,100,0,38178.2,29.2,19.5,42,0,2.38,-0.98,98.0,2.0,0.0,2,16,48,30,3,1,1.851,16,0
2025-03-20 14:22:53.352290,e663f61f-96e2-450e-a9b0-629379db108f,KXHIGHCHI-25MAR20-B40.5,34566.648,176,-3.0,42.954,13,87,0,41.9,1.4,-1.9,3.3,66.2,34.3,100,0,38178.2,29.2,19.5,42,0,2.454,-1.054,98.0,2.0,0.0,2,13,48,30,3,1,-1.101,13,0
2025-03-20 14:22:58.051369,fd64b9d8-0b94-43e8-9570-098c04d56205,KXHIGHCHI-25MAR20-B40.5,34561.949,2,-3.0,43.005,11,89,0,41.9,1.4,-1.9,3.3,66.2,34.3,100,0,38178.2,29.2,19.5,42,0,2.505,-1.105,98.0,2.0,0.0,2,11,48,30,3,1,-3.12,11,0
2025-03-20 14:22:58.051369,d397f391-d1b2-40e1-a78e-e1938117cbf2,KXHIGHCHI-25MAR20-B40.5,34561.949,24,-3.0,42.954,13,87,0,41.9,1.4,-1.9,3.3,66.2,34.3,100,0,38178.2,29.2,19.5,42,0,2.454,-1.054,98.0,2.0,0.0,2,13,48,30,3,1,-1.118,13,0
2025-03-20 14:22:58.051369,cf50602c-7d4a-4501-91f1-7030eff9bd72,KXHIGHCHI-25MAR20-B40.5,34561.949,75,-3.0,43.032,10,90,0,41.9,1.4,-1.9,3.3,66.2,34.3,100,0,38178.2,29.2,19.5,42,0,2.532,-1.132,98.0,2.0,0.0,2,10,48,30,3,1,-4.111,10,0
2025-03-20 14:22:58.051369,90dc4bae-ddd9-4ed7-847e-f73ceb4cf735,KXHIGHCHI-25MAR20-B40.5,34561.949,100,-3.0,43.032,10,90,0,41.9,1.4,-1.9,3.3,66.2,34.3,100,0,38178.2,29.2,19.5,42,0,2.532,-1.132,98.0,2.0,0.0,2,10,48,30,3,1,-4.11,10,0
2025-03-20 14:22:58.051369,73836bbe-44b8-4c22-830f-ee97baec722a,KXHIGHCHI-25MAR20-B40.5,34561.949,199,-3.0,43.005,11,89,0,41.9,1.4,-1.9,3.3,66.2,34.3,100,0,38178.2,29.2,19.5,42,0,2.505,-1.105,98.0,2.0,0.0,2,11,48,30,3,1,-3.096,11,0
2025-03-20 14:23:12.250404,8587b620-d440-499a-aa00-506821bb24fa,KXHIGHCHI-25MAR20-B40.5,34547.75,20,-3.0,43.032,10,90,0,41.9,1.4,-1.9,3.3,66.2,34.3,100,0,38178.2,29.2,19.5,42,0,2.532,-1.132,98.0,2.0,0.0,2,10,48,30,3,1,-4.121,10,0
2025-03-20 14:24:40.259969,a84529f9-bb12-4fbf-8a42-bd496d4328b8,KXHIGHCHI-25MAR20-B44.5,34459.74,10,1.0,43.21,43,57,1,41.9,-2.6,-5.9,3.3,66.2,34.3,100,0,38178.2,29.2,19.5,42,0,-1.29,-1.31,98.0,2.0,0.0,2,10,48,43,3,1,35.821,57,1
2025-03-20 14:24:59.796955,3767edd9-0f6b-41aa-8973-e4ab1d9f9492,KXHIGHCHI-25MAR20-B40.5,34440.203,50,-3.0,43.262,8,92,0,41.9,1.4,-1.9,3.3,66.2,34.3,100,0,38178.2,29.2,19.5,42,0,2.762,-1.362,98.0,2.0,0.0,2,8,48,43,3,1,-6.214,8,0
2025-03-20 14:24:59.796955,9c6a0e18-517d-444e-bb2e-a9de231a1a0c,KXHIGHCHI-25MAR20-B40.5,34440.203,5,-3.0,43.21,10,90,0,41.9,1.4,-1.9,3.3,66.2,34.3,100,0,38178.2,29.2,19.5,42,0,2.71,-1.31,98.0,2.0,0.0,2,10,48,43,3,1,-4.215,10,0
2025-03-20 14:24:59.796955,3e82e156-a25c-4520-8087-e6baf222cfdc,KXHIGHCHI-25MAR20-B40.5,34440.203,45,-3.0,43.262,8,92,0,41.9,1.4,-1.9,3.3,66.2,34.3,100,0,38178.2,29.2,19.5,42,0,2.762,-1.362,98.0,2.0,0.0,2,8,48,43,3,1,-6.214,8,0
2025-03-20 14:30:43.036191,411f2bf7-ac6b-4bfe-8aa4-b791a55b7d06,KXHIGHCHI-25MAR20-B44.5,34096.964,45,1.0,43.132,33,67,0,41.9,-2.6,-5.9,3.3,66.2,34.3,100,0,38178.2,29.2,19.5,42,0,-1.368,-1.232,98.0,2.0,0.0,2,8,48,33,3,1,-45.815,-67,1
2025-03-20 14:31:29.989564,ee336646-4a9b-4b94-8dbc-25ac4f558ee7,KXHIGHCHI-25MAR20-B40.5,34050.01,1,-3.0,43.132,8,92,0,41.9,1.4,-1.9,3.3,66.2,34.3,100,0,38178.2,29.2,19.5,42,0,2.632,-1.232,98.0,2.0,0.0,2,8,48,33,3,1,-6.148,8,0
2025-03-20 14:31:29.989564,ac2ecf39-5ca1-4fd7-bfdb-37a1c4628c61,KXHIGHCHI-25MAR20-B40.5,34050.01,199,-3.0,43.132,8,92,0,41.9,1.4,-1.9,3.3,66.2,34.3,100,0,38178.2,29.2,19.5,42,0,2.632,-1.232,98.0,2.0,0.0,2,8,48,33,3,1,-6.224,8,0
2025-03-20 14:32:24.451407,d219391e-617f-4c1f-9d10-2da73e924c0c,KXHIGHCHI-25MAR20-B40.5,33995.549,16,-3.0,43.16,7,93,0,41.9,1.4,-1.9,3.3,66.2,34.3,100,0,38178.2,29.2,19.5,42,0,2.66,-1.26,98.0,2.0,0.0,2,7,48,33,3,1,-7.146,7,0
2025-03-20 14:32:24.451407,171acde6-8a82-4b91-98f9-3454cf7c49e5,KXHIGHCHI-25MAR20-B40.5,33995.549,14,-3.0,43.132,8,92,0,41.9,1.4,-1.9,3.3,66.2,34.3,100,0,38178.2,29.2,19.5,42,0,2.632,-1.232,98.0,2.0,0.0,2,8,48,33,3,1,-6.147,8,0
2025-03-20 14:34:00.950395,4cbfcfa9-901d-48c3-8eb3-a19ba5e0d46d,KXHIGHCHI-25MAR20-B40.5,33899.05,284,-3.0,43.16,7,93,0,41.9,1.4,-1.9,3.3,66.2,34.3,100,0,38178.2,29.2,19.5,42,0,2.66,-1.26,98.0,2.0,0.0,2,7,48,33,3,1,-7.145,7,0
2025-03-20 14:36:37.208985,cfca59c5-38b5-43d8-bec9-c7a7a26b0bcf,KXHIGHCHI-25MAR20-B40.5,33742.791,7,-3.0,42.752,24,76,1,41.9,1.4,-1.9,3.3,66.2,34.3,100,0,38178.2,29.2,19.5,42,0,2.252,-0.852,98.0,2.0,0.0,2,24,48,33,3,1,-9.855,-24,0
2025-03-20 14:37:35.122842,faec1f11-8333-4b8d-8e06-cdfd017403a1,KXHIGHCHI-25MAR20-B44.5,33684.877,199,1.0,42.72,31,69,0,41.9,-2.6,-5.9,3.3,66.2,34.3,100,0,38178.2,29.2,19.5,42,0,-1.78,-0.82,98.0,2.0,0.0,2,24,48,31,3,1,-47.81,-69,1
2025-03-20 14:37:46.730685,a4d2de28-e8cc-4cd1-87df-8222b621a138,KXHIGHCHI-25MAR20-B44.5,33673.269,199,1.0,42.72,31,69,0,41.9,-2.6,-5.9,3.3,66.2,34.3,100,0,38178.2,29.2,19.5,42,0,-1.78,-0.82,98.0,2.0,0.0,2,24,48,31,3,1,-47.804,-69,1
2025-03-20 14:37:55.849545,4a1493d2-c225-438b-b83c-a40be2ddfd28,KXHIGHCHI-25MAR20-B44.5,33664.15,41,1.0,42.72,31,69,0,41.9,-2.6,-5.9,3.3,66.2,34.3,100,0,38178.2,29.2,19.5,42,0,-1.78,-0.82,98.0,2.0,0.0,2,24,48,31,3,1,-47.79,-69,1
2025-03-20 14:38:19.293193,7abeeb29-fc14-4f70-a257-deab7a12f0ac,KXHIGHCHI-25MAR20-B44.5,33640.707,61,1.0,42.704,30,70,0,41.9,-2.6,-5.9,3.3,66.2,34.3,100,0,38178.2,29.2,19.5,42,0,-1.796,-0.804,98.0,2.0,0.0,2,24,48,30,3,1,-47.958,-70,1
2025-03-20 14:40:13.827133,0747ad95-a92c-4318-ae5f-66fbc65b98da,KXHIGHCHI-25MAR20-B40.5,33526.173,16,-3.0,43.205,4,96,0,41.9,1.4,-1.9,3.3,66.2,34.3,100,0,38178.2,29.2,19.5,42,0,2.705,-1.305,98.0,2.0,0.0,2,4,48,30,3,1,-10.157,4,0
2025-03-20 14:47:43.581691,09ed2753-86bd-4e0b-ab90-01549d6a64e3,KXHIGHCHI-25MAR20-B40.5,33076.418,1,-3.0,43.205,4,96,0,41.9,1.4,-1.9,3.3,66.2,34.3,100,0,38178.2,29.2,19.5,42,0,2.705,-1.305,98.0,2.0,0.0,2,4,48,30,3,1,-10.157,4,0
2025-03-20 14:48:16.231498,b56ef9d8-fbae-4f0c-897d-dd24c7ed0710,KXHIGHCHI-25MAR20-B44.5,33043.769,50,1.0,43.219,31,69,0,41.9,-2.6,-5.9,3.3,66.2,34.3,100,0,38178.2,29.2,19.5,42,0,-1.281,-1.319,98.0,2.0,0.0,2,4,48,31,3,1,-46.906,-69,1
2025-03-20 14:49:12.181512,b77eb963-fdd6-40ce-8f05-3f85f45e0bd4,KXHIGHCHI-25MAR20-B42.5,32987.818,35,-1.0,43.127,61,39,1,41.9,-0.6,-3.9,3.3,66.2,34.3,100,0,38178.2,29.2,19.5,42,0,0.627,-1.227,98.0,2.0,0.0,2,4,61,31,3,1,-34.519,-61,0
2025-03-20 14:53:55.246191,a43747c0-4fc8-4cad-b308-0b9dabde41bc,KXHIGHCHI-25MAR20-B42.5,32704.754,20,-1.0,43.203,50,50,1,41.9,-0.6,-3.9,3.3,66.2,34.3,100,0,38178.2,29.2,19.5,42,0,0.703,-1.303,98.0,2.0,0.0,2,4,50,31,3,1,-23.142,-50,0
2025-03-20 14:53:55.246191,5b91063b-bd17-43b0-bdf3-22d8fb2218e1,KXHIGHCHI-25MAR20-B42.5,32704.754,46,-1.0,43.115,63,37,1,41.9,-0.6,-3.9,3.3,66.2,34.3,100,0,38178.2,29.2,19.5,42,0,0.615,-1.215,98.0,2.0,0.0,2,4,63,31,3,1,-36.285,-63,0
2025-03-20 14:53:55.246191,23cdc1a3-a65b-4c09-a377-5a59297df7f2,KXHIGHCHI-25MAR20-B42.5,32704.754,14,-1.0,43.115,63,37,1,41.9,-0.6,-3.9,3.3,66.2,34.3,100,0,38178.2,29.2,19.5,42,0,0.615,-1.215,98.0,2.0,0.0,2,4,63,31,3,1,-36.511,-63,0
2025-03-20 14:54:41.252471,d80446cd-28c0-4a91-bf5f-0b6ca1d84826,KXHIGHCHI-25MAR20-B44.5,32658.748,10,1.0,43.269,44,56,1,41.9,-2.6,-5.9,3.3,66.2,34.3,100,0,38178.2,29.2,19.5,42,0,-1.231,-1.369,98.0,2.0,0.0,2,4,63,44,3,1,33.854,56,1
2025-03-20 14:55:06.041498,ce0dd0a4-9a78-4d68-990e-f80801cc54f2,KXHIGHCHI-25MAR20-B44.5,32633.959,50,1.0,43.115,31,69,0,41.9,-2.6,-5.9,3.3,66.2,34.3,100,0,38178.2,29.2,19.5,42,0,-1.385,-1.215,98.0,2.0,0.0,2,4,63,31,3,1,-46.738,-69,1
2025-03-20 14:55:56.154194,9563806a-f844-42e0-b9c4-ad647524f648,KXHIGHCHI-25MAR20-B44.5,32583.846,11,1.0,43.115,31,69,0,41.9,-2.6,-5.9,3.3,66.2,34.3,100,0,38178.2,29.2,19.5,42,0,-1.385,-1.215,98.0,2.0,0.0,2,4,63,31,3,1,-46.652,-69,1
2025-03-20 14:56:56.771579,b9c92de5-c9e5-41b9-9bce-e0f76f265d78,KXHIGHCHI-25MAR20-B44.5,32523.228,25,1.0,43.129,32,68,0,41.9,-2.6,-5.9,3.3,66.2,34.3,100,0,38178.2,29.2,19.5,42,0,-1.371,-1.229,98.0,2.0,0.0,2,4,63,32,3,1,-45.606,-68,1
2025-03-20 14:58:18.580786,804363e5-a617-4760-9ad6-24533b3c78c4,KXHIGHCHI-25MAR20-B44.5,32441.419,84,1.0,43.129,32,68,0,41.9,-2.6,-5.9,3.3,66.2,34.3,100,0,38178.2,29.2,19.5,42,0,-1.371,-1.229,98.0,2.0,0.0,2,4,63,32,3,1,-45.584,-68,1
2025-03-20 14:59:37.519913,57728325-0a8e-412d-a354-722d27b476e9,KXHIGHCHI-25MAR20-B44.5,32362.48,100,1.0,43.115,31,69,0,41.9,-2.6,-5.9,3.3,66.2,34.3,100,0,38178.2,29.2,19.5,42,0,-1.385,-1.215,98.0,2.0,0.0,2,4,63,31,3,1,-46.544,-69,1
2025-03-20 15:00:10.855352,db6e78b6-01af-4ea3-b301-3590f55cb89d,KXHIGHCHI-25MAR20-B44.5,32329.145,10,1.0,43.129,32,68,1,41.9,-2.6,-3.7,1.1,66.2,34.3,100,0,38178.2,28.4,19.9,43,0,-1.371,-1.229,98.0,2.0,0.0,2,4,63,32,3,1,45.487,68,1
2025-03-20 15:01:22.523990,5e6acd87-c4b4-4b03-9813-4f8c56866139,KXHIGHCHI-25MAR20-B42.5,32257.476,15,-1.0,43.135,62,38,1,41.9,-0.6,-1.7,1.1,66.2,34.3,100,0,38178.2,28.4,19.9,43,0,0.635,-1.235,98.0,2.0,0.0,2,4,62,32,3,1,-35.12,-62,0
2025-03-20 15:01:50.350938,4d885c68-3600-4836-9f37-f2f54fcfdae3,KXHIGHCHI-25MAR20-T40,32229.649,17,-5.0,43.18,1,99,1,41.9,3.4,2.3,1.1,66.2,34.3,100,0,38178.2,28.4,19.9,43,0,4.68,-1.28,98.0,2.0,0.0,1,4,62,32,3,1,7.974,-1,0
2025-03-20 15:01:57.289533,f523dfc7-6510-424d-a9a8-d56d9042ef6f,KXHIGHCHI-25MAR20-B44.5,32222.71,10,1.0,43.328,45,55,1,41.9,-2.6,-3.7,1.1,66.2,34.3,100,0,38178.2,28.4,19.9,43,0,-1.172,-1.428,98.0,2.0,0.0,1,4,62,45,3,1,32.43,55,1
2025-03-20 15:02:10.673614,f6446dd6-9d76-426b-9d8c-0b34372a1679,KXHIGHCHI-25MAR20-B40.5,32209.326,500,-3.0,43.403,1,99,0,41.9,1.4,0.3,1.1,66.2,34.3,100,0,38178.2,28.4,19.9,43,0,2.903,-1.503,98.0,2.0,0.0,1,1,62,45,3,1,-13.169,1,0
2025-03-20 15:02:10.673614,979c7814-3c24-437f-9ea9-8dc6d363aea7,KXHIGHCHI-25MAR20-B40.5,32209.326,50,-3.0,43.377,2,98,0,41.9,1.4,0.3,1.1,66.2,34.3,100,0,38178.2,28.4,19.9,43,0,2.877,-1.477,98.0,2.0,0.0,1,2,62,45,3,1,-12.175,2,0
2025-03-20 15:02:10.673614,8aec4701-1f56-4055-b6e8-12fd23d54060,KXHIGHCHI-25MAR20-B40.5,32209.326,44,-3.0,43.352,3,97,0,41.9,1.4,0.3,1.1,66.2,34.3,100,0,38178.2,28.4,19.9,43,0,2.852,-1.452,98.0,2.0,0.0,1,3,62,45,3,1,-11.222,3,0
2025-03-20 15:02:14.549934,cafe4000-926b-4669-98a2-9280f726a6f0,KXHIGHCHI-25MAR20-B42.5,32205.45,10,-1.0,43.461,49,51,0,41.9,-0.6,-1.7,1.1,66.2,34.3,100,0,38178.2,28.4,19.9,43,0,0.961,-1.561,98.0,2.0,0.0,1,3,49,45,3,1,21.96,49,0
2025-03-20 15:05:40.474492,43d4cc5a-134d-4708-89bd-4b8a9bea0084,KXHIGHCHI-25MAR20-B42.5,31999.526,121,-1.0,43.331,65,35,1,41.9,-0.6,-1.7,1.1,66.2,34.3,100,0,38178.2,28.4,19.9,43,0,0.831,-1.431,98.0,2.0,0.0,1,3,65,45,3,1,-37.588,-65,0
2025-03-20 15:05:40.474492,07b34fe0-82d6-45d4-87b4-afa45357b60d,KXHIGHCHI-25MAR20-B42.5,31999.526,37,-1.0,43.331,65,35,1,41.9,-0.6,-1.7,1.1,66.2,34.3,100,0,38178.2,28.4,19.9,43,0,0.831,-1.431,98.0,2.0,0.0,1,3,65,45,3,1,-37.82,-65,0
2025-03-20 15:05:40.474492,650af4fd-8fd8-4203-b416-f170be9bc6dc,KXHIGHCHI-25MAR20-B42.5,31999.526,20,-1.0,43.338,64,36,1,41.9,-0.6,-1.7,1.1,66.2,34.3,100,0,38178.2,28.4,19.9,43,0,0.838,-1.438,98.0,2.0,0.0,1,3,64,45,3,1,-36.517,-64,0
2025-03-20 15:07:56.736815,6c0c8bdf-c9ab-4331-aacf-79ca1621c425,KXHIGHCHI-25MAR20-B44.5,31863.263,21,1.0,43.34,46,54,1,41.9,-2.6,-3.7,1.1,66.2,34.3,100,0,38178.2,28.4,19.9,43,0,-1.16,-1.44,98.0,2.0,0.0,1,3,65,46,3,1,31.373,54,1
2025-03-20 15:12:43.772960,8ce2ee48-7039-4e46-bbae-86f65293e616,KXHIGHCHI-25MAR20-B44.5,31576.227,4,1.0,43.35,47,53,1,41.9,-2.6,-3.7,1.1,66.2,34.3,100,0,38178.2,28.4,19.9,43,0,-1.15,-1.45,98.0,2.0,0.0,1,3,65,47,3,1,30.333,53,1
2025-03-20 15:14:09.935417,e5fa7191-0009-4329-b39a-988f75e390d6,KXHIGHCHI-25MAR20-B42.5,31490.065,5,-1.0,43.35,65,35,1,41.9,-0.6,-1.7,1.1,66.2,34.3,100,0,38178.2,28.4,19.9,43,0,0.85,-1.45,98.0,2.0,0.0,1,3,65,47,3,1,-37.087,-65,0
2025-03-20 15:14:09.935417,a0b8bfcd-b06d-4aa7-bf00-876b4c3d7969,KXHIGHCHI-25MAR20-B42.5,31490.065,20,-1.0,43.357,64,36,1,41.9,-0.6,-1.7,1.1,66.2,34.3,100,0,38178.2,28.4,19.9,43,0,0.857,-1.457,98.0,2.0,0.0,1,3,64,47,3,1,-36.221,-64,0
2025-03-20 15:14:09.991390,a22410b4-d13b-43a5-baa2-b3c1b9a0fb3d,KXHIGHCHI-25MAR20-B44.5,31490.009,20,1.0,43.347,46,54,0,41.9,-2.6,-3.7,1.1,66.2,34.3,100,0,38178.2,28.4,19.9,43,0,-1.153,-1.447,98.0,2.0,0.0,1,3,64,46,3,1,-31.305,-54,1
2025-03-20 15:14:09.995166,423e67f4-27b6-4489-9c04-da6e3e11267f,KXHIGHCHI-25MAR20-B46.5,31490.005,20,3.0,43.347,3,97,0,41.9,-4.6,-5.7,1.1,66.2,34.3,100,0,38178.2,28.4,19.9,43,0,-3.153,-1.447,98.0,2.0,0.0,1,3,64,46,3,1,-1.983,3,0
2025-03-20 15:15:19.407176,7a1dbe69-b5a8-44e4-b26d-d2b9d753d1b3,KXHIGHCHI-25MAR20-B44.5,31420.593,6,1.0,43.357,47,53,1,41.9,-2.6,-3.7,1.1,66.2,34.3,100,0,38178.2,28.4,19.9,43,0,-1.143,-1.457,98.0,2.0,0.0,1,3,64,47,3,1,30.249,53,1
2025-03-20 15:16:09.366482,5743b146-ee8e-4138-b5ae-327c7aacc21f,KXHIGHCHI-25MAR20-B42.5,31370.634,6,-1.0,43.49,48,52,0,41.9,-0.6,-1.7,1.1,66.2,34.3,100,0,38178.2,28.4,19.9,43,0,0.99,-1.59,98.0,2.0,0.0,1,3,48,47,3,1,19.822,48,0
2025-03-20 15:16:15.834386,ed04633f-a1ac-43f9-8118-2cf1e20483b9,KXHIGHCHI-25MAR20-B44.5,31364.166,4,1.0,43.49,47,53,1,41.9,-2.6,-3.7,1.1,66.2,34.3,100,0,38178.2,28.4,19.9,43,0,-1.01,-1.59,98.0,2.0,0.0,1,3,48,47,3,1,30.136,53,1
2025-03-20 15:20:10.021084,d5dc723f-3dd5-42bf-93a5-d29863f75e29,KXHIGHCHI-25MAR20-B46.5,31129.979,199,3.0,43.49,3,97,0,41.9,-4.6,-5.7,1.1,66.2,34.3,100,0,38178.2,28.4,19.9,43,0,-3.01,-1.59,98.0,2.0,0.0,1,3,48,47,3,1,-2.165,3,0
2025-03-20 15:20:31.288860,56766526-b706-410d-ada7-9cd9ea6cd794,KXHIGHCHI-25MAR20-B46.5,31108.711,199,3.0,43.49,3,97,0,41.9,-4.6,-5.7,1.1,66.2,34.3,100,0,38178.2,28.4,19.9,43,0,-3.01,-1.59,98.0,2.0,0.0,1,3,48,47,3,1,-2.167,3,0
2025-03-20 15:23:19.184021,bed3e447-0716-4cc5-8547-5b3731ec324b,KXHIGHCHI-25MAR20-B42.5,30940.816,3,-1.0,43.51,46,54,0,41.9,-0.6,-1.7,1.1,66.2,34.3,100,0,38178.2,28.4,19.9,43,0,1.01,-1.61,98.0,2.0,0.0,1,3,46,47,3,1,17.754,46,0
2025-03-20 15:23:25.354869,b98025b0-663b-4872-93b3-df6a1bf2c97b,KXHIGHCHI-25MAR20-B44.5,30934.645,7,1.0,43.51,47,53,1,41.9,-2.6,-3.7,1.1,66.2,34.3,100,0,38178.2,28.4,19.9,43,0,-0.99,-1.61,98.0,2.0,0.0,1,3,46,47,3,1,30.087,53,1
2025-03-20 15:25:30.545736,004ce6a9-ad9a-4efb-9c6d-d8d2d48392f4,KXHIGHCHI-25MAR20-B42.5,30809.454,7,-1.0,43.53,44,56,0,41.9,-0.6,-1.7,1.1,66.2,34.3,100,0,38178.2,28.4,19.9,43,0,1.03,-1.63,98.0,2.0,0.0,1,3,44,47,3,1,15.752,44,0
2025-03-20 15:25:36.978812,69349711-09fb-4738-b4a8-d3e686cdb494,KXHIGHCHI-25MAR20-B44.5,30803.021,3,1.0,43.53,47,53,1,41.9,-2.6,-3.7,1.1,66.2,34.3,100,0,38178.2,28.4,19.9,43,0,-0.97,-1.63,98.0,2.0,0.0,1,3,44,47,3,1,30.06,53,1
2025-03-20 15:27:00.962194,4441c01e-8a29-4501-88f8-c5e72f06abb9,KXHIGHCHI-25MAR20-B42.5,30719.038,3,-1.0,43.364,63,37,1,41.9,-0.6,-1.7,1.1,66.2,34.3,100,0,38178.2,28.4,19.9,43,0,0.864,-1.464,98.0,2.0,0.0,1,3,63,47,3,1,-34.595,-63,0
2025-03-20 15:27:00.962194,640377f2-290d-4806-82bc-04b2390a281c,KXHIGHCHI-25MAR20-B42.5,30719.038,10,-1.0,43.357,64,36,1,41.9,-0.6,-1.7,1.1,66.2,34.3,100,0,38178.2,28.4,19.9,43,0,0.857,-1.457,98.0,2.0,0.0,1,3,64,47,3,1,-35.567,-64,0
2025-03-20 15:27:00.962194,69d01230-8449-4f61-a466-be5d1b621af9,KXHIGHCHI-25MAR20-B42.5,30719.038,3,-1.0,43.379,61,39,1,41.9,-0.6,-1.7,1.1,66.2,34.3,100,0,38178.2,28.4,19.9,43,0,0.879,-1.479,98.0,2.0,0.0,1,3,61,47,3,1,-32.523,-61,0
2025-03-20 15:27:00.962194,2b93d249-076a-45ae-9b03-1e5c6e7cedc5,KXHIGHCHI-25MAR20-B42.5,30719.038,7,-1.0,43.364,63,37,1,41.9,-0.6,-1.7,1.1,66.2,34.3,100,0,38178.2,28.4,19.9,43,0,0.864,-1.464,98.0,2.0,0.0,1,3,63,47,3,1,-34.736,-63,0
2025-03-20 15:27:00.962194,92e47fca-a3eb-4a3e-953b-1cece77df106,KXHIGHCHI-25MAR20-B42.5,30719.038,3,-1.0,43.372,62,38,1,41.9,-0.6,-1.7,1.1,66.2,34.3,100,0,38178.2,28.4,19.9,43,0,0.872,-1.472,98.0,2.0,0.0,1,3,62,47,3,1,-32.945,-62,0
2025-03-20 15:27:00.962194,9c756197-b443-418f-9cbd-e635277c1af5,KXHIGHCHI-25MAR20-B42.5,30719.038,3,-1.0,43.364,63,37,1,41.9,-0.6,-1.7,1.1,66.2,34.3,100,0,38178.2,28.4,19.9,43,0,0.864,-1.464,98.0,2.0,0.0,1,3,63,47,3,1,-33.927,-63,0
2025-03-20 15:27:00.962194,bb080545-17a6-4807-92f0-915e25b367d6,KXHIGHCHI-25MAR20-B42.5,30719.038,62,-1.0,43.357,64,36,1,41.9,-0.6,-1.7,1.1,66.2,34.3,100,0,38178.2,28.4,19.9,43,0,0.857,-1.457,98.0,2.0,0.0,1,3,64,47,3,1,-34.883,-64,0
2025-03-20 15:27:00.962194,7153db58-fa3b-46d4-855c-e95e12894b98,KXHIGHCHI-25MAR20-B42.5,30719.038,3,-1.0,43.387,60,40,1,41.9,-0.6,-1.7,1.1,66.2,34.3,100,0,38178.2,28.4,19.9,43,0,0.887,-1.487,98.0,2.0,0.0,1,3,60,47,3,1,-30.954,-60,0
2025-03-20 15:27:00.962194,06b1e7d6-7006-43c1-b30f-8f7b18ffd83a,KXHIGHCHI-25MAR20-B42.5,30719.038,6,-1.0,43.364,63,37,1,41.9,-0.6,-1.7,1.1,66.2,34.3,100,0,38178.2,28.4,19.9,43,0,0.864,-1.464,98.0,2.0,0.0,1,3,63,47,3,1,-34.746,-63,0
2025-03-20 15:28:04.125281,b1fc0733-4a8b-482f-a8ca-1bb822cb00d3,KXHIGHCHI-25MAR20-B44.5,30655.875,20,1.0,43.259,37,63,0,41.9,-2.6,-3.7,1.1,66.2,34.3,100,0,38178.2,28.4,19.9,43,0,-1.241,-1.359,98.0,2.0,0.0,1,3,63,37,3,1,-40.011,-63,1
2025-03-20 15:28:59.439984,fc38be03-9165-4a72-b925-71dd4f7b48bd,KXHIGHCHI-25MAR20-B40.5,30600.56,11,-3.0,43.311,1,99,1,41.9,1.4,0.3,1.1,66.2,34.3,100,0,38178.2,28.4,19.9,43,0,2.811,-1.411,98.0,2.0,0.0,1,1,63,37,3,1,13.146,-1,0
2025-03-20 15:29:29.969356,f2873d64-3279-4e34-8bd1-02109736fed4,KXHIGHCHI-25MAR20-B42.5,30570.031,1,-1.0,43.489,44,56,0,41.9,-0.6,-1.7,1.1,66.2,34.3,100,0,38178.2,28.4,19.9,43,0,0.989,-1.589,98.0,2.0,0.0,1,1,44,37,3,1,14.851,44,0
2025-03-20 15:29:33.660786,b7632329-841b-4e5c-a933-410104ceac27,KXHIGHCHI-25MAR20-B44.5,30566.339,99,1.0,43.489,37,63,1,41.9,-2.6,-3.7,1.1,66.2,34.3,100,0,38178.2,28.4,19.9,43,0,-1.011,-1.589,98.0,2.0,0.0,1,1,44,37,3,1,39.994,63,1
2025-03-20 15:29:36.622043,8a9b5e2f-2f28-4339-92be-84361242ba86,KXHIGHCHI-25MAR20-B44.5,30563.378,2,1.0,43.489,37,63,1,41.9,-2.6,-3.7,1.1,66.2,34.3,100,0,38178.2,28.4,19.9,43,0,-1.011,-1.589,98.0,2.0,0.0,1,1,44,37,3,1,39.984,63,1
2025-03-20 15:30:17.106203,622287d5-bf4b-485f-827c-7ba1a78195f5,KXHIGHCHI-25MAR20-B44.5,30522.894,6,1.0,43.489,37,63,1,41.9,-2.6,-3.7,1.1,66.2,34.3,100,0,38178.2,28.4,19.9,43,0,-1.011,-1.589,98.0,2.0,0.0,1,1,44,37,3,1,39.744,63,1
2025-03-20 15:30:23.549345,d810a0b3-4211-4ebf-8639-2734b2a98bf1,KXHIGHCHI-25MAR20-B42.5,30516.451,1,-1.0,43.489,44,56,0,41.9,-0.6,-1.7,1.1,66.2,34.3,100,0,38178.2,28.4,19.9,43,0,0.989,-1.589,98.0,2.0,0.0,1,1,44,37,3,1,14.624,44,0
2025-03-20 15:30:54.108343,4beb6695-79da-430b-9298-283c1b7a0eee,KXHIGHCHI-25MAR20-B44.5,30485.892,26,1.0,43.489,37,63,1,41.9,-2.6,-3.7,1.1,66.2,34.3,100,0,38178.2,28.4,19.9,43,0,-1.011,-1.589,98.0,2.0,0.0,1,1,44,37,3,1,39.688,63,1
2025-03-20 15:31:13.950762,09f9686e-b6c0-44d1-820a-44b5d44ea0fb,KXHIGHCHI-25MAR20-B42.5,30466.049,1,-1.0,43.489,44,56,0,41.9,-0.6,-1.7,1.1,66.2,34.3,100,0,38178.2,28.4,19.9,43,0,0.989,-1.589,98.0,2.0,0.0,1,1,44,37,3,1,14.588,44,0
2025-03-20 15:31:13.950762,12e7359d-36af-4def-abff-9a625f19614a,KXHIGHCHI-25MAR20-B42.5,30466.049,3,-1.0,43.489,44,56,0,41.9,-0.6,-1.7,1.1,66.2,34.3,100,0,38178.2,28.4,19.9,43,0,0.989,-1.589,98.0,2.0,0.0,1,1,44,37,3,1,14.581,44,0
2025-03-20 15:31:13.950762,532abd99-579c-402a-be12-dab5658009ec,KXHIGHCHI-25MAR20-B42.5,30466.049,4,-1.0,43.489,44,56,0,41.9,-0.6,-1.7,1.1,66.2,34.3,100,0,38178.2,28.4,19.9,43,0,0.989,-1.589,98.0,2.0,0.0,1,1,44,37,3,1,14.488,44,0
2025-03-20 15:31:13.950762,3e18e623-974a-4e58-83f5-c4b585820319,KXHIGHCHI-25MAR20-B42.5,30466.049,7,-1.0,43.489,44,56,0,41.9,-0.6,-1.7,1.1,66.2,34.3,100,0,38178.2,28.4,19.9,43,0,0.989,-1.589,98.0,2.0,0.0,1,1,44,37,3,1,14.514,44,0
2025-03-20 15:31:13.950762,c786b7b8-2f56-4441-a935-a8ea0834082b,KXHIGHCHI-25MAR20-B42.5,30466.049,10,-1.0,43.5,43,57,0,41.9,-0.6,-1.7,1.1,66.2,34.3,100,0,38178.2,28.4,19.9,43,0,1.0,-1.6,98.0,2.0,0.0,1,1,43,37,3,1,13.1,43,0
2025-03-20 15:31:13.950762,daf84b69-184e-4a5c-8e8b-81d52bc0a082,KXHIGHCHI-25MAR20-B42.5,30466.049,5,-1.0,43.489,44,56,0,41.9,-0.6,-1.7,1.1,66.2,34.3,100,0,38178.2,28.4,19.9,43,0,0.989,-1.589,98.0,2.0,0.0,1,1,44,37,3,1,13.954,44,0
2025-03-20 15:31:13.950762,b2b6eaac-3d21-4292-901c-20832b9b074c,KXHIGHCHI-25MAR20-B42.5,30466.049,3,-1.0,43.489,44,56,0,41.9,-0.6,-1.7,1.1,66.2,34.3,100,0,38178.2,28.4,19.9,43,0,0.989,-1.589,98.0,2.0,0.0,1,1,44,37,3,1,14.464,44,0
2025-03-20 15:32:59.675874,fc336a05-95f7-4585-8c63-c622172e4b2e,KXHIGHCHI-25MAR20-B44.5,30360.324,10,1.0,43.489,37,63,1,41.9,-2.6,-3.7,1.1,66.2,34.3,100,0,38178.2,28.4,19.9,43,0,-1.011,-1.589,98.0,2.0,0.0,1,1,44,37,3,1,39.649,63,1
2025-03-20 15:37:05.473523,f43b0741-8945-488b-a661-d4b3647e3346,KXHIGHCHI-25MAR20-B44.5,30114.526,8,1.0,43.489,37,63,1,41.9,-2.6,-3.7,1.1,66.2,34.3,100,0,38178.2,28.4,19.9,43,0,-1.011,-1.589,98.0,2.0,0.0,1,1,44,37,3,1,39.596,63,1
2025-03-20 15:37:11.097874,afb75b50-dcae-49d6-8274-6c8d8eab5903,KXHIGHCHI-25MAR20-B42.5,30108.902,2,-1.0,43.466,46,54,0,41.9,-0.6,-1.7,1.1,66.2,34.3,100,0,38178.2,28.4,19.9,43,0,0.966,-1.566,98.0,2.0,0.0,1,1,46,37,3,1,15.952,46,0
2025-03-20 15:39:17.093217,f17b247c-cd2c-411d-815c-c6a21a4f71ec,KXHIGHCHI-25MAR20-B44.5,29982.907,8,1.0,43.466,37,63,1,41.9,-2.6,-3.7,1.1,66.2,34.3,100,0,38178.2,28.4,19.9,43,0,-1.034,-1.566,98.0,2.0,0.0,1,1,46,37,3,1,39.546,63,1
2025-03-20 15:39:23.002169,36fa4a6b-9a6d-4b10-995c-f293958431e6,KXHIGHCHI-25MAR20-B42.5,29976.998,2,-1.0,43.466,46,54,0,41.9,-0.6,-1.7,1.1,66.2,34.3,100,0,38178.2,28.4,19.9,43,0,0.966,-1.566,98.0,2.0,0.0,1,1,46,37,3,1,15.941,46,0
2025-03-20 15:40:46.665992,346770a2-55a0-4ae5-a6f3-e37a4ab07e09,KXHIGHCHI-25MAR20-B44.5,29893.334,200,1.0,43.466,37,63,1,41.9,-2.6,-3.7,1.1,66.2,34.3,100,0,38178.2,28.4,19.9,43,0,-1.034,-1.566,98.0,2.0,0.0,1,1,46,37,3,1,39.541,63,1
2025-03-20 15:41:03.161027,fce310bb-682a-4ffd-bd7c-a04c3f982ca7,KXHIGHCHI-25MAR20-B44.5,29876.839,121,1.0,43.466,37,63,1,41.9,-2.6,-3.7,1.1,66.2,34.3,100,0,38178.2,28.4,19.9,43,0,-1.034,-1.566,98.0,2.0,0.0,1,1,46,37,3,1,39.41,63,1
2025-03-20 15:41:03.161027,cda93ae4-2b2d-4d4c-a689-72bdbf120beb,KXHIGHCHI-25MAR20-B44.5,29876.839,20,1.0,43.466,37,63,1,41.9,-2.6,-3.7,1.1,66.2,34.3,100,0,38178.2,28.4,19.9,43,0,-1.034,-1.566,98.0,2.0,0.0,1,1,46,37,3,1,39.454,63,1
2025-03-20 15:41:25.410461,0a9009bb-aea0-47f3-a4f2-eb5e937f1a19,KXHIGHCHI-25MAR20-B42.5,29854.59,2,-1.0,43.466,46,54,0,41.9,-0.6,-1.7,1.1,66.2,34.3,100,0,38178.2,28.4,19.9,43,0,0.966,-1.566,98.0,2.0,0.0,1,1,46,37,3,1,15.929,46,0
2025-03-20 15:44:54.261768,7a5a5c90-97ed-45f8-8239-d8bf25b8ab76,KXHIGHCHI-25MAR20-B44.5,29645.738,8,1.0,43.571,47,53,1,41.9,-2.6,-3.7,1.1,66.2,34.3,100,0,38178.2,28.4,19.9,43,0,-0.929,-1.671,98.0,2.0,0.0,1,1,46,47,3,1,29.367,53,1
2025-03-20 15:47:55.169353,b75b7697-805e-4da3-9b84-25b0340525f5,KXHIGHCHI-25MAR20-B42.5,29464.831,7,-1.0,43.539,49,51,1,41.9,-0.6,-1.7,1.1,66.2,34.3,100,0,38178.2,28.4,19.9,43,0,1.039,-1.639,98.0,2.0,0.0,1,1,49,47,3,1,-18.917,-49,0
2025-03-20 15:48:15.543492,a095ccbc-74d8-4ff7-9b8d-3d1316bfe598,KXHIGHCHI-25MAR20-B44.5,29444.457,20,1.0,43.435,37,63,0,41.9,-2.6,-3.7,1.1,66.2,34.3,100,0,38178.2,28.4,19.9,43,0,-1.065,-1.535,98.0,2.0,0.0,1,1,49,37,3,1,-39.338,-63,1
2025-03-20 15:49:57.270848,d0429bdf-6771-4bf7-8d1d-1705550ace50,KXHIGHCHI-25MAR20-B44.5,29342.729,43,1.0,43.479,41,59,0,41.9,-2.6,-3.7,1.1,66.2,34.3,100,0,38178.2,28.4,19.9,43,0,-1.021,-1.579,98.0,2.0,0.0,1,1,49,41,3,1,-35.297,-59,1
2025-03-20 15:51:14.172389,87928d6b-1e68-4cb7-95fb-80a82634bd4c,KXHIGHCHI-25MAR20-B44.5,29265.828,20,1.0,43.558,49,51,1,41.9,-2.6,-3.7,1.1,66.2,34.3,100,0,38178.2,28.4,19.9,43,0,-0.942,-1.658,98.0,2.0,0.0,1,1,49,49,3,1,27.267,51,1
2025-03-20 15:51:17.269764,63839fb8-1c27-4cf7-a263-f2a747e5581a,KXHIGHCHI-25MAR20-B44.5,29262.73,9,1.0,43.558,49,51,1,41.9,-2.6,-3.7,1.1,66.2,34.3,100,0,38178.2,28.4,19.9,43,0,-0.942,-1.658,98.0,2.0,0.0,1,1,49,49,3,1,27.124,51,1
2025-03-20 15:51:23.202364,cedbc6d2-b1a1-45a2-96ae-cd4e3363f547,KXHIGHCHI-25MAR20-B42.5,29256.798,1,-1.0,43.622,43,57,0,41.9,-0.6,-1.7,1.1,66.2,34.3,100,0,38178.2,28.4,19.9,43,0,1.122,-1.722,98.0,2.0,0.0,1,1,43,49,3,1,12.904,43,0
2025-03-20 15:51:27.239571,f2822f27-a61f-4b16-a804-cfb08c4e20a1,KXHIGHCHI-25MAR20-B42.5,29252.76,10,-1.0,43.568,48,52,1,41.9,-0.6,-1.7,1.1,66.2,34.3,100,0,38178.2,28.4,19.9,43,0,1.068,-1.668,98.0,2.0,0.0,1,1,48,49,3,1,-17.908,-48,0
2025-03-20 15:51:37.751318,07c55522-ebaf-460c-b40b-7689f7effc75,KXHIGHCHI-25MAR20-B44.5,29242.249,19,1.0,43.568,49,51,1,41.9,-2.6,-3.7,1.1,66.2,34.3,100,0,38178.2,28.4,19.9,43,0,-0.932,-1.668,98.0,2.0,0.0,1,1,48,49,3,1,27.017,51,1
2025-03-20 15:54:02.618896,a947c58c-817b-40d7-b9fe-a44dda7d3bfe,KXHIGHCHI-25MAR20-B42.5,29097.381,37,-1.0,43.622,43,57,0,41.9,-0.6,-1.7,1.1,66.2,34.3,100,0,38178.2,28.4,19.9,43,0,1.122,-1.722,98.0,2.0,0.0,1,1,43,49,3,1,12.932,43,0
2025-03-20 15:54:12.403409,9a0d6850-28dc-46fa-8f45-a8921676ed1c,KXHIGHCHI-25MAR20-B42.5,29087.597,100,-1.0,43.875,25,75,0,41.9,-0.6,-1.7,1.1,66.2,34.3,100,0,38178.2,28.4,19.9,43,0,1.375,-1.975,98.0,2.0,0.0,1,1,25,49,3,1,-5.06,25,0
2025-03-20 15:54:12.403409,5bbfb3eb-aa7e-4a5b-923b-c87d336fc2f6,KXHIGHCHI-25MAR20-B42.5,29087.597,20,-1.0,43.794,30,70,0,41.9,-0.6,-1.7,1.1,66.2,34.3,100,0,38178.2,28.4,19.9,43,0,1.294,-1.894,98.0,2.0,0.0,1,1,30,49,3,1,-0.062,30,0
2025-03-20 15:54:12.403409,ec19878b-ee13-4f5e-a4c6-c5d8be15e50e,KXHIGHCHI-25MAR20-B42.5,29087.597,1,-1.0,43.875,25,75,0,41.9,-0.6,-1.7,1.1,66.2,34.3,100,0,38178.2,28.4,19.9,43,0,1.375,-1.975,98.0,2.0,0.0,1,1,25,49,3,1,-4.989,25,0
2025-03-20 15:54:12.403409,b7a00825-b6cd-4797-b227-130bee22cc4e,KXHIGHCHI-25MAR20-B42.5,29087.597,199,-1.0,43.858,26,74,0,41.9,-0.6,-1.7,1.1,66.2,34.3,100,0,38178.2,28.4,19.9,43,0,1.358,-1.958,98.0,2.0,0.0,1,1,26,49,3,1,-4.003,26,0
2025-03-20 15:54:21.241615,fa5c1738-85b1-4a6a-b394-cedee7fff0fb,KXHIGHCHI-25MAR20-B42.5,29078.758,199,-1.0,43.947,21,79,0,41.9,-0.6,-1.7,1.1,66.2,34.3,100,0,38178.2,28.4,19.9,43,0,1.447,-2.047,98.0,2.0,0.0,1,1,21,49,3,1,-9.009,21,0
2025-03-20 15:54:21.241615,f5eff357-4b77-411d-862b-41f0b7a92152,KXHIGHCHI-25MAR20-B42.5,29078.758,100,-1.0,43.967,20,80,0,41.9,-0.6,-1.7,1.1,66.2,34.3,100,0,38178.2,28.4,19.9,43,0,1.467,-2.067,98.0,2.0,0.0,1,1,20,49,3,1,-10.006,20,0
2025-03-20 15:54:21.241615,a906f9ce-b49c-4ad2-abcf-e64188828956,KXHIGHCHI-25MAR20-B42.5,29078.758,1,-1.0,43.947,21,79,0,41.9,-0.6,-1.7,1.1,66.2,34.3,100,0,38178.2,28.4,19.9,43,0,1.447,-2.047,98.0,2.0,0.0,1,1,21,49,3,1,-8.972,21,0
2025-03-20 15:54:21.241615,161b25bb-7ca0-4827-a7a6-e6412cb5b9d4,KXHIGHCHI-25MAR20-B42.5,29078.758,11,-1.0,43.947,21,79,0,41.9,-0.6,-1.7,1.1,66.2,34.3,100,0,38178.2,28.4,19.9,43,0,1.447,-2.047,98.0,2.0,0.0,1,1,21,49,3,1,-8.974,21,0
2025-03-20 15:54:21.241615,0d041cc7-0d74-46a5-beea-c40e3574a1b1,KXHIGHCHI-25MAR20-B42.5,29078.758,20,-1.0,43.929,22,78,0,41.9,-0.6,-1.7,1.1,66.2,34.3,100,0,38178.2,28.4,19.9,43,0,1.429,-2.029,98.0,2.0,0.0,1,1,22,49,3,1,-7.978,22,0
2025-03-20 15:54:29.444502,8d34ed23-8630-4534-b725-47c29e7063ae,KXHIGHCHI-25MAR20-B42.5,29070.555,1,-1.0,43.986,19,81,0,41.9,-0.6,-1.7,1.1,66.2,34.3,100,0,38178.2,28.4,19.9,43,0,1.486,-2.086,98.0,2.0,0.0,1,1,19,49,3,1,-11.018,19,0
2025-03-20 15:54:29.444502,87cae299-052d-43c3-ad47-efa659d5baf7,KXHIGHCHI-25MAR20-B42.5,29070.555,199,-1.0,43.986,19,81,0,41.9,-0.6,-1.7,1.1,66.2,34.3,100,0,38178.2,28.4,19.9,43,0,1.486,-2.086,98.0,2.0,0.0,1,1,19,49,3,1,-11.017,19,0
2025-03-20 15:54:29.444502,5f3f70c5-4f9a-4c74-915f-d5cc0e6ad7f6,KXHIGHCHI-25MAR20-B42.5,29070.555,200,-1.0,44.007,18,82,0,41.9,-0.6,-1.7,1.1,66.2,34.3,100,0,38178.2,28.4,19.9,43,0,1.507,-2.107,98.0,2.0,0.0,1,1,18,49,3,1,-12.014,18,0
2025-03-20 15:54:29.444502,1173acfd-cf46-44bb-a05c-ba0555120e05,KXHIGHCHI-25MAR20-B42.5,29070.555,30,-1.0,43.967,20,80,0,41.9,-0.6,-1.7,1.1,66.2,34.3,100,0,38178.2,28.4,19.9,43,0,1.467,-2.067,98.0,2.0,0.0,1,1,20,49,3,1,-10.011,20,0
2025-03-20 15:54:33.217646,636d64ba-b016-46d0-973b-c374f4bed526,KXHIGHCHI-25MAR20-B42.5,29066.782,22,-1.0,44.274,7,93,0,41.9,-0.6,-1.7,1.1,66.2,34.3,100,0,38178.2,28.4,19.9,43,0,1.774,-2.374,98.0,2.0,0.0,1,1,7,49,3,1,-23.026,7,0
2025-03-20 15:54:33.217646,12a11049-58f9-4fa5-bf52-c5bc7f6424a3,KXHIGHCHI-25MAR20-B42.5,29066.782,300,-1.0,44.303,6,94,0,41.9,-0.6,-1.7,1.1,66.2,34.3,100,0,38178.2,28.4,19.9,43,0,1.803,-2.403,98.0,2.0,0.0,1,1,6,49,3,1,-24.024,6,0
2025-03-20 15:54:33.217646,6904a9ad-48e8-476a-8c91-c0c3e24ba77c,KXHIGHCHI-25MAR20-B42.5,29066.782,800,-1.0,44.192,10,90,0,41.9,-0.6,-1.7,1.1,66.2,34.3,100,0,38178.2,28.4,19.9,43,0,1.692,-2.292,98.0,2.0,0.0,1,1,10,49,3,1,-20.033,10,0
2025-03-20 15:54:33.217646,a498d8ce-c1fa-4e6b-8a82-e90eda4c2690,KXHIGHCHI-25MAR20-B42.5,29066.782,100,-1.0,44.071,15,85,0,41.9,-0.6,-1.7,1.1,66.2,34.3,100,0,38178.2,28.4,19.9,43,0,1.571,-2.171,98.0,2.0,0.0,1,1,15,49,3,1,-15.02,15,0
2025-03-20 15:54:33.217646,ab6a99e6-3e0d-417d-a5f2-8a44c48bb3da,KXHIGHCHI-25MAR20-B42.5,29066.782,199,-1.0,44.049,16,84,0,41.9,-0.6,-1.7,1.1,66.2,34.3,100,0,38178.2,28.4,19.9,43,0,1.549,-2.149,98.0,2.0,0.0,1,1,16,49,3,1,-14.036,16,0
2025-03-20 15:54:33.217646,b615081d-ae60-4a45-842a-125e8903ee22,KXHIGHCHI-25MAR20-B42.5,29066.782,7,-1.0,44.167,11,89,0,41.9,-0.6,-1.7,1.1,66.2,34.3,100,0,38178.2,28.4,19.9,43,0,1.667,-2.267,98.0,2.0,0.0,1,1,11,49,3,1,-19.036,11,0
2025-03-20 15:54:33.267017,f845898f-8f37-4e4a-bb73-6a9eb2385c06,KXHIGHCHI-25MAR20-B44.5,29066.733,20,1.0,44.306,50,50,1,41.9,-2.6,-3.7,1.1,66.2,34.3,100,0,38178.2,28.4,19.9,43,0,-0.194,-2.406,98.0,2.0,0.0,1,1,6,50,3,1,24.424,50,1
2025-03-20 15:54:33.267017,e17dcd4f-f5ae-4de8-bf11-b6df96863c1f,KXHIGHCHI-25MAR20-B44.5,29066.733,18,1.0,44.355,71,29,1,41.9,-2.6,-3.7,1.1,66.2,34.3,100,0,38178.2,28.4,19.9,43,0,-0.145,-2.455,98.0,2.0,0.0,1,1,6,71,3,1,3.429,29,1
2025-03-20 15:54:33.267017,cbd9a8f0-6ff5-4e0a-9e64-da65bd244f43,KXHIGHCHI-25MAR20-B44.5,29066.733,19,1.0,44.357,72,28,1,41.9,-2.6,-3.7,1.1,66.2,34.3,100,0,38178.2,28.4,19.9,43,0,-0.143,-2.457,98.0,2.0,0.0,1,1,6,72,3,1,2.435,28,1
2025-03-20 15:54:33.267017,cb9ee179-5fbc-4e46-a3f0-7550ea86791c,KXHIGHCHI-25MAR20-B44.5,29066.733,30,1.0,44.321,55,45,1,41.9,-2.6,-3.7,1.1,66.2,34.3,100,0,38178.2,28.4,19.9,43,0,-0.179,-2.421,98.0,2.0,0.0,1,1,6,55,3,1,19.488,45,1
2025-03-20 15:54:33.267017,b980a679-ddca-417f-9754-a16262daed80,KXHIGHCHI-25MAR20-B44.5,29066.733,20,1.0,44.355,71,29,1,41.9,-2.6,-3.7,1.1,66.2,34.3,100,0,38178.2,28.4,19.9,43,0,-0.145,-2.455,98.0,2.0,0.0,1,1,6,71,3,1,3.658,29,1
2025-03-20 15:54:33.267017,8b138319-84da-473d-a7fa-2d22a5f61fbc,KXHIGHCHI-25MAR20-B44.5,29066.733,14,1.0,44.303,49,51,1,41.9,-2.6,-3.7,1.1,66.2,34.3,100,0,38178.2,28.4,19.9,43,0,-0.197,-2.403,98.0,2.0,0.0,1,1,6,49,3,1,25.744,51,1
2025-03-20 15:54:33.267017,655108aa-ced7-4f06-9176-67e116a53cfc,KXHIGHCHI-25MAR20-B44.5,29066.733,5,1.0,44.318,54,46,1,41.9,-2.6,-3.7,1.1,66.2,34.3,100,0,38178.2,28.4,19.9,43,0,-0.182,-2.418,98.0,2.0,0.0,1,1,6,54,3,1,20.775,46,1
2025-03-20 15:54:33.267017,1ee3b6fd-8644-4976-aeb3-79108423756d,KXHIGHCHI-25MAR20-B44.5,29066.733,41,1.0,44.326,57,43,1,41.9,-2.6,-3.7,1.1,66.2,34.3,100,0,38178.2,28.4,19.9,43,0,-0.174,-2.426,98.0,2.0,0.0,1,1,6,57,3,1,17.808,43,1
2025-03-20 15:54:33.267017,1351653f-8b6a-479d-ac88-c948b81cc478,KXHIGHCHI-25MAR20-B44.5,29066.733,9,1.0,44.359,73,27,1,41.9,-2.6,-3.7,1.1,66.2,34.3,100,0,38178.2,28.4,19.9,43,0,-0.141,-2.459,98.0,2.0,0.0,1,1,6,73,3,1,1.885,27,1
2025-03-20 15:54:33.291925,4ff94816-152b-4340-95e7-ec1003bf4999,KXHIGHCHI-25MAR20-T47,29066.708,126,5.0,44.454,3,97,1,41.9,-6.6,-7.7,1.1,66.2,34.3,100,0,38178.2,28.4,19.9,43,0,-4.046,-2.554,98.0,2.0,0.0,1,1,6,73,3,3,-1.304,-3,0
2025-03-20 15:54:33.291925,923066f0-2c6f-4fe4-96c7-ab23b38ba3e7,KXHIGHCHI-25MAR20-T47,29066.708,50,5.0,44.454,3,97,1,41.9,-6.6,-7.7,1.1,66.2,34.3,100,0,38178.2,28.4,19.9,43,0,-4.046,-2.554,98.0,2.0,0.0,1,1,6,73,3,3,-1.271,-3,0
2025-03-20 15:54:33.292379,248461a7-b22b-4e40-b601-b58f4139d8ec,KXHIGHCHI-25MAR20-B42.5,29066.708,176,-1.0,44.573,1,99,1,41.9,-0.6,-1.7,1.1,66.2,34.3,100,0,38178.2,28.4,19.9,43,0,2.073,-2.673,98.0,2.0,0.0,1,1,1,73,3,3,29.013,-1,0
2025-03-20 15:54:33.292613,1427c7e2-228f-4ca5-8cf9-bac7bf07f32a,KXHIGHCHI-25MAR20-B46.5,29066.707,176,3.0,44.904,20,80,1,41.9,-4.6,-5.7,1.1,66.2,34.3,100,0,38178.2,28.4,19.9,43,0,-1.596,-3.004,98.0,2.0,0.0,1,1,1,73,20,3,-14.779,-20,0
2025-03-20 15:54:33.696626,52afb552-444c-45b5-9eab-70c6c99b18f1,KXHIGHCHI-25MAR20-B42.5,29066.303,1,-1.0,44.904,1,99,1,41.9,-0.6,-1.7,1.1,66.2,34.3,100,0,38178.2,28.4,19.9,43,0,2.404,-3.004,98.0,2.0,0.0,1,1,1,73,20,3,28.928,-1,0
2025-03-20 15:54:52.649066,fb182372-5062-445d-a5da-ce51134163a4,KXHIGHCHI-25MAR20-B44.5,29047.351,20,1.0,44.867,83,17,1,41.9,-2.6,-3.7,1.1,66.2,34.3,100,0,38178.2,28.4,19.9,43,0,0.367,-2.967,98.0,2.0,0.0,1,1,1,83,20,3,-9.251,17,1
2025-03-20 15:54:52.649066,541c29b1-5c22-4cb5-a2e9-db5b0c18fdd4,KXHIGHCHI-25MAR20-B44.5,29047.351,15,1.0,44.867,83,17,1,41.9,-2.6,-3.7,1.1,66.2,34.3,100,0,38178.2,28.4,19.9,43,0,0.367,-2.967,98.0,2.0,0.0,1,1,1,83,20,3,-8.862,17,1
2025-03-20 15:54:52.649066,0fac1714-a23d-4bfb-ae7e-cef9c7204ced,KXHIGHCHI-25MAR20-B44.5,29047.351,30,1.0,44.867,83,17,1,41.9,-2.6,-3.7,1.1,66.2,34.3,100,0,38178.2,28.4,19.9,43,0,0.367,-2.967,98.0,2.0,0.0,1,1,1,83,20,3,-8.845,17,1
2025-03-20 15:54:52.649066,0b80eae7-ef0f-4a7c-82be-eb15ec2ae4bd,KXHIGHCHI-25MAR20-B44.5,29047.351,5,1.0,44.896,75,25,1,41.9,-2.6,-3.7,1.1,66.2,34.3,100,0,38178.2,28.4,19.9,43,0,0.396,-2.996,98.0,2.0,0.0,1,1,1,75,20,3,-0.799,25,1
2025-03-20 15:54:52.649066,0b5e9fdf-1fbf-436a-8c98-05abf33627ff,KXHIGHCHI-25MAR20-B44.5,29047.351,2,1.0,44.864,84,16,1,41.9,-2.6,-3.7,1.1,66.2,34.3,100,0,38178.2,28.4,19.9,43,0,0.364,-2.964,98.0,2.0,0.0,1,1,1,84,20,3,-9.719,16,1
2025-03-20 15:57:32.735044,6912c69f-856c-48a5-b7a4-197e29e7cbc0,KXHIGHCHI-25MAR20-B44.5,28887.265,11,1.0,44.877,80,20,1,41.9,-2.6,-3.7,1.1,66.2,34.3,100,0,38178.2,28.4,19.9,43,0,0.377,-2.977,98.0,2.0,0.0,1,1,1,80,20,3,-6.329,20,1
2025-03-20 15:59:22.579557,0234a03f-f9c5-47ee-9522-a4d7d37b360c,KXHIGHCHI-25MAR20-B44.5,28777.42,10,1.0,44.877,80,20,1,41.9,-2.6,-3.7,1.1,66.2,34.3,100,0,38178.2,28.4,19.9,43,0,0.377,-2.977,98.0,2.0,0.0,1,1,1,80,20,3,-6.952,20,1
2025-03-20 15:59:35.178163,b56517f5-bfe8-45fd-846e-692762091e1f,KXHIGHCHI-25MAR20-B44.5,28764.822,29,1.0,44.877,80,20,1,41.9,-2.6,-3.7,1.1,66.2,34.3,100,0,38178.2,28.4,19.9,43,0,0.377,-2.977,98.0,2.0,0.0,1,1,1,80,20,3,-7.018,20,1
2025-03-20 16:01:13.464504,566396c6-5c5d-43e7-bd27-ea75f5d7216b,KXHIGHCHI-25MAR20-B40.5,28666.535,98,-3.0,44.877,1,99,1,41.9,1.4,1.0,0.4,66.2,34.3,100,0,38178.2,23.8,15.9,56,0,4.377,-2.977,98.0,2.0,0.0,1,1,1,80,20,3,13.099,-1,0
2025-03-20 16:01:51.061917,dd6145b1-3735-4896-9114-cf5ec2f306f5,KXHIGHCHI-25MAR20-B46.5,28628.938,44,3.0,44.877,20,80,1,41.9,-4.6,-5.0,0.4,66.2,34.3,100,0,38178.2,23.8,15.9,56,0,-1.623,-2.977,98.0,2.0,0.0,1,1,1,80,20,3,-14.685,-20,0
2025-03-20 16:02:06.131245,0f1b2ee3-c708-4cf7-849a-40a356e43583,KXHIGHCHI-25MAR20-B44.5,28613.869,145,1.0,44.867,83,17,1,41.9,-2.6,-3.0,0.4,66.2,34.3,100,0,38178.2,23.8,15.9,56,0,0.367,-2.967,98.0,2.0,0.0,1,1,1,83,20,3,-10.54,17,1
2025-03-20 16:02:20.807675,5ab238dc-893c-4611-8ed0-f7bef0e21537,KXHIGHCHI-25MAR20-B44.5,28599.192,25,1.0,44.877,80,20,0,41.9,-2.6,-3.0,0.4,66.2,34.3,100,0,38178.2,23.8,15.9,56,0,0.377,-2.977,98.0,2.0,0.0,1,1,1,80,20,3,7.651,-20,1
2025-03-20 16:02:20.807675,56b05c90-3094-4067-99df-4728204c86a4,KXHIGHCHI-25MAR20-B44.5,28599.192,20,1.0,44.874,81,19,0,41.9,-2.6,-3.0,0.4,66.2,34.3,100,0,38178.2,23.8,15.9,56,0,0.374,-2.974,98.0,2.0,0.0,1,1,1,81,20,3,8.637,-19,1
2025-03-20 16:06:12.176167,81fdc994-1915-4de4-b98d-0abb1f723452,KXHIGHCHI-25MAR20-B46.5,28367.824,199,3.0,44.858,19,81,1,41.9,-4.6,-5.0,0.4,66.2,34.3,100,0,38178.2,23.8,15.9,56,0,-1.642,-2.958,98.0,2.0,0.0,1,1,1,81,19,3,-13.55,-19,0
2025-03-20 16:06:12.176167,5f9e64c5-0355-4260-9f55-cfbda540df97,KXHIGHCHI-25MAR20-B46.5,28367.824,60,3.0,44.858,19,81,1,41.9,-4.6,-5.0,0.4,66.2,34.3,100,0,38178.2,23.8,15.9,56,0,-1.642,-2.958,98.0,2.0,0.0,1,1,1,81,19,3,-13.591,-19,0
2025-03-20 16:07:50.677133,fa2b8907-3944-4e1e-a5c4-5fea7e6f4037,KXHIGHCHI-25MAR20-B46.5,28269.323,50,3.0,44.668,8,92,0,41.9,-4.6,-5.0,0.4,66.2,34.3,100,0,38178.2,23.8,15.9,56,0,-1.832,-2.768,98.0,2.0,0.0,1,1,1,81,8,3,2.435,8,0
2025-03-20 16:07:50.677133,0a2cf44c-fbb7-4f6d-9d61-de10ce8c1afc,KXHIGHCHI-25MAR20-B46.5,28269.323,199,3.0,44.668,8,92,0,41.9,-4.6,-5.0,0.4,66.2,34.3,100,0,38178.2,23.8,15.9,56,0,-1.832,-2.768,98.0,2.0,0.0,1,1,1,81,8,3,2.461,8,0
2025-03-20 16:08:26.469024,e56d63e8-f656-4cc4-a856-f70aaeb56810,KXHIGHCHI-25MAR20-B44.5,28233.531,3,1.0,44.648,94,6,1,41.9,-2.6,-3.0,0.4,66.2,34.3,100,0,38178.2,23.8,15.9,56,0,0.148,-2.748,98.0,2.0,0.0,1,1,1,94,8,3,-21.863,6,1
2025-03-20 16:08:26.469024,2b302943-1bcf-4a6d-82ef-bab3da961a07,KXHIGHCHI-25MAR20-B44.5,28233.531,132,1.0,44.648,94,6,1,41.9,-2.6,-3.0,0.4,66.2,34.3,100,0,38178.2,23.8,15.9,56,0,0.148,-2.748,98.0,2.0,0.0,1,1,1,94,8,3,-21.858,6,1
2025-03-20 16:08:33.458819,55058925-5f2a-4bb3-8717-f66992a50c86,KXHIGHCHI-25MAR20-B46.5,28226.541,65,3.0,44.833,20,80,1,41.9,-4.6,-5.0,0.4,66.2,34.3,100,0,38178.2,23.8,15.9,56,0,-1.667,-2.933,98.0,2.0,0.0,1,1,1,94,20,3,-14.352,-20,0
2025-03-20 16:09:13.056496,eda53101-6e70-4c6f-b66f-36792d2b84a6,KXHIGHCHI-25MAR20-B40.5,28186.944,250,-3.0,44.833,1,99,1,41.9,1.4,1.0,0.4,66.2,34.3,100,0,38178.2,23.8,15.9,56,0,4.333,-2.933,98.0,2.0,0.0,1,1,1,94,20,3,13.065,-1,0
2025-03-20 16:09:43.781311,6a99d193-d4cc-4343-86fe-580d00cf56e4,KXHIGHCHI-25MAR20-B46.5,28156.219,15,3.0,44.631,7,93,0,41.9,-4.6,-5.0,0.4,66.2,34.3,100,0,38178.2,23.8,15.9,56,0,-1.869,-2.731,98.0,2.0,0.0,1,1,1,94,7,3,1.348,7,0
2025-03-20 16:10:05.182708,5859b685-cfa3-4b27-bf01-6b87e7284374,KXHIGHCHI-25MAR20-B44.5,28134.817,70,1.0,44.632,93,7,1,41.9,-2.6,-3.0,0.4,66.2,34.3,100,0,38178.2,23.8,15.9,56,0,0.132,-2.732,98.0,2.0,0.0,1,1,1,93,7,3,-20.867,7,1
2025-03-20 16:10:37.256375,ebf28469-eb26-4ccc-83b6-6d901f8da512,KXHIGHCHI-25MAR20-B42.5,28102.744,33,-1.0,44.632,1,99,1,41.9,-0.6,-1.0,0.4,66.2,34.3,100,0,38178.2,23.8,15.9,56,0,2.132,-2.732,98.0,2.0,0.0,1,1,1,93,7,3,28.922,-1,0
2025-03-20 16:13:47.576173,ee3e81d5-dfdb-4910-b3dd-2de6cdb97abd,KXHIGHCHI-25MAR20-B42.5,27912.424,90,-1.0,44.632,1,99,1,41.9,-0.6,-1.0,0.4,66.2,34.3,100,0,38178.2,23.8,15.9,56,0,2.132,-2.732,98.0,2.0,0.0,1,1,1,93,7,3,28.865,-1,0
2025-03-20 16:14:04.917502,2f477063-0d21-4cd0-8dde-e9599f1f498f,KXHIGHCHI-25MAR20-B44.5,27895.082,11,1.0,44.644,84,16,1,41.9,-2.6,-3.0,0.4,66.2,34.3,100,0,38178.2,23.8,15.9,56,0,0.144,-2.744,98.0,2.0,0.0,1,1,1,84,7,3,-11.871,16,1
2025-03-20 16:17:32.504878,b9d0c804-37a7-4dc2-8097-69aaebca1020,KXHIGHCHI-25MAR20-B46.5,27687.495,82,3.0,44.682,9,91,0,41.9,-4.6,-5.0,0.4,66.2,34.3,100,0,38178.2,23.8,15.9,56,0,-1.818,-2.782,98.0,2.0,0.0,1,1,1,84,9,3,3.066,9,0
2025-03-20 16:17:32.504878,9c0f3ad5-7f1e-4257-b30e-e4f9dd62dbfa,KXHIGHCHI-25MAR20-B46.5,27687.495,77,3.0,44.663,8,92,0,41.9,-4.6,-5.0,0.4,66.2,34.3,100,0,38178.2,23.8,15.9,56,0,-1.837,-2.763,98.0,2.0,0.0,1,1,1,84,8,3,2.342,8,0
2025-03-20 16:18:46.757590,48be1672-cd88-48eb-bbd9-6633f7d744d7,KXHIGHCHI-25MAR20-B44.5,27613.242,100,1.0,44.68,75,25,1,41.9,-2.6,-3.0,0.4,66.2,34.3,100,0,38178.2,23.8,15.9,56,0,0.18,-2.78,98.0,2.0,0.0,1,1,1,75,8,3,-2.891,25,1
2025-03-20 16:20:29.052793,ed967182-63d6-4adb-bb86-e790e11d8d40,KXHIGHCHI-25MAR20-B46.5,27510.947,78,3.0,44.912,21,79,1,41.9,-4.6,-5.0,0.4,66.2,34.3,100,0,38178.2,23.8,15.9,56,0,-1.588,-3.012,98.0,2.0,0.0,1,1,1,75,21,3,-13.139,-21,0
2025-03-20 16:20:29.052793,457fe1e2-e568-4043-a582-d8dcfaa4c475,KXHIGHCHI-25MAR20-B46.5,27510.947,52,3.0,44.927,22,78,1,41.9,-4.6,-5.0,0.4,66.2,34.3,100,0,38178.2,23.8,15.9,56,0,-1.573,-3.027,98.0,2.0,0.0,1,1,1,75,22,3,-15.581,-22,0
2025-03-20 16:20:48.930639,4cd9bc53-6353-4a90-9ab6-e1d4d16a77c0,KXHIGHCHI-25MAR20-B44.5,27491.069,50,1.0,44.927,75,25,1,41.9,-2.6,-3.0,0.4,66.2,34.3,100,0,38178.2,23.8,15.9,56,0,0.427,-3.027,98.0,2.0,0.0,1,1,1,75,22,3,-2.901,25,1
2025-03-20 16:21:20.756765,3cae44f6-e0cb-4603-898f-8d6172e09e0d,KXHIGHCHI-25MAR20-T47,27459.243,500,5.0,44.892,2,98,0,41.9,-6.6,-7.0,0.4,66.2,34.3,100,0,38178.2,23.8,15.9,56,0,-3.608,-2.992,98.0,2.0,0.0,1,1,1,75,22,2,0.269,2,0
2025-03-20 16:21:50.183936,c46032ec-8074-4fb7-ac63-bc63b3cb2ea6,KXHIGHCHI-25MAR20-B46.5,27429.816,633,3.0,44.876,21,79,1,41.9,-4.6,-5.0,0.4,66.2,34.3,100,0,38178.2,23.8,15.9,56,0,-1.624,-2.976,98.0,2.0,0.0,1,1,1,75,21,2,-12.872,-21,0
2025-03-20 16:21:50.183936,9ac0c2e5-f93d-4767-82a0-5f8af0f301df,KXHIGHCHI-25MAR20-B46.5,27429.816,199,3.0,44.86,20,80,1,41.9,-4.6,-5.0,0.4,66.2,34.3,100,0,38178.2,23.8,15.9,56,0,-1.64,-2.96,98.0,2.0,0.0,1,1,1,75,20,2,-11.87,-20,0
2025-03-20 16:21:50.183936,4beb405a-f470-4822-813e-543e4bac050d,KXHIGHCHI-25MAR20-B46.5,27429.816,100,3.0,44.876,21,79,1,41.9,-4.6,-5.0,0.4,66.2,34.3,100,0,38178.2,23.8,15.9,56,0,-1.624,-2.976,98.0,2.0,0.0,1,1,1,75,21,2,-13.026,-21,0
2025-03-20 16:21:54.305976,e3f6c504-89e5-4fa3-8187-95b7c70d3d34,KXHIGHCHI-25MAR20-B44.5,27425.694,174,1.0,44.819,93,7,1,41.9,-2.6,-3.0,0.4,66.2,34.3,100,0,38178.2,23.8,15.9,56,0,0.319,-2.919,98.0,2.0,0.0,1,1,1,93,21,2,-20.922,7,1
2025-03-20 16:23:04.113278,f7561dc8-419c-46a0-a21c-e9903be8afd1,KXHIGHCHI-25MAR20-B46.5,27355.887,15,3.0,44.613,8,92,0,41.9,-4.6,-5.0,0.4,66.2,34.3,100,0,38178.2,23.8,15.9,56,0,-1.887,-2.713,98.0,2.0,0.0,1,1,1,93,8,2,-0.139,8,0
2025-03-20 16:24:32.461472,267959a7-42ea-4e6b-8361-cbc95379c17b,KXHIGHCHI-25MAR20-B44.5,27267.539,1,1.0,44.636,75,25,0,41.9,-2.6,-3.0,0.4,66.2,34.3,100,0,38178.2,23.8,15.9,56,0,0.136,-2.736,98.0,2.0,0.0,1,1,1,75,8,2,3.092,-25,1
2025-03-20 16:26:12.355283,f7964e73-9713-4ac4-afaf-80279f6be34d,KXHIGHCHI-25MAR20-B44.5,27167.645,121,1.0,44.612,94,6,1,41.9,-2.6,-3.0,0.4,66.2,34.3,100,0,38178.2,23.8,15.9,56,0,0.112,-2.712,98.0,2.0,0.0,1,1,1,94,8,2,-22.153,6,1
2025-03-20 16:26:12.355283,0a4f1521-7253-4e36-9bfa-2bfade6f7b89,KXHIGHCHI-25MAR20-B44.5,27167.645,46,1.0,44.613,93,7,1,41.9,-2.6,-3.0,0.4,66.2,34.3,100,0,38178.2,23.8,15.9,56,0,0.113,-2.713,98.0,2.0,0.0,1,1,1,93,8,2,-21.127,7,1
2025-03-20 16:26:12.355283,05325987-3446-40c0-bfdc-02cb62629f8f,KXHIGHCHI-25MAR20-B44.5,27167.645,25,1.0,44.614,92,8,1,41.9,-2.6,-3.0,0.4,66.2,34.3,100,0,38178.2,23.8,15.9,56,0,0.114,-2.714,98.0,2.0,0.0,1,1,1,92,8,2,-20.107,8,1
2025-03-20 16:30:34.192552,dec5aced-db95-4961-8234-b95905faa7e3,KXHIGHCHI-25MAR20-B46.5,26905.807,16,3.0,44.596,7,93,0,41.9,-4.6,-5.0,0.4,66.2,34.3,100,0,38178.2,23.8,15.9,56,0,-1.904,-2.696,98.0,2.0,0.0,1,1,1,92,7,2,-1.25,7,0
2025-03-20 16:30:34.192552,c17d5b07-3f45-4ba8-8e1e-98b686088e55,KXHIGHCHI-25MAR20-B46.5,26905.807,184,3.0,44.614,8,92,0,41.9,-4.6,-5.0,0.4,66.2,34.3,100,0,38178.2,23.8,15.9,56,0,-1.886,-2.714,98.0,2.0,0.0,1,1,1,92,8,2,-0.137,8,0
2025-03-20 16:33:00.745269,c8bda8fc-2f41-461e-a90d-9689b8fb3712,KXHIGHCHI-25MAR20-B44.5,26759.255,25,1.0,44.645,70,30,0,41.9,-2.6,-3.0,0.4,66.2,34.3,100,0,38178.2,23.8,15.9,56,0,0.145,-2.745,98.0,2.0,0.0,1,1,1,70,8,2,-1.651,-30,1
2025-03-20 16:33:00.745269,dd62f563-6dcd-4718-9309-1c7abeeb5c50,KXHIGHCHI-25MAR20-B44.5,26759.255,25,1.0,44.645,70,30,0,41.9,-2.6,-3.0,0.4,66.2,34.3,100,0,38178.2,23.8,15.9,56,0,0.145,-2.745,98.0,2.0,0.0,1,1,1,70,8,2,-1.605,-30,1
2025-03-20 16:33:10.299604,dfb4d4b9-6a77-4700-8c97-747f81865f28,KXHIGHCHI-25MAR20-B46.5,26749.7,8,3.0,44.929,23,77,1,41.9,-4.6,-5.0,0.4,66.2,34.3,100,0,38178.2,23.8,15.9,56,0,-1.571,-3.029,98.0,2.0,0.0,1,1,1,70,23,2,-14.757,-23,0
2025-03-20 16:34:30.899206,b2692feb-e0f5-4271-8a64-fe79b6d9b36c,KXHIGHCHI-25MAR20-B44.5,26669.101,5,1.0,44.967,62,38,0,41.9,-2.6,-3.0,0.4,66.2,34.3,100,0,38178.2,23.8,15.9,56,0,0.467,-3.067,98.0,2.0,0.0,1,1,1,62,23,2,-9.542,-38,1
2025-03-20 16:34:30.899206,a4c13cdb-231a-4a42-807b-548c9fbe9a0a,KXHIGHCHI-25MAR20-B44.5,26669.101,6,1.0,44.967,62,38,0,41.9,-2.6,-3.0,0.4,66.2,34.3,100,0,38178.2,23.8,15.9,56,0,0.467,-3.067,98.0,2.0,0.0,1,1,1,62,23,2,-9.583,-38,1
2025-03-20 16:36:03.530561,b149bd6f-04cf-40fd-b2df-292f0612793d,KXHIGHCHI-25MAR20-B46.5,26576.469,28,3.0,44.949,22,78,1,41.9,-4.6,-5.0,0.4,66.2,34.3,100,0,38178.2,23.8,15.9,56,0,-1.551,-3.049,98.0,2.0,0.0,1,1,1,62,22,2,-13.758,-22,0
2025-03-20 16:37:21.441807,bb365dfe-ec68-4506-bff0-c4e44cbc64ca,KXHIGHCHI-25MAR20-B44.5,26498.558,3,1.0,44.874,80,20,1,41.9,-2.6,-3.0,0.4,66.2,34.3,100,0,38178.2,23.8,15.9,56,0,0.374,-2.974,98.0,2.0,0.0,1,1,1,80,22,2,-8.51,20,1
2025-03-20 16:37:21.441807,447d6469-ac7c-49e0-9631-d30bfe28dbaf,KXHIGHCHI-25MAR20-B44.5,26498.558,9,1.0,44.877,79,21,1,41.9,-2.6,-3.0,0.4,66.2,34.3,100,0,38178.2,23.8,15.9,56,0,0.377,-2.977,98.0,2.0,0.0,1,1,1,79,22,2,-7.462,21,1
2025-03-20 16:37:46.480108,54db396b-0aad-4e80-9e7d-0d3f27a014e2,KXHIGHCHI-25MAR20-B44.5,26473.52,3,1.0,44.836,92,8,1,41.9,-2.6,-3.0,0.4,66.2,34.3,100,0,38178.2,23.8,15.9,56,0,0.336,-2.936,98.0,2.0,0.0,1,1,1,92,22,2,-20.544,8,1
2025-03-20 16:41:15.228559,2e5c62e9-223d-4541-ba43-a87ccf76de60,KXHIGHCHI-25MAR20-B46.5,26264.771,15,3.0,44.808,20,80,1,41.9,-4.6,-5.0,0.4,66.2,34.3,100,0,38178.2,23.8,15.9,56,0,-1.692,-2.908,98.0,2.0,0.0,1,1,1,92,20,2,-11.667,-20,0
2025-03-20 16:42:18.648222,09e893b7-0f2a-4c44-883d-974be6bfd0d6,KXHIGHCHI-25MAR20-B44.5,26201.352,6,1.0,44.879,70,30,0,41.9,-2.6,-3.0,0.4,66.2,34.3,100,0,38178.2,23.8,15.9,56,0,0.379,-2.979,98.0,2.0,0.0,1,1,1,70,20,2,-1.326,-30,1
2025-03-20 16:42:18.648222,58003452-d3f5-43ff-b51a-7e51d6b76ea4,KXHIGHCHI-25MAR20-B44.5,26201.352,11,1.0,44.879,70,30,0,41.9,-2.6,-3.0,0.4,66.2,34.3,100,0,38178.2,23.8,15.9,56,0,0.379,-2.979,98.0,2.0,0.0,1,1,1,70,20,2,-1.221,-30,1
2025-03-20 16:42:18.648222,14b6d02c-dd81-4139-9aef-b1cfb6e06944,KXHIGHCHI-25MAR20-B44.5,26201.352,9,1.0,44.879,70,30,0,41.9,-2.6,-3.0,0.4,66.2,34.3,100,0,38178.2,23.8,15.9,56,0,0.379,-2.979,98.0,2.0,0.0,1,1,1,70,20,2,-1.279,-30,1
2025-03-20 16:43:24.734538,a0ba6a70-2b44-4760-b516-481fdf24c1b5,KXHIGHCHI-25MAR20-T47,26135.265,100,5.0,44.84,1,99,0,41.9,-6.6,-7.0,0.4,66.2,34.3,100,0,38178.2,23.8,15.9,56,0,-3.66,-2.94,98.0,2.0,0.0,1,1,1,70,20,1,-0.835,1,0
2025-03-20 16:47:23.322952,77d22415-f135-456f-b80d-e52945ccd170,KXHIGHCHI-25MAR20-B46.5,25896.677,50,3.0,44.747,15,85,0,41.9,-4.6,-5.0,0.4,66.2,34.3,100,0,38178.2,23.8,15.9,56,0,-1.753,-2.847,98.0,2.0,0.0,1,1,1,70,15,1,6.376,15,0
2025-03-20 16:53:31.090175,93881134-6506-4f50-8853-85e4d1d48d5d,KXHIGHCHI-25MAR20-B46.5,25528.91,50,3.0,44.747,15,85,0,41.9,-4.6,-5.0,0.4,66.2,34.3,100,0,38178.2,23.8,15.9,56,0,-1.753,-2.847,98.0,2.0,0.0,1,1,1,70,15,1,6.042,15,0
2025-03-20 16:53:31.090175,7f63a120-fda5-4c6b-a5a8-e2db9bcecae0,KXHIGHCHI-25MAR20-B46.5,25528.91,28,3.0,44.747,15,85,0,41.9,-4.6,-5.0,0.4,66.2,34.3,100,0,38178.2,23.8,15.9,56,0,-1.753,-2.847,98.0,2.0,0.0,1,1,1,70,15,1,6.307,15,0
2025-03-20 16:53:53.545708,08ea20e3-abd8-42a2-9cc8-11a15d4af2d7,KXHIGHCHI-25MAR20-B46.5,25506.454,3,3.0,44.598,8,92,0,41.9,-4.6,-5.0,0.4,66.2,34.3,100,0,38178.2,23.8,15.9,56,0,-1.902,-2.698,98.0,2.0,0.0,1,1,1,70,8,1,-0.804,8,0
2025-03-20 16:54:19.134700,83ac4676-3c02-4f1d-b675-b27b3b8d7b3b,KXHIGHCHI-25MAR20-B46.5,25480.865,42,3.0,44.955,27,73,1,41.9,-4.6,-5.0,0.4,66.2,34.3,100,0,38178.2,23.8,15.9,56,0,-1.545,-3.055,98.0,2.0,0.0,1,1,1,70,27,1,-18.342,-27,0
2025-03-20 16:55:40.269813,1f29d548-39e9-40ab-b8f9-daa4915d667d,KXHIGHCHI-25MAR20-B44.5,25399.73,20,1.0,44.955,70,30,0,41.9,-2.6,-3.0,0.4,66.2,34.3,100,0,38178.2,23.8,15.9,56,0,0.455,-3.055,98.0,2.0,0.0,1,1,1,70,27,1,-1.111,-30,1
2025-03-20 16:59:41.117450,98afc62a-7325-4fad-9ca2-9742a6a06360,KXHIGHCHI-25MAR20-B44.5,25158.883,379,1.0,44.865,95,5,1,41.9,-2.6,-3.0,0.4,66.2,34.3,100,0,38178.2,23.8,15.9,56,0,0.365,-2.965,98.0,2.0,0.0,1,1,1,95,27,1,-25.247,5,1
2025-03-20 16:59:41.117450,77e4f3e5-b9e1-41ca-9f22-93724810e99e,KXHIGHCHI-25MAR20-B44.5,25158.883,9,1.0,44.868,94,6,1,41.9,-2.6,-3.0,0.4,66.2,34.3,100,0,38178.2,23.8,15.9,56,0,0.368,-2.968,98.0,2.0,0.0,1,1,1,94,27,1,-24.135,6,1
2025-03-20 16:59:41.117450,7317f352-71df-4cd8-9aaa-ff718ba84c28,KXHIGHCHI-25MAR20-B44.5,25158.883,94,1.0,44.88,90,10,1,41.9,-2.6,-3.0,0.4,66.2,34.3,100,0,38178.2,23.8,15.9,56,0,0.38,-2.98,98.0,2.0,0.0,1,1,1,90,27,1,-19.699,10,1
2025-03-20 16:59:41.117450,395564d0-5e9c-4173-858e-8fd2ded45166,KXHIGHCHI-25MAR20-B44.5,25158.883,199,1.0,44.88,90,10,1,41.9,-2.6,-3.0,0.4,66.2,34.3,100,0,38178.2,23.8,15.9,56,0,0.38,-2.98,98.0,2.0,0.0,1,1,1,90,27,1,-19.177,10,1
2025-03-20 17:12:54.620529,efd4bd73-deb5-4682-b113-5978d39a282a,KXHIGHCHI-25MAR20-B46.5,24365.379,2,3.0,44.578,8,92,0,41.9,-4.6,-4.6,0.0,66.2,34.3,100,0,38178.2,17.6,9.4,14,0,-1.922,-2.678,98.0,2.0,0.0,1,1,1,90,8,1,-0.644,8,0
2025-03-20 17:13:54.405030,973aaafb-c644-45b3-afac-338e2aa503ba,KXHIGHCHI-25MAR20-B46.5,24305.595,18,3.0,44.559,7,93,0,41.9,-4.6,-4.6,0.0,66.2,34.3,100,0,38178.2,17.6,9.4,14,0,-1.941,-2.659,98.0,2.0,0.0,1,1,1,90,7,1,-1.638,7,0
2025-03-20 17:16:04.450055,7cadb627-d0cf-402a-8e26-84eeefc9508b,KXHIGHCHI-25MAR20-B44.5,24175.55,50,1.0,44.557,95,5,1,41.9,-2.6,-2.6,0.0,66.2,34.3,100,0,38178.2,17.6,9.4,14,0,0.057,-2.657,98.0,2.0,0.0,1,1,1,95,7,1,-25.298,5,1
2025-03-20 17:16:04.450055,8c06caee-2ced-4fe2-b388-fa0e031e9f98,KXHIGHCHI-25MAR20-B44.5,24175.55,50,1.0,44.557,95,5,1,41.9,-2.6,-2.6,0.0,66.2,34.3,100,0,38178.2,17.6,9.4,14,0,0.057,-2.657,98.0,2.0,0.0,1,1,1,95,7,1,-25.383,5,1
2025-03-20 17:16:06.900752,5bc4b8e6-a911-4859-a758-886b5923e52b,KXHIGHCHI-25MAR20-B46.5,24173.099,50,3.0,44.557,7,93,0,41.9,-4.6,-4.6,0.0,66.2,34.3,100,0,38178.2,17.6,9.4,14,0,-1.943,-2.657,98.0,2.0,0.0,1,1,1,95,7,1,-1.631,7,0
2025-03-20 17:16:21.176407,0fa2544b-ad1a-4206-b028-54086b568709,KXHIGHCHI-25MAR20-B44.5,24158.824,149,1.0,44.557,95,5,1,41.9,-2.6,-2.6,0.0,66.2,34.3,100,0,38178.2,17.6,9.4,14,0,0.057,-2.657,98.0,2.0,0.0,1,1,1,95,7,1,-25.425,5,1
2025-03-20 17:26:29.391799,be332c12-7e0c-4eb0-9773-34b0e6762338,KXHIGHCHI-25MAR20-B44.5,23550.608,1,1.0,44.557,94,6,1,41.9,-2.6,-2.6,0.0,66.2,34.3,100,0,38178.2,17.6,9.4,14,0,0.057,-2.657,98.0,2.0,0.0,1,1,1,94,7,1,-24.719,6,1
2025-03-20 17:29:00.931507,a3623ff2-a4ff-4a23-af8a-e55718ac29a1,KXHIGHCHI-25MAR20-B46.5,23399.068,100,3.0,44.771,20,80,1,41.9,-4.6,-4.6,0.0,66.2,34.3,100,0,38178.2,17.6,9.4,14,0,-1.729,-2.871,98.0,2.0,0.0,1,1,1,94,20,1,-11.371,-20,0
2025-03-20 17:31:22.643453,4bf4f13d-84ad-43b2-8634-3f2e89d595f2,KXHIGHCHI-25MAR20-B46.5,23257.357,199,3.0,44.841,25,75,1,41.9,-4.6,-4.6,0.0,66.2,34.3,100,0,38178.2,17.6,9.4,14,0,-1.659,-2.941,98.0,2.0,0.0,1,1,1,94,25,1,-16.378,-25,0
2025-03-20 17:31:22.643453,35c98651-1942-44b1-b263-eb0438be761e,KXHIGHCHI-25MAR20-B46.5,23257.357,37,3.0,44.841,25,75,1,41.9,-4.6,-4.6,0.0,66.2,34.3,100,0,38178.2,17.6,9.4,14,0,-1.659,-2.941,98.0,2.0,0.0,1,1,1,94,25,1,-16.375,-25,0
2025-03-20 17:31:22.643453,0e55f966-317d-4ef5-bae4-c282bd541658,KXHIGHCHI-25MAR20-B46.5,23257.357,163,3.0,44.868,27,73,1,41.9,-4.6,-4.6,0.0,66.2,34.3,100,0,38178.2,17.6,9.4,14,0,-1.632,-2.968,98.0,2.0,0.0,1,1,1,94,27,1,-18.374,-27,0
2025-03-20 17:34:05.457107,f62d5227-a0c3-4f3c-9f79-aa2b929618b7,KXHIGHCHI-25MAR20-B46.5,23094.543,1,3.0,44.575,8,92,0,41.9,-4.6,-4.6,0.0,66.2,34.3,100,0,38178.2,17.6,9.4,14,0,-1.925,-2.675,98.0,2.0,0.0,1,1,1,94,8,1,-0.612,8,0
2025-03-20 17:34:23.374811,cbf433e3-e219-43ef-ab15-4c1555a3d2ff,KXHIGHCHI-25MAR20-B46.5,23076.625,10,3.0,44.575,8,92,0,41.9,-4.6,-4.6,0.0,66.2,34.3,100,0,38178.2,17.6,9.4,14,0,-1.925,-2.675,98.0,2.0,0.0,1,1,1,94,8,1,-0.587,8,0
2025-03-20 17:35:29.294020,98bbaf84-3152-4eee-80b2-9e7673147a81,KXHIGHCHI-25MAR20-B46.5,23010.706,9,3.0,44.5,4,96,0,41.9,-4.6,-4.6,0.0,66.2,34.3,100,0,38178.2,17.6,9.4,14,0,-2.0,-2.6,98.0,2.0,0.0,1,1,1,94,4,1,-4.56,4,0
2025-03-20 17:35:29.294020,218366e5-326b-48f2-93a0-293c16f77611,KXHIGHCHI-25MAR20-B46.5,23010.706,200,3.0,44.538,6,94,0,41.9,-4.6,-4.6,0.0,66.2,34.3,100,0,38178.2,17.6,9.4,14,0,-1.962,-2.638,98.0,2.0,0.0,1,1,1,94,6,1,-2.548,6,0
2025-03-20 17:35:29.294020,a2e37f31-4415-4691-a2a8-fb1c8d518069,KXHIGHCHI-25MAR20-B46.5,23010.706,9,3.0,44.519,5,95,0,41.9,-4.6,-4.6,0.0,66.2,34.3,100,0,38178.2,17.6,9.4,14,0,-1.981,-2.619,98.0,2.0,0.0,1,1,1,94,5,1,-3.561,5,0
2025-03-20 17:35:29.294020,ac368901-a45b-4367-bd4a-1ac301f17bb0,KXHIGHCHI-25MAR20-B46.5,23010.706,37,3.0,44.48,3,97,0,41.9,-4.6,-4.6,0.0,66.2,34.3,100,0,38178.2,17.6,9.4,14,0,-2.02,-2.58,98.0,2.0,0.0,1,1,1,94,3,1,-5.512,3,0
2025-03-20 17:35:29.294020,a67ad1fd-3602-458c-80f0-c82f6b4c8db6,KXHIGHCHI-25MAR20-B46.5,23010.706,16,3.0,44.557,7,93,0,41.9,-4.6,-4.6,0.0,66.2,34.3,100,0,38178.2,17.6,9.4,14,0,-1.943,-2.657,98.0,2.0,0.0,1,1,1,94,7,1,-1.523,7,0
2025-03-20 17:35:29.294020,d5df0051-5ff6-41c3-92e0-112a6daf2350,KXHIGHCHI-25MAR20-B46.5,23010.706,100,3.0,44.557,7,93,0,41.9,-4.6,-4.6,0.0,66.2,34.3,100,0,38178.2,17.6,9.4,14,0,-1.943,-2.657,98.0,2.0,0.0,1,1,1,94,7,1,-1.499,7,0
2025-03-20 17:35:30.928315,3e872082-e172-4ef7-aad5-43678b0aa9bb,KXHIGHCHI-25MAR20-B46.5,23009.072,168,3.0,44.575,8,92,0,41.9,-4.6,-4.6,0.0,66.2,34.3,100,0,38178.2,17.6,9.4,14,0,-1.925,-2.675,98.0,2.0,0.0,1,1,1,94,8,1,-0.499,8,0
2025-03-20 17:36:15.201870,b62c8653-f4c5-4cfc-a28c-cb4d0d3ea265,KXHIGHCHI-25MAR20-B46.5,22964.798,200,3.0,44.48,3,97,0,41.9,-4.6,-4.6,0.0,66.2,34.3,100,0,38178.2,17.6,9.4,14,0,-2.02,-2.58,98.0,2.0,0.0,1,1,1,94,3,1,-5.495,3,0
2025-03-20 17:42:31.959287,06fe1344-4c49-4bb2-ac26-92d8c728caab,KXHIGHCHI-25MAR20-B44.5,22588.041,90,1.0,44.48,94,6,1,41.9,-2.6,-2.6,0.0,66.2,34.3,100,0,38178.2,17.6,9.4,14,0,-0.02,-2.58,98.0,2.0,0.0,1,1,1,94,3,1,-24.757,6,1
2025-03-20 17:42:31.959287,017bdb1e-efca-4cd4-a29f-6deac76c62d4,KXHIGHCHI-25MAR20-B44.5,22588.041,99,1.0,44.48,94,6,1,41.9,-2.6,-2.6,0.0,66.2,34.3,100,0,38178.2,17.6,9.4,14,0,-0.02,-2.58,98.0,2.0,0.0,1,1,1,94,3,1,-24.722,6,1
2025-03-20 17:54:44.214106,7cd71259-16e0-4f8d-998b-1fa963ceebb0,KXHIGHCHI-25MAR20-B46.5,21855.786,199,3.0,44.519,5,95,0,41.9,-4.6,-4.6,0.0,66.2,34.3,100,0,38178.2,17.6,9.4,14,0,-1.981,-2.619,98.0,2.0,0.0,1,1,1,94,5,1,-3.48,5,0
2025-03-20 17:54:55.067156,1ad13b9e-a107-47f5-8347-490790cf9c40,KXHIGHCHI-25MAR20-B46.5,21844.933,199,3.0,44.519,5,95,0,41.9,-4.6,-4.6,0.0,66.2,34.3,100,0,38178.2,17.6,9.4,14,0,-1.981,-2.619,98.0,2.0,0.0,1,1,1,94,5,1,-3.66,5,0
2025-03-20 17:55:01.354826,435e3f16-44c1-4612-8859-475c91092772,KXHIGHCHI-25MAR20-B46.5,21838.645,1,3.0,44.519,5,95,0,41.9,-4.6,-4.6,0.0,66.2,34.3,100,0,38178.2,17.6,9.4,14,0,-1.981,-2.619,98.0,2.0,0.0,1,1,1,94,5,1,-3.684,5,0
2025-03-20 17:58:08.669830,d3c5b074-df35-43e9-a5f1-3d000f5eedce,KXHIGHCHI-25MAR20-B44.5,21651.33,21,1.0,44.519,94,6,1,41.9,-2.6,-2.6,0.0,66.2,34.3,100,0,38178.2,17.6,9.4,14,0,0.019,-2.619,98.0,2.0,0.0,1,1,1,94,5,1,-24.93,6,1
2025-03-20 17:58:28.983858,f52d1475-6ca6-42df-ae71-fad3f3040b53,KXHIGHCHI-25MAR20-B44.5,21631.016,292,1.0,44.519,95,5,1,41.9,-2.6,-2.6,0.0,66.2,34.3,100,0,38178.2,17.6,9.4,14,0,0.019,-2.619,98.0,2.0,0.0,1,1,1,95,5,1,-25.964,5,1
2025-03-20 17:59:49.124698,df783bf8-c2dc-4aee-85c6-3fdf2a3d27f8,KXHIGHCHI-25MAR20-B46.5,21550.875,142,3.0,44.519,5,95,0,41.9,-4.6,-4.6,0.0,66.2,34.3,100,0,38178.2,17.6,9.4,14,0,-1.981,-2.619,98.0,2.0,0.0,1,1,1,95,5,1,-3.696,5,0
2025-03-20 18:00:14.712050,82634699-3b52-4a90-9b15-4cf0b2895097,KXHIGHCHI-25MAR20-B46.5,21525.288,60,3.0,44.519,5,95,0,41.9,-4.6,-6.1,1.5,66.2,34.3,100,0,38178.2,19.1,9.0,20,0,-1.981,-2.619,98.0,2.0,0.0,1,1,1,95,5,1,-3.781,5,0
2025-03-20 18:00:14.712050,290766ce-1634-413f-9136-08b64e29a543,KXHIGHCHI-25MAR20-B46.5,21525.288,204,3.0,44.46,2,98,0,41.9,-4.6,-6.1,1.5,66.2,34.3,100,0,38178.2,19.1,9.0,20,0,-2.04,-2.56,98.0,2.0,0.0,1,1,1,95,2,1,-6.75,2,0
2025-03-20 18:00:14.712050,0c494703-e510-462f-882e-56f2435761f8,KXHIGHCHI-25MAR20-B46.5,21525.288,200,3.0,44.5,4,96,0,41.9,-4.6,-6.1,1.5,66.2,34.3,100,0,38178.2,19.1,9.0,20,0,-2.0,-2.6,98.0,2.0,0.0,1,1,1,95,4,1,-4.743,4,0
2025-03-20 18:00:14.712050,04df6b3b-337e-44cf-979a-a46a9e3dda05,KXHIGHCHI-25MAR20-B46.5,21525.288,50,3.0,44.46,2,98,0,41.9,-4.6,-6.1,1.5,66.2,34.3,100,0,38178.2,19.1,9.0,20,0,-2.04,-2.56,98.0,2.0,0.0,1,1,1,95,2,1,-6.724,2,0
2025-03-20 18:01:38.800472,b78d74bc-b802-466f-9c37-07e33e0b8bf4,KXHIGHCHI-25MAR20-B44.5,21441.2,100,1.0,44.461,97,3,1,41.9,-2.6,-4.1,1.5,66.2,34.3,100,0,38178.2,19.1,9.0,20,0,-0.039,-2.561,98.0,2.0,0.0,1,1,1,97,2,1,-29.168,3,1
2025-03-20 18:01:38.800472,9d913998-f2cb-4c2f-9988-4fe695eed752,KXHIGHCHI-25MAR20-B44.5,21441.2,208,1.0,44.46,95,5,1,41.9,-2.6,-4.1,1.5,66.2,34.3,100,0,38178.2,19.1,9.0,20,0,-0.04,-2.56,98.0,2.0,0.0,1,1,1,95,2,1,-26.544,5,1
2025-03-20 18:01:38.800472,44c3a0d1-b918-4d52-8d71-51c12311df7d,KXHIGHCHI-25MAR20-B44.5,21441.2,83,1.0,44.461,97,3,1,41.9,-2.6,-4.1,1.5,66.2,34.3,100,0,38178.2,19.1,9.0,20,0,-0.039,-2.561,98.0,2.0,0.0,1,1,1,97,2,1,-28.307,3,1
2025-03-20 18:01:38.800472,0e7a79e7-46a5-4f9e-ad0c-65f43e86cf2f,KXHIGHCHI-25MAR20-B44.5,21441.2,199,1.0,44.46,94,6,1,41.9,-2.6,-4.1,1.5,66.2,34.3,100,0,38178.2,19.1,9.0,20,0,-0.04,-2.56,98.0,2.0,0.0,1,1,1,94,2,1,-25.145,6,1
2025-03-20 18:02:14.228138,8c40d8b1-aae7-47fb-9587-ad8e064ed0be,KXHIGHCHI-25MAR20-B46.5,21405.772,189,3.0,44.439,1,99,0,41.9,-4.6,-6.1,1.5,66.2,34.3,100,0,38178.2,19.1,9.0,20,0,-2.061,-2.539,98.0,2.0,0.0,1,1,1,94,1,1,-7.868,1,0
2025-03-20 18:02:14.228138,58ab6d23-9c70-4868-9512-2ec54e0bdbd4,KXHIGHCHI-25MAR20-B46.5,21405.772,96,3.0,44.46,2,98,0,41.9,-4.6,-6.1,1.5,66.2,34.3,100,0,38178.2,19.1,9.0,20,0,-2.04,-2.56,98.0,2.0,0.0,1,1,1,94,2,1,-6.842,2,0
2025-03-20 18:03:58.561836,958791de-b6bd-4d68-aae5-87d9e6915414,KXHIGHCHI-25MAR20-B44.5,21301.438,56,1.0,44.461,97,3,1,41.9,-2.6,-4.1,1.5,66.2,34.3,100,0,38178.2,19.1,9.0,20,0,-0.039,-2.561,98.0,2.0,0.0,1,1,1,97,2,1,-29.2,3,1
2025-03-20 18:05:10.841002,59f075f1-4eef-40e2-ae9a-18117ce7f934,KXHIGHCHI-25MAR20-B44.5,21229.159,100,1.0,44.462,98,2,1,41.9,-2.6,-4.1,1.5,66.2,34.3,100,0,38178.2,19.1,9.0,20,0,-0.038,-2.562,98.0,2.0,0.0,1,1,1,98,2,1,-30.23,2,1
2025-03-20 18:05:10.841002,86d2219f-dba9-4502-8de6-163988aeb4d2,KXHIGHCHI-25MAR20-B44.5,21229.159,200,1.0,44.462,98,2,1,41.9,-2.6,-4.1,1.5,66.2,34.3,100,0,38178.2,19.1,9.0,20,0,-0.038,-2.562,98.0,2.0,0.0,1,1,1,98,2,1,-30.256,2,1
2025-03-20 18:13:17.824829,737d3f91-08c7-47f1-9bfd-af442ba65e03,KXHIGHCHI-25MAR20-B46.5,20742.175,9,3.0,44.5,4,96,1,41.9,-4.6,-6.1,1.5,66.2,34.3,100,0,38178.2,19.1,9.0,20,0,-2.0,-2.6,98.0,2.0,0.0,1,1,1,98,4,1,4.89,-4,0
2025-03-20 18:13:42.291738,5b463cad-7360-4756-b743-1dabf3fb536d,KXHIGHCHI-25MAR20-B44.5,20717.708,23,1.0,44.5,96,4,0,41.9,-2.6,-4.1,1.5,66.2,34.3,100,0,38178.2,19.1,9.0,20,0,0.0,-2.6,98.0,2.0,0.0,1,1,1,96,4,1,28.324,-4,1
2025-03-20 18:14:57.423930,7ecb61c5-6f3c-4f04-8525-0ae6e127b35c,KXHIGHCHI-25MAR20-B46.5,20642.576,50,3.0,44.519,5,95,1,41.9,-4.6,-6.1,1.5,66.2,34.3,100,0,38178.2,19.1,9.0,20,0,-1.981,-2.619,98.0,2.0,0.0,1,1,1,96,5,1,3.895,-5,0
2025-03-20 18:15:17.678553,2322556d-8eef-4eb9-8f1a-574d8192375a,KXHIGHCHI-25MAR20-B44.5,20622.321,50,1.0,44.519,95,5,0,41.9,-2.6,-4.1,1.5,66.2,34.3,100,0,38178.2,19.1,9.0,20,0,0.019,-2.619,98.0,2.0,0.0,1,1,1,95,5,1,27.327,-5,1
2025-03-20 18:19:05.590472,babedbb7-475b-462d-96e3-6cae71664d02,KXHIGHCHI-25MAR20-B44.5,20394.41,10,1.0,44.522,81,19,0,41.9,-2.6,-4.1,1.5,66.2,34.3,100,0,38178.2,19.1,9.0,20,0,0.022,-2.622,98.0,2.0,0.0,1,1,1,81,5,1,13.498,-19,1
2025-03-20 18:19:25.230498,38950b61-22bc-4fea-b863-fa8a1751cadd,KXHIGHCHI-25MAR20-B46.5,20374.77,10,3.0,44.805,20,80,1,41.9,-4.6,-6.1,1.5,66.2,34.3,100,0,38178.2,19.1,9.0,20,0,-1.695,-2.905,98.0,2.0,0.0,1,1,1,81,20,1,-11.1,-20,0
2025-03-20 19:07:01.380639,f3066868-b602-4b57-9857-b2d1583a67a6,KXHIGHCHI-25MAR20-B46.5,17518.619,5,3.0,44.454,2,98,0,41.9,-4.6,-8.8,4.2,66.2,34.3,100,0,38178.2,17.3,8.5,2,0,-2.046,-2.554,98.0,2.0,0.0,1,1,1,81,2,1,-6.919,2,0
2025-03-20 19:12:37.019529,8579d8cf-a3bd-4c9a-9db5-03858a0e8009,KXHIGHCHI-25MAR20-B46.5,17182.98,40,3.0,44.454,2,98,0,41.9,-4.6,-8.8,4.2,66.2,34.3,100,0,38178.2,17.3,8.5,2,0,-2.046,-2.554,98.0,2.0,0.0,1,1,1,81,2,1,-6.97,2,0
2025-03-20 19:12:38.593900,f35d8bc0-1c19-4b93-931f-2f42ab621c98,KXHIGHCHI-25MAR20-B46.5,17181.406,66,3.0,44.454,2,98,0,41.9,-4.6,-8.8,4.2,66.2,34.3,100,0,38178.2,17.3,8.5,2,0,-2.046,-2.554,98.0,2.0,0.0,1,1,1,81,2,1,-6.983,2,0
2025-03-20 19:26:26.519402,8f75a9e6-10c0-4230-8d86-06a1bea87a5d,KXHIGHCHI-25MAR20-B46.5,16353.481,28,3.0,44.477,3,97,0,41.9,-4.6,-8.8,4.2,66.2,34.3,100,0,38178.2,17.3,8.5,2,0,-2.023,-2.577,98.0,2.0,0.0,1,1,1,81,3,1,-6.036,3,0
2025-03-20 19:30:35.654659,59533e03-418f-412c-9777-da6e74932f82,KXHIGHCHI-25MAR20-B44.5,16104.345,300,1.0,44.481,98,2,1,41.9,-2.6,-6.8,4.2,66.2,34.3,100,0,38178.2,17.3,8.5,2,0,-0.019,-2.581,98.0,2.0,0.0,1,1,1,98,3,1,-30.591,2,1
2025-03-20 19:30:42.631951,61c471c5-9299-4587-96b2-f52a7f9aed17,KXHIGHCHI-25MAR20-B46.5,16097.368,389,3.0,44.462,2,98,0,41.9,-4.6,-8.8,4.2,66.2,34.3,100,0,38178.2,17.3,8.5,2,0,-2.038,-2.562,98.0,2.0,0.0,1,1,1,98,2,1,-7.059,2,0
2025-03-20 19:30:55.652285,07ff5249-3cba-4967-8cdf-f07fabcc8d44,KXHIGHCHI-25MAR20-B44.5,16084.348,55,1.0,44.462,98,2,0,41.9,-2.6,-6.8,4.2,66.2,34.3,100,0,38178.2,17.3,8.5,2,0,-0.038,-2.562,98.0,2.0,0.0,1,1,1,98,2,1,30.641,-2,1
2025-03-20 19:31:11.887909,b55d1c2b-9824-4d9c-859e-e3a2c236de0f,KXHIGHCHI-25MAR20-B44.5,16068.112,1000,1.0,44.462,99,1,1,41.9,-2.6,-6.8,4.2,66.2,34.3,100,0,38178.2,17.3,8.5,2,0,-0.038,-2.562,98.0,2.0,0.0,1,1,1,99,2,1,-31.661,1,1
2025-03-20 19:31:19.752767,0ea7e316-f793-4248-a61a-62641e192dbc,KXHIGHCHI-25MAR20-B46.5,16060.247,1111,3.0,44.442,1,99,0,41.9,-4.6,-8.8,4.2,66.2,34.3,100,0,38178.2,17.3,8.5,2,0,-2.058,-2.542,98.0,2.0,0.0,1,1,1,99,1,1,-8.062,1,0
2025-03-20 19:48:52.125260,b8a5a268-64e6-41da-8ed6-bf98793869fa,KXHIGHCHI-25MAR20-B44.5,15007.875,2,1.0,44.442,99,1,0,41.9,-2.6,-6.8,4.2,66.2,34.3,100,0,38178.2,17.3,8.5,2,0,-0.058,-2.542,98.0,2.0,0.0,1,1,1,99,1,1,31.693,-1,1
2025-03-20 20:48:01.254059,3a6f5f81-3da9-440d-bc49-6a1b897a49e3,KXHIGHCHI-25MAR20-B46.5,11458.746,514,3.0,44.442,1,99,1,41.9,-4.6,-13.5,8.9,66.2,34.3,100,0,38178.2,17.3,6.1,0,0,-2.058,-2.542,98.0,2.0,0.0,1,1,1,99,1,1,8.069,-1,0
2025-03-20 20:48:08.053171,9f3c410d-365b-464d-8154-55fd745ab2ff,KXHIGHCHI-25MAR20-B44.5,11451.947,782,1.0,44.442,99,1,0,41.9,-2.6,-11.5,8.9,66.2,34.3,100,0,38178.2,17.3,6.1,0,0,-0.058,-2.542,98.0,2.0,0.0,1,1,1,99,1,1,31.722,-1,1
2025-03-20 21:30:50.074024,3e137874-f94c-4b40-897b-2da9b8a6c60d,KXHIGHCHI-25MAR20-B46.5,8889.926,150,3.0,44.442,1,99,1,41.9,-4.6,-13.1,8.5,66.2,34.3,100,0,38178.2,9.0,7.3,0,0,-2.058,-2.542,98.0,2.0,0.0,1,1,1,99,1,1,8.117,-1,0
2025-03-20 22:09:20.148928,efb44cae-c8ee-45e4-86a3-f5aedd7bf904,KXHIGHCHI-25MAR20-B44.5,6579.851,11,1.0,44.442,99,1,0,41.9,-2.6,-11.7,9.1,66.2,34.3,100,0,38178.2,7.9,6.4,3,3,-0.058,-2.542,98.0,2.0,0.0,1,1,1,99,1,1,31.749,-1,1
2025-03-20 22:09:25.821785,69002ad2-a621-48d1-b401-507a3d7b76fa,KXHIGHCHI-25MAR20-T47,6574.178,150,5.0,44.442,1,99,1,41.9,-6.6,-15.7,9.1,66.2,34.3,100,0,38178.2,7.9,6.4,3,3,-4.058,-2.542,98.0,2.0,0.0,1,1,1,99,1,1,1.117,-1,0
2025-03-20 23:06:56.167769,8d757997-47d5-41cb-a3e8-bf55f8fc52ad,KXHIGHCHI-25MAR20-B44.5,3123.832,38,1.0,44.442,99,1,0,41.9,-2.6,-12.5,9.9,66.2,34.3,100,0,38178.2,10.4,6.9,1,1,-0.058,-2.542,98.0,2.0,0.0,1,1,1,99,1,1,31.832,-1,1
