time,trade_id,ticker,time_to_strike,count,shift,kalshi_fair,forecast,yes_price,no_price,taker_side,kalshi_strike_delta,forecast_strike_delta,kalshi_forecast_delta,strike_m_3.5,strike_m_3.0,strike_m_1.0,strike_p_1.0,strike_p_3.0,strike_p_3.5,entropy,impact,result,outcome
2025-04-26 10:15:24.235480,2e4807a3-bc81-4a8b-90a7-f7ac83365145,KXHIGHAUS-25APR27-B91.5,135815.765,39,1.0,91.5,85.2,22,78,0,0.0,-6.3,-6.3,0.0,0.0,0.0,22.0,0.0,0.0,-68.003,7.0,22,0
2025-04-26 10:15:24.354424,7faeb559-cdab-4afd-9a00-9c06574e005e,KXHIGHAUS-25APR27-T87,135815.646,9,-3.5,89.99,85.2,10,90,1,2.99,-1.8,-4.79,10.0,0.0,0.0,19.8,0.0,0.0,-82.142,89.0,90,1
2025-04-26 10:15:24.444045,0d48c998-74b6-432c-b981-3e8d19545df5,KXHIGHAUS-25APR27-T87,135815.556,12,-3.5,89.12,85.2,20,80,1,2.12,-1.8,-3.92,20.0,0.0,0.0,17.82,0.0,0.0,-111.242,79.0,80,1
2025-04-26 10:15:24.555038,136dcf70-0745-46f7-833a-f5d4ea28654c,KXHIGHAUS-25APR27-B87.5,135815.445,10,-3.0,88.581,85.2,17,83,1,1.081,-2.3,-3.381,18.0,17.0,0.0,16.038,0.0,0.0,-144.696,-16.0,-17,0
2025-04-26 10:15:29.104355,b219179e-aa20-4931-aa77-55c74d2451c3,KXHIGHAUS-25APR27-T87,135810.896,12,-3.5,88.46,85.2,20,80,1,1.46,-1.8,-3.26,20.0,15.3,0.0,14.434,0.0,0.0,-140.184,79.0,80,1
2025-04-26 10:20:31.095469,b7f5cc08-3658-4576-bbaf-c72b018c8814,KXHIGHAUS-25APR27-T87,135508.905,2,-3.5,88.34,85.2,22,78,0,1.34,-1.8,-3.14,22.0,13.77,0.0,12.991,0.0,0.0,-137.426,-77.0,-78,1
2025-04-26 10:20:32.849943,7d87aec1-db78-430c-a4a0-9442b5cf0cc0,KXHIGHAUS-25APR27-B87.5,135507.15,17,-3.0,88.153,85.2,25,75,0,0.653,-2.3,-2.953,19.8,25.0,0.0,11.692,0.0,0.0,-168.337,24.0,25,0
2025-04-26 10:20:33.796797,d5b27d80-8bca-49f7-a04a-bc63ba9bcc06,KXHIGHAUS-25APR27-B91.5,135506.203,35,1.0,88.582,85.2,18,82,1,-2.918,-6.3,-3.382,17.82,22.5,0.0,18.0,0.0,0.0,-173.408,-4.0,-18,0
2025-04-26 10:24:26.756451,9a28818a-601f-49dd-9430-b315e68c701e,KXHIGHAUS-25APR27-T87,135273.244,11,-3.5,88.42,85.2,22,78,1,1.42,-1.8,-3.22,22.0,20.25,0.0,16.2,0.0,0.0,-174.035,77.0,78,1
2025-04-26 10:25:12.621712,354c0eda-d6ec-45fc-8a2b-e716050b64af,KXHIGHAUS-25APR27-T87,135227.378,12,-3.5,88.315,85.2,24,76,0,1.315,-1.8,-3.115,24.0,18.225,0.0,14.58,0.0,0.0,-168.246,-75.0,-76,1
2025-04-26 10:25:13.583240,e7b8d041-3fc7-4f6d-b976-f884409ba502,KXHIGHAUS-25APR27-B87.5,135226.417,14,-3.0,88.187,85.2,26,74,0,0.687,-2.3,-2.987,21.6,26.0,0.0,13.122,0.0,0.0,-184.861,25.0,26,0
2025-04-26 10:27:16.349815,4f05bbe1-1eb5-4c8f-becf-6a4a9b20a0a7,KXHIGHAUS-25APR27-B89.5,135103.65,1,-1.0,88.642,85.2,29,71,1,-0.858,-4.3,-3.442,19.44,23.4,29.0,11.81,0.0,0.0,-258.268,-28.0,-29,0
2025-04-26 10:30:17.078219,3754508f-c99d-480f-b53d-1e71cea7696c,KXHIGHAUS-25APR27-T87,134922.922,11,-3.5,88.511,85.2,24,76,0,1.511,-1.8,-3.311,24.0,21.06,26.1,10.629,0.0,0.0,-250.709,-75.0,-76,1
2025-04-26 10:30:17.330711,951dbb19-9497-4faf-a06c-44873fd1261d,KXHIGHAUS-25APR27-B87.5,134922.669,12,-3.0,88.423,85.2,26,74,0,0.923,-2.3,-3.223,21.6,26.0,23.49,9.566,0.0,0.0,-246.831,25.0,26,0
2025-04-26 10:31:31.971079,d1533ace-205f-472e-ac09-798eb8435ef8,KXHIGHAUS-25APR27-B89.5,134848.029,1,-1.0,88.528,85.2,29,71,1,-0.972,-4.3,-3.328,19.44,23.4,29.0,8.609,0.0,0.0,-247.645,-28.0,-29,0
2025-04-26 10:39:45.565235,929232e4-4c12-44ce-af36-81bcee29f6f4,KXHIGHAUS-25APR27-B89.5,134354.435,109,-1.0,88.566,85.2,29,71,1,-0.934,-4.3,-3.366,17.496,21.06,29.0,7.748,0.0,0.0,-227.767,-27.677,-29,0
2025-04-26 10:45:14.351902,21670832-0b8e-49cf-97da-4667a0ccaeaa,KXHIGHAUS-25APR27-B89.5,134025.648,10,-1.0,88.629,85.2,31,69,1,-0.871,-4.3,-3.429,15.746,18.954,31.0,6.974,0.0,0.0,-219.167,-29.805,-31,0
2025-04-26 10:48:14.272155,ea0e0717-e7cf-4cb0-9580-910a7a079191,KXHIGHAUS-25APR27-B89.5,133845.728,200,-1.0,88.668,85.2,31,69,1,-0.832,-4.3,-3.468,14.172,17.059,31.0,6.276,0.0,0.0,-203.944,-29.734,-31,0
2025-04-26 10:59:47.560316,21f83423-25d9-4a7a-a616-74f45f4a6741,KXHIGHAUS-25APR27-B91.5,133152.44,42,1.0,89.141,85.2,18,82,1,-2.359,-6.3,-3.941,12.755,15.353,27.9,18.0,0.0,0.0,-219.3,-12.529,-18,0
2025-04-26 10:59:47.560316,16bac592-2285-4cd7-bcc5-2be75ec3e05a,KXHIGHAUS-25APR27-B91.5,133152.44,11,1.0,89.134,85.2,16,84,1,-2.366,-6.3,-3.934,11.479,13.817,25.11,16.0,0.0,0.0,-189.597,-6.105,-16,0
2025-04-26 11:00:50.099953,ec0d3d63-e8a9-4c26-a6f2-114cd8b5bf0b,KXHIGHAUS-25APR27-B91.5,133089.9,55,1.0,89.232,85.2,17,83,1,-2.268,-6.3,-4.032,10.331,12.436,22.599,17.0,0.0,0.0,-174.096,-13.292,-17,0
2025-04-26 11:22:47.373704,62277dd8-19e6-4282-a030-c0f912fdad73,KXHIGHAUS-25APR27-B89.5,131772.626,52,-1.0,89.275,85.2,31,69,1,-0.225,-4.3,-4.075,9.298,11.192,31.0,15.3,0.0,0.0,-195.954,-29.605,-31,0
2025-04-26 11:36:21.289213,f4fd408f-3278-4237-a76d-1ed3664346e7,KXHIGHAUS-25APR27-T87,130958.711,50,-3.5,88.805,85.2,24,76,1,1.805,-1.8,-3.605,24.0,10.073,27.9,13.77,0.0,0.0,-228.521,75.0,76,1
2025-04-26 11:36:21.289213,5b569b36-d59c-470d-a6ed-f1914c18392e,KXHIGHAUS-25APR27-T87,130958.711,2,-3.5,88.744,85.2,24,76,1,1.744,-1.8,-3.544,24.0,9.066,25.11,12.393,0.0,0.0,-208.389,75.0,76,1
2025-04-26 11:39:23.484519,05a49178-191a-4287-8706-7609b221ec53,KXHIGHAUS-25APR27-T87,130776.515,12,-3.5,88.631,85.2,26,74,1,1.631,-1.8,-3.431,26.0,8.159,22.599,11.154,0.0,0.0,-199.199,73.0,74,1
2025-04-26 11:39:24.476569,4dd5a443-7396-4a91-81e8-c9c7413623f6,KXHIGHAUS-25APR27-T87,130775.523,30,-3.5,88.565,85.2,26,74,0,1.565,-1.8,-3.365,26.0,7.343,20.339,10.038,0.0,0.0,-183.776,-73.0,-74,1
2025-04-26 11:40:10.468275,e9f340c1-8f0e-4a89-b9d1-b13b20fae4d2,KXHIGHAUS-25APR27-B89.5,130729.532,100,-1.0,88.723,85.2,30,70,1,-0.777,-4.3,-3.523,23.4,6.609,30.0,9.034,0.0,0.0,-208.176,-28.616,-30,0
2025-04-26 11:40:16.384407,e21229a7-9c49-407c-b71a-76e48a56e1a1,KXHIGHAUS-25APR27-B87.5,130723.616,30,-3.0,88.436,85.2,25,75,1,0.936,-2.3,-3.236,21.06,25.0,27.0,8.131,0.0,0.0,-250.677,-23.371,-25,0
2025-04-26 11:45:23.345411,e3f1cb03-add0-4df3-9465-9d323f9932bb,KXHIGHAUS-25APR27-T87,130416.655,12,-3.5,88.262,85.2,29,71,1,1.262,-1.8,-3.062,29.0,22.5,24.3,7.318,0.0,0.0,-259.799,69.785,71,1
2025-04-26 11:53:25.045619,6f0e5d2f-d104-45bf-bd3d-79ec103c3796,KXHIGHAUS-25APR27-B87.5,129934.954,50,-3.0,88.208,85.2,26,74,1,0.708,-2.3,-3.008,26.1,26.0,21.87,6.586,0.0,0.0,-249.733,-24.321,-26,0
2025-04-26 11:54:12.826445,19846d44-a85e-48d7-b432-be25c20f9425,KXHIGHAUS-25APR27-T87,129887.174,133,-3.5,87.912,85.2,25,75,0,0.912,-1.8,-2.712,25.0,12.436,10.46,3.15,0.0,0.0,-139.988,-73.698,-75,1
2025-04-26 11:54:12.826445,2ee4b3ad-458b-4194-8ae1-4dcad850c97f,KXHIGHAUS-25APR27-T87,129887.174,1,-3.5,87.893,85.2,29,71,0,0.893,-1.8,-2.693,29.0,13.817,11.623,3.5,0.0,0.0,-166.83,-69.464,-71,1
2025-04-26 11:54:12.826445,4b6ce019-c5cb-4a96-a721-8c6a8f182679,KXHIGHAUS-25APR27-T87,129887.174,12,-3.5,88.005,85.2,25,75,0,1.005,-1.8,-2.805,25.0,15.353,12.914,3.889,0.0,0.0,-160.725,-73.391,-75,1
2025-04-26 11:54:12.826445,a89be3ad-5fbc-4d94-b29c-fc31a034c9e5,KXHIGHAUS-25APR27-T87,129887.174,138,-3.5,88.064,85.2,27,73,0,1.064,-1.8,-2.864,27.0,18.954,15.943,4.801,0.0,0.0,-196.431,-71.33,-73,1
2025-04-26 11:54:12.826445,cf69a1ee-c0af-4b94-b7b6-ebbc2910b17c,KXHIGHAUS-25APR27-T87,129887.174,5,-3.5,88.093,85.2,28,72,0,1.093,-1.8,-2.893,28.0,21.06,17.715,5.335,0.0,0.0,-217.33,-70.196,-72,1
2025-04-26 11:54:12.826445,fd95fbb3-0c47-45fa-9ea6-5f493b28b4db,KXHIGHAUS-25APR27-T87,129887.174,95,-3.5,88.183,85.2,25,75,0,1.183,-1.8,-2.983,25.0,23.4,19.683,5.928,0.0,0.0,-223.445,-73.173,-75,1
2025-04-26 11:54:12.826445,a83984fb-ce5c-4e86-8afc-ef75221d47b7,KXHIGHAUS-25APR27-T87,129887.174,102,-3.5,88.018,85.2,27,73,0,1.018,-1.8,-2.818,27.0,17.059,14.349,4.321,0.0,0.0,-181.922,-71.358,-73,1
2025-04-26 11:54:19.125493,7d83e7e5-3fe0-439b-a3eb-4d60391354ba,KXHIGHAUS-25APR27-B87.5,129880.875,12,-3.0,87.806,85.2,27,73,1,0.306,-2.3,-2.606,22.5,27.0,9.414,2.835,0.0,0.0,-183.105,-25.299,-27,0
2025-04-26 11:54:57.583083,c4f208e4-b290-4828-bd76-7dafa6347119,KXHIGHAUS-25APR27-T87,129842.417,5,-3.5,87.697,85.2,29,71,0,0.697,-1.8,-2.497,29.0,24.3,8.473,2.552,0.0,0.0,-195.676,-68.97,-71,1
2025-04-26 11:54:57.583083,8edd5227-fa39-4e7f-86a0-da5313204935,KXHIGHAUS-25APR27-T87,129842.417,1,-3.5,87.663,85.2,29,71,0,0.663,-1.8,-2.463,29.0,21.87,7.626,2.296,0.0,0.0,-182.524,-68.973,-71,1
2025-04-26 11:54:57.583083,5fa66ae8-2743-4eea-a88f-4437397b3483,KXHIGHAUS-25APR27-T87,129842.417,240,-3.5,87.677,85.2,25,75,0,0.677,-1.8,-2.477,25.0,19.683,6.863,2.067,0.0,0.0,-153.842,-73.13,-75,1
2025-04-26 11:54:57.583083,3f7b2b6a-7a44-4cd0-9f0e-b20063a251e9,KXHIGHAUS-25APR27-T87,129842.417,240,-3.5,87.619,85.2,27,73,0,0.619,-1.8,-2.419,27.0,17.715,6.177,1.86,0.0,0.0,-152.308,-71.162,-73,1
2025-04-26 12:02:27.876495,86a8b114-23da-40a6-bb35-8cb1f9ccd127,KXHIGHAUS-25APR27-B91.5,129392.124,30,1.0,88.519,85.2,16,84,1,-2.981,-6.3,-3.319,24.3,15.943,5.559,16.0,0.0,0.0,-175.574,-12.507,-16,0
2025-04-26 12:02:27.876495,7e21e2f8-729c-4bcf-a83b-bec972c33243,KXHIGHAUS-25APR27-B91.5,129392.124,30,1.0,88.551,85.2,15,85,1,-2.949,-6.3,-3.351,21.87,14.349,5.003,15.0,0.0,0.0,-154.368,-11.343,-15,0
2025-04-26 12:02:39.459793,0eda823d-3e09-4d63-8802-756c5e2b6560,KXHIGHAUS-25APR27-B87.5,129380.54,20,-3.0,88.125,85.2,28,72,1,0.625,-2.3,-2.925,11.623,28.0,2.659,7.972,0.0,0.0,-140.96,-26.282,-28,0
2025-04-26 12:02:39.459793,1ed00d8e-c5dd-4575-a64a-b0b0fbd33769,KXHIGHAUS-25APR27-B87.5,129380.54,46,-3.0,88.115,85.2,32,68,1,0.615,-2.3,-2.915,12.914,32.0,2.954,8.857,0.0,0.0,-166.462,-30.265,-32,0
2025-04-26 12:02:39.459793,2850587b-9854-4cf7-b3b8-4f0006721b7c,KXHIGHAUS-25APR27-B87.5,129380.54,52,-3.0,88.13,85.2,34,66,1,0.63,-2.3,-2.93,14.349,34.0,3.283,9.842,0.0,0.0,-184.522,-32.01,-34,0
2025-04-26 12:02:39.459793,a2320ac5-c9f8-46b3-a5d0-b15370ac202c,KXHIGHAUS-25APR27-B87.5,129380.54,11,-3.0,88.226,85.2,32,68,1,0.726,-2.3,-3.026,17.715,32.0,4.053,12.15,0.0,0.0,-197.836,-28.737,-32,0
2025-04-26 12:02:39.459793,b4b187f8-3939-4999-97c7-e9734eeb1f8e,KXHIGHAUS-25APR27-B87.5,129380.54,7,-3.0,88.297,85.2,29,71,1,0.797,-2.3,-3.097,19.683,29.0,4.503,13.5,0.0,0.0,-198.214,-24.855,-29,0
2025-04-26 12:02:39.459793,6b4bde09-c05e-40fa-937d-49fef78cec1d,KXHIGHAUS-25APR27-B87.5,129380.54,13,-3.0,88.211,85.2,30,70,1,0.711,-2.3,-3.011,15.943,30.0,3.647,10.935,0.0,0.0,-177.059,-27.63,-30,0
2025-04-26 12:17:47.649841,f2503330-c4f5-4548-8066-3915a240280b,KXHIGHAUS-25APR27-B87.5,128472.35,64,-3.0,88.033,85.2,33,67,1,0.533,-2.3,-2.833,10.46,33.0,2.393,7.174,0.0,0.0,-156.167,-28.624,-33,0
2025-04-26 12:17:47.649841,8674f096-b29a-4c89-acb5-37012752e2f3,KXHIGHAUS-25APR27-B87.5,128472.35,240,-3.0,87.98,85.2,35,65,1,0.48,-2.3,-2.78,9.414,35.0,2.154,6.457,0.0,0.0,-159.242,-30.819,-35,0
2025-04-26 12:17:47.649841,303a54fd-c659-47c6-9cfb-25ae03f20d8a,KXHIGHAUS-25APR27-B87.5,128472.35,14,-3.0,87.965,85.2,33,67,1,0.465,-2.3,-2.765,8.473,33.0,1.938,5.811,0.0,0.0,-145.0,-28.829,-33,0
2025-04-26 14:54:15.687669,05edd675-c0c8-4ba4-9123-56859a7f7661,KXHIGHAUS-25APR27-B89.5,119084.312,1,-1.0,88.6,85.2,33,67,1,-0.9,-4.3,-3.4,7.626,29.7,33.0,5.23,0.0,0.0,-240.246,-31.599,-33,0
2025-04-26 15:34:03.981860,f0718888-ca0b-411c-b754-78d66cb46b10,KXHIGHAUS-25APR27-B89.5,116696.018,4,-1.0,88.642,85.2,33,67,1,-0.858,-4.3,-3.442,6.863,26.73,33.0,4.707,0.0,0.0,-223.725,-31.697,-33,0
2025-04-26 15:34:03.981860,66ec8605-7712-4ddc-ae6c-7e6c1f4ef14f,KXHIGHAUS-25APR27-B89.5,116696.018,6,-1.0,88.696,85.2,34,66,1,-0.804,-4.3,-3.496,6.177,24.057,34.0,4.236,0.0,0.0,-213.771,-32.832,-34,0
2025-04-26 17:58:02.319071,933e114c-0709-41cf-a6d0-2b1b53d61f58,KXHIGHAUS-25APR27-B89.5,108057.681,2,-1.0,88.749,85.2,35,65,1,-0.751,-4.3,-3.549,5.559,21.651,35.0,3.813,0.0,0.0,-205.655,-33.484,-35,0
2025-04-26 17:58:02.319071,43d95c51-d93d-4778-be45-04269df82dad,KXHIGHAUS-25APR27-B89.5,108057.681,1,-1.0,88.768,85.2,33,67,1,-0.732,-4.3,-3.568,5.003,19.486,33.0,3.432,0.0,0.0,-185.539,-31.854,-33,0
2025-04-26 18:04:06.732653,dd408da9-0b2c-4fea-9b92-8b67cc9a8e3a,KXHIGHAUS-25APR27-B87.5,107693.267,24,-3.0,88.461,85.2,35,65,1,0.961,-2.3,-3.261,4.503,35.0,29.7,3.088,0.0,0.0,-235.412,-30.426,-35,0
2025-04-26 18:04:06.732653,d2d5904c-388d-4207-865c-3784c36d9928,KXHIGHAUS-25APR27-B87.5,107693.267,31,-3.0,88.426,85.2,34,66,1,0.926,-2.3,-3.226,4.053,34.0,26.73,2.78,0.0,0.0,-216.238,-29.587,-34,0
2025-04-26 18:10:22.379372,359327e5-cbf6-4904-b1a3-d60acbf2343f,KXHIGHAUS-25APR27-B91.5,107317.621,5,1.0,88.984,85.2,16,84,0,-2.516,-6.3,-3.784,3.647,30.6,24.057,16.0,0.0,0.0,-230.275,12.848,16,0
2025-04-26 18:10:22.379372,1fa31a1b-b6e0-4112-9dd7-2d600dbfd283,KXHIGHAUS-25APR27-B91.5,107317.621,4,1.0,89.007,85.2,15,85,0,-2.493,-6.3,-3.807,3.283,27.54,21.651,15.0,0.0,0.0,-202.414,11.828,15,0
2025-04-26 18:14:42.229056,25615f9f-2520-4a6a-a904-d2e8ac2d2f35,KXHIGHAUS-25APR27-B91.5,107057.771,27,1.0,89.552,85.2,18,82,1,-1.948,-6.3,-4.352,1.744,14.636,11.506,18.0,0.0,0.0,-120.381,-14.841,-18,0
2025-04-26 18:14:42.229056,013de0f2-8dce-4de6-8b46-66700518acd2,KXHIGHAUS-25APR27-B91.5,107057.771,5,1.0,89.633,85.2,18,82,1,-1.867,-6.3,-4.433,1.57,13.172,10.356,18.0,0.0,0.0,-110.902,-14.891,-18,0
2025-04-26 18:14:42.229056,328abf65-e60c-449d-ad6c-695dc7b9f846,KXHIGHAUS-25APR27-B91.5,107057.771,240,1.0,89.625,85.2,22,78,1,-1.875,-6.3,-4.425,1.938,16.262,12.785,22.0,0.0,0.0,-147.217,-18.881,-22,0
2025-04-26 18:14:42.229056,a3ade34a-7682-47c8-91a0-bb80012c1afa,KXHIGHAUS-25APR27-B91.5,107057.771,5,1.0,89.248,85.2,18,82,1,-2.252,-6.3,-4.048,2.659,22.307,17.538,18.0,0.0,0.0,-174.123,-14.894,-18,0
2025-04-26 18:14:42.229056,5f8fc3d5-4c5e-480c-b8a8-a4f35bef845f,KXHIGHAUS-25APR27-B91.5,107057.771,55,1.0,89.358,85.2,19,81,1,-2.142,-6.3,-4.158,2.393,20.077,15.784,19.0,0.0,0.0,-161.801,-15.886,-19,0
2025-04-26 18:14:42.229056,51a49f80-74ec-414a-aa44-40e7ba208867,KXHIGHAUS-25APR27-B91.5,107057.771,240,1.0,89.472,85.2,20,80,1,-2.028,-6.3,-4.272,2.154,18.069,14.205,20.0,0.0,0.0,-151.558,-16.884,-20,0
2025-04-26 18:14:42.229056,f2c0d0c6-1e1b-49ec-b6f2-aeb6e0d87590,KXHIGHAUS-25APR27-B91.5,107057.771,5,1.0,89.179,85.2,18,82,1,-2.321,-6.3,-3.979,2.954,24.786,19.486,18.0,0.0,0.0,-192.665,-14.861,-18,0
2025-04-26 18:14:44.845179,710d8024-d0db-4ba0-83a7-405a445a2d3c,KXHIGHAUS-25APR27-B89.5,107055.155,61,-1.0,89.584,85.2,32,68,0,0.084,-4.3,-4.384,1.413,11.855,32.0,16.2,0.0,0.0,-185.824,30.402,32,0
2025-04-26 18:15:14.297259,a6290cb8-9f3d-406f-bbb5-ad27de6dbe00,KXHIGHAUS-25APR27-B89.5,107025.703,119,-1.0,89.578,85.2,33,67,1,0.078,-4.3,-4.378,1.272,10.67,33.0,14.58,0.0,0.0,-180.019,-31.306,-33,0
2025-04-26 18:15:21.795752,195b8d8f-f0b7-421d-acf4-024f0951b081,KXHIGHAUS-25APR27-B89.5,107018.204,41,-1.0,89.573,85.2,33,67,0,0.073,-4.3,-4.373,1.145,9.603,33.0,13.122,0.0,0.0,-171.041,31.253,33,0
2025-04-26 18:15:33.309164,af166142-6d80-48e5-8e47-92500051e222,KXHIGHAUS-25APR27-B89.5,107006.691,119,-1.0,89.568,85.2,34,66,1,0.068,-4.3,-4.368,1.03,8.642,34.0,11.81,0.0,0.0,-167.723,-31.664,-34,0
2025-04-26 18:15:33.309164,aebfafae-afc6-47fa-afb3-3a48da54236b,KXHIGHAUS-25APR27-B89.5,107006.691,19,-1.0,89.563,85.2,34,66,1,0.063,-4.3,-4.363,0.927,7.778,34.0,10.629,0.0,0.0,-160.903,-31.667,-34,0
2025-04-26 18:15:54.912686,93ed4c4c-cfeb-4531-b0aa-69f9887577ff,KXHIGHAUS-25APR27-B89.5,106985.087,82,-1.0,89.558,85.2,35,65,1,0.058,-4.3,-4.358,0.834,7.0,35.0,9.566,0.0,0.0,-159.51,-32.598,-35,0
2025-04-26 18:15:54.912686,26c3bc54-d904-4bab-b319-2510f62158fc,KXHIGHAUS-25APR27-B89.5,106985.087,36,-1.0,89.555,85.2,34,66,1,0.055,-4.3,-4.355,0.751,6.3,34.0,8.609,0.0,0.0,-149.812,-31.654,-34,0
2025-04-26 18:17:10.820134,9f81933c-0161-401f-9c60-ee1bd271a5ce,KXHIGHAUS-25APR27-B89.5,106909.18,27,-1.0,89.551,85.2,34,66,1,0.051,-4.3,-4.351,0.676,5.67,34.0,7.748,0.0,0.0,-145.335,-31.433,-34,0
2025-04-26 18:17:16.793188,2622bfc2-475e-421a-8f21-bf0817c61224,KXHIGHAUS-25APR27-B89.5,106903.207,28,-1.0,89.548,85.2,34,66,1,0.048,-4.3,-4.348,0.608,5.103,34.0,6.974,0.0,0.0,-141.455,-31.414,-34,0
2025-04-26 18:17:28.597570,8d6e042e-4697-41d8-a59e-2a08a36825bd,KXHIGHAUS-25APR27-B91.5,106891.402,26,1.0,90.054,85.2,21,79,1,-1.446,-6.3,-4.854,0.547,4.593,30.6,21.0,0.0,0.0,-175.29,-17.873,-21,0
2025-04-26 18:17:59.794776,479731a6-6c91-4a80-89d0-0a55797bfa62,KXHIGHAUS-25APR27-B87.5,106860.205,28,-3.0,88.882,85.2,28,72,0,1.382,-2.3,-3.682,0.291,28.0,16.262,11.16,0.0,0.0,-165.217,23.127,28,0
2025-04-26 18:17:59.794776,4a313570-e010-4ffe-81c2-a6d9d45cce66,KXHIGHAUS-25APR27-B87.5,106860.205,350,-3.0,89.007,85.2,26,74,0,1.507,-2.3,-3.807,0.323,26.0,18.069,12.4,0.0,0.0,-167.861,21.015,26,0
2025-04-26 18:17:59.794776,4afa724d-e0ac-4ed2-8fe4-bbab8106d208,KXHIGHAUS-25APR27-B87.5,106860.205,240,-3.0,89.079,85.2,26,74,0,1.579,-2.3,-3.879,0.359,26.0,20.077,13.778,0.0,0.0,-180.705,20.987,26,0
2025-04-26 18:17:59.794776,bdc8a60c-dbf1-44d7-a753-2ef82f605960,KXHIGHAUS-25APR27-B87.5,106860.205,300,-3.0,89.195,85.2,30,70,0,1.695,-2.3,-3.995,0.493,30.0,27.54,18.9,0.0,0.0,-248.55,24.937,30,0
2025-04-26 18:17:59.794776,badb130b-a8de-4d87-8a15-be5504bc2be9,KXHIGHAUS-25APR27-B87.5,106860.205,30,-3.0,89.103,85.2,31,69,0,1.603,-2.3,-3.903,0.443,31.0,24.786,17.01,0.0,0.0,-233.866,25.963,31,0
2025-04-26 18:17:59.794776,8ee68f29-493d-4450-bb5e-3b8146bd7fc0,KXHIGHAUS-25APR27-B87.5,106860.205,27,-3.0,89.031,85.2,31,69,0,1.531,-2.3,-3.831,0.399,31.0,22.307,15.309,0.0,0.0,-217.119,25.977,31,0
2025-04-26 18:20:09.401662,dd6b6b1a-1adf-4f24-940c-c21a1c1bd196,KXHIGHAUS-25APR27-B91.5,106730.598,25,1.0,89.386,85.2,22,78,1,-2.114,-6.3,-4.186,0.262,25.2,14.636,22.0,0.0,0.0,-188.244,-18.812,-22,0
2025-04-26 18:20:09.401662,c7ec9308-86ed-4112-b360-32e883922e38,KXHIGHAUS-25APR27-B91.5,106730.598,9,1.0,89.466,85.2,22,78,1,-2.034,-6.3,-4.266,0.236,22.68,13.172,22.0,0.0,0.0,-172.417,-18.867,-22,0
2025-04-26 18:20:09.401662,591b2e28-8fda-4974-8aa9-733ec60e3717,KXHIGHAUS-25APR27-B91.5,106730.598,27,1.0,89.549,85.2,22,78,1,-1.951,-6.3,-4.349,0.212,20.412,11.855,22.0,0.0,0.0,-158.554,-18.866,-22,0
2025-04-26 19:01:43.992245,7430b39f-8f21-42ec-925d-34e93ec39bbc,KXHIGHAUS-25APR27-B89.5,104236.008,109,-1.0,89.517,85.2,50,50,1,0.017,-4.3,-4.317,0.091,8.787,50.0,9.47,0.0,0.0,-235.769,-42.72,-50,0
2025-04-26 19:01:43.992245,1912fc0d-dfc2-42e3-a562-f63577dac302,KXHIGHAUS-25APR27-B89.5,104236.008,20,-1.0,89.516,85.2,37,63,1,0.016,-4.3,-4.316,0.067,6.406,37.0,6.904,0.0,0.0,-158.658,-34.396,-37,0
2025-04-26 19:01:43.992245,6dd90b3b-f878-488a-bfa5-3c1a889feb7c,KXHIGHAUS-25APR27-B89.5,104236.008,38,-1.0,89.515,85.2,45,55,1,0.015,-4.3,-4.315,0.074,7.117,45.0,7.671,0.0,0.0,-200.704,-39.19,-45,0
2025-04-26 19:01:43.992245,1239e277-62ba-4870-aecf-660c543dfaa9,KXHIGHAUS-25APR27-B89.5,104236.008,87,-1.0,89.515,85.2,38,62,1,0.015,-4.3,-4.315,0.06,5.765,38.0,6.213,0.0,0.0,-159.509,-35.402,-38,0
2025-04-26 19:01:43.992245,7521c437-532e-45e3-9adc-1fe58d7d2948,KXHIGHAUS-25APR27-B89.5,104236.008,12,-1.0,89.522,85.2,38,62,1,0.022,-4.3,-4.322,0.101,9.763,38.0,10.523,0.0,0.0,-185.007,-30.713,-38,0
2025-04-26 19:01:43.992245,6f0d6720-08c7-433f-91ed-9997ffc638b9,KXHIGHAUS-25APR27-B89.5,104236.008,240,-1.0,89.518,85.2,40,60,1,0.018,-4.3,-4.318,0.082,7.908,40.0,8.523,0.0,0.0,-181.966,-32.994,-40,0
2025-04-26 19:01:43.992245,9c06981b-e9de-46b8-a50b-cb25379d5c56,KXHIGHAUS-25APR27-B89.5,104236.008,23,-1.0,89.524,85.2,41,59,1,0.024,-4.3,-4.324,0.125,12.053,41.0,12.991,0.0,0.0,-215.312,-33.319,-41,0
2025-04-26 19:01:43.992245,9fb77a83-08a7-4781-b67d-c158fad7c068,KXHIGHAUS-25APR27-B89.5,104236.008,30,-1.0,89.524,85.2,43,57,1,0.024,-4.3,-4.324,0.139,13.392,43.0,14.434,0.0,0.0,-234.739,-35.227,-43,0
2025-04-26 19:01:43.992245,a4f3bcce-5cc2-48f7-99ad-435d6f106060,KXHIGHAUS-25APR27-B89.5,104236.008,44,-1.0,89.524,85.2,50,50,1,0.024,-4.3,-4.324,0.155,14.88,50.0,16.038,0.0,0.0,-279.995,-42.142,-50,0
2025-04-26 19:01:43.992245,cc2c134e-03c6-4787-8b41-43d4b969c128,KXHIGHAUS-25APR27-B89.5,104236.008,79,-1.0,89.529,85.2,39,61,1,0.029,-4.3,-4.329,0.172,16.534,39.0,17.82,0.0,0.0,-240.287,-31.127,-39,0
2025-04-26 19:01:43.992245,f600f2fa-0bf4-4e59-a6c1-c06cc9008b7a,KXHIGHAUS-25APR27-B89.5,104236.008,240,-1.0,89.53,85.2,42,58,1,0.03,-4.3,-4.33,0.191,18.371,42.0,19.8,0.0,0.0,-269.256,-34.118,-42,0
2025-04-26 19:01:43.992245,88d4a162-94cc-4f18-b144-654bf765c971,KXHIGHAUS-25APR27-B89.5,104236.008,200,-1.0,89.52,85.2,46,54,1,0.02,-4.3,-4.32,0.113,10.848,46.0,11.692,0.0,0.0,-230.481,-38.63,-46,0
2025-04-26 19:06:21.481499,c263b011-00b8-4bdc-99a4-5824132134ef,KXHIGHAUS-25APR27-B89.5,103958.519,47,-1.0,89.513,85.2,42,58,1,0.013,-4.3,-4.313,0.054,5.188,42.0,5.592,0.0,0.0,-174.993,-34.099,-42,0
2025-04-26 19:06:21.481499,84f29ac5-c48d-4b3a-ab97-85bad27d7592,KXHIGHAUS-25APR27-B89.5,103958.519,3,-1.0,89.512,85.2,42,58,1,0.012,-4.3,-4.312,0.049,4.67,42.0,5.033,0.0,0.0,-172.165,-34.118,-42,0
2025-04-26 19:06:36.303427,9d150a4f-4ec6-4639-b291-e8f195f4e17e,KXHIGHAUS-25APR27-B91.5,103943.697,53,1.0,90.076,85.2,23,77,1,-1.424,-6.3,-4.876,0.044,4.203,37.8,23.0,0.0,0.0,-215.315,-19.571,-23,0
2025-04-26 19:07:22.055986,93750db7-6ef4-4e0d-950e-758d016ca49e,KXHIGHAUS-25APR27-B89.5,103897.944,30,-1.0,90.015,85.2,41,59,1,0.515,-4.3,-4.815,0.039,3.782,41.0,20.7,0.0,0.0,-219.885,-33.081,-41,0
2025-04-26 19:09:26.425110,d5f5d777-83a1-403d-8ddd-d16645f02115,KXHIGHAUS-25APR27-B91.5,103773.575,14,1.0,90.117,85.2,23,77,0,-1.383,-6.3,-4.917,0.035,3.404,36.9,23.0,0.0,0.0,-209.311,19.533,23,0
2025-04-26 19:12:20.724842,73233902-db84-49b1-8975-48a1c6fd9405,KXHIGHAUS-25APR27-B91.5,103599.275,21,1.0,90.171,85.2,23,77,0,-1.329,-6.3,-4.971,0.032,3.064,33.21,23.0,0.0,0.0,-191.767,19.504,23,0
2025-04-26 19:15:21.924775,37fac3ab-5fd3-44a4-83d1-ac45deacbccd,KXHIGHAUS-25APR27-B91.5,103418.075,2,1.0,90.226,85.2,23,77,0,-1.274,-6.3,-5.026,0.029,2.757,29.889,23.0,0.0,0.0,-176.359,19.418,23,0
2025-04-26 19:23:09.060739,f3336f9a-b2ac-4583-931e-346b01330919,KXHIGHAUS-25APR27-B89.5,102950.939,22,-1.0,90.058,85.2,42,58,1,0.558,-4.3,-4.858,0.026,2.482,42.0,20.7,0.0,0.0,-221.867,-34.078,-42,0
2025-04-26 19:23:09.060739,8a15f32c-d034-4334-86ac-27ecda595663,KXHIGHAUS-25APR27-B89.5,102950.939,45,-1.0,90.021,85.2,42,58,1,0.521,-4.3,-4.821,0.023,2.233,42.0,18.63,0.0,0.0,-213.178,-34.065,-42,0
2025-04-26 19:23:09.060739,1a066b15-6c7d-4016-a390-822578bbf8b6,KXHIGHAUS-25APR27-B89.5,102950.939,1,-1.0,89.977,85.2,43,57,1,0.477,-4.3,-4.777,0.021,2.01,43.0,16.767,0.0,0.0,-210.327,-35.081,-43,0
2025-04-26 19:23:15.317923,df2a71a1-5627-443a-ab96-f5ddcd5247fc,KXHIGHAUS-25APR27-B87.5,102944.682,72,-3.0,89.163,85.2,29,71,1,1.663,-2.3,-3.963,0.019,29.0,38.7,15.09,0.0,0.0,-280.014,-23.771,-29,0
2025-04-26 19:23:18.384638,0eda4fbf-ff25-4010-8ed5-52de2ff5ba61,KXHIGHAUS-25APR27-B91.5,102941.615,6,1.0,89.426,85.2,23,77,0,-2.074,-6.3,-4.226,0.017,26.1,34.83,23.0,0.0,0.0,-280.847,19.39,23,0
2025-04-26 19:33:53.422640,756031fa-fcfc-4dc6-8d1b-35f6fe067720,KXHIGHAUS-25APR27-B89.5,102306.577,29,-1.0,89.435,85.2,42,58,1,-0.065,-4.3,-4.235,0.015,23.49,42.0,20.7,0.0,0.0,-293.79,-34.083,-42,0
2025-04-26 19:33:53.422640,367de7f7-2c4d-4026-946b-ea9aaeb4da33,KXHIGHAUS-25APR27-B89.5,102306.577,32,-1.0,89.438,85.2,42,58,1,-0.062,-4.3,-4.238,0.014,21.141,42.0,18.63,0.0,0.0,-275.918,-34.098,-42,0
2025-04-26 19:33:53.422640,2f88d7ba-a6f4-444e-b0c7-ca287c228cc2,KXHIGHAUS-25APR27-B89.5,102306.577,61,-1.0,89.441,85.2,41,59,1,-0.059,-4.3,-4.241,0.012,19.027,41.0,16.767,0.0,0.0,-255.526,-33.097,-41,0
2025-04-26 19:35:57.602189,b931b047-9c75-476a-b6e2-d7863bffaaaf,KXHIGHAUS-25APR27-B89.5,102182.398,119,-1.0,89.445,85.2,42,58,1,-0.055,-4.3,-4.245,0.011,17.124,42.0,15.09,0.0,0.0,-246.529,-33.991,-42,0
2025-04-26 19:35:57.602189,8fc66fb7-c54b-4c6f-bafa-b50a681fd148,KXHIGHAUS-25APR27-B89.5,102182.398,26,-1.0,89.448,85.2,42,58,1,-0.052,-4.3,-4.248,0.01,15.412,42.0,13.581,0.0,0.0,-234.519,-34.043,-42,0
2025-04-26 19:44:10.135679,1d074821-2b38-4c64-99a8-6c1de4d1e567,KXHIGHAUS-25APR27-B89.5,101689.864,20,-1.0,89.468,85.2,46,54,1,-0.032,-4.3,-4.268,0.005,8.19,46.0,7.218,0.0,0.0,-207.58,-37.973,-46,0
2025-04-26 19:44:10.135679,483f8114-5b97-4399-8da1-87c62c610cac,KXHIGHAUS-25APR27-B89.5,101689.864,240,-1.0,89.464,85.2,44,56,1,-0.036,-4.3,-4.264,0.006,9.101,44.0,8.02,0.0,0.0,-203.267,-35.675,-44,0
2025-04-26 19:44:10.135679,85f53a2f-17dc-4031-9ca1-a786c27237a8,KXHIGHAUS-25APR27-B89.5,101689.864,19,-1.0,89.46,85.2,42,58,1,-0.04,-4.3,-4.26,0.007,10.112,42.0,8.911,0.0,0.0,-199.834,-33.639,-42,0
2025-04-26 19:44:10.135679,a4ee8251-92c8-44ca-8260-79417b7c52de,KXHIGHAUS-25APR27-B89.5,101689.864,240,-1.0,89.46,85.2,46,54,1,-0.04,-4.3,-4.26,0.007,11.235,46.0,9.901,0.0,0.0,-225.959,-37.597,-46,0
2025-04-26 19:44:10.135679,d6f20e9c-a519-4c72-b622-c4194e3ef55e,KXHIGHAUS-25APR27-B89.5,101689.864,20,-1.0,89.457,85.2,46,54,1,-0.043,-4.3,-4.257,0.008,12.484,46.0,11.001,0.0,0.0,-233.972,-37.524,-46,0
2025-04-26 19:44:10.135679,db76cf15-25bd-4dd4-99a3-2b10a9ee435f,KXHIGHAUS-25APR27-B89.5,101689.864,32,-1.0,89.452,85.2,43,57,1,-0.048,-4.3,-4.252,0.009,13.871,43.0,12.223,0.0,0.0,-228.764,-34.369,-43,0
2025-04-26 19:47:47.731105,e407d66b-6adb-4782-8594-d7aaf40910f0,KXHIGHAUS-25APR27-B87.5,101472.269,3,-3.0,88.952,85.2,27,73,1,1.452,-2.3,-3.752,0.005,27.0,41.4,6.496,0.0,0.0,-255.261,-21.641,-27,0
2025-04-26 19:53:31.573735,a4bb0e2d-992c-49b4-89d4-e8d27b4fcc49,KXHIGHAUS-25APR27-B87.5,101128.426,100,-3.0,88.959,85.2,24,76,0,1.459,-2.3,-3.759,0.004,24.0,37.26,5.846,0.0,0.0,-221.377,18.03,24,0
2025-04-26 19:53:31.573735,470ea1c3-a859-45b5-bed8-f18d743ff846,KXHIGHAUS-25APR27-B87.5,101128.426,38,-3.0,88.903,85.2,24,76,0,1.403,-2.3,-3.703,0.004,24.0,33.534,5.262,0.0,0.0,-202.779,18.5,24,0
2025-04-26 20:04:18.830203,55ed771d-9d10-46b8-b806-4a0173f30dbd,KXHIGHAUS-25APR27-B89.5,100481.17,3,-1.0,89.052,85.2,49,51,1,-0.448,-4.3,-3.852,0.003,21.6,49.0,4.735,0.0,0.0,-264.414,-40.264,-49,0
2025-04-26 21:09:57.480228,58f4764b-213d-48d2-a529-bc32f51ccb27,KXHIGHAUS-25APR27-B87.5,96542.52,10,-3.0,88.896,85.2,27,73,1,1.396,-2.3,-3.696,0.003,27.0,44.1,4.262,0.0,0.0,-262.131,-20.145,-27,0
2025-04-26 21:10:14.728414,48291a1c-8b45-4b0b-8fb5-04379ded802d,KXHIGHAUS-25APR27-B89.5,96525.272,9,-1.0,88.969,85.2,49,51,1,-0.531,-4.3,-3.769,0.003,24.3,49.0,3.836,0.0,0.0,-273.368,-39.167,-49,0
2025-04-26 21:17:37.594823,af80f01f-410e-4bc3-a2b8-c94bb8c8b5a4,KXHIGHAUS-25APR27-B89.5,96082.405,17,-1.0,88.969,85.2,44,56,0,-0.531,-4.3,-3.769,0.003,21.87,44.0,3.452,0.0,0.0,-238.238,34.153,44,0
2025-04-26 21:25:24.439769,d364c56d-1f93-4e47-98c5-f6a21c7462c6,KXHIGHAUS-25APR27-B89.5,95615.56,19,-1.0,89.038,85.2,49,51,1,-0.462,-4.3,-3.838,0.002,19.683,49.0,3.107,0.0,0.0,-252.858,-39.14,-49,0
2025-04-26 21:51:44.776866,b9506081-48b6-4a9f-829c-f17934a7dba1,KXHIGHAUS-25APR27-B87.5,94035.223,35,-3.0,88.845,85.2,27,73,1,1.345,-2.3,-3.645,0.002,27.0,44.1,2.796,0.0,0.0,-258.833,-19.767,-27,0
2025-04-26 22:25:14.530784,daab0771-65ed-43a1-9d77-e1fd3749df2a,KXHIGHAUS-25APR27-B91.5,92025.469,89,1.0,89.493,85.2,24,76,1,-2.007,-6.3,-4.293,0.002,24.3,39.69,24.0,0.0,0.0,-299.893,-19.89,-24,0
2025-04-26 22:25:14.530784,731b648b-ba5f-4b74-8638-78ea3280c004,KXHIGHAUS-25APR27-B91.5,92025.469,2,1.0,89.552,85.2,24,76,1,-1.948,-6.3,-4.352,0.002,21.87,35.721,24.0,0.0,0.0,-271.463,-20.087,-24,0
2025-04-26 22:25:14.530784,547bc536-e91c-4cf6-953e-94c3b46118f9,KXHIGHAUS-25APR27-B91.5,92025.469,51,1.0,89.638,85.2,25,75,1,-1.862,-6.3,-4.438,0.001,19.683,32.149,25.0,0.0,0.0,-250.682,-21.095,-25,0
2025-04-26 22:25:14.530784,4fee3134-4814-4846-a5c3-991803012992,KXHIGHAUS-25APR27-B91.5,92025.469,22,1.0,89.703,85.2,25,75,1,-1.797,-6.3,-4.503,0.001,17.715,28.934,25.0,0.0,0.0,-228.745,-21.24,-25,0
2025-04-26 22:25:14.530784,4b9567ee-6231-4303-acca-e625e718909e,KXHIGHAUS-25APR27-B91.5,92025.469,2,1.0,89.744,85.2,24,76,1,-1.756,-6.3,-4.544,0.001,15.943,26.041,24.0,0.0,0.0,-205.296,-20.257,-24,0
2025-04-26 22:30:15.094930,aac8866f-157e-4ff2-91cc-10187c00a865,KXHIGHAUS-25APR27-B91.5,91724.905,6,1.0,89.812,85.2,24,76,1,-1.688,-6.3,-4.612,0.001,14.349,23.437,24.0,0.0,0.0,-188.412,-19.75,-24,0
2025-04-26 22:30:33.275502,f5a0c5bb-31fc-4def-a42b-055bd6464771,KXHIGHAUS-25APR27-B91.5,91706.724,6,1.0,89.882,85.2,24,76,1,-1.618,-6.3,-4.682,0.001,12.914,21.093,24.0,0.0,0.0,-173.615,-19.508,-24,0
2025-04-26 23:13:40.888724,ed73fbaa-0b6d-4159-900a-555d258911cd,KXHIGHAUS-25APR27-B87.5,89119.111,12,-3.0,89.456,85.2,23,77,0,1.956,-2.3,-4.256,0.001,23.0,18.984,21.6,0.0,0.0,-194.36,14.874,23,0
2025-04-26 23:13:40.888724,babdc92c-3236-4641-b7bc-3c4c5093d4b3,KXHIGHAUS-25APR27-B87.5,89119.111,12,-3.0,89.412,85.2,22,78,0,1.912,-2.3,-4.212,0.001,22.0,17.085,19.44,0.0,0.0,-174.174,13.887,22,0
2025-04-26 23:13:40.888724,ba14b201-30d2-49a8-bf43-7cdf17432a28,KXHIGHAUS-25APR27-B87.5,89119.111,10,-3.0,89.303,85.2,23,77,0,1.803,-2.3,-4.103,0.001,23.0,15.377,17.496,0.0,0.0,-164.207,14.913,23,0
2025-04-26 23:13:40.888724,b7339579-61c4-4bc3-8062-ee8f13509506,KXHIGHAUS-25APR27-B87.5,89119.111,1,-3.0,89.224,85.2,23,77,0,1.724,-2.3,-4.024,0.001,23.0,13.839,15.746,0.0,0.0,-151.88,14.965,23,0
2025-04-26 23:13:40.888724,1109f11e-58d8-4333-b01f-4ad7238bbed3,KXHIGHAUS-25APR27-B87.5,89119.111,29,-3.0,89.112,85.2,24,76,0,1.612,-2.3,-3.912,0.001,24.0,12.455,14.172,0.0,0.0,-145.255,16.268,24,0
2025-04-26 23:14:23.799232,878b95b8-23aa-46eb-806b-4bae5a5f1192,KXHIGHAUS-25APR27-B87.5,89076.201,300,-3.0,88.941,85.2,27,73,1,1.441,-2.3,-3.741,0.001,27.0,11.21,12.755,0.0,0.0,-148.547,-18.812,-27,0
2025-04-26 23:18:46.714588,cfb0bb7a-d9dc-417f-995e-b2b3efd6953d,KXHIGHAUS-25APR27-B87.5,88813.285,9,-3.0,88.983,85.2,23,77,0,1.483,-2.3,-3.783,0.0,23.0,10.089,11.479,0.0,0.0,-123.447,14.434,23,0
2025-04-26 23:18:46.714588,4515b3b3-d6d9-437f-bf28-f0edf5770263,KXHIGHAUS-25APR27-B87.5,88813.285,2,-3.0,88.903,85.2,23,77,0,1.403,-2.3,-3.703,0.0,23.0,9.08,10.331,0.0,0.0,-116.269,14.65,23,0
2025-04-26 23:18:46.714588,3bad05b7-a802-4d8b-9ad1-5e69f6b21e20,KXHIGHAUS-25APR27-B87.5,88813.285,2,-3.0,88.823,85.2,23,77,0,1.323,-2.3,-3.623,0.0,23.0,8.172,9.298,0.0,0.0,-110.013,14.668,23,0
2025-04-26 23:18:46.714588,110c7d30-5e9b-43ab-b8b9-fe0656f1a2eb,KXHIGHAUS-25APR27-B87.5,88813.285,24,-3.0,88.744,85.2,23,77,0,1.244,-2.3,-3.544,0.0,23.0,7.355,8.368,0.0,0.0,-104.567,14.758,23,0
2025-04-26 23:21:22.596211,55e0807f-33c0-4de1-b989-c325b1cfc3e8,KXHIGHAUS-25APR27-B87.5,88657.404,1,-3.0,88.667,85.2,23,77,1,1.167,-2.3,-3.467,0.0,23.0,6.619,7.531,0.0,0.0,-99.831,-14.416,-23,0
2025-04-26 23:30:26.194488,e97c69b3-4c53-4e2a-b34c-d55ce43b2a9a,KXHIGHAUS-25APR27-B87.5,88113.806,11,-3.0,88.592,85.2,23,77,1,1.092,-2.3,-3.392,0.0,23.0,5.957,6.778,0.0,0.0,-95.717,-14.04,-23,0
2025-04-26 23:33:22.015291,f72f891c-7556-407f-82d6-7e2798985c3f,KXHIGHAUS-25APR27-B87.5,87937.985,1,-3.0,88.519,85.2,23,77,1,1.019,-2.3,-3.319,0.0,23.0,5.362,6.1,0.0,0.0,-92.15,-14.002,-23,0
2025-04-26 23:33:57.846489,e42ab130-9757-4558-ac7e-560cd110ab85,KXHIGHAUS-25APR27-T87,87902.154,17,-3.5,88.178,85.2,9,91,1,1.178,-1.8,-2.978,9.0,20.7,4.825,5.49,0.0,0.0,-99.444,87.979,91,1
2025-04-26 23:33:57.846489,d3c7c064-b938-41d0-950c-2ea893fddaac,KXHIGHAUS-25APR27-T87,87902.154,60,-3.5,88.181,85.2,8,92,1,1.181,-1.8,-2.981,8.0,18.63,4.343,4.941,0.0,0.0,-85.396,89.168,92,1
2025-04-26 23:33:57.846489,69d9c412-2194-4117-adbf-b850e2fac065,KXHIGHAUS-25APR27-T87,87902.154,5,-3.5,88.226,85.2,6,94,1,1.226,-1.8,-3.026,6.0,16.767,3.909,4.447,0.0,0.0,-69.988,91.582,94,1
2025-04-26 23:33:57.846489,5a82f2b8-a7aa-42de-878c-0a0cf5f563b0,KXHIGHAUS-25APR27-T87,87902.154,68,-3.5,88.16,85.2,7,93,1,1.16,-1.8,-2.96,7.0,15.09,3.518,4.003,0.0,0.0,-64.553,90.771,93,1
2025-04-26 23:34:35.831751,2be3a459-215a-4a93-8682-8f659610d904,KXHIGHAUS-25APR27-B87.5,87864.168,40,-3.0,87.962,85.2,25,75,1,0.462,-2.3,-2.762,6.3,25.0,3.166,3.602,0.0,0.0,-100.332,-15.623,-25,0
2025-04-26 23:34:41.554898,9f94099d-5fa9-40f2-8826-20e1997fca00,KXHIGHAUS-25APR27-T87,87858.445,100,-3.5,87.901,85.2,8,92,1,0.901,-1.8,-2.701,8.0,22.5,2.849,3.242,0.0,0.0,-93.486,88.874,92,1
2025-04-26 23:34:41.554898,3443baad-e830-4cb5-8fbd-3846e079a711,KXHIGHAUS-25APR27-T87,87858.445,240,-3.5,87.786,85.2,12,88,1,0.786,-1.8,-2.586,12.0,20.25,2.564,2.918,0.0,0.0,-96.274,84.927,88,1
2025-04-26 23:34:41.554898,17312b3b-de19-486b-90f1-919cd1a13c35,KXHIGHAUS-25APR27-T87,87858.445,240,-3.5,87.805,85.2,10,90,1,0.805,-1.8,-2.605,10.0,18.225,2.308,2.626,0.0,0.0,-80.395,86.959,90,1
2025-04-26 23:35:35.350871,9a3f63fa-dac3-40ef-9268-41f280f708af,KXHIGHAUS-25APR27-B89.5,87804.649,10,-1.0,88.795,85.2,44,56,0,-0.705,-4.3,-3.595,9.0,16.403,44.0,2.363,0.0,0.0,-234.197,34.088,44,0
2025-04-26 23:36:29.208761,b8b57f66-60fc-49a8-a6e9-66a42b7f7ce2,KXHIGHAUS-25APR27-B87.5,87750.791,240,-3.0,88.561,85.2,29,71,1,1.061,-2.3,-3.361,8.1,29.0,39.6,2.127,0.0,0.0,-261.883,-18.61,-29,0
2025-04-26 23:36:29.208761,b26e051f-89de-4c7e-ae03-5c4af1806aaf,KXHIGHAUS-25APR27-B87.5,87750.791,2,-3.0,88.548,85.2,27,73,1,1.048,-2.3,-3.348,7.29,27.0,35.64,1.914,0.0,0.0,-232.071,-16.684,-27,0
2025-04-26 23:36:29.208761,7e450bf5-b688-42b8-8d0d-2a386f4e30be,KXHIGHAUS-25APR27-B87.5,87750.791,99,-3.0,88.506,85.2,27,73,1,1.006,-2.3,-3.306,6.561,27.0,32.076,1.723,0.0,0.0,-213.51,-17.046,-27,0
2025-04-26 23:36:29.208761,4820595b-6485-48ac-969f-f41197d2b8aa,KXHIGHAUS-25APR27-B87.5,87750.791,2,-3.0,88.463,85.2,27,73,1,0.963,-2.3,-3.263,5.905,27.0,28.868,1.551,0.0,0.0,-197.231,-17.383,-27,0
2025-04-26 23:36:29.208761,2cbfab37-f5d5-4104-896d-2f32dcdfc5f4,KXHIGHAUS-25APR27-B87.5,87750.791,63,-3.0,88.404,85.2,28,72,1,0.904,-2.3,-3.204,5.314,28.0,25.982,1.396,0.0,0.0,-187.276,-18.582,-28,0
2025-04-27 00:01:56.462152,af63e13f-1c72-4980-87ad-d470f9a2955a,KXHIGHAUS-25APR27-B89.5,86223.538,19,-1.0,88.715,85.2,45,55,0,-0.785,-4.3,-3.515,4.783,25.2,45.0,1.256,0.0,0.0,-260.388,35.078,45,0
2025-04-27 00:03:23.475351,d7ffb9a1-0591-40b6-ab85-f8069138112e,KXHIGHAUS-25APR27-B89.5,86136.525,36,-1.0,88.792,85.2,48,52,1,-0.708,-4.3,-3.592,4.305,22.68,48.0,1.13,0.0,0.0,-263.035,-38.043,-48,0
2025-04-27 00:12:06.201929,3e147a31-c108-4b85-86ca-a85473b6ffac,KXHIGHAUS-25APR27-B87.5,85613.798,35,-3.0,88.663,85.2,28,72,0,1.163,-2.3,-3.463,3.874,28.0,43.2,1.017,0.0,0.0,-261.251,17.588,28,0
2025-04-27 00:16:00.496376,bb804c30-1d5d-4e25-a0fe-ce999f335dcc,KXHIGHAUS-25APR27-B91.5,85379.504,1,1.0,89.331,85.2,22,78,1,-2.169,-6.3,-4.131,3.487,25.2,38.88,22.0,0.0,0.0,-295.994,-17.47,-22,0
2025-04-27 00:34:27.039694,dc88da56-b1d4-4f75-a9fe-d1cb0ffb2beb,KXHIGHAUS-25APR27-B91.5,84272.96,3,1.0,89.389,85.2,22,78,1,-2.111,-6.3,-4.189,3.138,22.68,34.992,22.0,0.0,0.0,-266.788,-16.919,-22,0
2025-04-27 00:34:27.039694,855c002e-a69a-4591-a6e5-c9af7c31f67c,KXHIGHAUS-25APR27-B91.5,84272.96,2,1.0,89.449,85.2,22,78,1,-2.051,-6.3,-4.249,2.824,20.412,31.493,22.0,0.0,0.0,-241.143,-17.287,-22,0
2025-04-27 00:34:27.039694,5190e3f5-62bd-4031-920a-fa7a05b62e5c,KXHIGHAUS-25APR27-B91.5,84272.96,27,1.0,89.513,85.2,22,78,1,-1.987,-6.3,-4.313,2.542,18.371,28.344,22.0,0.0,0.0,-218.639,-17.293,-22,0
2025-04-27 00:34:51.381715,45552575-7c52-42f2-9214-7007e58876c6,KXHIGHAUS-25APR27-B87.5,84248.618,65,-3.0,89.207,85.2,28,72,0,1.707,-2.3,-4.007,2.288,28.0,25.509,19.8,0.0,0.0,-236.937,17.351,28,0
2025-04-27 00:38:58.108939,f8c01699-371a-458c-a686-c7173188a715,KXHIGHAUS-25APR27-B87.5,84001.891,16,-3.0,89.117,85.2,29,71,1,1.617,-2.3,-3.917,2.059,29.0,22.958,17.82,0.0,0.0,-222.41,-18.321,-29,0
2025-04-27 00:46:48.270362,a9a36ea3-c40d-4faf-b248-5bee1b7b97b1,KXHIGHAUS-25APR27-B91.5,83531.73,1,1.0,89.318,85.2,22,78,1,-2.182,-6.3,-4.118,1.853,26.1,20.662,22.0,0.0,0.0,-216.855,-16.892,-22,0
2025-04-27 00:56:13.107703,0b60b8cb-dc09-415e-9606-7375ee2e7832,KXHIGHAUS-25APR27-B87.5,82966.892,43,-3.0,88.962,85.2,23,77,0,1.462,-2.3,-3.762,0.985,23.0,10.981,11.692,0.0,0.0,-127.162,11.685,23,0
2025-04-27 00:56:13.107703,0da3923d-82e1-4cd1-882f-0576b1dc5c30,KXHIGHAUS-25APR27-B87.5,82966.892,2,-3.0,88.978,85.2,25,75,0,1.478,-2.3,-3.778,1.094,25.0,12.201,12.991,0.0,0.0,-144.403,13.48,25,0
2025-04-27 00:56:13.107703,1d85dc38-8b16-425a-8504-71e766ab1b21,KXHIGHAUS-25APR27-B87.5,82966.892,42,-3.0,89.083,85.2,24,76,0,1.583,-2.3,-3.883,1.216,24.0,13.557,14.434,0.0,0.0,-150.385,12.262,24,0
2025-04-27 00:56:13.107703,f1a18233-32d0-416f-9140-7d496d0ca909,KXHIGHAUS-25APR27-B87.5,82966.892,9,-3.0,89.304,85.2,24,76,0,1.804,-2.3,-4.104,1.668,24.0,18.596,19.8,0.0,0.0,-190.599,11.83,24,0
2025-04-27 00:56:13.107703,ae1e80dc-9226-4ed6-ac2c-916e14f6b9c5,KXHIGHAUS-25APR27-B87.5,82966.892,100,-3.0,89.261,85.2,23,77,0,1.761,-2.3,-4.061,1.501,23.0,16.737,17.82,0.0,0.0,-171.21,10.953,23,0
2025-04-27 00:56:13.107703,1e23b988-5990-4698-b2df-19978897147f,KXHIGHAUS-25APR27-B87.5,82966.892,10,-3.0,89.158,85.2,24,76,0,1.658,-2.3,-3.958,1.351,24.0,15.063,16.038,0.0,0.0,-162.039,11.974,24,0
2025-04-27 00:59:40.359191,005cce6b-96e4-4736-baab-7fec489ab688,KXHIGHAUS-25APR27-B91.5,82759.641,1,1.0,89.507,85.2,22,78,1,-1.993,-6.3,-4.307,0.886,20.7,9.883,22.0,0.0,0.0,-153.259,-16.85,-22,0
2025-04-27 01:09:01.218845,f4d3935f-d007-45f4-9d5c-e9f9d0456a58,KXHIGHAUS-25APR27-B91.5,82198.781,2,1.0,89.594,85.2,22,78,1,-1.906,-6.3,-4.394,0.798,18.63,8.894,22.0,0.0,0.0,-141.749,-15.398,-22,0
2025-04-27 01:09:01.218845,bbc0879c-11ee-4e83-8d69-529365305d71,KXHIGHAUS-25APR27-B91.5,82198.781,28,1.0,89.683,85.2,22,78,1,-1.817,-6.3,-4.483,0.718,16.767,8.005,22.0,0.0,0.0,-131.689,-16.23,-22,0
2025-04-27 01:09:01.218845,7b1ea259-8c12-4345-aee7-dee3abeeb5ad,KXHIGHAUS-25APR27-B91.5,82198.781,3,1.0,89.772,85.2,22,78,1,-1.728,-6.3,-4.572,0.646,15.09,7.205,22.0,0.0,0.0,-122.903,-16.414,-22,0
2025-04-27 01:09:01.218845,6b84b2c9-f2b9-419d-a03c-4247b04d648d,KXHIGHAUS-25APR27-B91.5,82198.781,8,1.0,89.861,85.2,22,78,1,-1.639,-6.3,-4.661,0.581,13.581,6.484,22.0,0.0,0.0,-115.238,-16.813,-22,0
2025-04-27 01:16:39.725775,b57b91b9-077e-4b61-9bbe-a9b07f535ebe,KXHIGHAUS-25APR27-B91.5,81740.274,1,1.0,89.95,85.2,22,78,1,-1.55,-6.3,-4.75,0.523,12.223,5.836,22.0,0.0,0.0,-108.557,-15.378,-22,0
2025-04-27 01:18:00.601607,063b3859-d548-4cf2-89a8-59b16a78b601,KXHIGHAUS-25APR27-B91.5,81659.398,1,1.0,90.038,85.2,22,78,1,-1.462,-6.3,-4.838,0.471,11.001,5.252,22.0,0.0,0.0,-102.739,-15.345,-22,0
2025-04-27 01:32:37.022834,77b06156-0bfe-4106-b2e8-1bfea61c4411,KXHIGHAUS-25APR27-B87.5,80782.977,30,-3.0,89.307,85.2,24,76,0,1.807,-2.3,-4.107,0.424,24.0,4.727,19.8,0.0,0.0,-142.368,11.81,24,0
2025-04-27 01:42:00.630077,c9dbd103-306e-4492-91d2-7f9569d152f1,KXHIGHAUS-25APR27-B91.5,80219.37,1,1.0,89.497,85.2,22,78,1,-2.003,-6.3,-4.297,0.382,21.6,4.254,22.0,0.0,0.0,-140.165,-14.991,-22,0
2025-04-27 02:01:54.868124,1db3adc4-3fc0-4dd8-b288-da3e1f7341f3,KXHIGHAUS-25APR27-T87,79025.132,50,-3.5,89.209,85.2,6,94,0,2.209,-1.8,-4.009,6.0,19.44,3.829,19.8,0.0,0.0,-132.692,-90.874,-94,1
2025-04-27 02:03:03.034453,6b2c1831-58b6-4935-9e23-fcc494181b85,KXHIGHAUS-25APR27-B89.5,78956.966,29,-1.0,89.365,85.2,49,51,1,-0.135,-4.3,-4.165,4.86,15.746,49.0,16.038,0.0,0.0,-286.295,-38.962,-49,0
2025-04-27 02:03:03.034453,bcf373e8-8368-4bbc-8d78-a2ecd6e7913b,KXHIGHAUS-25APR27-B89.5,78956.966,157,-1.0,89.36,85.2,51,49,1,-0.14,-4.3,-4.16,5.4,17.496,51.0,17.82,0.0,0.0,-311.03,-40.952,-51,0
2025-04-27 02:06:51.529819,f6e0a5ab-1a91-4d51-8c8c-ddf99375a674,KXHIGHAUS-25APR27-B91.5,78728.47,55,1.0,89.459,85.2,18,82,0,-2.041,-6.3,-4.259,4.374,14.172,44.1,18.0,0.0,0.0,-263.037,10.695,18,0
2025-04-27 02:06:51.529819,e014d342-3d67-4aba-804f-6a1d7f456a9b,KXHIGHAUS-25APR27-B91.5,78728.47,5,1.0,89.535,85.2,19,81,0,-1.965,-6.3,-4.335,3.937,12.755,39.69,19.0,0.0,0.0,-239.913,11.951,19,0
2025-04-27 02:07:14.894877,56d9c4fc-36b3-4ba0-a83d-ad0487f2af27,KXHIGHAUS-25APR27-B87.5,78705.105,2,-3.0,89.156,85.2,27,73,1,1.656,-2.3,-3.956,3.543,27.0,35.721,17.1,0.0,0.0,-269.746,-14.724,-27,0
2025-04-27 02:07:14.894877,09ce6805-bd53-4381-881a-2aa353b5e760,KXHIGHAUS-25APR27-B87.5,78705.105,15,-3.0,89.078,85.2,28,72,1,1.578,-2.3,-3.878,3.189,28.0,32.149,15.39,0.0,0.0,-250.64,-15.735,-28,0
2025-04-27 02:08:43.096963,c8ec18be-4afe-448b-a3b6-80fcc0d7892e,KXHIGHAUS-25APR27-B89.5,78616.903,7,-1.0,89.179,85.2,51,49,1,-0.321,-4.3,-3.979,2.87,25.2,51.0,13.851,0.0,0.0,-321.27,-40.892,-51,0
2025-04-27 02:08:43.096963,b4faf201-ad38-4589-b902-8aa8c599d1ff,KXHIGHAUS-25APR27-B89.5,78616.903,2,-1.0,89.194,85.2,50,50,1,-0.306,-4.3,-3.994,2.583,22.68,50.0,12.466,0.0,0.0,-300.299,-39.921,-50,0
2025-04-27 02:08:55.200647,16d40c7f-6645-4bf1-9dc3-4ed3affc3c78,KXHIGHAUS-25APR27-B91.5,78604.799,1,1.0,89.376,85.2,18,82,0,-2.124,-6.3,-4.176,2.325,20.412,45.0,18.0,0.0,0.0,-286.852,9.208,18,0
2025-04-27 02:08:55.243773,91dd0d69-9592-423a-aeda-c86d1affef49,KXHIGHAUS-25APR27-B89.5,78604.756,53,-1.0,89.392,85.2,52,48,1,-0.108,-4.3,-4.192,2.092,18.371,52.0,16.2,0.0,0.0,-305.599,-41.472,-52,0
2025-04-27 02:08:55.243773,906d96dc-eb0f-4917-bab0-7e92830c6c34,KXHIGHAUS-25APR27-B89.5,78604.756,23,-1.0,89.399,85.2,52,48,1,-0.101,-4.3,-4.199,1.883,16.534,52.0,14.58,0.0,0.0,-292.109,-41.545,-52,0
2025-04-27 02:08:55.243773,7eaa95e0-f103-47f9-b457-86ed9040fc93,KXHIGHAUS-25APR27-B89.5,78604.756,40,-1.0,89.406,85.2,53,47,1,-0.094,-4.3,-4.206,1.695,14.88,53.0,13.122,0.0,0.0,-285.277,-42.593,-53,0
2025-04-27 02:08:55.243773,4053c9e6-66f0-4454-8054-7cd59b092a33,KXHIGHAUS-25APR27-B89.5,78604.756,119,-1.0,89.41,85.2,51,49,1,-0.09,-4.3,-4.21,1.525,13.392,51.0,11.81,0.0,0.0,-265.073,-40.652,-51,0
2025-04-27 02:08:55.243773,37a1fb8e-7727-47f5-adcf-908b46f447ad,KXHIGHAUS-25APR27-B89.5,78604.756,16,-1.0,89.416,85.2,51,49,1,-0.084,-4.3,-4.216,1.373,12.053,51.0,10.629,0.0,0.0,-256.084,-40.803,-51,0
2025-04-27 02:08:55.243773,3675b8e2-d890-4a7c-b8a2-005f1f3af4bf,KXHIGHAUS-25APR27-B89.5,78604.756,25,-1.0,89.424,85.2,53,47,1,-0.076,-4.3,-4.224,1.235,10.848,53.0,9.566,0.0,0.0,-258.149,-42.879,-53,0
2025-04-27 02:08:55.243773,07b4052b-07d6-4e6e-97f1-b8fa1a8dcdc4,KXHIGHAUS-25APR27-B89.5,78604.756,178,-1.0,89.43,85.2,53,47,1,-0.07,-4.3,-4.23,1.112,9.763,53.0,8.609,0.0,0.0,-251.324,-42.883,-53,0
2025-04-27 02:10:19.386457,e1abff0e-1163-4d59-b785-9045be7a7bfc,KXHIGHAUS-25APR27-B91.5,78520.614,44,1.0,89.711,85.2,18,82,0,-1.789,-6.3,-4.511,1.001,8.787,47.7,18.0,0.0,0.0,-255.48,9.148,18,0
2025-04-27 02:14:22.837957,04dfb31b-11b2-4bbc-afca-5cd587dbc9f3,KXHIGHAUS-25APR27-B91.5,78277.162,1,1.0,89.732,85.2,17,83,1,-1.768,-6.3,-4.532,0.901,7.908,42.93,17.0,0.0,0.0,-225.822,-7.86,-17,0
2025-04-27 02:14:34.121508,61564559-b521-42cd-9045-96018dc82fca,KXHIGHAUS-25APR27-B89.5,78265.878,10,-1.0,89.691,85.2,52,48,1,0.191,-4.3,-4.491,0.811,7.117,52.0,15.3,0.0,0.0,-260.998,-41.402,-52,0
2025-04-27 02:14:47.510317,83912d4a-547d-41d7-8b47-10f704e40ba9,KXHIGHAUS-25APR27-B91.5,78252.49,5,1.0,89.797,85.2,18,82,1,-1.703,-6.3,-4.597,0.729,6.406,46.8,18.0,0.0,0.0,-243.68,-8.836,-18,0
2025-04-27 02:15:12.017709,f56027a7-3beb-41ae-89f7-fe6f5c8e3c80,KXHIGHAUS-25APR27-T87,78227.982,49,-3.5,89.478,85.2,9,91,1,2.478,-1.8,-4.278,9.0,5.765,42.12,16.2,0.0,0.0,-232.542,87.789,91,1
2025-04-27 02:15:27.752482,d17bae67-a111-4b31-9698-f2d6aab43d1e,KXHIGHAUS-25APR27-B91.5,78212.248,3,1.0,89.52,85.2,16,84,0,-1.98,-6.3,-4.32,8.1,5.188,37.908,16.0,0.0,0.0,-207.65,5.394,16,0
2025-04-27 02:15:27.752482,83f3d2a3-e49b-40c1-a59e-5cc421b0a521,KXHIGHAUS-25APR27-B91.5,78212.248,2,1.0,89.571,85.2,16,84,0,-1.929,-6.3,-4.371,7.29,4.67,34.117,16.0,0.0,0.0,-186.466,5.413,16,0
2025-04-27 02:17:01.286991,6bad3ec9-cc35-4880-82a6-3a31af38875a,KXHIGHAUS-25APR27-B89.5,78118.713,21,-1.0,89.55,85.2,54,46,1,0.05,-4.3,-4.35,6.561,4.203,54.0,14.4,0.0,0.0,-272.189,-40.979,-54,0
2025-04-27 02:17:01.286991,69b8c6b0-7bde-4d3c-a8cf-3b167350cee1,KXHIGHAUS-25APR27-B89.5,78118.713,40,-1.0,89.547,85.2,54,46,1,0.047,-4.3,-4.347,5.905,3.782,54.0,12.96,0.0,0.0,-264.125,-40.984,-54,0
2025-04-27 02:17:01.286991,65733e0c-fccc-4c2d-aeb3-763ea06f9674,KXHIGHAUS-25APR27-B89.5,78118.713,41,-1.0,89.543,85.2,55,45,1,0.043,-4.3,-4.343,5.314,3.404,55.0,11.664,0.0,0.0,-262.103,-42.068,-55,0
2025-04-27 02:17:01.286991,2153e051-1ccd-47ca-9d7e-7bc46d5bf46c,KXHIGHAUS-25APR27-B89.5,78118.713,240,-1.0,89.54,85.2,54,46,1,0.04,-4.3,-4.34,4.783,3.064,54.0,10.498,0.0,0.0,-251.002,-41.338,-54,0
2025-04-27 02:17:01.286991,077800c2-2040-474f-ba2f-fe5aaa48ecba,KXHIGHAUS-25APR27-B89.5,78118.713,9,-1.0,89.538,85.2,52,48,1,0.038,-4.3,-4.338,4.305,2.757,52.0,9.448,0.0,0.0,-235.763,-40.857,-52,0
2025-04-27 02:21:27.557266,416810d5-f007-40a2-b1b9-c030f0e3c7fc,KXHIGHAUS-25APR27-B91.5,77852.443,1,1.0,89.847,85.2,20,80,1,-1.653,-6.3,-4.647,3.874,2.482,46.8,20.0,0.0,0.0,-247.405,-9.371,-20,0
2025-04-27 02:22:07.953630,34b32c70-9cf7-492f-8d37-145746a3b0d9,KXHIGHAUS-25APR27-B91.5,77812.046,1,1.0,89.821,85.2,17,83,0,-1.679,-6.3,-4.621,3.487,2.233,42.12,17.0,0.0,0.0,-211.865,6.369,17,0
2025-04-27 02:28:34.427266,437834d1-e6f8-4611-9f05-a7d913d28607,KXHIGHAUS-25APR27-B91.5,77425.573,1,1.0,89.946,85.2,20,80,1,-1.554,-6.3,-4.746,3.138,2.01,37.908,20.0,0.0,0.0,-202.709,-9.039,-20,0
2025-04-27 02:29:00.509905,d56f4f78-5fb3-4e75-8360-be261c5fd395,KXHIGHAUS-25APR27-B91.5,77399.49,2,1.0,89.918,85.2,17,83,0,-1.582,-6.3,-4.718,2.824,1.809,34.117,17.0,0.0,0.0,-172.596,5.169,17,0
2025-04-27 02:30:07.309067,3a8e5ddd-29a3-42dc-b133-27ddc635b91f,KXHIGHAUS-25APR27-T87,77332.691,5,-3.5,89.632,85.2,8,92,1,2.632,-1.8,-4.432,8.0,1.628,30.705,15.3,0.0,0.0,-164.314,88.676,92,1
2025-04-27 02:30:10.317424,bfcb4592-c39b-4ad9-b663-1d826c10904e,KXHIGHAUS-25APR27-B89.5,77329.683,54,-1.0,89.594,85.2,48,52,0,0.094,-4.3,-4.394,7.2,1.465,48.0,13.77,0.0,0.0,-236.703,33.941,48,0
2025-04-27 02:30:20.925813,c9a72add-e0ba-4207-95a1-555ba46d9bcf,KXHIGHAUS-25APR27-T87,77319.074,17,-3.5,89.533,85.2,8,92,0,2.533,-1.8,-4.333,8.0,1.319,43.2,12.393,0.0,0.0,-210.88,-88.617,-92,1
2025-04-27 02:31:08.925337,e66ac9a1-aa8e-44c0-908f-29344ff4fcdd,KXHIGHAUS-25APR27-T87,77271.075,142,-3.5,89.417,85.2,10,90,1,2.417,-1.8,-4.217,10.0,1.187,38.88,11.154,0.0,0.0,-192.449,86.513,90,1
2025-04-27 02:31:13.125773,3b78e9a1-5146-4ac4-8dc9-a00c9d444d75,KXHIGHAUS-25APR27-B91.5,77266.874,26,1.0,89.621,85.2,16,84,0,-1.879,-6.3,-4.421,9.0,1.068,34.992,16.0,0.0,0.0,-188.608,3.608,16,0
2025-04-27 02:54:18.785331,b1f339c0-501b-45e5-b5b0-00c2105d6e5c,KXHIGHAUS-25APR27-T87,75881.215,2,-3.5,89.578,85.2,9,91,0,2.578,-1.8,-4.378,9.0,0.961,31.493,14.4,0.0,0.0,-166.788,-87.226,-91,1
2025-04-27 02:57:19.156120,799a7cc0-7e06-41f2-9e9c-50935b49fcaa,KXHIGHAUS-25APR27-T87,75700.844,1,-3.5,89.484,85.2,10,90,0,2.484,-1.8,-4.284,10.0,0.865,28.344,12.96,0.0,0.0,-150.894,-86.181,-90,1
2025-04-27 02:57:19.682474,e1e46462-a16f-4883-8b75-7660258d9ef8,KXHIGHAUS-25APR27-T87,75700.318,18,-3.5,89.433,85.2,10,90,0,2.433,-1.8,-4.233,10.0,0.779,25.509,11.664,0.0,0.0,-134.109,-86.128,-90,1
2025-04-27 08:00:48.605344,e2e8d47e-70fe-4461-b2ef-5d725e10fa07,KXHIGHAUS-25APR27-T87,57491.395,58,-3.5,89.751,85.2,4,96,1,2.751,-1.8,-4.551,4.0,0.701,22.958,10.498,0.0,0.0,-101.921,92.012,96,1
2025-04-27 08:00:51.597278,c43b472c-8a45-4dfb-9590-0c3adf8e9bb1,KXHIGHAUS-25APR27-B89.5,57488.403,5,-1.0,89.631,85.2,52,48,0,0.131,-4.3,-4.431,3.6,0.631,52.0,9.448,0.0,0.0,-231.003,37.874,52,0
2025-04-27 08:00:58.747021,8063f2c0-c22f-4af0-bdfb-2c8a956db19a,KXHIGHAUS-25APR27-T87,57481.253,100,-3.5,89.598,85.2,4,96,0,2.598,-1.8,-4.398,4.0,0.568,46.8,8.503,0.0,0.0,-203.411,-91.752,-96,1
2025-04-27 08:03:19.900823,53dab6e2-b079-4160-ad83-1bc4cc214ed9,KXHIGHAUS-25APR27-T87,57340.099,4,-3.5,89.579,85.2,4,96,0,2.579,-1.8,-4.379,4.0,0.511,42.12,7.653,0.0,0.0,-178.327,-90.857,-96,1
2025-04-27 08:03:49.036945,e5b36cbe-1e58-4a96-b928-176b47495943,KXHIGHAUS-25APR27-B89.5,57310.963,2,-1.0,89.559,85.2,54,46,1,0.059,-4.3,-4.359,3.6,0.46,54.0,6.887,0.0,0.0,-232.95,-39.859,-54,0
2025-04-27 08:03:49.036945,6c9c34f9-852f-47f5-9f34-323934555270,KXHIGHAUS-25APR27-B89.5,57310.963,6,-1.0,89.555,85.2,53,47,1,0.055,-4.3,-4.355,3.24,0.414,53.0,6.199,0.0,0.0,-225.178,-38.86,-53,0
2025-04-27 08:03:51.572407,022adaa8-f0e5-4fa2-8a03-62c45ea1837a,KXHIGHAUS-25APR27-B89.5,57308.428,2,-1.0,89.549,85.2,55,45,1,0.049,-4.3,-4.349,2.916,0.372,55.0,5.579,0.0,0.0,-232.746,-40.58,-55,0
2025-04-27 08:03:54.869316,653e4ad1-0f23-4ead-a0ed-6ef33d51a53c,KXHIGHAUS-25APR27-B89.5,57305.131,41,-1.0,89.544,85.2,56,44,1,0.044,-4.3,-4.344,2.624,0.335,56.0,5.021,0.0,0.0,-235.687,-41.411,-56,0
2025-04-27 08:06:19.506001,31a2d22b-df1e-4872-9d13-9003cee925b4,KXHIGHAUS-25APR27-T87,57160.494,6,-3.5,89.455,85.2,4,96,0,2.455,-1.8,-4.255,4.0,0.272,45.36,4.067,0.0,0.0,-183.928,-90.027,-96,1
2025-04-27 08:06:19.506001,c8585adb-3d9a-40cc-85d6-9b3d6eba921a,KXHIGHAUS-25APR27-T87,57160.494,17,-3.5,89.432,85.2,5,95,0,2.432,-1.8,-4.232,5.0,0.302,50.4,4.519,0.0,0.0,-212.069,-88.978,-95,1
2025-04-27 08:09:22.002632,89250e83-d95a-474d-a609-f11427f43a5f,KXHIGHAUS-25APR27-T87,56977.997,1,-3.5,89.435,85.2,4,96,0,2.435,-1.8,-4.235,4.0,0.244,40.824,3.66,0.0,0.0,-161.377,-89.906,-96,1
2025-04-27 08:12:17.134632,3d2bb372-4de6-497b-8468-618b620d4b31,KXHIGHAUS-25APR27-T87,56802.865,1,-3.5,89.413,85.2,4,96,0,2.413,-1.8,-4.213,4.0,0.22,36.742,3.294,0.0,0.0,-141.553,-88.918,-96,1
2025-04-27 08:18:59.339172,bc1a4fe7-c562-462f-bb22-94552c6b2bb0,KXHIGHAUS-25APR27-B87.5,56400.661,11,-3.0,88.61,85.2,29,71,1,1.11,-2.3,-3.41,3.6,29.0,33.067,2.965,0.0,0.0,-221.173,-16.159,-29,0
2025-04-27 08:18:59.339172,7a6e4ee3-272c-46aa-9252-6165493b0dcb,KXHIGHAUS-25APR27-B87.5,56400.661,105,-3.0,88.56,85.2,29,71,1,1.06,-2.3,-3.36,3.24,29.0,29.761,2.668,0.0,0.0,-205.063,-16.431,-29,0
2025-04-27 08:18:59.339172,652adb0b-2d3e-4f82-9377-840d7a495c6b,KXHIGHAUS-25APR27-B87.5,56400.661,31,-3.0,88.51,85.2,29,71,1,1.01,-2.3,-3.31,2.916,29.0,26.785,2.402,0.0,0.0,-190.94,-16.451,-29,0
2025-04-27 08:45:21.751796,ed13ce07-f6dd-424f-84e4-6826bade77e6,KXHIGHAUS-25APR27-T87,54818.248,78,-3.5,88.473,85.2,4,96,0,1.473,-1.8,-3.273,4.0,26.1,24.106,2.161,0.0,0.0,-169.065,-88.723,-96,1
2025-04-27 08:45:24.977101,42f3f359-7fe2-41eb-abca-4e782db37edb,KXHIGHAUS-25APR27-T87,54815.023,14,-3.5,88.462,85.2,4,96,0,1.462,-1.8,-3.262,4.0,23.49,21.696,1.945,0.0,0.0,-147.747,-87.644,-96,1
2025-04-27 08:45:25.103222,5dd8039f-e93f-46fd-84bb-438b6d56a6de,KXHIGHAUS-25APR27-B87.5,54814.897,3,-3.0,88.37,85.2,26,74,0,0.87,-2.3,-3.17,3.6,26.0,19.526,1.751,0.0,0.0,-148.329,6.848,26,0
2025-04-27 08:45:25.103222,17c27a35-b5b0-4f4d-bdc0-7d838f91c977,KXHIGHAUS-25APR27-B87.5,54814.897,2,-3.0,88.306,85.2,27,73,0,0.806,-2.3,-3.106,3.24,27.0,17.573,1.576,0.0,0.0,-143.885,8.067,27,0
2025-04-27 08:45:25.103222,11038682-7c8c-44cb-801f-e526d1711cf4,KXHIGHAUS-25APR27-B87.5,54814.897,1,-3.0,88.294,85.2,25,75,0,0.794,-2.3,-3.094,2.916,25.0,15.816,1.418,0.0,0.0,-127.756,6.088,25,0
2025-04-27 08:45:25.164241,c1ede881-4eb1-4199-8896-69b7d3249eec,KXHIGHAUS-25APR27-B87.5,54814.836,1,-3.0,88.248,85.2,25,75,0,0.748,-2.3,-3.048,2.624,25.0,14.234,1.276,0.0,0.0,-121.117,5.763,25,0
2025-04-27 08:45:25.293380,6bcc0caa-ee0d-4321-a47e-a9460a988bc8,KXHIGHAUS-25APR27-B91.5,54814.707,2,1.0,89.191,85.2,17,83,1,-2.309,-6.3,-3.991,2.362,22.5,12.811,17.0,0.0,0.0,-152.921,-2.821,-17,0
2025-04-27 08:45:25.342862,124e363d-1808-4d48-ac92-fb8c48faa7e1,KXHIGHAUS-25APR27-B91.5,54814.657,2,1.0,89.392,85.2,18,82,1,-2.108,-6.3,-4.192,1.913,18.225,10.377,18.0,0.0,0.0,-130.449,-3.394,-18,0
2025-04-27 08:45:25.342862,7d625646-c012-4c74-88c1-b49fc968b10a,KXHIGHAUS-25APR27-B91.5,54814.657,2,1.0,89.352,85.2,19,81,1,-2.148,-6.3,-4.152,2.126,20.25,11.53,19.0,0.0,0.0,-146.653,-3.862,-19,0
2025-04-27 08:45:30.502183,c3d8c237-a89e-4716-8157-96168a838ace,KXHIGHAUS-25APR27-B87.5,54809.498,3,-3.0,89.112,85.2,24,76,0,1.612,-2.3,-3.912,1.722,24.0,9.339,16.2,0.0,0.0,-143.192,4.675,24,0
2025-04-27 08:48:31.184196,7c9b1ae8-9a30-4486-81e6-24366cde41c1,KXHIGHAUS-25APR27-B91.5,54628.816,2,1.0,89.403,85.2,21,79,0,-2.097,-6.3,-4.203,1.55,21.6,8.405,21.0,0.0,0.0,-148.878,5.866,21,0
2025-04-27 08:48:31.388408,bf81261e-0088-4f3e-ab5d-2c383b3d2427,KXHIGHAUS-25APR27-B91.5,54628.612,2,1.0,89.493,85.2,21,79,0,-2.007,-6.3,-4.293,1.395,19.44,7.565,21.0,0.0,0.0,-137.391,5.342,21,0
2025-04-27 08:48:33.384345,b6b326f5-3d2c-4b94-be96-3aae189d9a70,KXHIGHAUS-25APR27-B87.5,54626.616,4,-3.0,89.309,85.2,22,78,1,1.809,-2.3,-4.109,1.255,22.0,6.808,18.9,0.0,0.0,-136.898,-2.44,-22,0
2025-04-27 08:48:33.584420,f6bb6c5a-e71f-49f9-8f1b-cef668221c49,KXHIGHAUS-25APR27-B87.5,54626.416,3,-3.0,89.223,85.2,22,78,1,1.723,-2.3,-4.023,1.13,22.0,6.127,17.01,0.0,0.0,-127.451,-2.352,-22,0
2025-04-27 08:51:21.422183,6e489af4-0b01-45d3-bff6-24601b833b40,KXHIGHAUS-25APR27-B87.5,54458.578,4,-3.0,89.175,85.2,21,79,0,1.675,-2.3,-3.975,1.017,21.0,5.515,15.309,0.0,0.0,-115.137,1.164,21,0
2025-04-27 08:51:21.522303,3544f688-a6d7-4675-9503-af911cdb0b4d,KXHIGHAUS-25APR27-B91.5,54458.478,1,1.0,89.584,85.2,22,78,1,-1.916,-6.3,-4.384,0.915,18.9,4.963,22.0,0.0,0.0,-131.423,-6.357,-22,0
2025-04-27 08:58:20.854332,68e42ba6-20fc-45ed-991d-833db786e471,KXHIGHAUS-25APR27-B87.5,54039.146,4,-3.0,89.445,85.2,20,80,1,1.945,-2.3,-4.245,0.824,20.0,4.467,19.8,0.0,0.0,-125.557,0.114,-20,0
2025-04-27 09:00:26.421153,c224ae1f-9215-4aa7-8b87-3b48dd094980,KXHIGHAUS-25APR27-B87.5,53913.579,4,-3.0,89.399,85.2,19,81,0,1.899,-2.3,-4.199,0.741,19.0,4.02,17.82,0.0,0.0,-112.643,-1.191,19,0
2025-04-27 09:00:26.513184,e1c7d36d-1d06-41dc-ab8b-7d172f2e12ea,KXHIGHAUS-25APR27-B91.5,53913.487,2,1.0,89.728,85.2,23,77,1,-1.772,-6.3,-4.528,0.667,17.1,3.618,23.0,0.0,0.0,-125.047,-4.942,-23,0
2025-04-27 09:00:26.513184,a898ca11-c975-43e8-8df8-67df10c4c2aa,KXHIGHAUS-25APR27-B91.5,53913.487,1,1.0,89.863,85.2,24,76,1,-1.637,-6.3,-4.663,0.6,15.39,3.256,24.0,0.0,0.0,-121.883,-5.723,-24,0
2025-04-27 09:03:24.081545,0638639c-ae4b-4668-a047-bd6854100a65,KXHIGHAUS-25APR27-B87.5,53735.918,4,-3.0,89.636,85.2,18,82,0,2.136,-2.3,-4.436,0.54,18.0,2.931,21.6,0.0,0.0,-121.216,-2.929,18,0
2025-04-27 09:03:24.152177,10602d17-e2e9-4685-a72b-c3200d5cafc2,KXHIGHAUS-25APR27-B91.5,53735.848,2,1.0,89.87,85.2,25,75,1,-1.63,-6.3,-4.67,0.486,16.2,2.638,25.0,0.0,0.0,-127.797,-6.982,-25,0
2025-04-27 09:07:35.806407,97509ac5-78b3-434b-b217-96cd8a3d6900,KXHIGHAUS-25APR27-B87.5,53484.194,240,-3.0,89.586,85.2,20,80,1,2.086,-2.3,-4.386,0.438,20.0,2.374,22.5,0.0,0.0,-131.659,1.863,-20,0
2025-04-27 09:07:35.806407,94bd80fd-b39c-446f-bec4-cf7f8803513d,KXHIGHAUS-25APR27-B87.5,53484.194,35,-3.0,89.536,85.2,19,81,1,2.036,-2.3,-4.336,0.394,19.0,2.137,20.25,0.0,0.0,-118.114,2.434,-19,0
2025-04-27 09:07:35.806407,5ed06278-6505-47fb-9ec9-b528463dc224,KXHIGHAUS-25APR27-B87.5,53484.194,34,-3.0,89.489,85.2,18,82,1,1.989,-2.3,-4.289,0.355,18.0,1.923,18.225,0.0,0.0,-105.82,3.252,-18,0
2025-04-27 09:07:35.806407,593b1a34-e209-4c5c-b02d-54a3757f5428,KXHIGHAUS-25APR27-B87.5,53484.194,16,-3.0,89.39,85.2,18,82,1,1.89,-2.3,-4.19,0.319,18.0,1.731,16.403,0.0,0.0,-98.496,3.024,-18,0
2025-04-27 09:08:38.476007,7581a98c-337c-4352-b55b-b9a8974e323b,KXHIGHAUS-25APR27-B87.5,53421.524,1,-3.0,89.149,85.2,21,79,1,1.649,-2.3,-3.949,0.287,21.0,1.558,14.762,0.0,0.0,-104.008,0.897,-21,0
2025-04-27 09:09:21.733833,c432d304-e171-4549-9ec5-d7ecd8512d2e,KXHIGHAUS-25APR27-B87.5,53378.266,25,-3.0,89.097,85.2,20,80,0,1.597,-2.3,-3.897,0.258,20.0,1.402,13.286,0.0,0.0,-94.406,-2.03,20,0
2025-04-27 09:12:15.042878,8c173fbb-0d70-4772-a0bf-3ce8616d682a,KXHIGHAUS-25APR27-B91.5,53204.957,13,1.0,89.763,85.2,24,76,0,-1.737,-6.3,-4.563,0.233,18.0,1.262,24.0,0.0,0.0,-128.254,5.983,24,0
2025-04-27 09:12:16.441836,b20cd2da-ce4c-49e6-a25f-ac041771b016,KXHIGHAUS-25APR27-B89.5,53203.558,7,-1.0,89.613,85.2,53,47,0,0.113,-4.3,-4.413,0.209,16.2,53.0,21.6,0.0,0.0,-321.585,38.199,53,0
2025-04-27 09:12:23.642335,b6032de3-507f-40a1-bb2a-b44eb89addc2,KXHIGHAUS-25APR27-B89.5,53196.358,4,-1.0,89.606,85.2,53,47,1,0.106,-4.3,-4.406,0.188,14.58,53.0,19.44,0.0,0.0,-306.865,-38.182,-53,0
2025-04-27 09:13:17.449341,e60b1b20-ab9b-467c-bb61-8e49db778b8e,KXHIGHAUS-25APR27-B87.5,53142.551,7,-3.0,89.507,85.2,17,83,0,2.007,-2.3,-4.307,0.17,17.0,47.7,17.496,0.0,0.0,-282.294,-5.039,17,0
2025-04-27 09:22:14.709956,d1681b68-b64b-4019-8d16-b161fa960690,KXHIGHAUS-25APR27-B91.5,52605.29,2,1.0,89.77,85.2,27,73,1,-1.73,-6.3,-4.57,0.153,15.3,42.93,27.0,0.0,0.0,-291.835,-9.069,-27,0
2025-04-27 09:22:14.709956,c792a121-9038-46af-bd30-a7da72f6aaef,KXHIGHAUS-25APR27-B91.5,52605.29,1,1.0,89.828,85.2,27,73,1,-1.672,-6.3,-4.628,0.137,13.77,38.637,27.0,0.0,0.0,-266.014,-9.055,-27,0
2025-04-27 09:22:14.709956,5e6b2977-1a35-4816-8248-7b0e3c035518,KXHIGHAUS-25APR27-B91.5,52605.29,1,1.0,89.867,85.2,26,74,1,-1.633,-6.3,-4.667,0.124,12.393,34.773,26.0,0.0,0.0,-239.052,-8.051,-26,0
2025-04-27 09:22:14.709956,371c8d2a-1e9f-406f-9882-a7a37ba18650,KXHIGHAUS-25APR27-B91.5,52605.29,3,1.0,89.906,85.2,25,75,1,-1.594,-6.3,-4.706,0.111,11.154,31.296,25.0,0.0,0.0,-214.895,-7.018,-25,0
2025-04-27 09:22:14.709956,0a2e1914-e8e4-40d2-864d-f988f427afea,KXHIGHAUS-25APR27-B91.5,52605.29,44,1.0,90.038,85.2,28,72,1,-1.462,-6.3,-4.838,0.1,10.038,28.166,28.0,0.0,0.0,-210.247,-9.985,-28,0
2025-04-27 09:24:54.438611,cf5b4219-af60-4859-865a-5444c56aa5b9,KXHIGHAUS-25APR27-B87.5,52445.561,2,-3.0,89.773,85.2,16,84,1,2.273,-2.3,-4.573,0.09,16.0,25.35,25.2,0.0,0.0,-207.411,6.398,-16,0
2025-04-27 09:24:54.438611,4dbde3b6-2173-4544-9724-7a8555b0f458,KXHIGHAUS-25APR27-B87.5,52445.561,4,-3.0,89.611,85.2,19,81,1,2.111,-2.3,-4.411,0.081,19.0,22.815,22.68,0.0,0.0,-197.887,3.372,-19,0
2025-04-27 09:24:54.438611,36f040c0-a2d7-436e-b5b8-99891cd841d0,KXHIGHAUS-25APR27-B87.5,52445.561,5,-3.0,89.614,85.2,17,83,1,2.114,-2.3,-4.414,0.073,17.0,20.533,20.412,0.0,0.0,-171.591,5.363,-17,0
2025-04-27 09:24:54.438611,1d265755-4857-48d7-b820-def603d81bdd,KXHIGHAUS-25APR27-B87.5,52445.561,4,-3.0,89.511,85.2,18,82,1,2.011,-2.3,-4.311,0.066,18.0,18.48,18.371,0.0,0.0,-159.221,4.048,-18,0
2025-04-27 09:25:07.274912,10b50d15-0c1f-4c87-a01c-ffc6e170bd02,KXHIGHAUS-25APR27-B91.5,52432.725,1,1.0,90.042,85.2,28,72,1,-1.458,-6.3,-4.842,0.048,13.122,13.472,28.0,0.0,0.0,-161.971,-10.205,-28,0
2025-04-27 09:25:07.274912,58a5d04d-e169-4c89-b836-4d2a59c49bc0,KXHIGHAUS-25APR27-B91.5,52432.725,2,1.0,90.04,85.2,31,69,1,-1.46,-6.3,-4.84,0.053,14.58,14.969,31.0,0.0,0.0,-185.872,-13.206,-31,0
2025-04-27 09:25:07.274912,e41a3599-7267-40b9-9b2e-a1444c1c4a2e,KXHIGHAUS-25APR27-B91.5,52432.725,6,1.0,89.885,85.2,28,72,1,-1.615,-6.3,-4.685,0.059,16.2,16.632,28.0,0.0,0.0,-185.01,-10.217,-28,0
2025-04-27 09:25:19.457158,f95a6ccb-743b-405d-a315-5ec994b01c78,KXHIGHAUS-25APR27-B93.5,52420.543,15,3.0,90.241,85.2,3,97,1,-3.259,-8.3,-5.041,0.043,11.81,12.125,25.2,3.0,0.0,-143.888,-2.0,-3,0
2025-04-27 09:25:19.457158,bd2fa265-c4b7-4edb-848b-6dcc09e43654,KXHIGHAUS-25APR27-B93.5,52420.543,1,3.0,90.262,85.2,3,97,1,-3.238,-8.3,-5.062,0.039,10.629,10.912,22.68,3.0,0.0,-125.166,-2.0,-3,0
2025-04-27 09:25:19.457158,83b96c4f-8528-4ef3-bbc9-1c961504a02b,KXHIGHAUS-25APR27-B93.5,52420.543,77,3.0,90.285,85.2,3,97,1,-3.215,-8.3,-5.085,0.035,9.566,9.821,20.412,3.0,0.0,-108.782,-2.0,-3,0
2025-04-27 09:27:20.591926,79fd77c1-1a16-4a24-8f04-4d87df94442d,KXHIGHAUS-25APR27-B89.5,52299.408,4,-1.0,89.866,85.2,53,47,1,0.366,-4.3,-4.666,0.031,8.609,53.0,18.371,2.7,0.0,-285.006,-37.589,-53,0
2025-04-27 09:31:40.001702,dbbef6a4-4e9c-44d7-b923-bff303941b67,KXHIGHAUS-25APR27-T87,52039.998,44,-3.5,89.653,85.2,6,94,0,2.653,-1.8,-4.453,6.0,7.748,47.7,16.534,2.43,0.0,-259.514,-85.601,-94,1
2025-04-27 09:34:02.472863,53fbc91f-77e6-4588-99cd-fd1588111954,KXHIGHAUS-25APR27-B89.5,51897.527,10,-1.0,89.634,85.2,53,47,0,0.134,-4.3,-4.434,5.4,6.974,53.0,14.88,2.187,0.0,-274.965,37.543,53,0
2025-04-27 09:44:05.160319,fea0f0b7-a800-4ee4-99e1-d57f89197f14,KXHIGHAUS-25APR27-B89.5,51294.84,2,-1.0,89.621,85.2,56,44,1,0.121,-4.3,-4.421,4.86,6.276,56.0,13.392,1.968,0.0,-280.713,-38.209,-56,0
2025-04-27 09:44:05.160319,cdf06903-4c3c-4b7e-a554-ad10e1fb4785,KXHIGHAUS-25APR27-B89.5,51294.84,9,-1.0,89.612,85.2,56,44,1,0.112,-4.3,-4.412,4.374,5.649,56.0,12.053,1.771,0.0,-272.671,-38.211,-56,0
2025-04-27 09:44:05.160319,9eb6b66f-b506-49e5-bf70-7789dcb6e20c,KXHIGHAUS-25APR27-B89.5,51294.84,3,-1.0,89.607,85.2,54,46,1,0.107,-4.3,-4.407,3.937,5.084,54.0,10.848,1.594,0.0,-255.67,-36.226,-54,0
2025-04-27 09:44:05.160319,5e7d06ef-0448-4902-afec-f19501500f4b,KXHIGHAUS-25APR27-B89.5,51294.84,2,-1.0,89.598,85.2,55,45,1,0.098,-4.3,-4.398,3.543,4.575,55.0,9.763,1.435,0.0,-254.607,-37.873,-55,0
2025-04-27 09:44:05.160319,45ff9f46-68cb-4db8-8c52-19318d5b1f0c,KXHIGHAUS-25APR27-B89.5,51294.84,19,-1.0,89.587,85.2,58,42,1,0.087,-4.3,-4.387,3.189,4.118,58.0,8.787,1.291,0.0,-264.457,-42.215,-58,0
2025-04-27 09:44:05.160319,26cad81d-c665-44a5-8c5c-8dad585fb247,KXHIGHAUS-25APR27-B89.5,51294.84,25,-1.0,89.581,85.2,57,43,1,0.081,-4.3,-4.381,2.87,3.706,57.0,7.908,1.162,0.0,-254.862,-41.447,-57,0
2025-04-27 09:44:58.178084,43819a9a-9a7a-40fb-a4fe-3e302c809225,KXHIGHAUS-25APR27-B89.5,51241.822,18,-1.0,89.567,85.2,58,42,1,0.067,-4.3,-4.367,2.325,3.002,58.0,6.406,0.941,0.0,-252.605,-40.288,-58,0
2025-04-27 09:44:58.178084,41fda299-e0d6-4e68-b6a8-0c8c057716d4,KXHIGHAUS-25APR27-B89.5,51241.822,1,-1.0,89.564,85.2,56,44,1,0.064,-4.3,-4.364,2.092,2.702,56.0,5.765,0.847,0.0,-239.608,-38.246,-56,0
2025-04-27 09:44:58.178084,69f65a22-3a5c-4735-9d3c-b248a5ef2818,KXHIGHAUS-25APR27-B89.5,51241.822,2,-1.0,89.574,85.2,57,43,1,0.074,-4.3,-4.374,2.583,3.335,57.0,7.117,1.046,0.0,-250.937,-39.287,-57,0
2025-04-27 09:50:59.309976,2c7ed06b-e7ff-47fc-8fd9-39a912894657,KXHIGHAUS-25APR27-B87.5,50880.69,1,-3.0,89.164,85.2,17,83,0,1.664,-2.3,-3.964,1.883,17.0,50.4,5.188,0.763,0.0,-255.259,-5.408,17,0
2025-04-27 09:51:10.157649,e161f866-7dd0-459d-b343-8030f39e3aa4,KXHIGHAUS-25APR27-T87,50869.842,2,-3.5,89.007,85.2,7,93,1,2.007,-1.8,-3.807,7.0,15.3,45.36,4.67,0.686,0.0,-235.327,84.448,93,1
2025-04-27 09:52:46.219013,dd9b144e-bc50-4f94-8f49-ff54e8f44bb5,KXHIGHAUS-25APR27-T87,50773.781,67,-3.5,88.986,85.2,7,93,1,1.986,-1.8,-3.786,7.0,13.77,40.824,4.203,0.618,0.0,-206.897,84.059,93,1
2025-04-27 09:54:18.808155,e4f2ba4f-4410-4630-9b69-39d24de93b4e,KXHIGHAUS-25APR27-B87.5,50681.192,28,-3.0,88.947,85.2,14,86,0,1.447,-2.3,-3.747,6.3,14.0,36.742,3.782,0.556,0.0,-185.661,-8.632,14,0
2025-04-27 09:54:18.808155,e1297e1d-9250-485e-84cb-205d58a58d83,KXHIGHAUS-25APR27-B87.5,50681.192,5,-3.0,88.863,85.2,16,84,0,1.363,-2.3,-3.663,5.67,16.0,33.067,3.404,0.5,0.0,-173.712,-6.602,16,0
2025-04-27 09:54:18.808155,1250b67f-8f70-4455-866d-1c0ae8022ae8,KXHIGHAUS-25APR27-B87.5,50681.192,2,-3.0,88.799,85.2,17,83,0,1.299,-2.3,-3.599,5.103,17.0,29.761,3.064,0.45,0.0,-160.536,-5.584,17,0
2025-04-27 09:55:17.611554,f4bdd250-3905-4efb-8cf9-e5858c7fadb1,KXHIGHAUS-25APR27-B91.5,50622.388,1,1.0,89.658,85.2,26,74,0,-1.842,-6.3,-4.458,4.593,15.3,26.785,26.0,0.405,0.0,-221.145,8.234,26,0
2025-04-27 09:55:17.611554,d8ae779f-baba-4372-9bcb-435c561d4401,KXHIGHAUS-25APR27-B91.5,50622.388,1,1.0,89.647,85.2,23,77,0,-1.853,-6.3,-4.447,4.133,13.77,24.106,23.0,0.365,0.0,-190.443,5.234,23,0
2025-04-27 09:55:17.611554,d5f3469c-9ba7-4ed3-a9b3-88407385f4fc,KXHIGHAUS-25APR27-B91.5,50622.388,1,1.0,89.773,85.2,25,75,0,-1.727,-6.3,-4.573,3.72,12.393,21.696,25.0,0.328,0.0,-182.948,7.232,25,0
2025-04-27 09:55:17.611554,6bc8c383-9749-4605-a7ef-310d3c6f54db,KXHIGHAUS-25APR27-B91.5,50622.388,1,1.0,89.758,85.2,22,78,0,-1.742,-6.3,-4.558,3.348,11.154,19.526,22.0,0.295,0.0,-156.615,4.231,22,0
2025-04-27 09:55:17.611554,6820dafd-e17e-488f-bb22-07fbf663b183,KXHIGHAUS-25APR27-B91.5,50622.388,1,1.0,89.891,85.2,24,76,0,-1.609,-6.3,-4.691,3.013,10.038,17.573,24.0,0.266,0.0,-152.769,6.229,24,0
2025-04-27 09:55:17.611554,39cf3573-e594-4951-bbd9-7c2c91d71d06,KXHIGHAUS-25APR27-B91.5,50622.388,1,1.0,89.871,85.2,21,79,0,-1.629,-6.3,-4.671,2.712,9.034,15.816,21.0,0.239,0.0,-129.852,3.224,21,0
2025-04-27 09:57:27.112349,a7a97ffa-a6ae-4547-9047-59d3f4ec57d0,KXHIGHAUS-25APR27-T87,50492.888,69,-3.5,89.656,85.2,6,94,0,2.656,-1.8,-4.456,6.0,8.131,14.234,18.9,0.215,0.0,-120.812,-84.772,-94,1
2025-04-27 09:57:29.623784,1d90f1cf-89e7-416b-8b95-8e5d06711d74,KXHIGHAUS-25APR27-B87.5,50490.376,4,-3.0,89.258,85.2,17,83,1,1.758,-2.3,-4.058,5.4,17.0,12.811,17.01,0.194,0.0,-137.828,5.785,-17,0
2025-04-27 10:00:28.522420,0192d198-4449-44b4-b429-0a3cde776fff,KXHIGHAUS-25APR27-B87.5,50311.478,4,-3.0,89.162,85.2,18,82,1,1.662,-2.3,-3.962,4.86,18.0,11.53,15.309,0.174,0.0,-129.366,4.815,-18,0
2025-04-27 10:00:28.721522,3352cb41-cc6f-40a5-9295-10aa68e3027c,KXHIGHAUS-25APR27-T87,50311.278,106,-3.5,89.133,85.2,5,95,0,2.133,-1.8,-3.933,5.0,16.2,10.377,13.778,0.157,0.0,-113.292,-85.7,-95,1
2025-04-27 10:00:34.542181,f5f48b11-666a-4c8a-b0ea-4b2c17811f9f,KXHIGHAUS-25APR27-T87,50305.458,89,-3.5,89.159,85.2,4,96,0,2.159,-1.8,-3.959,4.0,14.58,9.339,12.4,0.141,0.0,-96.424,-86.572,-96,1
2025-04-27 10:03:19.671757,9a619c17-e00b-4c1a-b0ee-d570c59157cd,KXHIGHAUS-25APR27-T87,50140.328,8,-3.5,89.195,85.2,3,97,0,2.195,-1.8,-3.995,3.0,13.122,8.405,11.16,0.127,0.0,-81.63,-87.155,-97,1
2025-04-27 10:03:19.671757,4bfa017e-9dc3-4137-9069-038abb3d923c,KXHIGHAUS-25APR27-T87,50140.328,70,-3.5,89.11,85.2,4,96,0,2.11,-1.8,-3.91,4.0,11.81,7.565,10.044,0.114,0.0,-72.934,-86.321,-96,1
2025-04-27 10:03:22.572087,febe51ae-a62b-4aad-b122-4fa4a9d65cae,KXHIGHAUS-25APR27-B87.5,50137.428,3,-3.0,88.729,85.2,20,80,1,1.229,-2.3,-3.529,3.6,20.0,6.808,9.04,0.103,0.0,-97.254,3.008,-20,0
2025-04-27 10:03:22.572087,ee503c1a-8aaf-4a20-9f69-edade6376d7d,KXHIGHAUS-25APR27-B87.5,50137.428,4,-3.0,88.695,85.2,19,81,1,1.195,-2.3,-3.495,3.24,19.0,6.127,8.136,0.093,0.0,-87.695,3.992,-19,0
2025-04-27 10:06:25.563901,6dba8577-68f0-4790-ae91-b7cce30900c7,KXHIGHAUS-25APR27-T87,49954.436,78,-3.5,88.691,85.2,3,97,0,1.691,-1.8,-3.491,3.0,17.1,5.515,7.322,0.083,0.0,-75.631,-87.138,-97,1
2025-04-27 10:06:44.669145,338e1134-b455-4bda-9fc6-ece8726dee6d,KXHIGHAUS-25APR27-B87.5,49935.331,4,-3.0,88.264,85.2,21,79,1,0.764,-2.3,-3.064,1.771,21.0,3.256,4.324,0.049,0.0,-74.975,2.09,-21,0
2025-04-27 10:06:44.669145,7b1cb9a1-f370-4e8c-ba46-180dae1ce7e4,KXHIGHAUS-25APR27-B87.5,49935.331,12,-3.0,88.305,85.2,24,76,1,0.805,-2.3,-3.105,2.187,24.0,4.02,5.338,0.061,0.0,-92.348,-0.132,-24,0
2025-04-27 10:06:44.669145,3f4c3017-c091-48cf-b5c7-b01a7092bc44,KXHIGHAUS-25APR27-B87.5,49935.331,3,-3.0,88.271,85.2,23,77,1,0.771,-2.3,-3.071,1.968,23.0,3.618,4.804,0.055,0.0,-85.483,0.311,-23,0
2025-04-27 10:06:44.669145,ffdd1c00-e50c-41d4-8dd4-2a13699f096c,KXHIGHAUS-25APR27-B87.5,49935.331,2,-3.0,88.448,85.2,23,77,1,0.948,-2.3,-3.248,2.7,23.0,4.963,6.59,0.075,0.0,-94.981,1.014,-23,0
2025-04-27 10:06:44.669145,bcc33bf1-ec3a-4fc3-9462-1a0bd760241b,KXHIGHAUS-25APR27-B87.5,49935.331,3,-3.0,88.413,85.2,22,78,1,0.913,-2.3,-3.213,2.43,22.0,4.467,5.931,0.068,0.0,-87.222,2.002,-22,0
2025-04-27 10:08:02.187415,4bf80dc9-ae69-402d-bc03-c3ddfe2399ab,KXHIGHAUS-25APR27-B87.5,49857.813,33,-3.0,88.124,85.2,25,75,1,0.624,-2.3,-2.924,1.594,25.0,2.931,3.891,0.044,0.0,-89.516,-0.532,-25,0
2025-04-27 10:08:02.821184,5dc6ba21-becc-440e-83e3-73315b7a39a2,KXHIGHAUS-25APR27-B87.5,49857.179,3,-3.0,88.077,85.2,25,75,0,0.577,-2.3,-2.877,1.435,25.0,2.638,3.502,0.04,0.0,-87.809,0.231,25,0
2025-04-27 10:08:03.030773,5e9fad70-1330-4dcf-9e08-fd461db53d06,KXHIGHAUS-25APR27-B87.5,49856.969,2,-3.0,88.031,85.2,25,75,0,0.531,-2.3,-2.831,1.291,25.0,2.374,3.152,0.036,0.0,-86.354,-0.022,25,0
2025-04-27 10:08:03.225145,5f2b6f28-6158-48d3-89b4-8cdcc10b8576,KXHIGHAUS-25APR27-B87.5,49856.775,1,-3.0,87.989,85.2,25,75,0,0.489,-2.3,-2.789,1.162,25.0,2.137,2.837,0.032,0.0,-85.116,-0.143,25,0
2025-04-27 10:08:17.603451,3e41e9b6-055b-46d3-b445-7d2f24f54ba0,KXHIGHAUS-25APR27-B89.5,49842.397,20,-1.0,89.191,85.2,59,41,1,-0.309,-4.3,-3.991,0.556,11.957,59.0,1.357,0.015,0.0,-270.268,-41.275,-59,0
2025-04-27 10:08:17.603451,0210d426-5c61-4117-847d-cfcb9d74da76,KXHIGHAUS-25APR27-B89.5,49842.397,23,-1.0,89.269,85.2,61,39,1,-0.231,-4.3,-4.069,0.405,8.717,61.0,0.989,0.011,0.0,-269.21,-43.295,-61,0
2025-04-27 10:08:17.603451,114cc775-e6dd-41bf-a03c-fe656d0ac7f5,KXHIGHAUS-25APR27-B89.5,49842.397,20,-1.0,89.236,85.2,58,42,1,-0.264,-4.3,-4.036,0.45,9.686,58.0,1.099,0.013,0.0,-257.188,-40.302,-58,0
2025-04-27 10:08:17.603451,32fd5beb-5351-42e8-8946-5842b4c677d5,KXHIGHAUS-25APR27-B89.5,49842.397,23,-1.0,89.22,85.2,60,40,1,-0.28,-4.3,-4.02,0.5,10.762,60.0,1.221,0.014,0.0,-271.068,-42.289,-60,0
2025-04-27 10:08:17.603451,57a196eb-3cba-4d01-a2da-8ae29ee91257,KXHIGHAUS-25APR27-B89.5,49842.397,3,-1.0,89.159,85.2,58,42,1,-0.341,-4.3,-3.959,0.618,13.286,58.0,1.508,0.017,0.0,-270.124,-40.273,-58,0
2025-04-27 10:08:17.603451,f4f232ff-1560-45d0-a583-6068748928b8,KXHIGHAUS-25APR27-B89.5,49842.397,11,-1.0,89.008,85.2,60,40,1,-0.492,-4.3,-3.808,1.046,22.5,60.0,2.553,0.029,0.0,-318.052,-41.933,-60,0
2025-04-27 10:08:17.603451,98fb9605-9852-492d-a5fa-a5940aecbedd,KXHIGHAUS-25APR27-B89.5,49842.397,63,-1.0,89.099,85.2,58,42,1,-0.401,-4.3,-3.899,0.763,16.403,58.0,1.861,0.021,0.0,-282.258,-40.264,-58,0
2025-04-27 10:08:17.603451,a1031dfa-3f0a-4547-a411-c7747001a567,KXHIGHAUS-25APR27-B89.5,49842.397,20,-1.0,89.077,85.2,60,40,1,-0.423,-4.3,-3.877,0.847,18.225,60.0,2.068,0.024,0.0,-299.838,-41.953,-60,0
2025-04-27 10:08:17.603451,be267827-cc65-49f8-9387-214635dcfedd,KXHIGHAUS-25APR27-B89.5,49842.397,41,-1.0,89.038,85.2,59,41,1,-0.462,-4.3,-3.838,0.941,20.25,59.0,2.298,0.026,0.0,-303.249,-40.95,-59,0
2025-04-27 10:08:17.603451,89caa1cc-04d8-46c4-8c6c-933a5b1125df,KXHIGHAUS-25APR27-B89.5,49842.397,26,-1.0,89.139,85.2,60,40,1,-0.361,-4.3,-3.939,0.686,14.762,60.0,1.675,0.019,0.0,-285.932,-42.267,-60,0
2025-04-27 10:08:20.371579,5f5848c1-4fe6-4691-bbfc-c248992d49a7,KXHIGHAUS-25APR27-B87.5,49839.628,23,-3.0,88.895,85.2,25,75,0,1.395,-2.3,-3.695,0.365,25.0,54.9,0.89,0.01,0.0,-299.857,-0.151,25,0
2025-04-27 10:08:56.063961,3c61f7ca-91c4-411a-ba86-b599887ea5a7,KXHIGHAUS-25APR27-B89.5,49803.936,16,-1.0,88.965,85.2,59,41,1,-0.535,-4.3,-3.765,0.328,22.5,59.0,0.801,0.009,0.0,-310.043,-40.921,-59,0
2025-04-27 10:09:03.383961,14ebbdbe-c1a0-47d5-8715-9efdb7dcd135,KXHIGHAUS-25APR27-B89.5,49796.616,2,-1.0,89.005,85.2,59,41,0,-0.495,-4.3,-3.805,0.295,20.25,59.0,0.721,0.008,0.0,-300.854,40.888,59,0
2025-04-27 10:09:31.960555,869fb9e7-00f5-46b0-9eb3-829086d96d1d,KXHIGHAUS-25APR27-T87,49768.039,78,-3.5,88.932,85.2,3,97,0,1.932,-1.8,-3.732,3.0,18.225,53.1,0.649,0.007,0.0,-266.805,-86.902,-97,1
2025-04-27 10:09:33.603994,c5100aab-b0e3-4bbd-a2db-2c228328d2f2,KXHIGHAUS-25APR27-B89.5,49766.396,9,-1.0,89.013,85.2,59,41,0,-0.487,-4.3,-3.813,2.7,16.403,59.0,0.584,0.007,0.0,-288.794,40.619,59,0
2025-04-27 10:09:33.793940,24d39923-8569-4359-846e-a0177b7b2622,KXHIGHAUS-25APR27-B91.5,49766.206,1,1.0,89.57,85.2,21,79,0,-1.93,-6.3,-4.37,2.43,14.762,53.1,21.0,0.006,0.0,-316.726,3.233,21,0
2025-04-27 10:09:33.864926,d56eedd2-e987-419a-89fe-73571359662b,KXHIGHAUS-25APR27-T87,49766.135,1,-3.5,89.545,85.2,3,97,0,2.545,-1.8,-4.345,3.0,13.286,47.79,18.9,0.005,0.0,-277.98,-86.545,-97,1
2025-04-27 10:09:33.870344,11338871-10fe-4a12-8880-dc6f167b0bb4,KXHIGHAUS-25APR27-B89.5,49766.13,1,-1.0,89.537,85.2,59,41,0,0.037,-4.3,-4.337,2.7,11.957,59.0,17.01,0.005,0.0,-321.104,40.487,59,0
2025-04-27 10:09:33.871313,5ad66168-cd6f-439d-a94c-354da83d041e,KXHIGHAUS-25APR27-B87.5,49766.129,1,-3.0,89.253,85.2,24,76,0,1.753,-2.3,-4.053,2.43,24.0,53.1,15.309,0.004,0.0,-331.099,-1.152,24,0
2025-04-27 10:09:33.871555,d04515b4-d2a5-42c5-bcc0-7e03f79d3e71,KXHIGHAUS-25APR27-B93.5,49766.128,1,3.0,89.302,85.2,1,99,0,-4.198,-8.3,-4.102,2.187,21.6,47.79,13.778,1.0,0.0,-289.018,-0.012,1,0
2025-04-27 10:13:34.606090,b7628211-df14-40c5-ba59-5d5737dece11,KXHIGHAUS-25APR27-B87.5,49525.394,4,-3.0,89.289,85.2,20,80,0,1.789,-2.3,-4.089,1.968,20.0,43.011,12.4,0.9,0.0,-254.157,-5.934,20,0
2025-04-27 10:13:34.606090,b73f74f9-b128-4f93-bf1f-36ae06eac951,KXHIGHAUS-25APR27-B87.5,49525.394,5,-3.0,89.216,85.2,21,79,0,1.716,-2.3,-4.016,1.771,21.0,38.71,11.16,0.81,0.0,-233.227,-4.855,21,0
2025-04-27 10:13:34.606090,7251694d-fab6-40bd-a45a-0c79c689f1a7,KXHIGHAUS-25APR27-B87.5,49525.394,52,-3.0,89.188,85.2,20,80,0,1.688,-2.3,-3.988,1.594,20.0,34.839,10.044,0.729,0.0,-207.304,-5.541,20,0
2025-04-27 10:13:34.606090,252ffc33-54ea-475b-ae6d-36267b8c7a9e,KXHIGHAUS-25APR27-B87.5,49525.394,1,-3.0,89.188,85.2,18,82,0,1.688,-2.3,-3.988,1.435,18.0,31.355,9.04,0.656,0.0,-180.2,-7.535,18,0
2025-04-27 10:13:54.611112,8b8b9dca-7176-410a-ae48-e221cf6e5259,KXHIGHAUS-25APR27-B89.5,49505.389,3,-1.0,89.291,85.2,55,45,0,-0.209,-4.3,-4.091,1.291,16.2,55.0,8.136,0.59,0.0,-282.595,35.754,55,0
2025-04-27 10:13:54.611112,51b251c1-c743-4041-b196-9e60d96d9126,KXHIGHAUS-25APR27-B89.5,49505.389,25,-1.0,89.303,85.2,54,46,0,-0.197,-4.3,-4.103,1.162,14.58,54.0,7.322,0.531,0.0,-268.891,35.469,54,0
2025-04-27 10:16:28.380957,6e93d5fc-fff7-4a02-bae5-7c3f0161532d,KXHIGHAUS-25APR27-B93.5,49351.619,6,3.0,89.449,85.2,3,97,1,-4.051,-8.3,-4.249,1.046,13.122,48.6,6.59,3.0,0.0,-238.293,-1.0,-3,0
2025-04-27 10:16:28.583673,f213143d-ee71-4121-80cb-84f4cf266ae7,KXHIGHAUS-25APR27-B91.5,49351.416,1,1.0,89.855,85.2,22,78,1,-1.645,-6.3,-4.655,0.941,11.81,43.74,22.0,2.7,0.0,-265.047,-4.232,-22,0
2025-04-27 10:16:28.583673,eb0e507b-5996-46e7-8adc-abc35157e1a0,KXHIGHAUS-25APR27-B91.5,49351.416,10,1.0,89.903,85.2,22,78,1,-1.597,-6.3,-4.703,0.847,10.629,39.366,22.0,2.43,0.0,-239.73,-4.232,-22,0
2025-04-27 10:16:29.380934,710e8ed6-84c4-4e29-a1fa-0fb513de7202,KXHIGHAUS-25APR27-B89.5,49350.619,16,-1.0,89.796,85.2,60,40,1,0.296,-4.3,-4.596,0.763,9.566,60.0,19.8,2.187,0.0,-327.884,-40.739,-60,0
2025-04-27 10:16:30.784210,c9c0430f-f8b9-4c38-924d-e41c99669e32,KXHIGHAUS-25APR27-B87.5,49349.216,7,-3.0,89.457,85.2,23,77,1,1.957,-2.3,-4.257,0.686,23.0,54.0,17.82,1.968,0.0,-339.923,2.992,-23,0
2025-04-27 10:16:30.784210,1421190a-81af-4050-b605-c4cba90487fa,KXHIGHAUS-25APR27-B87.5,49349.216,5,-3.0,89.386,85.2,24,76,1,1.886,-2.3,-4.186,0.618,24.0,48.6,16.038,1.771,0.0,-310.238,1.933,-24,0
2025-04-27 10:16:30.862240,0a763699-8c04-45cb-87a4-6510b493b685,KXHIGHAUS-25APR27-B91.5,49349.138,7,1.0,89.565,85.2,22,78,0,-1.935,-6.3,-4.365,0.556,21.6,43.74,22.0,1.594,0.0,-300.052,4.231,22,0
2025-04-27 10:16:30.862589,ecb8ad29-3d7b-4b02-abd4-283414577b08,KXHIGHAUS-25APR27-T87,49349.137,7,-3.5,89.518,85.2,2,98,0,2.518,-1.8,-4.318,2.0,19.44,39.366,19.8,1.435,0.0,-263.293,-86.846,-98,1
2025-04-27 10:16:30.863158,b39b7e58-9286-47e4-8b8a-a2b212e313b2,KXHIGHAUS-25APR27-B89.5,49349.137,7,-1.0,89.513,85.2,59,41,0,0.013,-4.3,-4.313,1.8,17.496,59.0,17.82,1.291,0.0,-343.363,39.705,59,0
2025-04-27 10:16:30.863537,9c6f311c-3990-476b-9be9-42f653995a9b,KXHIGHAUS-25APR27-B93.5,49349.136,7,3.0,89.506,85.2,1,99,0,-3.994,-8.3,-4.306,1.62,15.746,53.1,16.038,1.0,0.0,-299.616,-1.064,1,0
2025-04-27 10:17:46.789336,719aad45-ac68-47f5-8ade-39272624f08c,KXHIGHAUS-25APR27-B87.5,49273.211,2,-3.0,89.304,85.2,23,77,0,1.804,-2.3,-4.104,1.458,23.0,47.79,14.434,0.9,0.0,-295.9,-3.223,23,0
2025-04-27 10:17:46.789894,ff7d885d-82cc-4bc8-8a71-6cac02bf4afd,KXHIGHAUS-25APR27-B91.5,49273.21,2,1.0,89.551,85.2,23,77,0,-1.949,-6.3,-4.351,1.312,20.7,43.011,23.0,0.81,0.0,-296.81,5.229,23,0
2025-04-27 10:17:46.790988,29b671a6-bc03-411f-bd13-8980deb2e72f,KXHIGHAUS-25APR27-B89.5,49273.209,2,-1.0,89.541,85.2,59,41,0,0.041,-4.3,-4.341,1.181,18.63,59.0,20.7,0.729,0.0,-357.753,39.62,59,0
2025-04-27 10:17:46.792861,3c133bf4-71c5-4e6f-9a16-d41a0db0775f,KXHIGHAUS-25APR27-T87,49273.207,2,-3.5,89.515,85.2,2,98,0,2.515,-1.8,-4.315,2.0,16.767,53.1,18.63,0.656,0.0,-313.794,-86.034,-98,1
2025-04-27 10:17:46.793793,98b89350-d02f-4bba-b20f-d83b17cce3bd,KXHIGHAUS-25APR27-B93.5,49273.206,2,3.0,89.535,85.2,1,99,0,-3.965,-8.3,-4.335,1.8,15.09,47.79,16.767,1.0,0.0,-274.082,-1.408,1,0
2025-04-27 10:18:23.201828,c4ab492d-7ef0-4295-82b1-bb906d50bd13,KXHIGHAUS-25APR27-B91.5,49236.798,1,1.0,89.724,85.2,23,77,0,-1.776,-6.3,-4.524,1.62,13.581,43.011,23.0,0.9,0.0,-270.016,5.22,23,0
2025-04-27 10:18:23.201828,854eac35-60c7-4bb6-8b4e-5842a4bc65cc,KXHIGHAUS-25APR27-B91.5,49236.798,2,1.0,89.755,85.2,22,78,0,-1.745,-6.3,-4.555,1.458,12.223,38.71,22.0,0.81,0.0,-240.508,4.228,22,0
2025-04-27 10:19:10.813994,c9478e12-6ae2-4231-a0c2-6604d759fbe1,KXHIGHAUS-25APR27-B87.5,49189.186,86,-3.0,89.324,85.2,27,73,1,1.824,-2.3,-4.124,1.312,27.0,34.839,19.8,0.729,0.0,-271.934,-0.304,-27,0
2025-04-27 10:19:10.813994,a895bcea-5b8f-459d-86f9-36b4299ea751,KXHIGHAUS-25APR27-B87.5,49189.186,30,-3.0,89.283,85.2,26,74,1,1.783,-2.3,-4.083,1.181,26.0,31.355,17.82,0.656,0.0,-243.988,0.639,-26,0
2025-04-27 10:19:10.813994,256016a7-d029-4fc7-8a5d-066b67814017,KXHIGHAUS-25APR27-B87.5,49189.186,62,-3.0,89.243,85.2,25,75,1,1.743,-2.3,-4.043,1.063,25.0,28.22,16.038,0.59,0.0,-218.984,1.503,-25,0
2025-04-27 10:19:10.813994,15fcf05b-adb2-4bc6-a249-43defe3c83cb,KXHIGHAUS-25APR27-B87.5,49189.186,40,-3.0,89.152,85.2,26,74,1,1.652,-2.3,-3.952,0.957,26.0,25.398,14.434,0.531,0.0,-205.018,0.292,-26,0
2025-04-27 10:19:16.199794,8b6c282d-bfd5-4de5-b1e3-a9a8a7435776,KXHIGHAUS-25APR27-B91.5,49183.8,2,1.0,89.427,85.2,21,79,0,-2.073,-6.3,-4.227,0.861,23.4,22.858,21.0,0.478,0.0,-208.756,3.215,21,0
2025-04-27 10:19:16.258521,edff5466-60e8-4ae7-abd5-d3266ab8c13f,KXHIGHAUS-25APR27-T87,49183.741,2,-3.5,89.379,85.2,2,98,0,2.379,-1.8,-4.179,2.0,21.06,20.572,18.9,0.43,0.0,-182.96,-85.179,-98,1
2025-04-27 10:19:16.262280,9c4e0827-f45d-45ec-b150-1d2bf060d27e,KXHIGHAUS-25APR27-B93.5,49183.738,2,3.0,89.423,85.2,1,99,0,-4.077,-8.3,-4.223,1.8,18.954,18.515,17.01,1.0,0.0,-159.061,-1.468,1,0
2025-04-27 10:19:16.263079,6f9ed208-77de-40a8-9140-9109ce397808,KXHIGHAUS-25APR27-B87.5,49183.737,2,-3.0,89.195,85.2,24,76,0,1.695,-2.3,-3.995,1.62,24.0,16.663,15.309,0.9,0.0,-165.607,-2.885,24,0
2025-04-27 10:19:16.269108,d4601921-2ea2-4c3f-8e07-370068634387,KXHIGHAUS-25APR27-B89.5,49183.731,2,-1.0,89.332,85.2,58,42,0,-0.168,-4.3,-4.132,1.458,21.6,58.0,13.778,0.81,0.0,-338.396,38.608,58,0
2025-04-27 10:24:40.306725,5202abe4-d5ec-4015-ab99-1c4b726eab85,KXHIGHAUS-25APR27-B87.5,48859.693,18,-3.0,89.202,85.2,26,74,1,1.702,-2.3,-4.002,1.312,26.0,52.2,12.4,0.729,0.0,-322.512,1.081,-26,0
2025-04-27 10:28:18.529134,87f912fd-e477-491f-9aa0-db961cb512a8,KXHIGHAUS-25APR27-T87,48641.471,6,-3.5,89.155,85.2,3,97,1,2.155,-1.8,-3.955,3.0,23.4,46.98,11.16,0.656,0.0,-284.576,81.356,97,1
2025-04-27 10:36:20.420353,ba24957d-a231-46c7-a36d-1d3be3dea0f0,KXHIGHAUS-25APR27-B89.5,48159.58,1,-1.0,89.211,85.2,57,43,0,-0.289,-4.3,-4.011,2.7,21.06,57.0,10.044,0.59,0.0,-320.174,37.504,57,0
2025-04-27 10:36:44.197352,3af365ee-322a-4133-a2e5-ce85a0723ea2,KXHIGHAUS-25APR27-B87.5,48135.803,2,-3.0,88.798,85.2,24,76,0,1.298,-2.3,-3.598,1.291,24.0,27.263,4.804,0.282,0.0,-173.905,-3.237,24,0
2025-04-27 10:36:44.197352,4fb0be14-0358-4176-8bb4-64989bab1be0,KXHIGHAUS-25APR27-B87.5,48135.803,5,-3.0,88.923,85.2,21,79,0,1.423,-2.3,-3.723,1.435,21.0,30.292,5.338,0.314,0.0,-176.353,-6.4,21,0
2025-04-27 10:36:44.197352,51579eea-7574-4d56-a4fe-940de5faaf08,KXHIGHAUS-25APR27-B87.5,48135.803,3,-3.0,88.931,85.2,23,77,0,1.431,-2.3,-3.731,1.594,23.0,33.658,5.931,0.349,0.0,-201.401,-4.584,23,0
2025-04-27 10:36:44.197352,64881d26-5d8f-4b6c-9cc5-0226517b8fb9,KXHIGHAUS-25APR27-B87.5,48135.803,3,-3.0,89.005,85.2,22,78,0,1.505,-2.3,-3.805,1.771,22.0,37.398,6.59,0.387,0.0,-216.514,-5.763,22,0
2025-04-27 10:36:44.197352,6bf003db-b3a5-46f0-b776-f48f8ba4e63d,KXHIGHAUS-25APR27-B87.5,48135.803,3,-3.0,89.077,85.2,21,79,0,1.577,-2.3,-3.877,1.968,21.0,41.553,7.322,0.43,0.0,-234.35,-6.938,21,0
2025-04-27 10:36:44.197352,8a6a6abf-c593-4f2d-9b43-72823169d872,KXHIGHAUS-25APR27-B87.5,48135.803,7,-3.0,89.124,85.2,21,79,0,1.624,-2.3,-3.924,2.187,21.0,46.17,8.136,0.478,0.0,-259.287,-6.993,21,0
2025-04-27 10:36:44.197352,998b7158-d590-4a43-a515-dd1920520ab8,KXHIGHAUS-25APR27-B87.5,48135.803,79,-3.0,89.21,85.2,19,81,0,1.71,-2.3,-4.01,2.43,19.0,51.3,9.04,0.531,0.0,-279.672,-9.004,19,0
2025-04-27 10:37:08.228706,24961e9e-3aa6-4cf0-84ba-4f14f312d4b7,KXHIGHAUS-25APR27-B89.5,48111.771,2,-1.0,89.083,85.2,60,40,1,-0.417,-4.3,-3.883,1.162,21.6,60.0,4.324,0.254,0.0,-318.188,-40.169,-60,0
2025-04-27 10:37:08.228706,1ed2080a-3cbf-448e-9875-1fd0eeb64b8e,KXHIGHAUS-25APR27-B89.5,48111.771,3,-1.0,89.112,85.2,60,40,1,-0.388,-4.3,-3.912,1.046,19.44,60.0,3.891,0.229,0.0,-308.343,-40.173,-60,0
2025-04-27 10:37:08.228706,0aa3d410-5c9d-4316-99a1-d2afe0fead34,KXHIGHAUS-25APR27-B89.5,48111.771,1,-1.0,89.136,85.2,59,41,1,-0.364,-4.3,-3.936,0.941,17.496,59.0,3.502,0.206,0.0,-294.655,-39.305,-59,0
2025-04-27 10:40:20.002038,0e68bbd0-e18c-4fc7-bdae-815619ee425b,KXHIGHAUS-25APR27-B87.5,47919.998,2,-3.0,88.606,85.2,27,73,1,1.106,-2.3,-3.406,0.45,27.0,28.22,1.675,0.098,0.0,-183.518,1.05,-27,0
2025-04-27 10:40:20.002038,1ef35c9a-75ed-4252-9745-ab8bd726d112,KXHIGHAUS-25APR27-B87.5,47919.998,3,-3.0,88.742,85.2,23,77,1,1.242,-2.3,-3.542,0.5,23.0,31.355,1.861,0.109,0.0,-180.714,5.059,-23,0
2025-04-27 10:40:20.002038,207ce1f1-cea8-4552-80a5-8801bea7a950,KXHIGHAUS-25APR27-B87.5,47919.998,5,-3.0,88.733,85.2,26,74,1,1.233,-2.3,-3.533,0.556,26.0,34.839,2.068,0.122,0.0,-209.334,2.089,-26,0
2025-04-27 10:40:20.002038,bb8c1cd3-a842-4f7d-b7e3-0cba2f7ad0c8,KXHIGHAUS-25APR27-B87.5,47919.998,3,-3.0,88.923,85.2,24,76,1,1.423,-2.3,-3.723,0.763,24.0,47.79,2.837,0.167,0.0,-263.521,4.127,-24,0
2025-04-27 10:40:20.002038,9f72c10b-9577-4f0e-98f0-d529fde12f9a,KXHIGHAUS-25APR27-B87.5,47919.998,1,-3.0,88.856,85.2,25,75,1,1.356,-2.3,-3.656,0.686,25.0,43.011,2.553,0.15,0.0,-244.106,3.127,-25,0
2025-04-27 10:40:20.002038,ca9b65ae-e3d3-4ddf-a99f-91dd17db0f2a,KXHIGHAUS-25APR27-B87.5,47919.998,2,-3.0,89.007,85.2,22,78,1,1.507,-2.3,-3.807,0.847,22.0,53.1,3.152,0.185,0.0,-282.091,6.151,-22,0
2025-04-27 10:40:20.002038,8c1acf9a-7b11-4e10-85c3-590c395d8519,KXHIGHAUS-25APR27-B87.5,47919.998,21,-3.0,88.786,85.2,26,74,1,1.286,-2.3,-3.586,0.618,26.0,38.71,2.298,0.135,0.0,-227.581,2.109,-26,0
2025-04-27 10:47:55.174782,e07b18e6-b6a7-454d-898d-4a61bc224bfd,KXHIGHAUS-25APR27-B91.5,47464.825,2,1.0,89.337,85.2,19,81,0,-2.163,-6.3,-4.137,0.405,24.3,25.398,19.0,0.089,0.0,-215.044,1.262,19,0
2025-04-27 10:47:55.174782,dfa1e7c9-0818-4707-a130-f20864466081,KXHIGHAUS-25APR27-B91.5,47464.825,2,1.0,89.368,85.2,18,82,0,-2.132,-6.3,-4.168,0.365,21.87,22.858,18.0,0.08,0.0,-190.457,0.261,18,0
2025-04-27 10:47:55.174782,d6c007cc-3b5f-4bac-ba80-5fa461279aeb,KXHIGHAUS-25APR27-B91.5,47464.825,2,1.0,89.502,85.2,20,80,0,-1.998,-6.3,-4.302,0.328,19.683,20.572,20.0,0.072,0.0,-180.219,2.259,20,0
2025-04-27 10:47:55.174782,953d188f-2244-4195-aebb-d8569b8755de,KXHIGHAUS-25APR27-B91.5,47464.825,2,1.0,89.464,85.2,17,83,0,-2.036,-6.3,-4.264,0.295,17.715,18.515,17.0,0.065,0.0,-152.583,-0.76,17,0
2025-04-27 10:48:01.602277,a6250297-645d-44ad-9fc6-5446be674554,KXHIGHAUS-25APR27-T87,47458.398,50,-3.5,89.287,85.2,4,96,1,2.287,-1.8,-4.087,4.0,15.943,16.663,15.3,0.058,0.0,-138.141,77.789,96,1
2025-04-27 10:48:01.602277,67daa544-ae65-40db-ae03-ad6c57da181f,KXHIGHAUS-25APR27-T87,47458.398,133,-3.5,89.268,85.2,4,96,1,2.268,-1.8,-4.068,4.0,14.349,14.997,13.77,0.052,0.0,-120.333,78.226,96,1
2025-04-27 10:48:01.602277,48a4f69f-5ac5-4408-9a61-8f3cb4e8e204,KXHIGHAUS-25APR27-T87,47458.398,419,-3.5,89.3,85.2,3,97,1,2.3,-1.8,-4.1,3.0,12.914,13.497,12.393,0.047,0.0,-102.511,79.377,97,1
2025-04-27 10:48:01.602277,3a629651-722e-4e3f-8010-3589fdf7aaf0,KXHIGHAUS-25APR27-T87,47458.398,86,-3.5,89.224,85.2,4,96,1,2.224,-1.8,-4.024,4.0,11.623,12.148,11.154,0.042,0.0,-91.155,78.445,96,1
2025-04-27 10:48:02.983272,e10961a9-4604-45d6-8bfe-de79ad090d78,KXHIGHAUS-25APR27-T87,47457.017,12,-3.5,89.138,85.2,5,95,0,2.138,-1.8,-3.938,5.0,10.46,10.933,10.038,0.038,0.0,-81.781,-76.599,-95,1
2025-04-27 10:48:07.203053,04659e3c-1805-4fb9-ab57-86fbcebfc458,KXHIGHAUS-25APR27-B89.5,47452.797,3,-1.0,89.392,85.2,57,43,0,-0.108,-4.3,-4.192,2.952,6.177,57.0,5.928,0.023,0.0,-255.36,37.083,57,0
2025-04-27 10:48:07.203053,06958275-e5a6-49b3-adc5-e22f8008af59,KXHIGHAUS-25APR27-B89.5,47452.797,2,-1.0,89.381,85.2,56,44,0,-0.119,-4.3,-4.181,3.28,6.863,56.0,6.586,0.025,0.0,-254.859,36.076,56,0
2025-04-27 10:48:07.203053,f895e420-8029-4cea-a11b-d29c4cd82291,KXHIGHAUS-25APR27-B89.5,47452.797,2,-1.0,89.353,85.2,58,42,0,-0.147,-4.3,-4.153,4.5,9.414,58.0,9.034,0.034,0.0,-283.153,37.795,58,0
2025-04-27 10:48:07.203053,e106ec67-d395-4b11-aff9-8f0ac42955d8,KXHIGHAUS-25APR27-B89.5,47452.797,1,-1.0,89.366,85.2,59,41,0,-0.134,-4.3,-4.166,4.05,8.473,59.0,8.131,0.031,0.0,-281.278,38.813,59,0
2025-04-27 10:48:07.203053,911a2450-519a-42f8-87c3-80826c39e546,KXHIGHAUS-25APR27-B89.5,47452.797,33,-1.0,89.371,85.2,56,44,0,-0.129,-4.3,-4.171,3.645,7.626,56.0,7.318,0.028,0.0,-260.091,35.825,56,0
2025-04-27 10:54:45.632948,ec4bbb1a-2b2f-4d86-943a-cb7a39343822,KXHIGHAUS-25APR27-T87,47054.367,5,-3.5,89.379,85.2,3,97,0,2.379,-1.8,-4.179,3.0,5.559,51.3,5.335,0.02,0.0,-223.688,-78.394,-97,1
2025-04-27 10:57:05.826017,f5b904e5-fd29-45e1-844b-6ac4afdbe938,KXHIGHAUS-25APR27-B87.5,46914.174,189,-3.0,88.867,85.2,27,73,1,1.367,-2.3,-3.667,2.7,27.0,46.17,4.801,0.018,0.0,-276.068,1.192,-27,0
2025-04-27 10:57:05.826017,efc3006f-9275-4688-a77f-d411790e5f3b,KXHIGHAUS-25APR27-B87.5,46914.174,3,-3.0,88.854,85.2,25,75,1,1.354,-2.3,-3.654,2.43,25.0,41.553,4.321,0.016,0.0,-243.753,3.175,-25,0
2025-04-27 10:57:05.826017,c3891fd7-4680-4817-b96b-9d9a9d12fc6b,KXHIGHAUS-25APR27-B87.5,46914.174,23,-3.0,88.805,85.2,25,75,1,1.305,-2.3,-3.605,2.187,25.0,37.398,3.889,0.015,0.0,-222.843,3.177,-25,0
2025-04-27 10:57:05.826017,a1a23158-b39e-4de6-b801-0ce64cccd664,KXHIGHAUS-25APR27-B87.5,46914.174,33,-3.0,88.754,85.2,25,75,1,1.254,-2.3,-3.554,1.968,25.0,33.658,3.5,0.013,0.0,-204.482,3.191,-25,0
2025-04-27 10:57:05.826017,7f3feb55-35e0-4864-8fca-fa8ce7232f17,KXHIGHAUS-25APR27-B87.5,46914.174,2,-3.0,88.702,85.2,25,75,1,1.202,-2.3,-3.502,1.771,25.0,30.292,3.15,0.012,0.0,-188.37,3.184,-25,0
2025-04-27 10:57:05.826017,77058323-6bd7-421b-8783-8ea8dcec29ce,KXHIGHAUS-25APR27-B87.5,46914.174,5,-3.0,88.649,85.2,25,75,1,1.149,-2.3,-3.449,1.594,25.0,27.263,2.835,0.011,0.0,-174.24,3.159,-25,0
2025-04-27 10:57:52.220527,e84a4c44-bc12-4d68-a7a6-9cc7fbe00fbd,KXHIGHAUS-25APR27-T87,46867.779,127,-3.5,88.6,85.2,3,97,0,1.6,-1.8,-3.4,3.0,22.5,24.537,2.552,0.01,0.0,-154.216,-77.878,-97,1
2025-04-27 10:58:10.896305,472a8de8-7d9b-4304-b9ac-a634094e6e5d,KXHIGHAUS-25APR27-B89.5,46849.104,1,-1.0,88.982,85.2,57,43,1,-0.518,-4.3,-3.782,2.7,20.25,57.0,2.296,0.009,0.0,-295.919,-36.783,-57,0
2025-04-27 11:02:59.970924,c9ea4798-349e-49bf-bd8f-03a3c1dacc23,KXHIGHAUS-25APR27-B93.5,46560.029,15,3.0,89.157,85.2,3,97,1,-4.343,-8.3,-3.957,2.43,18.225,51.3,2.067,3.0,0.0,-261.861,-0.513,-3,0
2025-04-27 11:06:12.538237,44ea40d9-ee06-45a7-a0bb-4fe83aaa11b1,KXHIGHAUS-25APR27-B91.5,46367.462,39,1.0,89.732,85.2,16,84,0,-1.768,-6.3,-4.532,1.435,10.762,30.292,16.0,1.771,0.0,-174.785,-1.691,16,0
2025-04-27 11:06:12.538237,8c048ecd-aca8-419a-b1be-89b2660c6075,KXHIGHAUS-25APR27-B91.5,46367.462,31,1.0,89.684,85.2,16,84,0,-1.816,-6.3,-4.484,1.594,11.957,33.658,16.0,1.968,0.0,-194.458,-1.691,16,0
2025-04-27 11:06:12.538237,cd47cb61-be43-49ea-808a-ac995a0a6a36,KXHIGHAUS-25APR27-B91.5,46367.462,7,1.0,89.664,85.2,17,83,0,-1.836,-6.3,-4.464,1.771,13.286,37.398,17.0,2.187,0.0,-220.696,-0.692,17,0
2025-04-27 11:06:12.538237,f6b04b98-fa29-4ede-b342-7bdeea0d757d,KXHIGHAUS-25APR27-B91.5,46367.462,36,1.0,89.506,85.2,14,86,0,-1.994,-6.3,-4.306,2.187,16.403,46.17,14.0,2.7,0.0,-264.164,-3.694,14,0
2025-04-27 11:06:12.538237,ecc0e356-748e-47ba-95f4-d55350050166,KXHIGHAUS-25APR27-B91.5,46367.462,3,1.0,89.619,85.2,17,83,0,-1.881,-6.3,-4.419,1.968,14.762,41.553,17.0,2.43,0.0,-246.263,-0.693,17,0
2025-04-27 11:06:39.524961,c46006dd-bc05-4b97-96e5-1bbd6651e7c3,KXHIGHAUS-25APR27-B87.5,46340.475,3,-3.0,89.192,85.2,27,73,1,1.692,-2.3,-3.992,1.291,27.0,27.263,14.4,1.594,0.0,-218.588,1.203,-27,0
2025-04-27 11:06:39.524961,89dff9f3-5c9f-48be-932a-ef842ed18f52,KXHIGHAUS-25APR27-B87.5,46340.475,3,-3.0,89.148,85.2,26,74,1,1.648,-2.3,-3.948,1.162,26.0,24.537,12.96,1.435,0.0,-197.127,2.205,-26,0
2025-04-27 11:06:39.524961,11b70366-7a9d-4ded-b6b5-aa3ce1bf8e6f,KXHIGHAUS-25APR27-B87.5,46340.475,1,-3.0,89.054,85.2,27,73,1,1.554,-2.3,-3.854,1.046,27.0,22.083,11.664,1.291,0.0,-186.36,1.191,-27,0
2025-04-27 11:07:24.764212,03e7f8e2-30fe-4065-9dce-98da19afa0c6,KXHIGHAUS-25APR27-B89.5,46295.236,1,-1.0,89.233,85.2,58,42,1,-0.267,-4.3,-4.033,0.941,24.3,58.0,10.498,1.162,0.0,-337.834,-37.77,-58,0
2025-04-27 11:12:56.539062,b3cb1c6c-56d2-4f2b-b8af-42014699797a,KXHIGHAUS-25APR27-B91.5,45963.461,7,1.0,89.483,85.2,20,80,1,-2.017,-6.3,-4.283,0.847,21.87,52.2,20.0,1.046,0.0,-333.748,-2.301,-20,0
2025-04-27 11:12:56.539062,4a387f29-a55a-429b-91c7-a21c6071f878,KXHIGHAUS-25APR27-B91.5,45963.461,10,1.0,89.528,85.2,20,80,1,-1.972,-6.3,-4.328,0.763,19.683,46.98,20.0,0.941,0.0,-299.162,-2.304,-20,0
2025-04-27 11:12:56.798952,11f2de7c-1251-4882-ae30-2ff40853aa72,KXHIGHAUS-25APR27-B91.5,45963.201,2,1.0,89.553,85.2,19,81,0,-1.947,-6.3,-4.353,0.686,17.715,42.282,19.0,0.847,0.0,-264.784,1.299,19,0
2025-04-27 11:12:56.799806,335f045e-1c2f-4a2f-9397-23faf6e64644,KXHIGHAUS-25APR27-B89.5,45963.2,2,-1.0,89.542,85.2,57,43,0,0.042,-4.3,-4.342,0.618,15.943,57.0,17.1,0.763,0.0,-322.645,36.757,57,0
2025-04-27 11:12:56.800042,037261b9-3c60-4992-8d23-a2afd06ed788,KXHIGHAUS-25APR27-B93.5,45963.2,2,3.0,89.65,85.2,3,97,0,-3.85,-8.3,-4.45,0.556,14.349,51.3,15.39,3.0,0.0,-285.266,0.476,3,0
2025-04-27 11:12:56.800245,6091c3fa-b4dd-4e3e-942d-e803e3d6df0e,KXHIGHAUS-25APR27-T87,45963.2,2,-3.5,89.599,85.2,2,98,0,2.599,-1.8,-4.399,2.0,12.914,46.17,13.851,2.7,0.0,-250.45,-78.214,-98,1
2025-04-27 11:12:56.801816,d4dd8307-6cf4-43cc-9326-7f02983d9a09,KXHIGHAUS-25APR27-B87.5,45963.198,2,-3.0,89.241,85.2,26,74,0,1.741,-2.3,-4.041,1.8,26.0,41.553,12.466,2.43,0.0,-274.244,-2.203,26,0
2025-04-27 11:12:57.644339,9b7e98a1-2b5a-48ff-8656-407f89f72d98,KXHIGHAUS-25APR27-B89.5,45962.356,3,-1.0,89.294,85.2,57,43,0,-0.206,-4.3,-4.094,1.62,23.4,57.0,11.219,2.187,0.0,-333.845,36.737,57,0
2025-04-27 11:12:57.644794,56d1c510-3081-46ae-973d-e656bc6ec906,KXHIGHAUS-25APR27-B91.5,45962.355,3,1.0,89.501,85.2,19,81,0,-1.999,-6.3,-4.301,1.458,21.06,51.3,19.0,1.968,0.0,-324.008,1.296,19,0
2025-04-27 11:12:57.646155,47e6d8cd-d392-42da-80b4-9c90ae004a74,KXHIGHAUS-25APR27-B87.5,45962.354,3,-3.0,89.369,85.2,25,75,0,1.869,-2.3,-4.169,1.312,25.0,46.17,17.1,1.771,0.0,-307.328,-3.193,25,0
2025-04-27 11:12:57.647701,6dd7dfc3-3448-42e8-817e-308557cfc768,KXHIGHAUS-25APR27-T87,45962.352,3,-3.5,89.345,85.2,2,98,0,2.345,-1.8,-4.145,2.0,22.5,41.553,15.39,1.594,0.0,-269.123,-78.078,-98,1
2025-04-27 11:12:57.652307,b4fe24f2-2f4e-4e59-ae0a-0d1f9f3a4821,KXHIGHAUS-25APR27-B93.5,45962.348,3,3.0,89.431,85.2,3,97,0,-4.069,-8.3,-4.231,1.8,20.25,37.398,13.851,3.0,0.0,-237.114,0.458,3,0
2025-04-27 11:14:07.338882,ac6f510f-10c0-42f3-890b-5577874eb004,KXHIGHAUS-25APR27-B93.5,45892.661,10,3.0,89.506,85.2,4,96,1,-3.994,-8.3,-4.306,1.62,18.225,33.658,12.466,4.0,0.0,-209.031,-1.432,-4,0
2025-04-27 11:14:08.944536,5c8ec0f4-5a2a-420f-acfd-28d92f1c70b6,KXHIGHAUS-25APR27-B91.5,45891.055,1,1.0,89.75,85.2,20,80,1,-1.75,-6.3,-4.55,1.458,16.403,30.292,20.0,3.6,0.0,-214.284,-2.285,-20,0
2025-04-27 11:14:09.023446,e9bd3179-ad43-4d48-9670-04d253e18062,KXHIGHAUS-25APR27-T87,45890.977,1,-3.5,89.721,85.2,2,98,0,2.721,-1.8,-4.521,2.0,14.762,27.263,18.0,3.24,0.0,-187.081,-77.943,-98,1
2025-04-27 11:14:09.024585,04ea086d-5235-4661-8d65-421d7701a1d0,KXHIGHAUS-25APR27-B93.5,45890.975,1,3.0,89.79,85.2,4,96,0,-3.71,-8.3,-4.59,1.8,13.286,24.537,16.2,4.0,0.0,-164.609,1.424,4,0
2025-04-27 11:14:09.026858,231cc620-8134-4209-a9b2-b9dbf3339873,KXHIGHAUS-25APR27-B89.5,45890.973,1,-1.0,89.672,85.2,59,41,0,0.172,-4.3,-4.472,1.62,11.957,59.0,14.58,3.6,0.0,-314.707,38.73,59,0
2025-04-27 11:14:09.039535,d257885a-79cb-4841-9c43-f49932d6b434,KXHIGHAUS-25APR27-B87.5,45890.96,1,-3.0,89.409,85.2,22,78,0,1.909,-2.3,-4.209,1.458,22.0,53.1,13.122,3.24,0.0,-317.064,-6.19,22,0
2025-04-27 11:14:12.010011,474468da-15ed-4b09-b2ae-6b3593cf38ff,KXHIGHAUS-25APR27-B87.5,45887.99,1,-3.0,89.36,85.2,22,78,0,1.86,-2.3,-4.16,1.312,22.0,47.79,11.81,2.916,0.0,-285.433,-6.182,22,0
2025-04-27 11:14:12.077865,13c096c5-562a-400d-ba20-bcfa0d93cee7,KXHIGHAUS-25APR27-B91.5,45887.922,1,1.0,89.569,85.2,19,81,0,-1.931,-6.3,-4.369,1.181,19.8,43.011,19.0,2.624,0.0,-279.573,1.27,19,0
2025-04-27 11:14:12.078251,a04b8873-1dbf-42f7-9b68-4a945c03729e,KXHIGHAUS-25APR27-B89.5,45887.922,1,-1.0,89.555,85.2,59,41,0,0.055,-4.3,-4.355,1.063,17.82,59.0,17.1,2.362,0.0,-342.545,38.673,59,0
2025-04-27 11:14:12.081155,3a989a51-e568-46b1-b77e-543207730227,KXHIGHAUS-25APR27-T87,45887.919,1,-3.5,89.525,85.2,2,98,0,2.525,-1.8,-4.325,2.0,16.038,53.1,15.39,2.126,0.0,-300.489,-77.854,-98,1
2025-04-27 11:14:12.081740,1639c176-f0aa-44ac-94c7-26572d7945e2,KXHIGHAUS-25APR27-B93.5,45887.918,1,3.0,89.626,85.2,4,96,0,-3.874,-8.3,-4.426,1.8,14.434,47.79,13.851,4.0,0.0,-266.337,1.415,4,0
2025-04-27 11:14:24.986315,4ab639c2-48f0-4fcd-b7ea-19e6394180c0,KXHIGHAUS-25APR27-B87.5,45875.014,2,-3.0,89.046,85.2,24,76,1,1.546,-2.3,-3.846,0.957,24.0,25.398,7.361,2.126,0.0,-174.68,4.182,-24,0
2025-04-27 11:14:24.986315,7702c1bc-05f6-4512-abe6-8dc523e545b5,KXHIGHAUS-25APR27-B87.5,45875.014,8,-3.0,89.136,85.2,23,77,1,1.636,-2.3,-3.936,1.063,23.0,28.22,8.179,2.362,0.0,-185.653,5.181,-23,0
2025-04-27 11:14:24.986315,795d9cf3-9580-472a-88dd-68268cf56110,KXHIGHAUS-25APR27-B87.5,45875.014,11,-3.0,89.103,85.2,27,73,1,1.603,-2.3,-3.903,1.181,27.0,31.355,9.088,2.624,0.0,-219.802,1.181,-27,0
2025-04-27 11:14:24.986315,cc15a9b7-1070-4486-a4a8-5598d4f313f6,KXHIGHAUS-25APR27-B87.5,45875.014,5,-3.0,89.249,85.2,26,74,1,1.749,-2.3,-4.049,1.458,26.0,38.71,11.219,3.24,0.0,-257.72,2.181,-26,0
2025-04-27 11:14:24.986315,ff148d9d-f2f5-4003-9aa6-1cd8362e0a8d,KXHIGHAUS-25APR27-B87.5,45875.014,2,-3.0,89.307,85.2,26,74,1,1.807,-2.3,-4.107,1.62,26.0,43.011,12.466,3.6,0.0,-283.339,2.181,-26,0
2025-04-27 11:14:24.986315,93abc195-49b7-4e35-8a03-068b1e4d5087,KXHIGHAUS-25APR27-B87.5,45875.014,3,-3.0,89.211,85.2,25,75,1,1.711,-2.3,-4.011,1.312,25.0,34.839,10.097,2.916,0.0,-231.001,3.181,-25,0
2025-04-27 11:14:25.220939,ef2fea61-fbe8-413c-be44-bdbbedfa9e7c,KXHIGHAUS-25APR27-B93.5,45874.779,3,3.0,89.212,85.2,4,96,0,-4.288,-8.3,-4.012,0.861,21.6,22.858,6.625,4.0,0.0,-155.842,1.337,4,0
2025-04-27 11:14:25.223268,8e229671-3d5b-4dab-b360-6f2868b0424b,KXHIGHAUS-25APR27-B91.5,45874.777,3,1.0,89.683,85.2,19,81,0,-1.817,-6.3,-4.483,0.775,19.44,20.572,19.0,3.6,0.0,-180.251,1.269,19,0
2025-04-27 11:14:25.224350,e57c5779-3fd2-41d9-8bf1-be9cdfc0b6b6,KXHIGHAUS-25APR27-T87,45874.776,3,-3.5,89.623,85.2,2,98,0,2.623,-1.8,-4.423,2.0,17.496,18.515,17.1,3.24,0.0,-157.853,-77.717,-98,1
2025-04-27 11:14:25.224913,fb2e4ba1-39d2-433b-b56a-24453d2a1ed2,KXHIGHAUS-25APR27-B87.5,45874.775,3,-3.0,89.397,85.2,22,78,0,1.897,-2.3,-4.197,1.8,22.0,16.663,15.39,2.916,0.0,-161.131,-6.179,22,0
2025-04-27 11:14:25.235288,257d57a2-e8b0-4080-b3ab-c585f4b60d93,KXHIGHAUS-25APR27-B89.5,45874.765,3,-1.0,89.444,85.2,59,41,0,-0.056,-4.3,-4.244,1.62,19.8,59.0,13.851,2.624,0.0,-339.41,38.666,59,0
2025-04-27 11:14:39.511644,3da75ce8-9fde-4edd-8212-216eb9ec494f,KXHIGHAUS-25APR27-B89.5,45860.488,48,-1.0,89.448,85.2,60,40,1,-0.052,-4.3,-4.248,1.458,17.82,60.0,12.466,2.362,0.0,-331.019,-39.473,-60,0
2025-04-27 11:14:42.355378,04232b30-7d75-45f4-85c5-b57ae8b4a907,KXHIGHAUS-25APR27-B87.5,45857.645,2,-3.0,89.28,85.2,24,76,0,1.78,-2.3,-4.08,1.312,24.0,54.0,11.219,2.126,0.0,-320.762,-4.179,24,0
2025-04-27 11:14:42.358199,598e978b-b8d6-49a8-a744-de4e2f771663,KXHIGHAUS-25APR27-B91.5,45857.642,2,1.0,89.473,85.2,18,82,0,-2.027,-6.3,-4.273,1.181,21.6,48.6,18.0,1.913,0.0,-308.579,0.268,18,0
2025-04-27 11:14:42.358706,6a7353d6-0b9e-4e61-b3e1-921fd03dd791,KXHIGHAUS-25APR27-T87,45857.641,2,-3.5,89.445,85.2,2,98,0,2.445,-1.8,-4.245,2.0,19.44,43.74,16.2,1.722,0.0,-270.385,-77.672,-98,1
2025-04-27 11:14:42.447330,419f8624-92f1-425f-8f9e-78d4f75a2110,KXHIGHAUS-25APR27-B93.5,45857.553,2,3.0,89.573,85.2,4,96,0,-3.927,-8.3,-4.373,1.8,17.496,39.366,14.58,4.0,0.0,-240.333,1.332,4,0
2025-04-27 11:14:42.462907,28da5b4b-1bd9-4fd0-bb65-6674c2bdd299,KXHIGHAUS-25APR27-B89.5,45857.537,2,-1.0,89.555,85.2,59,41,0,0.055,-4.3,-4.355,1.62,15.746,59.0,13.122,3.6,0.0,-323.154,38.173,59,0
2025-04-27 11:14:50.973651,ec4aaf1b-b0be-4a5b-b2b1-0a4863506c45,KXHIGHAUS-25APR27-B87.5,45849.026,50,-3.0,89.359,85.2,23,77,0,1.859,-2.3,-4.159,1.458,23.0,53.1,11.81,3.24,0.0,-316.555,-5.178,23,0
2025-04-27 11:16:05.959238,bcdb7c1f-ceac-459a-a762-958bea6cbf11,KXHIGHAUS-25APR27-B87.5,45774.041,1,-3.0,89.268,85.2,25,75,0,1.768,-2.3,-4.068,1.312,25.0,47.79,10.629,2.916,0.0,-293.866,-3.178,25,0
2025-04-27 11:21:25.888208,98dedf86-af7d-49f1-9220-d94c60df3a30,KXHIGHAUS-25APR27-B89.5,45454.112,1,-1.0,89.309,85.2,60,40,1,-0.191,-4.3,-4.109,1.181,22.5,60.0,9.566,2.624,0.0,-340.045,-37.542,-60,0
2025-04-27 11:21:32.935153,277862a6-80b0-4177-95a9-7d7dc2ab2b6a,KXHIGHAUS-25APR27-B89.5,45447.065,4,-1.0,89.323,85.2,61,39,1,-0.177,-4.3,-4.123,1.063,20.25,61.0,8.609,2.362,0.0,-332.308,-38.425,-61,0
2025-04-27 11:25:35.431920,6f6ac856-ccd3-4857-b9d7-68ee18eef3b5,KXHIGHAUS-25APR27-B87.5,45204.568,8,-3.0,89.151,85.2,27,73,1,1.651,-2.3,-3.951,0.957,27.0,54.9,7.748,2.126,0.0,-326.316,1.17,-27,0
2025-04-27 11:25:35.431920,6327d81b-bedd-49d0-b27d-eb418291c7e1,KXHIGHAUS-25APR27-B87.5,45204.568,2,-3.0,89.118,85.2,26,74,1,1.618,-2.3,-3.918,0.861,26.0,49.41,6.974,1.913,0.0,-292.073,2.171,-26,0
2025-04-27 11:25:35.431920,3d8a5b78-792c-4012-89af-460fcbe04bb3,KXHIGHAUS-25APR27-B87.5,45204.568,2,-3.0,89.065,85.2,26,74,1,1.565,-2.3,-3.865,0.775,26.0,44.469,6.276,1.722,0.0,-265.727,2.175,-26,0
2025-04-27 11:25:35.431920,3b849b74-3cce-44aa-87af-8583a1804c28,KXHIGHAUS-25APR27-B87.5,45204.568,93,-3.0,88.989,85.2,27,73,1,1.489,-2.3,-3.789,0.697,27.0,40.022,5.649,1.55,0.0,-246.854,1.177,-27,0
2025-04-27 11:34:23.734756,dbd018c6-ba75-4b14-be53-7a77f71c92b9,KXHIGHAUS-25APR27-B87.5,44676.265,2,-3.0,89.091,85.2,20,80,0,1.591,-2.3,-3.891,0.628,20.0,36.02,5.084,1.395,0.0,-197.451,-8.128,20,0
2025-04-27 11:34:23.734756,b99a340f-e01b-438e-b9f0-1826fef1578e,KXHIGHAUS-25APR27-B87.5,44676.265,2,-3.0,88.962,85.2,23,77,0,1.462,-2.3,-3.762,0.565,23.0,32.418,4.575,1.255,0.0,-191.809,-5.13,23,0
2025-04-27 11:34:23.734756,5e407db5-bfb2-4214-98cf-4a1392db84b1,KXHIGHAUS-25APR27-B87.5,44676.265,3,-3.0,88.88,85.2,24,76,0,1.38,-2.3,-3.68,0.508,24.0,29.176,4.118,1.13,0.0,-180.316,-4.133,24,0
2025-04-27 11:34:23.734756,4df03767-c2f6-4579-a9f0-e82f53c04b5b,KXHIGHAUS-25APR27-B87.5,44676.265,5,-3.0,88.896,85.2,21,79,0,1.396,-2.3,-3.696,0.458,21.0,26.258,3.706,1.017,0.0,-154.261,-7.14,21,0
2025-04-27 11:34:23.734756,24a4fe67-1037-4a8a-9396-ccbd9ff9ca23,KXHIGHAUS-25APR27-B87.5,44676.265,18,-3.0,88.81,85.2,22,78,0,1.31,-2.3,-3.61,0.412,22.0,23.633,3.335,0.915,0.0,-146.316,-6.162,22,0
2025-04-27 11:34:23.734756,1db39902-b210-40c0-81ee-8f5af3029e77,KXHIGHAUS-25APR27-B87.5,44676.265,3,-3.0,88.749,85.2,22,78,0,1.249,-2.3,-3.549,0.371,22.0,21.269,3.002,0.824,0.0,-135.801,-6.166,22,0
2025-04-27 11:34:23.734756,0dc47aec-823c-465d-8c26-88a718c2d4eb,KXHIGHAUS-25APR27-B87.5,44676.265,2,-3.0,88.614,85.2,25,75,0,1.114,-2.3,-3.414,0.334,25.0,19.142,2.702,0.741,0.0,-139.076,-3.167,25,0
2025-04-27 11:36:53.027740,09726ad6-8eb5-4bb9-8ba7-ccb72bad7f04,KXHIGHAUS-25APR27-T87,44526.972,309,-3.5,88.519,85.2,3,97,1,1.519,-1.8,-3.319,3.0,22.5,17.228,2.432,0.667,0.0,-124.281,76.446,97,1
2025-04-27 11:39:21.521416,ea8c0589-3d1a-42a5-9886-f435d82fd6c4,KXHIGHAUS-25APR27-B87.5,44378.479,2,-3.0,88.455,85.2,23,77,1,0.955,-2.3,-3.255,2.7,23.0,15.505,2.188,0.6,0.0,-118.709,5.125,-23,0
2025-04-27 11:42:21.450947,4b16b1ea-3056-4db5-8e45-0085381af2e1,KXHIGHAUS-25APR27-B87.5,44198.549,2,-3.0,88.382,85.2,24,76,1,0.882,-2.3,-3.182,2.43,24.0,13.955,1.97,0.54,0.0,-116.216,4.104,-24,0
2025-04-27 11:42:21.643273,b7a0a068-4b6b-46b5-a046-915fb7a47593,KXHIGHAUS-25APR27-B91.5,44198.357,1,1.0,89.304,85.2,18,82,0,-2.196,-6.3,-4.104,2.187,21.6,12.559,18.0,0.486,0.0,-151.539,0.267,18,0
2025-04-27 11:42:21.754710,d5517d05-936c-4f92-944d-31418a600846,KXHIGHAUS-25APR27-B91.5,44198.245,4,1.0,89.339,85.2,17,83,0,-2.161,-6.3,-4.139,1.968,19.44,11.303,17.0,0.438,0.0,-134.233,-0.736,17,0
2025-04-27 11:42:21.755850,54e2ba5e-f868-49b5-af7f-38ae4953d16b,KXHIGHAUS-25APR27-B87.5,44198.244,4,-3.0,89.108,85.2,24,76,0,1.608,-2.3,-3.908,1.771,24.0,10.173,15.3,0.394,0.0,-142.254,-4.103,24,0
2025-04-27 11:42:21.797172,2637d9b8-e99a-47be-a97c-bbe3be8399ea,KXHIGHAUS-25APR27-B93.5,44198.203,4,3.0,89.427,85.2,4,96,0,-4.073,-8.3,-4.227,1.594,21.6,9.156,13.77,4.0,0.0,-129.045,1.328,4,0
2025-04-27 11:42:21.797480,58903aa0-e368-49ff-9c3a-2bfd7439c2a7,KXHIGHAUS-25APR27-B89.5,44198.203,4,-1.0,89.465,85.2,58,42,0,-0.035,-4.3,-4.265,1.435,19.44,58.0,12.393,3.6,0.0,-329.515,35.303,58,0
2025-04-27 11:42:21.798134,a5f5d230-69ef-4465-b54a-81acdc02455d,KXHIGHAUS-25APR27-T87,44198.202,4,-3.5,89.417,85.2,3,97,0,2.417,-1.8,-4.217,3.0,17.496,52.2,11.154,3.24,0.0,-290.533,-76.357,-97,1
2025-04-27 11:45:36.222322,8a4e6f65-a65f-491b-ba31-4ff4bd5d2c93,KXHIGHAUS-25APR27-B87.5,44003.778,3,-3.0,89.215,85.2,25,75,1,1.715,-2.3,-4.015,2.7,25.0,46.98,10.038,2.916,0.0,-290.287,3.1,-25,0
2025-04-27 11:45:36.222322,76aff0a9-d4ed-4a2f-a49f-42441058156b,KXHIGHAUS-25APR27-B87.5,44003.778,2,-3.0,89.142,85.2,26,74,1,1.642,-2.3,-3.942,2.43,26.0,42.282,9.034,2.624,0.0,-267.605,2.102,-26,0
2025-04-27 11:45:36.307550,20860686-1d26-46d0-80b9-bd5a25780d41,KXHIGHAUS-25APR27-B87.5,44003.692,2,-3.0,89.086,85.2,26,74,0,1.586,-2.3,-3.886,2.187,26.0,38.054,8.131,2.362,0.0,-243.97,-2.1,26,0
2025-04-27 11:45:36.345089,a969ab34-ec7f-43c2-95bd-76d40f8bf950,KXHIGHAUS-25APR27-B93.5,44003.655,2,3.0,89.203,85.2,4,96,0,-4.297,-8.3,-4.003,1.968,23.4,34.248,7.318,4.0,0.0,-216.239,1.303,4,0
2025-04-27 11:45:36.345383,140b140d-0fc7-4fd7-8895-5e1281fa8ff8,KXHIGHAUS-25APR27-B89.5,44003.655,2,-1.0,89.292,85.2,58,42,0,-0.208,-4.3,-4.092,1.771,21.06,58.0,6.586,3.6,0.0,-317.722,35.001,58,0
2025-04-27 11:45:36.345554,58c7d141-af49-4ff8-9ce3-84152ca717eb,KXHIGHAUS-25APR27-T87,44003.654,2,-3.5,89.253,85.2,3,97,0,2.253,-1.8,-4.053,3.0,18.954,52.2,5.928,3.24,0.0,-279.872,-76.184,-97,1
2025-04-27 11:45:36.345828,317438b2-efbf-4b3a-a516-3fb71eaa042f,KXHIGHAUS-25APR27-B91.5,44003.654,2,1.0,89.533,85.2,16,84,0,-1.967,-6.3,-4.333,2.7,17.059,46.98,16.0,2.916,0.0,-279.413,-1.737,16,0
2025-04-27 11:45:36.453010,91a9f9c5-ad0a-42c2-adae-0bcad6e3551b,KXHIGHAUS-25APR27-B91.5,44003.547,3,1.0,89.573,85.2,16,84,0,-1.927,-6.3,-4.373,2.43,15.353,42.282,16.0,2.624,0.0,-249.303,-1.739,16,0
2025-04-27 11:48:19.211746,bcebe55a-02a4-46bf-ad09-94ccd96df64c,KXHIGHAUS-25APR27-B91.5,43840.788,5,1.0,89.604,85.2,14,86,0,-1.896,-6.3,-4.404,1.968,12.436,34.248,14.0,2.126,0.0,-192.25,-3.741,14,0
2025-04-27 11:48:19.211746,ff036895-dbb8-41dd-b55c-8f888c0dc352,KXHIGHAUS-25APR27-B91.5,43840.788,5,1.0,89.589,85.2,15,85,0,-1.911,-6.3,-4.389,2.187,13.817,38.054,15.0,2.362,0.0,-219.124,-2.744,15,0
2025-04-27 11:48:19.301926,7a99e0e9-e0f7-40fa-9a45-1b09f736657a,KXHIGHAUS-25APR27-B87.5,43840.698,3,-3.0,89.155,85.2,27,73,1,1.655,-2.3,-3.955,1.771,27.0,30.824,12.6,1.913,0.0,-228.838,1.05,-27,0
2025-04-27 11:48:19.398851,0b7c72e3-5c97-4a81-86b5-3eff625b1b7f,KXHIGHAUS-25APR27-B93.5,43840.601,6,3.0,89.298,85.2,4,96,0,-4.202,-8.3,-4.098,1.594,24.3,27.741,11.34,4.0,0.0,-203.537,1.32,4,0
2025-04-27 11:48:19.399292,f58e94a0-05e8-4a42-992b-3e50a2ce7c37,KXHIGHAUS-25APR27-B89.5,43840.601,6,-1.0,89.367,85.2,57,43,0,-0.133,-4.3,-4.167,1.435,21.87,57.0,10.206,3.6,0.0,-326.763,33.74,57,0
2025-04-27 11:48:19.400325,c1c28777-4128-4daa-b518-180f8eecd0c4,KXHIGHAUS-25APR27-B87.5,43840.6,6,-3.0,89.2,85.2,28,72,0,1.7,-2.3,-4.0,1.291,28.0,51.3,9.185,3.24,0.0,-319.814,-0.048,28,0
2025-04-27 11:48:19.435207,729ab81d-4d22-49aa-8c64-9a38af42e7fb,KXHIGHAUS-25APR27-T87,43840.565,6,-3.5,89.153,85.2,3,97,0,2.153,-1.8,-3.953,3.0,25.2,46.17,8.267,2.916,0.0,-282.133,-76.151,-97,1
2025-04-27 11:48:19.435381,2ba25cf8-d227-4e8d-822b-edfe5a88ddff,KXHIGHAUS-25APR27-B91.5,43840.565,6,1.0,89.311,85.2,13,87,0,-2.189,-6.3,-4.111,2.7,22.68,41.553,13.0,2.624,0.0,-264.22,-4.748,13,0
2025-04-27 11:48:30.758451,f8184bb9-3625-4c71-9227-ba408203195b,KXHIGHAUS-25APR27-B93.5,43829.242,27,3.0,89.401,85.2,4,96,0,-4.099,-8.3,-4.201,2.43,20.412,37.398,11.7,4.0,0.0,-233.485,1.337,4,0
2025-04-27 11:51:53.343831,6a3303d2-1a3b-4c4c-b9b6-106e9a0fda3a,KXHIGHAUS-25APR27-B87.5,43626.656,53,-3.0,89.166,85.2,28,72,0,1.666,-2.3,-3.966,2.187,28.0,33.658,10.53,3.6,0.0,-242.764,-0.045,28,0
2025-04-27 11:51:56.273327,e66232c0-2675-402a-9afe-bbf5f181d5b6,KXHIGHAUS-25APR27-B87.5,43623.727,2,-3.0,89.081,85.2,29,71,1,1.581,-2.3,-3.881,1.968,29.0,30.292,9.477,3.24,0.0,-227.429,-0.965,-29,0
2025-04-27 11:51:56.273327,85d9c9e4-0fd4-4af9-a35e-c7abf0abecfb,KXHIGHAUS-25APR27-B87.5,43623.727,1,-3.0,89.037,85.2,28,72,1,1.537,-2.3,-3.837,1.771,28.0,27.263,8.529,2.916,0.0,-205.836,0.043,-28,0
2025-04-27 11:54:25.723273,9f8e2da9-ad6b-44d7-9b91-f2ed7b716352,KXHIGHAUS-25APR27-B87.5,43474.277,5,-3.0,88.97,85.2,28,72,1,1.47,-2.3,-3.77,1.594,28.0,24.537,7.676,2.624,0.0,-190.744,0.031,-28,0
2025-04-27 11:54:25.723273,8a3c8352-7688-4e23-980d-7ce9a1d00237,KXHIGHAUS-25APR27-B87.5,43474.277,2,-3.0,88.902,85.2,28,72,1,1.402,-2.3,-3.702,1.435,28.0,22.083,6.909,2.362,0.0,-177.546,0.033,-28,0
2025-04-27 11:55:39.945701,c75e89ec-6bc2-4bb3-b902-f23e2d0ffeec,KXHIGHAUS-25APR27-B91.5,43400.054,1,1.0,89.189,85.2,13,87,0,-2.311,-6.3,-3.989,1.291,25.2,19.875,13.0,2.126,0.0,-176.008,-4.757,13,0
2025-04-27 11:58:16.145589,a6e9291d-f61a-4f80-9b06-4ad84a1baef3,KXHIGHAUS-25APR27-B89.5,43243.854,44,-1.0,89.32,85.2,58,42,1,-0.18,-4.3,-4.12,1.162,22.68,58.0,11.7,1.913,0.0,-336.494,-34.706,-58,0
2025-04-27 12:00:26.987812,175b6bcc-4d4b-4b10-9c47-22b58b7ee853,KXHIGHAUS-25APR27-B89.5,43113.012,240,-1.0,89.366,85.2,60,40,1,-0.134,-4.3,-4.166,0.763,14.88,60.0,7.676,1.255,0.0,-301.562,-36.694,-60,0
2025-04-27 12:00:26.987812,5b42930c-a9f4-41f0-81fb-37fc0e4222e5,KXHIGHAUS-25APR27-B89.5,43113.012,18,-1.0,89.356,85.2,60,40,1,-0.144,-4.3,-4.156,0.847,16.534,60.0,8.529,1.395,0.0,-310.651,-36.67,-60,0
2025-04-27 12:00:26.987812,cfe39d3f-2bad-48fa-b2f2-4c49bce00a8c,KXHIGHAUS-25APR27-B89.5,43113.012,50,-1.0,89.331,85.2,58,42,1,-0.169,-4.3,-4.131,1.046,20.412,58.0,10.53,1.722,0.0,-322.844,-34.639,-58,0
2025-04-27 12:00:26.987812,c0f8da4d-567c-4645-8d8a-9005415f5b75,KXHIGHAUS-25APR27-B89.5,43113.012,20,-1.0,89.342,85.2,58,42,1,-0.158,-4.3,-4.142,0.941,18.371,58.0,9.477,1.55,0.0,-310.913,-34.645,-58,0
2025-04-27 12:00:30.622193,f9be61f7-7e8e-48e6-8866-d974fa006ccd,KXHIGHAUS-25APR27-B87.5,43109.378,11,-3.0,89.066,85.2,28,72,1,1.566,-2.3,-3.866,0.686,28.0,54.0,6.909,1.13,0.0,-321.939,0.029,-28,0
2025-04-27 12:00:51.277973,04f629c7-8f05-4277-a05b-f70ae44005f9,KXHIGHAUS-25APR27-T87,43088.722,200,-3.5,89.007,85.2,3,97,0,2.007,-1.8,-3.807,3.0,25.2,48.6,6.218,1.017,0.0,-284.736,-75.941,-97,1
2025-04-27 12:00:53.667930,a36b6908-d69b-4114-b338-9a1d6e8706ed,KXHIGHAUS-25APR27-B89.5,43086.332,42,-1.0,89.095,85.2,60,40,1,-0.405,-4.3,-3.895,2.7,22.68,60.0,5.596,0.915,0.0,-328.693,-36.332,-60,0
2025-04-27 12:00:53.667930,779a445a-de7d-45e0-8e5d-0c0d4d648876,KXHIGHAUS-25APR27-B89.5,43086.332,28,-1.0,89.113,85.2,58,42,1,-0.387,-4.3,-3.913,2.43,20.412,58.0,5.036,0.824,0.0,-307.211,-34.627,-58,0
2025-04-27 12:04:24.806113,42d05722-27b0-4879-ab67-a9f98f8058a3,KXHIGHAUS-25APR27-B87.5,42875.194,1,-3.0,88.953,85.2,27,73,0,1.453,-2.3,-3.753,2.187,27.0,52.2,4.533,0.741,0.0,-303.783,-1.027,27,0
2025-04-27 12:04:24.806113,2cef409f-f946-4ac0-841e-74e95a187c60,KXHIGHAUS-25APR27-B87.5,42875.194,33,-3.0,88.904,85.2,27,73,0,1.404,-2.3,-3.704,1.968,27.0,46.98,4.08,0.667,0.0,-276.646,-1.028,27,0
2025-04-27 12:07:48.323996,ace037cf-4ba9-431b-8927-6889a94f2f19,KXHIGHAUS-25APR27-B89.5,42671.676,1,-1.0,89.016,85.2,59,41,1,-0.484,-4.3,-3.816,1.771,24.3,59.0,3.672,0.6,0.0,-323.585,-35.314,-59,0
2025-04-27 12:08:09.913846,3a4a31f0-8200-4a66-99a2-4dd622d14879,KXHIGHAUS-25APR27-B91.5,42650.086,3,1.0,89.383,85.2,14,86,1,-2.117,-6.3,-4.183,1.291,17.715,43.011,14.0,0.438,0.0,-249.618,3.778,-14,0
2025-04-27 12:08:09.913846,cc4218a3-2fc9-4276-b2d8-f5539eb35045,KXHIGHAUS-25APR27-B91.5,42650.086,93,1.0,89.307,85.2,14,86,1,-2.193,-6.3,-4.107,1.594,21.87,53.1,14.0,0.54,0.0,-315.752,3.937,-14,0
2025-04-27 12:08:09.913846,43d12081-cc83-42a0-a524-f282e0004a6b,KXHIGHAUS-25APR27-B91.5,42650.086,9,1.0,89.344,85.2,14,86,1,-2.156,-6.3,-4.144,1.435,19.683,47.79,14.0,0.486,0.0,-280.56,3.93,-14,0
2025-04-27 12:08:44.610116,b00a0b92-dacc-4323-9d0a-3ab18e2a0998,KXHIGHAUS-25APR27-B89.5,42615.39,8,-1.0,89.41,85.2,59,41,1,-0.09,-4.3,-4.21,1.162,15.943,59.0,12.6,0.394,0.0,-316.454,-35.308,-59,0
2025-04-27 12:22:01.566014,d2038c32-add0-492d-ba78-ac7c42be67ae,KXHIGHAUS-25APR27-B91.5,41818.434,21,1.0,89.514,85.2,14,86,1,-1.986,-6.3,-4.314,0.941,12.914,47.79,14.0,0.319,0.0,-254.359,3.94,-14,0
2025-04-27 12:22:01.566014,e7812d07-e045-4ae9-91a8-04ad4da06c8b,KXHIGHAUS-25APR27-B91.5,41818.434,21,1.0,89.477,85.2,14,86,1,-2.023,-6.3,-4.277,1.046,14.349,53.1,14.0,0.355,0.0,-285.77,3.943,-14,0
2025-04-27 12:24:57.341276,f333f358-cc0d-40fa-95fa-614d638c733b,KXHIGHAUS-25APR27-B91.5,41642.659,1,1.0,89.526,85.2,13,87,0,-1.974,-6.3,-4.326,0.847,11.623,43.011,13.0,0.287,0.0,-223.139,-4.949,13,0
2025-04-27 12:36:42.950969,10aaeab6-f4e1-4591-985f-3d8a741c476c,KXHIGHAUS-25APR27-B91.5,40937.049,1,1.0,90.339,85.2,14,86,1,-1.161,-6.3,-5.139,0.194,2.659,9.84,14.0,0.066,0.0,-61.547,3.975,-14,0
2025-04-27 12:36:42.950969,2ad300d0-3241-4dd8-8b05-d87d0ac0ad1d,KXHIGHAUS-25APR27-B91.5,40937.049,24,1.0,90.784,85.2,34,66,1,-0.716,-6.3,-5.584,0.215,2.954,10.933,34.0,0.073,0.0,-148.724,-16.02,-34,0
2025-04-27 12:36:42.950969,4cd423be-978f-47b7-adb9-281faabda987,KXHIGHAUS-25APR27-B91.5,40937.049,13,1.0,91.125,85.2,96,4,1,-0.375,-6.3,-5.925,0.266,3.647,13.497,96.0,0.09,0.0,-477.455,-78.014,-96,0
2025-04-27 12:36:42.950969,4fa96b8c-23b7-4764-a2c2-acde8f1ace1a,KXHIGHAUS-25APR27-B91.5,40937.049,50,1.0,91.042,85.2,84,16,1,-0.458,-6.3,-5.842,0.295,4.053,14.997,84.0,0.1,0.0,-417.879,-66.013,-84,0
2025-04-27 12:36:42.950969,52135af6-50d0-4a35-9db0-f1f40820ea2c,KXHIGHAUS-25APR27-B91.5,40937.049,40,1.0,90.587,85.2,36,64,1,-0.913,-6.3,-5.387,0.328,4.503,16.663,36.0,0.111,0.0,-182.05,-18.011,-36,0
2025-04-27 12:36:42.950969,5f6b472e-07cb-4be5-afa0-4efbffb6467b,KXHIGHAUS-25APR27-B91.5,40937.049,39,1.0,90.628,85.2,43,57,1,-0.872,-6.3,-5.428,0.365,5.003,18.515,43.0,0.124,0.0,-223.198,-25.009,-43,0
2025-04-27 12:36:42.950969,41528b8f-2ea8-4c2d-9f50-0aae9a0e306b,KXHIGHAUS-25APR27-B91.5,40937.049,240,1.0,90.364,85.2,18,82,1,-1.136,-6.3,-5.164,0.239,3.283,12.148,18.0,0.081,0.0,-85.717,-0.018,-18,0
2025-04-27 12:36:42.950969,6912b454-1fff-492e-8f61-3e0c16c94527,KXHIGHAUS-25APR27-B91.5,40937.049,45,1.0,90.464,85.2,40,60,1,-1.036,-6.3,-5.264,0.45,6.177,22.858,40.0,0.153,0.0,-229.684,-22.008,-40,0
2025-04-27 12:36:42.950969,94d7024e-6f61-4a03-8566-c92fd343dd34,KXHIGHAUS-25APR27-B91.5,40937.049,19,1.0,89.792,85.2,14,86,1,-1.708,-6.3,-4.592,0.5,6.863,25.398,14.0,0.17,0.0,-131.671,3.991,-14,0
2025-04-27 12:36:42.950969,b7ff4af8-c11f-49da-bfb7-a1b4dd55f7b7,KXHIGHAUS-25APR27-B91.5,40937.049,100,1.0,90.702,85.2,75,25,1,-0.798,-6.3,-5.502,0.556,7.626,28.22,75.0,0.188,0.0,-432.916,-57.026,-75,0
2025-04-27 12:36:42.950969,bdc0848c-f9b8-4ee5-b77f-184a1c84e5f9,KXHIGHAUS-25APR27-B91.5,40937.049,240,1.0,89.753,85.2,16,84,1,-1.747,-6.3,-4.553,0.618,8.473,31.355,16.0,0.209,0.0,-169.872,1.973,-16,0
2025-04-27 12:36:42.950969,689f34d5-0e59-4958-82c3-e1e17e102422,KXHIGHAUS-25APR27-B91.5,40937.049,8,1.0,89.904,85.2,14,86,1,-1.596,-6.3,-4.704,0.405,5.559,20.572,14.0,0.137,0.0,-108.053,3.991,-14,0
2025-04-27 12:36:42.950969,c85627de-7c3c-40ae-a6e5-c81fda8b4afe,KXHIGHAUS-25APR27-B91.5,40937.049,49,1.0,89.702,85.2,16,84,1,-1.798,-6.3,-4.502,0.686,9.414,34.839,16.0,0.233,0.0,-188.577,1.974,-16,0
2025-04-27 12:36:42.950969,ef2a5183-fdd7-48d4-a69e-62e647772057,KXHIGHAUS-25APR27-B91.5,40937.049,1,1.0,89.597,85.2,14,86,1,-1.903,-6.3,-4.397,0.763,10.46,38.71,14.0,0.258,0.0,-202.474,3.974,-14,0
2025-04-27 12:36:49.030563,c6696a2e-91a1-44a1-9e02-85c32acf1722,KXHIGHAUS-25APR27-B89.5,40930.969,1,-1.0,89.776,85.2,58,42,0,0.276,-4.3,-4.576,0.174,2.393,58.0,12.6,0.059,0.0,-269.046,34.285,58,0
2025-04-27 12:36:49.030563,6cf1954f-dcb9-49aa-86d5-d0c3c1513275,KXHIGHAUS-25APR27-B89.5,40930.969,3,-1.0,89.757,85.2,57,43,0,0.257,-4.3,-4.557,0.157,2.154,57.0,11.34,0.053,0.0,-259.197,33.302,57,0
2025-04-27 12:37:27.173204,8366077c-04d2-4d20-9aeb-96ec95ea8460,KXHIGHAUS-25APR27-B89.5,40892.827,2,-1.0,89.74,85.2,56,44,0,0.24,-4.3,-4.54,0.141,1.938,56.0,10.206,0.048,0.0,-249.989,32.274,56,0
2025-04-27 12:39:27.710262,22f77fdd-490a-41f1-bea3-1d943b31bb1a,KXHIGHAUS-25APR27-T87,40772.29,31,-3.5,89.617,85.2,3,97,0,2.617,-1.8,-4.417,3.0,1.744,50.4,9.185,0.043,0.0,-222.068,-75.689,-97,1
2025-04-27 12:39:39.796298,b59e892d-d577-43c1-b09e-03a83d5c581f,KXHIGHAUS-25APR27-T87,40760.204,119,-3.5,89.56,85.2,4,96,1,2.56,-1.8,-4.36,4.0,1.57,45.36,8.267,0.039,0.0,-196.621,73.869,96,1
2025-04-27 12:39:39.796298,98c37074-3cf6-4181-bc78-222e9d68166e,KXHIGHAUS-25APR27-T87,40760.204,50,-3.5,89.541,85.2,4,96,1,2.541,-1.8,-4.341,4.0,1.413,40.824,7.44,0.035,0.0,-172.275,73.913,96,1
2025-04-27 12:39:39.796298,1ef8e65e-2894-4b79-a53c-44ef07d05ae8,KXHIGHAUS-25APR27-T87,40760.204,64,-3.5,89.52,85.2,4,96,1,2.52,-1.8,-4.32,4.0,1.272,36.742,6.696,0.031,0.0,-150.889,74.494,96,1
2025-04-27 12:39:40.309201,d232f52b-29a0-4a14-b15c-eb40bb6de24b,KXHIGHAUS-25APR27-B93.5,40759.691,4,3.0,89.85,85.2,4,96,1,-3.65,-8.3,-4.65,3.6,1.145,33.067,6.027,4.0,0.0,-136.824,-1.392,-4,0
2025-04-27 12:39:42.595863,866374dd-bcdc-41ca-8762-fa822fc2038c,KXHIGHAUS-25APR27-B91.5,40757.404,11,1.0,90.124,85.2,14,86,0,-1.376,-6.3,-4.924,3.24,1.03,29.761,14.0,3.6,0.0,-146.381,-3.974,14,0
2025-04-27 12:39:42.976089,f40d9e58-18bd-462f-817c-8130437f79e7,KXHIGHAUS-25APR27-B89.5,40757.024,2,-1.0,89.889,85.2,55,45,0,0.389,-4.3,-4.689,2.916,0.927,55.0,12.6,3.24,0.0,-259.187,31.269,55,0
2025-04-27 12:40:46.304811,b9b31cc6-c8c4-498f-8da7-1910486a2ce3,KXHIGHAUS-25APR27-B87.5,40693.695,11,-3.0,89.219,85.2,27,73,1,1.719,-2.3,-4.019,2.624,27.0,49.5,11.34,2.916,0.0,-315.325,1.024,-27,0
2025-04-27 12:40:46.304811,104cbfcd-9d22-48a1-aa3a-c4e4522a1bc8,KXHIGHAUS-25APR27-B87.5,40693.695,40,-3.0,89.166,85.2,27,73,1,1.666,-2.3,-3.966,2.362,27.0,44.55,10.206,2.624,0.0,-286.397,1.026,-27,0
2025-04-27 12:46:16.946891,1e2d3425-8d2b-47ce-b436-02c1d120938d,KXHIGHAUS-25APR27-B91.5,40363.053,31,1.0,89.693,85.2,17,83,1,-1.807,-6.3,-4.493,1.13,12.914,21.308,17.0,1.255,0.0,-146.809,0.971,-17,0
2025-04-27 12:46:16.946891,16a46051-2084-4984-a74d-5f469981976c,KXHIGHAUS-25APR27-B91.5,40363.053,6,1.0,89.682,85.2,15,85,1,-1.818,-6.3,-4.482,1.017,11.623,19.177,15.0,1.13,0.0,-125.93,2.973,-15,0
2025-04-27 12:46:16.946891,44fa0b99-a022-4522-82bd-a18c6b542611,KXHIGHAUS-25APR27-B91.5,40363.053,10,1.0,89.578,85.2,17,83,1,-1.922,-6.3,-4.378,1.395,15.943,26.306,17.0,1.55,0.0,-179.472,0.971,-17,0
2025-04-27 12:46:16.946891,4436b760-241a-4748-b289-cdd8517471c1,KXHIGHAUS-25APR27-B91.5,40363.053,147,1.0,89.755,85.2,21,79,1,-1.745,-6.3,-4.555,1.255,14.349,23.676,21.0,1.395,0.0,-177.826,-3.029,-21,0
2025-04-27 12:46:16.946891,a39f86ad-996c-4ad7-a353-e254484726a1,KXHIGHAUS-25APR27-B91.5,40363.053,5,1.0,89.444,85.2,16,84,1,-2.056,-6.3,-4.244,1.722,19.683,32.477,16.0,1.913,0.0,-218.226,1.971,-16,0
2025-04-27 12:46:16.946891,531d2685-4525-4e8b-a602-6a0ea720c6e8,KXHIGHAUS-25APR27-B91.5,40363.053,50,1.0,89.524,85.2,17,83,1,-1.976,-6.3,-4.324,1.55,17.715,29.229,17.0,1.722,0.0,-199.352,0.971,-17,0
2025-04-27 12:46:16.946891,b32846ef-ab44-4514-bab6-4184983c9418,KXHIGHAUS-25APR27-B91.5,40363.053,240,1.0,89.475,85.2,19,81,1,-2.025,-6.3,-4.275,1.913,21.87,36.086,19.0,2.126,0.0,-255.659,-1.027,-19,0
2025-04-27 12:46:16.946891,ee23f7a4-2e69-4bf1-a3b9-3c46e43cbcfc,KXHIGHAUS-25APR27-B91.5,40363.053,5,1.0,89.378,85.2,17,83,1,-2.122,-6.3,-4.178,2.126,24.3,40.095,17.0,2.362,0.0,-277.327,0.973,-17,0
2025-04-27 12:46:24.447093,dec88ac3-b247-4281-9094-ed29e239115c,KXHIGHAUS-25APR27-B89.5,40355.553,2,-1.0,89.598,85.2,54,46,0,0.098,-4.3,-4.398,0.915,10.46,54.0,13.5,1.017,0.0,-275.034,30.263,54,0
2025-04-27 12:49:41.000419,13856ed4-5a02-4b2b-8d73-4b977a10bdfb,KXHIGHAUS-25APR27-B91.5,40159.0,40,1.0,89.719,85.2,17,83,0,-1.781,-6.3,-4.519,0.824,9.414,48.6,17.0,0.915,0.0,-257.777,-0.975,17,0
2025-04-27 12:50:07.007541,1f99fceb-98a0-493b-bbd0-7e72c92909b2,KXHIGHAUS-25APR27-B93.5,40132.992,40,3.0,89.885,85.2,4,96,0,-3.615,-8.3,-4.685,0.741,8.473,43.74,15.3,4.0,0.0,-230.426,1.381,4,0
2025-04-27 12:56:14.784449,5b52d8f8-1b92-4aac-96d3-86d4a392ab68,KXHIGHAUS-25APR27-T87,39765.216,8,-3.5,89.744,85.2,4,96,0,2.744,-1.8,-4.544,4.0,7.626,39.366,13.77,3.6,0.0,-206.347,-73.808,-96,1
2025-04-27 12:56:23.011773,07e6e791-bd3e-4003-b9f1-694aca7127d7,KXHIGHAUS-25APR27-B89.5,39756.988,3,-1.0,89.69,85.2,53,47,0,0.19,-4.3,-4.49,3.6,6.863,53.0,12.393,3.24,0.0,-263.26,29.246,53,0
2025-04-27 12:56:24.506356,f72be100-790f-4d96-8052-fff16182bfb8,KXHIGHAUS-25APR27-B87.5,39755.494,1,-3.0,89.213,85.2,26,74,0,1.713,-2.3,-4.013,3.24,26.0,47.7,11.154,2.916,0.0,-302.898,-2.023,26,0
2025-04-27 12:57:25.035570,657c6eec-ccce-4b4d-a61d-acbc517ef14b,KXHIGHAUS-25APR27-B89.5,39694.964,2,-1.0,89.242,85.2,52,48,1,-0.258,-4.3,-4.042,2.916,23.4,52.0,10.038,2.624,0.0,-308.044,-28.235,-52,0
2025-04-27 12:58:37.131252,cbc02ff7-dfeb-4c0f-814b-ddb8dfc006a1,KXHIGHAUS-25APR27-B91.5,39622.869,4,1.0,89.419,85.2,16,84,0,-2.081,-6.3,-4.219,2.624,21.06,46.8,16.0,2.362,0.0,-293.089,-1.976,16,0
2025-04-27 12:58:49.852506,cb0767d0-dd2c-49ec-b2fc-365bc6c09873,KXHIGHAUS-25APR27-T87,39610.147,50,-3.5,89.37,85.2,4,96,0,2.37,-1.8,-4.17,4.0,18.954,42.12,14.4,2.126,0.0,-258.87,-72.599,-96,1
2025-04-27 12:58:49.852506,844d8e05-1c52-4b3c-981d-ad0cb0e86fa3,KXHIGHAUS-25APR27-T87,39610.147,58,-3.5,89.39,85.2,3,97,0,2.39,-1.8,-4.19,3.0,17.059,37.908,12.96,1.913,0.0,-223.93,-74.061,-97,1
2025-04-27 12:58:49.852506,7af84a4a-f0aa-4447-b78c-9fd3cf1a0a60,KXHIGHAUS-25APR27-T87,39610.147,48,-3.5,89.379,85.2,3,97,0,2.379,-1.8,-4.179,3.0,15.353,34.117,11.664,1.722,0.0,-195.244,-74.431,-97,1
2025-04-27 12:59:09.649689,10c75871-fc40-4fb6-9793-661cec862caa,KXHIGHAUS-25APR27-B87.5,39590.35,11,-3.0,88.892,85.2,28,72,1,1.392,-2.3,-3.692,2.187,28.0,24.871,8.503,1.255,0.0,-193.428,0.023,-28,0
2025-04-27 12:59:09.649689,de19647a-f629-492c-97e7-5d4d11cd41b7,KXHIGHAUS-25APR27-B87.5,39590.35,7,-3.0,89.037,85.2,27,73,1,1.537,-2.3,-3.837,2.7,27.0,30.705,10.498,1.55,0.0,-222.179,1.021,-27,0
2025-04-27 12:59:09.649689,8f5dd3a1-8b03-41ab-b6fc-a5950c40284e,KXHIGHAUS-25APR27-B87.5,39590.35,81,-3.0,88.934,85.2,29,71,1,1.434,-2.3,-3.734,2.43,29.0,27.635,9.448,1.395,0.0,-213.214,-0.978,-29,0
2025-04-27 13:08:53.948265,c1c48b7a-a848-4e38-8acd-10148da5d294,KXHIGHAUS-25APR27-B91.5,39006.052,4,1.0,89.072,85.2,12,88,0,-2.428,-6.3,-3.872,1.968,25.2,22.384,12.0,1.13,0.0,-182.184,-5.991,12,0
2025-04-27 13:08:53.948265,759f26cd-910d-4374-85b8-d5000e6af0cb,KXHIGHAUS-25APR27-B91.5,39006.052,150,1.0,89.123,85.2,12,88,0,-2.377,-6.3,-3.923,1.771,22.68,20.146,12.0,1.017,0.0,-162.142,-5.987,12,0
2025-04-27 13:08:53.948265,1434133b-a243-486c-81e4-7bf65100d9ca,KXHIGHAUS-25APR27-B91.5,39006.052,24,1.0,89.22,85.2,13,87,0,-2.28,-6.3,-4.02,1.594,20.412,18.131,13.0,0.915,0.0,-148.11,-4.977,13,0
2025-04-27 13:13:40.057473,9f4367f8-3155-430e-b608-2816fee0a9cd,KXHIGHAUS-25APR27-B87.5,38719.943,92,-3.0,88.911,85.2,29,71,1,1.411,-2.3,-3.711,1.435,29.0,16.318,11.7,0.824,0.0,-172.352,-0.983,-29,0
2025-04-27 13:13:40.057473,469a6c3b-b959-40b2-9232-ee19db947444,KXHIGHAUS-25APR27-B87.5,38719.943,50,-3.0,88.863,85.2,28,72,1,1.363,-2.3,-3.663,1.291,28.0,14.686,10.53,0.741,0.0,-157.661,0.018,-28,0
2025-04-27 13:32:30.480655,ae5ce596-8cf9-4e2f-83d1-89e7d63ed100,KXHIGHAUS-25APR27-B89.5,37589.519,40,-1.0,89.15,85.2,54,46,1,-0.35,-4.3,-3.95,1.162,25.2,54.0,9.477,0.667,0.0,-317.939,-30.053,-54,0
2025-04-27 13:32:30.480655,37080cd6-f755-4362-9113-28beeffedcbe,KXHIGHAUS-25APR27-B89.5,37589.519,1,-1.0,89.175,85.2,55,45,1,-0.325,-4.3,-3.975,1.046,22.68,55.0,8.529,0.6,0.0,-309.222,-31.059,-55,0
2025-04-27 13:37:53.682885,fe9f077c-5797-4a24-91a0-6d8da69af831,KXHIGHAUS-25APR27-B87.5,37266.317,10,-3.0,89.142,85.2,22,78,0,1.642,-2.3,-3.942,0.941,22.0,49.5,7.676,0.54,0.0,-276.407,-5.998,22,0
2025-04-27 13:43:03.369832,725d9aea-d91d-4bfd-afe9-738d020328c2,KXHIGHAUS-25APR27-B91.5,36956.63,35,1.0,89.405,85.2,16,84,1,-2.095,-6.3,-4.205,0.847,19.8,44.55,16.0,0.486,0.0,-272.126,2.026,-16,0
2025-04-27 13:43:15.186003,3e6b2601-6491-414e-9c3a-f86a2a9d0dbe,KXHIGHAUS-25APR27-B89.5,36944.814,14,-1.0,89.419,85.2,53,47,1,-0.081,-4.3,-4.219,0.763,17.82,53.0,14.4,0.438,0.0,-299.593,-29.041,-53,0
2025-04-27 13:52:22.281440,19b86000-eb27-4483-b21d-195d8f7e8033,KXHIGHAUS-25APR27-B87.5,36397.719,4,-3.0,88.89,85.2,37,63,1,1.39,-2.3,-3.69,0.556,37.0,38.637,10.498,0.319,0.0,-298.782,-9.015,-37,0
2025-04-27 13:52:22.281440,fc952848-c9fd-451f-8ae1-3f25e7634f90,KXHIGHAUS-25APR27-B87.5,36397.719,12,-3.0,89.109,85.2,31,69,1,1.609,-2.3,-3.909,0.686,31.0,47.7,12.96,0.394,0.0,-323.387,-3.051,-31,0
2025-04-27 13:52:22.281440,2ee0916c-294e-4320-a862-7c884642bbd2,KXHIGHAUS-25APR27-B87.5,36397.719,11,-3.0,88.936,85.2,38,62,1,1.436,-2.3,-3.736,0.618,38.0,42.93,11.664,0.355,0.0,-327.614,-10.017,-38,0
2025-04-27 13:54:18.846159,92cc02f5-1d3c-4d9c-9b34-a76e5bf9e362,KXHIGHAUS-25APR27-B87.5,36281.154,11,-3.0,88.811,85.2,38,62,1,1.311,-2.3,-3.611,0.5,38.0,34.773,9.448,0.287,0.0,-282.147,-10.052,-38,0
2025-04-27 13:55:42.088084,1300d7e5-dbd5-435d-99dc-34e695f3fc6b,KXHIGHAUS-25APR27-B87.5,36197.912,1,-3.0,88.929,85.2,28,72,0,1.429,-2.3,-3.729,0.45,28.0,31.296,8.503,0.258,0.0,-218.56,0.054,28,0
2025-04-27 13:59:15.064168,e512039c-0335-4f72-a05f-1b83b015ce9c,KXHIGHAUS-25APR27-B91.5,35984.936,12,1.0,88.944,85.2,8,92,0,-2.556,-6.3,-3.744,0.405,25.2,28.166,8.0,0.233,0.0,-191.27,-10.083,8,0
2025-04-27 13:59:15.064168,ba0f5088-0a40-4632-91bb-f751f735a367,KXHIGHAUS-25APR27-B91.5,35984.936,20,1.0,88.935,85.2,7,93,0,-2.565,-6.3,-3.735,0.365,22.68,25.35,7.0,0.209,0.0,-165.671,-11.072,7,0
2025-04-27 13:59:15.064168,ba07b256-0fd0-4ec0-92dc-4cbd4d17e99a,KXHIGHAUS-25APR27-B91.5,35984.936,26,1.0,88.919,85.2,6,94,0,-2.581,-6.3,-3.719,0.328,20.412,22.815,6.0,0.188,0.0,-142.987,-12.071,6,0
2025-04-27 13:59:15.064168,3b52fe78-1c50-4a7b-8335-9f9d0a71887f,KXHIGHAUS-25APR27-B91.5,35984.936,50,1.0,89.206,85.2,11,89,0,-2.294,-6.3,-4.006,0.295,18.371,20.533,11.0,0.17,0.0,-141.241,-7.067,11,0
2025-04-27 13:59:15.064168,356649c6-9b23-4f87-8a17-ffd0d3489633,KXHIGHAUS-25APR27-B91.5,35984.936,2,1.0,89.049,85.2,7,93,0,-2.451,-6.3,-3.849,0.266,16.534,18.48,7.0,0.153,0.0,-113.266,-11.065,7,0
2025-04-27 13:59:15.064168,2ef1b8b6-ba1e-4837-b647-ab17738e2682,KXHIGHAUS-25APR27-B91.5,35984.936,22,1.0,89.318,85.2,11,89,0,-2.182,-6.3,-4.118,0.239,14.88,16.632,11.0,0.137,0.0,-112.697,-7.031,11,0
2025-04-27 13:59:15.064168,19a5d209-41b8-4abd-bd01-8cfc102a12ec,KXHIGHAUS-25APR27-B91.5,35984.936,12,1.0,89.141,85.2,7,93,0,-2.359,-6.3,-3.941,0.215,13.392,14.969,7.0,0.124,0.0,-88.286,-11.03,7,0
2025-04-27 13:59:15.064168,16d23483-b9fc-4c8f-aa6d-cf38cce9d933,KXHIGHAUS-25APR27-B91.5,35984.936,24,1.0,89.496,85.2,12,88,0,-2.004,-6.3,-4.296,0.194,12.053,13.472,12.0,0.111,0.0,-94.296,-6.029,12,0
2025-04-27 14:01:46.069424,e673b88b-35dc-4538-82aa-4447f545caa7,KXHIGHAUS-25APR27-B93.5,35833.931,1,3.0,89.708,85.2,2,98,0,-3.792,-8.3,-4.508,0.174,10.848,12.125,10.8,2.0,0.0,-82.896,-0.612,2,0
2025-04-27 14:02:05.402730,6c4c20e1-b1d5-4706-9774-16ed3437b76d,KXHIGHAUS-25APR27-B87.5,35814.597,10,-3.0,88.719,85.2,36,64,1,1.219,-2.3,-3.519,0.157,36.0,10.912,9.72,1.8,0.0,-177.958,-8.056,-36,0
2025-04-27 14:02:16.991591,6f8df703-69bf-4db9-a175-396c0ce16ccf,KXHIGHAUS-25APR27-T87,35803.008,1,-3.5,88.602,85.2,4,96,0,1.602,-1.8,-3.402,4.0,32.4,9.821,8.748,1.62,0.0,-160.428,-72.587,-96,1
2025-04-27 14:12:45.289341,6524b6c4-56d1-47db-a859-d4f9f5d0ec6f,KXHIGHAUS-25APR27-B87.5,35174.711,10,-3.0,88.455,85.2,37,63,1,0.955,-2.3,-3.255,3.6,37.0,8.839,7.873,1.458,0.0,-174.273,-9.064,-37,0
2025-04-27 14:17:49.362108,9e877b8c-d87a-4e65-b4ea-a66bc93a2e82,KXHIGHAUS-25APR27-B91.5,34870.638,36,1.0,88.45,85.2,7,93,0,-3.05,-6.3,-3.25,3.24,33.3,7.955,7.0,1.312,0.0,-151.019,-11.098,7,0
2025-04-27 14:17:49.362108,9814598c-0a15-4725-acfe-57041eaa13d7,KXHIGHAUS-25APR27-B91.5,34870.638,23,1.0,88.67,85.2,10,90,0,-2.83,-6.3,-3.47,2.916,29.97,7.16,10.0,1.181,0.0,-142.34,-8.094,10,0
2025-04-27 14:18:03.437534,00c0b043-8c34-4110-b53b-c54a3cefd11e,KXHIGHAUS-25APR27-B87.5,34856.562,4,-3.0,88.379,85.2,38,62,1,0.879,-2.3,-3.179,2.362,38.0,5.799,8.1,0.957,0.0,-167.353,-10.064,-38,0
2025-04-27 14:18:03.437534,fb55c52b-8fb3-4bab-b8be-53894e819cdf,KXHIGHAUS-25APR27-B87.5,34856.562,13,-3.0,88.444,85.2,38,62,1,0.944,-2.3,-3.244,2.624,38.0,6.444,9.0,1.063,0.0,-172.605,-10.067,-38,0
2025-04-27 14:18:31.130859,3487078a-c69b-4f87-b8ec-4ae435d45010,KXHIGHAUS-25APR27-B89.5,34828.869,1,-1.0,88.856,85.2,42,58,0,-0.644,-4.3,-3.656,2.126,34.2,42.0,7.29,0.861,0.0,-293.74,18.036,42,0
2025-04-27 14:20:19.732046,d4aec9d5-036d-40c5-b392-d19e91eb91a8,KXHIGHAUS-25APR27-B87.5,34720.268,12,-3.0,88.647,85.2,45,55,1,1.147,-2.3,-3.447,1.913,45.0,37.8,6.561,0.775,0.0,-321.987,-17.069,-45,0
2025-04-27 14:20:24.403437,96d1744e-3c2e-4e83-a837-32d2360c4d37,KXHIGHAUS-25APR27-B87.5,34715.597,3,-3.0,88.6,85.2,44,56,0,1.1,-2.3,-3.4,1.722,44.0,34.02,5.905,0.697,0.0,-297.661,16.07,44,0
2025-04-27 14:25:21.638682,a23d44c3-4269-49a8-963e-e848c3eff14c,KXHIGHAUS-25APR27-B87.5,34418.361,16,-3.0,88.554,85.2,43,57,0,1.054,-2.3,-3.354,1.55,43.0,30.618,5.314,0.628,0.0,-275.758,15.077,43,0
2025-04-27 14:25:26.054538,8a6b7456-3340-4bd3-b930-62e844336899,KXHIGHAUS-25APR27-B91.5,34413.945,1,1.0,88.715,85.2,9,91,0,-2.785,-6.3,-3.515,1.395,38.7,27.556,9.0,0.565,0.0,-252.78,-9.144,9,0
2025-04-27 14:26:38.592278,14394cea-8f3a-4542-8985-54384a62a30e,KXHIGHAUS-25APR27-B91.5,34341.408,19,1.0,88.75,85.2,9,91,0,-2.75,-6.3,-3.55,1.255,34.83,24.801,9.0,0.508,0.0,-223.011,-9.254,9,0
2025-04-27 14:26:38.592278,04e64c3d-1b3c-4b07-aa1d-524d8b098fc1,KXHIGHAUS-25APR27-B91.5,34341.408,5,1.0,88.656,85.2,6,94,0,-2.844,-6.3,-3.456,1.13,31.347,22.321,6.0,0.458,0.0,-187.841,-12.25,6,0
2025-04-27 14:31:54.016661,b753818d-2796-47a7-8db0-f1d213b74f25,KXHIGHAUS-25APR27-B91.5,34025.983,20,1.0,88.784,85.2,8,92,0,-2.716,-6.3,-3.584,1.017,28.212,20.088,8.0,0.412,0.0,-170.778,-10.412,8,0
2025-04-27 14:31:54.016661,77e60b09-8ab8-4b62-a08f-962d9d0096cf,KXHIGHAUS-25APR27-B91.5,34025.983,4,1.0,88.825,85.2,8,92,0,-2.675,-6.3,-3.625,0.915,25.391,18.08,8.0,0.371,0.0,-150.648,-10.404,8,0
2025-04-27 14:35:22.792656,3e426d05-b08b-4174-8886-e038ef738cd2,KXHIGHAUS-25APR27-B91.5,33817.207,22,1.0,88.756,85.2,6,94,1,-2.744,-6.3,-3.556,0.824,22.852,16.272,6.0,0.334,0.0,-127.118,12.415,-6,0
2025-04-27 14:37:43.231307,fc34d8d6-e835-4051-a212-2556d9fcd3b2,KXHIGHAUS-25APR27-B87.5,33676.769,50,-3.0,88.316,85.2,43,57,1,0.816,-2.3,-3.116,0.741,43.0,14.644,5.4,0.3,0.0,-209.562,-15.079,-43,0
2025-04-27 14:38:04.745128,f830eecf-eecd-413b-88a1-db4784862739,KXHIGHAUS-25APR27-T87,33655.255,50,-3.5,88.15,85.2,9,91,1,1.15,-1.8,-2.95,9.0,38.7,13.18,4.86,0.27,0.0,-202.574,67.291,91,1
2025-04-27 14:38:04.745128,8ea2d929-39d1-468d-ad7d-ca7c2f4b6c08,KXHIGHAUS-25APR27-T87,33655.255,40,-3.5,88.115,85.2,10,90,1,1.115,-1.8,-2.915,10.0,34.83,11.862,4.374,0.243,0.0,-182.139,66.435,90,1
2025-04-27 14:39:07.856744,bc944569-8258-407b-9dd9-3b91fe08774d,KXHIGHAUS-25APR27-B87.5,33592.143,50,-3.0,88.007,85.2,43,57,1,0.507,-2.3,-2.807,9.0,43.0,10.676,3.937,0.219,0.0,-211.849,-15.082,-43,0
2025-04-27 14:42:53.920357,5f39769d-0cfa-4d79-887b-3afbbb1334f6,KXHIGHAUS-25APR27-B87.5,33366.08,50,-3.0,87.974,85.2,43,57,1,0.474,-2.3,-2.774,8.1,43.0,9.608,3.543,0.197,0.0,-204.577,-15.086,-43,0
2025-04-27 14:45:25.944427,de08d995-c5d2-4ee5-8fa6-73176a4b5e2a,KXHIGHAUS-25APR27-B87.5,33214.056,50,-3.0,87.955,85.2,41,59,1,0.455,-2.3,-2.755,7.29,41.0,8.647,3.189,0.177,0.0,-188.784,-13.095,-41,0
2025-04-27 14:47:44.781603,95321693-2dfa-40c5-9248-19db8d1f2e10,KXHIGHAUS-25APR27-B87.5,33075.218,50,-3.0,87.931,85.2,40,60,1,0.431,-2.3,-2.731,6.561,40.0,7.783,2.87,0.16,0.0,-178.599,-12.222,-40,0
2025-04-27 14:49:54.439512,2ab17c2e-ae9b-4d9e-8ad2-c0ae1fa84117,KXHIGHAUS-25APR27-B87.5,32945.56,50,-3.0,87.879,85.2,43,57,1,0.379,-2.3,-2.679,5.905,43.0,7.004,2.583,0.144,0.0,-188.024,-15.228,-43,0
2025-04-27 14:50:34.455081,b35279af-c406-4001-8bf6-86b3dc18adfa,KXHIGHAUS-25APR27-B89.5,32905.545,25,-1.0,88.595,85.2,48,52,1,-0.905,-4.3,-3.395,5.314,38.7,48.0,2.325,0.129,0.0,-337.872,-24.018,-48,0
2025-04-27 14:50:58.260754,2beb501d-5c43-423a-b5ba-bae222a1b327,KXHIGHAUS-25APR27-B89.5,32881.739,35,-1.0,88.662,85.2,50,50,1,-0.838,-4.3,-3.462,4.783,34.83,50.0,2.092,0.116,0.0,-328.044,-26.0,-50,0
2025-04-27 14:50:58.260754,204215bc-4bfe-4ee0-a839-07cfb5d74198,KXHIGHAUS-25APR27-B89.5,32881.739,18,-1.0,88.71,85.2,50,50,1,-0.79,-4.3,-3.51,4.305,31.347,50.0,1.883,0.105,0.0,-310.834,-26.006,-50,0
2025-04-27 14:51:42.817395,5e487c45-0f4c-441f-9037-f0b23be38a96,KXHIGHAUS-25APR27-B89.5,32837.183,2,-1.0,88.757,85.2,50,50,1,-0.743,-4.3,-3.557,3.874,28.212,50.0,1.695,0.094,0.0,-295.742,-25.989,-50,0
2025-04-27 14:52:11.116792,20820af7-70c7-4360-9f0a-24e91ef83485,KXHIGHAUS-25APR27-B89.5,32808.883,13,-1.0,88.836,85.2,54,46,1,-0.664,-4.3,-3.636,3.487,25.391,54.0,1.525,0.085,0.0,-302.319,-29.977,-54,0
2025-04-27 14:53:44.836057,8902b40d-a241-4fc9-9630-4ba09463b96f,KXHIGHAUS-25APR27-B91.5,32715.164,5,1.0,89.019,85.2,7,93,0,-2.481,-6.3,-3.819,3.138,22.852,48.6,7.0,0.076,0.0,-277.263,-11.443,7,0
2025-04-27 14:54:02.886012,98ec488b-4ce0-4b93-99a3-fce3c3be81b6,KXHIGHAUS-25APR27-B87.5,32697.114,50,-3.0,88.676,85.2,42,58,1,1.176,-2.3,-3.476,2.824,42.0,43.74,6.3,0.069,0.0,-336.587,-14.229,-42,0
2025-04-27 14:56:24.976407,fba257e8-8b8c-4958-873e-95d87e494d34,KXHIGHAUS-25APR27-B87.5,32555.024,15,-3.0,88.621,85.2,42,58,1,1.121,-2.3,-3.421,2.542,42.0,39.366,5.67,0.062,0.0,-313.607,-14.272,-42,0
2025-04-27 14:56:24.976407,9fac8530-be1a-42d1-b066-a54c0200b7c7,KXHIGHAUS-25APR27-B87.5,32555.024,35,-3.0,88.566,85.2,42,58,1,1.066,-2.3,-3.366,2.288,42.0,35.429,5.103,0.056,0.0,-293.427,-14.242,-42,0
2025-04-27 14:57:46.800938,fdabe67a-ae7c-4c1c-b67c-7a8b66195037,KXHIGHAUS-25APR27-B87.5,32473.199,50,-3.0,88.498,85.2,43,57,1,0.998,-2.3,-3.298,2.059,43.0,31.886,4.593,0.05,0.0,-280.467,-15.281,-43,0
2025-04-27 14:58:38.399384,e9399ef8-0f4f-479e-8301-925ec3b4832c,KXHIGHAUS-25APR27-B87.5,32421.601,15,-3.0,88.431,85.2,44,56,1,0.931,-2.3,-3.231,1.853,44.0,28.698,4.133,0.045,0.0,-269.707,-16.294,-44,0
2025-04-27 14:58:38.399384,0eb33131-e023-4563-9e07-49d1de37050d,KXHIGHAUS-25APR27-B87.5,32421.601,50,-3.0,88.376,85.2,44,56,1,0.876,-2.3,-3.176,1.668,44.0,25.828,3.72,0.041,0.0,-256.093,-16.292,-44,0
2025-04-27 14:59:03.436441,dde29261-ab47-4d18-9321-95c90d9aa2ea,KXHIGHAUS-25APR27-B87.5,32396.564,9,-3.0,88.25,85.2,51,49,1,0.75,-2.3,-3.05,1.501,51.0,23.245,3.348,0.036,0.0,-278.189,-23.297,-51,0
2025-04-27 14:59:03.498146,aef81701-942b-4db4-97a4-14c54cb95875,KXHIGHAUS-25APR27-B93.5,32396.502,9,3.0,88.32,85.2,1,99,0,-5.18,-8.3,-3.12,1.351,45.9,20.921,3.013,1.0,0.0,-242.979,-1.713,1,0
2025-04-27 14:59:03.500621,6aa79331-3010-4558-b990-fcbaab2037e2,KXHIGHAUS-25APR27-T87,32396.499,9,-3.5,88.196,85.2,8,92,0,1.196,-1.8,-2.996,8.0,41.31,18.829,2.712,0.9,0.0,-228.234,-68.162,-92,1
2025-04-27 14:59:03.514177,3efa16df-af5e-405e-8096-e85aa5674318,KXHIGHAUS-25APR27-B89.5,32396.486,9,-1.0,88.528,85.2,39,61,0,-0.972,-4.3,-3.328,7.2,37.179,39.0,2.441,0.81,0.0,-293.529,14.937,39,0
2025-04-27 14:59:03.516115,96452058-506b-4e21-b290-fa00488d2581,KXHIGHAUS-25APR27-B91.5,32396.484,9,1.0,88.666,85.2,6,94,0,-2.834,-6.3,-3.466,6.48,33.461,35.1,6.0,0.729,0.0,-264.984,-12.462,6,0
2025-04-27 14:59:48.670587,5ac90d68-deec-4d16-9ff5-c3681b90af8f,KXHIGHAUS-25APR27-B87.5,32351.329,1,-3.0,88.772,85.2,24,76,0,1.272,-2.3,-3.572,5.832,24.0,31.59,5.4,0.656,0.0,-204.462,-3.697,24,0
2025-04-27 15:00:17.092430,917ed85c-8ddb-425e-a492-c2a0140953fa,KXHIGHAUS-25APR27-B87.5,32322.908,15,-3.0,88.407,85.2,46,54,0,0.907,-2.3,-3.207,5.249,46.0,28.431,4.86,0.59,0.0,-287.365,18.304,46,0
2025-04-27 15:00:35.926106,de538207-0ddd-4d7f-80e7-f16765e30b91,KXHIGHAUS-25APR27-T87,32304.074,50,-3.5,88.349,85.2,8,92,0,1.349,-1.8,-3.149,8.0,41.4,25.588,4.374,0.531,0.0,-259.857,-67.474,-92,1
2025-04-27 15:00:35.926106,a7668193-6173-4909-8b78-d5c9305d5288,KXHIGHAUS-25APR27-T87,32304.074,183,-3.5,88.353,85.2,7,93,0,1.353,-1.8,-3.153,7.0,37.26,23.029,3.937,0.478,0.0,-225.703,-68.672,-93,1
2025-04-27 15:00:37.399474,e42b57cc-2808-4105-afb8-65b8ba78cdb7,KXHIGHAUS-25APR27-B87.5,32302.601,49,-3.0,88.18,85.2,50,50,1,0.68,-2.3,-2.98,6.3,50.0,20.726,3.543,0.43,0.0,-274.145,-22.379,-50,0
2025-04-27 15:00:37.399474,33e39616-ad3d-4e32-a0a1-094993a740c9,KXHIGHAUS-25APR27-B87.5,32302.601,1,-3.0,88.171,85.2,46,54,1,0.671,-2.3,-2.971,5.67,46.0,18.654,3.189,0.387,0.0,-243.867,-18.373,-46,0
2025-04-27 15:01:19.492166,9ea9735a-61fe-409b-a25e-b6019596f2a2,KXHIGHAUS-25APR27-B87.5,32260.508,50,-3.0,88.064,85.2,54,46,1,0.564,-2.3,-2.864,5.103,54.0,16.788,2.87,0.349,0.0,-273.734,-26.384,-54,0
2025-04-27 15:01:47.062763,c60b2853-a0e3-441c-9ea3-b7f6647569d8,KXHIGHAUS-25APR27-B87.5,32232.937,1,-3.0,88.263,85.2,30,70,0,0.763,-2.3,-3.063,4.593,30.0,15.109,2.583,0.314,0.0,-152.151,2.384,30,0
2025-04-27 15:01:55.946077,d2527c32-94e6-4680-b5b3-f2698ea1f55f,KXHIGHAUS-25APR27-B89.5,32224.054,4,-1.0,88.706,85.2,40,60,0,-0.794,-4.3,-3.506,4.133,27.0,40.0,2.325,0.282,0.0,-244.012,15.719,40,0
2025-04-27 15:01:55.946077,74cf8b72-8a62-4559-9368-6d0dbf3e40be,KXHIGHAUS-25APR27-B89.5,32224.054,184,-1.0,88.74,85.2,39,61,0,-0.76,-4.3,-3.54,3.72,24.3,39.0,2.092,0.254,0.0,-226.491,14.842,39,0
2025-04-27 15:02:02.992080,1a488d4a-0934-46b8-b2a5-bab3d22bf96b,KXHIGHAUS-25APR27-B89.5,32217.008,4,-1.0,88.889,85.2,33,67,0,-0.611,-4.3,-3.689,2.197,14.349,33.0,1.235,0.15,0.0,-155.311,8.704,33,0
2025-04-27 15:02:02.992080,74db3869-022c-4663-b399-bb7d551c6d45,KXHIGHAUS-25APR27-B89.5,32217.008,11,-1.0,88.847,85.2,33,67,0,-0.653,-4.3,-3.647,2.441,15.943,33.0,1.373,0.167,0.0,-161.846,8.698,33,0
2025-04-27 15:02:02.992080,ae5738b3-56b3-46b8-9c78-60ce6285fe03,KXHIGHAUS-25APR27-B89.5,32217.008,97,-1.0,88.79,85.2,32,68,0,-0.71,-4.3,-3.59,2.712,17.715,32.0,1.525,0.185,0.0,-164.86,7.647,32,0
2025-04-27 15:02:02.992080,baafe998-ec35-47ce-9bbb-f8211e484178,KXHIGHAUS-25APR27-B89.5,32217.008,58,-1.0,88.718,85.2,30,70,0,-0.782,-4.3,-3.518,3.013,19.683,30.0,1.695,0.206,0.0,-164.579,5.635,30,0
2025-04-27 15:02:02.992080,bd350ab4-2fc6-4709-8b04-a5618e4d0b29,KXHIGHAUS-25APR27-B89.5,32217.008,7,-1.0,88.687,85.2,31,69,0,-0.813,-4.3,-3.487,3.348,21.87,31.0,1.883,0.229,0.0,-178.825,6.544,31,0
2025-04-27 15:02:25.508219,c90f0b6c-fa3f-4903-9a8f-fc1b6c73c6bc,KXHIGHAUS-25APR27-B91.5,32194.492,80,1.0,89.093,85.2,5,95,0,-2.407,-6.3,-3.893,1.977,12.914,29.7,5.0,0.135,0.0,-142.879,-13.557,5,0
2025-04-27 15:02:25.508219,71659fa3-e62d-4022-b049-4d9660041a05,KXHIGHAUS-25APR27-B91.5,32194.492,10,1.0,89.171,85.2,6,94,0,-2.329,-6.3,-3.971,1.779,11.623,26.73,6.0,0.122,0.0,-127.858,-12.53,6,0
2025-04-27 15:02:34.974185,bc60e166-f1de-446b-beb1-91f62ad5ba12,KXHIGHAUS-25APR27-B93.5,32185.026,21,3.0,89.262,85.2,1,99,0,-4.238,-8.3,-4.062,1.601,10.46,24.057,5.4,1.0,0.0,-110.929,-1.728,1,0
2025-04-27 15:02:34.974185,0e6c47e6-3e05-498e-8aa5-c21e80f8801b,KXHIGHAUS-25APR27-B93.5,32185.026,50,3.0,89.273,85.2,1,99,0,-4.227,-8.3,-4.073,1.441,9.414,21.651,4.86,1.0,0.0,-95.899,-1.714,1,0
2025-04-27 15:02:38.117123,fbecbf37-b091-444b-afa3-04d90853661c,KXHIGHAUS-25APR27-B87.5,32181.883,1,-3.0,88.274,85.2,53,47,0,0.774,-2.3,-3.074,1.297,53.0,19.486,4.374,0.9,0.0,-274.991,25.395,53,0
2025-04-27 15:03:29.586898,f302777f-a60b-4ca9-8a78-bc865606f9b7,KXHIGHAUS-25APR27-B87.5,32130.413,15,-3.0,88.202,85.2,55,45,1,0.702,-2.3,-3.002,1.167,55.0,17.538,3.937,0.81,0.0,-276.041,-27.397,-55,0
2025-04-27 15:03:29.586898,defdfdda-5cd7-4dd5-b8da-e237ef639fb6,KXHIGHAUS-25APR27-B87.5,32130.413,30,-3.0,88.143,85.2,56,44,1,0.643,-2.3,-2.943,1.051,56.0,15.784,3.543,0.729,0.0,-273.27,-28.396,-56,0
2025-04-27 15:03:29.586898,9a21348f-98c4-4ab7-9a61-003b4b91ae53,KXHIGHAUS-25APR27-B87.5,32130.413,35,-3.0,88.095,85.2,56,44,1,0.595,-2.3,-2.895,0.946,56.0,14.205,3.189,0.656,0.0,-266.484,-28.395,-56,0
2025-04-27 15:05:10.046023,c040ac85-9a8e-4d51-871f-b4b928a7eab8,KXHIGHAUS-25APR27-B87.5,32029.954,50,-3.0,88.042,85.2,57,43,1,0.542,-2.3,-2.842,0.851,57.0,12.785,2.87,0.59,0.0,-265.61,-29.412,-57,0
2025-04-27 15:05:15.995142,e9c9c7d1-d65b-4ccf-94d9-2ccbc13a5bb2,KXHIGHAUS-25APR27-B91.5,32024.005,5,1.0,88.064,85.2,3,97,0,-3.436,-6.3,-2.864,0.766,51.3,11.506,3.0,0.531,0.0,-232.868,-15.566,3,0
2025-04-27 15:05:22.814860,86360c6d-1ca7-4ec5-92bd-0284d8945fef,KXHIGHAUS-25APR27-B91.5,32017.185,2,1.0,88.19,85.2,5,95,1,-3.31,-6.3,-2.99,0.689,46.17,10.356,5.0,0.478,0.0,-208.584,13.59,-5,0
2025-04-27 15:06:47.413437,c3b2173a-0b64-4805-a6a3-e12d8103eb0c,KXHIGHAUS-25APR27-B87.5,31932.587,2,-3.0,88.139,85.2,46,54,0,0.639,-2.3,-2.939,0.62,46.0,9.32,4.5,0.43,0.0,-203.031,18.416,46,0
2025-04-27 15:06:49.830050,afe861b5-a87f-4c89-b7f5-f21ba2d6b59a,KXHIGHAUS-25APR27-B87.5,31930.17,17,-3.0,88.036,85.2,52,48,1,0.536,-2.3,-2.836,0.558,52.0,8.388,4.05,0.387,0.0,-228.277,-24.419,-52,0
2025-04-27 15:07:00.747208,48135113-9bea-42ca-84a2-494c9e098515,KXHIGHAUS-25APR27-B89.5,31919.253,4,-1.0,88.535,85.2,38,62,1,-0.965,-4.3,-3.335,0.503,46.8,38.0,3.645,0.349,0.0,-322.217,-13.407,-38,0
2025-04-27 15:07:42.362815,e249ce67-331c-420b-9c62-0906f7d5d086,KXHIGHAUS-25APR27-B87.5,31877.637,50,-3.0,88.322,85.2,63,37,1,0.822,-2.3,-3.122,0.452,63.0,34.2,3.28,0.314,0.0,-384.994,-35.426,-63,0
2025-04-27 15:07:54.335349,851e6974-cab6-4548-9944-094dd4f79fc6,KXHIGHAUS-25APR27-B87.5,31865.665,19,-3.0,88.261,85.2,64,36,1,0.761,-2.3,-3.061,0.407,64.0,30.78,2.952,0.282,0.0,-374.121,-36.429,-64,0
2025-04-27 15:07:58.378989,05dd449e-4144-47a7-9195-b31a89e4a121,KXHIGHAUS-25APR27-T87,31861.621,5,-3.5,88.161,85.2,8,92,0,1.161,-1.8,-2.961,8.0,57.6,27.702,2.657,0.254,0.0,-344.379,-67.464,-92,1
2025-04-27 15:08:04.273616,1d52f852-090f-471c-b3d8-265b4d6fa57a,KXHIGHAUS-25APR27-B87.5,31855.726,7,-3.0,88.079,85.2,64,36,1,0.579,-2.3,-2.879,7.2,64.0,24.932,2.391,0.229,0.0,-362.314,-36.43,-64,0
2025-04-27 15:09:26.737199,a9057d03-84b0-4c1e-823a-3d82d6d0c98d,KXHIGHAUS-25APR27-T87,31773.263,50,-3.5,87.975,85.2,16,84,1,0.975,-1.8,-2.775,16.0,57.6,22.439,2.152,0.206,0.0,-348.97,59.343,84,1
2025-04-27 15:09:27.952546,631049d2-a4db-4f18-88d1-548dfcb70126,KXHIGHAUS-25APR27-B87.5,31772.047,2,-3.0,87.979,85.2,51,49,0,0.479,-2.3,-2.779,14.4,51.0,20.195,1.937,0.185,0.0,-300.593,23.436,51,0
2025-04-27 15:10:24.028496,fd11105f-05c4-4553-b67c-a865634eca03,KXHIGHAUS-25APR27-T87,31715.972,18,-3.5,87.832,85.2,27,73,1,0.832,-1.8,-2.632,27.0,45.9,18.175,1.743,0.167,0.0,-318.002,47.554,73,1
2025-04-27 15:10:24.028496,f682dbe0-c09f-4059-ab75-8663e145cc1a,KXHIGHAUS-25APR27-T87,31715.972,8,-3.5,87.911,85.2,17,83,1,0.911,-1.8,-2.711,17.0,41.31,16.358,1.569,0.15,0.0,-248.021,57.633,83,1
2025-04-27 15:10:24.028496,b888da24-f584-4063-a0d5-bad1280073a4,KXHIGHAUS-25APR27-T87,31715.972,50,-3.5,87.889,85.2,17,83,1,0.889,-1.8,-2.689,17.0,37.179,14.722,1.412,0.135,0.0,-222.404,57.837,83,1
2025-04-27 15:10:27.159221,5ffcb644-aed4-413d-8628-68d912bad0af,KXHIGHAUS-25APR27-T87,31712.841,8,-3.5,87.866,85.2,17,83,0,0.866,-1.8,-2.666,17.0,33.461,13.25,1.271,0.122,0.0,-199.912,-57.52,-83,1
2025-04-27 15:10:45.840106,dc672afd-a7bf-4f64-8aa5-de2b636b8e13,KXHIGHAUS-25APR27-B89.5,31694.16,3,-1.0,88.145,85.2,24,76,0,-1.355,-4.3,-2.945,15.3,30.115,24.0,1.144,0.109,0.0,-220.463,-0.833,24,0
2025-04-27 15:10:45.840106,66d44e2f-b2b5-405b-b74f-0dcbe05c1676,KXHIGHAUS-25APR27-B89.5,31694.16,289,-1.0,88.174,85.2,23,77,0,-1.326,-4.3,-2.974,13.77,27.103,23.0,1.029,0.098,0.0,-197.462,-1.701,23,0
2025-04-27 15:10:51.751138,2847b300-a360-4982-8c25-24cc858ba482,KXHIGHAUS-25APR27-B89.5,31688.249,3,-1.0,88.224,85.2,23,77,0,-1.276,-4.3,-3.024,12.393,24.393,23.0,0.927,0.089,0.0,-180.945,-1.943,23,0
2025-04-27 15:12:52.282263,5374c33f-24fd-4799-b813-f100e470a934,KXHIGHAUS-25APR27-B89.5,31567.718,50,-1.0,88.286,85.2,19,81,0,-1.214,-4.3,-3.086,9.034,17.783,19.0,0.675,0.065,0.0,-126.57,-6.106,19,0
2025-04-27 15:12:52.282263,1b547e0d-48af-4075-acc4-110d514b9894,KXHIGHAUS-25APR27-B89.5,31567.718,25,-1.0,88.364,85.2,20,80,0,-1.136,-4.3,-3.164,8.131,16.004,20.0,0.608,0.058,0.0,-120.865,-4.959,20,0
2025-04-27 15:12:52.282263,fd863ab6-161b-490e-a31c-82c21591195e,KXHIGHAUS-25APR27-B89.5,31567.718,21,-1.0,88.183,85.2,19,81,0,-1.317,-4.3,-2.983,11.154,21.954,19.0,0.834,0.08,0.0,-150.305,-6.545,19,0
2025-04-27 15:12:52.282263,b8c6574f-c5c0-4cee-8a4b-d22abedb0fbb,KXHIGHAUS-25APR27-B89.5,31567.718,4,-1.0,88.259,85.2,20,80,0,-1.241,-4.3,-3.059,10.038,19.758,20.0,0.75,0.072,0.0,-141.614,-5.436,20,0
2025-04-27 15:14:13.140411,9f258043-a830-4562-a916-87567f9cafd6,KXHIGHAUS-25APR27-B89.5,31486.86,44,-1.0,88.335,85.2,17,83,0,-1.165,-4.3,-3.135,7.318,14.404,17.0,0.547,0.052,0.0,-100.668,-8.821,17,0
2025-04-27 15:14:13.140411,41131be4-9fd4-402c-a31e-aaa244ef743f,KXHIGHAUS-25APR27-B89.5,31486.86,50,-1.0,88.389,85.2,17,83,0,-1.111,-4.3,-3.189,6.586,12.964,17.0,0.492,0.047,0.0,-93.301,-8.762,17,0
2025-04-27 15:15:12.935302,be61bb04-a302-4e4e-93bc-1ddea95d1a22,KXHIGHAUS-25APR27-B87.5,31427.065,18,-3.0,87.877,85.2,57,43,1,0.377,-2.3,-2.677,5.928,57.0,15.3,0.443,0.042,0.0,-282.244,-29.44,-57,0
2025-04-27 15:15:27.598289,6174ffdb-ea6e-4933-a367-ffa1f8a2ba9d,KXHIGHAUS-25APR27-B89.5,31412.402,2,-1.0,88.027,85.2,21,79,1,-1.473,-4.3,-2.827,5.335,51.3,21.0,0.399,0.038,0.0,-274.379,4.826,-21,0
2025-04-27 15:15:50.607466,9a9ba025-d616-4428-b67b-bf8e4cfeef10,KXHIGHAUS-25APR27-B87.5,31389.393,3,-3.0,87.951,85.2,58,42,1,0.451,-2.3,-2.751,4.801,58.0,18.9,0.359,0.034,0.0,-298.105,-30.446,-58,0
2025-04-27 15:16:59.780985,6916db41-2f4a-49b1-ae85-8f98dce5d379,KXHIGHAUS-25APR27-B87.5,31320.219,15,-3.0,87.918,85.2,58,42,1,0.418,-2.3,-2.718,4.321,58.0,17.01,0.323,0.031,0.0,-289.56,-30.453,-58,0
2025-04-27 15:18:23.503003,7287e13a-9c08-489c-825f-54944e5cd813,KXHIGHAUS-25APR27-B89.5,31236.497,50,-1.0,87.889,85.2,14,86,0,-1.611,-4.3,-2.689,3.889,52.2,14.0,0.291,0.028,0.0,-248.225,-11.926,14,0
2025-04-27 15:18:23.503003,46994121-79c1-4b65-8650-f8d7b137d3a2,KXHIGHAUS-25APR27-B89.5,31236.497,42,-1.0,87.924,85.2,14,86,0,-1.576,-4.3,-2.724,3.5,46.98,14.0,0.262,0.025,0.0,-221.749,-11.916,14,0
2025-04-27 15:18:32.638600,be42536f-3755-456a-ac77-5430bab5f0cc,KXHIGHAUS-25APR27-B91.5,31227.361,45,1.0,88.086,85.2,3,97,0,-3.414,-6.3,-2.886,3.15,42.282,12.6,3.0,0.023,0.0,-197.069,-15.607,3,0
2025-04-27 15:18:32.638600,4b7d0411-c7b0-47d3-adb0-8d7984789aed,KXHIGHAUS-25APR27-B91.5,31227.361,17,1.0,88.165,85.2,4,96,0,-3.335,-6.3,-2.965,2.835,38.054,11.34,4.0,0.02,0.0,-174.436,-14.608,4,0
2025-04-27 15:18:59.600223,a5d149b3-dd97-49cc-a855-83b0f2e2e60c,KXHIGHAUS-25APR27-B89.5,31200.4,2,-1.0,88.417,85.2,22,78,1,-1.083,-4.3,-3.217,2.552,34.248,22.0,3.6,0.018,0.0,-195.953,4.047,-22,0
2025-04-27 15:19:10.556232,8108cfd3-9752-4133-97b3-bbdfbb6ba0cc,KXHIGHAUS-25APR27-B87.5,31189.444,3,-3.0,88.125,85.2,57,43,0,0.625,-2.3,-2.925,2.296,57.0,19.8,3.24,0.016,0.0,-295.221,29.457,57,0
2025-04-27 15:19:22.978209,b7ead855-8896-41be-817a-ab4a329c4154,KXHIGHAUS-25APR27-B89.5,31177.022,12,-1.0,88.215,85.2,23,77,1,-1.285,-4.3,-3.015,2.067,51.3,23.0,2.916,0.015,0.0,-278.679,3.142,-23,0
2025-04-27 15:19:53.102439,fa46d92c-de86-47e1-bf4b-5f2dfe76ce86,KXHIGHAUS-25APR27-T87,31146.898,50,-3.5,87.969,85.2,20,80,1,0.969,-1.8,-2.769,20.0,46.17,20.7,2.624,0.013,0.0,-302.052,54.355,80,1
2025-04-27 15:21:02.504097,f749679e-3a83-4110-a9d3-26ca6a662b54,KXHIGHAUS-25APR27-B89.5,31077.496,100,-1.0,88.347,85.2,45,55,1,-1.153,-4.3,-3.147,18.0,41.553,45.0,2.362,0.012,0.0,-380.17,-18.485,-45,0
2025-04-27 15:21:02.504097,f708efca-5d81-4063-a293-36288c0a590d,KXHIGHAUS-25APR27-B89.5,31077.496,200,-1.0,88.387,85.2,44,56,1,-1.113,-4.3,-3.187,16.2,37.398,44.0,2.126,0.011,0.0,-348.616,-17.494,-44,0
2025-04-27 15:21:02.504097,f44453cc-09ef-4f51-8ea7-92268b945f80,KXHIGHAUS-25APR27-B89.5,31077.496,38,-1.0,88.392,85.2,40,60,1,-1.108,-4.3,-3.192,14.58,33.658,40.0,1.913,0.01,0.0,-306.17,-13.681,-40,0
2025-04-27 15:21:02.504097,e5326648-d787-45a3-92a1-296b9e674d16,KXHIGHAUS-25APR27-B89.5,31077.496,23,-1.0,88.335,85.2,32,68,1,-1.165,-4.3,-3.135,13.122,30.292,32.0,1.722,0.009,0.0,-248.901,-5.71,-32,0
2025-04-27 15:21:02.504097,86b56278-2ee8-455b-8370-5cae59d304a7,KXHIGHAUS-25APR27-B89.5,31077.496,11,-1.0,88.386,85.2,32,68,1,-1.114,-4.3,-3.186,11.81,27.263,32.0,1.55,0.008,0.0,-230.82,-5.727,-32,0
2025-04-27 15:21:02.504097,56f07b69-d55c-4413-9812-be8383176ad6,KXHIGHAUS-25APR27-B89.5,31077.496,61,-1.0,88.687,85.2,53,47,1,-0.813,-4.3,-3.487,10.629,24.537,53.0,1.395,0.007,0.0,-314.498,-26.743,-53,0
2025-04-27 15:21:02.504097,56602e4a-9e72-4516-9970-cd6a3c67f527,KXHIGHAUS-25APR27-B89.5,31077.496,4,-1.0,88.49,85.2,32,68,1,-1.01,-4.3,-3.29,9.566,22.083,32.0,1.255,0.006,0.0,-201.101,-5.785,-32,0
2025-04-27 15:21:02.504097,5405d984-d429-4bc4-80e8-7aa50f0d1f35,KXHIGHAUS-25APR27-B89.5,31077.496,50,-1.0,88.527,85.2,31,69,1,-0.973,-4.3,-3.327,8.609,19.875,31.0,1.13,0.006,0.0,-184.511,-4.794,-31,0
2025-04-27 15:21:02.504097,4de3d73f-48e9-4345-a01d-d4232371decc,KXHIGHAUS-25APR27-B89.5,31077.496,21,-1.0,88.759,85.2,45,55,1,-0.741,-4.3,-3.559,7.748,17.887,45.0,1.017,0.005,0.0,-238.743,-18.836,-45,0
2025-04-27 15:21:02.504097,05dae3eb-a295-4918-b819-b7d10a9b05b7,KXHIGHAUS-25APR27-B89.5,31077.496,28,-1.0,88.871,85.2,52,48,1,-0.629,-4.3,-3.671,6.974,16.098,52.0,0.915,0.005,0.0,-263.635,-25.849,-52,0
2025-04-27 15:22:05.542411,96f6e202-fd64-467e-9659-2bc9f5967094,KXHIGHAUS-25APR27-T87,31014.458,11,-3.5,88.42,85.2,28,72,1,1.42,-1.8,-3.22,28.0,14.489,46.8,0.824,0.004,0.0,-311.84,45.539,72,1
2025-04-27 15:22:05.542411,5fb2c249-02e1-4e92-a598-76fb4bae93a4,KXHIGHAUS-25APR27-T87,31014.458,9,-3.5,88.478,85.2,22,78,1,1.478,-1.8,-3.278,22.0,13.04,42.12,0.741,0.004,0.0,-258.797,51.677,78,1
2025-04-27 15:22:05.542411,2c5efcbe-d3c1-417a-a796-44adb1b6bb22,KXHIGHAUS-25APR27-T87,31014.458,300,-3.5,88.307,85.2,29,71,1,1.307,-1.8,-3.107,29.0,11.736,37.908,0.667,0.003,0.0,-264.065,44.789,71,1
2025-04-27 15:22:11.536305,7ce53868-6db1-45c3-b7b2-3d25198885d7,KXHIGHAUS-25APR27-T87,31008.464,1,-3.5,88.474,85.2,18,82,0,1.474,-1.8,-3.274,18.0,10.562,34.117,0.6,0.003,0.0,-197.028,-55.051,-82,1
2025-04-27 15:22:36.003626,05789794-73ce-45d6-83bf-bd7aeb8093a7,KXHIGHAUS-25APR27-B87.5,30983.996,2,-3.0,88.052,85.2,53,47,0,0.552,-2.3,-2.852,16.2,53.0,30.705,0.54,0.003,0.0,-360.343,25.467,53,0
2025-04-27 15:22:53.328789,e2a982b6-7e9e-4aba-8d2d-b8d1d4566bfe,KXHIGHAUS-25APR27-B89.5,30966.671,3,-1.0,87.817,85.2,15,85,1,-1.683,-4.3,-2.617,14.58,47.7,15.0,0.486,0.002,0.0,-263.682,11.539,-15,0
2025-04-27 15:23:16.330942,794f8945-d9ea-4ee8-aefa-98e95d0c5870,KXHIGHAUS-25APR27-B87.5,30943.669,15,-3.0,87.747,85.2,63,37,1,0.247,-2.3,-2.547,13.122,63.0,13.5,0.438,0.002,0.0,-329.558,-35.53,-63,0
2025-04-27 15:23:55.167155,dd8ccd3a-3231-49cb-9a9a-fcbd6881193f,KXHIGHAUS-25APR27-B87.5,30904.833,1,-3.0,87.755,85.2,54,46,0,0.255,-2.3,-2.555,11.81,54.0,12.15,0.394,0.002,0.0,-274.526,26.532,54,0
2025-04-27 15:24:22.249442,3af6dd20-0cf4-41ba-9c3d-2cad9ed82a93,KXHIGHAUS-25APR27-B89.5,30877.751,3,-1.0,88.156,85.2,32,68,1,-1.344,-4.3,-2.956,10.629,48.6,32.0,0.355,0.002,0.0,-324.391,-5.453,-32,0
2025-04-27 15:24:22.314729,5e40297e-cfa0-49e0-91c8-3f874f1d0dcd,KXHIGHAUS-25APR27-B87.5,30877.685,3,-3.0,88.09,85.2,53,47,0,0.59,-2.3,-2.89,9.566,53.0,28.8,0.319,0.002,0.0,-328.431,25.538,53,0
2025-04-27 15:24:22.315805,41b06503-dfa1-46b6-9581-e2e3f6d56ea2,KXHIGHAUS-25APR27-B91.5,30877.684,3,1.0,88.159,85.2,2,98,0,-3.341,-6.3,-2.959,8.609,47.7,25.92,2.0,0.001,0.0,-288.639,-16.602,2,0
2025-04-27 15:24:22.338298,289f3850-5477-4162-803d-1a2c3b233fc3,KXHIGHAUS-25APR27-T87,30877.662,3,-3.5,87.906,85.2,29,71,0,0.906,-1.8,-2.706,29.0,42.93,23.328,1.8,0.001,0.0,-333.574,-43.849,-71,1
2025-04-27 15:24:47.646225,d377ab38-f811-46c9-bb48-40312a198a19,KXHIGHAUS-25APR27-B89.5,30852.354,11,-1.0,88.152,85.2,37,63,1,-1.348,-4.3,-2.952,26.1,38.637,37.0,1.62,0.001,0.0,-360.702,-8.215,-37,0
2025-04-27 15:24:47.646225,c5b8b8c9-5491-459a-8ec9-dd7f48f7fdbd,KXHIGHAUS-25APR27-B89.5,30852.354,150,-1.0,88.23,85.2,39,61,1,-1.27,-4.3,-3.03,23.49,34.773,39.0,1.458,0.001,0.0,-340.975,-10.837,-39,0
2025-04-27 15:24:47.646225,c3d0c0fc-39b4-4ab9-9ae2-94123a324724,KXHIGHAUS-25APR27-B89.5,30852.354,1,-1.0,88.169,85.2,31,69,1,-1.331,-4.3,-2.969,21.141,31.296,31.0,1.312,0.001,0.0,-279.077,-2.871,-31,0
2025-04-27 15:24:47.646225,b82df3ca-987a-480d-8a50-880c181ed4c6,KXHIGHAUS-25APR27-B89.5,30852.354,15,-1.0,88.252,85.2,33,67,1,-1.248,-4.3,-3.052,19.027,28.166,33.0,1.181,0.001,0.0,-265.649,-4.95,-33,0
2025-04-27 15:24:47.646225,8879f0c0-cee5-48a2-aacc-54f3fa22d7dd,KXHIGHAUS-25APR27-B89.5,30852.354,50,-1.0,88.29,85.2,32,68,1,-1.21,-4.3,-3.09,17.124,25.35,32.0,1.063,0.001,0.0,-241.554,-4.101,-32,0
2025-04-27 15:24:47.646225,72779959-3fe6-4d4f-bce0-9fdfc4fb351c,KXHIGHAUS-25APR27-B89.5,30852.354,200,-1.0,88.434,85.2,38,62,1,-1.066,-4.3,-3.234,15.412,22.815,38.0,0.957,0.001,0.0,-251.685,-10.264,-38,0
2025-04-27 15:24:47.646225,58037895-423c-4f49-b53e-765e50465cb7,KXHIGHAUS-25APR27-B89.5,30852.354,41,-1.0,88.68,85.2,55,45,1,-0.82,-4.3,-3.48,13.871,20.533,55.0,0.861,0.001,0.0,-318.799,-28.222,-55,0
2025-04-27 15:24:47.646225,2eaa939c-e43b-4f52-b962-41f50058c73b,KXHIGHAUS-25APR27-B89.5,30852.354,9,-1.0,88.517,85.2,36,64,1,-0.983,-4.3,-3.317,12.484,18.48,36.0,0.775,0.001,0.0,-214.219,-9.257,-36,0
2025-04-27 15:24:47.646225,2a0e2434-30df-4c89-bd62-d260001309b6,KXHIGHAUS-25APR27-B89.5,30852.354,9,-1.0,88.586,85.2,37,63,1,-0.914,-4.3,-3.386,11.235,16.632,37.0,0.697,0.001,0.0,-207.285,-10.433,-37,0
2025-04-27 15:24:47.845931,6b480601-3f03-43a1-9676-301632d020b0,KXHIGHAUS-25APR27-B87.5,30852.154,1,-3.0,88.16,85.2,53,47,0,0.66,-2.3,-2.96,10.112,53.0,33.3,0.628,0.0,0.0,-350.26,25.547,53,0
2025-04-27 15:24:47.846672,0b2c7912-a1d2-416f-857b-72e6821bb961,KXHIGHAUS-25APR27-T87,30852.153,1,-3.5,87.945,85.2,29,71,0,0.945,-1.8,-2.745,29.0,47.7,29.97,0.565,0.0,0.0,-383.587,-43.839,-71,1
2025-04-27 15:24:47.851033,d851c4d8-caf1-4e4b-91e7-6a5108e1a90c,KXHIGHAUS-25APR27-B91.5,30852.149,1,1.0,87.999,85.2,2,98,0,-3.501,-6.3,-2.799,26.1,42.93,26.973,2.0,0.0,0.0,-336.79,-16.814,2,0
2025-04-27 15:25:26.144683,f3306180-350c-41da-a2f7-3c067a5ca8c2,KXHIGHAUS-25APR27-T87,30813.855,12,-3.5,87.971,85.2,26,74,0,0.971,-1.8,-2.771,26.0,38.637,24.276,1.8,0.0,0.0,-304.38,-46.635,-74,1
2025-04-27 15:25:33.303155,d5383f5d-84b9-4ce1-95b4-10d92e5980af,KXHIGHAUS-25APR27-B89.5,30806.697,15,-1.0,87.955,85.2,21,79,0,-1.545,-4.3,-2.755,23.4,34.773,21.0,1.62,0.0,0.0,-261.893,-8.281,21,0
2025-04-27 15:25:33.303155,228be461-e68a-4b93-8fcd-54365915590e,KXHIGHAUS-25APR27-B89.5,30806.697,18,-1.0,87.999,85.2,21,79,0,-1.501,-4.3,-2.799,21.06,31.296,21.0,1.458,0.0,0.0,-236.428,-7.919,21,0
2025-04-27 15:25:33.303155,19254000-2197-4d54-bba1-91b77770f3fd,KXHIGHAUS-25APR27-B89.5,30806.697,50,-1.0,88.023,85.2,20,80,0,-1.477,-4.3,-2.823,18.954,28.166,20.0,1.312,0.0,0.0,-210.055,-8.87,20,0
2025-04-27 15:25:53.730042,52ef165b-572b-40c0-b592-bfc0c36259c7,KXHIGHAUS-25APR27-T87,30786.27,40,-3.5,87.845,85.2,30,70,0,0.845,-1.8,-2.645,30.0,25.35,18.0,1.181,0.0,0.0,-236.207,-42.242,-70,1
2025-04-27 15:26:01.314535,f092d644-eee6-4895-840a-b36fa9953ccc,KXHIGHAUS-25APR27-B87.5,30778.685,36,-3.0,87.741,85.2,52,48,0,0.241,-2.3,-2.541,27.0,52.0,16.2,1.063,0.0,0.0,-339.633,24.556,52,0
2025-04-27 15:26:01.314535,c6402a92-be68-4122-afc7-34c471e244a7,KXHIGHAUS-25APR27-B87.5,30778.685,1,-3.0,87.724,85.2,53,47,0,0.224,-2.3,-2.524,24.3,53.0,14.58,0.957,0.0,0.0,-326.979,25.552,53,0
2025-04-27 15:26:29.327946,9aa61f09-1f75-4ebc-ab15-1765d7b54e91,KXHIGHAUS-25APR27-T87,30750.672,21,-3.5,87.653,85.2,31,69,1,0.653,-1.8,-2.453,31.0,47.7,13.122,0.861,0.0,0.0,-324.46,41.114,69,1
2025-04-27 15:26:30.141119,40fb2309-9343-4897-87cc-2b2f4c0bf098,KXHIGHAUS-25APR27-B89.5,30749.859,50,-1.0,87.721,85.2,15,85,0,-1.779,-4.3,-2.521,27.9,42.93,15.0,0.775,0.0,0.0,-294.689,-14.41,15,0
2025-04-27 15:26:36.374857,4e067d08-d11e-4d86-9b45-1d48b6006342,KXHIGHAUS-25APR27-B89.5,30743.625,3,-1.0,87.732,85.2,14,86,0,-1.768,-4.3,-2.532,25.11,38.637,14.0,0.697,0.0,0.0,-258.818,-15.481,14,0
2025-04-27 15:26:47.650330,6fa4b148-8e95-4acd-8e67-80b85ab79b70,KXHIGHAUS-25APR27-B87.5,30732.35,1,-3.0,87.687,85.2,52,48,0,0.187,-2.3,-2.487,22.599,52.0,12.6,0.628,0.0,0.0,-307.557,24.568,52,0
2025-04-27 15:26:47.650682,85a42620-aaf0-4d58-9f17-5f0728abe730,KXHIGHAUS-25APR27-T87,30732.349,1,-3.5,87.605,85.2,31,69,0,0.605,-1.8,-2.405,31.0,46.8,11.34,0.565,0.0,0.0,-313.655,-41.104,-69,1
2025-04-27 15:26:47.650953,43d35acd-fd32-42e0-b6ce-69bf94c9cf5b,KXHIGHAUS-25APR27-B91.5,30732.349,1,1.0,87.676,85.2,2,98,0,-3.824,-6.3,-2.476,27.9,42.12,10.206,2.0,0.0,0.0,-275.513,-16.883,2,0
2025-04-27 15:26:47.651807,d34e510b-3e34-417f-9f84-8bdf103ac38f,KXHIGHAUS-25APR27-B89.5,30732.348,1,-1.0,88.2,85.2,39,61,0,-1.3,-4.3,-3.0,25.11,37.908,39.0,1.8,0.0,0.0,-362.674,9.357,39,0
2025-04-27 15:27:40.991501,ffa631d5-9cc9-4f25-8bcb-f7de5a3ac100,KXHIGHAUS-25APR27-T87,30679.008,21,-3.5,88.09,85.2,32,68,1,1.09,-1.8,-2.89,32.0,34.117,35.1,1.62,0.0,0.0,-357.004,40.062,68,1
2025-04-27 15:27:40.991501,dfef23ee-5ba5-45a2-a231-b3290d946638,KXHIGHAUS-25APR27-T87,30679.008,50,-3.5,88.054,85.2,32,68,1,1.054,-1.8,-2.854,32.0,30.705,31.59,1.458,0.0,0.0,-325.677,40.075,68,1
2025-04-27 15:27:45.493277,b682a29a-b4e4-4af6-b971-03ad8b2e4dae,KXHIGHAUS-25APR27-B89.5,30674.507,15,-1.0,87.81,85.2,16,84,0,-1.69,-4.3,-2.61,28.8,27.635,16.0,1.312,0.0,0.0,-233.219,-13.648,16,0
2025-04-27 15:27:45.493784,21ef12ef-9b10-4250-a3de-f05b41867d5c,KXHIGHAUS-25APR27-T87,30674.506,15,-3.5,87.712,85.2,35,65,0,0.712,-1.8,-2.512,35.0,24.871,14.4,1.181,0.0,0.0,-242.971,-34.287,-65,1
2025-04-27 15:27:45.494948,09e9ded7-ee31-4394-9742-a9fecad178bd,KXHIGHAUS-25APR27-B91.5,30674.505,15,1.0,87.764,85.2,2,98,0,-3.736,-6.3,-2.564,31.5,22.384,12.96,2.0,0.0,0.0,-212.841,-16.885,2,0
2025-04-27 15:27:45.496453,4de166b3-1dc5-4420-93dd-3c4c8edeb61e,KXHIGHAUS-25APR27-B87.5,30674.504,15,-3.0,87.674,85.2,52,48,0,0.174,-2.3,-2.474,28.35,52.0,11.664,1.8,0.0,0.0,-329.995,24.599,52,0
2025-04-27 15:28:48.885769,baa85ff1-2d0f-4371-87b9-56cd609120fb,KXHIGHAUS-25APR27-B89.5,30611.114,10,-1.0,87.859,85.2,20,80,1,-1.641,-4.3,-2.659,25.515,46.8,20.0,1.62,0.0,0.0,-323.333,9.669,-20,0
2025-04-27 15:29:06.837979,a7e93724-977a-41a9-afbc-0111eddbb70f,KXHIGHAUS-25APR27-B89.5,30593.162,6,-1.0,87.799,85.2,15,85,0,-1.701,-4.3,-2.599,22.964,42.12,15.0,1.458,0.0,0.0,-270.686,-14.744,15,0
2025-04-27 15:29:09.086107,15641b8f-2db3-45e2-8cc8-947554d8f510,KXHIGHAUS-25APR27-B87.5,30590.914,3,-3.0,87.73,85.2,60,40,1,0.23,-2.3,-2.53,20.667,60.0,13.5,1.312,0.0,0.0,-343.745,-32.6,-60,0
2025-04-27 15:30:01.628868,cc0c6439-46b0-4c3e-b3b9-f657d50d387c,KXHIGHAUS-25APR27-B87.5,30538.371,28,-3.0,87.688,85.2,73,27,1,0.188,-2.3,-2.488,18.6,73.0,12.15,1.181,0.0,0.0,-398.115,-46.011,-73,0
2025-04-27 15:30:01.628868,c248cadb-a046-4c26-8cb2-c5aee127ec64,KXHIGHAUS-25APR27-B87.5,30538.371,12,-3.0,87.676,85.2,72,28,1,0.176,-2.3,-2.476,16.74,72.0,10.935,1.063,0.0,0.0,-381.312,-45.006,-72,0
2025-04-27 15:30:01.628868,96dce748-6144-47ed-a575-897d07cd71bf,KXHIGHAUS-25APR27-B87.5,30538.371,19,-3.0,87.684,85.2,61,39,1,0.184,-2.3,-2.484,15.066,61.0,9.842,0.957,0.0,0.0,-314.091,-34.0,-61,0
2025-04-27 15:30:01.628868,92e2a001-4e59-4efa-82ee-72cdfbccae60,KXHIGHAUS-25APR27-B87.5,30538.371,6,-3.0,87.649,85.2,73,27,1,0.149,-2.3,-2.449,13.56,73.0,8.857,0.861,0.0,0.0,-367.746,-45.725,-73,0
2025-04-27 15:30:01.628868,907d33fe-ef56-45a6-814d-ea12a6f9fea8,KXHIGHAUS-25APR27-B87.5,30538.371,50,-3.0,87.644,85.2,69,31,1,0.144,-2.3,-2.444,12.204,69.0,7.972,0.775,0.0,0.0,-339.034,-41.678,-69,0
2025-04-27 15:30:01.628868,0b981efc-c1d3-4930-8e4d-994b6b84ef61,KXHIGHAUS-25APR27-B87.5,30538.371,5,-3.0,87.631,85.2,70,30,1,0.131,-2.3,-2.431,10.983,70.0,7.174,0.697,0.0,0.0,-337.601,-42.625,-70,0
2025-04-27 15:30:09.139891,f1c4d407-365d-4ea4-ad5d-14c712d451dc,KXHIGHAUS-25APR27-B89.5,30530.86,50,-1.0,87.811,85.2,15,85,0,-1.689,-4.3,-2.611,9.885,63.0,15.0,0.628,0.0,0.0,-323.993,-15.268,15,0
2025-04-27 15:30:09.139891,10001aff-d641-43f2-af94-83dabc59693f,KXHIGHAUS-25APR27-B89.5,30530.86,26,-1.0,87.822,85.2,14,86,0,-1.678,-4.3,-2.622,8.897,56.7,14.0,0.565,0.0,0.0,-285.011,-16.184,14,0
2025-04-27 15:30:49.045879,b7011c52-ddef-4c20-8924-1d652e983a53,KXHIGHAUS-25APR27-B91.5,30490.954,11,1.0,88.038,85.2,5,95,1,-3.462,-6.3,-2.838,8.007,51.03,12.6,5.0,0.0,0.0,-257.299,13.884,-5,0
2025-04-27 15:30:49.054668,4f909044-6d1f-4766-bc38-ed18623c82ad,KXHIGHAUS-25APR27-B89.5,30490.945,10,-1.0,88.072,85.2,13,87,0,-1.428,-4.3,-2.872,7.206,45.927,13.0,4.5,0.0,0.0,-230.109,-17.305,13,0
2025-04-27 15:31:04.938652,fd227aac-5e61-4b25-b0f2-bbd7cbf462a0,KXHIGHAUS-25APR27-B89.5,30475.061,50,-1.0,88.101,85.2,13,87,0,-1.399,-4.3,-2.901,6.486,41.334,13.0,4.05,0.0,0.0,-204.968,-17.369,13,0
2025-04-27 15:31:04.938652,712dcff4-d314-47bd-a5ce-490f552235dd,KXHIGHAUS-25APR27-B89.5,30475.061,18,-1.0,88.108,85.2,12,88,0,-1.392,-4.3,-2.908,5.837,37.201,12.0,3.645,0.0,0.0,-179.362,-18.323,12,0
2025-04-27 15:31:13.360329,d7a3206b-b46f-447c-9c45-93a76ade1211,KXHIGHAUS-25APR27-T87,30466.64,10,-3.5,87.785,85.2,27,73,1,0.785,-1.8,-2.585,27.0,33.481,10.8,3.28,0.0,0.0,-236.134,42.099,73,1
2025-04-27 15:31:13.360329,0d41e1e9-fa85-4eb5-a078-c76f04ca7211,KXHIGHAUS-25APR27-T87,30466.64,50,-3.5,87.754,85.2,27,73,1,0.754,-1.8,-2.554,27.0,30.133,9.72,2.952,0.0,0.0,-216.909,42.196,73,1
2025-04-27 15:31:20.951493,d17c870f-93bc-4e63-8dd6-ede7a7e81f11,KXHIGHAUS-25APR27-B87.5,30459.049,20,-3.0,87.659,85.2,65,35,1,0.159,-2.3,-2.459,24.3,65.0,8.748,2.657,0.0,0.0,-370.433,-38.015,-65,0
2025-04-27 15:32:58.866460,f58bfe18-cc69-4644-b687-0565274e5ecf,KXHIGHAUS-25APR27-B89.5,30361.134,5,-1.0,87.844,85.2,18,82,1,-1.656,-4.3,-2.644,21.87,58.5,18.0,2.391,0.0,0.0,-359.621,13.38,-18,0
2025-04-27 15:32:58.866460,58e6f24f-0d05-4217-82da-eaa63c51087a,KXHIGHAUS-25APR27-B89.5,30361.134,168,-1.0,88.034,85.2,28,72,1,-1.466,-4.3,-2.834,19.683,52.65,28.0,2.152,0.0,0.0,-362.289,3.345,-28,0
2025-04-27 15:32:58.866460,556bc920-3de5-4ecb-bf76-a4657031d76d,KXHIGHAUS-25APR27-B89.5,30361.134,16,-1.0,88.062,85.2,27,73,1,-1.438,-4.3,-2.862,17.715,47.385,27.0,1.937,0.0,0.0,-324.013,3.904,-27,0
2025-04-27 15:32:58.866460,4fb86d0b-abd1-41ad-9599-cfa5020c54e7,KXHIGHAUS-25APR27-B89.5,30361.134,50,-1.0,87.927,85.2,17,83,1,-1.573,-4.3,-2.727,15.943,42.646,17.0,1.743,0.0,0.0,-253.331,13.877,-17,0
2025-04-27 15:32:58.866460,4d4761cd-40c3-4b1c-be48-2bb01fce1825,KXHIGHAUS-25APR27-B89.5,30361.134,12,-1.0,88.119,85.2,25,75,1,-1.381,-4.3,-2.919,14.349,38.382,25.0,1.569,0.0,0.0,-259.401,5.469,-25,0
2025-04-27 15:32:58.866460,399577b9-53d3-44b3-be07-d6e7ab78eef5,KXHIGHAUS-25APR27-B89.5,30361.134,15,-1.0,87.981,85.2,16,84,1,-1.519,-4.3,-2.781,12.914,34.544,16.0,1.412,0.0,0.0,-200.248,14.429,-16,0
2025-04-27 15:32:58.866460,1c403f76-d8f2-43d7-bbc7-51bb28c55e6a,KXHIGHAUS-25APR27-B89.5,30361.134,10,-1.0,88.069,85.2,18,82,1,-1.431,-4.3,-2.869,11.623,31.089,18.0,1.271,0.0,0.0,-187.691,12.421,-18,0
2025-04-27 15:32:58.866460,02aa973a-e8ac-4520-b66d-8e59c8f1dec3,KXHIGHAUS-25APR27-B89.5,30361.134,42,-1.0,88.301,85.2,27,73,1,-1.199,-4.3,-3.101,10.46,27.98,27.0,1.144,0.0,0.0,-206.915,3.4,-27,0
2025-04-27 15:32:58.929926,e4aab401-481d-4276-b8c9-dcceb1e92903,KXHIGHAUS-25APR27-T87,30361.07,15,-3.5,87.981,85.2,29,71,0,0.981,-1.8,-2.781,29.0,25.182,24.3,1.029,0.0,0.0,-256.452,-39.579,-71,1
2025-04-27 15:32:58.932564,db7e70b1-f902-414d-9945-e24c4f38e738,KXHIGHAUS-25APR27-B91.5,30361.067,15,1.0,88.033,85.2,2,98,0,-3.467,-6.3,-2.833,26.1,22.664,21.87,2.0,0.0,0.0,-224.724,-16.883,2,0
2025-04-27 15:32:58.933390,d67e64e4-e8b6-4464-981a-f54b52c39bbd,KXHIGHAUS-25APR27-B87.5,30361.067,15,-3.0,87.832,85.2,60,40,0,0.332,-2.3,-2.632,23.49,60.0,19.683,1.8,0.0,0.0,-379.517,33.019,60,0
2025-04-27 15:32:59.069831,b6daa4ad-116d-4023-8492-44ecbaf6ca7b,KXHIGHAUS-25APR27-T87,30360.93,3,-3.5,87.768,85.2,29,71,0,0.768,-1.8,-2.568,29.0,54.0,17.715,1.62,0.0,0.0,-364.757,-39.492,-71,1
2025-04-27 15:33:09.276742,a74b26f4-4d39-49a3-8f0d-3eb23e5ee1d8,KXHIGHAUS-25APR27-T87,30350.723,7,-3.5,87.752,85.2,28,72,0,0.752,-1.8,-2.552,28.0,48.6,15.943,1.458,0.0,0.0,-326.743,-39.954,-72,1
2025-04-27 15:33:09.277291,77e3012e-c463-49bb-b521-375c94ea48f8,KXHIGHAUS-25APR27-B89.5,30350.723,7,-1.0,87.766,85.2,15,85,0,-1.734,-4.3,-2.566,25.2,43.74,15.0,1.312,0.0,0.0,-287.555,-16.425,15,0
2025-04-27 15:33:09.277868,994e7bf3-3737-4bde-a6da-cec3de1b71de,KXHIGHAUS-25APR27-B87.5,30350.722,7,-3.0,87.709,85.2,60,40,0,0.209,-2.3,-2.509,22.68,60.0,13.5,1.181,0.0,0.0,-351.789,33.021,60,0
2025-04-27 15:33:09.279946,883fcf20-de21-44cc-94d0-7efd0268f916,KXHIGHAUS-25APR27-B91.5,30350.72,7,1.0,87.749,85.2,2,98,0,-3.751,-6.3,-2.549,20.412,54.0,12.15,2.0,0.0,0.0,-308.699,-16.879,2,0
2025-04-27 15:33:35.620049,51862e26-0a63-46cf-a3f8-c51631ae3eb8,KXHIGHAUS-25APR27-T87,30324.38,21,-3.5,87.62,85.2,35,65,1,0.62,-1.8,-2.42,35.0,48.6,10.935,1.8,0.0,0.0,-340.395,32.716,65,1
2025-04-27 15:33:35.620049,207a63fa-dd61-429c-af33-405fffc61e2b,KXHIGHAUS-25APR27-T87,30324.38,50,-3.5,87.603,85.2,34,66,1,0.603,-1.8,-2.403,34.0,43.74,9.842,1.62,0.0,0.0,-308.443,33.869,66,1
2025-04-27 15:36:17.499034,3079feb7-99fd-4e68-bb6f-9813d588121a,KXHIGHAUS-25APR27-T87,30162.501,11,-3.5,87.6,85.2,31,69,1,0.6,-1.8,-2.4,31.0,39.366,8.857,1.458,0.0,0.0,-270.911,36.184,69,1
2025-04-27 15:37:35.589698,fd455fd2-b839-4610-b482-8dc78f91f7ac,KXHIGHAUS-25APR27-T87,30084.41,12,-3.5,87.373,85.2,72,28,1,0.373,-1.8,-2.173,72.0,35.429,7.972,1.312,0.0,0.0,-451.221,-7.616,28,1
2025-04-27 15:37:35.589698,dfa4aab8-b171-45fb-8833-63f4f29d8fd7,KXHIGHAUS-25APR27-T87,30084.41,21,-3.5,87.501,85.2,38,62,1,0.501,-1.8,-2.301,38.0,31.886,7.174,1.181,0.0,0.0,-262.959,26.943,62,1
2025-04-27 15:37:35.589698,43cb8e6d-7f7e-457f-ac7f-4b9a59839e10,KXHIGHAUS-25APR27-T87,30084.41,50,-3.5,87.482,85.2,37,63,1,0.482,-1.8,-2.282,37.0,28.698,6.457,1.063,0.0,0.0,-242.046,30.123,63,1
2025-04-27 15:37:42.245852,7f4b29f1-2e40-4d21-8d00-43ae86c7fd41,KXHIGHAUS-25APR27-B87.5,30077.754,20,-3.0,87.488,85.2,57,43,1,-0.012,-2.3,-2.288,33.3,57.0,5.811,0.957,0.0,0.0,-357.373,-30.024,-57,0
2025-04-27 15:40:46.719956,b06bba57-636b-459f-bc44-53eb9bf91c88,KXHIGHAUS-25APR27-B89.5,29893.28,15,-1.0,87.727,85.2,17,83,0,-1.773,-4.3,-2.527,29.97,51.3,17.0,0.861,0.0,0.0,-351.943,-14.459,17,0
2025-04-27 15:42:14.611277,7a423a87-a06e-45f9-8250-d2ffa4f8c650,KXHIGHAUS-25APR27-T87,29805.389,12,-3.5,87.674,85.2,34,66,1,0.674,-1.8,-2.474,34.0,46.17,15.3,0.775,0.0,0.0,-338.373,30.285,66,1
2025-04-27 15:42:49.456061,836e61f8-f4f6-4bbe-bb0e-95a16828a802,KXHIGHAUS-25APR27-T87,29770.544,10,-3.5,87.767,85.2,20,80,0,0.767,-1.8,-2.567,20.0,41.553,13.77,0.697,0.0,0.0,-250.642,-43.863,-80,1
2025-04-27 15:43:04.877789,b90f91d5-82dc-47fb-b5ba-1acf593f1a85,KXHIGHAUS-25APR27-T87,29755.122,14,-3.5,87.622,85.2,34,66,1,0.622,-1.8,-2.422,34.0,37.398,12.393,0.628,0.0,0.0,-286.239,29.335,66,1
2025-04-27 15:43:30.805222,040fdae3-3b14-4221-8861-4da615249726,KXHIGHAUS-25APR27-T87,29729.195,1,-3.5,87.627,85.2,30,70,1,0.627,-1.8,-2.427,30.0,33.658,11.154,0.565,0.0,0.0,-246.963,33.323,70,1
2025-04-27 15:43:53.700014,75abc403-9699-4bd3-8ee2-d7f59814f67f,KXHIGHAUS-25APR27-T87,29706.3,50,-3.5,87.52,85.2,41,59,1,0.52,-1.8,-2.32,41.0,30.292,10.038,0.508,0.0,0.0,-278.388,21.771,59,1
2025-04-27 15:44:15.433257,f1ea36a9-82bc-4999-85ff-86f019a6ec57,KXHIGHAUS-25APR27-T87,29684.567,169,-3.5,87.362,85.2,69,31,1,0.362,-1.8,-2.162,69.0,27.263,9.034,0.458,0.0,0.0,-401.799,-12.204,31,1
2025-04-27 15:44:15.433257,bc36d7f2-96d0-4bf0-9f67-438d2d9634f1,KXHIGHAUS-25APR27-T87,29684.567,50,-3.5,87.415,85.2,50,50,1,0.415,-1.8,-2.215,50.0,24.537,8.131,0.412,0.0,0.0,-290.797,6.814,50,1
2025-04-27 15:44:15.433257,86b27f4a-67a6-44b1-ae47-2d4530cba923,KXHIGHAUS-25APR27-T87,29684.567,13,-3.5,87.342,85.2,61,39,1,0.342,-1.8,-2.142,61.0,22.083,7.318,0.371,0.0,0.0,-333.303,-4.13,39,1
2025-04-27 15:44:15.433257,804e3484-a02e-41d0-b743-dc0cc71e6b8e,KXHIGHAUS-25APR27-T87,29684.567,6,-3.5,87.359,85.2,51,49,1,0.359,-1.8,-2.159,51.0,19.875,6.586,0.334,0.0,0.0,-271.986,7.785,49,1
2025-04-27 15:44:15.433257,7c7ceaaf-e150-402c-bc74-658777bf28db,KXHIGHAUS-25APR27-T87,29684.567,200,-3.5,87.273,85.2,68,32,1,0.273,-1.8,-2.073,68.0,17.887,5.928,0.3,0.0,0.0,-348.702,-8.906,32,1
2025-04-27 15:44:15.433257,76cbeebe-9904-4fa2-bfa3-cad448eb704b,KXHIGHAUS-25APR27-T87,29684.567,40,-3.5,87.27,85.2,62,38,1,0.27,-1.8,-2.07,62.0,16.098,5.335,0.27,0.0,0.0,-309.194,-1.708,38,1
2025-04-27 15:44:15.433257,5a9aedba-da11-4109-97e3-db81399aa272,KXHIGHAUS-25APR27-T87,29684.567,23,-3.5,87.331,85.2,42,58,1,0.331,-1.8,-2.131,42.0,14.489,4.801,0.243,0.0,0.0,-202.904,18.811,58,1
2025-04-27 15:44:15.433257,45685868-cf6a-4ec0-823f-53735ecf6139,KXHIGHAUS-25APR27-T87,29684.567,25,-3.5,87.267,85.2,51,49,1,0.267,-1.8,-2.067,51.0,13.04,4.321,0.219,0.0,0.0,-240.001,10.489,49,1
2025-04-27 15:44:15.433257,31154791-a436-4a58-b3d0-bae7a0edde0a,KXHIGHAUS-25APR27-T87,29684.567,9,-3.5,87.199,85.2,67,33,1,0.199,-1.8,-1.999,67.0,11.736,3.889,0.197,0.0,0.0,-315.577,-5.425,33,1
2025-04-27 15:44:15.433257,209009c9-f84c-474a-a157-a7b98b8bdb42,KXHIGHAUS-25APR27-T87,29684.567,15,-3.5,87.268,85.2,41,59,1,0.268,-1.8,-2.068,41.0,10.562,3.5,0.177,0.0,0.0,-181.233,21.118,59,1
2025-04-27 15:46:20.446033,ba6f002a-7ce1-44ca-9488-ffe1fbf68049,KXHIGHAUS-25APR27-T87,29559.554,10,-3.5,87.212,85.2,50,50,0,0.212,-1.8,-2.012,50.0,9.506,3.15,0.16,0.0,0.0,-220.33,-6.759,-50,1
2025-04-27 15:47:33.286950,7aefa04e-296a-48cf-96d7-609b51af43cb,KXHIGHAUS-25APR27-B91.5,29486.713,50,1.0,87.276,85.2,1,99,0,-4.224,-6.3,-2.076,45.0,8.555,2.835,1.0,0.0,0.0,-192.619,-17.876,1,0
2025-04-27 15:49:19.538199,bcec8b7b-3b29-45ab-9561-e7135cc72adf,KXHIGHAUS-25APR27-B89.5,29380.462,13,-1.0,87.627,85.2,11,89,0,-1.873,-4.3,-2.427,36.45,6.93,11.0,0.81,0.0,0.0,-170.693,-20.608,11,0
2025-04-27 15:49:19.538199,c27db5f6-a382-43d1-b735-09d10fa3c56c,KXHIGHAUS-25APR27-B89.5,29380.462,50,-1.0,87.557,85.2,10,90,0,-1.943,-4.3,-2.357,40.5,7.7,10.0,0.9,0.0,0.0,-188.551,-21.675,10,0
2025-04-27 15:49:39.416800,dfaa0dea-39be-4535-bdb5-eea62bbafebe,KXHIGHAUS-25APR27-T87,29360.583,25,-3.5,87.466,85.2,50,50,0,0.466,-1.8,-2.266,50.0,6.237,9.9,0.729,0.0,0.0,-229.483,-4.039,-50,1
2025-04-27 15:49:39.416800,a67ed809-4bea-4c6d-bde0-921a13f67fbc,KXHIGHAUS-25APR27-T87,29360.583,5,-3.5,87.43,85.2,50,50,0,0.43,-1.8,-2.23,50.0,5.613,8.91,0.656,0.0,0.0,-224.496,-4.056,-50,1
2025-04-27 15:49:49.631087,cdf263c2-a981-4b97-9d09-ea1bfc1985b5,KXHIGHAUS-25APR27-T87,29350.369,15,-3.5,87.396,85.2,50,50,0,0.396,-1.8,-2.196,50.0,5.052,8.019,0.59,0.0,0.0,-220.167,-4.014,-50,1
2025-04-27 15:50:21.870149,d411377b-8d90-4cb1-bb27-428ca6146c68,KXHIGHAUS-25APR27-B89.5,29318.13,5,-1.0,87.388,85.2,7,93,0,-2.112,-4.3,-2.188,45.0,4.547,7.0,0.531,0.0,0.0,-191.471,-24.804,7,0
2025-04-27 15:50:21.870149,c3abfc5d-a1c0-41ed-b178-77af37cf8fce,KXHIGHAUS-25APR27-B89.5,29318.13,50,-1.0,87.417,85.2,7,93,0,-2.083,-4.3,-2.217,40.5,4.092,7.0,0.478,0.0,0.0,-168.937,-24.75,7,0
2025-04-27 15:50:21.870149,b2ba8da0-ac3a-4f1b-b81d-85c83e538cec,KXHIGHAUS-25APR27-B89.5,29318.13,17,-1.0,87.403,85.2,6,94,0,-2.097,-4.3,-2.203,36.45,3.683,6.0,0.43,0.0,0.0,-146.261,-25.749,6,0
2025-04-27 15:50:21.870149,03c11b66-4f3b-4b90-87b2-1bd063b28bac,KXHIGHAUS-25APR27-B89.5,29318.13,35,-1.0,87.569,85.2,9,91,0,-1.931,-4.3,-2.369,32.805,3.315,9.0,0.387,0.0,0.0,-137.888,-22.714,9,0
2025-04-27 15:50:29.787840,1fc58aa0-fbf4-4d52-a6cc-6aa081b4fc66,KXHIGHAUS-25APR27-T87,29310.212,10,-3.5,87.373,85.2,51,49,0,0.373,-1.8,-2.173,51.0,2.983,8.1,0.349,0.0,0.0,-220.36,-3.006,-49,1
2025-04-27 15:50:34.573342,c999e2f9-9e7a-48b9-9de2-2956865ebb8d,KXHIGHAUS-25APR27-T87,29305.427,15,-3.5,87.342,85.2,51,49,0,0.342,-1.8,-2.142,51.0,2.685,7.29,0.314,0.0,0.0,-217.292,-2.955,-49,1
2025-04-27 15:50:34.573342,5735408a-ceb7-42b2-97ee-63a04cfcad81,KXHIGHAUS-25APR27-T87,29305.427,15,-3.5,87.313,85.2,51,49,0,0.313,-1.8,-2.113,51.0,2.416,6.561,0.282,0.0,0.0,-214.64,-2.972,-49,1
2025-04-27 15:50:34.573342,0ffa94f6-b63b-42b4-aa02-2207ac819300,KXHIGHAUS-25APR27-T87,29305.427,69,-3.5,87.291,85.2,50,50,0,0.291,-1.8,-2.091,50.0,2.175,5.905,0.254,0.0,0.0,-207.428,-3.997,-50,1
2025-04-27 15:52:54.536382,9643ba1c-8dbe-49a6-bafd-1cd0d86fbd8a,KXHIGHAUS-25APR27-B87.5,29165.464,15,-3.0,87.376,85.2,38,62,0,-0.124,-2.3,-2.176,45.0,38.0,5.314,0.229,0.0,0.0,-318.068,11.026,38,0
2025-04-27 15:53:30.836807,ef6c40e9-85f4-4d86-b98a-0e30d1236b4a,KXHIGHAUS-25APR27-T87,29129.163,50,-3.5,87.34,85.2,49,51,1,0.34,-1.8,-2.14,49.0,34.2,4.783,0.206,0.0,0.0,-318.662,3.925,51,1
2025-04-27 15:55:22.107528,b9021898-50a0-438c-a396-85b03fbe9d2b,KXHIGHAUS-25APR27-T87,29017.892,16,-3.5,87.349,85.2,42,58,0,0.349,-1.8,-2.149,42.0,30.78,4.305,0.185,0.0,0.0,-268.432,-10.886,-58,1
2025-04-27 15:55:34.032156,6b00b4da-17f3-44b6-ae41-03b81af58233,KXHIGHAUS-25APR27-T87,29005.968,35,-3.5,87.301,85.2,44,56,1,0.301,-1.8,-2.101,44.0,24.932,3.487,0.15,0.0,0.0,-250.759,8.794,56,1
2025-04-27 15:55:34.032156,b2277a89-ee11-43f8-8d38-a9eed2165018,KXHIGHAUS-25APR27-T87,29005.968,15,-3.5,87.325,85.2,43,57,1,0.325,-1.8,-2.125,43.0,27.702,3.874,0.167,0.0,0.0,-258.692,9.137,57,1
2025-04-27 15:55:50.953883,66382214-a57f-4dfc-854d-cc9d252547c1,KXHIGHAUS-25APR27-B89.5,28989.046,1,-1.0,87.482,85.2,9,91,0,-2.018,-4.3,-2.282,39.6,22.439,9.0,0.135,0.0,0.0,-234.988,-22.862,9,0
2025-04-27 15:55:50.953883,4baf7dc9-a559-4fe5-9967-43a7771c40e7,KXHIGHAUS-25APR27-B89.5,28989.046,40,-1.0,87.51,85.2,9,91,0,-1.99,-4.3,-2.31,35.64,20.195,9.0,0.122,0.0,0.0,-207.571,-22.83,9,0
2025-04-27 15:56:41.742195,d519f8d7-4c71-4057-b848-ce975acbdbb7,KXHIGHAUS-25APR27-T87,28938.258,11,-3.5,87.443,85.2,41,59,1,0.443,-1.8,-2.243,41.0,18.175,8.1,0.109,0.0,0.0,-221.668,8.113,59,1
2025-04-27 15:57:32.575470,39de9522-1901-49c7-96b7-e6f70e83d67a,KXHIGHAUS-25APR27-T87,28887.425,4,-3.5,87.49,85.2,31,69,0,0.49,-1.8,-2.29,31.0,16.358,7.29,0.098,0.0,0.0,-166.422,-17.248,-69,1
2025-04-27 15:58:15.555023,56dd9523-9905-4c33-b846-c05055bde686,KXHIGHAUS-25APR27-B89.5,28844.445,40,-1.0,87.585,85.2,9,91,0,-1.915,-4.3,-2.385,27.9,14.722,9.0,0.089,0.0,0.0,-152.021,-22.921,9,0
2025-04-27 15:58:15.555023,26e5d81f-7ccf-4c12-b223-eae91705e662,KXHIGHAUS-25APR27-B89.5,28844.445,8,-1.0,87.581,85.2,8,92,0,-1.919,-4.3,-2.381,25.11,13.25,8.0,0.08,0.0,0.0,-131.607,-23.866,8,0
2025-04-27 15:58:24.198496,076f7b46-10c3-4d56-a73d-95f036587dfa,KXHIGHAUS-25APR27-T87,28835.802,146,-3.5,87.453,85.2,31,69,0,0.453,-1.8,-2.253,31.0,10.732,6.48,0.065,0.0,0.0,-143.857,-16.932,-69,1
2025-04-27 15:58:24.198496,56473b91-b131-4edf-8ddd-52ce1f44b67f,KXHIGHAUS-25APR27-T87,28835.802,102,-3.5,87.515,85.2,28,72,0,0.515,-1.8,-2.315,28.0,11.925,7.2,0.072,0.0,0.0,-136.883,-19.893,-72,1
2025-04-27 16:03:59.386397,699ecc70-85c7-4225-9818-a7a5352743e8,KXHIGHAUS-25APR27-T87,28500.614,40,-3.5,87.442,85.2,29,71,0,0.442,-1.8,-2.242,29.0,9.659,5.832,0.058,0.0,0.0,-129.676,-18.88,-71,1
2025-04-27 16:04:32.317919,6eb4e41b-9eb8-4622-af96-27cf37cbfe4a,KXHIGHAUS-25APR27-B87.5,28467.682,6,-3.0,87.475,85.2,64,36,1,-0.025,-2.3,-2.275,26.1,64.0,5.249,0.052,0.0,0.0,-359.853,-37.026,-64,0
2025-04-27 16:09:52.166033,b20b4768-f5e0-412e-b63d-174b8e38634b,KXHIGHAUS-25APR27-T87,28147.834,41,-3.5,87.419,85.2,35,65,0,0.419,-1.8,-2.219,35.0,57.6,4.724,0.047,0.0,0.0,-365.111,-12.821,-65,1
2025-04-27 16:09:52.166033,80f78a76-f637-40ff-9f0e-928b0f848d9f,KXHIGHAUS-25APR27-T87,28147.834,35,-3.5,87.399,85.2,36,64,0,0.399,-1.8,-2.199,36.0,51.84,4.252,0.042,0.0,0.0,-339.699,-11.867,-64,1
2025-04-27 16:11:36.794290,c772e4b3-bd3f-42ca-8ed1-a6d7b56cc4a1,KXHIGHAUS-25APR27-B89.5,28043.206,5,-1.0,87.587,85.2,12,88,1,-1.913,-4.3,-2.387,32.4,46.656,12.0,0.038,0.0,0.0,-321.676,19.981,-12,0
2025-04-27 16:13:34.785011,1fd5916b-5675-4d08-844e-56bdd4f48af3,KXHIGHAUS-25APR27-B89.5,27925.215,43,-1.0,87.994,85.2,24,76,1,-1.506,-4.3,-2.794,21.258,30.611,24.0,0.025,0.0,0.0,-245.891,8.048,-24,0
2025-04-27 16:13:34.785011,0952abb3-4dc0-4e41-9fbe-50746c6c59e1,KXHIGHAUS-25APR27-B89.5,27925.215,40,-1.0,87.747,85.2,12,88,1,-1.753,-4.3,-2.547,19.132,27.55,12.0,0.023,0.0,0.0,-177.554,19.992,-12,0
2025-04-27 16:13:34.785011,7b2fb668-9e98-440e-b754-5a76cbc4510a,KXHIGHAUS-25APR27-B89.5,27925.215,13,-1.0,87.945,85.2,24,76,1,-1.555,-4.3,-2.745,23.62,34.012,24.0,0.028,0.0,0.0,-270.812,8.259,-24,0
2025-04-27 16:13:34.785011,ffe9ba51-3863-4113-8f35-46c381743c29,KXHIGHAUS-25APR27-B89.5,27925.215,7,-1.0,87.637,85.2,13,87,1,-1.863,-4.3,-2.437,29.16,41.99,13.0,0.034,0.0,0.0,-288.516,19.477,-13,0
2025-04-27 16:13:34.785011,d9b12dff-9c20-4b30-bbab-95847bfe475a,KXHIGHAUS-25APR27-B89.5,27925.215,32,-1.0,87.692,85.2,14,86,1,-1.808,-4.3,-2.492,26.244,37.791,14.0,0.031,0.0,0.0,-259.851,18.47,-14,0
2025-04-27 16:13:52.448329,64a5398e-79ee-4a85-be4c-7c1707e690da,KXHIGHAUS-25APR27-T87,27907.552,21,-3.5,87.49,85.2,45,55,1,0.49,-1.8,-2.29,45.0,24.795,10.8,0.02,0.0,0.0,-276.527,2.321,55,1
2025-04-27 16:13:52.448329,37b27f8a-245e-40af-aa56-7ff82eb9d145,KXHIGHAUS-25APR27-T87,27907.552,14,-3.5,87.455,85.2,46,54,1,0.455,-1.8,-2.255,46.0,22.315,9.72,0.018,0.0,0.0,-267.445,1.815,54,1
2025-04-27 16:13:52.525024,b57f406a-54e8-43c9-a8ce-b70d44ba411e,KXHIGHAUS-25APR27-B91.5,27907.475,21,1.0,87.511,85.2,1,99,0,-3.989,-6.3,-2.311,41.4,20.084,8.748,1.0,0.0,0.0,-233.367,-17.848,1,0
2025-04-27 16:13:52.529311,db84c202-b214-4954-9836-8b11711a91da,KXHIGHAUS-25APR27-B87.5,27907.471,21,-3.0,87.507,85.2,52,48,0,0.007,-2.3,-2.307,37.26,52.0,7.873,0.9,0.0,0.0,-356.42,25.026,52,0
2025-04-27 16:13:52.529763,c5207798-05f6-401c-b495-f8ecb75dd1bf,KXHIGHAUS-25APR27-B89.5,27907.47,21,-1.0,87.528,85.2,8,92,0,-1.972,-4.3,-2.328,33.534,46.8,8.0,0.81,0.0,0.0,-314.242,-24.765,8,0
2025-04-27 16:14:14.737694,b7733dab-5e2c-4054-8b81-fde91e791b5a,KXHIGHAUS-25APR27-B87.5,27885.262,2,-3.0,87.525,85.2,52,48,0,0.025,-2.3,-2.325,30.181,52.0,7.2,0.729,0.0,0.0,-322.279,25.027,52,0
2025-04-27 16:14:14.737694,8d851e72-8311-47a4-96ae-d94f3f8e15f9,KXHIGHAUS-25APR27-B87.5,27885.262,500,-3.0,87.523,85.2,51,49,0,0.023,-2.3,-2.323,27.163,51.0,6.48,0.656,0.0,0.0,-302.042,24.026,51,0
2025-04-27 16:14:39.617032,ec9daedb-fcc6-45e5-b709-d3965489af0a,KXHIGHAUS-25APR27-B89.5,27860.383,40,-1.0,87.867,85.2,22,78,1,-1.633,-4.3,-2.667,24.446,45.9,22.0,0.59,0.0,0.0,-321.469,10.897,-22,0
2025-04-27 16:14:39.617032,787b413f-3120-4389-bc52-2a56ccfe4284,KXHIGHAUS-25APR27-B89.5,27860.383,150,-1.0,87.927,85.2,23,77,1,-1.573,-4.3,-2.727,22.002,41.31,23.0,0.531,0.0,0.0,-293.509,9.818,-23,0
2025-04-27 16:14:39.617032,59ac6096-e2c5-40a2-99d9-5c7232e99825,KXHIGHAUS-25APR27-B89.5,27860.383,287,-1.0,88.009,85.2,25,75,1,-1.491,-4.3,-2.809,19.801,37.179,25.0,0.478,0.0,0.0,-273.671,7.785,-25,0
2025-04-27 16:15:22.483848,5027d448-9bb5-4b7e-b318-3f3de50a414a,KXHIGHAUS-25APR27-B87.5,27817.516,1,-3.0,87.835,85.2,65,35,1,0.335,-2.3,-2.635,16.039,65.0,20.25,0.387,0.0,0.0,-376.392,-38.017,-65,0
2025-04-27 16:15:22.483848,ba8bc722-74e1-4a6a-9b0b-4c5ee9458f34,KXHIGHAUS-25APR27-B87.5,27817.516,14,-3.0,87.861,85.2,64,36,1,0.361,-2.3,-2.661,17.821,64.0,22.5,0.43,0.0,0.0,-387.192,-36.984,-64,0
2025-04-27 16:16:13.210894,53c854a4-8eac-413d-8c6e-df26eaeb1de4,KXHIGHAUS-25APR27-T87,27766.789,10,-3.5,87.591,85.2,47,53,1,0.591,-1.8,-2.391,47.0,52.65,16.403,0.314,0.0,0.0,-435.165,-0.161,53,1
2025-04-27 16:16:13.210894,d1e4e12c-a022-4756-84f2-c4e208bcdf6f,KXHIGHAUS-25APR27-T87,27766.789,1,-3.5,87.621,85.2,46,54,1,0.621,-1.8,-2.421,46.0,58.5,18.225,0.349,0.0,0.0,-466.692,0.424,54,1
2025-04-27 16:16:27.275415,b8e6640a-b96f-4b10-ae36-0986a74a7e76,KXHIGHAUS-25APR27-T87,27752.725,15,-3.5,87.565,85.2,47,53,1,0.565,-1.8,-2.365,47.0,47.385,14.762,0.282,0.0,0.0,-403.167,-0.624,53,1
2025-04-27 16:17:20.702575,ccb5a48a-0d79-4302-81f3-426ff9e8258f,KXHIGHAUS-25APR27-T87,27699.297,9,-3.5,87.505,85.2,54,46,1,0.505,-1.8,-2.305,54.0,42.646,13.286,0.254,0.0,0.0,-409.474,-8.72,46,1
2025-04-27 16:17:20.702575,31d2b0e0-e4b2-4532-9435-b490b355978f,KXHIGHAUS-25APR27-T87,27699.297,5,-3.5,87.479,85.2,54,46,1,0.479,-1.8,-2.279,54.0,38.382,11.957,0.229,0.0,0.0,-384.739,-8.138,46,1
2025-04-27 16:17:26.826299,073abf85-1aa9-4bcb-8f59-3996113aed52,KXHIGHAUS-25APR27-T87,27693.174,11,-3.5,87.649,85.2,24,76,0,0.649,-1.8,-2.449,24.0,34.544,10.762,0.206,0.0,0.0,-223.879,-20.918,-76,1
2025-04-27 16:17:36.891508,3a0a4ffd-2794-41ad-b0d1-7e13ebdf90e4,KXHIGHAUS-25APR27-B89.5,27683.108,7,-1.0,87.464,85.2,4,96,0,-2.036,-4.3,-2.264,21.6,31.089,4.0,0.185,0.0,0.0,-178.453,-29.172,4,0
2025-04-27 16:17:36.891508,0d2fa1de-8768-40e2-8c0d-5bc226a007fa,KXHIGHAUS-25APR27-B89.5,27683.108,4,-1.0,87.625,85.2,8,92,0,-1.875,-4.3,-2.425,19.44,27.98,8.0,0.167,0.0,0.0,-167.238,-25.169,8,0
2025-04-27 16:17:36.891508,0b895bdc-df75-42d2-a023-7d45619b81c9,KXHIGHAUS-25APR27-B89.5,27683.108,13,-1.0,87.539,85.2,5,95,0,-1.961,-4.3,-2.339,17.496,25.182,5.0,0.15,0.0,0.0,-139.077,-27.948,5,0
2025-04-27 16:20:16.744063,21d92640-4d4a-4d23-ac7b-96bf8507c651,KXHIGHAUS-25APR27-T87,27523.256,15,-3.5,87.443,85.2,25,75,0,0.443,-1.8,-2.243,25.0,22.664,4.5,0.135,0.0,0.0,-157.7,-19.583,-75,1
2025-04-27 16:21:47.002687,43cc7364-81e1-41b5-affe-b09b907cfd5e,KXHIGHAUS-25APR27-B89.5,27432.997,18,-1.0,87.914,85.2,18,82,0,-1.586,-4.3,-2.714,22.5,20.398,18.0,0.122,0.0,0.0,-183.332,-15.174,18,0
2025-04-27 16:21:55.600690,75aee7a8-ab37-48f1-8a99-a531c22fd561,KXHIGHAUS-25APR27-B87.5,27424.399,1,-3.0,87.777,85.2,41,59,0,0.277,-2.3,-2.577,18.225,41.0,14.58,0.098,0.0,0.0,-244.001,13.979,41,0
2025-04-27 16:21:55.600690,1873eb17-bf20-445f-b23a-aa8ec9020513,KXHIGHAUS-25APR27-B87.5,27424.399,7,-3.0,87.764,85.2,40,60,0,0.264,-2.3,-2.564,16.403,40.0,13.122,0.089,0.0,0.0,-227.005,12.981,40,0
2025-04-27 16:21:55.600690,c217c0c2-c4bf-4bf0-a12a-ffaa5fbe10ab,KXHIGHAUS-25APR27-B87.5,27424.399,25,-3.0,87.793,85.2,41,59,0,0.293,-2.3,-2.593,20.25,41.0,16.2,0.109,0.0,0.0,-258.047,13.979,41,0
2025-04-27 16:24:42.830547,b031eba4-bf68-41ab-acc1-41af666c58f8,KXHIGHAUS-25APR27-B87.5,27257.169,6,-3.0,87.667,85.2,65,35,1,0.167,-2.3,-2.467,13.286,65.0,10.629,0.072,0.0,0.0,-330.635,-38.019,-65,0
2025-04-27 16:24:42.830547,9749eebb-52af-4beb-b359-1cda79684cc2,KXHIGHAUS-25APR27-B87.5,27257.169,1,-3.0,87.653,85.2,66,34,1,0.153,-2.3,-2.453,11.957,66.0,9.566,0.065,0.0,0.0,-327.613,-39.019,-66,0
2025-04-27 16:24:42.830547,e02942d7-8aa7-4d80-a357-cf60eacf41dd,KXHIGHAUS-25APR27-B87.5,27257.169,1,-3.0,87.681,85.2,65,35,1,0.181,-2.3,-2.481,14.762,65.0,11.81,0.08,0.0,0.0,-340.032,-38.038,-65,0
2025-04-27 16:24:42.830547,264c8dfa-7f84-4b11-9490-70c424f619a6,KXHIGHAUS-25APR27-B87.5,27257.169,14,-3.0,87.643,85.2,65,35,1,0.143,-2.3,-2.443,10.762,65.0,8.609,0.058,0.0,0.0,-315.274,-37.993,-65,0
2025-04-27 16:24:42.895275,b45ed3ca-b8c8-425c-bafc-f374fcb29599,KXHIGHAUS-25APR27-B91.5,27257.105,6,1.0,87.69,85.2,1,99,0,-3.81,-6.3,-2.49,9.686,58.5,7.748,1.0,0.0,0.0,-275.895,-17.828,1,0
2025-04-27 16:24:42.895600,8b06f210-73ad-4ccd-8696-9e1238a9c281,KXHIGHAUS-25APR27-T87,27257.104,6,-3.5,87.546,85.2,27,73,0,0.546,-1.8,-2.346,27.0,52.65,6.974,0.9,0.0,0.0,-311.123,-17.573,-73,1
2025-04-27 16:24:42.896901,e8fc1e93-dc2f-4999-bb83-afad2a326236,KXHIGHAUS-25APR27-B89.5,27257.103,6,-1.0,87.799,85.2,18,82,0,-1.701,-4.3,-2.599,24.3,47.385,18.0,0.81,0.0,0.0,-312.21,-15.177,18,0
2025-04-27 16:24:43.008768,c108265e-23ba-499f-92cc-57411a8d6b5b,KXHIGHAUS-25APR27-B89.5,27256.991,1,-1.0,87.836,85.2,18,82,0,-1.664,-4.3,-2.636,21.87,42.646,18.0,0.729,0.0,0.0,-279.318,-15.192,18,0
2025-04-27 16:24:48.423982,8056ebed-790a-47ff-875c-cc9d306b4e12,KXHIGHAUS-25APR27-T87,27251.576,2,-3.5,87.679,85.2,37,63,1,0.679,-1.8,-2.479,37.0,38.382,16.2,0.656,0.0,0.0,-318.446,7.276,63,1
2025-04-27 16:24:48.423982,52eab8ea-3509-4a09-a9b2-28833450dc5e,KXHIGHAUS-25APR27-T87,27251.576,50,-3.5,87.643,85.2,38,62,1,0.643,-1.8,-2.443,38.0,34.544,14.58,0.59,0.0,0.0,-299.348,6.35,62,1
2025-04-27 16:25:02.755514,429bab72-92ed-464b-82a6-fd5f3c181104,KXHIGHAUS-25APR27-B89.5,27237.244,3,-1.0,87.4,85.2,4,96,0,-2.1,-4.3,-2.2,34.2,31.089,4.0,0.531,0.0,0.0,-232.861,-29.194,4,0
2025-04-27 16:26:39.158129,a4e5bfa5-aa55-4152-95fb-c222813475b3,KXHIGHAUS-25APR27-T87,27140.842,11,-3.5,87.31,85.2,49,51,1,0.31,-1.8,-2.11,49.0,27.98,3.6,0.478,0.0,0.0,-288.174,-5.131,51,1
2025-04-27 16:27:42.460661,2c7245c6-8f0f-460a-89d0-0ac9a84b9fcd,KXHIGHAUS-25APR27-T87,27077.539,50,-3.5,87.306,85.2,45,55,1,0.306,-1.8,-2.106,45.0,25.182,3.24,0.43,0.0,0.0,-255.988,-1.136,55,1
2025-04-27 16:28:32.902505,acc5954f-eeee-42f6-992f-efb23ec63d7d,KXHIGHAUS-25APR27-B89.5,27027.097,300,-1.0,87.373,85.2,5,95,0,-2.127,-4.3,-2.173,40.5,22.664,5.0,0.387,0.0,0.0,-228.312,-28.203,5,0
2025-04-27 16:28:37.830698,cd90677b-df7f-4322-a5fb-e050d206cf8e,KXHIGHAUS-25APR27-B91.5,27022.169,123,1.0,87.416,85.2,1,99,0,-4.084,-6.3,-2.216,36.45,20.398,4.5,1.0,0.0,0.0,-199.348,-17.789,1,0
2025-04-27 16:28:37.830698,b7c84077-3269-472a-8197-f1e21fd76439,KXHIGHAUS-25APR27-B91.5,27022.169,94,1.0,87.423,85.2,1,99,0,-4.077,-6.3,-2.223,32.805,18.358,4.05,1.0,0.0,0.0,-173.596,-17.797,1,0
2025-04-27 16:28:37.830698,4437ff41-a1f6-4db8-bd8d-949d3aea5d34,KXHIGHAUS-25APR27-B91.5,27022.169,30,1.0,87.432,85.2,1,99,0,-4.068,-6.3,-2.232,29.525,16.522,3.645,1.0,0.0,0.0,-151.001,-17.804,1,0
2025-04-27 16:34:55.851580,75df26f0-1f49-4ad9-8fbf-da954780064c,KXHIGHAUS-25APR27-B89.5,26644.148,56,-1.0,87.419,85.2,3,97,0,-2.081,-4.3,-2.219,26.572,14.87,3.0,0.9,0.0,0.0,-130.493,-30.193,3,0
2025-04-27 16:34:55.851580,51b7e8b7-fb8f-4795-802e-1ee7fc950a83,KXHIGHAUS-25APR27-B89.5,26644.148,90,-1.0,87.434,85.2,3,97,0,-2.066,-4.3,-2.234,23.915,13.383,3.0,0.81,0.0,0.0,-113.758,-30.2,3,0
2025-04-27 16:34:55.851580,240623ee-4e4e-47fc-8659-b8cd442867ff,KXHIGHAUS-25APR27-B89.5,26644.148,40,-1.0,87.504,85.2,4,96,0,-1.996,-4.3,-2.304,21.523,12.045,4.0,0.729,0.0,0.0,-101.347,-29.202,4,0
2025-04-27 16:35:21.609416,7def3910-d008-448f-938d-142769308ab9,KXHIGHAUS-25APR27-B87.5,26618.391,66,-3.0,87.502,85.2,35,65,1,0.002,-2.3,-2.302,15.691,35.0,2.916,0.531,0.0,0.0,-170.419,-8.042,-35,0
2025-04-27 16:35:21.609416,ec3601c3-9dbb-44db-9296-fcfb33f8f6de,KXHIGHAUS-25APR27-B87.5,26618.391,25,-3.0,87.502,85.2,34,66,1,0.002,-2.3,-2.302,19.371,34.0,3.6,0.656,0.0,0.0,-181.643,-7.105,-34,0
2025-04-27 16:35:21.609416,ead3d269-de6b-482d-9092-bed615f92909,KXHIGHAUS-25APR27-B87.5,26618.391,23,-3.0,87.502,85.2,34,66,1,0.002,-2.3,-2.302,17.434,34.0,3.24,0.59,0.0,0.0,-173.227,-7.101,-34,0
2025-04-27 16:36:39.183460,f5fd94de-440e-4e3e-adeb-fc72a47e8627,KXHIGHAUS-25APR27-T87,26540.817,6,-3.5,87.246,85.2,65,35,1,0.246,-1.8,-2.046,65.0,31.5,2.624,0.478,0.0,0.0,-382.189,-21.172,35,1
2025-04-27 16:36:39.183460,5d185b30-7d59-410b-b40c-67712cbd459f,KXHIGHAUS-25APR27-T87,26540.817,4,-3.5,87.231,85.2,64,36,1,0.231,-1.8,-2.031,64.0,28.35,2.362,0.43,0.0,0.0,-362.656,-20.141,36,1
2025-04-27 16:37:28.821671,4b698c2e-10c2-48b3-a9cd-9b63253d5ce9,KXHIGHAUS-25APR27-B87.5,26491.178,8,-3.0,87.213,85.2,20,80,0,-0.287,-2.3,-2.013,57.6,20.0,2.126,0.387,0.0,0.0,-294.633,-6.911,20,0
2025-04-27 16:37:28.821671,0ad80d5c-159f-4aea-99a7-d0b424058efa,KXHIGHAUS-25APR27-B87.5,26491.178,50,-3.0,87.228,85.2,22,78,0,-0.272,-2.3,-2.028,51.84,22.0,1.913,0.349,0.0,0.0,-273.55,-4.9,22,0
2025-04-27 16:38:17.725891,64d43539-7905-4c10-82a7-3543d5a59e95,KXHIGHAUS-25APR27-B87.5,26442.274,7,-3.0,87.221,85.2,18,82,0,-0.279,-2.3,-2.021,46.656,18.0,1.722,0.314,0.0,0.0,-231.888,-8.916,18,0
2025-04-27 16:38:37.824972,4be85422-4b21-4d1a-a084-eb799de522e6,KXHIGHAUS-25APR27-T87,26422.175,96,-3.5,87.144,85.2,74,26,1,0.144,-1.8,-1.944,74.0,16.2,1.55,0.282,0.0,0.0,-363.94,-30.278,26,1
2025-04-27 16:38:37.824972,13e7dbe4-4510-4663-a128-ff25ed96fcf3,KXHIGHAUS-25APR27-T87,26422.175,100,-3.5,87.131,85.2,75,25,1,0.131,-1.8,-1.931,75.0,14.58,1.395,0.254,0.0,0.0,-362.997,-31.258,25,1
2025-04-27 16:38:38.577748,13e11ccf-7154-484c-93df-551d883d2001,KXHIGHAUS-25APR27-B89.5,26421.422,20,-1.0,87.627,85.2,23,77,1,-1.873,-4.3,-2.427,67.5,13.122,23.0,0.229,0.0,0.0,-389.877,10.193,-23,0
2025-04-27 16:38:53.094997,52f34bf7-ba36-4414-b51f-acccf11b628c,KXHIGHAUS-25APR27-T87,26406.905,32,-3.5,87.529,85.2,78,22,1,0.529,-1.8,-2.329,78.0,11.81,20.7,0.206,0.0,0.0,-431.379,-34.785,22,1
2025-04-27 16:41:19.893325,e14d15a5-f0cb-4606-80bb-e615066508b0,KXHIGHAUS-25APR27-B87.5,26260.107,23,-3.0,87.527,85.2,18,82,0,0.027,-2.3,-2.327,70.2,18.0,18.63,0.185,0.0,0.0,-404.647,-8.926,18,0
2025-04-27 16:42:02.326066,719c00fd-2e32-49b3-9bcb-85f4540dbde6,KXHIGHAUS-25APR27-B89.5,26217.674,41,-1.0,87.207,85.2,3,97,0,-2.293,-4.3,-2.007,56.862,14.58,3.0,0.15,0.0,0.0,-271.839,-30.194,3,0
2025-04-27 16:42:02.326066,8ce781d8-3c41-4af1-8413-5207cd4d8611,KXHIGHAUS-25APR27-B89.5,26217.674,602,-1.0,87.141,85.2,1,99,0,-2.359,-4.3,-1.941,63.18,16.2,1.0,0.167,0.0,0.0,-306.762,-32.194,1,0
2025-04-27 16:42:02.326066,166fa8c7-594c-4704-a153-dc14325ab506,KXHIGHAUS-25APR27-B89.5,26217.674,300,-1.0,87.148,85.2,1,99,0,-2.352,-4.3,-1.948,51.176,13.122,1.0,0.135,0.0,0.0,-234.9,-32.193,1,0
2025-04-27 16:42:22.224538,bd84fe1f-6aa4-4ed6-90f6-d66f3d0413aa,KXHIGHAUS-25APR27-B87.5,26197.775,142,-3.0,87.171,85.2,16,84,0,-0.329,-2.3,-1.971,46.058,16.0,0.9,0.122,0.0,0.0,-220.409,-10.926,16,0
2025-04-27 16:43:03.466081,e5f6ecdd-0e6e-40ce-ba26-c1c05f4b101e,KXHIGHAUS-25APR27-B87.5,26156.534,80,-3.0,87.196,85.2,19,81,0,-0.304,-2.3,-1.996,41.452,19.0,0.81,0.109,0.0,0.0,-209.923,-7.927,19,0
2025-04-27 16:43:05.771916,3ec74bc2-7035-4358-94b7-4b4e49e117be,KXHIGHAUS-25APR27-T87,26154.228,14,-3.5,87.113,85.2,78,22,1,0.113,-1.8,-1.913,78.0,17.1,0.729,0.098,0.0,0.0,-387.913,-35.073,22,1
2025-04-27 16:45:29.654962,e9fd29c5-c93f-4a15-8069-fd25c6b9a92a,KXHIGHAUS-25APR27-B87.5,26010.345,34,-3.0,87.14,85.2,22,78,0,-0.36,-2.3,-1.94,70.2,22.0,0.656,0.089,0.0,0.0,-365.956,-4.927,22,0
2025-04-27 16:46:32.930812,010d319a-93cc-4a76-9345-7bd07cab95f4,KXHIGHAUS-25APR27-T87,25947.069,6,-3.5,87.12,85.2,77,23,0,0.12,-1.8,-1.92,77.0,19.8,0.59,0.08,0.0,0.0,-393.077,34.148,-23,1
2025-04-27 16:46:32.931987,28059308-78c8-4c66-8f8a-589eba15e2d4,KXHIGHAUS-25APR27-B87.5,25947.068,6,-3.0,87.145,85.2,24,76,0,-0.355,-2.3,-1.945,69.3,24.0,0.531,0.072,0.0,0.0,-369.472,-2.995,24,0
2025-04-27 16:46:32.955694,c0c1260a-fbfb-417d-ba19-f7ad2a73a014,KXHIGHAUS-25APR27-B89.5,25947.044,6,-1.0,87.187,85.2,2,98,0,-2.313,-4.3,-1.987,62.37,21.6,2.0,0.065,0.0,0.0,-325.36,-31.194,2,0
2025-04-27 16:46:34.128831,607740a0-fb15-48c4-9105-7939af0d8d66,KXHIGHAUS-25APR27-B87.5,25945.871,50,-3.0,87.208,85.2,25,75,0,-0.292,-2.3,-2.008,56.133,25.0,1.8,0.058,0.0,0.0,-307.453,-1.984,25,0
2025-04-27 16:47:00.033746,24ca3d98-bf44-486a-b85f-b7bbeddf7b66,KXHIGHAUS-25APR27-B89.5,25919.966,6,-1.0,87.189,85.2,1,99,0,-2.311,-4.3,-1.989,50.52,22.5,1.0,0.052,0.0,0.0,-268.056,-32.163,1,0
2025-04-27 16:47:00.036175,32b63fd5-2f98-4481-a2f7-00699fca6cfc,KXHIGHAUS-25APR27-B87.5,25919.964,6,-3.0,87.197,85.2,22,78,0,-0.303,-2.3,-1.997,45.468,22.0,0.9,0.047,0.0,0.0,-241.315,-4.984,22,0
2025-04-27 16:47:00.040981,a0baba93-45ab-4fde-b647-cbf3ddd6de38,KXHIGHAUS-25APR27-T87,25919.959,6,-3.5,87.12,85.2,80,20,0,0.12,-1.8,-1.92,80.0,19.8,0.81,0.042,0.0,0.0,-409.374,37.152,-20,1
2025-04-27 16:47:26.209492,c3122b2d-48f7-4dd7-96b2-f73889d39e09,KXHIGHAUS-25APR27-B87.5,25893.791,50,-3.0,87.145,85.2,24,76,0,-0.355,-2.3,-1.945,72.0,24.0,0.729,0.038,0.0,0.0,-383.838,-2.978,24,0
2025-04-27 16:47:50.155472,3b88a309-0b48-47fa-9b95-8f8dc6f78925,KXHIGHAUS-25APR27-B89.5,25869.845,36,-1.0,87.18,85.2,2,98,0,-2.32,-4.3,-1.98,64.8,21.6,2.0,0.034,0.0,0.0,-337.941,-31.152,2,0
2025-04-27 16:48:03.935306,d367336e-d2a6-4c72-9d2f-2ad8b16af02f,KXHIGHAUS-25APR27-B87.5,25856.065,3,-3.0,87.187,85.2,21,79,0,-0.313,-2.3,-1.987,58.32,21.0,1.8,0.031,0.0,0.0,-302.011,-5.964,21,0
2025-04-27 16:48:03.935306,cb89117c-7ed3-415b-9956-b1210ed44ce9,KXHIGHAUS-25APR27-B87.5,25856.065,37,-3.0,87.191,85.2,20,80,0,-0.309,-2.3,-1.991,52.488,20.0,1.62,0.028,0.0,0.0,-268.48,-6.977,20,0
2025-04-27 16:48:11.876197,29bd6c9e-ed1f-43e4-af77-cf9d2e231f9f,KXHIGHAUS-25APR27-T87,25848.124,40,-3.5,87.127,85.2,81,19,1,0.127,-1.8,-1.927,81.0,18.0,1.458,0.025,0.0,0.0,-408.435,-38.161,19,1
2025-04-27 16:48:24.597487,eab4b294-be55-4940-8a24-ebcc5f262609,KXHIGHAUS-25APR27-T87,25835.403,15,-3.5,87.115,85.2,82,18,1,0.115,-1.8,-1.915,82.0,16.2,1.312,0.023,0.0,0.0,-406.739,-39.739,18,1
2025-04-27 16:48:34.136749,ca5b28e7-cbf1-4b72-a885-a27bb96a5ed9,KXHIGHAUS-25APR27-T87,25825.863,8,-3.5,87.107,85.2,81,19,1,0.107,-1.8,-1.907,81.0,14.58,1.181,0.02,0.0,0.0,-395.137,-38.811,19,1
2025-04-27 16:48:38.273754,efba36d3-329e-4479-a9e8-23fc710af930,KXHIGHAUS-25APR27-B87.5,25821.726,3,-3.0,87.136,85.2,20,80,0,-0.364,-2.3,-1.936,72.9,20.0,1.063,0.018,0.0,0.0,-372.581,-6.963,20,0
2025-04-27 16:49:33.614462,c7c868b3-852c-44a1-a066-5f013d5df971,KXHIGHAUS-25APR27-B87.5,25766.386,15,-3.0,87.144,85.2,20,80,0,-0.356,-2.3,-1.944,65.61,20.0,0.957,0.016,0.0,0.0,-334.299,-6.962,20,0
2025-04-27 16:49:33.615002,0658dd4e-ffba-4f8a-84e8-5ac2dfe2866c,KXHIGHAUS-25APR27-T87,25766.385,15,-3.5,87.112,85.2,81,19,0,0.112,-1.8,-1.912,81.0,18.0,0.861,0.015,0.0,0.0,-407.786,38.832,-19,1
2025-04-27 16:49:33.615188,54be4d6f-7352-4d62-8c2a-e47c72e3b890,KXHIGHAUS-25APR27-B89.5,25766.385,15,-1.0,87.144,85.2,2,98,0,-2.356,-4.3,-1.944,72.9,16.2,2.0,0.013,0.0,0.0,-359.121,-31.112,2,0
2025-04-27 16:56:56.542130,9a1246cc-1793-4f7a-a5b4-5216778bb601,KXHIGHAUS-25APR27-B87.5,25323.458,12,-3.0,87.155,85.2,17,83,1,-0.345,-2.3,-1.955,65.61,17.0,1.8,0.012,0.0,0.0,-323.664,9.948,-17,0
2025-04-27 16:56:56.542130,5f93024a-8dfd-4cc6-886a-37c317193335,KXHIGHAUS-25APR27-B87.5,25323.458,12,-3.0,87.166,85.2,18,82,1,-0.334,-2.3,-1.966,59.049,18.0,1.62,0.011,0.0,0.0,-293.583,8.959,-18,0
2025-04-27 16:56:56.542130,2e0eb51b-22a8-4296-9a94-1b7ca7c4d6c9,KXHIGHAUS-25APR27-B87.5,25323.458,3,-3.0,87.17,85.2,17,83,1,-0.33,-2.3,-1.97,53.144,17.0,1.458,0.01,0.0,0.0,-259.811,9.957,-17,0
2025-04-27 16:57:47.337839,7dfadc1e-d12e-41b2-99b4-428f35d92354,KXHIGHAUS-25APR27-B87.5,25272.662,5,-3.0,87.183,85.2,18,82,1,-0.317,-2.3,-1.983,47.83,18.0,1.312,0.009,0.0,0.0,-237.33,8.947,-18,0
2025-04-27 17:01:33.346299,1ba65a3a-01c3-4b7a-982f-ca7eeff9bff4,KXHIGHAUS-25APR27-T87,25046.654,30,-3.5,87.102,85.2,91,9,1,0.102,-1.8,-1.902,91.0,16.2,1.181,0.008,0.0,0.0,-455.764,-49.032,9,1
2025-04-27 17:02:25.177032,acf52637-2b84-4836-a8de-2e662040e8bc,KXHIGHAUS-25APR27-B87.5,24994.823,50,-3.0,87.083,85.2,10,90,0,-0.417,-2.3,-1.883,81.9,10.0,1.063,0.007,0.0,0.0,-383.866,-16.942,10,0
2025-04-27 17:03:45.223765,74236e60-8a1c-4031-89ca-3f55ec07edd1,KXHIGHAUS-25APR27-T87,24914.776,1,-3.5,87.065,85.2,97,3,1,0.065,-1.8,-1.865,97.0,9.0,0.957,0.006,0.0,0.0,-463.447,-55.252,3,1
2025-04-27 17:13:07.549924,bc7ea113-77d3-495a-901e-1797af2fa405,KXHIGHAUS-25APR27-T87,24352.45,11,-3.5,87.065,85.2,87,13,0,0.065,-1.8,-1.865,87.0,8.1,0.861,0.006,0.0,0.0,-405.32,47.322,-13,1
2025-04-27 17:13:07.549924,3d118447-9f7d-4d3c-89b8-83a93b2ce0d1,KXHIGHAUS-25APR27-T87,24352.45,6,-3.5,87.06,85.2,86,14,0,0.06,-1.8,-1.86,86.0,7.29,0.775,0.005,0.0,0.0,-397.331,45.956,-14,1
2025-04-27 17:13:07.549924,1b16c573-2bd5-4a8c-bbc0-193d3458b435,KXHIGHAUS-25APR27-T87,24352.45,4,-3.5,87.054,85.2,87,13,0,0.054,-1.8,-1.854,87.0,6.561,0.697,0.005,0.0,0.0,-400.6,46.157,-13,1
2025-04-27 17:13:29.583843,facfed7e-8700-441b-b47b-4e318c111605,KXHIGHAUS-25APR27-B91.5,24330.416,5,1.0,87.156,85.2,2,98,1,-4.344,-6.3,-1.956,78.3,5.905,0.628,2.0,0.0,0.0,-353.011,16.783,-2,0
2025-04-27 17:15:14.090296,547126db-8434-4127-bd8b-a7f99875d80f,KXHIGHAUS-25APR27-T87,24225.91,177,-3.5,87.119,85.2,95,5,1,0.119,-1.8,-1.919,95.0,5.314,0.565,1.8,0.0,0.0,-442.231,-55.573,5,1
2025-04-27 17:20:12.639610,a244f1d6-542c-46bb-9c0c-448e9010c524,KXHIGHAUS-25APR27-B87.5,23927.36,61,-3.0,87.163,85.2,17,83,1,-0.337,-2.3,-1.963,85.5,17.0,0.508,1.62,0.0,0.0,-428.95,9.929,-17,0
2025-04-27 17:20:12.639610,03ef68a7-0e92-4561-af32-89e77cda7171,KXHIGHAUS-25APR27-B87.5,23927.36,92,-3.0,87.169,85.2,17,83,1,-0.331,-2.3,-1.969,76.95,17.0,0.458,1.458,0.0,0.0,-382.562,9.935,-17,0
2025-04-27 17:20:12.695620,30e19e68-b682-455a-a78d-73f33899cc49,KXHIGHAUS-25APR27-T87,23927.304,61,-3.5,87.143,85.2,85,15,0,0.143,-1.8,-1.943,85.0,15.3,0.412,1.312,0.0,0.0,-419.353,45.592,-15,1
2025-04-27 17:20:12.713766,fc0a57f0-35b9-4a6c-b6f1-17095964e815,KXHIGHAUS-25APR27-B89.5,23927.286,61,-1.0,87.159,85.2,1,99,0,-2.341,-4.3,-1.959,76.5,13.77,1.0,1.181,0.0,0.0,-368.111,-32.11,1,0
2025-04-27 17:20:20.280755,096c0e58-a96b-4021-931a-1ec09907bc9f,KXHIGHAUS-25APR27-B89.5,23919.719,10,-1.0,87.243,85.2,4,96,1,-2.257,-4.3,-2.043,68.85,12.393,4.0,1.063,0.0,0.0,-328.173,29.069,-4,0
2025-04-27 17:20:20.739022,47a047d0-9839-43ed-9563-464de97ec8ff,KXHIGHAUS-25APR27-B87.5,23919.261,58,-3.0,87.264,85.2,18,82,1,-0.236,-2.3,-2.064,61.965,18.0,3.6,0.957,0.0,0.0,-312.298,8.929,-18,0
2025-04-27 17:20:28.257873,5d742f21-1688-444c-ae5b-5959fceec4db,KXHIGHAUS-25APR27-T87,23911.742,50,-3.5,87.18,85.2,91,9,1,0.18,-1.8,-1.98,91.0,16.2,3.24,0.861,0.0,0.0,-459.285,-51.862,9,1
2025-04-27 17:20:28.257873,56c0399e-3912-4b09-bc53-510e3c5e4a01,KXHIGHAUS-25APR27-T87,23911.742,58,-3.5,87.164,85.2,92,8,1,0.164,-1.8,-1.964,92.0,14.58,2.916,0.775,0.0,0.0,-457.997,-52.804,8,1
2025-04-27 17:30:22.173659,e802f896-6e1b-41b1-8aa6-53a6d7010218,KXHIGHAUS-25APR27-T87,23317.826,1,-3.5,87.149,85.2,93,7,1,0.149,-1.8,-1.949,93.0,13.122,2.624,0.697,0.0,0.0,-457.592,-54.18,7,1
2025-04-27 17:32:31.837397,0d1f6c14-afdf-48a5-92d2-b826a32516de,KXHIGHAUS-25APR27-T87,23188.163,64,-3.5,87.135,85.2,94,6,1,0.135,-1.8,-1.935,94.0,11.81,2.362,0.628,0.0,0.0,-457.965,-55.533,6,1
2025-04-27 17:34:38.072795,5938ab40-328b-45d4-9a6d-50cd2249a27b,KXHIGHAUS-25APR27-B87.5,23061.927,162,-3.0,87.15,85.2,15,85,1,-0.35,-2.3,-1.95,84.6,15.0,2.126,0.565,0.0,0.0,-417.35,11.929,-15,0
2025-04-27 17:39:19.776519,ed106f5b-8d43-454f-9fbf-7e16e3de4962,KXHIGHAUS-25APR27-T87,22780.223,10,-3.5,87.127,85.2,93,7,1,0.127,-1.8,-1.927,93.0,13.5,1.913,0.508,0.0,0.0,-457.565,-54.534,7,1
2025-04-27 17:40:07.497755,370ff4a1-8782-46b9-b56e-d0e2dbbd363e,KXHIGHAUS-25APR27-T87,22732.502,1,-3.5,87.132,85.2,80,20,0,0.132,-1.8,-1.932,80.0,12.15,1.722,0.458,0.0,0.0,-381.483,41.539,-20,1
2025-04-27 17:40:46.037953,7a77724e-b25c-4af4-8368-145a34135885,KXHIGHAUS-25APR27-T87,22693.962,2,-3.5,87.121,85.2,80,20,0,0.121,-1.8,-1.921,80.0,10.935,1.55,0.412,0.0,0.0,-377.032,41.727,-20,1
2025-04-27 17:42:18.523606,1b825fc6-9833-4010-933d-ce67a342f291,KXHIGHAUS-25APR27-B89.5,22601.476,33,-1.0,87.112,85.2,1,99,0,-2.388,-4.3,-1.912,64.8,8.857,1.0,0.334,0.0,0.0,-289.254,-32.068,1,0
2025-04-27 17:42:18.523606,4316dbe3-9b0f-4380-9c5f-17a4099b7925,KXHIGHAUS-25APR27-B89.5,22601.476,50,-1.0,87.109,85.2,1,99,0,-2.391,-4.3,-1.909,72.0,9.842,1.0,0.371,0.0,0.0,-330.056,-32.068,1,0
2025-04-27 17:42:33.655539,b06705ed-cb92-4d7a-bcd8-be9aa8a7c55a,KXHIGHAUS-25APR27-B87.5,22586.344,200,-3.0,87.118,85.2,9,91,0,-0.382,-2.3,-1.918,58.32,9.0,0.9,0.3,0.0,0.0,-256.445,-17.878,9,0
2025-04-27 17:42:33.655539,5c04685f-7e58-44b3-b398-17daf45ebe8d,KXHIGHAUS-25APR27-B87.5,22586.344,50,-3.0,87.124,85.2,9,91,0,-0.376,-2.3,-1.924,52.488,9.0,0.81,0.27,0.0,0.0,-227.134,-17.915,9,0
2025-04-27 17:47:20.272710,d74ae914-88b2-404f-8527-cec696f2367f,KXHIGHAUS-25APR27-B87.5,22299.727,58,-3.0,87.123,85.2,8,92,0,-0.377,-2.3,-1.923,47.239,8.0,0.729,0.243,0.0,0.0,-198.179,-18.897,8,0
2025-04-27 17:47:20.272710,3c46e11a-9909-410e-98a6-0ebd63616e67,KXHIGHAUS-25APR27-B87.5,22299.727,50,-3.0,87.136,85.2,9,91,0,-0.364,-2.3,-1.936,42.515,9.0,0.656,0.219,0.0,0.0,-178.593,-17.878,9,0
2025-04-27 17:49:20.781820,8d6710dd-30af-475d-9b17-0b3c4725f15c,KXHIGHAUS-25APR27-T87,22179.218,50,-3.5,87.062,85.2,94,6,1,0.062,-1.8,-1.862,94.0,8.1,0.59,0.197,0.0,0.0,-443.383,-55.728,6,1
2025-04-27 17:49:20.838026,3fd4e5b6-b2b0-46f7-a0a8-29c88d589cd2,KXHIGHAUS-25APR27-B87.5,22179.162,10,-3.0,87.066,85.2,8,92,0,-0.434,-2.3,-1.866,84.6,8.0,0.531,0.177,0.0,0.0,-391.442,-18.901,8,0
2025-04-27 17:49:20.839461,68ca4920-2d91-4a0b-911d-610e270b08af,KXHIGHAUS-25APR27-T87,22179.161,10,-3.5,87.054,85.2,94,6,0,0.054,-1.8,-1.854,94.0,7.2,0.478,0.16,0.0,0.0,-440.638,55.745,-6,1
2025-04-27 17:49:21.518246,bcd70a5c-9333-4921-bf66-994c129785b2,KXHIGHAUS-25APR27-B87.5,22178.482,5,-3.0,87.061,85.2,8,92,0,-0.439,-2.3,-1.861,84.6,8.0,0.43,0.144,0.0,0.0,-391.443,-18.864,8,0
2025-04-27 17:50:07.371342,ee9e26dd-c6e1-454b-9279-c19696f8d00c,KXHIGHAUS-25APR27-B87.5,22132.629,4,-3.0,87.066,85.2,8,92,0,-0.434,-2.3,-1.866,76.14,8.0,0.387,0.129,0.0,0.0,-345.886,-18.84,8,0
2025-04-27 17:51:06.926614,d1ce3b9f-b509-4162-b057-b081dce03d93,KXHIGHAUS-25APR27-B87.5,22073.073,10,-3.0,87.07,85.2,8,92,0,-0.43,-2.3,-1.87,68.526,8.0,0.349,0.116,0.0,0.0,-305.692,-18.853,8,0
2025-04-27 17:51:33.349699,e9861a86-a8f6-4da9-baa6-65d69a8b2fc4,KXHIGHAUS-25APR27-T87,22046.65,15,-3.5,87.047,85.2,95,5,1,0.047,-1.8,-1.847,95.0,7.2,0.314,0.105,0.0,0.0,-446.232,-56.864,5,1
2025-04-27 17:53:38.402067,742673dc-d240-45c2-b957-65a4e53802b2,KXHIGHAUS-25APR27-B87.5,21921.598,30,-3.0,87.059,85.2,9,91,1,-0.441,-2.3,-1.859,85.5,9.0,0.282,0.094,0.0,0.0,-399.544,17.867,-9,0
2025-04-27 17:54:28.769635,c0e645d6-4fb9-4115-8251-38675e092e19,KXHIGHAUS-25APR27-B87.5,21871.23,50,-3.0,87.074,85.2,11,89,1,-0.426,-2.3,-1.874,76.95,11.0,0.254,0.085,0.0,0.0,-360.025,15.995,-11,0
2025-04-27 17:54:28.769635,4650cc7d-cca9-46ff-91a3-58fa846b1bac,KXHIGHAUS-25APR27-B87.5,21871.23,25,-3.0,87.08,85.2,11,89,1,-0.42,-2.3,-1.88,69.255,11.0,0.229,0.076,0.0,0.0,-319.332,15.971,-11,0
2025-04-27 18:01:40.022817,4ca711b8-cccd-42d3-86f6-24c502c021e5,KXHIGHAUS-25APR27-B87.5,21439.977,8,-3.0,87.074,85.2,9,91,0,-0.426,-2.3,-1.874,62.33,9.0,0.206,0.069,0.0,0.0,-276.838,-18.017,9,0
2025-04-27 18:06:53.557405,e88a3a9a-ab00-4447-aa38-62bd618d2fd9,KXHIGHAUS-25APR27-B87.5,21126.443,40,-3.0,87.08,85.2,9,91,0,-0.42,-2.3,-1.88,56.097,9.0,0.185,0.062,0.0,0.0,-245.196,-18.026,9,0
2025-04-27 18:07:16.292796,5cf10b37-ca43-4de5-b144-b1ef8652f50c,KXHIGHAUS-25APR27-B87.5,21103.707,2,-3.0,87.087,85.2,9,91,0,-0.413,-2.3,-1.887,50.487,9.0,0.167,0.056,0.0,0.0,-217.311,-18.232,9,0
2025-04-27 18:14:44.452150,57a07afb-a531-441d-9961-855f05e313e1,KXHIGHAUS-25APR27-B87.5,20655.548,5,-3.0,87.093,85.2,9,91,0,-0.407,-2.3,-1.893,45.438,9.0,0.15,0.05,0.0,0.0,-192.749,-18.271,9,0
2025-04-27 18:15:06.196561,9ee8106e-f804-4366-8327-ddc42e0cad13,KXHIGHAUS-25APR27-B87.5,20633.803,145,-3.0,87.101,85.2,9,91,0,-0.399,-2.3,-1.901,40.894,9.0,0.135,0.045,0.0,0.0,-171.124,-18.272,9,0
2025-04-27 18:16:53.880214,6d4f5904-6648-4ac2-93c4-b9911c6b71f7,KXHIGHAUS-25APR27-B87.5,20526.12,271,-3.0,87.071,85.2,5,95,0,-0.429,-2.3,-1.871,36.805,5.0,0.122,0.041,0.0,0.0,-140.366,-22.332,5,0
2025-04-27 18:16:53.880214,37def1d2-0199-46c1-ae38-4f6a62b2b79a,KXHIGHAUS-25APR27-B87.5,20526.12,50,-3.0,87.088,85.2,6,94,0,-0.412,-2.3,-1.888,33.124,6.0,0.109,0.036,0.0,0.0,-126.332,-21.296,6,0
2025-04-27 18:17:02.250255,e618f7e6-da5f-4d9f-8761-4b104beb93e1,KXHIGHAUS-25APR27-B87.5,20517.75,96,-3.0,87.057,85.2,3,97,0,-0.443,-2.3,-1.857,29.812,3.0,0.098,0.033,0.0,0.0,-104.164,-24.336,3,0
2025-04-27 18:17:48.086507,c44547c2-30ea-4770-8216-07a331df533f,KXHIGHAUS-25APR27-T87,20471.913,25,-3.5,87.018,85.2,94,6,1,0.018,-1.8,-1.818,94.0,2.7,0.089,0.03,0.0,0.0,-429.433,-56.021,6,1
2025-04-27 18:18:05.613970,a9330055-046e-4dbf-9211-ce25c67451c7,KXHIGHAUS-25APR27-T87,20454.386,75,-3.5,87.016,85.2,94,6,1,0.016,-1.8,-1.816,94.0,2.43,0.08,0.027,0.0,0.0,-428.929,-56.15,6,1
2025-04-27 18:18:05.613970,8fa5c3f1-9e41-4fe5-8009-984737a161af,KXHIGHAUS-25APR27-T87,20454.386,33,-3.5,87.014,85.2,95,5,1,0.014,-1.8,-1.814,95.0,2.187,0.072,0.024,0.0,0.0,-434.051,-57.026,5,1
2025-04-27 18:21:54.569741,8271af60-6b02-4c7b-aeaf-08aff0056f41,KXHIGHAUS-25APR27-B87.5,20225.43,5,-3.0,87.02,85.2,3,97,0,-0.48,-2.3,-1.82,85.5,3.0,0.065,0.022,0.0,0.0,-383.384,-24.341,3,0
2025-04-27 18:23:01.425692,bc7764d5-f544-4cb8-be14-ea28bb8f97b6,KXHIGHAUS-25APR27-B87.5,20158.574,5,-3.0,87.022,85.2,3,97,0,-0.478,-2.3,-1.822,76.95,3.0,0.058,0.019,0.0,0.0,-337.26,-24.343,3,0
2025-04-27 18:33:46.397144,5558af88-f266-465a-b72b-b96af2fb1ca5,KXHIGHAUS-25APR27-B87.5,19513.603,6,-3.0,87.024,85.2,3,97,0,-0.476,-2.3,-1.824,69.255,3.0,0.052,0.017,0.0,0.0,-296.559,-24.342,3,0
2025-04-27 18:47:42.113843,73ee5609-33e1-4c8c-b92a-2ccff1319169,KXHIGHAUS-25APR27-T87,18677.886,75,-3.5,87.016,85.2,95,5,1,0.016,-1.8,-1.816,95.0,2.7,0.047,0.016,0.0,0.0,-435.091,-57.161,5,1
2025-04-27 18:48:28.543794,0c1e063f-96c3-4624-9cb0-7c2923f6cb5f,KXHIGHAUS-25APR27-B87.5,18631.456,151,-3.0,87.009,85.2,1,99,0,-0.491,-2.3,-1.809,69.255,1.0,0.034,0.011,0.0,0.0,-293.322,-26.335,1,0
2025-04-27 18:48:28.543794,9d6bd622-a756-41e6-864e-9223616e34bd,KXHIGHAUS-25APR27-B87.5,18631.456,99,-3.0,87.021,85.2,3,97,0,-0.479,-2.3,-1.821,76.95,3.0,0.038,0.013,0.0,0.0,-337.322,-24.328,3,0
2025-04-27 18:48:28.543794,c7e2987b-3a5a-4614-a6ec-5730915c198e,KXHIGHAUS-25APR27-B87.5,18631.456,50,-3.0,87.013,85.2,2,98,0,-0.487,-2.3,-1.813,85.5,2.0,0.042,0.014,0.0,0.0,-381.54,-25.326,2,0
2025-04-27 18:56:01.350597,e62361fa-b7e7-4e65-87be-95a42a2631a7,KXHIGHAUS-25APR27-T87,18178.649,15,-3.5,87.006,85.2,99,1,1,0.006,-1.8,-1.806,99.0,0.9,0.031,0.01,0.0,0.0,-454.667,-61.211,1,1
2025-04-27 18:56:01.350597,c8d84efa-2406-4840-96cb-96801d2f40f3,KXHIGHAUS-25APR27-T87,18178.649,200,-3.5,87.005,85.2,99,1,1,0.005,-1.8,-1.805,99.0,0.81,0.028,0.009,0.0,0.0,-454.603,-61.197,1,1
2025-04-27 18:56:09.639550,e2c1c3f9-5e27-4df8-9258-1f91c6c07766,KXHIGHAUS-25APR27-B87.5,18170.36,49,-3.0,87.007,85.2,1,99,0,-0.493,-2.3,-1.807,89.1,1.0,0.025,0.008,0.0,0.0,-399.905,-26.324,1,0
2025-04-27 19:00:13.027146,dd6ecf0d-f46c-43d8-a598-dfd9231800c1,KXHIGHAUS-25APR27-T87,17926.973,15,-3.5,87.005,85.2,99,1,0,0.005,-1.8,-1.805,99.0,0.9,0.023,0.008,0.0,0.0,-454.7,61.214,-1,1
2025-04-27 19:00:23.420280,e9a38b9d-439f-4d1a-a3ff-74d188e4aacd,KXHIGHAUS-25APR27-B87.5,17916.58,3,-3.0,87.006,85.2,1,99,1,-0.494,-2.3,-1.806,89.1,1.0,0.02,0.007,0.0,0.0,-399.925,26.32,-1,0
2025-04-27 19:05:22.153262,c16d0d63-2b7a-4ca7-8537-a5c8ac7bb525,KXHIGHAUS-25APR27-T87,17617.847,10,-3.5,87.005,85.2,99,1,0,0.005,-1.8,-1.805,99.0,0.9,0.018,0.006,0.0,0.0,-454.718,61.283,-1,1
2025-04-27 19:13:02.867572,177a9abe-153e-419b-8153-4048d3b9d2dc,KXHIGHAUS-25APR27-T87,17157.132,458,-3.5,87.005,85.2,99,1,0,0.005,-1.8,-1.805,99.0,0.81,0.016,0.005,0.0,0.0,-454.65,61.298,-1,1
2025-04-27 19:35:59.064696,c540e750-3a8c-44a3-bd8d-aef05db49471,KXHIGHAUS-25APR27-T87,15780.935,83,-3.5,87.004,85.2,99,1,0,0.004,-1.8,-1.804,99.0,0.729,0.015,0.005,0.0,0.0,-454.598,61.314,-1,1
2025-04-27 19:38:03.577323,ee293b53-be10-400d-a95a-daffc846760a,KXHIGHAUS-25APR27-T87,15656.423,15,-3.5,87.004,85.2,99,1,0,0.004,-1.8,-1.804,99.0,0.656,0.013,0.004,0.0,0.0,-454.559,61.332,-1,1
2025-04-27 19:38:42.371960,7c9a668e-5e2f-43a0-bdae-a9ba55611b6e,KXHIGHAUS-25APR27-B87.5,15617.628,13,-3.0,87.006,85.2,1,99,1,-0.494,-2.3,-1.806,89.1,1.0,0.012,0.004,0.0,0.0,-399.963,26.309,-1,0
2025-04-27 19:43:38.749677,d7fc1d9d-8c41-4064-81f4-e0521ade03ee,KXHIGHAUS-25APR27-T87,15321.25,205,-3.5,87.005,85.2,99,1,0,0.005,-1.8,-1.805,99.0,0.9,0.011,0.004,0.0,0.0,-454.753,61.335,-1,1
2025-04-27 19:43:55.320909,e9415b80-c291-4ecd-99ab-378c517b3ceb,KXHIGHAUS-25APR27-T87,15304.679,90,-3.5,87.004,85.2,99,1,0,0.004,-1.8,-1.804,99.0,0.81,0.01,0.003,0.0,0.0,-454.683,61.356,-1,1
2025-04-27 20:49:57.892904,9f37d988-3cd0-4cc9-9a82-664d5ce1abea,KXHIGHAUS-25APR27-T87,11342.107,177,-3.5,87.004,85.2,99,1,0,0.004,-1.8,-1.804,99.0,0.729,0.009,0.003,0.0,0.0,-454.628,61.377,-1,1
2025-04-27 21:38:10.704579,bae33d0e-d143-467d-9788-9a284daa313a,KXHIGHAUS-25APR27-T87,8449.295,55,-3.5,87.004,85.2,99,1,0,0.004,-1.8,-1.804,99.0,0.656,0.008,0.003,0.0,0.0,-454.587,61.402,-1,1
2025-04-27 23:57:14.890453,94ccef85-e465-4393-abff-ecb578b2fa8a,KXHIGHAUS-25APR27-B91.5,105.11,60,1.0,87.648,85.2,15,85,1,-3.852,-6.3,-2.448,89.1,0.59,0.007,15.0,0.0,0.0,-440.312,3.811,-15,0
