time,trade_id,ticker,time_to_strike,count,shift,kalshi_fair,forecast,yes_price,no_price,taker_side,kalshi_strike_delta,forecast_strike_delta,kalshi_forecast_delta,strike_m_3.5,strike_m_3.0,strike_m_1.0,strike_p_1.0,strike_p_3.0,strike_p_3.5,entropy,impact,result,outcome
2025-03-19 10:06:01.327033,13f701f3-44bb-42ff-9f2d-7846500dc459,KXHIGHAUS-25MAR20-T76,136378.673,11,3.5,76.0,69.8,17,83,1,0.0,-6.2,-6.2,0.0,0.0,0.0,0.0,0.0,17.0,-48.165,-16.0,-17,0
2025-03-19 10:20:25.494913,2e47ef58-b615-4a76-886b-3f8daa392916,KXHIGHAUS-25MAR20-B69.5,135514.505,10,-3.0,73.281,69.8,11,89,0,3.781,0.3,-3.481,0.0,11.0,0.0,0.0,0.0,15.3,-68.113,10.0,11,0
2025-03-19 10:24:45.625275,44c52490-726a-4b48-b224-acca9456925f,KXHIGHAUS-25MAR20-B71.5,135254.375,8,-1.0,72.316,69.8,28,72,1,0.816,-1.7,-2.516,0.0,9.9,28.0,0.0,0.0,13.77,-152.11,71.0,72,1
2025-03-19 10:35:17.040999,ca8e69ad-c8c7-47ab-846f-d99c0bfc7fe9,KXHIGHAUS-25MAR20-B71.5,134622.959,14,-1.0,72.27,69.8,28,72,0,0.77,-1.7,-2.47,0.0,8.91,28.0,0.0,0.0,12.393,-143.984,-71.0,-72,1
2025-03-19 11:22:24.572314,a969e201-d20e-4bc6-9450-51656fadc196,KXHIGHAUS-25MAR20-B73.5,131795.428,50,1.0,72.794,69.8,33,67,1,-0.706,-3.7,-2.994,0.0,8.019,25.2,33.0,0.0,11.154,-240.295,-32.0,-33,0
2025-03-19 11:22:27.752356,c497adc1-0db8-436b-9fc4-0d1c2e63eb83,KXHIGHAUS-25MAR20-B71.5,131792.248,16,-1.0,72.642,69.8,32,68,1,1.142,-1.7,-2.842,0.0,7.217,32.0,29.7,0.0,10.038,-249.037,67.0,68,1
2025-03-19 11:23:02.323372,c4a18cf8-a7be-45a1-a469-b80e40b492a2,KXHIGHAUS-25MAR20-B73.5,131757.677,119,1.0,72.721,69.8,34,66,1,-0.779,-3.7,-2.921,0.0,6.495,28.8,34.0,0.0,9.034,-248.714,-33.0,-34,0
2025-03-19 11:23:04.941041,de39398d-dc58-4071-a35d-05d41c94f07a,KXHIGHAUS-25MAR20-B71.5,131755.059,1,-1.0,72.61,69.8,33,67,1,1.11,-1.7,-2.81,0.0,5.846,33.0,30.6,0.0,8.131,-247.43,66.0,67,1
2025-03-19 11:23:04.941041,bb8ff29b-6a81-4907-b8b1-f3fe05d9049d,KXHIGHAUS-25MAR20-B71.5,131755.059,60,-1.0,72.56,69.8,33,67,1,1.06,-1.7,-2.76,0.0,5.261,33.0,27.54,0.0,7.318,-229.998,66.0,67,1
2025-03-19 11:23:04.941041,5c8175b2-336a-4426-bca1-d66e1153ac19,KXHIGHAUS-25MAR20-B71.5,131755.059,21,-1.0,72.509,69.8,33,67,1,1.009,-1.7,-2.709,0.0,4.735,33.0,24.786,0.0,6.586,-214.733,66.0,67,1
2025-03-19 11:25:05.028091,c213e6d4-735e-4084-a8ae-f36c3c11a475,KXHIGHAUS-25MAR20-B71.5,131634.972,12,-1.0,72.458,69.8,33,67,1,0.958,-1.7,-2.658,0.0,4.262,33.0,22.307,0.0,5.928,-201.374,66.0,67,1
2025-03-19 11:25:55.120953,8d5adfae-7c62-4aa6-8e2f-93000b9b514c,KXHIGHAUS-25MAR20-B73.5,131584.879,18,1.0,72.657,69.8,34,66,1,-0.843,-3.7,-2.857,0.0,3.835,29.7,34.0,0.0,5.335,-234.701,-32.513,-34,0
2025-03-19 11:25:55.120953,5009f3e0-ddf0-44e5-9286-3452305add21,KXHIGHAUS-25MAR20-B73.5,131584.879,6,1.0,72.699,69.8,34,66,1,-0.801,-3.7,-2.899,0.0,3.452,26.73,34.0,0.0,4.801,-219.535,-32.515,-34,0
2025-03-19 11:26:11.004670,8ce26c1a-4625-4a4f-b170-d87a969dae63,KXHIGHAUS-25MAR20-B71.5,131568.995,11,-1.0,72.548,69.8,33,67,1,1.048,-1.7,-2.748,0.0,3.107,33.0,30.6,0.0,4.321,-229.913,66.0,67,1
2025-03-19 11:27:49.016072,2ab8296d-a190-4191-ab5e-853b71a19b9e,KXHIGHAUS-25MAR20-B71.5,131470.984,5,-1.0,72.496,69.8,33,67,1,0.996,-1.7,-2.696,0.0,2.796,33.0,27.54,0.0,3.889,-214.854,66.0,67,1
2025-03-19 11:32:06.447216,25020462-5613-43e0-99e6-c5b8379f435a,KXHIGHAUS-25MAR20-B73.5,131213.553,29,1.0,72.641,69.8,35,65,1,-0.859,-3.7,-2.841,0.0,2.516,29.7,35.0,0.0,3.5,-231.862,-33.504,-35,0
2025-03-19 12:27:23.477357,f533a851-73e6-47f4-920b-0a87b0c42724,KXHIGHAUS-25MAR20-B69.5,127896.523,10,-3.0,72.225,69.8,12,88,0,2.725,0.3,-2.425,0.0,12.0,26.73,31.5,0.0,3.15,-229.937,11.0,12,0
2025-03-19 13:52:45.193984,bfa21f44-0b40-482b-9e16-dd6ac2474abd,KXHIGHAUS-25MAR20-B73.5,122774.806,29,1.0,72.274,69.8,31,69,0,-1.226,-3.7,-2.474,0.0,10.8,24.057,31.0,0.0,2.835,-211.619,29.499,31,0
2025-03-19 13:52:55.482686,0401a0c2-efaf-417c-bd26-c25f6a0e4d2b,KXHIGHAUS-25MAR20-B71.5,122764.517,41,-1.0,72.145,69.8,34,66,1,0.645,-1.7,-2.345,0.0,9.72,34.0,27.9,0.0,2.552,-237.26,65.0,66,1
2025-03-19 14:02:17.266248,235321f9-72cf-45ee-a335-134cf2cd990b,KXHIGHAUS-25MAR20-B73.5,122202.734,15,1.0,72.335,69.8,36,64,1,-1.165,-3.7,-2.535,0.0,8.748,30.6,36.0,0.0,2.296,-254.571,-34.498,-36,0
2025-03-19 14:42:50.754213,5195b9e9-343a-446d-a442-7a5cf4f9882d,KXHIGHAUS-25MAR20-B75.5,119769.246,4,3.0,72.831,69.8,13,87,0,-2.669,-5.7,-3.031,0.0,7.873,27.54,32.4,13.0,2.067,-255.096,12.0,13,0
2025-03-19 14:42:50.754213,22ed6c6f-4921-4f4e-9ae4-8ffda30ebdfd,KXHIGHAUS-25MAR20-B75.5,119769.246,7,3.0,72.806,69.8,11,89,0,-2.694,-5.7,-3.006,0.0,7.086,24.786,29.16,11.0,1.86,-219.327,10.0,11,0
2025-03-19 15:06:46.642156,e5aa8e14-689a-4915-ae2a-04e6ea92f31c,KXHIGHAUS-25MAR20-T76,118333.358,11,3.5,72.774,69.8,1,99,0,-3.226,-6.2,-2.974,0.0,6.377,22.307,26.244,9.9,1.0,-189.525,0.0,1,0
2025-03-19 15:35:12.724151,42b44055-74eb-4d04-abaa-a2a4bf8ab357,KXHIGHAUS-25MAR20-B71.5,116627.276,18,-1.0,72.575,69.8,31,69,0,1.075,-1.7,-2.775,0.0,5.74,31.0,23.62,8.91,0.9,-210.563,-68.0,-69,1
2025-03-19 15:35:18.549206,b6759e8e-30fd-4029-9129-0d72c38373aa,KXHIGHAUS-25MAR20-B75.5,116621.451,38,3.0,72.903,69.8,16,84,1,-2.597,-5.7,-3.103,0.0,5.166,27.9,21.258,16.0,0.81,-210.52,-15.0,-16,0
2025-03-19 15:40:18.597934,c68d55f4-86fc-4742-a85c-9c2129bdd326,KXHIGHAUS-25MAR20-B71.5,116321.402,15,-1.0,72.767,69.8,32,68,0,1.267,-1.7,-2.967,0.0,4.649,32.0,19.132,14.4,0.729,-212.69,-67.0,-68,1
2025-03-19 15:41:35.268090,12a65fef-a76d-4d78-a34c-e9cef77a2c99,KXHIGHAUS-25MAR20-B75.5,116244.732,12,3.0,72.811,69.8,14,86,0,-2.689,-5.7,-3.011,0.0,4.184,28.8,17.219,14.0,0.656,-188.442,13.0,14,0
2025-03-19 16:06:29.405430,16ce993c-8c59-476c-b8fc-e677630ea1ca,KXHIGHAUS-25MAR20-B71.5,114750.595,63,-1.0,72.669,69.8,33,67,1,1.169,-1.7,-2.869,0.0,3.766,33.0,15.497,12.6,0.59,-194.463,66.0,67,1
2025-03-19 16:09:43.043483,9d0f8975-5c4d-4db5-8e28-c4ce24f0bffa,KXHIGHAUS-25MAR20-B73.5,114556.957,7,1.0,72.856,69.8,31,69,0,-0.644,-3.7,-3.056,0.0,3.389,29.7,31.0,11.34,0.531,-238.509,29.419,31,0
2025-03-19 16:09:51.313312,a893f313-92db-4502-8e0c-7ab4a75125bd,KXHIGHAUS-25MAR20-B75.5,114548.687,14,3.0,72.959,69.8,13,87,0,-2.541,-5.7,-3.159,0.0,3.05,26.73,27.9,13.0,0.478,-217.091,12.0,13,0
2025-03-19 16:34:15.812788,19aac9f4-2c81-4275-a3fd-44d1f83fb78e,KXHIGHAUS-25MAR20-B73.5,113084.187,10,1.0,73.038,69.8,36,64,1,-0.462,-3.7,-3.238,0.0,2.745,24.057,36.0,11.7,0.43,-236.705,-34.417,-36,0
2025-03-19 16:57:58.487845,2eecd1d3-9c27-4742-a14d-c9b534b7a17b,KXHIGHAUS-25MAR20-B73.5,111661.512,52,1.0,73.061,69.8,36,64,1,-0.439,-3.7,-3.261,0.0,2.471,21.651,36.0,10.53,0.387,-222.243,-34.417,-36,0
2025-03-19 17:01:56.776012,66daed3a-fd4e-4102-aeaa-95bcfe550a2f,KXHIGHAUS-25MAR20-B73.5,111423.224,39,1.0,73.085,69.8,36,64,1,-0.415,-3.7,-3.285,0.0,2.224,19.486,36.0,9.477,0.349,-209.597,-34.417,-36,0
2025-03-19 17:02:39.013846,3e05aa11-a0dc-4d84-b946-d8009b557063,KXHIGHAUS-25MAR20-B75.5,111380.986,9,3.0,73.592,69.8,18,82,1,-1.908,-5.7,-3.792,0.0,1.459,12.785,23.62,18.0,0.229,-159.506,-16.118,-18,0
2025-03-19 17:02:39.013846,4aac5728-2472-41c6-9bc6-537b8dcb0aeb,KXHIGHAUS-25MAR20-B75.5,111380.986,10,3.0,73.529,69.8,18,82,1,-1.971,-5.7,-3.729,0.0,1.621,14.205,26.244,18.0,0.254,-175.908,-16.117,-18,0
2025-03-19 17:02:39.013846,c64b2a2b-396e-43a5-a0e7-fb2acad8e258,KXHIGHAUS-25MAR20-B75.5,111380.986,3,3.0,73.529,69.8,20,80,1,-1.971,-5.7,-3.729,0.0,1.801,15.784,29.16,20.0,0.282,-202.515,-18.099,-20,0
2025-03-19 17:02:39.013846,e8b110a8-3cce-48b1-8993-bb4e7a8453e9,KXHIGHAUS-25MAR20-B75.5,111380.986,4,3.0,73.349,69.8,16,84,1,-2.151,-5.7,-3.549,0.0,2.001,17.538,32.4,16.0,0.314,-208.312,-13.765,-16,0
2025-03-19 17:12:16.596653,dd462686-8174-4905-8564-5fefae32f4c5,KXHIGHAUS-25MAR20-B73.5,110803.403,56,1.0,73.569,69.8,38,62,1,0.069,-3.7,-3.769,0.0,1.313,11.506,38.0,16.2,0.206,-211.487,-36.373,-38,0
2025-03-19 17:12:16.596653,82aee3af-6e1c-49b4-af8a-16f7c2212a30,KXHIGHAUS-25MAR20-B73.5,110803.403,20,1.0,73.567,69.8,36,64,1,0.067,-3.7,-3.767,0.0,1.182,10.356,36.0,14.58,0.185,-192.168,-34.377,-36,0
2025-03-19 17:12:16.596653,5948f0ca-2aa3-4563-8310-39344333e70a,KXHIGHAUS-25MAR20-B73.5,110803.403,26,1.0,73.562,69.8,37,63,1,0.062,-3.7,-3.762,0.0,1.064,9.32,37.0,13.122,0.167,-187.955,-35.417,-37,0
2025-03-19 17:18:39.365235,e157642c-4b57-4c62-8088-7c2e14a7413d,KXHIGHAUS-25MAR20-B69.5,110420.635,52,-3.0,72.985,69.8,10,90,0,3.485,0.3,-3.185,0.0,10.0,8.388,33.3,11.81,0.15,-186.474,9.0,10,0
2025-03-19 17:18:39.365235,935f33da-e8c1-4742-a6ad-0b40a6843b79,KXHIGHAUS-25MAR20-B69.5,110420.635,73,-3.0,73.047,69.8,8,92,0,3.547,0.3,-3.247,0.0,8.0,7.549,29.97,10.629,0.135,-158.652,7.0,8,0
2025-03-19 17:19:22.406351,93ccdf5f-b9c2-4615-8623-ed03e1763b9e,KXHIGHAUS-25MAR20-B69.5,110377.594,4,-3.0,72.925,69.8,9,91,0,3.425,0.3,-3.125,0.0,9.0,6.794,26.973,9.566,0.122,-143.011,8.0,9,0
2025-03-19 17:20:52.238899,0ebab8da-eba4-4b55-beaa-2a2422ca5214,KXHIGHAUS-25MAR20-B71.5,110287.761,14,-1.0,72.353,69.8,34,66,1,0.853,-1.7,-2.553,0.0,7.29,34.0,21.848,7.748,0.098,-217.397,64.935,66,1
2025-03-19 17:20:52.238899,e7437b6e-b791-4da1-bca4-182a2a7228f6,KXHIGHAUS-25MAR20-B71.5,110287.761,68,-1.0,72.396,69.8,34,66,1,0.896,-1.7,-2.596,0.0,8.1,34.0,24.276,8.609,0.109,-232.56,64.928,66,1
2025-03-19 17:33:15.259744,e102945f-4479-480a-8bdd-2d02a23ac31a,KXHIGHAUS-25MAR20-B69.5,109544.74,9,-3.0,72.129,69.8,12,88,1,2.629,0.3,-2.329,0.0,12.0,30.6,19.663,6.974,0.089,-206.402,-11.0,-12,0
2025-03-19 17:33:15.259744,46706a3a-88ed-4e34-8b5e-a176c4e6bebf,KXHIGHAUS-25MAR20-B69.5,109544.74,1,-3.0,71.963,69.8,15,85,1,2.463,0.3,-2.163,0.0,15.0,27.54,17.697,6.276,0.08,-194.11,-14.0,-15,0
2025-03-19 17:33:28.899289,ff8c2532-45e7-40cd-a046-e1ee2915263e,KXHIGHAUS-25MAR20-B73.5,109531.101,10,1.0,72.363,69.8,37,63,1,-1.137,-3.7,-2.563,0.0,13.5,24.786,37.0,5.649,0.072,-257.901,-35.338,-37,0
2025-03-19 17:51:37.788449,36c0856e-f65f-41d1-865e-b359fe88eab5,KXHIGHAUS-25MAR20-B73.5,108442.212,15,1.0,72.404,69.8,36,64,0,-1.096,-3.7,-2.604,0.0,12.15,22.307,36.0,5.084,0.065,-236.701,34.338,36,0
2025-03-19 17:54:24.443980,60423cff-781a-43e1-b7ef-81914fc7d6c6,KXHIGHAUS-25MAR20-B71.5,108275.556,28,-1.0,72.123,69.8,37,63,1,0.623,-1.7,-2.323,0.0,7.972,37.0,23.62,3.335,0.042,-228.723,61.862,63,1
2025-03-19 17:54:24.443980,ef77f7d5-0c6b-4968-aed4-d49f44ac4efc,KXHIGHAUS-25MAR20-B71.5,108275.556,60,-1.0,72.224,69.8,37,63,1,0.724,-1.7,-2.424,0.0,10.935,37.0,32.4,4.575,0.058,-279.245,61.79,63,1
2025-03-19 17:54:24.443980,e1247413-404b-48a6-922e-2a7bb7fca153,KXHIGHAUS-25MAR20-B71.5,108275.556,30,-1.0,72.208,69.8,35,65,1,0.708,-1.7,-2.408,0.0,9.842,35.0,29.16,4.118,0.052,-250.965,63.812,65,1
2025-03-19 17:54:24.443980,655c6ae4-9f7e-4584-baa9-6a1c4ce4cb22,KXHIGHAUS-25MAR20-B71.5,108275.556,7,-1.0,72.174,69.8,35,65,1,0.674,-1.7,-2.374,0.0,8.857,35.0,26.244,3.706,0.047,-234.219,63.861,65,1
2025-03-19 17:54:52.113657,1c4b1c7a-1d66-4392-93e3-9d31bf0c87d4,KXHIGHAUS-25MAR20-B71.5,108247.886,9,-1.0,72.056,69.8,37,63,1,0.556,-1.7,-2.256,0.0,6.457,37.0,19.132,2.702,0.034,-204.682,61.511,63,1
2025-03-19 17:54:52.113657,c38c9521-c377-43e9-acfd-9790b32715d0,KXHIGHAUS-25MAR20-B71.5,108247.886,16,-1.0,72.098,69.8,36,64,1,0.598,-1.7,-2.298,0.0,7.174,36.0,21.258,3.002,0.038,-211.298,62.42,64,1
2025-03-19 17:57:41.276660,c81ac2a3-7991-4e89-b1a1-701f6eb0a165,KXHIGHAUS-25MAR20-B73.5,108078.723,7,1.0,72.377,69.8,34,66,0,-1.123,-3.7,-2.577,0.0,5.811,33.3,34.0,2.432,0.031,-248.911,32.334,34,0
2025-03-19 18:21:10.001109,a00e41c0-7317-417a-b335-8d54136a08d1,KXHIGHAUS-25MAR20-B69.5,106669.999,9,-3.0,72.048,69.8,14,86,1,2.548,0.3,-2.248,0.0,14.0,29.97,30.6,2.188,0.028,-245.148,-13.0,-14,0
2025-03-19 18:21:10.001109,926683fd-ef6b-4be9-afd2-ea8f4b15b628,KXHIGHAUS-25MAR20-B69.5,106669.999,1,-3.0,71.863,69.8,18,82,1,2.363,0.3,-2.063,0.0,18.0,26.973,27.54,1.97,0.025,-233.454,-17.0,-18,0
2025-03-19 18:21:33.722563,aa4497fb-d3e0-4174-9d34-866da0c43889,KXHIGHAUS-25MAR20-B69.5,106646.277,10,-3.0,71.982,69.8,13,87,0,2.482,0.3,-2.182,0.0,13.0,24.276,24.786,1.773,0.023,-191.27,12.0,13,0
2025-03-19 18:21:33.722563,91a2be0a-9893-4e59-ab90-53c0fda03bec,KXHIGHAUS-25MAR20-B69.5,106646.277,8,-3.0,71.927,69.8,13,87,0,2.427,0.3,-2.127,0.0,13.0,21.848,22.307,1.595,0.02,-170.655,12.0,13,0
2025-03-19 18:21:58.805692,6a86511d-4c40-47b3-977a-68054480ba22,KXHIGHAUS-25MAR20-B71.5,106621.194,59,-1.0,71.821,69.8,37,63,1,0.321,-1.7,-2.021,0.0,11.7,37.0,20.077,1.436,0.018,-223.049,61.474,63,1
2025-03-19 18:21:58.805692,1ab314c7-d8b0-4cd9-8a86-9e211040be26,KXHIGHAUS-25MAR20-B71.5,106621.194,75,-1.0,71.795,69.8,39,61,1,0.295,-1.7,-1.995,0.0,10.53,39.0,18.069,1.292,0.016,-220.228,59.412,61,1
2025-03-19 18:21:58.805692,09bb87ed-266f-4b46-8398-5dccfe86a2d9,KXHIGHAUS-25MAR20-B71.5,106621.194,16,-1.0,71.782,69.8,38,62,1,0.282,-1.7,-1.982,0.0,9.477,38.0,16.262,1.163,0.015,-205.006,60.418,62,1
2025-03-19 18:22:03.467000,ab66ae80-4009-4840-b064-420155f3f227,KXHIGHAUS-25MAR20-B73.5,106616.533,57,1.0,72.209,69.8,34,66,0,-1.291,-3.7,-2.409,0.0,8.529,34.2,34.0,1.047,0.013,-258.971,32.302,34,0
2025-03-19 18:39:52.969331,671ca8c2-9a30-4c26-9cec-d760fca749ab,KXHIGHAUS-25MAR20-B73.5,105547.031,60,1.0,72.333,69.8,38,62,1,-1.167,-3.7,-2.533,0.0,7.676,30.78,38.0,0.942,0.012,-259.244,-36.198,-38,0
2025-03-19 18:39:52.969331,37e9a0d9-5d65-46d3-a55c-c24f19da50d5,KXHIGHAUS-25MAR20-B73.5,105547.031,240,1.0,72.378,69.8,37,63,1,-1.122,-3.7,-2.578,0.0,6.909,27.702,37.0,0.848,0.011,-238.781,-35.242,-37,0
2025-03-19 18:39:52.969331,26cbcd4f-393f-459a-9f40-413d95f5b052,KXHIGHAUS-25MAR20-B73.5,105547.031,88,1.0,72.406,69.8,35,65,1,-1.094,-3.7,-2.606,0.0,6.218,24.932,35.0,0.763,0.01,-215.733,-33.269,-35,0
2025-03-19 18:39:57.296656,f012a17b-c639-4ae0-b1b6-51c00853bbea,KXHIGHAUS-25MAR20-B73.5,105542.703,12,1.0,72.513,69.8,38,62,0,-0.987,-3.7,-2.713,0.0,5.596,22.439,38.0,0.687,0.009,-217.367,36.173,38,0
2025-03-19 18:40:24.958112,c0fd0a6e-6d16-4b26-9957-1efa0de3a49c,KXHIGHAUS-25MAR20-B71.5,105515.042,108,-1.0,72.251,69.8,37,63,1,0.751,-1.7,-2.451,0.0,4.533,37.0,30.78,0.556,0.007,-245.572,61.334,63,1
2025-03-19 18:40:24.958112,18e268da-654b-48c6-93e3-a85c843a303f,KXHIGHAUS-25MAR20-B71.5,105515.042,235,-1.0,72.191,69.8,39,61,1,0.691,-1.7,-2.391,0.0,4.08,39.0,27.702,0.501,0.006,-240.248,59.314,61,1
2025-03-19 18:40:24.958112,ca9a8ab5-35f5-4971-8be8-38e49146899a,KXHIGHAUS-25MAR20-B71.5,105515.042,7,-1.0,72.291,69.8,37,63,1,0.791,-1.7,-2.491,0.0,5.036,37.0,34.2,0.618,0.008,-262.213,61.339,63,1
2025-03-19 18:40:43.497093,0211d142-b48f-4498-a5ff-31b22da219de,KXHIGHAUS-25MAR20-B71.5,105496.503,10,-1.0,72.065,69.8,40,60,1,0.565,-1.7,-2.265,0.0,2.974,40.0,20.195,0.365,0.005,-211.098,58.34,60,1
2025-03-19 18:40:43.497093,308d83bb-b850-468c-b16f-6dc7cb314e9e,KXHIGHAUS-25MAR20-B71.5,105496.503,14,-1.0,72.142,69.8,40,60,1,0.642,-1.7,-2.342,0.0,3.672,40.0,24.932,0.451,0.006,-232.126,58.423,60,1
2025-03-19 18:40:43.497093,06e2172e-fbf5-4fcf-ba86-cad1ef18c25d,KXHIGHAUS-25MAR20-B71.5,105496.503,26,-1.0,72.103,69.8,40,60,1,0.603,-1.7,-2.303,0.0,3.304,40.0,22.439,0.406,0.005,-220.913,58.368,60,1
2025-03-19 18:42:33.286720,f65713f9-cc89-4d45-b011-7f8f252389c4,KXHIGHAUS-25MAR20-T76,105386.713,16,3.5,72.322,69.8,4,96,0,-3.678,-6.2,-2.522,0.0,2.677,36.0,18.175,0.328,4.0,-189.531,3.0,4,0
2025-03-19 18:44:02.513534,a3f8e20c-72be-41f4-b132-dbc0a0fa5133,KXHIGHAUS-25MAR20-B75.5,105297.486,31,3.0,72.84,69.8,11,89,0,-2.66,-5.7,-3.04,0.0,2.409,32.4,16.358,11.0,3.6,-191.513,8.763,11,0
2025-03-19 18:44:10.235170,ec5ca3a0-56e6-4e9a-a524-197e96ee02cd,KXHIGHAUS-25MAR20-B71.5,105289.765,16,-1.0,72.616,69.8,41,59,1,1.116,-1.7,-2.816,0.0,2.168,41.0,14.722,9.9,3.24,-220.032,55.23,59,1
2025-03-19 18:44:10.235170,d69d7b17-055e-4235-871a-1e0702f8ff36,KXHIGHAUS-25MAR20-B71.5,105289.765,89,-1.0,72.549,69.8,41,59,1,1.049,-1.7,-2.749,0.0,1.951,41.0,13.25,8.91,2.916,-210.406,55.807,59,1
2025-03-19 18:44:10.235170,c5754b53-977c-4953-a2b1-3b01b9f83239,KXHIGHAUS-25MAR20-B71.5,105289.765,6,-1.0,72.498,69.8,40,60,1,0.998,-1.7,-2.698,0.0,1.756,40.0,11.925,8.019,2.624,-197.327,57.51,60,1
2025-03-19 18:44:10.235170,9fb9e7ae-2130-4c9e-84dd-631014672859,KXHIGHAUS-25MAR20-B71.5,105289.765,240,-1.0,72.377,69.8,44,56,1,0.877,-1.7,-2.577,0.0,1.58,44.0,10.732,7.217,2.362,-208.993,53.559,56,1
2025-03-19 18:44:10.235170,9f83226f-f735-4ce7-92e0-7573b424f323,KXHIGHAUS-25MAR20-B71.5,105289.765,15,-1.0,72.292,69.8,46,54,1,0.792,-1.7,-2.492,0.0,1.422,46.0,9.659,6.495,2.126,-212.281,51.585,54,1
2025-03-19 18:44:10.235170,9a572421-e276-44ab-a18d-97b96e4f2b4a,KXHIGHAUS-25MAR20-B71.5,105289.765,200,-1.0,72.235,69.8,46,54,1,0.735,-1.7,-2.435,0.0,1.28,46.0,8.693,5.846,1.913,-206.797,51.642,54,1
2025-03-19 18:44:10.235170,719e152c-5d2a-4b7c-bead-ddfad16375ce,KXHIGHAUS-25MAR20-B71.5,105289.765,5,-1.0,72.253,69.8,40,60,1,0.753,-1.7,-2.453,0.0,1.152,40.0,7.824,5.261,1.722,-173.485,57.68,60,1
2025-03-19 18:44:10.235170,51c271a8-f23e-4482-9318-c699f44d6127,KXHIGHAUS-25MAR20-B71.5,105289.765,42,-1.0,72.139,69.8,45,55,1,0.639,-1.7,-2.339,0.0,1.037,45.0,7.041,4.735,1.55,-193.123,52.911,55,1
2025-03-19 18:44:10.235170,0eec576f-a622-4577-8053-058e20db47ad,KXHIGHAUS-25MAR20-B71.5,105289.765,240,-1.0,72.121,69.8,42,58,1,0.621,-1.7,-2.321,0.0,0.933,42.0,6.337,4.262,1.395,-175.261,55.925,58,1
2025-03-19 18:44:13.518551,0c03206d-b24c-40f4-89af-8c45fa5719dd,KXHIGHAUS-25MAR20-T76,105286.481,5,3.5,72.325,69.8,4,96,0,-3.675,-6.2,-2.525,0.0,0.84,37.8,5.704,3.835,4.0,-157.786,3.0,4,0
2025-03-19 18:45:32.124067,5fd0e1f9-e115-4159-ab17-99f930347a8a,KXHIGHAUS-25MAR20-B71.5,105207.876,108,-1.0,72.066,69.8,45,55,1,0.566,-1.7,-2.266,0.0,0.612,45.0,4.158,2.796,2.916,-182.92,50.848,55,1
2025-03-19 18:45:32.124067,3060a39d-8161-4e2f-8854-0f77c364ee9d,KXHIGHAUS-25MAR20-B71.5,105207.876,240,-1.0,72.001,69.8,47,53,1,0.501,-1.7,-2.201,0.0,0.551,47.0,3.742,2.516,2.624,-190.421,49.061,53,1
2025-03-19 18:45:32.124067,f578432a-f913-42f0-aabe-f8b019fd8cc4,KXHIGHAUS-25MAR20-B71.5,105207.876,100,-1.0,72.158,69.8,46,54,1,0.658,-1.7,-2.358,0.0,0.756,46.0,5.133,3.452,3.6,-193.191,49.553,54,1
2025-03-19 18:45:32.124067,76b93f32-703a-4d94-95c1-1f806254724b,KXHIGHAUS-25MAR20-B71.5,105207.876,3,-1.0,72.116,69.8,45,55,1,0.616,-1.7,-2.316,0.0,0.68,45.0,4.62,3.107,3.24,-185.439,50.842,55,1
2025-03-19 18:45:35.068361,99ca0cd9-4920-42f3-a9db-fefdc7d2034a,KXHIGHAUS-25MAR20-T76,105204.932,1,3.5,72.126,69.8,4,96,0,-3.874,-6.2,-2.326,0.0,0.496,42.3,3.368,2.265,4.0,-169.543,3.0,4,0
2025-03-19 18:45:37.287205,27921d7e-6da8-4350-8643-a7fd77357c55,KXHIGHAUS-25MAR20-T76,105202.713,27,3.5,72.158,69.8,4,96,0,-3.842,-6.2,-2.358,0.0,0.446,38.07,3.031,2.038,4.0,-148.551,3.0,4,0
2025-03-19 18:45:42.639187,bcc425a4-b897-482d-8dc4-8b694cb127ad,KXHIGHAUS-25MAR20-B71.5,105197.361,228,-1.0,72.017,69.8,46,54,1,0.517,-1.7,-2.217,0.0,0.402,46.0,2.728,1.834,3.6,-184.213,49.367,54,1
2025-03-19 18:45:42.639187,5757a3bb-d5ea-4ed5-9eb0-46ee69847868,KXHIGHAUS-25MAR20-B71.5,105197.361,4,-1.0,71.991,69.8,44,56,1,0.491,-1.7,-2.191,0.0,0.362,44.0,2.455,1.651,3.24,-172.979,51.415,56,1
2025-03-19 18:45:42.639187,0c7848a3-9a8c-44bb-b388-318dd5155350,KXHIGHAUS-25MAR20-B71.5,105197.361,12,-1.0,71.948,69.8,44,56,1,0.448,-1.7,-2.148,0.0,0.325,44.0,2.21,1.486,2.916,-171.6,51.458,56,1
2025-03-19 19:05:39.908561,839fcd75-9412-4421-bfe6-c89d88d12987,KXHIGHAUS-25MAR20-B73.5,104000.091,16,1.0,72.663,69.8,37,63,1,-0.837,-3.7,-2.863,0.0,0.264,35.64,37.0,1.204,2.362,-262.864,-35.164,-37,0
2025-03-19 19:05:39.908561,ef1c6614-3350-4e8a-a3c5-f05451e8e4ab,KXHIGHAUS-25MAR20-B73.5,104000.091,65,1.0,72.598,69.8,35,65,1,-0.902,-3.7,-2.798,0.0,0.293,39.6,35.0,1.337,2.624,-272.68,-33.119,-35,0
2025-03-19 19:45:13.341342,b37e8379-c182-4209-a62b-51235190d4d0,KXHIGHAUS-25MAR20-B73.5,101626.659,57,1.0,72.683,69.8,35,65,0,-0.817,-3.7,-2.883,0.0,0.237,32.076,35.0,1.083,2.126,-237.029,33.112,35,0
2025-03-19 20:07:57.394390,803e3855-28a0-4166-b996-f2e758dcc686,KXHIGHAUS-25MAR20-B71.5,100262.606,10,-1.0,72.409,69.8,48,52,1,0.909,-1.7,-2.609,0.0,0.214,48.0,31.5,0.975,1.913,-295.379,47.316,52,1
2025-03-19 20:13:53.426334,cdfced91-9764-4932-b542-bd51aeb5c979,KXHIGHAUS-25MAR20-B73.5,99906.574,53,1.0,72.511,69.8,36,64,1,-0.989,-3.7,-2.711,0.0,0.192,43.2,36.0,0.877,1.722,-292.195,-34.104,-36,0
2025-03-19 20:15:25.016906,3560ff92-92c2-4da8-87e3-c80cacdf8734,KXHIGHAUS-25MAR20-B71.5,99814.983,18,-1.0,72.4,69.8,48,52,1,0.9,-1.7,-2.6,0.0,0.173,48.0,32.4,0.79,1.55,-298.699,47.255,52,1
2025-03-19 20:15:25.016906,2eceeed4-f5b2-4158-ba79-64b5d184a2ac,KXHIGHAUS-25MAR20-B71.5,99814.983,12,-1.0,72.345,69.8,48,52,1,0.845,-1.7,-2.545,0.0,0.156,48.0,29.16,0.711,1.395,-284.1,47.305,52,1
2025-03-19 20:16:25.821363,2a6f8d47-f052-4770-a7e2-4a45739da33c,KXHIGHAUS-25MAR20-B69.5,99754.179,25,-3.0,71.795,69.8,14,86,1,2.295,0.3,-1.995,0.0,14.0,34.992,21.258,0.518,1.017,-226.002,-13.0,-14,0
2025-03-19 20:16:25.821363,f344892c-a34f-4954-8eaa-a26a96b94270,KXHIGHAUS-25MAR20-B69.5,99754.179,10,-3.0,72.0,69.8,10,90,1,2.5,0.3,-2.2,0.0,10.0,43.2,26.244,0.64,1.255,-271.46,-9.0,-10,0
2025-03-19 20:16:25.821363,e8011823-37dc-4aee-a063-c458c97161f2,KXHIGHAUS-25MAR20-B69.5,99754.179,1,-3.0,71.967,69.8,10,90,1,2.467,0.3,-2.167,0.0,10.0,38.88,23.62,0.576,1.13,-239.852,-9.0,-10,0
2025-03-19 20:16:31.032033,6945c0d5-23a5-4c0c-b924-b1dccfb71aea,KXHIGHAUS-25MAR20-B73.5,99748.968,31,1.0,72.275,69.8,36,64,1,-1.225,-3.7,-2.475,0.0,10.206,25.509,36.0,0.378,0.741,-234.75,-34.082,-36,0
2025-03-19 20:16:31.032033,a0ff27f0-5569-45c4-90f5-fbfd2ff1d1b2,KXHIGHAUS-25MAR20-B73.5,99748.968,2,1.0,72.244,69.8,38,62,1,-1.256,-3.7,-2.444,0.0,11.34,28.344,38.0,0.42,0.824,-260.033,-36.07,-38,0
2025-03-19 20:16:31.032033,bd8a4a45-a6c5-43fa-a20d-6523e33ec766,KXHIGHAUS-25MAR20-B73.5,99748.968,7,1.0,72.148,69.8,36,64,1,-1.352,-3.7,-2.348,0.0,12.6,31.493,36.0,0.466,0.915,-269.137,-34.049,-36,0
2025-03-19 20:17:46.090826,45fe181d-6e82-448a-9bea-61c5d591d6dc,KXHIGHAUS-25MAR20-B71.5,99673.909,1,-1.0,72.067,69.8,47,53,0,0.567,-1.7,-2.267,0.0,9.185,47.0,32.4,0.34,0.667,-313.382,-48.251,-53,1
2025-03-19 20:17:53.823468,9b2efb1e-e93e-4957-a7e6-3239cb000766,KXHIGHAUS-25MAR20-B75.5,99666.177,1,3.0,72.435,69.8,10,90,1,-3.065,-5.7,-2.635,0.0,8.267,42.3,29.16,10.0,0.6,-296.937,-7.694,-10,0
2025-03-19 20:17:53.823468,433e2204-7a97-41ae-b906-d4f5f840b7fa,KXHIGHAUS-25MAR20-B75.5,99666.177,19,3.0,72.509,69.8,11,89,1,-2.991,-5.7,-2.709,0.0,7.44,38.07,26.244,11.0,0.54,-265.279,-8.754,-11,0
2025-03-19 20:17:53.823468,1baba3f0-56cf-4d0a-b30e-1a2074e009f9,KXHIGHAUS-25MAR20-B75.5,99666.177,10,3.0,72.513,69.8,10,90,1,-2.987,-5.7,-2.713,0.0,6.696,34.263,23.62,10.0,0.486,-231.183,-7.759,-10,0
2025-03-19 20:20:07.088561,d2956d43-a787-476c-bbe5-471296c191e4,KXHIGHAUS-25MAR20-B69.5,99532.911,1,-3.0,72.306,69.8,11,89,1,2.806,0.3,-2.506,0.0,11.0,30.837,21.258,9.0,0.438,-216.499,-10.0,-11,0
2025-03-19 20:20:07.088561,8926e9df-cda5-464b-be36-12112e41c5d5,KXHIGHAUS-25MAR20-B69.5,99532.911,1,-3.0,72.302,69.8,10,90,1,2.802,0.3,-2.502,0.0,10.0,27.753,19.132,8.1,0.394,-188.301,-9.0,-10,0
2025-03-19 20:20:07.088561,88fc98a3-bce2-4a62-9dac-4440b46c6f91,KXHIGHAUS-25MAR20-B69.5,99532.911,34,-3.0,72.083,69.8,14,86,1,2.583,0.3,-2.283,0.0,14.0,24.978,17.219,7.29,0.355,-180.443,-13.0,-14,0
2025-03-19 20:20:07.088561,6322bf33-07b7-4cc7-93cb-d4e95893a939,KXHIGHAUS-25MAR20-B69.5,99532.911,1,-3.0,72.065,69.8,13,87,1,2.565,0.3,-2.265,0.0,13.0,22.48,15.497,6.561,0.319,-157.765,-12.0,-13,0
2025-03-19 20:20:07.088561,4653f6f7-3062-4322-810a-088eb989e802,KXHIGHAUS-25MAR20-B69.5,99532.911,1,-3.0,72.05,69.8,12,88,1,2.55,0.3,-2.25,0.0,12.0,20.232,13.947,5.905,0.287,-137.544,-11.0,-12,0
2025-03-19 20:20:07.088561,19334d32-1af6-4b4e-856f-b3f132090026,KXHIGHAUS-25MAR20-B69.5,99532.911,3,-3.0,71.888,69.8,14,86,1,2.388,0.3,-2.088,0.0,14.0,18.209,12.552,5.314,0.258,-130.071,-13.0,-14,0
2025-03-19 20:27:45.858914,9ad0f423-e4f2-4668-ac8d-c5e502513e2c,KXHIGHAUS-25MAR20-B73.5,99074.141,3,1.0,72.442,69.8,35,65,0,-1.058,-3.7,-2.642,0.0,12.6,16.388,35.0,4.783,0.233,-209.338,33.017,35,0
2025-03-19 20:30:18.807335,8896609d-d812-4d74-986d-b46bcfb6eebe,KXHIGHAUS-25MAR20-B75.5,98921.193,5,3.0,72.657,69.8,9,91,1,-2.843,-5.7,-2.857,0.0,11.34,14.749,31.5,9.0,0.209,-195.352,-6.693,-9,0
2025-03-19 20:30:24.508583,343d5596-7828-454a-aa1f-9cfffe6f7705,KXHIGHAUS-25MAR20-B73.5,98915.491,1,1.0,72.752,69.8,36,64,0,-0.748,-3.7,-2.952,0.0,10.206,13.274,36.0,8.1,0.188,-203.669,33.836,36,0
2025-03-19 20:30:37.137035,905d3d39-d720-47ec-b1aa-8bfba927d377,KXHIGHAUS-25MAR20-B75.5,98902.863,23,3.0,72.827,69.8,9,91,0,-2.673,-5.7,-3.027,0.0,9.185,11.947,32.4,9.0,0.17,-182.17,6.625,9,0
2025-03-19 20:30:37.347109,9433ba58-697b-4e4c-ab8e-d293c337f31d,KXHIGHAUS-25MAR20-B73.5,98902.653,1,1.0,72.89,69.8,35,65,0,-0.61,-3.7,-3.09,0.0,8.267,10.752,35.0,8.1,0.153,-184.093,32.722,35,0
2025-03-19 20:30:40.695556,b5b7a883-5162-40fc-80f3-4679933e32a4,KXHIGHAUS-25MAR20-B73.5,98899.304,8,1.0,72.926,69.8,35,65,0,-0.574,-3.7,-3.126,0.0,7.44,9.677,35.0,7.29,0.137,-175.542,32.71,35,0
2025-03-19 20:33:35.647232,e31a37ea-4884-4f52-925d-dd7570471341,KXHIGHAUS-25MAR20-B69.5,98724.353,1,-3.0,72.617,69.8,12,88,1,3.117,0.3,-2.817,0.0,12.0,8.709,31.5,6.561,0.124,-169.427,-11.0,-12,0
2025-03-19 20:33:35.928364,e7e9bbaa-6ff0-4e18-b112-3079ca4686de,KXHIGHAUS-25MAR20-B73.5,98724.072,6,1.0,72.716,69.8,35,65,0,-0.784,-3.7,-2.916,0.0,10.8,7.838,35.0,5.905,0.111,-176.517,32.597,35,0
2025-03-19 20:33:35.928364,75315523-85f1-4008-b598-b84c1952aea6,KXHIGHAUS-25MAR20-B73.5,98724.072,1,1.0,72.764,69.8,35,65,0,-0.736,-3.7,-2.964,0.0,9.72,7.054,35.0,5.314,0.1,-168.971,32.614,35,0
2025-03-19 20:33:36.028994,3911ae70-930b-4dea-9d31-206cf5813e2b,KXHIGHAUS-25MAR20-B75.5,98723.971,1,3.0,72.925,69.8,8,92,0,-2.575,-5.7,-3.125,0.0,8.748,6.349,31.5,8.0,0.09,-155.801,5.569,8,0
2025-03-19 20:36:32.986966,a3735d8f-f7b9-4742-8f41-8b0d0e552b21,KXHIGHAUS-25MAR20-B69.5,98547.013,1,-3.0,72.602,69.8,13,87,1,3.102,0.3,-2.802,0.0,13.0,5.714,28.35,7.2,0.081,-152.133,-12.0,-13,0
2025-03-19 20:36:32.986966,454b11e0-366a-4870-8256-aad3c70a8e00,KXHIGHAUS-25MAR20-B69.5,98547.013,1,-3.0,72.521,69.8,13,87,1,3.021,0.3,-2.721,0.0,13.0,5.143,25.515,6.48,0.073,-136.334,-12.0,-13,0
2025-03-19 20:36:33.136645,a9574bb3-9b05-4e00-8d5c-8d2e1ad1c63f,KXHIGHAUS-25MAR20-B73.5,98546.863,1,1.0,72.684,69.8,32,68,0,-0.816,-3.7,-2.884,0.0,11.7,4.628,32.0,5.832,0.066,-156.878,29.509,32,0
2025-03-19 20:36:33.136645,a82657fe-701d-407b-8b17-97eb581acc86,KXHIGHAUS-25MAR20-B73.5,98546.863,1,1.0,72.763,69.8,34,66,0,-0.737,-3.7,-2.963,0.0,10.53,4.166,34.0,5.249,0.059,-159.165,31.51,34,0
2025-03-19 20:36:33.136645,a77570f0-18db-4346-be1b-2a1408ce94b0,KXHIGHAUS-25MAR20-B73.5,98546.863,1,1.0,72.798,69.8,33,67,0,-0.702,-3.7,-2.998,0.0,9.477,3.749,33.0,4.724,0.053,-148.83,30.534,33,0
2025-03-19 20:36:33.136645,97d28beb-83bb-40f4-bd07-f610facb7af7,KXHIGHAUS-25MAR20-B73.5,98546.863,1,1.0,72.845,69.8,33,67,0,-0.655,-3.7,-3.045,0.0,8.529,3.374,33.0,4.252,0.048,-143.778,30.554,33,0
2025-03-19 20:36:33.136645,8bf1dd18-9102-4ef3-bd79-9a756c04bdd2,KXHIGHAUS-25MAR20-B73.5,98546.863,1,1.0,72.877,69.8,32,68,0,-0.623,-3.7,-3.077,0.0,7.676,3.037,32.0,3.826,0.043,-134.921,29.58,32,0
2025-03-19 20:36:33.237437,03f65654-81e1-4d5f-897d-23f18b999a7d,KXHIGHAUS-25MAR20-B75.5,98546.763,28,3.0,73.082,69.8,7,93,0,-2.418,-5.7,-3.282,0.0,6.909,2.733,28.8,7.0,0.039,-126.375,4.511,7,0
2025-03-19 20:39:36.337421,cf1f6576-ea36-478b-a452-9a53309f8bff,KXHIGHAUS-25MAR20-B73.5,98363.663,1,1.0,73.136,69.8,32,68,0,-0.364,-3.7,-3.336,0.0,6.218,2.46,32.0,6.3,0.035,-135.958,29.453,32,0
2025-03-19 20:40:11.713637,791a86cf-1eff-4b3b-a9a1-ddd03bc02142,KXHIGHAUS-25MAR20-B69.5,98328.286,10,-3.0,72.595,69.8,13,87,0,3.095,0.3,-2.795,0.0,13.0,2.214,28.8,5.67,0.031,-141.612,12.0,13,0
2025-03-19 21:14:33.423732,e8eea362-4c6a-4d0d-8156-f340a803220b,KXHIGHAUS-25MAR20-B73.5,96266.576,4,1.0,72.703,69.8,32,68,1,-0.797,-3.7,-2.903,0.0,11.7,1.992,32.0,5.103,0.028,-149.27,-29.183,-32,0
2025-03-19 21:25:51.490202,a87fd9b2-0ca1-4729-9448-c5cb54a88643,KXHIGHAUS-25MAR20-B71.5,95588.51,14,-1.0,72.053,69.8,50,50,1,0.553,-1.7,-2.253,0.0,9.477,50.0,25.92,4.133,0.023,-307.063,45.246,50,1
2025-03-19 21:25:51.490202,5a23b3c6-a964-4972-9e49-b006d56812fc,KXHIGHAUS-25MAR20-B71.5,95588.51,1,-1.0,72.027,69.8,49,51,1,0.527,-1.7,-2.227,0.0,8.529,49.0,23.328,3.72,0.021,-287.264,46.248,51,1
2025-03-19 21:25:51.490202,a997209d-dfa2-4be0-8dab-df0aefeab730,KXHIGHAUS-25MAR20-B71.5,95588.51,4,-1.0,72.092,69.8,49,51,1,0.592,-1.7,-2.292,0.0,10.53,49.0,28.8,4.593,0.025,-319.176,46.242,51,1
2025-03-19 21:29:31.920317,974654e5-d6b7-4067-9ca0-35ffb1c1c5d4,KXHIGHAUS-25MAR20-B73.5,95368.08,2,1.0,72.315,69.8,32,68,1,-1.185,-3.7,-2.515,0.0,6.218,35.721,32.0,2.712,0.015,-252.638,-29.015,-32,0
2025-03-19 21:29:31.920317,bd981cf1-3ed6-42b8-a2ed-d38a5e428ba4,KXHIGHAUS-25MAR20-B73.5,95368.08,1,1.0,72.242,69.8,34,66,1,-1.258,-3.7,-2.442,0.0,7.676,44.1,34.0,3.348,0.019,-306.497,-30.92,-34,0
2025-03-19 21:29:31.920317,992adeff-4be2-4c19-bcf5-2984a0fe8815,KXHIGHAUS-25MAR20-B73.5,95368.08,25,1.0,72.293,69.8,34,66,1,-1.207,-3.7,-2.493,0.0,6.909,39.69,34.0,3.013,0.017,-282.608,-30.976,-34,0
2025-03-19 21:30:13.094035,6632dc80-d5ab-4610-98f0-21762570cad1,KXHIGHAUS-25MAR20-B71.5,95326.906,38,-1.0,72.147,69.8,50,50,1,0.647,-1.7,-2.347,0.0,5.596,50.0,28.8,2.441,0.014,-304.136,45.239,50,1
2025-03-19 21:30:26.483313,202c075e-808d-431d-a387-e12f071931f9,KXHIGHAUS-25MAR20-B75.5,95313.517,1,3.0,72.303,69.8,6,94,1,-3.197,-5.7,-2.503,0.0,5.036,45.0,25.92,6.0,0.012,-274.509,-3.508,-6,0
2025-03-19 21:31:08.642736,485d706d-192e-4307-a156-fc8765ecb57c,KXHIGHAUS-25MAR20-B69.5,95271.357,11,-3.0,71.287,69.8,18,82,1,1.787,0.3,-1.487,0.0,18.0,15.691,9.038,2.092,0.004,-116.64,-17.0,-18,0
2025-03-19 21:31:08.642736,d36ba041-094c-4f47-8fc6-613142256d5d,KXHIGHAUS-25MAR20-B69.5,95271.357,9,-3.0,71.926,69.8,16,84,1,2.426,0.3,-2.126,0.0,16.0,40.5,23.328,5.4,0.011,-276.796,-15.0,-16,0
2025-03-19 21:31:08.642736,c92b1015-d30d-4caa-a44d-fa36705fd1a0,KXHIGHAUS-25MAR20-B69.5,95271.357,1,-3.0,71.846,69.8,17,83,1,2.346,0.3,-2.046,0.0,17.0,36.45,20.995,4.86,0.01,-250.791,-16.0,-17,0
2025-03-19 21:31:08.642736,bc842528-b244-49de-aced-12520eb1e171,KXHIGHAUS-25MAR20-B69.5,95271.357,1,-3.0,71.856,69.8,15,85,1,2.356,0.3,-2.056,0.0,15.0,32.805,18.896,4.374,0.009,-217.075,-14.0,-15,0
2025-03-19 21:31:08.642736,9f49a8c1-2f0f-49fe-92d4-6ef6740066b5,KXHIGHAUS-25MAR20-B69.5,95271.357,1,-3.0,71.802,69.8,15,85,1,2.302,0.3,-2.002,0.0,15.0,29.525,17.006,3.937,0.008,-194.112,-14.0,-15,0
2025-03-19 21:31:08.642736,8ac3f681-8e94-40f8-b0b1-445061388e18,KXHIGHAUS-25MAR20-B69.5,95271.357,1,-3.0,71.783,69.8,14,86,1,2.283,0.3,-1.983,0.0,14.0,26.572,15.306,3.543,0.007,-170.302,-13.0,-14,0
2025-03-19 21:31:08.642736,755fad85-727f-4cd8-8155-8116556aa2db,KXHIGHAUS-25MAR20-B69.5,95271.357,1,-3.0,71.725,69.8,14,86,1,2.225,0.3,-1.925,0.0,14.0,23.915,13.775,3.189,0.006,-152.659,-13.0,-14,0
2025-03-19 21:31:08.642736,72402ce8-d331-4a43-982a-e2df7fb8530a,KXHIGHAUS-25MAR20-B69.5,95271.357,1,-3.0,71.581,69.8,16,84,1,2.081,0.3,-1.781,0.0,16.0,21.523,12.397,2.87,0.006,-144.626,-15.0,-16,0
2025-03-19 21:31:08.642736,6c59334e-bd1f-4284-92ab-3754430cf0ba,KXHIGHAUS-25MAR20-B69.5,95271.357,1,-3.0,71.599,69.8,14,86,1,2.099,0.3,-1.799,0.0,14.0,19.371,11.158,2.583,0.005,-123.695,-13.0,-14,0
2025-03-19 21:31:08.642736,53ab03f7-774d-4348-bb3d-b38e3d82e011,KXHIGHAUS-25MAR20-B69.5,95271.357,1,-3.0,71.402,69.8,17,83,1,1.902,0.3,-1.602,0.0,17.0,17.434,10.042,2.325,0.005,-123.098,-16.0,-17,0
2025-03-19 21:31:17.821946,1ec59a52-475e-4fad-a258-fea20da27cdd,KXHIGHAUS-25MAR20-B75.5,95262.178,65,3.0,71.824,69.8,7,93,1,-3.676,-5.7,-2.024,0.0,14.58,12.709,7.321,7.0,0.003,-99.556,-4.506,-7,0
2025-03-19 21:31:17.821946,2af5fffa-750a-4f88-b1be-b6ff6815bf3f,KXHIGHAUS-25MAR20-B75.5,95262.178,1,3.0,71.761,69.8,7,93,1,-3.739,-5.7,-1.961,0.0,16.2,14.121,8.134,7.0,0.004,-113.156,-4.503,-7,0
2025-03-19 21:31:33.169273,bf61d8fc-f341-4c61-b8b1-abbe3afbc086,KXHIGHAUS-25MAR20-B69.5,95246.831,26,-3.0,71.556,69.8,18,82,1,2.056,0.3,-1.756,0.0,18.0,11.438,6.589,6.3,0.003,-103.901,-17.0,-18,0
2025-03-19 21:32:03.933798,92742b1e-4a9e-4cad-b4d9-c5890e13fd63,KXHIGHAUS-25MAR20-B71.5,95216.066,58,-1.0,71.528,69.8,50,50,1,0.028,-1.7,-1.728,0.0,16.2,50.0,5.93,5.67,0.003,-261.095,45.12,50,1
2025-03-19 21:32:03.933798,30df3f2c-1776-4fdb-acbd-3c749bf9df1b,KXHIGHAUS-25MAR20-B71.5,95216.066,2,-1.0,71.526,69.8,50,50,1,0.026,-1.7,-1.726,0.0,14.58,50.0,5.337,5.103,0.003,-251.909,45.123,50,1
2025-03-19 21:32:08.577340,f03a013e-f313-4931-86d7-f18c997f83a6,KXHIGHAUS-25MAR20-B73.5,95211.423,1,1.0,72.093,69.8,32,68,0,-1.407,-3.7,-2.293,0.0,13.122,45.0,32.0,4.593,0.002,-322.971,28.919,32,0
2025-03-19 21:44:39.741174,94bc595b-83cf-4008-bfde-aaf4dfec9488,KXHIGHAUS-25MAR20-B75.5,94460.259,37,3.0,72.204,69.8,7,93,1,-3.296,-5.7,-2.404,0.0,11.81,40.5,28.8,7.0,0.002,-289.448,-4.501,-7,0
2025-03-19 22:01:34.585947,e3c262d5-08ba-4f99-86e3-ed7e94a18a3e,KXHIGHAUS-25MAR20-B71.5,93445.414,1,-1.0,72.094,69.8,51,49,1,0.594,-1.7,-2.294,0.0,10.629,51.0,25.92,6.3,0.002,-321.599,44.019,49,1
2025-03-19 22:04:14.504133,f61c12c9-0faa-4d72-b84c-8cdba2f31d69,KXHIGHAUS-25MAR20-B73.5,93285.496,27,1.0,72.225,69.8,32,68,1,-1.275,-3.7,-2.425,0.0,9.566,45.9,32.0,5.67,0.002,-317.968,-28.458,-32,0
2025-03-19 22:04:14.504133,dc5719ea-8800-474d-8829-153d930e7545,KXHIGHAUS-25MAR20-B73.5,93285.496,7,1.0,72.326,69.8,36,64,1,-1.174,-3.7,-2.526,0.0,8.609,41.31,36.0,5.103,0.001,-309.567,-32.572,-36,0
2025-03-19 22:04:14.504133,c934c044-506f-4a10-bc89-fdad94b610ee,KXHIGHAUS-25MAR20-B73.5,93285.496,1,1.0,72.349,69.8,34,66,1,-1.151,-3.7,-2.549,0.0,7.748,37.179,34.0,4.593,0.001,-277.183,-30.574,-34,0
2025-03-19 22:04:14.504133,a2ed226e-1bda-45e8-9111-8a1bd20baba6,KXHIGHAUS-25MAR20-B73.5,93285.496,7,1.0,72.398,69.8,34,66,1,-1.102,-3.7,-2.598,0.0,6.974,33.461,34.0,4.133,0.001,-256.759,-30.603,-34,0
2025-03-19 22:04:14.504133,65d5c652-e178-4f00-b5ec-23ba28a0855a,KXHIGHAUS-25MAR20-B73.5,93285.496,240,1.0,72.449,69.8,34,66,1,-1.051,-3.7,-2.649,0.0,6.276,30.115,34.0,3.72,0.001,-238.846,-30.684,-34,0
2025-03-19 22:04:17.319239,77240b05-5272-4b1a-9213-613376ed6bf3,KXHIGHAUS-25MAR20-B71.5,93282.681,17,-1.0,72.214,69.8,49,51,0,0.714,-1.7,-2.414,0.0,5.649,49.0,30.6,3.348,0.001,-309.201,-45.767,-51,1
2025-03-19 22:06:52.687080,4f7dd9c0-44cb-45ac-b693-4d81a8d5c3d9,KXHIGHAUS-25MAR20-B69.5,93127.313,8,-3.0,71.929,69.8,13,87,0,2.429,0.3,-2.129,0.0,13.0,39.69,24.786,2.712,0.001,-261.717,12.0,13,0
2025-03-19 22:06:52.687080,2ffce5b4-0508-48ad-9cf2-f0128847e498,KXHIGHAUS-25MAR20-B69.5,93127.313,5,-3.0,71.886,69.8,13,87,0,2.386,0.3,-2.086,0.0,13.0,35.721,22.307,2.441,0.001,-232.509,12.0,13,0
2025-03-19 22:06:52.687080,5903c41e-f70a-42b4-93c7-fd1dc05b4169,KXHIGHAUS-25MAR20-B69.5,93127.313,1,-3.0,71.969,69.8,13,87,0,2.469,0.3,-2.169,0.0,13.0,44.1,27.54,3.013,0.001,-294.957,12.0,13,0
2025-03-19 22:12:11.521565,1891b1ca-02f0-4426-8477-c5b4acd2de06,KXHIGHAUS-25MAR20-B71.5,92808.478,1,-1.0,71.804,69.8,50,50,1,0.304,-1.7,-2.004,0.0,11.7,50.0,20.077,2.197,0.001,-286.323,44.52,50,1
2025-03-19 22:12:33.417593,c9d177ed-fabd-4cae-a97b-128061c45a50,KXHIGHAUS-25MAR20-B69.5,92786.582,36,-3.0,71.731,69.8,13,87,1,2.231,0.3,-1.931,0.0,13.0,45.0,18.069,1.977,0.001,-258.283,-11.973,-13,0
2025-03-19 22:12:33.417593,728f3605-6880-43ad-b8b7-2c34824941a2,KXHIGHAUS-25MAR20-B69.5,92786.582,1,-3.0,71.691,69.8,13,87,1,2.191,0.3,-1.891,0.0,13.0,40.5,16.262,1.779,0.001,-229.621,-11.989,-13,0
2025-03-19 22:12:33.647507,85bcb7f7-7d20-47db-8cdd-f38cfec45ae0,KXHIGHAUS-25MAR20-B75.5,92786.352,1,3.0,71.934,69.8,6,94,0,-3.566,-5.7,-2.134,0.0,11.7,36.45,14.636,6.0,0.0,-209.871,2.96,6,0
2025-03-19 22:15:20.988050,3d85128d-907c-4e40-9833-d322aaf328ee,KXHIGHAUS-25MAR20-B75.5,92619.012,26,3.0,71.969,69.8,6,94,1,-3.531,-5.7,-2.169,0.0,10.53,32.805,13.172,6.0,0.0,-184.006,-2.706,-6,0
2025-03-19 22:15:40.877203,5a4e8181-de8f-4d57-9009-96e65e132794,KXHIGHAUS-25MAR20-B69.5,92599.123,1,-3.0,71.785,69.8,14,86,1,2.285,0.3,-1.985,0.0,14.0,29.525,11.855,5.4,0.0,-175.312,-12.968,-14,0
2025-03-19 22:15:40.877203,58919f34-dcf7-460f-8b29-1bc95dc04616,KXHIGHAUS-25MAR20-B69.5,92599.123,1,-3.0,71.728,69.8,14,86,1,2.228,0.3,-1.928,0.0,14.0,26.572,10.67,4.86,0.0,-157.04,-12.972,-14,0
2025-03-19 22:24:49.053189,371506e8-b351-4487-bd75-21152f08d218,KXHIGHAUS-25MAR20-B73.5,92050.947,2,1.0,72.409,69.8,30,70,0,-1.091,-3.7,-2.609,0.0,9.185,17.434,30.0,3.189,0.0,-175.935,26.092,30,0
2025-03-19 22:24:49.053189,066b52be-cc84-4f0f-a33b-ecdce4eb217a,KXHIGHAUS-25MAR20-B73.5,92050.947,5,1.0,72.485,69.8,31,69,0,-1.015,-3.7,-2.685,0.0,8.267,15.691,31.0,2.87,0.0,-170.136,27.402,31,0
2025-03-19 22:24:49.053189,c0e3c385-f9f1-4972-bacb-9e61f695c1e1,KXHIGHAUS-25MAR20-B73.5,92050.947,3,1.0,72.312,69.8,31,69,0,-1.188,-3.7,-2.512,0.0,11.34,21.523,31.0,3.937,0.0,-205.441,26.963,31,0
2025-03-19 22:24:49.053189,e95f6a39-061a-4cc8-92d2-b35f20addadf,KXHIGHAUS-25MAR20-B73.5,92050.947,6,1.0,72.255,69.8,31,69,0,-1.245,-3.7,-2.455,0.0,12.6,23.915,31.0,4.374,0.0,-220.748,26.96,31,0
2025-03-19 22:24:49.053189,a964948b-5d68-4eb4-9b70-75e94bb62dff,KXHIGHAUS-25MAR20-B73.5,92050.947,84,1.0,72.352,69.8,30,70,0,-1.148,-3.7,-2.552,0.0,10.206,19.371,30.0,3.543,0.0,-187.635,26.076,30,0
2025-03-19 22:38:14.805046,c5c5eebc-bad1-4b19-838f-3c7de2b38ba4,KXHIGHAUS-25MAR20-B69.5,91245.195,2,-3.0,72.197,69.8,13,87,0,2.697,0.3,-2.397,0.0,13.0,14.121,27.9,2.583,0.0,-166.052,11.724,13,0
2025-03-19 22:38:14.805046,9891d874-decb-4f08-b1d1-9f8dfc8aa941,KXHIGHAUS-25MAR20-B69.5,91245.195,1,-3.0,72.131,69.8,13,87,0,2.631,0.3,-2.331,0.0,13.0,12.709,25.11,2.325,0.0,-148.551,11.754,13,0
2025-03-19 22:38:14.805046,5ae3e282-2290-4a10-9f70-1523f435a90a,KXHIGHAUS-25MAR20-B69.5,91245.195,1,-3.0,72.061,69.8,13,87,0,2.561,0.3,-2.261,0.0,13.0,11.438,22.599,2.092,0.0,-133.224,11.796,13,0
2025-03-19 22:38:14.805046,3823de5a-8594-44eb-abc8-17b4370fdfe3,KXHIGHAUS-25MAR20-B69.5,91245.195,1,-3.0,71.988,69.8,13,87,0,2.488,0.3,-2.188,0.0,13.0,10.295,20.339,1.883,0.0,-119.81,11.796,13,0
2025-03-19 22:38:14.805046,30a456a5-d5ec-4c48-b91b-2b23a0ae04bc,KXHIGHAUS-25MAR20-B69.5,91245.195,43,-3.0,71.911,69.8,13,87,0,2.411,0.3,-2.111,0.0,13.0,9.265,18.305,1.695,0.0,-108.08,11.925,13,0
2025-03-19 22:39:22.776682,64be2000-45a8-4ec4-8b80-f7231bcc8d17,KXHIGHAUS-25MAR20-B69.5,91177.223,52,-3.0,71.893,69.8,12,88,0,2.393,0.3,-2.093,0.0,12.0,8.339,16.475,1.525,0.0,-94.306,10.704,12,0
2025-03-19 22:44:17.814868,27981cda-afab-4ba4-8a90-a64399b803a4,KXHIGHAUS-25MAR20-B73.5,90882.185,40,1.0,73.315,69.8,42,58,1,-0.185,-3.7,-3.515,0.0,1.621,1.126,42.0,0.206,0.0,-157.574,-36.743,-42,0
2025-03-19 22:44:17.814868,3e7388bf-b061-412b-9fd1-39bec3a11049,KXHIGHAUS-25MAR20-B73.5,90882.185,240,1.0,73.228,69.8,38,62,1,-0.272,-3.7,-3.428,0.0,2.224,1.545,38.0,0.283,0.0,-140.32,-32.105,-38,0
2025-03-19 22:44:17.814868,39b91e4a-ac7f-4c04-981d-3482ccee23c2,KXHIGHAUS-25MAR20-B73.5,90882.185,40,1.0,73.28,69.8,43,57,1,-0.22,-3.7,-3.48,0.0,2.001,1.391,43.0,0.254,0.0,-163.23,-37.189,-43,0
2025-03-19 22:44:17.814868,28b954c9-0daf-4fe5-a1fb-5b254e75a629,KXHIGHAUS-25MAR20-B73.5,90882.185,40,1.0,73.308,69.8,45,55,1,-0.192,-3.7,-3.508,0.0,1.801,1.252,45.0,0.229,0.0,-172.303,-39.273,-45,0
2025-03-19 22:44:17.814868,26c7f166-870f-46aa-9aef-2ba8d2c83395,KXHIGHAUS-25MAR20-B73.5,90882.185,21,1.0,73.332,69.8,42,58,1,-0.168,-3.7,-3.532,0.0,1.459,1.014,42.0,0.185,0.0,-157.234,-36.88,-42,0
2025-03-19 22:44:17.814868,14e3b9aa-b99d-4509-90a8-9de23b1d1f9e,KXHIGHAUS-25MAR20-B73.5,90882.185,50,1.0,73.384,69.8,45,55,1,-0.116,-3.7,-3.584,0.0,1.064,0.739,45.0,0.135,0.0,-170.871,-40.236,-45,0
2025-03-19 22:44:17.814868,0dc0ddd3-6f43-48b2-9fa9-6a2419c84117,KXHIGHAUS-25MAR20-B73.5,90882.185,19,1.0,73.382,69.8,40,60,1,-0.118,-3.7,-3.582,0.0,0.957,0.665,40.0,0.122,0.0,-146.986,-35.312,-40,0
2025-03-19 22:44:17.814868,06d01fa8-c93e-40cb-9588-ca6cb788c731,KXHIGHAUS-25MAR20-B73.5,90882.185,23,1.0,73.396,69.8,41,59,1,-0.104,-3.7,-3.596,0.0,0.861,0.599,41.0,0.109,0.0,-151.579,-36.442,-41,0
2025-03-19 22:44:17.814868,01772926-9532-4d48-9fa7-53755a569dce,KXHIGHAUS-25MAR20-B73.5,90882.185,9,1.0,73.381,69.8,32,68,1,-0.119,-3.7,-3.581,0.0,0.775,0.539,32.0,0.099,0.0,-110.145,-27.512,-32,0
2025-03-19 22:44:17.814868,401e712a-cea1-4c71-ac9a-fb6e8006a263,KXHIGHAUS-25MAR20-B73.5,90882.185,40,1.0,73.221,69.8,41,59,1,-0.279,-3.7,-3.421,0.0,2.471,1.717,41.0,0.314,0.0,-155.055,-34.988,-41,0
2025-03-19 22:44:17.814868,23294a55-2353-4f1c-b9eb-abfe0794f7ca,KXHIGHAUS-25MAR20-B73.5,90882.185,40,1.0,73.361,69.8,46,54,1,-0.139,-3.7,-3.561,0.0,1.313,0.912,46.0,0.167,0.0,-176.093,-41.018,-46,0
2025-03-19 22:44:17.814868,41ba6f8d-266f-4ee0-91e1-1f74f2c29fea,KXHIGHAUS-25MAR20-B73.5,90882.185,40,1.0,73.187,69.8,40,60,1,-0.313,-3.7,-3.387,0.0,2.745,1.908,40.0,0.349,0.0,-151.192,-33.756,-40,0
2025-03-19 22:44:17.814868,21680167-3559-444d-866a-7359cfa3ceba,KXHIGHAUS-25MAR20-B73.5,90882.185,200,1.0,73.374,69.8,46,54,1,-0.126,-3.7,-3.574,0.0,1.182,0.821,46.0,0.15,0.0,-175.868,-41.111,-46,0
2025-03-19 22:44:17.814868,50d657d4-5da5-413f-8c01-30f7e874c261,KXHIGHAUS-25MAR20-B73.5,90882.185,160,1.0,73.146,69.8,43,57,1,-0.354,-3.7,-3.346,0.0,3.389,2.355,43.0,0.431,0.0,-167.523,-36.572,-43,0
2025-03-19 22:44:17.814868,d06f75ff-4b75-4c90-a08d-4037c0be8ac0,KXHIGHAUS-25MAR20-B73.5,90882.185,20,1.0,72.555,69.8,39,61,1,-0.945,-3.7,-2.755,0.0,10.8,7.505,39.0,1.373,0.0,-184.138,-32.037,-39,0
2025-03-19 22:44:17.814868,ccbd118b-45f7-49ce-adb8-1bcec6fcb65f,KXHIGHAUS-25MAR20-B73.5,90882.185,150,1.0,72.635,69.8,40,60,1,-0.865,-3.7,-2.835,0.0,9.72,6.754,40.0,1.235,0.0,-182.822,-33.111,-40,0
2025-03-19 22:44:17.814868,c97a45a0-0750-4de0-b3a6-a01c05e8eaa0,KXHIGHAUS-25MAR20-B73.5,90882.185,15,1.0,72.738,69.8,43,57,1,-0.762,-3.7,-2.938,0.0,8.748,6.079,43.0,1.112,0.0,-191.793,-36.134,-43,0
2025-03-19 22:44:17.814868,b4d88581-c436-4947-814a-497180847ea6,KXHIGHAUS-25MAR20-B73.5,90882.185,38,1.0,72.83,69.8,46,54,1,-0.67,-3.7,-3.03,0.0,7.873,5.471,46.0,1.001,0.0,-201.661,-39.158,-46,0
2025-03-19 22:44:17.814868,b1b135da-a987-41b4-ab5d-ce9b1d30447a,KXHIGHAUS-25MAR20-B73.5,90882.185,60,1.0,72.771,69.8,37,63,1,-0.729,-3.7,-2.971,0.0,7.086,4.924,37.0,0.901,0.0,-155.233,-30.162,-37,0
2025-03-19 22:44:17.814868,502cd509-08a6-4098-9d36-506fa57d2feb,KXHIGHAUS-25MAR20-B73.5,90882.185,40,1.0,73.184,69.8,44,56,1,-0.316,-3.7,-3.384,0.0,3.05,2.12,44.0,0.388,0.0,-171.131,-37.634,-44,0
2025-03-19 22:44:17.814868,87043cb1-fa48-440c-bc8d-925301e857f4,KXHIGHAUS-25MAR20-B73.5,90882.185,15,1.0,72.916,69.8,40,60,1,-0.584,-3.7,-3.116,0.0,5.74,3.988,40.0,0.729,0.0,-162.871,-33.26,-40,0
2025-03-19 22:44:17.814868,9944b128-9e1d-423b-8921-c3d998d72ea2,KXHIGHAUS-25MAR20-B73.5,90882.185,10,1.0,72.749,69.8,32,68,1,-0.751,-3.7,-2.949,0.0,6.377,4.431,32.0,0.811,0.0,-129.145,-25.166,-32,0
2025-03-19 22:44:17.814868,858168ad-85c1-40f4-97b2-a454dc5d27ce,KXHIGHAUS-25MAR20-B73.5,90882.185,5,1.0,72.903,69.8,35,65,1,-0.597,-3.7,-3.103,0.0,5.166,3.589,35.0,0.657,0.0,-137.23,-28.384,-35,0
2025-03-19 22:44:17.814868,7db03927-0b7d-49ab-a972-6e030b23595c,KXHIGHAUS-25MAR20-B73.5,90882.185,240,1.0,72.963,69.8,36,64,1,-0.537,-3.7,-3.163,0.0,4.649,3.231,36.0,0.591,0.0,-139.628,-29.452,-36,0
2025-03-19 22:44:17.814868,63e774b3-a941-4415-bb3e-33683e34d1a8,KXHIGHAUS-25MAR20-B73.5,90882.185,15,1.0,73.039,69.8,39,61,1,-0.461,-3.7,-3.239,0.0,4.184,2.907,39.0,0.532,0.0,-151.635,-32.493,-39,0
2025-03-19 22:44:17.814868,5b590cd3-f6fb-488c-af59-41cbf416cf7e,KXHIGHAUS-25MAR20-B73.5,90882.185,50,1.0,73.002,69.8,32,68,1,-0.498,-3.7,-3.202,0.0,3.766,2.617,32.0,0.479,0.0,-118.061,-25.5,-32,0
2025-03-19 22:44:17.972430,d8d1a647-c454-4ad2-bb3e-103a830934b5,KXHIGHAUS-25MAR20-T76,90882.028,50,3.5,73.544,69.8,2,98,0,-2.456,-6.2,-3.744,0.0,0.698,0.485,28.8,0.089,2.0,-97.348,1.0,2,0
2025-03-19 22:44:17.975260,83fc643b-1146-48a8-b7e9-b3dc785bfaad,KXHIGHAUS-25MAR20-B69.5,90882.025,50,-3.0,72.475,69.8,11,89,0,2.975,0.3,-2.675,0.0,11.0,0.436,25.92,0.08,1.8,-111.241,9.699,11,0
2025-03-19 22:44:18.050108,616f2a0c-3546-4cbb-99fb-3b1ebc291308,KXHIGHAUS-25MAR20-B75.5,90881.95,24,3.0,72.841,69.8,4,96,0,-2.659,-5.7,-3.041,0.0,8.019,0.318,18.896,4.0,1.312,-77.765,0.699,4,0
2025-03-19 22:44:18.050108,627be349-2286-4363-bb8e-127311b8a5f2,KXHIGHAUS-25MAR20-B75.5,90881.95,1,3.0,72.882,69.8,5,95,0,-2.618,-5.7,-3.082,0.0,8.91,0.353,20.995,5.0,1.458,-91.633,1.655,5,0
2025-03-19 22:44:18.050108,b0264917-ddec-430a-94d4-ba785e803986,KXHIGHAUS-25MAR20-B75.5,90881.95,25,3.0,72.707,69.8,3,97,0,-2.793,-5.7,-2.907,0.0,9.9,0.393,23.328,3.0,1.62,-99.882,-0.352,3,0
2025-03-19 22:44:18.052353,4c37c39a-4813-4b77-8eb6-5a0f942ae9cd,KXHIGHAUS-25MAR20-T69,90881.948,50,-3.5,72.715,69.8,1,99,0,3.715,0.8,-2.915,1.0,7.217,0.286,17.006,3.6,1.181,-66.902,0.0,1,0
2025-03-19 22:44:18.053577,219df7c6-32b2-40bf-bc1d-dbc43fbdc20f,KXHIGHAUS-25MAR20-B71.5,90881.946,2,-1.0,71.645,69.8,46,54,0,0.145,-1.7,-1.845,0.206,1.486,46.0,3.501,0.741,0.243,-180.203,-47.87,-54,1
2025-03-19 22:44:18.053577,498805d7-2366-480a-bcc4-dca18480efb3,KXHIGHAUS-25MAR20-B71.5,90881.946,4,-1.0,71.662,69.8,45,55,0,0.162,-1.7,-1.862,0.229,1.651,45.0,3.89,0.824,0.27,-176.562,-48.832,-55,1
2025-03-19 22:44:18.053577,5afa7189-fae7-4241-8bad-986551537fd1,KXHIGHAUS-25MAR20-B71.5,90881.946,1,-1.0,71.678,69.8,45,55,0,0.178,-1.7,-1.878,0.254,1.834,45.0,4.323,0.915,0.3,-177.95,-48.828,-55,1
2025-03-19 22:44:18.053577,60172af2-ff8a-4501-a5ac-e048685c0d0a,KXHIGHAUS-25MAR20-B71.5,90881.946,8,-1.0,71.681,69.8,49,51,0,0.181,-1.7,-1.881,0.282,2.038,49.0,4.803,1.017,0.334,-198.981,-44.76,-51,1
2025-03-19 22:44:18.053577,0b7af9fe-5287-48ea-ab7f-cf5b91a5c46e,KXHIGHAUS-25MAR20-B71.5,90881.946,2,-1.0,71.632,69.8,46,54,0,0.132,-1.7,-1.832,0.185,1.337,46.0,3.151,0.667,0.219,-179.208,-48.205,-54,1
2025-03-19 22:44:18.053577,7d5d6825-47cd-426e-b72c-95a89cf3b848,KXHIGHAUS-25MAR20-B71.5,90881.946,1,-1.0,71.698,69.8,49,51,0,0.198,-1.7,-1.898,0.314,2.265,49.0,5.337,1.13,0.371,-200.894,-44.1,-51,1
2025-03-19 22:44:18.053577,7f7ddd88-6641-474b-9050-ea5fe750cf85,KXHIGHAUS-25MAR20-B71.5,90881.946,1,-1.0,71.731,69.8,45,55,0,0.231,-1.7,-1.931,0.349,2.516,45.0,5.93,1.255,0.412,-183.729,-48.075,-55,1
2025-03-19 22:44:18.053577,87a6d524-b2f5-47b0-ac4b-4661e279a937,KXHIGHAUS-25MAR20-B71.5,90881.946,1,-1.0,71.743,69.8,47,53,0,0.243,-1.7,-1.943,0.387,2.796,47.0,6.589,1.395,0.458,-195.992,-46.033,-53,1
2025-03-19 22:44:18.053577,c5f695f2-842f-4af1-894d-1095285ac2bf,KXHIGHAUS-25MAR20-B71.5,90881.946,2,-1.0,71.836,69.8,47,53,0,0.336,-1.7,-2.036,0.59,4.262,47.0,10.042,2.126,0.697,-211.34,-44.923,-53,1
2025-03-19 22:44:18.053577,bb97d388-5163-4ac0-ba31-e3b21402fa00,KXHIGHAUS-25MAR20-B71.5,90881.946,1,-1.0,71.782,69.8,48,52,0,0.282,-1.7,-1.982,0.478,3.452,48.0,8.134,1.722,0.565,-207.404,-44.637,-52,1
2025-03-19 22:44:18.053577,c4c3185b-b8d6-4429-8527-7e97045d4493,KXHIGHAUS-25MAR20-B71.5,90881.946,22,-1.0,71.811,69.8,47,53,0,0.311,-1.7,-2.011,0.531,3.835,47.0,9.038,1.913,0.628,-206.622,-44.998,-53,1
2025-03-19 22:44:18.053577,df31c00d-eb60-4df4-98f0-f248d8a0ff93,KXHIGHAUS-25MAR20-B71.5,90881.946,1,-1.0,71.873,69.8,45,55,0,0.373,-1.7,-2.073,0.656,4.735,45.0,11.158,2.362,0.775,-207.133,-46.866,-55,1
2025-03-19 22:44:18.053577,e14c56ca-5695-493b-a564-485d9fb7122d,KXHIGHAUS-25MAR20-B71.5,90881.946,1,-1.0,71.884,69.8,48,52,0,0.384,-1.7,-2.084,0.729,5.261,48.0,12.397,2.624,0.861,-227.937,-43.863,-52,1
2025-03-19 22:44:18.053577,e1e6efc5-aed4-493b-bb5f-1b023acf8fe3,KXHIGHAUS-25MAR20-B71.5,90881.946,1,-1.0,71.93,69.8,45,55,0,0.43,-1.7,-2.13,0.81,5.846,45.0,13.775,2.916,0.957,-220.659,-46.86,-55,1
2025-03-19 22:44:18.053577,9b7cae29-a60a-428b-8878-109187e0c53c,KXHIGHAUS-25MAR20-B71.5,90881.946,1,-1.0,71.769,69.8,46,54,0,0.269,-1.7,-1.969,0.43,3.107,46.0,7.321,1.55,0.508,-194.184,-46.855,-54,1
2025-03-19 22:44:18.053577,ec696cb4-ea5b-4ebc-871a-89814db682b7,KXHIGHAUS-25MAR20-B71.5,90881.946,1,-1.0,71.96,69.8,45,55,0,0.46,-1.7,-2.16,0.9,6.495,45.0,15.306,3.24,1.063,-228.989,-46.811,-55,1
2025-03-19 22:53:35.851071,5a963ddc-b367-406b-9447-ee7ca7565fd1,KXHIGHAUS-25MAR20-B75.5,90324.149,1,3.0,72.261,69.8,7,93,1,-3.239,-5.7,-2.461,0.122,0.877,30.181,2.068,7.0,0.144,-117.305,-3.643,-7,0
2025-03-19 22:53:35.851071,dada1ac3-201f-44ca-90a5-9a7d8a8e367f,KXHIGHAUS-25MAR20-B75.5,90324.149,9,3.0,72.035,69.8,6,94,1,-3.465,-5.7,-2.235,0.167,1.204,41.4,2.836,6.0,0.197,-167.455,-2.602,-6,0
2025-03-19 22:53:35.851071,6d6be954-f7d9-4588-beed-77caea46d4b3,KXHIGHAUS-25MAR20-B75.5,90324.149,1,3.0,72.15,69.8,7,93,1,-3.35,-5.7,-2.35,0.15,1.083,37.26,2.553,7.0,0.177,-150.312,-3.634,-7,0
2025-03-19 22:53:35.851071,66fa4f36-d92c-40aa-ab64-942334576108,KXHIGHAUS-25MAR20-B75.5,90324.149,1,3.0,72.127,69.8,6,94,1,-3.373,-5.7,-2.327,0.135,0.975,33.534,2.297,6.0,0.16,-129.863,-2.639,-6,0
2025-03-19 22:54:18.755302,49b4a877-d70f-49a3-8646-ec88155dce09,KXHIGHAUS-25MAR20-B73.5,90281.245,37,1.0,72.913,69.8,38,62,1,-0.587,-3.7,-3.113,0.098,0.711,24.446,38.0,5.67,0.116,-225.488,-30.987,-38,0
2025-03-19 22:54:18.755302,80fdd445-6427-424b-93a5-c7dd2dbba3cd,KXHIGHAUS-25MAR20-B73.5,90281.245,3,1.0,72.878,69.8,38,62,1,-0.622,-3.7,-3.078,0.109,0.79,27.163,38.0,6.3,0.129,-238.817,-30.91,-38,0
2025-03-19 22:54:31.978958,5d5d98e0-8c47-4797-b4fa-e4968fdccdb0,KXHIGHAUS-25MAR20-B75.5,90268.021,2,3.0,72.95,69.8,6,94,1,-2.55,-5.7,-3.15,0.089,0.64,22.002,34.2,6.0,0.105,-198.826,-2.584,-6,0
2025-03-19 22:54:49.570537,fbfff677-a958-4dcf-b0b7-1499ba617d5f,KXHIGHAUS-25MAR20-B75.5,90250.429,12,3.0,72.976,69.8,6,94,1,-2.524,-5.7,-3.176,0.08,0.576,19.801,30.78,6.0,0.094,-174.61,-2.513,-6,0
2025-03-19 22:54:49.570537,8cc54a6f-7c57-4d96-b118-098d2c47acd2,KXHIGHAUS-25MAR20-B75.5,90250.429,1,3.0,73.097,69.8,8,92,1,-2.403,-5.7,-3.297,0.072,0.518,17.821,27.702,8.0,0.085,-159.241,-4.595,-8,0
2025-03-19 22:54:49.570537,7f3b3d8f-5a1a-4843-ae80-f2ef2c47fd92,KXHIGHAUS-25MAR20-B75.5,90250.429,37,3.0,73.136,69.8,8,92,1,-2.364,-5.7,-3.336,0.065,0.466,16.039,24.932,8.0,0.076,-140.6,-4.582,-8,0
2025-03-19 22:55:18.801213,3451ac32-8c03-4bba-bd33-5dd9d352de4b,KXHIGHAUS-25MAR20-B75.5,90221.199,82,3.0,73.125,69.8,7,93,1,-2.375,-5.7,-3.325,0.058,0.42,14.435,22.439,7.0,0.069,-121.247,-3.51,-7,0
2025-03-19 23:08:11.325939,c2b09b1b-a3b7-4e19-97ef-a86bc6b16487,KXHIGHAUS-25MAR20-B71.5,89448.674,1,-1.0,72.39,69.8,46,54,0,0.89,-1.7,-2.59,0.052,0.378,46.0,20.195,6.3,0.062,-247.713,-45.808,-54,1
2025-03-19 23:12:08.324571,dad26e9c-d538-4153-893e-8cd8b29ed87d,KXHIGHAUS-25MAR20-B73.5,89211.675,8,1.0,72.606,69.8,34,66,0,-0.894,-3.7,-2.806,0.047,0.34,41.4,34.0,5.67,0.056,-283.207,26.791,34,0
2025-03-19 23:12:08.324571,c13f9602-bca9-431c-925a-c9dceccc428a,KXHIGHAUS-25MAR20-B73.5,89211.675,25,1.0,72.656,69.8,35,65,0,-0.844,-3.7,-2.856,0.042,0.306,37.26,35.0,5.103,0.05,-266.912,27.795,35,0
2025-03-19 23:12:08.324571,b20c139e-5a0b-4bcc-b466-0502d75c9a28,KXHIGHAUS-25MAR20-B73.5,89211.675,18,1.0,72.697,69.8,35,65,0,-0.803,-3.7,-2.897,0.038,0.275,33.534,35.0,4.593,0.045,-248.609,27.822,35,0
2025-03-19 23:12:08.324571,46678892-6d05-4e92-a2c2-c868f118de63,KXHIGHAUS-25MAR20-B73.5,89211.675,2,1.0,72.714,69.8,33,67,0,-0.786,-3.7,-2.914,0.034,0.248,30.181,33.0,4.133,0.041,-223.49,25.906,33,0
2025-03-19 23:14:51.365961,6a8a223a-ec61-4f0b-b88d-4df9afc45217,KXHIGHAUS-25MAR20-B71.5,89048.634,2,-1.0,72.416,69.8,47,53,1,0.916,-1.7,-2.616,0.031,0.223,47.0,29.7,3.72,0.036,-285.998,44.745,53,1
2025-03-19 23:18:03.706913,1e96087d-cf83-4c4b-92a3-4c2769d85821,KXHIGHAUS-25MAR20-B73.5,88856.293,7,1.0,72.869,69.8,34,66,0,-0.631,-3.7,-3.069,0.012,0.086,18.209,34.0,1.441,0.014,-172.938,26.775,34,0
2025-03-19 23:18:03.706913,55a36c32-5512-4369-a59c-e703b3272757,KXHIGHAUS-25MAR20-B73.5,88856.293,1,1.0,72.758,69.8,32,68,0,-0.742,-3.7,-2.958,0.015,0.107,22.48,32.0,1.779,0.017,-181.529,23.975,32,0
2025-03-19 23:18:03.706913,57a1bcab-b641-4dc0-94b8-20730fb4b243,KXHIGHAUS-25MAR20-B73.5,88856.293,1,1.0,72.7,69.8,31,69,0,-0.8,-3.7,-2.9,0.016,0.119,24.978,31.0,1.977,0.019,-187.782,22.93,31,0
2025-03-19 23:18:03.706913,8f3a00b9-93bc-49a5-a2f3-50fd278e3445,KXHIGHAUS-25MAR20-B73.5,88856.293,18,1.0,72.655,69.8,31,69,0,-0.845,-3.7,-2.855,0.018,0.132,27.753,31.0,2.197,0.022,-199.992,22.915,31,0
2025-03-19 23:18:03.706913,48bddcae-2613-4efd-a7aa-d347155778ca,KXHIGHAUS-25MAR20-B73.5,88856.293,1,1.0,72.815,69.8,33,67,0,-0.685,-3.7,-3.015,0.013,0.096,20.232,33.0,1.601,0.016,-176.634,25.765,33,0
2025-03-19 23:18:03.706913,c54c5a9b-6433-4b18-ab96-0b4e4e628286,KXHIGHAUS-25MAR20-B73.5,88856.293,25,1.0,72.604,69.8,34,66,0,-0.896,-3.7,-2.804,0.023,0.163,34.263,34.0,2.712,0.027,-243.212,25.588,34,0
2025-03-19 23:18:03.706913,d35ebda2-025f-4ee1-bbfe-6608f3eda423,KXHIGHAUS-25MAR20-B73.5,88856.293,14,1.0,72.559,69.8,34,66,0,-0.941,-3.7,-2.759,0.025,0.181,38.07,34.0,3.013,0.03,-261.267,25.583,34,0
2025-03-19 23:18:03.706913,adcdf233-0bfd-44df-a895-ad3899a1b67e,KXHIGHAUS-25MAR20-B73.5,88856.293,19,1.0,72.636,69.8,33,67,0,-0.864,-3.7,-2.836,0.02,0.146,30.837,33.0,2.441,0.024,-222.843,24.68,33,0
2025-03-19 23:18:03.706913,e707df88-1c81-4827-ae54-50f8f6ce9fc4,KXHIGHAUS-25MAR20-B73.5,88856.293,89,1.0,72.489,69.8,32,68,0,-1.011,-3.7,-2.689,0.028,0.201,42.3,32.0,3.348,0.033,-272.82,23.535,32,0
2025-03-19 23:19:28.927068,f2dbfc07-45bc-426f-88de-3aa8e4b6c411,KXHIGHAUS-25MAR20-B73.5,88771.073,15,1.0,72.899,69.8,33,67,0,-0.601,-3.7,-3.099,0.011,0.078,16.388,33.0,1.297,0.013,-161.249,24.504,33,0
2025-03-19 23:19:28.927068,c7c67b17-9bee-4b46-bba8-b8be20eef799,KXHIGHAUS-25MAR20-B73.5,88771.073,105,1.0,72.916,69.8,31,69,0,-0.584,-3.7,-3.116,0.01,0.07,14.749,31.0,1.167,0.011,-146.045,22.527,31,0
2025-03-19 23:19:28.927068,70b9b94a-5fd5-4dc3-a93d-d63cc81a9d0e,KXHIGHAUS-25MAR20-B73.5,88771.073,10,1.0,72.979,69.8,33,67,0,-0.521,-3.7,-3.179,0.009,0.063,13.274,33.0,1.051,0.01,-149.499,24.531,33,0
2025-03-19 23:37:23.244803,3ab4984c-b192-4634-a229-8242e91c755b,KXHIGHAUS-25MAR20-B73.5,87696.755,7,1.0,73.095,69.8,34,66,1,-0.405,-3.7,-3.295,0.006,0.046,9.677,34.0,0.766,0.008,-141.446,-25.385,-34,0
2025-03-19 23:37:23.244803,1f87d141-cf28-428c-b2ee-6577534eab11,KXHIGHAUS-25MAR20-B73.5,87696.755,9,1.0,73.135,69.8,35,65,1,-0.365,-3.7,-3.335,0.006,0.041,8.709,35.0,0.689,0.007,-142.836,-26.467,-35,0
2025-03-19 23:37:23.244803,91def4aa-42f6-49e9-a5c9-8fa432d9a2e8,KXHIGHAUS-25MAR20-B73.5,87696.755,8,1.0,73.026,69.8,34,66,1,-0.474,-3.7,-3.226,0.008,0.057,11.947,34.0,0.946,0.009,-149.233,-25.369,-34,0
2025-03-19 23:37:23.244803,7cdd263a-0484-4d37-8290-579f971f9bf2,KXHIGHAUS-25MAR20-B73.5,87696.755,3,1.0,73.062,69.8,34,66,1,-0.438,-3.7,-3.262,0.007,0.051,10.752,34.0,0.851,0.008,-145.07,-25.381,-34,0
2025-03-19 23:38:56.529607,f9e3bd15-0093-41d7-86d8-912843916b3a,KXHIGHAUS-25MAR20-B73.5,87603.47,62,1.0,73.165,69.8,35,65,1,-0.335,-3.7,-3.365,0.005,0.037,7.838,35.0,0.62,0.006,-140.1,-26.177,-35,0
2025-03-19 23:38:56.529607,d3079683-53d1-4845-992f-36bef59764f7,KXHIGHAUS-25MAR20-B73.5,87603.47,26,1.0,73.185,69.8,34,66,1,-0.315,-3.7,-3.385,0.005,0.033,7.054,34.0,0.558,0.005,-133.186,-25.181,-34,0
2025-03-19 23:38:56.529607,7cbe3a81-e33e-4107-bb78-4dd7078e6c8c,KXHIGHAUS-25MAR20-B73.5,87603.47,30,1.0,73.218,69.8,35,65,1,-0.282,-3.7,-3.418,0.004,0.03,6.349,35.0,0.503,0.005,-135.672,-26.226,-35,0
2025-03-19 23:38:56.529607,3ced6acd-e409-40da-87ab-8c6f6d7b42c6,KXHIGHAUS-25MAR20-B73.5,87603.47,79,1.0,73.248,69.8,36,64,1,-0.252,-3.7,-3.448,0.004,0.027,5.714,36.0,0.452,0.004,-138.464,-27.329,-36,0
2025-03-19 23:38:56.529607,36000e00-9f31-4c6d-ac1d-68043739bbac,KXHIGHAUS-25MAR20-B73.5,87603.47,70,1.0,73.275,69.8,37,63,1,-0.225,-3.7,-3.475,0.003,0.024,5.143,37.0,0.407,0.004,-141.528,-28.365,-37,0
2025-03-19 23:53:24.482095,2de40904-aca0-499c-bb3a-646cbbb931e7,KXHIGHAUS-25MAR20-B71.5,86735.518,14,-1.0,72.343,69.8,47,53,1,0.843,-1.7,-2.543,0.003,0.022,47.0,33.3,0.366,0.004,-297.202,44.282,53,1
2025-03-19 23:53:24.482095,16140646-e2bc-4999-bd8e-267d7ea56069,KXHIGHAUS-25MAR20-B71.5,86735.518,6,-1.0,72.292,69.8,47,53,1,0.792,-1.7,-2.492,0.003,0.02,47.0,29.97,0.33,0.003,-282.383,44.675,53,1
2025-03-19 23:55:13.005202,09a0cb78-5e20-4925-8136-ceed8a9e3bac,KXHIGHAUS-25MAR20-B69.5,86626.995,23,-3.0,71.853,69.8,13,87,0,2.353,0.3,-2.053,0.002,13.0,42.3,26.973,0.297,0.003,-280.228,11.666,13,0
2025-03-19 23:58:37.118302,ed7eb830-37fd-40f4-92ca-638264060af2,KXHIGHAUS-25MAR20-B71.5,86422.882,1,-1.0,71.815,69.8,47,53,1,0.315,-1.7,-2.015,0.002,11.7,47.0,24.276,0.267,0.003,-286.779,44.102,53,1
2025-03-20 00:04:31.354417,3f0ecb33-e518-420f-bbc9-687d154a5c12,KXHIGHAUS-25MAR20-B69.5,86068.646,35,-3.0,71.713,69.8,14,86,0,2.213,0.3,-1.913,0.002,14.0,42.3,21.848,0.24,0.002,-262.364,12.665,14,0
2025-03-20 00:08:10.722437,db73a7ed-53a4-41e2-a3b6-e46b483374f4,KXHIGHAUS-25MAR20-B71.5,85849.278,1,-1.0,71.694,69.8,45,55,0,0.194,-1.7,-1.894,0.002,12.6,45.0,19.663,0.216,0.002,-261.441,-46.099,-55,1
2025-03-20 00:11:32.561817,473b8ce1-7f90-4493-9016-1b87272687fb,KXHIGHAUS-25MAR20-T76,85647.438,1,3.5,72.04,69.8,4,96,1,-3.96,-6.2,-2.24,0.001,7.44,26.572,11.611,0.128,4.0,-135.829,-3.0,-4,0
2025-03-20 00:11:32.561817,7b4614ef-2789-482e-b62a-3f4d63326d9e,KXHIGHAUS-25MAR20-T76,85647.438,2,3.5,72.079,69.8,5,95,1,-3.921,-6.2,-2.279,0.001,8.267,29.525,12.901,0.142,5.0,-158.163,-4.0,-5,0
2025-03-20 00:11:32.561817,90401bdf-b96e-4d52-a830-fd32cb9886d7,KXHIGHAUS-25MAR20-T76,85647.438,2,3.5,72.107,69.8,6,94,1,-3.893,-6.2,-2.307,0.001,9.185,32.805,14.335,0.158,6.0,-183.497,-4.997,-6,0
2025-03-20 00:11:32.561817,9ebc9737-f8ff-4b72-85ab-6e390a7541af,KXHIGHAUS-25MAR20-T76,85647.438,5,3.5,71.89,69.8,3,97,1,-4.11,-6.2,-2.09,0.001,10.206,36.45,15.927,0.175,3.0,-201.849,-1.663,-3,0
2025-03-20 00:11:32.561817,a8156e4c-5dad-46f3-b533-f4c7049bc781,KXHIGHAUS-25MAR20-T76,85647.438,11,3.5,71.927,69.8,4,96,1,-4.073,-6.2,-2.127,0.002,11.34,40.5,17.697,0.195,4.0,-233.507,-2.662,-4,0
2025-03-20 00:11:43.574169,b8539daf-36ba-4116-a5a1-664ce6e95518,KXHIGHAUS-25MAR20-T69,85636.426,2,-3.5,71.849,69.8,3,97,1,2.849,0.8,-2.049,3.0,6.696,23.915,10.45,0.115,3.6,-120.831,-1.999,-3,0
2025-03-20 00:11:43.574169,7a794d5c-0672-4729-9a3e-4c30aee88d3f,KXHIGHAUS-25MAR20-T69,85636.426,2,-3.5,71.765,69.8,4,96,1,2.765,0.8,-1.965,4.0,6.027,21.523,9.405,0.103,3.24,-107.081,-3.0,-4,0
2025-03-20 00:11:43.574169,616fccc2-b06d-4f98-adcf-e94e4fa9d9ce,KXHIGHAUS-25MAR20-T69,85636.426,2,-3.5,71.881,69.8,2,98,1,2.881,0.8,-2.081,2.0,5.424,19.371,8.464,0.093,2.916,-88.947,-1.0,-2,0
2025-03-20 00:11:43.574169,4a45c549-51fd-4ff8-9d1a-04904528dd76,KXHIGHAUS-25MAR20-T69,85636.426,1,-3.5,71.636,69.8,5,95,1,2.636,0.8,-1.836,5.0,4.881,17.434,7.618,0.084,2.624,-83.413,-4.0,-5,0
2025-03-20 00:11:43.574169,310bf17b-b6de-4798-ac25-24305a316abf,KXHIGHAUS-25MAR20-T69,85636.426,12,-3.5,71.598,69.8,5,95,1,2.598,0.8,-1.798,5.0,4.393,15.691,6.856,0.075,2.362,-72.781,-4.0,-5,0
2025-03-20 00:12:01.540566,8d89e994-ddac-4de8-8909-12fa76b8a9a3,KXHIGHAUS-25MAR20-B71.5,85618.459,3,-1.0,71.549,69.8,45,55,0,0.049,-1.7,-1.749,4.5,3.954,45.0,6.171,0.068,2.126,-196.153,-46.003,-55,1
2025-03-20 00:29:53.145838,c957220b-f4ee-425b-a920-e95df8f503b2,KXHIGHAUS-25MAR20-B71.5,84546.854,12,-1.0,71.542,69.8,50,50,1,0.042,-1.7,-1.742,4.05,3.559,50.0,5.554,0.061,1.913,-216.375,40.794,50,1
2025-03-20 00:29:53.145838,48682b39-081f-4837-917b-8cf6f2917f92,KXHIGHAUS-25MAR20-B71.5,84546.854,3,-1.0,71.538,69.8,50,50,1,0.038,-1.7,-1.738,3.645,3.203,50.0,4.998,0.055,1.722,-212.862,40.94,50,1
2025-03-20 00:37:58.793685,8f8dae48-418b-4f97-b4b5-aadf05641ccb,KXHIGHAUS-25MAR20-B69.5,84061.206,3,-3.0,71.207,69.8,14,86,0,1.707,0.3,-1.407,3.28,14.0,45.0,4.498,0.049,1.55,-219.438,12.656,14,0
2025-03-20 00:38:58.571061,0af705eb-b83c-48ab-aa6a-0bed5d4d9d49,KXHIGHAUS-25MAR20-B71.5,84001.429,60,-1.0,71.373,69.8,52,48,1,-0.127,-1.7,-1.573,1.271,5.424,52.0,1.743,0.019,0.6,-215.526,38.733,48,1
2025-03-20 00:38:58.571061,3948dcee-d95a-41f0-a6c5-ef1c5534cac9,KXHIGHAUS-25MAR20-B71.5,84001.429,200,-1.0,71.365,69.8,54,46,1,-0.135,-1.7,-1.565,1.412,6.027,54.0,1.936,0.021,0.667,-227.645,36.526,46,1
2025-03-20 00:38:58.571061,53207988-76b7-4671-be7a-1091680ff857,KXHIGHAUS-25MAR20-B71.5,84001.429,20,-1.0,71.353,69.8,54,46,1,-0.147,-1.7,-1.553,1.569,6.696,54.0,2.152,0.024,0.741,-230.183,36.501,46,1
2025-03-20 00:38:58.571061,b16a590e-eddb-47e5-b3c7-dd2dc9678b8c,KXHIGHAUS-25MAR20-B71.5,84001.429,18,-1.0,71.323,69.8,53,47,1,-0.177,-1.7,-1.523,1.937,8.267,53.0,2.656,0.029,0.915,-231.578,37.45,47,1
2025-03-20 00:38:58.571061,7ae49e06-53d8-4455-95e7-4366a6f2a5bd,KXHIGHAUS-25MAR20-B71.5,84001.429,77,-1.0,71.329,69.8,50,50,1,-0.171,-1.7,-1.529,1.743,7.44,50.0,2.391,0.026,0.824,-213.33,40.461,50,1
2025-03-20 00:38:58.571061,cc7dd04c-e92f-4534-a2b6-37d12901d2cd,KXHIGHAUS-25MAR20-B71.5,84001.429,18,-1.0,71.279,69.8,49,51,1,-0.221,-1.7,-1.479,2.391,10.206,49.0,3.279,0.036,1.13,-220.405,41.351,51,1
2025-03-20 00:38:58.571061,cecba04e-534a-4c23-9135-70ca133235dd,KXHIGHAUS-25MAR20-B71.5,84001.429,240,-1.0,71.271,69.8,52,48,1,-0.229,-1.7,-1.471,2.657,11.34,52.0,3.644,0.04,1.255,-240.466,38.326,48,1
2025-03-20 00:38:58.571061,d13fa5ff-18b5-4c35-ba66-1556dc7c3f1e,KXHIGHAUS-25MAR20-B71.5,84001.429,40,-1.0,71.26,69.8,54,46,1,-0.24,-1.7,-1.46,2.952,12.6,54.0,4.049,0.045,1.395,-256.513,36.216,46,1
2025-03-20 00:38:58.571061,ca56ab93-5069-41c2-8979-a5cfe4137412,KXHIGHAUS-25MAR20-B71.5,84001.429,240,-1.0,71.31,69.8,54,46,1,-0.19,-1.7,-1.51,2.152,9.185,54.0,2.951,0.032,1.017,-240.524,36.402,46,1
2025-03-20 00:39:30.987899,98311a93-3d24-4e8e-9d9b-bb9313705fc5,KXHIGHAUS-25MAR20-B75.5,83969.012,1,3.0,71.652,69.8,4,96,0,-3.848,-5.7,-1.852,1.144,4.881,46.8,1.568,4.0,0.54,-193.799,0.123,4,0
2025-03-20 00:39:30.987899,2771297c-bfd4-411e-bef3-ec730b327402,KXHIGHAUS-25MAR20-B75.5,83969.012,1,3.0,71.681,69.8,4,96,0,-3.819,-5.7,-1.881,1.029,4.393,42.12,1.412,4.0,0.486,-169.764,0.359,4,0
2025-03-20 01:09:50.701079,a90af6d1-9d1f-4570-a82d-3c8dd1a77044,KXHIGHAUS-25MAR20-B71.5,82149.299,40,-1.0,71.611,69.8,55,45,1,0.111,-1.7,-1.811,0.75,3.203,55.0,1.029,2.916,0.355,-226.699,35.145,45,1
2025-03-20 01:09:50.701079,f2b9b2cd-44e2-4bd1-810a-b05b582bf733,KXHIGHAUS-25MAR20-B71.5,82149.299,31,-1.0,71.633,69.8,55,45,1,0.133,-1.7,-1.833,0.927,3.954,55.0,1.27,3.6,0.438,-230.322,35.052,45,1
2025-03-20 01:09:50.701079,b3332a20-4f3b-4835-a4d0-8624115c3888,KXHIGHAUS-25MAR20-B71.5,82149.299,29,-1.0,71.624,69.8,54,46,1,0.124,-1.7,-1.824,0.834,3.559,54.0,1.143,3.24,0.394,-223.366,36.06,46,1
2025-03-20 01:09:58.752241,bb04f858-b473-4aa6-b17f-82387da2d997,KXHIGHAUS-25MAR20-B73.5,82141.248,23,1.0,72.356,69.8,38,62,1,-1.144,-3.7,-2.556,0.675,2.882,49.5,38.0,2.624,0.319,-336.33,-29.138,-38,0
2025-03-20 01:09:58.752241,af273ede-1012-4b2a-8520-1ac8b2cd67e0,KXHIGHAUS-25MAR20-B73.5,82141.248,68,1.0,72.405,69.8,38,62,1,-1.095,-3.7,-2.605,0.608,2.594,44.55,38.0,2.362,0.287,-311.21,-29.148,-38,0
2025-03-20 01:09:58.752241,8707c413-234f-44ba-888b-8b6d092d8c40,KXHIGHAUS-25MAR20-B73.5,82141.248,9,1.0,72.43,69.8,36,64,1,-1.07,-3.7,-2.63,0.547,2.335,40.095,36.0,2.126,0.258,-279.911,-27.167,-36,0
2025-03-20 01:20:08.610425,28c2f88f-c948-48a7-8493-f7e71e3b13df,KXHIGHAUS-25MAR20-B71.5,81531.39,1,-1.0,71.891,69.8,53,47,0,0.391,-1.7,-2.091,0.191,0.814,53.0,12.552,0.741,0.09,-241.26,-36.945,-47,1
2025-03-20 01:20:08.610425,70c4305b-b808-42d3-90a0-00fee84051ed,KXHIGHAUS-25MAR20-B71.5,81531.39,1,-1.0,71.951,69.8,49,51,0,0.451,-1.7,-2.151,0.212,0.905,49.0,13.947,0.824,0.1,-226.644,-40.914,-51,1
2025-03-20 01:20:08.610425,143ab618-972d-4907-a64d-bd528a09a2ce,KXHIGHAUS-25MAR20-B71.5,81531.39,1,-1.0,71.841,69.8,51,49,0,0.341,-1.7,-2.041,0.155,0.659,51.0,10.167,0.6,0.073,-223.043,-39.005,-49,1
2025-03-20 01:20:08.610425,208f6746-de3c-4bd8-8bc8-157264c22ee1,KXHIGHAUS-25MAR20-B71.5,81531.39,1,-1.0,71.883,69.8,49,51,0,0.383,-1.7,-2.083,0.172,0.733,49.0,11.297,0.667,0.081,-217.086,-40.989,-51,1
2025-03-20 01:20:08.610425,7c3de10e-bd10-4f2d-832d-04bb547c9c50,KXHIGHAUS-25MAR20-B71.5,81531.39,1,-1.0,72.026,69.8,49,51,0,0.526,-1.7,-2.226,0.262,1.117,49.0,17.219,1.017,0.124,-239.234,-40.794,-51,1
2025-03-20 01:20:08.610425,789ccd91-2e0e-40f7-8dc6-e79691b5fc8b,KXHIGHAUS-25MAR20-B71.5,81531.39,3,-1.0,71.967,69.8,52,48,0,0.467,-1.7,-2.167,0.236,1.005,52.0,15.497,0.915,0.111,-247.275,-37.908,-48,1
2025-03-20 01:20:08.610425,96fe40d8-d3ac-4ab5-b4d9-3f8aa0dcaab6,KXHIGHAUS-25MAR20-B71.5,81531.39,5,-1.0,72.093,69.8,51,49,0,0.593,-1.7,-2.293,0.323,1.379,51.0,21.258,1.255,0.153,-265.578,-38.664,-49,1
2025-03-20 01:20:08.610425,800e3c35-c7d4-4380-9b74-91171bc93a4e,KXHIGHAUS-25MAR20-B71.5,81531.39,1,-1.0,72.059,69.8,50,50,0,0.559,-1.7,-2.259,0.291,1.241,50.0,19.132,1.13,0.137,-251.84,-39.713,-50,1
2025-03-20 01:20:08.610425,b4e92ad1-7bb8-4221-9061-c80fe79daba6,KXHIGHAUS-25MAR20-B71.5,81531.39,1,-1.0,72.12,69.8,53,47,0,0.62,-1.7,-2.32,0.359,1.532,53.0,23.62,1.395,0.17,-285.561,-36.604,-47,1
2025-03-20 01:20:08.610425,bb2f6a69-cf11-434f-a605-1b6d152f65f1,KXHIGHAUS-25MAR20-B71.5,81531.39,2,-1.0,72.188,69.8,50,50,0,0.688,-1.7,-2.388,0.399,1.702,50.0,26.244,1.55,0.188,-282.255,-39.571,-50,1
2025-03-20 01:20:08.610425,c1dec7a3-b5b3-443c-9e10-14bee36ca0f6,KXHIGHAUS-25MAR20-B71.5,81531.39,2,-1.0,72.209,69.8,53,47,0,0.709,-1.7,-2.409,0.443,1.891,53.0,29.16,1.722,0.209,-310.229,-36.415,-47,1
2025-03-20 01:20:08.610425,e7eccb96-88aa-44b4-a10f-90d1b50e4972,KXHIGHAUS-25MAR20-B71.5,81531.39,81,-1.0,72.29,69.8,49,51,0,0.79,-1.7,-2.49,0.492,2.101,49.0,32.4,1.913,0.233,-305.505,-40.378,-51,1
2025-03-20 01:21:12.897205,6325c4f1-7edb-483e-8ad6-d775ffb231cb,KXHIGHAUS-25MAR20-B71.5,81467.103,40,-1.0,71.794,69.8,55,45,1,0.294,-1.7,-1.994,0.139,0.593,55.0,9.151,0.54,0.066,-239.566,34.268,45,1
2025-03-20 01:21:12.897205,4f2dccda-5617-4e92-be25-c6e75fed877e,KXHIGHAUS-25MAR20-B71.5,81467.103,119,-1.0,71.768,69.8,55,45,1,0.268,-1.7,-1.968,0.125,0.534,55.0,8.236,0.486,0.059,-236.655,34.283,45,1
2025-03-20 01:21:12.897205,05636c74-ca0e-4362-877e-18cae27cb002,KXHIGHAUS-25MAR20-B71.5,81467.103,41,-1.0,71.749,69.8,54,46,1,0.249,-1.7,-1.949,0.113,0.481,54.0,7.412,0.438,0.053,-229.137,35.324,46,1
2025-03-20 01:23:32.939940,6144771d-a523-4ddc-8f40-8c0a07c95af6,KXHIGHAUS-25MAR20-B71.5,81327.06,1,-1.0,71.735,69.8,52,48,1,0.235,-1.7,-1.935,0.101,0.433,52.0,6.671,0.394,0.048,-217.017,37.265,48,1
2025-03-20 01:30:15.110366,a8512826-aa7b-4386-8de1-76cd239eaf88,KXHIGHAUS-25MAR20-B73.5,80924.89,148,1.0,72.446,69.8,38,62,1,-1.054,-3.7,-2.646,0.082,0.35,42.12,38.0,0.319,0.039,-294.716,-29.125,-38,0
2025-03-20 01:30:15.110366,d564226a-6132-441f-bf89-ddd89821b2c6,KXHIGHAUS-25MAR20-B73.5,80924.89,109,1.0,72.368,69.8,36,64,1,-1.132,-3.7,-2.568,0.091,0.389,46.8,36.0,0.355,0.043,-307.905,-27.12,-36,0
2025-03-20 01:38:12.565434,31f93a69-1fe0-4e8e-a600-808b35f12468,KXHIGHAUS-25MAR20-T76,80447.435,3,3.5,72.585,69.8,3,97,0,-3.415,-6.2,-2.785,0.074,0.315,37.908,34.2,0.287,3.0,-260.985,1.653,3,0
2025-03-20 01:40:09.348287,90d6d777-d84b-4f5e-926e-2155252f9642,KXHIGHAUS-25MAR20-B73.5,80330.652,8,1.0,72.673,69.8,38,62,1,-0.827,-3.7,-2.873,0.067,0.284,34.117,38.0,0.258,2.7,-260.45,-28.729,-38,0
2025-03-20 01:40:22.343727,8aee8b64-d1a0-4e7b-bc39-987267e68c32,KXHIGHAUS-25MAR20-B73.5,80317.656,63,1.0,72.727,69.8,39,61,1,-0.773,-3.7,-2.927,0.06,0.255,30.705,39.0,0.233,2.43,-249.329,-29.682,-39,0
2025-03-20 01:45:51.477123,8c46d09e-b13a-488c-948e-cbc1d09da157,KXHIGHAUS-25MAR20-B71.5,79988.523,1,-1.0,72.394,69.8,52,48,1,0.894,-1.7,-2.594,0.054,0.23,52.0,35.1,0.209,2.187,-331.246,37.057,48,1
2025-03-20 01:45:55.335203,e93ac4af-a5d6-4876-9d50-e284d0c07fae,KXHIGHAUS-25MAR20-B73.5,79984.665,1,1.0,72.413,69.8,33,67,0,-1.087,-3.7,-2.613,0.048,0.207,46.8,33.0,0.188,1.968,-295.918,22.835,33,0
2025-03-20 01:48:35.448219,2c3a15f0-ccc0-46bb-b67a-5aa769879177,KXHIGHAUS-25MAR20-B69.5,79824.552,77,-3.0,72.012,69.8,12,88,1,2.512,0.3,-2.212,0.044,12.0,42.12,29.7,0.17,1.771,-288.662,-10.639,-12,0
2025-03-20 01:51:30.607439,1add54bb-76e9-4b08-9064-35e89e38b5e2,KXHIGHAUS-25MAR20-B73.5,79649.393,10,1.0,72.366,69.8,30,70,0,-1.134,-3.7,-2.566,0.023,6.377,22.384,30.0,0.09,0.941,-183.069,19.285,30,0
2025-03-20 01:51:30.607439,2d750156-8ce3-4673-8fa0-14d1b20323b8,KXHIGHAUS-25MAR20-B73.5,79649.393,1,1.0,72.324,69.8,31,69,0,-1.176,-3.7,-2.524,0.026,7.086,24.871,31.0,0.1,1.046,-199.981,20.241,31,0
2025-03-20 01:51:30.607439,34b870a8-fa02-4145-9485-673d38b7c7a0,KXHIGHAUS-25MAR20-B73.5,79649.393,2,1.0,72.265,69.8,31,69,0,-1.235,-3.7,-2.465,0.029,7.873,27.635,31.0,0.111,1.162,-214.251,19.885,31,0
2025-03-20 01:51:30.607439,65b657e2-8c8d-4a6e-aafe-c74806aa7dc7,KXHIGHAUS-25MAR20-B73.5,79649.393,3,1.0,72.073,69.8,30,70,0,-1.427,-3.7,-2.273,0.039,10.8,37.908,30.0,0.153,1.594,-265.866,18.066,30,0
2025-03-20 01:51:30.607439,648e97c7-de82-490a-9ec3-5b4c49aaa6d9,KXHIGHAUS-25MAR20-B73.5,79649.393,2,1.0,72.182,69.8,33,67,0,-1.318,-3.7,-2.382,0.035,9.72,34.117,33.0,0.137,1.435,-258.044,21.425,33,0
2025-03-20 01:51:30.607439,4c254508-9003-47b9-bc14-87424fc233a5,KXHIGHAUS-25MAR20-B73.5,79649.393,4,1.0,72.223,69.8,32,68,0,-1.277,-3.7,-2.423,0.032,8.748,30.705,32.0,0.124,1.291,-234.988,20.766,32,0
2025-03-20 01:51:30.797351,72d53ec4-faba-4028-b0a5-28604322fceb,KXHIGHAUS-25MAR20-B69.5,79649.203,23,-3.0,72.067,69.8,12,88,1,2.567,0.3,-2.267,0.021,12.0,20.146,27.0,0.081,0.847,-178.88,-10.606,-12,0
2025-03-20 01:58:38.661744,e3de1498-36c8-4fda-a9c3-8aca73efd708,KXHIGHAUS-25MAR20-B73.5,79221.338,23,1.0,72.204,69.8,30,70,1,-1.296,-3.7,-2.404,0.019,10.8,18.131,30.0,0.073,0.763,-179.8,-17.833,-30,0
2025-03-20 01:58:38.661744,415d9a61-8fae-46fd-92ec-7289417b48aa,KXHIGHAUS-25MAR20-B73.5,79221.338,8,1.0,72.272,69.8,30,70,1,-1.228,-3.7,-2.472,0.017,9.72,16.318,30.0,0.066,0.686,-169.2,-17.938,-30,0
2025-03-20 02:02:18.776581,2bb17181-36a1-4731-818c-5b09ab4abb99,KXHIGHAUS-25MAR20-B73.5,79001.223,1,1.0,72.318,69.8,29,71,0,-1.182,-3.7,-2.518,0.015,8.748,14.686,29.0,0.059,0.618,-155.557,16.575,29,0
2025-03-20 02:02:29.106762,966887ae-5685-44ab-a89a-76463a1c20f0,KXHIGHAUS-25MAR20-B73.5,78990.893,3,1.0,72.364,69.8,28,72,0,-1.136,-3.7,-2.564,0.014,7.873,13.218,28.0,0.053,0.556,-143.129,15.511,28,0
2025-03-20 02:02:29.106762,7758b127-2fa5-48a4-82a9-597d9d544e94,KXHIGHAUS-25MAR20-B73.5,78990.893,1,1.0,72.431,69.8,28,72,0,-1.069,-3.7,-2.631,0.012,7.086,11.896,28.0,0.048,0.5,-136.087,15.538,28,0
2025-03-20 02:07:06.453476,e254aac9-94d6-486c-ad39-cec2357e34f5,KXHIGHAUS-25MAR20-B73.5,78713.547,19,1.0,72.518,69.8,29,71,1,-0.982,-3.7,-2.718,0.011,6.377,10.706,29.0,0.043,0.45,-134.305,-16.431,-29,0
2025-03-20 02:07:06.453476,7102b09c-19f3-4e5c-94cd-9f7df57c808c,KXHIGHAUS-25MAR20-B73.5,78713.547,8,1.0,72.601,69.8,30,70,1,-0.899,-3.7,-2.801,0.01,5.74,9.636,30.0,0.039,0.405,-133.357,-17.468,-30,0
2025-03-20 02:07:06.453476,5934f4a1-1398-4927-beff-e5bd5089d88f,KXHIGHAUS-25MAR20-B73.5,78713.547,5,1.0,72.662,69.8,30,70,1,-0.838,-3.7,-2.862,0.009,5.166,8.672,30.0,0.035,0.365,-128.723,-17.499,-30,0
2025-03-20 02:15:40.296850,dc147f9c-01a5-4317-a428-b9d3109ac5d7,KXHIGHAUS-25MAR20-B71.5,78199.703,10,-1.0,72.064,69.8,50,50,0,0.564,-1.7,-2.264,0.008,4.649,50.0,27.0,0.031,0.328,-291.219,-38.785,-50,1
2025-03-20 02:15:40.296850,3f4eeac5-3bb7-40fb-af46-574a27f94e47,KXHIGHAUS-25MAR20-B71.5,78199.703,1,-1.0,72.029,69.8,50,50,0,0.529,-1.7,-2.229,0.007,4.184,50.0,24.3,0.028,0.295,-278.622,-39.044,-50,1
2025-03-20 02:18:32.067396,92a5afe0-f3da-405a-b27b-44176e75bfad,KXHIGHAUS-25MAR20-B69.5,78027.933,8,-3.0,71.631,69.8,17,83,1,2.131,0.3,-1.831,0.007,17.0,45.0,21.87,0.025,0.266,-286.457,-15.605,-17,0
2025-03-20 02:18:32.266649,8801487a-a4fc-473c-bee8-02fbb29d00ca,KXHIGHAUS-25MAR20-B73.5,78027.733,1,1.0,71.876,69.8,28,72,0,-1.624,-3.7,-2.076,0.005,13.77,36.45,28.0,0.021,0.215,-260.047,15.087,28,0
2025-03-20 02:18:32.266649,f5533295-70c0-4743-9a01-528c374f35cb,KXHIGHAUS-25MAR20-B73.5,78027.733,1,1.0,71.836,69.8,29,71,0,-1.664,-3.7,-2.036,0.006,15.3,40.5,29.0,0.023,0.239,-288.831,16.034,29,0
2025-03-20 02:18:32.348616,41e01996-2adc-42f9-b478-00b89ace4d8f,KXHIGHAUS-25MAR20-T69,78027.651,1,-3.5,71.686,69.8,5,95,1,2.686,0.8,-1.886,5.0,12.393,32.805,25.2,0.019,0.194,-234.675,-3.61,-5,0
2025-03-20 02:55:20.537462,daf08772-c4c8-4f37-8a2c-3e3a3868b201,KXHIGHAUS-25MAR20-B73.5,75819.463,11,1.0,71.84,69.8,29,71,0,-1.66,-3.7,-2.04,4.5,11.154,29.525,29.0,0.017,0.174,-230.894,16.004,29,0
2025-03-20 02:55:20.537462,d33a3f19-76a9-4866-b477-4b58ad4311c7,KXHIGHAUS-25MAR20-B73.5,75819.463,1,1.0,71.909,69.8,29,71,0,-1.591,-3.7,-2.109,4.05,10.038,26.572,29.0,0.015,0.157,-213.268,16.008,29,0
2025-03-20 02:58:20.841571,b4279f1c-24dd-410b-86c5-39380796b17f,KXHIGHAUS-25MAR20-B73.5,75639.158,20,1.0,72.002,69.8,30,70,1,-1.498,-3.7,-2.202,3.645,9.034,23.915,30.0,0.014,0.141,-202.219,-17.001,-30,0
2025-03-20 02:58:41.494858,0b2024e2-7c21-4fba-b35f-eed64fd11343,KXHIGHAUS-25MAR20-B73.5,75618.505,50,1.0,72.073,69.8,30,70,1,-1.427,-3.7,-2.273,3.28,8.131,21.523,30.0,0.012,0.127,-188.716,-16.998,-30,0
2025-03-20 08:00:47.685416,c5f5ab84-c08d-446e-81a1-de0783ba5491,KXHIGHAUS-25MAR20-B73.5,57492.315,3,1.0,72.167,69.8,31,69,1,-1.333,-3.7,-2.367,2.952,7.318,19.371,31.0,0.011,0.114,-181.329,-17.732,-31,0
2025-03-20 08:00:47.685416,a1468771-bae9-4271-930c-7ded1c3ebc57,KXHIGHAUS-25MAR20-B73.5,57492.315,9,1.0,72.239,69.8,31,69,1,-1.261,-3.7,-2.439,2.657,6.586,17.434,31.0,0.01,0.103,-171.019,-17.783,-31,0
2025-03-20 08:00:47.685416,8e897c95-cf55-4833-b21e-6fd901044e50,KXHIGHAUS-25MAR20-B73.5,57492.315,136,1.0,72.371,69.8,34,66,1,-1.129,-3.7,-2.571,2.391,5.928,15.691,34.0,0.009,0.093,-175.465,-20.874,-34,0
2025-03-20 08:00:47.685416,1697eb3c-6292-4fc5-be54-8d94a61bc388,KXHIGHAUS-25MAR20-B73.5,57492.315,2,1.0,72.38,69.8,31,69,1,-1.12,-3.7,-2.58,2.152,5.335,14.121,31.0,0.008,0.083,-154.179,-17.94,-31,0
2025-03-20 08:00:53.572913,0a7b00f5-bca1-4f9d-9af3-79bdc1792a7a,KXHIGHAUS-25MAR20-B69.5,57486.427,4,-3.0,71.753,69.8,18,82,1,2.253,0.3,-1.953,1.937,18.0,12.709,27.9,0.007,0.075,-178.258,-16.609,-18,0
2025-03-20 08:02:46.248457,6a53d3f0-8002-4d3d-bb62-339411bfeeab,KXHIGHAUS-25MAR20-B73.5,57373.752,4,1.0,71.749,69.8,25,75,0,-1.751,-3.7,-1.949,1.743,16.2,11.438,25.0,0.006,0.068,-154.218,11.445,25,0
2025-03-20 08:03:24.422593,b7654fe8-05cb-4fff-9ff9-4f589ef50d22,KXHIGHAUS-25MAR20-B69.5,57335.577,8,-3.0,71.563,69.8,19,81,1,2.063,0.3,-1.763,1.569,19.0,10.295,22.5,0.006,0.061,-150.508,-17.588,-19,0
2025-03-20 08:03:24.422593,550e7225-788e-424d-a8be-dbee2bdfa823,KXHIGHAUS-25MAR20-B69.5,57335.577,1,-3.0,71.304,69.8,24,76,1,1.804,0.3,-1.504,1.412,24.0,9.265,20.25,0.005,0.055,-158.116,-22.595,-24,0
2025-03-20 08:03:32.844450,94f90026-0e35-4b7f-a3c4-6e7a052829de,KXHIGHAUS-25MAR20-B73.5,57327.156,1,1.0,71.569,69.8,25,75,1,-1.931,-3.7,-1.769,1.271,21.6,8.339,25.0,0.005,0.049,-164.658,-11.373,-25,0
2025-03-20 08:03:32.844450,62a1ccca-03a4-4a82-b3dd-a6a022735049,KXHIGHAUS-25MAR20-B73.5,57327.156,6,1.0,71.726,69.8,27,73,1,-1.774,-3.7,-1.926,1.144,19.44,7.505,27.0,0.004,0.044,-161.791,-13.439,-27,0
2025-03-20 08:03:52.711949,fd71decb-e0fc-4e95-8a04-245e71e2ec92,KXHIGHAUS-25MAR20-B71.5,57307.288,5,-1.0,71.62,69.8,51,49,1,0.12,-1.7,-1.82,1.029,17.496,51.0,24.3,0.004,0.04,-328.005,37.763,49,1
2025-03-20 08:05:00.707935,7caa5964-dbff-4c18-a122-4f8c6d3d664d,KXHIGHAUS-25MAR20-B71.5,57239.292,5,-1.0,71.613,69.8,51,49,1,0.113,-1.7,-1.813,0.927,15.746,51.0,21.87,0.003,0.036,-311.192,37.753,49,1
2025-03-20 08:05:49.013610,deed3a4b-0801-4062-8cc7-439d076d249e,KXHIGHAUS-25MAR20-T69,57190.986,1,-3.5,71.544,69.8,3,97,0,2.544,0.8,-1.744,3.0,14.172,45.9,19.683,0.003,0.032,-275.025,1.609,3,0
2025-03-20 08:05:57.811391,c067df3e-b1bf-4c2c-9995-4e71b9e686da,KXHIGHAUS-25MAR20-T69,57182.189,3,-3.5,71.569,69.8,2,98,0,2.569,0.8,-1.769,2.0,12.755,41.31,17.715,0.003,0.029,-238.377,0.613,2,0
2025-03-20 08:05:57.811391,a691e522-febf-4691-a54b-7d84eb777e75,KXHIGHAUS-25MAR20-T69,57182.189,34,-3.5,71.561,69.8,2,98,0,2.561,0.8,-1.761,2.0,11.479,37.179,15.943,0.003,0.026,-207.868,0.565,2,0
2025-03-20 08:05:57.811391,725b9afe-e4c0-4e91-a74e-137fddebe222,KXHIGHAUS-25MAR20-T69,57182.189,1,-3.5,71.552,69.8,2,98,0,2.552,0.8,-1.752,2.0,10.331,33.461,14.349,0.002,0.024,-181.091,0.561,2,0
2025-03-20 08:06:09.268293,2733d86e-7321-4105-8702-84cbe96ddc4c,KXHIGHAUS-25MAR20-T69,57170.732,500,-3.5,71.557,69.8,1,99,0,2.557,0.8,-1.757,1.0,5.49,17.783,7.626,0.001,0.013,-75.961,-0.375,1,0
2025-03-20 08:06:09.268293,527367ff-95a6-4d3e-a8bd-2e53f8d84937,KXHIGHAUS-25MAR20-T69,57170.732,300,-3.5,71.573,69.8,1,99,0,2.573,0.8,-1.773,1.0,6.778,21.954,9.414,0.001,0.015,-101.821,-0.431,1,0
2025-03-20 08:06:09.268293,2921625d-d2a0-4b3d-8276-593e3c6bb111,KXHIGHAUS-25MAR20-T69,57170.732,119,-3.5,71.565,69.8,1,99,0,2.565,0.8,-1.765,1.0,6.1,19.758,8.473,0.001,0.014,-88.02,-0.371,1,0
2025-03-20 08:06:09.268293,b512f1b3-829b-4a1a-b03d-945b2edcbb18,KXHIGHAUS-25MAR20-T69,57170.732,1,-3.5,71.585,69.8,1,99,0,2.585,0.8,-1.785,1.0,8.368,27.103,11.623,0.002,0.019,-135.633,-0.424,1,0
2025-03-20 08:06:09.268293,c3dccd40-7adb-4a47-be3c-e86346d84313,KXHIGHAUS-25MAR20-T69,57170.732,1,-3.5,71.591,69.8,1,99,0,2.591,0.8,-1.791,1.0,9.298,30.115,12.914,0.002,0.021,-156.219,-0.424,1,0
2025-03-20 08:06:09.268293,9a276f39-e6ae-46f4-b3db-5709585599f0,KXHIGHAUS-25MAR20-T69,57170.732,1,-3.5,71.579,69.8,1,99,0,2.579,0.8,-1.779,1.0,7.531,24.393,10.46,0.002,0.017,-117.602,-0.431,1,0
2025-03-20 08:06:22.626500,d3709e74-3eb9-4111-b22a-6f8b28b737ce,KXHIGHAUS-25MAR20-B69.5,57157.374,13,-3.0,70.737,69.8,24,76,1,1.237,0.3,-0.937,0.9,24.0,16.004,6.863,0.001,0.011,-133.718,-22.586,-24,0
2025-03-20 08:06:22.626500,29f25e88-12a0-411d-a53a-3f5ebf96e09d,KXHIGHAUS-25MAR20-B69.5,57157.374,8,-3.0,70.785,69.8,20,80,1,1.285,0.3,-0.985,0.81,20.0,14.404,6.177,0.001,0.01,-109.36,-18.587,-20,0
2025-03-20 08:08:29.472270,bdf830b9-fbad-44b0-b32f-731d3739aeb8,KXHIGHAUS-25MAR20-B69.5,57030.528,3,-3.0,70.751,69.8,19,81,0,1.251,0.3,-0.951,0.729,19.0,12.964,5.559,0.001,0.009,-98.415,17.599,19,0
2025-03-20 08:08:29.472270,57771557-7381-4208-87d6-821568a43f85,KXHIGHAUS-25MAR20-B69.5,57030.528,7,-3.0,70.686,69.8,19,81,0,1.186,0.3,-0.886,0.656,19.0,11.667,5.003,0.001,0.008,-92.342,17.59,19,0
2025-03-20 08:11:24.843724,19a3baaf-ee89-4387-abab-575dd91b34e3,KXHIGHAUS-25MAR20-T69,56855.156,3,-3.5,70.659,69.8,1,99,0,1.659,0.8,-0.859,1.0,15.39,9.45,4.053,0.001,0.007,-68.931,-0.408,1,0
2025-03-20 08:11:24.843724,c907d9bd-4a1e-47ad-9335-ce2416a9712a,KXHIGHAUS-25MAR20-T69,56855.156,2,-3.5,70.665,69.8,1,99,0,1.665,0.8,-0.865,1.0,17.1,10.5,4.503,0.001,0.007,-79.973,-0.382,1,0
2025-03-20 08:11:24.843724,1623becf-e36e-43aa-9bce-fbd1492cbae6,KXHIGHAUS-25MAR20-T69,56855.156,1,-3.5,70.653,69.8,1,99,0,1.653,0.8,-0.853,1.0,13.851,8.505,3.647,0.001,0.006,-59.297,-0.424,1,0
2025-03-20 08:14:05.248559,f7f73cd3-6435-4130-80c4-8093b4ccf602,KXHIGHAUS-25MAR20-B73.5,56694.751,18,1.0,72.088,69.8,28,72,1,-1.412,-3.7,-2.288,0.9,12.466,7.655,28.0,0.001,0.005,-140.206,-14.282,-28,0
2025-03-20 08:17:36.554468,d61b18d4-02fc-44fe-886e-e227645f0d4c,KXHIGHAUS-25MAR20-B71.5,56483.446,7,-1.0,71.801,69.8,49,51,1,0.301,-1.7,-2.001,0.81,11.219,49.0,25.2,0.0,0.005,-298.94,39.721,51,1
2025-03-20 08:17:36.554468,24aad2a1-455b-4c53-b04a-49d024618d4c,KXHIGHAUS-25MAR20-B71.5,56483.446,2,-1.0,71.783,69.8,49,51,1,0.283,-1.7,-1.983,0.729,10.097,49.0,22.68,0.0,0.004,-284.585,39.723,51,1
2025-03-20 08:21:33.714961,3e7811af-6e0c-48b7-8b00-8939be72e205,KXHIGHAUS-25MAR20-B71.5,56246.285,2,-1.0,71.762,69.8,50,50,1,0.262,-1.7,-1.962,0.656,9.088,50.0,20.412,0.0,0.004,-276.921,38.663,50,1
2025-03-20 08:22:19.355700,1dbea655-83e4-4b2e-be49-809cb32461ec,KXHIGHAUS-25MAR20-B71.5,56200.644,64,-1.0,71.637,69.8,53,47,1,0.137,-1.7,-1.837,0.282,3.912,53.0,8.787,0.0,0.002,-234.488,35.649,47,1
2025-03-20 08:22:19.355700,5dacf24d-1b74-4e5b-927a-870d721f2408,KXHIGHAUS-25MAR20-B71.5,56200.644,16,-1.0,71.651,69.8,52,48,1,0.151,-1.7,-1.851,0.314,4.347,52.0,9.763,0.0,0.002,-233.72,36.577,48,1
2025-03-20 08:22:19.355700,8e62c480-bedd-4d6c-9681-4461707686c4,KXHIGHAUS-25MAR20-B71.5,56200.644,11,-1.0,71.683,69.8,50,50,1,0.183,-1.7,-1.883,0.387,5.366,50.0,12.053,0.0,0.002,-234.238,38.58,50,1
2025-03-20 08:22:19.355700,6defc84d-ce41-41e1-bc0f-ed2f115c6e0b,KXHIGHAUS-25MAR20-B71.5,56200.644,12,-1.0,71.66,69.8,54,46,1,0.16,-1.7,-1.86,0.349,4.83,54.0,10.848,0.0,0.002,-248.489,34.573,46,1
2025-03-20 08:22:19.355700,cfe54676-617a-4b40-aede-8e80076e1641,KXHIGHAUS-25MAR20-B71.5,56200.644,14,-1.0,71.71,69.8,51,49,1,0.21,-1.7,-1.91,0.478,6.625,51.0,14.88,0.0,0.003,-252.855,37.406,49,1
2025-03-20 08:22:19.355700,d9caa872-bc17-4bfa-b755-0ed6ba8f3143,KXHIGHAUS-25MAR20-B71.5,56200.644,1,-1.0,71.723,69.8,52,48,1,0.223,-1.7,-1.923,0.531,7.361,52.0,16.534,0.0,0.003,-266.186,36.099,48,1
2025-03-20 08:22:19.355700,ffeb526f-4402-4140-a75e-67c2dcb83e4e,KXHIGHAUS-25MAR20-B71.5,56200.644,20,-1.0,71.745,69.8,50,50,1,0.245,-1.7,-1.945,0.59,8.179,50.0,18.371,0.0,0.004,-265.929,38.177,50,1
2025-03-20 08:22:19.355700,b2870c3d-ebf4-4a64-86a6-f5fb27401ac8,KXHIGHAUS-25MAR20-B71.5,56200.644,220,-1.0,71.684,69.8,55,45,1,0.184,-1.7,-1.884,0.43,5.962,55.0,13.392,0.0,0.003,-265.418,33.414,45,1
2025-03-20 08:27:16.528920,bf467c67-55b5-46d2-909d-0e3c4ae7891b,KXHIGHAUS-25MAR20-B69.5,55903.471,72,-3.0,71.218,69.8,18,82,0,1.718,0.3,-1.418,0.254,18.0,47.7,7.908,0.0,0.002,-252.377,16.629,18,0
2025-03-20 08:27:16.528920,5b4baec8-1ca9-45de-8c98-0949c0bc44f3,KXHIGHAUS-25MAR20-B69.5,55903.471,240,-3.0,71.223,69.8,16,84,0,1.723,0.3,-1.423,0.229,16.0,42.93,7.117,0.0,0.001,-219.38,14.611,16,0
2025-03-20 08:27:23.087057,612d661c-036d-4ad2-a287-95fa643722f5,KXHIGHAUS-25MAR20-T76,55896.913,1,3.5,71.413,69.8,2,98,0,-4.587,-6.2,-1.613,0.167,11.664,31.296,5.188,0.0,2.0,-146.049,0.649,2,0
2025-03-20 08:27:23.087057,acdf8df9-1afe-4d32-ade2-ee07a9ee2c48,KXHIGHAUS-25MAR20-T76,55896.913,1,3.5,71.378,69.8,2,98,0,-4.622,-6.2,-1.578,0.206,14.4,38.637,6.406,0.0,2.0,-192.552,0.621,2,0
2025-03-20 08:27:23.087057,762b6eb6-adb6-405d-9f19-115c1657ce5e,KXHIGHAUS-25MAR20-T76,55896.913,200,3.5,71.395,69.8,2,98,0,-4.605,-6.2,-1.595,0.185,12.96,34.773,5.765,0.0,2.0,-167.779,0.637,2,0
2025-03-20 08:30:47.848561,47512786-22b8-4f58-8b48-6c78f1772fa3,KXHIGHAUS-25MAR20-B71.5,55692.151,6,-1.0,71.446,69.8,50,50,0,-0.054,-1.7,-1.646,0.135,9.448,50.0,4.203,0.0,1.62,-223.363,-38.179,-50,1
2025-03-20 08:30:47.848561,9834a643-88f4-4583-8495-741c4e60c219,KXHIGHAUS-25MAR20-B71.5,55692.151,7,-1.0,71.441,69.8,50,50,0,-0.059,-1.7,-1.641,0.15,10.498,50.0,4.67,0.0,1.8,-228.251,-38.265,-50,1
2025-03-20 08:48:50.459740,8ea1cdaa-fd95-4c0c-a2dc-4d766c6d6f50,KXHIGHAUS-25MAR20-B71.5,54609.54,7,-1.0,71.454,69.8,55,45,1,-0.046,-1.7,-1.654,0.122,8.503,55.0,3.782,0.0,1.458,-243.928,33.263,45,1
2025-03-20 08:48:56.818199,26b92d60-3724-4710-861a-ce24ce24e7af,KXHIGHAUS-25MAR20-B71.5,54603.182,17,-1.0,71.458,69.8,56,44,1,-0.042,-1.7,-1.658,0.109,7.653,56.0,3.404,0.0,1.312,-245.277,32.236,44,1
2025-03-20 08:55:37.734970,9d417501-0673-4f41-a56f-ead6852f129b,KXHIGHAUS-25MAR20-B71.5,54202.265,15,-1.0,71.461,69.8,55,45,1,-0.039,-1.7,-1.661,0.098,6.887,55.0,3.064,0.0,1.181,-237.092,33.149,45,1
2025-03-20 08:55:37.734970,38f67ec8-a93a-4eac-ac07-9477ad6c0298,KXHIGHAUS-25MAR20-B71.5,54202.265,28,-1.0,71.465,69.8,56,44,1,-0.035,-1.7,-1.665,0.089,6.199,56.0,2.757,0.0,1.063,-239.375,31.959,44,1
2025-03-20 08:59:33.788250,9228fd38-6e01-4367-af50-4b3405f5085a,KXHIGHAUS-25MAR20-B73.5,53966.212,1,1.0,72.005,69.8,24,76,0,-1.495,-3.7,-2.205,0.08,5.579,50.4,24.0,0.0,0.957,-283.186,10.254,24,0
2025-03-20 08:59:43.686052,8d814278-9ed8-4d4d-9971-fa25974468d0,KXHIGHAUS-25MAR20-B71.5,53956.314,10,-1.0,71.941,69.8,56,44,1,0.441,-1.7,-2.141,0.072,5.021,56.0,21.6,0.0,0.861,-299.573,32.156,44,1
2025-03-20 09:06:05.745538,da476f05-16a8-446d-9c9d-cf6b18254b01,KXHIGHAUS-25MAR20-B71.5,53574.254,5,-1.0,71.91,69.8,56,44,1,0.41,-1.7,-2.11,0.065,4.519,56.0,19.44,0.0,0.775,-289.545,32.107,44,1
2025-03-20 09:06:05.745538,1c40a815-2c91-4afc-947d-b6f0837f427a,KXHIGHAUS-25MAR20-B71.5,53574.254,21,-1.0,71.886,69.8,55,45,1,0.386,-1.7,-2.086,0.058,4.067,55.0,17.496,0.0,0.697,-275.765,33.132,45,1
2025-03-20 09:07:01.071810,37c20ab9-667f-4949-9ca8-787d2e582d21,KXHIGHAUS-25MAR20-B69.5,53518.928,10,-3.0,71.41,69.8,21,79,1,1.91,0.3,-1.61,0.052,21.0,49.5,15.746,0.0,0.628,-300.042,-19.632,-21,0
2025-03-20 09:08:02.567631,b6fc2280-830c-436e-b82b-24906641d8bc,KXHIGHAUS-25MAR20-B73.5,53457.432,20,1.0,71.643,69.8,24,76,0,-1.857,-3.7,-1.843,0.047,18.9,44.55,24.0,0.0,0.565,-300.496,10.102,24,0
2025-03-20 09:08:18.734014,902e4725-c61e-4876-bd2c-2059ebced916,KXHIGHAUS-25MAR20-B73.5,53441.266,14,1.0,71.676,69.8,23,77,0,-1.824,-3.7,-1.876,0.042,17.01,40.095,23.0,0.0,0.508,-267.842,9.09,23,0
2025-03-20 09:12:28.632107,8e92b659-a9b5-4179-90bf-87f4c0d0dea2,KXHIGHAUS-25MAR20-B71.5,53191.368,5,-1.0,71.638,69.8,56,44,1,0.138,-1.7,-1.838,0.038,15.309,56.0,20.7,0.0,0.458,-329.431,32.029,44,1
2025-03-20 09:18:22.683173,15139f71-6a7e-4ce7-b566-d7d1cf7e11b5,KXHIGHAUS-25MAR20-B69.5,52837.317,19,-3.0,71.467,69.8,21,79,1,1.967,0.3,-1.667,0.034,21.0,50.4,18.63,0.0,0.412,-315.51,-19.639,-21,0
2025-03-20 09:23:05.349317,0eb158d7-1787-47db-9c6d-020258d8bd72,KXHIGHAUS-25MAR20-B69.5,52554.651,86,-3.0,71.169,69.8,16,84,0,1.669,0.3,-1.369,0.015,16.0,21.696,8.02,0.0,0.177,-127.448,14.645,16,0
2025-03-20 09:23:05.349317,22ef37bd-128f-4215-a51c-931579ed9a6d,KXHIGHAUS-25MAR20-B69.5,52554.651,240,-3.0,71.302,69.8,14,86,0,1.802,0.3,-1.502,0.016,14.0,24.106,8.911,0.0,0.197,-132.766,12.651,14,0
2025-03-20 09:23:05.349317,3b530614-d017-4300-9949-62c57fd97c0b,KXHIGHAUS-25MAR20-B69.5,52554.651,5,-3.0,71.222,69.8,20,80,0,1.722,0.3,-1.422,0.02,20.0,29.761,11.001,0.0,0.243,-186.855,18.657,20,0
2025-03-20 09:23:05.349317,2fb0d35f-fb2a-471c-8bfe-4e4c52c077fc,KXHIGHAUS-25MAR20-B69.5,52554.651,9,-3.0,71.287,69.8,16,84,0,1.787,0.3,-1.487,0.018,16.0,26.785,9.901,0.0,0.219,-154.718,14.654,16,0
2025-03-20 09:23:05.349317,890d7046-d43c-4bbc-b601-0d691393f168,KXHIGHAUS-25MAR20-B69.5,52554.651,1,-3.0,71.539,69.8,13,87,0,2.039,0.3,-1.739,0.025,13.0,36.742,13.581,0.0,0.3,-200.733,11.663,13,0
2025-03-20 09:23:05.349317,583c3d46-5898-42c1-90dd-23bd6c52c4ab,KXHIGHAUS-25MAR20-B69.5,52554.651,33,-3.0,71.528,69.8,12,88,0,2.028,0.3,-1.728,0.023,12.0,33.067,12.223,0.0,0.27,-175.666,10.66,12,0
2025-03-20 09:23:05.349317,a0fc3b18-e1fc-428d-9db5-82614bc57c82,KXHIGHAUS-25MAR20-B69.5,52554.651,1,-3.0,71.495,69.8,16,84,0,1.995,0.3,-1.695,0.028,16.0,40.824,15.09,0.0,0.334,-236.278,14.666,16,0
2025-03-20 09:23:05.349317,d848f9ac-06a0-4dd3-a4be-3ed9e5ecf0cb,KXHIGHAUS-25MAR20-B69.5,52554.651,200,-3.0,71.621,69.8,13,87,0,2.121,0.3,-1.821,0.031,13.0,45.36,16.767,0.0,0.371,-253.174,11.669,13,0
2025-03-20 09:24:31.354696,a43f4a6e-4a0d-461f-8e06-00a61e79aed7,KXHIGHAUS-25MAR20-B73.5,52468.645,20,1.0,71.813,69.8,23,77,0,-1.687,-3.7,-2.013,0.013,14.4,19.526,23.0,0.0,0.16,-168.2,9.062,23,0
2025-03-20 09:27:46.286042,6b8e2117-cc72-48a4-884e-c888635415bd,KXHIGHAUS-25MAR20-T69,52273.714,50,-3.5,71.76,69.8,1,99,1,2.76,0.8,-1.96,1.0,12.96,17.573,20.7,0.0,0.144,-146.019,0.374,-1,0
2025-03-20 09:27:46.286042,6a8d7f5c-dbf1-4a3c-b4d9-d0c92f072e63,KXHIGHAUS-25MAR20-T69,52273.714,50,-3.5,71.754,69.8,1,99,1,2.754,0.8,-1.954,1.0,11.664,15.816,18.63,0.0,0.129,-126.545,0.376,-1,0
2025-03-20 09:27:46.286042,5c6be15d-9b64-470e-8d05-4a2126aa126d,KXHIGHAUS-25MAR20-T69,52273.714,400,-3.5,71.748,69.8,1,99,1,2.748,0.8,-1.948,1.0,10.498,14.234,16.767,0.0,0.116,-109.506,0.38,-1,0
2025-03-20 09:31:52.020973,b5bcee7d-1e8f-4432-9cb5-14ad9268db7a,KXHIGHAUS-25MAR20-B73.5,52027.979,5,1.0,72.163,69.8,27,73,1,-1.337,-3.7,-2.363,0.9,9.448,12.811,27.0,0.0,0.105,-142.546,-12.618,-27,0
2025-03-20 09:31:52.020973,6880655c-ab94-4e14-9ca3-eaf5e253d510,KXHIGHAUS-25MAR20-B73.5,52027.979,5,1.0,72.264,69.8,28,72,1,-1.236,-3.7,-2.464,0.81,8.503,11.53,28.0,0.0,0.094,-139.299,-13.875,-28,0
2025-03-20 09:31:52.020973,3cb74282-d42c-4b4f-b6b9-788df7a34f04,KXHIGHAUS-25MAR20-B73.5,52027.979,1,1.0,72.313,69.8,27,73,1,-1.187,-3.7,-2.513,0.729,7.653,10.377,27.0,0.0,0.085,-128.399,-12.958,-27,0
2025-03-20 09:31:54.179874,74553dfc-a1cc-4f9a-a6bd-3b782683feb1,KXHIGHAUS-25MAR20-T76,52025.82,89,3.5,72.393,69.8,1,99,0,-3.607,-6.2,-2.593,0.656,6.887,9.339,24.3,0.0,1.0,-111.409,-0.438,1,0
2025-03-20 09:31:54.179874,0b5d8836-14dc-498c-b762-f1a967122673,KXHIGHAUS-25MAR20-T76,52025.82,84,3.5,72.403,69.8,1,99,0,-3.597,-6.2,-2.603,0.59,6.199,8.405,21.87,0.0,1.0,-96.363,-0.392,1,0
2025-03-20 09:32:03.106881,c480a26e-ecdc-49c3-a5ef-ecc4ffb35b0e,KXHIGHAUS-25MAR20-B71.5,52016.893,11,-1.0,71.865,69.8,58,42,1,0.365,-1.7,-2.065,0.531,5.579,58.0,19.683,0.0,0.9,-303.315,30.007,42,1
2025-03-20 09:34:13.544526,951ded07-6a35-40f2-877d-e2964f8081ec,KXHIGHAUS-25MAR20-B75.5,51886.455,1,3.0,72.065,69.8,4,96,1,-3.435,-5.7,-2.265,0.43,4.519,46.98,15.943,4.0,0.729,-236.775,-0.117,-4,0
2025-03-20 09:34:13.544526,55f0ae5d-ef7a-42aa-90d3-ecf9bf76cf97,KXHIGHAUS-25MAR20-B75.5,51886.455,22,3.0,72.086,69.8,4,96,1,-3.414,-5.7,-2.286,0.387,4.067,42.282,14.349,4.0,0.656,-207.147,-0.12,-4,0
2025-03-20 09:34:13.544526,fe5de254-893e-45f6-a121-29fcaa3a6824,KXHIGHAUS-25MAR20-B75.5,51886.455,1,3.0,72.046,69.8,4,96,1,-3.454,-5.7,-2.246,0.478,5.021,52.2,17.715,4.0,0.81,-270.498,-0.026,-4,0
2025-03-20 09:36:33.942709,e7cfac44-e899-4bdf-be9b-103953824f48,KXHIGHAUS-25MAR20-B75.5,51746.057,20,3.0,72.109,69.8,4,96,0,-3.391,-5.7,-2.309,0.349,3.66,38.054,12.914,4.0,0.59,-181.132,0.022,4,0
2025-03-20 09:36:36.626805,dee134b4-a222-44f0-9390-147c1bbfc607,KXHIGHAUS-25MAR20-B71.5,51743.373,66,-1.0,71.922,69.8,58,42,1,0.422,-1.7,-2.122,0.314,3.294,58.0,11.623,3.6,0.531,-271.854,29.99,42,1
2025-03-20 09:39:39.517431,60e417ac-ca16-40ef-974c-31f8fb464369,KXHIGHAUS-25MAR20-B69.5,51560.483,1,-3.0,71.492,69.8,18,82,1,1.992,0.3,-1.692,0.282,18.0,52.2,10.46,3.24,0.478,-286.138,-16.674,-18,0
2025-03-20 09:39:39.517431,39679d7c-cf21-47d4-9f72-79cbe0547157,KXHIGHAUS-25MAR20-B69.5,51560.483,58,-3.0,71.421,69.8,19,81,1,1.921,0.3,-1.621,0.254,19.0,46.98,9.414,2.916,0.43,-260.323,-17.672,-19,0
2025-03-20 09:41:00.561943,5de206bb-130c-49e3-9e5b-30cda95df886,KXHIGHAUS-25MAR20-B71.5,51479.438,16,-1.0,71.449,69.8,59,41,1,-0.051,-1.7,-1.649,0.167,12.466,59.0,6.177,1.913,0.282,-283.858,28.933,41,1
2025-03-20 09:41:00.561943,bcf70eaa-acb0-41d5-ac94-023c62ea3cf6,KXHIGHAUS-25MAR20-B71.5,51479.438,4,-1.0,71.436,69.8,58,42,1,-0.064,-1.7,-1.636,0.229,17.1,58.0,8.473,2.624,0.387,-303.987,29.793,42,1
2025-03-20 09:41:00.561943,942ba7ee-babd-48fa-a0c8-1ce02820ed4d,KXHIGHAUS-25MAR20-B71.5,51479.438,45,-1.0,71.442,69.8,60,40,1,-0.058,-1.7,-1.642,0.206,15.39,60.0,7.626,2.362,0.349,-304.561,27.824,40,1
2025-03-20 09:41:00.561943,6e13b5f8-d883-4549-a401-b265fc789f77,KXHIGHAUS-25MAR20-B71.5,51479.438,1,-1.0,71.444,69.8,58,42,1,-0.056,-1.7,-1.644,0.185,13.851,58.0,6.863,2.126,0.314,-286.057,29.84,42,1
2025-03-20 09:41:00.561943,36be51f8-cf31-4cea-aa6d-bc61021af100,KXHIGHAUS-25MAR20-B71.5,51479.438,32,-1.0,71.452,69.8,58,42,1,-0.048,-1.7,-1.652,0.15,11.219,58.0,5.559,1.722,0.254,-272.469,29.983,42,1
2025-03-20 09:42:10.348616,9652fcdb-48b0-423e-a985-6d9dc4b50e11,KXHIGHAUS-25MAR20-B73.5,51409.651,1,1.0,71.893,69.8,24,76,0,-1.607,-3.7,-2.093,0.135,10.097,52.2,24.0,1.55,0.229,-306.147,8.601,24,0
2025-03-20 09:42:19.051660,6a253908-4e56-4145-a7a3-b46e75e3a501,KXHIGHAUS-25MAR20-B73.5,51400.948,27,1.0,71.901,69.8,22,78,0,-1.599,-3.7,-2.101,0.122,9.088,46.98,22.0,1.395,0.206,-268.801,6.405,22,0
2025-03-20 09:42:37.843010,eb298f46-a56e-4f59-88ca-ceb85d00a5a2,KXHIGHAUS-25MAR20-B73.5,51382.157,35,1.0,71.949,69.8,22,78,0,-1.551,-3.7,-2.149,0.109,8.179,42.282,22.0,1.255,0.185,-243.241,6.317,22,0
2025-03-20 09:42:58.548223,01805e95-a2bd-4841-84df-f2f509c93738,KXHIGHAUS-25MAR20-B71.5,51361.452,16,-1.0,71.842,69.8,59,41,1,0.342,-1.7,-2.042,0.098,7.361,59.0,19.8,1.13,0.167,-313.996,28.748,41,1
2025-03-20 09:43:11.593934,c52ea5d6-f6e6-43b5-ace7-76b4b5596fae,KXHIGHAUS-25MAR20-B69.5,51348.406,5,-3.0,71.546,69.8,18,82,1,2.046,0.3,-1.746,0.089,18.0,53.1,17.82,1.017,0.15,-313.794,-16.677,-18,0
2025-03-20 09:43:51.249766,6cdb8ecb-8d77-4e2d-9e9f-fef4fdfa4e1e,KXHIGHAUS-25MAR20-B69.5,51308.75,10,-3.0,71.551,69.8,16,84,0,2.051,0.3,-1.751,0.08,16.0,47.79,16.038,0.915,0.135,-273.108,14.68,16,0
2025-03-20 09:44:28.026623,55960c5b-c4b8-44e5-9452-09d9aef2ef26,KXHIGHAUS-25MAR20-B73.5,51271.973,19,1.0,71.735,69.8,22,78,0,-1.765,-3.7,-1.935,0.072,14.4,43.011,22.0,0.824,0.122,-267.59,6.15,22,0
2025-03-20 09:56:18.169160,381f30ac-4058-4419-bb6f-93ebb379fd97,KXHIGHAUS-25MAR20-B73.5,50561.831,2,1.0,71.817,69.8,21,79,0,-1.683,-3.7,-2.017,0.058,11.664,34.839,21.0,0.667,0.098,-215.628,4.967,21,0
2025-03-20 09:56:18.169160,ef624966-c17c-4ad9-bdc2-89fc1baacd13,KXHIGHAUS-25MAR20-B73.5,50561.831,12,1.0,71.763,69.8,21,79,0,-1.737,-3.7,-1.963,0.065,12.96,38.71,21.0,0.741,0.109,-238.023,4.798,21,0
2025-03-20 10:03:38.734170,70f95503-aaf0-48c7-bd7a-fcccff9e966f,KXHIGHAUS-25MAR20-B69.5,50121.266,15,-3.0,71.626,69.8,16,84,0,2.126,0.3,-1.826,0.052,16.0,31.355,18.9,0.6,0.089,-207.266,14.685,16,0
2025-03-20 10:03:38.734170,0f1c9d12-2f9b-45ac-b02a-58c106184f29,KXHIGHAUS-25MAR20-B69.5,50121.266,21,-3.0,71.641,69.8,14,86,0,2.141,0.3,-1.841,0.047,14.0,28.22,17.01,0.54,0.08,-178.725,12.682,14,0
2025-03-20 10:04:16.788161,4cfe02a5-2682-4ce5-989b-105ccd93dd64,KXHIGHAUS-25MAR20-B71.5,50083.212,42,-1.0,71.587,69.8,59,41,1,0.087,-1.7,-1.787,0.042,12.6,59.0,15.309,0.486,0.072,-313.595,28.734,41,1
2025-03-20 10:05:08.725766,0dc52b07-23ed-423d-a7ab-36d625cdef46,KXHIGHAUS-25MAR20-B73.5,50031.274,15,1.0,71.862,69.8,27,73,1,-1.638,-3.7,-2.062,0.038,11.34,53.1,27.0,0.438,0.065,-326.784,-10.01,-27,0
2025-03-20 10:14:33.648893,9c1794f0-c8b5-4e94-90ad-fa5be867eb29,KXHIGHAUS-25MAR20-B69.5,49466.351,5,-3.0,71.658,69.8,18,82,1,2.158,0.3,-1.858,0.034,18.0,47.79,24.3,0.394,0.058,-313.702,-16.687,-18,0
2025-03-20 10:18:50.518473,2f753592-4222-4d88-8c84-49976a4ef7db,KXHIGHAUS-25MAR20-B75.5,49209.482,54,3.0,71.779,69.8,3,97,0,-3.721,-5.7,-1.979,0.031,16.2,43.011,21.87,3.0,0.052,-277.407,-1.121,3,0
2025-03-20 10:18:50.518473,1a1f2e57-71c7-4e84-ab86-82d7a543206c,KXHIGHAUS-25MAR20-B75.5,49209.482,1,3.0,71.794,69.8,3,97,0,-3.706,-5.7,-1.994,0.028,14.58,38.71,19.683,3.0,0.047,-242.299,-1.096,3,0
2025-03-20 10:29:46.891510,8737f9f7-25ef-47c5-ba27-192d2bd34124,KXHIGHAUS-25MAR20-B71.5,48553.108,16,-1.0,71.715,69.8,60,40,1,0.215,-1.7,-1.915,0.025,13.122,60.0,17.715,2.7,0.042,-332.815,27.69,40,1
2025-03-20 10:34:38.051591,d7646b09-e767-45e3-9ed8-b17b63b3b6d7,KXHIGHAUS-25MAR20-B73.5,48261.948,17,1.0,71.835,69.8,22,78,0,-1.665,-3.7,-2.035,0.023,11.81,54.0,22.0,2.43,0.038,-314.513,4.73,22,0
2025-03-20 10:34:38.051591,5fb43ea4-f7d0-4dc3-a562-57cfc8826a60,KXHIGHAUS-25MAR20-B73.5,48261.948,35,1.0,71.859,69.8,21,79,0,-1.641,-3.7,-2.059,0.02,10.629,48.6,21.0,2.187,0.034,-279.318,3.866,21,0
2025-03-20 10:36:42.087671,84770571-603c-486c-8313-5df57c684cd3,KXHIGHAUS-25MAR20-B71.5,48137.912,8,-1.0,71.794,69.8,60,40,1,0.294,-1.7,-1.994,0.018,9.566,60.0,18.9,1.968,0.031,-323.965,27.675,40,1
2025-03-20 10:41:34.982460,eeaccaa3-4a86-429a-a651-6c827fd4b645,KXHIGHAUS-25MAR20-B75.5,47845.018,17,3.0,71.893,69.8,4,96,1,-3.607,-5.7,-2.093,0.016,8.609,54.0,17.01,4.0,0.028,-287.521,0.313,-4,0
2025-03-20 10:41:34.982460,7b02a88a-26cd-4f5a-93b8-374116b3bf18,KXHIGHAUS-25MAR20-B75.5,47845.018,1,3.0,71.959,69.8,5,95,1,-3.541,-5.7,-2.159,0.015,7.748,48.6,15.309,5.0,0.025,-254.271,-0.692,-5,0
2025-03-20 10:41:34.982460,4b35a199-4c94-49c6-a2c8-0431622a8700,KXHIGHAUS-25MAR20-B75.5,47845.018,1,3.0,71.933,69.8,4,96,1,-3.567,-5.7,-2.133,0.013,6.974,43.74,13.778,4.0,0.023,-220.348,0.18,-4,0
2025-03-20 10:42:13.775152,77ad3476-30b7-4388-95b7-e52ccb88726d,KXHIGHAUS-25MAR20-B69.5,47806.225,30,-3.0,71.632,69.8,15,85,0,2.132,0.3,-1.832,0.012,15.0,39.366,12.4,3.6,0.02,-220.908,13.69,15,0
2025-03-20 10:44:56.149401,cc6a6bbc-f246-4266-aad8-9cee9744aa56,KXHIGHAUS-25MAR20-B69.5,47643.851,13,-3.0,71.582,69.8,15,85,0,2.082,0.3,-1.782,0.011,15.0,35.429,11.16,3.24,0.018,-197.626,13.692,15,0
2025-03-20 10:49:37.406670,20808bfc-b1f9-4050-a1a1-5f90ada7290e,KXHIGHAUS-25MAR20-B69.5,47362.593,150,-3.0,71.53,69.8,15,85,0,2.03,0.3,-1.73,0.01,15.0,31.886,10.044,2.916,0.016,-177.198,13.692,15,0
2025-03-20 10:50:24.609620,989afaeb-4e6e-4859-beeb-9505c92b45d1,KXHIGHAUS-25MAR20-B71.5,47315.39,17,-1.0,71.519,69.8,60,40,1,0.019,-1.7,-1.719,0.009,13.5,60.0,9.04,2.624,0.015,-303.128,27.088,40,1
2025-03-20 10:50:50.026950,80a27d2f-b552-4e9c-9c95-2be9cea29fa8,KXHIGHAUS-25MAR20-B73.5,47289.973,70,1.0,71.785,69.8,20,80,0,-1.715,-3.7,-1.985,0.008,12.15,54.0,20.0,2.362,0.013,-307.597,1.98,20,0
2025-03-20 10:50:50.026950,6cfc23dd-aeb7-461a-bb12-c71a47e0baf9,KXHIGHAUS-25MAR20-B73.5,47289.973,32,1.0,71.847,69.8,21,79,0,-1.653,-3.7,-2.047,0.007,10.935,48.6,21.0,2.126,0.012,-280.35,3.571,21,0
2025-03-20 10:57:32.749021,3ae9a1a0-2e57-4249-a208-fa12d4815c0e,KXHIGHAUS-25MAR20-B71.5,46887.251,40,-1.0,71.785,69.8,60,40,1,0.285,-1.7,-1.985,0.006,9.842,60.0,18.9,1.913,0.011,-324.875,27.086,40,1
2025-03-20 10:59:52.229961,7a86c8a9-32a8-4c9f-8feb-a671976b749f,KXHIGHAUS-25MAR20-B71.5,46747.77,8,-1.0,71.765,69.8,60,40,1,0.265,-1.7,-1.965,0.006,8.857,60.0,17.01,1.722,0.01,-314.045,27.078,40,1
2025-03-20 10:59:57.861900,0ee576f0-ecf1-4617-b3c5-fe20249eb4c9,KXHIGHAUS-25MAR20-B73.5,46742.138,17,1.0,71.972,69.8,26,74,1,-1.528,-3.7,-2.172,0.005,7.972,54.0,26.0,1.55,0.009,-317.274,-7.88,-26,0
2025-03-20 11:00:08.635002,9b5b221e-c7aa-41e4-8221-8dab2b218393,KXHIGHAUS-25MAR20-B73.5,46731.365,17,1.0,72.02,69.8,26,74,1,-1.48,-3.7,-2.22,0.005,7.174,48.6,26.0,1.395,0.008,-287.993,-7.835,-26,0
2025-03-20 11:01:21.506221,8e4849d2-6d02-4367-a0fa-76036302bf19,KXHIGHAUS-25MAR20-B69.5,46658.494,3,-3.0,71.658,69.8,19,81,1,2.158,0.3,-1.858,0.004,19.0,43.74,23.4,1.255,0.007,-295.207,-17.692,-19,0
2025-03-20 11:02:35.245947,99bbf1eb-0770-4ebc-bed8-3c7a68831b3d,KXHIGHAUS-25MAR20-B71.5,46584.754,3,-1.0,71.625,69.8,60,40,1,0.125,-1.7,-1.825,0.004,17.1,60.0,21.06,1.13,0.006,-358.471,27.072,40,1
2025-03-20 11:02:35.245947,36017658-1f8c-4901-861a-55e0ff148d59,KXHIGHAUS-25MAR20-B71.5,46584.754,16,-1.0,71.618,69.8,60,40,1,0.118,-1.7,-1.818,0.003,15.39,60.0,18.954,1.017,0.006,-343.464,27.076,40,1
2025-03-20 11:06:38.583340,981ebdd4-b815-4e58-b47c-86142e20c4e1,KXHIGHAUS-25MAR20-B71.5,46341.417,44,-1.0,71.541,69.8,60,40,1,0.041,-1.7,-1.741,0.001,3.912,60.0,4.818,0.258,0.001,-258.207,27.041,40,1
2025-03-20 11:06:38.583340,9be11128-141b-483d-8876-139d2575fc8c,KXHIGHAUS-25MAR20-B71.5,46341.417,30,-1.0,71.542,69.8,65,35,1,0.042,-1.7,-1.742,0.001,4.347,65.0,5.353,0.287,0.002,-286.328,22.032,35,1
2025-03-20 11:06:38.583340,4a9759ab-2b64-4158-b6f8-edf597fc124c,KXHIGHAUS-25MAR20-B71.5,46341.417,20,-1.0,71.536,69.8,63,37,1,0.036,-1.7,-1.736,0.001,3.521,63.0,4.336,0.233,0.001,-271.456,24.048,37,1
2025-03-20 11:06:38.583340,a5ddb265-dcc7-4262-ae74-65fb4ee70a7a,KXHIGHAUS-25MAR20-B71.5,46341.417,14,-1.0,71.552,69.8,63,37,1,0.052,-1.7,-1.752,0.001,5.366,63.0,6.609,0.355,0.002,-282.125,23.998,37,1
2025-03-20 11:06:38.583340,aa577ada-5559-4893-880f-ef8b5f156ca3,KXHIGHAUS-25MAR20-B71.5,46341.417,17,-1.0,71.558,69.8,61,39,1,0.058,-1.7,-1.758,0.001,5.962,61.0,7.343,0.394,0.002,-275.66,25.958,39,1
2025-03-20 11:06:38.583340,b0b5a74f-cdc3-47cf-9dbc-80a60f95e1c0,KXHIGHAUS-25MAR20-B71.5,46341.417,119,-1.0,71.551,69.8,80,20,1,0.051,-1.7,-1.751,0.001,6.625,80.0,8.159,0.438,0.002,-379.83,6.956,20,1
2025-03-20 11:06:38.583340,a492f889-eaa2-4111-b431-6100c03ea62c,KXHIGHAUS-25MAR20-B71.5,46341.417,200,-1.0,71.545,69.8,67,33,1,0.045,-1.7,-1.745,0.001,4.83,67.0,5.948,0.319,0.002,-299.542,20.006,33,1
2025-03-20 11:06:38.583340,ba6efefd-f8d8-48c6-971f-136e986b6927,KXHIGHAUS-25MAR20-B71.5,46341.417,21,-1.0,71.57,69.8,66,34,1,0.07,-1.7,-1.77,0.002,8.179,66.0,10.073,0.54,0.003,-316.611,20.924,34,1
2025-03-20 11:06:38.583340,d611a4ef-1d0e-47ce-95c0-a0471a06b41c,KXHIGHAUS-25MAR20-B71.5,46341.417,240,-1.0,71.58,69.8,62,38,1,0.08,-1.7,-1.78,0.002,9.088,62.0,11.192,0.6,0.003,-302.631,24.902,38,1
2025-03-20 11:06:38.583340,dbd0b640-ab02-4af8-9e84-756838688aa2,KXHIGHAUS-25MAR20-B71.5,46341.417,42,-1.0,71.573,69.8,78,22,1,0.073,-1.7,-1.773,0.002,10.097,78.0,12.436,0.667,0.004,-394.212,8.843,22,1
2025-03-20 11:06:38.583340,f2672338-0d1e-461f-ab8f-af553b076e35,KXHIGHAUS-25MAR20-B71.5,46341.417,200,-1.0,71.595,69.8,60,40,1,0.095,-1.7,-1.795,0.002,11.219,60.0,13.817,0.741,0.004,-308.809,26.811,40,1
2025-03-20 11:06:38.583340,f877367f-4572-4194-b421-accf7e38b7a6,KXHIGHAUS-25MAR20-B71.5,46341.417,240,-1.0,71.598,69.8,64,36,1,0.098,-1.7,-1.798,0.003,12.466,64.0,15.353,0.824,0.005,-339.352,22.809,36,1
2025-03-20 11:06:38.583340,fca9acce-dfc0-46e7-9359-bca7120817b9,KXHIGHAUS-25MAR20-B71.5,46341.417,5,-1.0,71.594,69.8,75,25,1,0.094,-1.7,-1.794,0.003,13.851,75.0,17.059,0.915,0.005,-408.48,11.806,25,1
2025-03-20 11:06:38.583340,b8272caf-14cc-49cf-affb-12ccf84a47c4,KXHIGHAUS-25MAR20-B71.5,46341.417,47,-1.0,71.57,69.8,60,40,1,0.07,-1.7,-1.77,0.002,7.361,60.0,9.066,0.486,0.003,-279.963,26.953,40,1
2025-03-20 11:06:38.705750,993fb351-9a35-4566-8ca2-8d31ed907bc3,KXHIGHAUS-25MAR20-B73.5,46341.294,36,1.0,72.018,69.8,20,80,0,-1.482,-3.7,-2.218,0.001,2.567,45.927,20.0,0.17,0.001,-237.787,1.242,20,0
2025-03-20 11:06:38.705750,b7a53cc4-ca8f-4301-927b-cdd97c58e276,KXHIGHAUS-25MAR20-B73.5,46341.294,34,1.0,71.994,69.8,21,79,0,-1.506,-3.7,-2.194,0.001,2.852,51.03,21.0,0.188,0.001,-267.268,2.231,21,0
2025-03-20 11:06:38.705750,e5a1d034-86c6-46fa-99a9-4eebc15ebf8b,KXHIGHAUS-25MAR20-B73.5,46341.294,130,1.0,71.931,69.8,20,80,0,-1.569,-3.7,-2.131,0.001,3.169,56.7,20.0,0.209,0.001,-292.171,1.187,20,0
2025-03-20 11:06:38.745274,97caf016-c207-4394-8274-a6762a42f5c4,KXHIGHAUS-25MAR20-B75.5,46341.255,1,3.0,72.171,69.8,3,97,0,-3.329,-5.7,-2.371,0.001,2.31,41.334,18.0,3.0,0.001,-211.08,-1.752,3,0
2025-03-20 11:06:38.745274,36cbbaad-0d36-40c1-86b6-85a26535e555,KXHIGHAUS-25MAR20-B75.5,46341.255,146,3.0,72.188,69.8,3,97,0,-3.312,-5.7,-2.388,0.0,2.079,37.201,16.2,3.0,0.001,-184.456,-1.627,3,0
2025-03-20 11:06:38.745274,0f264bde-0008-4f39-83f2-4f92e87edb46,KXHIGHAUS-25MAR20-B75.5,46341.255,53,3.0,72.144,69.8,2,98,0,-3.356,-5.7,-2.344,0.0,1.871,33.481,14.58,2.0,0.001,-159.17,-2.511,2,0
2025-03-20 11:06:38.746484,7dfaadfa-94a7-44db-b625-7c6a341fa4e7,KXHIGHAUS-25MAR20-T76,46341.254,200,3.5,72.224,69.8,1,99,0,-3.776,-6.2,-2.424,0.0,1.684,30.133,13.122,1.8,1.0,-138.333,-0.48,1,0
2025-03-20 11:06:38.746706,a6d29cd0-2ba6-4c95-ab81-a98897a30f3e,KXHIGHAUS-25MAR20-B69.5,46341.253,183,-3.0,71.573,69.8,15,85,0,2.073,0.3,-1.773,0.0,15.0,27.119,11.81,1.62,0.9,-159.963,13.697,15,0
2025-03-20 11:06:38.746706,05c519d5-b6a4-4a92-a4cd-d54d328e3d1c,KXHIGHAUS-25MAR20-B69.5,46341.253,17,-3.0,71.476,69.8,16,84,0,1.976,0.3,-1.676,0.0,16.0,24.407,10.629,1.458,0.81,-147.839,14.694,16,0
2025-03-20 11:06:58.721588,6267ece0-dc3a-46a1-8be3-9e902f0c279e,KXHIGHAUS-25MAR20-B71.5,46321.278,2,-1.0,71.487,69.8,60,40,1,-0.013,-1.7,-1.687,0.0,14.4,60.0,9.566,1.312,0.729,-305.795,26.804,40,1
2025-03-20 11:07:03.195904,e449da5d-b222-4acf-bab3-474ed868ec3f,KXHIGHAUS-25MAR20-B69.5,46316.804,17,-3.0,71.343,69.8,19,81,1,1.843,0.3,-1.543,0.0,19.0,54.0,8.609,1.181,0.656,-289.802,-17.699,-19,0
2025-03-20 11:09:30.096152,dd0836ab-d2c7-49b4-b7e0-3edd480b3cfe,KXHIGHAUS-25MAR20-B73.5,46169.904,17,1.0,71.765,69.8,26,74,1,-1.735,-3.7,-1.965,0.0,17.1,48.6,26.0,1.063,0.59,-321.755,-7.169,-26,0
2025-03-20 11:10:45.944251,90d0da2c-9b23-4dfb-a092-2d1e7b0a4cc8,KXHIGHAUS-25MAR20-B69.5,46094.056,40,-3.0,71.671,69.8,19,81,1,2.171,0.3,-1.871,0.0,19.0,43.74,23.4,0.957,0.531,-294.6,-17.701,-19,0
2025-03-20 11:11:11.686798,005a4006-0492-4ad1-b70b-2de14112c7ae,KXHIGHAUS-25MAR20-B69.5,46068.313,15,-3.0,71.62,69.8,19,81,1,2.12,0.3,-1.82,0.0,19.0,39.366,21.06,0.861,0.478,-264.226,-17.704,-19,0
2025-03-20 11:17:01.411353,c4ad2c7b-a86d-41b6-b2b8-2e6b154711ea,KXHIGHAUS-25MAR20-B71.5,45718.589,15,-1.0,71.587,69.8,63,37,1,0.087,-1.7,-1.787,0.0,17.1,63.0,18.954,0.775,0.43,-364.767,23.802,37,1
2025-03-20 11:18:46.080986,bcc7762b-4827-4140-8006-9f05d12d34fc,KXHIGHAUS-25MAR20-B69.5,45613.919,6,-3.0,71.507,69.8,19,81,1,2.007,0.3,-1.707,0.0,19.0,56.7,17.059,0.697,0.387,-332.655,-17.708,-19,0
2025-03-20 11:18:46.080986,36f410f5-e207-40f7-8b3e-2fe4f00f0be3,KXHIGHAUS-25MAR20-B69.5,45613.919,11,-3.0,71.463,69.8,19,81,1,1.963,0.3,-1.663,0.0,19.0,51.03,15.353,0.628,0.349,-297.887,-17.706,-19,0
2025-03-20 11:20:32.272082,10afa4dc-27ad-42d1-888b-8479568e364f,KXHIGHAUS-25MAR20-B69.5,45507.728,43,-3.0,71.491,69.8,16,84,0,1.991,0.3,-1.691,0.0,16.0,45.927,13.817,0.565,0.314,-255.723,14.71,16,0
2025-03-20 11:27:00.060624,2eaecaa9-943d-41c7-b93e-e4757e9d597f,KXHIGHAUS-25MAR20-B71.5,45119.939,7,-1.0,71.493,69.8,63,37,1,-0.007,-1.7,-1.693,0.0,14.4,63.0,12.436,0.508,0.282,-330.069,23.799,37,1
2025-03-20 11:33:59.733641,5b878992-2583-4af4-a007-18ab8eeb685e,KXHIGHAUS-25MAR20-B69.5,44700.266,5,-3.0,71.421,69.8,16,84,1,1.921,0.3,-1.621,0.0,16.0,56.7,11.192,0.458,0.254,-299.628,-14.712,-16,0
2025-03-20 11:38:00.906978,3d92f99f-7048-4ce1-b654-8a69efd85d2c,KXHIGHAUS-25MAR20-B71.5,44459.093,15,-1.0,71.432,69.8,63,37,1,-0.068,-1.7,-1.632,0.0,14.4,63.0,10.073,0.412,0.229,-321.989,23.748,37,1
2025-03-20 11:39:54.538767,6079f5fd-4d85-4643-a899-be7753bc11e0,KXHIGHAUS-25MAR20-B69.5,44345.461,52,-3.0,71.361,69.8,16,84,1,1.861,0.3,-1.561,0.0,16.0,56.7,9.066,0.371,0.206,-292.594,-14.715,-16,0
2025-03-20 11:39:54.658025,420877f8-c008-49fc-bfa0-f9e8c32e2029,KXHIGHAUS-25MAR20-B71.5,44345.342,1,-1.0,71.379,69.8,62,38,0,-0.121,-1.7,-1.579,0.0,14.4,62.0,8.159,0.334,0.185,-310.738,-24.738,-38,1
2025-03-20 11:40:27.871424,ff6d2f10-2f11-4063-aebd-f9f827b1180d,KXHIGHAUS-25MAR20-B69.5,44312.129,116,-3.0,71.33,69.8,15,85,0,1.83,0.3,-1.53,0.0,15.0,55.8,7.343,0.3,0.167,-279.016,13.717,15,0
2025-03-20 11:40:38.412835,618f05a7-b5af-4369-8b99-a42a4deab390,KXHIGHAUS-25MAR20-B71.5,44301.587,10,-1.0,71.354,69.8,62,38,1,-0.146,-1.7,-1.554,0.0,13.5,62.0,6.609,0.27,0.15,-302.86,24.537,38,1
2025-03-20 11:40:38.412835,43709b9e-a570-45a4-a990-c9684c58216a,KXHIGHAUS-25MAR20-B71.5,44301.587,13,-1.0,71.367,69.8,63,37,1,-0.133,-1.7,-1.567,0.0,12.15,63.0,5.948,0.243,0.135,-301.351,23.561,37,1
2025-03-20 11:40:38.412835,328cbc14-a700-4549-8458-30740002fbea,KXHIGHAUS-25MAR20-B71.5,44301.587,7,-1.0,71.379,69.8,64,36,1,-0.121,-1.7,-1.579,0.0,10.935,64.0,5.353,0.219,0.122,-300.717,22.566,36,1
2025-03-20 11:40:54.516213,bc646c58-3821-45cd-b941-3e2b47e1ba8a,KXHIGHAUS-25MAR20-B69.5,44285.484,29,-3.0,71.232,69.8,16,84,1,1.732,0.3,-1.432,0.0,16.0,57.6,4.818,0.197,0.109,-284.857,-14.719,-16,0
2025-03-20 11:40:58.029646,7cdd4fd4-08ab-4b9a-9a1e-e2d64e113d49,KXHIGHAUS-25MAR20-B69.5,44281.97,109,-3.0,71.218,69.8,15,85,0,1.718,0.3,-1.418,0.0,15.0,51.84,4.336,0.177,0.098,-251.119,13.722,15,0
2025-03-20 11:40:58.029646,2b34f417-91c4-41f1-a6aa-a5358e52e7dd,KXHIGHAUS-25MAR20-B69.5,44281.97,8,-3.0,71.178,69.8,15,85,0,1.678,0.3,-1.378,0.0,15.0,46.656,3.902,0.16,0.089,-224.716,13.719,15,0
2025-03-20 11:43:24.428243,680ce6c7-cda5-4b16-a847-80036c26fd28,KXHIGHAUS-25MAR20-T69,44135.572,1,-3.5,71.142,69.8,1,99,1,2.142,0.8,-1.342,1.0,13.5,41.99,3.512,0.144,0.08,-196.005,0.361,-1,0
2025-03-20 11:43:24.497901,0cc71e0f-300e-4642-9f37-f3a95bb376a8,KXHIGHAUS-25MAR20-B69.5,44135.502,82,-3.0,71.033,69.8,16,84,1,1.533,0.3,-1.233,0.9,16.0,37.791,3.161,0.129,0.072,-184.712,-14.726,-16,0
2025-03-20 11:43:24.680224,05868c80-bcb4-4186-bd6e-7fe067e00f30,KXHIGHAUS-25MAR20-B71.5,44135.32,3,-1.0,71.192,69.8,61,39,0,-0.308,-1.7,-1.392,0.81,14.4,61.0,2.845,0.116,0.065,-291.548,-25.528,-39,1
2025-03-20 11:43:30.253502,55b1fd93-0e6d-40ab-ac04-5d90a5f65655,KXHIGHAUS-25MAR20-T69,44129.746,18,-3.5,71.184,69.8,1,99,1,2.184,0.8,-1.384,1.0,12.96,54.9,2.56,0.105,0.058,-255.11,0.359,-1,0
2025-03-20 11:43:36.406854,c3167ec7-4499-45f7-8e32-b50f4b4f4a1a,KXHIGHAUS-25MAR20-B69.5,44123.593,2,-3.0,71.078,69.8,16,84,1,1.578,0.3,-1.278,0.9,16.0,49.41,2.304,0.094,0.052,-238.52,-14.726,-16,0
2025-03-20 11:45:44.964041,25021326-2d46-40c7-8a87-57cafa2a7637,KXHIGHAUS-25MAR20-T69,43995.036,95,-3.5,71.071,69.8,1,99,1,2.071,0.8,-1.271,1.0,14.4,44.469,2.074,0.085,0.047,-208.318,0.354,-1,0
2025-03-20 11:45:45.058878,27c9d376-f541-402f-92dd-0bab1e0542c3,KXHIGHAUS-25MAR20-B69.5,43994.941,37,-3.0,70.99,69.8,16,84,1,1.49,0.3,-1.19,0.9,16.0,40.022,1.867,0.076,0.042,-192.76,-14.727,-16,0
2025-03-20 11:45:50.498720,a4fa8fa8-d096-4410-aff3-e4f55683a6b0,KXHIGHAUS-25MAR20-T69,43989.501,86,-3.5,70.983,69.8,1,99,1,1.983,0.8,-1.183,1.0,14.4,36.02,1.68,0.069,0.038,-168.069,0.348,-1,0
2025-03-20 11:45:50.498720,6b3c0f94-c217-4ff2-9e13-426863ffbefe,KXHIGHAUS-25MAR20-T69,43989.501,32,-3.5,70.979,69.8,1,99,1,1.979,0.8,-1.179,1.0,12.96,32.418,1.512,0.062,0.034,-146.311,0.349,-1,0
2025-03-20 11:48:35.881297,d5a0bc8d-164b-4bc0-bd8b-d660627a05df,KXHIGHAUS-25MAR20-B71.5,43824.119,4,-1.0,71.2,69.8,61,39,1,-0.3,-1.7,-1.4,0.9,11.664,61.0,1.361,0.056,0.031,-279.472,25.491,39,1
2025-03-20 11:49:20.068943,b7a316db-1e14-4b25-b910-1ef0aa0e8112,KXHIGHAUS-25MAR20-B71.5,43779.931,1,-1.0,71.217,69.8,59,41,0,-0.283,-1.7,-1.417,0.81,10.498,59.0,1.225,0.05,0.028,-265.084,-27.489,-41,1
2025-03-20 11:49:20.218169,92cf1802-c6f6-4d1b-ab9d-8dff22fae5bb,KXHIGHAUS-25MAR20-T69,43779.782,218,-3.5,71.208,69.8,1,99,1,2.208,0.8,-1.408,1.0,9.448,53.1,1.102,0.045,0.025,-232.016,0.328,-1,0
2025-03-20 11:49:20.218169,4b5637bb-e420-4800-86ab-57a74d75d74f,KXHIGHAUS-25MAR20-T69,43779.782,22,-3.5,71.204,69.8,1,99,1,2.204,0.8,-1.404,1.0,8.503,47.79,0.992,0.041,0.023,-202.772,0.348,-1,0
2025-03-20 11:49:20.271181,dd160c1f-4938-4ba0-a895-22179f9d932b,KXHIGHAUS-25MAR20-T69,43779.729,67,-3.5,71.2,69.8,1,99,1,2.2,0.8,-1.4,1.0,7.653,43.011,0.893,0.036,0.02,-177.057,0.325,-1,0
2025-03-20 11:51:45.025916,efecfd2e-133a-493e-b2c9-a66c27bd20ca,KXHIGHAUS-25MAR20-T69,43634.974,32,-3.5,71.195,69.8,1,99,1,2.195,0.8,-1.395,1.0,6.887,38.71,0.803,0.033,0.018,-154.457,0.323,-1,0
2025-03-20 11:58:15.249322,77fa25b5-0083-4e74-abb5-fd251cd912b4,KXHIGHAUS-25MAR20-T69,43244.751,379,-3.5,71.19,69.8,1,99,1,2.19,0.8,-1.39,1.0,6.199,34.839,0.723,0.03,0.016,-134.606,0.301,-1,0
2025-03-20 11:58:15.249322,6645fafd-edfa-4970-b4e5-907bd0a50911,KXHIGHAUS-25MAR20-T69,43244.751,200,-3.5,71.185,69.8,1,99,1,2.185,0.8,-1.385,1.0,5.579,31.355,0.651,0.027,0.015,-117.181,0.323,-1,0
2025-03-20 11:58:15.249322,519d7487-aa0d-4c75-becb-b43c418bdf4f,KXHIGHAUS-25MAR20-T69,43244.751,1,-3.5,71.178,69.8,1,99,1,2.178,0.8,-1.378,1.0,5.021,28.22,0.586,0.024,0.013,-101.895,0.323,-1,0
2025-03-20 11:58:15.249322,0e58ade8-1d42-4d04-9ecb-ef9a1cb42f39,KXHIGHAUS-25MAR20-T69,43244.751,1,-3.5,71.171,69.8,1,99,1,2.171,0.8,-1.371,1.0,4.519,25.398,0.527,0.022,0.012,-88.495,0.323,-1,0
2025-03-20 11:58:15.571874,26b2d277-ab47-40d4-968d-ac5c47456623,KXHIGHAUS-25MAR20-T76,43244.428,1,3.5,71.393,69.8,1,99,0,-4.607,-6.2,-1.593,0.656,2.965,16.663,0.346,0.014,1.0,-49.396,-0.577,1,0
2025-03-20 11:58:15.571874,81813a5a-d72d-4edd-911a-b211ef8d3e6d,KXHIGHAUS-25MAR20-T76,43244.428,1,3.5,71.371,69.8,1,99,0,-4.629,-6.2,-1.571,0.729,3.294,18.515,0.384,0.016,1.0,-57.301,-0.581,1,0
2025-03-20 11:58:15.571874,aca2fa7d-6103-4eaa-808f-ffd471c210b5,KXHIGHAUS-25MAR20-T76,43244.428,1,3.5,71.334,69.8,1,99,0,-4.666,-6.2,-1.534,0.9,4.067,22.858,0.474,0.019,1.0,-76.709,-0.651,1,0
2025-03-20 11:58:15.571874,a7bd191c-03e8-4f34-97a6-171824aafeb3,KXHIGHAUS-25MAR20-T76,43244.428,16,3.5,71.352,69.8,1,99,0,-4.648,-6.2,-1.552,0.81,3.66,20.572,0.427,0.017,1.0,-66.353,-0.598,1,0
2025-03-20 11:58:25.455582,a54f1719-f4c5-41d0-8ebf-5dc75878bf8e,KXHIGHAUS-25MAR20-B69.5,43234.544,302,-3.0,70.53,69.8,19,81,1,1.03,0.3,-0.73,0.59,19.0,14.997,0.311,0.013,0.9,-95.729,-17.728,-19,0
2025-03-20 11:58:25.455582,81428028-ccfd-42b9-ba0f-ea8fbfea28de,KXHIGHAUS-25MAR20-B69.5,43234.544,10,-3.0,70.472,69.8,19,81,1,0.972,0.3,-0.672,0.531,19.0,13.497,0.28,0.011,0.81,-90.157,-17.728,-19,0
2025-03-20 11:58:46.977212,daac4eae-ad9c-4c04-9373-9fadd634c899,KXHIGHAUS-25MAR20-B69.5,43213.023,48,-3.0,70.363,69.8,21,79,1,0.863,0.3,-0.563,0.478,21.0,12.148,0.252,0.01,0.729,-93.291,-19.73,-21,0
2025-03-20 11:58:46.977212,808bf47d-e4c4-4c43-83c9-e3a0c428cf16,KXHIGHAUS-25MAR20-B69.5,43213.023,8,-3.0,70.308,69.8,21,79,1,0.808,0.3,-0.508,0.43,21.0,10.933,0.227,0.009,0.656,-89.064,-19.728,-21,0
2025-03-20 11:58:49.961405,9874a699-de2b-4afd-8c00-4117b2272b1e,KXHIGHAUS-25MAR20-B75.5,43210.039,1,3.0,70.632,69.8,2,98,0,-4.868,-5.7,-0.832,0.387,18.9,9.84,0.204,2.0,0.59,-78.431,-2.837,2,0
2025-03-20 11:58:49.961405,690d7e66-f496-40ce-a6dc-bedc3a11367e,KXHIGHAUS-25MAR20-B75.5,43210.039,247,3.0,70.666,69.8,2,98,0,-4.834,-5.7,-0.866,0.349,17.01,8.856,0.184,2.0,0.531,-67.889,-2.795,2,0
2025-03-20 11:59:37.223132,6634d5c3-1bad-4425-a07f-7a8977e67262,KXHIGHAUS-25MAR20-B69.5,43162.777,19,-3.0,70.35,69.8,25,75,1,0.85,0.3,-0.55,0.314,25.0,7.97,0.165,1.8,0.478,-97.059,-23.723,-25,0
2025-03-20 12:00:34.084035,b55799e9-7a26-4bbd-b329-972c860238f6,KXHIGHAUS-25MAR20-B69.5,43105.916,92,-3.0,70.488,69.8,18,82,0,0.988,0.3,-0.688,0.282,18.0,7.173,0.149,1.62,0.43,-65.938,16.698,18,0
2025-03-20 12:00:34.084035,1054b9a8-b4d7-47db-a890-1ca8825d8930,KXHIGHAUS-25MAR20-B69.5,43105.916,3,-3.0,70.496,69.8,16,84,0,0.996,0.3,-0.696,0.254,16.0,6.456,0.134,1.458,0.387,-55.966,14.713,16,0
2025-03-20 12:03:58.968643,d00d41b6-3485-41c6-a1a2-870f143aeed9,KXHIGHAUS-25MAR20-B71.5,42901.031,75,-1.0,71.204,69.8,59,41,1,-0.296,-1.7,-1.404,0.229,14.4,59.0,0.121,1.312,0.349,-278.379,27.181,41,1
2025-03-20 12:03:58.968643,73c8d294-e56a-4827-bf19-20f3735090f2,KXHIGHAUS-25MAR20-B71.5,42901.031,56,-1.0,71.231,69.8,60,40,1,-0.269,-1.7,-1.431,0.206,12.96,60.0,0.109,1.181,0.314,-278.129,26.233,40,1
2025-03-20 12:03:58.968643,568b0a26-aa56-49d8-9c52-e40d63bb91f3,KXHIGHAUS-25MAR20-B71.5,42901.031,6,-1.0,71.253,69.8,60,40,1,-0.247,-1.7,-1.453,0.185,11.664,60.0,0.098,1.063,0.282,-273.482,26.408,40,1
2025-03-20 12:06:29.357238,10ed08d3-fbb4-4509-a005-1e68bcdb1b90,KXHIGHAUS-25MAR20-T69,42750.643,89,-3.5,71.225,69.8,1,99,0,2.225,0.8,-1.425,1.0,10.498,54.0,0.088,0.957,0.254,-239.482,-0.296,1,0
2025-03-20 12:08:59.544416,dc848743-5fea-4381-bdf6-d69d1d142a7d,KXHIGHAUS-25MAR20-B71.5,42600.456,11,-1.0,71.292,69.8,61,39,1,-0.208,-1.7,-1.492,0.81,8.503,61.0,0.071,0.775,0.206,-268.082,25.132,39,1
2025-03-20 12:08:59.544416,f4780d76-a387-40e7-8299-4bbf50274c3c,KXHIGHAUS-25MAR20-B71.5,42600.456,5,-1.0,71.269,69.8,60,40,1,-0.231,-1.7,-1.469,0.9,9.448,60.0,0.079,0.861,0.229,-266.117,26.013,40,1
2025-03-20 12:10:53.231897,b61e1533-9afe-4893-98a2-f34d4ccdbc83,KXHIGHAUS-25MAR20-B69.5,42486.768,11,-3.0,71.064,69.8,17,83,0,1.564,0.3,-1.264,0.729,17.0,54.9,0.064,0.697,0.185,-267.097,15.696,17,0
2025-03-20 12:19:55.676787,a2bc033e-338d-4eb6-83f0-53cca1d776f9,KXHIGHAUS-25MAR20-B71.5,41944.323,24,-1.0,71.129,69.8,61,39,1,-0.371,-1.7,-1.329,0.656,15.3,61.0,0.058,0.628,0.167,-291.467,25.012,39,1
2025-03-20 12:36:10.356050,db042094-1c1a-43bc-aaad-648d173df86d,KXHIGHAUS-25MAR20-B69.5,40969.644,8,-3.0,70.958,69.8,22,78,1,1.458,0.3,-1.158,0.59,22.0,54.9,0.052,0.565,0.15,-286.834,-20.68,-22,0
2025-03-20 12:36:10.356050,17c8316f-11e7-4f4a-a55f-e11a21289f58,KXHIGHAUS-25MAR20-B69.5,40969.644,9,-3.0,70.914,69.8,22,78,1,1.414,0.3,-1.114,0.531,22.0,49.41,0.047,0.508,0.135,-259.616,-20.687,-22,0
2025-03-20 12:39:21.550129,8eeb02ea-2173-4de2-8caa-88593935f5d2,KXHIGHAUS-25MAR20-B73.5,40778.45,43,1.0,71.421,69.8,16,84,0,-2.079,-3.7,-1.621,0.478,19.8,44.469,16.0,0.458,0.122,-271.262,-2.981,16,0
2025-03-20 12:39:29.456522,60ea88e6-6412-41a9-afc3-59e00c103333,KXHIGHAUS-25MAR20-B73.5,40770.543,28,1.0,71.438,69.8,15,85,0,-2.062,-3.7,-1.638,0.43,17.82,40.022,15.0,0.412,0.109,-238.637,-4.12,15,0
2025-03-20 12:39:35.338308,57bda65a-d00f-44d0-b72b-257af1288245,KXHIGHAUS-25MAR20-B73.5,40764.662,43,1.0,71.513,69.8,16,84,1,-1.987,-3.7,-1.713,0.387,16.038,36.02,16.0,0.371,0.098,-217.001,3.169,-16,0
2025-03-20 12:45:00.180757,a3e482db-86a2-4d7b-96a9-345dd0e2c462,KXHIGHAUS-25MAR20-B71.5,40439.819,50,-1.0,71.509,69.8,61,39,1,0.009,-1.7,-1.709,0.349,14.434,61.0,14.4,0.334,0.089,-326.757,24.749,39,1
2025-03-20 12:45:00.180757,74923d4e-4ae1-4f57-9092-43bd73f01685,KXHIGHAUS-25MAR20-B71.5,40439.819,33,-1.0,71.508,69.8,61,39,1,0.008,-1.7,-1.708,0.314,12.991,61.0,12.96,0.3,0.08,-316.35,24.775,39,1
2025-03-20 12:45:00.180757,44f4564e-e47b-4fab-8f1c-33b90f642a3e,KXHIGHAUS-25MAR20-B71.5,40439.819,17,-1.0,71.507,69.8,63,37,1,0.007,-1.7,-1.707,0.282,11.692,63.0,11.664,0.27,0.072,-317.519,22.78,37,1
2025-03-20 12:45:17.531093,bba2b83a-d066-40f5-a60e-5b1487b09d58,KXHIGHAUS-25MAR20-B73.5,40422.469,25,1.0,71.616,69.8,15,85,0,-1.884,-3.7,-1.816,0.254,10.523,56.7,15.0,0.243,0.065,-293.459,-4.585,15,0
2025-03-20 12:45:21.757716,dd1410da-1d51-457f-95ff-15b53af0b4fe,KXHIGHAUS-25MAR20-B71.5,40418.242,185,-1.0,71.599,69.8,64,36,1,0.099,-1.7,-1.799,0.229,9.47,64.0,13.5,0.219,0.058,-321.76,21.734,36,1
2025-03-20 12:45:21.757716,420284dd-0285-4399-b42c-477a39b42c1b,KXHIGHAUS-25MAR20-B71.5,40418.242,13,-1.0,71.591,69.8,64,36,1,0.091,-1.7,-1.791,0.206,8.523,64.0,12.15,0.197,0.052,-313.975,21.737,36,1
2025-03-20 12:45:21.757716,13f5a4a9-1336-43f3-a93d-dc4a61f8451f,KXHIGHAUS-25MAR20-B71.5,40418.242,102,-1.0,71.586,69.8,62,38,1,0.086,-1.7,-1.786,0.185,7.671,62.0,10.935,0.177,0.047,-296.905,23.739,38,1
2025-03-20 12:46:06.832687,f27285b5-d4a8-4b98-9a5f-b129bf574358,KXHIGHAUS-25MAR20-B73.5,40373.167,186,1.0,71.666,69.8,13,87,0,-1.834,-3.7,-1.866,0.167,6.904,55.8,13.0,0.16,0.042,-270.373,-6.761,13,0
2025-03-20 12:46:06.832687,d689758b-2afd-4725-ad86-ff24715cde01,KXHIGHAUS-25MAR20-B73.5,40373.167,1,1.0,71.725,69.8,14,86,0,-1.775,-3.7,-1.925,0.15,6.213,50.22,14.0,0.144,0.038,-244.291,-5.647,14,0
2025-03-20 12:46:06.832687,9ed06977-be87-46d3-8744-c68cda7738ee,KXHIGHAUS-25MAR20-B73.5,40373.167,36,1.0,71.79,69.8,15,85,0,-1.71,-3.7,-1.99,0.135,5.592,45.198,15.0,0.129,0.034,-221.848,-4.644,15,0
2025-03-20 12:46:06.832687,5acf3f41-1d42-43b3-8163-c78aec060d2b,KXHIGHAUS-25MAR20-B73.5,40373.167,5,1.0,71.832,69.8,15,85,0,-1.668,-3.7,-2.032,0.122,5.033,40.678,15.0,0.116,0.031,-198.881,-4.636,15,0
2025-03-20 12:47:15.184001,07748983-aa75-4705-bf8f-3ac01e493508,KXHIGHAUS-25MAR20-B71.5,40304.816,2,-1.0,71.704,69.8,64,36,1,0.204,-1.7,-1.904,0.098,4.077,64.0,12.15,0.094,0.025,-301.697,21.694,36,1
2025-03-20 12:47:15.184001,c2dfc690-c01c-4dcd-9ef8-fcb8cb17594b,KXHIGHAUS-25MAR20-B71.5,40304.816,75,-1.0,71.724,69.8,63,37,1,0.224,-1.7,-1.924,0.109,4.53,63.0,13.5,0.105,0.028,-302.418,22.678,37,1
2025-03-20 12:48:33.378768,e5a2f45a-1e6e-4472-9e6d-d4b8ef601b2f,KXHIGHAUS-25MAR20-B71.5,40226.621,13,-1.0,71.687,69.8,64,36,1,0.187,-1.7,-1.887,0.089,3.669,64.0,10.935,0.085,0.023,-296.585,21.526,36,1
2025-03-20 12:48:33.378768,c52a616b-8f36-455a-a951-205056b3ea3f,KXHIGHAUS-25MAR20-B71.5,40226.621,10,-1.0,71.672,69.8,64,36,1,0.172,-1.7,-1.872,0.08,3.302,64.0,9.842,0.076,0.02,-292.14,21.654,36,1
2025-03-20 12:48:33.378768,856dfa7f-1e0b-47cb-823b-69021c286e1d,KXHIGHAUS-25MAR20-B71.5,40226.621,23,-1.0,71.659,69.8,63,37,1,0.159,-1.7,-1.859,0.072,2.972,63.0,8.857,0.069,0.018,-283.128,22.657,37,1
2025-03-20 12:48:41.974158,ad4857b2-edc8-4dc3-9d21-ed0f3ca697c7,KXHIGHAUS-25MAR20-B69.5,40218.026,1,-3.0,71.179,69.8,22,78,1,1.679,0.3,-1.379,0.065,22.0,56.7,7.972,0.062,0.016,-313.076,-20.662,-22,0
2025-03-20 12:48:41.974158,33fce605-3ba0-4855-b784-26b6ba85087c,KXHIGHAUS-25MAR20-B69.5,40218.026,81,-3.0,71.113,69.8,23,77,1,1.613,0.3,-1.313,0.058,23.0,51.03,7.174,0.056,0.015,-286.536,-21.663,-23,0
2025-03-20 12:49:08.169603,e1cdba8e-86b5-49f6-bfc5-a573efb0518e,KXHIGHAUS-25MAR20-B71.5,40191.83,2,-1.0,71.189,69.8,64,36,1,-0.311,-1.7,-1.389,0.052,20.7,64.0,6.457,0.05,0.013,-340.574,20.824,36,1
2025-03-20 12:49:08.169603,c7b853c8-6c61-45e5-9e1b-6dbef288a201,KXHIGHAUS-25MAR20-B71.5,40191.83,1,-1.0,71.218,69.8,66,34,1,-0.282,-1.7,-1.418,0.047,18.63,66.0,5.811,0.045,0.012,-340.896,18.866,34,1
2025-03-20 12:49:08.169603,93bcb8f8-a003-4482-b6fd-d3e0a94a893a,KXHIGHAUS-25MAR20-B71.5,40191.83,6,-1.0,71.233,69.8,64,36,1,-0.267,-1.7,-1.433,0.042,16.767,64.0,5.23,0.041,0.011,-321.782,20.953,36,1
2025-03-20 12:49:08.169603,7412162d-64e3-4dd3-ae2a-c74954664719,KXHIGHAUS-25MAR20-B71.5,40191.83,17,-1.0,71.256,69.8,65,35,1,-0.244,-1.7,-1.456,0.038,15.09,65.0,4.707,0.036,0.01,-319.292,20.011,35,1
2025-03-20 12:49:08.169603,49dc6ac5-435c-4b54-bc93-6e98c174f31a,KXHIGHAUS-25MAR20-B71.5,40191.83,3,-1.0,71.276,69.8,65,35,1,-0.224,-1.7,-1.476,0.034,13.581,65.0,4.236,0.033,0.009,-312.611,20.038,35,1
2025-03-20 12:49:08.169603,442dbb41-18ef-4261-9567-bba1fdc71f53,KXHIGHAUS-25MAR20-B71.5,40191.83,153,-1.0,71.296,69.8,66,34,1,-0.204,-1.7,-1.496,0.031,12.223,66.0,3.813,0.03,0.008,-311.969,19.327,34,1
2025-03-20 12:49:08.169603,0cdb2b08-a8d9-456e-8dfb-3dc0508244a2,KXHIGHAUS-25MAR20-B71.5,40191.83,1,-1.0,71.313,69.8,66,34,1,-0.187,-1.7,-1.513,0.028,11.001,66.0,3.432,0.027,0.007,-306.897,19.348,34,1
2025-03-20 13:02:47.766741,d1740201-de56-4eb1-8f9f-b9afba6e2969,KXHIGHAUS-25MAR20-B73.5,39372.233,169,1.0,71.503,69.8,10,90,0,-1.997,-3.7,-1.703,0.025,9.901,59.4,10.0,0.024,0.006,-288.118,-10.22,10,0
2025-03-20 13:02:47.766741,737b2900-2639-457e-8c80-928f55f3c8b6,KXHIGHAUS-25MAR20-B73.5,39372.233,25,1.0,71.558,69.8,11,89,0,-1.942,-3.7,-1.758,0.023,8.911,53.46,11.0,0.022,0.006,-258.383,-9.208,11,0
2025-03-20 13:02:47.766741,6567ddcf-491d-43a0-b283-a1176e23485b,KXHIGHAUS-25MAR20-B73.5,39372.233,44,1.0,71.617,69.8,12,88,0,-1.883,-3.7,-1.817,0.02,8.02,48.114,12.0,0.019,0.005,-232.705,-7.774,12,0
2025-03-20 13:02:47.766741,2c8e895a-63d1-4d2a-b7f9-c42390fc477c,KXHIGHAUS-25MAR20-B73.5,39372.233,1,1.0,71.624,69.8,11,89,0,-1.876,-3.7,-1.824,0.018,7.218,43.303,11.0,0.017,0.005,-203.647,-8.765,11,0
2025-03-20 13:10:22.891033,fcaf4870-e100-45ac-a679-66c370a38cfe,KXHIGHAUS-25MAR20-B73.5,38917.109,8,1.0,71.782,69.8,15,85,1,-1.718,-3.7,-1.982,0.016,6.496,38.972,15.0,0.016,0.004,-195.37,5.222,-15,0
2025-03-20 13:13:32.668720,743b8b14-913d-4dbb-9d68-c1cf5e7b1731,KXHIGHAUS-25MAR20-B71.5,38727.331,81,-1.0,71.678,69.8,67,33,1,0.178,-1.7,-1.878,0.015,5.846,67.0,13.5,0.014,0.004,-327.031,17.785,33,1
2025-03-20 13:13:32.668720,0ed379ba-b98e-41d5-9514-ab9221a8c679,KXHIGHAUS-25MAR20-B71.5,38727.331,30,-1.0,71.668,69.8,65,35,1,0.168,-1.7,-1.868,0.013,5.262,65.0,12.15,0.013,0.003,-310.282,19.796,35,1
2025-03-20 13:13:32.668720,08785b25-227a-4b39-a4ef-4aeaa212d32b,KXHIGHAUS-25MAR20-B71.5,38727.331,35,-1.0,71.65,69.8,67,33,1,0.15,-1.7,-1.85,0.012,4.735,67.0,10.935,0.011,0.003,-315.113,17.805,33,1
2025-03-20 13:17:47.342286,dc9664fd-d88a-4404-9de1-9a0bbd0c829d,KXHIGHAUS-25MAR20-B71.5,38472.658,122,-1.0,71.636,69.8,68,32,1,0.136,-1.7,-1.836,0.011,4.262,68.0,9.842,0.01,0.003,-315.497,16.545,32,1
2025-03-20 13:17:47.342286,d93a58dd-47fe-4ebd-a370-d744c4f5229a,KXHIGHAUS-25MAR20-B71.5,38472.658,51,-1.0,71.628,69.8,66,34,1,0.128,-1.7,-1.828,0.01,3.836,66.0,8.857,0.009,0.002,-300.891,18.547,34,1
2025-03-20 13:17:47.342286,d3f9c05c-5da0-4412-a100-e5356f7e732b,KXHIGHAUS-25MAR20-B71.5,38472.658,1,-1.0,71.617,69.8,66,34,1,0.117,-1.7,-1.817,0.009,3.452,66.0,7.972,0.008,0.002,-297.248,18.685,34,1
2025-03-20 13:20:45.252970,096ec73d-2c18-4ca2-91c5-06b51b113f6c,KXHIGHAUS-25MAR20-B73.5,38294.747,19,1.0,71.779,69.8,9,91,0,-1.721,-3.7,-1.979,0.005,2.038,38.972,9.0,0.005,0.001,-163.915,-11.236,9,0
2025-03-20 13:20:45.252970,15b9a86a-6c56-492d-b61c-af909805edf3,KXHIGHAUS-25MAR20-B73.5,38294.747,24,1.0,71.779,69.8,10,90,0,-1.721,-3.7,-1.979,0.006,2.265,43.303,10.0,0.005,0.001,-187.983,-10.276,10,0
2025-03-20 13:20:45.252970,5e0789d4-7c12-44bb-be86-08eba028ef35,KXHIGHAUS-25MAR20-B73.5,38294.747,1,1.0,71.687,69.8,8,92,0,-1.813,-3.7,-1.887,0.006,2.517,48.114,8.0,0.006,0.002,-205.258,-12.277,8,0
2025-03-20 13:20:45.252970,c5655035-8773-41ab-9f75-a1cc8eb6bee3,KXHIGHAUS-25MAR20-B73.5,38294.747,192,1.0,71.633,69.8,7,93,0,-1.867,-3.7,-1.833,0.007,2.796,53.46,7.0,0.007,0.002,-229.13,-13.28,7,0
2025-03-20 13:20:45.252970,d97c0bf2-4d72-4762-909f-75e86faca68d,KXHIGHAUS-25MAR20-B73.5,38294.747,46,1.0,71.665,69.8,9,91,0,-1.835,-3.7,-1.865,0.008,3.107,59.4,9.0,0.008,0.002,-265.817,-11.323,9,0
2025-03-20 13:22:34.509455,85e22f0d-ddea-4305-a7ac-dfaffdac4168,KXHIGHAUS-25MAR20-B71.5,38185.491,24,-1.0,71.663,69.8,67,33,1,0.163,-1.7,-1.863,0.005,1.835,67.0,8.1,0.004,0.001,-299.715,17.538,33,1
2025-03-20 13:29:30.217540,4a162ad0-22c7-4a0e-ba09-4dafe2bf5267,KXHIGHAUS-25MAR20-B71.5,37769.782,5,-1.0,71.655,69.8,64,36,0,0.155,-1.7,-1.855,0.004,1.651,64.0,7.29,0.004,0.001,-281.426,-20.533,-36,1
2025-03-20 13:33:00.112548,a172c40a-34b5-4901-afd0-ff47ec615d74,KXHIGHAUS-25MAR20-B71.5,37559.887,16,-1.0,71.635,69.8,67,33,1,0.135,-1.7,-1.835,0.004,1.486,67.0,6.561,0.004,0.001,-294.597,17.487,33,1
2025-03-20 13:33:00.112548,91c4f96a-429e-4543-b3e2-6085a2e69430,KXHIGHAUS-25MAR20-B71.5,37559.887,3,-1.0,71.623,69.8,67,33,1,0.123,-1.7,-1.823,0.003,1.337,67.0,5.905,0.003,0.001,-292.545,17.503,33,1
2025-03-20 13:33:00.112548,7d3d23e6-eb81-45ab-bbaa-5a7e4e7c99cc,KXHIGHAUS-25MAR20-B71.5,37559.887,123,-1.0,71.609,69.8,69,31,1,0.109,-1.7,-1.809,0.003,1.204,69.0,5.314,0.003,0.001,-301.214,15.523,31,1
2025-03-20 13:34:37.170055,83582bfc-c5fe-46fa-9af4-838fa81054c3,KXHIGHAUS-25MAR20-B71.5,37462.83,7,-1.0,71.599,69.8,69,31,1,0.099,-1.7,-1.799,0.003,1.083,69.0,4.783,0.003,0.001,-299.689,15.485,31,1
2025-03-20 13:41:18.223574,cee2ea90-312d-4ff2-9513-adde34166f53,KXHIGHAUS-25MAR20-B69.5,37061.776,47,-3.0,71.096,69.8,20,80,1,1.596,0.3,-1.296,0.002,20.0,55.89,3.874,0.002,0.001,-289.998,-18.656,-20,0
2025-03-20 13:41:18.223574,d09995ac-abe2-4275-88f5-706eb4cf7d8c,KXHIGHAUS-25MAR20-B69.5,37061.776,62,-3.0,71.1,69.8,22,78,1,1.6,0.3,-1.3,0.002,22.0,62.1,4.305,0.002,0.001,-330.648,-20.624,-22,0
2025-03-20 13:45:47.129812,f5e32bac-78e4-4f5d-ab5f-42a70b150dcc,KXHIGHAUS-25MAR20-B69.5,36792.87,2,-3.0,71.074,69.8,19,81,0,1.574,0.3,-1.274,0.002,19.0,50.301,3.487,0.002,0.001,-257.352,17.286,19,0
2025-03-20 13:45:47.129812,5962cca6-0347-443b-9a1b-249de1895b03,KXHIGHAUS-25MAR20-B69.5,36792.87,1,-3.0,71.029,69.8,19,81,0,1.529,0.3,-1.229,0.002,19.0,45.271,3.138,0.002,0.0,-232.11,17.36,19,0
2025-03-20 13:45:47.129812,3e57e8e1-536e-47d3-8b08-68a0d5e4d122,KXHIGHAUS-25MAR20-B69.5,36792.87,24,-3.0,70.983,69.8,19,81,0,1.483,0.3,-1.183,0.002,19.0,40.744,2.824,0.002,0.0,-209.903,17.618,19,0
2025-03-20 13:49:31.384863,a2b196c2-1509-4ef2-98d8-119270db2793,KXHIGHAUS-25MAR20-B73.5,36568.615,61,1.0,71.312,69.8,11,89,0,-2.188,-3.7,-1.512,0.001,17.1,36.669,11.0,0.001,0.0,-206.985,-9.325,11,0
2025-03-20 13:49:38.028962,94b1a91c-335e-4efd-98bb-6cd2737c4dfc,KXHIGHAUS-25MAR20-B69.5,36561.971,3,-3.0,71.206,69.8,19,81,1,1.706,0.3,-1.406,0.001,19.0,33.002,9.9,0.001,0.0,-194.017,-17.284,-19,0
2025-03-20 13:51:20.025144,c07ff281-5b4c-42f2-9f98-d105bfa54258,KXHIGHAUS-25MAR20-B69.5,36459.975,43,-3.0,71.094,69.8,21,79,1,1.594,0.3,-1.294,0.001,21.0,29.702,8.91,0.001,0.0,-184.132,-19.258,-21,0
2025-03-20 13:51:20.025144,af9f80fe-1e6c-49d3-b679-e7f86a463b14,KXHIGHAUS-25MAR20-B69.5,36459.975,50,-3.0,71.091,69.8,19,81,1,1.591,0.3,-1.291,0.001,19.0,26.732,8.019,0.001,0.0,-160.46,-17.274,-19,0
2025-03-20 13:53:59.429974,3d1e759a-2223-459e-9df4-541c79cc5dc4,KXHIGHAUS-25MAR20-B73.5,36300.57,63,1.0,71.425,69.8,15,85,1,-2.075,-3.7,-1.625,0.001,17.1,24.059,15.0,0.001,0.0,-165.673,5.331,-15,0
2025-03-20 13:57:31.653700,3639eb01-951b-4467-a911-0c8afaca2efb,KXHIGHAUS-25MAR20-B69.5,36088.346,10,-3.0,71.118,69.8,25,75,1,1.618,0.3,-1.318,0.001,25.0,21.653,13.5,0.001,0.0,-182.18,-23.252,-25,0
2025-03-20 14:04:10.035327,e3760b2b-7d70-495f-b87e-006e07bd1626,KXHIGHAUS-25MAR20-B69.5,35689.965,22,-3.0,70.855,69.8,33,67,1,1.355,0.3,-1.055,0.001,33.0,19.488,12.15,0.001,0.0,-203.589,-31.243,-33,0
2025-03-20 14:04:10.035327,c471a078-c430-4278-9bce-cef92212ebe3,KXHIGHAUS-25MAR20-B69.5,35689.965,10,-3.0,70.921,69.8,27,73,1,1.421,0.3,-1.121,0.001,27.0,17.539,10.935,0.001,0.0,-165.371,-25.243,-27,0
2025-03-20 14:04:10.035327,954cc7ba-82b5-4738-823c-edfff65db825,KXHIGHAUS-25MAR20-B69.5,35689.965,21,-3.0,70.67,69.8,35,65,1,1.17,0.3,-0.87,0.001,35.0,15.785,9.842,0.001,0.0,-190.482,-33.249,-35,0
2025-03-20 14:04:10.035327,6a976caf-10f5-41cc-adf7-c7b8f08e3c66,KXHIGHAUS-25MAR20-B69.5,35689.965,3,-3.0,70.619,69.8,34,66,1,1.119,0.3,-0.819,0.001,34.0,14.206,8.857,0.001,0.0,-176.907,-32.251,-34,0
2025-03-20 14:04:10.090523,d8b1f8d8-2381-4546-93ce-6955bf8d6e14,KXHIGHAUS-25MAR20-B71.5,35689.909,24,-1.0,71.041,69.8,60,40,0,-0.459,-1.7,-1.241,0.001,30.6,60.0,7.972,0.0,0.0,-366.883,-24.462,-40,1
2025-03-20 14:04:10.091419,127dc18f-6a44-4aa1-b28a-443844ffda23,KXHIGHAUS-25MAR20-B73.5,35689.909,24,1.0,71.09,69.8,9,91,0,-2.41,-3.7,-1.29,0.0,27.54,54.0,9.0,0.0,0.0,-326.485,-11.332,9,0
2025-03-20 14:04:10.093333,4db59945-1d9b-47a9-ab47-12a7ca7668d2,KXHIGHAUS-25MAR20-B75.5,35689.907,22,3.0,71.15,69.8,1,99,0,-4.35,-5.7,-1.35,0.0,22.307,43.74,7.29,1.0,0.0,-249.002,-4.041,1,0
2025-03-20 14:04:10.093333,0e0be1bc-3a0a-498f-aba7-8ee2898d20c2,KXHIGHAUS-25MAR20-B75.5,35689.907,1,3.0,71.156,69.8,1,99,0,-4.344,-5.7,-1.356,0.0,20.077,39.366,6.561,1.0,0.0,-217.147,-3.942,1,0
2025-03-20 14:04:10.093333,7cfc9ca4-c7c8-4688-a044-845be5d68c07,KXHIGHAUS-25MAR20-B75.5,35689.907,1,3.0,71.144,69.8,1,99,0,-4.356,-5.7,-1.344,0.0,24.786,48.6,8.1,1.0,0.0,-285.254,-4.408,1,0
2025-03-20 14:04:10.099029,fb9f8a48-5826-48be-b3b7-4277addb9c8e,KXHIGHAUS-25MAR20-B69.5,35689.901,24,-3.0,70.793,69.8,35,65,0,1.293,0.3,-0.993,0.0,35.0,35.429,5.905,0.9,0.0,-261.221,33.242,35,0
2025-03-20 14:04:43.918331,80620883-7610-44c7-9c89-368f505923ad,KXHIGHAUS-25MAR20-B69.5,35656.082,5,-3.0,70.715,69.8,36,64,1,1.215,0.3,-0.915,0.0,36.0,31.886,5.314,0.81,0.0,-248.107,-34.241,-36,0
2025-03-20 14:04:58.649024,556769cd-1019-4915-b230-924a05affe0f,KXHIGHAUS-25MAR20-B69.5,35641.351,15,-3.0,70.652,69.8,36,64,0,1.152,0.3,-0.852,0.0,36.0,28.698,4.783,0.729,0.0,-232.593,34.241,36,0
2025-03-20 14:05:14.216587,8b2d8669-d506-475f-b0e9-4157809e8a22,KXHIGHAUS-25MAR20-B69.5,35625.783,144,-3.0,70.641,69.8,33,67,1,1.141,0.3,-0.841,0.0,33.0,25.828,4.305,0.656,0.0,-205.368,-31.235,-33,0
2025-03-20 14:06:05.153865,ae64f969-4c6e-4493-8fa2-c3ea33b2c562,KXHIGHAUS-25MAR20-T76,35574.846,1,3.5,70.733,69.8,1,99,1,-5.267,-6.2,-0.933,0.0,29.7,23.245,3.874,0.59,1.0,-178.783,0.869,-1,0
2025-03-20 14:06:05.153865,29c77fa7-19ca-4830-9e2d-2e73e1ce9229,KXHIGHAUS-25MAR20-T76,35574.846,2,3.5,70.743,69.8,1,99,1,-5.257,-6.2,-0.943,0.0,26.73,20.921,3.487,0.531,1.0,-155.461,0.642,-1,0
2025-03-20 14:06:19.537802,018cc652-68af-4c7d-87c6-cc31b716e2cf,KXHIGHAUS-25MAR20-B71.5,35560.462,7,-1.0,71.226,69.8,49,51,0,-0.274,-1.7,-1.426,0.0,11.506,49.0,1.501,0.229,0.43,-218.717,-35.451,-51,1
2025-03-20 14:06:19.537802,0be2e215-bb6e-4d0c-ae78-213c81d2f079,KXHIGHAUS-25MAR20-B71.5,35560.462,20,-1.0,71.208,69.8,50,50,0,-0.292,-1.7,-1.408,0.0,12.785,50.0,1.668,0.254,0.478,-228.332,-34.428,-50,1
2025-03-20 14:06:19.537802,11458a41-2d15-4343-9e1c-1581fa1c3fda,KXHIGHAUS-25MAR20-B71.5,35560.462,11,-1.0,71.183,69.8,50,50,0,-0.317,-1.7,-1.383,0.0,14.205,50.0,1.853,0.282,0.531,-233.746,-34.425,-50,1
2025-03-20 14:06:19.537802,3fb9c735-6872-40b7-b552-545946679131,KXHIGHAUS-25MAR20-B71.5,35560.462,1,-1.0,71.193,69.8,58,42,0,-0.307,-1.7,-1.393,0.0,15.784,58.0,2.059,0.314,0.59,-279.864,-26.394,-42,1
2025-03-20 14:06:19.537802,9380cb90-daf8-4963-9c5e-842cb6136938,KXHIGHAUS-25MAR20-B71.5,35560.462,1,-1.0,71.114,69.8,58,42,0,-0.386,-1.7,-1.314,0.0,21.651,58.0,2.824,0.43,0.81,-304.482,-26.035,-42,1
2025-03-20 14:06:19.537802,885c50cf-73c5-4b48-8c16-17e47dfcc098,KXHIGHAUS-25MAR20-B71.5,35560.462,1,-1.0,71.142,69.8,58,42,0,-0.358,-1.7,-1.342,0.0,19.486,58.0,2.542,0.387,0.729,-295.146,-26.277,-42,1
2025-03-20 14:06:19.537802,d9567be6-c9e7-4dd7-8207-9d72980e210b,KXHIGHAUS-25MAR20-B71.5,35560.462,1,-1.0,71.086,69.8,58,42,0,-0.414,-1.7,-1.286,0.0,24.057,58.0,3.138,0.478,0.9,-315.157,-26.015,-42,1
2025-03-20 14:06:19.537802,714017df-364a-4edd-9b63-236179178ced,KXHIGHAUS-25MAR20-B71.5,35560.462,1,-1.0,71.16,69.8,56,44,0,-0.34,-1.7,-1.36,0.0,17.538,56.0,2.288,0.349,0.656,-276.901,-28.318,-44,1
2025-03-20 14:08:38.791702,e9a70ff1-b20d-4c61-8c99-df787b97c635,KXHIGHAUS-25MAR20-B69.5,35421.208,5,-3.0,70.732,69.8,33,67,1,1.232,0.3,-0.932,0.0,33.0,44.1,1.351,0.206,0.387,-282.08,-31.234,-33,0
2025-03-20 14:12:49.646187,2b9b63a9-21b8-4561-89a5-e40c90964765,KXHIGHAUS-25MAR20-B71.5,35170.354,10,-1.0,70.829,69.8,50,50,0,-0.671,-1.7,-1.029,0.0,29.7,50.0,1.216,0.185,0.349,-295.875,-33.987,-50,1
2025-03-20 14:13:00.837167,bb66135c-fbfe-4096-99b0-881c4f75419f,KXHIGHAUS-25MAR20-B69.5,35159.163,4,-3.0,70.655,69.8,34,66,1,1.155,0.3,-0.855,0.0,34.0,40.5,0.985,0.15,0.282,-269.142,-32.234,-34,0
2025-03-20 14:13:00.837167,db6a9b9c-cc48-48e2-bc3e-385192a91abd,KXHIGHAUS-25MAR20-B69.5,35159.163,7,-3.0,70.709,69.8,34,66,1,1.209,0.3,-0.909,0.0,34.0,45.0,1.094,0.167,0.314,-290.632,-32.234,-34,0
2025-03-20 14:15:47.715772,af3cea23-2813-430e-aa26-ada8b261977e,KXHIGHAUS-25MAR20-T69,34992.284,1,-3.5,70.608,69.8,2,98,1,1.608,0.8,-0.808,2.0,30.6,36.45,0.886,0.135,0.254,-236.415,-0.715,-2,0
2025-03-20 14:23:13.859960,59640392-3a27-41d4-be0a-8770e7286682,KXHIGHAUS-25MAR20-B71.5,34546.14,1,-1.0,70.839,69.8,55,45,0,-0.661,-1.7,-1.039,1.8,27.54,55.0,0.798,0.122,0.229,-312.0,-28.851,-45,1
2025-03-20 14:23:13.859960,0e59c8ec-6850-4bd3-b95f-e30c5623adf5,KXHIGHAUS-25MAR20-B71.5,34546.14,1,-1.0,70.891,69.8,56,44,0,-0.609,-1.7,-1.091,1.62,24.786,56.0,0.718,0.109,0.206,-304.966,-27.877,-44,1
2025-03-20 14:23:13.859960,0508f0b6-e27f-42ad-a9e4-7a1d6e61cb1e,KXHIGHAUS-25MAR20-B71.5,34546.14,14,-1.0,70.904,69.8,52,48,0,-0.596,-1.7,-1.104,1.458,22.307,52.0,0.646,0.098,0.185,-274.454,-31.955,-48,1
2025-03-20 14:24:11.671988,d0fc45ab-3fdc-4152-a848-f25039bf0b35,KXHIGHAUS-25MAR20-B71.5,34488.328,5,-1.0,71.028,69.8,65,35,1,-0.472,-1.7,-1.228,1.312,20.077,65.0,0.581,0.089,0.167,-331.084,17.862,35,1
2025-03-20 14:24:11.671988,a608de8d-5f49-4602-a397-c3ddb84de2c7,KXHIGHAUS-25MAR20-B71.5,34488.328,20,-1.0,71.093,69.8,71,29,1,-0.407,-1.7,-1.293,1.181,18.069,71.0,0.523,0.08,0.15,-354.317,11.865,29,1
2025-03-20 14:24:11.671988,7808f54b-47a1-430d-9303-9898cc56d0ef,KXHIGHAUS-25MAR20-B71.5,34488.328,7,-1.0,71.125,69.8,71,29,1,-0.375,-1.7,-1.325,1.063,16.262,71.0,0.471,0.072,0.135,-347.253,12.167,29,1
2025-03-20 14:24:11.671988,77a99af4-ce15-48a8-b8f8-d853930b8566,KXHIGHAUS-25MAR20-B71.5,34488.328,5,-1.0,71.156,69.8,71,29,1,-0.344,-1.7,-1.356,0.957,14.636,71.0,0.424,0.065,0.122,-341.086,12.48,29,1
2025-03-20 14:24:11.671988,49f7769a-2a47-47c1-b85a-bd6a0eafecf0,KXHIGHAUS-25MAR20-B71.5,34488.328,13,-1.0,71.156,69.8,64,36,1,-0.344,-1.7,-1.356,0.861,13.172,64.0,0.382,0.058,0.109,-299.224,19.496,36,1
2025-03-20 14:28:27.385306,e8e39481-34e8-4b42-be7b-6e6966b0c622,KXHIGHAUS-25MAR20-B69.5,34232.615,15,-3.0,70.803,69.8,31,69,1,1.303,0.3,-1.003,0.775,31.0,57.6,0.343,0.052,0.098,-338.989,-29.233,-31,0
2025-03-20 14:32:13.853367,e33f6694-857a-4712-b2c7-903059daa11e,KXHIGHAUS-25MAR20-B71.5,34006.147,2,-1.0,70.874,69.8,61,39,1,-0.626,-1.7,-1.074,0.697,27.9,61.0,0.309,0.047,0.089,-342.659,21.834,39,1
2025-03-20 14:32:13.853367,940f14fc-285d-4692-9776-02d91f089bfd,KXHIGHAUS-25MAR20-B71.5,34006.147,1,-1.0,70.961,69.8,68,32,1,-0.539,-1.7,-1.161,0.628,25.11,68.0,0.278,0.042,0.08,-366.879,14.838,32,1
2025-03-20 14:32:45.975262,87fe8818-7557-4405-be0f-08a6c8c118b9,KXHIGHAUS-25MAR20-B73.5,33974.025,1,1.0,71.149,69.8,7,93,0,-2.351,-3.7,-1.349,0.565,22.599,61.2,7.0,0.038,0.072,-335.232,-13.334,7,0
2025-03-20 14:33:56.018479,726f120a-a263-4b2c-a42c-1f192900be47,KXHIGHAUS-25MAR20-B71.5,33903.982,6,-1.0,71.2,69.8,69,31,1,-0.3,-1.7,-1.4,0.508,20.339,69.0,6.3,0.034,0.065,-364.385,13.762,31,1
2025-03-20 14:33:56.018479,4fc295e8-5a1c-4315-8e3d-456876e76aed,KXHIGHAUS-25MAR20-B71.5,33903.982,1,-1.0,71.219,69.8,68,32,1,-0.281,-1.7,-1.419,0.458,18.305,68.0,5.67,0.031,0.058,-349.351,14.822,32,1
2025-03-20 14:35:55.898331,793add6b-4975-4fff-8ddc-7bd60bf49cb8,KXHIGHAUS-25MAR20-B69.5,33784.102,123,-3.0,70.963,69.8,31,69,1,1.463,0.3,-1.163,0.412,31.0,61.2,5.103,0.028,0.052,-365.937,-29.222,-31,0
2025-03-20 14:42:56.647570,e916c072-3686-4bc7-8a45-dde8f0910349,KXHIGHAUS-25MAR20-B75.5,33363.352,8,3.0,71.013,69.8,1,99,0,-4.487,-5.7,-1.213,0.371,27.9,55.08,4.593,1.0,0.047,-320.162,-4.442,1,0
2025-03-20 14:47:51.683589,d85326e3-21ef-42d9-85fc-944e040b437b,KXHIGHAUS-25MAR20-B69.5,33068.316,10,-3.0,70.909,69.8,31,69,1,1.409,0.3,-1.109,0.334,31.0,49.572,4.133,0.9,0.042,-305.225,-29.204,-31,0
2025-03-20 14:48:18.902905,cb8cc159-d049-44a8-bb56-2c7d7297477f,KXHIGHAUS-25MAR20-B69.5,33041.097,100,-3.0,70.855,69.8,31,69,1,1.355,0.3,-1.055,0.3,31.0,44.615,3.72,0.81,0.038,-280.134,-29.169,-31,0
2025-03-20 14:48:32.551364,d1099a76-8400-4fc9-ac3f-74926ce1644f,KXHIGHAUS-25MAR20-B69.5,33027.449,90,-3.0,70.783,69.8,32,68,1,1.283,0.3,-0.983,0.27,32.0,40.153,3.348,0.729,0.034,-262.524,-30.167,-32,0
2025-03-20 14:49:29.922628,773dd287-0a13-4e39-9c06-083e5533b28d,KXHIGHAUS-25MAR20-B69.5,32970.077,10,-3.0,70.726,69.8,32,68,1,1.226,0.3,-0.926,0.243,32.0,36.138,3.013,0.656,0.031,-243.139,-30.094,-32,0
2025-03-20 14:49:29.922628,6f563e21-49fb-4101-bd07-953c9a9629a4,KXHIGHAUS-25MAR20-B69.5,32970.077,485,-3.0,70.651,69.8,33,67,1,1.151,0.3,-0.851,0.219,33.0,32.524,2.712,0.59,0.028,-230.596,-31.095,-33,0
2025-03-20 14:49:29.922628,3f6fef71-21d2-44ec-b9c2-24407a87b52f,KXHIGHAUS-25MAR20-B69.5,32970.077,72,-3.0,70.61,69.8,32,68,1,1.11,0.3,-0.81,0.197,32.0,29.272,2.441,0.531,0.025,-211.173,-30.105,-32,0
2025-03-20 14:49:29.922628,1149491f-a06e-41c2-8ee5-75338f7e4a89,KXHIGHAUS-25MAR20-B69.5,32970.077,183,-3.0,70.535,69.8,33,67,1,1.035,0.3,-0.735,0.177,33.0,26.345,2.197,0.478,0.023,-202.549,-31.119,-33,0
2025-03-20 14:51:08.122859,adfc4ba1-c948-4a5f-82d8-0e44fe0c4c47,KXHIGHAUS-25MAR20-B71.5,32871.877,193,-1.0,70.843,69.8,50,50,0,-0.657,-1.7,-1.043,0.16,29.7,50.0,1.977,0.43,0.02,-296.931,-32.702,-50,1
2025-03-20 14:51:08.122859,a13d7f37-f41f-4fd4-8817-90238b5b62ed,KXHIGHAUS-25MAR20-B71.5,32871.877,7,-1.0,70.954,69.8,60,40,0,-0.546,-1.7,-1.154,0.144,26.73,60.0,1.779,0.387,0.018,-333.796,-22.725,-40,1
2025-03-20 14:51:08.122859,90a596c7-b5fa-4938-8f0d-9e462bc1334c,KXHIGHAUS-25MAR20-B71.5,32871.877,14,-1.0,70.925,69.8,50,50,0,-0.575,-1.7,-1.125,0.129,24.057,50.0,1.601,0.349,0.016,-272.167,-32.737,-50,1
2025-03-20 14:53:57.743258,f2143439-b424-4941-a17e-44992bc92438,KXHIGHAUS-25MAR20-B69.5,32702.257,199,-3.0,70.708,69.8,34,66,1,1.208,0.3,-0.908,0.116,34.0,45.0,1.441,0.314,0.015,-291.047,-32.082,-34,0
2025-03-20 14:53:58.109985,3b66ee72-22ac-484b-92f7-d70ece16f084,KXHIGHAUS-25MAR20-B69.5,32701.89,1,-3.0,70.654,69.8,34,66,0,1.154,0.3,-0.854,0.105,34.0,40.5,1.297,0.282,0.013,-269.486,32.082,34,0
2025-03-20 14:55:31.050347,7fb14297-dc13-4801-8102-72f686473053,KXHIGHAUS-25MAR20-T69,32608.95,500,-3.5,70.609,69.8,2,98,1,1.609,0.8,-0.809,2.0,30.6,36.45,1.167,0.254,0.012,-236.921,-0.715,-2,0
2025-03-20 14:57:13.525165,fb77a2c6-c04e-4079-9518-8212acf86c08,KXHIGHAUS-25MAR20-B71.5,32506.475,5,-1.0,70.824,69.8,53,47,1,-0.676,-1.7,-1.024,1.8,27.54,53.0,1.051,0.229,0.011,-302.462,29.612,47,1
2025-03-20 14:57:13.525165,89c82f47-770e-4ec5-8c0c-e4d34f0d8c2a,KXHIGHAUS-25MAR20-B71.5,32506.475,14,-1.0,70.836,69.8,49,51,1,-0.664,-1.7,-1.036,1.62,24.786,49.0,0.946,0.206,0.01,-270.627,33.637,51,1
2025-03-20 14:58:23.069960,3980315c-c178-4b64-bb35-f977b3065532,KXHIGHAUS-25MAR20-B69.5,32436.93,35,-3.0,70.628,69.8,35,65,1,1.128,0.3,-0.828,1.458,35.0,44.1,0.851,0.185,0.009,-291.479,-33.081,-35,0
2025-03-20 14:58:58.802822,8b55f234-8069-4488-8262-b27e90713e47,KXHIGHAUS-25MAR20-B73.5,32401.197,15,1.0,70.853,69.8,7,93,0,-2.647,-3.7,-1.053,1.312,31.5,39.69,7.0,0.167,0.008,-268.419,-13.335,7,0
2025-03-20 14:59:22.070748,a8fd5753-e324-43a9-a67d-919bb05d93e1,KXHIGHAUS-25MAR20-B71.5,32377.929,10,-1.0,70.96,69.8,50,50,0,-0.54,-1.7,-1.16,1.181,28.35,50.0,6.3,0.15,0.007,-301.894,-32.561,-50,1
2025-03-20 14:59:26.768595,dc1ea549-ca57-41c0-8afe-da9bc8e943f1,KXHIGHAUS-25MAR20-B73.5,32373.231,10,1.0,71.034,69.8,8,92,0,-2.466,-3.7,-1.234,1.063,25.515,45.0,8.0,0.135,0.006,-270.347,-12.339,8,0
2025-03-20 14:59:26.768595,3f87ddff-d8bc-48e5-815a-6e90c0e544d5,KXHIGHAUS-25MAR20-B73.5,32373.231,16,1.0,71.027,69.8,7,93,0,-2.473,-3.7,-1.227,0.957,22.964,40.5,7.0,0.122,0.006,-235.161,-13.337,7,0
2025-03-20 14:59:26.873725,d211c3ea-9c17-4457-b79e-f4c336a765ed,KXHIGHAUS-25MAR20-B71.5,32373.126,5,-1.0,71.105,69.8,49,51,0,-0.395,-1.7,-1.305,0.861,20.667,49.0,6.3,0.109,0.005,-264.488,-33.47,-51,1
2025-03-20 14:59:26.873725,83e717ad-22e7-4672-9c7a-17e27cf1bc8e,KXHIGHAUS-25MAR20-B71.5,32373.126,30,-1.0,71.136,69.8,50,50,0,-0.364,-1.7,-1.336,0.775,18.6,50.0,5.67,0.098,0.005,-259.361,-32.535,-50,1
2025-03-20 14:59:26.873725,4cd4fc77-1cad-41b6-928b-e2fdd93fe18e,KXHIGHAUS-25MAR20-B71.5,32373.126,15,-1.0,71.151,69.8,48,52,0,-0.349,-1.7,-1.351,0.697,16.74,48.0,5.103,0.089,0.004,-240.817,-34.537,-52,1
2025-03-20 14:59:44.764835,0749980d-b23f-44fe-81f0-c9b693325b24,KXHIGHAUS-25MAR20-B73.5,32355.235,10,1.0,71.237,69.8,7,93,0,-2.263,-3.7,-1.437,0.628,15.066,43.2,7.0,0.08,0.004,-216.658,-13.34,7,0
2025-03-20 14:59:58.984500,5c035569-65b2-4459-8f5d-1a97438d2d90,KXHIGHAUS-25MAR20-B69.5,32341.016,10,-3.0,70.792,69.8,34,66,1,1.292,0.3,-0.992,0.565,34.0,38.88,6.3,0.072,0.003,-273.28,-32.079,-34,0
2025-03-20 15:00:36.493920,bef18991-5b00-4578-b7a9-eccd33c4d80a,KXHIGHAUS-25MAR20-B71.5,32303.506,4,-1.0,71.01,69.8,67,33,1,-0.49,-1.7,-1.21,0.508,30.6,67.0,5.67,0.065,0.003,-395.697,15.36,33,1
2025-03-20 15:00:36.493920,2ebe5784-4f53-43ba-91ff-99b518f5807a,KXHIGHAUS-25MAR20-B71.5,32303.506,10,-1.0,71.043,69.8,67,33,1,-0.457,-1.7,-1.243,0.458,27.54,67.0,5.103,0.058,0.003,-380.805,15.464,33,1
2025-03-20 15:00:36.562557,4ed9c21b-8cb8-407c-af08-e05eb35658ad,KXHIGHAUS-25MAR20-B69.5,32303.437,10,-3.0,70.944,69.8,31,69,0,1.444,0.3,-1.144,0.412,31.0,60.3,4.593,0.052,0.002,-360.11,29.079,31,0
2025-03-20 15:00:36.565494,1a29770e-f14e-499e-ad08-d8bb6fbf1667,KXHIGHAUS-25MAR20-B73.5,32303.435,10,1.0,71.025,69.8,7,93,0,-2.475,-3.7,-1.225,0.371,27.9,54.27,7.0,0.047,0.002,-322.718,-13.342,7,0
2025-03-20 15:02:40.069293,ea42d8a2-d9ff-4b1d-a14d-d511240de84e,KXHIGHAUS-25MAR20-B73.5,32179.931,56,1.0,71.047,69.8,7,93,0,-2.453,-3.7,-1.247,0.334,25.11,48.843,7.0,0.042,0.002,-283.976,-13.368,7,0
2025-03-20 15:02:40.069293,bf92ea7f-1b16-4b10-aff1-0a02f6738180,KXHIGHAUS-25MAR20-B73.5,32179.931,7,1.0,71.07,69.8,7,93,0,-2.43,-3.7,-1.27,0.3,22.599,43.959,7.0,0.038,0.002,-249.892,-13.353,7,0
2025-03-20 15:02:58.241900,e2a231cc-9c76-47a3-8d59-7213e0322077,KXHIGHAUS-25MAR20-B73.5,32161.758,24,1.0,71.351,69.8,15,85,1,-2.149,-3.7,-1.551,0.27,20.339,39.563,15.0,0.034,0.002,-246.921,5.372,-15,0
2025-03-20 15:02:58.241900,d335bede-30c1-4a60-8ada-83bb215cf7c5,KXHIGHAUS-25MAR20-B73.5,32161.758,40,1.0,71.367,69.8,14,86,1,-2.133,-3.7,-1.567,0.243,18.305,35.607,14.0,0.031,0.001,-216.908,6.37,-14,0
2025-03-20 15:04:02.368208,a8aafdae-fd93-4269-b5fc-493efeb85deb,KXHIGHAUS-25MAR20-B71.5,32097.632,39,-1.0,71.419,69.8,64,36,1,-0.081,-1.7,-1.619,0.197,14.827,64.0,11.34,0.025,0.001,-333.267,18.343,36,1
2025-03-20 15:04:02.368208,cf2e7e34-3184-43c9-9d17-56f7c52c6435,KXHIGHAUS-25MAR20-B71.5,32097.632,13,-1.0,71.416,69.8,68,32,1,-0.084,-1.7,-1.616,0.219,16.475,68.0,12.6,0.028,0.001,-364.569,14.334,32,1
2025-03-20 15:07:16.868664,12684e9d-82e8-40b6-899d-45d719b86179,KXHIGHAUS-25MAR20-B73.5,31903.131,29,1.0,71.238,69.8,3,97,0,-2.262,-3.7,-1.438,0.144,10.809,46.656,3.0,0.018,0.001,-207.957,-17.377,3,0
2025-03-20 15:07:16.868664,e045333f-46f8-4dfa-8218-54cfd18bc5a6,KXHIGHAUS-25MAR20-B73.5,31903.131,21,1.0,71.305,69.8,6,94,0,-2.195,-3.7,-1.505,0.177,13.344,57.6,6.0,0.023,0.001,-278.411,-14.442,6,0
2025-03-20 15:07:16.868664,50b1ac40-4e19-4b61-ac3e-cf7459105e50,KXHIGHAUS-25MAR20-B73.5,31903.131,50,1.0,71.226,69.8,3,97,0,-2.274,-3.7,-1.426,0.16,12.01,51.84,3.0,0.02,0.001,-237.444,-17.438,3,0
2025-03-20 15:07:32.997222,444020db-57c0-43b5-964b-6eb2a6c874d7,KXHIGHAUS-25MAR20-B69.5,31887.003,115,-3.0,70.688,69.8,35,65,1,1.188,0.3,-0.888,0.129,35.0,41.99,2.7,0.016,0.001,-283.718,-33.049,-35,0
2025-03-20 15:07:32.997222,24f33df3-3ae4-4b84-bdc2-85e586bdd6ca,KXHIGHAUS-25MAR20-B69.5,31887.003,12,-3.0,70.633,69.8,35,65,1,1.133,0.3,-0.833,0.116,35.0,37.791,2.43,0.015,0.001,-263.538,-33.072,-35,0
2025-03-20 15:07:32.997222,008b2e22-3111-45d9-a42d-5734de329083,KXHIGHAUS-25MAR20-B69.5,31887.003,373,-3.0,70.577,69.8,35,65,1,1.077,0.3,-0.777,0.105,35.0,34.012,2.187,0.013,0.001,-245.802,-33.075,-35,0
2025-03-20 15:07:40.097073,50de8dd8-2ef0-4b83-9bf7-dda31b4a1549,KXHIGHAUS-25MAR20-B69.5,31879.903,100,-3.0,70.521,69.8,35,65,1,1.021,0.3,-0.721,0.094,35.0,30.611,1.968,0.012,0.001,-230.222,-33.019,-35,0
2025-03-20 15:10:38.839962,11dbb394-6fec-406b-ab78-defec14f1b29,KXHIGHAUS-25MAR20-B71.5,31701.16,47,-1.0,71.346,69.8,90,10,1,-0.154,-1.7,-1.546,0.022,8.007,90.0,0.45,0.003,0.0,-421.18,-7.702,10,1
2025-03-20 15:10:38.839962,17e451cb-dfa2-4b0e-88dd-014d5266cd8c,KXHIGHAUS-25MAR20-B71.5,31701.16,512,-1.0,71.322,69.8,85,15,1,-0.178,-1.7,-1.522,0.024,8.897,85.0,0.5,0.003,0.0,-396.615,-2.711,15,1
2025-03-20 15:10:38.839962,4ce9f603-3d4d-4682-9ca9-4e514e72d1c3,KXHIGHAUS-25MAR20-B71.5,31701.16,199,-1.0,71.248,69.8,71,29,1,-0.252,-1.7,-1.448,0.03,10.983,71.0,0.618,0.004,0.0,-328.546,11.225,29,1
2025-03-20 15:10:38.839962,5848d23b-a9b8-4672-ba50-136c2eadcd55,KXHIGHAUS-25MAR20-B71.5,31701.16,100,-1.0,71.29,69.8,97,3,1,-0.21,-1.7,-1.49,0.033,12.204,97.0,0.686,0.004,0.0,-473.882,-14.801,3,1
2025-03-20 15:10:38.839962,625d7eaa-aa49-4353-af5d-79fb07252152,KXHIGHAUS-25MAR20-B71.5,31701.16,27,-1.0,71.252,69.8,89,11,1,-0.248,-1.7,-1.452,0.036,13.56,89.0,0.763,0.005,0.0,-434.486,-6.829,11,1
2025-03-20 15:10:38.839962,7578080b-50ba-485f-b212-c4874bec9848,KXHIGHAUS-25MAR20-B71.5,31701.16,100,-1.0,71.25,69.8,98,2,1,-0.25,-1.7,-1.45,0.041,15.066,98.0,0.847,0.005,0.0,-489.894,-15.841,2,1
2025-03-20 15:10:38.839962,3dc40b42-d566-488e-ab53-5d15b631462f,KXHIGHAUS-25MAR20-B71.5,31701.16,21,-1.0,71.302,69.8,84,16,1,-0.198,-1.7,-1.502,0.027,9.885,84.0,0.556,0.003,0.0,-394.392,-1.728,16,1
2025-03-20 15:10:38.839962,a50dc549-96e7-4dfa-9328-c5d16d3a9b9e,KXHIGHAUS-25MAR20-B71.5,31701.16,22,-1.0,71.124,69.8,74,26,1,-0.376,-1.7,-1.324,0.05,18.6,74.0,1.046,0.006,0.0,-372.736,8.132,26,1
2025-03-20 15:10:38.839962,ac91de74-efa5-43c1-94b0-216125eccc9f,KXHIGHAUS-25MAR20-B71.5,31701.16,200,-1.0,71.083,69.8,72,28,1,-0.417,-1.7,-1.283,0.056,20.667,72.0,1.162,0.007,0.0,-370.488,10.014,28,1
2025-03-20 15:10:38.839962,bc9e9401-3003-40ac-8c71-c067b69b514e,KXHIGHAUS-25MAR20-B71.5,31701.16,205,-1.0,71.148,69.8,99,1,1,-0.352,-1.7,-1.348,0.062,22.964,99.0,1.291,0.008,0.0,-527.0,-17.017,1,1
2025-03-20 15:10:38.839962,d2132055-c3f4-49de-8be2-c854563169c2,KXHIGHAUS-25MAR20-B71.5,31701.16,50,-1.0,71.087,69.8,90,10,1,-0.413,-1.7,-1.287,0.069,25.515,90.0,1.435,0.009,0.0,-487.922,-8.038,10,1
2025-03-20 15:10:38.839962,f0d79c30-be38-4b68-9470-5240536bc683,KXHIGHAUS-25MAR20-B71.5,31701.16,16,-1.0,70.964,69.8,70,30,1,-0.536,-1.7,-1.164,0.076,28.35,70.0,1.594,0.01,0.0,-392.714,11.94,30,1
2025-03-20 15:10:38.839962,f2ac6576-08a3-4528-9ee7-9ed9ebac81a1,KXHIGHAUS-25MAR20-B71.5,31701.16,16,-1.0,70.918,69.8,69,31,1,-0.582,-1.7,-1.118,0.085,31.5,69.0,1.771,0.011,0.001,-401.579,12.57,31,1
2025-03-20 15:10:38.839962,8bd3f3b3-6396-456c-bac2-b619095a2e22,KXHIGHAUS-25MAR20-B71.5,31701.16,1,-1.0,71.13,69.8,68,32,1,-0.37,-1.7,-1.33,0.045,16.74,68.0,0.941,0.006,0.0,-333.87,14.146,32,1
2025-03-20 15:10:38.914276,70c0b99e-c3a9-498f-9e3f-88c29338b990,KXHIGHAUS-25MAR20-B69.5,31701.086,135,-3.0,70.787,69.8,30,70,0,1.287,0.3,-0.987,0.013,30.0,53.144,0.266,0.002,0.0,-312.759,28.01,30,0
2025-03-20 15:10:38.914276,ae0bc160-e239-4826-a492-fbb465cb17c7,KXHIGHAUS-25MAR20-B69.5,31701.086,50,-3.0,70.867,69.8,31,69,0,1.367,0.3,-1.067,0.016,31.0,65.61,0.328,0.002,0.0,-380.504,28.923,31,0
2025-03-20 15:10:38.914276,84c3e232-6811-451e-9323-36ac29e00558,KXHIGHAUS-25MAR20-B69.5,31701.086,8,-3.0,70.806,69.8,32,68,0,1.306,0.3,-1.006,0.014,32.0,59.049,0.295,0.002,0.0,-351.294,29.923,32,0
2025-03-20 15:10:38.914276,f32c7fa6-e35a-429f-a166-c258dd049067,KXHIGHAUS-25MAR20-B69.5,31701.086,1,-3.0,70.982,69.8,29,71,0,1.482,0.3,-1.182,0.019,29.0,81.0,0.405,0.002,0.0,-453.144,26.784,29,0
2025-03-20 15:10:38.914276,d666a8bb-c22b-4526-9a78-db73996c7ed1,KXHIGHAUS-25MAR20-B69.5,31701.086,6,-3.0,70.954,69.8,28,72,0,1.454,0.3,-1.154,0.017,28.0,72.9,0.365,0.002,0.0,-405.523,25.837,28,0
2025-03-20 15:10:38.920159,bfa069d8-70aa-4503-bf4b-b1e2aa7e2c7e,KXHIGHAUS-25MAR20-B73.5,31701.08,50,1.0,70.883,69.8,3,97,0,-2.617,-3.7,-1.083,0.011,27.0,47.83,3.0,0.001,0.0,-277.21,-17.659,3,0
2025-03-20 15:10:38.920159,620c1a3c-fcab-4c13-8545-01c5465c0839,KXHIGHAUS-25MAR20-B73.5,31701.08,19,1.0,70.894,69.8,3,97,0,-2.606,-3.7,-1.094,0.01,24.3,43.047,3.0,0.001,0.0,-242.722,-17.558,3,0
2025-03-20 15:10:38.920159,0f5bbc06-1627-4094-8c36-cba07842d3b7,KXHIGHAUS-25MAR20-B73.5,31701.08,131,1.0,70.865,69.8,2,98,0,-2.635,-3.7,-1.065,0.009,21.87,38.742,2.0,0.001,0.0,-210.483,-18.456,2,0
2025-03-20 15:12:26.716385,2b0153fe-3c29-4228-bd02-24a27e0ff512,KXHIGHAUS-25MAR20-B69.5,31593.284,15,-3.0,70.811,69.8,22,78,0,1.311,0.3,-1.011,0.008,22.0,34.868,1.8,0.001,0.0,-192.849,19.776,22,0
2025-03-20 15:12:54.125437,4def3b1e-9ac7-403c-8aa0-a3a0a05040ee,KXHIGHAUS-25MAR20-B71.5,31565.875,1,-1.0,70.991,69.8,50,50,0,-0.509,-1.7,-1.191,0.008,19.8,50.0,1.62,0.001,0.0,-255.455,-31.544,-50,1
2025-03-20 15:23:20.829655,ff15ed27-ae21-45a9-86f9-c45ba77a8524,KXHIGHAUS-25MAR20-B71.5,30939.17,20,-1.0,71.034,69.8,51,49,0,-0.466,-1.7,-1.234,0.007,17.82,51.0,1.458,0.001,0.0,-252.36,-30.498,-49,1
2025-03-20 15:23:20.829655,466e7aa5-053a-422d-963e-02f2a5143f63,KXHIGHAUS-25MAR20-B71.5,30939.17,4,-1.0,71.069,69.8,51,49,0,-0.431,-1.7,-1.269,0.006,16.038,51.0,1.312,0.001,0.0,-245.347,-30.502,-49,1
2025-03-20 15:23:20.829655,1b7ece31-1127-4291-b990-365ae6e8e404,KXHIGHAUS-25MAR20-B71.5,30939.17,16,-1.0,71.102,69.8,51,49,0,-0.398,-1.7,-1.302,0.005,14.434,51.0,1.181,0.001,0.0,-239.219,-30.542,-49,1
2025-03-20 15:24:28.982532,8643ab97-38e4-4add-99a1-6a79d062d55b,KXHIGHAUS-25MAR20-T69,30871.017,51,-3.5,71.068,69.8,1,99,1,2.068,0.8,-1.268,1.0,12.991,45.9,1.063,0.001,0.0,-209.006,0.285,-1,0
2025-03-20 15:25:38.756014,3661d4f1-a7ff-405a-8c3d-d87a0009108c,KXHIGHAUS-25MAR20-T69,30801.244,149,-3.5,71.064,69.8,1,99,1,2.064,0.8,-1.264,1.0,11.692,41.31,0.957,0.001,0.0,-182.42,0.285,-1,0
2025-03-20 15:25:52.710637,0e6071ca-6762-4c9d-9cbb-4a78af00f463,KXHIGHAUS-25MAR20-B69.5,30787.289,1,-3.0,70.622,69.8,27,73,0,1.122,0.3,-0.822,0.81,27.0,33.461,0.775,0.0,0.0,-206.077,24.773,27,0
2025-03-20 15:25:52.710637,5bb594a8-b8de-4e9f-b19d-d071c0f003c8,KXHIGHAUS-25MAR20-B69.5,30787.289,15,-3.0,70.673,69.8,27,73,0,1.173,0.3,-0.873,0.9,27.0,37.179,0.861,0.001,0.0,-223.19,24.769,27,0
2025-03-20 15:27:13.599584,66aaadbb-fac4-44dc-8b9c-785be3c95aaa,KXHIGHAUS-25MAR20-B69.5,30706.4,300,-3.0,70.57,69.8,27,73,1,1.07,0.3,-0.77,0.729,27.0,30.115,0.697,0.0,0.0,-191.045,-24.736,-27,0
2025-03-20 15:38:52.250053,5f5adc6b-28e8-421b-bd44-b66b0647f60c,KXHIGHAUS-25MAR20-B69.5,30007.75,100,-3.0,70.518,69.8,27,73,1,1.018,0.3,-0.718,0.656,27.0,27.103,0.628,0.0,0.0,-177.848,-24.705,-27,0
2025-03-20 15:39:26.830943,4b2f0bf6-16fe-4106-bec8-88492dd48229,KXHIGHAUS-25MAR20-B71.5,29973.169,1,-1.0,70.976,69.8,68,32,0,-0.524,-1.7,-1.176,0.59,24.3,68.0,0.565,0.0,0.0,-363.819,-13.494,-32,1
2025-03-20 15:42:11.597617,47f7c467-ceac-4281-9af3-8cabe21397af,KXHIGHAUS-25MAR20-B69.5,29808.402,34,-3.0,70.891,69.8,27,73,1,1.391,0.3,-1.091,0.531,27.0,61.2,0.508,0.0,0.0,-340.091,-24.705,-27,0
2025-03-20 15:42:26.138087,9f854941-1133-4844-b789-fa6524784e04,KXHIGHAUS-25MAR20-B73.5,29793.862,90,1.0,70.971,69.8,3,97,0,-2.529,-3.7,-1.171,0.478,24.3,55.08,3.0,0.0,0.0,-301.273,-17.691,3,0
2025-03-20 15:43:53.492891,d4bb65aa-ec60-4f88-8419-7d05e06544fb,KXHIGHAUS-25MAR20-B71.5,29706.507,20,-1.0,71.098,69.8,73,27,1,-0.402,-1.7,-1.298,0.43,21.87,73.0,2.7,0.0,0.0,-382.992,8.461,27,1
2025-03-20 15:43:53.492891,c9d0ee15-733c-4bf6-9082-531fb1632014,KXHIGHAUS-25MAR20-B71.5,29706.507,6,-1.0,71.121,69.8,71,29,1,-0.379,-1.7,-1.321,0.387,19.683,71.0,2.43,0.0,0.0,-363.089,10.471,29,1
2025-03-20 15:43:53.492891,69132d92-0c06-4f7a-a9e0-8aba111be515,KXHIGHAUS-25MAR20-B71.5,29706.507,16,-1.0,71.161,69.8,74,26,1,-0.339,-1.7,-1.361,0.349,17.715,74.0,2.187,0.0,0.0,-370.762,7.48,26,1
2025-03-20 15:45:57.121874,d185da6e-d6c5-4979-9129-9b009f6fa51a,KXHIGHAUS-25MAR20-B69.5,29582.878,5,-3.0,70.97,69.8,27,73,1,1.47,0.3,-1.17,0.314,27.0,66.6,1.968,0.0,0.0,-369.589,-24.696,-27,0
2025-03-20 15:49:32.647539,b2eecd56-750d-4c0c-ac38-cb2e487ec581,KXHIGHAUS-25MAR20-B69.5,29367.352,35,-3.0,70.925,69.8,27,73,1,1.425,0.3,-1.125,0.282,27.0,59.94,1.771,0.0,0.0,-334.997,-24.695,-27,0
2025-03-20 15:52:10.780207,decfcd2f-60e3-4779-bb06-b11d2058719a,KXHIGHAUS-25MAR20-B71.5,29209.22,192,-1.0,71.045,69.8,75,25,1,-0.455,-1.7,-1.245,0.254,24.3,75.0,1.594,0.0,0.0,-401.734,6.438,25,1
2025-03-20 15:52:10.780207,c1111f17-1894-49c1-ad03-5fe1ed4c572b,KXHIGHAUS-25MAR20-B71.5,29209.22,9,-1.0,71.075,69.8,74,26,1,-0.425,-1.7,-1.275,0.229,21.87,74.0,1.435,0.0,0.0,-386.152,7.44,26,1
2025-03-20 15:52:10.780207,03cac6a0-600b-46c7-a8a5-46ee2f3c9d47,KXHIGHAUS-25MAR20-B71.5,29209.22,149,-1.0,71.112,69.8,75,25,1,-0.388,-1.7,-1.312,0.206,19.683,75.0,1.291,0.0,0.0,-382.466,6.459,25,1
2025-03-20 15:53:59.601710,654dc647-c829-45a3-a6b6-2be8ca662d53,KXHIGHAUS-25MAR20-B69.5,29100.398,78,-3.0,70.809,69.8,34,66,1,1.309,0.3,-1.009,0.167,34.0,60.75,1.046,0.0,0.0,-369.13,-31.598,-34,0
2025-03-20 15:53:59.601710,1705e057-4667-4d4d-b705-25ea87ea4e5b,KXHIGHAUS-25MAR20-B69.5,29100.398,10,-3.0,70.866,69.8,27,73,1,1.366,0.3,-1.066,0.15,27.0,54.675,0.941,0.0,0.0,-307.422,-24.66,-27,0
2025-03-20 15:53:59.601710,c41a3474-6c9d-4d02-a451-1ec93b97bad1,KXHIGHAUS-25MAR20-B69.5,29100.398,12,-3.0,70.857,69.8,34,66,1,1.357,0.3,-1.057,0.185,34.0,67.5,1.162,0.0,0.0,-404.076,-31.587,-34,0
2025-03-20 15:54:12.936346,20a3177d-4236-4733-9452-46a7804c2cb5,KXHIGHAUS-25MAR20-B75.5,29087.064,1,3.0,70.927,69.8,1,99,1,-4.573,-5.7,-1.127,0.135,24.3,49.208,0.847,1.0,0.0,-268.832,4.468,-1,0
2025-03-20 15:54:28.111792,9498c593-7e78-4d02-aad3-40f6f7c234ac,KXHIGHAUS-25MAR20-B71.5,29071.888,3,-1.0,71.125,69.8,80,20,1,-0.375,-1.7,-1.325,0.122,21.87,80.0,0.763,0.9,0.0,-417.476,1.436,20,1
2025-03-20 15:54:40.536347,9b837b36-6b5b-40f6-82a8-9019bb60402f,KXHIGHAUS-25MAR20-B69.5,29059.464,123,-3.0,71.119,69.8,20,80,0,1.619,0.3,-1.319,0.109,20.0,72.0,0.686,0.81,0.0,-367.163,17.587,20,0
2025-03-20 15:55:56.838376,f11108a0-a14a-454d-9ea4-21a0456c19bd,KXHIGHAUS-25MAR20-T69,28983.162,500,-3.5,71.097,69.8,1,99,1,2.097,0.8,-1.297,1.0,18.0,64.8,0.618,0.729,0.0,-321.799,0.285,-1,0
2025-03-20 15:56:12.274621,f56b1157-90b1-4052-b153-f295ebd6cc15,KXHIGHAUS-25MAR20-B69.5,28967.725,1,-3.0,70.796,69.8,34,66,1,1.296,0.3,-0.996,0.9,34.0,58.32,0.556,0.656,0.0,-356.324,-31.518,-34,0
2025-03-20 15:56:12.274621,f15c3fbf-d9f8-4c24-9fb0-a89581ad2a67,KXHIGHAUS-25MAR20-B69.5,28967.725,199,-3.0,70.746,69.8,34,66,1,1.246,0.3,-0.946,0.81,34.0,52.488,0.5,0.59,0.0,-326.951,-31.554,-34,0
2025-03-20 15:56:16.507813,b98fad78-3a3b-45dc-9a01-7db8fe0f2a18,KXHIGHAUS-25MAR20-B69.5,28963.492,2,-3.0,70.681,69.8,35,65,1,1.181,0.3,-0.881,0.729,35.0,47.239,0.45,0.531,0.0,-305.629,-32.347,-35,0
2025-03-20 15:58:59.038411,a4da5850-0884-41ee-bf15-5725fd29a120,KXHIGHAUS-25MAR20-B71.5,28800.962,10,-1.0,70.922,69.8,74,26,1,-0.578,-1.7,-1.122,0.656,31.5,74.0,0.405,0.478,0.0,-426.18,7.173,26,1
2025-03-20 15:58:59.038411,661cf2d0-d669-4e29-bda6-f186c0e5e1ec,KXHIGHAUS-25MAR20-B71.5,28800.962,29,-1.0,70.968,69.8,75,25,1,-0.532,-1.7,-1.168,0.59,28.35,75.0,0.365,0.43,0.0,-417.59,6.366,25,1
2025-03-20 15:59:14.806455,165fe8cc-929b-46ed-a025-1ffc7883fe13,KXHIGHAUS-25MAR20-B71.5,28785.194,35,-1.0,71.002,69.8,74,26,1,-0.498,-1.7,-1.202,0.531,25.515,74.0,0.328,0.387,0.0,-400.082,7.109,26,1
2025-03-20 15:59:14.900901,c467bf15-3a5c-4f5b-b061-a3faccfaad9e,KXHIGHAUS-25MAR20-B73.5,28785.099,10,1.0,71.1,69.8,4,96,0,-2.4,-3.7,-1.3,0.478,22.964,66.6,4.0,0.349,0.0,-356.424,-16.83,4,0
2025-03-20 15:59:14.900901,2f259471-7063-494c-8b68-cf4350e7eafa,KXHIGHAUS-25MAR20-B73.5,28785.099,25,1.0,71.112,69.8,4,96,0,-2.388,-3.7,-1.312,0.43,20.667,59.94,4.0,0.314,0.0,-312.765,-16.804,4,0
2025-03-20 15:59:14.904190,b7f0ffc5-f733-44bf-ac1c-3e0b899a94aa,KXHIGHAUS-25MAR20-B69.5,28785.096,35,-3.0,70.988,69.8,25,75,0,1.488,0.3,-1.188,0.387,25.0,53.946,3.6,0.282,0.0,-299.495,22.319,25,0
2025-03-20 15:59:14.906228,74003a99-f4de-4a00-afe9-b4bd4f5013cd,KXHIGHAUS-25MAR20-T69,28785.094,35,-3.5,70.97,69.8,1,99,0,1.97,0.8,-1.17,1.0,22.5,48.551,3.24,0.254,0.0,-262.022,-0.288,1,0
2025-03-20 15:59:21.314466,0c470e63-776b-4572-b8c2-9848d63793a0,KXHIGHAUS-25MAR20-T69,28778.686,1,-3.5,70.882,69.8,3,97,1,1.882,0.8,-1.082,3.0,14.762,31.855,2.126,0.167,0.0,-154.596,-1.712,-3,0
2025-03-20 15:59:21.314466,6f27daa0-0bb2-4f0f-8605-326fff477ddd,KXHIGHAUS-25MAR20-T69,28778.686,1500,-3.5,70.926,69.8,2,98,1,1.926,0.8,-1.126,2.0,16.403,35.394,2.362,0.185,0.0,-175.223,-0.711,-2,0
2025-03-20 15:59:21.314466,f920acfe-5f8c-4526-a9a1-25250f27512e,KXHIGHAUS-25MAR20-T69,28778.686,120,-3.5,70.911,69.8,3,97,1,1.911,0.8,-1.111,3.0,20.25,43.696,2.916,0.229,0.0,-232.047,-1.705,-3,0
2025-03-20 15:59:21.314466,f52e1564-ebc1-412f-9e78-0553b73c8ed1,KXHIGHAUS-25MAR20-T69,28778.686,1,-3.5,70.902,69.8,3,97,1,1.902,0.8,-1.102,3.0,18.225,39.327,2.624,0.206,0.0,-202.81,-1.711,-3,0
2025-03-20 16:00:04.552859,3650b162-72e9-4d01-856e-79242ad9b490,KXHIGHAUS-25MAR20-B69.5,28735.447,1,-3.0,70.292,69.8,35,65,1,0.792,0.3,-0.492,1.968,35.0,20.9,1.395,0.109,0.0,-189.522,-32.308,-35,0
2025-03-20 16:00:04.552859,916f3bcf-a36a-48f8-9b82-b264abfcb91b,KXHIGHAUS-25MAR20-B69.5,28735.447,9,-3.0,70.342,69.8,35,65,1,0.842,0.3,-0.542,2.187,35.0,23.222,1.55,0.122,0.0,-199.607,-32.261,-35,0
2025-03-20 16:00:04.552859,e6f06bec-e440-43c2-bf5f-ecee8ec626c1,KXHIGHAUS-25MAR20-B69.5,28735.447,525,-3.0,70.443,69.8,35,65,1,0.943,0.3,-0.643,2.7,35.0,28.669,1.913,0.15,0.0,-224.284,-32.217,-35,0
2025-03-20 16:00:04.552859,9d589f27-19b6-497a-9c8a-9da073875c75,KXHIGHAUS-25MAR20-B69.5,28735.447,11,-3.0,70.392,69.8,35,65,1,0.892,0.3,-0.592,2.43,35.0,25.802,1.722,0.135,0.0,-211.129,-32.217,-35,0
2025-03-20 16:00:14.378599,7212758b-0357-4156-99f6-60ad9dbd4cd5,KXHIGHAUS-25MAR20-T69,28725.621,465,-3.5,70.311,69.8,1,99,0,1.311,0.8,-0.511,1.0,31.5,18.81,1.255,0.098,0.0,-163.927,-0.295,1,0
2025-03-20 16:01:46.846963,e26e40ed-4128-4d0f-b8de-b515bdead17d,KXHIGHAUS-25MAR20-B71.5,28633.153,24,-1.0,70.961,69.8,74,26,1,-0.539,-1.7,-1.161,0.9,28.35,74.0,1.13,0.089,0.0,-413.149,7.105,26,1
2025-03-20 16:01:46.846963,da2c1de0-49cb-47d7-9424-37d82b869508,KXHIGHAUS-25MAR20-B71.5,28633.153,107,-1.0,71.005,69.8,75,25,1,-0.495,-1.7,-1.205,0.81,25.515,75.0,1.017,0.08,0.0,-406.106,6.107,25,1
2025-03-20 16:05:33.779529,c7e6bf4d-0a53-4309-a168-ef4dc731c94f,KXHIGHAUS-25MAR20-B71.5,28406.22,20,-1.0,71.033,69.8,73,27,1,-0.467,-1.7,-1.233,0.729,22.964,73.0,0.915,0.072,0.0,-384.668,8.104,27,1
2025-03-20 16:06:27.007907,f03ab810-8beb-41b4-9dc2-94b95ecffefc,KXHIGHAUS-25MAR20-B69.5,28352.992,45,-3.0,70.818,69.8,35,65,1,1.318,0.3,-1.018,0.656,35.0,65.7,0.824,0.065,0.0,-398.785,-32.097,-35,0
2025-03-20 16:06:27.007907,283bd779-30b9-4839-95b2-e00e70b6772c,KXHIGHAUS-25MAR20-B69.5,28352.992,12,-3.0,70.757,69.8,36,64,1,1.257,0.3,-0.957,0.59,36.0,59.13,0.741,0.058,0.0,-369.543,-33.113,-36,0
2025-03-20 16:06:27.007907,26f85c25-72eb-4090-9913-bce8cba96cad,KXHIGHAUS-25MAR20-B69.5,28352.992,77,-3.0,70.707,69.8,36,64,1,1.207,0.3,-0.907,0.531,36.0,53.217,0.667,0.052,0.0,-339.751,-33.117,-36,0
2025-03-20 16:06:27.049437,f3e4c8af-6a33-428a-9631-50571d41260e,KXHIGHAUS-25MAR20-B73.5,28352.951,77,1.0,70.786,69.8,3,97,0,-2.714,-3.7,-0.986,0.478,32.4,47.895,3.0,0.047,0.0,-300.799,-17.98,3,0
2025-03-20 16:06:27.050241,246a42b9-9884-447a-9ad4-b5b0413877b6,KXHIGHAUS-25MAR20-B73.5,28352.95,45,1.0,70.797,69.8,3,97,0,-2.703,-3.7,-0.997,0.43,29.16,43.106,3.0,0.042,0.0,-263.385,-18.43,3,0
2025-03-20 16:06:27.051815,a072cc6d-113f-4af3-bb79-fbd15de6db59,KXHIGHAUS-25MAR20-B71.5,28352.948,25,-1.0,70.998,69.8,66,34,0,-0.502,-1.7,-1.198,0.387,26.244,66.0,2.7,0.038,0.0,-364.458,-15.094,-34,1
2025-03-20 16:06:27.051815,8db93c69-8737-45b1-b925-fe412fe2ce74,KXHIGHAUS-25MAR20-B71.5,28352.948,20,-1.0,71.034,69.8,66,34,0,-0.466,-1.7,-1.234,0.349,23.62,66.0,2.43,0.034,0.0,-352.879,-15.096,-34,1
2025-03-20 16:06:27.051815,42b44500-a26e-46d0-885b-60e80cdf99ba,KXHIGHAUS-25MAR20-B71.5,28352.948,32,-1.0,71.063,69.8,65,35,0,-0.437,-1.7,-1.263,0.314,21.258,65.0,2.187,0.031,0.0,-337.554,-16.102,-35,1
2025-03-20 16:06:27.059783,49c0b03a-d86f-4cce-b2b9-43dbb7d58183,KXHIGHAUS-25MAR20-B71.5,28352.94,45,-1.0,71.096,69.8,65,35,0,-0.404,-1.7,-1.296,0.282,19.132,65.0,1.968,0.028,0.0,-328.676,-16.092,-35,1
2025-03-20 16:09:19.193810,d88de343-940b-4c12-afd2-5168e90b10c2,KXHIGHAUS-25MAR20-B71.5,28180.806,2,-1.0,71.118,69.8,63,37,0,-0.382,-1.7,-1.318,0.254,17.219,63.0,1.771,0.025,0.0,-310.594,-18.083,-37,1
2025-03-20 16:09:31.463253,1f8c58fe-4627-4696-b04d-ddc700656c5d,KXHIGHAUS-25MAR20-B71.5,28168.537,13,-1.0,71.149,69.8,57,43,0,-0.351,-1.7,-1.349,0.206,13.947,57.0,1.435,0.02,0.0,-267.322,-24.082,-43,1
2025-03-20 16:09:31.463253,7a55188c-a639-44f3-b40a-30af4d670ca3,KXHIGHAUS-25MAR20-B71.5,28168.537,9,-1.0,71.114,69.8,56,44,0,-0.386,-1.7,-1.314,0.229,15.497,56.0,1.594,0.023,0.0,-268.212,-25.078,-44,1
2025-03-20 16:09:45.488419,28b82579-8e2f-48d6-8a73-f33d7a70a04c,KXHIGHAUS-25MAR20-T69,28154.512,17,-3.5,71.123,69.8,1,99,1,2.123,0.8,-1.323,1.0,12.552,51.3,1.291,0.018,0.0,-234.017,0.295,-1,0
2025-03-20 16:10:36.281291,368527b7-4c64-4032-8bcc-9671e280a148,KXHIGHAUS-25MAR20-B69.5,28103.719,134,-3.0,70.661,69.8,35,65,0,1.161,0.3,-0.861,0.9,35.0,46.17,1.162,0.016,0.0,-301.388,32.097,35,0
2025-03-20 16:12:23.773374,58474664-df64-4ed2-9f44-df2634a67cbd,KXHIGHAUS-25MAR20-B69.5,27996.227,135,-3.0,70.609,69.8,35,65,0,1.109,0.3,-0.809,0.81,35.0,41.553,1.046,0.015,0.0,-279.118,31.997,35,0
2025-03-20 16:12:36.980527,f2321341-04bd-4029-94cb-f8a30a8ba740,KXHIGHAUS-25MAR20-B71.5,27983.019,6,-1.0,70.86,69.8,65,35,1,-0.64,-1.7,-1.06,0.729,31.5,65.0,0.941,0.013,0.0,-379.665,16.074,35,1
2025-03-20 16:12:44.722333,65f07dae-8f10-4da0-88bf-ac7aba3ec80d,KXHIGHAUS-25MAR20-B71.5,27975.278,19,-1.0,70.91,69.8,66,34,1,-0.59,-1.7,-1.11,0.656,28.35,66.0,0.847,0.012,0.0,-370.867,14.853,34,1
2025-03-20 16:12:44.722333,050105c7-1c91-4b60-8d81-ee320bcdb3c0,KXHIGHAUS-25MAR20-B71.5,27975.278,3,-1.0,70.946,69.8,65,35,1,-0.554,-1.7,-1.146,0.59,25.515,65.0,0.763,0.011,0.0,-353.418,15.916,35,1
2025-03-20 16:13:45.841959,6a0660f8-fec6-4c13-8ab4-474a28dc8db4,KXHIGHAUS-25MAR20-B69.5,27914.158,3,-3.0,70.762,69.8,35,65,0,1.262,0.3,-0.962,0.531,35.0,58.5,0.686,0.01,0.0,-361.836,31.997,35,0
2025-03-20 16:15:10.257853,f4255f4a-b938-4a0e-ad7d-4b7badad07f6,KXHIGHAUS-25MAR20-B69.5,27829.742,6,-3.0,70.816,69.8,28,72,0,1.316,0.3,-1.016,0.478,28.0,52.65,0.618,0.009,0.0,-301.297,24.927,28,0
2025-03-20 16:15:10.257853,0f46902a-5031-45fa-bc21-80ea59cfa828,KXHIGHAUS-25MAR20-B69.5,27829.742,13,-3.0,70.661,69.8,35,65,0,1.161,0.3,-0.861,0.43,35.0,47.385,0.556,0.008,0.0,-306.536,31.944,35,0
2025-03-20 16:15:25.130981,83c91672-4cfb-416a-a40b-1ed04eb8644a,KXHIGHAUS-25MAR20-B71.5,27814.869,41,-1.0,70.885,69.8,70,30,1,-0.615,-1.7,-1.085,0.387,31.5,70.0,0.5,0.007,0.0,-405.32,10.805,30,1
2025-03-20 16:16:41.858661,e35ca550-fa4b-4cfc-a359-5e652116fd36,KXHIGHAUS-25MAR20-B69.5,27738.141,11,-3.0,70.695,69.8,43,57,1,1.195,0.3,-0.895,0.349,43.0,63.0,0.45,0.006,0.0,-421.99,-39.869,-43,0
2025-03-20 16:17:07.705921,8907a9bd-e95c-42e9-a147-8eda3f7b4dad,KXHIGHAUS-25MAR20-B73.5,27712.294,11,1.0,70.901,69.8,8,92,1,-2.599,-3.7,-1.101,0.314,38.7,56.7,8.0,0.006,0.0,-386.665,13.545,-8,0
2025-03-20 16:17:14.693313,1b8dc6e1-a51f-4f44-98c5-5af2bdf1af60,KXHIGHAUS-25MAR20-B71.5,27705.307,20,-1.0,70.931,69.8,56,44,0,-0.569,-1.7,-1.131,0.282,34.83,56.0,7.2,0.005,0.0,-362.912,-24.653,-44,1
2025-03-20 16:17:14.693313,18205f59-91ef-4fb3-b386-729e04394d73,KXHIGHAUS-25MAR20-B71.5,27705.307,30,-1.0,70.959,69.8,55,45,0,-0.541,-1.7,-1.159,0.254,31.347,55.0,6.48,0.005,0.0,-340.134,-25.757,-45,1
2025-03-20 16:17:43.071366,e1bfb35e-1bf3-400f-bfb7-b880f4663128,KXHIGHAUS-25MAR20-B71.5,27676.929,14,-1.0,71.078,69.8,73,27,1,-0.422,-1.7,-1.278,0.229,28.212,73.0,5.832,0.004,0.0,-417.349,7.335,27,1
2025-03-20 16:17:46.098633,64c78669-9da7-47cb-aba0-5ce4acd8d67d,KXHIGHAUS-25MAR20-B71.5,27673.901,14,-1.0,71.03,69.8,56,44,0,-0.47,-1.7,-1.23,0.206,25.391,56.0,5.249,0.004,0.0,-315.901,-24.165,-44,1
2025-03-20 16:17:46.098633,526719d4-97ec-412d-aa0b-d199f0a872f4,KXHIGHAUS-25MAR20-B71.5,27673.901,13,-1.0,71.057,69.8,55,45,0,-0.443,-1.7,-1.257,0.185,22.852,55.0,4.724,0.003,0.0,-298.911,-25.303,-45,1
2025-03-20 16:18:41.206819,b6c680b9-8b3f-4e5e-bcaf-2a6105165b1f,KXHIGHAUS-25MAR20-B69.5,27618.793,2,-3.0,70.933,69.8,27,73,0,1.433,0.3,-1.133,0.167,27.0,49.5,4.252,0.003,0.0,-287.972,23.637,27,0
2025-03-20 16:18:41.206819,a02b30ad-1fec-41da-9e1a-7f4e1ab2349e,KXHIGHAUS-25MAR20-B69.5,27618.793,178,-3.0,70.882,69.8,27,73,0,1.382,0.3,-1.082,0.15,27.0,44.55,3.826,0.003,0.0,-262.961,23.688,27,0
2025-03-20 16:18:41.206819,8f0f0572-78eb-477c-80d4-08e9eb098ab1,KXHIGHAUS-25MAR20-B69.5,27618.793,20,-3.0,70.81,69.8,28,72,0,1.31,0.3,-1.01,0.135,28.0,40.095,3.444,0.002,0.0,-245.276,24.824,28,0
2025-03-20 16:18:47.125658,a7805b6f-a8f2-46d9-9f75-37065a9a2fe1,KXHIGHAUS-25MAR20-B71.5,27612.874,6,-1.0,71.061,69.8,73,27,1,-0.439,-1.7,-1.261,0.122,25.2,73.0,3.099,0.002,0.0,-397.756,6.737,27,1
2025-03-20 16:18:47.125658,a5256d06-038b-44d1-a65f-9c082f5f06cf,KXHIGHAUS-25MAR20-B71.5,27612.874,23,-1.0,71.098,69.8,74,26,1,-0.402,-1.7,-1.298,0.109,22.68,74.0,2.789,0.002,0.0,-391.903,5.769,26,1
2025-03-20 16:18:47.125658,53a830e9-51bf-4dc7-bc27-dcd56a7a37bc,KXHIGHAUS-25MAR20-B71.5,27612.874,14,-1.0,71.125,69.8,73,27,1,-0.375,-1.7,-1.325,0.098,20.412,73.0,2.51,0.002,0.0,-376.84,7.136,27,1
2025-03-20 16:19:12.439719,c28a3380-3e69-4b53-9d05-5fd1c25eac7e,KXHIGHAUS-25MAR20-B69.5,27587.56,199,-3.0,70.918,69.8,31,69,0,1.418,0.3,-1.118,0.089,31.0,65.7,2.259,0.002,0.0,-383.031,27.631,31,0
2025-03-20 16:19:12.439719,0caf6a92-8f8a-4dea-a9f7-c8933d17fd14,KXHIGHAUS-25MAR20-B69.5,27587.56,100,-3.0,70.87,69.8,31,69,0,1.37,0.3,-1.07,0.08,31.0,59.13,2.033,0.001,0.0,-348.921,27.637,31,0
2025-03-20 16:19:34.207230,e483d9bf-5cea-4ee4-9dd6-56b2cfc05aae,KXHIGHAUS-25MAR20-B69.5,27565.793,11,-3.0,70.659,69.8,43,57,1,1.159,0.3,-0.859,0.072,43.0,53.217,1.83,0.001,0.0,-374.144,-39.626,-43,0
2025-03-20 16:23:46.671040,e8902d94-0859-4154-b283-4a7cef8d7316,KXHIGHAUS-25MAR20-B69.5,27313.329,150,-3.0,70.891,69.8,24,76,0,1.391,0.3,-1.091,0.065,24.0,47.895,1.647,0.001,0.0,-262.218,20.619,24,0
2025-03-20 16:23:46.671040,cb8dc5e4-950a-4f0b-a1f0-2fc973407160,KXHIGHAUS-25MAR20-B69.5,27313.329,50,-3.0,70.842,69.8,24,76,0,1.342,0.3,-1.042,0.058,24.0,43.106,1.482,0.001,0.0,-238.92,20.626,24,0
2025-03-20 16:23:54.772614,3d40c704-e9f5-442b-91ee-3d13b973f939,KXHIGHAUS-25MAR20-B69.5,27305.227,2,-3.0,70.761,69.8,23,77,0,1.261,0.3,-0.961,0.047,23.0,34.916,1.201,0.001,0.0,-196.239,19.613,23,0
2025-03-20 16:23:54.772614,fb1b49cc-0b8b-404c-b2cf-9a6f5e2b1f05,KXHIGHAUS-25MAR20-B69.5,27305.227,48,-3.0,70.812,69.8,23,77,0,1.312,0.3,-1.012,0.052,23.0,38.795,1.334,0.001,0.0,-214.264,19.611,23,0
2025-03-20 16:25:10.933833,e4e83c1a-3d52-4ef6-ae73-0c21a46c88ed,KXHIGHAUS-25MAR20-B69.5,27229.066,1,-3.0,70.778,69.8,20,80,0,1.278,0.3,-0.978,0.042,20.0,31.424,1.081,0.001,0.0,-168.196,16.443,20,0
2025-03-20 16:25:10.933833,91f1b6b8-6307-42b3-a446-8f115b999858,KXHIGHAUS-25MAR20-B69.5,27229.066,16,-3.0,70.778,69.8,18,82,0,1.278,0.3,-0.978,0.038,18.0,28.282,0.973,0.001,0.0,-146.394,14.491,18,0
2025-03-20 16:25:10.933833,777f1f29-839f-45f7-9c0c-b8050e9ed627,KXHIGHAUS-25MAR20-B69.5,27229.066,199,-3.0,70.602,69.8,23,77,0,1.102,0.3,-0.802,0.034,23.0,25.454,0.875,0.001,0.0,-154.269,19.573,23,0
2025-03-20 16:25:10.933833,5e739ebf-2f20-4527-adba-29f35296d008,KXHIGHAUS-25MAR20-B69.5,27229.066,360,-3.0,70.571,69.8,22,78,0,1.071,0.3,-0.771,0.031,22.0,22.908,0.788,0.001,0.0,-139.44,18.582,22,0
2025-03-20 16:25:10.933833,1b245494-1c1c-4691-81fa-4cd2fcc69238,KXHIGHAUS-25MAR20-B69.5,27229.066,53,-3.0,70.649,69.8,17,83,0,1.149,0.3,-0.849,0.028,17.0,20.617,0.709,0.001,0.0,-110.208,13.6,17,0
2025-03-20 16:25:54.729931,ecf0dec4-857f-4b36-a091-626d71753f15,KXHIGHAUS-25MAR20-B71.5,27185.27,125,-1.0,71.177,69.8,75,25,1,-0.323,-1.7,-1.377,0.025,15.3,75.0,0.638,0.0,0.0,-365.165,4.354,25,1
2025-03-20 16:25:56.573684,db4830c5-4965-4173-97ae-f4375aa02c21,KXHIGHAUS-25MAR20-B69.5,27183.426,76,-3.0,71.024,69.8,22,78,0,1.524,0.3,-1.224,0.023,22.0,67.5,0.574,0.0,0.0,-351.914,18.44,22,0
2025-03-20 16:25:56.573684,8d3dbe62-9aeb-4e2a-9298-aefcf1b44045,KXHIGHAUS-25MAR20-B69.5,27183.426,50,-3.0,70.984,69.8,22,78,0,1.484,0.3,-1.184,0.02,22.0,60.75,0.517,0.0,0.0,-317.066,18.44,22,0
2025-03-20 16:26:05.667332,d46463a4-f55d-4647-9306-158f46a0350a,KXHIGHAUS-25MAR20-B69.5,27174.333,9,-3.0,71.041,69.8,17,83,0,1.541,0.3,-1.241,0.018,17.0,54.675,0.465,0.0,0.0,-266.51,13.44,17,0
2025-03-20 16:26:14.514758,11b75d82-ceea-4af9-ba5d-f1e09f3f748d,KXHIGHAUS-25MAR20-B69.5,27165.485,38,-3.0,71.002,69.8,17,83,0,1.502,0.3,-1.202,0.016,17.0,49.208,0.419,0.0,0.0,-239.445,13.428,17,0
2025-03-20 16:26:26.030979,e0df870c-8de0-4a9f-8d52-d31cf3aec151,KXHIGHAUS-25MAR20-B69.5,27153.969,76,-3.0,71.147,69.8,10,90,0,1.647,0.3,-1.347,0.015,10.0,44.287,0.377,0.0,0.0,-190.471,6.416,10,0
2025-03-20 16:26:38.012662,a45f17a0-10d5-4322-bb2f-e3e3bf11ff51,KXHIGHAUS-25MAR20-B69.5,27141.987,1,-3.0,71.115,69.8,10,90,0,1.615,0.3,-1.315,0.013,10.0,39.858,0.339,0.0,0.0,-169.49,6.378,10,0
2025-03-20 16:26:42.523022,1652b5e2-848c-44db-ae63-d64f5907bc7e,KXHIGHAUS-25MAR20-B71.5,27137.477,58,-1.0,71.307,69.8,81,19,1,-0.193,-1.7,-1.507,0.012,9.0,81.0,0.305,0.0,0.0,-375.308,-1.705,19,1
2025-03-20 16:26:43.950716,f82a0910-8bc9-4f9a-8840-ed69c6b3e3f2,KXHIGHAUS-25MAR20-B71.5,27136.049,137,-1.0,71.325,69.8,81,19,1,-0.175,-1.7,-1.525,0.011,8.1,81.0,0.275,0.0,0.0,-372.489,-1.71,19,1
2025-03-20 16:26:48.624128,100bc633-3832-4e0d-9f69-a03038ae0960,KXHIGHAUS-25MAR20-B71.5,27131.376,79,-1.0,71.354,69.8,80,20,0,-0.146,-1.7,-1.554,0.009,6.561,80.0,0.223,0.0,0.0,-362.527,0.73,-20,1
2025-03-20 16:26:48.624128,5efbf5a9-cc3a-4be6-a521-0691a04d561b,KXHIGHAUS-25MAR20-B71.5,27131.376,58,-1.0,71.341,69.8,81,19,0,-0.159,-1.7,-1.541,0.01,7.29,81.0,0.247,0.0,0.0,-370.04,1.736,-19,1
2025-03-20 16:27:20.738968,35e56658-ee09-4ca1-b8d3-5e139a2368f6,KXHIGHAUS-25MAR20-B69.5,27099.261,2,-3.0,70.922,69.8,24,76,1,1.422,0.3,-1.122,0.006,24.0,58.32,0.162,0.0,0.0,-313.071,-20.339,-24,0
2025-03-20 16:27:20.738968,1063beec-58be-4537-b03f-3e08ff3a46d4,KXHIGHAUS-25MAR20-B69.5,27099.261,199,-3.0,70.877,69.8,24,76,1,1.377,0.3,-1.077,0.006,24.0,52.488,0.146,0.0,0.0,-283.845,-20.373,-24,0
2025-03-20 16:27:20.738968,ef178239-5ee0-434a-ac10-37c20b652157,KXHIGHAUS-25MAR20-B69.5,27099.261,22,-3.0,71.005,69.8,24,76,1,1.505,0.3,-1.205,0.008,24.0,72.0,0.2,0.0,0.0,-383.832,-20.267,-24,0
2025-03-20 16:27:20.738968,36918d81-ca1c-458c-a39b-9c71f171b52d,KXHIGHAUS-25MAR20-B69.5,27099.261,20,-3.0,70.964,69.8,24,76,1,1.464,0.3,-1.164,0.007,24.0,64.8,0.18,0.0,0.0,-346.229,-20.273,-24,0
2025-03-20 16:27:25.504458,5f63cc5f-9302-4ae1-bb6e-7a7003d30960,KXHIGHAUS-25MAR20-B69.5,27094.496,150,-3.0,70.728,69.8,27,73,1,1.228,0.3,-0.928,0.005,27.0,42.515,0.118,0.0,0.0,-248.136,-23.216,-27,0
2025-03-20 16:27:25.504458,1fb1a04a-2afb-40ef-95a8-7f6f38803060,KXHIGHAUS-25MAR20-B69.5,27094.496,199,-3.0,70.695,69.8,26,74,1,1.195,0.3,-0.895,0.004,26.0,38.264,0.106,0.0,0.0,-223.901,-22.217,-26,0
2025-03-20 16:27:25.504458,92449476-c5ce-4e50-b8e1-a5732e1752c2,KXHIGHAUS-25MAR20-B69.5,27094.496,500,-3.0,70.813,69.8,25,75,1,1.313,0.3,-1.013,0.005,25.0,47.239,0.131,0.0,0.0,-262.295,-21.211,-25,0
2025-03-20 16:30:12.534972,b0aed852-c7f7-4c95-b3df-143f7e361512,KXHIGHAUS-25MAR20-B71.5,26927.465,4,-1.0,71.07,69.8,85,15,1,-0.43,-1.7,-1.27,0.004,23.4,85.0,0.096,0.0,0.0,-451.153,-5.738,15,1
2025-03-20 16:32:49.909307,c9ee0914-8475-40f3-8291-344c401daa22,KXHIGHAUS-25MAR20-B73.5,26770.091,9,1.0,71.274,69.8,9,91,1,-2.226,-3.7,-1.474,0.003,21.06,76.5,9.0,0.0,0.0,-415.736,12.627,-9,0
2025-03-20 16:34:42.031773,d0e234c2-e3cc-4df1-b141-18ce50572d07,KXHIGHAUS-25MAR20-B69.5,26657.968,100,-3.0,71.31,69.8,17,83,0,1.81,0.3,-1.51,0.003,17.0,68.85,8.1,0.0,0.0,-356.459,13.206,17,0
2025-03-20 16:35:22.161508,9f999616-9077-4a07-89c1-c1de5ee5ae93,KXHIGHAUS-25MAR20-B69.5,26617.838,300,-3.0,71.275,69.8,17,83,0,1.775,0.3,-1.475,0.003,17.0,61.965,7.29,0.0,0.0,-318.332,13.204,17,0
2025-03-20 16:36:41.768123,bc0c71d6-b2bf-49bc-bacf-a9cc12891c1a,KXHIGHAUS-25MAR20-B69.5,26538.232,1,-3.0,71.237,69.8,17,83,0,1.737,0.3,-1.437,0.002,17.0,55.769,6.561,0.0,0.0,-284.748,13.203,17,0
2025-03-20 16:44:14.635094,abdb0723-c63e-492c-ab62-0a4dd0ffc7a3,KXHIGHAUS-25MAR20-B71.5,26085.365,100,-1.0,71.305,69.8,75,25,0,-0.195,-1.7,-1.505,0.002,15.3,75.0,5.905,0.0,0.0,-376.02,-4.249,-25,1
2025-03-20 16:44:14.635094,a8121ce7-9a39-4db0-9421-790dff36e7c5,KXHIGHAUS-25MAR20-B71.5,26085.365,199,-1.0,71.318,69.8,74,26,0,-0.182,-1.7,-1.518,0.002,13.77,74.0,5.314,0.0,0.0,-363.477,-5.261,-26,1
2025-03-20 16:44:21.667325,8f367d2a-1383-41c0-8605-cab40fbb80ce,KXHIGHAUS-25MAR20-B69.5,26078.333,300,-3.0,71.017,69.8,29,71,1,1.517,0.3,-1.217,0.002,29.0,66.6,4.783,0.0,0.0,-384.759,-25.101,-29,0
2025-03-20 16:44:21.667325,19b252c4-df2b-46f3-a2ef-94d7900c0fc7,KXHIGHAUS-25MAR20-B69.5,26078.333,1,-3.0,70.986,69.8,28,72,1,1.486,0.3,-1.186,0.002,28.0,59.94,4.305,0.0,0.0,-344.93,-24.152,-28,0
2025-03-20 16:47:31.863940,c73d3728-be2a-4d36-adc0-bbca3d9b6996,KXHIGHAUS-25MAR20-B69.5,25888.136,99,-3.0,71.171,69.8,16,84,0,1.671,0.3,-1.371,0.001,16.0,53.946,3.874,0.0,0.0,-264.734,12.066,16,0
2025-03-20 16:47:31.863940,06f23efd-50f2-4587-b9c1-8a741159359e,KXHIGHAUS-25MAR20-B69.5,25888.136,18,-3.0,71.108,69.8,17,83,0,1.608,0.3,-1.308,0.001,17.0,48.551,3.487,0.0,0.0,-241.017,13.071,17,0
2025-03-20 16:48:01.456003,a91029e7-738b-4a68-b273-ae98f99e99d9,KXHIGHAUS-25MAR20-B69.5,25858.544,300,-3.0,70.818,69.8,29,71,1,1.318,0.3,-1.018,0.001,29.0,43.696,3.138,0.0,0.0,-266.284,-25.049,-29,0
2025-03-20 16:50:18.057701,783226a8-e7bb-4def-9e05-26a684c397d1,KXHIGHAUS-25MAR20-B69.5,25721.942,1,-3.0,70.924,69.8,21,79,0,1.424,0.3,-1.124,0.001,21.0,39.327,2.824,0.0,0.0,-211.263,17.042,21,0
2025-03-20 16:50:18.057701,55faa537-0b6f-4beb-9d3d-fdaec2cfc1de,KXHIGHAUS-25MAR20-B69.5,25721.942,199,-3.0,70.897,69.8,20,80,0,1.397,0.3,-1.097,0.001,20.0,35.394,2.542,0.0,0.0,-188.513,16.046,20,0
2025-03-20 16:50:18.057701,510adfca-cf88-4e4a-a526-6ed65e1b388f,KXHIGHAUS-25MAR20-B69.5,25721.942,200,-3.0,70.821,69.8,21,79,0,1.321,0.3,-1.021,0.001,21.0,31.855,2.288,0.0,0.0,-176.076,17.049,21,0
2025-03-20 16:52:12.175247,c36eca8d-53ff-4ca3-92ae-5d9345110ef1,KXHIGHAUS-25MAR20-B69.5,25607.825,125,-3.0,70.738,69.8,20,80,0,1.238,0.3,-0.938,0.001,20.0,25.802,1.853,0.0,0.0,-144.921,15.845,20,0
2025-03-20 16:52:12.175247,fead3e69-2424-4945-b5fd-e081db02ae2a,KXHIGHAUS-25MAR20-B69.5,25607.825,50,-3.0,70.793,69.8,20,80,0,1.293,0.3,-0.993,0.001,20.0,28.669,2.059,0.0,0.0,-157.604,15.837,20,0
2025-03-20 16:52:12.275261,c328710a-e040-40e5-83fa-0ea8a421e581,KXHIGHAUS-25MAR20-B71.5,25607.725,22,-1.0,71.11,69.8,64,36,0,-0.39,-1.7,-1.31,0.001,18.0,64.0,1.668,0.0,0.0,-319.043,-15.224,-36,1
2025-03-20 16:52:18.246864,bb3555aa-80b5-4cd0-a16c-e4b4d197e674,KXHIGHAUS-25MAR20-B69.5,25601.753,500,-3.0,70.876,69.8,29,71,1,1.376,0.3,-1.076,0.001,29.0,57.6,1.501,0.0,0.0,-331.74,-24.741,-29,0
2025-03-20 16:52:18.246864,ad71b891-d7f5-4e23-8711-97356146d35b,KXHIGHAUS-25MAR20-B69.5,25601.753,98,-3.0,70.796,69.8,31,69,1,1.296,0.3,-0.996,0.001,31.0,51.84,1.351,0.0,0.0,-311.529,-26.764,-31,0
2025-03-20 16:52:18.246864,638e4f62-4885-4677-8038-48f0fca50d2e,KXHIGHAUS-25MAR20-B69.5,25601.753,100,-3.0,70.794,69.8,28,72,1,1.294,0.3,-0.994,0.0,28.0,46.656,1.216,0.0,0.0,-272.825,-23.765,-28,0
2025-03-20 16:52:18.246864,444ac23e-9e18-4b86-88bb-1aca4a734861,KXHIGHAUS-25MAR20-B69.5,25601.753,1,-3.0,70.743,69.8,28,72,1,1.243,0.3,-0.943,0.0,28.0,41.99,1.094,0.0,0.0,-250.334,-23.836,-28,0
2025-03-20 16:53:32.945493,c675319e-d8c1-45da-9832-e11a666dff41,KXHIGHAUS-25MAR20-B71.5,25527.055,43,-1.0,71.04,69.8,79,21,1,-0.46,-1.7,-1.24,0.0,25.2,79.0,0.985,0.0,0.0,-426.485,0.22,21,1
2025-03-20 16:56:28.875626,0eeccac2-3597-460e-854a-f11af4e2f3ec,KXHIGHAUS-25MAR20-B71.5,25351.124,1,-1.0,70.996,69.8,63,37,0,-0.504,-1.7,-1.196,0.0,22.68,63.0,0.886,0.0,0.0,-331.703,-16.218,-37,1
2025-03-20 16:57:33.456976,c449afb0-81f8-4b24-acad-45920ec83bd7,KXHIGHAUS-25MAR20-B69.5,25286.543,25,-3.0,70.774,69.8,34,66,1,1.274,0.3,-0.974,0.0,34.0,56.7,0.798,0.0,0.0,-348.655,-29.697,-34,0
2025-03-20 16:57:33.456976,5070c506-ddc7-4c7f-9ca5-e07cf75df6e9,KXHIGHAUS-25MAR20-B69.5,25286.543,143,-3.0,70.696,69.8,36,64,1,1.196,0.3,-0.896,0.0,36.0,51.03,0.718,0.0,0.0,-329.438,-31.706,-36,0
2025-03-20 16:57:33.456976,49f7eede-347d-4fce-839f-4100fa223de4,KXHIGHAUS-25MAR20-B69.5,25286.543,85,-3.0,70.672,69.8,34,66,1,1.172,0.3,-0.872,0.0,34.0,45.927,0.646,0.0,0.0,-295.377,-29.71,-34,0
2025-03-20 16:57:33.456976,2707080e-1c7b-4c2c-96fb-6285daf88c73,KXHIGHAUS-25MAR20-B69.5,25286.543,2,-3.0,70.605,69.8,35,65,1,1.105,0.3,-0.805,0.0,35.0,41.334,0.581,0.0,0.0,-277.954,-30.738,-35,0
2025-03-20 16:57:33.512851,0b390a33-7cfa-41da-8004-6e62d6e09ba3,KXHIGHAUS-25MAR20-B71.5,25286.487,25,-1.0,70.921,69.8,75,25,0,-0.579,-1.7,-1.121,0.0,31.5,75.0,0.523,0.0,0.0,-432.146,-4.214,-25,1
2025-03-20 16:57:33.514890,a37d5e2c-b3d6-4529-acb1-4ab6b8d6ad73,KXHIGHAUS-25MAR20-B73.5,25286.485,25,1.0,70.961,69.8,2,98,0,-2.539,-3.7,-1.161,0.0,28.35,67.5,2.0,0.0,0.0,-380.524,-19.637,2,0
2025-03-20 16:57:57.735967,1ed77b76-7d67-4f68-a66c-6a7d8b736a1d,KXHIGHAUS-25MAR20-B71.5,25262.264,1,-1.0,70.986,69.8,65,35,0,-0.514,-1.7,-1.186,0.0,25.515,65.0,1.8,0.0,0.0,-355.042,-14.21,-35,1
2025-03-20 16:58:04.818850,ed39bcd5-6b26-44e5-859e-d8e055578643,KXHIGHAUS-25MAR20-B69.5,25255.181,20,-3.0,70.785,69.8,36,64,1,1.285,0.3,-0.985,0.0,36.0,58.5,1.62,0.0,0.0,-367.825,-31.695,-36,0
2025-03-20 16:58:05.120624,04eed7c8-9d07-439e-8475-be57d3727a3a,KXHIGHAUS-25MAR20-B73.5,25254.879,1,1.0,70.802,69.8,2,98,0,-2.698,-3.7,-1.002,0.0,32.4,52.65,2.0,0.0,0.0,-322.764,-19.662,2,0
2025-03-20 16:58:05.120838,052b7a86-cf18-4d59-8856-d09f6b2c7e29,KXHIGHAUS-25MAR20-B69.5,25254.879,1,-3.0,70.697,69.8,36,64,0,1.197,0.3,-0.897,0.0,36.0,47.385,1.8,0.0,0.0,-312.889,31.686,36,0
2025-03-20 16:58:05.122761,0d8d588a-38fb-4dec-b242-8b3945d599c8,KXHIGHAUS-25MAR20-B71.5,25254.877,1,-1.0,70.885,69.8,66,34,0,-0.615,-1.7,-1.085,0.0,32.4,66.0,1.62,0.0,0.0,-389.99,-13.203,-34,1
2025-03-20 16:58:29.308984,b9eb012f-ee9b-4ce9-b2cd-b1faac7123a0,KXHIGHAUS-25MAR20-B71.5,25230.691,19,-1.0,70.927,69.8,66,34,0,-0.573,-1.7,-1.127,0.0,29.16,66.0,1.458,0.0,0.0,-375.417,-13.187,-34,1
2025-03-20 16:58:29.308984,2373abd3-5862-4308-b69a-f1f2d2cc0583,KXHIGHAUS-25MAR20-B71.5,25230.691,24,-1.0,70.961,69.8,65,35,0,-0.539,-1.7,-1.161,0.0,26.244,65.0,1.312,0.0,0.0,-357.442,-14.201,-35,1
2025-03-20 16:59:03.754978,a4fe9e4d-fade-4f9e-90f4-d1a8ad0f2018,KXHIGHAUS-25MAR20-B69.5,25196.245,75,-3.0,70.799,69.8,34,66,1,1.299,0.3,-0.999,0.0,34.0,58.5,1.181,0.0,0.0,-358.13,-29.659,-34,0
2025-03-20 16:59:10.173346,85b64816-9b04-4db4-9c71-fc4cdbfdb7c0,KXHIGHAUS-25MAR20-B69.5,25189.827,76,-3.0,70.735,69.8,35,65,1,1.235,0.3,-0.935,0.0,35.0,52.65,1.063,0.0,0.0,-333.188,-30.578,-35,0
2025-03-20 16:59:24.051975,b785e4b3-e25f-4780-aef2-7508918dab04,KXHIGHAUS-25MAR20-B71.5,25175.948,199,-1.0,70.873,69.8,65,35,0,-0.627,-1.7,-1.073,0.0,31.5,65.0,0.957,0.0,0.0,-379.967,-14.181,-35,1
2025-03-20 16:59:24.051975,17eeb186-0c70-4011-bcc9-7cc7f72f3616,KXHIGHAUS-25MAR20-B71.5,25175.948,66,-1.0,70.916,69.8,65,35,0,-0.584,-1.7,-1.116,0.0,28.35,65.0,0.861,0.0,0.0,-366.026,-14.183,-35,1
2025-03-20 16:59:24.051975,0d56f294-1616-4635-ab82-cca3e267e19b,KXHIGHAUS-25MAR20-B71.5,25175.948,51,-1.0,70.952,69.8,64,36,0,-0.548,-1.7,-1.152,0.0,25.515,64.0,0.775,0.0,0.0,-348.62,-15.185,-36,1
2025-03-20 16:59:33.284062,75b192c0-b385-4b1c-99c8-64c88af61d41,KXHIGHAUS-25MAR20-B71.5,25166.716,20,-1.0,71.116,69.8,83,17,1,-0.384,-1.7,-1.316,0.0,20.667,83.0,0.628,0.0,0.0,-429.062,-3.821,17,1
2025-03-20 16:59:33.284062,d63c6209-06e6-4d57-a7d7-fe44302b67cf,KXHIGHAUS-25MAR20-B71.5,25166.716,39,-1.0,71.086,69.8,84,16,1,-0.414,-1.7,-1.286,0.0,22.964,84.0,0.697,0.0,0.0,-443.902,-4.822,16,1
2025-03-20 16:59:40.892850,94577915-c59a-4917-bd83-46a5f03fb53d,KXHIGHAUS-25MAR20-B69.5,25159.107,20,-3.0,71.144,69.8,17,83,0,1.644,0.3,-1.344,0.0,17.0,74.7,0.565,0.0,0.0,-370.059,12.574,17,0
2025-03-20 16:59:40.892850,8bd1a8d7-0602-4a55-8b20-8696c84a78b9,KXHIGHAUS-25MAR20-B69.5,25159.107,15,-3.0,71.13,69.8,16,84,0,1.63,0.3,-1.33,0.0,16.0,67.23,0.508,0.0,0.0,-326.929,11.578,16,0
2025-03-20 16:59:44.311656,545cd074-9b22-4d50-bb6e-dba03f34961a,KXHIGHAUS-25MAR20-B69.5,25155.688,189,-3.0,70.547,69.8,37,63,1,1.047,0.3,-0.747,0.0,37.0,39.699,0.3,0.0,0.0,-279.386,-32.571,-37,0
2025-03-20 16:59:44.311656,fea20307-f72a-4933-823d-5e0027e6c5a9,KXHIGHAUS-25MAR20-B69.5,25155.688,20,-3.0,70.794,69.8,34,66,1,1.294,0.3,-0.994,0.0,34.0,60.507,0.458,0.0,0.0,-367.784,-29.509,-34,0
2025-03-20 16:59:44.311656,f701f498-5f01-478f-be8c-b550a72c4e76,KXHIGHAUS-25MAR20-B69.5,25155.688,124,-3.0,70.73,69.8,35,65,1,1.23,0.3,-0.93,0.0,35.0,54.456,0.412,0.0,0.0,-341.755,-30.511,-35,0
2025-03-20 16:59:44.311656,c787a480-8e5e-46a0-acc0-985312d3c90f,KXHIGHAUS-25MAR20-B69.5,25155.688,199,-3.0,70.679,69.8,35,65,1,1.179,0.3,-0.879,0.0,35.0,49.011,0.371,0.0,0.0,-314.82,-30.527,-35,0
2025-03-20 16:59:44.311656,ac4f6321-bae9-405e-a949-c74ce3bb6c09,KXHIGHAUS-25MAR20-B69.5,25155.688,1,-3.0,70.613,69.8,36,64,1,1.113,0.3,-0.813,0.0,36.0,44.11,0.334,0.0,0.0,-295.669,-31.53,-36,0
2025-03-20 16:59:44.372379,398faac4-fbc3-4de6-bda7-61ee8bfc3c48,KXHIGHAUS-25MAR20-B71.5,25155.628,189,-1.0,70.83,69.8,65,35,0,-0.67,-1.7,-1.03,0.0,33.3,65.0,0.27,0.0,0.0,-387.716,-14.137,-35,1
2025-03-20 16:59:44.377654,fbf311b2-afd0-41d4-9e6e-01b06061c332,KXHIGHAUS-25MAR20-B73.5,25155.622,189,1.0,70.882,69.8,2,98,0,-2.618,-3.7,-1.082,0.0,29.97,58.5,2.0,0.0,0.0,-341.328,-19.679,2,0
2025-03-20 17:00:46.249161,d0e01a5a-d7e5-4d8f-b9b6-8a4e88206aca,KXHIGHAUS-25MAR20-B69.5,25093.751,19,-3.0,70.73,69.8,37,63,1,1.23,0.3,-0.93,0.0,37.0,52.65,1.8,0.0,0.0,-343.349,-32.509,-37,0
2025-03-20 17:00:46.316702,3f85ae41-4529-4858-aa18-26550f1c38a3,KXHIGHAUS-25MAR20-B73.5,25093.683,19,1.0,70.743,69.8,2,98,0,-2.757,-3.7,-0.943,0.0,33.3,47.385,2.0,0.0,0.0,-300.947,-19.725,2,0
2025-03-20 17:00:46.320028,f5e9a869-7624-4af9-91f7-03786c28dc05,KXHIGHAUS-25MAR20-B71.5,25093.68,19,-1.0,70.918,69.8,65,35,0,-0.582,-1.7,-1.118,0.0,29.97,65.0,1.8,0.0,0.0,-374.297,-14.133,-35,1
2025-03-20 17:00:48.023865,a25dd05e-ce5b-49d6-b503-030da6777e05,KXHIGHAUS-25MAR20-B73.5,25091.976,175,1.0,70.929,69.8,2,98,0,-2.571,-3.7,-1.129,0.0,26.973,58.5,2.0,0.0,0.0,-328.296,-19.758,2,0
2025-03-20 17:03:22.606724,946fad00-b2a0-47ca-8544-5f2fd33e1086,KXHIGHAUS-25MAR20-B71.5,24937.393,1,-1.0,71.001,69.8,64,36,0,-0.499,-1.7,-1.201,0.0,24.276,64.0,1.8,0.0,0.0,-344.653,-15.131,-36,1
2025-03-20 17:04:19.691261,5188393d-c514-4781-934b-5fd410dfef99,KXHIGHAUS-25MAR20-B69.5,24880.309,64,-3.0,70.765,69.8,37,63,1,1.265,0.3,-0.965,0.0,37.0,57.6,1.62,0.0,0.0,-367.868,-32.473,-37,0
2025-03-20 17:07:32.394005,c983043b-1017-4176-be74-c1d65bcdfd44,KXHIGHAUS-25MAR20-B69.5,24687.606,52,-3.0,70.726,69.8,36,64,1,1.226,0.3,-0.926,0.0,36.0,51.84,1.458,0.0,0.0,-334.229,-31.339,-36,0
2025-03-20 17:08:08.837587,73659ef6-636a-41d6-88bd-ea5e93aade5b,KXHIGHAUS-25MAR20-B71.5,24651.162,11,-1.0,70.876,69.8,66,34,0,-0.624,-1.7,-1.076,0.0,32.4,66.0,1.312,0.0,0.0,-389.566,-13.13,-34,1
2025-03-20 17:08:58.371929,bd26bc2b-63c1-4bf7-9e08-1a0768edbdc3,KXHIGHAUS-25MAR20-B71.5,24601.628,89,-1.0,70.907,69.8,64,36,0,-0.593,-1.7,-1.107,0.0,29.16,64.0,1.181,0.0,0.0,-364.716,-15.128,-36,1
2025-03-20 17:11:24.206879,adf68cef-c704-42f2-820e-93f083f0a043,KXHIGHAUS-25MAR20-B71.5,24455.793,199,-1.0,71.039,69.8,82,18,1,-0.461,-1.7,-1.239,0.0,26.244,82.0,1.063,0.0,0.0,-447.166,-2.907,18,1
2025-03-20 17:11:24.206879,9017ff94-24ee-454e-ab66-bcd87609237f,KXHIGHAUS-25MAR20-B71.5,24455.793,150,-1.0,71.075,69.8,82,18,1,-0.425,-1.7,-1.275,0.0,23.62,82.0,0.957,0.0,0.0,-435.995,-2.905,18,1
2025-03-20 17:11:24.206879,7370db6d-21ed-4a3f-b39d-bac3adee462f,KXHIGHAUS-25MAR20-B71.5,24455.793,190,-1.0,71.119,69.8,85,15,1,-0.381,-1.7,-1.319,0.0,21.258,85.0,0.861,0.0,0.0,-442.475,-5.876,15,1
2025-03-20 17:11:24.206879,6287453c-2510-49c0-9954-36a02bfea44e,KXHIGHAUS-25MAR20-B71.5,24455.793,67,-1.0,71.147,69.8,84,16,1,-0.353,-1.7,-1.347,0.0,19.132,84.0,0.775,0.0,0.0,-428.456,-4.874,16,1
2025-03-20 17:11:34.751447,d4e3ce89-0f61-4cba-ade6-b52f95d584d7,KXHIGHAUS-25MAR20-B69.5,24445.249,15,-3.0,71.168,69.8,16,84,0,1.668,0.3,-1.368,0.0,16.0,75.6,0.697,0.0,0.0,-371.115,11.293,16,0
2025-03-20 17:11:34.751447,189cba2d-5cc8-4f23-b8bd-fc939f221fb9,KXHIGHAUS-25MAR20-B69.5,24445.249,20,-3.0,71.118,69.8,17,83,0,1.618,0.3,-1.318,0.0,17.0,68.04,0.628,0.0,0.0,-335.008,12.335,17,0
2025-03-20 17:14:04.046483,cf328982-b060-4ee3-b54c-1c9565b8c81b,KXHIGHAUS-25MAR20-B71.5,24295.954,1,-1.0,71.144,69.8,67,33,0,-0.356,-1.7,-1.344,0.0,15.3,67.0,0.565,0.0,0.0,-323.128,-12.09,-33,1
2025-03-20 17:14:05.610398,0a469c5e-766f-4509-aaf6-364a0edee486,KXHIGHAUS-25MAR20-B71.5,24294.39,38,-1.0,71.196,69.8,73,27,1,-0.304,-1.7,-1.396,0.0,13.77,73.0,0.508,0.0,0.0,-348.971,5.994,27,1
2025-03-20 17:14:13.564288,f17f87e6-7373-436d-8051-3e7daaf50704,KXHIGHAUS-25MAR20-B69.5,24286.436,1,-3.0,70.9,69.8,29,71,1,1.4,0.3,-1.1,0.0,29.0,65.7,0.458,0.0,0.0,-372.255,-24.29,-29,0
2025-03-20 17:16:47.233648,d812d4e1-7532-4c81-944e-d35877f5fc59,KXHIGHAUS-25MAR20-B69.5,24132.766,10,-3.0,71.109,69.8,15,85,0,1.609,0.3,-1.309,0.0,15.0,59.13,0.412,0.0,0.0,-281.49,10.274,15,0
2025-03-20 17:16:47.233648,9507f995-6b3a-4d66-a2ad-6e324a8e9744,KXHIGHAUS-25MAR20-B69.5,24132.766,6,-3.0,71.051,69.8,16,84,0,1.551,0.3,-1.251,0.0,16.0,53.217,0.371,0.0,0.0,-255.498,11.287,16,0
2025-03-20 17:17:17.288309,0256c8c6-2c5b-4251-af02-18b1e609f958,KXHIGHAUS-25MAR20-B69.5,24102.712,1,-3.0,70.758,69.8,29,71,1,1.258,0.3,-0.958,0.0,29.0,47.895,0.334,0.0,0.0,-282.593,-24.274,-29,0
2025-03-20 17:17:31.494321,2e6d5b27-9b26-4216-873c-bd27424b6442,KXHIGHAUS-25MAR20-B71.5,24088.506,1,-1.0,70.959,69.8,69,31,0,-0.541,-1.7,-1.159,0.0,26.1,69.0,0.3,0.0,0.0,-376.929,-9.931,-31,1
2025-03-20 17:19:00.152217,59737a03-954f-41fc-a2be-b41b025109ff,KXHIGHAUS-25MAR20-B69.5,23999.848,32,-3.0,70.871,69.8,29,71,1,1.371,0.3,-1.071,0.0,29.0,62.1,0.27,0.0,0.0,-353.693,-24.206,-29,0
2025-03-20 17:20:30.830710,b7631e7f-b01d-4c29-8c6a-d107a61c95e8,KXHIGHAUS-25MAR20-B69.5,23909.169,3,-3.0,70.84,69.8,28,72,1,1.34,0.3,-1.04,0.0,28.0,55.89,0.243,0.0,0.0,-317.825,-23.122,-28,0
2025-03-20 17:20:30.830710,34e927e2-6a93-4823-9def-86747d926cd8,KXHIGHAUS-25MAR20-B69.5,23909.169,29,-3.0,70.776,69.8,29,71,1,1.276,0.3,-0.976,0.0,29.0,50.301,0.219,0.0,0.0,-294.4,-24.145,-29,0
2025-03-20 17:24:49.230753,92a2b36e-bb3f-4dfa-a203-f317946ca612,KXHIGHAUS-25MAR20-B69.5,23650.769,40,-3.0,70.726,69.8,29,71,1,1.226,0.3,-0.926,0.0,29.0,45.271,0.197,0.0,0.0,-269.934,-23.963,-29,0
2025-03-20 17:24:51.567744,83377e56-dd42-4718-88ca-fe5ddd760e6c,KXHIGHAUS-25MAR20-B69.5,23648.432,200,-3.0,70.849,69.8,20,80,0,1.349,0.3,-1.049,0.0,20.0,40.744,0.177,0.0,0.0,-210.658,14.96,20,0
2025-03-20 17:24:56.337403,ad6ca7a1-d2a2-4e49-b1be-52a8e8425338,KXHIGHAUS-25MAR20-B69.5,23643.663,3,-3.0,70.607,69.8,30,70,1,1.107,0.3,-0.807,0.0,30.0,36.669,0.16,0.0,0.0,-233.824,-24.899,-30,0
2025-03-20 17:24:56.337403,7e7f4147-aa51-421a-814e-50ca903eb417,KXHIGHAUS-25MAR20-B69.5,23643.663,97,-3.0,70.571,69.8,29,71,1,1.071,0.3,-0.771,0.0,29.0,33.002,0.144,0.0,0.0,-212.769,-23.902,-29,0
2025-03-20 17:24:56.337403,428248eb-cfe4-4054-94ef-b06a8be4b0ad,KXHIGHAUS-25MAR20-B69.5,23643.663,50,-3.0,70.519,69.8,29,71,1,1.019,0.3,-0.719,0.0,29.0,29.702,0.129,0.0,0.0,-198.114,-23.932,-29,0
2025-03-20 17:26:26.209378,719acfee-414b-47b2-94d9-0c619bed5555,KXHIGHAUS-25MAR20-B69.5,23553.791,32,-3.0,70.466,69.8,29,71,1,0.966,0.3,-0.666,0.0,29.0,26.732,0.116,0.0,0.0,-185.239,-23.862,-29,0
2025-03-20 17:28:14.894234,8a3d9a78-1560-4695-9b2c-cfc89d744562,KXHIGHAUS-25MAR20-T69,23445.106,60,-3.5,70.437,69.8,1,99,1,1.437,0.8,-0.637,1.0,26.1,24.059,0.105,0.0,0.0,-161.419,0.295,-1,0
2025-03-20 17:28:14.894234,6ba3a09d-d1c5-4997-b5d4-a200c1ea9eae,KXHIGHAUS-25MAR20-T69,23445.106,250,-3.5,70.434,69.8,1,99,1,1.434,0.8,-0.634,1.0,23.49,21.653,0.094,0.0,0.0,-140.511,0.297,-1,0
2025-03-20 17:28:14.894234,4419206b-78a4-4d3b-86eb-9ef3a7f87983,KXHIGHAUS-25MAR20-T69,23445.106,1557,-3.5,70.431,69.8,1,99,1,1.431,0.8,-0.631,1.0,21.141,19.488,0.085,0.0,0.0,-122.171,0.296,-1,0
2025-03-20 17:29:19.932441,049dc68f-a4cf-41ae-8a43-3c77a0bfeb96,KXHIGHAUS-25MAR20-B69.5,23380.068,1,-3.0,70.178,69.8,33,67,1,0.678,0.3,-0.378,0.9,33.0,17.539,0.076,0.0,0.0,-165.332,-27.857,-33,0
2025-03-20 17:29:19.995100,451a040a-6857-4d94-8e0e-c51a73e22ab6,KXHIGHAUS-25MAR20-B73.5,23380.005,1,1.0,70.311,69.8,2,98,0,-3.189,-3.7,-0.511,0.81,29.7,15.785,2.0,0.0,0.0,-145.484,-19.861,2,0
2025-03-20 17:29:19.996626,8442793b-aee5-4004-b8e7-8cfdb5ea00be,KXHIGHAUS-25MAR20-B71.5,23380.003,1,-1.0,70.974,69.8,69,31,0,-0.526,-1.7,-1.174,0.729,26.73,69.0,1.8,0.0,0.0,-380.81,-9.93,-31,1
2025-03-20 17:29:41.273078,5aa3f810-5d6a-4247-8b00-86fd52c8d890,KXHIGHAUS-25MAR20-B71.5,23358.727,1,-1.0,71.071,69.8,82,18,1,-0.429,-1.7,-1.271,0.656,24.057,82.0,1.62,0.0,0.0,-438.368,-3.093,18,1
2025-03-20 17:29:41.330700,eb10a2d5-77fb-4ad9-a36e-2544042afd72,KXHIGHAUS-25MAR20-B73.5,23358.669,1,1.0,71.084,69.8,2,98,0,-2.416,-3.7,-1.284,0.59,21.651,73.8,2.0,0.0,0.0,-385.095,-19.924,2,0
2025-03-20 17:29:41.332265,4f269420-eb0e-4404-ad0d-d44ba5956d3b,KXHIGHAUS-25MAR20-B69.5,23358.668,1,-3.0,71.075,69.8,20,80,0,1.575,0.3,-1.275,0.531,20.0,66.42,1.8,0.0,0.0,-339.335,14.856,20,0
2025-03-20 17:29:56.899781,0503ccdf-ca57-4f91-9e9a-48d2dc82c1d3,KXHIGHAUS-25MAR20-B71.5,23343.1,1,-1.0,71.123,69.8,70,30,0,-0.377,-1.7,-1.323,0.478,18.0,70.0,1.62,0.0,0.0,-349.85,-8.9,-30,1
2025-03-20 17:30:00.560643,ac5e94c1-6e42-4c53-ab93-80f66e8cfb12,KXHIGHAUS-25MAR20-B69.5,23339.439,1,-3.0,70.845,69.8,33,67,1,1.345,0.3,-1.045,0.43,33.0,63.0,1.458,0.0,0.0,-376.589,-27.853,-33,0
2025-03-20 17:30:00.714379,efebe126-b142-4174-a238-687f4adf55b4,KXHIGHAUS-25MAR20-B71.5,23339.286,1,-1.0,70.925,69.8,69,31,0,-0.575,-1.7,-1.125,0.387,29.7,69.0,1.312,0.0,0.0,-392.86,-9.898,-31,1
2025-03-20 17:30:00.714800,dce50d38-0fdb-4dfc-b69d-4a7041a47bfd,KXHIGHAUS-25MAR20-B73.5,23339.285,1,1.0,70.948,69.8,2,98,0,-2.552,-3.7,-1.148,0.349,26.73,62.1,2.0,0.0,0.0,-345.243,-20.006,2,0
2025-03-20 17:30:36.624650,0d34500c-f26e-4ca0-a9e2-d821d2f1d100,KXHIGHAUS-25MAR20-B73.5,23303.375,261,1.0,70.961,69.8,2,98,0,-2.539,-3.7,-1.161,0.282,21.651,50.301,2.0,0.0,0.0,-264.689,-20.022,2,0
2025-03-20 17:30:36.624650,bfe43b2c-fe2a-410e-bd0c-b93844e3163b,KXHIGHAUS-25MAR20-B73.5,23303.375,6,1.0,70.954,69.8,2,98,0,-2.546,-3.7,-1.154,0.314,24.057,55.89,2.0,0.0,0.0,-302.401,-20.029,2,0
2025-03-20 17:33:44.679800,d1b4db12-9ee8-44b8-ab49-23842f613be4,KXHIGHAUS-25MAR20-B71.5,23115.32,24,-1.0,71.145,69.8,80,20,1,-0.355,-1.7,-1.345,0.254,19.486,80.0,1.8,0.0,0.0,-409.14,-1.123,20,1
2025-03-20 17:35:34.271448,4bf0d3c1-0b08-48c6-b178-10d808288ad8,KXHIGHAUS-25MAR20-B69.5,23005.729,3,-3.0,70.907,69.8,33,67,1,1.407,0.3,-1.107,0.229,33.0,72.0,1.62,0.0,0.0,-423.749,-27.852,-33,0
2025-03-20 17:35:34.342079,22d81c5d-0469-400e-a78b-50cd3bc03f1f,KXHIGHAUS-25MAR20-B71.5,23005.658,3,-1.0,70.932,69.8,69,31,0,-0.568,-1.7,-1.132,0.206,29.7,69.0,1.458,0.0,0.0,-393.095,-9.846,-31,1
2025-03-20 17:35:34.342479,6077b17e-7432-4ce5-a42a-99fef72c5142,KXHIGHAUS-25MAR20-B73.5,23005.658,3,1.0,70.951,69.8,2,98,0,-2.549,-3.7,-1.151,0.185,26.73,62.1,2.0,0.0,0.0,-345.298,-20.052,2,0
2025-03-20 17:37:52.725773,9d634ab5-b997-4f05-94fe-fad02ceb0359,KXHIGHAUS-25MAR20-B69.5,22867.274,14,-3.0,70.809,69.8,33,67,1,1.309,0.3,-1.009,0.167,33.0,55.89,1.8,0.0,0.0,-341.011,-27.805,-33,0
2025-03-20 17:37:52.777474,19ff0fff-cd56-4462-9356-b718982de84c,KXHIGHAUS-25MAR20-B71.5,22867.223,14,-1.0,70.937,69.8,69,31,0,-0.563,-1.7,-1.137,0.15,29.7,69.0,1.62,0.0,0.0,-393.367,-9.828,-31,1
2025-03-20 17:37:52.786015,cd36d55e-e5c0-458c-9ab4-39a9cacb4425,KXHIGHAUS-25MAR20-B73.5,22867.214,14,1.0,70.953,69.8,2,98,0,-2.547,-3.7,-1.153,0.135,26.73,62.1,2.0,0.0,0.0,-345.34,-20.081,2,0
2025-03-20 17:39:15.780805,49869e64-03f2-486e-8fd5-56c8612dae79,KXHIGHAUS-25MAR20-B69.5,22784.219,1,-3.0,71.069,69.8,18,82,0,1.569,0.3,-1.269,0.122,18.0,55.89,1.8,0.0,0.0,-277.696,12.8,18,0
2025-03-20 17:39:36.699600,f959bce2-961a-4a7a-8cf8-51c118e5e47a,KXHIGHAUS-25MAR20-B71.5,22763.3,13,-1.0,71.161,69.8,69,31,0,-0.339,-1.7,-1.361,0.109,16.2,69.0,1.62,0.0,0.0,-337.81,-8.965,-31,1
2025-03-20 17:39:36.699600,eb48f160-c5bf-466c-b2c9-19a3d45d725c,KXHIGHAUS-25MAR20-B71.5,22763.3,9,-1.0,71.157,69.8,61,39,0,-0.343,-1.7,-1.357,0.098,14.58,61.0,1.458,0.0,0.0,-290.154,-17.38,-39,1
2025-03-20 17:39:36.699600,51b3f923-cd81-4870-abe3-89bfb36860f8,KXHIGHAUS-25MAR20-B71.5,22763.3,20,-1.0,71.184,69.8,61,39,0,-0.316,-1.7,-1.384,0.089,13.122,61.0,1.312,0.0,0.0,-284.685,-17.797,-39,1
2025-03-20 17:39:36.699600,0901c9c4-b18a-49d5-928f-d93c8a69e0b9,KXHIGHAUS-25MAR20-B71.5,22763.3,58,-1.0,71.206,69.8,60,40,0,-0.294,-1.7,-1.406,0.08,11.81,60.0,1.181,0.0,0.0,-274.813,-18.805,-40,1
2025-03-20 17:39:55.478629,88882402-a5e1-4feb-872b-f9d86698c460,KXHIGHAUS-25MAR20-B69.5,22744.521,1,-3.0,70.655,69.8,42,58,1,1.155,0.3,-0.855,0.072,42.0,54.0,1.063,0.0,0.0,-372.263,-36.798,-42,0
2025-03-20 17:40:14.071111,46664930-9ba6-4208-8c4a-a37196cd4b81,KXHIGHAUS-25MAR20-B73.5,22725.929,22,1.0,70.689,69.8,2,98,0,-2.811,-3.7,-0.889,0.065,37.8,48.6,2.0,0.0,0.0,-327.255,-20.123,2,0
2025-03-20 17:41:57.294153,bca1ab98-c14a-4e61-bac9-153d19c4d52e,KXHIGHAUS-25MAR20-B71.5,22622.706,1,-1.0,70.773,69.8,53,47,0,-0.727,-1.7,-0.973,0.058,34.02,53.0,1.8,0.0,0.0,-331.305,-24.77,-47,1
2025-03-20 17:42:16.044980,d528758a-c46c-4150-b1c6-400f960b25d7,KXHIGHAUS-25MAR20-B71.5,22603.955,37,-1.0,70.834,69.8,55,45,0,-0.666,-1.7,-1.034,0.052,30.618,55.0,1.62,0.0,0.0,-325.793,-22.592,-45,1
2025-03-20 17:42:16.044980,8a2d6668-1736-416f-bee7-5c4ab41dde8d,KXHIGHAUS-25MAR20-B71.5,22603.955,29,-1.0,70.878,69.8,55,45,0,-0.622,-1.7,-1.078,0.047,27.556,55.0,1.458,0.0,0.0,-312.192,-22.765,-45,1
2025-03-20 17:42:41.487112,38803e9a-ec9a-4e55-8310-8fd09a212688,KXHIGHAUS-25MAR20-B73.5,22578.513,1,1.0,70.968,69.8,4,96,1,-2.532,-3.7,-1.168,0.042,24.801,49.5,4.0,0.0,0.0,-278.19,18.131,-4,0
2025-03-20 17:42:56.887502,ec5d2849-4b3a-4ac0-9ee1-b4cd9243b315,KXHIGHAUS-25MAR20-B69.5,22563.112,3,-3.0,70.954,69.8,23,77,0,1.454,0.3,-1.154,0.038,23.0,44.55,3.6,0.0,0.0,-245.742,17.782,23,0
2025-03-20 17:42:56.887502,b527925a-27ca-4d03-9037-7b8fdb9f1663,KXHIGHAUS-25MAR20-B69.5,22563.112,1,-3.0,70.882,69.8,24,76,0,1.382,0.3,-1.082,0.034,24.0,40.095,3.24,0.0,0.0,-227.967,18.789,24,0
2025-03-20 17:42:56.887502,2bf776a3-13a1-4285-b387-4b2c72e9ec4a,KXHIGHAUS-25MAR20-B69.5,22563.112,20,-3.0,70.83,69.8,24,76,0,1.33,0.3,-1.03,0.031,24.0,36.086,2.916,0.0,0.0,-208.685,18.79,24,0
2025-03-20 17:44:57.375816,aa6a0fc6-14d7-4f21-9ed2-b403aa1577ee,KXHIGHAUS-25MAR20-B69.5,22442.624,5,-3.0,70.755,69.8,25,75,0,1.255,0.3,-0.955,0.028,25.0,32.477,2.624,0.0,0.0,-195.941,19.779,25,0
2025-03-20 17:45:12.657936,cbce3bab-03ee-4292-b25b-b553086c2f69,KXHIGHAUS-25MAR20-B69.5,22427.342,5,-3.0,70.699,69.8,25,75,0,1.199,0.3,-0.899,0.025,25.0,29.229,2.362,0.0,0.0,-181.063,19.772,25,0
2025-03-20 17:45:23.181258,b503cfd5-4bfe-4bba-a08b-f9f4ab5c16fa,KXHIGHAUS-25MAR20-B69.5,22416.819,20,-3.0,70.643,69.8,25,75,0,1.143,0.3,-0.843,0.023,25.0,26.306,2.126,0.0,0.0,-168.006,19.77,25,0
2025-03-20 17:46:28.912465,38576e7b-fe0e-4728-a426-977b6d3ff413,KXHIGHAUS-25MAR20-B69.5,22351.088,50,-3.0,70.587,69.8,25,75,0,1.087,0.3,-0.787,0.02,25.0,23.676,1.913,0.0,0.0,-156.555,19.762,25,0
2025-03-20 17:48:32.117111,3fe55f07-3eb8-4bc4-a7ab-605a54dd5e0c,KXHIGHAUS-25MAR20-B69.5,22227.883,500,-3.0,70.135,69.8,40,60,1,0.635,0.3,-0.335,0.013,40.0,15.534,1.255,0.0,0.0,-190.392,-34.754,-40,0
2025-03-20 17:48:32.117111,646e7e1a-c26b-483b-a58f-216acdf62444,KXHIGHAUS-25MAR20-B69.5,22227.883,146,-3.0,70.183,69.8,40,60,1,0.683,0.3,-0.383,0.015,40.0,17.26,1.395,0.0,0.0,-197.119,-34.754,-40,0
2025-03-20 17:48:32.117111,a78cafb6-f09a-4bf8-9f37-d910897929df,KXHIGHAUS-25MAR20-B69.5,22227.883,20,-3.0,70.298,69.8,39,61,1,0.798,0.3,-0.498,0.018,39.0,21.308,1.722,0.0,0.0,-208.925,-33.75,-39,0
2025-03-20 17:48:32.117111,878c8dcc-7b88-493b-a625-b82b0b6f58af,KXHIGHAUS-25MAR20-B69.5,22227.883,4,-3.0,70.246,69.8,39,61,1,0.746,0.3,-0.446,0.016,39.0,19.177,1.55,0.0,0.0,-200.135,-33.75,-39,0
2025-03-20 17:49:00.714855,df609aec-42d8-4283-9ce5-7ebe2aa6c1d2,KXHIGHAUS-25MAR20-B69.5,22199.285,19,-3.0,70.309,69.8,25,75,0,0.809,0.3,-0.509,0.012,25.0,13.98,1.13,0.0,0.0,-117.432,19.741,25,0
2025-03-20 17:49:00.714855,82e192d7-3102-4f7d-9e80-da49018ba8c4,KXHIGHAUS-25MAR20-B69.5,22199.285,100,-3.0,70.257,69.8,25,75,0,0.757,0.3,-0.457,0.011,25.0,12.582,1.017,0.0,0.0,-112.302,19.749,25,0
2025-03-20 17:49:21.924169,83096997-145f-4c84-9d5f-b6a52adf6a65,KXHIGHAUS-25MAR20-B69.5,22178.076,12,-3.0,70.013,69.8,39,61,1,0.513,0.3,-0.213,0.01,39.0,11.324,0.915,0.0,0.0,-170.235,-33.729,-39,0
2025-03-20 17:50:31.814056,bb8d54cb-00bb-4148-b849-553fe3b9ed11,KXHIGHAUS-25MAR20-B71.5,22108.186,100,-1.0,70.754,69.8,56,44,0,-0.746,-1.7,-0.954,0.009,35.1,56.0,0.824,0.0,0.0,-350.111,-21.061,-44,1
2025-03-20 17:50:31.814056,73512565-c119-4efe-82ea-2122b7561a9d,KXHIGHAUS-25MAR20-B71.5,22108.186,118,-1.0,70.801,69.8,56,44,0,-0.699,-1.7,-1.001,0.008,31.59,56.0,0.741,0.0,0.0,-334.235,-21.133,-44,1
2025-03-20 17:51:27.358155,f99b2c89-ad17-4773-aa09-0d14e52a6a1b,KXHIGHAUS-25MAR20-B69.5,22052.642,10,-3.0,71.251,69.8,8,92,0,1.751,0.3,-1.451,0.007,8.0,50.4,0.667,0.0,0.0,-213.898,2.711,8,0
2025-03-20 17:51:27.358155,9e348c34-e6be-44d5-8a69-079d02db1615,KXHIGHAUS-25MAR20-B69.5,22052.642,150,-3.0,71.164,69.8,10,90,0,1.664,0.3,-1.364,0.006,10.0,45.36,0.6,0.0,0.0,-195.719,4.713,10,0
2025-03-20 17:51:27.358155,290a7fca-beff-44fa-8567-1b0d765c2652,KXHIGHAUS-25MAR20-B69.5,22052.642,95,-3.0,71.233,69.8,7,93,0,1.733,0.3,-1.433,0.006,7.0,40.824,0.54,0.0,0.0,-164.686,1.713,7,0
2025-03-20 17:51:37.780556,0eed2c69-2303-4ec6-8f1c-bc3a57a5688e,KXHIGHAUS-25MAR20-B71.5,22042.219,17,-1.0,71.363,69.8,78,22,1,-0.137,-1.7,-1.563,0.005,6.3,78.0,0.486,0.0,0.0,-351.041,-0.949,22,1
2025-03-20 17:51:42.078125,e2b16a16-8090-49fc-af79-a51472e39bb8,KXHIGHAUS-25MAR20-B69.5,22037.922,108,-3.0,71.331,69.8,7,93,0,1.831,0.3,-1.531,0.005,7.0,70.2,0.438,0.0,0.0,-311.679,1.707,7,0
2025-03-20 17:51:42.078125,671da08e-b85f-4557-99f7-1509c07b540a,KXHIGHAUS-25MAR20-B69.5,22037.922,37,-3.0,71.339,69.8,6,94,0,1.839,0.3,-1.539,0.004,6.0,63.18,0.394,0.0,0.0,-272.304,0.708,6,0
2025-03-20 17:51:42.078125,3a17cf5f-6548-4007-bd26-c254aadb1929,KXHIGHAUS-25MAR20-B69.5,22037.922,163,-3.0,71.265,69.8,8,92,0,1.765,0.3,-1.465,0.004,8.0,56.862,0.355,0.0,0.0,-246.005,2.709,8,0
2025-03-20 17:51:45.959325,e205aed0-5d11-4d1d-89aa-6abfed3273ff,KXHIGHAUS-25MAR20-B69.5,22034.041,163,-3.0,71.302,69.8,6,94,0,1.802,0.3,-1.502,0.003,6.0,51.176,0.319,0.0,0.0,-211.757,0.694,6,0
2025-03-20 17:51:52.297430,374c3445-dcea-41bb-846c-da0f2e8fafb0,KXHIGHAUS-25MAR20-B71.5,22027.703,83,-1.0,71.41,69.8,79,21,1,-0.09,-1.7,-1.61,0.002,3.937,79.0,0.209,0.0,0.0,-350.24,-2.278,21,1
2025-03-20 17:51:52.297430,cca658a2-0995-49ce-9bc7-6ff269445faf,KXHIGHAUS-25MAR20-B71.5,22027.703,20,-1.0,71.389,69.8,78,22,1,-0.111,-1.7,-1.589,0.003,4.86,78.0,0.258,0.0,0.0,-347.141,-1.713,22,1
2025-03-20 17:51:52.297430,d4392364-ab1b-4d85-a936-8c9fbb3884bb,KXHIGHAUS-25MAR20-B71.5,22027.703,9,-1.0,71.378,69.8,78,22,1,-0.122,-1.7,-1.578,0.003,5.4,78.0,0.287,0.0,0.0,-348.554,-1.725,22,1
2025-03-20 17:51:52.297430,664172f2-a3ab-450d-9fc5-2d01e672d760,KXHIGHAUS-25MAR20-B71.5,22027.703,13,-1.0,71.4,69.8,78,22,1,-0.1,-1.7,-1.6,0.002,4.374,78.0,0.233,0.0,0.0,-345.924,-1.303,22,1
2025-03-20 17:52:08.300674,af93da03-9f97-480d-b86c-e4c573a544e8,KXHIGHAUS-25MAR20-B69.5,22011.699,300,-3.0,71.424,69.8,3,97,0,1.924,0.3,-1.624,0.002,3.0,71.1,0.188,0.0,0.0,-306.146,-2.322,3,0
2025-03-20 17:52:08.300674,50318405-45f9-4315-972a-1f11242548a4,KXHIGHAUS-25MAR20-B69.5,22011.699,500,-3.0,71.474,69.8,1,99,0,1.974,0.3,-1.674,0.002,1.0,63.99,0.17,0.0,0.0,-265.805,-4.32,1,0
2025-03-20 17:52:08.300674,364cc7b8-9976-419f-8c84-090561bd755c,KXHIGHAUS-25MAR20-B69.5,22011.699,71,-3.0,71.471,69.8,1,99,0,1.971,0.3,-1.671,0.002,1.0,57.591,0.153,0.0,0.0,-233.14,-4.312,1,0
2025-03-20 17:52:08.300674,355a37e6-9b3c-4118-b166-e28d90d06180,KXHIGHAUS-25MAR20-B69.5,22011.699,100,-3.0,71.467,69.8,1,99,0,1.967,0.3,-1.667,0.001,1.0,51.832,0.137,0.0,0.0,-204.35,-4.31,1,0
2025-03-20 17:52:08.343673,b48df07d-2747-40c6-85f9-f5fe90283636,KXHIGHAUS-25MAR20-B71.5,22011.656,5,-1.0,71.481,69.8,79,21,1,-0.019,-1.7,-1.681,0.001,0.9,79.0,0.124,0.0,0.0,-344.824,-2.917,21,1
2025-03-20 17:52:08.343673,61bd5086-a32f-4a35-b86d-3878891097ba,KXHIGHAUS-25MAR20-B71.5,22011.656,320,-1.0,71.484,69.8,88,12,1,-0.016,-1.7,-1.684,0.001,0.81,88.0,0.111,0.0,0.0,-393.583,-11.888,12,1
2025-03-20 17:52:08.376375,21bf1493-f01b-47c4-a404-6888227ec608,KXHIGHAUS-25MAR20-B73.5,22011.624,325,1.0,71.555,69.8,3,97,1,-1.945,-3.7,-1.755,0.001,0.729,79.2,3.0,0.0,0.0,-349.319,19.155,-3,0
2025-03-20 17:52:08.378432,35cae1a6-4108-44cc-bfb4-c47c8c275423,KXHIGHAUS-25MAR20-B69.5,22011.622,325,-3.0,71.545,69.8,1,99,1,2.045,0.3,-1.745,0.001,1.0,71.28,2.7,0.0,0.0,-306.8,4.369,-1,0
2025-03-20 17:52:14.263371,af0bc525-1d4c-4e99-bbc5-6be6a33f40be,KXHIGHAUS-25MAR20-B69.5,22005.737,126,-3.0,71.542,69.8,1,99,1,2.042,0.3,-1.742,0.001,1.0,64.152,2.43,0.0,0.0,-269.104,4.374,-1,0
2025-03-20 17:52:21.294658,87696219-16ce-496b-90b9-c6ba331f1790,KXHIGHAUS-25MAR20-B71.5,21998.705,555,-1.0,71.525,69.8,99,1,1,0.025,-1.7,-1.725,0.001,0.9,99.0,2.187,0.0,0.0,-456.528,-22.936,1,1
2025-03-20 17:52:26.219226,66c84fe1-9f89-48a1-a647-19e5cc7cc237,KXHIGHAUS-25MAR20-B71.5,21993.781,240,-1.0,71.523,69.8,99,1,1,0.023,-1.7,-1.723,0.001,0.81,99.0,1.968,0.0,0.0,-456.074,-22.985,1,1
2025-03-20 17:52:36.606650,37b26502-1ccc-41df-b3ba-0d3924030e32,KXHIGHAUS-25MAR20-B69.5,21983.393,100,-3.0,71.517,69.8,1,99,1,2.017,0.3,-1.717,0.001,1.0,89.1,1.771,0.0,0.0,-401.046,4.374,-1,0
2025-03-20 17:53:20.314814,2c78eacc-d70c-4fe6-9471-7f36bfe23f9d,KXHIGHAUS-25MAR20-B71.5,21939.685,10,-1.0,71.514,69.8,99,1,0,0.014,-1.7,-1.714,0.001,0.9,99.0,1.594,0.0,0.0,-455.561,23.011,-1,1
2025-03-20 17:54:22.017790,5062ab5b-f44b-41fa-883f-6ab4a873d963,KXHIGHAUS-25MAR20-B71.5,21877.982,43,-1.0,71.512,69.8,99,1,0,0.012,-1.7,-1.712,0.001,0.81,99.0,1.435,0.0,0.0,-455.26,23.456,-1,1
2025-03-20 17:54:50.044910,9fe31af6-0e1c-4230-9399-50b4cae35319,KXHIGHAUS-25MAR20-B69.5,21849.955,935,-3.0,71.506,69.8,1,99,1,2.006,0.3,-1.706,0.0,1.0,89.1,1.291,0.0,0.0,-400.364,4.384,-1,0
2025-03-20 17:57:31.798643,b12a2086-4157-43dd-b97a-3924afe717d8,KXHIGHAUS-25MAR20-B69.5,21688.201,758,-3.0,71.504,69.8,1,99,1,2.004,0.3,-1.704,0.0,1.0,80.19,1.162,0.0,0.0,-351.757,4.385,-1,0
2025-03-20 17:57:38.604572,6a778b74-c6b5-428b-a5a4-ad3939f19303,KXHIGHAUS-25MAR20-B69.5,21681.395,20,-3.0,71.501,69.8,1,99,1,2.001,0.3,-1.701,0.0,1.0,72.171,1.046,0.0,0.0,-308.867,4.397,-1,0
2025-03-20 18:06:39.320864,66eda037-525b-422d-a8ce-5d517d458518,KXHIGHAUS-25MAR20-B73.5,21140.679,709,1.0,71.503,69.8,1,99,1,-1.997,-3.7,-1.703,0.0,0.9,64.954,1.0,0.0,0.0,-270.999,21.309,-1,0
2025-03-20 18:17:02.922129,64c76a36-4cb0-457d-94c2-46680ccecb4f,KXHIGHAUS-25MAR20-B71.5,20517.078,160,-1.0,71.502,69.8,99,1,0,0.002,-1.7,-1.702,0.0,0.81,99.0,0.9,0.0,0.0,-454.649,23.713,-1,1
2025-03-20 18:17:02.922129,33bb9059-220a-4b97-a36b-0d47208f36e7,KXHIGHAUS-25MAR20-B71.5,20517.078,581,-1.0,71.502,69.8,97,3,0,0.002,-1.7,-1.702,0.0,0.729,97.0,0.81,0.0,0.0,-443.344,21.682,-3,1
2025-03-20 18:17:02.922129,331f8009-00f2-49c1-ad2d-e9cdee86ca46,KXHIGHAUS-25MAR20-B71.5,20517.078,500,-1.0,71.501,69.8,99,1,0,0.001,-1.7,-1.701,0.0,0.656,99.0,0.729,0.0,0.0,-454.408,23.669,-1,1
2025-03-20 18:26:42.020085,9b19d962-b6ab-4fd0-ab05-9060f79a1553,KXHIGHAUS-25MAR20-B69.5,19937.98,540,-3.0,71.492,69.8,1,99,1,1.992,0.3,-1.692,0.0,1.0,89.1,0.656,0.0,0.0,-399.759,4.4,-1,0
2025-03-20 18:26:51.442544,8112aa2a-c340-44b5-b39f-60e61e5e6a32,KXHIGHAUS-25MAR20-B69.5,19928.557,540,-3.0,71.49,69.8,1,99,1,1.99,0.3,-1.69,0.0,1.0,80.19,0.59,0.0,0.0,-351.272,4.413,-1,0
2025-03-20 18:27:04.802450,6728e430-3a0c-47b8-a678-e39b7e468294,KXHIGHAUS-25MAR20-B69.5,19915.198,530,-3.0,71.487,69.8,1,99,1,1.987,0.3,-1.687,0.0,1.0,72.171,0.531,0.0,0.0,-308.485,4.419,-1,0
2025-03-20 18:27:18.598777,8d554474-7ecb-4b51-8091-bfb2f01dc9b3,KXHIGHAUS-25MAR20-B69.5,19901.401,530,-3.0,71.484,69.8,1,99,1,1.984,0.3,-1.684,0.0,1.0,64.954,0.478,0.0,0.0,-270.743,4.42,-1,0
2025-03-20 18:27:33.778498,b2c343c6-2606-4b20-b735-3ba55e12e6a0,KXHIGHAUS-25MAR20-B69.5,19886.222,520,-3.0,71.481,69.8,1,99,1,1.981,0.3,-1.681,0.0,1.0,58.459,0.43,0.0,0.0,-237.464,4.425,-1,0
2025-03-20 18:27:52.533994,2586987c-42f5-4728-9bf3-ea580309dc8d,KXHIGHAUS-25MAR20-B69.5,19867.466,500,-3.0,71.477,69.8,1,99,1,1.977,0.3,-1.677,0.0,1.0,52.613,0.387,0.0,0.0,-208.133,4.427,-1,0
2025-03-20 18:28:08.599394,af2f505b-5145-44a0-902c-f0002116e5fa,KXHIGHAUS-25MAR20-B71.5,19851.401,19,-1.0,71.489,69.8,97,3,0,-0.011,-1.7,-1.689,0.0,0.9,97.0,0.349,0.0,0.0,-443.284,21.851,-3,1
2025-03-20 18:28:09.406756,2875e01a-fc8c-4a86-926b-b1f06abbe604,KXHIGHAUS-25MAR20-B69.5,19850.593,500,-3.0,71.485,69.8,1,99,1,1.985,0.3,-1.685,0.0,1.0,87.3,0.314,0.0,0.0,-389.81,4.428,-1,0
2025-03-20 18:28:21.429168,766fee93-bc82-4941-8613-5f6761be9aad,KXHIGHAUS-25MAR20-B69.5,19838.571,500,-3.0,71.482,69.8,1,99,1,1.982,0.3,-1.682,0.0,1.0,78.57,0.282,0.0,0.0,-342.521,4.43,-1,0
2025-03-20 18:28:30.856129,4da4af72-5775-469b-a8ad-a581fcf7c339,KXHIGHAUS-25MAR20-B69.5,19829.144,500,-3.0,71.479,69.8,1,99,1,1.979,0.3,-1.679,0.0,1.0,70.713,0.254,0.0,0.0,-300.792,4.436,-1,0
2025-03-20 18:28:40.609163,2fe10a26-946e-4050-8172-7bc7e7792192,KXHIGHAUS-25MAR20-B69.5,19819.391,500,-3.0,71.476,69.8,1,99,1,1.976,0.3,-1.676,0.0,1.0,63.642,0.229,0.0,0.0,-263.983,4.439,-1,0
2025-03-20 18:28:53.477250,e695c731-452b-443e-86ae-a6b42ef28eb6,KXHIGHAUS-25MAR20-B71.5,19806.523,5,-1.0,71.486,69.8,97,3,1,-0.014,-1.7,-1.686,0.0,0.9,97.0,0.206,0.0,0.0,-443.326,-21.965,3,1
2025-03-20 18:29:03.745578,4d748777-411f-4ac8-a30f-8b37ec51b4e0,KXHIGHAUS-25MAR20-B71.5,19796.254,244,-1.0,71.488,69.8,94,6,0,-0.012,-1.7,-1.688,0.0,0.729,94.0,0.167,0.0,0.0,-426.54,18.982,-6,1
2025-03-20 18:29:03.745578,a6348eea-8511-4f0a-837c-1ea3b3d0293b,KXHIGHAUS-25MAR20-B71.5,19796.254,86,-1.0,71.487,69.8,94,6,0,-0.013,-1.7,-1.687,0.0,0.81,94.0,0.185,0.0,0.0,-426.586,19.013,-6,1
2025-03-20 18:30:33.753323,fbed9dfd-9fb2-4801-af45-78ffeaca8f37,KXHIGHAUS-25MAR20-B69.5,19706.247,500,-3.0,71.48,69.8,1,99,1,1.98,0.3,-1.68,0.0,1.0,84.6,0.15,0.0,0.0,-375.164,4.441,-1,0
2025-03-20 18:30:42.698393,22ab3784-4459-4bbf-8035-f21e79925be5,KXHIGHAUS-25MAR20-B69.5,19697.302,500,-3.0,71.478,69.8,1,99,1,1.978,0.3,-1.678,0.0,1.0,76.14,0.135,0.0,0.0,-329.611,4.461,-1,0
2025-03-20 18:30:52.210163,bcc04bc1-a3bc-4798-ae1d-0be22e6bd30c,KXHIGHAUS-25MAR20-B69.5,19687.79,1,-3.0,71.475,69.8,1,99,1,1.975,0.3,-1.675,0.0,1.0,68.526,0.122,0.0,0.0,-289.417,4.479,-1,0
2025-03-20 18:30:52.210163,4c9b637e-baf3-4c48-b440-2a46ef290b66,KXHIGHAUS-25MAR20-B69.5,19687.79,105,-3.0,71.472,69.8,1,99,1,1.972,0.3,-1.672,0.0,1.0,61.673,0.109,0.0,0.0,-253.966,4.478,-1,0
2025-03-20 18:30:52.210163,4b594ecb-0342-4cce-8dda-3d8a12eadfa3,KXHIGHAUS-25MAR20-B69.5,19687.79,394,-3.0,71.468,69.8,1,99,1,1.968,0.3,-1.668,0.0,1.0,55.506,0.098,0.0,0.0,-222.711,4.461,-1,0
2025-03-20 18:30:59.633502,0f403427-d478-4331-a82d-5056893423b3,KXHIGHAUS-25MAR20-B69.5,19680.366,500,-3.0,71.464,69.8,1,99,1,1.964,0.3,-1.664,0.0,1.0,49.955,0.089,0.0,0.0,-195.167,4.482,-1,0
2025-03-20 18:31:09.823041,3657c25e-b311-4a39-8eb3-6b579a140d92,KXHIGHAUS-25MAR20-B69.5,19670.177,500,-3.0,71.46,69.8,1,99,1,1.96,0.3,-1.66,0.0,1.0,44.96,0.08,0.0,0.0,-170.905,4.483,-1,0
2025-03-20 18:31:17.313262,b832436b-2986-460c-baf2-a23d1cc6ecee,KXHIGHAUS-25MAR20-B69.5,19662.687,500,-3.0,71.455,69.8,1,99,1,1.955,0.3,-1.655,0.0,1.0,40.464,0.072,0.0,0.0,-149.544,4.485,-1,0
2025-03-20 18:31:26.685199,0c2f3612-e948-4b89-9015-b4f4b54a945f,KXHIGHAUS-25MAR20-B69.5,19653.315,500,-3.0,71.45,69.8,1,99,1,1.95,0.3,-1.65,0.0,1.0,36.418,0.065,0.0,0.0,-130.746,4.487,-1,0
2025-03-20 18:32:10.212068,9ab7d7ee-7490-4ddf-9e86-a5b0857dbb56,KXHIGHAUS-25MAR20-B69.5,19609.788,500,-3.0,71.444,69.8,1,99,1,1.944,0.3,-1.644,0.0,1.0,32.776,0.058,0.0,0.0,-114.212,4.488,-1,0
2025-03-20 18:32:17.603779,873c7749-976b-4803-a399-1ce2e81c18ed,KXHIGHAUS-25MAR20-B69.5,19602.396,500,-3.0,71.438,69.8,1,99,1,1.938,0.3,-1.638,0.0,1.0,29.498,0.052,0.0,0.0,-99.677,4.489,-1,0
2025-03-20 18:32:26.261056,03fd52b2-8adf-4200-9772-a66a50ab3ee7,KXHIGHAUS-25MAR20-B69.5,19593.739,500,-3.0,71.431,69.8,1,99,1,1.931,0.3,-1.631,0.0,1.0,26.548,0.047,0.0,0.0,-86.907,4.498,-1,0
2025-03-20 18:32:34.492484,677cb6a8-66dd-4e1d-adb6-76fd08bb0f54,KXHIGHAUS-25MAR20-B69.5,19585.508,500,-3.0,71.423,69.8,1,99,1,1.923,0.3,-1.623,0.0,1.0,23.894,0.042,0.0,0.0,-75.695,4.498,-1,0
2025-03-20 18:32:41.947654,332a960c-515e-412f-96ba-074f628a8313,KXHIGHAUS-25MAR20-B69.5,19578.052,500,-3.0,71.415,69.8,1,99,1,1.915,0.3,-1.615,0.0,1.0,21.504,0.038,0.0,0.0,-65.855,4.508,-1,0
2025-03-20 18:32:50.026702,8befb9c5-624a-4be6-a49a-f8c88e6c1c95,KXHIGHAUS-25MAR20-B69.5,19569.973,500,-3.0,71.405,69.8,1,99,1,1.905,0.3,-1.605,0.0,1.0,19.354,0.034,0.0,0.0,-57.227,4.531,-1,0
2025-03-20 18:32:57.989611,5e86e20c-f716-481f-b4a6-6c259d5bc1f9,KXHIGHAUS-25MAR20-B69.5,19562.01,500,-3.0,71.395,69.8,1,99,1,1.895,0.3,-1.595,0.0,1.0,17.418,0.031,0.0,0.0,-49.666,4.532,-1,0
2025-03-20 18:33:50.411335,c8077a0b-d8f8-4221-a92b-0df04d4d39eb,KXHIGHAUS-25MAR20-B69.5,19509.589,500,-3.0,71.384,69.8,1,99,1,1.884,0.3,-1.584,0.0,1.0,15.677,0.028,0.0,0.0,-43.045,4.533,-1,0
2025-03-20 18:34:00.978248,7e22d15d-2d73-4450-8265-a2b1d8f0dadc,KXHIGHAUS-25MAR20-B69.5,19499.022,500,-3.0,71.371,69.8,1,99,1,1.871,0.3,-1.571,0.0,1.0,14.109,0.025,0.0,0.0,-37.251,4.535,-1,0
2025-03-20 18:34:09.527700,eff20823-d28c-4c1e-b2ae-f27953c81a4a,KXHIGHAUS-25MAR20-B69.5,19490.472,500,-3.0,71.358,69.8,1,99,1,1.858,0.3,-1.558,0.0,1.0,12.698,0.023,0.0,0.0,-32.186,4.535,-1,0
2025-03-20 18:34:20.767832,de15dc8d-b51a-41fc-8586-374f5e24b4a4,KXHIGHAUS-25MAR20-B69.5,19479.232,1000,-3.0,71.343,69.8,1,99,1,1.843,0.3,-1.543,0.0,1.0,11.428,0.02,0.0,0.0,-27.761,4.535,-1,0
2025-03-20 18:36:04.018145,80fe62f1-8906-4f2e-9b57-3e3e0e8544fe,KXHIGHAUS-25MAR20-B69.5,19375.982,1000,-3.0,71.326,69.8,1,99,1,1.826,0.3,-1.526,0.0,1.0,10.285,0.018,0.0,0.0,-23.899,4.552,-1,0
2025-03-20 18:37:17.414613,d73a9f44-596d-4f38-ae25-df6e7755d6d6,KXHIGHAUS-25MAR20-B69.5,19302.585,935,-3.0,71.309,69.8,1,99,1,1.809,0.3,-1.509,0.0,1.0,9.257,0.016,0.0,0.0,-20.532,4.555,-1,0
2025-03-20 18:40:01.958776,90761078-ae72-4559-8846-fa57f70d9c63,KXHIGHAUS-25MAR20-B71.5,19138.041,46,-1.0,71.482,69.8,97,3,0,-0.018,-1.7,-1.682,0.0,0.9,97.0,0.015,0.0,0.0,-443.59,22.067,-3,1
2025-03-20 18:40:07.137081,fe320e77-1d9b-40cf-84fe-1001e5206dc1,KXHIGHAUS-25MAR20-B69.5,19132.863,500,-3.0,71.478,69.8,1,99,1,1.978,0.3,-1.678,0.0,1.0,87.3,0.013,0.0,0.0,-390.117,4.585,-1,0
2025-03-20 18:40:07.137081,bb8b21f3-5650-437d-8e29-5343d7fb4b96,KXHIGHAUS-25MAR20-B69.5,19132.863,2500,-3.0,71.475,69.8,1,99,1,1.975,0.3,-1.675,0.0,1.0,78.57,0.012,0.0,0.0,-342.826,4.557,-1,0
2025-03-20 18:40:16.929725,ae2a1b80-e3a4-4a4e-9856-2d83abf4f91f,KXHIGHAUS-25MAR20-B69.5,19123.07,1499,-3.0,71.472,69.8,1,99,1,1.972,0.3,-1.672,0.0,1.0,70.713,0.011,0.0,0.0,-301.092,4.597,-1,0
2025-03-20 18:40:16.929725,2b31c30a-d359-4cf6-8024-f3e9fbb64921,KXHIGHAUS-25MAR20-B69.5,19123.07,1000,-3.0,71.469,69.8,1,99,1,1.969,0.3,-1.669,0.0,1.0,63.642,0.01,0.0,0.0,-264.276,4.596,-1,0
2025-03-20 18:40:16.929725,235f8bd7-0388-401e-bcd4-b3dee00260db,KXHIGHAUS-25MAR20-B69.5,19123.07,501,-3.0,71.466,69.8,1,99,1,1.966,0.3,-1.666,0.0,1.0,57.278,0.009,0.0,0.0,-231.813,4.595,-1,0
2025-03-20 18:41:56.180148,f5b4102b-d767-4dbf-bd1d-36f27de0fa57,KXHIGHAUS-25MAR20-B69.5,19023.82,100,-3.0,71.426,69.8,2,98,1,1.926,0.3,-1.626,0.0,2.0,51.55,0.008,0.0,0.0,-204.586,3.603,-2,0
2025-03-20 18:41:56.180148,d5140f9e-7b0b-4800-82b1-b3de57fca04c,KXHIGHAUS-25MAR20-B69.5,19023.82,18,-3.0,71.342,69.8,4,96,1,1.842,0.3,-1.542,0.0,4.0,46.395,0.007,0.0,0.0,-183.536,1.602,-4,0
2025-03-20 18:41:56.180148,7348d205-388a-41d2-921a-5be1c0d20c0d,KXHIGHAUS-25MAR20-B69.5,19023.82,200,-3.0,71.366,69.8,3,97,1,1.866,0.3,-1.566,0.0,3.0,41.755,0.006,0.0,0.0,-159.087,2.601,-3,0
2025-03-20 18:41:56.180148,603382cc-0a20-4604-88a5-1830965b8f57,KXHIGHAUS-25MAR20-B69.5,19023.82,183,-3.0,71.265,69.8,5,95,1,1.765,0.3,-1.465,0.0,5.0,37.58,0.006,0.0,0.0,-144.299,0.601,-5,0
2025-03-20 18:41:56.180148,32836633-4190-40e2-aa42-e0af58796891,KXHIGHAUS-25MAR20-B69.5,19023.82,499,-3.0,71.443,69.8,1,99,1,1.943,0.3,-1.643,0.0,1.0,33.822,0.005,0.0,0.0,-119.063,4.598,-1,0
2025-03-20 18:43:22.307098,46637696-1bb2-4e98-b52b-aa5b32985fac,KXHIGHAUS-25MAR20-B71.5,18937.693,104,-1.0,71.482,69.8,97,3,0,-0.018,-1.7,-1.682,0.0,0.9,97.0,0.005,0.0,0.0,-443.627,22.081,-3,1
2025-03-20 18:43:35.413753,3d717170-15fd-41e4-946e-c7662c2f01f3,KXHIGHAUS-25MAR20-B69.5,18924.586,117,-3.0,71.354,69.8,5,95,1,1.854,0.3,-1.554,0.0,5.0,63.642,0.003,0.0,0.0,-272.351,0.604,-5,0
2025-03-20 18:43:35.413753,956b623c-66f5-4c96-8051-9d5a8cc9aa3b,KXHIGHAUS-25MAR20-B69.5,18924.586,173,-3.0,71.344,69.8,6,94,1,1.844,0.3,-1.544,0.0,6.0,70.713,0.003,0.0,0.0,-311.872,-0.395,-6,0
2025-03-20 18:43:35.413753,e6d85112-4caa-403c-9c8c-1ee242a34134,KXHIGHAUS-25MAR20-B69.5,18924.586,8,-3.0,71.332,69.8,8,92,1,1.832,0.3,-1.532,0.0,8.0,87.3,0.004,0.0,0.0,-406.787,-2.389,-8,0
2025-03-20 18:43:35.413753,e4191fb0-f7dd-4907-a948-c36fb5efc421,KXHIGHAUS-25MAR20-B69.5,18924.586,202,-3.0,71.295,69.8,9,91,1,1.795,0.3,-1.495,0.0,9.0,78.57,0.004,0.0,0.0,-362.633,-3.389,-9,0
2025-03-20 18:45:47.620767,dedbdd7c-1bea-42c9-8978-8e03ae7ba04f,KXHIGHAUS-25MAR20-B69.5,18792.379,1,-3.0,71.178,69.8,11,89,1,1.678,0.3,-1.378,0.0,11.0,57.278,0.003,0.0,0.0,-258.215,-5.373,-11,0
2025-03-20 18:45:47.620767,d2482d18-8493-4d45-acfe-b4f64c3e2734,KXHIGHAUS-25MAR20-B69.5,18792.379,198,-3.0,71.203,69.8,9,91,1,1.703,0.3,-1.403,0.0,9.0,51.55,0.002,0.0,0.0,-222.998,-3.377,-9,0
2025-03-20 18:45:47.620767,77411c9e-415e-4384-ace6-d02904faf70e,KXHIGHAUS-25MAR20-B69.5,18792.379,16,-3.0,70.987,69.8,16,84,1,1.487,0.3,-1.187,0.0,16.0,46.395,0.002,0.0,0.0,-222.373,-10.381,-16,0
2025-03-20 18:45:47.620767,6a8d2404-91f5-412d-97ce-eb074ae16a2f,KXHIGHAUS-25MAR20-B69.5,18792.379,199,-3.0,71.249,69.8,6,94,1,1.749,0.3,-1.449,0.0,6.0,41.755,0.002,0.0,0.0,-166.562,-0.384,-6,0
2025-03-20 18:45:47.620767,312209fc-04a3-4473-8b98-06bb90ec82f7,KXHIGHAUS-25MAR20-B69.5,18792.379,86,-3.0,70.877,69.8,17,83,1,1.377,0.3,-1.077,0.0,17.0,37.58,0.002,0.0,0.0,-184.435,-11.386,-17,0
2025-03-20 18:45:55.624200,84e5fd03-6395-4a4b-9f2b-a35ad5fdffe8,KXHIGHAUS-25MAR20-B69.5,18784.376,131,-3.0,70.858,69.8,16,84,1,1.358,0.3,-1.058,0.0,16.0,33.822,0.002,0.0,0.0,-163.441,-10.373,-16,0
2025-03-20 18:45:55.624200,6030224a-ffae-43f1-a2af-e4b949c871c9,KXHIGHAUS-25MAR20-B69.5,18784.376,1,-3.0,70.811,69.8,16,84,1,1.311,0.3,-1.011,0.0,16.0,30.44,0.001,0.0,0.0,-148.326,-10.373,-16,0
2025-03-20 18:45:55.624200,510ddcc9-1a4d-4bad-9785-6e4351c72f4d,KXHIGHAUS-25MAR20-B69.5,18784.376,368,-3.0,70.734,69.8,17,83,1,1.234,0.3,-0.934,0.0,17.0,27.396,0.001,0.0,0.0,-138.846,-11.373,-17,0
2025-03-20 18:45:55.630068,da0760d1-4409-4d6d-b8b1-1f6d8a3c60e0,KXHIGHAUS-25MAR20-B71.5,18784.37,1,-1.0,71.228,69.8,97,3,0,-0.272,-1.7,-1.428,0.0,15.3,97.0,0.001,0.0,0.0,-485.475,22.141,-3,1
2025-03-20 18:45:55.696955,12766245-8e26-4ded-8427-33c84150f4c8,KXHIGHAUS-25MAR20-B71.5,18784.303,131,-1.0,71.251,69.8,97,3,0,-0.249,-1.7,-1.451,0.0,13.77,97.0,0.001,0.0,0.0,-479.851,22.255,-3,1
2025-03-20 18:46:15.838038,58c445fc-76e4-4780-a937-7062f5d7d37c,KXHIGHAUS-25MAR20-B69.5,18764.162,46,-3.0,71.078,69.8,17,83,1,1.578,0.3,-1.278,0.0,17.0,63.642,0.001,0.0,0.0,-312.481,-11.373,-17,0
2025-03-20 18:46:15.838038,d499354c-9afa-4d4e-9c3c-c5563c1d73ec,KXHIGHAUS-25MAR20-B69.5,18764.162,1,-3.0,70.864,69.8,33,67,1,1.364,0.3,-1.064,0.0,33.0,70.713,0.001,0.0,0.0,-416.52,-27.373,-33,0
2025-03-20 18:46:15.838038,1c59817b-164b-4563-95b5-5dc20a1b0921,KXHIGHAUS-25MAR20-B69.5,18764.162,16,-3.0,70.783,69.8,32,68,1,1.283,0.3,-0.983,0.0,32.0,57.278,0.001,0.0,0.0,-342.753,-26.373,-32,0
2025-03-20 18:46:15.838038,f9ee2b9b-7d0f-4393-b264-6b45626224f1,KXHIGHAUS-25MAR20-B69.5,18764.162,131,-3.0,71.19,69.8,16,84,1,1.69,0.3,-1.39,0.0,16.0,87.3,0.001,0.0,0.0,-434.529,-10.37,-16,0
2025-03-20 18:46:15.838038,d576d56e-42ee-4511-98c7-d91f1b234837,KXHIGHAUS-25MAR20-B69.5,18764.162,6,-3.0,70.921,69.8,32,68,1,1.421,0.3,-1.121,0.0,32.0,78.57,0.001,0.0,0.0,-453.776,-26.373,-32,0
2025-03-20 18:46:15.914030,fea7fcf4-169d-4acf-ac20-b397485db426,KXHIGHAUS-25MAR20-B71.5,18764.086,13,-1.0,71.042,69.8,97,3,0,-0.458,-1.7,-1.242,0.0,28.8,97.0,0.001,0.0,0.0,-540.522,22.422,-3,1
2025-03-20 18:46:15.914030,583f1b8f-9251-407f-b532-6adbf8cee972,KXHIGHAUS-25MAR20-B71.5,18764.086,118,-1.0,71.078,69.8,97,3,0,-0.422,-1.7,-1.278,0.0,25.92,97.0,0.001,0.0,0.0,-528.113,22.284,-3,1
2025-03-20 18:49:59.359482,47f0c58f-765f-4cb9-a172-dce5d9fec75d,KXHIGHAUS-25MAR20-B69.5,18540.641,25,-3.0,71.477,69.8,1,99,0,1.977,0.3,-1.677,0.0,1.0,87.3,0.0,0.0,0.0,-390.171,-4.631,1,0
2025-03-20 18:50:22.668364,e8134ba5-4b46-4b95-9ff4-d1b7a209ec91,KXHIGHAUS-25MAR20-B69.5,18517.332,25,-3.0,71.475,69.8,1,99,0,1.975,0.3,-1.675,0.0,1.0,78.57,0.0,0.0,0.0,-342.875,-4.631,1,0
2025-03-20 18:51:40.465722,5fcf555c-14f2-431c-bb30-7b5952fdb9fc,KXHIGHAUS-25MAR20-B69.5,18439.534,8,-3.0,71.472,69.8,1,99,0,1.972,0.3,-1.672,0.0,1.0,70.713,0.0,0.0,0.0,-301.138,-4.631,1,0
2025-03-20 18:52:21.614058,e721077c-6052-4322-8754-9d85710fc30c,KXHIGHAUS-25MAR20-B71.5,18398.386,3,-1.0,71.482,69.8,99,1,1,-0.018,-1.7,-1.682,0.0,0.9,99.0,0.0,0.0,0.0,-454.819,-24.553,1,1
2025-03-20 18:58:14.610453,14a2062b-283d-4f88-8778-aaea24d25d42,KXHIGHAUS-25MAR20-B69.5,18045.39,10,-3.0,71.475,69.8,1,99,1,1.975,0.3,-1.675,0.0,1.0,80.19,0.0,0.0,0.0,-351.583,4.635,-1,0
2025-03-20 18:58:14.610453,28453302-6c64-4c2e-bc95-fb23aca7b7ff,KXHIGHAUS-25MAR20-B69.5,18045.39,1,-3.0,71.478,69.8,1,99,1,1.978,0.3,-1.678,0.0,1.0,89.1,0.0,0.0,0.0,-400.035,4.637,-1,0
2025-03-20 19:03:50.758162,9041853b-ca74-465e-af97-6029d5e58268,KXHIGHAUS-25MAR20-B71.5,17709.242,1,-1.0,71.482,69.8,99,1,1,-0.018,-1.7,-1.682,0.0,0.9,99.0,0.0,0.0,0.0,-454.82,-24.584,1,1
2025-03-20 19:04:18.783739,35b6b305-72b0-4ca8-b643-088d8aef08cc,KXHIGHAUS-25MAR20-B69.5,17681.216,24,-3.0,71.478,69.8,1,99,1,1.978,0.3,-1.678,0.0,1.0,89.1,0.0,0.0,0.0,-400.036,4.637,-1,0
2025-03-20 19:06:12.933787,7afb382e-b7f0-4cce-bb73-15ca3a99e8aa,KXHIGHAUS-25MAR20-B71.5,17567.066,60,-1.0,71.482,69.8,99,1,0,-0.018,-1.7,-1.682,0.0,0.9,99.0,0.0,0.0,0.0,-454.82,24.623,-1,1
2025-03-20 19:07:34.131665,1ee0908c-f112-4e2f-8cf4-be0d8700551a,KXHIGHAUS-25MAR20-B71.5,17485.868,606,-1.0,71.484,69.8,99,1,0,-0.016,-1.7,-1.684,0.0,0.81,99.0,0.0,0.0,0.0,-454.745,24.706,-1,1
2025-03-20 19:14:44.320966,c5be8650-22ba-4337-a101-926e779a1ae1,KXHIGHAUS-25MAR20-B71.5,17055.679,11,-1.0,71.485,69.8,99,1,0,-0.015,-1.7,-1.685,0.0,0.729,99.0,0.0,0.0,0.0,-454.685,24.716,-1,1
2025-03-20 19:16:09.133402,99d06cee-bd7f-4273-bbc1-26838031916b,KXHIGHAUS-25MAR20-B71.5,16970.867,500,-1.0,71.487,69.8,99,1,0,-0.013,-1.7,-1.687,0.0,0.656,99.0,0.0,0.0,0.0,-454.639,24.738,-1,1
2025-03-20 19:16:17.208573,f2d31efd-8c59-48a4-b6b2-796b55622e5c,KXHIGHAUS-25MAR20-B71.5,16962.791,500,-1.0,71.488,69.8,99,1,0,-0.012,-1.7,-1.688,0.0,0.59,99.0,0.0,0.0,0.0,-454.605,24.763,-1,1
2025-03-20 19:16:25.295207,2d249a0a-0bb7-4462-94ad-c58f8432e562,KXHIGHAUS-25MAR20-B71.5,16954.705,500,-1.0,71.489,69.8,99,1,0,-0.011,-1.7,-1.689,0.0,0.531,99.0,0.0,0.0,0.0,-454.58,24.806,-1,1
2025-03-20 19:19:04.535546,5e08e101-d713-44c7-ba93-1d7726c9bc69,KXHIGHAUS-25MAR20-B69.5,16795.464,500,-3.0,71.478,69.8,1,99,1,1.978,0.3,-1.678,0.0,1.0,89.1,0.0,0.0,0.0,-400.037,4.637,-1,0
2025-03-20 19:19:11.931357,d009b835-0210-4bea-ae03-aa543b765a23,KXHIGHAUS-25MAR20-B69.5,16788.069,500,-3.0,71.475,69.8,1,99,1,1.975,0.3,-1.675,0.0,1.0,80.19,0.0,0.0,0.0,-351.584,4.637,-1,0
2025-03-20 19:19:19.823421,83a7e8be-af32-4936-897d-7b304bb64535,KXHIGHAUS-25MAR20-B69.5,16780.177,500,-3.0,71.473,69.8,1,99,1,1.973,0.3,-1.673,0.0,1.0,72.171,0.0,0.0,0.0,-308.822,4.637,-1,0
2025-03-20 19:19:27.167223,8a4118b7-0fc3-4a4a-aa70-5bab14164129,KXHIGHAUS-25MAR20-B69.5,16772.833,34,-3.0,71.47,69.8,1,99,1,1.97,0.3,-1.67,0.0,1.0,64.954,0.0,0.0,0.0,-271.096,4.637,-1,0
2025-03-20 19:19:27.167223,7d834c30-2827-458b-b87d-a8ce7ff7612c,KXHIGHAUS-25MAR20-B69.5,16772.833,466,-3.0,71.466,69.8,1,99,1,1.966,0.3,-1.666,0.0,1.0,58.459,0.0,0.0,0.0,-237.827,4.637,-1,0
2025-03-20 19:19:34.199871,71f828b9-4a1b-4b74-a480-5c43c18065f2,KXHIGHAUS-25MAR20-B69.5,16765.8,66,-3.0,71.463,69.8,1,99,1,1.963,0.3,-1.663,0.0,1.0,52.613,0.0,0.0,0.0,-208.501,4.637,-1,0
2025-03-20 19:19:34.199871,130aea62-f9b3-4329-b504-62467192e39f,KXHIGHAUS-25MAR20-B69.5,16765.8,434,-3.0,71.459,69.8,1,99,1,1.959,0.3,-1.659,0.0,1.0,47.351,0.0,0.0,0.0,-182.662,4.637,-1,0
2025-03-20 19:19:41.606895,9603c7b0-ae07-4a9c-851d-30b2b756538b,KXHIGHAUS-25MAR20-B69.5,16758.393,500,-3.0,71.454,69.8,1,99,1,1.954,0.3,-1.654,0.0,1.0,42.616,0.0,0.0,0.0,-159.906,4.638,-1,0
2025-03-20 19:19:49.113475,14a99c65-9281-428d-b665-2005e07c7461,KXHIGHAUS-25MAR20-B69.5,16750.887,500,-3.0,71.449,69.8,1,99,1,1.949,0.3,-1.649,0.0,1.0,38.355,0.0,0.0,0.0,-139.874,4.639,-1,0
2025-03-20 19:40:47.366788,f8ae728b-4360-4b84-a0ac-aa0f625a1b47,KXHIGHAUS-25MAR20-B69.5,15492.633,5,-3.0,71.444,69.8,1,99,1,1.944,0.3,-1.644,0.0,1.0,34.519,0.0,0.0,0.0,-122.25,4.639,-1,0
2025-03-20 19:55:46.883858,41fff668-bfe3-4fd1-906e-0ba1e04584f4,KXHIGHAUS-25MAR20-B69.5,14593.116,500,-3.0,71.438,69.8,1,99,1,1.938,0.3,-1.638,0.0,1.0,31.067,0.0,0.0,0.0,-106.751,4.639,-1,0
2025-03-20 19:55:54.822914,80ff84f4-f406-4ff3-bdef-8b3e73d4574c,KXHIGHAUS-25MAR20-B69.5,14585.177,2000,-3.0,71.431,69.8,1,99,1,1.931,0.3,-1.631,0.0,1.0,27.961,0.0,0.0,0.0,-93.13,4.639,-1,0
2025-03-20 19:56:05.388169,3a995a66-6e61-451e-b110-54fb7fb65c78,KXHIGHAUS-25MAR20-B69.5,14574.612,939,-3.0,71.424,69.8,1,99,1,1.924,0.3,-1.624,0.0,1.0,25.164,0.0,0.0,0.0,-81.166,4.64,-1,0
2025-03-20 19:56:05.388169,236f21b8-d377-4e0a-87cf-aeee61e53e36,KXHIGHAUS-25MAR20-B69.5,14574.612,1061,-3.0,71.415,69.8,1,99,1,1.915,0.3,-1.615,0.0,1.0,22.648,0.0,0.0,0.0,-70.663,4.64,-1,0
2025-03-20 19:57:02.156554,be531679-6af6-4b5d-a891-3da91a43d4b9,KXHIGHAUS-25MAR20-B69.5,14517.843,1000,-3.0,71.406,69.8,1,99,1,1.906,0.3,-1.606,0.0,1.0,20.383,0.0,0.0,0.0,-61.449,4.64,-1,0
2025-03-20 19:57:10.967634,8bf5fdf6-d975-4d9f-aa4d-eee864ec8186,KXHIGHAUS-25MAR20-B69.5,14509.032,961,-3.0,71.386,69.8,1,99,1,1.886,0.3,-1.586,0.0,1.0,16.51,0.0,0.0,0.0,-46.295,4.643,-1,0
2025-03-20 19:57:10.967634,f33b3f53-1299-448d-9c69-d6b8870712d9,KXHIGHAUS-25MAR20-B69.5,14509.032,39,-3.0,71.397,69.8,1,99,1,1.897,0.3,-1.597,0.0,1.0,18.345,0.0,0.0,0.0,-53.372,4.643,-1,0
2025-03-20 19:57:18.410133,18cc9a49-8ea2-4747-a1b6-c322c6d6b442,KXHIGHAUS-25MAR20-B69.5,14501.59,1000,-3.0,71.374,69.8,1,99,1,1.874,0.3,-1.574,0.0,1.0,14.859,0.0,0.0,0.0,-40.1,4.643,-1,0
2025-03-20 19:57:28.165311,de84eb5a-5e10-4e08-a7b3-ac655449ca9f,KXHIGHAUS-25MAR20-B69.5,14491.835,839,-3.0,71.361,69.8,1,99,1,1.861,0.3,-1.561,0.0,1.0,13.373,0.0,0.0,0.0,-34.681,4.646,-1,0
2025-03-20 19:57:28.165311,c5bd6bfa-faa0-4bc7-b008-e32b744014b3,KXHIGHAUS-25MAR20-B69.5,14491.835,161,-3.0,71.347,69.8,1,99,1,1.847,0.3,-1.547,0.0,1.0,12.036,0.0,0.0,0.0,-29.945,4.646,-1,0
2025-03-20 19:57:36.367464,8a7fc150-0406-4194-bc1d-adc2bc5c5ac9,KXHIGHAUS-25MAR20-B69.5,14483.633,1000,-3.0,71.331,69.8,1,99,1,1.831,0.3,-1.531,0.0,1.0,10.832,0.0,0.0,0.0,-25.809,4.646,-1,0
2025-03-20 19:57:46.770730,ed73b2d0-958d-42ac-ac85-dbc8f8dbb45b,KXHIGHAUS-25MAR20-B69.5,14473.229,3839,-3.0,71.314,69.8,1,99,1,1.814,0.3,-1.514,0.0,1.0,9.749,0.0,0.0,0.0,-22.201,4.648,-1,0
2025-03-20 19:57:46.770730,e3dbd8ed-cdad-45d9-a49b-2908ef107ec8,KXHIGHAUS-25MAR20-B69.5,14473.229,5000,-3.0,71.295,69.8,1,99,1,1.795,0.3,-1.495,0.0,1.0,8.774,0.0,0.0,0.0,-19.056,4.648,-1,0
2025-03-20 19:57:46.770730,34f0517f-9f5f-4d3c-8f93-a5338cfcb861,KXHIGHAUS-25MAR20-B69.5,14473.229,4000,-3.0,71.275,69.8,1,99,1,1.775,0.3,-1.475,0.0,1.0,7.897,0.0,0.0,0.0,-16.319,4.648,-1,0
2025-03-20 19:57:46.770730,07778c38-550d-45e8-9254-b117565625f7,KXHIGHAUS-25MAR20-B69.5,14473.229,2161,-3.0,71.253,69.8,1,99,1,1.753,0.3,-1.453,0.0,1.0,7.107,0.0,0.0,0.0,-13.938,4.647,-1,0
2025-03-20 19:58:33.081827,82f97470-9945-489f-b2e7-80df208a5cee,KXHIGHAUS-25MAR20-B69.5,14426.918,1839,-3.0,71.23,69.8,1,99,1,1.73,0.3,-1.43,0.0,1.0,6.396,0.0,0.0,0.0,-11.87,4.649,-1,0
2025-03-20 19:58:33.081827,7f267ea2-9344-4be0-b185-36a5c9ed8e24,KXHIGHAUS-25MAR20-B69.5,14426.918,1000,-3.0,71.204,69.8,1,99,1,1.704,0.3,-1.404,0.0,1.0,5.757,0.0,0.0,0.0,-10.077,4.649,-1,0
2025-03-20 19:58:33.081827,56b526b6-4dbd-4ab7-996e-3edeae38bbe2,KXHIGHAUS-25MAR20-B69.5,14426.918,2161,-3.0,71.176,69.8,1,99,1,1.676,0.3,-1.376,0.0,1.0,5.181,0.0,0.0,0.0,-8.523,4.649,-1,0
2025-03-20 19:58:41.868588,b9c9b533-6be7-4b7d-a680-62950d271ec5,KXHIGHAUS-25MAR20-B69.5,14418.131,2000,-3.0,71.147,69.8,1,99,1,1.647,0.3,-1.347,0.0,1.0,4.663,0.0,0.0,0.0,-7.179,4.651,-1,0
2025-03-20 20:11:50.827461,a24fdf3f-40c9-4dd5-968d-5d1766a88d2e,KXHIGHAUS-25MAR20-B69.5,13629.173,2339,-3.0,71.081,69.8,1,99,1,1.581,0.3,-1.281,0.0,1.0,3.777,0.0,0.0,0.0,-5.019,4.654,-1,0
2025-03-20 20:11:50.827461,f6d06bb1-0d4e-4904-b0bc-22cb27cf83bb,KXHIGHAUS-25MAR20-B69.5,13629.173,2661,-3.0,71.115,69.8,1,99,1,1.615,0.3,-1.315,0.0,1.0,4.197,0.0,0.0,0.0,-6.019,4.654,-1,0
2025-03-20 20:12:00.373672,c6fbc8ac-c136-44ae-96f3-353947a8f963,KXHIGHAUS-25MAR20-B69.5,13619.626,5000,-3.0,71.045,69.8,1,99,1,1.545,0.3,-1.245,0.0,1.0,3.399,0.0,0.0,0.0,-4.159,4.655,-1,0
2025-03-20 21:24:39.140739,58a8c0d8-71c0-49d4-9d42-90a78ccf9a9d,KXHIGHAUS-25MAR20-B73.5,9260.859,305,1.0,71.54,69.8,1,99,1,-1.96,-3.7,-1.74,0.0,0.9,3.059,1.0,0.0,0.0,-3.326,21.367,-1,0
2025-03-20 22:19:57.768358,3e90625c-44c9-4768-9c17-cb7ff0300e0a,KXHIGHAUS-25MAR20-B71.5,5942.232,400,-1.0,71.502,69.8,99,1,0,0.002,-1.7,-1.702,0.0,0.81,99.0,0.9,0.0,0.0,-454.651,24.928,-1,1
2025-03-20 22:30:06.798367,b6220a82-fb32-4154-852a-d140844d2fbe,KXHIGHAUS-25MAR20-B71.5,5333.202,146,-1.0,71.502,69.8,99,1,0,0.002,-1.7,-1.702,0.0,0.729,99.0,0.81,0.0,0.0,-454.516,24.93,-1,1
2025-03-20 22:57:20.615384,9c52e280-e5d0-4691-822e-13e6dc207c63,KXHIGHAUS-25MAR20-B71.5,3699.385,100,-1.0,71.501,69.8,99,1,0,0.001,-1.7,-1.701,0.0,0.656,99.0,0.729,0.0,0.0,-454.41,24.963,-1,1
2025-03-20 23:29:58.447091,5642ca21-b242-4881-ad03-2a1613c941be,KXHIGHAUS-25MAR20-B71.5,1741.553,300,-1.0,71.501,69.8,99,1,0,0.001,-1.7,-1.701,0.0,0.59,99.0,0.656,0.0,0.0,-454.329,24.995,-1,1
2025-03-20 23:36:26.065510,f8025195-a970-49fd-b0b9-010857fd0f3b,KXHIGHAUS-25MAR20-B71.5,1353.934,400,-1.0,71.501,69.8,99,1,0,0.001,-1.7,-1.701,0.0,0.531,99.0,0.59,0.0,0.0,-454.27,25.013,-1,1
