time,day_of_year,time_to_strike,time_of_day,count,yes_price,no_price,taker_side,shift,DF_temperature_2m_max,DF_temperature_2m_max_dev,DF_temperature_2m_min,DF_temperature_2m_min_dev,DF_apparent_temperature_max,DF_apparent_temperature_max_dev,DF_apparent_temperature_min,DF_apparent_temperature_min_dev,DF_showers_sum,DF_snowfall_sum,DF_precipitation_sum,DF_precipitation_hours,DF_rain_sum,DF_precipitation_probability_max,DF_wind_gusts_10m_max,DF_wind_speed_10m_max,DF_daylight_duration,DF_sunshine_duration,DF_cloud_cover_max,DF_cloud_cover_min,CF_temperature_2m,CF_temperature_2m_dev,CF_apparent_temperature,CF_apparent_temperature_dev,CF_precipitation_probability,CF_precipitation,CF_rain,CF_showers,CF_snowfall,CF_cloud_cover_high,CF_cloud_cover,CF_wind_speed_10m,CF_wind_gusts_10m,CF_cloud_cover_mid,STF_temperature_2m,STF_temperature_2m_dev,STF_apparent_temperature,STF_apparent_temperature_dev,STF_precipitation_probability,STF_precipitation,STF_rain,STF_showers,STF_snowfall,STF_cloud_cover_high,STF_cloud_cover,STF_wind_speed_10m,STF_wind_gusts_10m,STF_cloud_cover_mid,impact,result,count_agg_2,yes_price_vol_2,count_vol_2,taker_side_sentiment_2,yes_price_sentiment_2,count_sentiment_2,yes_price_trend_2,count_agg_5,yes_price_vol_5,count_vol_5,taker_side_sentiment_5,yes_price_sentiment_5,count_sentiment_5,yes_price_trend_5,count_agg_15,yes_price_vol_15,count_vol_15,taker_side_sentiment_15,yes_price_sentiment_15,count_sentiment_15,yes_price_trend_15,count_agg_60,yes_price_vol_60,count_vol_60,taker_side_sentiment_60,yes_price_sentiment_60,count_sentiment_60,yes_price_trend_60,count_agg_120,yes_price_vol_120,count_vol_120,taker_side_sentiment_120,yes_price_sentiment_120,count_sentiment_120,yes_price_trend_120
2025-05-18 14:01:24.906813,138,140255.093187,14.023333333333333,1,31,69,1,3.0,-6.599999999999994,6.300000000000011,-23.099999999999994,-10.199999999999989,-1.4000000000000057,11.5,-18.0,-5.099999999999994,0.0,0.0,0.1,1.0,0.1,14,47.9,24.3,49565.81,18391.81,100,19,-12.900000000000006,6.300000000000011,-7.900000000000006,1.3000000000000114,8,0.0,0.0,0.0,0.0,96,99,17.8,34.9,99,-12.299999999999997,5.700000000000003,-8.599999999999994,2.0,8,0.0,0.0,0.0,0.0,98,99,20.8,41.0,99,-26.629353233830845,-31,1,,,1.0,31.0,1.0,0,1,,,1.0,31.0,1.0,0,1,,,1.0,31.0,1.0,0,1,,,1.0,31.0,1.0,0,1,,,1.0,31.0,1.0,0
2025-05-18 14:01:24.989014,138,140255.010986,14.023333333333333,1,12,88,1,5.0,-8.599999999999994,6.300000000000011,-25.099999999999994,-10.199999999999989,-3.4000000000000057,11.5,-20.0,-5.099999999999994,0.0,0.0,0.1,1.0,0.1,14,47.9,24.3,49565.81,18391.81,100,19,-14.900000000000006,6.300000000000011,-9.900000000000006,1.3000000000000114,8,0.0,0.0,0.0,0.0,96,99,17.8,34.9,99,-14.299999999999997,5.700000000000003,-10.599999999999994,2.0,8,0.0,0.0,0.0,0.0,98,99,20.8,41.0,99,-5.595588235294118,-12,2,,,1.0,12.0,1.0,0,2,,,1.0,12.0,1.0,0,2,,,1.0,12.0,1.0,0,2,,,1.0,12.0,1.0,0,2,,,1.0,12.0,1.0,0
2025-05-18 14:02:26.552709,138,140193.447291,14.040555555555555,1,12,88,1,5.0,-8.599999999999994,6.300000000000011,-25.099999999999994,-10.199999999999989,-3.4000000000000057,11.5,-20.0,-5.099999999999994,0.0,0.0,0.1,1.0,0.1,14,47.9,24.3,49565.81,18391.81,100,19,-14.900000000000006,6.300000000000011,-9.900000000000006,1.3000000000000114,8,0.0,0.0,0.0,0.0,96,99,17.8,34.9,99,-14.299999999999997,5.700000000000003,-10.599999999999994,2.0,8,0.0,0.0,0.0,0.0,98,99,20.8,41.0,99,-5.637037037037037,-12,3,0.0,0.0,1.0,12.0,1.0,0,3,0.0,0.0,1.0,12.0,1.0,0,3,0.0,0.0,1.0,12.0,1.0,0,3,0.0,0.0,1.0,12.0,1.0,0,3,0.0,0.0,1.0,12.0,1.0,0
2025-05-18 14:02:26.553567,138,140193.446433,14.040555555555555,1,31,69,1,3.0,-6.599999999999994,6.300000000000011,-23.099999999999994,-10.199999999999989,-1.4000000000000057,11.5,-18.0,-5.099999999999994,0.0,0.0,0.1,1.0,0.1,14,47.9,24.3,49565.81,18391.81,100,19,-12.900000000000006,6.300000000000011,-7.900000000000006,1.3000000000000114,8,0.0,0.0,0.0,0.0,96,99,17.8,34.9,99,-12.299999999999997,5.700000000000003,-8.599999999999994,2.0,8,0.0,0.0,0.0,0.0,98,99,20.8,41.0,99,-26.69576059850374,-31,4,0.0,0.0,1.0,31.0,1.0,0,4,0.0,0.0,1.0,31.0,1.0,0,4,0.0,0.0,1.0,31.0,1.0,0,4,0.0,0.0,1.0,31.0,1.0,0,4,0.0,0.0,1.0,31.0,1.0,0
2025-05-18 14:03:00.050242,138,140159.949758,14.05,43,5,95,0,3.0,-6.599999999999994,6.300000000000011,-23.099999999999994,-10.199999999999989,-1.4000000000000057,11.5,-18.0,-5.099999999999994,0.0,0.0,0.1,1.0,0.1,14,47.9,24.3,49565.81,18391.81,100,19,-12.900000000000006,6.300000000000011,-7.900000000000006,1.3000000000000114,8,0.0,0.0,0.0,0.0,96,99,17.8,34.9,99,-12.299999999999997,5.700000000000003,-8.599999999999994,2.0,8,0.0,0.0,0.0,0.0,98,99,20.8,41.0,99,-0.7625000000000028,5,47,15.01110699893027,24.24871130596428,0.6666666666666666,22.333333333333332,15.0,26,47,15.01110699893027,24.24871130596428,0.6666666666666666,22.333333333333332,15.0,26,47,15.01110699893027,24.24871130596428,0.6666666666666666,22.333333333333332,15.0,26,47,15.01110699893027,24.24871130596428,0.6666666666666666,22.333333333333332,15.0,26,47,15.01110699893027,24.24871130596428,0.6666666666666666,22.333333333333332,15.0,26
2025-05-18 14:03:28.015929,138,140131.984071,14.057777777777778,1,31,69,1,3.0,-6.599999999999994,6.300000000000011,-23.099999999999994,-10.199999999999989,-1.4000000000000057,11.5,-18.0,-5.099999999999994,0.0,0.0,0.1,1.0,0.1,14,47.9,24.3,49565.81,18391.81,100,19,-12.900000000000006,6.300000000000011,-7.900000000000006,1.3000000000000114,8,0.0,0.0,0.0,0.0,96,99,17.8,34.9,99,-12.299999999999997,5.700000000000003,-8.599999999999994,2.0,8,0.0,0.0,0.0,0.0,98,99,20.8,41.0,99,-26.85434173669468,-31,46,15.01110699893027,24.24871130596428,0.6666666666666666,22.333333333333332,15.0,0,48,13.0,21.0,0.75,24.5,11.5,0,48,13.0,21.0,0.75,24.5,11.5,0,48,13.0,21.0,0.75,24.5,11.5,0,48,13.0,21.0,0.75,24.5,11.5,0
2025-05-18 14:03:28.018708,138,140131.981292,14.057777777777778,1,12,88,1,5.0,-8.599999999999994,6.300000000000011,-25.099999999999994,-10.199999999999989,-3.4000000000000057,11.5,-20.0,-5.099999999999994,0.0,0.0,0.1,1.0,0.1,14,47.9,24.3,49565.81,18391.81,100,19,-14.900000000000006,6.300000000000011,-9.900000000000006,1.3000000000000114,8,0.0,0.0,0.0,0.0,96,99,17.8,34.9,99,-14.299999999999997,5.700000000000003,-10.599999999999994,2.0,8,0.0,0.0,0.0,0.0,98,99,20.8,41.0,99,-5.67910447761194,-12,47,0.0,0.0,1.0,12.0,1.0,0,49,0.0,0.0,1.0,12.0,1.0,0,49,0.0,0.0,1.0,12.0,1.0,0,49,0.0,0.0,1.0,12.0,1.0,0,49,0.0,0.0,1.0,12.0,1.0,0
2025-05-18 14:04:29.531149,138,140070.468851,14.074722222222222,1,12,88,1,5.0,-8.599999999999994,6.300000000000011,-25.099999999999994,-10.199999999999989,-3.4000000000000057,11.5,-20.0,-5.099999999999994,0.0,0.0,0.1,1.0,0.1,14,47.9,24.3,49565.81,18391.81,100,19,-14.900000000000006,6.300000000000011,-9.900000000000006,1.3000000000000114,8,0.0,0.0,0.0,0.0,96,99,17.8,34.9,99,-14.299999999999997,5.700000000000003,-10.599999999999994,2.0,8,0.0,0.0,0.0,0.0,98,99,20.8,41.0,99,-5.7218045112781954,-12,46,0.0,0.0,1.0,12.0,1.0,0,50,0.0,0.0,1.0,12.0,1.0,0,50,0.0,0.0,1.0,12.0,1.0,0,50,0.0,0.0,1.0,12.0,1.0,0,50,0.0,0.0,1.0,12.0,1.0,0
2025-05-18 14:04:29.591065,138,140070.408935,14.074722222222222,1,31,69,1,3.0,-6.599999999999994,6.300000000000011,-23.099999999999994,-10.199999999999989,-1.4000000000000057,11.5,-18.0,-5.099999999999994,0.0,0.0,0.1,1.0,0.1,14,47.9,24.3,49565.81,18391.81,100,19,-12.900000000000006,6.300000000000011,-7.900000000000006,1.3000000000000114,8,0.0,0.0,0.0,0.0,96,99,17.8,34.9,99,-12.299999999999997,5.700000000000003,-8.599999999999994,2.0,8,0.0,0.0,0.0,0.0,98,99,20.8,41.0,99,-26.929775280898877,-31,47,15.01110699893027,24.24871130596428,0.6666666666666666,22.333333333333332,15.0,-26,51,11.627553482998906,18.78297101099823,0.8,25.8,9.4,0,51,11.627553482998906,18.78297101099823,0.8,25.8,9.4,0,51,11.627553482998906,18.78297101099823,0.8,25.8,9.4,0,51,11.627553482998906,18.78297101099823,0.8,25.8,9.4,0
2025-05-18 14:05:31.088314,138,140008.911686,14.091944444444445,1,31,69,1,3.0,-6.599999999999994,6.300000000000011,-23.099999999999994,-10.199999999999989,-1.4000000000000057,11.5,-18.0,-5.099999999999994,0.0,0.0,0.1,1.0,0.1,14,47.9,24.3,49565.81,18391.81,100,19,-12.900000000000006,6.300000000000011,-7.900000000000006,1.3000000000000114,8,0.0,0.0,0.0,0.0,96,99,17.8,34.9,99,-12.299999999999997,5.700000000000003,-8.599999999999994,2.0,8,0.0,0.0,0.0,0.0,98,99,20.8,41.0,99,-27.005633802816902,-31,3,0.0,0.0,1.0,31.0,1.0,0,52,10.614455552060438,17.146428199482248,0.8333333333333334,26.666666666666668,8.0,0,52,10.614455552060438,17.146428199482248,0.8333333333333334,26.666666666666668,8.0,0,52,10.614455552060438,17.146428199482248,0.8333333333333334,26.666666666666668,8.0,0,52,10.614455552060438,17.146428199482248,0.8333333333333334,26.666666666666668,8.0,0
2025-05-18 14:05:31.242109,138,140008.757891,14.091944444444445,1,12,88,1,5.0,-8.599999999999994,6.300000000000011,-25.099999999999994,-10.199999999999989,-3.4000000000000057,11.5,-20.0,-5.099999999999994,0.0,0.0,0.1,1.0,0.1,14,47.9,24.3,49565.81,18391.81,100,19,-14.900000000000006,6.300000000000011,-9.900000000000006,1.3000000000000114,8,0.0,0.0,0.0,0.0,96,99,17.8,34.9,99,-14.299999999999997,5.700000000000003,-10.599999999999994,2.0,8,0.0,0.0,0.0,0.0,98,99,20.8,41.0,99,-5.765151515151516,-12,4,0.0,0.0,1.0,12.0,1.0,0,53,0.0,0.0,1.0,12.0,1.0,0,53,0.0,0.0,1.0,12.0,1.0,0,53,0.0,0.0,1.0,12.0,1.0,0,53,0.0,0.0,1.0,12.0,1.0,0
2025-05-18 14:06:32.726218,138,139947.273782,14.108888888888888,1,29,71,1,3.0,-6.599999999999994,6.300000000000011,-23.099999999999994,-10.199999999999989,-1.4000000000000057,11.5,-18.0,-5.099999999999994,0.0,0.0,0.1,1.0,0.1,14,47.9,24.3,49565.81,18391.81,100,19,-12.900000000000006,6.300000000000011,-7.900000000000006,1.3000000000000114,8,0.0,0.0,0.0,0.0,96,99,17.8,34.9,99,-12.299999999999997,5.700000000000003,-8.599999999999994,2.0,8,0.0,0.0,0.0,0.0,98,99,20.8,41.0,99,-25.081920903954803,-29,3,1.4142135623730951,0.0,1.0,30.0,1.0,2,52,10.481730137084558,17.146428199482248,0.8333333333333334,26.333333333333332,8.0,2,54,9.72967967955095,15.874507866387544,0.8571428571428571,27.0,7.0,2,54,9.72967967955095,15.874507866387544,0.8571428571428571,27.0,7.0,2,54,9.72967967955095,15.874507866387544,0.8571428571428571,27.0,7.0,2
2025-05-18 14:06:32.790637,138,139947.209363,14.108888888888888,1,13,87,1,5.0,-8.599999999999994,6.300000000000011,-25.099999999999994,-10.199999999999989,-3.4000000000000057,11.5,-20.0,-5.099999999999994,0.0,0.0,0.1,1.0,0.1,14,47.9,24.3,49565.81,18391.81,100,19,-14.900000000000006,6.300000000000011,-9.900000000000006,1.3000000000000114,8,0.0,0.0,0.0,0.0,96,99,17.8,34.9,99,-14.299999999999997,5.700000000000003,-10.599999999999994,2.0,8,0.0,0.0,0.0,0.0,98,99,20.8,41.0,99,-6.809160305343512,-13,4,0.7071067811865476,0.0,1.0,12.5,1.0,-1,53,0.4472135954999579,0.0,1.0,12.2,1.0,-1,55,0.408248290463863,0.0,1.0,12.166666666666666,1.0,-1,55,0.408248290463863,0.0,1.0,12.166666666666666,1.0,-1,55,0.408248290463863,0.0,1.0,12.166666666666666,1.0,-1
2025-05-18 14:07:34.362107,138,139885.637893,14.126111111111111,1,29,71,1,3.0,-6.599999999999994,6.300000000000011,-23.099999999999994,-10.199999999999989,-1.4000000000000057,11.5,-18.0,-5.099999999999994,0.0,0.0,0.1,1.0,0.1,14,47.9,24.3,49565.81,18391.81,100,19,-12.900000000000006,6.300000000000011,-7.900000000000006,1.3000000000000114,8,0.0,0.0,0.0,0.0,96,99,17.8,34.9,99,-12.299999999999997,5.700000000000003,-8.599999999999994,2.0,8,0.0,0.0,0.0,0.0,98,99,20.8,41.0,99,-25.152974504249293,-29,3,0.0,0.0,1.0,29.0,1.0,0,52,10.334408546211051,17.146428199482248,0.8333333333333334,26.0,8.0,-24,56,9.035643703846292,14.849242404917497,0.875,27.25,6.25,2,56,9.035643703846292,14.849242404917497,0.875,27.25,6.25,2,56,9.035643703846292,14.849242404917497,0.875,27.25,6.25,2
2025-05-18 14:07:34.416248,138,139885.583752,14.126111111111111,1,13,87,1,5.0,-8.599999999999994,6.300000000000011,-25.099999999999994,-10.199999999999989,-3.4000000000000057,11.5,-20.0,-5.099999999999994,0.0,0.0,0.1,1.0,0.1,14,47.9,24.3,49565.81,18391.81,100,19,-14.900000000000006,6.300000000000011,-9.900000000000006,1.3000000000000114,8,0.0,0.0,0.0,0.0,96,99,17.8,34.9,99,-14.299999999999997,5.700000000000003,-10.599999999999994,2.0,8,0.0,0.0,0.0,0.0,98,99,20.8,41.0,99,-6.861538461538461,-13,4,0.0,0.0,1.0,13.0,1.0,0,53,0.5477225575051662,0.0,1.0,12.4,1.0,-1,57,0.48795003647426655,0.0,1.0,12.285714285714286,1.0,-1,57,0.48795003647426655,0.0,1.0,12.285714285714286,1.0,-1,57,0.48795003647426655,0.0,1.0,12.285714285714286,1.0,-1
2025-05-18 14:08:35.928962,138,139824.071038,14.143055555555556,1,13,87,1,5.0,-8.599999999999994,6.300000000000011,-25.099999999999994,-10.199999999999989,-3.4000000000000057,11.5,-20.0,-5.099999999999994,0.0,0.0,0.1,1.0,0.1,14,47.9,24.3,49565.81,18391.81,100,19,-14.900000000000006,6.300000000000011,-9.900000000000006,1.3000000000000114,8,0.0,0.0,0.0,0.0,96,99,17.8,34.9,99,-14.299999999999997,5.700000000000003,-10.599999999999994,2.0,8,0.0,0.0,0.0,0.0,98,99,20.8,41.0,99,-6.9147286821705425,-13,3,0.0,0.0,1.0,13.0,1.0,0,9,0.5477225575051662,0.0,1.0,12.6,1.0,-1,58,0.5175491695067657,0.0,1.0,12.375,1.0,-1,58,0.5175491695067657,0.0,1.0,12.375,1.0,-1,58,0.5175491695067657,0.0,1.0,12.375,1.0,-1
2025-05-18 14:08:35.984153,138,139824.015847,14.143055555555556,1,29,71,1,3.0,-6.599999999999994,6.300000000000011,-23.099999999999994,-10.199999999999989,-1.4000000000000057,11.5,-18.0,-5.099999999999994,0.0,0.0,0.1,1.0,0.1,14,47.9,24.3,49565.81,18391.81,100,19,-12.900000000000006,6.300000000000011,-7.900000000000006,1.3000000000000114,8,0.0,0.0,0.0,0.0,96,99,17.8,34.9,99,-12.299999999999997,5.700000000000003,-8.599999999999994,2.0,8,0.0,0.0,0.0,0.0,98,99,20.8,41.0,99,-25.22443181818182,-29,4,0.0,0.0,1.0,29.0,1.0,0,10,1.0954451150103324,0.0,1.0,29.8,1.0,2,59,8.472176684759223,14.000000000000002,0.8888888888888888,27.444444444444443,5.666666666666667,2,59,8.472176684759223,14.000000000000002,0.8888888888888888,27.444444444444443,5.666666666666667,2,59,8.472176684759223,14.000000000000002,0.8888888888888888,27.444444444444443,5.666666666666667,2
2025-05-18 14:09:37.565284,138,139762.434716,14.160277777777779,1,29,71,1,3.0,-6.599999999999994,6.300000000000011,-23.099999999999994,-10.199999999999989,-1.4000000000000057,11.5,-18.0,-5.099999999999994,0.0,0.0,0.1,1.0,0.1,14,47.9,24.3,49565.81,18391.81,100,19,-12.900000000000006,6.300000000000011,-7.900000000000006,1.3000000000000114,8,0.0,0.0,0.0,0.0,96,99,17.8,34.9,99,-12.299999999999997,5.700000000000003,-8.599999999999994,2.0,8,0.0,0.0,0.0,0.0,98,99,20.8,41.0,99,-25.296296296296298,-29,3,0.0,0.0,1.0,29.0,1.0,0,9,0.8944271909999159,0.0,1.0,29.4,1.0,2,60,8.002777295692068,13.281566172707192,0.9,27.6,5.2,2,60,8.002777295692068,13.281566172707192,0.9,27.6,5.2,2,60,8.002777295692068,13.281566172707192,0.9,27.6,5.2,2
2025-05-18 14:09:37.621980,138,139762.37802,14.160277777777779,1,13,87,1,5.0,-8.599999999999994,6.300000000000011,-25.099999999999994,-10.199999999999989,-3.4000000000000057,11.5,-20.0,-5.099999999999994,0.0,0.0,0.1,1.0,0.1,14,47.9,24.3,49565.81,18391.81,100,19,-14.900000000000006,6.300000000000011,-9.900000000000006,1.3000000000000114,8,0.0,0.0,0.0,0.0,96,99,17.8,34.9,99,-14.299999999999997,5.700000000000003,-10.599999999999994,2.0,8,0.0,0.0,0.0,0.0,98,99,20.8,41.0,99,-6.96875,-13,4,0.0,0.0,1.0,13.0,1.0,0,10,0.4472135954999579,0.0,1.0,12.8,1.0,-1,61,0.5270462766947298,0.0,1.0,12.444444444444445,1.0,-1,61,0.5270462766947298,0.0,1.0,12.444444444444445,1.0,-1,61,0.5270462766947298,0.0,1.0,12.444444444444445,1.0,-1
2025-05-18 14:10:39.252480,138,139700.74752,14.1775,1,29,71,1,3.0,-6.599999999999994,6.300000000000011,-23.099999999999994,-10.199999999999989,-1.4000000000000057,11.5,-18.0,-5.099999999999994,0.0,0.0,0.1,1.0,0.1,14,47.9,24.3,49565.81,18391.81,100,19,-12.900000000000006,6.300000000000011,-7.900000000000006,1.3000000000000114,8,0.0,0.0,0.0,0.0,96,99,17.8,34.9,99,-12.299999999999997,5.700000000000003,-8.599999999999994,2.0,8,0.0,0.0,0.0,0.0,98,99,20.8,41.0,99,-25.36857142857143,-29,3,0.0,0.0,1.0,29.0,1.0,0,9,0.0,0.0,1.0,29.0,1.0,0,62,7.603826787755086,12.66347647226607,0.9090909090909091,27.727272727272727,4.818181818181818,2,62,7.603826787755086,12.66347647226607,0.9090909090909091,27.727272727272727,4.818181818181818,2,62,7.603826787755086,12.66347647226607,0.9090909090909091,27.727272727272727,4.818181818181818,2
2025-05-18 14:10:39.253932,138,139700.746068,14.1775,1,14,86,1,5.0,-8.599999999999994,6.300000000000011,-25.099999999999994,-10.199999999999989,-3.4000000000000057,11.5,-20.0,-5.099999999999994,0.0,0.0,0.1,1.0,0.1,14,47.9,24.3,49565.81,18391.81,100,19,-14.900000000000006,6.300000000000011,-9.900000000000006,1.3000000000000114,8,0.0,0.0,0.0,0.0,96,99,17.8,34.9,99,-14.299999999999997,5.700000000000003,-10.599999999999994,2.0,8,0.0,0.0,0.0,0.0,98,99,20.8,41.0,99,-8.023622047244094,-14,4,0.7071067811865476,0.0,1.0,13.5,1.0,-1,10,0.4472135954999579,0.0,1.0,13.2,1.0,-1,63,0.6992058987801011,0.0,1.0,12.6,1.0,-2,63,0.6992058987801011,0.0,1.0,12.6,1.0,-2,63,0.6992058987801011,0.0,1.0,12.6,1.0,-2
2025-05-18 14:11:40.749267,138,139639.250733,14.194444444444445,1,29,71,1,3.0,-6.599999999999994,6.300000000000011,-23.099999999999994,-10.199999999999989,-1.4000000000000057,11.5,-18.0,-5.099999999999994,0.0,0.0,0.1,1.0,0.1,14,47.9,24.3,49565.81,18391.81,100,19,-12.900000000000006,6.300000000000011,-7.900000000000006,1.3000000000000114,8,0.0,0.0,0.0,0.0,96,99,17.8,34.9,99,-12.299999999999997,5.700000000000003,-8.599999999999994,2.0,8,0.0,0.0,0.0,0.0,98,99,20.8,41.0,99,-25.441260744985673,-29,3,0.0,0.0,1.0,29.0,1.0,0,9,0.0,0.0,1.0,29.0,1.0,0,64,7.259267848548482,12.12435565298214,0.9166666666666666,27.833333333333332,4.5,2,64,7.259267848548482,12.12435565298214,0.9166666666666666,27.833333333333332,4.5,2,64,7.259267848548482,12.12435565298214,0.9166666666666666,27.833333333333332,4.5,2
2025-05-18 14:11:40.806714,138,139639.193286,14.194444444444445,1,14,86,1,5.0,-8.599999999999994,6.300000000000011,-25.099999999999994,-10.199999999999989,-3.4000000000000057,11.5,-20.0,-5.099999999999994,0.0,0.0,0.1,1.0,0.1,14,47.9,24.3,49565.81,18391.81,100,19,-14.900000000000006,6.300000000000011,-9.900000000000006,1.3000000000000114,8,0.0,0.0,0.0,0.0,96,99,17.8,34.9,99,-14.299999999999997,5.700000000000003,-10.599999999999994,2.0,8,0.0,0.0,0.0,0.0,98,99,20.8,41.0,99,-8.087301587301587,-14,4,0.0,0.0,1.0,14.0,1.0,0,10,0.5477225575051662,0.0,1.0,13.4,1.0,-1,65,0.7862453931068965,0.0,1.0,12.727272727272727,1.0,-2,65,0.7862453931068965,0.0,1.0,12.727272727272727,1.0,-2,65,0.7862453931068965,0.0,1.0,12.727272727272727,1.0,-2
2025-05-18 14:12:42.342824,138,139577.657176,14.211666666666666,1,14,86,1,5.0,-8.599999999999994,6.300000000000011,-25.099999999999994,-10.199999999999989,-3.4000000000000057,11.5,-20.0,-5.099999999999994,0.0,0.0,0.1,1.0,0.1,14,47.9,24.3,49565.81,18391.81,100,19,-14.900000000000006,6.300000000000011,-9.900000000000006,1.3000000000000114,8,0.0,0.0,0.0,0.0,96,99,17.8,34.9,99,-14.299999999999997,5.700000000000003,-10.599999999999994,2.0,8,0.0,0.0,0.0,0.0,98,99,20.8,41.0,99,-8.152000000000001,-14,3,0.0,0.0,1.0,14.0,1.0,0,9,0.5477225575051662,0.0,1.0,13.6,1.0,-1,66,0.8348471099367218,0.0,1.0,12.833333333333334,1.0,-2,66,0.8348471099367218,0.0,1.0,12.833333333333334,1.0,-2,66,0.8348471099367218,0.0,1.0,12.833333333333334,1.0,-2
2025-05-18 14:12:42.343722,138,139577.656278,14.211666666666666,1,29,71,1,3.0,-6.599999999999994,6.300000000000011,-23.099999999999994,-10.199999999999989,-1.4000000000000057,11.5,-18.0,-5.099999999999994,0.0,0.0,0.1,1.0,0.1,14,47.9,24.3,49565.81,18391.81,100,19,-12.900000000000006,6.300000000000011,-7.900000000000006,1.3000000000000114,8,0.0,0.0,0.0,0.0,96,99,17.8,34.9,99,-12.299999999999997,5.700000000000003,-8.599999999999994,2.0,8,0.0,0.0,0.0,0.0,98,99,20.8,41.0,99,-25.514367816091955,-29,4,0.0,0.0,1.0,29.0,1.0,0,10,0.0,0.0,1.0,29.0,1.0,0,67,6.957747940983232,11.648704120729812,0.9230769230769231,27.923076923076923,4.230769230769231,2,67,6.957747940983232,11.648704120729812,0.9230769230769231,27.923076923076923,4.230769230769231,2,67,6.957747940983232,11.648704120729812,0.9230769230769231,27.923076923076923,4.230769230769231,2
2025-05-18 14:13:43.841587,138,139516.158413,14.22861111111111,1,29,71,1,3.0,-6.599999999999994,6.300000000000011,-23.099999999999994,-10.199999999999989,-1.4000000000000057,11.5,-18.0,-5.099999999999994,0.0,0.0,0.1,1.0,0.1,14,47.9,24.3,49565.81,18391.81,100,19,-12.900000000000006,6.300000000000011,-7.900000000000006,1.3000000000000114,8,0.0,0.0,0.0,0.0,96,99,17.8,34.9,99,-12.299999999999997,5.700000000000003,-8.599999999999994,2.0,8,0.0,0.0,0.0,0.0,98,99,20.8,41.0,99,-25.587896253602306,-29,3,0.0,0.0,1.0,29.0,1.0,0,9,0.0,0.0,1.0,29.0,1.0,0,68,6.690981300917733,11.224972160321824,0.9285714285714286,28.0,4.0,2,68,6.690981300917733,11.224972160321824,0.9285714285714286,28.0,4.0,2,68,6.690981300917733,11.224972160321824,0.9285714285714286,28.0,4.0,2
2025-05-18 14:13:43.902921,138,139516.097079,14.22861111111111,1,14,86,1,5.0,-8.599999999999994,6.300000000000011,-25.099999999999994,-10.199999999999989,-3.4000000000000057,11.5,-20.0,-5.099999999999994,0.0,0.0,0.1,1.0,0.1,14,47.9,24.3,49565.81,18391.81,100,19,-14.900000000000006,6.300000000000011,-9.900000000000006,1.3000000000000114,8,0.0,0.0,0.0,0.0,96,99,17.8,34.9,99,-14.299999999999997,5.700000000000003,-10.599999999999994,2.0,8,0.0,0.0,0.0,0.0,98,99,20.8,41.0,99,-8.217741935483872,-14,4,0.0,0.0,1.0,14.0,1.0,0,10,0.4472135954999579,0.0,1.0,13.8,1.0,-1,69,0.8623164985025763,0.0,1.0,12.923076923076923,1.0,-2,69,0.8623164985025763,0.0,1.0,12.923076923076923,1.0,-2,69,0.8623164985025763,0.0,1.0,12.923076923076923,1.0,-2
2025-05-18 14:14:41.089890,138,139458.91011,14.24472222222222,20,4,96,0,3.0,-6.599999999999994,6.300000000000011,-23.099999999999994,-10.199999999999989,-1.4000000000000057,11.5,-18.0,-5.099999999999994,0.0,0.0,0.1,1.0,0.1,14,47.9,24.3,49565.81,18391.81,100,19,-12.900000000000006,6.300000000000011,-7.900000000000006,1.3000000000000114,8,0.0,0.0,0.0,0.0,96,99,17.8,34.9,99,-12.299999999999997,5.700000000000003,-8.599999999999994,2.0,8,0.0,0.0,0.0,0.0,98,99,20.8,41.0,99,-0.6618497109826649,4,24,14.433756729740644,10.96965511460289,0.6666666666666666,20.666666666666668,7.333333333333333,25,28,11.180339887498949,8.497058314499201,0.8,24.0,4.8,25,89,8.942674575954811,11.578716106143492,0.8666666666666667,26.4,5.066666666666666,27,89,8.942674575954811,11.578716106143492,0.8666666666666667,26.4,5.066666666666666,27,89,8.942674575954811,11.578716106143492,0.8666666666666667,26.4,5.066666666666666,27
2025-05-18 14:14:45.925862,138,139454.074138,14.245833333333332,1,14,86,1,5.0,-8.599999999999994,6.300000000000011,-25.099999999999994,-10.199999999999989,-3.4000000000000057,11.5,-20.0,-5.099999999999994,0.0,0.0,0.1,1.0,0.1,14,47.9,24.3,49565.81,18391.81,100,19,-14.900000000000006,6.300000000000011,-9.900000000000006,1.3000000000000114,8,0.0,0.0,0.0,0.0,96,99,17.8,34.9,99,-14.299999999999997,5.700000000000003,-10.599999999999994,2.0,8,0.0,0.0,0.0,0.0,98,99,20.8,41.0,99,-8.284552845528456,-14,23,0.0,0.0,1.0,14.0,1.0,0,29,0.0,0.0,1.0,14.0,1.0,0,90,0.8770580193070292,0.0,1.0,13.0,1.0,-2,90,0.8770580193070292,0.0,1.0,13.0,1.0,-2,90,0.8770580193070292,0.0,1.0,13.0,1.0,-2
2025-05-18 14:14:45.929967,138,139454.070033,14.245833333333332,1,29,71,1,3.0,-6.599999999999994,6.300000000000011,-23.099999999999994,-10.199999999999989,-1.4000000000000057,11.5,-18.0,-5.099999999999994,0.0,0.0,0.1,1.0,0.1,14,47.9,24.3,49565.81,18391.81,100,19,-12.900000000000006,6.300000000000011,-7.900000000000006,1.3000000000000114,8,0.0,0.0,0.0,0.0,96,99,17.8,34.9,99,-12.299999999999997,5.700000000000003,-8.599999999999994,2.0,8,0.0,0.0,0.0,0.0,98,99,20.8,41.0,99,-25.70245398773006,-29,24,14.433756729740645,10.96965511460289,0.6666666666666666,20.666666666666668,7.333333333333333,0,30,10.206207261596575,7.756717518813397,0.8333333333333334,24.833333333333332,4.166666666666667,0,91,8.663861725581729,11.232208153341888,0.875,26.5625,4.8125,2,91,8.663861725581729,11.232208153341888,0.875,26.5625,4.8125,2,91,8.663861725581729,11.232208153341888,0.875,26.5625,4.8125,2
2025-05-18 14:15:40.872008,138,139399.127992,14.261111111111111,9,10,90,1,-5.0,1.4000000000000057,6.300000000000011,-15.099999999999994,-10.199999999999989,6.599999999999994,11.5,-10.0,-5.099999999999994,0.0,0.0,0.1,1.0,0.1,14,47.9,24.3,49565.81,18391.81,100,19,-4.900000000000006,6.300000000000011,0.09999999999999432,1.3000000000000114,8,0.0,0.0,0.0,0.0,96,99,17.8,34.9,99,-4.299999999999997,5.700000000000003,-0.5999999999999943,2.0,8,0.0,0.0,0.0,0.0,98,99,20.8,41.0,99,57.30214893514734,90,57,7.0710678118654755,10.606601717798213,1.0,15.0,16.5,-10,61,7.0710678118654755,10.606601717798213,1.0,15.0,16.5,-10,124,7.0710678118654755,10.606601717798213,1.0,15.0,16.5,-10,124,7.0710678118654755,10.606601717798213,1.0,15.0,16.5,-10,124,7.0710678118654755,10.606601717798213,1.0,15.0,16.5,-10
2025-05-18 14:15:40.872008,138,139399.127992,14.261111111111111,24,20,80,1,-5.0,1.4000000000000057,6.300000000000011,-15.099999999999994,-10.199999999999989,6.599999999999994,11.5,-10.0,-5.099999999999994,0.0,0.0,0.1,1.0,0.1,14,47.9,24.3,49565.81,18391.81,100,19,-4.900000000000006,6.300000000000011,0.09999999999999432,1.3000000000000114,8,0.0,0.0,0.0,0.0,96,99,17.8,34.9,99,-4.299999999999997,5.700000000000003,-0.5999999999999943,2.0,8,0.0,0.0,0.0,0.0,98,99,20.8,41.0,99,47.32695267410543,80,57,7.0710678118654755,10.606601717798213,1.0,15.0,16.5,-10,61,7.0710678118654755,10.606601717798213,1.0,15.0,16.5,-10,124,7.0710678118654755,10.606601717798213,1.0,15.0,16.5,-10,124,7.0710678118654755,10.606601717798213,1.0,15.0,16.5,-10,124,7.0710678118654755,10.606601717798213,1.0,15.0,16.5,-10
2025-05-18 14:15:40.968659,138,139399.031341,14.261111111111111,10,17,83,1,-3.0,-0.5999999999999943,6.300000000000011,-17.099999999999994,-10.199999999999989,4.599999999999994,11.5,-12.0,-5.099999999999994,0.0,0.0,0.1,1.0,0.1,14,47.9,24.3,49565.81,18391.81,100,19,-6.900000000000006,6.300000000000011,-1.9000000000000057,1.3000000000000114,8,0.0,0.0,0.0,0.0,96,99,17.8,34.9,99,-6.299999999999997,5.700000000000003,-2.5999999999999943,2.0,8,0.0,0.0,0.0,0.0,98,99,20.8,41.0,99,10.198680443171916,-17,67,,,1.0,17.0,10.0,0,71,,,1.0,17.0,10.0,0,134,,,1.0,17.0,10.0,0,134,,,1.0,17.0,10.0,0,134,,,1.0,17.0,10.0,0
2025-05-18 14:15:41.028638,138,139398.971362,14.261388888888888,11,27,73,1,-3.0,-0.5999999999999943,6.300000000000011,-17.099999999999994,-10.199999999999989,4.599999999999994,11.5,-12.0,-5.099999999999994,0.0,0.0,0.1,1.0,0.1,14,47.9,24.3,49565.81,18391.81,100,19,-6.900000000000006,6.300000000000011,-1.9000000000000057,1.3000000000000114,8,0.0,0.0,0.0,0.0,96,99,17.8,34.9,99,-6.299999999999997,5.700000000000003,-2.5999999999999943,2.0,8,0.0,0.0,0.0,0.0,98,99,20.8,41.0,99,0.21139224728904438,-27,78,7.0710678118654755,0.7071067811865476,1.0,22.0,10.5,-10,82,7.0710678118654755,0.7071067811865476,1.0,22.0,10.5,-10,145,7.0710678118654755,0.7071067811865476,1.0,22.0,10.5,-10,145,7.0710678118654755,0.7071067811865476,1.0,22.0,10.5,-10,145,7.0710678118654755,0.7071067811865476,1.0,22.0,10.5,-10
2025-05-18 14:15:46.818679,138,139393.181321,14.262777777777778,20,20,80,0,1.0,-4.599999999999994,6.300000000000011,-21.099999999999994,-10.199999999999989,0.5999999999999943,11.5,-16.0,-5.099999999999994,0.0,0.0,0.1,1.0,0.1,14,47.9,24.3,49565.81,18391.81,100,19,-10.900000000000006,6.300000000000011,-5.900000000000006,1.3000000000000114,8,0.0,0.0,0.0,0.0,96,99,17.8,34.9,99,-10.299999999999997,5.700000000000003,-6.599999999999994,2.0,8,0.0,0.0,0.0,0.0,98,99,20.8,41.0,99,-14.050546963410028,20,96,,,0.0,20.0,20.0,0,102,,,0.0,20.0,20.0,0,165,,,0.0,20.0,20.0,0,165,,,0.0,20.0,20.0,0,165,,,0.0,20.0,20.0,0
2025-05-18 14:15:46.879856,138,139393.120144,14.262777777777778,20,20,80,0,1.0,-4.599999999999994,6.300000000000011,-21.099999999999994,-10.199999999999989,0.5999999999999943,11.5,-16.0,-5.099999999999994,0.0,0.0,0.1,1.0,0.1,14,47.9,24.3,49565.81,18391.81,100,19,-10.900000000000006,6.300000000000011,-5.900000000000006,1.3000000000000114,8,0.0,0.0,0.0,0.0,96,99,17.8,34.9,99,-10.299999999999997,5.700000000000003,-6.599999999999994,2.0,8,0.0,0.0,0.0,0.0,98,99,20.8,41.0,99,-14.157354618015958,20,116,0.0,0.0,0.0,20.0,20.0,0,122,0.0,0.0,0.0,20.0,20.0,0,185,0.0,0.0,0.0,20.0,20.0,0,185,0.0,0.0,0.0,20.0,20.0,0,185,0.0,0.0,0.0,20.0,20.0,0
2025-05-18 14:15:47.158524,138,139392.841476,14.263055555555555,15,27,73,1,-3.0,-0.5999999999999943,6.300000000000011,-17.099999999999994,-10.199999999999989,4.599999999999994,11.5,-12.0,-5.099999999999994,0.0,0.0,0.1,1.0,0.1,14,47.9,24.3,49565.81,18391.81,100,19,-6.900000000000006,6.300000000000011,-1.9000000000000057,1.3000000000000114,8,0.0,0.0,0.0,0.0,96,99,17.8,34.9,99,-6.299999999999997,5.700000000000003,-2.5999999999999943,2.0,8,0.0,0.0,0.0,0.0,98,99,20.8,41.0,99,0.2116824762855707,-27,131,5.773502691896257,2.6457513110645907,1.0,23.666666666666668,12.0,-10,137,5.773502691896257,2.6457513110645907,1.0,23.666666666666668,12.0,-10,200,5.773502691896257,2.6457513110645907,1.0,23.666666666666668,12.0,-10,200,5.773502691896257,2.6457513110645907,1.0,23.666666666666668,12.0,-10,200,5.773502691896257,2.6457513110645907,1.0,23.666666666666668,12.0,-10
2025-05-18 14:15:47.519618,138,139392.480382,14.263055555555555,1,6,94,1,3.0,-6.599999999999994,6.300000000000011,-23.099999999999994,-10.199999999999989,-1.4000000000000057,11.5,-18.0,-5.099999999999994,0.0,0.0,0.1,1.0,0.1,14,47.9,24.3,49565.81,18391.81,100,19,-12.900000000000006,6.300000000000011,-7.900000000000006,1.3000000000000114,8,0.0,0.0,0.0,0.0,96,99,17.8,34.9,99,-12.299999999999997,5.700000000000003,-8.599999999999994,2.0,8,0.0,0.0,0.0,0.0,98,99,20.8,41.0,99,-2.7815384615384615,-6,132,13.892443989449804,10.96965511460289,0.6666666666666666,13.0,7.333333333333333,-2,138,12.409673645990857,7.756717518813396,0.8333333333333334,21.0,4.166666666666667,23,201,9.759233938113356,10.914776815912292,0.8823529411764706,25.352941176470587,4.588235294117647,25,201,9.759233938113356,10.914776815912292,0.8823529411764706,25.352941176470587,4.588235294117647,25,201,9.759233938113356,10.914776815912292,0.8823529411764706,25.352941176470587,4.588235294117647,25
2025-05-18 14:15:47.583132,138,139392.416868,14.263055555555555,1,15,85,1,5.0,-8.599999999999994,6.300000000000011,-25.099999999999994,-10.199999999999989,-3.4000000000000057,11.5,-20.0,-5.099999999999994,0.0,0.0,0.1,1.0,0.1,14,47.9,24.3,49565.81,18391.81,100,19,-14.900000000000006,6.300000000000011,-9.900000000000006,1.3000000000000114,8,0.0,0.0,0.0,0.0,96,99,17.8,34.9,99,-14.299999999999997,5.700000000000003,-10.599999999999994,2.0,8,0.0,0.0,0.0,0.0,98,99,20.8,41.0,99,-9.352459016393443,-15,133,0.7071067811865476,0.0,1.0,14.5,1.0,-1,139,0.4472135954999579,0.0,1.0,14.2,1.0,-1,202,0.990430401872025,0.0,1.0,13.133333333333333,1.0,-3,202,0.990430401872025,0.0,1.0,13.133333333333333,1.0,-3,202,0.990430401872025,0.0,1.0,13.133333333333333,1.0,-3
2025-05-18 14:16:49.051053,138,139330.948947,14.280277777777778,1,5,95,1,5.0,-8.599999999999994,6.300000000000011,-25.099999999999994,-10.199999999999989,-3.4000000000000057,11.5,-20.0,-5.099999999999994,0.0,0.0,0.1,1.0,0.1,14,47.9,24.3,49565.81,18391.81,100,19,-14.900000000000006,6.300000000000011,-9.900000000000006,1.3000000000000114,8,0.0,0.0,0.0,0.0,96,99,17.8,34.9,99,-14.299999999999997,5.700000000000003,-10.599999999999994,2.0,8,0.0,0.0,0.0,0.0,98,99,20.8,41.0,99,0.5702479338842972,-5,112,7.0710678118654755,0.0,1.0,10.0,1.0,10,138,4.159326868617084,0.0,1.0,12.4,1.0,9,201,2.3196879921559237,0.0,1.0,12.666666666666666,1.0,7,203,2.247220505424423,0.0,1.0,12.625,1.0,7,203,2.247220505424423,0.0,1.0,12.625,1.0,7
2025-05-18 14:16:49.111859,138,139330.888141,14.280277777777778,1,6,94,1,3.0,-6.599999999999994,6.300000000000011,-23.099999999999994,-10.199999999999989,-1.4000000000000057,11.5,-18.0,-5.099999999999994,0.0,0.0,0.1,1.0,0.1,14,47.9,24.3,49565.81,18391.81,100,19,-12.900000000000006,6.300000000000011,-7.900000000000006,1.3000000000000114,8,0.0,0.0,0.0,0.0,96,99,17.8,34.9,99,-12.299999999999997,5.700000000000003,-8.599999999999994,2.0,8,0.0,0.0,0.0,0.0,98,99,20.8,41.0,99,-2.7901234567901234,-6,113,0.0,0.0,1.0,6.0,1.0,0,139,12.983322635853531,7.756717518813396,0.8333333333333334,17.166666666666668,4.166666666666667,23,202,10.69393725985182,10.914776815912292,0.8823529411764706,23.88235294117647,4.588235294117647,25,204,10.509410659894334,10.622611227049862,0.8888888888888888,24.27777777777778,4.388888888888889,25,204,10.509410659894334,10.622611227049862,0.8888888888888888,24.27777777777778,4.388888888888889,25
2025-05-18 14:20:25.498465,138,139114.501535,14.340277777777779,7,30,70,0,-5.0,1.4000000000000057,6.300000000000011,-15.099999999999994,-10.199999999999989,6.599999999999994,11.5,-10.0,-5.099999999999994,0.0,0.0,0.1,1.0,0.1,14,47.9,24.3,49565.81,18391.81,100,19,-4.900000000000006,6.300000000000011,0.09999999999999432,1.3000000000000114,8,0.0,0.0,0.0,0.0,96,99,17.8,34.9,99,-4.299999999999997,5.700000000000003,-0.5999999999999943,2.0,8,0.0,0.0,0.0,0.0,98,99,20.8,41.0,99,37.38164483821264,-70,7,,,0.0,30.0,7.0,0,120,10.0,9.291573243177568,0.6666666666666666,20.0,13.333333333333334,-20,160,10.0,9.291573243177568,0.6666666666666666,20.0,13.333333333333334,-20,211,10.0,9.291573243177568,0.6666666666666666,20.0,13.333333333333334,-20,211,10.0,9.291573243177568,0.6666666666666666,20.0,13.333333333333334,-20
2025-05-18 14:20:28.547541,138,139111.452459,14.341111111111111,7,28,72,0,-3.0,-0.5999999999999943,6.300000000000011,-17.099999999999994,-10.199999999999989,4.599999999999994,11.5,-12.0,-5.099999999999994,0.0,0.0,0.1,1.0,0.1,14,47.9,24.3,49565.81,18391.81,100,19,-6.900000000000006,6.300000000000011,-1.9000000000000057,1.3000000000000114,8,0.0,0.0,0.0,0.0,96,99,17.8,34.9,99,-6.299999999999997,5.700000000000003,-2.5999999999999943,2.0,8,0.0,0.0,0.0,0.0,98,99,20.8,41.0,99,-0.7879204701763172,28,14,,,0.0,28.0,7.0,0,127,5.188127472091127,3.304037933599835,0.75,24.75,10.75,-11,167,5.188127472091127,3.304037933599835,0.75,24.75,10.75,-11,218,5.188127472091127,3.304037933599835,0.75,24.75,10.75,-11,218,5.188127472091127,3.304037933599835,0.75,24.75,10.75,-11
2025-05-18 14:20:31.501732,138,139108.498268,14.341944444444445,34,14,86,1,1.0,-4.599999999999994,6.300000000000011,-21.099999999999994,-10.199999999999989,0.5999999999999943,11.5,-16.0,-5.099999999999994,0.0,0.0,0.1,1.0,0.1,14,47.9,24.3,49565.81,18391.81,100,19,-10.900000000000006,6.300000000000011,-5.900000000000006,1.3000000000000114,8,0.0,0.0,0.0,0.0,96,99,17.8,34.9,99,-10.299999999999997,5.700000000000003,-6.599999999999994,2.0,8,0.0,0.0,0.0,0.0,98,99,20.8,41.0,99,-8.26579854461892,-14,48,,,1.0,14.0,34.0,0,161,3.4641016151377544,8.082903768654761,0.3333333333333333,18.0,24.666666666666668,6,199,3.4641016151377544,8.082903768654761,0.3333333333333333,18.0,24.666666666666668,6,252,3.4641016151377544,8.082903768654761,0.3333333333333333,18.0,24.666666666666668,6,252,3.4641016151377544,8.082903768654761,0.3333333333333333,18.0,24.666666666666668,6
2025-05-18 14:20:33.852745,138,139106.147255,14.342500000000001,17,27,73,1,-3.0,-0.5999999999999943,6.300000000000011,-17.099999999999994,-10.199999999999989,4.599999999999994,11.5,-12.0,-5.099999999999994,0.0,0.0,0.1,1.0,0.1,14,47.9,24.3,49565.81,18391.81,100,19,-6.900000000000006,6.300000000000011,-1.9000000000000057,1.3000000000000114,8,0.0,0.0,0.0,0.0,96,99,17.8,34.9,99,-6.299999999999997,5.700000000000003,-2.5999999999999943,2.0,8,0.0,0.0,0.0,0.0,98,99,20.8,41.0,99,0.2113892365456813,-27,65,0.7071067811865476,7.0710678118654755,0.5,27.5,12.0,1,178,4.604345773288536,4.0,0.8,25.2,12.0,-10,216,4.604345773288536,4.0,0.8,25.2,12.0,-10,269,4.604345773288536,4.0,0.8,25.2,12.0,-10,269,4.604345773288536,4.0,0.8,25.2,12.0,-10
2025-05-18 14:25:25.734206,138,138814.265794,14.42361111111111,20,29,71,0,-5.0,1.4000000000000057,6.300000000000011,-15.099999999999994,-10.199999999999989,6.599999999999994,11.5,-10.0,-5.099999999999994,0.0,0.0,0.1,1.0,0.1,14,47.9,24.3,49565.81,18391.81,100,19,-4.900000000000006,6.300000000000011,0.09999999999999432,1.3000000000000114,8,0.0,0.0,0.0,0.0,96,99,17.8,34.9,99,-4.299999999999997,5.700000000000003,-0.5999999999999943,2.0,8,0.0,0.0,0.0,0.0,98,99,20.8,41.0,99,38.39424883194451,-71,20,,,0.0,29.0,20.0,0,78,,,0.0,29.0,20.0,0,228,9.322910847297997,8.286535263104035,0.5,22.25,15.0,-19,289,9.322910847297997,8.286535263104035,0.5,22.25,15.0,-19,289,9.322910847297997,8.286535263104035,0.5,22.25,15.0,-19
2025-05-18 14:25:27.695211,138,138812.304789,14.424166666666666,24,29,71,0,-5.0,1.4000000000000057,6.300000000000011,-15.099999999999994,-10.199999999999989,6.599999999999994,11.5,-10.0,-5.099999999999994,0.0,0.0,0.1,1.0,0.1,14,47.9,24.3,49565.81,18391.81,100,19,-4.900000000000006,6.300000000000011,0.09999999999999432,1.3000000000000114,8,0.0,0.0,0.0,0.0,96,99,17.8,34.9,99,-4.299999999999997,5.700000000000003,-0.5999999999999943,2.0,8,0.0,0.0,0.0,0.0,98,99,20.8,41.0,99,38.43127139482185,-71,44,0.0,2.8284271247461903,0.0,29.0,22.0,0,102,0.0,2.8284271247461903,0.0,29.0,22.0,0,252,8.61974477580398,8.228000972289685,0.4,23.6,16.8,-19,313,8.61974477580398,8.228000972289685,0.4,23.6,16.8,-19,313,8.61974477580398,8.228000972289685,0.4,23.6,16.8,-19
2025-05-18 14:25:32.731505,138,138807.268495,14.425555555555555,12,27,73,0,-3.0,-0.5999999999999943,6.300000000000011,-17.099999999999994,-10.199999999999989,4.599999999999994,11.5,-12.0,-5.099999999999994,0.0,0.0,0.1,1.0,0.1,14,47.9,24.3,49565.81,18391.81,100,19,-6.900000000000006,6.300000000000011,-1.9000000000000057,1.3000000000000114,8,0.0,0.0,0.0,0.0,96,99,17.8,34.9,99,-6.299999999999997,5.700000000000003,-2.5999999999999943,2.0,8,0.0,0.0,0.0,0.0,98,99,20.8,41.0,99,0.21183995986453397,27,56,,,0.0,27.0,12.0,0,73,0.0,3.5355339059327378,0.5,27.0,14.5,0,264,4.183300132670378,3.5777087639996634,0.6666666666666666,25.5,12.0,-10,325,4.183300132670378,3.5777087639996634,0.6666666666666666,25.5,12.0,-10,325,4.183300132670378,3.5777087639996634,0.6666666666666666,25.5,12.0,-10
2025-05-18 14:27:04.416357,138,138715.583643,14.45111111111111,6,29,71,0,-5.0,1.4000000000000057,6.300000000000011,-15.099999999999994,-10.199999999999989,6.599999999999994,11.5,-10.0,-5.099999999999994,0.0,0.0,0.1,1.0,0.1,14,47.9,24.3,49565.81,18391.81,100,19,-4.900000000000006,6.300000000000011,0.09999999999999432,1.3000000000000114,8,0.0,0.0,0.0,0.0,96,99,17.8,34.9,99,-4.299999999999997,5.700000000000003,-0.5999999999999943,2.0,8,0.0,0.0,0.0,0.0,98,99,20.8,41.0,99,38.47579282714679,-71,62,0.0,9.451631252505216,0.0,29.0,16.666666666666668,0,62,0.0,9.451631252505216,0.0,29.0,16.666666666666668,0,266,8.018728078691781,8.579044235810887,0.3333333333333333,24.5,15.0,-19,331,8.018728078691781,8.579044235810887,0.3333333333333333,24.5,15.0,-19,331,8.018728078691781,8.579044235810887,0.3333333333333333,24.5,15.0,-19
2025-05-18 14:27:45.025843,138,138674.974157,14.462499999999999,7,33,67,1,-3.0,-0.5999999999999943,6.300000000000011,-17.099999999999994,-10.199999999999989,4.599999999999994,11.5,-12.0,-5.099999999999994,0.0,0.0,0.1,1.0,0.1,14,47.9,24.3,49565.81,18391.81,100,19,-6.900000000000006,6.300000000000011,-1.9000000000000057,1.3000000000000114,8,0.0,0.0,0.0,0.0,96,99,17.8,34.9,99,-6.299999999999997,5.700000000000003,-2.5999999999999943,2.0,8,0.0,0.0,0.0,0.0,98,99,20.8,41.0,99,-5.7878407235271965,-33,146,1.0,73.07758434248723,1.0,33.0,46.666666666666664,1,202,3.1091263510296048,62.134263226231845,0.75,31.5,38.0,-5,404,5.024937810560445,40.54044619608642,0.7777777777777778,28.0,23.555555555555557,-15,471,5.024937810560445,40.54044619608642,0.7777777777777778,28.0,23.555555555555557,-15,471,5.024937810560445,40.54044619608642,0.7777777777777778,28.0,23.555555555555557,-15
2025-05-18 14:27:45.025843,138,138674.974157,14.462499999999999,131,34,66,1,-3.0,-0.5999999999999943,6.300000000000011,-17.099999999999994,-10.199999999999989,4.599999999999994,11.5,-12.0,-5.099999999999994,0.0,0.0,0.1,1.0,0.1,14,47.9,24.3,49565.81,18391.81,100,19,-6.900000000000006,6.300000000000011,-1.9000000000000057,1.3000000000000114,8,0.0,0.0,0.0,0.0,96,99,17.8,34.9,99,-6.299999999999997,5.700000000000003,-2.5999999999999943,2.0,8,0.0,0.0,0.0,0.0,98,99,20.8,41.0,99,-6.792934372642694,-34,146,1.0,73.07758434248723,1.0,33.0,46.666666666666664,1,202,3.1091263510296048,62.134263226231845,0.75,31.5,38.0,-5,404,5.024937810560445,40.54044619608642,0.7777777777777778,28.0,23.555555555555557,-15,471,5.024937810560445,40.54044619608642,0.7777777777777778,28.0,23.555555555555557,-15,471,5.024937810560445,40.54044619608642,0.7777777777777778,28.0,23.555555555555557,-15
2025-05-18 14:27:45.025843,138,138674.974157,14.462499999999999,2,32,68,1,-3.0,-0.5999999999999943,6.300000000000011,-17.099999999999994,-10.199999999999989,4.599999999999994,11.5,-12.0,-5.099999999999994,0.0,0.0,0.1,1.0,0.1,14,47.9,24.3,49565.81,18391.81,100,19,-6.900000000000006,6.300000000000011,-1.9000000000000057,1.3000000000000114,8,0.0,0.0,0.0,0.0,96,99,17.8,34.9,99,-6.299999999999997,5.700000000000003,-2.5999999999999943,2.0,8,0.0,0.0,0.0,0.0,98,99,20.8,41.0,99,-4.9066854148025065,-32,146,1.0,73.07758434248723,1.0,33.0,46.666666666666664,1,202,3.1091263510296048,62.134263226231845,0.75,31.5,38.0,-5,404,5.024937810560445,40.54044619608642,0.7777777777777778,28.0,23.555555555555557,-15,471,5.024937810560445,40.54044619608642,0.7777777777777778,28.0,23.555555555555557,-15,471,5.024937810560445,40.54044619608642,0.7777777777777778,28.0,23.555555555555557,-15
2025-05-18 14:28:02.423631,138,138657.576369,14.467222222222222,118,28,72,1,-1.0,-2.5999999999999943,6.300000000000011,-19.099999999999994,-10.199999999999989,2.5999999999999943,11.5,-14.0,-5.099999999999994,0.0,0.0,0.1,1.0,0.1,14,47.9,24.3,49565.81,18391.81,100,19,-8.900000000000006,6.300000000000011,-3.9000000000000057,1.3000000000000114,8,0.0,0.0,0.0,0.0,96,99,17.8,34.9,99,-8.299999999999997,5.700000000000003,-4.599999999999994,2.0,8,0.0,0.0,0.0,0.0,98,99,20.8,41.0,99,-14.77212556732224,-28,283,1.4142135623730951,70.0035713374682,1.0,27.0,68.5,2,339,1.4142135623730951,70.0035713374682,1.0,27.0,68.5,2,541,1.4142135623730951,70.0035713374682,1.0,27.0,68.5,2,608,1.4142135623730951,70.0035713374682,1.0,27.0,68.5,2,608,1.4142135623730951,70.0035713374682,1.0,27.0,68.5,2
2025-05-18 14:28:02.423631,138,138657.576369,14.467222222222222,19,26,74,1,-1.0,-2.5999999999999943,6.300000000000011,-19.099999999999994,-10.199999999999989,2.5999999999999943,11.5,-14.0,-5.099999999999994,0.0,0.0,0.1,1.0,0.1,14,47.9,24.3,49565.81,18391.81,100,19,-8.900000000000006,6.300000000000011,-3.9000000000000057,1.3000000000000114,8,0.0,0.0,0.0,0.0,96,99,17.8,34.9,99,-8.299999999999997,5.700000000000003,-4.599999999999994,2.0,8,0.0,0.0,0.0,0.0,98,99,20.8,41.0,99,-13.109284332688588,-26,283,1.4142135623730951,70.0035713374682,1.0,27.0,68.5,2,339,1.4142135623730951,70.0035713374682,1.0,27.0,68.5,2,541,1.4142135623730951,70.0035713374682,1.0,27.0,68.5,2,608,1.4142135623730951,70.0035713374682,1.0,27.0,68.5,2,608,1.4142135623730951,70.0035713374682,1.0,27.0,68.5,2
2025-05-18 14:30:25.071792,138,138514.928208,14.506944444444445,12,28,72,0,-3.0,-0.5999999999999943,6.300000000000011,-17.099999999999994,-10.199999999999989,4.599999999999994,11.5,-12.0,-5.099999999999994,0.0,0.0,0.1,1.0,0.1,14,47.9,24.3,49565.81,18391.81,100,19,-6.900000000000006,6.300000000000011,-1.9000000000000057,1.3000000000000114,8,0.0,0.0,0.0,0.0,96,99,17.8,34.9,99,-6.299999999999997,5.700000000000003,-2.5999999999999943,2.0,8,0.0,0.0,0.0,0.0,98,99,20.8,41.0,99,-0.9079401611047189,28,12,,,0.0,28.0,12.0,0,351,3.1144823004794873,55.05179379457131,0.6,30.8,32.8,-1,529,4.737556801183965,38.39618036558671,0.7,28.0,22.4,-11,620,4.737556801183965,38.39618036558671,0.7,28.0,22.4,-11,620,4.737556801183965,38.39618036558671,0.7,28.0,22.4,-11
2025-05-18 14:36:38.511747,138,138141.488253,14.610555555555555,1,6,94,1,3.0,-6.599999999999994,6.300000000000011,-23.099999999999994,-10.199999999999989,-1.4000000000000057,11.5,-18.0,-5.099999999999994,0.0,0.0,0.1,1.0,0.1,14,47.9,24.3,49565.81,18391.81,100,19,-12.900000000000006,6.300000000000011,-7.900000000000006,1.3000000000000114,8,0.0,0.0,0.0,0.0,96,99,17.8,34.9,99,-12.299999999999997,5.700000000000003,-8.599999999999994,2.0,8,0.0,0.0,0.0,0.0,98,99,20.8,41.0,99,-2.7987616099071206,-6,1,,,1.0,6.0,1.0,0,1,,,1.0,6.0,1.0,0,352,,,1.0,6.0,1.0,0,621,11.04059494964403,10.352557104237157,0.8947368421052632,23.31578947368421,4.2105263157894735,25,621,11.04059494964403,10.352557104237157,0.8947368421052632,23.31578947368421,4.2105263157894735,25
2025-05-18 14:36:38.554264,138,138141.445736,14.610555555555555,1,5,95,1,5.0,-8.599999999999994,6.300000000000011,-25.099999999999994,-10.199999999999989,-3.4000000000000057,11.5,-20.0,-5.099999999999994,0.0,0.0,0.1,1.0,0.1,14,47.9,24.3,49565.81,18391.81,100,19,-14.900000000000006,6.300000000000011,-9.900000000000006,1.3000000000000114,8,0.0,0.0,0.0,0.0,96,99,17.8,34.9,99,-14.299999999999997,5.700000000000003,-10.599999999999994,2.0,8,0.0,0.0,0.0,0.0,98,99,20.8,41.0,99,0.5750000000000002,-5,2,,,1.0,5.0,1.0,0,2,,,1.0,5.0,1.0,0,353,,,1.0,5.0,1.0,0,622,2.8555930670713363,0.0,1.0,12.176470588235293,1.0,7,622,2.8555930670713363,0.0,1.0,12.176470588235293,1.0,7
2025-05-18 14:37:40.634211,138,138079.365789,14.627777777777778,1,5,95,1,3.0,-6.599999999999994,6.300000000000011,-23.099999999999994,-10.199999999999989,-1.4000000000000057,11.5,-18.0,-5.099999999999994,0.0,0.0,0.1,1.0,0.1,14,47.9,24.3,49565.81,18391.81,100,19,-12.900000000000006,6.300000000000011,-7.900000000000006,1.3000000000000114,8,0.0,0.0,0.0,0.0,96,99,17.8,34.9,99,-12.299999999999997,5.700000000000003,-8.599999999999994,2.0,8,0.0,0.0,0.0,0.0,98,99,20.8,41.0,99,-1.8074534161490683,-5,3,0.7071067811865476,0.0,1.0,5.5,1.0,1,3,0.7071067811865476,0.0,1.0,5.5,1.0,1,354,0.7071067811865476,0.0,1.0,5.5,1.0,1,623,11.500114415906799,10.101980003939822,0.9,22.4,4.05,26,623,11.500114415906799,10.101980003939822,0.9,22.4,4.05,26
2025-05-18 14:37:40.697194,138,138079.302806,14.627777777777778,1,4,96,1,5.0,-8.599999999999994,6.300000000000011,-25.099999999999994,-10.199999999999989,-3.4000000000000057,11.5,-20.0,-5.099999999999994,0.0,0.0,0.1,1.0,0.1,14,47.9,24.3,49565.81,18391.81,100,19,-14.900000000000006,6.300000000000011,-9.900000000000006,1.3000000000000114,8,0.0,0.0,0.0,0.0,96,99,17.8,34.9,99,-14.299999999999997,5.700000000000003,-10.599999999999994,2.0,8,0.0,0.0,0.0,0.0,98,99,20.8,41.0,99,1.579831932773109,-4,4,0.7071067811865476,0.0,1.0,4.5,1.0,1,4,0.7071067811865476,0.0,1.0,4.5,1.0,1,355,0.7071067811865476,0.0,1.0,4.5,1.0,1,624,3.3747427885527643,0.0,1.0,11.722222222222221,1.0,8,624,3.3747427885527643,0.0,1.0,11.722222222222221,1.0,8
2025-05-18 14:38:42.430444,138,138017.569556,14.645,1,5,95,1,5.0,-8.599999999999994,6.300000000000011,-25.099999999999994,-10.199999999999989,-3.4000000000000057,11.5,-20.0,-5.099999999999994,0.0,0.0,0.1,1.0,0.1,14,47.9,24.3,49565.81,18391.81,100,19,-14.900000000000006,6.300000000000011,-9.900000000000006,1.3000000000000114,8,0.0,0.0,0.0,0.0,96,99,17.8,34.9,99,-14.299999999999997,5.700000000000003,-10.599999999999994,2.0,8,0.0,0.0,0.0,0.0,98,99,20.8,41.0,99,0.593220338983051,-5,3,0.7071067811865476,0.0,1.0,4.5,1.0,-1,5,0.5773502691896258,0.0,1.0,4.666666666666667,1.0,0,356,0.5773502691896258,0.0,1.0,4.666666666666667,1.0,0,625,3.624155477345944,0.0,1.0,11.368421052631579,1.0,7,625,3.624155477345944,0.0,1.0,11.368421052631579,1.0,7
2025-05-18 14:38:42.489027,138,138017.510973,14.645,1,6,94,1,3.0,-6.599999999999994,6.300000000000011,-23.099999999999994,-10.199999999999989,-1.4000000000000057,11.5,-18.0,-5.099999999999994,0.0,0.0,0.1,1.0,0.1,14,47.9,24.3,49565.81,18391.81,100,19,-12.900000000000006,6.300000000000011,-7.900000000000006,1.3000000000000114,8,0.0,0.0,0.0,0.0,96,99,17.8,34.9,99,-12.299999999999997,5.700000000000003,-8.599999999999994,2.0,8,0.0,0.0,0.0,0.0,98,99,20.8,41.0,99,-2.8130841121495327,-6,4,0.7071067811865476,0.0,1.0,5.5,1.0,-1,6,0.5773502691896258,0.0,1.0,5.666666666666667,1.0,0,357,0.5773502691896258,0.0,1.0,5.666666666666667,1.0,0,626,11.766376632065585,9.868661317041747,0.9047619047619048,21.61904761904762,3.9047619047619047,25,626,11.766376632065585,9.868661317041747,0.9047619047619048,21.61904761904762,3.9047619047619047,25
2025-05-18 14:39:22.150441,138,137977.849559,14.65611111111111,12,29,71,1,-5.0,1.4000000000000057,6.300000000000011,-15.099999999999994,-10.199999999999989,6.599999999999994,11.5,-10.0,-5.099999999999994,0.0,0.0,0.1,1.0,0.1,14,47.9,24.3,49565.81,18391.81,100,19,-4.900000000000006,6.300000000000011,0.09999999999999432,1.3000000000000114,8,0.0,0.0,0.0,0.0,96,99,17.8,34.9,99,-4.299999999999997,5.700000000000003,-0.5999999999999943,2.0,8,0.0,0.0,0.0,0.0,98,99,20.8,41.0,99,38.48693930761431,71,16,,,1.0,29.0,12.0,0,18,,,1.0,29.0,12.0,0,369,0.0,8.06225774829855,0.25,29.0,15.5,0,638,7.515064236331615,7.913219801006896,0.42857142857142855,25.142857142857142,14.571428571428571,-19,638,7.515064236331615,7.913219801006896,0.42857142857142855,25.142857142857142,14.571428571428571,-19
2025-05-18 14:39:44.076642,138,137955.923358,14.662222222222223,1,6,94,1,3.0,-6.599999999999994,6.300000000000011,-23.099999999999994,-10.199999999999989,-1.4000000000000057,11.5,-18.0,-5.099999999999994,0.0,0.0,0.1,1.0,0.1,14,47.9,24.3,49565.81,18391.81,100,19,-12.900000000000006,6.300000000000011,-7.900000000000006,1.3000000000000114,8,0.0,0.0,0.0,0.0,96,99,17.8,34.9,99,-12.299999999999997,5.700000000000003,-8.599999999999994,2.0,8,0.0,0.0,0.0,0.0,98,99,20.8,41.0,99,-2.821875,-6,15,0.0,0.0,1.0,6.0,1.0,0,19,0.5,0.0,1.0,5.75,1.0,0,370,0.5,0.0,1.0,5.75,1.0,0,639,11.955907449613472,9.650718296394503,0.9090909090909091,20.90909090909091,3.772727272727273,25,639,11.955907449613472,9.650718296394503,0.9090909090909091,20.90909090909091,3.772727272727273,25
2025-05-18 14:39:44.116801,138,137955.883199,14.662222222222223,1,4,96,1,5.0,-8.599999999999994,6.300000000000011,-25.099999999999994,-10.199999999999989,-3.4000000000000057,11.5,-20.0,-5.099999999999994,0.0,0.0,0.1,1.0,0.1,14,47.9,24.3,49565.81,18391.81,100,19,-14.900000000000006,6.300000000000011,-9.900000000000006,1.3000000000000114,8,0.0,0.0,0.0,0.0,96,99,17.8,34.9,99,-14.299999999999997,5.700000000000003,-10.599999999999994,2.0,8,0.0,0.0,0.0,0.0,98,99,20.8,41.0,99,1.598290598290598,-4,16,0.7071067811865476,0.0,1.0,4.5,1.0,1,20,0.5773502691896257,0.0,1.0,4.5,1.0,1,371,0.5773502691896257,0.0,1.0,4.5,1.0,1,640,3.8933141071383006,0.0,1.0,11.0,1.0,8,640,3.8933141071383006,0.0,1.0,11.0,1.0,8
2025-05-18 14:40:45.620787,138,137894.379213,14.679166666666665,1,6,94,1,3.0,-6.599999999999994,6.300000000000011,-23.099999999999994,-10.199999999999989,-1.4000000000000057,11.5,-18.0,-5.099999999999994,0.0,0.0,0.1,1.0,0.1,14,47.9,24.3,49565.81,18391.81,100,19,-12.900000000000006,6.300000000000011,-7.900000000000006,1.3000000000000114,8,0.0,0.0,0.0,0.0,96,99,17.8,34.9,99,-12.299999999999997,5.700000000000003,-8.599999999999994,2.0,8,0.0,0.0,0.0,0.0,98,99,20.8,41.0,99,-2.830721003134796,-6,15,0.0,0.0,1.0,6.0,1.0,0,21,0.44721359549995787,0.0,1.0,5.8,1.0,0,316,0.44721359549995787,0.0,1.0,5.8,1.0,0,641,12.087624743379441,9.446541914912443,0.9130434782608695,20.26086956521739,3.652173913043478,25,641,12.087624743379441,9.446541914912443,0.9130434782608695,20.26086956521739,3.652173913043478,25
2025-05-18 14:40:45.679527,138,137894.320473,14.679166666666665,1,5,95,1,5.0,-8.599999999999994,6.300000000000011,-25.099999999999994,-10.199999999999989,-3.4000000000000057,11.5,-20.0,-5.099999999999994,0.0,0.0,0.1,1.0,0.1,14,47.9,24.3,49565.81,18391.81,100,19,-14.900000000000006,6.300000000000011,-9.900000000000006,1.3000000000000114,8,0.0,0.0,0.0,0.0,96,99,17.8,34.9,99,-14.299999999999997,5.700000000000003,-10.599999999999994,2.0,8,0.0,0.0,0.0,0.0,98,99,20.8,41.0,99,0.6120689655172411,-5,16,0.7071067811865476,0.0,1.0,4.5,1.0,-1,22,0.5477225575051662,0.0,1.0,4.6,1.0,0,317,0.5477225575051662,0.0,1.0,4.6,1.0,0,642,4.014260294784796,0.0,1.0,10.714285714285714,1.0,7,642,4.014260294784796,0.0,1.0,10.714285714285714,1.0,7
2025-05-18 14:41:47.263293,138,137832.736707,14.696388888888889,1,4,96,1,5.0,-8.599999999999994,6.300000000000011,-25.099999999999994,-10.199999999999989,-3.4000000000000057,11.5,-20.0,-5.099999999999994,0.0,0.0,0.1,1.0,0.1,14,47.9,24.3,49565.81,18391.81,100,19,-14.900000000000006,6.300000000000011,-9.900000000000006,1.3000000000000114,8,0.0,0.0,0.0,0.0,96,99,17.8,34.9,99,-14.299999999999997,5.700000000000003,-10.599999999999994,2.0,8,0.0,0.0,0.0,0.0,98,99,20.8,41.0,99,1.6173913043478265,-4,3,0.7071067811865476,0.0,1.0,4.5,1.0,1,21,0.5477225575051662,0.0,1.0,4.4,1.0,0,318,0.5477225575051661,0.0,1.0,4.5,1.0,1,643,4.170863687068171,0.0,1.0,10.409090909090908,1.0,8,643,4.170863687068171,0.0,1.0,10.409090909090908,1.0,8
2025-05-18 14:41:47.267876,138,137832.732124,14.696388888888889,1,6,94,1,3.0,-6.599999999999994,6.300000000000011,-23.099999999999994,-10.199999999999989,-1.4000000000000057,11.5,-18.0,-5.099999999999994,0.0,0.0,0.1,1.0,0.1,14,47.9,24.3,49565.81,18391.81,100,19,-12.900000000000006,6.300000000000011,-7.900000000000006,1.3000000000000114,8,0.0,0.0,0.0,0.0,96,99,17.8,34.9,99,-12.299999999999997,5.700000000000003,-8.599999999999994,2.0,8,0.0,0.0,0.0,0.0,98,99,20.8,41.0,99,-2.839622641509434,-6,4,0.0,0.0,1.0,6.0,1.0,0,22,0.44721359549995787,0.0,1.0,5.8,1.0,-1,319,0.408248290463863,0.0,1.0,5.833333333333333,1.0,0,644,12.175051706583057,9.254748095914906,0.9166666666666666,19.666666666666668,3.5416666666666665,25,644,12.175051706583057,9.254748095914906,0.9166666666666666,19.666666666666668,3.5416666666666665,25
2025-05-18 14:42:23.887377,138,137796.112623,14.706388888888888,12,32,68,1,-5.0,1.4000000000000057,6.300000000000011,-15.099999999999994,-10.199999999999989,6.599999999999994,11.5,-10.0,-5.099999999999994,0.0,0.0,0.1,1.0,0.1,14,47.9,24.3,49565.81,18391.81,100,19,-4.900000000000006,6.300000000000011,0.09999999999999432,1.3000000000000114,8,0.0,0.0,0.0,0.0,96,99,17.8,34.9,99,-4.299999999999997,5.700000000000003,-0.5999999999999943,2.0,8,0.0,0.0,0.0,0.0,98,99,20.8,41.0,99,35.50925165466931,68,16,,,1.0,32.0,12.0,0,34,2.1213203435596424,0.0,1.0,30.5,12.0,-3,325,2.1213203435596424,0.0,1.0,30.5,12.0,-3,656,7.367883976130073,7.3824115301167,0.5,26.0,14.25,-22,656,7.367883976130073,7.3824115301167,0.5,26.0,14.25,-22
2025-05-18 14:42:48.819318,138,137771.180682,14.713333333333333,1,4,96,1,5.0,-8.599999999999994,6.300000000000011,-25.099999999999994,-10.199999999999989,-3.4000000000000057,11.5,-20.0,-5.099999999999994,0.0,0.0,0.1,1.0,0.1,14,47.9,24.3,49565.81,18391.81,100,19,-14.900000000000006,6.300000000000011,-9.900000000000006,1.3000000000000114,8,0.0,0.0,0.0,0.0,96,99,17.8,34.9,99,-14.299999999999997,5.700000000000003,-10.599999999999994,2.0,8,0.0,0.0,0.0,0.0,98,99,20.8,41.0,99,1.6315789473684212,-4,15,0.0,0.0,1.0,4.0,1.0,0,33,0.5477225575051662,0.0,1.0,4.4,1.0,1,186,0.5345224838248488,0.0,1.0,4.428571428571429,1.0,1,657,4.288508405940939,0.0,1.0,10.130434782608695,1.0,8,657,4.288508405940939,0.0,1.0,10.130434782608695,1.0,8
2025-05-18 14:42:48.819793,138,137771.180207,14.713333333333333,1,6,94,1,3.0,-6.599999999999994,6.300000000000011,-23.099999999999994,-10.199999999999989,-1.4000000000000057,11.5,-18.0,-5.099999999999994,0.0,0.0,0.1,1.0,0.1,14,47.9,24.3,49565.81,18391.81,100,19,-12.900000000000006,6.300000000000011,-7.900000000000006,1.3000000000000114,8,0.0,0.0,0.0,0.0,96,99,17.8,34.9,99,-12.299999999999997,5.700000000000003,-8.599999999999994,2.0,8,0.0,0.0,0.0,0.0,98,99,20.8,41.0,99,-2.8485804416403786,-6,16,0.0,0.0,1.0,6.0,1.0,0,34,0.0,0.0,1.0,6.0,1.0,0,187,0.37796447300922725,0.0,1.0,5.857142857142857,1.0,0,658,12.228109693107381,9.074139077620533,0.92,19.12,3.44,25,658,12.228109693107381,9.074139077620533,0.92,19.12,3.44,25
2025-05-18 14:43:50.440563,138,137709.559437,14.730555555555556,1,6,94,1,3.0,-6.599999999999994,6.300000000000011,-23.099999999999994,-10.199999999999989,-1.4000000000000057,11.5,-18.0,-5.099999999999994,0.0,0.0,0.1,1.0,0.1,14,47.9,24.3,49565.81,18391.81,100,19,-12.900000000000006,6.300000000000011,-7.900000000000006,1.3000000000000114,8,0.0,0.0,0.0,0.0,96,99,17.8,34.9,99,-12.299999999999997,5.700000000000003,-8.599999999999994,2.0,8,0.0,0.0,0.0,0.0,98,99,20.8,41.0,99,-2.857594936708861,-6,15,0.0,0.0,1.0,6.0,1.0,0,33,0.0,0.0,1.0,6.0,1.0,0,51,0.3535533905932738,0.0,1.0,5.875,1.0,0,659,12.25423003889489,8.903672535273556,0.9230769230769231,18.615384615384617,3.3461538461538463,25,659,12.25423003889489,8.903672535273556,0.9230769230769231,18.615384615384617,3.3461538461538463,25
2025-05-18 14:43:50.481210,138,137709.51879,14.730555555555556,1,4,96,1,5.0,-8.599999999999994,6.300000000000011,-25.099999999999994,-10.199999999999989,-3.4000000000000057,11.5,-20.0,-5.099999999999994,0.0,0.0,0.1,1.0,0.1,14,47.9,24.3,49565.81,18391.81,100,19,-14.900000000000006,6.300000000000011,-9.900000000000006,1.3000000000000114,8,0.0,0.0,0.0,0.0,96,99,17.8,34.9,99,-14.299999999999997,5.700000000000003,-10.599999999999994,2.0,8,0.0,0.0,0.0,0.0,98,99,20.8,41.0,99,1.6460176991150446,-4,16,0.0,0.0,1.0,4.0,1.0,0,34,0.44721359549995787,0.0,1.0,4.2,1.0,0,52,0.5175491695067657,0.0,1.0,4.375,1.0,1,660,4.376940563413236,0.0,1.0,9.875,1.0,8,660,4.376940563413236,0.0,1.0,9.875,1.0,8
2025-05-18 14:44:52.265705,138,137647.734295,14.747777777777777,1,6,94,1,3.0,-6.599999999999994,6.300000000000011,-23.099999999999994,-10.199999999999989,-1.4000000000000057,11.5,-18.0,-5.099999999999994,0.0,0.0,0.1,1.0,0.1,14,47.9,24.3,49565.81,18391.81,100,19,-12.900000000000006,6.300000000000011,-7.900000000000006,1.3000000000000114,8,0.0,0.0,0.0,0.0,96,99,17.8,34.9,99,-12.299999999999997,5.700000000000003,-8.599999999999994,2.0,8,0.0,0.0,0.0,0.0,98,99,20.8,41.0,99,-2.8666666666666667,-6,3,0.0,0.0,1.0,6.0,1.0,0,21,0.0,0.0,1.0,6.0,1.0,0,53,0.33333333333333337,0.0,1.0,5.888888888888889,1.0,0,661,12.259074201786213,8.742436698666992,0.9259259259259259,18.14814814814815,3.259259259259259,25,661,12.259074201786213,8.742436698666992,0.9259259259259259,18.14814814814815,3.259259259259259,25
2025-05-18 14:44:52.325691,138,137647.674309,14.747777777777777,1,4,96,1,5.0,-8.599999999999994,6.300000000000011,-25.099999999999994,-10.199999999999989,-3.4000000000000057,11.5,-20.0,-5.099999999999994,0.0,0.0,0.1,1.0,0.1,14,47.9,24.3,49565.81,18391.81,100,19,-14.900000000000006,6.300000000000011,-9.900000000000006,1.3000000000000114,8,0.0,0.0,0.0,0.0,96,99,17.8,34.9,99,-14.299999999999997,5.700000000000003,-10.599999999999994,2.0,8,0.0,0.0,0.0,0.0,98,99,20.8,41.0,99,1.6607142857142856,-4,4,0.0,0.0,1.0,4.0,1.0,0,22,0.44721359549995787,0.0,1.0,4.2,1.0,1,54,0.5,0.0,1.0,4.333333333333333,1.0,1,662,4.442971978304612,0.0,1.0,9.64,1.0,8,662,4.442971978304612,0.0,1.0,9.64,1.0,8
2025-05-18 14:45:53.872073,138,137586.127927,14.764722222222222,1,6,94,1,3.0,-6.599999999999994,6.300000000000011,-23.099999999999994,-10.199999999999989,-1.4000000000000057,11.5,-18.0,-5.099999999999994,0.0,0.0,0.1,1.0,0.1,14,47.9,24.3,49565.81,18391.81,100,19,-12.900000000000006,6.300000000000011,-7.900000000000006,1.3000000000000114,8,0.0,0.0,0.0,0.0,96,99,17.8,34.9,99,-12.299999999999997,5.700000000000003,-8.599999999999994,2.0,8,0.0,0.0,0.0,0.0,98,99,20.8,41.0,99,-2.875796178343949,-6,3,0.0,0.0,1.0,6.0,1.0,0,21,0.0,0.0,1.0,6.0,1.0,0,43,0.31622776601683794,0.0,1.0,5.9,1.0,0,663,12.247016697523442,8.589630145224298,0.9285714285714286,17.714285714285715,3.1785714285714284,25,663,12.247016697523442,8.589630145224298,0.9285714285714286,17.714285714285715,3.1785714285714284,25
2025-05-18 14:45:53.904094,138,137586.095906,14.764722222222222,1,4,96,1,5.0,-8.599999999999994,6.300000000000011,-25.099999999999994,-10.199999999999989,-3.4000000000000057,11.5,-20.0,-5.099999999999994,0.0,0.0,0.1,1.0,0.1,14,47.9,24.3,49565.81,18391.81,100,19,-14.900000000000006,6.300000000000011,-9.900000000000006,1.3000000000000114,8,0.0,0.0,0.0,0.0,96,99,17.8,34.9,99,-14.299999999999997,5.700000000000003,-10.599999999999994,2.0,8,0.0,0.0,0.0,0.0,98,99,20.8,41.0,99,1.6756756756756754,-4,4,0.0,0.0,1.0,4.0,1.0,0,22,0.0,0.0,1.0,4.0,1.0,0,44,0.48304589153964794,0.0,1.0,4.3,1.0,1,664,4.491530491251969,0.0,1.0,9.423076923076923,1.0,8,664,4.491530491251969,0.0,1.0,9.423076923076923,1.0,8
2025-05-18 14:46:55.638631,138,137524.361369,14.781944444444445,1,4,96,1,5.0,-8.599999999999994,6.300000000000011,-25.099999999999994,-10.199999999999989,-3.4000000000000057,11.5,-20.0,-5.099999999999994,0.0,0.0,0.1,1.0,0.1,14,47.9,24.3,49565.81,18391.81,100,19,-14.900000000000006,6.300000000000011,-9.900000000000006,1.3000000000000114,8,0.0,0.0,0.0,0.0,96,99,17.8,34.9,99,-14.299999999999997,5.700000000000003,-10.599999999999994,2.0,8,0.0,0.0,0.0,0.0,98,99,20.8,41.0,99,1.6909090909090905,-4,3,0.0,0.0,1.0,4.0,1.0,0,21,0.0,0.0,1.0,4.0,1.0,0,45,0.4670993664969138,0.0,1.0,4.2727272727272725,1.0,1,665,4.526276558848287,0.0,1.0,9.222222222222221,1.0,8,665,4.526276558848287,0.0,1.0,9.222222222222221,1.0,8
2025-05-18 14:46:55.699411,138,137524.300589,14.781944444444445,1,6,94,1,3.0,-6.599999999999994,6.300000000000011,-23.099999999999994,-10.199999999999989,-1.4000000000000057,11.5,-18.0,-5.099999999999994,0.0,0.0,0.1,1.0,0.1,14,47.9,24.3,49565.81,18391.81,100,19,-12.900000000000006,6.300000000000011,-7.900000000000006,1.3000000000000114,8,0.0,0.0,0.0,0.0,96,99,17.8,34.9,99,-12.299999999999997,5.700000000000003,-8.599999999999994,2.0,8,0.0,0.0,0.0,0.0,98,99,20.8,41.0,99,-2.8849840255591053,-6,4,0.0,0.0,1.0,6.0,1.0,0,22,0.0,0.0,1.0,6.0,1.0,0,46,0.30151134457776363,0.0,1.0,5.909090909090909,1.0,0,666,12.221478307459554,8.44454527062211,0.9310344827586207,17.310344827586206,3.103448275862069,25,666,12.221478307459554,8.44454527062211,0.9310344827586207,17.310344827586206,3.103448275862069,25
2025-05-18 14:47:57.331039,138,137462.668961,14.799166666666666,1,6,94,1,3.0,-6.599999999999994,6.300000000000011,-23.099999999999994,-10.199999999999989,-1.4000000000000057,11.5,-18.0,-5.099999999999994,0.0,0.0,0.1,1.0,0.1,14,47.9,24.3,49565.81,18391.81,100,19,-12.900000000000006,6.300000000000011,-7.900000000000006,1.3000000000000114,8,0.0,0.0,0.0,0.0,96,99,17.8,34.9,99,-12.299999999999997,5.700000000000003,-8.599999999999994,2.0,8,0.0,0.0,0.0,0.0,98,99,20.8,41.0,99,-2.894230769230769,-6,3,0.0,0.0,1.0,6.0,1.0,0,9,0.0,0.0,1.0,6.0,1.0,0,47,0.2886751345948129,0.0,1.0,5.916666666666667,1.0,0,667,12.185161505681414,8.306554675358049,0.9333333333333333,16.933333333333334,3.033333333333333,25,667,12.185161505681414,8.306554675358049,0.9333333333333333,16.933333333333334,3.033333333333333,25
2025-05-18 14:47:57.391322,138,137462.608678,14.799166666666666,1,4,96,1,5.0,-8.599999999999994,6.300000000000011,-25.099999999999994,-10.199999999999989,-3.4000000000000057,11.5,-20.0,-5.099999999999994,0.0,0.0,0.1,1.0,0.1,14,47.9,24.3,49565.81,18391.81,100,19,-14.900000000000006,6.300000000000011,-9.900000000000006,1.3000000000000114,8,0.0,0.0,0.0,0.0,96,99,17.8,34.9,99,-14.299999999999997,5.700000000000003,-10.599999999999994,2.0,8,0.0,0.0,0.0,0.0,98,99,20.8,41.0,99,1.7064220183486238,-4,4,0.0,0.0,1.0,4.0,1.0,0,10,0.0,0.0,1.0,4.0,1.0,0,48,0.45226701686664544,0.0,1.0,4.25,1.0,1,668,4.5499869178252546,0.0,1.0,9.035714285714286,1.0,8,668,4.5499869178252546,0.0,1.0,9.035714285714286,1.0,8
2025-05-18 14:48:58.924206,138,137401.075794,14.816111111111113,1,6,94,1,3.0,-6.599999999999994,6.300000000000011,-23.099999999999994,-10.199999999999989,-1.4000000000000057,11.5,-18.0,-5.099999999999994,0.0,0.0,0.1,1.0,0.1,14,47.9,24.3,49565.81,18391.81,100,19,-12.900000000000006,6.300000000000011,-7.900000000000006,1.3000000000000114,8,0.0,0.0,0.0,0.0,96,99,17.8,34.9,99,-12.299999999999997,5.700000000000003,-8.599999999999994,2.0,8,0.0,0.0,0.0,0.0,98,99,20.8,41.0,99,-2.9035369774919615,-6,3,0.0,0.0,1.0,6.0,1.0,0,9,0.0,0.0,1.0,6.0,1.0,0,49,0.2773500981126145,0.0,1.0,5.923076923076923,1.0,0,669,12.140220188965237,8.175099881011617,0.9354838709677419,16.580645161290324,2.967741935483871,25,669,12.140220188965237,8.175099881011617,0.9354838709677419,16.580645161290324,2.967741935483871,25
2025-05-18 14:48:58.964534,138,137401.035466,14.816111111111113,1,4,96,1,5.0,-8.599999999999994,6.300000000000011,-25.099999999999994,-10.199999999999989,-3.4000000000000057,11.5,-20.0,-5.099999999999994,0.0,0.0,0.1,1.0,0.1,14,47.9,24.3,49565.81,18391.81,100,19,-14.900000000000006,6.300000000000011,-9.900000000000006,1.3000000000000114,8,0.0,0.0,0.0,0.0,96,99,17.8,34.9,99,-14.299999999999997,5.700000000000003,-10.599999999999994,2.0,8,0.0,0.0,0.0,0.0,98,99,20.8,41.0,99,1.7222222222222223,-4,4,0.0,0.0,1.0,4.0,1.0,0,10,0.0,0.0,1.0,4.0,1.0,0,50,0.4385290096535146,0.0,1.0,4.230769230769231,1.0,1,670,4.564804313839239,0.0,1.0,8.862068965517242,1.0,8,670,4.564804313839239,0.0,1.0,8.862068965517242,1.0,8
2025-05-18 14:50:00.917515,138,137339.082485,14.833333333333334,1,4,96,1,5.0,-8.599999999999994,6.300000000000011,-25.099999999999994,-10.199999999999989,-3.4000000000000057,11.5,-20.0,-5.099999999999994,0.0,0.0,0.1,1.0,0.1,14,47.9,24.3,49565.81,18391.81,100,19,-14.900000000000006,6.300000000000011,-9.900000000000006,1.3000000000000114,8,0.0,0.0,0.0,0.0,96,99,17.8,34.9,99,-14.299999999999997,5.700000000000003,-10.599999999999994,2.0,8,0.0,0.0,0.0,0.0,98,99,20.8,41.0,99,1.7383177570093462,-4,3,0.0,0.0,1.0,4.0,1.0,0,9,0.0,0.0,1.0,4.0,1.0,0,51,0.4258153136263202,0.0,1.0,4.214285714285714,1.0,1,671,4.572405991567694,0.0,1.0,8.7,1.0,8,671,4.572405991567694,0.0,1.0,8.7,1.0,8
2025-05-18 14:50:00.918225,138,137339.081775,14.833333333333334,1,6,94,1,3.0,-6.599999999999994,6.300000000000011,-23.099999999999994,-10.199999999999989,-1.4000000000000057,11.5,-18.0,-5.099999999999994,0.0,0.0,0.1,1.0,0.1,14,47.9,24.3,49565.81,18391.81,100,19,-12.900000000000006,6.300000000000011,-7.900000000000006,1.3000000000000114,8,0.0,0.0,0.0,0.0,96,99,17.8,34.9,99,-12.299999999999997,5.700000000000003,-8.599999999999994,2.0,8,0.0,0.0,0.0,0.0,98,99,20.8,41.0,99,-2.912903225806452,-6,4,0.0,0.0,1.0,6.0,1.0,0,10,0.0,0.0,1.0,6.0,1.0,0,52,0.26726124191242434,0.0,1.0,5.928571428571429,1.0,0,672,12.088384187229678,8.049681921185337,0.9375,16.25,2.90625,25,672,12.088384187229678,8.049681921185337,0.9375,16.25,2.90625,25
2025-05-18 14:51:03.015485,138,137276.984515,14.850833333333332,1,6,94,1,3.0,-6.599999999999994,6.300000000000011,-23.099999999999994,-10.199999999999989,-1.4000000000000057,11.5,-18.0,-5.099999999999994,0.0,0.0,0.1,1.0,0.1,14,47.9,24.3,49565.81,18391.81,100,19,-12.900000000000006,6.300000000000011,-7.900000000000006,1.3000000000000114,8,0.0,0.0,0.0,0.0,96,99,17.8,34.9,99,-12.299999999999997,5.700000000000003,-8.599999999999994,2.0,8,0.0,0.0,0.0,0.0,98,99,20.8,41.0,99,-2.9223300970873787,-6,3,0.0,0.0,1.0,6.0,1.0,0,9,0.0,0.0,1.0,6.0,1.0,0,53,0.2581988897471611,0.0,1.0,5.933333333333334,1.0,0,673,12.031051995615849,7.929853451204236,0.9393939393939394,15.93939393939394,2.8484848484848486,25,673,12.031051995615849,7.929853451204236,0.9393939393939394,15.93939393939394,2.8484848484848486,25
2025-05-18 14:51:03.067711,138,137276.932289,14.850833333333332,1,4,96,1,5.0,-8.599999999999994,6.300000000000011,-25.099999999999994,-10.199999999999989,-3.4000000000000057,11.5,-20.0,-5.099999999999994,0.0,0.0,0.1,1.0,0.1,14,47.9,24.3,49565.81,18391.81,100,19,-14.900000000000006,6.300000000000011,-9.900000000000006,1.3000000000000114,8,0.0,0.0,0.0,0.0,96,99,17.8,34.9,99,-14.299999999999997,5.700000000000003,-10.599999999999994,2.0,8,0.0,0.0,0.0,0.0,98,99,20.8,41.0,99,1.7547169811320753,-4,4,0.0,0.0,1.0,4.0,1.0,0,10,0.0,0.0,1.0,4.0,1.0,0,54,0.4140393356054125,0.0,1.0,4.2,1.0,1,674,4.574120751047275,0.0,1.0,8.548387096774194,1.0,8,674,4.574120751047275,0.0,1.0,8.548387096774194,1.0,8
2025-05-18 14:52:04.639769,138,137215.360231,14.867777777777778,1,4,96,1,5.0,-8.599999999999994,6.300000000000011,-25.099999999999994,-10.199999999999989,-3.4000000000000057,11.5,-20.0,-5.099999999999994,0.0,0.0,0.1,1.0,0.1,14,47.9,24.3,49565.81,18391.81,100,19,-14.900000000000006,6.300000000000011,-9.900000000000006,1.3000000000000114,8,0.0,0.0,0.0,0.0,96,99,17.8,34.9,99,-14.299999999999997,5.700000000000003,-10.599999999999994,2.0,8,0.0,0.0,0.0,0.0,98,99,20.8,41.0,99,1.7714285714285714,-4,3,0.0,0.0,1.0,4.0,1.0,0,9,0.0,0.0,1.0,4.0,1.0,0,53,0.3518657752744984,0.0,1.0,4.133333333333334,1.0,0,675,4.571012275831958,0.0,1.0,8.40625,1.0,8,675,4.571012275831958,0.0,1.0,8.40625,1.0,8
2025-05-18 14:52:04.640295,138,137215.359705,14.867777777777778,1,5,95,1,3.0,-6.599999999999994,6.300000000000011,-23.099999999999994,-10.199999999999989,-1.4000000000000057,11.5,-18.0,-5.099999999999994,0.0,0.0,0.1,1.0,0.1,14,47.9,24.3,49565.81,18391.81,100,19,-12.900000000000006,6.300000000000011,-7.900000000000006,1.3000000000000114,8,0.0,0.0,0.0,0.0,96,99,17.8,34.9,99,-12.299999999999997,5.700000000000003,-8.599999999999994,2.0,8,0.0,0.0,0.0,0.0,98,99,20.8,41.0,99,-1.9318181818181817,-5,4,0.7071067811865476,0.0,1.0,5.5,1.0,1,10,0.4472135954999579,0.0,1.0,5.8,1.0,1,54,0.3518657752744984,0.0,1.0,5.866666666666666,1.0,0,676,11.994985583333772,7.815212096095144,0.9411764705882353,15.617647058823529,2.7941176470588234,26,676,11.994985583333772,7.815212096095144,0.9411764705882353,15.617647058823529,2.7941176470588234,26
2025-05-18 14:53:06.472878,138,137153.527122,14.885,1,5,95,1,3.0,-6.599999999999994,6.300000000000011,-23.099999999999994,-10.199999999999989,-1.4000000000000057,11.5,-18.0,-5.099999999999994,0.0,0.0,0.1,1.0,0.1,14,47.9,24.3,49565.81,18391.81,100,19,-12.900000000000006,6.300000000000011,-7.900000000000006,1.3000000000000114,8,0.0,0.0,0.0,0.0,96,99,17.8,34.9,99,-12.299999999999997,5.700000000000003,-8.599999999999994,2.0,8,0.0,0.0,0.0,0.0,98,99,20.8,41.0,99,-1.9381107491856677,-5,3,0.0,0.0,1.0,5.0,1.0,0,9,0.5477225575051662,0.0,1.0,5.6,1.0,1,53,0.3518657752744984,0.0,1.0,5.866666666666666,1.0,1,677,11.952778236168577,7.705394814264711,0.9428571428571428,15.314285714285715,2.742857142857143,26,677,11.952778236168577,7.705394814264711,0.9428571428571428,15.314285714285715,2.742857142857143,26
2025-05-18 14:53:06.538086,138,137153.461914,14.885,1,4,96,1,5.0,-8.599999999999994,6.300000000000011,-25.099999999999994,-10.199999999999989,-3.4000000000000057,11.5,-20.0,-5.099999999999994,0.0,0.0,0.1,1.0,0.1,14,47.9,24.3,49565.81,18391.81,100,19,-14.900000000000006,6.300000000000011,-9.900000000000006,1.3000000000000114,8,0.0,0.0,0.0,0.0,96,99,17.8,34.9,99,-14.299999999999997,5.700000000000003,-10.599999999999994,2.0,8,0.0,0.0,0.0,0.0,98,99,20.8,41.0,99,1.7884615384615383,-4,4,0.0,0.0,1.0,4.0,1.0,0,10,0.0,0.0,1.0,4.0,1.0,0,54,0.3518657752744984,0.0,1.0,4.133333333333334,1.0,1,678,4.563939685682256,0.0,1.0,8.272727272727273,1.0,8,678,4.563939685682256,0.0,1.0,8.272727272727273,1.0,8
2025-05-18 14:54:08.038125,138,137091.961875,14.902222222222223,1,5,95,1,3.0,-6.599999999999994,6.300000000000011,-23.099999999999994,-10.199999999999989,-1.4000000000000057,11.5,-18.0,-5.099999999999994,0.0,0.0,0.1,1.0,0.1,14,47.9,24.3,49565.81,18391.81,100,19,-12.900000000000006,6.300000000000011,-7.900000000000006,1.3000000000000114,8,0.0,0.0,0.0,0.0,96,99,17.8,34.9,99,-12.299999999999997,5.700000000000003,-8.599999999999994,2.0,8,0.0,0.0,0.0,0.0,98,99,20.8,41.0,99,-1.9444444444444446,-5,3,0.0,0.0,1.0,5.0,1.0,0,9,0.5477225575051662,0.0,1.0,5.4,1.0,1,53,0.4140393356054125,0.0,1.0,5.8,1.0,1,679,11.90554759312076,7.6000730990636605,0.9444444444444444,15.027777777777779,2.6944444444444446,26,679,11.90554759312076,7.6000730990636605,0.9444444444444444,15.027777777777779,2.6944444444444446,26
2025-05-18 14:54:08.039588,138,137091.960412,14.902222222222223,1,4,96,1,5.0,-8.599999999999994,6.300000000000011,-25.099999999999994,-10.199999999999989,-3.4000000000000057,11.5,-20.0,-5.099999999999994,0.0,0.0,0.1,1.0,0.1,14,47.9,24.3,49565.81,18391.81,100,19,-14.900000000000006,6.300000000000011,-9.900000000000006,1.3000000000000114,8,0.0,0.0,0.0,0.0,96,99,17.8,34.9,99,-14.299999999999997,5.700000000000003,-10.599999999999994,2.0,8,0.0,0.0,0.0,0.0,98,99,20.8,41.0,99,1.8058252427184467,-4,4,0.0,0.0,1.0,4.0,1.0,0,10,0.0,0.0,1.0,4.0,1.0,0,54,0.2581988897471611,0.0,1.0,4.066666666666666,1.0,0,680,4.553602323177449,0.0,1.0,8.147058823529411,1.0,8,680,4.553602323177449,0.0,1.0,8.147058823529411,1.0,8
2025-05-18 14:54:21.108316,138,137078.891684,14.905833333333334,42,28,72,1,-3.0,-0.5999999999999943,6.300000000000011,-17.099999999999994,-10.199999999999989,4.599999999999994,11.5,-12.0,-5.099999999999994,0.0,0.0,0.1,1.0,0.1,14,47.9,24.3,49565.81,18391.81,100,19,-6.900000000000006,6.300000000000011,-1.9000000000000057,1.3000000000000114,8,0.0,0.0,0.0,0.0,96,99,17.8,34.9,99,-6.299999999999997,5.700000000000003,-2.5999999999999943,2.0,8,0.0,0.0,0.0,0.0,98,99,20.8,41.0,99,-0.9093353822512498,-28,46,,,1.0,28.0,42.0,0,52,,,1.0,28.0,42.0,0,96,,,1.0,28.0,42.0,0,722,4.494441010848846,36.90208173482407,0.7272727272727273,28.0,24.181818181818183,-11,722,4.494441010848846,36.90208173482407,0.7272727272727273,28.0,24.181818181818183,-11
2025-05-18 14:55:09.732481,138,137030.267519,14.919166666666666,1,5,95,1,3.0,-6.599999999999994,6.300000000000011,-23.099999999999994,-10.199999999999989,-1.4000000000000057,11.5,-18.0,-5.099999999999994,0.0,0.0,0.1,1.0,0.1,14,47.9,24.3,49565.81,18391.81,100,19,-12.900000000000006,6.300000000000011,-7.900000000000006,1.3000000000000114,8,0.0,0.0,0.0,0.0,96,99,17.8,34.9,99,-12.299999999999997,5.700000000000003,-8.599999999999994,2.0,8,0.0,0.0,0.0,0.0,98,99,20.8,41.0,99,-1.9508196721311477,-5,45,0.0,0.0,1.0,5.0,1.0,0,51,0.44721359549995787,0.0,1.0,5.2,1.0,1,83,0.45773770821706344,0.0,1.0,5.733333333333333,1.0,1,723,11.854219608330297,7.498948875291404,0.9459459459459459,14.756756756756756,2.6486486486486487,26,723,11.854219608330297,7.498948875291404,0.9459459459459459,14.756756756756756,2.6486486486486487,26
2025-05-18 14:55:09.734172,138,137030.265828,14.919166666666666,1,4,96,1,5.0,-8.599999999999994,6.300000000000011,-25.099999999999994,-10.199999999999989,-3.4000000000000057,11.5,-20.0,-5.099999999999994,0.0,0.0,0.1,1.0,0.1,14,47.9,24.3,49565.81,18391.81,100,19,-14.900000000000006,6.300000000000011,-9.900000000000006,1.3000000000000114,8,0.0,0.0,0.0,0.0,96,99,17.8,34.9,99,-14.299999999999997,5.700000000000003,-10.599999999999994,2.0,8,0.0,0.0,0.0,0.0,98,99,20.8,41.0,99,1.8235294117647056,-4,46,0.0,0.0,1.0,4.0,1.0,0,52,0.0,0.0,1.0,4.0,1.0,0,84,0.2581988897471611,0.0,1.0,4.066666666666666,1.0,1,724,4.54057339139993,0.0,1.0,8.028571428571428,1.0,8,724,4.54057339139993,0.0,1.0,8.028571428571428,1.0,8
2025-05-18 14:56:11.273458,138,136968.726542,14.936388888888889,1,5,95,1,3.0,-6.599999999999994,6.300000000000011,-23.099999999999994,-10.199999999999989,-1.4000000000000057,11.5,-18.0,-5.099999999999994,0.0,0.0,0.1,1.0,0.1,14,47.9,24.3,49565.81,18391.81,100,19,-12.900000000000006,6.300000000000011,-7.900000000000006,1.3000000000000114,8,0.0,0.0,0.0,0.0,96,99,17.8,34.9,99,-12.299999999999997,5.700000000000003,-8.599999999999994,2.0,8,0.0,0.0,0.0,0.0,98,99,20.8,41.0,99,-1.9572368421052633,-5,45,0.0,0.0,1.0,5.0,1.0,0,51,0.0,0.0,1.0,5.0,1.0,0,83,0.4879500364742666,0.0,1.0,5.666666666666667,1.0,1,725,11.799564811031368,7.401750975035827,0.9473684210526315,14.5,2.6052631578947367,26,725,11.799564811031368,7.401750975035827,0.9473684210526315,14.5,2.6052631578947367,26
2025-05-18 14:56:11.274025,138,136968.725975,14.936388888888889,1,4,96,1,5.0,-8.599999999999994,6.300000000000011,-25.099999999999994,-10.199999999999989,-3.4000000000000057,11.5,-20.0,-5.099999999999994,0.0,0.0,0.1,1.0,0.1,14,47.9,24.3,49565.81,18391.81,100,19,-14.900000000000006,6.300000000000011,-9.900000000000006,1.3000000000000114,8,0.0,0.0,0.0,0.0,96,99,17.8,34.9,99,-14.299999999999997,5.700000000000003,-10.599999999999994,2.0,8,0.0,0.0,0.0,0.0,98,99,20.8,41.0,99,1.8415841584158414,-4,46,0.0,0.0,1.0,4.0,1.0,0,52,0.0,0.0,1.0,4.0,1.0,0,84,0.0,0.0,1.0,4.0,1.0,0,726,4.525325560506276,0.0,1.0,7.916666666666667,1.0,8,726,4.525325560506276,0.0,1.0,7.916666666666667,1.0,8
2025-05-18 14:57:12.951042,138,136907.048958,14.953333333333333,1,5,95,1,3.0,-6.599999999999994,6.300000000000011,-23.099999999999994,-10.199999999999989,-1.4000000000000057,11.5,-18.0,-5.099999999999994,0.0,0.0,0.1,1.0,0.1,14,47.9,24.3,49565.81,18391.81,100,19,-12.900000000000006,6.300000000000011,-7.900000000000006,1.3000000000000114,8,0.0,0.0,0.0,0.0,96,99,17.8,34.9,99,-12.299999999999997,5.700000000000003,-8.599999999999994,2.0,8,0.0,0.0,0.0,0.0,98,99,20.8,41.0,99,-1.9636963696369638,-5,3,0.0,0.0,1.0,5.0,1.0,0,51,0.0,0.0,1.0,5.0,1.0,0,83,0.50709255283711,0.0,1.0,5.6,1.0,1,727,11.742226877291495,7.308232098822286,0.9487179487179487,14.256410256410257,2.5641025641025643,26,727,11.742226877291495,7.308232098822286,0.9487179487179487,14.256410256410257,2.5641025641025643,26
2025-05-18 14:57:12.957880,138,136907.04212,14.953333333333333,1,5,95,1,5.0,-8.599999999999994,6.300000000000011,-25.099999999999994,-10.199999999999989,-3.4000000000000057,11.5,-20.0,-5.099999999999994,0.0,0.0,0.1,1.0,0.1,14,47.9,24.3,49565.81,18391.81,100,19,-14.900000000000006,6.300000000000011,-9.900000000000006,1.3000000000000114,8,0.0,0.0,0.0,0.0,96,99,17.8,34.9,99,-14.299999999999997,5.700000000000003,-10.599999999999994,2.0,8,0.0,0.0,0.0,0.0,98,99,20.8,41.0,99,0.8600000000000003,-5,4,0.7071067811865476,0.0,1.0,4.5,1.0,-1,52,0.4472135954999579,0.0,1.0,4.2,1.0,-1,84,0.2581988897471611,0.0,1.0,4.066666666666666,1.0,-1,728,4.487720985047939,0.0,1.0,7.837837837837838,1.0,7,728,4.487720985047939,0.0,1.0,7.837837837837838,1.0,7
2025-05-18 14:58:14.557918,138,136845.442082,14.970555555555556,1,5,95,1,5.0,-8.599999999999994,6.300000000000011,-25.099999999999994,-10.199999999999989,-3.4000000000000057,11.5,-20.0,-5.099999999999994,0.0,0.0,0.1,1.0,0.1,14,47.9,24.3,49565.81,18391.81,100,19,-14.900000000000006,6.300000000000011,-9.900000000000006,1.3000000000000114,8,0.0,0.0,0.0,0.0,96,99,17.8,34.9,99,-14.299999999999997,5.700000000000003,-10.599999999999994,2.0,8,0.0,0.0,0.0,0.0,98,99,20.8,41.0,99,0.8686868686868685,-5,3,0.0,0.0,1.0,5.0,1.0,0,51,0.5477225575051662,0.0,1.0,4.4,1.0,-1,71,0.3518657752744984,0.0,1.0,4.133333333333334,1.0,-1,729,4.450534195244892,0.0,1.0,7.7631578947368425,1.0,7,729,4.450534195244892,0.0,1.0,7.7631578947368425,1.0,7
2025-05-18 14:58:14.618816,138,136845.381184,14.970555555555556,1,6,94,1,3.0,-6.599999999999994,6.300000000000011,-23.099999999999994,-10.199999999999989,-1.4000000000000057,11.5,-18.0,-5.099999999999994,0.0,0.0,0.1,1.0,0.1,14,47.9,24.3,49565.81,18391.81,100,19,-12.900000000000006,6.300000000000011,-7.900000000000006,1.3000000000000114,8,0.0,0.0,0.0,0.0,96,99,17.8,34.9,99,-12.299999999999997,5.700000000000003,-8.599999999999994,2.0,8,0.0,0.0,0.0,0.0,98,99,20.8,41.0,99,-2.9701986754966887,-6,4,0.7071067811865476,0.0,1.0,5.5,1.0,-1,52,0.4472135954999579,0.0,1.0,5.2,1.0,-1,72,0.5070925528371099,0.0,1.0,5.6,1.0,0,730,11.663992367483697,7.218166185183261,0.95,14.05,2.525,25,730,11.663992367483697,7.218166185183261,0.95,14.05,2.525,25
2025-05-18 14:59:16.140653,138,136783.859347,14.987777777777778,1,5,95,1,3.0,-6.599999999999994,6.300000000000011,-23.099999999999994,-10.199999999999989,-1.4000000000000057,11.5,-18.0,-5.099999999999994,0.0,0.0,0.1,1.0,0.1,14,47.9,24.3,49565.81,18391.81,100,19,-12.900000000000006,6.300000000000011,-7.900000000000006,1.3000000000000114,8,0.0,0.0,0.0,0.0,96,99,17.8,34.9,99,-12.299999999999997,5.700000000000003,-8.599999999999994,2.0,8,0.0,0.0,0.0,0.0,98,99,20.8,41.0,99,-1.9800664451827243,-5,3,0.7071067811865476,0.0,1.0,5.5,1.0,1,51,0.4472135954999579,0.0,1.0,5.2,1.0,0,71,0.5163977794943223,0.0,1.0,5.533333333333333,1.0,1,731,11.603668469549598,7.131346125450342,0.9512195121951219,13.829268292682928,2.4878048780487805,26,731,11.603668469549598,7.131346125450342,0.9512195121951219,13.829268292682928,2.4878048780487805,26
2025-05-18 14:59:16.141246,138,136783.858754,14.987777777777778,1,5,95,1,5.0,-8.599999999999994,6.300000000000011,-25.099999999999994,-10.199999999999989,-3.4000000000000057,11.5,-20.0,-5.099999999999994,0.0,0.0,0.1,1.0,0.1,14,47.9,24.3,49565.81,18391.81,100,19,-14.900000000000006,6.300000000000011,-9.900000000000006,1.3000000000000114,8,0.0,0.0,0.0,0.0,96,99,17.8,34.9,99,-14.299999999999997,5.700000000000003,-10.599999999999994,2.0,8,0.0,0.0,0.0,0.0,98,99,20.8,41.0,99,0.8775510204081636,-5,4,0.0,0.0,1.0,5.0,1.0,0,52,0.5477225575051662,0.0,1.0,4.6,1.0,-1,72,0.4140393356054125,0.0,1.0,4.2,1.0,-1,732,4.4138170982176215,0.0,1.0,7.6923076923076925,1.0,7,732,4.4138170982176215,0.0,1.0,7.6923076923076925,1.0,7
2025-05-18 15:00:17.948660,138,136722.05134,15.004722222222222,1,5,95,1,5.0,-8.599999999999994,5.700000000000003,-25.099999999999994,-10.799999999999997,-3.4000000000000057,10.899999999999991,-20.0,-5.700000000000003,0.0,0.0,0.1,1.0,0.1,14,47.9,24.3,49565.81,18391.81,100,19,-14.299999999999997,5.700000000000003,-10.599999999999994,2.0,8,0.0,0.0,0.0,0.0,98,99,20.8,41.0,99,-14.400000000000006,5.800000000000011,-11.299999999999997,2.700000000000003,7,0.0,0.0,0.0,0.0,5,65,19.6,35.6,56,0.8865979381443303,-5,3,0.0,0.0,1.0,5.0,1.0,0,9,0.44721359549995787,0.0,1.0,4.8,1.0,-1,71,0.45773770821706344,0.0,1.0,4.266666666666667,1.0,-1,733,4.377609112113774,0.0,1.0,7.625,1.0,7,733,4.377609112113774,0.0,1.0,7.625,1.0,7
2025-05-18 15:00:17.990023,138,136722.009977,15.004722222222222,1,5,95,1,3.0,-6.599999999999994,5.700000000000003,-23.099999999999994,-10.799999999999997,-1.4000000000000057,10.899999999999991,-18.0,-5.700000000000003,0.0,0.0,0.1,1.0,0.1,14,47.9,24.3,49565.81,18391.81,100,19,-12.299999999999997,5.700000000000003,-8.599999999999994,2.0,8,0.0,0.0,0.0,0.0,98,99,20.8,41.0,99,-12.400000000000006,5.800000000000011,-9.299999999999997,2.700000000000003,7,0.0,0.0,0.0,0.0,5,65,19.6,35.6,56,-1.9866666666666668,-5,4,0.0,0.0,1.0,5.0,1.0,0,10,0.4472135954999579,0.0,1.0,5.2,1.0,0,72,0.5163977794943223,0.0,1.0,5.466666666666667,1.0,1,734,11.54197510458025,7.0475817715685585,0.9523809523809523,13.619047619047619,2.4523809523809526,26,734,11.54197510458025,7.0475817715685585,0.9523809523809523,13.619047619047619,2.4523809523809526,26
2025-05-18 15:01:19.530275,138,136660.469725,15.021944444444445,1,5,95,1,3.0,-6.599999999999994,5.700000000000003,-23.099999999999994,-10.799999999999997,-1.4000000000000057,10.899999999999991,-18.0,-5.700000000000003,0.0,0.0,0.1,1.0,0.1,14,47.9,24.3,49565.81,18391.81,100,19,-12.299999999999997,5.700000000000003,-8.599999999999994,2.0,8,0.0,0.0,0.0,0.0,98,99,20.8,41.0,99,-12.400000000000006,5.800000000000011,-9.299999999999997,2.700000000000003,7,0.0,0.0,0.0,0.0,5,65,19.6,35.6,56,-1.9933110367892977,-5,3,0.0,0.0,1.0,5.0,1.0,0,9,0.44721359549995787,0.0,1.0,5.2,1.0,0,71,0.5070925528371099,0.0,1.0,5.4,1.0,1,735,11.479241218783821,6.966698193615841,0.9534883720930233,13.418604651162791,2.4186046511627906,26,735,11.479241218783821,6.966698193615841,0.9534883720930233,13.418604651162791,2.4186046511627906,26
2025-05-18 15:01:19.590282,138,136660.409718,15.021944444444445,1,5,95,1,5.0,-8.599999999999994,5.700000000000003,-25.099999999999994,-10.799999999999997,-3.4000000000000057,10.899999999999991,-20.0,-5.700000000000003,0.0,0.0,0.1,1.0,0.1,14,47.9,24.3,49565.81,18391.81,100,19,-14.299999999999997,5.700000000000003,-10.599999999999994,2.0,8,0.0,0.0,0.0,0.0,98,99,20.8,41.0,99,-14.400000000000006,5.800000000000011,-11.299999999999997,2.700000000000003,7,0.0,0.0,0.0,0.0,5,65,19.6,35.6,56,0.895833333333333,-5,4,0.0,0.0,1.0,5.0,1.0,0,10,0.0,0.0,1.0,5.0,1.0,0,72,0.4879500364742666,0.0,1.0,4.333333333333333,1.0,-1,736,4.341939546376739,0.0,1.0,7.560975609756097,1.0,7,736,4.341939546376739,0.0,1.0,7.560975609756097,1.0,7
2025-05-18 15:02:21.277041,138,136598.722959,15.039166666666667,1,5,95,1,5.0,-8.599999999999994,5.700000000000003,-25.099999999999994,-10.799999999999997,-3.4000000000000057,10.899999999999991,-20.0,-5.700000000000003,0.0,0.0,0.1,1.0,0.1,14,47.9,24.3,49565.81,18391.81,100,19,-14.299999999999997,5.700000000000003,-10.599999999999994,2.0,8,0.0,0.0,0.0,0.0,98,99,20.8,41.0,99,-14.400000000000006,5.800000000000011,-11.299999999999997,2.700000000000003,7,0.0,0.0,0.0,0.0,5,65,19.6,35.6,56,0.905263157894737,-5,3,0.0,0.0,1.0,5.0,1.0,0,9,0.0,0.0,1.0,5.0,1.0,0,71,0.50709255283711,0.0,1.0,4.4,1.0,-1,735,4.300453748039199,0.0,1.0,7.390243902439025,1.0,7,737,4.306829516919015,0.0,1.0,7.5,1.0,7
2025-05-18 15:02:21.318494,138,136598.681506,15.039166666666667,1,6,94,1,3.0,-6.599999999999994,5.700000000000003,-23.099999999999994,-10.799999999999997,-1.4000000000000057,10.899999999999991,-18.0,-5.700000000000003,0.0,0.0,0.1,1.0,0.1,14,47.9,24.3,49565.81,18391.81,100,19,-12.299999999999997,5.700000000000003,-8.599999999999994,2.0,8,0.0,0.0,0.0,0.0,98,99,20.8,41.0,99,-12.400000000000006,5.800000000000011,-9.299999999999997,2.700000000000003,7,0.0,0.0,0.0,0.0,5,65,19.6,35.6,56,-3.0,-6,4,0.7071067811865476,0.0,1.0,5.5,1.0,-1,10,0.5477225575051661,0.0,1.0,5.4,1.0,0,72,0.5070925528371099,0.0,1.0,5.4,1.0,0,736,11.197215284248854,6.966698193615841,0.9534883720930233,12.837209302325581,2.4186046511627906,25,738,11.39996940020373,6.888534150921688,0.9545454545454546,13.25,2.3863636363636362,25
2025-05-18 15:03:22.984763,138,136537.015237,15.056111111111111,1,5,95,1,5.0,-8.599999999999994,5.700000000000003,-25.099999999999994,-10.799999999999997,-3.4000000000000057,10.899999999999991,-20.0,-5.700000000000003,0.0,0.0,0.1,1.0,0.1,14,47.9,24.3,49565.81,18391.81,100,19,-14.299999999999997,5.700000000000003,-10.599999999999994,2.0,8,0.0,0.0,0.0,0.0,98,99,20.8,41.0,99,-14.400000000000006,5.800000000000011,-11.299999999999997,2.700000000000003,7,0.0,0.0,0.0,0.0,5,65,19.6,35.6,56,0.9148936170212769,-5,3,0.0,0.0,1.0,5.0,1.0,0,9,0.0,0.0,1.0,5.0,1.0,0,71,0.5163977794943223,0.0,1.0,4.466666666666667,1.0,-1,692,4.251542044493687,0.0,1.0,7.219512195121951,1.0,7,739,4.27229349347071,0.0,1.0,7.441860465116279,1.0,7
2025-05-18 15:03:23.049989,138,136536.950011,15.05638888888889,1,5,95,1,3.0,-6.599999999999994,5.700000000000003,-23.099999999999994,-10.799999999999997,-1.4000000000000057,10.899999999999991,-18.0,-5.700000000000003,0.0,0.0,0.1,1.0,0.1,14,47.9,24.3,49565.81,18391.81,100,19,-12.299999999999997,5.700000000000003,-8.599999999999994,2.0,8,0.0,0.0,0.0,0.0,98,99,20.8,41.0,99,-12.400000000000006,5.800000000000011,-9.299999999999997,2.700000000000003,7,0.0,0.0,0.0,0.0,5,65,19.6,35.6,56,-2.01010101010101,-5,4,0.7071067811865476,0.0,1.0,5.5,1.0,1,10,0.4472135954999579,0.0,1.0,5.2,1.0,0,72,0.4879500364742665,0.0,1.0,5.333333333333333,1.0,1,693,10.963486012746314,2.931763649279746,0.9761904761904762,12.404761904761905,1.4523809523809523,26,740,11.336585986009274,6.812940746561768,0.9555555555555556,13.066666666666666,2.3555555555555556,26
2025-05-18 15:04:24.682024,138,136475.317976,15.073333333333332,1,4,96,1,5.0,-8.599999999999994,5.700000000000003,-25.099999999999994,-10.799999999999997,-3.4000000000000057,10.899999999999991,-20.0,-5.700000000000003,0.0,0.0,0.1,1.0,0.1,14,47.9,24.3,49565.81,18391.81,100,19,-14.299999999999997,5.700000000000003,-10.599999999999994,2.0,8,0.0,0.0,0.0,0.0,98,99,20.8,41.0,99,-14.400000000000006,5.800000000000011,-11.299999999999997,2.700000000000003,7,0.0,0.0,0.0,0.0,5,65,19.6,35.6,56,1.924731182795699,-4,3,0.7071067811865476,0.0,1.0,4.5,1.0,1,9,0.4472135954999579,0.0,1.0,4.8,1.0,1,71,0.5163977794943223,0.0,1.0,4.466666666666667,1.0,0,692,4.210034470631142,0.0,1.0,7.024390243902439,1.0,8,741,4.254086457234229,0.0,1.0,7.363636363636363,1.0,8
2025-05-18 15:04:24.682743,138,136475.317257,15.073333333333332,1,5,95,1,3.0,-6.599999999999994,5.700000000000003,-23.099999999999994,-10.799999999999997,-1.4000000000000057,10.899999999999991,-18.0,-5.700000000000003,0.0,0.0,0.1,1.0,0.1,14,47.9,24.3,49565.81,18391.81,100,19,-12.299999999999997,5.700000000000003,-8.599999999999994,2.0,8,0.0,0.0,0.0,0.0,98,99,20.8,41.0,99,-12.400000000000006,5.800000000000011,-9.299999999999997,2.700000000000003,7,0.0,0.0,0.0,0.0,5,65,19.6,35.6,56,-2.016891891891892,-5,4,0.0,0.0,1.0,5.0,1.0,0,10,0.4472135954999579,0.0,1.0,5.2,1.0,0,72,0.45773770821706344,0.0,1.0,5.266666666666667,1.0,1,693,10.616452290358087,2.931763649279746,0.9761904761904762,11.785714285714286,1.4523809523809523,26,742,11.272835117848702,6.739780239826772,0.9565217391304348,12.891304347826088,2.3260869565217392,26
2025-05-18 15:05:26.419801,138,136413.580199,15.090555555555556,1,5,95,1,3.0,-6.599999999999994,5.700000000000003,-23.099999999999994,-10.799999999999997,-1.4000000000000057,10.899999999999991,-18.0,-5.700000000000003,0.0,0.0,0.1,1.0,0.1,14,47.9,24.3,49565.81,18391.81,100,19,-12.299999999999997,5.700000000000003,-8.599999999999994,2.0,8,0.0,0.0,0.0,0.0,98,99,20.8,41.0,99,-12.400000000000006,5.800000000000011,-9.299999999999997,2.700000000000003,7,0.0,0.0,0.0,0.0,5,65,19.6,35.6,56,-2.023728813559322,-5,3,0.0,0.0,1.0,5.0,1.0,0,9,0.44721359549995787,0.0,1.0,5.2,1.0,0,71,0.4140393356054125,0.0,1.0,5.2,1.0,1,692,10.219342412777522,2.931763649279746,0.9761904761904762,11.166666666666666,1.4523809523809523,26,743,11.208890352828,6.66892499523307,0.9574468085106383,12.72340425531915,2.297872340425532,26
2025-05-18 15:05:26.487054,138,136413.512946,15.090555555555556,1,4,96,1,5.0,-8.599999999999994,5.700000000000003,-25.099999999999994,-10.799999999999997,-3.4000000000000057,10.899999999999991,-20.0,-5.700000000000003,0.0,0.0,0.1,1.0,0.1,14,47.9,24.3,49565.81,18391.81,100,19,-14.299999999999997,5.700000000000003,-10.599999999999994,2.0,8,0.0,0.0,0.0,0.0,98,99,20.8,41.0,99,-14.400000000000006,5.800000000000011,-11.299999999999997,2.700000000000003,7,0.0,0.0,0.0,0.0,5,65,19.6,35.6,56,1.945652173913044,-4,4,0.0,0.0,1.0,4.0,1.0,0,10,0.5477225575051662,0.0,1.0,4.6,1.0,1,72,0.5163977794943223,0.0,1.0,4.466666666666667,1.0,0,693,4.158740428449402,0.0,1.0,6.829268292682927,1.0,8,744,4.235253680403778,0.0,1.0,7.288888888888889,1.0,8
2025-05-18 15:06:28.104004,138,136351.895996,15.107777777777777,1,5,95,1,3.0,-6.599999999999994,5.700000000000003,-23.099999999999994,-10.799999999999997,-1.4000000000000057,10.899999999999991,-18.0,-5.700000000000003,0.0,0.0,0.1,1.0,0.1,14,47.9,24.3,49565.81,18391.81,100,19,-12.299999999999997,5.700000000000003,-8.599999999999994,2.0,8,0.0,0.0,0.0,0.0,98,99,20.8,41.0,99,-12.400000000000006,5.800000000000011,-9.299999999999997,2.700000000000003,7,0.0,0.0,0.0,0.0,5,65,19.6,35.6,56,-2.0306122448979593,-5,3,0.0,0.0,1.0,5.0,1.0,0,9,0.44721359549995787,0.0,1.0,5.2,1.0,1,71,0.3518657752744984,0.0,1.0,5.133333333333334,1.0,0,692,9.766049656852873,2.931763649279746,0.9761904761904762,10.547619047619047,1.4523809523809523,24,745,11.144899129007166,6.600256549924608,0.9583333333333334,12.5625,2.2708333333333335,26
2025-05-18 15:06:28.168250,138,136351.83175,15.107777777777777,1,4,96,1,5.0,-8.599999999999994,5.700000000000003,-25.099999999999994,-10.799999999999997,-3.4000000000000057,10.899999999999991,-20.0,-5.700000000000003,0.0,0.0,0.1,1.0,0.1,14,47.9,24.3,49565.81,18391.81,100,19,-14.299999999999997,5.700000000000003,-10.599999999999994,2.0,8,0.0,0.0,0.0,0.0,98,99,20.8,41.0,99,-14.400000000000006,5.800000000000011,-11.299999999999997,2.700000000000003,7,0.0,0.0,0.0,0.0,5,65,19.6,35.6,56,1.9670329670329672,-4,4,0.0,0.0,1.0,4.0,1.0,0,10,0.5477225575051662,0.0,1.0,4.4,1.0,1,72,0.5163977794943223,0.0,1.0,4.466666666666667,1.0,0,693,4.097292383763793,0.0,1.0,6.634146341463414,1.0,9,746,4.215911887537293,0.0,1.0,7.217391304347826,1.0,8
2025-05-18 15:07:29.666709,138,136290.333291,15.124722222222223,1,5,95,1,3.0,-6.599999999999994,5.700000000000003,-23.099999999999994,-10.799999999999997,-1.4000000000000057,10.899999999999991,-18.0,-5.700000000000003,0.0,0.0,0.1,1.0,0.1,14,47.9,24.3,49565.81,18391.81,100,19,-12.299999999999997,5.700000000000003,-8.599999999999994,2.0,8,0.0,0.0,0.0,0.0,98,99,20.8,41.0,99,-12.400000000000006,5.800000000000011,-9.299999999999997,2.700000000000003,7,0.0,0.0,0.0,0.0,5,65,19.6,35.6,56,-2.037542662116041,-5,3,0.0,0.0,1.0,5.0,1.0,0,9,0.0,0.0,1.0,5.0,1.0,0,71,0.3518657752744984,0.0,1.0,5.133333333333334,1.0,0,692,9.353460544523395,2.931763649279746,0.9761904761904762,9.976190476190476,1.4523809523809523,24,747,11.080986657609621,6.533664784039971,0.9591836734693877,12.408163265306122,2.2448979591836733,26
2025-05-18 15:07:29.669146,138,136290.330854,15.124722222222223,1,4,96,1,5.0,-8.599999999999994,5.700000000000003,-25.099999999999994,-10.799999999999997,-3.4000000000000057,10.899999999999991,-20.0,-5.700000000000003,0.0,0.0,0.1,1.0,0.1,14,47.9,24.3,49565.81,18391.81,100,19,-14.299999999999997,5.700000000000003,-10.599999999999994,2.0,8,0.0,0.0,0.0,0.0,98,99,20.8,41.0,99,-14.400000000000006,5.800000000000011,-11.299999999999997,2.700000000000003,7,0.0,0.0,0.0,0.0,5,65,19.6,35.6,56,1.988888888888889,-4,4,0.0,0.0,1.0,4.0,1.0,0,10,0.44721359549995787,0.0,1.0,4.2,1.0,1,72,0.5163977794943223,0.0,1.0,4.466666666666667,1.0,0,693,3.9873274869020827,0.0,1.0,6.414634146341464,1.0,9,748,4.196161410479071,0.0,1.0,7.148936170212766,1.0,8
2025-05-18 15:08:31.499784,138,136228.500216,15.141944444444444,1,5,95,1,3.0,-6.599999999999994,5.700000000000003,-23.099999999999994,-10.799999999999997,-1.4000000000000057,10.899999999999991,-18.0,-5.700000000000003,0.0,0.0,0.1,1.0,0.1,14,47.9,24.3,49565.81,18391.81,100,19,-12.299999999999997,5.700000000000003,-8.599999999999994,2.0,8,0.0,0.0,0.0,0.0,98,99,20.8,41.0,99,-12.400000000000006,5.800000000000011,-9.299999999999997,2.700000000000003,7,0.0,0.0,0.0,0.0,5,65,19.6,35.6,56,-2.0445205479452055,-5,3,0.0,0.0,1.0,5.0,1.0,0,9,0.0,0.0,1.0,5.0,1.0,0,71,0.3518657752744984,0.0,1.0,5.133333333333334,1.0,0,692,8.884240702995234,2.931763649279746,0.9761904761904762,9.404761904761905,1.4523809523809523,24,749,11.017259187293362,6.469047180889272,0.96,12.26,2.22,26
2025-05-18 15:08:31.567202,138,136228.432798,15.141944444444444,1,4,96,1,5.0,-8.599999999999994,5.700000000000003,-25.099999999999994,-10.799999999999997,-3.4000000000000057,10.899999999999991,-20.0,-5.700000000000003,0.0,0.0,0.1,1.0,0.1,14,47.9,24.3,49565.81,18391.81,100,19,-14.299999999999997,5.700000000000003,-10.599999999999994,2.0,8,0.0,0.0,0.0,0.0,98,99,20.8,41.0,99,-14.400000000000006,5.800000000000011,-11.299999999999997,2.700000000000003,7,0.0,0.0,0.0,0.0,5,65,19.6,35.6,56,2.01123595505618,-4,4,0.0,0.0,1.0,4.0,1.0,0,10,0.0,0.0,1.0,4.0,1.0,0,72,0.5163977794943223,0.0,1.0,4.466666666666667,1.0,0,693,3.861473243433922,0.0,1.0,6.195121951219512,1.0,9,750,4.176088637954987,0.0,1.0,7.083333333333333,1.0,8
2025-05-18 15:09:33.155264,138,136166.844736,15.159166666666668,1,5,95,1,3.0,-6.599999999999994,5.700000000000003,-23.099999999999994,-10.799999999999997,-1.4000000000000057,10.899999999999991,-18.0,-5.700000000000003,0.0,0.0,0.1,1.0,0.1,14,47.9,24.3,49565.81,18391.81,100,19,-12.299999999999997,5.700000000000003,-8.599999999999994,2.0,8,0.0,0.0,0.0,0.0,98,99,20.8,41.0,99,-12.400000000000006,5.800000000000011,-9.299999999999997,2.700000000000003,7,0.0,0.0,0.0,0.0,5,65,19.6,35.6,56,-2.051546391752577,-5,3,0.0,0.0,1.0,5.0,1.0,0,9,0.0,0.0,1.0,5.0,1.0,0,29,0.3518657752744984,0.0,1.0,5.133333333333334,1.0,0,692,8.348847347539678,2.931763649279746,0.9761904761904762,8.833333333333334,1.4523809523809523,24,751,10.953806751670452,6.406308165685249,0.9607843137254902,12.117647058823529,2.196078431372549,26
2025-05-18 15:09:33.160925,138,136166.839075,15.159166666666668,1,4,96,1,5.0,-8.599999999999994,5.700000000000003,-25.099999999999994,-10.799999999999997,-3.4000000000000057,10.899999999999991,-20.0,-5.700000000000003,0.0,0.0,0.1,1.0,0.1,14,47.9,24.3,49565.81,18391.81,100,19,-14.299999999999997,5.700000000000003,-10.599999999999994,2.0,8,0.0,0.0,0.0,0.0,98,99,20.8,41.0,99,-14.400000000000006,5.800000000000011,-11.299999999999997,2.700000000000003,7,0.0,0.0,0.0,0.0,5,65,19.6,35.6,56,2.034090909090909,-4,4,0.0,0.0,1.0,4.0,1.0,0,10,0.0,0.0,1.0,4.0,1.0,0,30,0.5163977794943223,0.0,1.0,4.466666666666667,1.0,0,693,3.7181164914378946,0.0,1.0,5.975609756097561,1.0,9,752,4.155768059368245,0.0,1.0,7.020408163265306,1.0,8
2025-05-18 15:10:34.780016,138,136105.219984,15.17611111111111,1,5,95,1,3.0,-6.599999999999994,5.700000000000003,-23.099999999999994,-10.799999999999997,-1.4000000000000057,10.899999999999991,-18.0,-5.700000000000003,0.0,0.0,0.1,1.0,0.1,14,47.9,24.3,49565.81,18391.81,100,19,-12.299999999999997,5.700000000000003,-8.599999999999994,2.0,8,0.0,0.0,0.0,0.0,98,99,20.8,41.0,99,-12.400000000000006,5.800000000000011,-9.299999999999997,2.700000000000003,7,0.0,0.0,0.0,0.0,5,65,19.6,35.6,56,-2.0586206896551724,-5,3,0.0,0.0,1.0,5.0,1.0,0,9,0.0,0.0,1.0,5.0,1.0,0,29,0.3518657752744984,0.0,1.0,5.133333333333334,1.0,0,692,7.733549097875119,2.931763649279746,0.9761904761904762,8.261904761904763,1.4523809523809523,24,753,10.890705489698469,6.34535851316799,0.9615384615384616,11.98076923076923,2.173076923076923,26
2025-05-18 15:10:34.839233,138,136105.160767,15.17611111111111,1,4,96,1,5.0,-8.599999999999994,5.700000000000003,-25.099999999999994,-10.799999999999997,-3.4000000000000057,10.899999999999991,-20.0,-5.700000000000003,0.0,0.0,0.1,1.0,0.1,14,47.9,24.3,49565.81,18391.81,100,19,-14.299999999999997,5.700000000000003,-10.599999999999994,2.0,8,0.0,0.0,0.0,0.0,98,99,20.8,41.0,99,-14.400000000000006,5.800000000000011,-11.299999999999997,2.700000000000003,7,0.0,0.0,0.0,0.0,5,65,19.6,35.6,56,2.057471264367816,-4,4,0.0,0.0,1.0,4.0,1.0,0,10,0.0,0.0,1.0,4.0,1.0,0,30,0.5163977794943223,0.0,1.0,4.466666666666667,1.0,0,693,3.5551405584370226,0.0,1.0,5.7560975609756095,1.0,10,754,4.135263977458429,0.0,1.0,6.96,1.0,8
2025-05-18 15:11:36.533698,138,136043.466302,15.193333333333333,1,4,96,1,5.0,-8.599999999999994,5.700000000000003,-25.099999999999994,-10.799999999999997,-3.4000000000000057,10.899999999999991,-20.0,-5.700000000000003,0.0,0.0,0.1,1.0,0.1,14,47.9,24.3,49565.81,18391.81,100,19,-14.299999999999997,5.700000000000003,-10.599999999999994,2.0,8,0.0,0.0,0.0,0.0,98,99,20.8,41.0,99,-14.400000000000006,5.800000000000011,-11.299999999999997,2.700000000000003,7,0.0,0.0,0.0,0.0,5,65,19.6,35.6,56,2.0813953488372094,-4,3,0.0,0.0,1.0,4.0,1.0,0,9,0.0,0.0,1.0,4.0,1.0,0,29,0.5163977794943223,0.0,1.0,4.466666666666667,1.0,1,692,3.309999631567292,0.0,1.0,5.512195121951219,1.0,10,755,4.114631949328077,0.0,1.0,6.901960784313726,1.0,8
2025-05-18 15:11:36.558857,138,136043.441143,15.193333333333333,1,5,95,1,3.0,-6.599999999999994,5.700000000000003,-23.099999999999994,-10.799999999999997,-1.4000000000000057,10.899999999999991,-18.0,-5.700000000000003,0.0,0.0,0.1,1.0,0.1,14,47.9,24.3,49565.81,18391.81,100,19,-12.299999999999997,5.700000000000003,-8.599999999999994,2.0,8,0.0,0.0,0.0,0.0,98,99,20.8,41.0,99,-12.400000000000006,5.800000000000011,-9.299999999999997,2.700000000000003,7,0.0,0.0,0.0,0.0,5,65,19.6,35.6,56,-2.065743944636678,-5,4,0.0,0.0,1.0,5.0,1.0,0,10,0.0,0.0,1.0,5.0,1.0,0,30,0.3518657752744984,0.0,1.0,5.133333333333334,1.0,0,693,7.017358599853043,2.931763649279746,0.9761904761904762,7.690476190476191,1.4523809523809523,24,756,10.828019611557455,6.286114815806631,0.9622641509433962,11.849056603773585,2.150943396226415,26
2025-05-18 15:12:38.202063,138,135981.797937,15.210555555555555,1,4,96,1,5.0,-8.599999999999994,5.700000000000003,-25.099999999999994,-10.799999999999997,-3.4000000000000057,10.899999999999991,-20.0,-5.700000000000003,0.0,0.0,0.1,1.0,0.1,14,47.9,24.3,49565.81,18391.81,100,19,-14.299999999999997,5.700000000000003,-10.599999999999994,2.0,8,0.0,0.0,0.0,0.0,98,99,20.8,41.0,99,-14.400000000000006,5.800000000000011,-11.299999999999997,2.700000000000003,7,0.0,0.0,0.0,0.0,5,65,19.6,35.6,56,2.105882352941176,-4,3,0.0,0.0,1.0,4.0,1.0,0,9,0.0,0.0,1.0,4.0,1.0,0,29,0.5070925528371099,0.0,1.0,4.4,1.0,1,692,3.0250982648825016,0.0,1.0,5.2682926829268295,1.0,10,757,4.093920003551011,0.0,1.0,6.846153846153846,1.0,8
2025-05-18 15:12:38.259840,138,135981.74016,15.210555555555555,1,5,95,1,3.0,-6.599999999999994,5.700000000000003,-23.099999999999994,-10.799999999999997,-1.4000000000000057,10.899999999999991,-18.0,-5.700000000000003,0.0,0.0,0.1,1.0,0.1,14,47.9,24.3,49565.81,18391.81,100,19,-12.299999999999997,5.700000000000003,-8.599999999999994,2.0,8,0.0,0.0,0.0,0.0,98,99,20.8,41.0,99,-12.400000000000006,5.800000000000011,-9.299999999999997,2.700000000000003,7,0.0,0.0,0.0,0.0,5,65,19.6,35.6,56,-2.0729166666666665,-5,4,0.0,0.0,1.0,5.0,1.0,0,10,0.0,0.0,1.0,5.0,1.0,0,30,0.3518657752744984,0.0,1.0,5.133333333333334,1.0,1,693,6.165214695497599,2.931763649279746,0.9761904761904762,7.119047619047619,1.4523809523809523,24,758,10.765803069129142,6.228499005397493,0.9629629629629629,11.722222222222221,2.1296296296296298,26
2025-05-18 15:13:39.867881,138,135920.132119,15.227500000000001,1,5,95,1,3.0,-6.599999999999994,5.700000000000003,-23.099999999999994,-10.799999999999997,-1.4000000000000057,10.899999999999991,-18.0,-5.700000000000003,0.0,0.0,0.1,1.0,0.1,14,47.9,24.3,49565.81,18391.81,100,19,-12.299999999999997,5.700000000000003,-8.599999999999994,2.0,8,0.0,0.0,0.0,0.0,98,99,20.8,41.0,99,-12.400000000000006,5.800000000000011,-9.299999999999997,2.700000000000003,7,0.0,0.0,0.0,0.0,5,65,19.6,35.6,56,-2.0801393728222997,-5,3,0.0,0.0,1.0,5.0,1.0,0,9,0.0,0.0,1.0,5.0,1.0,0,29,0.2581988897471611,0.0,1.0,5.066666666666666,1.0,0,692,5.109543347226767,2.931763649279746,0.9761904761904762,6.5476190476190474,1.4523809523809523,24,759,10.704100979427363,6.172437921841732,0.9636363636363636,11.6,2.109090909090909,26
2025-05-18 15:13:39.871544,138,135920.128456,15.227500000000001,1,4,96,1,5.0,-8.599999999999994,5.700000000000003,-25.099999999999994,-10.799999999999997,-3.4000000000000057,10.899999999999991,-20.0,-5.700000000000003,0.0,0.0,0.1,1.0,0.1,14,47.9,24.3,49565.81,18391.81,100,19,-14.299999999999997,5.700000000000003,-10.599999999999994,2.0,8,0.0,0.0,0.0,0.0,98,99,20.8,41.0,99,-14.400000000000006,5.800000000000011,-11.299999999999997,2.700000000000003,7,0.0,0.0,0.0,0.0,5,65,19.6,35.6,56,2.1309523809523814,-4,4,0.0,0.0,1.0,4.0,1.0,0,10,0.0,0.0,1.0,4.0,1.0,0,30,0.4879500364742665,0.0,1.0,4.333333333333333,1.0,1,693,2.6878225841566326,0.0,1.0,5.024390243902439,1.0,10,760,4.073169671842413,0.0,1.0,6.7924528301886795,1.0,8
2025-05-18 15:14:41.411351,138,135858.588649,15.24472222222222,1,5,95,1,3.0,-6.599999999999994,5.700000000000003,-23.099999999999994,-10.799999999999997,-1.4000000000000057,10.899999999999991,-18.0,-5.700000000000003,0.0,0.0,0.1,1.0,0.1,14,47.9,24.3,49565.81,18391.81,100,19,-12.299999999999997,5.700000000000003,-8.599999999999994,2.0,8,0.0,0.0,0.0,0.0,98,99,20.8,41.0,99,-12.400000000000006,5.800000000000011,-9.299999999999997,2.700000000000003,7,0.0,0.0,0.0,0.0,5,65,19.6,35.6,56,-2.0874125874125875,-5,3,0.0,0.0,1.0,5.0,1.0,0,9,0.0,0.0,1.0,5.0,1.0,0,29,0.2581988897471611,0.0,1.0,5.066666666666666,1.0,0,672,3.711386566217865,0.0,1.0,6.024390243902439,1.0,24,761,10.642950840692754,6.117862923705201,0.9642857142857143,11.482142857142858,2.0892857142857144,26
2025-05-18 15:14:41.414716,138,135858.585284,15.24472222222222,1,4,96,1,5.0,-8.599999999999994,5.700000000000003,-25.099999999999994,-10.799999999999997,-3.4000000000000057,10.899999999999991,-20.0,-5.700000000000003,0.0,0.0,0.1,1.0,0.1,14,47.9,24.3,49565.81,18391.81,100,19,-14.299999999999997,5.700000000000003,-10.599999999999994,2.0,8,0.0,0.0,0.0,0.0,98,99,20.8,41.0,99,-14.400000000000006,5.800000000000011,-11.299999999999997,2.700000000000003,7,0.0,0.0,0.0,0.0,5,65,19.6,35.6,56,2.1566265060240966,-4,4,0.0,0.0,1.0,4.0,1.0,0,10,0.0,0.0,1.0,4.0,1.0,0,30,0.4577377082170635,0.0,1.0,4.266666666666667,1.0,1,673,2.2749966496893044,0.0,1.0,4.780487804878049,1.0,10,762,4.0524168664907005,0.0,1.0,6.7407407407407405,1.0,8
2025-05-18 15:15:42.966299,138,135797.033701,15.261666666666667,1,5,95,1,3.0,-6.599999999999994,5.700000000000003,-23.099999999999994,-10.799999999999997,-1.4000000000000057,10.899999999999991,-18.0,-5.700000000000003,0.0,0.0,0.1,1.0,0.1,14,47.9,24.3,49565.81,18391.81,100,19,-12.299999999999997,5.700000000000003,-8.599999999999994,2.0,8,0.0,0.0,0.0,0.0,98,99,20.8,41.0,99,-12.400000000000006,5.800000000000011,-9.299999999999997,2.700000000000003,7,0.0,0.0,0.0,0.0,5,65,19.6,35.6,56,-2.094736842105263,-5,3,0.0,0.0,1.0,5.0,1.0,0,9,0.0,0.0,1.0,5.0,1.0,0,29,0.2581988897471611,0.0,1.0,5.066666666666666,1.0,0,618,0.5024331043932554,0.0,1.0,5.439024390243903,1.0,1,763,10.582383573905416,6.064709535862866,0.9649122807017544,11.368421052631579,2.0701754385964914,26
2025-05-18 15:15:42.969078,138,135797.030922,15.261666666666667,1,5,95,1,5.0,-8.599999999999994,5.700000000000003,-25.099999999999994,-10.799999999999997,-3.4000000000000057,10.899999999999991,-20.0,-5.700000000000003,0.0,0.0,0.1,1.0,0.1,14,47.9,24.3,49565.81,18391.81,100,19,-14.299999999999997,5.700000000000003,-10.599999999999994,2.0,8,0.0,0.0,0.0,0.0,98,99,20.8,41.0,99,-14.400000000000006,5.800000000000011,-11.299999999999997,2.700000000000003,7,0.0,0.0,0.0,0.0,5,65,19.6,35.6,56,1.1829268292682924,-5,4,0.7071067811865476,0.0,1.0,4.5,1.0,-1,10,0.4472135954999579,0.0,1.0,4.2,1.0,-1,30,0.45773770821706344,0.0,1.0,4.266666666666667,1.0,0,619,1.7327547502143066,0.0,1.0,4.560975609756097,1.0,10,764,4.02157481256584,0.0,1.0,6.709090909090909,1.0,7
2025-05-18 15:16:44.534292,138,135735.465708,15.27888888888889,1,5,95,1,3.0,-6.599999999999994,5.700000000000003,-23.099999999999994,-10.799999999999997,-1.4000000000000057,10.899999999999991,-18.0,-5.700000000000003,0.0,0.0,0.1,1.0,0.1,14,47.9,24.3,49565.81,18391.81,100,19,-12.299999999999997,5.700000000000003,-8.599999999999994,2.0,8,0.0,0.0,0.0,0.0,98,99,20.8,41.0,99,-12.400000000000006,5.800000000000011,-9.299999999999997,2.700000000000003,7,0.0,0.0,0.0,0.0,5,65,19.6,35.6,56,-2.102112676056338,-5,3,0.0,0.0,1.0,5.0,1.0,0,9,0.0,0.0,1.0,5.0,1.0,0,29,0.2581988897471611,0.0,1.0,5.066666666666666,1.0,1,563,0.4987789969564457,0.0,1.0,5.414634146341464,1.0,1,765,10.522424416834054,6.012917130128529,0.9655172413793104,11.258620689655173,2.0517241379310347,26
2025-05-18 15:16:44.595873,138,135735.404127,15.27888888888889,1,5,95,1,5.0,-8.599999999999994,5.700000000000003,-25.099999999999994,-10.799999999999997,-3.4000000000000057,10.899999999999991,-20.0,-5.700000000000003,0.0,0.0,0.1,1.0,0.1,14,47.9,24.3,49565.81,18391.81,100,19,-14.299999999999997,5.700000000000003,-10.599999999999994,2.0,8,0.0,0.0,0.0,0.0,98,99,20.8,41.0,99,-14.400000000000006,5.800000000000011,-11.299999999999997,2.700000000000003,7,0.0,0.0,0.0,0.0,5,65,19.6,35.6,56,1.1975308641975309,-5,4,0.0,0.0,1.0,5.0,1.0,0,10,0.5477225575051662,0.0,1.0,4.4,1.0,-1,30,0.4577377082170635,0.0,1.0,4.266666666666667,1.0,0,564,0.4711169913218957,0.0,1.0,4.317073170731708,1.0,0,766,3.991386830560129,0.0,1.0,6.678571428571429,1.0,7
2025-05-18 15:17:46.295867,138,135673.704133,15.296111111111111,1,5,95,1,3.0,-6.599999999999994,5.700000000000003,-23.099999999999994,-10.799999999999997,-1.4000000000000057,10.899999999999991,-18.0,-5.700000000000003,0.0,0.0,0.1,1.0,0.1,14,47.9,24.3,49565.81,18391.81,100,19,-12.299999999999997,5.700000000000003,-8.599999999999994,2.0,8,0.0,0.0,0.0,0.0,98,99,20.8,41.0,99,-12.400000000000006,5.800000000000011,-9.299999999999997,2.700000000000003,7,0.0,0.0,0.0,0.0,5,65,19.6,35.6,56,-2.1095406360424027,-5,3,0.0,0.0,1.0,5.0,1.0,0,9,0.0,0.0,1.0,5.0,1.0,0,29,0.0,0.0,1.0,5.0,1.0,0,563,0.49386479832479474,0.0,1.0,5.390243902439025,1.0,1,767,10.463093693157598,5.962428635284381,0.9661016949152542,11.152542372881356,2.0338983050847457,26
2025-05-18 15:17:46.352015,138,135673.647985,15.296111111111111,1,5,95,1,5.0,-8.599999999999994,5.700000000000003,-25.099999999999994,-10.799999999999997,-3.4000000000000057,10.899999999999991,-20.0,-5.700000000000003,0.0,0.0,0.1,1.0,0.1,14,47.9,24.3,49565.81,18391.81,100,19,-14.299999999999997,5.700000000000003,-10.599999999999994,2.0,8,0.0,0.0,0.0,0.0,98,99,20.8,41.0,99,-14.400000000000006,5.800000000000011,-11.299999999999997,2.700000000000003,7,0.0,0.0,0.0,0.0,5,65,19.6,35.6,56,1.2125000000000004,-5,4,0.0,0.0,1.0,5.0,1.0,0,10,0.5477225575051662,0.0,1.0,4.6,1.0,-1,30,0.4577377082170635,0.0,1.0,4.266666666666667,1.0,0,564,0.47111699132189566,0.0,1.0,4.317073170731708,1.0,0,768,3.9618323145005196,0.0,1.0,6.649122807017544,1.0,7
2025-05-18 15:18:48.161033,138,135611.838967,15.313333333333334,1,5,95,1,3.0,-6.599999999999994,5.700000000000003,-23.099999999999994,-10.799999999999997,-1.4000000000000057,10.899999999999991,-18.0,-5.700000000000003,0.0,0.0,0.1,1.0,0.1,14,47.9,24.3,49565.81,18391.81,100,19,-12.299999999999997,5.700000000000003,-8.599999999999994,2.0,8,0.0,0.0,0.0,0.0,98,99,20.8,41.0,99,-12.400000000000006,5.800000000000011,-9.299999999999997,2.700000000000003,7,0.0,0.0,0.0,0.0,5,65,19.6,35.6,56,-2.117021276595745,-5,3,0.0,0.0,1.0,5.0,1.0,0,9,0.0,0.0,1.0,5.0,1.0,0,29,0.0,0.0,1.0,5.0,1.0,0,565,0.49150743499231975,0.0,1.0,5.380952380952381,1.0,1,769,10.404407475452613,5.9131902733667845,0.9666666666666667,11.05,2.0166666666666666,26
2025-05-18 15:18:48.161686,138,135611.838314,15.313333333333334,1,5,95,1,5.0,-8.599999999999994,5.700000000000003,-25.099999999999994,-10.799999999999997,-3.4000000000000057,10.899999999999991,-20.0,-5.700000000000003,0.0,0.0,0.1,1.0,0.1,14,47.9,24.3,49565.81,18391.81,100,19,-14.299999999999997,5.700000000000003,-10.599999999999994,2.0,8,0.0,0.0,0.0,0.0,98,99,20.8,41.0,99,-14.400000000000006,5.800000000000011,-11.299999999999997,2.700000000000003,7,0.0,0.0,0.0,0.0,5,65,19.6,35.6,56,1.227848101265823,-5,4,0.0,0.0,1.0,5.0,1.0,0,10,0.44721359549995787,0.0,1.0,4.8,1.0,-1,30,0.45773770821706344,0.0,1.0,4.266666666666667,1.0,-1,566,0.4771187236136979,0.0,1.0,4.333333333333333,1.0,0,770,3.9328913796023857,0.0,1.0,6.620689655172414,1.0,7
2025-05-18 15:19:49.692488,138,135550.307512,15.330277777777777,1,5,95,1,5.0,-8.599999999999994,5.700000000000003,-25.099999999999994,-10.799999999999997,-3.4000000000000057,10.899999999999991,-20.0,-5.700000000000003,0.0,0.0,0.1,1.0,0.1,14,47.9,24.3,49565.81,18391.81,100,19,-14.299999999999997,5.700000000000003,-10.599999999999994,2.0,8,0.0,0.0,0.0,0.0,98,99,20.8,41.0,99,-14.400000000000006,5.800000000000011,-11.299999999999997,2.700000000000003,7,0.0,0.0,0.0,0.0,5,65,19.6,35.6,56,1.2435897435897436,-5,3,0.0,0.0,1.0,5.0,1.0,0,9,0.0,0.0,1.0,5.0,1.0,0,29,0.4879500364742666,0.0,1.0,4.333333333333333,1.0,-1,567,0.48224282217041214,0.0,1.0,4.348837209302325,1.0,0,771,3.9045448499276376,0.0,1.0,6.593220338983051,1.0,7
2025-05-18 15:19:49.748675,138,135550.251325,15.330277777777777,1,5,95,1,3.0,-6.599999999999994,5.700000000000003,-23.099999999999994,-10.799999999999997,-1.4000000000000057,10.899999999999991,-18.0,-5.700000000000003,0.0,0.0,0.1,1.0,0.1,14,47.9,24.3,49565.81,18391.81,100,19,-12.299999999999997,5.700000000000003,-8.599999999999994,2.0,8,0.0,0.0,0.0,0.0,98,99,20.8,41.0,99,-12.400000000000006,5.800000000000011,-9.299999999999997,2.700000000000003,7,0.0,0.0,0.0,0.0,5,65,19.6,35.6,56,-2.1245551601423487,-5,4,0.0,0.0,1.0,5.0,1.0,0,10,0.0,0.0,1.0,5.0,1.0,0,30,0.0,0.0,1.0,5.0,1.0,0,568,0.4890834875635335,0.0,1.0,5.372093023255814,1.0,1,772,10.346378157771277,5.865151319446072,0.9672131147540983,10.950819672131148,2.0,26
2025-05-18 15:20:51.588851,138,135488.411149,15.3475,1,5,95,1,5.0,-8.599999999999994,5.700000000000003,-25.099999999999994,-10.799999999999997,-3.4000000000000057,10.899999999999991,-20.0,-5.700000000000003,0.0,0.0,0.1,1.0,0.1,14,47.9,24.3,49565.81,18391.81,100,19,-14.299999999999997,5.700000000000003,-10.599999999999994,2.0,8,0.0,0.0,0.0,0.0,98,99,20.8,41.0,99,-14.400000000000006,5.800000000000011,-11.299999999999997,2.700000000000003,7,0.0,0.0,0.0,0.0,5,65,19.6,35.6,56,1.2597402597402594,-5,3,0.0,0.0,1.0,5.0,1.0,0,9,0.0,0.0,1.0,5.0,1.0,0,29,0.50709255283711,0.0,1.0,4.4,1.0,-1,504,0.48660709956247955,0.0,1.0,4.363636363636363,1.0,0,773,3.876774242985197,0.0,1.0,6.566666666666666,1.0,7
2025-05-18 15:20:51.645476,138,135488.354524,15.3475,1,5,95,1,3.0,-6.599999999999994,5.700000000000003,-23.099999999999994,-10.799999999999997,-1.4000000000000057,10.899999999999991,-18.0,-5.700000000000003,0.0,0.0,0.1,1.0,0.1,14,47.9,24.3,49565.81,18391.81,100,19,-12.299999999999997,5.700000000000003,-8.599999999999994,2.0,8,0.0,0.0,0.0,0.0,98,99,20.8,41.0,99,-12.400000000000006,5.800000000000011,-9.299999999999997,2.700000000000003,7,0.0,0.0,0.0,0.0,5,65,19.6,35.6,56,-2.132142857142857,-5,4,0.0,0.0,1.0,5.0,1.0,0,10,0.0,0.0,1.0,5.0,1.0,0,30,0.0,0.0,1.0,5.0,1.0,0,505,0.48660709956247955,0.0,1.0,5.363636363636363,1.0,1,774,10.289014951008843,5.818263882467739,0.967741935483871,10.85483870967742,1.9838709677419355,26
2025-05-18 15:21:37.629685,138,135442.370315,15.360277777777778,200,24,76,0,-5.0,1.4000000000000057,5.700000000000003,-15.099999999999994,-10.799999999999997,6.599999999999994,10.899999999999991,-10.0,-5.700000000000003,0.0,0.0,0.1,1.0,0.1,14,47.9,24.3,49565.81,18391.81,100,19,-4.299999999999997,5.700000000000003,-0.5999999999999943,2.0,8,0.0,0.0,0.0,0.0,98,99,20.8,41.0,99,-4.400000000000006,5.800000000000011,-1.2999999999999972,2.700000000000003,7,0.0,0.0,0.0,0.0,5,65,19.6,35.6,56,43.52984966404021,-76,457,1.6733200530681511,76.20892336203156,0.0,26.4,90.6,-4,463,1.6733200530681511,76.20892336203156,0.0,26.4,90.6,-4,481,1.6733200530681511,76.20892336203156,0.0,26.4,90.6,-4,958,2.211083193570267,64.80749270810522,0.2,28.0,52.7,1,1227,5.713232503672998,58.842357846393924,0.3076923076923077,26.153846153846153,43.61538461538461,-18
2025-05-18 15:21:37.629685,138,135442.370315,15.360277777777778,128,26,74,0,-5.0,1.4000000000000057,5.700000000000003,-15.099999999999994,-10.799999999999997,6.599999999999994,10.899999999999991,-10.0,-5.700000000000003,0.0,0.0,0.1,1.0,0.1,14,47.9,24.3,49565.81,18391.81,100,19,-4.299999999999997,5.700000000000003,-0.5999999999999943,2.0,8,0.0,0.0,0.0,0.0,98,99,20.8,41.0,99,-4.400000000000006,5.800000000000011,-1.2999999999999972,2.700000000000003,7,0.0,0.0,0.0,0.0,5,65,19.6,35.6,56,41.95480060526188,-74,457,1.6733200530681511,76.20892336203156,0.0,26.4,90.6,-4,463,1.6733200530681511,76.20892336203156,0.0,26.4,90.6,-4,481,1.6733200530681511,76.20892336203156,0.0,26.4,90.6,-4,958,2.211083193570267,64.80749270810522,0.2,28.0,52.7,1,1227,5.713232503672998,58.842357846393924,0.3076923076923077,26.153846153846153,43.61538461538461,-18
2025-05-18 15:21:37.629685,138,135442.370315,15.360277777777778,52,28,72,0,-5.0,1.4000000000000057,5.700000000000003,-15.099999999999994,-10.799999999999997,6.599999999999994,10.899999999999991,-10.0,-5.700000000000003,0.0,0.0,0.1,1.0,0.1,14,47.9,24.3,49565.81,18391.81,100,19,-4.299999999999997,5.700000000000003,-0.5999999999999943,2.0,8,0.0,0.0,0.0,0.0,98,99,20.8,41.0,99,-4.400000000000006,5.800000000000011,-1.2999999999999972,2.700000000000003,7,0.0,0.0,0.0,0.0,5,65,19.6,35.6,56,40.21857655091115,-72,457,1.6733200530681511,76.20892336203156,0.0,26.4,90.6,-4,463,1.6733200530681511,76.20892336203156,0.0,26.4,90.6,-4,481,1.6733200530681511,76.20892336203156,0.0,26.4,90.6,-4,958,2.211083193570267,64.80749270810522,0.2,28.0,52.7,1,1227,5.713232503672998,58.842357846393924,0.3076923076923077,26.153846153846153,43.61538461538461,-18
2025-05-18 15:21:37.629685,138,135442.370315,15.360277777777778,72,26,74,0,-5.0,1.4000000000000057,5.700000000000003,-15.099999999999994,-10.799999999999997,6.599999999999994,10.899999999999991,-10.0,-5.700000000000003,0.0,0.0,0.1,1.0,0.1,14,47.9,24.3,49565.81,18391.81,100,19,-4.299999999999997,5.700000000000003,-0.5999999999999943,2.0,8,0.0,0.0,0.0,0.0,98,99,20.8,41.0,99,-4.400000000000006,5.800000000000011,-1.2999999999999972,2.700000000000003,7,0.0,0.0,0.0,0.0,5,65,19.6,35.6,56,42.32156399271187,-74,457,1.6733200530681511,76.20892336203156,0.0,26.4,90.6,-4,463,1.6733200530681511,76.20892336203156,0.0,26.4,90.6,-4,481,1.6733200530681511,76.20892336203156,0.0,26.4,90.6,-4,958,2.211083193570267,64.80749270810522,0.2,28.0,52.7,1,1227,5.713232503672998,58.842357846393924,0.3076923076923077,26.153846153846153,43.61538461538461,-18
2025-05-18 15:21:37.629685,138,135442.370315,15.360277777777778,1,28,72,0,-5.0,1.4000000000000057,5.700000000000003,-15.099999999999994,-10.799999999999997,6.599999999999994,10.899999999999991,-10.0,-5.700000000000003,0.0,0.0,0.1,1.0,0.1,14,47.9,24.3,49565.81,18391.81,100,19,-4.299999999999997,5.700000000000003,-0.5999999999999943,2.0,8,0.0,0.0,0.0,0.0,98,99,20.8,41.0,99,-4.400000000000006,5.800000000000011,-1.2999999999999972,2.700000000000003,7,0.0,0.0,0.0,0.0,5,65,19.6,35.6,56,40.4721522115147,-72,457,1.6733200530681511,76.20892336203156,0.0,26.4,90.6,-4,463,1.6733200530681511,76.20892336203156,0.0,26.4,90.6,-4,481,1.6733200530681511,76.20892336203156,0.0,26.4,90.6,-4,958,2.211083193570267,64.80749270810522,0.2,28.0,52.7,1,1227,5.713232503672998,58.842357846393924,0.3076923076923077,26.153846153846153,43.61538461538461,-18
2025-05-18 15:21:41.160100,138,135438.8399,15.361388888888888,13,29,71,1,-3.0,-0.5999999999999943,5.700000000000003,-17.099999999999994,-10.799999999999997,4.599999999999994,10.899999999999991,-12.0,-5.700000000000003,0.0,0.0,0.1,1.0,0.1,14,47.9,24.3,49565.81,18391.81,100,19,-6.299999999999997,5.700000000000003,-2.5999999999999943,2.0,8,0.0,0.0,0.0,0.0,98,99,20.8,41.0,99,-6.400000000000006,5.800000000000011,-3.299999999999997,2.700000000000003,7,0.0,0.0,0.0,0.0,5,65,19.6,35.6,56,-1.9142526071842418,-29,470,,,1.0,29.0,13.0,0,476,,,1.0,29.0,13.0,0,494,,,1.0,29.0,13.0,0,971,2.794552524023088,45.795612183244096,0.7142857142857143,30.142857142857142,31.285714285714285,-2,1240,4.2949935619241275,35.33251142554636,0.75,28.083333333333332,23.25,-12
2025-05-18 15:21:53.180542,138,135426.819458,15.364722222222222,1,5,95,1,5.0,-8.599999999999994,5.700000000000003,-25.099999999999994,-10.799999999999997,-3.4000000000000057,10.899999999999991,-20.0,-5.700000000000003,0.0,0.0,0.1,1.0,0.1,14,47.9,24.3,49565.81,18391.81,100,19,-14.299999999999997,5.700000000000003,-10.599999999999994,2.0,8,0.0,0.0,0.0,0.0,98,99,20.8,41.0,99,-14.400000000000006,5.800000000000011,-11.299999999999997,2.700000000000003,7,0.0,0.0,0.0,0.0,5,65,19.6,35.6,56,1.276315789473684,-5,469,0.0,0.0,1.0,5.0,1.0,0,475,0.0,0.0,1.0,5.0,1.0,0,495,0.5163977794943223,0.0,1.0,4.466666666666667,1.0,-1,972,0.4903101471559001,0.0,1.0,4.377777777777778,1.0,0,1241,3.8495617520777756,0.0,1.0,6.540983606557377,1.0,7
2025-05-18 15:21:53.222095,138,135426.777905,15.364722222222222,1,6,94,1,3.0,-6.599999999999994,5.700000000000003,-23.099999999999994,-10.799999999999997,-1.4000000000000057,10.899999999999991,-18.0,-5.700000000000003,0.0,0.0,0.1,1.0,0.1,14,47.9,24.3,49565.81,18391.81,100,19,-12.299999999999997,5.700000000000003,-8.599999999999994,2.0,8,0.0,0.0,0.0,0.0,98,99,20.8,41.0,99,-12.400000000000006,5.800000000000011,-9.299999999999997,2.700000000000003,7,0.0,0.0,0.0,0.0,5,65,19.6,35.6,56,-3.139784946236559,-6,470,0.7071067811865476,0.0,1.0,5.5,1.0,-1,476,0.4472135954999579,0.0,1.0,5.2,1.0,-1,496,0.2581988897471611,0.0,1.0,5.066666666666666,1.0,-1,973,0.4903101471559001,0.0,1.0,5.377777777777778,1.0,0,1242,10.224014179852293,5.772482705008398,0.9682539682539683,10.777777777777779,1.9682539682539681,25
2025-05-18 15:22:55.042798,138,135364.957202,15.381944444444445,1,5,95,1,5.0,-8.599999999999994,5.700000000000003,-25.099999999999994,-10.799999999999997,-3.4000000000000057,10.899999999999991,-20.0,-5.700000000000003,0.0,0.0,0.1,1.0,0.1,14,47.9,24.3,49565.81,18391.81,100,19,-14.299999999999997,5.700000000000003,-10.599999999999994,2.0,8,0.0,0.0,0.0,0.0,98,99,20.8,41.0,99,-14.400000000000006,5.800000000000011,-11.299999999999997,2.700000000000003,7,0.0,0.0,0.0,0.0,5,65,19.6,35.6,56,1.293333333333333,-5,469,0.0,0.0,1.0,5.0,1.0,0,475,0.0,0.0,1.0,5.0,1.0,0,495,0.5163977794943223,0.0,1.0,4.533333333333333,1.0,-1,974,0.49343516379516905,0.0,1.0,4.391304347826087,1.0,0,1243,3.8228902270397156,0.0,1.0,6.516129032258065,1.0,7
2025-05-18 15:22:55.104755,138,135364.895245,15.381944444444445,1,6,94,1,3.0,-6.599999999999994,5.700000000000003,-23.099999999999994,-10.799999999999997,-1.4000000000000057,10.899999999999991,-18.0,-5.700000000000003,0.0,0.0,0.1,1.0,0.1,14,47.9,24.3,49565.81,18391.81,100,19,-12.299999999999997,5.700000000000003,-8.599999999999994,2.0,8,0.0,0.0,0.0,0.0,98,99,20.8,41.0,99,-12.400000000000006,5.800000000000011,-9.299999999999997,2.700000000000003,7,0.0,0.0,0.0,0.0,5,65,19.6,35.6,56,-3.1510791366906474,-6,470,0.0,0.0,1.0,6.0,1.0,0,476,0.5477225575051662,0.0,1.0,5.4,1.0,-1,496,0.3518657752744984,0.0,1.0,5.133333333333334,1.0,-1,975,0.49343516379516905,0.0,1.0,5.391304347826087,1.0,0,1244,10.160114496761421,5.727764980048209,0.96875,10.703125,1.953125,25
2025-05-18 15:23:56.676261,138,135303.323739,15.398888888888889,1,6,94,1,3.0,-6.599999999999994,5.700000000000003,-23.099999999999994,-10.799999999999997,-1.4000000000000057,10.899999999999991,-18.0,-5.700000000000003,0.0,0.0,0.1,1.0,0.1,14,47.9,24.3,49565.81,18391.81,100,19,-12.299999999999997,5.700000000000003,-8.599999999999994,2.0,8,0.0,0.0,0.0,0.0,98,99,20.8,41.0,99,-12.400000000000006,5.800000000000011,-9.299999999999997,2.700000000000003,7,0.0,0.0,0.0,0.0,5,65,19.6,35.6,56,-3.1624548736462095,-6,3,0.0,0.0,1.0,6.0,1.0,0,475,0.5477225575051662,0.0,1.0,5.6,1.0,-1,495,0.4140393356054125,0.0,1.0,5.2,1.0,-1,976,0.4960528753410619,0.0,1.0,5.404255319148936,1.0,0,1245,10.097291144734733,5.684070183077779,0.9692307692307692,10.63076923076923,1.9384615384615385,25
2025-05-18 15:23:56.716692,138,135303.283308,15.398888888888889,1,5,95,1,5.0,-8.599999999999994,5.700000000000003,-25.099999999999994,-10.799999999999997,-3.4000000000000057,10.899999999999991,-20.0,-5.700000000000003,0.0,0.0,0.1,1.0,0.1,14,47.9,24.3,49565.81,18391.81,100,19,-14.299999999999997,5.700000000000003,-10.599999999999994,2.0,8,0.0,0.0,0.0,0.0,98,99,20.8,41.0,99,-14.400000000000006,5.800000000000011,-11.299999999999997,2.700000000000003,7,0.0,0.0,0.0,0.0,5,65,19.6,35.6,56,1.3108108108108105,-5,4,0.0,0.0,1.0,5.0,1.0,0,476,0.0,0.0,1.0,5.0,1.0,0,496,0.5070925528371099,0.0,1.0,4.6,1.0,-1,977,0.4960528753410619,0.0,1.0,4.404255319148936,1.0,0,1246,3.7967431538818768,0.0,1.0,6.492063492063492,1.0,7
2025-05-18 15:24:58.936474,138,135241.063526,15.416111111111112,1,6,94,1,5.0,-8.599999999999994,5.700000000000003,-25.099999999999994,-10.799999999999997,-3.4000000000000057,10.899999999999991,-20.0,-5.700000000000003,0.0,0.0,0.1,1.0,0.1,14,47.9,24.3,49565.81,18391.81,100,19,-14.299999999999997,5.700000000000003,-10.599999999999994,2.0,8,0.0,0.0,0.0,0.0,98,99,20.8,41.0,99,-14.400000000000006,5.800000000000011,-11.299999999999997,2.700000000000003,7,0.0,0.0,0.0,0.0,5,65,19.6,35.6,56,0.32876712328767166,-6,3,0.7071067811865476,0.0,1.0,5.5,1.0,-1,475,0.4472135954999579,0.0,1.0,5.2,1.0,-1,495,0.5936168397046637,0.0,1.0,4.733333333333333,1.0,-2,978,0.5421097478586824,0.0,1.0,4.4375,1.0,-1,1247,3.766991926538093,0.0,1.0,6.484375,1.0,6
2025-05-18 15:24:59.151306,138,135240.848694,15.41638888888889,1,6,94,1,3.0,-6.599999999999994,5.700000000000003,-23.099999999999994,-10.799999999999997,-1.4000000000000057,10.899999999999991,-18.0,-5.700000000000003,0.0,0.0,0.1,1.0,0.1,14,47.9,24.3,49565.81,18391.81,100,19,-12.299999999999997,5.700000000000003,-8.599999999999994,2.0,8,0.0,0.0,0.0,0.0,98,99,20.8,41.0,99,-12.400000000000006,5.800000000000011,-9.299999999999997,2.700000000000003,7,0.0,0.0,0.0,0.0,5,65,19.6,35.6,56,-3.1739130434782608,-6,4,0.0,0.0,1.0,6.0,1.0,0,476,0.44721359549995787,0.0,1.0,5.8,1.0,-1,496,0.45773770821706344,0.0,1.0,5.266666666666667,1.0,-1,979,0.4982237954520137,0.0,1.0,5.416666666666667,1.0,0,1248,10.035519668241154,5.6413599180465095,0.9696969696969697,10.56060606060606,1.9242424242424243,25
2025-05-18 15:26:00.836426,138,135179.163574,15.433333333333334,1,6,94,1,3.0,-6.599999999999994,5.700000000000003,-23.099999999999994,-10.799999999999997,-1.4000000000000057,10.899999999999991,-18.0,-5.700000000000003,0.0,0.0,0.1,1.0,0.1,14,47.9,24.3,49565.81,18391.81,100,19,-12.299999999999997,5.700000000000003,-8.599999999999994,2.0,8,0.0,0.0,0.0,0.0,98,99,20.8,41.0,99,-12.400000000000006,5.800000000000011,-9.299999999999997,2.700000000000003,7,0.0,0.0,0.0,0.0,5,65,19.6,35.6,56,-3.1854545454545455,-6,3,0.0,0.0,1.0,6.0,1.0,0,475,0.0,0.0,1.0,6.0,1.0,0,495,0.4879500364742666,0.0,1.0,5.333333333333333,1.0,-1,924,0.5,0.0,1.0,5.428571428571429,1.0,0,1249,9.974775966692576,5.599597775824406,0.9701492537313433,10.492537313432836,1.9104477611940298,25
2025-05-18 15:26:00.839387,138,135179.160613,15.433333333333334,1,6,94,1,5.0,-8.599999999999994,5.700000000000003,-25.099999999999994,-10.799999999999997,-3.4000000000000057,10.899999999999991,-20.0,-5.700000000000003,0.0,0.0,0.1,1.0,0.1,14,47.9,24.3,49565.81,18391.81,100,19,-14.299999999999997,5.700000000000003,-10.599999999999994,2.0,8,0.0,0.0,0.0,0.0,98,99,20.8,41.0,99,-14.400000000000006,5.800000000000011,-11.299999999999997,2.700000000000003,7,0.0,0.0,0.0,0.0,5,65,19.6,35.6,56,0.33333333333333304,-6,4,0.0,0.0,1.0,6.0,1.0,0,476,0.5477225575051662,0.0,1.0,5.4,1.0,-1,496,0.6399404734221844,0.0,1.0,4.866666666666666,1.0,-2,925,0.581020682948211,0.0,1.0,4.469387755102041,1.0,-1,1250,3.737929291013326,0.0,1.0,6.476923076923077,1.0,6
2025-05-18 15:26:37.342511,138,135142.657489,15.443611111111112,1,24,76,0,-5.0,1.4000000000000057,5.700000000000003,-15.099999999999994,-10.799999999999997,6.599999999999994,10.899999999999991,-10.0,-5.700000000000003,0.0,0.0,0.1,1.0,0.1,14,47.9,24.3,49565.81,18391.81,100,19,-4.299999999999997,5.700000000000003,-0.5999999999999943,2.0,8,0.0,0.0,0.0,0.0,98,99,20.8,41.0,99,-4.400000000000006,5.800000000000011,-1.2999999999999972,2.700000000000003,7,0.0,0.0,0.0,0.0,5,65,19.6,35.6,56,44.47415241672432,-76,5,,,0.0,24.0,1.0,0,477,1.7888543819998317,77.358042029686,0.0,26.0,75.66666666666667,0,495,1.7888543819998317,77.358042029686,0.0,26.0,75.66666666666667,0,926,2.598076211353316,69.43482155550228,0.2222222222222222,27.333333333333332,53.77777777777778,5,1251,5.519197266046799,57.66976849097106,0.2857142857142857,26.0,40.57142857142857,-14
2025-05-18 15:27:02.482248,138,135117.517752,15.450555555555555,1,6,94,1,5.0,-8.599999999999994,5.700000000000003,-25.099999999999994,-10.799999999999997,-3.4000000000000057,10.899999999999991,-20.0,-5.700000000000003,0.0,0.0,0.1,1.0,0.1,14,47.9,24.3,49565.81,18391.81,100,19,-14.299999999999997,5.700000000000003,-10.599999999999994,2.0,8,0.0,0.0,0.0,0.0,98,99,20.8,41.0,99,-14.400000000000006,5.800000000000011,-11.299999999999997,2.700000000000003,7,0.0,0.0,0.0,0.0,5,65,19.6,35.6,56,0.33802816901408494,-6,4,0.0,0.0,1.0,6.0,1.0,0,10,0.5477225575051662,0.0,1.0,5.6,1.0,-1,496,0.6546536707079771,0.0,1.0,5.0,1.0,-2,927,0.614451804788759,0.0,1.0,4.5,1.0,-1,1252,3.709529088793625,0.0,1.0,6.46969696969697,1.0,6
2025-05-18 15:27:02.541388,138,135117.458612,15.450555555555555,1,6,94,1,3.0,-6.599999999999994,5.700000000000003,-23.099999999999994,-10.799999999999997,-1.4000000000000057,10.899999999999991,-18.0,-5.700000000000003,0.0,0.0,0.1,1.0,0.1,14,47.9,24.3,49565.81,18391.81,100,19,-12.299999999999997,5.700000000000003,-8.599999999999994,2.0,8,0.0,0.0,0.0,0.0,98,99,20.8,41.0,99,-12.400000000000006,5.800000000000011,-9.299999999999997,2.700000000000003,7,0.0,0.0,0.0,0.0,5,65,19.6,35.6,56,-3.197080291970803,-6,5,0.0,0.0,1.0,6.0,1.0,0,11,0.0,0.0,1.0,6.0,1.0,0,497,0.50709255283711,0.0,1.0,5.4,1.0,-1,928,0.501426536422407,0.0,1.0,5.44,1.0,0,1253,9.91503633711376,5.55874920399419,0.9705882352941176,10.426470588235293,1.8970588235294117,25
2025-05-18 15:28:04.111255,138,135055.888745,15.467777777777778,1,6,94,1,3.0,-6.599999999999994,5.700000000000003,-23.099999999999994,-10.799999999999997,-1.4000000000000057,10.899999999999991,-18.0,-5.700000000000003,0.0,0.0,0.1,1.0,0.1,14,47.9,24.3,49565.81,18391.81,100,19,-12.299999999999997,5.700000000000003,-8.599999999999994,2.0,8,0.0,0.0,0.0,0.0,98,99,20.8,41.0,99,-12.400000000000006,5.800000000000011,-9.299999999999997,2.700000000000003,7,0.0,0.0,0.0,0.0,5,65,19.6,35.6,56,-3.208791208791209,-6,4,0.0,0.0,1.0,6.0,1.0,0,10,0.0,0.0,1.0,6.0,1.0,0,496,0.5163977794943223,0.0,1.0,5.466666666666667,1.0,-1,646,0.5025425550218042,0.0,1.0,5.450980392156863,1.0,0,1254,9.85627750769074,5.518781386917763,0.9710144927536232,10.36231884057971,1.8840579710144927,25
2025-05-18 15:28:04.172527,138,135055.827473,15.467777777777778,1,6,94,1,5.0,-8.599999999999994,5.700000000000003,-25.099999999999994,-10.799999999999997,-3.4000000000000057,10.899999999999991,-20.0,-5.700000000000003,0.0,0.0,0.1,1.0,0.1,14,47.9,24.3,49565.81,18391.81,100,19,-14.299999999999997,5.700000000000003,-10.599999999999994,2.0,8,0.0,0.0,0.0,0.0,98,99,20.8,41.0,99,-14.400000000000006,5.800000000000011,-11.299999999999997,2.700000000000003,7,0.0,0.0,0.0,0.0,5,65,19.6,35.6,56,0.3428571428571425,-6,5,0.0,0.0,1.0,6.0,1.0,0,11,0.44721359549995787,0.0,1.0,5.8,1.0,-1,497,0.6399404734221844,0.0,1.0,5.133333333333334,1.0,-2,647,0.643519733231875,0.0,1.0,4.529411764705882,1.0,-1,1255,3.6817665317359225,0.0,1.0,6.462686567164179,1.0,6
2025-05-18 15:29:05.993883,138,134994.006117,15.48472222222222,1,6,94,1,3.0,-6.599999999999994,5.700000000000003,-23.099999999999994,-10.799999999999997,-1.4000000000000057,10.899999999999991,-18.0,-5.700000000000003,0.0,0.0,0.1,1.0,0.1,14,47.9,24.3,49565.81,18391.81,100,19,-12.299999999999997,5.700000000000003,-8.599999999999994,2.0,8,0.0,0.0,0.0,0.0,98,99,20.8,41.0,99,-12.400000000000006,5.800000000000011,-9.299999999999997,2.700000000000003,7,0.0,0.0,0.0,0.0,5,65,19.6,35.6,56,-3.2205882352941178,-6,3,0.0,0.0,1.0,6.0,1.0,0,10,0.0,0.0,1.0,6.0,1.0,0,496,0.5163977794943223,0.0,1.0,5.533333333333333,1.0,-1,648,0.5033822257076337,0.0,1.0,5.461538461538462,1.0,0,1256,9.798476663621555,5.479663135132868,0.9714285714285714,10.3,1.8714285714285714,25
2025-05-18 15:29:06.057489,138,134993.942511,15.485,1,6,94,1,5.0,-8.599999999999994,5.700000000000003,-25.099999999999994,-10.799999999999997,-3.4000000000000057,10.899999999999991,-20.0,-5.700000000000003,0.0,0.0,0.1,1.0,0.1,14,47.9,24.3,49565.81,18391.81,100,19,-14.299999999999997,5.700000000000003,-10.599999999999994,2.0,8,0.0,0.0,0.0,0.0,98,99,20.8,41.0,99,-14.400000000000006,5.800000000000011,-11.299999999999997,2.700000000000003,7,0.0,0.0,0.0,0.0,5,65,19.6,35.6,56,0.3478260869565215,-6,4,0.0,0.0,1.0,6.0,1.0,0,11,0.0,0.0,1.0,6.0,1.0,0,497,0.5936168397046637,0.0,1.0,5.266666666666667,1.0,-2,649,0.6690192276747297,0.0,1.0,4.5576923076923075,1.0,-1,1257,3.654618111128904,0.0,1.0,6.455882352941177,1.0,6
2025-05-18 15:30:07.620310,138,134932.37969,15.501944444444444,1,6,94,1,3.0,-6.599999999999994,5.700000000000003,-23.099999999999994,-10.799999999999997,-1.4000000000000057,10.899999999999991,-18.0,-5.700000000000003,0.0,0.0,0.1,1.0,0.1,14,47.9,24.3,49565.81,18391.81,100,19,-12.299999999999997,5.700000000000003,-8.599999999999994,2.0,8,0.0,0.0,0.0,0.0,98,99,20.8,41.0,99,-12.400000000000006,5.800000000000011,-9.299999999999997,2.700000000000003,7,0.0,0.0,0.0,0.0,5,65,19.6,35.6,56,-3.2324723247232474,-6,3,0.0,0.0,1.0,6.0,1.0,0,10,0.0,0.0,1.0,6.0,1.0,0,496,0.5070925528371099,0.0,1.0,5.6,1.0,-1,650,0.5039754872284374,0.0,1.0,5.471698113207547,1.0,0,1258,9.741611466476307,5.441364783234564,0.971830985915493,10.23943661971831,1.8591549295774648,25
2025-05-18 15:30:07.684188,138,134932.315812,15.501944444444444,1,6,94,1,5.0,-8.599999999999994,5.700000000000003,-25.099999999999994,-10.799999999999997,-3.4000000000000057,10.899999999999991,-20.0,-5.700000000000003,0.0,0.0,0.1,1.0,0.1,14,47.9,24.3,49565.81,18391.81,100,19,-14.299999999999997,5.700000000000003,-10.599999999999994,2.0,8,0.0,0.0,0.0,0.0,98,99,20.8,41.0,99,-14.400000000000006,5.800000000000011,-11.299999999999997,2.700000000000003,7,0.0,0.0,0.0,0.0,5,65,19.6,35.6,56,0.35294117647058787,-6,4,0.0,0.0,1.0,6.0,1.0,0,11,0.0,0.0,1.0,6.0,1.0,0,497,0.50709255283711,0.0,1.0,5.4,1.0,-1,651,0.6915412625808812,0.0,1.0,4.584905660377358,1.0,-1,1259,3.6280615140224843,0.0,1.0,6.449275362318841,1.0,6
2025-05-18 15:30:30.287401,138,134909.712599,15.508333333333333,17,28,72,1,-1.0,-2.5999999999999943,5.700000000000003,-19.099999999999994,-10.799999999999997,2.5999999999999943,10.899999999999991,-14.0,-5.700000000000003,0.0,0.0,0.1,1.0,0.1,14,47.9,24.3,49565.81,18391.81,100,19,-8.299999999999997,5.700000000000003,-4.599999999999994,2.0,8,0.0,0.0,0.0,0.0,98,99,20.8,41.0,99,-8.400000000000006,5.800000000000011,-5.299999999999997,2.700000000000003,7,0.0,0.0,0.0,0.0,5,65,19.6,35.6,56,-15.157639293341099,-28,21,,,1.0,28.0,17.0,0,28,,,1.0,28.0,17.0,0,514,,,1.0,28.0,17.0,0,656,,,1.0,28.0,17.0,0,1276,1.1547005383792515,57.74368652357877,1.0,27.333333333333332,51.333333333333336,0
2025-05-18 15:31:09.203214,138,134870.796786,15.519166666666667,1,6,94,1,3.0,-6.599999999999994,5.700000000000003,-23.099999999999994,-10.799999999999997,-1.4000000000000057,10.899999999999991,-18.0,-5.700000000000003,0.0,0.0,0.1,1.0,0.1,14,47.9,24.3,49565.81,18391.81,100,19,-12.299999999999997,5.700000000000003,-8.599999999999994,2.0,8,0.0,0.0,0.0,0.0,98,99,20.8,41.0,99,-12.400000000000006,5.800000000000011,-9.299999999999997,2.700000000000003,7,0.0,0.0,0.0,0.0,5,65,19.6,35.6,56,-3.2444444444444445,-6,20,0.0,0.0,1.0,6.0,1.0,0,27,0.0,0.0,1.0,6.0,1.0,0,513,0.4879500364742665,0.0,1.0,5.666666666666667,1.0,-1,657,0.504348664241606,0.0,1.0,5.481481481481482,1.0,0,1277,9.685660068091208,5.403858095483165,0.9722222222222222,10.180555555555555,1.8472222222222223,25
2025-05-18 15:31:09.262796,138,134870.737204,15.519166666666667,1,6,94,1,5.0,-8.599999999999994,5.700000000000003,-25.099999999999994,-10.799999999999997,-3.4000000000000057,10.899999999999991,-20.0,-5.700000000000003,0.0,0.0,0.1,1.0,0.1,14,47.9,24.3,49565.81,18391.81,100,19,-14.299999999999997,5.700000000000003,-10.599999999999994,2.0,8,0.0,0.0,0.0,0.0,98,99,20.8,41.0,99,-14.400000000000006,5.800000000000011,-11.299999999999997,2.700000000000003,7,0.0,0.0,0.0,0.0,5,65,19.6,35.6,56,0.35820895522388074,-6,21,0.0,0.0,1.0,6.0,1.0,0,28,0.0,0.0,1.0,6.0,1.0,0,514,0.5163977794943223,0.0,1.0,5.466666666666667,1.0,-1,658,0.7115400959721809,0.0,1.0,4.611111111111111,1.0,-1,1278,3.602075546149141,0.0,1.0,6.442857142857143,1.0,6
2025-05-18 15:32:10.773217,138,134809.226783,15.536111111111111,1,6,94,1,3.0,-6.599999999999994,5.700000000000003,-23.099999999999994,-10.799999999999997,-1.4000000000000057,10.899999999999991,-18.0,-5.700000000000003,0.0,0.0,0.1,1.0,0.1,14,47.9,24.3,49565.81,18391.81,100,19,-12.299999999999997,5.700000000000003,-8.599999999999994,2.0,8,0.0,0.0,0.0,0.0,98,99,20.8,41.0,99,-12.400000000000006,5.800000000000011,-9.299999999999997,2.700000000000003,7,0.0,0.0,0.0,0.0,5,65,19.6,35.6,56,-3.2565055762081783,-6,20,0.0,0.0,1.0,6.0,1.0,0,26,0.0,0.0,1.0,6.0,1.0,0,513,0.4577377082170635,0.0,1.0,5.733333333333333,1.0,-1,659,0.5045249791095129,0.0,1.0,5.490909090909091,1.0,0,1279,9.630601119867066,5.36711617845742,0.9726027397260274,10.123287671232877,1.8356164383561644,25
2025-05-18 15:32:10.777331,138,134809.222669,15.536111111111111,1,6,94,1,5.0,-8.599999999999994,5.700000000000003,-25.099999999999994,-10.799999999999997,-3.4000000000000057,10.899999999999991,-20.0,-5.700000000000003,0.0,0.0,0.1,1.0,0.1,14,47.9,24.3,49565.81,18391.81,100,19,-14.299999999999997,5.700000000000003,-10.599999999999994,2.0,8,0.0,0.0,0.0,0.0,98,99,20.8,41.0,99,-14.400000000000006,5.800000000000011,-11.299999999999997,2.700000000000003,7,0.0,0.0,0.0,0.0,5,65,19.6,35.6,56,0.3636363636363633,-6,21,0.0,0.0,1.0,6.0,1.0,0,27,0.0,0.0,1.0,6.0,1.0,0,514,0.5163977794943223,0.0,1.0,5.533333333333333,1.0,-1,660,0.7293740686277049,0.0,1.0,4.636363636363637,1.0,-1,1280,3.5766400608320223,0.0,1.0,6.436619718309859,1.0,6
2025-05-18 15:33:12.440123,138,134747.559877,15.553333333333335,1,6,94,1,5.0,-8.599999999999994,5.700000000000003,-25.099999999999994,-10.799999999999997,-3.4000000000000057,10.899999999999991,-20.0,-5.700000000000003,0.0,0.0,0.1,1.0,0.1,14,47.9,24.3,49565.81,18391.81,100,19,-14.299999999999997,5.700000000000003,-10.599999999999994,2.0,8,0.0,0.0,0.0,0.0,98,99,20.8,41.0,99,-14.400000000000006,5.800000000000011,-11.299999999999997,2.700000000000003,7,0.0,0.0,0.0,0.0,5,65,19.6,35.6,56,0.3692307692307688,-6,3,0.0,0.0,1.0,6.0,1.0,0,26,0.0,0.0,1.0,6.0,1.0,0,513,0.5070925528371099,0.0,1.0,5.6,1.0,-1,661,0.7453317922371757,0.0,1.0,4.660714285714286,1.0,-1,1281,3.5517358933379373,0.0,1.0,6.430555555555555,1.0,6
2025-05-18 15:33:12.480754,138,134747.519246,15.553333333333335,1,6,94,1,3.0,-6.599999999999994,5.700000000000003,-23.099999999999994,-10.799999999999997,-1.4000000000000057,10.899999999999991,-18.0,-5.700000000000003,0.0,0.0,0.1,1.0,0.1,14,47.9,24.3,49565.81,18391.81,100,19,-12.299999999999997,5.700000000000003,-8.599999999999994,2.0,8,0.0,0.0,0.0,0.0,98,99,20.8,41.0,99,-12.400000000000006,5.800000000000011,-9.299999999999997,2.700000000000003,7,0.0,0.0,0.0,0.0,5,65,19.6,35.6,56,-3.2686567164179103,-6,4,0.0,0.0,1.0,6.0,1.0,0,27,0.0,0.0,1.0,6.0,1.0,0,514,0.4140393356054125,0.0,1.0,5.8,1.0,-1,662,0.504524979109513,0.0,1.0,5.5,1.0,0,1282,9.576413778212409,5.331113400140129,0.972972972972973,10.067567567567568,1.8243243243243243,25
2025-05-18 15:34:14.003087,138,134685.996913,15.570555555555556,1,6,94,1,3.0,-6.599999999999994,5.700000000000003,-23.099999999999994,-10.799999999999997,-1.4000000000000057,10.899999999999991,-18.0,-5.700000000000003,0.0,0.0,0.1,1.0,0.1,14,47.9,24.3,49565.81,18391.81,100,19,-12.299999999999997,5.700000000000003,-8.599999999999994,2.0,8,0.0,0.0,0.0,0.0,98,99,20.8,41.0,99,-12.400000000000006,5.800000000000011,-9.299999999999997,2.700000000000003,7,0.0,0.0,0.0,0.0,5,65,19.6,35.6,56,-3.2808988764044944,-6,3,0.0,0.0,1.0,6.0,1.0,0,26,0.0,0.0,1.0,6.0,1.0,0,513,0.3518657752744984,0.0,1.0,5.866666666666666,1.0,-1,663,0.5043668951391246,0.0,1.0,5.508771929824562,1.0,0,1283,9.523077706761036,5.295825314883958,0.9733333333333334,10.013333333333334,1.8133333333333332,25
2025-05-18 15:34:14.010403,138,134685.989597,15.570555555555556,1,6,94,1,5.0,-8.599999999999994,5.700000000000003,-25.099999999999994,-10.799999999999997,-3.4000000000000057,10.899999999999991,-20.0,-5.700000000000003,0.0,0.0,0.1,1.0,0.1,14,47.9,24.3,49565.81,18391.81,100,19,-14.299999999999997,5.700000000000003,-10.599999999999994,2.0,8,0.0,0.0,0.0,0.0,98,99,20.8,41.0,99,-14.400000000000006,5.800000000000011,-11.299999999999997,2.700000000000003,7,0.0,0.0,0.0,0.0,5,65,19.6,35.6,56,0.375,-6,4,0.0,0.0,1.0,6.0,1.0,0,27,0.0,0.0,1.0,6.0,1.0,0,514,0.4879500364742665,0.0,1.0,5.666666666666667,1.0,-1,664,0.7596497016210382,0.0,1.0,4.684210526315789,1.0,-1,1284,3.527344800189175,0.0,1.0,6.424657534246576,1.0,6
2025-05-18 15:35:15.577996,138,134624.422004,15.5875,1,6,94,1,5.0,-8.599999999999994,5.700000000000003,-25.099999999999994,-10.799999999999997,-3.4000000000000057,10.899999999999991,-20.0,-5.700000000000003,0.0,0.0,0.1,1.0,0.1,14,47.9,24.3,49565.81,18391.81,100,19,-14.299999999999997,5.700000000000003,-10.599999999999994,2.0,8,0.0,0.0,0.0,0.0,98,99,20.8,41.0,99,-14.400000000000006,5.800000000000011,-11.299999999999997,2.700000000000003,7,0.0,0.0,0.0,0.0,5,65,19.6,35.6,56,0.3809523809523814,-6,3,0.0,0.0,1.0,6.0,1.0,0,26,0.0,0.0,1.0,6.0,1.0,0,513,0.4577377082170635,0.0,1.0,5.733333333333333,1.0,-1,665,0.7725242445444372,0.0,1.0,4.706896551724138,1.0,-1,1285,3.503449402997452,0.0,1.0,6.418918918918919,1.0,6
2025-05-18 15:35:15.618938,138,134624.381062,15.5875,1,6,94,1,3.0,-6.599999999999994,5.700000000000003,-23.099999999999994,-10.799999999999997,-1.4000000000000057,10.899999999999991,-18.0,-5.700000000000003,0.0,0.0,0.1,1.0,0.1,14,47.9,24.3,49565.81,18391.81,100,19,-12.299999999999997,5.700000000000003,-8.599999999999994,2.0,8,0.0,0.0,0.0,0.0,98,99,20.8,41.0,99,-12.400000000000006,5.800000000000011,-9.299999999999997,2.700000000000003,7,0.0,0.0,0.0,0.0,5,65,19.6,35.6,56,-3.293233082706767,-6,4,0.0,0.0,1.0,6.0,1.0,0,27,0.0,0.0,1.0,6.0,1.0,0,514,0.2581988897471611,0.0,1.0,5.933333333333334,1.0,-1,666,0.5040669445356466,0.0,1.0,5.517241379310345,1.0,0,1286,9.470573075900155,5.261228593759206,0.9736842105263158,9.960526315789474,1.8026315789473684,25
2025-05-18 15:36:17.188927,138,134562.811073,15.604722222222222,1,6,94,1,5.0,-8.599999999999994,5.700000000000003,-25.099999999999994,-10.799999999999997,-3.4000000000000057,10.899999999999991,-20.0,-5.700000000000003,0.0,0.0,0.1,1.0,0.1,14,47.9,24.3,49565.81,18391.81,100,19,-14.299999999999997,5.700000000000003,-10.599999999999994,2.0,8,0.0,0.0,0.0,0.0,98,99,20.8,41.0,99,-14.400000000000006,5.800000000000011,-11.299999999999997,2.700000000000003,7,0.0,0.0,0.0,0.0,5,65,19.6,35.6,56,0.38709677419354804,-6,3,0.0,0.0,1.0,6.0,1.0,0,9,0.0,0.0,1.0,6.0,1.0,0,513,0.4140393356054125,0.0,1.0,5.8,1.0,-1,667,0.7841206028494436,0.0,1.0,4.728813559322034,1.0,-1,1287,3.4800331364270987,0.0,1.0,6.413333333333333,1.0,6
2025-05-18 15:36:17.228784,138,134562.771216,15.604722222222222,1,6,94,1,3.0,-6.599999999999994,5.700000000000003,-23.099999999999994,-10.799999999999997,-1.4000000000000057,10.899999999999991,-18.0,-5.700000000000003,0.0,0.0,0.1,1.0,0.1,14,47.9,24.3,49565.81,18391.81,100,19,-12.299999999999997,5.700000000000003,-8.599999999999994,2.0,8,0.0,0.0,0.0,0.0,98,99,20.8,41.0,99,-12.400000000000006,5.800000000000011,-9.299999999999997,2.700000000000003,7,0.0,0.0,0.0,0.0,5,65,19.6,35.6,56,-3.3056603773584907,-6,4,0.0,0.0,1.0,6.0,1.0,0,10,0.0,0.0,1.0,6.0,1.0,0,514,0.0,0.0,1.0,6.0,1.0,0,668,0.5036395879988479,0.0,1.0,5.52542372881356,1.0,0,1288,9.41888056006576,5.227300959833413,0.974025974025974,9.909090909090908,1.7922077922077921,25
2025-05-18 15:37:18.765214,138,134501.234786,15.621666666666668,1,6,94,1,5.0,-8.599999999999994,5.700000000000003,-25.099999999999994,-10.799999999999997,-3.4000000000000057,10.899999999999991,-20.0,-5.700000000000003,0.0,0.0,0.1,1.0,0.1,14,47.9,24.3,49565.81,18391.81,100,19,-14.299999999999997,5.700000000000003,-10.599999999999994,2.0,8,0.0,0.0,0.0,0.0,98,99,20.8,41.0,99,-14.400000000000006,5.800000000000011,-11.299999999999997,2.700000000000003,7,0.0,0.0,0.0,0.0,5,65,19.6,35.6,56,0.3934426229508201,-6,3,0.0,0.0,1.0,6.0,1.0,0,9,0.0,0.0,1.0,6.0,1.0,0,47,0.3518657752744984,0.0,1.0,5.866666666666666,1.0,-1,667,0.8007156354976779,0.0,1.0,4.745762711864407,1.0,-2,1289,3.4570801999334533,0.0,1.0,6.407894736842105,1.0,6
2025-05-18 15:37:18.806389,138,134501.193611,15.621666666666668,1,6,94,1,3.0,-6.599999999999994,5.700000000000003,-23.099999999999994,-10.799999999999997,-1.4000000000000057,10.899999999999991,-18.0,-5.700000000000003,0.0,0.0,0.1,1.0,0.1,14,47.9,24.3,49565.81,18391.81,100,19,-12.299999999999997,5.700000000000003,-8.599999999999994,2.0,8,0.0,0.0,0.0,0.0,98,99,20.8,41.0,99,-12.400000000000006,5.800000000000011,-9.299999999999997,2.700000000000003,7,0.0,0.0,0.0,0.0,5,65,19.6,35.6,56,-3.3181818181818183,-6,4,0.0,0.0,1.0,6.0,1.0,0,10,0.0,0.0,1.0,6.0,1.0,0,48,0.0,0.0,1.0,6.0,1.0,0,668,0.5036395879988479,0.0,1.0,5.52542372881356,1.0,-1,1290,9.367981333194164,5.19402112797546,0.9743589743589743,9.85897435897436,1.7820512820512822,25
2025-05-18 15:38:20.376168,138,134439.623832,15.63888888888889,1,6,94,1,3.0,-6.599999999999994,5.700000000000003,-23.099999999999994,-10.799999999999997,-1.4000000000000057,10.899999999999991,-18.0,-5.700000000000003,0.0,0.0,0.1,1.0,0.1,14,47.9,24.3,49565.81,18391.81,100,19,-12.299999999999997,5.700000000000003,-8.599999999999994,2.0,8,0.0,0.0,0.0,0.0,98,99,20.8,41.0,99,-12.400000000000006,5.800000000000011,-9.299999999999997,2.700000000000003,7,0.0,0.0,0.0,0.0,5,65,19.6,35.6,56,-3.3307984790874525,-6,3,0.0,0.0,1.0,6.0,1.0,0,9,0.0,0.0,1.0,6.0,1.0,0,47,0.0,0.0,1.0,6.0,1.0,0,667,0.5024777880939231,0.0,1.0,5.5423728813559325,1.0,0,1291,9.317857062661012,5.161368748815214,0.9746835443037974,9.810126582278482,1.7721518987341771,25
2025-05-18 15:38:20.379359,138,134439.620641,15.63888888888889,1,6,94,1,5.0,-8.599999999999994,5.700000000000003,-25.099999999999994,-10.799999999999997,-3.4000000000000057,10.899999999999991,-20.0,-5.700000000000003,0.0,0.0,0.1,1.0,0.1,14,47.9,24.3,49565.81,18391.81,100,19,-14.299999999999997,5.700000000000003,-10.599999999999994,2.0,8,0.0,0.0,0.0,0.0,98,99,20.8,41.0,99,-14.400000000000006,5.800000000000011,-11.299999999999997,2.700000000000003,7,0.0,0.0,0.0,0.0,5,65,19.6,35.6,56,0.40000000000000036,-6,4,0.0,0.0,1.0,6.0,1.0,0,10,0.0,0.0,1.0,6.0,1.0,0,48,0.2581988897471611,0.0,1.0,5.933333333333334,1.0,-1,668,0.8108700438028767,0.0,1.0,4.779661016949152,1.0,-1,1292,3.4345755129569784,0.0,1.0,6.402597402597403,1.0,6
2025-05-18 15:39:22.044551,138,134377.955449,15.65611111111111,1,7,93,1,3.0,-6.599999999999994,5.700000000000003,-23.099999999999994,-10.799999999999997,-1.4000000000000057,10.899999999999991,-18.0,-5.700000000000003,0.0,0.0,0.1,1.0,0.1,14,47.9,24.3,49565.81,18391.81,100,19,-12.299999999999997,5.700000000000003,-8.599999999999994,2.0,8,0.0,0.0,0.0,0.0,98,99,20.8,41.0,99,-12.400000000000006,5.800000000000011,-9.299999999999997,2.700000000000003,7,0.0,0.0,0.0,0.0,5,65,19.6,35.6,56,-4.34351145038168,-7,3,0.7071067811865476,0.0,1.0,6.5,1.0,-1,9,0.4472135954999579,0.0,1.0,6.2,1.0,-1,47,0.2581988897471611,0.0,1.0,6.066666666666666,1.0,-1,667,0.5340536729024711,0.0,1.0,5.559322033898305,1.0,-1,1293,9.264024605900731,5.129324356524004,0.975,9.775,1.7625,24
2025-05-18 15:39:22.100102,138,134377.899898,15.65611111111111,1,6,94,1,5.0,-8.599999999999994,5.700000000000003,-25.099999999999994,-10.799999999999997,-3.4000000000000057,10.899999999999991,-20.0,-5.700000000000003,0.0,0.0,0.1,1.0,0.1,14,47.9,24.3,49565.81,18391.81,100,19,-14.299999999999997,5.700000000000003,-10.599999999999994,2.0,8,0.0,0.0,0.0,0.0,98,99,20.8,41.0,99,-14.400000000000006,5.800000000000011,-11.299999999999997,2.700000000000003,7,0.0,0.0,0.0,0.0,5,65,19.6,35.6,56,0.40677966101694896,-6,4,0.0,0.0,1.0,6.0,1.0,0,10,0.0,0.0,1.0,6.0,1.0,0,48,0.0,0.0,1.0,6.0,1.0,0,668,0.8258675901417385,0.0,1.0,4.796610169491525,1.0,-2,1294,3.412504673284441,0.0,1.0,6.397435897435898,1.0,6
2025-05-18 15:40:23.683864,138,134316.316136,15.673055555555555,1,7,93,1,3.0,-6.599999999999994,5.700000000000003,-23.099999999999994,-10.799999999999997,-1.4000000000000057,10.899999999999991,-18.0,-5.700000000000003,0.0,0.0,0.1,1.0,0.1,14,47.9,24.3,49565.81,18391.81,100,19,-12.299999999999997,5.700000000000003,-8.599999999999994,2.0,8,0.0,0.0,0.0,0.0,98,99,20.8,41.0,99,-12.400000000000006,5.800000000000011,-9.299999999999997,2.700000000000003,7,0.0,0.0,0.0,0.0,5,65,19.6,35.6,56,-4.360153256704981,-7,3,0.0,0.0,1.0,7.0,1.0,0,9,0.5477225575051662,0.0,1.0,6.4,1.0,-1,47,0.3518657752744984,0.0,1.0,6.133333333333334,1.0,-1,655,0.5633456044184011,0.0,1.0,5.576271186440678,1.0,-1,1295,9.211104409594132,5.0978693201119105,0.9753086419753086,9.74074074074074,1.7530864197530864,24
2025-05-18 15:40:23.724983,138,134316.275017,15.673055555555555,1,6,94,1,5.0,-8.599999999999994,5.700000000000003,-25.099999999999994,-10.799999999999997,-3.4000000000000057,10.899999999999991,-20.0,-5.700000000000003,0.0,0.0,0.1,1.0,0.1,14,47.9,24.3,49565.81,18391.81,100,19,-14.299999999999997,5.700000000000003,-10.599999999999994,2.0,8,0.0,0.0,0.0,0.0,98,99,20.8,41.0,99,-14.400000000000006,5.800000000000011,-11.299999999999997,2.700000000000003,7,0.0,0.0,0.0,0.0,5,65,19.6,35.6,56,0.4137931034482758,-6,4,0.0,0.0,1.0,6.0,1.0,0,10,0.0,0.0,1.0,6.0,1.0,0,48,0.0,0.0,1.0,6.0,1.0,0,656,0.8336157713463009,0.0,1.0,4.830508474576271,1.0,-1,1296,3.390853918315952,0.0,1.0,6.3924050632911396,1.0,6
2025-05-18 15:41:25.254777,138,134254.745223,15.690277777777778,1,6,94,1,5.0,-8.599999999999994,5.700000000000003,-25.099999999999994,-10.799999999999997,-3.4000000000000057,10.899999999999991,-20.0,-5.700000000000003,0.0,0.0,0.1,1.0,0.1,14,47.9,24.3,49565.81,18391.81,100,19,-14.299999999999997,5.700000000000003,-10.599999999999994,2.0,8,0.0,0.0,0.0,0.0,98,99,20.8,41.0,99,-14.400000000000006,5.800000000000011,-11.299999999999997,2.700000000000003,7,0.0,0.0,0.0,0.0,5,65,19.6,35.6,56,0.4210526315789478,-6,3,0.0,0.0,1.0,6.0,1.0,0,9,0.0,0.0,1.0,6.0,1.0,0,47,0.0,0.0,1.0,6.0,1.0,0,655,0.8471770429721875,0.0,1.0,4.8474576271186445,1.0,-2,1297,3.369610089001209,0.0,1.0,6.3875,1.0,6
2025-05-18 15:41:25.315509,138,134254.684491,15.690277777777778,1,7,93,1,3.0,-6.599999999999994,5.700000000000003,-23.099999999999994,-10.799999999999997,-1.4000000000000057,10.899999999999991,-18.0,-5.700000000000003,0.0,0.0,0.1,1.0,0.1,14,47.9,24.3,49565.81,18391.81,100,19,-12.299999999999997,5.700000000000003,-8.599999999999994,2.0,8,0.0,0.0,0.0,0.0,98,99,20.8,41.0,99,-12.400000000000006,5.800000000000011,-9.299999999999997,2.700000000000003,7,0.0,0.0,0.0,0.0,5,65,19.6,35.6,56,-4.376923076923077,-7,4,0.0,0.0,1.0,7.0,1.0,0,10,0.5477225575051662,0.0,1.0,6.6,1.0,-1,48,0.4140393356054125,0.0,1.0,6.2,1.0,-1,656,0.5906934576906231,0.0,1.0,5.593220338983051,1.0,-1,1298,9.159071338010566,5.066985797965503,0.975609756097561,9.707317073170731,1.7439024390243902,24
2025-05-18 15:42:26.932777,138,134193.067223,15.70722222222222,1,6,94,1,5.0,-8.599999999999994,5.700000000000003,-25.099999999999994,-10.799999999999997,-3.4000000000000057,10.899999999999991,-20.0,-5.700000000000003,0.0,0.0,0.1,1.0,0.1,14,47.9,24.3,49565.81,18391.81,100,19,-14.299999999999997,5.700000000000003,-10.599999999999994,2.0,8,0.0,0.0,0.0,0.0,98,99,20.8,41.0,99,-14.400000000000006,5.800000000000011,-11.299999999999997,2.700000000000003,7,0.0,0.0,0.0,0.0,5,65,19.6,35.6,56,0.4285714285714288,-6,3,0.0,0.0,1.0,6.0,1.0,0,9,0.0,0.0,1.0,6.0,1.0,0,46,0.0,0.0,1.0,6.0,1.0,0,643,0.8526782504052758,0.0,1.0,4.88135593220339,1.0,-2,1299,3.3487605962302234,0.0,1.0,6.382716049382716,1.0,6
2025-05-18 15:42:27.240489,138,134192.759511,15.7075,1,7,93,1,3.0,-6.599999999999994,5.700000000000003,-23.099999999999994,-10.799999999999997,-1.4000000000000057,10.899999999999991,-18.0,-5.700000000000003,0.0,0.0,0.1,1.0,0.1,14,47.9,24.3,49565.81,18391.81,100,19,-12.299999999999997,5.700000000000003,-8.599999999999994,2.0,8,0.0,0.0,0.0,0.0,98,99,20.8,41.0,99,-12.400000000000006,5.800000000000011,-9.299999999999997,2.700000000000003,7,0.0,0.0,0.0,0.0,5,65,19.6,35.6,56,-4.3938223938223935,-7,4,0.0,0.0,1.0,7.0,1.0,0,10,0.44721359549995787,0.0,1.0,6.8,1.0,-1,47,0.45773770821706344,0.0,1.0,6.266666666666667,1.0,-1,644,0.6163560645954009,0.0,1.0,5.610169491525424,1.0,-1,1300,9.10790119826942,5.036656695374273,0.9759036144578314,9.674698795180722,1.7349397590361446,24
2025-05-18 15:43:29.216558,138,134130.783442,15.724722222222223,1,7,93,1,3.0,-6.599999999999994,5.700000000000003,-23.099999999999994,-10.799999999999997,-1.4000000000000057,10.899999999999991,-18.0,-5.700000000000003,0.0,0.0,0.1,1.0,0.1,14,47.9,24.3,49565.81,18391.81,100,19,-12.299999999999997,5.700000000000003,-8.599999999999994,2.0,8,0.0,0.0,0.0,0.0,98,99,20.8,41.0,99,-12.400000000000006,5.800000000000011,-9.299999999999997,2.700000000000003,7,0.0,0.0,0.0,0.0,5,65,19.6,35.6,56,-4.410852713178294,-7,3,0.0,0.0,1.0,7.0,1.0,0,9,0.0,0.0,1.0,7.0,1.0,0,46,0.4879500364742666,0.0,1.0,6.333333333333333,1.0,-1,643,0.6405360116594636,0.0,1.0,5.627118644067797,1.0,-1,1301,9.057570696334917,5.006865624816433,0.9761904761904762,9.642857142857142,1.7261904761904763,24
2025-05-18 15:43:29.257387,138,134130.742613,15.724722222222223,1,6,94,1,5.0,-8.599999999999994,5.700000000000003,-25.099999999999994,-10.799999999999997,-3.4000000000000057,10.899999999999991,-20.0,-5.700000000000003,0.0,0.0,0.1,1.0,0.1,14,47.9,24.3,49565.81,18391.81,100,19,-14.299999999999997,5.700000000000003,-10.599999999999994,2.0,8,0.0,0.0,0.0,0.0,98,99,20.8,41.0,99,-14.400000000000006,5.800000000000011,-11.299999999999997,2.700000000000003,7,0.0,0.0,0.0,0.0,5,65,19.6,35.6,56,0.4363636363636365,-6,4,0.0,0.0,1.0,6.0,1.0,0,10,0.0,0.0,1.0,6.0,1.0,0,47,0.0,0.0,1.0,6.0,1.0,0,644,0.8567809761809192,0.0,1.0,4.915254237288136,1.0,-2,1302,3.3282933894835613,0.0,1.0,6.378048780487805,1.0,6
2025-05-18 15:44:30.826083,138,134069.173917,15.741666666666665,1,7,93,1,3.0,-6.599999999999994,5.700000000000003,-23.099999999999994,-10.799999999999997,-1.4000000000000057,10.899999999999991,-18.0,-5.700000000000003,0.0,0.0,0.1,1.0,0.1,14,47.9,24.3,49565.81,18391.81,100,19,-12.299999999999997,5.700000000000003,-8.599999999999994,2.0,8,0.0,0.0,0.0,0.0,98,99,20.8,41.0,99,-12.400000000000006,5.800000000000011,-9.299999999999997,2.700000000000003,7,0.0,0.0,0.0,0.0,5,65,19.6,35.6,56,-4.428015564202335,-7,3,0.0,0.0,1.0,7.0,1.0,0,9,0.0,0.0,1.0,7.0,1.0,0,46,0.50709255283711,0.0,1.0,6.4,1.0,-1,643,0.6633954420748993,0.0,1.0,5.6440677966101696,1.0,-1,1303,9.00805739542193,4.977596868794749,0.9764705882352941,9.611764705882353,1.7176470588235293,24
2025-05-18 15:44:30.881914,138,134069.118086,15.741666666666665,1,6,94,1,5.0,-8.599999999999994,5.700000000000003,-25.099999999999994,-10.799999999999997,-3.4000000000000057,10.899999999999991,-20.0,-5.700000000000003,0.0,0.0,0.1,1.0,0.1,14,47.9,24.3,49565.81,18391.81,100,19,-14.299999999999997,5.700000000000003,-10.599999999999994,2.0,8,0.0,0.0,0.0,0.0,98,99,20.8,41.0,99,-14.400000000000006,5.800000000000011,-11.299999999999997,2.700000000000003,7,0.0,0.0,0.0,0.0,5,65,19.6,35.6,56,0.44444444444444464,-6,4,0.0,0.0,1.0,6.0,1.0,0,10,0.0,0.0,1.0,6.0,1.0,0,47,0.0,0.0,1.0,6.0,1.0,0,644,0.8595052468909542,0.0,1.0,4.9491525423728815,1.0,-2,1304,3.3081969275647176,0.0,1.0,6.373493975903615,1.0,6
2025-05-18 15:45:33.350740,138,134006.64926,15.759166666666667,1,6,94,1,5.0,-8.599999999999994,5.700000000000003,-25.099999999999994,-10.799999999999997,-3.4000000000000057,10.899999999999991,-20.0,-5.700000000000003,0.0,0.0,0.1,1.0,0.1,14,47.9,24.3,49565.81,18391.81,100,19,-14.299999999999997,5.700000000000003,-10.599999999999994,2.0,8,0.0,0.0,0.0,0.0,98,99,20.8,41.0,99,-14.400000000000006,5.800000000000011,-11.299999999999997,2.700000000000003,7,0.0,0.0,0.0,0.0,5,65,19.6,35.6,56,0.4528301886792452,-6,3,0.0,0.0,1.0,6.0,1.0,0,9,0.0,0.0,1.0,6.0,1.0,0,29,0.0,0.0,1.0,6.0,1.0,0,643,0.8608641493155906,0.0,1.0,4.983050847457627,1.0,-2,1305,3.2884601512531373,0.0,1.0,6.369047619047619,1.0,6
2025-05-18 15:45:33.394890,138,134006.60511,15.759166666666667,1,7,93,1,3.0,-6.599999999999994,5.700000000000003,-23.099999999999994,-10.799999999999997,-1.4000000000000057,10.899999999999991,-18.0,-5.700000000000003,0.0,0.0,0.1,1.0,0.1,14,47.9,24.3,49565.81,18391.81,100,19,-12.299999999999997,5.700000000000003,-8.599999999999994,2.0,8,0.0,0.0,0.0,0.0,98,99,20.8,41.0,99,-12.400000000000006,5.800000000000011,-9.299999999999997,2.700000000000003,7,0.0,0.0,0.0,0.0,5,65,19.6,35.6,56,-4.4453125,-7,4,0.0,0.0,1.0,7.0,1.0,0,10,0.0,0.0,1.0,7.0,1.0,0,30,0.5163977794943223,0.0,1.0,6.466666666666667,1.0,-1,644,0.6850665583452061,0.0,1.0,5.661016949152542,1.0,-1,1306,8.95933967666482,4.948835345031172,0.9767441860465116,9.581395348837209,1.7093023255813953,24
2025-05-18 15:46:35.155882,138,133944.844118,15.77638888888889,1,6,94,1,3.0,-6.599999999999994,5.700000000000003,-23.099999999999994,-10.799999999999997,-1.4000000000000057,10.899999999999991,-18.0,-5.700000000000003,0.0,0.0,0.1,1.0,0.1,14,47.9,24.3,49565.81,18391.81,100,19,-12.299999999999997,5.700000000000003,-8.599999999999994,2.0,8,0.0,0.0,0.0,0.0,98,99,20.8,41.0,99,-12.400000000000006,5.800000000000011,-9.299999999999997,2.700000000000003,7,0.0,0.0,0.0,0.0,5,65,19.6,35.6,56,-3.462745098039216,-6,3,0.7071067811865476,0.0,1.0,6.5,1.0,1,9,0.4472135954999579,0.0,1.0,6.8,1.0,1,29,0.5163977794943223,0.0,1.0,6.466666666666667,1.0,0,643,0.6850665583452061,0.0,1.0,5.661016949152542,1.0,0,1307,8.915370314996181,4.920566573845436,0.9770114942528736,9.540229885057471,1.7011494252873562,25
2025-05-18 15:46:35.159854,138,133944.840146,15.77638888888889,1,6,94,1,5.0,-8.599999999999994,5.700000000000003,-25.099999999999994,-10.799999999999997,-3.4000000000000057,10.899999999999991,-20.0,-5.700000000000003,0.0,0.0,0.1,1.0,0.1,14,47.9,24.3,49565.81,18391.81,100,19,-14.299999999999997,5.700000000000003,-10.599999999999994,2.0,8,0.0,0.0,0.0,0.0,98,99,20.8,41.0,99,-14.400000000000006,5.800000000000011,-11.299999999999997,2.700000000000003,7,0.0,0.0,0.0,0.0,5,65,19.6,35.6,56,0.4615384615384617,-6,4,0.0,0.0,1.0,6.0,1.0,0,10,0.0,0.0,1.0,6.0,1.0,0,30,0.0,0.0,1.0,6.0,1.0,0,644,0.8608641493155906,0.0,1.0,5.016949152542373,1.0,-2,1308,3.269072457730718,0.0,1.0,6.364705882352941,1.0,6
2025-05-18 15:47:36.725753,138,133883.274247,15.793333333333333,1,6,94,1,3.0,-6.599999999999994,5.700000000000003,-23.099999999999994,-10.799999999999997,-1.4000000000000057,10.899999999999991,-18.0,-5.700000000000003,0.0,0.0,0.1,1.0,0.1,14,47.9,24.3,49565.81,18391.81,100,19,-12.299999999999997,5.700000000000003,-8.599999999999994,2.0,8,0.0,0.0,0.0,0.0,98,99,20.8,41.0,99,-12.400000000000006,5.800000000000011,-9.299999999999997,2.700000000000003,7,0.0,0.0,0.0,0.0,5,65,19.6,35.6,56,-3.4763779527559056,-6,3,0.0,0.0,1.0,6.0,1.0,0,9,0.5477225575051662,0.0,1.0,6.6,1.0,1,29,0.5163977794943223,0.0,1.0,6.466666666666667,1.0,0,643,0.6850665583452061,0.0,1.0,5.661016949152542,1.0,0,1309,8.872014634690416,4.8927766475575005,0.9772727272727273,9.5,1.6931818181818181,25
2025-05-18 15:47:36.726397,138,133883.273603,15.793333333333333,1,6,94,1,5.0,-8.599999999999994,5.700000000000003,-25.099999999999994,-10.799999999999997,-3.4000000000000057,10.899999999999991,-20.0,-5.700000000000003,0.0,0.0,0.1,1.0,0.1,14,47.9,24.3,49565.81,18391.81,100,19,-14.299999999999997,5.700000000000003,-10.599999999999994,2.0,8,0.0,0.0,0.0,0.0,98,99,20.8,41.0,99,-14.400000000000006,5.800000000000011,-11.299999999999997,2.700000000000003,7,0.0,0.0,0.0,0.0,5,65,19.6,35.6,56,0.47058823529411775,-6,4,0.0,0.0,1.0,6.0,1.0,0,10,0.0,0.0,1.0,6.0,1.0,0,30,0.0,0.0,1.0,6.0,1.0,0,644,0.8595052468909542,0.0,1.0,5.0508474576271185,1.0,-2,1310,3.2500236766474195,0.0,1.0,6.3604651162790695,1.0,6
2025-05-18 15:48:38.301670,138,133821.69833,15.810555555555556,1,6,94,1,3.0,-6.599999999999994,5.700000000000003,-23.099999999999994,-10.799999999999997,-1.4000000000000057,10.899999999999991,-18.0,-5.700000000000003,0.0,0.0,0.1,1.0,0.1,14,47.9,24.3,49565.81,18391.81,100,19,-12.299999999999997,5.700000000000003,-8.599999999999994,2.0,8,0.0,0.0,0.0,0.0,98,99,20.8,41.0,99,-12.400000000000006,5.800000000000011,-9.299999999999997,2.700000000000003,7,0.0,0.0,0.0,0.0,5,65,19.6,35.6,56,-3.4901185770750986,-6,3,0.0,0.0,1.0,6.0,1.0,0,9,0.5477225575051662,0.0,1.0,6.4,1.0,1,29,0.5163977794943223,0.0,1.0,6.466666666666667,1.0,0,643,0.6850665583452061,0.0,1.0,5.661016949152542,1.0,0,1311,8.829259440497827,4.865452201767201,0.9775280898876404,9.460674157303371,1.6853932584269662,25
2025-05-18 15:48:38.302861,138,133821.697139,15.810555555555556,1,6,94,1,5.0,-8.599999999999994,5.700000000000003,-25.099999999999994,-10.799999999999997,-3.4000000000000057,10.899999999999991,-20.0,-5.700000000000003,0.0,0.0,0.1,1.0,0.1,14,47.9,24.3,49565.81,18391.81,100,19,-14.299999999999997,5.700000000000003,-10.599999999999994,2.0,8,0.0,0.0,0.0,0.0,98,99,20.8,41.0,99,-14.400000000000006,5.800000000000011,-11.299999999999997,2.700000000000003,7,0.0,0.0,0.0,0.0,5,65,19.6,35.6,56,0.4800000000000004,-6,4,0.0,0.0,1.0,6.0,1.0,0,10,0.0,0.0,1.0,6.0,1.0,0,30,0.0,0.0,1.0,6.0,1.0,0,644,0.8567809761809193,0.0,1.0,5.084745762711864,1.0,-2,1312,3.2313040477032726,0.0,1.0,6.35632183908046,1.0,6
2025-05-18 16:08:26.590176,138,132633.409824,16.140555555555554,1,6,94,1,5.0,-8.599999999999994,5.800000000000011,-25.099999999999994,-10.699999999999989,-3.4000000000000057,11.0,-20.0,-5.599999999999994,0.0,0.0,0.1,1.0,0.1,14,47.9,24.3,49565.81,18391.81,100,19,-14.400000000000006,5.800000000000011,-11.299999999999997,2.700000000000003,7,0.0,0.0,0.0,0.0,5,65,19.6,35.6,56,-12.700000000000003,4.1000000000000085,-11.5,2.9000000000000057,6,0.0,0.0,0.0,0.0,6,99,19.5,34.2,99,0.4897959183673466,-6,1,,,1.0,6.0,1.0,0,1,,,1.0,6.0,1.0,0,1,,,1.0,6.0,1.0,0,565,0.7761694559761056,0.0,1.0,5.439024390243903,1.0,-2,1256,2.8038223469197234,0.0,1.0,5.839506172839506,1.0,7
2025-05-18 16:08:26.658867,138,132633.341133,16.140555555555554,1,6,94,1,3.0,-6.599999999999994,5.800000000000011,-23.099999999999994,-10.699999999999989,-1.4000000000000057,11.0,-18.0,-5.599999999999994,0.0,0.0,0.1,1.0,0.1,14,47.9,24.3,49565.81,18391.81,100,19,-12.400000000000006,5.800000000000011,-9.299999999999997,2.700000000000003,7,0.0,0.0,0.0,0.0,5,65,19.6,35.6,56,-10.700000000000003,4.1000000000000085,-9.5,2.9000000000000057,6,0.0,0.0,0.0,0.0,6,99,19.5,34.2,99,-3.503968253968254,-6,2,,,1.0,6.0,1.0,0,2,,,1.0,6.0,1.0,0,2,,,1.0,6.0,1.0,0,566,0.6914107176547127,0.0,1.0,5.853658536585366,1.0,-1,1257,6.5825771694763135,2.0981989954220843,0.9878048780487805,7.682926829268292,1.2317073170731707,23
2025-05-18 16:09:28.251989,138,132571.748011,16.157777777777778,1,6,94,1,3.0,-6.599999999999994,5.800000000000011,-23.099999999999994,-10.699999999999989,-1.4000000000000057,11.0,-18.0,-5.599999999999994,0.0,0.0,0.1,1.0,0.1,14,47.9,24.3,49565.81,18391.81,100,19,-12.400000000000006,5.800000000000011,-9.299999999999997,2.700000000000003,7,0.0,0.0,0.0,0.0,5,65,19.6,35.6,56,-10.700000000000003,4.1000000000000085,-9.5,2.9000000000000057,6,0.0,0.0,0.0,0.0,6,99,19.5,34.2,99,-3.5179282868525896,-6,3,0.0,0.0,1.0,6.0,1.0,0,3,0.0,0.0,1.0,6.0,1.0,0,3,0.0,0.0,1.0,6.0,1.0,0,565,0.6780531672081295,0.0,1.0,5.878048780487805,1.0,-1,1256,6.138041180480391,2.0981989954220843,0.9878048780487805,7.402439024390244,1.2317073170731707,23
2025-05-18 16:09:28.310840,138,132571.68916,16.157777777777778,1,6,94,1,5.0,-8.599999999999994,5.800000000000011,-25.099999999999994,-10.699999999999989,-3.4000000000000057,11.0,-20.0,-5.599999999999994,0.0,0.0,0.1,1.0,0.1,14,47.9,24.3,49565.81,18391.81,100,19,-14.400000000000006,5.800000000000011,-11.299999999999997,2.700000000000003,7,0.0,0.0,0.0,0.0,5,65,19.6,35.6,56,-12.700000000000003,4.1000000000000085,-11.5,2.9000000000000057,6,0.0,0.0,0.0,0.0,6,99,19.5,34.2,99,0.5,-6,4,0.0,0.0,1.0,6.0,1.0,0,4,0.0,0.0,1.0,6.0,1.0,0,4,0.0,0.0,1.0,6.0,1.0,0,566,0.7457194921521162,0.0,1.0,5.487804878048781,1.0,-2,1257,2.685753452001556,0.0,1.0,5.753086419753086,1.0,7
2025-05-18 16:10:29.982707,138,132510.017293,16.174722222222222,1,6,94,1,5.0,-8.599999999999994,5.800000000000011,-25.099999999999994,-10.699999999999989,-3.4000000000000057,11.0,-20.0,-5.599999999999994,0.0,0.0,0.1,1.0,0.1,14,47.9,24.3,49565.81,18391.81,100,19,-14.400000000000006,5.800000000000011,-11.299999999999997,2.700000000000003,7,0.0,0.0,0.0,0.0,5,65,19.6,35.6,56,-12.700000000000003,4.1000000000000085,-11.5,2.9000000000000057,6,0.0,0.0,0.0,0.0,6,99,19.5,34.2,99,0.5106382978723403,-6,3,0.0,0.0,1.0,6.0,1.0,0,5,0.0,0.0,1.0,6.0,1.0,0,5,0.0,0.0,1.0,6.0,1.0,0,565,0.710547710418159,0.0,1.0,5.536585365853658,1.0,-2,1256,2.559296778413945,0.0,1.0,5.666666666666667,1.0,8
2025-05-18 16:10:30.024167,138,132509.975833,16.175,1,6,94,1,3.0,-6.599999999999994,5.800000000000011,-23.099999999999994,-10.699999999999989,-1.4000000000000057,11.0,-18.0,-5.599999999999994,0.0,0.0,0.1,1.0,0.1,14,47.9,24.3,49565.81,18391.81,100,19,-12.400000000000006,5.800000000000011,-9.299999999999997,2.700000000000003,7,0.0,0.0,0.0,0.0,5,65,19.6,35.6,56,-10.700000000000003,4.1000000000000085,-9.5,2.9000000000000057,6,0.0,0.0,0.0,0.0,6,99,19.5,34.2,99,-3.532,-6,4,0.0,0.0,1.0,6.0,1.0,0,6,0.0,0.0,1.0,6.0,1.0,0,6,0.0,0.0,1.0,6.0,1.0,0,566,0.6635087809810993,0.0,1.0,5.902439024390244,1.0,-1,1257,5.644598081685173,2.0981989954220843,0.9878048780487805,7.121951219512195,1.2317073170731707,23
2025-05-18 16:11:31.584788,138,132448.415212,16.191944444444445,1,6,94,1,3.0,-6.599999999999994,5.800000000000011,-23.099999999999994,-10.699999999999989,-1.4000000000000057,11.0,-18.0,-5.599999999999994,0.0,0.0,0.1,1.0,0.1,14,47.9,24.3,49565.81,18391.81,100,19,-12.400000000000006,5.800000000000011,-9.299999999999997,2.700000000000003,7,0.0,0.0,0.0,0.0,5,65,19.6,35.6,56,-10.700000000000003,4.1000000000000085,-9.5,2.9000000000000057,6,0.0,0.0,0.0,0.0,6,99,19.5,34.2,99,-3.5461847389558234,-6,3,0.0,0.0,1.0,6.0,1.0,0,7,0.0,0.0,1.0,6.0,1.0,0,7,0.0,0.0,1.0,6.0,1.0,0,565,0.6476976108663296,0.0,1.0,5.926829268292683,1.0,-1,1256,5.088038532045847,2.0981989954220843,0.9878048780487805,6.841463414634147,1.2317073170731707,23
2025-05-18 16:11:31.645150,138,132448.35485,16.191944444444445,1,6,94,1,5.0,-8.599999999999994,5.800000000000011,-25.099999999999994,-10.699999999999989,-3.4000000000000057,11.0,-20.0,-5.599999999999994,0.0,0.0,0.1,1.0,0.1,14,47.9,24.3,49565.81,18391.81,100,19,-14.400000000000006,5.800000000000011,-11.299999999999997,2.700000000000003,7,0.0,0.0,0.0,0.0,5,65,19.6,35.6,56,-12.700000000000003,4.1000000000000085,-11.5,2.9000000000000057,6,0.0,0.0,0.0,0.0,6,99,19.5,34.2,99,0.5217391304347823,-6,4,0.0,0.0,1.0,6.0,1.0,0,8,0.0,0.0,1.0,6.0,1.0,0,8,0.0,0.0,1.0,6.0,1.0,0,566,0.6699108058576739,0.0,1.0,5.585365853658536,1.0,-2,1257,2.381901927058177,0.0,1.0,5.567901234567901,1.0,8
2025-05-18 16:12:33.291852,138,132386.708148,16.209166666666665,1,6,94,1,5.0,-8.599999999999994,5.800000000000011,-25.099999999999994,-10.699999999999989,-3.4000000000000057,11.0,-20.0,-5.599999999999994,0.0,0.0,0.1,1.0,0.1,14,47.9,24.3,49565.81,18391.81,100,19,-14.400000000000006,5.800000000000011,-11.299999999999997,2.700000000000003,7,0.0,0.0,0.0,0.0,5,65,19.6,35.6,56,-12.700000000000003,4.1000000000000085,-11.5,2.9000000000000057,6,0.0,0.0,0.0,0.0,6,99,19.5,34.2,99,0.5333333333333332,-6,3,0.0,0.0,1.0,6.0,1.0,0,9,0.0,0.0,1.0,6.0,1.0,0,9,0.0,0.0,1.0,6.0,1.0,0,565,0.6227398156925414,0.0,1.0,5.634146341463414,1.0,-2,1256,2.185671634492967,0.0,1.0,5.469135802469136,1.0,8
2025-05-18 16:12:33.336308,138,132386.663692,16.209166666666665,1,7,93,1,3.0,-6.599999999999994,5.800000000000011,-23.099999999999994,-10.699999999999989,-1.4000000000000057,11.0,-18.0,-5.599999999999994,0.0,0.0,0.1,1.0,0.1,14,47.9,24.3,49565.81,18391.81,100,19,-12.400000000000006,5.800000000000011,-9.299999999999997,2.700000000000003,7,0.0,0.0,0.0,0.0,5,65,19.6,35.6,56,-10.700000000000003,4.1000000000000085,-9.5,2.9000000000000057,6,0.0,0.0,0.0,0.0,6,99,19.5,34.2,99,-4.560483870967742,-7,4,0.7071067811865476,0.0,1.0,6.5,1.0,-1,10,0.4472135954999579,0.0,1.0,6.2,1.0,-1,10,0.4472135954999579,0.0,1.0,6.2,1.0,-1,566,0.6514524110803789,0.0,1.0,5.975609756097561,1.0,-2,1257,4.44452913198448,2.0981989954220843,0.9878048780487805,6.573170731707317,1.2317073170731707,22
2025-05-18 16:13:34.884870,138,132325.11513,16.22611111111111,1,6,94,1,3.0,-6.599999999999994,5.800000000000011,-23.099999999999994,-10.699999999999989,-1.4000000000000057,11.0,-18.0,-5.599999999999994,0.0,0.0,0.1,1.0,0.1,14,47.9,24.3,49565.81,18391.81,100,19,-12.400000000000006,5.800000000000011,-9.299999999999997,2.700000000000003,7,0.0,0.0,0.0,0.0,5,65,19.6,35.6,56,-10.700000000000003,4.1000000000000085,-9.5,2.9000000000000057,6,0.0,0.0,0.0,0.0,6,99,19.5,34.2,99,-3.5789473684210527,-6,3,0.7071067811865476,0.0,1.0,6.5,1.0,1,9,0.4472135954999579,0.0,1.0,6.2,1.0,0,11,0.408248290463863,0.0,1.0,6.166666666666667,1.0,0,565,0.6324555320336759,0.0,1.0,6.0,1.0,-1,1256,3.66999110194383,2.0981989954220843,0.9878048780487805,6.2926829268292686,1.2317073170731707,23
2025-05-18 16:13:34.892543,138,132325.107457,16.22611111111111,1,6,94,1,5.0,-8.599999999999994,5.800000000000011,-25.099999999999994,-10.699999999999989,-3.4000000000000057,11.0,-20.0,-5.599999999999994,0.0,0.0,0.1,1.0,0.1,14,47.9,24.3,49565.81,18391.81,100,19,-14.400000000000006,5.800000000000011,-11.299999999999997,2.700000000000003,7,0.0,0.0,0.0,0.0,5,65,19.6,35.6,56,-12.700000000000003,4.1000000000000085,-11.5,2.9000000000000057,6,0.0,0.0,0.0,0.0,6,99,19.5,34.2,99,0.5454545454545459,-6,4,0.0,0.0,1.0,6.0,1.0,0,10,0.0,0.0,1.0,6.0,1.0,0,12,0.0,0.0,1.0,6.0,1.0,0,566,0.5674074545793306,0.0,1.0,5.682926829268292,1.0,-2,1257,1.9649710204252657,0.0,1.0,5.37037037037037,1.0,8
2025-05-18 16:14:36.833355,138,132263.166645,16.243333333333336,1,6,94,1,3.0,-6.599999999999994,5.800000000000011,-23.099999999999994,-10.699999999999989,-1.4000000000000057,11.0,-18.0,-5.599999999999994,0.0,0.0,0.1,1.0,0.1,14,47.9,24.3,49565.81,18391.81,100,19,-12.400000000000006,5.800000000000011,-9.299999999999997,2.700000000000003,7,0.0,0.0,0.0,0.0,5,65,19.6,35.6,56,-10.700000000000003,4.1000000000000085,-9.5,2.9000000000000057,6,0.0,0.0,0.0,0.0,6,99,19.5,34.2,99,-3.5934959349593494,-6,3,0.0,0.0,1.0,6.0,1.0,0,9,0.4472135954999579,0.0,1.0,6.2,1.0,0,13,0.37796447300922725,0.0,1.0,6.142857142857143,1.0,0,565,0.6118743693785833,0.0,1.0,6.024390243902439,1.0,-1,1256,2.6503850288144104,2.0981989954220843,0.9878048780487805,6.012195121951219,1.2317073170731707,-2
2025-05-18 16:14:36.834325,138,132263.165675,16.243333333333336,1,6,94,1,5.0,-8.599999999999994,5.800000000000011,-25.099999999999994,-10.699999999999989,-3.4000000000000057,11.0,-20.0,-5.599999999999994,0.0,0.0,0.1,1.0,0.1,14,47.9,24.3,49565.81,18391.81,100,19,-14.400000000000006,5.800000000000011,-11.299999999999997,2.700000000000003,7,0.0,0.0,0.0,0.0,5,65,19.6,35.6,56,-12.700000000000003,4.1000000000000085,-11.5,2.9000000000000057,6,0.0,0.0,0.0,0.0,6,99,19.5,34.2,99,0.558139534883721,-6,4,0.0,0.0,1.0,6.0,1.0,0,10,0.0,0.0,1.0,6.0,1.0,0,14,0.0,0.0,1.0,6.0,1.0,0,566,0.501218028601448,0.0,1.0,5.7317073170731705,1.0,-2,1257,1.7103533675750484,0.0,1.0,5.271604938271605,1.0,8
2025-05-18 16:15:38.657330,138,132201.34267,16.260555555555555,1,6,94,1,3.0,-6.599999999999994,5.800000000000011,-23.099999999999994,-10.699999999999989,-1.4000000000000057,11.0,-18.0,-5.599999999999994,0.0,0.0,0.1,1.0,0.1,14,47.9,24.3,49565.81,18391.81,100,19,-12.400000000000006,5.800000000000011,-9.299999999999997,2.700000000000003,7,0.0,0.0,0.0,0.0,5,65,19.6,35.6,56,-10.700000000000003,4.1000000000000085,-9.5,2.9000000000000057,6,0.0,0.0,0.0,0.0,6,99,19.5,34.2,99,-3.6081632653061226,-6,3,0.0,0.0,1.0,6.0,1.0,0,9,0.44721359549995787,0.0,1.0,6.2,1.0,0,15,0.3535533905932738,0.0,1.0,6.125,1.0,0,565,0.5895430226961863,0.0,1.0,6.048780487804878,1.0,-1,1236,0.6231144396804423,0.0,1.0,5.753086419753086,1.0,0
2025-05-18 16:15:38.699910,138,132201.30009,16.260555555555555,1,6,94,1,5.0,-8.599999999999994,5.800000000000011,-25.099999999999994,-10.699999999999989,-3.4000000000000057,11.0,-20.0,-5.599999999999994,0.0,0.0,0.1,1.0,0.1,14,47.9,24.3,49565.81,18391.81,100,19,-14.400000000000006,5.800000000000011,-11.299999999999997,2.700000000000003,7,0.0,0.0,0.0,0.0,5,65,19.6,35.6,56,-12.700000000000003,4.1000000000000085,-11.5,2.9000000000000057,6,0.0,0.0,0.0,0.0,6,99,19.5,34.2,99,0.5714285714285712,-6,4,0.0,0.0,1.0,6.0,1.0,0,10,0.0,0.0,1.0,6.0,1.0,0,16,0.0,0.0,1.0,6.0,1.0,0,566,0.4190581774617469,0.0,1.0,5.780487804878049,1.0,-1,1237,1.4034789226845388,0.0,1.0,5.172839506172839,1.0,9
2025-05-18 16:16:40.482920,138,132139.51708,16.27777777777778,1,7,93,1,3.0,-6.599999999999994,5.800000000000011,-23.099999999999994,-10.699999999999989,-1.4000000000000057,11.0,-18.0,-5.599999999999994,0.0,0.0,0.1,1.0,0.1,14,47.9,24.3,49565.81,18391.81,100,19,-12.400000000000006,5.800000000000011,-9.299999999999997,2.700000000000003,7,0.0,0.0,0.0,0.0,5,65,19.6,35.6,56,-10.700000000000003,4.1000000000000085,-9.5,2.9000000000000057,6,0.0,0.0,0.0,0.0,6,99,19.5,34.2,99,-4.6229508196721305,-7,3,0.7071067811865476,0.0,1.0,6.5,1.0,-1,9,0.5477225575051661,0.0,1.0,6.4,1.0,0,17,0.4409585518440984,0.0,1.0,6.222222222222222,1.0,-1,565,0.5833042966060034,0.0,1.0,6.097560975609756,1.0,-2,1127,0.6378010061584962,0.0,1.0,5.765432098765432,1.0,-1
2025-05-18 16:16:40.524892,138,132139.475108,16.27777777777778,1,6,94,1,5.0,-8.599999999999994,5.800000000000011,-25.099999999999994,-10.699999999999989,-3.4000000000000057,11.0,-20.0,-5.599999999999994,0.0,0.0,0.1,1.0,0.1,14,47.9,24.3,49565.81,18391.81,100,19,-14.400000000000006,5.800000000000011,-11.299999999999997,2.700000000000003,7,0.0,0.0,0.0,0.0,5,65,19.6,35.6,56,-12.700000000000003,4.1000000000000085,-11.5,2.9000000000000057,6,0.0,0.0,0.0,0.0,6,99,19.5,34.2,99,0.5853658536585362,-6,4,0.0,0.0,1.0,6.0,1.0,0,10,0.0,0.0,1.0,6.0,1.0,0,18,0.0,0.0,1.0,6.0,1.0,0,566,0.4012176588288426,0.0,1.0,5.804878048780488,1.0,-1,1128,0.8710005598784895,0.0,1.0,5.061728395061729,1.0,-1
2025-05-18 16:17:42.146975,138,132077.853025,16.295,1,6,94,1,5.0,-8.599999999999994,5.800000000000011,-25.099999999999994,-10.699999999999989,-3.4000000000000057,11.0,-20.0,-5.599999999999994,0.0,0.0,0.1,1.0,0.1,14,47.9,24.3,49565.81,18391.81,100,19,-14.400000000000006,5.800000000000011,-11.299999999999997,2.700000000000003,7,0.0,0.0,0.0,0.0,5,65,19.6,35.6,56,-12.700000000000003,4.1000000000000085,-11.5,2.9000000000000057,6,0.0,0.0,0.0,0.0,6,99,19.5,34.2,99,0.5999999999999996,-6,3,0.0,0.0,1.0,6.0,1.0,0,9,0.0,0.0,1.0,6.0,1.0,0,19,0.0,0.0,1.0,6.0,1.0,0,565,0.38094875143451007,0.0,1.0,5.829268292682927,1.0,-1,1127,0.8771798244627178,0.0,1.0,5.074074074074074,1.0,-1
2025-05-18 16:17:42.189363,138,132077.810637,16.295,1,7,93,1,3.0,-6.599999999999994,5.800000000000011,-23.099999999999994,-10.699999999999989,-1.4000000000000057,11.0,-18.0,-5.599999999999994,0.0,0.0,0.1,1.0,0.1,14,47.9,24.3,49565.81,18391.81,100,19,-12.400000000000006,5.800000000000011,-9.299999999999997,2.700000000000003,7,0.0,0.0,0.0,0.0,5,65,19.6,35.6,56,-10.700000000000003,4.1000000000000085,-9.5,2.9000000000000057,6,0.0,0.0,0.0,0.0,6,99,19.5,34.2,99,-4.6419753086419755,-7,4,0.0,0.0,1.0,7.0,1.0,0,10,0.5477225575051662,0.0,1.0,6.4,1.0,-1,20,0.48304589153964794,0.0,1.0,6.3,1.0,-1,566,0.5727554281609253,0.0,1.0,6.146341463414634,1.0,-2,1128,0.6519202405202649,0.0,1.0,5.777777777777778,1.0,-1
2025-05-18 16:18:43.906054,138,132016.093946,16.311944444444446,1,7,93,1,3.0,-6.599999999999994,5.800000000000011,-23.099999999999994,-10.699999999999989,-1.4000000000000057,11.0,-18.0,-5.599999999999994,0.0,0.0,0.1,1.0,0.1,14,47.9,24.3,49565.81,18391.81,100,19,-12.400000000000006,5.800000000000011,-9.299999999999997,2.700000000000003,7,0.0,0.0,0.0,0.0,5,65,19.6,35.6,56,-10.700000000000003,4.1000000000000085,-9.5,2.9000000000000057,6,0.0,0.0,0.0,0.0,6,99,19.5,34.2,99,-4.661157024793388,-7,3,0.0,0.0,1.0,7.0,1.0,0,9,0.5477225575051662,0.0,1.0,6.6,1.0,-1,21,0.504524979109513,0.0,1.0,6.363636363636363,1.0,-1,565,0.5576518714718867,0.0,1.0,6.195121951219512,1.0,-2,1129,0.6617933898249658,0.0,1.0,5.7926829268292686,1.0,-1
2025-05-18 16:18:43.946677,138,132016.053323,16.311944444444446,1,6,94,1,5.0,-8.599999999999994,5.800000000000011,-25.099999999999994,-10.699999999999989,-3.4000000000000057,11.0,-20.0,-5.599999999999994,0.0,0.0,0.1,1.0,0.1,14,47.9,24.3,49565.81,18391.81,100,19,-14.400000000000006,5.800000000000011,-11.299999999999997,2.700000000000003,7,0.0,0.0,0.0,0.0,5,65,19.6,35.6,56,-12.700000000000003,4.1000000000000085,-11.5,2.9000000000000057,6,0.0,0.0,0.0,0.0,6,99,19.5,34.2,99,0.615384615384615,-6,4,0.0,0.0,1.0,6.0,1.0,0,10,0.0,0.0,1.0,6.0,1.0,0,22,0.0,0.0,1.0,6.0,1.0,0,566,0.3578390427102734,0.0,1.0,5.853658536585366,1.0,-1,1130,0.8777246047494599,0.0,1.0,5.085365853658536,1.0,-1
2025-05-18 16:19:45.652875,138,131954.347125,16.329166666666666,1,6,94,1,5.0,-8.599999999999994,5.800000000000011,-25.099999999999994,-10.699999999999989,-3.4000000000000057,11.0,-20.0,-5.599999999999994,0.0,0.0,0.1,1.0,0.1,14,47.9,24.3,49565.81,18391.81,100,19,-14.400000000000006,5.800000000000011,-11.299999999999997,2.700000000000003,7,0.0,0.0,0.0,0.0,5,65,19.6,35.6,56,-12.700000000000003,4.1000000000000085,-11.5,2.9000000000000057,6,0.0,0.0,0.0,0.0,6,99,19.5,34.2,99,0.6315789473684212,-6,3,0.0,0.0,1.0,6.0,1.0,0,9,0.0,0.0,1.0,6.0,1.0,0,23,0.0,0.0,1.0,6.0,1.0,0,565,0.33129457822453967,0.0,1.0,5.878048780487805,1.0,-1,1131,0.8781140799175227,0.0,1.0,5.096385542168675,1.0,-1
2025-05-18 16:19:45.695636,138,131954.304364,16.329166666666666,1,7,93,1,3.0,-6.599999999999994,5.800000000000011,-23.099999999999994,-10.699999999999989,-1.4000000000000057,11.0,-18.0,-5.599999999999994,0.0,0.0,0.1,1.0,0.1,14,47.9,24.3,49565.81,18391.81,100,19,-12.400000000000006,5.800000000000011,-9.299999999999997,2.700000000000003,7,0.0,0.0,0.0,0.0,5,65,19.6,35.6,56,-10.700000000000003,4.1000000000000085,-9.5,2.9000000000000057,6,0.0,0.0,0.0,0.0,6,99,19.5,34.2,99,-4.680497925311203,-7,4,0.0,0.0,1.0,7.0,1.0,0,10,0.44721359549995787,0.0,1.0,6.8,1.0,-1,24,0.5149286505444373,0.0,1.0,6.416666666666667,1.0,-1,566,0.5376098866686722,0.0,1.0,6.2439024390243905,1.0,-2,1132,0.6709627470539447,0.0,1.0,5.807228915662651,1.0,-1
2025-05-18 16:20:47.304520,138,131892.69548,16.34638888888889,1,6,94,1,5.0,-8.599999999999994,5.800000000000011,-25.099999999999994,-10.699999999999989,-3.4000000000000057,11.0,-20.0,-5.599999999999994,0.0,0.0,0.1,1.0,0.1,14,47.9,24.3,49565.81,18391.81,100,19,-14.400000000000006,5.800000000000011,-11.299999999999997,2.700000000000003,7,0.0,0.0,0.0,0.0,5,65,19.6,35.6,56,-12.700000000000003,4.1000000000000085,-11.5,2.9000000000000057,6,0.0,0.0,0.0,0.0,6,99,19.5,34.2,99,0.6486486486486482,-6,3,0.0,0.0,1.0,6.0,1.0,0,9,0.0,0.0,1.0,6.0,1.0,0,25,0.0,0.0,1.0,6.0,1.0,0,565,0.30040622902833486,0.0,1.0,5.902439024390244,1.0,-1,1068,0.8783590552549481,0.0,1.0,5.107142857142857,1.0,-1
2025-05-18 16:20:47.346889,138,131892.653111,16.34638888888889,1,7,93,1,3.0,-6.599999999999994,5.800000000000011,-23.099999999999994,-10.699999999999989,-1.4000000000000057,11.0,-18.0,-5.599999999999994,0.0,0.0,0.1,1.0,0.1,14,47.9,24.3,49565.81,18391.81,100,19,-12.400000000000006,5.800000000000011,-9.299999999999997,2.700000000000003,7,0.0,0.0,0.0,0.0,5,65,19.6,35.6,56,-10.700000000000003,4.1000000000000085,-9.5,2.9000000000000057,6,0.0,0.0,0.0,0.0,6,99,19.5,34.2,99,-4.7,-7,4,0.0,0.0,1.0,7.0,1.0,0,10,0.0,0.0,1.0,7.0,1.0,0,26,0.5188745216627708,0.0,1.0,6.461538461538462,1.0,-1,566,0.5120499213467565,0.0,1.0,6.2926829268292686,1.0,-2,1069,0.6794880121767496,0.0,1.0,5.821428571428571,1.0,-1
2025-05-18 16:21:48.866210,138,131831.13379,16.363333333333333,1,7,93,1,3.0,-6.599999999999994,5.800000000000011,-23.099999999999994,-10.699999999999989,-1.4000000000000057,11.0,-18.0,-5.599999999999994,0.0,0.0,0.1,1.0,0.1,14,47.9,24.3,49565.81,18391.81,100,19,-12.400000000000006,5.800000000000011,-9.299999999999997,2.700000000000003,7,0.0,0.0,0.0,0.0,5,65,19.6,35.6,56,-10.700000000000003,4.1000000000000085,-9.5,2.9000000000000057,6,0.0,0.0,0.0,0.0,6,99,19.5,34.2,99,-4.719665271966527,-7,3,0.0,0.0,1.0,7.0,1.0,0,9,0.0,0.0,1.0,7.0,1.0,0,27,0.5188745216627708,0.0,1.0,6.5,1.0,-1,99,0.4800914547021732,0.0,1.0,6.341463414634147,1.0,-1,1070,0.687422009836638,0.0,1.0,5.8352941176470585,1.0,-1
2025-05-18 16:21:48.921827,138,131831.078173,16.363333333333333,1,6,94,1,5.0,-8.599999999999994,5.800000000000011,-25.099999999999994,-10.699999999999989,-3.4000000000000057,11.0,-20.0,-5.599999999999994,0.0,0.0,0.1,1.0,0.1,14,47.9,24.3,49565.81,18391.81,100,19,-14.400000000000006,5.800000000000011,-11.299999999999997,2.700000000000003,7,0.0,0.0,0.0,0.0,5,65,19.6,35.6,56,-12.700000000000003,4.1000000000000085,-11.5,2.9000000000000057,6,0.0,0.0,0.0,0.0,6,99,19.5,34.2,99,0.666666666666667,-6,4,0.0,0.0,1.0,6.0,1.0,0,10,0.0,0.0,1.0,6.0,1.0,0,28,0.0,0.0,1.0,6.0,1.0,0,100,0.26365165488187486,0.0,1.0,5.926829268292683,1.0,-1,1071,0.87846951197716,0.0,1.0,5.117647058823529,1.0,-1
2025-05-18 16:22:50.542437,138,131769.457563,16.380555555555556,1,6,94,1,5.0,-8.599999999999994,5.800000000000011,-25.099999999999994,-10.699999999999989,-3.4000000000000057,11.0,-20.0,-5.599999999999994,0.0,0.0,0.1,1.0,0.1,14,47.9,24.3,49565.81,18391.81,100,19,-14.400000000000006,5.800000000000011,-11.299999999999997,2.700000000000003,7,0.0,0.0,0.0,0.0,5,65,19.6,35.6,56,-12.700000000000003,4.1000000000000085,-11.5,2.9000000000000057,6,0.0,0.0,0.0,0.0,6,99,19.5,34.2,99,0.6857142857142859,-6,3,0.0,0.0,1.0,6.0,1.0,0,9,0.0,0.0,1.0,6.0,1.0,0,29,0.0,0.0,1.0,6.0,1.0,0,99,0.2180847899550909,0.0,1.0,5.951219512195122,1.0,-1,1072,0.8784546809818864,0.0,1.0,5.127906976744186,1.0,-1
2025-05-18 16:22:50.584420,138,131769.41558,16.380555555555556,1,7,93,1,3.0,-6.599999999999994,5.800000000000011,-23.099999999999994,-10.699999999999989,-1.4000000000000057,11.0,-18.0,-5.599999999999994,0.0,0.0,0.1,1.0,0.1,14,47.9,24.3,49565.81,18391.81,100,19,-12.400000000000006,5.800000000000011,-9.299999999999997,2.700000000000003,7,0.0,0.0,0.0,0.0,5,65,19.6,35.6,56,-10.700000000000003,4.1000000000000085,-9.5,2.9000000000000057,6,0.0,0.0,0.0,0.0,6,99,19.5,34.2,99,-4.739495798319328,-7,4,0.0,0.0,1.0,7.0,1.0,0,10,0.0,0.0,1.0,7.0,1.0,0,30,0.5163977794943223,0.0,1.0,6.533333333333333,1.0,-1,100,0.48765241519834646,0.0,1.0,6.365853658536586,1.0,-1,1073,0.6948117283792044,0.0,1.0,5.848837209302325,1.0,-1
2025-05-18 16:23:52.267321,138,131707.732679,16.397777777777776,1,7,93,1,3.0,-6.599999999999994,5.800000000000011,-23.099999999999994,-10.699999999999989,-1.4000000000000057,11.0,-18.0,-5.599999999999994,0.0,0.0,0.1,1.0,0.1,14,47.9,24.3,49565.81,18391.81,100,19,-12.400000000000006,5.800000000000011,-9.299999999999997,2.700000000000003,7,0.0,0.0,0.0,0.0,5,65,19.6,35.6,56,-10.700000000000003,4.1000000000000085,-9.5,2.9000000000000057,6,0.0,0.0,0.0,0.0,6,99,19.5,34.2,99,-4.759493670886076,-7,3,0.0,0.0,1.0,7.0,1.0,0,9,0.0,0.0,1.0,7.0,1.0,0,29,0.5070925528371099,0.0,1.0,6.6,1.0,-1,99,0.49386479832479474,0.0,1.0,6.390243902439025,1.0,-1,1074,0.7016991635442391,0.0,1.0,5.862068965517241,1.0,-1
2025-05-18 16:23:52.310593,138,131707.689407,16.397777777777776,1,6,94,1,5.0,-8.599999999999994,5.800000000000011,-25.099999999999994,-10.699999999999989,-3.4000000000000057,11.0,-20.0,-5.599999999999994,0.0,0.0,0.1,1.0,0.1,14,47.9,24.3,49565.81,18391.81,100,19,-14.400000000000006,5.800000000000011,-11.299999999999997,2.700000000000003,7,0.0,0.0,0.0,0.0,5,65,19.6,35.6,56,-12.700000000000003,4.1000000000000085,-11.5,2.9000000000000057,6,0.0,0.0,0.0,0.0,6,99,19.5,34.2,99,0.7058823529411766,-6,4,0.0,0.0,1.0,6.0,1.0,0,10,0.0,0.0,1.0,6.0,1.0,0,30,0.0,0.0,1.0,6.0,1.0,0,100,0.15617376188860604,0.0,1.0,5.975609756097561,1.0,-1,1075,0.8783231088617363,0.0,1.0,5.137931034482759,1.0,-1
2025-05-18 16:24:53.918779,138,131646.081221,16.41472222222222,1,6,94,1,5.0,-8.599999999999994,5.800000000000011,-25.099999999999994,-10.699999999999989,-3.4000000000000057,11.0,-20.0,-5.599999999999994,0.0,0.0,0.1,1.0,0.1,14,47.9,24.3,49565.81,18391.81,100,19,-14.400000000000006,5.800000000000011,-11.299999999999997,2.700000000000003,7,0.0,0.0,0.0,0.0,5,65,19.6,35.6,56,-12.700000000000003,4.1000000000000085,-11.5,2.9000000000000057,6,0.0,0.0,0.0,0.0,6,99,19.5,34.2,99,0.7272727272727275,-6,3,0.0,0.0,1.0,6.0,1.0,0,9,0.0,0.0,1.0,6.0,1.0,0,29,0.0,0.0,1.0,6.0,1.0,0,99,0.0,0.0,1.0,6.0,1.0,0,1076,0.8780827171162314,0.0,1.0,5.1477272727272725,1.0,-1
2025-05-18 16:24:53.958815,138,131646.041185,16.41472222222222,1,7,93,1,3.0,-6.599999999999994,5.800000000000011,-23.099999999999994,-10.699999999999989,-1.4000000000000057,11.0,-18.0,-5.599999999999994,0.0,0.0,0.1,1.0,0.1,14,47.9,24.3,49565.81,18391.81,100,19,-12.400000000000006,5.800000000000011,-9.299999999999997,2.700000000000003,7,0.0,0.0,0.0,0.0,5,65,19.6,35.6,56,-10.700000000000003,4.1000000000000085,-9.5,2.9000000000000057,6,0.0,0.0,0.0,0.0,6,99,19.5,34.2,99,-4.779661016949152,-7,4,0.0,0.0,1.0,7.0,1.0,0,10,0.0,0.0,1.0,7.0,1.0,0,30,0.4879500364742665,0.0,1.0,6.666666666666667,1.0,-1,100,0.49877899695644573,0.0,1.0,6.414634146341464,1.0,-1,1077,0.7081220103973576,0.0,1.0,5.875,1.0,-1
2025-05-18 16:36:21.867661,138,130958.132339,16.605833333333333,1,7,93,1,3.0,-6.599999999999994,5.800000000000011,-23.099999999999994,-10.699999999999989,-1.4000000000000057,11.0,-18.0,-5.599999999999994,0.0,0.0,0.1,1.0,0.1,14,47.9,24.3,49565.81,18391.81,100,19,-12.400000000000006,5.800000000000011,-9.299999999999997,2.700000000000003,7,0.0,0.0,0.0,0.0,5,65,19.6,35.6,56,-10.700000000000003,4.1000000000000085,-9.5,2.9000000000000057,6,0.0,0.0,0.0,0.0,6,99,19.5,34.2,99,-4.8,-7,1,,,1.0,7.0,1.0,0,1,,,1.0,7.0,1.0,0,9,0.0,0.0,1.0,7.0,1.0,0,59,0.4982728791224398,0.0,1.0,6.6,1.0,-1,727,0.7141142359466123,0.0,1.0,5.887640449438202,1.0,-1
2025-05-18 16:36:22.013602,138,130957.986398,16.60611111111111,1,6,94,1,5.0,-8.599999999999994,5.800000000000011,-25.099999999999994,-10.699999999999989,-3.4000000000000057,11.0,-20.0,-5.599999999999994,0.0,0.0,0.1,1.0,0.1,14,47.9,24.3,49565.81,18391.81,100,19,-14.400000000000006,5.800000000000011,-11.299999999999997,2.700000000000003,7,0.0,0.0,0.0,0.0,5,65,19.6,35.6,56,-12.700000000000003,4.1000000000000085,-11.5,2.9000000000000057,6,0.0,0.0,0.0,0.0,6,99,19.5,34.2,99,0.75,-6,2,,,1.0,6.0,1.0,0,2,,,1.0,6.0,1.0,0,10,0.0,0.0,1.0,6.0,1.0,0,60,0.0,0.0,1.0,6.0,1.0,0,728,0.8777408553742122,0.0,1.0,5.157303370786517,1.0,-1
2025-05-18 16:50:19.367184,138,130120.632816,16.83861111111111,1,7,93,1,3.0,-6.599999999999994,5.800000000000011,-23.099999999999994,-10.699999999999989,-1.4000000000000057,11.0,-18.0,-5.599999999999994,0.0,0.0,0.1,1.0,0.1,14,47.9,24.3,49565.81,18391.81,100,19,-12.400000000000006,5.800000000000011,-9.299999999999997,2.700000000000003,7,0.0,0.0,0.0,0.0,5,65,19.6,35.6,56,-10.700000000000003,4.1000000000000085,-9.5,2.9000000000000057,6,0.0,0.0,0.0,0.0,6,99,19.5,34.2,99,-4.820512820512821,-7,1,,,1.0,7.0,1.0,0,1,,,1.0,7.0,1.0,0,3,0.0,0.0,1.0,7.0,1.0,0,37,0.49559462778335217,0.0,1.0,6.631578947368421,1.0,-1,677,0.7759544207992469,0.0,1.0,5.894736842105263,1.0,-1
2025-05-18 16:50:19.432277,138,130120.567723,16.83861111111111,1,6,94,1,5.0,-8.599999999999994,5.800000000000011,-25.099999999999994,-10.699999999999989,-3.4000000000000057,11.0,-20.0,-5.599999999999994,0.0,0.0,0.1,1.0,0.1,14,47.9,24.3,49565.81,18391.81,100,19,-14.400000000000006,5.800000000000011,-11.299999999999997,2.700000000000003,7,0.0,0.0,0.0,0.0,5,65,19.6,35.6,56,-12.700000000000003,4.1000000000000085,-11.5,2.9000000000000057,6,0.0,0.0,0.0,0.0,6,99,19.5,34.2,99,0.774193548387097,-6,2,,,1.0,6.0,1.0,0,2,,,1.0,6.0,1.0,0,4,0.0,0.0,1.0,6.0,1.0,0,38,0.0,0.0,1.0,6.0,1.0,0,678,0.8254716886556013,0.0,1.0,5.342105263157895,1.0,-2
2025-05-18 16:51:21.291322,138,130058.708678,16.855833333333333,1,7,93,1,3.0,-6.599999999999994,5.800000000000011,-23.099999999999994,-10.699999999999989,-1.4000000000000057,11.0,-18.0,-5.599999999999994,0.0,0.0,0.1,1.0,0.1,14,47.9,24.3,49565.81,18391.81,100,19,-12.400000000000006,5.800000000000011,-9.299999999999997,2.700000000000003,7,0.0,0.0,0.0,0.0,5,65,19.6,35.6,56,-10.700000000000003,4.1000000000000085,-9.5,2.9000000000000057,6,0.0,0.0,0.0,0.0,6,99,19.5,34.2,99,-4.8412017167381975,-7,3,0.0,0.0,1.0,7.0,1.0,0,3,0.0,0.0,1.0,7.0,1.0,0,5,0.0,0.0,1.0,7.0,1.0,0,39,0.4893604849295929,0.0,1.0,6.65,1.0,-1,677,0.7861743925100819,0.0,1.0,5.907894736842105,1.0,-2
2025-05-18 16:51:21.346677,138,130058.653323,16.855833333333333,1,6,94,1,5.0,-8.599999999999994,5.800000000000011,-25.099999999999994,-10.699999999999989,-3.4000000000000057,11.0,-20.0,-5.599999999999994,0.0,0.0,0.1,1.0,0.1,14,47.9,24.3,49565.81,18391.81,100,19,-14.400000000000006,5.800000000000011,-11.299999999999997,2.700000000000003,7,0.0,0.0,0.0,0.0,5,65,19.6,35.6,56,-12.700000000000003,4.1000000000000085,-11.5,2.9000000000000057,6,0.0,0.0,0.0,0.0,6,99,19.5,34.2,99,0.7999999999999998,-6,4,0.0,0.0,1.0,6.0,1.0,0,4,0.0,0.0,1.0,6.0,1.0,0,6,0.0,0.0,1.0,6.0,1.0,0,40,0.0,0.0,1.0,6.0,1.0,0,678,0.8139140865907638,0.0,1.0,5.368421052631579,1.0,-2
2025-05-18 16:52:22.970232,138,129997.029768,16.872777777777777,1,7,93,1,3.0,-6.599999999999994,5.800000000000011,-23.099999999999994,-10.699999999999989,-1.4000000000000057,11.0,-18.0,-5.599999999999994,0.0,0.0,0.1,1.0,0.1,14,47.9,24.3,49565.81,18391.81,100,19,-12.400000000000006,5.800000000000011,-9.299999999999997,2.700000000000003,7,0.0,0.0,0.0,0.0,5,65,19.6,35.6,56,-10.700000000000003,4.1000000000000085,-9.5,2.9000000000000057,6,0.0,0.0,0.0,0.0,6,99,19.5,34.2,99,-4.862068965517242,-7,3,0.0,0.0,1.0,7.0,1.0,0,5,0.0,0.0,1.0,7.0,1.0,0,5,0.0,0.0,1.0,7.0,1.0,0,41,0.48304589153964794,0.0,1.0,6.666666666666667,1.0,-1,677,0.7888477050447609,0.0,1.0,5.934210526315789,1.0,-2
2025-05-18 16:52:23.013438,138,129996.986562,16.873055555555556,1,6,94,1,5.0,-8.599999999999994,5.800000000000011,-25.099999999999994,-10.699999999999989,-3.4000000000000057,11.0,-20.0,-5.599999999999994,0.0,0.0,0.1,1.0,0.1,14,47.9,24.3,49565.81,18391.81,100,19,-14.400000000000006,5.800000000000011,-11.299999999999997,2.700000000000003,7,0.0,0.0,0.0,0.0,5,65,19.6,35.6,56,-12.700000000000003,4.1000000000000085,-11.5,2.9000000000000057,6,0.0,0.0,0.0,0.0,6,99,19.5,34.2,99,0.8275862068965516,-6,4,0.0,0.0,1.0,6.0,1.0,0,6,0.0,0.0,1.0,6.0,1.0,0,6,0.0,0.0,1.0,6.0,1.0,0,42,0.0,0.0,1.0,6.0,1.0,0,678,0.8013147091860316,0.0,1.0,5.394736842105263,1.0,-2
2025-05-18 16:53:24.916489,138,129935.083511,16.89,1,7,93,1,3.0,-6.599999999999994,5.800000000000011,-23.099999999999994,-10.699999999999989,-1.4000000000000057,11.0,-18.0,-5.599999999999994,0.0,0.0,0.1,1.0,0.1,14,47.9,24.3,49565.81,18391.81,100,19,-12.400000000000006,5.800000000000011,-9.299999999999997,2.700000000000003,7,0.0,0.0,0.0,0.0,5,65,19.6,35.6,56,-10.700000000000003,4.1000000000000085,-9.5,2.9000000000000057,6,0.0,0.0,0.0,0.0,6,99,19.5,34.2,99,-4.883116883116883,-7,3,0.0,0.0,1.0,7.0,1.0,0,7,0.0,0.0,1.0,7.0,1.0,0,7,0.0,0.0,1.0,7.0,1.0,0,43,0.4767312946227962,0.0,1.0,6.681818181818182,1.0,-1,677,0.7906248916510571,0.0,1.0,5.9605263157894735,1.0,-2
2025-05-18 16:53:24.957973,138,129935.042027,16.89,1,6,94,1,5.0,-8.599999999999994,5.800000000000011,-25.099999999999994,-10.699999999999989,-3.4000000000000057,11.0,-20.0,-5.599999999999994,0.0,0.0,0.1,1.0,0.1,14,47.9,24.3,49565.81,18391.81,100,19,-14.400000000000006,5.800000000000011,-11.299999999999997,2.700000000000003,7,0.0,0.0,0.0,0.0,5,65,19.6,35.6,56,-12.700000000000003,4.1000000000000085,-11.5,2.9000000000000057,6,0.0,0.0,0.0,0.0,6,99,19.5,34.2,99,0.8571428571428568,-6,4,0.0,0.0,1.0,6.0,1.0,0,8,0.0,0.0,1.0,6.0,1.0,0,8,0.0,0.0,1.0,6.0,1.0,0,44,0.0,0.0,1.0,6.0,1.0,0,678,0.7876235631270706,0.0,1.0,5.421052631578948,1.0,-2
2025-05-18 16:54:26.522381,138,129873.477619,16.90722222222222,1,7,93,1,3.0,-6.599999999999994,5.800000000000011,-23.099999999999994,-10.699999999999989,-1.4000000000000057,11.0,-18.0,-5.599999999999994,0.0,0.0,0.1,1.0,0.1,14,47.9,24.3,49565.81,18391.81,100,19,-12.400000000000006,5.800000000000011,-9.299999999999997,2.700000000000003,7,0.0,0.0,0.0,0.0,5,65,19.6,35.6,56,-10.700000000000003,4.1000000000000085,-9.5,2.9000000000000057,6,0.0,0.0,0.0,0.0,6,99,19.5,34.2,99,-4.904347826086957,-7,3,0.0,0.0,1.0,7.0,1.0,0,9,0.0,0.0,1.0,7.0,1.0,0,9,0.0,0.0,1.0,7.0,1.0,0,45,0.4704719688969646,0.0,1.0,6.695652173913044,1.0,-1,635,0.7915119885827223,0.0,1.0,5.9868421052631575,1.0,-2
2025-05-18 16:54:26.563272,138,129873.436728,16.90722222222222,1,6,94,1,5.0,-8.599999999999994,5.800000000000011,-25.099999999999994,-10.699999999999989,-3.4000000000000057,11.0,-20.0,-5.599999999999994,0.0,0.0,0.1,1.0,0.1,14,47.9,24.3,49565.81,18391.81,100,19,-14.400000000000006,5.800000000000011,-11.299999999999997,2.700000000000003,7,0.0,0.0,0.0,0.0,5,65,19.6,35.6,56,-12.700000000000003,4.1000000000000085,-11.5,2.9000000000000057,6,0.0,0.0,0.0,0.0,6,99,19.5,34.2,99,0.8888888888888893,-6,4,0.0,0.0,1.0,6.0,1.0,0,10,0.0,0.0,1.0,6.0,1.0,0,10,0.0,0.0,1.0,6.0,1.0,0,46,0.0,0.0,1.0,6.0,1.0,0,636,0.7727826230293614,0.0,1.0,5.447368421052632,1.0,-2
2025-05-18 16:55:28.319317,138,129811.680683,16.924444444444447,1,6,94,1,5.0,-8.599999999999994,5.800000000000011,-25.099999999999994,-10.699999999999989,-3.4000000000000057,11.0,-20.0,-5.599999999999994,0.0,0.0,0.1,1.0,0.1,14,47.9,24.3,49565.81,18391.81,100,19,-14.400000000000006,5.800000000000011,-11.299999999999997,2.700000000000003,7,0.0,0.0,0.0,0.0,5,65,19.6,35.6,56,-12.700000000000003,4.1000000000000085,-11.5,2.9000000000000057,6,0.0,0.0,0.0,0.0,6,99,19.5,34.2,99,0.9230769230769234,-6,3,0.0,0.0,1.0,6.0,1.0,0,9,0.0,0.0,1.0,6.0,1.0,0,11,0.0,0.0,1.0,6.0,1.0,0,47,0.0,0.0,1.0,6.0,1.0,0,635,0.7567242423415339,0.0,1.0,5.473684210526316,1.0,-2
2025-05-18 16:55:28.377753,138,129811.622247,16.924444444444447,1,7,93,1,3.0,-6.599999999999994,5.800000000000011,-23.099999999999994,-10.699999999999989,-1.4000000000000057,11.0,-18.0,-5.599999999999994,0.0,0.0,0.1,1.0,0.1,14,47.9,24.3,49565.81,18391.81,100,19,-12.400000000000006,5.800000000000011,-9.299999999999997,2.700000000000003,7,0.0,0.0,0.0,0.0,5,65,19.6,35.6,56,-10.700000000000003,4.1000000000000085,-9.5,2.9000000000000057,6,0.0,0.0,0.0,0.0,6,99,19.5,34.2,99,-4.925764192139738,-7,4,0.0,0.0,1.0,7.0,1.0,0,10,0.0,0.0,1.0,7.0,1.0,0,12,0.0,0.0,1.0,7.0,1.0,0,48,0.4643056214875365,0.0,1.0,6.708333333333333,1.0,-1,636,0.7915119885827222,0.0,1.0,6.0131578947368425,1.0,-2
2025-05-18 16:56:30.010795,138,129749.989205,16.941666666666666,1,7,93,1,3.0,-6.599999999999994,5.800000000000011,-23.099999999999994,-10.699999999999989,-1.4000000000000057,11.0,-18.0,-5.599999999999994,0.0,0.0,0.1,1.0,0.1,14,47.9,24.3,49565.81,18391.81,100,19,-12.400000000000006,5.800000000000011,-9.299999999999997,2.700000000000003,7,0.0,0.0,0.0,0.0,5,65,19.6,35.6,56,-10.700000000000003,4.1000000000000085,-9.5,2.9000000000000057,6,0.0,0.0,0.0,0.0,6,99,19.5,34.2,99,-4.947368421052632,-7,3,0.0,0.0,1.0,7.0,1.0,0,9,0.0,0.0,1.0,7.0,1.0,0,13,0.0,0.0,1.0,7.0,1.0,0,49,0.458257569495584,0.0,1.0,6.72,1.0,-1,635,0.790624891651057,0.0,1.0,6.0394736842105265,1.0,-2
2025-05-18 16:56:30.054090,138,129749.94591,16.941666666666666,1,6,94,1,5.0,-8.599999999999994,5.800000000000011,-25.099999999999994,-10.699999999999989,-3.4000000000000057,11.0,-20.0,-5.599999999999994,0.0,0.0,0.1,1.0,0.1,14,47.9,24.3,49565.81,18391.81,100,19,-14.400000000000006,5.800000000000011,-11.299999999999997,2.700000000000003,7,0.0,0.0,0.0,0.0,5,65,19.6,35.6,56,-12.700000000000003,4.1000000000000085,-11.5,2.9000000000000057,6,0.0,0.0,0.0,0.0,6,99,19.5,34.2,99,0.96,-6,4,0.0,0.0,1.0,6.0,1.0,0,10,0.0,0.0,1.0,6.0,1.0,0,14,0.0,0.0,1.0,6.0,1.0,0,50,0.0,0.0,1.0,6.0,1.0,0,636,0.7393691004272944,0.0,1.0,5.5,1.0,-1
2025-05-18 16:57:31.582071,138,129688.417929,16.95861111111111,1,7,93,1,3.0,-6.599999999999994,5.800000000000011,-23.099999999999994,-10.699999999999989,-1.4000000000000057,11.0,-18.0,-5.599999999999994,0.0,0.0,0.1,1.0,0.1,14,47.9,24.3,49565.81,18391.81,100,19,-12.400000000000006,5.800000000000011,-9.299999999999997,2.700000000000003,7,0.0,0.0,0.0,0.0,5,65,19.6,35.6,56,-10.700000000000003,4.1000000000000085,-9.5,2.9000000000000057,6,0.0,0.0,0.0,0.0,6,99,19.5,34.2,99,-4.969162995594713,-7,3,0.0,0.0,1.0,7.0,1.0,0,9,0.0,0.0,1.0,7.0,1.0,0,15,0.0,0.0,1.0,7.0,1.0,0,51,0.4523443208612048,0.0,1.0,6.730769230769231,1.0,-1,635,0.7888477050447609,0.0,1.0,6.065789473684211,1.0,-1
2025-05-18 16:57:31.642508,138,129688.357492,16.95861111111111,1,6,94,1,5.0,-8.599999999999994,5.800000000000011,-25.099999999999994,-10.699999999999989,-3.4000000000000057,11.0,-20.0,-5.599999999999994,0.0,0.0,0.1,1.0,0.1,14,47.9,24.3,49565.81,18391.81,100,19,-14.400000000000006,5.800000000000011,-11.299999999999997,2.700000000000003,7,0.0,0.0,0.0,0.0,5,65,19.6,35.6,56,-12.700000000000003,4.1000000000000085,-11.5,2.9000000000000057,6,0.0,0.0,0.0,0.0,6,99,19.5,34.2,99,1.0,-6,4,0.0,0.0,1.0,6.0,1.0,0,10,0.0,0.0,1.0,6.0,1.0,0,16,0.0,0.0,1.0,6.0,1.0,0,52,0.0,0.0,1.0,6.0,1.0,0,636,0.73925045016569,0.0,1.0,5.5131578947368425,1.0,-1
2025-05-18 16:58:33.151936,138,129626.848064,16.97583333333333,1,7,93,1,3.0,-6.599999999999994,5.800000000000011,-23.099999999999994,-10.699999999999989,-1.4000000000000057,11.0,-18.0,-5.599999999999994,0.0,0.0,0.1,1.0,0.1,14,47.9,24.3,49565.81,18391.81,100,19,-12.400000000000006,5.800000000000011,-9.299999999999997,2.700000000000003,7,0.0,0.0,0.0,0.0,5,65,19.6,35.6,56,-10.700000000000003,4.1000000000000085,-9.5,2.9000000000000057,6,0.0,0.0,0.0,0.0,6,99,19.5,34.2,99,-4.991150442477876,-7,3,0.0,0.0,1.0,7.0,1.0,0,9,0.0,0.0,1.0,7.0,1.0,0,17,0.0,0.0,1.0,7.0,1.0,0,53,0.44657608470472243,0.0,1.0,6.7407407407407405,1.0,-1,635,0.7960428446549318,0.0,1.0,6.078947368421052,1.0,-2
2025-05-18 16:58:33.194808,138,129626.805192,16.97583333333333,1,8,92,1,5.0,-8.599999999999994,5.800000000000011,-25.099999999999994,-10.699999999999989,-3.4000000000000057,11.0,-20.0,-5.599999999999994,0.0,0.0,0.1,1.0,0.1,14,47.9,24.3,49565.81,18391.81,100,19,-14.400000000000006,5.800000000000011,-11.299999999999997,2.700000000000003,7,0.0,0.0,0.0,0.0,5,65,19.6,35.6,56,-12.700000000000003,4.1000000000000085,-11.5,2.9000000000000057,6,0.0,0.0,0.0,0.0,6,99,19.5,34.2,99,-0.9565217391304346,-8,4,1.4142135623730951,0.0,1.0,7.0,1.0,-2,10,0.8944271909999159,0.0,1.0,6.4,1.0,-2,18,0.6666666666666667,0.0,1.0,6.222222222222222,1.0,-2,54,0.3849001794597505,0.0,1.0,6.074074074074074,1.0,-2,636,0.7898478645427909,0.0,1.0,5.552631578947368,1.0,-3
2025-05-18 16:59:34.959101,138,129565.040899,16.99277777777778,1,7,93,1,5.0,-8.599999999999994,5.800000000000011,-25.099999999999994,-10.699999999999989,-3.4000000000000057,11.0,-20.0,-5.599999999999994,0.0,0.0,0.1,1.0,0.1,14,47.9,24.3,49565.81,18391.81,100,19,-14.400000000000006,5.800000000000011,-11.299999999999997,2.700000000000003,7,0.0,0.0,0.0,0.0,5,65,19.6,35.6,56,-12.700000000000003,4.1000000000000085,-11.5,2.9000000000000057,6,0.0,0.0,0.0,0.0,6,99,19.5,34.2,99,0.0,-7,3,0.7071067811865476,0.0,1.0,7.5,1.0,1,9,0.8944271909999159,0.0,1.0,6.6,1.0,-1,19,0.674948557710553,0.0,1.0,6.3,1.0,-1,55,0.4162696521251859,0.0,1.0,6.107142857142857,1.0,-1,635,0.804374007449053,0.0,1.0,5.578947368421052,1.0,-2
2025-05-18 16:59:35.001275,138,129564.998725,16.993055555555557,1,7,93,1,3.0,-6.599999999999994,5.800000000000011,-23.099999999999994,-10.699999999999989,-1.4000000000000057,11.0,-18.0,-5.599999999999994,0.0,0.0,0.1,1.0,0.1,14,47.9,24.3,49565.81,18391.81,100,19,-12.400000000000006,5.800000000000011,-9.299999999999997,2.700000000000003,7,0.0,0.0,0.0,0.0,5,65,19.6,35.6,56,-10.700000000000003,4.1000000000000085,-9.5,2.9000000000000057,6,0.0,0.0,0.0,0.0,6,99,19.5,34.2,99,-5.013333333333334,-7,4,0.0,0.0,1.0,7.0,1.0,0,10,0.0,0.0,1.0,7.0,1.0,0,20,0.0,0.0,1.0,7.0,1.0,0,56,0.44095855184409843,0.0,1.0,6.75,1.0,-1,636,0.7929514044533632,0.0,1.0,6.105263157894737,1.0,-2
2025-05-18 17:00:36.736567,138,129503.263433,17.01,1,7,93,1,3.0,-6.599999999999994,4.1000000000000085,-23.099999999999994,-12.399999999999991,-1.4000000000000057,9.299999999999997,-18.0,-7.299999999999997,0.0,0.0,0.1,1.0,0.1,14,47.9,24.3,49565.81,18391.81,100,19,-10.700000000000003,4.1000000000000085,-9.5,2.9000000000000057,6,0.0,0.0,0.0,0.0,6,99,19.5,34.2,99,-13.700000000000003,7.1000000000000085,-12.900000000000006,6.300000000000011,4,0.0,0.0,0.0,0.0,59,59,21.8,34.9,32,-5.035714285714286,-7,3,0.0,0.0,1.0,7.0,1.0,0,9,0.0,0.0,1.0,7.0,1.0,0,21,0.0,0.0,1.0,7.0,1.0,0,57,0.43549417035569266,0.0,1.0,6.758620689655173,1.0,-1,635,0.7889588964901006,0.0,1.0,6.131578947368421,1.0,-2
2025-05-18 17:00:36.778183,138,129503.221817,17.01,1,7,93,1,5.0,-8.599999999999994,4.1000000000000085,-25.099999999999994,-12.399999999999991,-3.4000000000000057,9.299999999999997,-20.0,-7.299999999999997,0.0,0.0,0.1,1.0,0.1,14,47.9,24.3,49565.81,18391.81,100,19,-12.700000000000003,4.1000000000000085,-11.5,2.9000000000000057,6,0.0,0.0,0.0,0.0,6,99,19.5,34.2,99,-15.700000000000003,7.1000000000000085,-14.900000000000006,6.300000000000011,4,0.0,0.0,0.0,0.0,59,59,21.8,34.9,32,0.0,-7,4,0.0,0.0,1.0,7.0,1.0,0,10,0.8366600265340756,0.0,1.0,6.8,1.0,-1,22,0.674199862463242,0.0,1.0,6.363636363636363,1.0,-1,58,0.4411136823860458,0.0,1.0,6.137931034482759,1.0,-1,636,0.8177847698658622,0.0,1.0,5.605263157894737,1.0,-2
2025-05-18 17:01:38.261824,138,129441.738176,17.02722222222222,1,7,93,1,3.0,-6.599999999999994,4.1000000000000085,-23.099999999999994,-12.399999999999991,-1.4000000000000057,9.299999999999997,-18.0,-7.299999999999997,0.0,0.0,0.1,1.0,0.1,14,47.9,24.3,49565.81,18391.81,100,19,-10.700000000000003,4.1000000000000085,-9.5,2.9000000000000057,6,0.0,0.0,0.0,0.0,6,99,19.5,34.2,99,-13.700000000000003,7.1000000000000085,-12.900000000000006,6.300000000000011,4,0.0,0.0,0.0,0.0,59,59,21.8,34.9,32,-5.058295964125561,-7,3,0.0,0.0,1.0,7.0,1.0,0,9,0.0,0.0,1.0,7.0,1.0,0,23,0.0,0.0,1.0,7.0,1.0,0,59,0.43018306715207627,0.0,1.0,6.766666666666667,1.0,-1,635,0.7840515557699399,0.0,1.0,6.157894736842105,1.0,-1
2025-05-18 17:01:38.302715,138,129441.697285,17.02722222222222,1,7,93,1,5.0,-8.599999999999994,4.1000000000000085,-25.099999999999994,-12.399999999999991,-3.4000000000000057,9.299999999999997,-20.0,-7.299999999999997,0.0,0.0,0.1,1.0,0.1,14,47.9,24.3,49565.81,18391.81,100,19,-12.700000000000003,4.1000000000000085,-11.5,2.9000000000000057,6,0.0,0.0,0.0,0.0,6,99,19.5,34.2,99,-15.700000000000003,7.1000000000000085,-14.900000000000006,6.300000000000011,4,0.0,0.0,0.0,0.0,59,59,21.8,34.9,32,0.0,-7,4,0.0,0.0,1.0,7.0,1.0,0,10,0.7071067811865476,0.0,1.0,7.0,1.0,-1,24,0.6685579234215215,0.0,1.0,6.416666666666667,1.0,-1,60,0.461133037377414,0.0,1.0,6.166666666666667,1.0,-1,636,0.830134210244069,0.0,1.0,5.631578947368421,1.0,-2
2025-05-18 17:02:39.945979,138,129380.054021,17.04416666666667,1,7,93,1,3.0,-6.599999999999994,4.1000000000000085,-23.099999999999994,-12.399999999999991,-1.4000000000000057,9.299999999999997,-18.0,-7.299999999999997,0.0,0.0,0.1,1.0,0.1,14,47.9,24.3,49565.81,18391.81,100,19,-10.700000000000003,4.1000000000000085,-9.5,2.9000000000000057,6,0.0,0.0,0.0,0.0,6,99,19.5,34.2,99,-13.700000000000003,7.1000000000000085,-12.900000000000006,6.300000000000011,4,0.0,0.0,0.0,0.0,59,59,21.8,34.9,32,-5.081081081081081,-7,3,0.0,0.0,1.0,7.0,1.0,0,9,0.0,0.0,1.0,7.0,1.0,0,25,0.0,0.0,1.0,7.0,1.0,0,61,0.42502371850324144,0.0,1.0,6.774193548387097,1.0,-1,635,0.7897367982602279,0.0,1.0,6.171052631578948,1.0,-2
2025-05-18 17:02:39.985586,138,129380.014414,17.04416666666667,1,7,93,1,5.0,-8.599999999999994,4.1000000000000085,-25.099999999999994,-12.399999999999991,-3.4000000000000057,9.299999999999997,-20.0,-7.299999999999997,0.0,0.0,0.1,1.0,0.1,14,47.9,24.3,49565.81,18391.81,100,19,-12.700000000000003,4.1000000000000085,-11.5,2.9000000000000057,6,0.0,0.0,0.0,0.0,6,99,19.5,34.2,99,-15.700000000000003,7.1000000000000085,-14.900000000000006,6.300000000000011,4,0.0,0.0,0.0,0.0,59,59,21.8,34.9,32,0.0,-7,4,0.0,0.0,1.0,7.0,1.0,0,10,0.44721359549995787,0.0,1.0,7.2,1.0,1,26,0.6602252917735247,0.0,1.0,6.461538461538462,1.0,-1,62,0.4774484152736418,0.0,1.0,6.193548387096774,1.0,-1,636,0.8414690579210841,0.0,1.0,5.657894736842105,1.0,-2
2025-05-18 17:03:41.565291,138,129318.434709,17.06138888888889,1,7,93,1,3.0,-6.599999999999994,4.1000000000000085,-23.099999999999994,-12.399999999999991,-1.4000000000000057,9.299999999999997,-18.0,-7.299999999999997,0.0,0.0,0.1,1.0,0.1,14,47.9,24.3,49565.81,18391.81,100,19,-10.700000000000003,4.1000000000000085,-9.5,2.9000000000000057,6,0.0,0.0,0.0,0.0,6,99,19.5,34.2,99,-13.700000000000003,7.1000000000000085,-12.900000000000006,6.300000000000011,4,0.0,0.0,0.0,0.0,59,59,21.8,34.9,32,-5.104072398190045,-7,3,0.0,0.0,1.0,7.0,1.0,0,9,0.0,0.0,1.0,7.0,1.0,0,27,0.0,0.0,1.0,7.0,1.0,0,63,0.42001344064515445,0.0,1.0,6.78125,1.0,-1,635,0.7834919585565681,0.0,1.0,6.197368421052632,1.0,-2
2025-05-18 17:03:41.607603,138,129318.392397,17.06138888888889,1,7,93,1,5.0,-8.599999999999994,4.1000000000000085,-25.099999999999994,-12.399999999999991,-3.4000000000000057,9.299999999999997,-20.0,-7.299999999999997,0.0,0.0,0.1,1.0,0.1,14,47.9,24.3,49565.81,18391.81,100,19,-12.700000000000003,4.1000000000000085,-11.5,2.9000000000000057,6,0.0,0.0,0.0,0.0,6,99,19.5,34.2,99,-15.700000000000003,7.1000000000000085,-14.900000000000006,6.300000000000011,4,0.0,0.0,0.0,0.0,59,59,21.8,34.9,32,0.0,-7,4,0.0,0.0,1.0,7.0,1.0,0,10,0.0,0.0,1.0,7.0,1.0,0,28,0.6504436355879909,0.0,1.0,6.5,1.0,-1,64,0.4908435793150795,0.0,1.0,6.21875,1.0,-1,636,0.8518298158010901,0.0,1.0,5.684210526315789,1.0,-3
2025-05-18 17:04:43.201740,138,129256.79826,17.078611111111112,1,7,93,1,3.0,-6.599999999999994,4.1000000000000085,-23.099999999999994,-12.399999999999991,-1.4000000000000057,9.299999999999997,-18.0,-7.299999999999997,0.0,0.0,0.1,1.0,0.1,14,47.9,24.3,49565.81,18391.81,100,19,-10.700000000000003,4.1000000000000085,-9.5,2.9000000000000057,6,0.0,0.0,0.0,0.0,6,99,19.5,34.2,99,-13.700000000000003,7.1000000000000085,-12.900000000000006,6.300000000000011,4,0.0,0.0,0.0,0.0,59,59,21.8,34.9,32,-5.127272727272727,-7,3,0.0,0.0,1.0,7.0,1.0,0,9,0.0,0.0,1.0,7.0,1.0,0,29,0.0,0.0,1.0,7.0,1.0,0,65,0.41514875026728054,0.0,1.0,6.787878787878788,1.0,-1,635,0.7762934876368398,0.0,1.0,6.223684210526316,1.0,-2
2025-05-18 17:04:43.242859,138,129256.757141,17.078611111111112,1,7,93,1,5.0,-8.599999999999994,4.1000000000000085,-25.099999999999994,-12.399999999999991,-3.4000000000000057,9.299999999999997,-20.0,-7.299999999999997,0.0,0.0,0.1,1.0,0.1,14,47.9,24.3,49565.81,18391.81,100,19,-12.700000000000003,4.1000000000000085,-11.5,2.9000000000000057,6,0.0,0.0,0.0,0.0,6,99,19.5,34.2,99,-15.700000000000003,7.1000000000000085,-14.900000000000006,6.300000000000011,4,0.0,0.0,0.0,0.0,59,59,21.8,34.9,32,0.0,-7,4,0.0,0.0,1.0,7.0,1.0,0,10,0.0,0.0,1.0,7.0,1.0,0,30,0.6399404734221844,0.0,1.0,6.533333333333333,1.0,-1,66,0.5018903659106632,0.0,1.0,6.242424242424242,1.0,-1,636,0.8421984597552024,0.0,1.0,5.723684210526316,1.0,-3
2025-05-18 17:05:44.848075,138,129195.151925,17.095555555555553,1,7,93,1,5.0,-8.599999999999994,4.1000000000000085,-25.099999999999994,-12.399999999999991,-3.4000000000000057,9.299999999999997,-20.0,-7.299999999999997,0.0,0.0,0.1,1.0,0.1,14,47.9,24.3,49565.81,18391.81,100,19,-12.700000000000003,4.1000000000000085,-11.5,2.9000000000000057,6,0.0,0.0,0.0,0.0,6,99,19.5,34.2,99,-15.700000000000003,7.1000000000000085,-14.900000000000006,6.300000000000011,4,0.0,0.0,0.0,0.0,59,59,21.8,34.9,32,0.0,-7,3,0.0,0.0,1.0,7.0,1.0,0,9,0.0,0.0,1.0,7.0,1.0,0,29,0.6324555320336759,0.0,1.0,6.6,1.0,-1,67,0.511019392943506,0.0,1.0,6.264705882352941,1.0,-1,635,0.8305567779529034,0.0,1.0,5.7631578947368425,1.0,-3
2025-05-18 17:05:44.896027,138,129195.103973,17.095555555555553,1,7,93,1,3.0,-6.599999999999994,4.1000000000000085,-23.099999999999994,-12.399999999999991,-1.4000000000000057,9.299999999999997,-18.0,-7.299999999999997,0.0,0.0,0.1,1.0,0.1,14,47.9,24.3,49565.81,18391.81,100,19,-10.700000000000003,4.1000000000000085,-9.5,2.9000000000000057,6,0.0,0.0,0.0,0.0,6,99,19.5,34.2,99,-13.700000000000003,7.1000000000000085,-12.900000000000006,6.300000000000011,4,0.0,0.0,0.0,0.0,59,59,21.8,34.9,32,-5.1506849315068495,-7,4,0.0,0.0,1.0,7.0,1.0,0,10,0.0,0.0,1.0,7.0,1.0,0,30,0.0,0.0,1.0,7.0,1.0,0,68,0.41042563012190475,0.0,1.0,6.794117647058823,1.0,-1,636,0.7681145747868608,0.0,1.0,6.25,1.0,-2
2025-05-18 17:06:46.436732,138,129133.563268,17.11277777777778,1,7,93,1,3.0,-6.599999999999994,4.1000000000000085,-23.099999999999994,-12.399999999999991,-1.4000000000000057,9.299999999999997,-18.0,-7.299999999999997,0.0,0.0,0.1,1.0,0.1,14,47.9,24.3,49565.81,18391.81,100,19,-10.700000000000003,4.1000000000000085,-9.5,2.9000000000000057,6,0.0,0.0,0.0,0.0,6,99,19.5,34.2,99,-13.700000000000003,7.1000000000000085,-12.900000000000006,6.300000000000011,4,0.0,0.0,0.0,0.0,59,59,21.8,34.9,32,-5.174311926605505,-7,3,0.0,0.0,1.0,7.0,1.0,0,9,0.0,0.0,1.0,7.0,1.0,0,29,0.0,0.0,1.0,7.0,1.0,0,69,0.40583972495671383,0.0,1.0,6.8,1.0,-1,635,0.7589235220235973,0.0,1.0,6.276315789473684,1.0,-2
2025-05-18 17:06:46.497753,138,129133.502247,17.11277777777778,1,7,93,1,5.0,-8.599999999999994,4.1000000000000085,-25.099999999999994,-12.399999999999991,-3.4000000000000057,9.299999999999997,-20.0,-7.299999999999997,0.0,0.0,0.1,1.0,0.1,14,47.9,24.3,49565.81,18391.81,100,19,-12.700000000000003,4.1000000000000085,-11.5,2.9000000000000057,6,0.0,0.0,0.0,0.0,6,99,19.5,34.2,99,-15.700000000000003,7.1000000000000085,-14.900000000000006,6.300000000000011,4,0.0,0.0,0.0,0.0,59,59,21.8,34.9,32,0.0,-7,4,0.0,0.0,1.0,7.0,1.0,0,10,0.0,0.0,1.0,7.0,1.0,0,30,0.6172133998483675,0.0,1.0,6.666666666666667,1.0,-1,70,0.5185629788417315,0.0,1.0,6.285714285714286,1.0,-1,636,0.8168188186226736,0.0,1.0,5.802631578947368,1.0,-3
2025-05-18 17:07:48.084026,138,129071.915974,17.13,1,7,93,1,5.0,-8.599999999999994,4.1000000000000085,-25.099999999999994,-12.399999999999991,-3.4000000000000057,9.299999999999997,-20.0,-7.299999999999997,0.0,0.0,0.1,1.0,0.1,14,47.9,24.3,49565.81,18391.81,100,19,-12.700000000000003,4.1000000000000085,-11.5,2.9000000000000057,6,0.0,0.0,0.0,0.0,6,99,19.5,34.2,99,-15.700000000000003,7.1000000000000085,-14.900000000000006,6.300000000000011,4,0.0,0.0,0.0,0.0,59,59,21.8,34.9,32,0.0,-7,3,0.0,0.0,1.0,7.0,1.0,0,9,0.0,0.0,1.0,7.0,1.0,0,29,0.5936168397046635,0.0,1.0,6.733333333333333,1.0,-1,71,0.5247826458609558,0.0,1.0,6.305555555555555,1.0,-1,635,0.8008767125918507,0.0,1.0,5.842105263157895,1.0,-3
2025-05-18 17:07:48.124911,138,129071.875089,17.13,1,7,93,1,3.0,-6.599999999999994,4.1000000000000085,-23.099999999999994,-12.399999999999991,-1.4000000000000057,9.299999999999997,-18.0,-7.299999999999997,0.0,0.0,0.1,1.0,0.1,14,47.9,24.3,49565.81,18391.81,100,19,-10.700000000000003,4.1000000000000085,-9.5,2.9000000000000057,6,0.0,0.0,0.0,0.0,6,99,19.5,34.2,99,-13.700000000000003,7.1000000000000085,-12.900000000000006,6.300000000000011,4,0.0,0.0,0.0,0.0,59,59,21.8,34.9,32,-5.1981566820276495,-7,4,0.0,0.0,1.0,7.0,1.0,0,10,0.0,0.0,1.0,7.0,1.0,0,30,0.0,0.0,1.0,7.0,1.0,0,72,0.4013864859597432,0.0,1.0,6.805555555555555,1.0,-1,636,0.748683054295657,0.0,1.0,6.302631578947368,1.0,-2
2025-05-18 17:08:49.709631,138,129010.290369,17.146944444444443,1,7,93,1,3.0,-6.599999999999994,4.1000000000000085,-23.099999999999994,-12.399999999999991,-1.4000000000000057,9.299999999999997,-18.0,-7.299999999999997,0.0,0.0,0.1,1.0,0.1,14,47.9,24.3,49565.81,18391.81,100,19,-10.700000000000003,4.1000000000000085,-9.5,2.9000000000000057,6,0.0,0.0,0.0,0.0,6,99,19.5,34.2,99,-13.700000000000003,7.1000000000000085,-12.900000000000006,6.300000000000011,4,0.0,0.0,0.0,0.0,59,59,21.8,34.9,32,-5.222222222222222,-7,3,0.0,0.0,1.0,7.0,1.0,0,9,0.0,0.0,1.0,7.0,1.0,0,29,0.0,0.0,1.0,7.0,1.0,0,71,0.3779644730092272,0.0,1.0,6.833333333333333,1.0,-1,635,0.737349449397174,0.0,1.0,6.328947368421052,1.0,-2
2025-05-18 17:08:49.751408,138,129010.248592,17.146944444444443,1,7,93,1,5.0,-8.599999999999994,4.1000000000000085,-25.099999999999994,-12.399999999999991,-3.4000000000000057,9.299999999999997,-20.0,-7.299999999999997,0.0,0.0,0.1,1.0,0.1,14,47.9,24.3,49565.81,18391.81,100,19,-12.700000000000003,4.1000000000000085,-11.5,2.9000000000000057,6,0.0,0.0,0.0,0.0,6,99,19.5,34.2,99,-15.700000000000003,7.1000000000000085,-14.900000000000006,6.300000000000011,4,0.0,0.0,0.0,0.0,59,59,21.8,34.9,32,0.0,-7,4,0.0,0.0,1.0,7.0,1.0,0,10,0.0,0.0,1.0,7.0,1.0,0,30,0.560611910581388,0.0,1.0,6.8,1.0,-1,72,0.5345224838248487,0.0,1.0,6.333333333333333,1.0,-1,636,0.7825957707213076,0.0,1.0,5.881578947368421,1.0,-3
2025-05-18 17:09:51.357089,138,128948.642911,17.164166666666667,1,7,93,1,5.0,-8.599999999999994,4.1000000000000085,-25.099999999999994,-12.399999999999991,-3.4000000000000057,9.299999999999997,-20.0,-7.299999999999997,0.0,0.0,0.1,1.0,0.1,14,47.9,24.3,49565.81,18391.81,100,19,-12.700000000000003,4.1000000000000085,-11.5,2.9000000000000057,6,0.0,0.0,0.0,0.0,6,99,19.5,34.2,99,-15.700000000000003,7.1000000000000085,-14.900000000000006,6.300000000000011,4,0.0,0.0,0.0,0.0,59,59,21.8,34.9,32,0.0,-7,3,0.0,0.0,1.0,7.0,1.0,0,9,0.0,0.0,1.0,7.0,1.0,0,29,0.5163977794943222,0.0,1.0,6.866666666666666,1.0,-1,71,0.5426273532033234,0.0,1.0,6.361111111111111,1.0,-1,635,0.7618076379198244,0.0,1.0,5.921052631578948,1.0,-3
2025-05-18 17:09:51.397776,138,128948.602224,17.164166666666667,1,7,93,1,3.0,-6.599999999999994,4.1000000000000085,-23.099999999999994,-12.399999999999991,-1.4000000000000057,9.299999999999997,-18.0,-7.299999999999997,0.0,0.0,0.1,1.0,0.1,14,47.9,24.3,49565.81,18391.81,100,19,-10.700000000000003,4.1000000000000085,-9.5,2.9000000000000057,6,0.0,0.0,0.0,0.0,6,99,19.5,34.2,99,-13.700000000000003,7.1000000000000085,-12.900000000000006,6.300000000000011,4,0.0,0.0,0.0,0.0,59,59,21.8,34.9,32,-5.246511627906977,-7,4,0.0,0.0,1.0,7.0,1.0,0,10,0.0,0.0,1.0,7.0,1.0,0,30,0.0,0.0,1.0,7.0,1.0,0,72,0.3507361872061009,0.0,1.0,6.861111111111111,1.0,-1,636,0.7248714344566407,0.0,1.0,6.355263157894737,1.0,-2
2025-05-18 17:10:53.033108,138,128886.966892,17.18138888888889,1,7,93,1,3.0,-6.599999999999994,4.1000000000000085,-23.099999999999994,-12.399999999999991,-1.4000000000000057,9.299999999999997,-18.0,-7.299999999999997,0.0,0.0,0.1,1.0,0.1,14,47.9,24.3,49565.81,18391.81,100,19,-10.700000000000003,4.1000000000000085,-9.5,2.9000000000000057,6,0.0,0.0,0.0,0.0,6,99,19.5,34.2,99,-13.700000000000003,7.1000000000000085,-12.900000000000006,6.300000000000011,4,0.0,0.0,0.0,0.0,59,59,21.8,34.9,32,-5.271028037383178,-7,3,0.0,0.0,1.0,7.0,1.0,0,9,0.0,0.0,1.0,7.0,1.0,0,29,0.0,0.0,1.0,7.0,1.0,0,71,0.31872762915583835,0.0,1.0,6.888888888888889,1.0,-1,635,0.7111887749987414,0.0,1.0,6.381578947368421,1.0,-2
2025-05-18 17:10:53.101997,138,128886.898003,17.18138888888889,1,7,93,1,5.0,-8.599999999999994,4.1000000000000085,-25.099999999999994,-12.399999999999991,-3.4000000000000057,9.299999999999997,-20.0,-7.299999999999997,0.0,0.0,0.1,1.0,0.1,14,47.9,24.3,49565.81,18391.81,100,19,-12.700000000000003,4.1000000000000085,-11.5,2.9000000000000057,6,0.0,0.0,0.0,0.0,6,99,19.5,34.2,99,-15.700000000000003,7.1000000000000085,-14.900000000000006,6.300000000000011,4,0.0,0.0,0.0,0.0,59,59,21.8,34.9,32,0.0,-7,4,0.0,0.0,1.0,7.0,1.0,0,10,0.0,0.0,1.0,7.0,1.0,0,30,0.4577377082170634,0.0,1.0,6.933333333333334,1.0,-1,72,0.549169647365276,0.0,1.0,6.388888888888889,1.0,-1,636,0.7383005616266628,0.0,1.0,5.9605263157894735,1.0,-3
2025-05-18 17:11:54.815093,138,128825.184907,17.198333333333334,1,7,93,1,3.0,-6.599999999999994,4.1000000000000085,-23.099999999999994,-12.399999999999991,-1.4000000000000057,9.299999999999997,-18.0,-7.299999999999997,0.0,0.0,0.1,1.0,0.1,14,47.9,24.3,49565.81,18391.81,100,19,-10.700000000000003,4.1000000000000085,-9.5,2.9000000000000057,6,0.0,0.0,0.0,0.0,6,99,19.5,34.2,99,-13.700000000000003,7.1000000000000085,-12.900000000000006,6.300000000000011,4,0.0,0.0,0.0,0.0,59,59,21.8,34.9,32,-5.295774647887324,-7,3,0.0,0.0,1.0,7.0,1.0,0,9,0.0,0.0,1.0,7.0,1.0,0,29,0.0,0.0,1.0,7.0,1.0,0,71,0.280305955290694,0.0,1.0,6.916666666666667,1.0,0,635,0.6962304518658051,0.0,1.0,6.407894736842105,1.0,-2
2025-05-18 17:11:54.877746,138,128825.122254,17.198333333333334,1,7,93,1,5.0,-8.599999999999994,4.1000000000000085,-25.099999999999994,-12.399999999999991,-3.4000000000000057,9.299999999999997,-20.0,-7.299999999999997,0.0,0.0,0.1,1.0,0.1,14,47.9,24.3,49565.81,18391.81,100,19,-12.700000000000003,4.1000000000000085,-11.5,2.9000000000000057,6,0.0,0.0,0.0,0.0,6,99,19.5,34.2,99,-15.700000000000003,7.1000000000000085,-14.900000000000006,6.300000000000011,4,0.0,0.0,0.0,0.0,59,59,21.8,34.9,32,0.0,-7,4,0.0,0.0,1.0,7.0,1.0,0,10,0.0,0.0,1.0,7.0,1.0,0,30,0.3779644730092272,0.0,1.0,7.0,1.0,-1,72,0.554204706893452,0.0,1.0,6.416666666666667,1.0,-1,636,0.7118052168020874,0.0,1.0,6.0,1.0,-3
2025-05-18 17:12:56.531619,138,128763.468381,17.215555555555554,1,7,93,1,3.0,-6.599999999999994,4.1000000000000085,-23.099999999999994,-12.399999999999991,-1.4000000000000057,9.299999999999997,-18.0,-7.299999999999997,0.0,0.0,0.1,1.0,0.1,14,47.9,24.3,49565.81,18391.81,100,19,-10.700000000000003,4.1000000000000085,-9.5,2.9000000000000057,6,0.0,0.0,0.0,0.0,6,99,19.5,34.2,99,-13.700000000000003,7.1000000000000085,-12.900000000000006,6.300000000000011,4,0.0,0.0,0.0,0.0,59,59,21.8,34.9,32,-5.320754716981132,-7,3,0.0,0.0,1.0,7.0,1.0,0,9,0.0,0.0,1.0,7.0,1.0,0,29,0.0,0.0,1.0,7.0,1.0,0,71,0.280305955290694,0.0,1.0,6.916666666666667,1.0,-1,635,0.6799122750431748,0.0,1.0,6.434210526315789,1.0,-2
2025-05-18 17:12:56.573091,138,128763.426909,17.215555555555554,1,7,93,1,5.0,-8.599999999999994,4.1000000000000085,-25.099999999999994,-12.399999999999991,-3.4000000000000057,9.299999999999997,-20.0,-7.299999999999997,0.0,0.0,0.1,1.0,0.1,14,47.9,24.3,49565.81,18391.81,100,19,-12.700000000000003,4.1000000000000085,-11.5,2.9000000000000057,6,0.0,0.0,0.0,0.0,6,99,19.5,34.2,99,-15.700000000000003,7.1000000000000085,-14.900000000000006,6.300000000000011,4,0.0,0.0,0.0,0.0,59,59,21.8,34.9,32,0.0,-7,4,0.0,0.0,1.0,7.0,1.0,0,10,0.0,0.0,1.0,7.0,1.0,0,30,0.2581988897471611,0.0,1.0,7.066666666666666,1.0,1,72,0.5577733510227171,0.0,1.0,6.444444444444445,1.0,-1,636,0.6819734007263374,0.0,1.0,6.0394736842105265,1.0,-3
2025-05-18 17:13:58.091472,138,128701.908528,17.232777777777777,1,7,93,1,5.0,-8.599999999999994,4.1000000000000085,-25.099999999999994,-12.399999999999991,-3.4000000000000057,9.299999999999997,-20.0,-7.299999999999997,0.0,0.0,0.1,1.0,0.1,14,47.9,24.3,49565.81,18391.81,100,19,-12.700000000000003,4.1000000000000085,-11.5,2.9000000000000057,6,0.0,0.0,0.0,0.0,6,99,19.5,34.2,99,-15.700000000000003,7.1000000000000085,-14.900000000000006,6.300000000000011,4,0.0,0.0,0.0,0.0,59,59,21.8,34.9,32,0.0,-7,3,0.0,0.0,1.0,7.0,1.0,0,9,0.0,0.0,1.0,7.0,1.0,0,29,0.0,0.0,1.0,7.0,1.0,0,71,0.5599036198240404,0.0,1.0,6.472222222222222,1.0,-1,635,0.6483447209571327,0.0,1.0,6.078947368421052,1.0,-3
2025-05-18 17:13:58.132776,138,128701.867224,17.232777777777777,1,7,93,1,3.0,-6.599999999999994,4.1000000000000085,-23.099999999999994,-12.399999999999991,-1.4000000000000057,9.299999999999997,-18.0,-7.299999999999997,0.0,0.0,0.1,1.0,0.1,14,47.9,24.3,49565.81,18391.81,100,19,-10.700000000000003,4.1000000000000085,-9.5,2.9000000000000057,6,0.0,0.0,0.0,0.0,6,99,19.5,34.2,99,-13.700000000000003,7.1000000000000085,-12.900000000000006,6.300000000000011,4,0.0,0.0,0.0,0.0,59,59,21.8,34.9,32,-5.345971563981043,-7,4,0.0,0.0,1.0,7.0,1.0,0,10,0.0,0.0,1.0,7.0,1.0,0,30,0.0,0.0,1.0,7.0,1.0,0,72,0.23231068414572323,0.0,1.0,6.944444444444445,1.0,-1,636,0.6621337120488422,0.0,1.0,6.4605263157894735,1.0,-2
2025-05-18 17:14:59.637087,138,128640.362913,17.249722222222225,1,7,93,1,5.0,-8.599999999999994,4.1000000000000085,-25.099999999999994,-12.399999999999991,-3.4000000000000057,9.299999999999997,-20.0,-7.299999999999997,0.0,0.0,0.1,1.0,0.1,14,47.9,24.3,49565.81,18391.81,100,19,-12.700000000000003,4.1000000000000085,-11.5,2.9000000000000057,6,0.0,0.0,0.0,0.0,6,99,19.5,34.2,99,-15.700000000000003,7.1000000000000085,-14.900000000000006,6.300000000000011,4,0.0,0.0,0.0,0.0,59,59,21.8,34.9,32,0.0,-7,3,0.0,0.0,1.0,7.0,1.0,0,9,0.0,0.0,1.0,7.0,1.0,0,29,0.0,0.0,1.0,7.0,1.0,0,71,0.560611910581388,0.0,1.0,6.5,1.0,-1,635,0.6102918485043669,0.0,1.0,6.118421052631579,1.0,-2
2025-05-18 17:14:59.696023,138,128640.303977,17.249722222222225,1,7,93,1,3.0,-6.599999999999994,4.1000000000000085,-23.099999999999994,-12.399999999999991,-1.4000000000000057,9.299999999999997,-18.0,-7.299999999999997,0.0,0.0,0.1,1.0,0.1,14,47.9,24.3,49565.81,18391.81,100,19,-10.700000000000003,4.1000000000000085,-9.5,2.9000000000000057,6,0.0,0.0,0.0,0.0,6,99,19.5,34.2,99,-13.700000000000003,7.1000000000000085,-12.900000000000006,6.300000000000011,4,0.0,0.0,0.0,0.0,59,59,21.8,34.9,32,-5.371428571428572,-7,4,0.0,0.0,1.0,7.0,1.0,0,10,0.0,0.0,1.0,7.0,1.0,0,30,0.0,0.0,1.0,7.0,1.0,0,72,0.16666666666666663,0.0,1.0,6.972222222222222,1.0,-1,636,0.6427735952392896,0.0,1.0,6.4868421052631575,1.0,-2
2025-05-18 17:16:01.198612,138,128578.801388,17.266944444444444,1,7,93,1,3.0,-6.599999999999994,4.1000000000000085,-23.099999999999994,-12.399999999999991,-1.4000000000000057,9.299999999999997,-18.0,-7.299999999999997,0.0,0.0,0.1,1.0,0.1,14,47.9,24.3,49565.81,18391.81,100,19,-10.700000000000003,4.1000000000000085,-9.5,2.9000000000000057,6,0.0,0.0,0.0,0.0,6,99,19.5,34.2,99,-13.700000000000003,7.1000000000000085,-12.900000000000006,6.300000000000011,4,0.0,0.0,0.0,0.0,59,59,21.8,34.9,32,-5.3971291866028706,-7,3,0.0,0.0,1.0,7.0,1.0,0,9,0.0,0.0,1.0,7.0,1.0,0,29,0.0,0.0,1.0,7.0,1.0,0,71,0.0,0.0,1.0,7.0,1.0,0,635,0.6216841867621979,0.0,1.0,6.5131578947368425,1.0,-2
2025-05-18 17:16:01.241478,138,128578.758522,17.266944444444444,1,7,93,1,5.0,-8.599999999999994,4.1000000000000085,-25.099999999999994,-12.399999999999991,-3.4000000000000057,9.299999999999997,-20.0,-7.299999999999997,0.0,0.0,0.1,1.0,0.1,14,47.9,24.3,49565.81,18391.81,100,19,-12.700000000000003,4.1000000000000085,-11.5,2.9000000000000057,6,0.0,0.0,0.0,0.0,6,99,19.5,34.2,99,-15.700000000000003,7.1000000000000085,-14.900000000000006,6.300000000000011,4,0.0,0.0,0.0,0.0,59,59,21.8,34.9,32,0.0,-7,4,0.0,0.0,1.0,7.0,1.0,0,10,0.0,0.0,1.0,7.0,1.0,0,30,0.0,0.0,1.0,7.0,1.0,0,72,0.5599036198240404,0.0,1.0,6.527777777777778,1.0,-1,636,0.6045151747402443,0.0,1.0,6.144736842105263,1.0,-2
2025-05-18 17:17:02.759362,138,128517.240638,17.28388888888889,1,7,93,1,5.0,-8.599999999999994,4.1000000000000085,-25.099999999999994,-12.399999999999991,-3.4000000000000057,9.299999999999997,-20.0,-7.299999999999997,0.0,0.0,0.1,1.0,0.1,14,47.9,24.3,49565.81,18391.81,100,19,-12.700000000000003,4.1000000000000085,-11.5,2.9000000000000057,6,0.0,0.0,0.0,0.0,6,99,19.5,34.2,99,-15.700000000000003,7.1000000000000085,-14.900000000000006,6.300000000000011,4,0.0,0.0,0.0,0.0,59,59,21.8,34.9,32,0.0,-7,3,0.0,0.0,1.0,7.0,1.0,0,9,0.0,0.0,1.0,7.0,1.0,0,29,0.0,0.0,1.0,7.0,1.0,0,71,0.5577733510227171,0.0,1.0,6.555555555555555,1.0,-1,635,0.597509450853833,0.0,1.0,6.171052631578948,1.0,-2
2025-05-18 17:17:02.801588,138,128517.198412,17.28388888888889,1,7,93,1,3.0,-6.599999999999994,4.1000000000000085,-23.099999999999994,-12.399999999999991,-1.4000000000000057,9.299999999999997,-18.0,-7.299999999999997,0.0,0.0,0.1,1.0,0.1,14,47.9,24.3,49565.81,18391.81,100,19,-10.700000000000003,4.1000000000000085,-9.5,2.9000000000000057,6,0.0,0.0,0.0,0.0,6,99,19.5,34.2,99,-13.700000000000003,7.1000000000000085,-12.900000000000006,6.300000000000011,4,0.0,0.0,0.0,0.0,59,59,21.8,34.9,32,-5.423076923076923,-7,4,0.0,0.0,1.0,7.0,1.0,0,10,0.0,0.0,1.0,7.0,1.0,0,30,0.0,0.0,1.0,7.0,1.0,0,72,0.0,0.0,1.0,7.0,1.0,0,636,0.5986827646020711,0.0,1.0,6.5394736842105265,1.0,-2
2025-05-18 17:18:04.283895,138,128455.716105,17.301111111111112,1,7,93,1,5.0,-8.599999999999994,4.1000000000000085,-25.099999999999994,-12.399999999999991,-3.4000000000000057,9.299999999999997,-20.0,-7.299999999999997,0.0,0.0,0.1,1.0,0.1,14,47.9,24.3,49565.81,18391.81,100,19,-12.700000000000003,4.1000000000000085,-11.5,2.9000000000000057,6,0.0,0.0,0.0,0.0,6,99,19.5,34.2,99,-15.700000000000003,7.1000000000000085,-14.900000000000006,6.300000000000011,4,0.0,0.0,0.0,0.0,59,59,21.8,34.9,32,0.0,-7,3,0.0,0.0,1.0,7.0,1.0,0,9,0.0,0.0,1.0,7.0,1.0,0,29,0.0,0.0,1.0,7.0,1.0,0,71,0.554204706893452,0.0,1.0,6.583333333333333,1.0,-1,635,0.5892308397021836,0.0,1.0,6.197368421052632,1.0,-2
2025-05-18 17:18:04.343072,138,128455.656928,17.301111111111112,1,7,93,1,3.0,-6.599999999999994,4.1000000000000085,-23.099999999999994,-12.399999999999991,-1.4000000000000057,9.299999999999997,-18.0,-7.299999999999997,0.0,0.0,0.1,1.0,0.1,14,47.9,24.3,49565.81,18391.81,100,19,-10.700000000000003,4.1000000000000085,-9.5,2.9000000000000057,6,0.0,0.0,0.0,0.0,6,99,19.5,34.2,99,-13.700000000000003,7.1000000000000085,-12.900000000000006,6.300000000000011,4,0.0,0.0,0.0,0.0,59,59,21.8,34.9,32,-5.449275362318841,-7,4,0.0,0.0,1.0,7.0,1.0,0,10,0.0,0.0,1.0,7.0,1.0,0,30,0.0,0.0,1.0,7.0,1.0,0,72,0.0,0.0,1.0,7.0,1.0,0,636,0.5735393346764043,0.0,1.0,6.565789473684211,1.0,-2
2025-05-18 17:19:05.840523,138,128394.159477,17.318055555555556,1,7,93,1,5.0,-8.599999999999994,4.1000000000000085,-25.099999999999994,-12.399999999999991,-3.4000000000000057,9.299999999999997,-20.0,-7.299999999999997,0.0,0.0,0.1,1.0,0.1,14,47.9,24.3,49565.81,18391.81,100,19,-12.700000000000003,4.1000000000000085,-11.5,2.9000000000000057,6,0.0,0.0,0.0,0.0,6,99,19.5,34.2,99,-15.700000000000003,7.1000000000000085,-14.900000000000006,6.300000000000011,4,0.0,0.0,0.0,0.0,59,59,21.8,34.9,32,0.0,-7,3,0.0,0.0,1.0,7.0,1.0,0,9,0.0,0.0,1.0,7.0,1.0,0,29,0.0,0.0,1.0,7.0,1.0,0,71,0.549169647365276,0.0,1.0,6.611111111111111,1.0,-1,635,0.5796248030240785,0.0,1.0,6.223684210526316,1.0,-2
2025-05-18 17:19:05.882121,138,128394.117879,17.318055555555556,1,7,93,1,3.0,-6.599999999999994,4.1000000000000085,-23.099999999999994,-12.399999999999991,-1.4000000000000057,9.299999999999997,-18.0,-7.299999999999997,0.0,0.0,0.1,1.0,0.1,14,47.9,24.3,49565.81,18391.81,100,19,-10.700000000000003,4.1000000000000085,-9.5,2.9000000000000057,6,0.0,0.0,0.0,0.0,6,99,19.5,34.2,99,-13.700000000000003,7.1000000000000085,-12.900000000000006,6.300000000000011,4,0.0,0.0,0.0,0.0,59,59,21.8,34.9,32,-5.475728155339806,-7,4,0.0,0.0,1.0,7.0,1.0,0,10,0.0,0.0,1.0,7.0,1.0,0,30,0.0,0.0,1.0,7.0,1.0,0,72,0.0,0.0,1.0,7.0,1.0,0,636,0.5459580345031992,0.0,1.0,6.592105263157895,1.0,-2
2025-05-18 17:20:07.416250,138,128332.58375,17.335277777777776,1,7,93,1,3.0,-6.599999999999994,4.1000000000000085,-23.099999999999994,-12.399999999999991,-1.4000000000000057,9.299999999999997,-18.0,-7.299999999999997,0.0,0.0,0.1,1.0,0.1,14,47.9,24.3,49565.81,18391.81,100,19,-10.700000000000003,4.1000000000000085,-9.5,2.9000000000000057,6,0.0,0.0,0.0,0.0,6,99,19.5,34.2,99,-13.700000000000003,7.1000000000000085,-12.900000000000006,6.300000000000011,4,0.0,0.0,0.0,0.0,59,59,21.8,34.9,32,-5.5024390243902435,-7,3,0.0,0.0,1.0,7.0,1.0,0,9,0.0,0.0,1.0,7.0,1.0,0,29,0.0,0.0,1.0,7.0,1.0,0,71,0.0,0.0,1.0,7.0,1.0,0,635,0.5155477414209189,0.0,1.0,6.618421052631579,1.0,-2
2025-05-18 17:20:07.467905,138,128332.532095,17.335277777777776,1,7,93,1,5.0,-8.599999999999994,4.1000000000000085,-25.099999999999994,-12.399999999999991,-3.4000000000000057,9.299999999999997,-20.0,-7.299999999999997,0.0,0.0,0.1,1.0,0.1,14,47.9,24.3,49565.81,18391.81,100,19,-12.700000000000003,4.1000000000000085,-11.5,2.9000000000000057,6,0.0,0.0,0.0,0.0,6,99,19.5,34.2,99,-15.700000000000003,7.1000000000000085,-14.900000000000006,6.300000000000011,4,0.0,0.0,0.0,0.0,59,59,21.8,34.9,32,0.0,-7,4,0.0,0.0,1.0,7.0,1.0,0,10,0.0,0.0,1.0,7.0,1.0,0,30,0.0,0.0,1.0,7.0,1.0,0,72,0.5426273532033234,0.0,1.0,6.638888888888889,1.0,-1,636,0.5686240703077327,0.0,1.0,6.25,1.0,-2
2025-05-18 17:21:09.044970,138,128270.95503,17.352500000000003,1,7,93,1,5.0,-8.599999999999994,4.1000000000000085,-25.099999999999994,-12.399999999999991,-3.4000000000000057,9.299999999999997,-20.0,-7.299999999999997,0.0,0.0,0.1,1.0,0.1,14,47.9,24.3,49565.81,18391.81,100,19,-12.700000000000003,4.1000000000000085,-11.5,2.9000000000000057,6,0.0,0.0,0.0,0.0,6,99,19.5,34.2,99,-15.700000000000003,7.1000000000000085,-14.900000000000006,6.300000000000011,4,0.0,0.0,0.0,0.0,59,59,21.8,34.9,32,0.0,-7,3,0.0,0.0,1.0,7.0,1.0,0,9,0.0,0.0,1.0,7.0,1.0,0,29,0.0,0.0,1.0,7.0,1.0,0,71,0.5345224838248488,0.0,1.0,6.666666666666667,1.0,-1,635,0.5561458851902397,0.0,1.0,6.276315789473684,1.0,-2
2025-05-18 17:21:09.087340,138,128270.91266,17.352500000000003,1,7,93,1,3.0,-6.599999999999994,4.1000000000000085,-23.099999999999994,-12.399999999999991,-1.4000000000000057,9.299999999999997,-18.0,-7.299999999999997,0.0,0.0,0.1,1.0,0.1,14,47.9,24.3,49565.81,18391.81,100,19,-10.700000000000003,4.1000000000000085,-9.5,2.9000000000000057,6,0.0,0.0,0.0,0.0,6,99,19.5,34.2,99,-13.700000000000003,7.1000000000000085,-12.900000000000006,6.300000000000011,4,0.0,0.0,0.0,0.0,59,59,21.8,34.9,32,-5.529411764705882,-7,4,0.0,0.0,1.0,7.0,1.0,0,10,0.0,0.0,1.0,7.0,1.0,0,30,0.0,0.0,1.0,7.0,1.0,0,72,0.0,0.0,1.0,7.0,1.0,0,636,0.48177304112817976,0.0,1.0,6.644736842105263,1.0,-1
2025-05-18 17:48:18.168387,138,126641.831613,17.805,7,26,74,1,-5.0,1.4000000000000057,4.1000000000000085,-15.099999999999994,-12.399999999999991,6.599999999999994,9.299999999999997,-10.0,-7.299999999999997,0.0,0.0,0.1,1.0,0.1,14,47.9,24.3,49565.81,18391.81,100,19,-2.700000000000003,4.1000000000000085,-1.5,2.9000000000000057,6,0.0,0.0,0.0,0.0,6,99,19.5,34.2,99,-5.700000000000003,7.1000000000000085,-4.900000000000006,6.300000000000011,4,0.0,0.0,0.0,0.0,59,59,21.8,34.9,32,42.47635051648297,74,37,0.5773502691896258,14.742229591663987,1.0,26.333333333333332,12.333333333333334,0,37,0.5773502691896258,14.742229591663987,1.0,26.333333333333332,12.333333333333334,0,37,0.5773502691896258,14.742229591663987,1.0,26.333333333333332,12.333333333333334,0,99,0.5773502691896258,14.742229591663987,1.0,26.333333333333332,12.333333333333334,0,137,0.5773502691896258,14.742229591663987,1.0,26.333333333333332,12.333333333333334,0
2025-05-18 17:48:18.168387,138,126641.831613,17.805,29,27,73,1,-5.0,1.4000000000000057,4.1000000000000085,-15.099999999999994,-12.399999999999991,6.599999999999994,9.299999999999997,-10.0,-7.299999999999997,0.0,0.0,0.1,1.0,0.1,14,47.9,24.3,49565.81,18391.81,100,19,-2.700000000000003,4.1000000000000085,-1.5,2.9000000000000057,6,0.0,0.0,0.0,0.0,6,99,19.5,34.2,99,-5.700000000000003,7.1000000000000085,-4.900000000000006,6.300000000000011,4,0.0,0.0,0.0,0.0,59,59,21.8,34.9,32,41.49105112231781,73,37,0.5773502691896258,14.742229591663987,1.0,26.333333333333332,12.333333333333334,0,37,0.5773502691896258,14.742229591663987,1.0,26.333333333333332,12.333333333333334,0,37,0.5773502691896258,14.742229591663987,1.0,26.333333333333332,12.333333333333334,0,99,0.5773502691896258,14.742229591663987,1.0,26.333333333333332,12.333333333333334,0,137,0.5773502691896258,14.742229591663987,1.0,26.333333333333332,12.333333333333334,0
2025-05-18 17:48:18.168387,138,126641.831613,17.805,1,26,74,1,-5.0,1.4000000000000057,4.1000000000000085,-15.099999999999994,-12.399999999999991,6.599999999999994,9.299999999999997,-10.0,-7.299999999999997,0.0,0.0,0.1,1.0,0.1,14,47.9,24.3,49565.81,18391.81,100,19,-2.700000000000003,4.1000000000000085,-1.5,2.9000000000000057,6,0.0,0.0,0.0,0.0,6,99,19.5,34.2,99,-5.700000000000003,7.1000000000000085,-4.900000000000006,6.300000000000011,4,0.0,0.0,0.0,0.0,59,59,21.8,34.9,32,42.55062633064317,74,37,0.5773502691896258,14.742229591663987,1.0,26.333333333333332,12.333333333333334,0,37,0.5773502691896258,14.742229591663987,1.0,26.333333333333332,12.333333333333334,0,37,0.5773502691896258,14.742229591663987,1.0,26.333333333333332,12.333333333333334,0,99,0.5773502691896258,14.742229591663987,1.0,26.333333333333332,12.333333333333334,0,137,0.5773502691896258,14.742229591663987,1.0,26.333333333333332,12.333333333333334,0
2025-05-18 18:15:28.090685,138,125011.909315,18.25777777777778,64,27,73,1,-5.0,1.4000000000000057,7.1000000000000085,-15.099999999999994,-9.399999999999991,6.599999999999994,12.299999999999997,-10.0,-4.299999999999997,0.0,0.0,0.1,1.0,0.1,14,47.9,24.3,49565.81,18391.81,100,19,-5.700000000000003,7.1000000000000085,-4.900000000000006,6.300000000000011,4,0.0,0.0,0.0,0.0,59,59,21.8,34.9,32,-5.400000000000006,6.800000000000011,-2.700000000000003,4.1000000000000085,2,0.0,0.0,0.0,0.0,2,63,21.2,36.0,63,41.55273321449792,73,64,,,1.0,27.0,64.0,0,64,,,1.0,27.0,64.0,0,64,,,1.0,27.0,64.0,0,113,0.5773502691896257,28.5,1.0,26.5,25.25,-1,185,0.5773502691896257,28.5,1.0,26.5,25.25,-1
2025-05-18 18:15:31.939007,138,125008.060993,18.25861111111111,98,27,73,1,-5.0,1.4000000000000057,7.1000000000000085,-15.099999999999994,-9.399999999999991,6.599999999999994,12.299999999999997,-10.0,-4.299999999999997,0.0,0.0,0.1,1.0,0.1,14,47.9,24.3,49565.81,18391.81,100,19,-5.700000000000003,7.1000000000000085,-4.900000000000006,6.300000000000011,4,0.0,0.0,0.0,0.0,59,59,21.8,34.9,32,-5.400000000000006,6.800000000000011,-2.700000000000003,4.1000000000000085,2,0.0,0.0,0.0,0.0,2,63,21.2,36.0,63,41.68483012120008,73,162,0.0,24.041630560342615,1.0,27.0,81.0,0,162,0.0,24.041630560342615,1.0,27.0,81.0,0,162,0.0,24.041630560342615,1.0,27.0,81.0,0,211,0.5477225575051661,40.83748278236551,1.0,26.6,39.8,-1,283,0.5477225575051661,40.83748278236551,1.0,26.6,39.8,-1
2025-05-18 18:18:26.889172,138,124833.110828,18.307222222222222,27,27,73,1,-5.0,1.4000000000000057,7.1000000000000085,-15.099999999999994,-9.399999999999991,6.599999999999994,12.299999999999997,-10.0,-4.299999999999997,0.0,0.0,0.1,1.0,0.1,14,47.9,24.3,49565.81,18391.81,100,19,-5.700000000000003,7.1000000000000085,-4.900000000000006,6.300000000000011,4,0.0,0.0,0.0,0.0,59,59,21.8,34.9,32,-5.400000000000006,6.800000000000011,-2.700000000000003,4.1000000000000085,2,0.0,0.0,0.0,0.0,2,63,21.2,36.0,63,41.88873914345612,73,27,,,1.0,27.0,27.0,0,189,0.0,35.510561809129406,1.0,27.0,63.0,0,189,0.0,35.510561809129406,1.0,27.0,63.0,0,232,0.5163977794943222,36.8980577627965,1.0,26.666666666666668,37.666666666666664,-1,304,0.5163977794943222,36.8980577627965,1.0,26.666666666666668,37.666666666666664,-1
2025-05-18 18:18:26.948527,138,124833.051473,18.307222222222222,82,27,73,1,-5.0,1.4000000000000057,7.1000000000000085,-15.099999999999994,-9.399999999999991,6.599999999999994,12.299999999999997,-10.0,-4.299999999999997,0.0,0.0,0.1,1.0,0.1,14,47.9,24.3,49565.81,18391.81,100,19,-5.700000000000003,7.1000000000000085,-4.900000000000006,6.300000000000011,4,0.0,0.0,0.0,0.0,59,59,21.8,34.9,32,-5.400000000000006,6.800000000000011,-2.700000000000003,4.1000000000000085,2,0.0,0.0,0.0,0.0,2,63,21.2,36.0,63,41.94526915579547,73,132,0.0,32.96968304366907,1.0,27.0,44.0,0,294,0.0,33.146643872344,1.0,27.0,58.8,0,294,0.0,33.146643872344,1.0,27.0,58.8,0,337,0.4629100498862757,35.61274851991709,1.0,26.75,41.375,-1,409,0.4629100498862757,35.61274851991709,1.0,26.75,41.375,-1
2025-05-18 18:18:26.948527,138,124833.051473,18.307222222222222,23,27,73,1,-5.0,1.4000000000000057,7.1000000000000085,-15.099999999999994,-9.399999999999991,6.599999999999994,12.299999999999997,-10.0,-4.299999999999997,0.0,0.0,0.1,1.0,0.1,14,47.9,24.3,49565.81,18391.81,100,19,-5.700000000000003,7.1000000000000085,-4.900000000000006,6.300000000000011,4,0.0,0.0,0.0,0.0,59,59,21.8,34.9,32,-5.400000000000006,6.800000000000011,-2.700000000000003,4.1000000000000085,2,0.0,0.0,0.0,0.0,2,63,21.2,36.0,63,42.11789209535759,73,132,0.0,32.96968304366907,1.0,27.0,44.0,0,294,0.0,33.146643872344,1.0,27.0,58.8,0,294,0.0,33.146643872344,1.0,27.0,58.8,0,337,0.4629100498862757,35.61274851991709,1.0,26.75,41.375,-1,409,0.4629100498862757,35.61274851991709,1.0,26.75,41.375,-1
2025-05-18 19:00:32.307958,138,122307.692042,19.00888888888889,45,32,68,1,-5.0,1.4000000000000057,6.800000000000011,-15.099999999999994,-9.699999999999989,6.599999999999994,12.0,-10.0,-4.599999999999994,0.0,0.0,0.1,1.0,0.1,14,47.9,24.3,49565.81,18391.81,100,19,-5.400000000000006,6.800000000000011,-2.700000000000003,4.1000000000000085,2,0.0,0.0,0.0,0.0,2,63,21.2,36.0,63,-5.900000000000006,7.300000000000011,-3.700000000000003,5.1000000000000085,0,0.0,0.0,0.0,0.0,6,10,22.4,40.0,10,37.166566174253845,68,45,,,1.0,32.0,45.0,0,45,,,1.0,32.0,45.0,0,45,,,1.0,32.0,45.0,0,339,2.0412414523193148,30.177806414648497,1.0,27.833333333333332,56.5,-5,418,1.8027756377319946,33.33458330989671,1.0,27.333333333333332,41.77777777777778,-6
2025-05-18 19:00:36.007689,138,122303.992311,19.01,99,32,68,1,-5.0,1.4000000000000057,6.800000000000011,-15.099999999999994,-9.699999999999989,6.599999999999994,12.0,-10.0,-4.599999999999994,0.0,0.0,0.1,1.0,0.1,14,47.9,24.3,49565.81,18391.81,100,19,-5.400000000000006,6.800000000000011,-2.700000000000003,4.1000000000000085,2,0.0,0.0,0.0,0.0,2,63,21.2,36.0,63,-5.900000000000006,7.300000000000011,-3.700000000000003,5.1000000000000085,0,0.0,0.0,0.0,0.0,6,10,22.4,40.0,10,37.250793171173896,68,144,0.0,38.18376618407357,1.0,32.0,72.0,0,144,0.0,38.18376618407357,1.0,32.0,72.0,0,144,0.0,38.18376618407357,1.0,32.0,72.0,0,438,2.439750182371333,31.88969082560038,1.0,28.428571428571427,62.57142857142857,-5,517,2.250925735484551,36.26522668709885,1.0,27.8,47.5,-6
2025-05-18 19:03:20.739213,138,122139.260787,19.055555555555557,1,32,68,1,-5.0,1.4000000000000057,6.800000000000011,-15.099999999999994,-9.699999999999989,6.599999999999994,12.0,-10.0,-4.599999999999994,0.0,0.0,0.1,1.0,0.1,14,47.9,24.3,49565.81,18391.81,100,19,-5.400000000000006,6.800000000000011,-2.700000000000003,4.1000000000000085,2,0.0,0.0,0.0,0.0,2,63,21.2,36.0,63,-5.900000000000006,7.300000000000011,-3.700000000000003,5.1000000000000085,0,0.0,0.0,0.0,0.0,6,10,22.4,40.0,10,37.437443061038564,68,1,,,1.0,32.0,1.0,0,145,0.0,49.08496035786658,1.0,32.0,48.333333333333336,0,145,0.0,49.08496035786658,1.0,32.0,48.333333333333336,0,439,2.5877458475338284,36.68178800751909,1.0,28.875,54.875,-5,512,2.4826671874490875,37.151287754507,1.0,28.181818181818183,43.27272727272727,-6
2025-05-18 19:03:20.788305,138,122139.211695,19.055555555555557,155,32,68,1,-5.0,1.4000000000000057,6.800000000000011,-15.099999999999994,-9.699999999999989,6.599999999999994,12.0,-10.0,-4.599999999999994,0.0,0.0,0.1,1.0,0.1,14,47.9,24.3,49565.81,18391.81,100,19,-5.400000000000006,6.800000000000011,-2.700000000000003,4.1000000000000085,2,0.0,0.0,0.0,0.0,2,63,21.2,36.0,63,-5.900000000000006,7.300000000000011,-3.700000000000003,5.1000000000000085,0,0.0,0.0,0.0,0.0,6,10,22.4,40.0,10,37.439337956167435,68,156,0.0,108.89444430272832,1.0,32.0,78.0,0,300,0.0,66.71331701142334,1.0,32.0,75.0,0,300,0.0,66.71331701142334,1.0,32.0,75.0,0,594,2.6352313834736494,47.86700324858451,1.0,29.22222222222222,66.0,-5,667,2.6111648393354674,47.90607919922507,1.0,28.5,52.583333333333336,-6
2025-05-18 19:04:30.313690,138,122069.68631,19.075,14,32,68,1,-3.0,-0.5999999999999943,6.800000000000011,-17.099999999999994,-9.699999999999989,4.599999999999994,12.0,-12.0,-4.599999999999994,0.0,0.0,0.1,1.0,0.1,14,47.9,24.3,49565.81,18391.81,100,19,-7.400000000000006,6.800000000000011,-4.700000000000003,4.1000000000000085,2,0.0,0.0,0.0,0.0,2,63,21.2,36.0,63,-7.900000000000006,7.300000000000011,-5.700000000000003,5.1000000000000085,0,0.0,0.0,0.0,0.0,6,10,22.4,40.0,10,-4.917461955119936,-32,269,0.0,52.65295180076169,1.0,32.0,37.666666666666664,0,413,0.0,52.65295180076169,1.0,32.0,37.666666666666664,0,413,0.0,52.65295180076169,1.0,32.0,37.666666666666664,0,707,0.0,52.65295180076169,1.0,32.0,37.666666666666664,0,778,0.0,52.65295180076169,1.0,32.0,37.666666666666664,0
2025-05-18 19:04:30.313690,138,122069.68631,19.075,98,32,68,1,-3.0,-0.5999999999999943,6.800000000000011,-17.099999999999994,-9.699999999999989,4.599999999999994,12.0,-12.0,-4.599999999999994,0.0,0.0,0.1,1.0,0.1,14,47.9,24.3,49565.81,18391.81,100,19,-7.400000000000006,6.800000000000011,-4.700000000000003,4.1000000000000085,2,0.0,0.0,0.0,0.0,2,63,21.2,36.0,63,-7.900000000000006,7.300000000000011,-5.700000000000003,5.1000000000000085,0,0.0,0.0,0.0,0.0,6,10,22.4,40.0,10,-4.926356589147286,-32,269,0.0,52.65295180076169,1.0,32.0,37.666666666666664,0,413,0.0,52.65295180076169,1.0,32.0,37.666666666666664,0,413,0.0,52.65295180076169,1.0,32.0,37.666666666666664,0,707,0.0,52.65295180076169,1.0,32.0,37.666666666666664,0,778,0.0,52.65295180076169,1.0,32.0,37.666666666666664,0
2025-05-18 19:04:30.313690,138,122069.68631,19.075,1,32,68,1,-3.0,-0.5999999999999943,6.800000000000011,-17.099999999999994,-9.699999999999989,4.599999999999994,12.0,-12.0,-4.599999999999994,0.0,0.0,0.1,1.0,0.1,14,47.9,24.3,49565.81,18391.81,100,19,-7.400000000000006,6.800000000000011,-4.700000000000003,4.1000000000000085,2,0.0,0.0,0.0,0.0,2,63,21.2,36.0,63,-7.900000000000006,7.300000000000011,-5.700000000000003,5.1000000000000085,0,0.0,0.0,0.0,0.0,6,10,22.4,40.0,10,-4.989531536247057,-32,269,0.0,52.65295180076169,1.0,32.0,37.666666666666664,0,413,0.0,52.65295180076169,1.0,32.0,37.666666666666664,0,413,0.0,52.65295180076169,1.0,32.0,37.666666666666664,0,707,0.0,52.65295180076169,1.0,32.0,37.666666666666664,0,778,0.0,52.65295180076169,1.0,32.0,37.666666666666664,0
2025-05-18 19:06:24.539405,138,121955.460595,19.10666666666667,13,33,67,0,-3.0,-0.5999999999999943,6.800000000000011,-17.099999999999994,-9.699999999999989,4.599999999999994,12.0,-12.0,-4.599999999999994,0.0,0.0,0.1,1.0,0.1,14,47.9,24.3,49565.81,18391.81,100,19,-7.400000000000006,6.800000000000011,-4.700000000000003,4.1000000000000085,2,0.0,0.0,0.0,0.0,2,63,21.2,36.0,63,-7.900000000000006,7.300000000000011,-5.700000000000003,5.1000000000000085,0,0.0,0.0,0.0,0.0,6,10,22.4,40.0,10,-5.990184530820571,33,126,0.5,44.725086174688734,0.75,32.25,31.5,-1,282,0.5,44.725086174688734,0.75,32.25,31.5,-1,426,0.5,44.725086174688734,0.75,32.25,31.5,-1,720,0.5,44.725086174688734,0.75,32.25,31.5,-1,787,0.5,44.725086174688734,0.75,32.25,31.5,-1
2025-05-18 19:10:09.757052,138,121730.242948,19.16916666666667,28,38,62,1,-3.0,-0.5999999999999943,6.800000000000011,-17.099999999999994,-9.699999999999989,4.599999999999994,12.0,-12.0,-4.599999999999994,0.0,0.0,0.1,1.0,0.1,14,47.9,24.3,49565.81,18391.81,100,19,-7.400000000000006,6.800000000000011,-4.700000000000003,4.1000000000000085,2,0.0,0.0,0.0,0.0,2,63,21.2,36.0,63,-7.900000000000006,7.300000000000011,-5.700000000000003,5.1000000000000085,0,0.0,0.0,0.0,0.0,6,10,22.4,40.0,10,-11.000393287886734,-38,815,1.9023794624226835,130.54227558260854,1.0,36.57142857142857,116.42857142857143,3,828,2.1671244937540095,126.26955294131677,0.875,36.125,103.5,-2,1241,2.6457513110645907,112.5205435788182,0.9090909090909091,35.0,85.54545454545455,-3,1535,2.6457513110645907,112.5205435788182,0.9090909090909091,35.0,85.54545454545455,-3,1594,2.6457513110645907,112.5205435788182,0.9090909090909091,35.0,85.54545454545455,-3
2025-05-18 19:10:09.757052,138,121730.242948,19.16916666666667,200,35,65,1,-3.0,-0.5999999999999943,6.800000000000011,-17.099999999999994,-9.699999999999989,4.599999999999994,12.0,-12.0,-4.599999999999994,0.0,0.0,0.1,1.0,0.1,14,47.9,24.3,49565.81,18391.81,100,19,-7.400000000000006,6.800000000000011,-4.700000000000003,4.1000000000000085,2,0.0,0.0,0.0,0.0,2,63,21.2,36.0,63,-7.900000000000006,7.300000000000011,-5.700000000000003,5.1000000000000085,0,0.0,0.0,0.0,0.0,6,10,22.4,40.0,10,-8.040921052631578,-35,815,1.9023794624226835,130.54227558260854,1.0,36.57142857142857,116.42857142857143,3,828,2.1671244937540095,126.26955294131677,0.875,36.125,103.5,-2,1241,2.6457513110645907,112.5205435788182,0.9090909090909091,35.0,85.54545454545455,-3,1535,2.6457513110645907,112.5205435788182,0.9090909090909091,35.0,85.54545454545455,-3,1594,2.6457513110645907,112.5205435788182,0.9090909090909091,35.0,85.54545454545455,-3
2025-05-18 19:10:09.757052,138,121730.242948,19.16916666666667,19,38,62,1,-3.0,-0.5999999999999943,6.800000000000011,-17.099999999999994,-9.699999999999989,4.599999999999994,12.0,-12.0,-4.599999999999994,0.0,0.0,0.1,1.0,0.1,14,47.9,24.3,49565.81,18391.81,100,19,-7.400000000000006,6.800000000000011,-4.700000000000003,4.1000000000000085,2,0.0,0.0,0.0,0.0,2,63,21.2,36.0,63,-7.900000000000006,7.300000000000011,-5.700000000000003,5.1000000000000085,0,0.0,0.0,0.0,0.0,6,10,22.4,40.0,10,-11.258243243243243,-38,815,1.9023794624226835,130.54227558260854,1.0,36.57142857142857,116.42857142857143,3,828,2.1671244937540095,126.26955294131677,0.875,36.125,103.5,-2,1241,2.6457513110645907,112.5205435788182,0.9090909090909091,35.0,85.54545454545455,-3,1535,2.6457513110645907,112.5205435788182,0.9090909090909091,35.0,85.54545454545455,-3,1594,2.6457513110645907,112.5205435788182,0.9090909090909091,35.0,85.54545454545455,-3
2025-05-18 19:10:09.757052,138,121730.242948,19.16916666666667,200,37,63,1,-3.0,-0.5999999999999943,6.800000000000011,-17.099999999999994,-9.699999999999989,4.599999999999994,12.0,-12.0,-4.599999999999994,0.0,0.0,0.1,1.0,0.1,14,47.9,24.3,49565.81,18391.81,100,19,-7.400000000000006,6.800000000000011,-4.700000000000003,4.1000000000000085,2,0.0,0.0,0.0,0.0,2,63,21.2,36.0,63,-7.900000000000006,7.300000000000011,-5.700000000000003,5.1000000000000085,0,0.0,0.0,0.0,0.0,6,10,22.4,40.0,10,-10.287223953393848,-37,815,1.9023794624226835,130.54227558260854,1.0,36.57142857142857,116.42857142857143,3,828,2.1671244937540095,126.26955294131677,0.875,36.125,103.5,-2,1241,2.6457513110645907,112.5205435788182,0.9090909090909091,35.0,85.54545454545455,-3,1535,2.6457513110645907,112.5205435788182,0.9090909090909091,35.0,85.54545454545455,-3,1594,2.6457513110645907,112.5205435788182,0.9090909090909091,35.0,85.54545454545455,-3
2025-05-18 19:10:09.757052,138,121730.242948,19.16916666666667,340,39,61,1,-3.0,-0.5999999999999943,6.800000000000011,-17.099999999999994,-9.699999999999989,4.599999999999994,12.0,-12.0,-4.599999999999994,0.0,0.0,0.1,1.0,0.1,14,47.9,24.3,49565.81,18391.81,100,19,-7.400000000000006,6.800000000000011,-4.700000000000003,4.1000000000000085,2,0.0,0.0,0.0,0.0,2,63,21.2,36.0,63,-7.900000000000006,7.300000000000011,-5.700000000000003,5.1000000000000085,0,0.0,0.0,0.0,0.0,6,10,22.4,40.0,10,-12.573736248433367,-39,815,1.9023794624226835,130.54227558260854,1.0,36.57142857142857,116.42857142857143,3,828,2.1671244937540095,126.26955294131677,0.875,36.125,103.5,-2,1241,2.6457513110645907,112.5205435788182,0.9090909090909091,35.0,85.54545454545455,-3,1535,2.6457513110645907,112.5205435788182,0.9090909090909091,35.0,85.54545454545455,-3,1594,2.6457513110645907,112.5205435788182,0.9090909090909091,35.0,85.54545454545455,-3
2025-05-18 19:10:09.757052,138,121730.242948,19.16916666666667,14,34,66,1,-3.0,-0.5999999999999943,6.800000000000011,-17.099999999999994,-9.699999999999989,4.599999999999994,12.0,-12.0,-4.599999999999994,0.0,0.0,0.1,1.0,0.1,14,47.9,24.3,49565.81,18391.81,100,19,-7.400000000000006,6.800000000000011,-4.700000000000003,4.1000000000000085,2,0.0,0.0,0.0,0.0,2,63,21.2,36.0,63,-7.900000000000006,7.300000000000011,-5.700000000000003,5.1000000000000085,0,0.0,0.0,0.0,0.0,6,10,22.4,40.0,10,-8.19865516737319,-34,815,1.9023794624226835,130.54227558260854,1.0,36.57142857142857,116.42857142857143,3,828,2.1671244937540095,126.26955294131677,0.875,36.125,103.5,-2,1241,2.6457513110645907,112.5205435788182,0.9090909090909091,35.0,85.54545454545455,-3,1535,2.6457513110645907,112.5205435788182,0.9090909090909091,35.0,85.54545454545455,-3,1594,2.6457513110645907,112.5205435788182,0.9090909090909091,35.0,85.54545454545455,-3
2025-05-18 19:10:09.757052,138,121730.242948,19.16916666666667,14,35,65,1,-3.0,-0.5999999999999943,6.800000000000011,-17.099999999999994,-9.699999999999989,4.599999999999994,12.0,-12.0,-4.599999999999994,0.0,0.0,0.1,1.0,0.1,14,47.9,24.3,49565.81,18391.81,100,19,-7.400000000000006,6.800000000000011,-4.700000000000003,4.1000000000000085,2,0.0,0.0,0.0,0.0,2,63,21.2,36.0,63,-7.900000000000006,7.300000000000011,-5.700000000000003,5.1000000000000085,0,0.0,0.0,0.0,0.0,6,10,22.4,40.0,10,-9.215467994726819,-35,815,1.9023794624226835,130.54227558260854,1.0,36.57142857142857,116.42857142857143,3,828,2.1671244937540095,126.26955294131677,0.875,36.125,103.5,-2,1241,2.6457513110645907,112.5205435788182,0.9090909090909091,35.0,85.54545454545455,-3,1535,2.6457513110645907,112.5205435788182,0.9090909090909091,35.0,85.54545454545455,-3,1594,2.6457513110645907,112.5205435788182,0.9090909090909091,35.0,85.54545454545455,-3
2025-05-18 19:10:37.637697,138,121702.362303,19.176944444444445,15,34,66,1,-3.0,-0.5999999999999943,6.800000000000011,-17.099999999999994,-9.699999999999989,4.599999999999994,12.0,-12.0,-4.599999999999994,0.0,0.0,0.1,1.0,0.1,14,47.9,24.3,49565.81,18391.81,100,19,-7.400000000000006,6.800000000000011,-4.700000000000003,4.1000000000000085,2,0.0,0.0,0.0,0.0,2,63,21.2,36.0,63,-7.900000000000006,7.300000000000011,-5.700000000000003,5.1000000000000085,0,0.0,0.0,0.0,0.0,6,10,22.4,40.0,10,-8.234404814325554,-34,830,1.9820624179302297,126.06659237992321,1.0,36.25,103.75,4,843,2.147349787787521,121.74255624061784,0.8888888888888888,35.888888888888886,93.66666666666667,-1,1256,2.539088359425425,109.19984459973402,0.9166666666666666,34.916666666666664,79.66666666666667,-2,1550,2.539088359425425,109.19984459973402,0.9166666666666666,34.916666666666664,79.66666666666667,-2,1609,2.539088359425425,109.19984459973402,0.9166666666666666,34.916666666666664,79.66666666666667,-2
2025-05-18 19:15:31.224070,138,121408.77593,19.25861111111111,7,32,68,0,-5.0,1.4000000000000057,6.800000000000011,-15.099999999999994,-9.699999999999989,6.599999999999994,12.0,-10.0,-4.599999999999994,0.0,0.0,0.1,1.0,0.1,14,47.9,24.3,49565.81,18391.81,100,19,-5.400000000000006,6.800000000000011,-2.700000000000003,4.1000000000000085,2,0.0,0.0,0.0,0.0,2,63,21.2,36.0,63,-5.900000000000006,7.300000000000011,-3.700000000000003,5.1000000000000085,0,0.0,0.0,0.0,0.0,6,10,22.4,40.0,10,37.73538414447505,-68,7,,,0.0,32.0,7.0,0,22,,,0.0,32.0,7.0,0,1263,0.0,65.29012176432205,0.8,32.0,61.4,0,1493,2.6352313834736494,51.775959672419404,0.8888888888888888,29.77777777777778,59.666666666666664,-5,1606,2.681847813040049,47.57706299338919,0.9230769230769231,28.76923076923077,49.07692307692308,-6
2025-05-18 19:37:48.451476,138,120071.548524,19.63,6,32,68,1,-5.0,1.4000000000000057,6.800000000000011,-15.099999999999994,-9.699999999999989,6.599999999999994,12.0,-10.0,-4.599999999999994,0.0,0.0,0.1,1.0,0.1,14,47.9,24.3,49565.81,18391.81,100,19,-5.400000000000006,6.800000000000011,-2.700000000000003,4.1000000000000085,2,0.0,0.0,0.0,0.0,2,63,21.2,36.0,63,-5.900000000000006,7.300000000000011,-3.700000000000003,5.1000000000000085,0,0.0,0.0,0.0,0.0,6,10,22.4,40.0,10,37.74886450625159,68,6,,,1.0,32.0,6.0,0,6,,,1.0,32.0,6.0,0,6,,,1.0,32.0,6.0,0,1269,0.0,62.62401030488759,0.8333333333333334,32.0,52.166666666666664,0,1600,2.7174648819470297,47.138094997570704,0.9285714285714286,29.0,46.0,-6
2025-05-18 19:38:04.885208,138,120055.114792,19.634444444444444,50,39,61,1,-3.0,-0.5999999999999943,6.800000000000011,-17.099999999999994,-9.699999999999989,4.599999999999994,12.0,-12.0,-4.599999999999994,0.0,0.0,0.1,1.0,0.1,14,47.9,24.3,49565.81,18391.81,100,19,-7.400000000000006,6.800000000000011,-4.700000000000003,4.1000000000000085,2,0.0,0.0,0.0,0.0,2,63,21.2,36.0,63,-7.900000000000006,7.300000000000011,-5.700000000000003,5.1000000000000085,0,0.0,0.0,0.0,0.0,6,10,22.4,40.0,10,-13.252574286554868,-39,56,,,1.0,39.0,50.0,0,56,,,1.0,39.0,50.0,0,56,,,1.0,39.0,50.0,0,1319,2.681847813040049,104.87416146787417,0.9230769230769231,35.23076923076923,77.38461538461539,-7,1650,2.681847813040049,104.87416146787417,0.9230769230769231,35.23076923076923,77.38461538461539,-7
2025-05-18 19:38:09.776488,138,120050.223512,19.635833333333334,200,29,71,0,-5.0,1.4000000000000057,6.800000000000011,-15.099999999999994,-9.699999999999989,6.599999999999994,12.0,-10.0,-4.599999999999994,0.0,0.0,0.1,1.0,0.1,14,47.9,24.3,49565.81,18391.81,100,19,-5.400000000000006,6.800000000000011,-2.700000000000003,4.1000000000000085,2,0.0,0.0,0.0,0.0,2,63,21.2,36.0,63,-5.900000000000006,7.300000000000011,-3.700000000000003,5.1000000000000085,0,0.0,0.0,0.0,0.0,6,10,22.4,40.0,10,40.76042677012609,-71,336,1.4142135623730951,87.21429546429492,0.25,31.0,71.5,0,336,1.4142135623730951,87.21429546429492,0.25,31.0,71.5,0,336,1.4142135623730951,87.21429546429492,0.25,31.0,71.5,0,1599,1.0137937550497031,70.79626481044824,0.5555555555555556,31.555555555555557,65.88888888888889,0,1930,2.5924097352259188,56.74497904712649,0.7647058823529411,29.294117647058822,54.35294117647059,-6
2025-05-18 19:38:09.776488,138,120050.223512,19.635833333333334,36,31,69,0,-5.0,1.4000000000000057,6.800000000000011,-15.099999999999994,-9.699999999999989,6.599999999999994,12.0,-10.0,-4.599999999999994,0.0,0.0,0.1,1.0,0.1,14,47.9,24.3,49565.81,18391.81,100,19,-5.400000000000006,6.800000000000011,-2.700000000000003,4.1000000000000085,2,0.0,0.0,0.0,0.0,2,63,21.2,36.0,63,-5.900000000000006,7.300000000000011,-3.700000000000003,5.1000000000000085,0,0.0,0.0,0.0,0.0,6,10,22.4,40.0,10,39.180875754293666,-69,336,1.4142135623730951,87.21429546429492,0.25,31.0,71.5,0,336,1.4142135623730951,87.21429546429492,0.25,31.0,71.5,0,336,1.4142135623730951,87.21429546429492,0.25,31.0,71.5,0,1599,1.0137937550497031,70.79626481044824,0.5555555555555556,31.555555555555557,65.88888888888889,0,1930,2.5924097352259188,56.74497904712649,0.7647058823529411,29.294117647058822,54.35294117647059,-6
2025-05-18 19:38:09.776488,138,120050.223512,19.635833333333334,44,32,68,0,-5.0,1.4000000000000057,6.800000000000011,-15.099999999999994,-9.699999999999989,6.599999999999994,12.0,-10.0,-4.599999999999994,0.0,0.0,0.1,1.0,0.1,14,47.9,24.3,49565.81,18391.81,100,19,-5.400000000000006,6.800000000000011,-2.700000000000003,4.1000000000000085,2,0.0,0.0,0.0,0.0,2,63,21.2,36.0,63,-5.900000000000006,7.300000000000011,-3.700000000000003,5.1000000000000085,0,0.0,0.0,0.0,0.0,6,10,22.4,40.0,10,38.25375910711517,-68,336,1.4142135623730951,87.21429546429492,0.25,31.0,71.5,0,336,1.4142135623730951,87.21429546429492,0.25,31.0,71.5,0,336,1.4142135623730951,87.21429546429492,0.25,31.0,71.5,0,1599,1.0137937550497031,70.79626481044824,0.5555555555555556,31.555555555555557,65.88888888888889,0,1930,2.5924097352259188,56.74497904712649,0.7647058823529411,29.294117647058822,54.35294117647059,-6
2025-05-18 20:39:21.218763,138,116378.781237,20.65583333333333,71,26,74,0,-5.0,1.4000000000000057,7.300000000000011,-15.099999999999994,-9.199999999999989,6.599999999999994,12.5,-10.0,-4.099999999999994,0.0,0.0,0.1,1.0,0.1,14,47.9,24.3,49565.81,18391.81,100,19,-5.900000000000006,7.300000000000011,-3.700000000000003,5.1000000000000085,0,0.0,0.0,0.0,0.0,6,10,22.4,40.0,10,-8.200000000000003,9.600000000000009,-5.0,6.400000000000006,0,0.0,0.0,0.0,0.0,8,8,18.6,38.5,0,44.34092910041949,-74,71,,,0.0,26.0,71.0,0,71,,,0.0,26.0,71.0,0,71,,,0.0,26.0,71.0,0,71,,,0.0,26.0,71.0,0,1670,2.0,66.7669246125821,0.5,31.0,66.4,6
2025-05-18 20:39:25.688195,138,116374.311805,20.65694444444444,79,26,74,0,-5.0,1.4000000000000057,7.300000000000011,-15.099999999999994,-9.199999999999989,6.599999999999994,12.5,-10.0,-4.099999999999994,0.0,0.0,0.1,1.0,0.1,14,47.9,24.3,49565.81,18391.81,100,19,-5.900000000000006,7.300000000000011,-3.700000000000003,5.1000000000000085,0,0.0,0.0,0.0,0.0,6,10,22.4,40.0,10,-8.200000000000003,9.600000000000009,-5.0,6.400000000000006,0,0.0,0.0,0.0,0.0,8,8,18.6,38.5,0,44.5045742800707,-74,150,0.0,5.656854249492381,0.0,26.0,75.0,0,150,0.0,5.656854249492381,0.0,26.0,75.0,0,150,0.0,5.656854249492381,0.0,26.0,75.0,0,150,0.0,5.656854249492381,0.0,26.0,75.0,0,1749,2.423371055519,63.454493357623825,0.45454545454545453,30.545454545454547,67.54545454545455,6
2025-05-18 20:42:24.088346,138,116195.911654,20.706666666666667,20,25,75,0,-5.0,1.4000000000000057,7.300000000000011,-15.099999999999994,-9.199999999999989,6.599999999999994,12.5,-10.0,-4.099999999999994,0.0,0.0,0.1,1.0,0.1,14,47.9,24.3,49565.81,18391.81,100,19,-5.900000000000006,7.300000000000011,-3.700000000000003,5.1000000000000085,0,0.0,0.0,0.0,0.0,6,10,22.4,40.0,10,-8.200000000000003,9.600000000000009,-5.0,6.400000000000006,0,0.0,0.0,0.0,0.0,8,8,18.6,38.5,0,45.688083929223865,-75,20,,,0.0,25.0,20.0,0,170,0.5773502691896258,32.00520790954706,0.0,25.666666666666668,56.666666666666664,1,170,0.5773502691896258,32.00520790954706,0.0,25.666666666666668,56.666666666666664,1,170,0.5773502691896258,32.00520790954706,0.0,25.666666666666668,56.666666666666664,1,1769,2.8109633849474367,62.03878308010729,0.4166666666666667,30.083333333333332,63.583333333333336,7
2025-05-18 21:03:40.359088,138,114919.640912,21.061111111111114,7,27,73,1,-5.0,1.4000000000000057,9.600000000000009,-15.099999999999994,-6.8999999999999915,6.599999999999994,14.799999999999997,-10.0,-1.7999999999999972,0.0,0.0,0.1,1.0,0.1,14,47.9,24.3,49565.81,18391.81,100,19,-8.200000000000003,9.600000000000009,-5.0,6.400000000000006,0,0.0,0.0,0.0,0.0,8,8,18.6,38.5,0,-10.299999999999997,11.700000000000003,-7.700000000000003,9.100000000000009,0,0.0,0.0,0.0,0.0,1,2,19.0,43.6,0,43.73582736820106,73,68,1.0,32.47049943153529,1.0,27.0,22.666666666666668,-1,68,1.0,32.47049943153529,1.0,27.0,22.666666666666668,-1,68,1.0,32.47049943153529,1.0,27.0,22.666666666666668,-1,238,1.0327955589886444,34.325889160612675,0.5,26.333333333333332,39.666666666666664,-2,1537,2.7699688216164584,57.459709204086494,0.36363636363636365,28.545454545454547,48.27272727272727,4
2025-05-18 21:03:40.359088,138,114919.640912,21.061111111111114,1,26,74,1,-5.0,1.4000000000000057,9.600000000000009,-15.099999999999994,-6.8999999999999915,6.599999999999994,14.799999999999997,-10.0,-1.7999999999999972,0.0,0.0,0.1,1.0,0.1,14,47.9,24.3,49565.81,18391.81,100,19,-8.200000000000003,9.600000000000009,-5.0,6.400000000000006,0,0.0,0.0,0.0,0.0,8,8,18.6,38.5,0,-10.299999999999997,11.700000000000003,-7.700000000000003,9.100000000000009,0,0.0,0.0,0.0,0.0,1,2,19.0,43.6,0,44.75182939577671,74,68,1.0,32.47049943153529,1.0,27.0,22.666666666666668,-1,68,1.0,32.47049943153529,1.0,27.0,22.666666666666668,-1,68,1.0,32.47049943153529,1.0,27.0,22.666666666666668,-1,238,1.0327955589886444,34.325889160612675,0.5,26.333333333333332,39.666666666666664,-2,1537,2.7699688216164584,57.459709204086494,0.36363636363636365,28.545454545454547,48.27272727272727,4
2025-05-18 21:03:40.359088,138,114919.640912,21.061111111111114,60,28,72,1,-5.0,1.4000000000000057,9.600000000000009,-15.099999999999994,-6.8999999999999915,6.599999999999994,14.799999999999997,-10.0,-1.7999999999999972,0.0,0.0,0.1,1.0,0.1,14,47.9,24.3,49565.81,18391.81,100,19,-8.200000000000003,9.600000000000009,-5.0,6.400000000000006,0,0.0,0.0,0.0,0.0,8,8,18.6,38.5,0,-10.299999999999997,11.700000000000003,-7.700000000000003,9.100000000000009,0,0.0,0.0,0.0,0.0,1,2,19.0,43.6,0,42.75416862683602,72,68,1.0,32.47049943153529,1.0,27.0,22.666666666666668,-1,68,1.0,32.47049943153529,1.0,27.0,22.666666666666668,-1,68,1.0,32.47049943153529,1.0,27.0,22.666666666666668,-1,238,1.0327955589886444,34.325889160612675,0.5,26.333333333333332,39.666666666666664,-2,1537,2.7699688216164584,57.459709204086494,0.36363636363636365,28.545454545454547,48.27272727272727,4
2025-05-18 21:07:48.887963,138,114671.112037,21.13,6,40,60,1,-3.0,-0.5999999999999943,9.600000000000009,-17.099999999999994,-6.8999999999999915,4.599999999999994,14.799999999999997,-12.0,-1.7999999999999972,0.0,0.0,0.1,1.0,0.1,14,47.9,24.3,49565.81,18391.81,100,19,-10.200000000000003,9.600000000000009,-7.0,6.400000000000006,0,0.0,0.0,0.0,0.0,8,8,18.6,38.5,0,-12.299999999999997,11.700000000000003,-9.700000000000003,9.100000000000009,0,0.0,0.0,0.0,0.0,1,2,19.0,43.6,0,-14.35077059869591,-40,6,,,1.0,40.0,6.0,0,74,,,1.0,40.0,6.0,0,74,,,1.0,40.0,6.0,0,244,,,1.0,40.0,6.0,0,1417,2.2335820757001272,116.14091058326997,1.0,36.9,88.6,-2
2025-05-18 21:39:37.545372,138,112762.454628,21.660277777777775,30,31,69,1,-5.0,1.4000000000000057,9.600000000000009,-15.099999999999994,-6.8999999999999915,6.599999999999994,14.799999999999997,-10.0,-1.7999999999999972,0.0,0.0,0.1,1.0,0.1,14,47.9,24.3,49565.81,18391.81,100,19,-8.200000000000003,9.600000000000009,-5.0,6.400000000000006,0,0.0,0.0,0.0,0.0,8,8,18.6,38.5,0,-10.299999999999997,11.700000000000003,-7.700000000000003,9.100000000000009,0,0.0,0.0,0.0,0.0,1,2,19.0,43.6,0,39.888679146347854,69,30,,,1.0,31.0,30.0,0,30,,,1.0,31.0,30.0,0,30,,,1.0,31.0,30.0,0,124,2.3021728866442674,23.265854809140368,0.8,27.4,23.6,-6,274,2.0,31.54739442867026,0.5714285714285714,27.0,38.285714285714285,-5
2025-05-18 21:50:56.171297,138,112083.828703,21.848888888888887,28,33,67,1,-5.0,1.4000000000000057,9.600000000000009,-15.099999999999994,-6.8999999999999915,6.599999999999994,14.799999999999997,-10.0,-1.7999999999999972,0.0,0.0,0.1,1.0,0.1,14,47.9,24.3,49565.81,18391.81,100,19,-8.200000000000003,9.600000000000009,-5.0,6.400000000000006,0,0.0,0.0,0.0,0.0,8,8,18.6,38.5,0,-10.299999999999997,11.700000000000003,-7.700000000000003,9.100000000000009,0,0.0,0.0,0.0,0.0,1,2,19.0,43.6,0,37.95152565516517,67,28,,,1.0,33.0,28.0,0,28,,,1.0,33.0,28.0,0,58,1.4142135623730951,1.4142135623730951,1.0,32.0,29.0,-2,132,2.9154759474226504,23.231444208227778,1.0,29.0,25.2,-6,302,2.815771906346718,29.43273202211637,0.625,27.75,37.0,-7
2025-05-18 21:51:02.306815,138,112077.693185,21.850555555555555,5,24,76,0,-1.0,-2.5999999999999943,9.600000000000009,-19.099999999999994,-6.8999999999999915,2.5999999999999943,14.799999999999997,-14.0,-1.7999999999999972,0.0,0.0,0.1,1.0,0.1,14,47.9,24.3,49565.81,18391.81,100,19,-12.200000000000003,9.600000000000009,-9.0,6.400000000000006,0,0.0,0.0,0.0,0.0,8,8,18.6,38.5,0,-14.299999999999997,11.700000000000003,-11.700000000000003,9.100000000000009,0,0.0,0.0,0.0,0.0,1,2,19.0,43.6,0,-11.20783015192832,24,33,,,0.0,24.0,5.0,0,33,,,0.0,24.0,5.0,0,63,,,0.0,24.0,5.0,0,137,,,0.0,24.0,5.0,0,307,,,0.0,24.0,5.0,0
2025-05-18 21:51:21.138918,138,112058.861082,21.855833333333333,80,24,76,0,-1.0,-2.5999999999999943,9.600000000000009,-19.099999999999994,-6.8999999999999915,2.5999999999999943,14.799999999999997,-14.0,-1.7999999999999972,0.0,0.0,0.1,1.0,0.1,14,47.9,24.3,49565.81,18391.81,100,19,-12.200000000000003,9.600000000000009,-9.0,6.400000000000006,0,0.0,0.0,0.0,0.0,8,8,18.6,38.5,0,-14.299999999999997,11.700000000000003,-11.700000000000003,9.100000000000009,0,0.0,0.0,0.0,0.0,1,2,19.0,43.6,0,-11.21875609280562,24,113,0.0,53.033008588991066,0.0,24.0,42.5,0,113,0.0,53.033008588991066,0.0,24.0,42.5,0,143,0.0,53.033008588991066,0.0,24.0,42.5,0,217,0.0,53.033008588991066,0.0,24.0,42.5,0,387,0.0,53.033008588991066,0.0,24.0,42.5,0
2025-05-18 21:57:05.918883,138,111714.081117,21.95138888888889,13,33,67,1,-5.0,1.4000000000000057,9.600000000000009,-15.099999999999994,-6.8999999999999915,6.599999999999994,14.799999999999997,-10.0,-1.7999999999999972,0.0,0.0,0.1,1.0,0.1,14,47.9,24.3,49565.81,18391.81,100,19,-8.200000000000003,9.600000000000009,-5.0,6.400000000000006,0,0.0,0.0,0.0,0.0,8,8,18.6,38.5,0,-10.299999999999997,11.700000000000003,-7.700000000000003,9.100000000000009,0,0.0,0.0,0.0,0.0,1,2,19.0,43.6,0,38.007415978541005,67,65,0.0,27.577164466275352,1.0,33.0,32.5,0,65,0.0,27.577164466275352,1.0,33.0,32.5,0,178,0.0,19.672315572906,1.0,33.0,31.0,0,282,3.0783421635988546,22.34363657147366,1.0,30.142857142857142,27.285714285714285,-6,452,3.32665998663324,27.602133572928338,0.7,28.8,36.1,-7
2025-05-18 21:57:05.918883,138,111714.081117,21.95138888888889,52,33,67,1,-5.0,1.4000000000000057,9.600000000000009,-15.099999999999994,-6.8999999999999915,6.599999999999994,14.799999999999997,-10.0,-1.7999999999999972,0.0,0.0,0.1,1.0,0.1,14,47.9,24.3,49565.81,18391.81,100,19,-8.200000000000003,9.600000000000009,-5.0,6.400000000000006,0,0.0,0.0,0.0,0.0,8,8,18.6,38.5,0,-10.299999999999997,11.700000000000003,-7.700000000000003,9.100000000000009,0,0.0,0.0,0.0,0.0,1,2,19.0,43.6,0,38.03342105263158,67,65,0.0,27.577164466275352,1.0,33.0,32.5,0,65,0.0,27.577164466275352,1.0,33.0,32.5,0,178,0.0,19.672315572906,1.0,33.0,31.0,0,282,3.0783421635988546,22.34363657147366,1.0,30.142857142857142,27.285714285714285,-6,452,3.32665998663324,27.602133572928338,0.7,28.8,36.1,-7
2025-05-18 21:57:07.549028,138,111712.450972,21.951944444444443,14,24,76,0,-1.0,-2.5999999999999943,9.600000000000009,-19.099999999999994,-6.8999999999999915,2.5999999999999943,14.799999999999997,-14.0,-1.7999999999999972,0.0,0.0,0.1,1.0,0.1,14,47.9,24.3,49565.81,18391.81,100,19,-12.200000000000003,9.600000000000009,-9.0,6.400000000000006,0,0.0,0.0,0.0,0.0,8,8,18.6,38.5,0,-14.299999999999997,11.700000000000003,-11.700000000000003,9.100000000000009,0,0.0,0.0,0.0,0.0,1,2,19.0,43.6,0,-11.39651416122004,24,79,,,0.0,24.0,14.0,0,79,,,0.0,24.0,14.0,0,192,0.0,40.95119045888654,0.0,24.0,33.0,0,296,0.0,40.95119045888654,0.0,24.0,33.0,0,466,0.0,40.95119045888654,0.0,24.0,33.0,0
2025-05-18 21:57:13.418893,138,111706.581107,21.953611111111112,4,33,67,0,-5.0,1.4000000000000057,9.600000000000009,-15.099999999999994,-6.8999999999999915,6.599999999999994,14.799999999999997,-10.0,-1.7999999999999972,0.0,0.0,0.1,1.0,0.1,14,47.9,24.3,49565.81,18391.81,100,19,-8.200000000000003,9.600000000000009,-5.0,6.400000000000006,0,0.0,0.0,0.0,0.0,8,8,18.6,38.5,0,-10.299999999999997,11.700000000000003,-7.700000000000003,9.100000000000009,0,0.0,0.0,0.0,0.0,1,2,19.0,43.6,0,38.13779818450496,-67,83,0.0,25.514701644346147,0.6666666666666666,33.0,23.0,0,83,0.0,25.514701644346147,0.6666666666666666,33.0,23.0,0,196,0.0,20.982135258357285,0.75,33.0,24.25,0,300,3.0237157840738176,22.26424102841659,0.875,30.5,24.375,-6,470,3.4005347173108476,27.917085026263692,0.6363636363636364,29.181818181818183,33.18181818181818,-7
2025-05-18 21:57:20.431877,138,111699.568123,21.955555555555556,1,24,76,0,-1.0,-2.5999999999999943,9.600000000000009,-19.099999999999994,-6.8999999999999915,2.5999999999999943,14.799999999999997,-14.0,-1.7999999999999972,0.0,0.0,0.1,1.0,0.1,14,47.9,24.3,49565.81,18391.81,100,19,-12.200000000000003,9.600000000000009,-9.0,6.400000000000006,0,0.0,0.0,0.0,0.0,8,8,18.6,38.5,0,-14.299999999999997,11.700000000000003,-11.700000000000003,9.100000000000009,0,0.0,0.0,0.0,0.0,1,2,19.0,43.6,0,-11.428202581926513,24,84,0.0,9.192388155425117,0.0,24.0,7.5,0,84,0.0,9.192388155425117,0.0,24.0,7.5,0,197,0.0,37.067505985701274,0.0,24.0,25.0,0,301,0.0,37.067505985701274,0.0,24.0,25.0,0,471,0.0,37.067505985701274,0.0,24.0,25.0,0
2025-05-18 21:57:23.858494,138,111696.141506,21.95638888888889,38,33,67,0,-5.0,1.4000000000000057,9.600000000000009,-15.099999999999994,-6.8999999999999915,6.599999999999994,14.799999999999997,-10.0,-1.7999999999999972,0.0,0.0,0.1,1.0,0.1,14,47.9,24.3,49565.81,18391.81,100,19,-8.200000000000003,9.600000000000009,-5.0,6.400000000000006,0,0.0,0.0,0.0,0.0,8,8,18.6,38.5,0,-10.299999999999997,11.700000000000003,-7.700000000000003,9.100000000000009,0,0.0,0.0,0.0,0.0,1,2,19.0,43.6,0,38.14585092905405,-67,122,0.0,22.14158982548453,0.5,33.0,26.75,0,122,0.0,22.14158982548453,0.5,33.0,26.75,0,235,0.0,19.183326093250876,0.6,33.0,27.0,0,339,2.9486343354923554,21.315747960395644,0.7777777777777778,30.77777777777778,25.88888888888889,-6,509,3.424510582152248,26.654211106258046,0.5833333333333334,29.5,33.583333333333336,-7
2025-05-18 21:57:27.007962,138,111692.992038,21.9575,38,33,67,0,-5.0,1.4000000000000057,9.600000000000009,-15.099999999999994,-6.8999999999999915,6.599999999999994,14.799999999999997,-10.0,-1.7999999999999972,0.0,0.0,0.1,1.0,0.1,14,47.9,24.3,49565.81,18391.81,100,19,-8.200000000000003,9.600000000000009,-5.0,6.400000000000006,0,0.0,0.0,0.0,0.0,8,8,18.6,38.5,0,-10.299999999999997,11.700000000000003,-7.700000000000003,9.100000000000009,0,0.0,0.0,0.0,0.0,1,2,19.0,43.6,0,38.22252195070348,-67,160,0.0,19.82422760159901,0.4,33.0,29.0,0,160,0.0,19.82422760159901,0.4,33.0,29.0,0,273,0.0,17.73602736428501,0.5,33.0,28.833333333333332,0,377,2.8674417556808756,20.458358791565967,0.7,31.0,27.1,-6,547,3.4194016570604413,25.548847131398897,0.5384615384615384,29.76923076923077,33.92307692307692,-7
2025-05-18 21:58:21.963979,138,111638.036021,21.972499999999997,155,33,67,0,-5.0,1.4000000000000057,9.600000000000009,-15.099999999999994,-6.8999999999999915,6.599999999999994,14.799999999999997,-10.0,-1.7999999999999972,0.0,0.0,0.1,1.0,0.1,14,47.9,24.3,49565.81,18391.81,100,19,-8.200000000000003,9.600000000000009,-5.0,6.400000000000006,0,0.0,0.0,0.0,0.0,8,8,18.6,38.5,0,-10.299999999999997,11.700000000000003,-7.700000000000003,9.100000000000009,0,0.0,0.0,0.0,0.0,1,2,19.0,43.6,0,38.29950180199279,-67,315,0.0,54.40955798386897,0.3333333333333333,33.0,50.0,0,315,0.0,54.40955798386897,0.3333333333333333,33.0,50.0,0,428,0.0,50.36013162356565,0.42857142857142855,33.0,46.857142857142854,0,532,2.786330268226716,43.171960597338895,0.6363636363636364,31.181818181818183,38.72727272727273,-6,702,3.3968311024337874,40.61586330054246,0.5,30.0,42.57142857142857,-7
2025-05-18 22:00:37.922566,138,111502.077434,22.010277777777777,9,24,76,0,-1.0,-2.5999999999999943,11.700000000000003,-19.099999999999994,-4.799999999999997,2.5999999999999943,16.89999999999999,-14.0,0.29999999999999716,0.0,0.0,0.1,1.0,0.1,14,47.9,24.3,49565.81,18391.81,100,19,-14.299999999999997,11.700000000000003,-11.700000000000003,9.100000000000009,0,0.0,0.0,0.0,0.0,1,2,19.0,43.6,0,-15.0,12.400000000000006,-9.700000000000003,7.1000000000000085,0,0.0,0.0,0.0,0.0,10,63,9.1,40.0,0,-11.430472785061582,24,9,,,0.0,24.0,9.0,0,324,0.0,6.557438524302,0.0,24.0,8.0,0,437,0.0,32.88920795641027,0.0,24.0,21.8,0,541,0.0,32.88920795641027,0.0,24.0,21.8,0,711,0.0,32.88920795641027,0.0,24.0,21.8,0
2025-05-18 22:03:22.259805,138,111337.740195,22.05611111111111,88,24,76,0,-1.0,-2.5999999999999943,11.700000000000003,-19.099999999999994,-4.799999999999997,2.5999999999999943,16.89999999999999,-14.0,0.29999999999999716,0.0,0.0,0.1,1.0,0.1,14,47.9,24.3,49565.81,18391.81,100,19,-14.299999999999997,11.700000000000003,-11.700000000000003,9.100000000000009,0,0.0,0.0,0.0,0.0,1,2,19.0,43.6,0,-15.0,12.400000000000006,-9.700000000000003,7.1000000000000085,0,0.0,0.0,0.0,0.0,10,63,9.1,40.0,0,-11.450945273631845,24,88,,,0.0,24.0,88.0,0,97,0.0,55.86143571373726,0.0,24.0,48.5,0,525,0.0,39.94704828478153,0.0,24.0,32.833333333333336,0,629,0.0,39.94704828478153,0.0,24.0,32.833333333333336,0,799,0.0,39.94704828478153,0.0,24.0,32.833333333333336,0
2025-05-18 22:06:21.137052,138,111158.862948,22.105833333333333,92,24,76,0,-1.0,-2.5999999999999943,11.700000000000003,-19.099999999999994,-4.799999999999997,2.5999999999999943,16.89999999999999,-14.0,0.29999999999999716,0.0,0.0,0.1,1.0,0.1,14,47.9,24.3,49565.81,18391.81,100,19,-14.299999999999997,11.700000000000003,-11.700000000000003,9.100000000000009,0,0.0,0.0,0.0,0.0,1,2,19.0,43.6,0,-15.0,12.400000000000006,-9.700000000000003,7.1000000000000085,0,0.0,0.0,0.0,0.0,10,63,9.1,40.0,0,-11.655053676321657,24,92,,,0.0,24.0,92.0,0,180,0.0,2.8284271247461903,0.0,24.0,90.0,0,584,0.0,43.45879274285776,0.0,24.0,47.333333333333336,0,653,0.0,42.77738610416446,0.0,24.0,41.285714285714285,0,891,0.0,42.77738610416446,0.0,24.0,41.285714285714285,0
2025-05-18 22:09:24.487419,138,110975.512581,22.156666666666666,90,24,76,0,-1.0,-2.5999999999999943,11.700000000000003,-19.099999999999994,-4.799999999999997,2.5999999999999943,16.89999999999999,-14.0,0.29999999999999716,0.0,0.0,0.1,1.0,0.1,14,47.9,24.3,49565.81,18391.81,100,19,-14.299999999999997,11.700000000000003,-11.700000000000003,9.100000000000009,0,0.0,0.0,0.0,0.0,1,2,19.0,43.6,0,-15.0,12.400000000000006,-9.700000000000003,7.1000000000000085,0,0.0,0.0,0.0,0.0,10,63,9.1,40.0,0,-11.876367389060889,24,90,,,0.0,24.0,90.0,0,182,0.0,1.4142135623730951,0.0,24.0,91.0,0,594,0.0,45.12205669071391,0.0,24.0,49.0,0,737,0.0,43.187092979268705,0.0,24.0,47.375,0,981,0.0,43.187092979268705,0.0,24.0,47.375,0
2025-05-18 22:09:29.668119,138,110970.331881,22.158055555555553,17,8,92,0,1.0,-4.599999999999994,11.700000000000003,-21.099999999999994,-4.799999999999997,0.5999999999999943,16.89999999999999,-16.0,0.29999999999999716,0.0,0.0,0.1,1.0,0.1,14,47.9,24.3,49565.81,18391.81,100,19,-16.299999999999997,11.700000000000003,-13.700000000000003,9.100000000000009,0,0.0,0.0,0.0,0.0,1,2,19.0,43.6,0,-17.0,12.400000000000006,-11.700000000000003,7.1000000000000085,0,0.0,0.0,0.0,0.0,10,63,9.1,40.0,0,-2.374854481955765,8,107,,,0.0,8.0,17.0,0,199,,,0.0,8.0,17.0,0,611,,,0.0,8.0,17.0,0,754,,,0.0,8.0,17.0,0,998,,,0.0,8.0,17.0,0
2025-05-18 22:09:35.099125,138,110964.900875,22.15972222222222,2,24,76,0,-1.0,-2.5999999999999943,11.700000000000003,-19.099999999999994,-4.799999999999997,2.5999999999999943,16.89999999999999,-14.0,0.29999999999999716,0.0,0.0,0.1,1.0,0.1,14,47.9,24.3,49565.81,18391.81,100,19,-14.299999999999997,11.700000000000003,-11.700000000000003,9.100000000000009,0,0.0,0.0,0.0,0.0,1,2,19.0,43.6,0,-15.0,12.400000000000006,-9.700000000000003,7.1000000000000085,0,0.0,0.0,0.0,0.0,10,63,9.1,40.0,0,-12.101156677181919,24,109,0.0,62.22539674441618,0.0,24.0,46.0,0,201,0.0,51.39390365922143,0.0,24.0,61.333333333333336,0,613,0.0,44.85797694098671,0.0,24.0,42.285714285714285,0,756,0.0,43.136411533645216,0.0,24.0,42.333333333333336,0,1000,0.0,43.136411533645216,0.0,24.0,42.333333333333336,0
2025-05-18 22:09:53.406705,138,110946.593295,22.16472222222222,8,35,65,1,-5.0,1.4000000000000057,11.700000000000003,-15.099999999999994,-4.799999999999997,6.599999999999994,16.89999999999999,-10.0,0.29999999999999716,0.0,0.0,0.1,1.0,0.1,14,47.9,24.3,49565.81,18391.81,100,19,-10.299999999999997,11.700000000000003,-7.700000000000003,9.100000000000009,0,0.0,0.0,0.0,0.0,1,2,19.0,43.6,0,-11.0,12.400000000000006,-5.700000000000003,7.1000000000000085,0,0.0,0.0,0.0,0.0,10,63,9.1,40.0,0,36.61673702773473,65,117,,,1.0,35.0,8.0,0,209,,,1.0,35.0,8.0,0,621,0.7559289460184544,52.14403129793476,0.42857142857142855,33.285714285714285,44.0,-2,764,1.0,45.64263357870578,0.5555555555555556,33.0,40.666666666666664,-4,1008,3.5186577527449843,40.14343331225218,0.5333333333333333,30.333333333333332,40.266666666666666,-9
2025-05-18 22:15:48.943507,138,110591.056493,22.263333333333332,14,36,64,1,-5.0,1.4000000000000057,11.700000000000003,-15.099999999999994,-4.799999999999997,6.599999999999994,16.89999999999999,-10.0,0.29999999999999716,0.0,0.0,0.1,1.0,0.1,14,47.9,24.3,49565.81,18391.81,100,19,-10.299999999999997,11.700000000000003,-7.700000000000003,9.100000000000009,0,0.0,0.0,0.0,0.0,1,2,19.0,43.6,0,-11.0,12.400000000000006,-5.700000000000003,7.1000000000000085,0,0.0,0.0,0.0,0.0,10,63,9.1,40.0,0,35.63239775461106,64,842,5.447267872312438,93.04446639791497,1.0,40.54545454545455,76.54545454545455,1,842,5.447267872312438,93.04446639791497,1.0,40.54545454545455,76.54545454545455,1,1139,5.434876152027643,90.89437759723027,1.0,40.083333333333336,70.83333333333333,0,1606,5.556172480366223,75.95386411292192,0.8,37.15,60.4,-4,1850,6.728698582592671,68.55250654677883,0.7307692307692307,34.65384615384615,55.61538461538461,-9
2025-05-18 22:15:48.943507,138,110591.056493,22.263333333333332,21,44,56,1,-5.0,1.4000000000000057,11.700000000000003,-15.099999999999994,-4.799999999999997,6.599999999999994,16.89999999999999,-10.0,0.29999999999999716,0.0,0.0,0.1,1.0,0.1,14,47.9,24.3,49565.81,18391.81,100,19,-10.299999999999997,11.700000000000003,-7.700000000000003,9.100000000000009,0,0.0,0.0,0.0,0.0,1,2,19.0,43.6,0,-11.0,12.400000000000006,-5.700000000000003,7.1000000000000085,0,0.0,0.0,0.0,0.0,10,63,9.1,40.0,0,27.65908726124873,56,842,5.447267872312438,93.04446639791497,1.0,40.54545454545455,76.54545454545455,1,842,5.447267872312438,93.04446639791497,1.0,40.54545454545455,76.54545454545455,1,1139,5.434876152027643,90.89437759723027,1.0,40.083333333333336,70.83333333333333,0,1606,5.556172480366223,75.95386411292192,0.8,37.15,60.4,-4,1850,6.728698582592671,68.55250654677883,0.7307692307692307,34.65384615384615,55.61538461538461,-9
2025-05-18 22:15:48.943507,138,110591.056493,22.263333333333332,14,36,64,1,-5.0,1.4000000000000057,11.700000000000003,-15.099999999999994,-4.799999999999997,6.599999999999994,16.89999999999999,-10.0,0.29999999999999716,0.0,0.0,0.1,1.0,0.1,14,47.9,24.3,49565.81,18391.81,100,19,-10.299999999999997,11.700000000000003,-7.700000000000003,9.100000000000009,0,0.0,0.0,0.0,0.0,1,2,19.0,43.6,0,-11.0,12.400000000000006,-5.700000000000003,7.1000000000000085,0,0.0,0.0,0.0,0.0,10,63,9.1,40.0,0,35.69019817889662,64,842,5.447267872312438,93.04446639791497,1.0,40.54545454545455,76.54545454545455,1,842,5.447267872312438,93.04446639791497,1.0,40.54545454545455,76.54545454545455,1,1139,5.434876152027643,90.89437759723027,1.0,40.083333333333336,70.83333333333333,0,1606,5.556172480366223,75.95386411292192,0.8,37.15,60.4,-4,1850,6.728698582592671,68.55250654677883,0.7307692307692307,34.65384615384615,55.61538461538461,-9
2025-05-18 22:15:48.943507,138,110591.056493,22.263333333333332,299,43,57,1,-5.0,1.4000000000000057,11.700000000000003,-15.099999999999994,-4.799999999999997,6.599999999999994,16.89999999999999,-10.0,0.29999999999999716,0.0,0.0,0.1,1.0,0.1,14,47.9,24.3,49565.81,18391.81,100,19,-10.299999999999997,11.700000000000003,-7.700000000000003,9.100000000000009,0,0.0,0.0,0.0,0.0,1,2,19.0,43.6,0,-11.0,12.400000000000006,-5.700000000000003,7.1000000000000085,0,0.0,0.0,0.0,0.0,10,63,9.1,40.0,0,28.716981132075475,57,842,5.447267872312438,93.04446639791497,1.0,40.54545454545455,76.54545454545455,1,842,5.447267872312438,93.04446639791497,1.0,40.54545454545455,76.54545454545455,1,1139,5.434876152027643,90.89437759723027,1.0,40.083333333333336,70.83333333333333,0,1606,5.556172480366223,75.95386411292192,0.8,37.15,60.4,-4,1850,6.728698582592671,68.55250654677883,0.7307692307692307,34.65384615384615,55.61538461538461,-9
2025-05-18 22:15:48.943507,138,110591.056493,22.263333333333332,30,37,63,1,-5.0,1.4000000000000057,11.700000000000003,-15.099999999999994,-4.799999999999997,6.599999999999994,16.89999999999999,-10.0,0.29999999999999716,0.0,0.0,0.1,1.0,0.1,14,47.9,24.3,49565.81,18391.81,100,19,-10.299999999999997,11.700000000000003,-7.700000000000003,9.100000000000009,0,0.0,0.0,0.0,0.0,1,2,19.0,43.6,0,-11.0,12.400000000000006,-5.700000000000003,7.1000000000000085,0,0.0,0.0,0.0,0.0,10,63,9.1,40.0,0,35.18472517295855,63,842,5.447267872312438,93.04446639791497,1.0,40.54545454545455,76.54545454545455,1,842,5.447267872312438,93.04446639791497,1.0,40.54545454545455,76.54545454545455,1,1139,5.434876152027643,90.89437759723027,1.0,40.083333333333336,70.83333333333333,0,1606,5.556172480366223,75.95386411292192,0.8,37.15,60.4,-4,1850,6.728698582592671,68.55250654677883,0.7307692307692307,34.65384615384615,55.61538461538461,-9
2025-05-18 22:15:48.943507,138,110591.056493,22.263333333333332,54,38,62,1,-5.0,1.4000000000000057,11.700000000000003,-15.099999999999994,-4.799999999999997,6.599999999999994,16.89999999999999,-10.0,0.29999999999999716,0.0,0.0,0.1,1.0,0.1,14,47.9,24.3,49565.81,18391.81,100,19,-10.299999999999997,11.700000000000003,-7.700000000000003,9.100000000000009,0,0.0,0.0,0.0,0.0,1,2,19.0,43.6,0,-11.0,12.400000000000006,-5.700000000000003,7.1000000000000085,0,0.0,0.0,0.0,0.0,10,63,9.1,40.0,0,34.242320074207456,62,842,5.447267872312438,93.04446639791497,1.0,40.54545454545455,76.54545454545455,1,842,5.447267872312438,93.04446639791497,1.0,40.54545454545455,76.54545454545455,1,1139,5.434876152027643,90.89437759723027,1.0,40.083333333333336,70.83333333333333,0,1606,5.556172480366223,75.95386411292192,0.8,37.15,60.4,-4,1850,6.728698582592671,68.55250654677883,0.7307692307692307,34.65384615384615,55.61538461538461,-9
2025-05-18 22:15:48.943507,138,110591.056493,22.263333333333332,26,43,57,1,-5.0,1.4000000000000057,11.700000000000003,-15.099999999999994,-4.799999999999997,6.599999999999994,16.89999999999999,-10.0,0.29999999999999716,0.0,0.0,0.1,1.0,0.1,14,47.9,24.3,49565.81,18391.81,100,19,-10.299999999999997,11.700000000000003,-7.700000000000003,9.100000000000009,0,0.0,0.0,0.0,0.0,1,2,19.0,43.6,0,-11.0,12.400000000000006,-5.700000000000003,7.1000000000000085,0,0.0,0.0,0.0,0.0,10,63,9.1,40.0,0,29.343512285886277,57,842,5.447267872312438,93.04446639791497,1.0,40.54545454545455,76.54545454545455,1,842,5.447267872312438,93.04446639791497,1.0,40.54545454545455,76.54545454545455,1,1139,5.434876152027643,90.89437759723027,1.0,40.083333333333336,70.83333333333333,0,1606,5.556172480366223,75.95386411292192,0.8,37.15,60.4,-4,1850,6.728698582592671,68.55250654677883,0.7307692307692307,34.65384615384615,55.61538461538461,-9
2025-05-18 22:15:48.943507,138,110591.056493,22.263333333333332,3,54,46,1,-5.0,1.4000000000000057,11.700000000000003,-15.099999999999994,-4.799999999999997,6.599999999999994,16.89999999999999,-10.0,0.29999999999999716,0.0,0.0,0.1,1.0,0.1,14,47.9,24.3,49565.81,18391.81,100,19,-10.299999999999997,11.700000000000003,-7.700000000000003,9.100000000000009,0,0.0,0.0,0.0,0.0,1,2,19.0,43.6,0,-11.0,12.400000000000006,-5.700000000000003,7.1000000000000085,0,0.0,0.0,0.0,0.0,10,63,9.1,40.0,0,18.3853236148408,46,842,5.447267872312438,93.04446639791497,1.0,40.54545454545455,76.54545454545455,1,842,5.447267872312438,93.04446639791497,1.0,40.54545454545455,76.54545454545455,1,1139,5.434876152027643,90.89437759723027,1.0,40.083333333333336,70.83333333333333,0,1606,5.556172480366223,75.95386411292192,0.8,37.15,60.4,-4,1850,6.728698582592671,68.55250654677883,0.7307692307692307,34.65384615384615,55.61538461538461,-9
2025-05-18 22:15:48.943507,138,110591.056493,22.263333333333332,142,40,60,1,-5.0,1.4000000000000057,11.700000000000003,-15.099999999999994,-4.799999999999997,6.599999999999994,16.89999999999999,-10.0,0.29999999999999716,0.0,0.0,0.1,1.0,0.1,14,47.9,24.3,49565.81,18391.81,100,19,-10.299999999999997,11.700000000000003,-7.700000000000003,9.100000000000009,0,0.0,0.0,0.0,0.0,1,2,19.0,43.6,0,-11.0,12.400000000000006,-5.700000000000003,7.1000000000000085,0,0.0,0.0,0.0,0.0,10,63,9.1,40.0,0,32.38834685376014,60,842,5.447267872312438,93.04446639791497,1.0,40.54545454545455,76.54545454545455,1,842,5.447267872312438,93.04446639791497,1.0,40.54545454545455,76.54545454545455,1,1139,5.434876152027643,90.89437759723027,1.0,40.083333333333336,70.83333333333333,0,1606,5.556172480366223,75.95386411292192,0.8,37.15,60.4,-4,1850,6.728698582592671,68.55250654677883,0.7307692307692307,34.65384615384615,55.61538461538461,-9
2025-05-18 22:15:48.943507,138,110591.056493,22.263333333333332,58,40,60,1,-5.0,1.4000000000000057,11.700000000000003,-15.099999999999994,-4.799999999999997,6.599999999999994,16.89999999999999,-10.0,0.29999999999999716,0.0,0.0,0.1,1.0,0.1,14,47.9,24.3,49565.81,18391.81,100,19,-10.299999999999997,11.700000000000003,-7.700000000000003,9.100000000000009,0,0.0,0.0,0.0,0.0,1,2,19.0,43.6,0,-11.0,12.400000000000006,-5.700000000000003,7.1000000000000085,0,0.0,0.0,0.0,0.0,10,63,9.1,40.0,0,32.642415202740025,60,842,5.447267872312438,93.04446639791497,1.0,40.54545454545455,76.54545454545455,1,842,5.447267872312438,93.04446639791497,1.0,40.54545454545455,76.54545454545455,1,1139,5.434876152027643,90.89437759723027,1.0,40.083333333333336,70.83333333333333,0,1606,5.556172480366223,75.95386411292192,0.8,37.15,60.4,-4,1850,6.728698582592671,68.55250654677883,0.7307692307692307,34.65384615384615,55.61538461538461,-9
2025-05-18 22:15:48.943507,138,110591.056493,22.263333333333332,181,35,65,1,-5.0,1.4000000000000057,11.700000000000003,-15.099999999999994,-4.799999999999997,6.599999999999994,16.89999999999999,-10.0,0.29999999999999716,0.0,0.0,0.1,1.0,0.1,14,47.9,24.3,49565.81,18391.81,100,19,-10.299999999999997,11.700000000000003,-7.700000000000003,9.100000000000009,0,0.0,0.0,0.0,0.0,1,2,19.0,43.6,0,-11.0,12.400000000000006,-5.700000000000003,7.1000000000000085,0,0.0,0.0,0.0,0.0,10,63,9.1,40.0,0,37.74733983595655,65,842,5.447267872312438,93.04446639791497,1.0,40.54545454545455,76.54545454545455,1,842,5.447267872312438,93.04446639791497,1.0,40.54545454545455,76.54545454545455,1,1139,5.434876152027643,90.89437759723027,1.0,40.083333333333336,70.83333333333333,0,1606,5.556172480366223,75.95386411292192,0.8,37.15,60.4,-4,1850,6.728698582592671,68.55250654677883,0.7307692307692307,34.65384615384615,55.61538461538461,-9
2025-05-18 22:15:51.679390,138,110588.32061,22.264166666666668,30,35,65,0,-3.0,-0.5999999999999943,11.700000000000003,-17.099999999999994,-4.799999999999997,4.599999999999994,16.89999999999999,-12.0,0.29999999999999716,0.0,0.0,0.1,1.0,0.1,14,47.9,24.3,49565.81,18391.81,100,19,-12.299999999999997,11.700000000000003,-9.700000000000003,9.100000000000009,0,0.0,0.0,0.0,0.0,1,2,19.0,43.6,0,-13.0,12.400000000000006,-7.700000000000003,7.1000000000000085,0,0.0,0.0,0.0,0.0,10,63,9.1,40.0,0,-9.363541975674877,35,872,,,0.0,35.0,30.0,0,872,,,0.0,35.0,30.0,0,1169,,,0.0,35.0,30.0,0,1636,,,0.0,35.0,30.0,0,1880,3.5355339059327378,16.97056274847714,0.5,37.5,18.0,5
2025-05-18 22:15:56.728866,138,110583.271134,22.265555555555554,13,24,76,0,-1.0,-2.5999999999999943,11.700000000000003,-19.099999999999994,-4.799999999999997,2.5999999999999943,16.89999999999999,-14.0,0.29999999999999716,0.0,0.0,0.1,1.0,0.1,14,47.9,24.3,49565.81,18391.81,100,19,-14.299999999999997,11.700000000000003,-11.700000000000003,9.100000000000009,0,0.0,0.0,0.0,0.0,1,2,19.0,43.6,0,-15.0,12.400000000000006,-9.700000000000003,7.1000000000000085,0,0.0,0.0,0.0,0.0,10,63,9.1,40.0,0,-12.106248685041024,24,885,,,0.0,24.0,13.0,0,885,,,0.0,24.0,13.0,0,1182,0.0,45.37620521815371,0.0,24.0,57.0,0,1649,0.0,41.713839962828224,0.0,24.0,39.4,0,1893,0.0,41.713839962828224,0.0,24.0,39.4,0
2025-05-18 22:18:44.179528,138,110415.820472,22.31222222222222,32,8,92,0,1.0,-4.599999999999994,11.700000000000003,-21.099999999999994,-4.799999999999997,0.5999999999999943,16.89999999999999,-16.0,0.29999999999999716,0.0,0.0,0.1,1.0,0.1,14,47.9,24.3,49565.81,18391.81,100,19,-16.299999999999997,11.700000000000003,-13.700000000000003,9.100000000000009,0,0.0,0.0,0.0,0.0,1,2,19.0,43.6,0,-17.0,12.400000000000006,-11.700000000000003,7.1000000000000085,0,0.0,0.0,0.0,0.0,10,63,9.1,40.0,0,-2.390625,8,32,,,0.0,8.0,32.0,0,917,,,0.0,8.0,32.0,0,1126,0.0,10.606601717798213,0.0,8.0,24.5,0,1681,0.0,10.606601717798213,0.0,8.0,24.5,0,1925,0.0,10.606601717798213,0.0,8.0,24.5,0
2025-05-18 22:31:28.338774,138,109651.661226,22.524444444444445,137,32,68,0,-3.0,-0.5999999999999943,11.700000000000003,-17.099999999999994,-4.799999999999997,4.599999999999994,16.89999999999999,-12.0,0.29999999999999716,0.0,0.0,0.1,1.0,0.1,14,47.9,24.3,49565.81,18391.81,100,19,-12.299999999999997,11.700000000000003,-9.700000000000003,9.100000000000009,0,0.0,0.0,0.0,0.0,1,2,19.0,43.6,0,-13.0,12.400000000000006,-7.700000000000003,7.1000000000000085,0,0.0,0.0,0.0,0.0,10,63,9.1,40.0,0,-6.405393325387365,32,144,0.7071067811865476,91.92388155425118,0.0,32.5,72.0,-1,144,0.7071067811865476,91.92388155425118,0.0,32.5,72.0,-1,176,0.7071067811865476,91.92388155425118,0.0,32.5,72.0,-1,1825,1.5275252316519465,69.3757882838098,0.0,33.333333333333336,58.0,2,2069,3.559026084010437,62.327094161902544,0.25,35.0,45.0,7
2025-05-18 22:31:28.338774,138,109651.661226,22.524444444444445,7,33,67,0,-3.0,-0.5999999999999943,11.700000000000003,-17.099999999999994,-4.799999999999997,4.599999999999994,16.89999999999999,-12.0,0.29999999999999716,0.0,0.0,0.1,1.0,0.1,14,47.9,24.3,49565.81,18391.81,100,19,-12.299999999999997,11.700000000000003,-9.700000000000003,9.100000000000009,0,0.0,0.0,0.0,0.0,1,2,19.0,43.6,0,-13.0,12.400000000000006,-7.700000000000003,7.1000000000000085,0,0.0,0.0,0.0,0.0,10,63,9.1,40.0,0,-7.538859315589349,33,144,0.7071067811865476,91.92388155425118,0.0,32.5,72.0,-1,144,0.7071067811865476,91.92388155425118,0.0,32.5,72.0,-1,176,0.7071067811865476,91.92388155425118,0.0,32.5,72.0,-1,1825,1.5275252316519465,69.3757882838098,0.0,33.333333333333336,58.0,2,2069,3.559026084010437,62.327094161902544,0.25,35.0,45.0,7
2025-05-18 22:41:43.285448,138,109036.714552,22.69527777777778,95,21,79,0,-1.0,-2.5999999999999943,11.700000000000003,-19.099999999999994,-4.799999999999997,2.5999999999999943,16.89999999999999,-14.0,0.29999999999999716,0.0,0.0,0.1,1.0,0.1,14,47.9,24.3,49565.81,18391.81,100,19,-14.299999999999997,11.700000000000003,-11.700000000000003,9.100000000000009,0,0.0,0.0,0.0,0.0,1,2,19.0,43.6,0,-15.0,12.400000000000006,-9.700000000000003,7.1000000000000085,0,0.0,0.0,0.0,0.0,10,63,9.1,40.0,0,-9.139451476793255,21,435,2.5166114784235836,142.72701215957684,0.0,21.333333333333332,145.0,-3,435,2.5166114784235836,142.72701215957684,0.0,21.333333333333332,145.0,-3,579,2.5166114784235836,142.72701215957684,0.0,21.333333333333332,145.0,-3,2230,1.5566235649883124,82.73265563060518,0.0,23.384615384615383,63.76923076923077,0,2354,1.5566235649883124,82.73265563060518,0.0,23.384615384615383,63.76923076923077,0
2025-05-18 22:41:43.285448,138,109036.714552,22.69527777777778,34,19,81,0,-1.0,-2.5999999999999943,11.700000000000003,-19.099999999999994,-4.799999999999997,2.5999999999999943,16.89999999999999,-14.0,0.29999999999999716,0.0,0.0,0.1,1.0,0.1,14,47.9,24.3,49565.81,18391.81,100,19,-14.299999999999997,11.700000000000003,-11.700000000000003,9.100000000000009,0,0.0,0.0,0.0,0.0,1,2,19.0,43.6,0,-15.0,12.400000000000006,-9.700000000000003,7.1000000000000085,0,0.0,0.0,0.0,0.0,10,63,9.1,40.0,0,-7.326372443487628,19,435,2.5166114784235836,142.72701215957684,0.0,21.333333333333332,145.0,-3,435,2.5166114784235836,142.72701215957684,0.0,21.333333333333332,145.0,-3,579,2.5166114784235836,142.72701215957684,0.0,21.333333333333332,145.0,-3,2230,1.5566235649883124,82.73265563060518,0.0,23.384615384615383,63.76923076923077,0,2354,1.5566235649883124,82.73265563060518,0.0,23.384615384615383,63.76923076923077,0
2025-05-18 22:41:43.285448,138,109036.714552,22.69527777777778,306,24,76,0,-1.0,-2.5999999999999943,11.700000000000003,-19.099999999999994,-4.799999999999997,2.5999999999999943,16.89999999999999,-14.0,0.29999999999999716,0.0,0.0,0.1,1.0,0.1,14,47.9,24.3,49565.81,18391.81,100,19,-14.299999999999997,11.700000000000003,-11.700000000000003,9.100000000000009,0,0.0,0.0,0.0,0.0,1,2,19.0,43.6,0,-15.0,12.400000000000006,-9.700000000000003,7.1000000000000085,0,0.0,0.0,0.0,0.0,10,63,9.1,40.0,0,-12.380394708306227,24,435,2.5166114784235836,142.72701215957684,0.0,21.333333333333332,145.0,-3,435,2.5166114784235836,142.72701215957684,0.0,21.333333333333332,145.0,-3,579,2.5166114784235836,142.72701215957684,0.0,21.333333333333332,145.0,-3,2230,1.5566235649883124,82.73265563060518,0.0,23.384615384615383,63.76923076923077,0,2354,1.5566235649883124,82.73265563060518,0.0,23.384615384615383,63.76923076923077,0
2025-05-18 22:44:15.311938,138,108884.688062,22.7375,5,37,63,1,-5.0,1.4000000000000057,11.700000000000003,-15.099999999999994,-4.799999999999997,6.599999999999994,16.89999999999999,-10.0,0.29999999999999716,0.0,0.0,0.1,1.0,0.1,14,47.9,24.3,49565.81,18391.81,100,19,-10.299999999999997,11.700000000000003,-7.700000000000003,9.100000000000009,0,0.0,0.0,0.0,0.0,1,2,19.0,43.6,0,-11.0,12.400000000000006,-5.700000000000003,7.1000000000000085,0,0.0,0.0,0.0,0.0,10,63,9.1,40.0,0,36.12982141857471,63,24,1.4142135623730951,9.899494936611665,1.0,38.0,12.0,-2,459,1.4142135623730951,9.899494936611665,1.0,38.0,12.0,-2,603,1.4142135623730951,9.899494936611665,1.0,38.0,12.0,-2,2254,5.240410743625423,75.25284364188822,0.8095238095238095,37.523809523809526,57.23809523809524,-6,2358,6.013872850889571,70.41839248378224,0.84,36.0,52.0,-12
2025-05-18 22:44:15.311938,138,108884.688062,22.7375,19,39,61,1,-5.0,1.4000000000000057,11.700000000000003,-15.099999999999994,-4.799999999999997,6.599999999999994,16.89999999999999,-10.0,0.29999999999999716,0.0,0.0,0.1,1.0,0.1,14,47.9,24.3,49565.81,18391.81,100,19,-10.299999999999997,11.700000000000003,-7.700000000000003,9.100000000000009,0,0.0,0.0,0.0,0.0,1,2,19.0,43.6,0,-11.0,12.400000000000006,-5.700000000000003,7.1000000000000085,0,0.0,0.0,0.0,0.0,10,63,9.1,40.0,0,34.13993728301041,61,24,1.4142135623730951,9.899494936611665,1.0,38.0,12.0,-2,459,1.4142135623730951,9.899494936611665,1.0,38.0,12.0,-2,603,1.4142135623730951,9.899494936611665,1.0,38.0,12.0,-2,2254,5.240410743625423,75.25284364188822,0.8095238095238095,37.523809523809526,57.23809523809524,-6,2358,6.013872850889571,70.41839248378224,0.84,36.0,52.0,-12
2025-05-18 22:44:16.154537,138,108883.845463,22.73777777777778,24,39,61,1,-5.0,1.4000000000000057,11.700000000000003,-15.099999999999994,-4.799999999999997,6.599999999999994,16.89999999999999,-10.0,0.29999999999999716,0.0,0.0,0.1,1.0,0.1,14,47.9,24.3,49565.81,18391.81,100,19,-10.299999999999997,11.700000000000003,-7.700000000000003,9.100000000000009,0,0.0,0.0,0.0,0.0,1,2,19.0,43.6,0,-11.0,12.400000000000006,-5.700000000000003,7.1000000000000085,0,0.0,0.0,0.0,0.0,10,63,9.1,40.0,0,34.17629911990582,61,48,1.1547005383792517,9.848857801796104,1.0,38.333333333333336,16.0,-2,483,1.1547005383792517,9.848857801796104,1.0,38.333333333333336,16.0,-2,627,1.1547005383792517,9.848857801796104,1.0,38.333333333333336,16.0,-2,2278,5.123792223855954,73.78035731508167,0.8181818181818182,37.59090909090909,55.72727272727273,-6,2382,5.921668164137015,69.21382698676507,0.8461538461538461,36.11538461538461,50.92307692307692,-12
2025-05-18 22:50:07.631804,138,108532.368196,22.835277777777776,37,38,62,1,-5.0,1.4000000000000057,11.700000000000003,-15.099999999999994,-4.799999999999997,6.599999999999994,16.89999999999999,-10.0,0.29999999999999716,0.0,0.0,0.1,1.0,0.1,14,47.9,24.3,49565.81,18391.81,100,19,-10.299999999999997,11.700000000000003,-7.700000000000003,9.100000000000009,0,0.0,0.0,0.0,0.0,1,2,19.0,43.6,0,-11.0,12.400000000000006,-5.700000000000003,7.1000000000000085,0,0.0,0.0,0.0,0.0,10,63,9.1,40.0,0,35.2223407241089,62,37,,,1.0,38.0,37.0,0,37,,,1.0,38.0,37.0,0,520,0.9574271077563381,13.225606476327151,1.0,38.25,21.25,-1,2315,5.006714858656255,72.18972039858096,0.8260869565217391,37.608695652173914,54.91304347826087,-5,2419,5.817989588251499,67.9226139182046,0.8518518518518519,36.18518518518518,50.407407407407405,-11
2025-05-18 22:58:28.383155,138,108031.616845,22.974444444444444,69,26,74,1,-1.0,-2.5999999999999943,11.700000000000003,-19.099999999999994,-4.799999999999997,2.5999999999999943,16.89999999999999,-14.0,0.29999999999999716,0.0,0.0,0.1,1.0,0.1,14,47.9,24.3,49565.81,18391.81,100,19,-14.299999999999997,11.700000000000003,-11.700000000000003,9.100000000000009,0,0.0,0.0,0.0,0.0,1,2,19.0,43.6,0,-15.0,12.400000000000006,-9.700000000000003,7.1000000000000085,0,0.0,0.0,0.0,0.0,10,63,9.1,40.0,0,-15.260394889663182,-26,69,,,1.0,26.0,69.0,0,69,,,1.0,26.0,69.0,0,154,,,1.0,26.0,69.0,0,1956,1.9550504398153574,87.8506308078282,0.1,23.4,79.8,-2,2488,1.6508406117111138,79.49925702880415,0.07142857142857142,23.571428571428573,64.14285714285714,-2
2025-05-18 23:01:37.705200,138,107842.2948,23.026944444444442,18,21,79,0,-1.0,-2.5999999999999943,12.400000000000006,-19.099999999999994,-4.099999999999994,2.5999999999999943,17.599999999999994,-14.0,1.0,0.0,0.0,0.1,1.0,0.1,14,47.9,24.3,49565.81,18391.81,100,19,-15.0,12.400000000000006,-9.700000000000003,7.1000000000000085,0,0.0,0.0,0.0,0.0,10,63,9.1,40.0,0,-16.099999999999994,13.5,-10.599999999999994,8.0,0,0.0,0.0,0.0,0.0,1,82,14.2,45.4,0,-10.508970727101044,21,69,1.0,19.0,0.0,20.0,23.0,2,138,3.1091263510296048,27.742866951104144,0.25,21.5,34.5,7,175,3.1091263510296048,27.742866951104144,0.25,21.5,34.5,7,2016,2.354878881270658,82.03159036725924,0.08333333333333333,22.5,71.5,5,2557,2.0757705868933987,73.76727115813385,0.058823529411764705,22.941176470588236,56.88235294117647,5
2025-05-18 23:01:37.705200,138,107842.2948,23.026944444444442,7,20,80,0,-1.0,-2.5999999999999943,12.400000000000006,-19.099999999999994,-4.099999999999994,2.5999999999999943,17.599999999999994,-14.0,1.0,0.0,0.0,0.1,1.0,0.1,14,47.9,24.3,49565.81,18391.81,100,19,-15.0,12.400000000000006,-9.700000000000003,7.1000000000000085,0,0.0,0.0,0.0,0.0,10,63,9.1,40.0,0,-16.099999999999994,13.5,-10.599999999999994,8.0,0,0.0,0.0,0.0,0.0,1,82,14.2,45.4,0,-9.553816974869605,20,69,1.0,19.0,0.0,20.0,23.0,2,138,3.1091263510296048,27.742866951104144,0.25,21.5,34.5,7,175,3.1091263510296048,27.742866951104144,0.25,21.5,34.5,7,2016,2.354878881270658,82.03159036725924,0.08333333333333333,22.5,71.5,5,2557,2.0757705868933987,73.76727115813385,0.058823529411764705,22.941176470588236,56.88235294117647,5
2025-05-18 23:01:37.705200,138,107842.2948,23.026944444444442,44,19,81,0,-1.0,-2.5999999999999943,12.400000000000006,-19.099999999999994,-4.099999999999994,2.5999999999999943,17.599999999999994,-14.0,1.0,0.0,0.0,0.1,1.0,0.1,14,47.9,24.3,49565.81,18391.81,100,19,-15.0,12.400000000000006,-9.700000000000003,7.1000000000000085,0,0.0,0.0,0.0,0.0,10,63,9.1,40.0,0,-16.099999999999994,13.5,-10.599999999999994,8.0,0,0.0,0.0,0.0,0.0,1,82,14.2,45.4,0,-8.569698408929,19,69,1.0,19.0,0.0,20.0,23.0,2,138,3.1091263510296048,27.742866951104144,0.25,21.5,34.5,7,175,3.1091263510296048,27.742866951104144,0.25,21.5,34.5,7,2016,2.354878881270658,82.03159036725924,0.08333333333333333,22.5,71.5,5,2557,2.0757705868933987,73.76727115813385,0.058823529411764705,22.941176470588236,56.88235294117647,5
2025-05-18 23:02:18.796877,138,107801.203123,23.038333333333334,32,38,62,1,-5.0,1.4000000000000057,12.400000000000006,-15.099999999999994,-4.099999999999994,6.599999999999994,17.599999999999994,-10.0,1.0,0.0,0.0,0.1,1.0,0.1,14,47.9,24.3,49565.81,18391.81,100,19,-11.0,12.400000000000006,-5.700000000000003,7.1000000000000085,0,0.0,0.0,0.0,0.0,10,63,9.1,40.0,0,-12.099999999999994,13.5,-6.599999999999994,8.0,0,0.0,0.0,0.0,0.0,1,82,14.2,45.4,0,35.2956463044212,62,101,,,1.0,38.0,32.0,0,170,,,1.0,38.0,32.0,0,207,0.0,3.5355339059327378,1.0,38.0,34.5,0,2048,4.611367029672756,78.83438522699119,1.0,39.529411764705884,56.88235294117647,-3,2589,5.719524714778577,66.74363612332611,0.8571428571428571,36.25,49.75,-11
2025-05-18 23:02:34.173079,138,107785.826921,23.04277777777778,6,41,59,1,-5.0,1.4000000000000057,12.400000000000006,-15.099999999999994,-4.099999999999994,6.599999999999994,17.599999999999994,-10.0,1.0,0.0,0.0,0.1,1.0,0.1,14,47.9,24.3,49565.81,18391.81,100,19,-11.0,12.400000000000006,-5.700000000000003,7.1000000000000085,0,0.0,0.0,0.0,0.0,10,63,9.1,40.0,0,-12.099999999999994,13.5,-6.599999999999994,8.0,0,0.0,0.0,0.0,0.0,1,82,14.2,45.4,0,32.35929223486983,59,111,1.7320508075688772,15.620499351813308,1.0,39.0,14.0,0,180,1.7320508075688772,15.620499351813308,1.0,39.0,14.0,0,217,1.5,17.173137938847013,1.0,38.75,19.75,0,2058,4.376305152023306,76.10542088261057,1.0,39.526315789473685,51.421052631578945,-3,2599,5.593921167033774,65.39465512975988,0.8666666666666667,36.46666666666667,46.766666666666666,-11
2025-05-18 23:02:34.173079,138,107785.826921,23.04277777777778,4,38,62,1,-5.0,1.4000000000000057,12.400000000000006,-15.099999999999994,-4.099999999999994,6.599999999999994,17.599999999999994,-10.0,1.0,0.0,0.0,0.1,1.0,0.1,14,47.9,24.3,49565.81,18391.81,100,19,-11.0,12.400000000000006,-5.700000000000003,7.1000000000000085,0,0.0,0.0,0.0,0.0,10,63,9.1,40.0,0,-12.099999999999994,13.5,-6.599999999999994,8.0,0,0.0,0.0,0.0,0.0,1,82,14.2,45.4,0,35.37023675310034,62,111,1.7320508075688772,15.620499351813308,1.0,39.0,14.0,0,180,1.7320508075688772,15.620499351813308,1.0,39.0,14.0,0,217,1.5,17.173137938847013,1.0,38.75,19.75,0,2058,4.376305152023306,76.10542088261057,1.0,39.526315789473685,51.421052631578945,-3,2599,5.593921167033774,65.39465512975988,0.8666666666666667,36.46666666666667,46.766666666666666,-11
2025-05-18 23:10:10.220352,138,107329.779648,23.169444444444444,3,33,67,0,-5.0,1.4000000000000057,12.400000000000006,-15.099999999999994,-4.099999999999994,6.599999999999994,17.599999999999994,-10.0,1.0,0.0,0.0,0.1,1.0,0.1,14,47.9,24.3,49565.81,18391.81,100,19,-11.0,12.400000000000006,-5.700000000000003,7.1000000000000085,0,0.0,0.0,0.0,0.0,10,63,9.1,40.0,0,-12.099999999999994,13.5,-6.599999999999994,8.0,0,0.0,0.0,0.0,0.0,1,82,14.2,45.4,0,40.378213802435724,-67,10,0.7071067811865476,2.8284271247461903,0.0,33.5,5.0,-1,10,0.7071067811865476,2.8284271247461903,0.0,33.5,5.0,-1,190,3.2710854467592254,12.177848742696717,0.6,36.8,10.4,4,1771,4.556949579892695,74.89183428188458,0.9,39.15,48.95,2,2535,4.770857757661862,66.45590041153147,0.7931034482758621,37.241379310344826,46.37931034482759,-3
2025-05-18 23:10:10.220352,138,107329.779648,23.169444444444444,7,34,66,0,-5.0,1.4000000000000057,12.400000000000006,-15.099999999999994,-4.099999999999994,6.599999999999994,17.599999999999994,-10.0,1.0,0.0,0.0,0.1,1.0,0.1,14,47.9,24.3,49565.81,18391.81,100,19,-11.0,12.400000000000006,-5.700000000000003,7.1000000000000085,0,0.0,0.0,0.0,0.0,10,63,9.1,40.0,0,-12.099999999999994,13.5,-6.599999999999994,8.0,0,0.0,0.0,0.0,0.0,1,82,14.2,45.4,0,39.385044831669774,-66,10,0.7071067811865476,2.8284271247461903,0.0,33.5,5.0,-1,10,0.7071067811865476,2.8284271247461903,0.0,33.5,5.0,-1,190,3.2710854467592254,12.177848742696717,0.6,36.8,10.4,4,1771,4.556949579892695,74.89183428188458,0.9,39.15,48.95,2,2535,4.770857757661862,66.45590041153147,0.7931034482758621,37.241379310344826,46.37931034482759,-3
2025-05-18 23:24:28.457097,138,106471.542903,23.407777777777778,19,38,62,1,-5.0,1.4000000000000057,12.400000000000006,-15.099999999999994,-4.099999999999994,6.599999999999994,17.599999999999994,-10.0,1.0,0.0,0.0,0.1,1.0,0.1,14,47.9,24.3,49565.81,18391.81,100,19,-11.0,12.400000000000006,-5.700000000000003,7.1000000000000085,0,0.0,0.0,0.0,0.0,10,63,9.1,40.0,0,-12.099999999999994,13.5,-6.599999999999994,8.0,0,0.0,0.0,0.0,0.0,1,82,14.2,45.4,0,35.400597991650685,62,36,1.0,6.244997998398398,1.0,39.0,12.0,-1,36,1.0,6.244997998398398,1.0,39.0,12.0,-1,46,3.1144823004794873,6.016643582596529,0.6,36.8,9.2,-6,890,2.2896340848319503,11.602964615941389,0.8333333333333334,37.833333333333336,14.416666666666666,-2,2571,4.571012275831958,63.99350237933687,0.8125,37.40625,43.15625,-8
2025-05-18 23:24:28.457097,138,106471.542903,23.407777777777778,10,40,60,1,-5.0,1.4000000000000057,12.400000000000006,-15.099999999999994,-4.099999999999994,6.599999999999994,17.599999999999994,-10.0,1.0,0.0,0.0,0.1,1.0,0.1,14,47.9,24.3,49565.81,18391.81,100,19,-11.0,12.400000000000006,-5.700000000000003,7.1000000000000085,0,0.0,0.0,0.0,0.0,10,63,9.1,40.0,0,-12.099999999999994,13.5,-6.599999999999994,8.0,0,0.0,0.0,0.0,0.0,1,82,14.2,45.4,0,33.438583611001306,60,36,1.0,6.244997998398398,1.0,39.0,12.0,-1,36,1.0,6.244997998398398,1.0,39.0,12.0,-1,46,3.1144823004794873,6.016643582596529,0.6,36.8,9.2,-6,890,2.2896340848319503,11.602964615941389,0.8333333333333334,37.833333333333336,14.416666666666666,-2,2571,4.571012275831958,63.99350237933687,0.8125,37.40625,43.15625,-8
2025-05-18 23:24:28.457097,138,106471.542903,23.407777777777778,7,39,61,1,-5.0,1.4000000000000057,12.400000000000006,-15.099999999999994,-4.099999999999994,6.599999999999994,17.599999999999994,-10.0,1.0,0.0,0.0,0.1,1.0,0.1,14,47.9,24.3,49565.81,18391.81,100,19,-11.0,12.400000000000006,-5.700000000000003,7.1000000000000085,0,0.0,0.0,0.0,0.0,10,63,9.1,40.0,0,-12.099999999999994,13.5,-6.599999999999994,8.0,0,0.0,0.0,0.0,0.0,1,82,14.2,45.4,0,34.457478668700915,61,36,1.0,6.244997998398398,1.0,39.0,12.0,-1,36,1.0,6.244997998398398,1.0,39.0,12.0,-1,46,3.1144823004794873,6.016643582596529,0.6,36.8,9.2,-6,890,2.2896340848319503,11.602964615941389,0.8333333333333334,37.833333333333336,14.416666666666666,-2,2571,4.571012275831958,63.99350237933687,0.8125,37.40625,43.15625,-8
2025-05-18 23:26:04.268139,138,106375.731861,23.434444444444445,15,39,61,1,-5.0,1.4000000000000057,12.400000000000006,-15.099999999999994,-4.099999999999994,6.599999999999994,17.599999999999994,-10.0,1.0,0.0,0.0,0.1,1.0,0.1,14,47.9,24.3,49565.81,18391.81,100,19,-11.0,12.400000000000006,-5.700000000000003,7.1000000000000085,0,0.0,0.0,0.0,0.0,10,63,9.1,40.0,0,-12.099999999999994,13.5,-6.599999999999994,8.0,0,0.0,0.0,0.0,0.0,1,82,14.2,45.4,0,34.47111362351612,61,51,0.816496580927726,5.315072906367325,1.0,39.0,12.75,-1,51,0.816496580927726,5.315072906367325,1.0,39.0,12.75,-1,51,0.816496580927726,5.315072906367325,1.0,39.0,12.75,-1,905,2.215909838025097,11.110170900391111,0.8461538461538461,37.92307692307692,14.461538461538462,-2,2586,4.507569391388425,63.17608568936748,0.8181818181818182,37.45454545454545,42.303030303030305,-8
2025-05-18 23:36:24.159735,138,105755.840265,23.60666666666667,1,24,76,1,-1.0,-2.5999999999999943,12.400000000000006,-19.099999999999994,-4.099999999999994,2.5999999999999943,17.599999999999994,-14.0,1.0,0.0,0.0,0.1,1.0,0.1,14,47.9,24.3,49565.81,18391.81,100,19,-15.0,12.400000000000006,-9.700000000000003,7.1000000000000085,0,0.0,0.0,0.0,0.0,10,63,9.1,40.0,0,-16.099999999999994,13.5,-10.599999999999994,8.0,0,0.0,0.0,0.0,0.0,1,82,14.2,45.4,0,-13.660187185025197,-24,1,,,1.0,24.0,1.0,0,1,,,1.0,24.0,1.0,0,52,,,1.0,24.0,1.0,0,762,2.6049403612586386,99.78798954354606,0.25,21.75,71.75,-3,2587,2.0291986247835694,72.76679555915399,0.1111111111111111,23.0,53.77777777777778,0
2025-05-18 23:36:25.300076,138,105754.699924,23.606944444444444,162,35,65,1,-5.0,1.4000000000000057,12.400000000000006,-15.099999999999994,-4.099999999999994,6.599999999999994,17.599999999999994,-10.0,1.0,0.0,0.0,0.1,1.0,0.1,14,47.9,24.3,49565.81,18391.81,100,19,-11.0,12.400000000000006,-5.700000000000003,7.1000000000000085,0,0.0,0.0,0.0,0.0,10,63,9.1,40.0,0,-12.099999999999994,13.5,-6.599999999999994,8.0,0,0.0,0.0,0.0,0.0,1,82,14.2,45.4,0,38.50036775106082,65,215,1.1547005383792517,79.43131204590122,1.0,34.333333333333336,71.33333333333333,0,215,1.1547005383792517,79.43131204590122,1.0,34.333333333333336,71.33333333333333,0,266,2.6457513110645907,55.65796909526544,1.0,37.0,37.857142857142854,3,976,2.4899799195977463,38.282937887959086,0.875,37.25,25.125,2,2801,4.4066147968995395,63.84248970758809,0.8333333333333334,37.19444444444444,44.72222222222222,-4
2025-05-18 23:36:25.300076,138,105754.699924,23.606944444444444,14,33,67,1,-5.0,1.4000000000000057,12.400000000000006,-15.099999999999994,-4.099999999999994,6.599999999999994,17.599999999999994,-10.0,1.0,0.0,0.0,0.1,1.0,0.1,14,47.9,24.3,49565.81,18391.81,100,19,-11.0,12.400000000000006,-5.700000000000003,7.1000000000000085,0,0.0,0.0,0.0,0.0,10,63,9.1,40.0,0,-12.099999999999994,13.5,-6.599999999999994,8.0,0,0.0,0.0,0.0,0.0,1,82,14.2,45.4,0,40.85650659510078,67,215,1.1547005383792517,79.43131204590122,1.0,34.333333333333336,71.33333333333333,0,215,1.1547005383792517,79.43131204590122,1.0,34.333333333333336,71.33333333333333,0,266,2.6457513110645907,55.65796909526544,1.0,37.0,37.857142857142854,3,976,2.4899799195977463,38.282937887959086,0.875,37.25,25.125,2,2801,4.4066147968995395,63.84248970758809,0.8333333333333334,37.19444444444444,44.72222222222222,-4
2025-05-18 23:36:25.300076,138,105754.699924,23.606944444444444,38,35,65,1,-5.0,1.4000000000000057,12.400000000000006,-15.099999999999994,-4.099999999999994,6.599999999999994,17.599999999999994,-10.0,1.0,0.0,0.0,0.1,1.0,0.1,14,47.9,24.3,49565.81,18391.81,100,19,-11.0,12.400000000000006,-5.700000000000003,7.1000000000000085,0,0.0,0.0,0.0,0.0,10,63,9.1,40.0,0,-12.099999999999994,13.5,-6.599999999999994,8.0,0,0.0,0.0,0.0,0.0,1,82,14.2,45.4,0,38.889193668209614,65,215,1.1547005383792517,79.43131204590122,1.0,34.333333333333336,71.33333333333333,0,215,1.1547005383792517,79.43131204590122,1.0,34.333333333333336,71.33333333333333,0,266,2.6457513110645907,55.65796909526544,1.0,37.0,37.857142857142854,3,976,2.4899799195977463,38.282937887959086,0.875,37.25,25.125,2,2801,4.4066147968995395,63.84248970758809,0.8333333333333334,37.19444444444444,44.72222222222222,-4
2025-05-18 23:59:01.548626,138,104398.451374,23.983611111111113,44,37,63,1,-3.0,-0.5999999999999943,12.400000000000006,-17.099999999999994,-4.099999999999994,4.599999999999994,17.599999999999994,-12.0,1.0,0.0,0.0,0.1,1.0,0.1,14,47.9,24.3,49565.81,18391.81,100,19,-13.0,12.400000000000006,-7.700000000000003,7.1000000000000085,0,0.0,0.0,0.0,0.0,10,63,9.1,40.0,0,-14.099999999999994,13.5,-8.599999999999994,8.0,0,0.0,0.0,0.0,0.0,1,82,14.2,45.4,0,-11.546894031668696,-37,51,0.7071067811865476,26.16295090390226,1.0,36.5,25.5,1,51,0.7071067811865476,26.16295090390226,1.0,36.5,25.5,1,51,0.7071067811865476,26.16295090390226,1.0,36.5,25.5,1,438,0.7071067811865476,26.16295090390226,1.0,36.5,25.5,1,2394,2.0736441353327724,53.800557617928085,0.4,34.6,45.0,-1
2025-05-18 23:59:01.548626,138,104398.451374,23.983611111111113,7,36,64,1,-3.0,-0.5999999999999943,12.400000000000006,-17.099999999999994,-4.099999999999994,4.599999999999994,17.599999999999994,-12.0,1.0,0.0,0.0,0.1,1.0,0.1,14,47.9,24.3,49565.81,18391.81,100,19,-13.0,12.400000000000006,-7.700000000000003,7.1000000000000085,0,0.0,0.0,0.0,0.0,10,63,9.1,40.0,0,-14.099999999999994,13.5,-8.599999999999994,8.0,0,0.0,0.0,0.0,0.0,1,82,14.2,45.4,0,-10.624770079705701,-36,51,0.7071067811865476,26.16295090390226,1.0,36.5,25.5,1,51,0.7071067811865476,26.16295090390226,1.0,36.5,25.5,1,51,0.7071067811865476,26.16295090390226,1.0,36.5,25.5,1,438,0.7071067811865476,26.16295090390226,1.0,36.5,25.5,1,2394,2.0736441353327724,53.800557617928085,0.4,34.6,45.0,-1
2025-05-19 00:08:58.624337,139,103801.375663,0.14944444444444444,7,29,71,0,-5.0,1.4000000000000057,13.5,-15.099999999999994,-3.0,6.599999999999994,18.69999999999999,-10.0,2.0999999999999943,0.0,0.0,0.1,1.0,0.1,14,47.9,24.3,49565.81,18391.81,100,19,-12.099999999999994,13.5,-6.599999999999994,8.0,0,0.0,0.0,0.0,0.0,1,82,14.2,45.4,0,-12.700000000000003,14.100000000000009,-7.599999999999994,9.0,0,0.0,0.0,0.0,0.0,0,19,15.8,47.9,4,44.973827386747615,-71,7,,,0.0,29.0,7.0,0,7,,,0.0,29.0,7.0,0,58,,,0.0,29.0,7.0,0,334,3.4721111093332766,48.04349880866066,0.7,35.5,28.2,4,2212,4.469932389477772,67.76088064519828,0.896551724137931,38.13793103448276,43.41379310344828,6
2025-05-19 00:09:41.229220,139,103758.77078,0.1613888888888889,10,28,72,0,-5.0,1.4000000000000057,13.5,-15.099999999999994,-3.0,6.599999999999994,18.69999999999999,-10.0,2.0999999999999943,0.0,0.0,0.1,1.0,0.1,14,47.9,24.3,49565.81,18391.81,100,19,-12.099999999999994,13.5,-6.599999999999994,8.0,0,0.0,0.0,0.0,0.0,1,82,14.2,45.4,0,-12.700000000000003,14.100000000000009,-7.599999999999994,9.0,0,0.0,0.0,0.0,0.0,0,19,15.8,47.9,4,45.991864329093616,-72,249,1.2724180205607036,41.323347488061124,0.0,27.571428571428573,35.57142857142857,2,249,1.2724180205607036,41.323347488061124,0.0,27.571428571428573,35.57142857142857,2,300,1.2724180205607036,41.323347488061124,0.0,27.571428571428573,35.57142857142857,2,576,4.939213837579148,45.18037922225384,0.4375,32.4375,32.75,6,2345,5.808570891219227,63.68662775357043,0.7428571428571429,36.285714285714285,42.885714285714286,8
2025-05-19 00:09:41.229220,139,103758.77078,0.1613888888888889,1,29,71,0,-5.0,1.4000000000000057,13.5,-15.099999999999994,-3.0,6.599999999999994,18.69999999999999,-10.0,2.0999999999999943,0.0,0.0,0.1,1.0,0.1,14,47.9,24.3,49565.81,18391.81,100,19,-12.099999999999994,13.5,-6.599999999999994,8.0,0,0.0,0.0,0.0,0.0,1,82,14.2,45.4,0,-12.700000000000003,14.100000000000009,-7.599999999999994,9.0,0,0.0,0.0,0.0,0.0,0,19,15.8,47.9,4,45.01822976381564,-71,249,1.2724180205607036,41.323347488061124,0.0,27.571428571428573,35.57142857142857,2,249,1.2724180205607036,41.323347488061124,0.0,27.571428571428573,35.57142857142857,2,300,1.2724180205607036,41.323347488061124,0.0,27.571428571428573,35.57142857142857,2,576,4.939213837579148,45.18037922225384,0.4375,32.4375,32.75,6,2345,5.808570891219227,63.68662775357043,0.7428571428571429,36.285714285714285,42.885714285714286,8
2025-05-19 00:09:41.229220,139,103758.77078,0.1613888888888889,38,28,72,0,-5.0,1.4000000000000057,13.5,-15.099999999999994,-3.0,6.599999999999994,18.69999999999999,-10.0,2.0999999999999943,0.0,0.0,0.1,1.0,0.1,14,47.9,24.3,49565.81,18391.81,100,19,-12.099999999999994,13.5,-6.599999999999994,8.0,0,0.0,0.0,0.0,0.0,1,82,14.2,45.4,0,-12.700000000000003,14.100000000000009,-7.599999999999994,9.0,0,0.0,0.0,0.0,0.0,0,19,15.8,47.9,4,46.020810640371494,-72,249,1.2724180205607036,41.323347488061124,0.0,27.571428571428573,35.57142857142857,2,249,1.2724180205607036,41.323347488061124,0.0,27.571428571428573,35.57142857142857,2,300,1.2724180205607036,41.323347488061124,0.0,27.571428571428573,35.57142857142857,2,576,4.939213837579148,45.18037922225384,0.4375,32.4375,32.75,6,2345,5.808570891219227,63.68662775357043,0.7428571428571429,36.285714285714285,42.885714285714286,8
2025-05-19 00:09:41.229220,139,103758.77078,0.1613888888888889,102,26,74,0,-5.0,1.4000000000000057,13.5,-15.099999999999994,-3.0,6.599999999999994,18.69999999999999,-10.0,2.0999999999999943,0.0,0.0,0.1,1.0,0.1,14,47.9,24.3,49565.81,18391.81,100,19,-12.099999999999994,13.5,-6.599999999999994,8.0,0,0.0,0.0,0.0,0.0,1,82,14.2,45.4,0,-12.700000000000003,14.100000000000009,-7.599999999999994,9.0,0,0.0,0.0,0.0,0.0,0,19,15.8,47.9,4,48.121286986498134,-74,249,1.2724180205607036,41.323347488061124,0.0,27.571428571428573,35.57142857142857,2,249,1.2724180205607036,41.323347488061124,0.0,27.571428571428573,35.57142857142857,2,300,1.2724180205607036,41.323347488061124,0.0,27.571428571428573,35.57142857142857,2,576,4.939213837579148,45.18037922225384,0.4375,32.4375,32.75,6,2345,5.808570891219227,63.68662775357043,0.7428571428571429,36.285714285714285,42.885714285714286,8
2025-05-19 00:09:41.229220,139,103758.77078,0.1613888888888889,84,26,74,0,-5.0,1.4000000000000057,13.5,-15.099999999999994,-3.0,6.599999999999994,18.69999999999999,-10.0,2.0999999999999943,0.0,0.0,0.1,1.0,0.1,14,47.9,24.3,49565.81,18391.81,100,19,-12.099999999999994,13.5,-6.599999999999994,8.0,0,0.0,0.0,0.0,0.0,1,82,14.2,45.4,0,-12.700000000000003,14.100000000000009,-7.599999999999994,9.0,0,0.0,0.0,0.0,0.0,0,19,15.8,47.9,4,48.404958677685954,-74,249,1.2724180205607036,41.323347488061124,0.0,27.571428571428573,35.57142857142857,2,249,1.2724180205607036,41.323347488061124,0.0,27.571428571428573,35.57142857142857,2,300,1.2724180205607036,41.323347488061124,0.0,27.571428571428573,35.57142857142857,2,576,4.939213837579148,45.18037922225384,0.4375,32.4375,32.75,6,2345,5.808570891219227,63.68662775357043,0.7428571428571429,36.285714285714285,42.885714285714286,8
2025-05-19 00:09:41.229220,139,103758.77078,0.1613888888888889,7,27,73,0,-5.0,1.4000000000000057,13.5,-15.099999999999994,-3.0,6.599999999999994,18.69999999999999,-10.0,2.0999999999999943,0.0,0.0,0.1,1.0,0.1,14,47.9,24.3,49565.81,18391.81,100,19,-12.099999999999994,13.5,-6.599999999999994,8.0,0,0.0,0.0,0.0,0.0,1,82,14.2,45.4,0,-12.700000000000003,14.100000000000009,-7.599999999999994,9.0,0,0.0,0.0,0.0,0.0,0,19,15.8,47.9,4,47.64109414019397,-73,249,1.2724180205607036,41.323347488061124,0.0,27.571428571428573,35.57142857142857,2,249,1.2724180205607036,41.323347488061124,0.0,27.571428571428573,35.57142857142857,2,300,1.2724180205607036,41.323347488061124,0.0,27.571428571428573,35.57142857142857,2,576,4.939213837579148,45.18037922225384,0.4375,32.4375,32.75,6,2345,5.808570891219227,63.68662775357043,0.7428571428571429,36.285714285714285,42.885714285714286,8
2025-05-19 00:10:32.397816,139,103707.602184,0.17555555555555555,19,33,67,1,-5.0,1.4000000000000057,13.5,-15.099999999999994,-3.0,6.599999999999994,18.69999999999999,-10.0,2.0999999999999943,0.0,0.0,0.1,1.0,0.1,14,47.9,24.3,49565.81,18391.81,100,19,-12.099999999999994,13.5,-6.599999999999994,8.0,0,0.0,0.0,0.0,0.0,1,82,14.2,45.4,0,-12.700000000000003,14.100000000000009,-7.599999999999994,9.0,0,0.0,0.0,0.0,0.0,0,19,15.8,47.9,4,41.660469439925635,67,306,2.4244128727957572,35.135294062934626,0.3,28.9,30.6,-3,306,2.4244128727957572,35.135294062934626,0.3,28.9,30.6,-3,357,2.4244128727957572,35.135294062934626,0.3,28.9,30.6,-3,623,4.776628148661797,43.2392455177143,0.5882352941176471,32.23529411764706,33.588235294117645,6,2394,5.771031519997512,62.059462428197655,0.7567567567567568,35.972972972972975,41.891891891891895,4
2025-05-19 00:10:32.397816,139,103707.602184,0.17555555555555555,31,31,69,1,-5.0,1.4000000000000057,13.5,-15.099999999999994,-3.0,6.599999999999994,18.69999999999999,-10.0,2.0999999999999943,0.0,0.0,0.1,1.0,0.1,14,47.9,24.3,49565.81,18391.81,100,19,-12.099999999999994,13.5,-6.599999999999994,8.0,0,0.0,0.0,0.0,0.0,1,82,14.2,45.4,0,-12.700000000000003,14.100000000000009,-7.599999999999994,9.0,0,0.0,0.0,0.0,0.0,0,19,15.8,47.9,4,43.70650846274647,69,306,2.4244128727957572,35.135294062934626,0.3,28.9,30.6,-3,306,2.4244128727957572,35.135294062934626,0.3,28.9,30.6,-3,357,2.4244128727957572,35.135294062934626,0.3,28.9,30.6,-3,623,4.776628148661797,43.2392455177143,0.5882352941176471,32.23529411764706,33.588235294117645,6,2394,5.771031519997512,62.059462428197655,0.7567567567567568,35.972972972972975,41.891891891891895,4
2025-05-19 00:10:32.397816,139,103707.602184,0.17555555555555555,7,32,68,1,-5.0,1.4000000000000057,13.5,-15.099999999999994,-3.0,6.599999999999994,18.69999999999999,-10.0,2.0999999999999943,0.0,0.0,0.1,1.0,0.1,14,47.9,24.3,49565.81,18391.81,100,19,-12.099999999999994,13.5,-6.599999999999994,8.0,0,0.0,0.0,0.0,0.0,1,82,14.2,45.4,0,-12.700000000000003,14.100000000000009,-7.599999999999994,9.0,0,0.0,0.0,0.0,0.0,0,19,15.8,47.9,4,42.7854562405314,68,306,2.4244128727957572,35.135294062934626,0.3,28.9,30.6,-3,306,2.4244128727957572,35.135294062934626,0.3,28.9,30.6,-3,357,2.4244128727957572,35.135294062934626,0.3,28.9,30.6,-3,623,4.776628148661797,43.2392455177143,0.5882352941176471,32.23529411764706,33.588235294117645,6,2394,5.771031519997512,62.059462428197655,0.7567567567567568,35.972972972972975,41.891891891891895,4
2025-05-19 00:10:48.053867,139,103691.946133,0.18,74,32,68,1,-5.0,1.4000000000000057,13.5,-15.099999999999994,-3.0,6.599999999999994,18.69999999999999,-10.0,2.0999999999999943,0.0,0.0,0.1,1.0,0.1,14,47.9,24.3,49565.81,18391.81,100,19,-12.099999999999994,13.5,-6.599999999999994,8.0,0,0.0,0.0,0.0,0.0,1,82,14.2,45.4,0,-12.700000000000003,14.100000000000009,-7.599999999999994,9.0,0,0.0,0.0,0.0,0.0,0,19,15.8,47.9,4,42.802914602156804,68,380,2.4826671874490875,35.808835882680235,0.36363636363636365,29.181818181818183,34.54545454545455,-3,380,2.4826671874490875,35.808835882680235,0.36363636363636365,29.181818181818183,34.54545454545455,-3,431,2.4826671874490875,35.808835882680235,0.36363636363636365,29.181818181818183,34.54545454545455,-3,697,4.634341828459197,43.016070868236866,0.6111111111111112,32.22222222222222,35.833333333333336,6,2468,5.728879200943608,61.4362707423811,0.7631578947368421,35.86842105263158,42.73684210526316,4
2025-05-19 00:15:57.497395,139,103382.502605,0.2658333333333333,25,27,73,0,-5.0,1.4000000000000057,13.5,-15.099999999999994,-3.0,6.599999999999994,18.69999999999999,-10.0,2.0999999999999943,0.0,0.0,0.1,1.0,0.1,14,47.9,24.3,49565.81,18391.81,100,19,-12.099999999999994,13.5,-6.599999999999994,8.0,0,0.0,0.0,0.0,0.0,1,82,14.2,45.4,0,-12.700000000000003,14.100000000000009,-7.599999999999994,9.0,0,0.0,0.0,0.0,0.0,0,19,15.8,47.9,4,47.988349628241906,-73,25,,,0.0,27.0,25.0,0,25,,,0.0,27.0,25.0,0,405,2.449489742783178,34.25340062746259,0.3333333333333333,29.0,33.75,2,722,4.660396790576317,41.877920601650324,0.5789473684210527,31.94736842105263,35.26315789473684,11,1608,4.814000745180995,36.209323100067465,0.6428571428571429,33.714285714285715,28.821428571428573,10
2025-05-19 00:16:17.148005,139,103362.851995,0.2713888888888889,25,37,63,1,-3.0,-0.5999999999999943,13.5,-17.099999999999994,-3.0,4.599999999999994,18.69999999999999,-12.0,2.0999999999999943,0.0,0.0,0.1,1.0,0.1,14,47.9,24.3,49565.81,18391.81,100,19,-14.099999999999994,13.5,-8.599999999999994,8.0,0,0.0,0.0,0.0,0.0,1,82,14.2,45.4,0,-14.700000000000003,14.100000000000009,-9.599999999999994,9.0,0,0.0,0.0,0.0,0.0,0,19,15.8,47.9,4,-11.636182292465858,-37,50,,,1.0,37.0,25.0,0,50,,,1.0,37.0,25.0,0,430,,,1.0,37.0,25.0,0,747,0.5773502691896258,18.502252115170556,1.0,36.666666666666664,25.333333333333332,0,1633,2.345207879911715,54.194095619356915,0.6,35.0,44.0,-5
2025-05-19 00:16:29.528924,139,103350.471076,0.2747222222222222,7,37,63,1,-3.0,-0.5999999999999943,13.5,-17.099999999999994,-3.0,4.599999999999994,18.69999999999999,-12.0,2.0999999999999943,0.0,0.0,0.1,1.0,0.1,14,47.9,24.3,49565.81,18391.81,100,19,-14.099999999999994,13.5,-8.599999999999994,8.0,0,0.0,0.0,0.0,0.0,1,82,14.2,45.4,0,-14.700000000000003,14.100000000000009,-9.599999999999994,9.0,0,0.0,0.0,0.0,0.0,0,19,15.8,47.9,4,-11.680991990141713,-37,57,0.0,12.727922061357855,1.0,37.0,16.0,0,57,0.0,12.727922061357855,1.0,37.0,16.0,0,437,0.0,12.727922061357855,1.0,37.0,16.0,0,754,0.5,17.67059704707229,1.0,36.75,20.75,0,1640,2.250925735484551,50.771711283614096,0.6666666666666666,35.333333333333336,37.833333333333336,-5
2025-05-19 00:22:04.582280,139,103015.41772,0.36777777777777776,60,38,62,1,-3.0,-0.5999999999999943,13.5,-17.099999999999994,-3.0,4.599999999999994,18.69999999999999,-12.0,2.0999999999999943,0.0,0.0,0.1,1.0,0.1,14,47.9,24.3,49565.81,18391.81,100,19,-14.099999999999994,13.5,-8.599999999999994,8.0,0,0.0,0.0,0.0,0.0,1,82,14.2,45.4,0,-14.700000000000003,14.100000000000009,-9.599999999999994,9.0,0,0.0,0.0,0.0,0.0,0,19,15.8,47.9,4,-12.69360061680802,-38,429,1.0954451150103321,83.06142305547142,1.0,38.2,85.8,-2,429,1.0954451150103321,83.06142305547142,1.0,38.2,85.8,-2,866,1.0690449676496976,76.06889108220383,1.0,37.857142857142854,65.85714285714286,-3,1183,1.130388330520878,68.86298796241063,1.0,37.55555555555556,56.888888888888886,-3,2037,2.2922795323750234,68.38168282116597,0.8181818181818182,36.63636363636363,59.63636363636363,-8
2025-05-19 00:22:04.582280,139,103015.41772,0.36777777777777776,143,37,63,1,-3.0,-0.5999999999999943,13.5,-17.099999999999994,-3.0,4.599999999999994,18.69999999999999,-12.0,2.0999999999999943,0.0,0.0,0.1,1.0,0.1,14,47.9,24.3,49565.81,18391.81,100,19,-14.099999999999994,13.5,-8.599999999999994,8.0,0,0.0,0.0,0.0,0.0,1,82,14.2,45.4,0,-14.700000000000003,14.100000000000009,-9.599999999999994,9.0,0,0.0,0.0,0.0,0.0,0,19,15.8,47.9,4,-11.812140077821013,-37,429,1.0954451150103321,83.06142305547142,1.0,38.2,85.8,-2,429,1.0954451150103321,83.06142305547142,1.0,38.2,85.8,-2,866,1.0690449676496976,76.06889108220383,1.0,37.857142857142854,65.85714285714286,-3,1183,1.130388330520878,68.86298796241063,1.0,37.55555555555556,56.888888888888886,-3,2037,2.2922795323750234,68.38168282116597,0.8181818181818182,36.63636363636363,59.63636363636363,-8
2025-05-19 00:22:04.582280,139,103015.41772,0.36777777777777776,10,38,62,1,-3.0,-0.5999999999999943,13.5,-17.099999999999994,-3.0,4.599999999999994,18.69999999999999,-12.0,2.0999999999999943,0.0,0.0,0.1,1.0,0.1,14,47.9,24.3,49565.81,18391.81,100,19,-14.099999999999994,13.5,-8.599999999999994,8.0,0,0.0,0.0,0.0,0.0,1,82,14.2,45.4,0,-14.700000000000003,14.100000000000009,-9.599999999999994,9.0,0,0.0,0.0,0.0,0.0,0,19,15.8,47.9,4,-13.081025151225724,-38,429,1.0954451150103321,83.06142305547142,1.0,38.2,85.8,-2,429,1.0954451150103321,83.06142305547142,1.0,38.2,85.8,-2,866,1.0690449676496976,76.06889108220383,1.0,37.857142857142854,65.85714285714286,-3,1183,1.130388330520878,68.86298796241063,1.0,37.55555555555556,56.888888888888886,-3,2037,2.2922795323750234,68.38168282116597,0.8181818181818182,36.63636363636363,59.63636363636363,-8
2025-05-19 00:22:04.582280,139,103015.41772,0.36777777777777776,16,38,62,1,-3.0,-0.5999999999999943,13.5,-17.099999999999994,-3.0,4.599999999999994,18.69999999999999,-12.0,2.0999999999999943,0.0,0.0,0.1,1.0,0.1,14,47.9,24.3,49565.81,18391.81,100,19,-14.099999999999994,13.5,-8.599999999999994,8.0,0,0.0,0.0,0.0,0.0,1,82,14.2,45.4,0,-14.700000000000003,14.100000000000009,-9.599999999999994,9.0,0,0.0,0.0,0.0,0.0,0,19,15.8,47.9,4,-13.10188137755102,-38,429,1.0954451150103321,83.06142305547142,1.0,38.2,85.8,-2,429,1.0954451150103321,83.06142305547142,1.0,38.2,85.8,-2,866,1.0690449676496976,76.06889108220383,1.0,37.857142857142854,65.85714285714286,-3,1183,1.130388330520878,68.86298796241063,1.0,37.55555555555556,56.888888888888886,-3,2037,2.2922795323750234,68.38168282116597,0.8181818181818182,36.63636363636363,59.63636363636363,-8
2025-05-19 00:22:04.582280,139,103015.41772,0.36777777777777776,200,40,60,1,-3.0,-0.5999999999999943,13.5,-17.099999999999994,-3.0,4.599999999999994,18.69999999999999,-12.0,2.0999999999999943,0.0,0.0,0.1,1.0,0.1,14,47.9,24.3,49565.81,18391.81,100,19,-14.099999999999994,13.5,-8.599999999999994,8.0,0,0.0,0.0,0.0,0.0,1,82,14.2,45.4,0,-14.700000000000003,14.100000000000009,-9.599999999999994,9.0,0,0.0,0.0,0.0,0.0,0,19,15.8,47.9,4,-15.135390025575447,-40,429,1.0954451150103321,83.06142305547142,1.0,38.2,85.8,-2,429,1.0954451150103321,83.06142305547142,1.0,38.2,85.8,-2,866,1.0690449676496976,76.06889108220383,1.0,37.857142857142854,65.85714285714286,-3,1183,1.130388330520878,68.86298796241063,1.0,37.55555555555556,56.888888888888886,-3,2037,2.2922795323750234,68.38168282116597,0.8181818181818182,36.63636363636363,59.63636363636363,-8
2025-05-19 00:26:35.140523,139,102744.859477,0.4430555555555556,7,35,65,0,-3.0,-0.5999999999999943,13.5,-17.099999999999994,-3.0,4.599999999999994,18.69999999999999,-12.0,2.0999999999999943,0.0,0.0,0.1,1.0,0.1,14,47.9,24.3,49565.81,18391.81,100,19,-14.099999999999994,13.5,-8.599999999999994,8.0,0,0.0,0.0,0.0,0.0,1,82,14.2,45.4,0,-14.700000000000003,14.100000000000009,-9.599999999999994,9.0,0,0.0,0.0,0.0,0.0,0,19,15.8,47.9,4,-10.63523778071334,35,7,,,0.0,35.0,7.0,0,436,1.632993161855452,80.95842554463783,0.8333333333333334,37.666666666666664,72.66666666666667,3,493,1.4142135623730951,73.43607521414215,0.875,37.5,58.5,2,1139,1.3374935098492586,66.81392070519436,0.9,37.3,51.9,2,2044,2.23606797749979,66.94655263037006,0.75,36.5,55.25,-3
2025-05-19 00:26:50.055615,139,102729.944385,0.44722222222222224,3,34,66,0,-3.0,-0.5999999999999943,13.5,-17.099999999999994,-3.0,4.599999999999994,18.69999999999999,-12.0,2.0999999999999943,0.0,0.0,0.1,1.0,0.1,14,47.9,24.3,49565.81,18391.81,100,19,-14.099999999999994,13.5,-8.599999999999994,8.0,0,0.0,0.0,0.0,0.0,1,82,14.2,45.4,0,-14.700000000000003,14.100000000000009,-9.599999999999994,9.0,0,0.0,0.0,0.0,0.0,0,19,15.8,47.9,4,-9.647545048768393,34,10,0.7071067811865476,2.8284271247461903,0.0,34.5,5.0,1,439,2.0354009783964297,78.45532547404348,0.7142857142857143,37.142857142857146,62.714285714285715,4,496,1.763834207376394,71.14070564732964,0.7777777777777778,37.111111111111114,52.333333333333336,3,1142,1.61245154965971,65.07743639136939,0.8181818181818182,37.0,47.45454545454545,3,2047,2.2503560971771916,65.71422200984331,0.6923076923076923,36.30769230769231,51.23076923076923,-2
2025-05-19 00:32:59.623350,139,102360.37665,0.5497222222222222,18,35,65,1,-5.0,1.4000000000000057,13.5,-15.099999999999994,-3.0,6.599999999999994,18.69999999999999,-10.0,2.0999999999999943,0.0,0.0,0.1,1.0,0.1,14,47.9,24.3,49565.81,18391.81,100,19,-12.099999999999994,13.5,-6.599999999999994,8.0,0,0.0,0.0,0.0,0.0,1,82,14.2,45.4,0,-12.700000000000003,14.100000000000009,-7.599999999999994,9.0,0,0.0,0.0,0.0,0.0,0,19,15.8,47.9,4,40.05868902439025,65,18,,,1.0,35.0,18.0,0,18,,,1.0,35.0,18.0,0,457,,,1.0,35.0,18.0,0,1160,3.263433774416144,44.288777735825285,0.5,30.375,39.8125,0,1921,4.733280140314908,35.613587101089614,0.6551724137931034,33.758620689655174,28.448275862068964,2
2025-05-19 00:33:24.547474,139,102335.452526,0.5566666666666668,88,35,65,0,-5.0,1.4000000000000057,13.5,-15.099999999999994,-3.0,6.599999999999994,18.69999999999999,-10.0,2.0999999999999943,0.0,0.0,0.1,1.0,0.1,14,47.9,24.3,49565.81,18391.81,100,19,-12.099999999999994,13.5,-6.599999999999994,8.0,0,0.0,0.0,0.0,0.0,1,82,14.2,45.4,0,-12.700000000000003,14.100000000000009,-7.599999999999994,9.0,0,0.0,0.0,0.0,0.0,0,19,15.8,47.9,4,40.10100950815823,-65,106,0.0,49.49747468305833,0.5,35.0,53.0,0,106,0.0,49.49747468305833,0.5,35.0,53.0,0,545,0.0,49.49747468305833,0.5,35.0,53.0,0,1248,3.353005675334226,44.44651445342844,0.47058823529411764,30.647058823529413,42.64705882352941,0,2009,4.656474913568166,36.6443139808407,0.6333333333333333,33.8,30.433333333333334,2
2025-05-19 00:33:28.967407,139,102331.032593,0.5577777777777778,1,35,65,0,-5.0,1.4000000000000057,13.5,-15.099999999999994,-3.0,6.599999999999994,18.69999999999999,-10.0,2.0999999999999943,0.0,0.0,0.1,1.0,0.1,14,47.9,24.3,49565.81,18391.81,100,19,-12.099999999999994,13.5,-6.599999999999994,8.0,0,0.0,0.0,0.0,0.0,1,82,14.2,45.4,0,-12.700000000000003,14.100000000000009,-7.599999999999994,9.0,0,0.0,0.0,0.0,0.0,0,19,15.8,47.9,4,40.309203539823,-65,181,0.0,42.24827412648553,0.25,35.0,45.25,0,181,0.0,42.24827412648553,0.25,35.0,45.25,0,620,0.0,42.24827412648553,0.25,35.0,45.25,0,1323,3.4463303646714047,43.665260456800596,0.42105263157894735,31.105263157894736,42.10526315789474,0,2084,4.513420846977986,36.676220651674605,0.59375,33.875,30.875,2
2025-05-19 00:33:28.967407,139,102331.032593,0.5577777777777778,74,35,65,0,-5.0,1.4000000000000057,13.5,-15.099999999999994,-3.0,6.599999999999994,18.69999999999999,-10.0,2.0999999999999943,0.0,0.0,0.1,1.0,0.1,14,47.9,24.3,49565.81,18391.81,100,19,-12.099999999999994,13.5,-6.599999999999994,8.0,0,0.0,0.0,0.0,0.0,1,82,14.2,45.4,0,-12.700000000000003,14.100000000000009,-7.599999999999994,9.0,0,0.0,0.0,0.0,0.0,0,19,15.8,47.9,4,40.31158180423624,-65,181,0.0,42.24827412648553,0.25,35.0,45.25,0,181,0.0,42.24827412648553,0.25,35.0,45.25,0,620,0.0,42.24827412648553,0.25,35.0,45.25,0,1323,3.4463303646714047,43.665260456800596,0.42105263157894735,31.105263157894736,42.10526315789474,0,2084,4.513420846977986,36.676220651674605,0.59375,33.875,30.875,2
2025-05-19 00:39:11.874579,139,101988.125421,0.6530555555555556,1,28,72,0,-5.0,1.4000000000000057,13.5,-15.099999999999994,-3.0,6.599999999999994,18.69999999999999,-10.0,2.0999999999999943,0.0,0.0,0.1,1.0,0.1,14,47.9,24.3,49565.81,18391.81,100,19,-12.099999999999994,13.5,-6.599999999999994,8.0,0,0.0,0.0,0.0,0.0,1,82,14.2,45.4,0,-12.700000000000003,14.100000000000009,-7.599999999999994,9.0,0,0.0,0.0,0.0,0.0,0,19,15.8,47.9,4,47.48835555555556,-72,1,,,0.0,28.0,1.0,0,1,,,0.0,28.0,1.0,0,192,3.1304951684997055,41.59687488261588,0.2,33.6,36.4,7,1109,3.353005675334226,35.22449014368204,0.29411764705882354,30.352941176470587,34.529411764705884,1,2085,4.558541765773681,36.47129423300334,0.5757575757575758,33.696969696969695,29.96969696969697,9
2025-05-19 00:46:59.730406,139,101520.269594,0.7830555555555556,5,22,78,0,-1.0,-2.5999999999999943,13.5,-19.099999999999994,-3.0,2.5999999999999943,18.69999999999999,-14.0,2.0999999999999943,0.0,0.0,0.1,1.0,0.1,14,47.9,24.3,49565.81,18391.81,100,19,-16.099999999999994,13.5,-10.599999999999994,8.0,0,0.0,0.0,0.0,0.0,1,82,14.2,45.4,0,-16.700000000000003,14.100000000000009,-11.599999999999994,9.0,0,0.0,0.0,0.0,0.0,0,19,15.8,47.9,4,-11.66346615458474,22,5,,,0.0,22.0,5.0,0,5,,,0.0,22.0,5.0,0,187,,,0.0,22.0,5.0,0,1114,,,0.0,22.0,5.0,0,1607,2.6076809620810595,26.981475126464083,0.3333333333333333,22.0,24.0,4
2025-05-19 00:48:22.720249,139,101437.279751,0.8061111111111111,5,8,92,0,1.0,-4.599999999999994,13.5,-21.099999999999994,-3.0,0.5999999999999943,18.69999999999999,-16.0,2.0999999999999943,0.0,0.0,0.1,1.0,0.1,14,47.9,24.3,49565.81,18391.81,100,19,-18.099999999999994,13.5,-12.599999999999994,8.0,0,0.0,0.0,0.0,0.0,1,82,14.2,45.4,0,-18.700000000000003,14.100000000000009,-13.599999999999994,9.0,0,0.0,0.0,0.0,0.0,0,19,15.8,47.9,4,-2.420886075949369,8,10,,,0.0,8.0,5.0,0,10,,,0.0,8.0,5.0,0,174,,,0.0,8.0,5.0,0,1119,,,0.0,8.0,5.0,0,1612,,,0.0,8.0,5.0,0
2025-05-19 00:54:59.462393,139,101040.537607,0.9163888888888889,4,33,67,1,-5.0,1.4000000000000057,13.5,-15.099999999999994,-3.0,6.599999999999994,18.69999999999999,-10.0,2.0999999999999943,0.0,0.0,0.1,1.0,0.1,14,47.9,24.3,49565.81,18391.81,100,19,-12.099999999999994,13.5,-6.599999999999994,8.0,0,0.0,0.0,0.0,0.0,1,82,14.2,45.4,0,-12.700000000000003,14.100000000000009,-7.599999999999994,9.0,0,0.0,0.0,0.0,0.0,0,19,15.8,47.9,4,42.49116984710206,67,11,0.7071067811865476,2.1213203435596424,1.0,32.5,5.5,1,11,0.7071067811865476,2.1213203435596424,1.0,32.5,5.5,1,21,0.7071067811865476,2.1213203435596424,1.0,32.5,5.5,1,1130,3.237210552890048,34.45184791214259,0.3684210526315789,30.57894736842105,31.473684210526315,-3,1586,4.354950217608631,37.8293281002469,0.5483870967741935,33.03225806451613,29.516129032258064,6
2025-05-19 00:54:59.462393,139,101040.537607,0.9163888888888889,7,32,68,1,-5.0,1.4000000000000057,13.5,-15.099999999999994,-3.0,6.599999999999994,18.69999999999999,-10.0,2.0999999999999943,0.0,0.0,0.1,1.0,0.1,14,47.9,24.3,49565.81,18391.81,100,19,-12.099999999999994,13.5,-6.599999999999994,8.0,0,0.0,0.0,0.0,0.0,1,82,14.2,45.4,0,-12.700000000000003,14.100000000000009,-7.599999999999994,9.0,0,0.0,0.0,0.0,0.0,0,19,15.8,47.9,4,43.50124481327801,68,11,0.7071067811865476,2.1213203435596424,1.0,32.5,5.5,1,11,0.7071067811865476,2.1213203435596424,1.0,32.5,5.5,1,21,0.7071067811865476,2.1213203435596424,1.0,32.5,5.5,1,1130,3.237210552890048,34.45184791214259,0.3684210526315789,30.57894736842105,31.473684210526315,-3,1586,4.354950217608631,37.8293281002469,0.5483870967741935,33.03225806451613,29.516129032258064,6
2025-05-19 00:56:42.398837,139,100937.601163,0.9450000000000001,2,28,72,1,-1.0,-2.5999999999999943,13.5,-19.099999999999994,-3.0,2.5999999999999943,18.69999999999999,-14.0,2.0999999999999943,0.0,0.0,0.1,1.0,0.1,14,47.9,24.3,49565.81,18391.81,100,19,-16.099999999999994,13.5,-10.599999999999994,8.0,0,0.0,0.0,0.0,0.0,1,82,14.2,45.4,0,-16.700000000000003,14.100000000000009,-11.599999999999994,9.0,0,0.0,0.0,0.0,0.0,0,19,15.8,47.9,4,-17.67748137466955,-28,530,1.7268882005337975,85.60446834131966,1.0,29.125,64.875,-3,530,1.7268882005337975,85.60446834131966,1.0,29.125,64.875,-3,540,2.8722813232690143,82.52541696013685,0.8888888888888888,28.333333333333332,58.22222222222222,-9,1649,2.8722813232690143,82.52541696013685,0.8888888888888888,28.333333333333332,58.22222222222222,-9,2105,4.1964139583566,68.31218738303542,0.7142857142857143,26.071428571428573,47.357142857142854,-5
2025-05-19 00:56:42.398837,139,100937.601163,0.9450000000000001,200,32,68,1,-1.0,-2.5999999999999943,13.5,-19.099999999999994,-3.0,2.5999999999999943,18.69999999999999,-14.0,2.0999999999999943,0.0,0.0,0.1,1.0,0.1,14,47.9,24.3,49565.81,18391.81,100,19,-16.099999999999994,13.5,-10.599999999999994,8.0,0,0.0,0.0,0.0,0.0,1,82,14.2,45.4,0,-16.700000000000003,14.100000000000009,-11.599999999999994,9.0,0,0.0,0.0,0.0,0.0,0,19,15.8,47.9,4,-21.68598220726136,-32,530,1.7268882005337975,85.60446834131966,1.0,29.125,64.875,-3,530,1.7268882005337975,85.60446834131966,1.0,29.125,64.875,-3,540,2.8722813232690143,82.52541696013685,0.8888888888888888,28.333333333333332,58.22222222222222,-9,1649,2.8722813232690143,82.52541696013685,0.8888888888888888,28.333333333333332,58.22222222222222,-9,2105,4.1964139583566,68.31218738303542,0.7142857142857143,26.071428571428573,47.357142857142854,-5
2025-05-19 00:56:42.398837,139,100937.601163,0.9450000000000001,61,28,72,1,-1.0,-2.5999999999999943,13.5,-19.099999999999994,-3.0,2.5999999999999943,18.69999999999999,-14.0,2.0999999999999943,0.0,0.0,0.1,1.0,0.1,14,47.9,24.3,49565.81,18391.81,100,19,-16.099999999999994,13.5,-10.599999999999994,8.0,0,0.0,0.0,0.0,0.0,1,82,14.2,45.4,0,-16.700000000000003,14.100000000000009,-11.599999999999994,9.0,0,0.0,0.0,0.0,0.0,0,19,15.8,47.9,4,-18.781510482445064,-28,530,1.7268882005337975,85.60446834131966,1.0,29.125,64.875,-3,530,1.7268882005337975,85.60446834131966,1.0,29.125,64.875,-3,540,2.8722813232690143,82.52541696013685,0.8888888888888888,28.333333333333332,58.22222222222222,-9,1649,2.8722813232690143,82.52541696013685,0.8888888888888888,28.333333333333332,58.22222222222222,-9,2105,4.1964139583566,68.31218738303542,0.7142857142857143,26.071428571428573,47.357142857142854,-5
2025-05-19 00:56:42.398837,139,100937.601163,0.9450000000000001,17,29,71,1,-1.0,-2.5999999999999943,13.5,-19.099999999999994,-3.0,2.5999999999999943,18.69999999999999,-14.0,2.0999999999999943,0.0,0.0,0.1,1.0,0.1,14,47.9,24.3,49565.81,18391.81,100,19,-16.099999999999994,13.5,-10.599999999999994,8.0,0,0.0,0.0,0.0,0.0,1,82,14.2,45.4,0,-16.700000000000003,14.100000000000009,-11.599999999999994,9.0,0,0.0,0.0,0.0,0.0,0,19,15.8,47.9,4,-20.07542329399692,-29,530,1.7268882005337975,85.60446834131966,1.0,29.125,64.875,-3,530,1.7268882005337975,85.60446834131966,1.0,29.125,64.875,-3,540,2.8722813232690143,82.52541696013685,0.8888888888888888,28.333333333333332,58.22222222222222,-9,1649,2.8722813232690143,82.52541696013685,0.8888888888888888,28.333333333333332,58.22222222222222,-9,2105,4.1964139583566,68.31218738303542,0.7142857142857143,26.071428571428573,47.357142857142854,-5
2025-05-19 00:56:42.398837,139,100937.601163,0.9450000000000001,7,27,73,1,-1.0,-2.5999999999999943,13.5,-19.099999999999994,-3.0,2.5999999999999943,18.69999999999999,-14.0,2.0999999999999943,0.0,0.0,0.1,1.0,0.1,14,47.9,24.3,49565.81,18391.81,100,19,-16.099999999999994,13.5,-10.599999999999994,8.0,0,0.0,0.0,0.0,0.0,1,82,14.2,45.4,0,-16.700000000000003,14.100000000000009,-11.599999999999994,9.0,0,0.0,0.0,0.0,0.0,0,19,15.8,47.9,4,-18.163359958773512,-27,530,1.7268882005337975,85.60446834131966,1.0,29.125,64.875,-3,530,1.7268882005337975,85.60446834131966,1.0,29.125,64.875,-3,540,2.8722813232690143,82.52541696013685,0.8888888888888888,28.333333333333332,58.22222222222222,-9,1649,2.8722813232690143,82.52541696013685,0.8888888888888888,28.333333333333332,58.22222222222222,-9,2105,4.1964139583566,68.31218738303542,0.7142857142857143,26.071428571428573,47.357142857142854,-5
2025-05-19 00:56:42.398837,139,100937.601163,0.9450000000000001,2,28,72,1,-1.0,-2.5999999999999943,13.5,-19.099999999999994,-3.0,2.5999999999999943,18.69999999999999,-14.0,2.0999999999999943,0.0,0.0,0.1,1.0,0.1,14,47.9,24.3,49565.81,18391.81,100,19,-16.099999999999994,13.5,-10.599999999999994,8.0,0,0.0,0.0,0.0,0.0,1,82,14.2,45.4,0,-16.700000000000003,14.100000000000009,-11.599999999999994,9.0,0,0.0,0.0,0.0,0.0,0,19,15.8,47.9,4,-19.196179659266907,-28,530,1.7268882005337975,85.60446834131966,1.0,29.125,64.875,-3,530,1.7268882005337975,85.60446834131966,1.0,29.125,64.875,-3,540,2.8722813232690143,82.52541696013685,0.8888888888888888,28.333333333333332,58.22222222222222,-9,1649,2.8722813232690143,82.52541696013685,0.8888888888888888,28.333333333333332,58.22222222222222,-9,2105,4.1964139583566,68.31218738303542,0.7142857142857143,26.071428571428573,47.357142857142854,-5
2025-05-19 00:56:42.398837,139,100937.601163,0.9450000000000001,200,30,70,1,-1.0,-2.5999999999999943,13.5,-19.099999999999994,-3.0,2.5999999999999943,18.69999999999999,-14.0,2.0999999999999943,0.0,0.0,0.1,1.0,0.1,14,47.9,24.3,49565.81,18391.81,100,19,-16.099999999999994,13.5,-10.599999999999994,8.0,0,0.0,0.0,0.0,0.0,1,82,14.2,45.4,0,-16.700000000000003,14.100000000000009,-11.599999999999994,9.0,0,0.0,0.0,0.0,0.0,0,19,15.8,47.9,4,-21.206095041322314,-30,530,1.7268882005337975,85.60446834131966,1.0,29.125,64.875,-3,530,1.7268882005337975,85.60446834131966,1.0,29.125,64.875,-3,540,2.8722813232690143,82.52541696013685,0.8888888888888888,28.333333333333332,58.22222222222222,-9,1649,2.8722813232690143,82.52541696013685,0.8888888888888888,28.333333333333332,58.22222222222222,-9,2105,4.1964139583566,68.31218738303542,0.7142857142857143,26.071428571428573,47.357142857142854,-5
2025-05-19 00:56:42.398837,139,100937.601163,0.9450000000000001,30,31,69,1,-1.0,-2.5999999999999943,13.5,-19.099999999999994,-3.0,2.5999999999999943,18.69999999999999,-14.0,2.0999999999999943,0.0,0.0,0.1,1.0,0.1,14,47.9,24.3,49565.81,18391.81,100,19,-16.099999999999994,13.5,-10.599999999999994,8.0,0,0.0,0.0,0.0,0.0,1,82,14.2,45.4,0,-16.700000000000003,14.100000000000009,-11.599999999999994,9.0,0,0.0,0.0,0.0,0.0,0,19,15.8,47.9,4,-23.36111111111111,-31,530,1.7268882005337975,85.60446834131966,1.0,29.125,64.875,-3,530,1.7268882005337975,85.60446834131966,1.0,29.125,64.875,-3,540,2.8722813232690143,82.52541696013685,0.8888888888888888,28.333333333333332,58.22222222222222,-9,1649,2.8722813232690143,82.52541696013685,0.8888888888888888,28.333333333333332,58.22222222222222,-9,2105,4.1964139583566,68.31218738303542,0.7142857142857143,26.071428571428573,47.357142857142854,-5
2025-05-19 01:02:19.926998,139,100600.073002,1.0386111111111112,3,31,69,1,-5.0,1.4000000000000057,14.100000000000009,-15.099999999999994,-2.3999999999999915,6.599999999999994,19.299999999999997,-10.0,2.700000000000003,0.0,0.0,0.1,1.0,0.1,14,47.9,24.3,49565.81,18391.81,100,19,-12.700000000000003,14.100000000000009,-7.599999999999994,9.0,0,0.0,0.0,0.0,0.0,0,19,15.8,47.9,4,-12.900000000000006,14.300000000000011,-6.900000000000006,8.300000000000011,0,0.0,0.0,0.0,0.0,3,100,12.9,44.3,0,44.51930261519303,69,3,,,1.0,31.0,3.0,0,3,,,1.0,31.0,3.0,0,538,1.0,2.0816659994661326,1.0,32.0,4.666666666666667,2,1601,3.1522757026096495,34.132057781813465,0.4,30.6,30.05,-2,1938,4.269421153885772,38.123286141629485,0.5483870967741935,32.806451612903224,28.580645161290324,10
2025-05-19 01:23:19.970250,139,99340.02975,1.388611111111111,18,30,70,1,-1.0,-2.5999999999999943,14.100000000000009,-19.099999999999994,-2.3999999999999915,2.5999999999999943,19.299999999999997,-14.0,2.700000000000003,0.0,0.0,0.1,1.0,0.1,14,47.9,24.3,49565.81,18391.81,100,19,-16.700000000000003,14.100000000000009,-11.599999999999994,9.0,0,0.0,0.0,0.0,0.0,0,19,15.8,47.9,4,-16.900000000000006,14.300000000000011,-10.900000000000006,8.300000000000011,0,0.0,0.0,0.0,0.0,3,100,12.9,44.3,0,-22.55354200988468,-30,18,,,1.0,30.0,18.0,0,18,,,1.0,30.0,18.0,0,18,,,1.0,30.0,18.0,0,753,2.758824226207808,78.83851286719653,0.9,28.5,54.2,-8,1936,2.9480347845486987,76.49349348444314,0.9090909090909091,28.09090909090909,49.36363636363637,-6
2025-05-19 01:40:14.111095,139,98325.888905,1.6705555555555553,1,9,91,1,1.0,-4.599999999999994,14.100000000000009,-21.099999999999994,-2.3999999999999915,0.5999999999999943,19.299999999999997,-16.0,2.700000000000003,0.0,0.0,0.1,1.0,0.1,14,47.9,24.3,49565.81,18391.81,100,19,-18.700000000000003,14.100000000000009,-13.599999999999994,9.0,0,0.0,0.0,0.0,0.0,0,19,15.8,47.9,4,-18.900000000000006,14.300000000000011,-12.900000000000006,8.300000000000011,0,0.0,0.0,0.0,0.0,3,100,12.9,44.3,0,-3.4256837098692037,-9,52,0.0,21.73323108360405,1.0,9.0,17.333333333333332,0,52,0.0,21.73323108360405,1.0,9.0,17.333333333333332,0,52,0.0,21.73323108360405,1.0,9.0,17.333333333333332,0,613,0.5,18.786076404259266,0.75,8.75,14.25,-1,1722,0.5,18.786076404259266,0.75,8.75,14.25,-1
2025-05-19 01:40:14.111095,139,98325.888905,1.6705555555555553,42,9,91,1,1.0,-4.599999999999994,14.100000000000009,-21.099999999999994,-2.3999999999999915,0.5999999999999943,19.299999999999997,-16.0,2.700000000000003,0.0,0.0,0.1,1.0,0.1,14,47.9,24.3,49565.81,18391.81,100,19,-18.700000000000003,14.100000000000009,-13.599999999999994,9.0,0,0.0,0.0,0.0,0.0,0,19,15.8,47.9,4,-18.900000000000006,14.300000000000011,-12.900000000000006,8.300000000000011,0,0.0,0.0,0.0,0.0,3,100,12.9,44.3,0,-3.427042030134814,-9,52,0.0,21.73323108360405,1.0,9.0,17.333333333333332,0,52,0.0,21.73323108360405,1.0,9.0,17.333333333333332,0,52,0.0,21.73323108360405,1.0,9.0,17.333333333333332,0,613,0.5,18.786076404259266,0.75,8.75,14.25,-1,1722,0.5,18.786076404259266,0.75,8.75,14.25,-1
2025-05-19 01:40:14.111095,139,98325.888905,1.6705555555555553,9,9,91,1,1.0,-4.599999999999994,14.100000000000009,-21.099999999999994,-2.3999999999999915,0.5999999999999943,19.299999999999997,-16.0,2.700000000000003,0.0,0.0,0.1,1.0,0.1,14,47.9,24.3,49565.81,18391.81,100,19,-18.700000000000003,14.100000000000009,-13.599999999999994,9.0,0,0.0,0.0,0.0,0.0,0,19,15.8,47.9,4,-18.900000000000006,14.300000000000011,-12.900000000000006,8.300000000000011,0,0.0,0.0,0.0,0.0,3,100,12.9,44.3,0,-3.4850806451612906,-9,52,0.0,21.73323108360405,1.0,9.0,17.333333333333332,0,52,0.0,21.73323108360405,1.0,9.0,17.333333333333332,0,52,0.0,21.73323108360405,1.0,9.0,17.333333333333332,0,613,0.5,18.786076404259266,0.75,8.75,14.25,-1,1722,0.5,18.786076404259266,0.75,8.75,14.25,-1
2025-05-19 01:42:22.359556,139,98197.640444,1.7061111111111111,4,9,91,0,1.0,-4.599999999999994,14.100000000000009,-21.099999999999994,-2.3999999999999915,0.5999999999999943,19.299999999999997,-16.0,2.700000000000003,0.0,0.0,0.1,1.0,0.1,14,47.9,24.3,49565.81,18391.81,100,19,-18.700000000000003,14.100000000000009,-13.599999999999994,9.0,0,0.0,0.0,0.0,0.0,0,19,15.8,47.9,4,-18.900000000000006,14.300000000000011,-12.900000000000006,8.300000000000011,0,0.0,0.0,0.0,0.0,3,100,12.9,44.3,0,-3.497774180493721,9,4,,,0.0,9.0,4.0,0,56,0.0,18.95608961081724,0.75,9.0,14.0,0,56,0.0,18.95608961081724,0.75,9.0,14.0,0,617,0.4472135954999579,16.90266251216062,0.6,8.8,12.2,-1,1726,0.4472135954999579,16.90266251216062,0.6,8.8,12.2,-1
2025-05-19 01:45:23.757469,139,98016.242531,1.756388888888889,1,9,91,0,1.0,-4.599999999999994,14.100000000000009,-21.099999999999994,-2.3999999999999915,0.5999999999999943,19.299999999999997,-16.0,2.700000000000003,0.0,0.0,0.1,1.0,0.1,14,47.9,24.3,49565.81,18391.81,100,19,-18.700000000000003,14.100000000000009,-13.599999999999994,9.0,0,0.0,0.0,0.0,0.0,0,19,15.8,47.9,4,-18.900000000000006,14.300000000000011,-12.900000000000006,8.300000000000011,0,0.0,0.0,0.0,0.0,3,100,12.9,44.3,0,-3.5034454803404884,9,1,,,0.0,9.0,1.0,0,5,0.0,2.1213203435596424,0.0,9.0,2.5,0,57,0.0,17.415510328439993,0.6,9.0,11.4,0,618,0.408248290463863,15.794513815457146,0.5,8.833333333333334,10.333333333333334,-1,1727,0.408248290463863,15.794513815457146,0.5,8.833333333333334,10.333333333333334,-1
2025-05-19 01:50:08.344301,139,97731.655699,1.8355555555555556,6,31,69,1,-5.0,1.4000000000000057,14.100000000000009,-15.099999999999994,-2.3999999999999915,6.599999999999994,19.299999999999997,-10.0,2.700000000000003,0.0,0.0,0.1,1.0,0.1,14,47.9,24.3,49565.81,18391.81,100,19,-12.700000000000003,14.100000000000009,-7.599999999999994,9.0,0,0.0,0.0,0.0,0.0,0,19,15.8,47.9,4,-12.900000000000006,14.300000000000011,-6.900000000000006,8.300000000000011,0,0.0,0.0,0.0,0.0,3,100,12.9,44.3,0,44.527224199288256,69,6,,,1.0,31.0,6.0,0,7,,,1.0,31.0,6.0,0,63,,,1.0,31.0,6.0,0,614,0.9574271077563381,1.8257418583505538,1.0,31.75,5.0,2,1733,3.07369794345818,33.679229150775946,0.42857142857142855,30.61904761904762,28.904761904761905,-2
2025-05-19 01:50:18.017987,139,97721.982013,1.8383333333333334,7,38,62,1,-3.0,-0.5999999999999943,14.100000000000009,-17.099999999999994,-2.3999999999999915,4.599999999999994,19.299999999999997,-12.0,2.700000000000003,0.0,0.0,0.1,1.0,0.1,14,47.9,24.3,49565.81,18391.81,100,19,-14.700000000000003,14.100000000000009,-9.599999999999994,9.0,0,0.0,0.0,0.0,0.0,0,19,15.8,47.9,4,-14.900000000000006,14.300000000000011,-8.900000000000006,8.300000000000011,0,0.0,0.0,0.0,0.0,3,100,12.9,44.3,0,-13.65233212041019,-38,80,0.5773502691896258,15.37313674346694,1.0,38.333333333333336,24.666666666666668,-1,81,0.5773502691896258,15.37313674346694,1.0,38.333333333333336,24.666666666666668,-1,137,0.5773502691896258,15.37313674346694,1.0,38.333333333333336,24.666666666666668,-1,688,0.5773502691896258,15.37313674346694,1.0,38.333333333333336,24.666666666666668,-1,1807,1.5406577730392863,58.208794320650014,0.8571428571428571,37.285714285714285,42.57142857142857,-2
2025-05-19 01:50:18.017987,139,97721.982013,1.8383333333333334,35,38,62,1,-3.0,-0.5999999999999943,14.100000000000009,-17.099999999999994,-2.3999999999999915,4.599999999999994,19.299999999999997,-12.0,2.700000000000003,0.0,0.0,0.1,1.0,0.1,14,47.9,24.3,49565.81,18391.81,100,19,-14.700000000000003,14.100000000000009,-9.599999999999994,9.0,0,0.0,0.0,0.0,0.0,0,19,15.8,47.9,4,-14.900000000000006,14.300000000000011,-8.900000000000006,8.300000000000011,0,0.0,0.0,0.0,0.0,3,100,12.9,44.3,0,-13.66815697963239,-38,80,0.5773502691896258,15.37313674346694,1.0,38.333333333333336,24.666666666666668,-1,81,0.5773502691896258,15.37313674346694,1.0,38.333333333333336,24.666666666666668,-1,137,0.5773502691896258,15.37313674346694,1.0,38.333333333333336,24.666666666666668,-1,688,0.5773502691896258,15.37313674346694,1.0,38.333333333333336,24.666666666666668,-1,1807,1.5406577730392863,58.208794320650014,0.8571428571428571,37.285714285714285,42.57142857142857,-2
2025-05-19 01:50:18.017987,139,97721.982013,1.8383333333333334,32,39,61,1,-3.0,-0.5999999999999943,14.100000000000009,-17.099999999999994,-2.3999999999999915,4.599999999999994,19.299999999999997,-12.0,2.700000000000003,0.0,0.0,0.1,1.0,0.1,14,47.9,24.3,49565.81,18391.81,100,19,-14.700000000000003,14.100000000000009,-9.599999999999994,9.0,0,0.0,0.0,0.0,0.0,0,19,15.8,47.9,4,-14.900000000000006,14.300000000000011,-8.900000000000006,8.300000000000011,0,0.0,0.0,0.0,0.0,3,100,12.9,44.3,0,-14.747834776815456,-39,80,0.5773502691896258,15.37313674346694,1.0,38.333333333333336,24.666666666666668,-1,81,0.5773502691896258,15.37313674346694,1.0,38.333333333333336,24.666666666666668,-1,137,0.5773502691896258,15.37313674346694,1.0,38.333333333333336,24.666666666666668,-1,688,0.5773502691896258,15.37313674346694,1.0,38.333333333333336,24.666666666666668,-1,1807,1.5406577730392863,58.208794320650014,0.8571428571428571,37.285714285714285,42.57142857142857,-2
2025-05-19 01:50:24.527326,139,97715.472674,1.84,4,9,91,0,1.0,-4.599999999999994,14.100000000000009,-21.099999999999994,-2.3999999999999915,0.5999999999999943,19.299999999999997,-16.0,2.700000000000003,0.0,0.0,0.1,1.0,0.1,14,47.9,24.3,49565.81,18391.81,100,19,-18.700000000000003,14.100000000000009,-13.599999999999994,9.0,0,0.0,0.0,0.0,0.0,0,19,15.8,47.9,4,-18.900000000000006,14.300000000000011,-12.900000000000006,8.300000000000011,0,0.0,0.0,0.0,0.0,3,100,12.9,44.3,0,-3.5048661800486656,9,84,,,0.0,9.0,4.0,0,84,,,0.0,9.0,4.0,0,141,0.0,15.867156855173102,0.5,9.0,10.166666666666666,0,692,0.0,15.867156855173102,0.5,9.0,10.166666666666666,0,1811,0.37796447300922714,14.615712354142975,0.42857142857142855,8.857142857142858,9.428571428571429,-1
2025-05-19 01:51:21.707689,139,97658.292311,1.8558333333333334,5,9,91,0,1.0,-4.599999999999994,14.100000000000009,-21.099999999999994,-2.3999999999999915,0.5999999999999943,19.299999999999997,-16.0,2.700000000000003,0.0,0.0,0.1,1.0,0.1,14,47.9,24.3,49565.81,18391.81,100,19,-18.700000000000003,14.100000000000009,-13.599999999999994,9.0,0,0.0,0.0,0.0,0.0,0,19,15.8,47.9,4,-18.900000000000006,14.300000000000011,-12.900000000000006,8.300000000000011,0,0.0,0.0,0.0,0.0,3,100,12.9,44.3,0,-3.510560519902512,9,89,0.0,0.7071067811865476,0.0,9.0,4.5,0,89,0.0,0.7071067811865476,0.0,9.0,4.5,0,146,0.0,14.615712354142975,0.42857142857142855,9.0,9.428571428571429,0,697,0.0,14.615712354142975,0.42857142857142855,9.0,9.428571428571429,0,1816,0.3535533905932738,13.621804998918881,0.375,8.875,8.875,-1
2025-05-19 01:54:19.877995,139,97480.122005,1.9052777777777776,1,9,91,0,1.0,-4.599999999999994,14.100000000000009,-21.099999999999994,-2.3999999999999915,0.5999999999999943,19.299999999999997,-16.0,2.700000000000003,0.0,0.0,0.1,1.0,0.1,14,47.9,24.3,49565.81,18391.81,100,19,-18.700000000000003,14.100000000000009,-13.599999999999994,9.0,0,0.0,0.0,0.0,0.0,0,19,15.8,47.9,4,-18.900000000000006,14.300000000000011,-12.900000000000006,8.300000000000011,0,0.0,0.0,0.0,0.0,3,100,12.9,44.3,0,-3.517704517704516,9,1,,,0.0,9.0,1.0,0,90,0.0,2.081665999466133,0.0,9.0,3.3333333333333335,0,147,0.0,13.855762081428177,0.375,9.0,8.375,0,698,0.0,13.855762081428177,0.375,9.0,8.375,0,1817,0.33333333333333337,13.009611831257688,0.3333333333333333,8.88888888888889,8.0,-1
2025-05-19 02:06:21.228109,139,96758.771891,2.1058333333333334,9,9,91,0,1.0,-4.599999999999994,14.300000000000011,-21.099999999999994,-2.1999999999999886,0.5999999999999943,19.5,-16.0,2.9000000000000057,0.0,0.0,0.1,1.0,0.1,14,47.9,24.3,49565.81,18391.81,100,19,-18.900000000000006,14.300000000000011,-12.900000000000006,8.300000000000011,0,0.0,0.0,0.0,0.0,3,100,12.9,44.3,0,-19.099999999999994,14.5,-13.299999999999997,8.700000000000003,0,0.0,0.0,0.0,0.0,25,100,14.2,44.3,0,-3.5191368078175884,9,9,,,0.0,9.0,9.0,0,9,,,0.0,9.0,9.0,0,15,0.0,4.0,0.0,9.0,5.0,0,174,0.0,12.962552903567175,0.3333333333333333,9.0,8.444444444444445,0,1775,0.31622776601683794,12.269655432995844,0.3,8.9,8.1,-1
2025-05-19 02:07:39.702364,139,96680.297636,2.1275,15,31,69,1,-5.0,1.4000000000000057,14.300000000000011,-15.099999999999994,-2.1999999999999886,6.599999999999994,19.5,-10.0,2.9000000000000057,0.0,0.0,0.1,1.0,0.1,14,47.9,24.3,49565.81,18391.81,100,19,-12.900000000000006,14.300000000000011,-6.900000000000006,8.300000000000011,0,0.0,0.0,0.0,0.0,3,100,12.9,44.3,0,-13.099999999999994,14.5,-7.299999999999997,8.700000000000003,0,0.0,0.0,0.0,0.0,25,100,14.2,44.3,0,44.54307582769668,69,24,,,1.0,31.0,15.0,0,24,,,1.0,31.0,15.0,0,25,,,1.0,31.0,15.0,0,189,0.0,6.363961030678928,1.0,31.0,10.5,0,1790,3.0007214139818115,33.00098384995416,0.45454545454545453,30.636363636363637,28.272727272727273,-2
2025-05-19 02:07:44.078303,139,96675.921697,2.128888888888889,2,9,91,0,1.0,-4.599999999999994,14.300000000000011,-21.099999999999994,-2.1999999999999886,0.5999999999999943,19.5,-16.0,2.9000000000000057,0.0,0.0,0.1,1.0,0.1,14,47.9,24.3,49565.81,18391.81,100,19,-18.900000000000006,14.300000000000011,-12.900000000000006,8.300000000000011,0,0.0,0.0,0.0,0.0,3,100,12.9,44.3,0,-19.099999999999994,14.5,-13.299999999999997,8.700000000000003,0,0.0,0.0,0.0,0.0,25,100,14.2,44.3,0,-3.532080098079277,9,26,0.0,4.949747468305833,0.0,9.0,5.5,0,26,0.0,4.949747468305833,0.0,9.0,5.5,0,27,0.0,4.358898943540674,0.0,9.0,4.0,0,191,0.0,12.389960093200912,0.3,9.0,7.8,0,1792,0.30151134457776363,11.784427320524628,0.2727272727272727,8.909090909090908,7.545454545454546,-1
2025-05-19 02:09:23.908109,139,96576.091891,2.156388888888889,2,9,91,0,1.0,-4.599999999999994,14.300000000000011,-21.099999999999994,-2.1999999999999886,0.5999999999999943,19.5,-16.0,2.9000000000000057,0.0,0.0,0.1,1.0,0.1,14,47.9,24.3,49565.81,18391.81,100,19,-18.900000000000006,14.300000000000011,-12.900000000000006,8.300000000000011,0,0.0,0.0,0.0,0.0,3,100,12.9,44.3,0,-19.099999999999994,14.5,-13.299999999999997,8.700000000000003,0,0.0,0.0,0.0,0.0,25,100,14.2,44.3,0,-3.5349693251533694,9,19,0.0,0.0,0.0,9.0,2.0,0,28,0.0,4.041451884327381,0.0,9.0,4.333333333333333,0,28,0.0,4.041451884327381,0.0,9.0,4.333333333333333,0,193,0.0,11.8835256476427,0.2727272727272727,9.0,7.2727272727272725,0,1787,0.28867513459481287,11.349476025817493,0.25,8.916666666666666,7.083333333333333,-1
2025-05-19 02:10:42.897700,139,96497.1023,2.1783333333333332,1,31,69,1,-5.0,1.4000000000000057,14.300000000000011,-15.099999999999994,-2.1999999999999886,6.599999999999994,19.5,-10.0,2.9000000000000057,0.0,0.0,0.1,1.0,0.1,14,47.9,24.3,49565.81,18391.81,100,19,-12.900000000000006,14.300000000000011,-6.900000000000006,8.300000000000011,0,0.0,0.0,0.0,0.0,3,100,12.9,44.3,0,-13.099999999999994,14.5,-7.299999999999997,8.700000000000003,0,0.0,0.0,0.0,0.0,25,100,14.2,44.3,0,44.58275432032781,69,32,1.0,7.187952884282608,1.0,31.5,7.5,0,58,0.8944271909999159,7.0710678118654755,1.0,31.4,9.0,0,58,0.8944271909999159,7.0710678118654755,1.0,31.4,9.0,0,223,0.816496580927726,6.442049363362563,1.0,31.333333333333332,8.5,0,1518,2.3796008068581584,29.302730248220897,0.6875,31.9375,21.625,1
2025-05-19 02:10:42.897700,139,96497.1023,2.1783333333333332,17,31,69,1,-5.0,1.4000000000000057,14.300000000000011,-15.099999999999994,-2.1999999999999886,6.599999999999994,19.5,-10.0,2.9000000000000057,0.0,0.0,0.1,1.0,0.1,14,47.9,24.3,49565.81,18391.81,100,19,-12.900000000000006,14.300000000000011,-6.900000000000006,8.300000000000011,0,0.0,0.0,0.0,0.0,3,100,12.9,44.3,0,-13.099999999999994,14.5,-7.299999999999997,8.700000000000003,0,0.0,0.0,0.0,0.0,25,100,14.2,44.3,0,44.58540206675377,69,32,1.0,7.187952884282608,1.0,31.5,7.5,0,58,0.8944271909999159,7.0710678118654755,1.0,31.4,9.0,0,58,0.8944271909999159,7.0710678118654755,1.0,31.4,9.0,0,223,0.816496580927726,6.442049363362563,1.0,31.333333333333332,8.5,0,1518,2.3796008068581584,29.302730248220897,0.6875,31.9375,21.625,1
2025-05-19 02:10:42.897700,139,96497.1023,2.1783333333333332,9,33,67,1,-5.0,1.4000000000000057,14.300000000000011,-15.099999999999994,-2.1999999999999886,6.599999999999994,19.5,-10.0,2.9000000000000057,0.0,0.0,0.1,1.0,0.1,14,47.9,24.3,49565.81,18391.81,100,19,-12.900000000000006,14.300000000000011,-6.900000000000006,8.300000000000011,0,0.0,0.0,0.0,0.0,3,100,12.9,44.3,0,-13.099999999999994,14.5,-7.299999999999997,8.700000000000003,0,0.0,0.0,0.0,0.0,25,100,14.2,44.3,0,42.63046192259675,67,32,1.0,7.187952884282608,1.0,31.5,7.5,0,58,0.8944271909999159,7.0710678118654755,1.0,31.4,9.0,0,58,0.8944271909999159,7.0710678118654755,1.0,31.4,9.0,0,223,0.816496580927726,6.442049363362563,1.0,31.333333333333332,8.5,0,1518,2.3796008068581584,29.302730248220897,0.6875,31.9375,21.625,1
2025-05-19 02:10:42.897700,139,96497.1023,2.1783333333333332,3,31,69,1,-5.0,1.4000000000000057,14.300000000000011,-15.099999999999994,-2.1999999999999886,6.599999999999994,19.5,-10.0,2.9000000000000057,0.0,0.0,0.1,1.0,0.1,14,47.9,24.3,49565.81,18391.81,100,19,-12.900000000000006,14.300000000000011,-6.900000000000006,8.300000000000011,0,0.0,0.0,0.0,0.0,3,100,12.9,44.3,0,-13.099999999999994,14.5,-7.299999999999997,8.700000000000003,0,0.0,0.0,0.0,0.0,25,100,14.2,44.3,0,44.653283369022134,69,32,1.0,7.187952884282608,1.0,31.5,7.5,0,58,0.8944271909999159,7.0710678118654755,1.0,31.4,9.0,0,58,0.8944271909999159,7.0710678118654755,1.0,31.4,9.0,0,223,0.816496580927726,6.442049363362563,1.0,31.333333333333332,8.5,0,1518,2.3796008068581584,29.302730248220897,0.6875,31.9375,21.625,1
2025-05-19 02:10:46.678046,139,96493.321954,2.1794444444444445,3,9,91,0,1.0,-4.599999999999994,14.300000000000011,-21.099999999999994,-2.1999999999999886,0.5999999999999943,19.5,-16.0,2.9000000000000057,0.0,0.0,0.1,1.0,0.1,14,47.9,24.3,49565.81,18391.81,100,19,-18.900000000000006,14.300000000000011,-12.900000000000006,8.300000000000011,0,0.0,0.0,0.0,0.0,3,100,12.9,44.3,0,-19.099999999999994,14.5,-13.299999999999997,8.700000000000003,0,0.0,0.0,0.0,0.0,25,100,14.2,44.3,0,-3.53786328284896,9,35,0.0,0.7071067811865476,0.0,9.0,2.5,0,61,0.0,3.366501646120693,0.0,9.0,4.0,0,61,0.0,3.366501646120693,0.0,9.0,4.0,0,226,0.0,11.39743458641089,0.25,9.0,6.916666666666667,0,1521,0.2773500981126145,10.925153287664862,0.23076923076923078,8.923076923076923,6.769230769230769,-1
2025-05-19 02:12:17.720268,139,96402.279732,2.2047222222222222,5,9,91,0,1.0,-4.599999999999994,14.300000000000011,-21.099999999999994,-2.1999999999999886,0.5999999999999943,19.5,-16.0,2.9000000000000057,0.0,0.0,0.1,1.0,0.1,14,47.9,24.3,49565.81,18391.81,100,19,-18.900000000000006,14.300000000000011,-12.900000000000006,8.300000000000011,0,0.0,0.0,0.0,0.0,3,100,12.9,44.3,0,-19.099999999999994,14.5,-13.299999999999997,8.700000000000003,0,0.0,0.0,0.0,0.0,25,100,14.2,44.3,0,-3.542213114754105,9,38,0.0,1.4142135623730951,0.0,9.0,4.0,0,57,0.0,1.4142135623730951,0.0,9.0,3.0,0,66,0.0,2.949576240750525,0.0,9.0,4.2,0,231,0.0,10.925153287664862,0.23076923076923078,9.0,6.769230769230769,0,1452,0.26726124191242434,10.507192722183165,0.21428571428571427,8.928571428571429,6.642857142857143,-1
2025-05-19 02:13:52.178111,139,96307.821889,2.2311111111111113,29,32,68,1,-5.0,1.4000000000000057,14.300000000000011,-15.099999999999994,-2.1999999999999886,6.599999999999994,19.5,-10.0,2.9000000000000057,0.0,0.0,0.1,1.0,0.1,14,47.9,24.3,49565.81,18391.81,100,19,-12.900000000000006,14.300000000000011,-6.900000000000006,8.300000000000011,0,0.0,0.0,0.0,0.0,3,100,12.9,44.3,0,-13.099999999999994,14.5,-7.299999999999997,8.700000000000003,0,0.0,0.0,0.0,0.0,25,100,14.2,44.3,0,43.661252900232014,68,34,,,1.0,32.0,29.0,0,69,0.8944271909999159,11.454256850621082,1.0,31.6,11.8,-1,95,0.8366600265340756,10.327955589886445,1.0,31.5,12.333333333333334,-1,260,0.7867957924694432,9.727232269204206,1.0,31.428571428571427,11.428571428571429,-1,1481,2.3796008068581584,25.902943848142048,0.6875,31.9375,18.8125,-5
2025-05-19 02:13:58.239761,139,96301.760239,2.2327777777777778,2,9,91,0,1.0,-4.599999999999994,14.300000000000011,-21.099999999999994,-2.1999999999999886,0.5999999999999943,19.5,-16.0,2.9000000000000057,0.0,0.0,0.1,1.0,0.1,14,47.9,24.3,49565.81,18391.81,100,19,-18.900000000000006,14.300000000000011,-12.900000000000006,8.300000000000011,0,0.0,0.0,0.0,0.0,3,100,12.9,44.3,0,-19.099999999999994,14.5,-13.299999999999997,8.700000000000003,0,0.0,0.0,0.0,0.0,25,100,14.2,44.3,0,-3.549486652977407,9,36,0.0,2.1213203435596424,0.0,9.0,3.5,0,71,0.0,1.4142135623730951,0.0,9.0,3.0,0,97,0.0,2.7868739954771304,0.0,9.0,3.8333333333333335,0,262,0.0,10.573655839027381,0.21428571428571427,9.0,6.428571428571429,0,1483,0.2581988897471611,10.195704043977587,0.2,8.933333333333334,6.333333333333333,-1
2025-05-19 02:15:31.280367,139,96208.719633,2.258611111111111,4,9,91,0,1.0,-4.599999999999994,14.300000000000011,-21.099999999999994,-2.1999999999999886,0.5999999999999943,19.5,-16.0,2.9000000000000057,0.0,0.0,0.1,1.0,0.1,14,47.9,24.3,49565.81,18391.81,100,19,-18.900000000000006,14.300000000000011,-12.900000000000006,8.300000000000011,0,0.0,0.0,0.0,0.0,3,100,12.9,44.3,0,-19.099999999999994,14.5,-13.299999999999997,8.700000000000003,0,0.0,0.0,0.0,0.0,25,100,14.2,44.3,0,-3.5524044389642455,9,35,0.0,1.4142135623730951,0.0,9.0,3.0,0,73,0.0,1.2909944487358056,0.0,9.0,3.5,0,101,0.0,2.544836041121407,0.0,9.0,3.857142857142857,0,266,0.0,10.208306608322646,0.2,9.0,6.266666666666667,0,1487,0.25,9.867243789427725,0.1875,8.9375,6.1875,-1
2025-05-19 02:18:06.324159,139,96053.675841,2.3016666666666663,128,11,89,1,1.0,-4.599999999999994,14.300000000000011,-21.099999999999994,-2.1999999999999886,0.5999999999999943,19.5,-16.0,2.9000000000000057,0.0,0.0,0.1,1.0,0.1,14,47.9,24.3,49565.81,18391.81,100,19,-18.900000000000006,14.300000000000011,-12.900000000000006,8.300000000000011,0,0.0,0.0,0.0,0.0,3,100,12.9,44.3,0,-19.099999999999994,14.5,-13.299999999999997,8.700000000000003,0,0.0,0.0,0.0,0.0,25,100,14.2,44.3,0,-5.558254425689584,-11,128,,,1.0,11.0,128.0,0,163,1.1547005383792517,72.17571151941166,0.3333333333333333,9.666666666666666,44.666666666666664,-2,229,0.7071067811865476,43.954318819168876,0.125,9.25,19.375,-2,394,0.5,31.991405095744078,0.25,9.125,13.875,-2,1558,0.5557189302262113,31.050243913032688,0.23529411764705882,9.058823529411764,13.352941176470589,-3
2025-05-19 02:18:21.538271,139,96038.461729,2.305833333333333,1,9,91,0,1.0,-4.599999999999994,14.300000000000011,-21.099999999999994,-2.1999999999999886,0.5999999999999943,19.5,-16.0,2.9000000000000057,0.0,0.0,0.1,1.0,0.1,14,47.9,24.3,49565.81,18391.81,100,19,-18.900000000000006,14.300000000000011,-12.900000000000006,8.300000000000011,0,0.0,0.0,0.0,0.0,3,100,12.9,44.3,0,-19.099999999999994,14.5,-13.299999999999997,8.700000000000003,0,0.0,0.0,0.0,0.0,25,100,14.2,44.3,0,-3.867448935245548,9,129,1.4142135623730951,89.80256121069154,0.5,10.0,64.5,2,164,1.0,62.84571054044447,0.25,9.5,33.75,0,230,0.6666666666666667,41.569219381653056,0.1111111111111111,9.222222222222221,17.333333333333332,0,395,0.48507125007266594,31.13254397118306,0.23529411764705882,9.117647058823529,13.117647058823529,0,1559,0.5393048054696105,30.263548254313744,0.2222222222222222,9.055555555555555,12.666666666666666,-1
2025-05-19 02:22:14.743708,139,95805.256292,2.3705555555555557,12,38,62,1,-3.0,-0.5999999999999943,14.300000000000011,-17.099999999999994,-2.1999999999999886,4.599999999999994,19.5,-12.0,2.9000000000000057,0.0,0.0,0.1,1.0,0.1,14,47.9,24.3,49565.81,18391.81,100,19,-14.900000000000006,14.300000000000011,-8.900000000000006,8.300000000000011,0,0.0,0.0,0.0,0.0,3,100,12.9,44.3,0,-15.099999999999994,14.5,-9.299999999999997,8.700000000000003,0,0.0,0.0,0.0,0.0,25,100,14.2,44.3,0,-13.82685867381112,-38,12,,,1.0,38.0,12.0,0,141,,,1.0,38.0,12.0,0,233,,,1.0,38.0,12.0,0,407,0.5,14.059397805975427,1.0,38.25,21.5,0,1142,2.0,13.885243966167826,0.6666666666666666,37.0,16.0,-3
2025-05-19 02:22:19.668262,139,95800.331738,2.3719444444444444,1,9,91,0,1.0,-4.599999999999994,14.300000000000011,-21.099999999999994,-2.1999999999999886,0.5999999999999943,19.5,-16.0,2.9000000000000057,0.0,0.0,0.1,1.0,0.1,14,47.9,24.3,49565.81,18391.81,100,19,-18.900000000000006,14.300000000000011,-12.900000000000006,8.300000000000011,0,0.0,0.0,0.0,0.0,3,100,12.9,44.3,0,-19.099999999999994,14.5,-13.299999999999997,8.700000000000003,0,0.0,0.0,0.0,0.0,25,100,14.2,44.3,0,-3.8691304347826048,9,13,,,0.0,9.0,1.0,0,142,1.1547005383792517,73.32348418708247,0.3333333333333333,9.666666666666666,43.333333333333336,2,234,0.6666666666666667,41.85424444160685,0.1111111111111111,9.222222222222221,16.444444444444443,0,408,0.4714045207910317,30.3377501632425,0.2222222222222222,9.11111111111111,12.444444444444445,0,1143,0.5242650104380328,29.53241850390954,0.21052631578947367,9.052631578947368,12.052631578947368,-1
2025-05-19 02:24:18.468606,139,95681.531394,2.405,2,9,91,0,1.0,-4.599999999999994,14.300000000000011,-21.099999999999994,-2.1999999999999886,0.5999999999999943,19.5,-16.0,2.9000000000000057,0.0,0.0,0.1,1.0,0.1,14,47.9,24.3,49565.81,18391.81,100,19,-18.900000000000006,14.300000000000011,-12.900000000000006,8.300000000000011,0,0.0,0.0,0.0,0.0,3,100,12.9,44.3,0,-19.099999999999994,14.5,-13.299999999999997,8.700000000000003,0,0.0,0.0,0.0,0.0,25,100,14.2,44.3,0,-3.870813397129183,9,3,0.0,0.7071067811865476,0.0,9.0,1.5,0,15,0.0,0.7071067811865476,0.0,9.0,1.5,0,219,0.6666666666666667,41.854244441606845,0.1111111111111111,9.222222222222221,16.444444444444443,0,392,0.45883146774112354,29.580201217935745,0.21052631578947367,9.105263157894736,11.894736842105264,0,1145,0.5104177855340405,28.832501762676383,0.2,9.05,11.55,-1
2025-05-19 02:30:40.777914,139,95299.222086,2.511111111111111,9,9,91,0,1.0,-4.599999999999994,14.300000000000011,-21.099999999999994,-2.1999999999999886,0.5999999999999943,19.5,-16.0,2.9000000000000057,0.0,0.0,0.1,1.0,0.1,14,47.9,24.3,49565.81,18391.81,100,19,-18.900000000000006,14.300000000000011,-12.900000000000006,8.300000000000011,0,0.0,0.0,0.0,0.0,3,100,12.9,44.3,0,-19.099999999999994,14.5,-13.299999999999997,8.700000000000003,0,0.0,0.0,0.0,0.0,25,100,14.2,44.3,0,-3.8741837178929046,9,9,,,0.0,9.0,9.0,0,9,,,0.0,9.0,9.0,0,153,0.8944271909999157,55.89007067449459,0.2,9.4,28.2,2,401,0.44721359549995787,28.79852883669398,0.2,9.1,11.75,0,1144,0.49761335152811936,28.10795515253898,0.19047619047619047,9.047619047619047,11.428571428571429,-1
2025-05-19 02:33:48.678132,139,95111.321868,2.563333333333333,2,32,68,1,-5.0,1.4000000000000057,14.300000000000011,-15.099999999999994,-2.1999999999999886,6.599999999999994,19.5,-10.0,2.9000000000000057,0.0,0.0,0.1,1.0,0.1,14,47.9,24.3,49565.81,18391.81,100,19,-12.900000000000006,14.300000000000011,-6.900000000000006,8.300000000000011,0,0.0,0.0,0.0,0.0,3,100,12.9,44.3,0,-13.099999999999994,14.5,-7.299999999999997,8.700000000000003,0,0.0,0.0,0.0,0.0,25,100,14.2,44.3,0,43.73671036948748,68,2,,,1.0,32.0,2.0,0,11,,,1.0,32.0,2.0,0,26,,,1.0,32.0,2.0,0,403,0.7559289460184544,9.602826964716469,1.0,31.5,10.25,-1,965,1.3026778945578592,8.404093519160044,0.9166666666666666,31.333333333333332,8.083333333333334,-4
2025-05-19 02:33:51.168932,139,95108.831068,2.5641666666666665,1,9,91,0,1.0,-4.599999999999994,14.300000000000011,-21.099999999999994,-2.1999999999999886,0.5999999999999943,19.5,-16.0,2.9000000000000057,0.0,0.0,0.1,1.0,0.1,14,47.9,24.3,49565.81,18391.81,100,19,-18.900000000000006,14.300000000000011,-12.900000000000006,8.300000000000011,0,0.0,0.0,0.0,0.0,3,100,12.9,44.3,0,-19.099999999999994,14.5,-13.299999999999997,8.700000000000003,0,0.0,0.0,0.0,0.0,25,100,14.2,44.3,0,-3.88942307692308,9,3,,,0.0,9.0,1.0,0,12,0.0,5.656854249492381,0.0,9.0,5.0,0,27,0.0,3.8622100754188224,0.0,9.0,3.25,0,404,0.43643578047198467,28.167187935441408,0.19047619047619047,9.095238095238095,11.238095238095237,0,966,0.4857270179130826,27.520515763313522,0.18181818181818182,9.045454545454545,10.954545454545455,-1
2025-05-19 02:42:21.359427,139,94598.640573,2.7058333333333335,1,9,91,0,1.0,-4.599999999999994,14.300000000000011,-21.099999999999994,-2.1999999999999886,0.5999999999999943,19.5,-16.0,2.9000000000000057,0.0,0.0,0.1,1.0,0.1,14,47.9,24.3,49565.81,18391.81,100,19,-18.900000000000006,14.300000000000011,-12.900000000000006,8.300000000000011,0,0.0,0.0,0.0,0.0,3,100,12.9,44.3,0,-19.099999999999994,14.5,-13.299999999999997,8.700000000000003,0,0.0,0.0,0.0,0.0,25,100,14.2,44.3,0,-3.891123742894621,9,1,,,0.0,9.0,1.0,0,1,,,0.0,9.0,1.0,0,13,0.0,4.618802153517007,0.0,9.0,3.6666666666666665,0,353,0.45883146774112354,28.745709061939742,0.05263157894736842,9.105263157894736,9.736842105263158,0,966,0.4746540241984124,26.96777464985232,0.17391304347826086,9.043478260869565,10.521739130434783,-1
2025-05-19 02:48:56.816208,139,94203.183792,2.8155555555555556,11,26,74,0,-1.0,-2.5999999999999943,14.300000000000011,-19.099999999999994,-2.1999999999999886,2.5999999999999943,19.5,-14.0,2.9000000000000057,0.0,0.0,0.1,1.0,0.1,14,47.9,24.3,49565.81,18391.81,100,19,-16.900000000000006,14.300000000000011,-10.900000000000006,8.300000000000011,0,0.0,0.0,0.0,0.0,3,100,12.9,44.3,0,-17.099999999999994,14.5,-11.299999999999997,8.700000000000003,0,0.0,0.0,0.0,0.0,25,100,14.2,44.3,0,-18.66556291390728,26,11,,,0.0,26.0,11.0,0,11,,,0.0,26.0,11.0,0,12,,,0.0,26.0,11.0,0,359,,,0.0,26.0,11.0,0,967,1.8529256146249728,78.44431853940164,0.9,28.9,54.8,2
2025-05-19 02:49:28.754087,139,94171.245913,2.824444444444444,141,9,91,0,1.0,-4.599999999999994,14.300000000000011,-21.099999999999994,-2.1999999999999886,0.5999999999999943,19.5,-16.0,2.9000000000000057,0.0,0.0,0.1,1.0,0.1,14,47.9,24.3,49565.81,18391.81,100,19,-18.900000000000006,14.300000000000011,-12.900000000000006,8.300000000000011,0,0.0,0.0,0.0,0.0,3,100,12.9,44.3,0,-19.099999999999994,14.5,-13.299999999999997,8.700000000000003,0,0.0,0.0,0.0,0.0,25,100,14.2,44.3,0,-3.8928258967629006,9,152,,,0.0,9.0,141.0,0,152,,,0.0,9.0,141.0,0,153,0.0,98.99494936611666,0.0,9.0,71.0,0,500,0.4714045207910317,42.57484758702987,0.05555555555555555,9.11111111111111,17.833333333333332,0,1108,0.41702882811414954,38.251353020581355,0.17391304347826086,9.08695652173913,16.434782608695652,0
2025-05-19 02:49:42.556376,139,94157.443624,2.828333333333333,3,35,65,0,-3.0,-0.5999999999999943,14.300000000000011,-17.099999999999994,-2.1999999999999886,4.599999999999994,19.5,-12.0,2.9000000000000057,0.0,0.0,0.1,1.0,0.1,14,47.9,24.3,49565.81,18391.81,100,19,-14.900000000000006,14.300000000000011,-8.900000000000006,8.300000000000011,0,0.0,0.0,0.0,0.0,3,100,12.9,44.3,0,-15.099999999999994,14.5,-9.299999999999997,8.700000000000003,0,0.0,0.0,0.0,0.0,25,100,14.2,44.3,0,-10.854697986577179,35,155,,,0.0,35.0,3.0,0,155,,,0.0,35.0,3.0,0,156,,,0.0,35.0,3.0,0,503,1.51657508881031,14.720733677368122,0.8,37.6,17.8,3,1111,1.51657508881031,14.720733677368122,0.8,37.6,17.8,3
2025-05-19 02:50:08.563672,139,94131.436328,2.8355555555555556,54,34,66,1,-5.0,1.4000000000000057,14.300000000000011,-15.099999999999994,-2.1999999999999886,6.599999999999994,19.5,-10.0,2.9000000000000057,0.0,0.0,0.1,1.0,0.1,14,47.9,24.3,49565.81,18391.81,100,19,-12.900000000000006,14.300000000000011,-6.900000000000006,8.300000000000011,0,0.0,0.0,0.0,0.0,3,100,12.9,44.3,0,-13.099999999999994,14.5,-7.299999999999997,8.700000000000003,0,0.0,0.0,0.0,0.0,25,100,14.2,44.3,0,41.74192394802718,66,300,1.1547005383792517,44.76978147515725,1.0,32.666666666666664,48.333333333333336,2,300,1.1547005383792517,44.76978147515725,1.0,32.666666666666664,48.333333333333336,2,301,1.1547005383792517,44.76978147515725,1.0,32.666666666666664,48.333333333333336,2,642,0.9944289260117531,29.026616138372802,1.0,31.9,22.1,-1,1256,0.9492622930986468,25.462426530775986,1.0,31.857142857142858,17.214285714285715,1
2025-05-19 02:50:08.563672,139,94131.436328,2.8355555555555556,90,32,68,1,-5.0,1.4000000000000057,14.300000000000011,-15.099999999999994,-2.1999999999999886,6.599999999999994,19.5,-10.0,2.9000000000000057,0.0,0.0,0.1,1.0,0.1,14,47.9,24.3,49565.81,18391.81,100,19,-12.900000000000006,14.300000000000011,-6.900000000000006,8.300000000000011,0,0.0,0.0,0.0,0.0,3,100,12.9,44.3,0,-13.099999999999994,14.5,-7.299999999999997,8.700000000000003,0,0.0,0.0,0.0,0.0,25,100,14.2,44.3,0,43.87670413776608,68,300,1.1547005383792517,44.76978147515725,1.0,32.666666666666664,48.333333333333336,2,300,1.1547005383792517,44.76978147515725,1.0,32.666666666666664,48.333333333333336,2,301,1.1547005383792517,44.76978147515725,1.0,32.666666666666664,48.333333333333336,2,642,0.9944289260117531,29.026616138372802,1.0,31.9,22.1,-1,1256,0.9492622930986468,25.462426530775986,1.0,31.857142857142858,17.214285714285715,1
2025-05-19 02:50:08.563672,139,94131.436328,2.8355555555555556,1,32,68,1,-5.0,1.4000000000000057,14.300000000000011,-15.099999999999994,-2.1999999999999886,6.599999999999994,19.5,-10.0,2.9000000000000057,0.0,0.0,0.1,1.0,0.1,14,47.9,24.3,49565.81,18391.81,100,19,-12.900000000000006,14.300000000000011,-6.900000000000006,8.300000000000011,0,0.0,0.0,0.0,0.0,3,100,12.9,44.3,0,-13.099999999999994,14.5,-7.299999999999997,8.700000000000003,0,0.0,0.0,0.0,0.0,25,100,14.2,44.3,0,44.11410364314055,68,300,1.1547005383792517,44.76978147515725,1.0,32.666666666666664,48.333333333333336,2,300,1.1547005383792517,44.76978147515725,1.0,32.666666666666664,48.333333333333336,2,301,1.1547005383792517,44.76978147515725,1.0,32.666666666666664,48.333333333333336,2,642,0.9944289260117531,29.026616138372802,1.0,31.9,22.1,-1,1256,0.9492622930986468,25.462426530775986,1.0,31.857142857142858,17.214285714285715,1
2025-05-19 02:51:59.103804,139,94020.896196,2.866388888888889,746,8,92,0,1.0,-4.599999999999994,14.300000000000011,-21.099999999999994,-2.1999999999999886,0.5999999999999943,19.5,-16.0,2.9000000000000057,0.0,0.0,0.1,1.0,0.1,14,47.9,24.3,49565.81,18391.81,100,19,-18.900000000000006,14.300000000000011,-12.900000000000006,8.300000000000011,0,0.0,0.0,0.0,0.0,3,100,12.9,44.3,0,-19.099999999999994,14.5,-13.299999999999997,8.700000000000003,0,0.0,0.0,0.0,0.0,25,100,14.2,44.3,0,-3.1487179487179446,8,891,,,0.0,8.0,746.0,0,1046,0.7071067811865476,427.79960261786124,0.0,8.5,443.5,1,1047,0.5773502691896257,395.9482289390874,0.0,8.666666666666666,296.0,1,1305,0.5557189302262113,181.5160218175536,0.058823529411764705,9.058823529411764,62.23529411764706,1,2002,0.4643056214875365,153.5489347482386,0.16666666666666666,9.041666666666666,46.833333333333336,1
2025-05-19 02:57:12.778086,139,93707.221914,2.9533333333333336,27,33,67,1,-5.0,1.4000000000000057,14.300000000000011,-15.099999999999994,-2.1999999999999886,6.599999999999994,19.5,-10.0,2.9000000000000057,0.0,0.0,0.1,1.0,0.1,14,47.9,24.3,49565.81,18391.81,100,19,-12.900000000000006,14.300000000000011,-6.900000000000006,8.300000000000011,0,0.0,0.0,0.0,0.0,3,100,12.9,44.3,0,-13.099999999999994,14.5,-7.299999999999997,8.700000000000003,0,0.0,0.0,0.0,0.0,25,100,14.2,44.3,0,43.11675584681056,67,73,0.0,20.13289182738867,1.0,33.0,24.333333333333332,0,73,0.0,20.13289182738867,1.0,33.0,24.333333333333332,0,1120,0.752772652709081,33.71448748930742,1.0,32.833333333333336,36.333333333333336,1,1377,0.9870962335856489,26.46550730522801,1.0,32.15384615384615,22.615384615384617,-2,1545,1.0,25.324183811414056,1.0,32.0,20.2,-2
2025-05-19 02:57:12.778086,139,93707.221914,2.9533333333333336,3,33,67,1,-5.0,1.4000000000000057,14.300000000000011,-15.099999999999994,-2.1999999999999886,6.599999999999994,19.5,-10.0,2.9000000000000057,0.0,0.0,0.1,1.0,0.1,14,47.9,24.3,49565.81,18391.81,100,19,-12.900000000000006,14.300000000000011,-6.900000000000006,8.300000000000011,0,0.0,0.0,0.0,0.0,3,100,12.9,44.3,0,-13.099999999999994,14.5,-7.299999999999997,8.700000000000003,0,0.0,0.0,0.0,0.0,25,100,14.2,44.3,0,43.186860171022516,67,73,0.0,20.13289182738867,1.0,33.0,24.333333333333332,0,73,0.0,20.13289182738867,1.0,33.0,24.333333333333332,0,1120,0.752772652709081,33.71448748930742,1.0,32.833333333333336,36.333333333333336,1,1377,0.9870962335856489,26.46550730522801,1.0,32.15384615384615,22.615384615384617,-2,1545,1.0,25.324183811414056,1.0,32.0,20.2,-2
2025-05-19 02:57:12.778086,139,93707.221914,2.9533333333333336,43,33,67,1,-5.0,1.4000000000000057,14.300000000000011,-15.099999999999994,-2.1999999999999886,6.599999999999994,19.5,-10.0,2.9000000000000057,0.0,0.0,0.1,1.0,0.1,14,47.9,24.3,49565.81,18391.81,100,19,-12.900000000000006,14.300000000000011,-6.900000000000006,8.300000000000011,0,0.0,0.0,0.0,0.0,3,100,12.9,44.3,0,-13.099999999999994,14.5,-7.299999999999997,8.700000000000003,0,0.0,0.0,0.0,0.0,25,100,14.2,44.3,0,43.19466361500933,67,73,0.0,20.13289182738867,1.0,33.0,24.333333333333332,0,73,0.0,20.13289182738867,1.0,33.0,24.333333333333332,0,1120,0.752772652709081,33.71448748930742,1.0,32.833333333333336,36.333333333333336,1,1377,0.9870962335856489,26.46550730522801,1.0,32.15384615384615,22.615384615384617,-2,1545,1.0,25.324183811414056,1.0,32.0,20.2,-2
2025-05-19 02:57:17.978979,139,93702.021021,2.9547222222222222,15,34,66,0,-5.0,1.4000000000000057,14.300000000000011,-15.099999999999994,-2.1999999999999886,6.599999999999994,19.5,-10.0,2.9000000000000057,0.0,0.0,0.1,1.0,0.1,14,47.9,24.3,49565.81,18391.81,100,19,-12.900000000000006,14.300000000000011,-6.900000000000006,8.300000000000011,0,0.0,0.0,0.0,0.0,3,100,12.9,44.3,0,-13.099999999999994,14.5,-7.299999999999997,8.700000000000003,0,0.0,0.0,0.0,0.0,25,100,14.2,44.3,0,42.30682367149758,-66,88,0.5,17.08800749063506,0.75,33.25,22.0,-1,88,0.5,17.08800749063506,0.75,33.25,22.0,-1,1135,0.816496580927726,31.815689450931206,0.8571428571428571,33.0,33.285714285714285,0,1392,1.0690449676496974,25.50856352652601,0.9285714285714286,32.285714285714285,22.071428571428573,-3,1560,1.0878112581387147,24.5,0.9375,32.125,19.875,-3
2025-05-19 02:57:26.309652,139,93693.690348,2.957222222222222,27,33,67,0,-5.0,1.4000000000000057,14.300000000000011,-15.099999999999994,-2.1999999999999886,6.599999999999994,19.5,-10.0,2.9000000000000057,0.0,0.0,0.1,1.0,0.1,14,47.9,24.3,49565.81,18391.81,100,19,-12.900000000000006,14.300000000000011,-6.900000000000006,8.300000000000011,0,0.0,0.0,0.0,0.0,3,100,12.9,44.3,0,-13.099999999999994,14.5,-7.299999999999997,8.700000000000003,0,0.0,0.0,0.0,0.0,25,100,14.2,44.3,0,43.34517981263221,-67,115,0.4472135954999579,14.966629547095765,0.6,33.2,23.0,0,115,0.4472135954999579,14.966629547095765,0.6,33.2,23.0,0,1161,0.7559289460184544,29.539320042469303,0.75,33.0,32.5,1,1419,1.0465362369445672,24.613585099058024,0.8666666666666667,32.333333333333336,22.4,-2,1587,1.0744355563298724,23.78488150559708,0.8823529411764706,32.1764705882353,20.294117647058822,-2
2025-05-19 02:59:19.555120,139,93580.44488,2.988611111111111,45,33,67,1,-5.0,1.4000000000000057,14.300000000000011,-15.099999999999994,-2.1999999999999886,6.599999999999994,19.5,-10.0,2.9000000000000057,0.0,0.0,0.1,1.0,0.1,14,47.9,24.3,49565.81,18391.81,100,19,-12.900000000000006,14.300000000000011,-6.900000000000006,8.300000000000011,0,0.0,0.0,0.0,0.0,3,100,12.9,44.3,0,-13.099999999999994,14.5,-7.299999999999997,8.700000000000003,0,0.0,0.0,0.0,0.0,25,100,14.2,44.3,0,43.41603099648867,67,167,1.2583057392117916,28.324018076537094,0.75,33.25,41.75,1,255,0.8864052604279183,24.091714639803335,0.75,33.25,31.875,1,1301,0.9438798074485389,29.432202524693007,0.8181818181818182,33.09090909090909,36.36363636363637,2,1559,1.1504474832710556,26.64631576392597,0.8888888888888888,32.5,26.444444444444443,-1,1727,1.1821033884786185,26.098749717986593,0.9,32.35,24.25,-1
2025-05-19 02:59:19.555120,139,93580.44488,2.988611111111111,80,35,65,1,-5.0,1.4000000000000057,14.300000000000011,-15.099999999999994,-2.1999999999999886,6.599999999999994,19.5,-10.0,2.9000000000000057,0.0,0.0,0.1,1.0,0.1,14,47.9,24.3,49565.81,18391.81,100,19,-12.900000000000006,14.300000000000011,-6.900000000000006,8.300000000000011,0,0.0,0.0,0.0,0.0,3,100,12.9,44.3,0,-13.099999999999994,14.5,-7.299999999999997,8.700000000000003,0,0.0,0.0,0.0,0.0,25,100,14.2,44.3,0,41.53463242882292,65,167,1.2583057392117916,28.324018076537094,0.75,33.25,41.75,1,255,0.8864052604279183,24.091714639803335,0.75,33.25,31.875,1,1301,0.9438798074485389,29.432202524693007,0.8181818181818182,33.09090909090909,36.36363636363637,2,1559,1.1504474832710556,26.64631576392597,0.8888888888888888,32.5,26.444444444444443,-1,1727,1.1821033884786185,26.098749717986593,0.9,32.35,24.25,-1
2025-05-19 02:59:19.555120,139,93580.44488,2.988611111111111,15,32,68,1,-5.0,1.4000000000000057,14.300000000000011,-15.099999999999994,-2.1999999999999886,6.599999999999994,19.5,-10.0,2.9000000000000057,0.0,0.0,0.1,1.0,0.1,14,47.9,24.3,49565.81,18391.81,100,19,-12.900000000000006,14.300000000000011,-6.900000000000006,8.300000000000011,0,0.0,0.0,0.0,0.0,3,100,12.9,44.3,0,-13.099999999999994,14.5,-7.299999999999997,8.700000000000003,0,0.0,0.0,0.0,0.0,25,100,14.2,44.3,0,44.737326907826514,68,167,1.2583057392117916,28.324018076537094,0.75,33.25,41.75,1,255,0.8864052604279183,24.091714639803335,0.75,33.25,31.875,1,1301,0.9438798074485389,29.432202524693007,0.8181818181818182,33.09090909090909,36.36363636363637,2,1559,1.1504474832710556,26.64631576392597,0.8888888888888888,32.5,26.444444444444443,-1,1727,1.1821033884786185,26.098749717986593,0.9,32.35,24.25,-1
2025-05-19 03:03:19.255420,139,93340.74458,3.0552777777777775,75,35,65,1,-5.0,1.4000000000000057,14.5,-15.099999999999994,-2.0,6.599999999999994,19.69999999999999,-10.0,3.0999999999999943,0.0,0.0,0.1,1.0,0.1,14,47.9,24.3,49565.81,18391.81,100,19,-13.099999999999994,14.5,-7.299999999999997,8.700000000000003,0,0.0,0.0,0.0,0.0,25,100,14.2,44.3,0,-13.900000000000006,15.300000000000011,-8.799999999999997,10.200000000000003,1,0.0,0.0,0.0,0.0,8,100,15.7,44.6,0,41.778300158749545,65,133,1.4142135623730951,12.020815280171307,1.0,36.0,66.5,-2,273,1.9493588689617927,26.14000765110829,1.0,34.4,54.6,-4,1434,1.4500221041639685,29.359836511806396,0.8461538461538461,33.53846153846154,41.0,-3,1692,1.5652475842498528,28.19383097883574,0.9,32.85,30.45,-6,1857,1.5781242633190171,27.99311139752574,0.9047619047619048,32.76190476190476,29.285714285714285,-6
2025-05-19 03:03:19.255420,139,93340.74458,3.0552777777777775,58,37,63,1,-5.0,1.4000000000000057,14.5,-15.099999999999994,-2.0,6.599999999999994,19.69999999999999,-10.0,3.0999999999999943,0.0,0.0,0.1,1.0,0.1,14,47.9,24.3,49565.81,18391.81,100,19,-13.099999999999994,14.5,-7.299999999999997,8.700000000000003,0,0.0,0.0,0.0,0.0,25,100,14.2,44.3,0,-13.900000000000006,15.300000000000011,-8.799999999999997,10.200000000000003,1,0.0,0.0,0.0,0.0,8,100,15.7,44.6,0,39.97049622768816,63,133,1.4142135623730951,12.020815280171307,1.0,36.0,66.5,-2,273,1.9493588689617927,26.14000765110829,1.0,34.4,54.6,-4,1434,1.4500221041639685,29.359836511806396,0.8461538461538461,33.53846153846154,41.0,-3,1692,1.5652475842498528,28.19383097883574,0.9,32.85,30.45,-6,1857,1.5781242633190171,27.99311139752574,0.9047619047619048,32.76190476190476,29.285714285714285,-6
2025-05-19 03:03:21.342405,139,93338.657595,3.055833333333333,15,35,65,0,-5.0,1.4000000000000057,14.5,-15.099999999999994,-2.0,6.599999999999994,19.69999999999999,-10.0,3.0999999999999943,0.0,0.0,0.1,1.0,0.1,14,47.9,24.3,49565.81,18391.81,100,19,-13.099999999999994,14.5,-7.299999999999997,8.700000000000003,0,0.0,0.0,0.0,0.0,25,100,14.2,44.3,0,-13.900000000000006,15.300000000000011,-8.799999999999997,10.200000000000003,1,0.0,0.0,0.0,0.0,8,100,15.7,44.6,0,42.113204062788554,-65,148,1.1547005383792517,30.924639582917266,0.6666666666666666,35.666666666666664,49.333333333333336,0,288,1.760681686165901,28.42534080710379,0.8333333333333334,34.5,48.0,-2,1449,1.4468609447374663,29.051299832847786,0.7857142857142857,33.642857142857146,39.142857142857146,-1,1707,1.5961262630566064,27.685994396342092,0.8571428571428571,32.95238095238095,29.714285714285715,-4,1872,1.6123173073458896,27.48773831321445,0.8636363636363636,32.86363636363637,28.636363636363637,-4
2025-05-19 03:06:34.456505,139,93145.543495,3.1094444444444447,1,35,65,1,-5.0,1.4000000000000057,14.5,-15.099999999999994,-2.0,6.599999999999994,19.69999999999999,-10.0,3.0999999999999943,0.0,0.0,0.1,1.0,0.1,14,47.9,24.3,49565.81,18391.81,100,19,-13.099999999999994,14.5,-7.299999999999997,8.700000000000003,0,0.0,0.0,0.0,0.0,25,100,14.2,44.3,0,-13.900000000000006,15.300000000000011,-8.799999999999997,10.200000000000003,1,0.0,0.0,0.0,0.0,8,100,15.7,44.6,0,42.15212569316081,65,1,,,1.0,35.0,1.0,0,149,1.0,34.95115639479377,0.75,35.5,37.25,0,1150,1.4142135623730951,26.6367256154947,0.75,34.0,33.666666666666664,-2,1699,1.6176783106919363,27.70363409358675,0.8636363636363636,33.04545454545455,28.40909090909091,-4,1873,1.6370222653443667,27.467048170086745,0.8695652173913043,32.95652173913044,27.434782608695652,-4
2025-05-19 03:42:00.618136,139,91019.381864,3.7,5,43,57,1,-5.0,1.4000000000000057,14.5,-15.099999999999994,-2.0,6.599999999999994,19.69999999999999,-10.0,3.0999999999999943,0.0,0.0,0.1,1.0,0.1,14,47.9,24.3,49565.81,18391.81,100,19,-13.099999999999994,14.5,-7.299999999999997,8.700000000000003,0,0.0,0.0,0.0,0.0,25,100,14.2,44.3,0,-13.900000000000006,15.300000000000011,-8.799999999999997,10.200000000000003,1,0.0,0.0,0.0,0.0,8,100,15.7,44.6,0,34.15472302668063,57,111,1.0,47.843494855622744,1.0,42.0,37.0,1,111,1.0,47.843494855622744,1.0,42.0,37.0,1,111,1.0,47.843494855622744,1.0,42.0,37.0,1,1562,3.4451822949956705,31.53709300639673,0.8333333333333334,35.111111111111114,36.666666666666664,-8,1914,3.334666400106613,29.2700950039193,0.8846153846153846,34.0,28.53846153846154,-11
2025-05-19 03:42:00.618136,139,91019.381864,3.7,14,41,59,1,-5.0,1.4000000000000057,14.5,-15.099999999999994,-2.0,6.599999999999994,19.69999999999999,-10.0,3.0999999999999943,0.0,0.0,0.1,1.0,0.1,14,47.9,24.3,49565.81,18391.81,100,19,-13.099999999999994,14.5,-7.299999999999997,8.700000000000003,0,0.0,0.0,0.0,0.0,25,100,14.2,44.3,0,-13.900000000000006,15.300000000000011,-8.799999999999997,10.200000000000003,1,0.0,0.0,0.0,0.0,8,100,15.7,44.6,0,36.1652490138067,59,111,1.0,47.843494855622744,1.0,42.0,37.0,1,111,1.0,47.843494855622744,1.0,42.0,37.0,1,111,1.0,47.843494855622744,1.0,42.0,37.0,1,1562,3.4451822949956705,31.53709300639673,0.8333333333333334,35.111111111111114,36.666666666666664,-8,1914,3.334666400106613,29.2700950039193,0.8846153846153846,34.0,28.53846153846154,-11
2025-05-19 03:42:00.618136,139,91019.381864,3.7,92,42,58,1,-5.0,1.4000000000000057,14.5,-15.099999999999994,-2.0,6.599999999999994,19.69999999999999,-10.0,3.0999999999999943,0.0,0.0,0.1,1.0,0.1,14,47.9,24.3,49565.81,18391.81,100,19,-13.099999999999994,14.5,-7.299999999999997,8.700000000000003,0,0.0,0.0,0.0,0.0,25,100,14.2,44.3,0,-13.900000000000006,15.300000000000011,-8.799999999999997,10.200000000000003,1,0.0,0.0,0.0,0.0,8,100,15.7,44.6,0,35.19648365206663,58,111,1.0,47.843494855622744,1.0,42.0,37.0,1,111,1.0,47.843494855622744,1.0,42.0,37.0,1,111,1.0,47.843494855622744,1.0,42.0,37.0,1,1562,3.4451822949956705,31.53709300639673,0.8333333333333334,35.111111111111114,36.666666666666664,-8,1914,3.334666400106613,29.2700950039193,0.8846153846153846,34.0,28.53846153846154,-11
2025-05-19 03:46:50.987345,139,90729.012655,3.7805555555555554,25,37,63,1,-3.0,-0.5999999999999943,14.5,-17.099999999999994,-2.0,4.599999999999994,19.69999999999999,-12.0,3.0999999999999943,0.0,0.0,0.1,1.0,0.1,14,47.9,24.3,49565.81,18391.81,100,19,-15.099999999999994,14.5,-9.299999999999997,8.700000000000003,0,0.0,0.0,0.0,0.0,25,100,14.2,44.3,0,-15.900000000000006,15.300000000000011,-10.799999999999997,10.200000000000003,1,0.0,0.0,0.0,0.0,8,100,15.7,44.6,0,-12.860164512338425,-37,25,,,1.0,37.0,25.0,0,136,,,1.0,37.0,25.0,0,136,,,1.0,37.0,25.0,0,1586,1.4142135623730951,15.556349186104045,0.5,36.0,14.0,-2,1934,1.378404875209022,13.490737563232042,0.8333333333333334,37.5,19.0,1
2025-05-19 03:51:08.122122,139,90471.877878,3.852222222222222,27,23,77,0,-1.0,-2.5999999999999943,14.5,-19.099999999999994,-2.0,2.5999999999999943,19.69999999999999,-14.0,3.0999999999999943,0.0,0.0,0.1,1.0,0.1,14,47.9,24.3,49565.81,18391.81,100,19,-17.099999999999994,14.5,-11.299999999999997,8.700000000000003,0,0.0,0.0,0.0,0.0,25,100,14.2,44.3,0,-17.900000000000006,15.300000000000011,-12.799999999999997,10.200000000000003,1,0.0,0.0,0.0,0.0,8,100,15.7,44.6,0,-15.722391364517023,23,27,,,0.0,23.0,27.0,0,52,,,0.0,23.0,27.0,0,163,,,0.0,23.0,27.0,0,1313,,,0.0,23.0,27.0,0,1877,2.1213203435596424,11.313708498984761,0.0,24.5,19.0,3
2025-05-19 03:52:03.619818,139,90416.380182,3.8675,24,39,61,1,-5.0,1.4000000000000057,14.5,-15.099999999999994,-2.0,6.599999999999994,19.69999999999999,-10.0,3.0999999999999943,0.0,0.0,0.1,1.0,0.1,14,47.9,24.3,49565.81,18391.81,100,19,-13.099999999999994,14.5,-7.299999999999997,8.700000000000003,0,0.0,0.0,0.0,0.0,25,100,14.2,44.3,0,-13.900000000000006,15.300000000000011,-8.799999999999997,10.200000000000003,1,0.0,0.0,0.0,0.0,8,100,15.7,44.6,0,38.397381809157466,61,51,,,1.0,39.0,24.0,0,51,,,1.0,39.0,24.0,0,187,1.707825127659933,39.60113634733226,1.0,41.25,33.75,4,591,3.5443617196894563,28.87840888968781,0.8125,35.8125,33.6875,-6,1896,3.4148994804442574,28.926538254423317,0.8846153846153846,34.30769230769231,29.23076923076923,-8
2025-05-19 03:52:53.278360,139,90366.72164,3.881388888888889,16,44,56,1,-5.0,1.4000000000000057,14.5,-15.099999999999994,-2.0,6.599999999999994,19.69999999999999,-10.0,3.0999999999999943,0.0,0.0,0.1,1.0,0.1,14,47.9,24.3,49565.81,18391.81,100,19,-13.099999999999994,14.5,-7.299999999999997,8.700000000000003,0,0.0,0.0,0.0,0.0,25,100,14.2,44.3,0,-13.900000000000006,15.300000000000011,-8.799999999999997,10.200000000000003,1,0.0,0.0,0.0,0.0,8,100,15.7,44.6,0,33.45464148129737,56,720,4.68851179556401,104.99379233350622,1.0,43.625,86.625,-5,720,4.68851179556401,104.99379233350622,1.0,43.625,86.625,-5,856,4.020402512639295,93.33643934225748,1.0,43.18181818181818,73.0909090909091,-1,1260,5.50816856574094,68.70283146554732,0.8695652173913043,38.391304347826086,52.52173913043478,-11,2565,5.505850882415355,60.69260913019231,0.9090909090909091,36.42424242424242,43.303030303030305,-13
2025-05-19 03:52:53.278360,139,90366.72164,3.881388888888889,49,43,57,1,-5.0,1.4000000000000057,14.5,-15.099999999999994,-2.0,6.599999999999994,19.69999999999999,-10.0,3.0999999999999943,0.0,0.0,0.1,1.0,0.1,14,47.9,24.3,49565.81,18391.81,100,19,-13.099999999999994,14.5,-7.299999999999997,8.700000000000003,0,0.0,0.0,0.0,0.0,25,100,14.2,44.3,0,-13.900000000000006,15.300000000000011,-8.799999999999997,10.200000000000003,1,0.0,0.0,0.0,0.0,8,100,15.7,44.6,0,34.48793382261475,57,720,4.68851179556401,104.99379233350622,1.0,43.625,86.625,-5,720,4.68851179556401,104.99379233350622,1.0,43.625,86.625,-5,856,4.020402512639295,93.33643934225748,1.0,43.18181818181818,73.0909090909091,-1,1260,5.50816856574094,68.70283146554732,0.8695652173913043,38.391304347826086,52.52173913043478,-11,2565,5.505850882415355,60.69260913019231,0.9090909090909091,36.42424242424242,43.303030303030305,-13
2025-05-19 03:52:53.278360,139,90366.72164,3.881388888888889,33,54,46,1,-5.0,1.4000000000000057,14.5,-15.099999999999994,-2.0,6.599999999999994,19.69999999999999,-10.0,3.0999999999999943,0.0,0.0,0.1,1.0,0.1,14,47.9,24.3,49565.81,18391.81,100,19,-13.099999999999994,14.5,-7.299999999999997,8.700000000000003,0,0.0,0.0,0.0,0.0,25,100,14.2,44.3,0,-13.900000000000006,15.300000000000011,-8.799999999999997,10.200000000000003,1,0.0,0.0,0.0,0.0,8,100,15.7,44.6,0,23.593362031318236,46,720,4.68851179556401,104.99379233350622,1.0,43.625,86.625,-5,720,4.68851179556401,104.99379233350622,1.0,43.625,86.625,-5,856,4.020402512639295,93.33643934225748,1.0,43.18181818181818,73.0909090909091,-1,1260,5.50816856574094,68.70283146554732,0.8695652173913043,38.391304347826086,52.52173913043478,-11,2565,5.505850882415355,60.69260913019231,0.9090909090909091,36.42424242424242,43.303030303030305,-13
2025-05-19 03:52:53.278360,139,90366.72164,3.881388888888889,57,39,61,1,-5.0,1.4000000000000057,14.5,-15.099999999999994,-2.0,6.599999999999994,19.69999999999999,-10.0,3.0999999999999943,0.0,0.0,0.1,1.0,0.1,14,47.9,24.3,49565.81,18391.81,100,19,-13.099999999999994,14.5,-7.299999999999997,8.700000000000003,0,0.0,0.0,0.0,0.0,25,100,14.2,44.3,0,-13.900000000000006,15.300000000000011,-8.799999999999997,10.200000000000003,1,0.0,0.0,0.0,0.0,8,100,15.7,44.6,0,38.642035508877214,61,720,4.68851179556401,104.99379233350622,1.0,43.625,86.625,-5,720,4.68851179556401,104.99379233350622,1.0,43.625,86.625,-5,856,4.020402512639295,93.33643934225748,1.0,43.18181818181818,73.0909090909091,-1,1260,5.50816856574094,68.70283146554732,0.8695652173913043,38.391304347826086,52.52173913043478,-11,2565,5.505850882415355,60.69260913019231,0.9090909090909091,36.42424242424242,43.303030303030305,-13
2025-05-19 03:52:53.278360,139,90366.72164,3.881388888888889,200,44,56,1,-5.0,1.4000000000000057,14.5,-15.099999999999994,-2.0,6.599999999999994,19.69999999999999,-10.0,3.0999999999999943,0.0,0.0,0.1,1.0,0.1,14,47.9,24.3,49565.81,18391.81,100,19,-13.099999999999994,14.5,-7.299999999999997,8.700000000000003,0,0.0,0.0,0.0,0.0,25,100,14.2,44.3,0,-13.900000000000006,15.300000000000011,-8.799999999999997,10.200000000000003,1,0.0,0.0,0.0,0.0,8,100,15.7,44.6,0,33.78022460631156,56,720,4.68851179556401,104.99379233350622,1.0,43.625,86.625,-5,720,4.68851179556401,104.99379233350622,1.0,43.625,86.625,-5,856,4.020402512639295,93.33643934225748,1.0,43.18181818181818,73.0909090909091,-1,1260,5.50816856574094,68.70283146554732,0.8695652173913043,38.391304347826086,52.52173913043478,-11,2565,5.505850882415355,60.69260913019231,0.9090909090909091,36.42424242424242,43.303030303030305,-13
2025-05-19 03:52:53.278360,139,90366.72164,3.881388888888889,299,42,58,1,-5.0,1.4000000000000057,14.5,-15.099999999999994,-2.0,6.599999999999994,19.69999999999999,-10.0,3.0999999999999943,0.0,0.0,0.1,1.0,0.1,14,47.9,24.3,49565.81,18391.81,100,19,-13.099999999999994,14.5,-7.299999999999997,8.700000000000003,0,0.0,0.0,0.0,0.0,25,100,14.2,44.3,0,-13.900000000000006,15.300000000000011,-8.799999999999997,10.200000000000003,1,0.0,0.0,0.0,0.0,8,100,15.7,44.6,0,36.20947963657157,58,720,4.68851179556401,104.99379233350622,1.0,43.625,86.625,-5,720,4.68851179556401,104.99379233350622,1.0,43.625,86.625,-5,856,4.020402512639295,93.33643934225748,1.0,43.18181818181818,73.0909090909091,-1,1260,5.50816856574094,68.70283146554732,0.8695652173913043,38.391304347826086,52.52173913043478,-11,2565,5.505850882415355,60.69260913019231,0.9090909090909091,36.42424242424242,43.303030303030305,-13
2025-05-19 03:52:53.278360,139,90366.72164,3.881388888888889,15,44,56,1,-5.0,1.4000000000000057,14.5,-15.099999999999994,-2.0,6.599999999999994,19.69999999999999,-10.0,3.0999999999999943,0.0,0.0,0.1,1.0,0.1,14,47.9,24.3,49565.81,18391.81,100,19,-13.099999999999994,14.5,-7.299999999999997,8.700000000000003,0,0.0,0.0,0.0,0.0,25,100,14.2,44.3,0,-13.900000000000006,15.300000000000011,-8.799999999999997,10.200000000000003,1,0.0,0.0,0.0,0.0,8,100,15.7,44.6,0,34.91068652849741,56,720,4.68851179556401,104.99379233350622,1.0,43.625,86.625,-5,720,4.68851179556401,104.99379233350622,1.0,43.625,86.625,-5,856,4.020402512639295,93.33643934225748,1.0,43.18181818181818,73.0909090909091,-1,1260,5.50816856574094,68.70283146554732,0.8695652173913043,38.391304347826086,52.52173913043478,-11,2565,5.505850882415355,60.69260913019231,0.9090909090909091,36.42424242424242,43.303030303030305,-13
2025-05-19 03:52:58.307891,139,90361.692109,3.8827777777777777,12,35,65,0,-3.0,-0.5999999999999943,14.5,-17.099999999999994,-2.0,4.599999999999994,19.69999999999999,-12.0,3.0999999999999943,0.0,0.0,0.1,1.0,0.1,14,47.9,24.3,49565.81,18391.81,100,19,-15.099999999999994,14.5,-9.299999999999997,8.700000000000003,0,0.0,0.0,0.0,0.0,25,100,14.2,44.3,0,-15.900000000000006,15.300000000000011,-10.799999999999997,10.200000000000003,1,0.0,0.0,0.0,0.0,8,100,15.7,44.6,0,-10.914362778152395,35,732,,,0.0,35.0,12.0,0,732,,,0.0,35.0,12.0,0,868,1.4142135623730951,9.192388155425117,0.5,36.0,18.5,2,1272,1.4142135623730951,9.192388155425117,0.5,36.0,18.5,2,2577,1.5,9.055385138137417,0.5,36.25,13.0,3
2025-05-19 03:54:05.553760,139,90294.44624,3.901388888888889,1,44,56,1,-5.0,1.4000000000000057,14.5,-15.099999999999994,-2.0,6.599999999999994,19.69999999999999,-10.0,3.0999999999999943,0.0,0.0,0.1,1.0,0.1,14,47.9,24.3,49565.81,18391.81,100,19,-13.099999999999994,14.5,-7.299999999999997,8.700000000000003,0,0.0,0.0,0.0,0.0,25,100,14.2,44.3,0,-13.900000000000006,15.300000000000011,-8.799999999999997,10.200000000000003,1,0.0,0.0,0.0,0.0,8,100,15.7,44.6,0,34.94463533225283,56,691,4.065436972550156,103.36598946354539,1.0,44.44444444444444,75.44444444444444,-2,742,4.201851443775179,98.80289019614311,1.0,43.9,70.3,-7,878,3.7553380809940538,88.97334662839434,1.0,43.46153846153846,62.61538461538461,-3,1282,5.5895736271502265,67.09105752632016,0.88,38.92,48.72,-13,2587,5.715672100726669,59.57534598086273,0.9142857142857143,36.91428571428571,41.114285714285714,-15
2025-05-19 03:54:05.553760,139,90294.44624,3.901388888888889,9,46,54,1,-5.0,1.4000000000000057,14.5,-15.099999999999994,-2.0,6.599999999999994,19.69999999999999,-10.0,3.0999999999999943,0.0,0.0,0.1,1.0,0.1,14,47.9,24.3,49565.81,18391.81,100,19,-13.099999999999994,14.5,-7.299999999999997,8.700000000000003,0,0.0,0.0,0.0,0.0,25,100,14.2,44.3,0,-13.900000000000006,15.300000000000011,-8.799999999999997,10.200000000000003,1,0.0,0.0,0.0,0.0,8,100,15.7,44.6,0,32.94690093360995,54,691,4.065436972550156,103.36598946354539,1.0,44.44444444444444,75.44444444444444,-2,742,4.201851443775179,98.80289019614311,1.0,43.9,70.3,-7,878,3.7553380809940538,88.97334662839434,1.0,43.46153846153846,62.61538461538461,-3,1282,5.5895736271502265,67.09105752632016,0.88,38.92,48.72,-13,2587,5.715672100726669,59.57534598086273,0.9142857142857143,36.91428571428571,41.114285714285714,-15
2025-05-19 03:54:18.297470,139,90281.70253,3.905,5,34,66,1,-3.0,-0.5999999999999943,14.5,-17.099999999999994,-2.0,4.599999999999994,19.69999999999999,-12.0,3.0999999999999943,0.0,0.0,0.1,1.0,0.1,14,47.9,24.3,49565.81,18391.81,100,19,-15.099999999999994,14.5,-9.299999999999997,8.700000000000003,0,0.0,0.0,0.0,0.0,25,100,14.2,44.3,0,-15.900000000000006,15.300000000000011,-10.799999999999997,10.200000000000003,1,0.0,0.0,0.0,0.0,8,100,15.7,44.6,0,-9.936486486486487,-34,704,0.9574271077563381,4.193248541803041,0.75,34.75,6.25,1,755,0.9574271077563381,4.193248541803041,0.75,34.75,6.25,1,891,1.3038404810405297,9.137833441248533,0.8,35.2,10.0,3,1295,1.3038404810405297,9.137833441248533,0.8,35.2,10.0,3,2600,1.5118578920369088,7.994045402971008,0.7142857142857143,35.57142857142857,9.285714285714286,4
2025-05-19 03:54:18.297470,139,90281.70253,3.905,6,36,64,1,-3.0,-0.5999999999999943,14.5,-17.099999999999994,-2.0,4.599999999999994,19.69999999999999,-12.0,3.0999999999999943,0.0,0.0,0.1,1.0,0.1,14,47.9,24.3,49565.81,18391.81,100,19,-15.099999999999994,14.5,-9.299999999999997,8.700000000000003,0,0.0,0.0,0.0,0.0,25,100,14.2,44.3,0,-15.900000000000006,15.300000000000011,-10.799999999999997,10.200000000000003,1,0.0,0.0,0.0,0.0,8,100,15.7,44.6,0,-11.944885883347421,-36,704,0.9574271077563381,4.193248541803041,0.75,34.75,6.25,1,755,0.9574271077563381,4.193248541803041,0.75,34.75,6.25,1,891,1.3038404810405297,9.137833441248533,0.8,35.2,10.0,3,1295,1.3038404810405297,9.137833441248533,0.8,35.2,10.0,3,2600,1.5118578920369088,7.994045402971008,0.7142857142857143,35.57142857142857,9.285714285714286,4
2025-05-19 03:54:18.297470,139,90281.70253,3.905,2,34,66,1,-3.0,-0.5999999999999943,14.5,-17.099999999999994,-2.0,4.599999999999994,19.69999999999999,-12.0,3.0999999999999943,0.0,0.0,0.1,1.0,0.1,14,47.9,24.3,49565.81,18391.81,100,19,-15.099999999999994,14.5,-9.299999999999997,8.700000000000003,0,0.0,0.0,0.0,0.0,25,100,14.2,44.3,0,-15.900000000000006,15.300000000000011,-10.799999999999997,10.200000000000003,1,0.0,0.0,0.0,0.0,8,100,15.7,44.6,0,-9.957014723303434,-34,704,0.9574271077563381,4.193248541803041,0.75,34.75,6.25,1,755,0.9574271077563381,4.193248541803041,0.75,34.75,6.25,1,891,1.3038404810405297,9.137833441248533,0.8,35.2,10.0,3,1295,1.3038404810405297,9.137833441248533,0.8,35.2,10.0,3,2600,1.5118578920369088,7.994045402971008,0.7142857142857143,35.57142857142857,9.285714285714286,4
2025-05-19 03:55:52.803547,139,90187.196453,3.931111111111111,50,41,59,1,-5.0,1.4000000000000057,14.5,-15.099999999999994,-2.0,6.599999999999994,19.69999999999999,-10.0,3.0999999999999943,0.0,0.0,0.1,1.0,0.1,14,47.9,24.3,49565.81,18391.81,100,19,-13.099999999999994,14.5,-7.299999999999997,8.700000000000003,0,0.0,0.0,0.0,0.0,25,100,14.2,44.3,0,-13.900000000000006,15.300000000000011,-8.799999999999997,10.200000000000003,1,0.0,0.0,0.0,0.0,8,100,15.7,44.6,0,37.96613687966267,59,281,2.1213203435596424,84.08507596476322,1.0,43.0,53.6,1,1013,3.7977726265637495,95.22032480731338,1.0,43.38461538461539,73.92307692307692,-4,1149,3.461695153148719,88.20581991380539,1.0,43.125,67.0,0,1553,5.349677337844557,69.95440692064402,0.8928571428571429,39.214285714285715,52.714285714285715,-10,2857,5.637269296468848,62.94926155709227,0.9210526315789473,37.28947368421053,44.6578947368421,-12
2025-05-19 03:55:52.803547,139,90187.196453,3.931111111111111,8,41,59,1,-5.0,1.4000000000000057,14.5,-15.099999999999994,-2.0,6.599999999999994,19.69999999999999,-10.0,3.0999999999999943,0.0,0.0,0.1,1.0,0.1,14,47.9,24.3,49565.81,18391.81,100,19,-13.099999999999994,14.5,-7.299999999999997,8.700000000000003,0,0.0,0.0,0.0,0.0,25,100,14.2,44.3,0,-13.900000000000006,15.300000000000011,-8.799999999999997,10.200000000000003,1,0.0,0.0,0.0,0.0,8,100,15.7,44.6,0,38.08968434754311,59,281,2.1213203435596424,84.08507596476322,1.0,43.0,53.6,1,1013,3.7977726265637495,95.22032480731338,1.0,43.38461538461539,73.92307692307692,-4,1149,3.461695153148719,88.20581991380539,1.0,43.125,67.0,0,1553,5.349677337844557,69.95440692064402,0.8928571428571429,39.214285714285715,52.714285714285715,-10,2857,5.637269296468848,62.94926155709227,0.9210526315789473,37.28947368421053,44.6578947368421,-12
2025-05-19 03:55:52.803547,139,90187.196453,3.931111111111111,200,43,57,1,-5.0,1.4000000000000057,14.5,-15.099999999999994,-2.0,6.599999999999994,19.69999999999999,-10.0,3.0999999999999943,0.0,0.0,0.1,1.0,0.1,14,47.9,24.3,49565.81,18391.81,100,19,-13.099999999999994,14.5,-7.299999999999997,8.700000000000003,0,0.0,0.0,0.0,0.0,25,100,14.2,44.3,0,-13.900000000000006,15.300000000000011,-8.799999999999997,10.200000000000003,1,0.0,0.0,0.0,0.0,8,100,15.7,44.6,0,36.10952660024745,57,281,2.1213203435596424,84.08507596476322,1.0,43.0,53.6,1,1013,3.7977726265637495,95.22032480731338,1.0,43.38461538461539,73.92307692307692,-4,1149,3.461695153148719,88.20581991380539,1.0,43.125,67.0,0,1553,5.349677337844557,69.95440692064402,0.8928571428571429,39.214285714285715,52.714285714285715,-10,2857,5.637269296468848,62.94926155709227,0.9210526315789473,37.28947368421053,44.6578947368421,-12
2025-05-19 04:04:53.867973,139,89646.132027,4.081388888888888,1,35,65,1,-3.0,-0.5999999999999943,15.300000000000011,-17.099999999999994,-1.1999999999999886,4.599999999999994,20.5,-12.0,3.9000000000000057,0.0,0.0,0.1,1.0,0.1,14,47.9,24.3,49565.81,18391.81,100,19,-15.900000000000006,15.300000000000011,-10.799999999999997,10.200000000000003,1,0.0,0.0,0.0,0.0,8,100,15.7,44.6,0,-15.0,14.400000000000006,-8.299999999999997,7.700000000000003,0,0.0,0.0,0.0,0.0,66,100,11.0,41.8,0,-10.960385982732351,-35,1,,,1.0,35.0,1.0,0,1,,,1.0,35.0,1.0,0,1014,0.8366600265340756,4.324349662087931,0.8,34.8,5.2,0,1151,1.169045194450012,8.96102672688794,0.8333333333333334,35.166666666666664,8.5,2,2858,1.4142135623730951,7.959720023791217,0.75,35.5,8.25,3
2025-05-19 04:07:14.235885,139,89505.764115,4.120555555555555,20,35,65,1,-3.0,-0.5999999999999943,15.300000000000011,-17.099999999999994,-1.1999999999999886,4.599999999999994,20.5,-12.0,3.9000000000000057,0.0,0.0,0.1,1.0,0.1,14,47.9,24.3,49565.81,18391.81,100,19,-15.900000000000006,15.300000000000011,-10.799999999999997,10.200000000000003,1,0.0,0.0,0.0,0.0,8,100,15.7,44.6,0,-15.0,14.400000000000006,-8.299999999999997,7.700000000000003,0,0.0,0.0,0.0,0.0,66,100,11.0,41.8,0,-10.96224178801219,-35,20,,,1.0,35.0,20.0,0,21,0.0,13.435028842544403,1.0,35.0,10.5,0,983,0.752772652709081,7.174027227901123,0.8333333333333334,34.833333333333336,7.666666666666667,0,1170,1.0690449676496974,9.26334301478272,0.8571428571428571,35.142857142857146,10.142857142857142,2,2869,1.3333333333333333,8.412952976082641,0.7777777777777778,35.44444444444444,9.555555555555555,3
2025-05-19 04:30:06.782355,139,88133.217645,4.501666666666667,200,37,63,1,-3.0,-0.5999999999999943,15.300000000000011,-17.099999999999994,-1.1999999999999886,4.599999999999994,20.5,-12.0,3.9000000000000057,0.0,0.0,0.1,1.0,0.1,14,47.9,24.3,49565.81,18391.81,100,19,-15.900000000000006,15.300000000000011,-10.799999999999997,10.200000000000003,1,0.0,0.0,0.0,0.0,8,100,15.7,44.6,0,-15.0,14.400000000000006,-8.299999999999997,7.700000000000003,0,0.0,0.0,0.0,0.0,66,100,11.0,41.8,0,-12.999490316004078,-37,449,1.6733200530681511,101.11973101230046,1.0,37.6,89.8,-1,449,1.6733200530681511,101.11973101230046,1.0,37.6,89.8,-1,449,1.6733200530681511,101.11973101230046,1.0,37.6,89.8,-1,1619,1.80067327475704,73.80728386490829,0.9166666666666666,36.166666666666664,43.333333333333336,-1,3082,1.7541160386140584,71.5450369186592,0.8461538461538461,36.07692307692308,40.23076923076923,-3
2025-05-19 04:30:06.782355,139,88133.217645,4.501666666666667,200,39,61,1,-3.0,-0.5999999999999943,15.300000000000011,-17.099999999999994,-1.1999999999999886,4.599999999999994,20.5,-12.0,3.9000000000000057,0.0,0.0,0.1,1.0,0.1,14,47.9,24.3,49565.81,18391.81,100,19,-15.900000000000006,15.300000000000011,-10.799999999999997,10.200000000000003,1,0.0,0.0,0.0,0.0,8,100,15.7,44.6,0,-15.0,14.400000000000006,-8.299999999999997,7.700000000000003,0,0.0,0.0,0.0,0.0,66,100,11.0,41.8,0,-15.456735842419977,-39,449,1.6733200530681511,101.11973101230046,1.0,37.6,89.8,-1,449,1.6733200530681511,101.11973101230046,1.0,37.6,89.8,-1,449,1.6733200530681511,101.11973101230046,1.0,37.6,89.8,-1,1619,1.80067327475704,73.80728386490829,0.9166666666666666,36.166666666666664,43.333333333333336,-1,3082,1.7541160386140584,71.5450369186592,0.8461538461538461,36.07692307692308,40.23076923076923,-3
2025-05-19 04:30:06.782355,139,88133.217645,4.501666666666667,2,39,61,1,-3.0,-0.5999999999999943,15.300000000000011,-17.099999999999994,-1.1999999999999886,4.599999999999994,20.5,-12.0,3.9000000000000057,0.0,0.0,0.1,1.0,0.1,14,47.9,24.3,49565.81,18391.81,100,19,-15.900000000000006,15.300000000000011,-10.799999999999997,10.200000000000003,1,0.0,0.0,0.0,0.0,8,100,15.7,44.6,0,-15.0,14.400000000000006,-8.299999999999997,7.700000000000003,0,0.0,0.0,0.0,0.0,66,100,11.0,41.8,0,-16.020233321181188,-39,449,1.6733200530681511,101.11973101230046,1.0,37.6,89.8,-1,449,1.6733200530681511,101.11973101230046,1.0,37.6,89.8,-1,449,1.6733200530681511,101.11973101230046,1.0,37.6,89.8,-1,1619,1.80067327475704,73.80728386490829,0.9166666666666666,36.166666666666664,43.333333333333336,-1,3082,1.7541160386140584,71.5450369186592,0.8461538461538461,36.07692307692308,40.23076923076923,-3
2025-05-19 04:30:06.782355,139,88133.217645,4.501666666666667,31,35,65,1,-3.0,-0.5999999999999943,15.300000000000011,-17.099999999999994,-1.1999999999999886,4.599999999999994,20.5,-12.0,3.9000000000000057,0.0,0.0,0.1,1.0,0.1,14,47.9,24.3,49565.81,18391.81,100,19,-15.900000000000006,15.300000000000011,-10.799999999999997,10.200000000000003,1,0.0,0.0,0.0,0.0,8,100,15.7,44.6,0,-15.0,14.400000000000006,-8.299999999999997,7.700000000000003,0,0.0,0.0,0.0,0.0,66,100,11.0,41.8,0,-12.02607585703866,-35,449,1.6733200530681511,101.11973101230046,1.0,37.6,89.8,-1,449,1.6733200530681511,101.11973101230046,1.0,37.6,89.8,-1,449,1.6733200530681511,101.11973101230046,1.0,37.6,89.8,-1,1619,1.80067327475704,73.80728386490829,0.9166666666666666,36.166666666666664,43.333333333333336,-1,3082,1.7541160386140584,71.5450369186592,0.8461538461538461,36.07692307692308,40.23076923076923,-3
2025-05-19 04:30:06.782355,139,88133.217645,4.501666666666667,16,38,62,1,-3.0,-0.5999999999999943,15.300000000000011,-17.099999999999994,-1.1999999999999886,4.599999999999994,20.5,-12.0,3.9000000000000057,0.0,0.0,0.1,1.0,0.1,14,47.9,24.3,49565.81,18391.81,100,19,-15.900000000000006,15.300000000000011,-10.799999999999997,10.200000000000003,1,0.0,0.0,0.0,0.0,8,100,15.7,44.6,0,-15.0,14.400000000000006,-8.299999999999997,7.700000000000003,0,0.0,0.0,0.0,0.0,66,100,11.0,41.8,0,-15.094443425637262,-38,449,1.6733200530681511,101.11973101230046,1.0,37.6,89.8,-1,449,1.6733200530681511,101.11973101230046,1.0,37.6,89.8,-1,449,1.6733200530681511,101.11973101230046,1.0,37.6,89.8,-1,1619,1.80067327475704,73.80728386490829,0.9166666666666666,36.166666666666664,43.333333333333336,-1,3082,1.7541160386140584,71.5450369186592,0.8461538461538461,36.07692307692308,40.23076923076923,-3
2025-05-19 04:30:32.948453,139,88107.051547,4.5088888888888885,26,36,64,0,-3.0,-0.5999999999999943,15.300000000000011,-17.099999999999994,-1.1999999999999886,4.599999999999994,20.5,-12.0,3.9000000000000057,0.0,0.0,0.1,1.0,0.1,14,47.9,24.3,49565.81,18391.81,100,19,-15.900000000000006,15.300000000000011,-10.799999999999997,10.200000000000003,1,0.0,0.0,0.0,0.0,8,100,15.7,44.6,0,-15.0,14.400000000000006,-8.299999999999997,7.700000000000003,0,0.0,0.0,0.0,0.0,66,100,11.0,41.8,0,-13.138863343755744,36,475,1.632993161855452,94.11995891768477,0.8333333333333334,37.333333333333336,79.16666666666667,1,475,1.632993161855452,94.11995891768477,0.8333333333333334,37.333333333333336,79.16666666666667,1,475,1.632993161855452,94.11995891768477,0.8333333333333334,37.333333333333336,79.16666666666667,1,1645,1.7246329970051526,70.82843120291926,0.8461538461538461,36.15384615384615,42.0,1,3108,1.6854255666327542,68.84338812051661,0.7857142857142857,36.07142857142857,39.214285714285715,-1
2025-05-19 04:30:34.827550,139,88105.17245,4.509444444444444,99,36,64,0,-3.0,-0.5999999999999943,15.300000000000011,-17.099999999999994,-1.1999999999999886,4.599999999999994,20.5,-12.0,3.9000000000000057,0.0,0.0,0.1,1.0,0.1,14,47.9,24.3,49565.81,18391.81,100,19,-15.900000000000006,15.300000000000011,-10.799999999999997,10.200000000000003,1,0.0,0.0,0.0,0.0,8,100,15.7,44.6,0,-15.0,14.400000000000006,-8.299999999999997,7.700000000000003,0,0.0,0.0,0.0,0.0,66,100,11.0,41.8,0,-13.2019959342081,36,574,1.5735915849388862,86.24577284327235,0.7142857142857143,37.142857142857146,82.0,1,574,1.5735915849388862,86.24577284327235,0.7142857142857143,37.142857142857146,82.0,1,574,1.5735915849388862,86.24577284327235,0.7142857142857143,37.142857142857146,82.0,1,1744,1.65748386032949,69.73407100794174,0.7857142857142857,36.142857142857146,46.07142857142857,1,3207,1.6242214252050853,68.11146326846479,0.7333333333333333,36.06666666666667,43.2,-1
2025-05-19 04:33:21.319220,139,87938.68078,4.555833333333333,12,38,62,0,-5.0,1.4000000000000057,15.300000000000011,-15.099999999999994,-1.1999999999999886,6.599999999999994,20.5,-10.0,3.9000000000000057,0.0,0.0,0.1,1.0,0.1,14,47.9,24.3,49565.81,18391.81,100,19,-13.900000000000006,15.300000000000011,-8.799999999999997,10.200000000000003,1,0.0,0.0,0.0,0.0,8,100,15.7,44.6,0,-13.0,14.400000000000006,-6.299999999999997,7.700000000000003,0,0.0,0.0,0.0,0.0,66,100,11.0,41.8,0,41.585999868047764,-62,12,,,0.0,38.0,12.0,0,586,,,0.0,38.0,12.0,0,586,,,0.0,38.0,12.0,0,1756,3.5748303127149805,86.44039088568833,0.9411764705882353,42.8235294117647,63.76470588235294,5,3210,5.401493901101468,66.16555510096006,0.8787878787878788,38.36363636363637,49.54545454545455,-6
2025-05-19 04:34:49.447474,139,87850.552526,4.580277777777778,6,39,61,1,-3.0,-0.5999999999999943,15.300000000000011,-17.099999999999994,-1.1999999999999886,4.599999999999994,20.5,-12.0,3.9000000000000057,0.0,0.0,0.1,1.0,0.1,14,47.9,24.3,49565.81,18391.81,100,19,-15.900000000000006,15.300000000000011,-10.799999999999997,10.200000000000003,1,0.0,0.0,0.0,0.0,8,100,15.7,44.6,0,-15.0,14.400000000000006,-8.299999999999997,7.700000000000003,0,0.0,0.0,0.0,0.0,66,100,11.0,41.8,0,-16.4480421686747,-39,41,0.9574271077563381,6.2915286960589585,1.0,39.75,7.25,-1,615,1.8683974659876552,76.79299210451197,0.8181818181818182,38.09090909090909,54.81818181818182,-3,615,1.8683974659876552,76.79299210451197,0.8181818181818182,38.09090909090909,54.81818181818182,-3,1785,2.154945672093197,63.25691984673876,0.8333333333333334,36.94444444444444,37.44444444444444,-3,3236,2.141213516125243,61.980472306754976,0.7894736842105263,36.8421052631579,35.63157894736842,-5
2025-05-19 04:34:49.447474,139,87850.552526,4.580277777777778,1,41,59,1,-3.0,-0.5999999999999943,15.300000000000011,-17.099999999999994,-1.1999999999999886,4.599999999999994,20.5,-12.0,3.9000000000000057,0.0,0.0,0.1,1.0,0.1,14,47.9,24.3,49565.81,18391.81,100,19,-15.900000000000006,15.300000000000011,-10.799999999999997,10.200000000000003,1,0.0,0.0,0.0,0.0,8,100,15.7,44.6,0,-15.0,14.400000000000006,-8.299999999999997,7.700000000000003,0,0.0,0.0,0.0,0.0,66,100,11.0,41.8,0,-18.466641537881642,-41,41,0.9574271077563381,6.2915286960589585,1.0,39.75,7.25,-1,615,1.8683974659876552,76.79299210451197,0.8181818181818182,38.09090909090909,54.81818181818182,-3,615,1.8683974659876552,76.79299210451197,0.8181818181818182,38.09090909090909,54.81818181818182,-3,1785,2.154945672093197,63.25691984673876,0.8333333333333334,36.94444444444444,37.44444444444444,-3,3236,2.141213516125243,61.980472306754976,0.7894736842105263,36.8421052631579,35.63157894736842,-5
2025-05-19 04:34:49.447474,139,87850.552526,4.580277777777778,6,39,61,1,-3.0,-0.5999999999999943,15.300000000000011,-17.099999999999994,-1.1999999999999886,4.599999999999994,20.5,-12.0,3.9000000000000057,0.0,0.0,0.1,1.0,0.1,14,47.9,24.3,49565.81,18391.81,100,19,-15.900000000000006,15.300000000000011,-10.799999999999997,10.200000000000003,1,0.0,0.0,0.0,0.0,8,100,15.7,44.6,0,-15.0,14.400000000000006,-8.299999999999997,7.700000000000003,0,0.0,0.0,0.0,0.0,66,100,11.0,41.8,0,-16.470122525918946,-39,41,0.9574271077563381,6.2915286960589585,1.0,39.75,7.25,-1,615,1.8683974659876552,76.79299210451197,0.8181818181818182,38.09090909090909,54.81818181818182,-3,615,1.8683974659876552,76.79299210451197,0.8181818181818182,38.09090909090909,54.81818181818182,-3,1785,2.154945672093197,63.25691984673876,0.8333333333333334,36.94444444444444,37.44444444444444,-3,3236,2.141213516125243,61.980472306754976,0.7894736842105263,36.8421052631579,35.63157894736842,-5
2025-05-19 04:34:49.447474,139,87850.552526,4.580277777777778,16,40,60,1,-3.0,-0.5999999999999943,15.300000000000011,-17.099999999999994,-1.1999999999999886,4.599999999999994,20.5,-12.0,3.9000000000000057,0.0,0.0,0.1,1.0,0.1,14,47.9,24.3,49565.81,18391.81,100,19,-15.900000000000006,15.300000000000011,-10.799999999999997,10.200000000000003,1,0.0,0.0,0.0,0.0,8,100,15.7,44.6,0,-15.0,14.400000000000006,-8.299999999999997,7.700000000000003,0,0.0,0.0,0.0,0.0,66,100,11.0,41.8,0,-17.4887714663144,-40,41,0.9574271077563381,6.2915286960589585,1.0,39.75,7.25,-1,615,1.8683974659876552,76.79299210451197,0.8181818181818182,38.09090909090909,54.81818181818182,-3,615,1.8683974659876552,76.79299210451197,0.8181818181818182,38.09090909090909,54.81818181818182,-3,1785,2.154945672093197,63.25691984673876,0.8333333333333334,36.94444444444444,37.44444444444444,-3,3236,2.141213516125243,61.980472306754976,0.7894736842105263,36.8421052631579,35.63157894736842,-5
2025-05-19 04:37:37.694510,139,87682.30549,4.626944444444445,1,37,63,1,-5.0,1.4000000000000057,15.300000000000011,-15.099999999999994,-1.1999999999999886,6.599999999999994,20.5,-10.0,3.9000000000000057,0.0,0.0,0.1,1.0,0.1,14,47.9,24.3,49565.81,18391.81,100,19,-13.900000000000006,15.300000000000011,-8.799999999999997,10.200000000000003,1,0.0,0.0,0.0,0.0,8,100,15.7,44.6,0,-13.0,14.400000000000006,-6.299999999999997,7.700000000000003,0,0.0,0.0,0.0,0.0,66,100,11.0,41.8,0,42.61895014856388,63,1,,,1.0,37.0,1.0,0,42,0.7071067811865476,7.7781745930520225,0.5,37.5,6.5,1,616,0.7071067811865476,7.7781745930520225,0.5,37.5,6.5,1,1786,3.7298478126972356,85.15439649149106,0.9444444444444444,42.5,60.27777777777778,6,3237,5.286310221465985,66.18823593175435,0.8787878787878788,38.515151515151516,49.515151515151516,-3
2025-05-19 04:46:38.499869,139,87141.500131,4.777222222222222,1,34,66,0,-5.0,1.4000000000000057,15.300000000000011,-15.099999999999994,-1.1999999999999886,6.599999999999994,20.5,-10.0,3.9000000000000057,0.0,0.0,0.1,1.0,0.1,14,47.9,24.3,49565.81,18391.81,100,19,-13.900000000000006,15.300000000000011,-8.799999999999997,10.200000000000003,1,0.0,0.0,0.0,0.0,8,100,15.7,44.6,0,-13.0,14.400000000000006,-6.299999999999997,7.700000000000003,0,0.0,0.0,0.0,0.0,66,100,11.0,41.8,0,45.62176439513999,-66,1,,,0.0,34.0,1.0,0,1,,,0.0,34.0,1.0,0,43,2.0816659994661326,6.350852961085883,0.3333333333333333,36.333333333333336,4.666666666666667,4,1676,4.493977451360135,89.65672962286025,0.875,42.0625,60.9375,5,3237,5.262875731248728,65.70658730274509,0.8529411764705882,38.38235294117647,48.088235294117645,0
2025-05-19 04:48:17.867517,139,87042.132483,4.804722222222222,23,4,96,0,1.0,-4.599999999999994,15.300000000000011,-21.099999999999994,-1.1999999999999886,0.5999999999999943,20.5,-16.0,3.9000000000000057,0.0,0.0,0.1,1.0,0.1,14,47.9,24.3,49565.81,18391.81,100,19,-19.900000000000006,15.300000000000011,-14.799999999999997,10.200000000000003,1,0.0,0.0,0.0,0.0,8,100,15.7,44.6,0,-19.0,14.400000000000006,-12.299999999999997,7.700000000000003,0,0.0,0.0,0.0,0.0,66,100,11.0,41.8,0,-0.8277340957827022,4,24,,,0.0,4.0,23.0,0,24,,,0.0,4.0,23.0,0,66,,,0.0,4.0,23.0,0,1674,,,0.0,4.0,23.0,0,3260,2.6457513110645907,387.8741204738121,0.0,7.0,303.3333333333333,5
2025-05-19 04:48:36.437639,139,87023.562361,4.81,1,37,63,0,-5.0,1.4000000000000057,15.300000000000011,-15.099999999999994,-1.1999999999999886,6.599999999999994,20.5,-10.0,3.9000000000000057,0.0,0.0,0.1,1.0,0.1,14,47.9,24.3,49565.81,18391.81,100,19,-13.900000000000006,15.300000000000011,-8.799999999999997,10.200000000000003,1,0.0,0.0,0.0,0.0,8,100,15.7,44.6,0,-13.0,14.400000000000006,-6.299999999999997,7.700000000000003,0,0.0,0.0,0.0,0.0,66,100,11.0,41.8,0,42.6247771247441,-63,25,2.1213203435596424,0.0,0.0,35.5,1.0,-3,25,2.1213203435596424,0.0,0.0,35.5,1.0,-3,55,1.7320508075688772,0.0,0.3333333333333333,36.0,1.0,0,1675,4.5211919302976105,88.01850574135632,0.8235294117647058,41.76470588235294,57.411764705882355,2,3261,5.190165231093363,65.22059529335934,0.8285714285714286,38.34285714285714,46.74285714285714,-3
2025-05-19 04:50:09.427108,139,86930.572892,4.835833333333333,42,45,55,1,-5.0,1.4000000000000057,15.300000000000011,-15.099999999999994,-1.1999999999999886,6.599999999999994,20.5,-10.0,3.9000000000000057,0.0,0.0,0.1,1.0,0.1,14,47.9,24.3,49565.81,18391.81,100,19,-13.900000000000006,15.300000000000011,-8.799999999999997,10.200000000000003,1,0.0,0.0,0.0,0.0,8,100,15.7,44.6,0,-13.0,14.400000000000006,-6.299999999999997,7.700000000000003,0,0.0,0.0,0.0,0.0,66,100,11.0,41.8,0,34.62759212785629,55,66,5.656854249492381,28.991378028648448,0.5,41.0,21.5,-8,67,5.686240703077327,23.671361036774655,0.3333333333333333,38.666666666666664,14.666666666666666,-11,68,4.716990566028302,20.5,0.5,38.25,11.25,-8,1717,4.4519952198883255,85.4677250553903,0.8333333333333334,41.94444444444444,56.55555555555556,-6,3003,5.135290850693086,66.29248209124607,0.8181818181818182,39.06060606060606,46.45454545454545,-12
2025-05-19 04:50:09.508560,139,86930.49144,4.835833333333333,42,3,97,0,1.0,-4.599999999999994,15.300000000000011,-21.099999999999994,-1.1999999999999886,0.5999999999999943,20.5,-16.0,3.9000000000000057,0.0,0.0,0.1,1.0,0.1,14,47.9,24.3,49565.81,18391.81,100,19,-19.900000000000006,15.300000000000011,-14.799999999999997,10.200000000000003,1,0.0,0.0,0.0,0.0,8,100,15.7,44.6,0,-19.0,14.400000000000006,-12.299999999999997,7.700000000000003,0,0.0,0.0,0.0,0.0,66,100,11.0,41.8,0,0.15843023255814614,3,108,0.7071067811865476,13.435028842544403,0.0,3.5,32.5,1,109,0.7071067811865476,13.435028842544403,0.0,3.5,32.5,1,110,0.7071067811865476,13.435028842544403,0.0,3.5,32.5,1,1759,0.7071067811865476,13.435028842544403,0.0,3.5,32.5,1,3045,2.6457513110645907,412.0489453127302,0.0,5.0,270.3333333333333,5
2025-05-19 04:50:09.510334,139,86930.489666,4.835833333333333,42,21,79,0,-1.0,-2.5999999999999943,15.300000000000011,-19.099999999999994,-1.1999999999999886,2.5999999999999943,20.5,-14.0,3.9000000000000057,0.0,0.0,0.1,1.0,0.1,14,47.9,24.3,49565.81,18391.81,100,19,-17.900000000000006,15.300000000000011,-12.799999999999997,10.200000000000003,1,0.0,0.0,0.0,0.0,8,100,15.7,44.6,0,-17.0,14.400000000000006,-10.299999999999997,7.700000000000003,0,0.0,0.0,0.0,0.0,66,100,11.0,41.8,0,-13.840769659788066,21,150,,,0.0,21.0,42.0,0,151,,,0.0,21.0,42.0,0,152,,,0.0,21.0,42.0,0,1801,1.4142135623730951,10.606601717798213,0.0,22.0,34.5,2,3087,1.4142135623730951,10.606601717798213,0.0,22.0,34.5,2
2025-05-19 04:50:09.532588,139,86930.467412,4.835833333333333,42,36,64,0,-3.0,-0.5999999999999943,15.300000000000011,-17.099999999999994,-1.1999999999999886,4.599999999999994,20.5,-12.0,3.9000000000000057,0.0,0.0,0.1,1.0,0.1,14,47.9,24.3,49565.81,18391.81,100,19,-15.900000000000006,15.300000000000011,-10.799999999999997,10.200000000000003,1,0.0,0.0,0.0,0.0,8,100,15.7,44.6,0,-15.0,14.400000000000006,-8.299999999999997,7.700000000000003,0,0.0,0.0,0.0,0.0,66,100,11.0,41.8,0,-13.541737649063037,36,192,,,0.0,36.0,42.0,0,193,,,0.0,36.0,42.0,0,194,,,0.0,36.0,42.0,0,1843,2.166289559942608,63.18706018769507,0.7777777777777778,36.888888888888886,38.388888888888886,-1,3129,2.1054093516491506,61.48355934862131,0.7894736842105263,36.89473684210526,37.68421052631579,1
2025-05-19 05:05:37.059720,139,86002.94028,5.093611111111111,7,25,75,1,-1.0,-2.5999999999999943,14.400000000000006,-19.099999999999994,-2.0999999999999943,2.5999999999999943,19.599999999999994,-14.0,3.0,0.0,0.0,0.1,1.0,0.1,14,47.9,24.3,49565.81,18391.81,100,19,-17.0,14.400000000000006,-10.299999999999997,7.700000000000003,0,0.0,0.0,0.0,0.0,66,100,11.0,41.8,0,-17.400000000000006,14.800000000000011,-10.5,7.900000000000006,8,0.1,0.1,0.0,0.0,70,100,11.2,38.9,0,-18.00479683972912,-25,7,,,1.0,25.0,7.0,0,7,,,1.0,25.0,7.0,0,7,,,1.0,25.0,7.0,0,836,2.8284271247461903,24.748737341529164,0.5,23.0,24.5,-4,1987,2.0,17.559422921421234,0.3333333333333333,23.0,25.333333333333332,-2
2025-05-19 05:09:09.030432,139,85790.969568,5.152500000000001,1,40,60,1,-5.0,1.4000000000000057,14.400000000000006,-15.099999999999994,-2.0999999999999943,6.599999999999994,19.599999999999994,-10.0,3.0,0.0,0.0,0.1,1.0,0.1,14,47.9,24.3,49565.81,18391.81,100,19,-13.0,14.400000000000006,-6.299999999999997,7.700000000000003,0,0.0,0.0,0.0,0.0,66,100,11.0,41.8,0,-13.400000000000006,14.800000000000011,-6.5,7.900000000000006,8,0.1,0.1,0.0,0.0,70,100,11.2,38.9,0,39.72390728476822,60,4,0.7071067811865476,1.4142135623730951,1.0,40.5,2.0,-1,11,0.7071067811865476,1.4142135623730951,1.0,40.5,2.0,-1,11,0.7071067811865476,1.4142135623730951,1.0,40.5,2.0,-1,820,3.532165125838609,15.217471162168454,0.5714285714285714,38.857142857142854,8.714285714285714,-3,1990,3.95028392435328,78.22939309916723,0.8695652173913043,41.82608695652174,49.26086956521739,2
2025-05-19 05:09:09.030432,139,85790.969568,5.152500000000001,3,41,59,1,-5.0,1.4000000000000057,14.400000000000006,-15.099999999999994,-2.0999999999999943,6.599999999999994,19.599999999999994,-10.0,3.0,0.0,0.0,0.1,1.0,0.1,14,47.9,24.3,49565.81,18391.81,100,19,-13.0,14.400000000000006,-6.299999999999997,7.700000000000003,0,0.0,0.0,0.0,0.0,66,100,11.0,41.8,0,-13.400000000000006,14.800000000000011,-6.5,7.900000000000006,8,0.1,0.1,0.0,0.0,70,100,11.2,38.9,0,38.72653818133651,59,4,0.7071067811865476,1.4142135623730951,1.0,40.5,2.0,-1,11,0.7071067811865476,1.4142135623730951,1.0,40.5,2.0,-1,11,0.7071067811865476,1.4142135623730951,1.0,40.5,2.0,-1,820,3.532165125838609,15.217471162168454,0.5714285714285714,38.857142857142854,8.714285714285714,-3,1990,3.95028392435328,78.22939309916723,0.8695652173913043,41.82608695652174,49.26086956521739,2
2025-05-19 05:15:14.096363,139,85425.903637,5.253888888888889,23,41,59,1,-5.0,1.4000000000000057,14.400000000000006,-15.099999999999994,-2.0999999999999943,6.599999999999994,19.599999999999994,-10.0,3.0,0.0,0.0,0.1,1.0,0.1,14,47.9,24.3,49565.81,18391.81,100,19,-13.0,14.400000000000006,-6.299999999999997,7.700000000000003,0,0.0,0.0,0.0,0.0,66,100,11.0,41.8,0,-13.400000000000006,14.800000000000011,-6.5,7.900000000000006,8,0.1,0.1,0.0,0.0,70,100,11.2,38.9,0,38.734234234234236,59,23,,,1.0,41.0,23.0,0,23,,,1.0,41.0,23.0,0,34,0.5773502691896258,12.165525060596439,1.0,40.666666666666664,9.0,-1,843,3.3567628964311944,14.966629547095765,0.625,39.125,10.5,-3,2013,3.867132030966558,76.69741034496008,0.875,41.791666666666664,48.166666666666664,2
2025-05-19 06:08:50.309824,139,82209.690176,6.147222222222223,1,35,65,0,-5.0,1.4000000000000057,14.800000000000011,-15.099999999999994,-1.6999999999999886,6.599999999999994,20.0,-10.0,3.4000000000000057,0.0,0.0,0.1,1.0,0.1,14,47.9,24.3,49565.81,18391.81,100,19,-13.400000000000006,14.800000000000011,-6.5,7.900000000000006,8,0.1,0.1,0.0,0.0,70,100,11.2,38.9,0,-13.599999999999994,15.0,-6.400000000000006,7.800000000000011,9,0.0,0.0,0.0,0.0,55,100,10.6,39.6,7,44.79333908312877,-65,1,,,0.0,35.0,1.0,0,1,,,0.0,35.0,1.0,0,1,,,0.0,35.0,1.0,0,28,2.8722813232690143,10.708252269472673,0.75,39.25,7.0,5,844,3.4278273002005224,14.353667746530075,0.5555555555555556,38.666666666666664,9.444444444444445,3
2025-05-19 06:27:33.103329,139,81086.896671,6.4591666666666665,30,35,65,0,-5.0,1.4000000000000057,14.800000000000011,-15.099999999999994,-1.6999999999999886,6.599999999999994,20.0,-10.0,3.4000000000000057,0.0,0.0,0.1,1.0,0.1,14,47.9,24.3,49565.81,18391.81,100,19,-13.400000000000006,14.800000000000011,-6.5,7.900000000000006,8,0.1,0.1,0.0,0.0,70,100,11.2,38.9,0,-13.599999999999994,15.0,-6.400000000000006,7.800000000000011,9,0.0,0.0,0.0,0.0,55,100,10.6,39.6,7,44.7963110403397,-65,30,,,0.0,35.0,30.0,0,30,,,0.0,35.0,30.0,0,30,,,0.0,35.0,30.0,0,31,0.0,20.506096654409877,0.0,35.0,15.5,0,874,3.4334951418181574,15.01295736651806,0.5,38.3,11.5,3
2025-05-19 06:39:05.476051,139,80394.523949,6.6513888888888895,18,36,64,0,-3.0,-0.5999999999999943,14.800000000000011,-17.099999999999994,-1.6999999999999886,4.599999999999994,20.0,-12.0,3.4000000000000057,0.0,0.0,0.1,1.0,0.1,14,47.9,24.3,49565.81,18391.81,100,19,-15.400000000000006,14.800000000000011,-8.5,7.900000000000006,8,0.1,0.1,0.0,0.0,70,100,11.2,38.9,0,-15.599999999999994,15.0,-8.400000000000006,7.800000000000011,9,0.0,0.0,0.0,0.0,55,100,10.6,39.6,7,-13.650257584430449,36,18,,,0.0,36.0,18.0,0,18,,,0.0,36.0,18.0,0,48,,,0.0,36.0,18.0,0,49,,,0.0,36.0,18.0,0,276,0.0,16.97056274847714,0.0,36.0,30.0,0
2025-05-19 06:48:17.198377,139,79842.801623,6.804722222222222,52,3,97,0,1.0,-4.599999999999994,14.800000000000011,-21.099999999999994,-1.6999999999999886,0.5999999999999943,20.0,-16.0,3.4000000000000057,0.0,0.0,0.1,1.0,0.1,14,47.9,24.3,49565.81,18391.81,100,19,-19.400000000000006,14.800000000000011,-12.5,7.900000000000006,8,0.1,0.1,0.0,0.0,70,100,11.2,38.9,0,-19.599999999999994,15.0,-12.400000000000006,7.800000000000011,9,0.0,0.0,0.0,0.0,55,100,10.6,39.6,7,0.1634182908545796,3,52,,,0.0,3.0,52.0,0,52,,,0.0,3.0,52.0,0,70,,,0.0,3.0,52.0,0,101,,,0.0,3.0,52.0,0,327,0.5773502691896258,14.730919862656235,0.0,3.3333333333333335,39.0,1
2025-05-19 06:51:23.741504,139,79656.258496,6.856388888888889,59,3,97,0,1.0,-4.599999999999994,14.800000000000011,-21.099999999999994,-1.6999999999999886,0.5999999999999943,20.0,-16.0,3.4000000000000057,0.0,0.0,0.1,1.0,0.1,14,47.9,24.3,49565.81,18391.81,100,19,-19.400000000000006,14.800000000000011,-12.5,7.900000000000006,8,0.1,0.1,0.0,0.0,70,100,11.2,38.9,0,-19.599999999999994,15.0,-12.400000000000006,7.800000000000011,9,0.0,0.0,0.0,0.0,55,100,10.6,39.6,7,0.17004680187207555,3,59,,,0.0,3.0,59.0,0,111,0.0,4.949747468305833,0.0,3.0,55.5,0,129,0.0,4.949747468305833,0.0,3.0,55.5,0,160,0.0,4.949747468305833,0.0,3.0,55.5,0,194,0.0,4.949747468305833,0.0,3.0,55.5,0
2025-05-19 06:54:18.377754,139,79481.622246,6.905,8,3,97,0,1.0,-4.599999999999994,14.800000000000011,-21.099999999999994,-1.6999999999999886,0.5999999999999943,20.0,-16.0,3.4000000000000057,0.0,0.0,0.1,1.0,0.1,14,47.9,24.3,49565.81,18391.81,100,19,-19.400000000000006,14.800000000000011,-12.5,7.900000000000006,8,0.1,0.1,0.0,0.0,70,100,11.2,38.9,0,-19.599999999999994,15.0,-12.400000000000006,7.800000000000011,9,0.0,0.0,0.0,0.0,55,100,10.6,39.6,7,0.1782502044153773,3,8,,,0.0,3.0,8.0,0,67,0.0,36.062445840513924,0.0,3.0,33.5,0,119,0.0,27.64657905299195,0.0,3.0,39.666666666666664,0,168,0.0,27.64657905299195,0.0,3.0,39.666666666666664,0,202,0.0,27.64657905299195,0.0,3.0,39.666666666666664,0
2025-05-19 06:57:22.186871,139,79297.813129,6.956111111111111,1,3,97,0,1.0,-4.599999999999994,14.800000000000011,-21.099999999999994,-1.6999999999999886,0.5999999999999943,20.0,-16.0,3.4000000000000057,0.0,0.0,0.1,1.0,0.1,14,47.9,24.3,49565.81,18391.81,100,19,-19.400000000000006,14.800000000000011,-12.5,7.900000000000006,8,0.1,0.1,0.0,0.0,70,100,11.2,38.9,0,-19.599999999999994,15.0,-12.400000000000006,7.800000000000011,9,0.0,0.0,0.0,0.0,55,100,10.6,39.6,7,0.17942386831275314,3,1,,,0.0,3.0,1.0,0,9,0.0,4.949747468305833,0.0,3.0,4.5,0,120,0.0,29.720924166878348,0.0,3.0,30.0,0,169,0.0,29.720924166878348,0.0,3.0,30.0,0,203,0.0,29.720924166878348,0.0,3.0,30.0,0
2025-05-19 12:00:19.905292,139,61120.094708,12.005277777777778,24,35,65,0,-5.0,1.4000000000000057,12.900000000000006,-15.099999999999994,-3.5999999999999943,6.599999999999994,18.099999999999994,-10.0,1.5,0.0,0.0,0.1,1.0,0.1,14,47.9,24.3,49565.81,18391.81,100,19,-11.5,12.900000000000006,-7.400000000000006,8.800000000000011,12,0.0,0.0,0.0,0.0,94,100,18.1,35.6,100,-11.400000000000006,12.800000000000011,-6.299999999999997,7.700000000000003,9,0.0,0.0,0.0,0.0,11,100,15.5,32.0,5,44.88565350352347,-65,24,,,0.0,35.0,24.0,0,24,,,0.0,35.0,24.0,0,24,,,0.0,35.0,24.0,0,24,,,0.0,35.0,24.0,0,24,,,0.0,35.0,24.0,0
2025-05-19 12:00:25.127131,139,61114.872869,12.006944444444445,16,34,66,1,-5.0,1.4000000000000057,12.900000000000006,-15.099999999999994,-3.5999999999999943,6.599999999999994,18.099999999999994,-10.0,1.5,0.0,0.0,0.1,1.0,0.1,14,47.9,24.3,49565.81,18391.81,100,19,-11.5,12.900000000000006,-7.400000000000006,8.800000000000011,12,0.0,0.0,0.0,0.0,94,100,18.1,35.6,100,-11.400000000000006,12.800000000000011,-6.299999999999997,7.700000000000003,9,0.0,0.0,0.0,0.0,11,100,15.5,32.0,5,45.957384471966975,66,40,0.7071067811865476,5.656854249492381,0.5,34.5,20.0,1,40,0.7071067811865476,5.656854249492381,0.5,34.5,20.0,1,40,0.7071067811865476,5.656854249492381,0.5,34.5,20.0,1,40,0.7071067811865476,5.656854249492381,0.5,34.5,20.0,1,40,0.7071067811865476,5.656854249492381,0.5,34.5,20.0,1
2025-05-19 12:01:02.246964,139,61077.753036,12.017222222222223,10,35,65,0,-5.0,1.4000000000000057,12.900000000000006,-15.099999999999994,-3.5999999999999943,6.599999999999994,18.099999999999994,-10.0,1.5,0.0,0.0,0.1,1.0,0.1,14,47.9,24.3,49565.81,18391.81,100,19,-11.5,12.900000000000006,-7.400000000000006,8.800000000000011,12,0.0,0.0,0.0,0.0,94,100,18.1,35.6,100,-11.400000000000006,12.800000000000011,-6.299999999999997,7.700000000000003,9,0.0,0.0,0.0,0.0,11,100,15.5,32.0,5,45.006399146780424,-65,50,0.5773502691896258,7.023769168568492,0.3333333333333333,34.666666666666664,16.666666666666668,0,50,0.5773502691896258,7.023769168568492,0.3333333333333333,34.666666666666664,16.666666666666668,0,50,0.5773502691896258,7.023769168568492,0.3333333333333333,34.666666666666664,16.666666666666668,0,50,0.5773502691896258,7.023769168568492,0.3333333333333333,34.666666666666664,16.666666666666668,0,50,0.5773502691896258,7.023769168568492,0.3333333333333333,34.666666666666664,16.666666666666668,0
2025-05-19 12:01:12.193254,139,61067.806746,12.020000000000001,22,24,76,1,-1.0,-2.5999999999999943,12.900000000000006,-19.099999999999994,-3.5999999999999943,2.5999999999999943,18.099999999999994,-14.0,1.5,0.0,0.0,0.1,1.0,0.1,14,47.9,24.3,49565.81,18391.81,100,19,-15.5,12.900000000000006,-11.400000000000006,8.800000000000011,12,0.0,0.0,0.0,0.0,94,100,18.1,35.6,100,-15.400000000000006,12.800000000000011,-10.299999999999997,7.700000000000003,9,0.0,0.0,0.0,0.0,11,100,15.5,32.0,5,-17.04042974271982,-24,82,2.8284271247461903,8.48528137423857,1.0,22.0,16.0,4,82,2.8284271247461903,8.48528137423857,1.0,22.0,16.0,4,82,2.8284271247461903,8.48528137423857,1.0,22.0,16.0,4,82,2.8284271247461903,8.48528137423857,1.0,22.0,16.0,4,82,2.8284271247461903,8.48528137423857,1.0,22.0,16.0,4
2025-05-19 12:01:12.193254,139,61067.806746,12.020000000000001,10,20,80,1,-1.0,-2.5999999999999943,12.900000000000006,-19.099999999999994,-3.5999999999999943,2.5999999999999943,18.099999999999994,-14.0,1.5,0.0,0.0,0.1,1.0,0.1,14,47.9,24.3,49565.81,18391.81,100,19,-15.5,12.900000000000006,-11.400000000000006,8.800000000000011,12,0.0,0.0,0.0,0.0,94,100,18.1,35.6,100,-15.400000000000006,12.800000000000011,-10.299999999999997,7.700000000000003,9,0.0,0.0,0.0,0.0,11,100,15.5,32.0,5,-13.147083926031295,-20,82,2.8284271247461903,8.48528137423857,1.0,22.0,16.0,4,82,2.8284271247461903,8.48528137423857,1.0,22.0,16.0,4,82,2.8284271247461903,8.48528137423857,1.0,22.0,16.0,4,82,2.8284271247461903,8.48528137423857,1.0,22.0,16.0,4,82,2.8284271247461903,8.48528137423857,1.0,22.0,16.0,4
2025-05-19 12:01:12.460243,139,61067.539757,12.020000000000001,15,24,76,1,-1.0,-2.5999999999999943,12.900000000000006,-19.099999999999994,-3.5999999999999943,2.5999999999999943,18.099999999999994,-14.0,1.5,0.0,0.0,0.1,1.0,0.1,14,47.9,24.3,49565.81,18391.81,100,19,-15.5,12.900000000000006,-11.400000000000006,8.800000000000011,12,0.0,0.0,0.0,0.0,94,100,18.1,35.6,100,-15.400000000000006,12.800000000000011,-10.299999999999997,7.700000000000003,9,0.0,0.0,0.0,0.0,11,100,15.5,32.0,5,-17.184593437945793,-24,97,2.3094010767585034,6.027713773341708,1.0,22.666666666666668,15.666666666666666,0,97,2.3094010767585034,6.027713773341708,1.0,22.666666666666668,15.666666666666666,0,97,2.3094010767585034,6.027713773341708,1.0,22.666666666666668,15.666666666666666,0,97,2.3094010767585034,6.027713773341708,1.0,22.666666666666668,15.666666666666666,0,97,2.3094010767585034,6.027713773341708,1.0,22.666666666666668,15.666666666666666,0
2025-05-19 12:01:13.859801,139,61066.140199,12.020277777777778,2,42,58,1,-3.0,-0.5999999999999943,12.900000000000006,-17.099999999999994,-3.5999999999999943,4.599999999999994,18.099999999999994,-12.0,1.5,0.0,0.0,0.1,1.0,0.1,14,47.9,24.3,49565.81,18391.81,100,19,-13.5,12.900000000000006,-9.400000000000006,8.800000000000011,12,0.0,0.0,0.0,0.0,94,100,18.1,35.6,100,-13.400000000000006,12.800000000000011,-8.299999999999997,7.700000000000003,9,0.0,0.0,0.0,0.0,11,100,15.5,32.0,5,-19.69730040206778,-42,99,,,1.0,42.0,2.0,0,99,,,1.0,42.0,2.0,0,99,,,1.0,42.0,2.0,0,99,,,1.0,42.0,2.0,0,99,,,1.0,42.0,2.0,0
2025-05-19 12:01:14.587866,139,61065.412134,12.020555555555557,21,42,58,0,-3.0,-0.5999999999999943,12.900000000000006,-17.099999999999994,-3.5999999999999943,4.599999999999994,18.099999999999994,-12.0,1.5,0.0,0.0,0.1,1.0,0.1,14,47.9,24.3,49565.81,18391.81,100,19,-13.5,12.900000000000006,-9.400000000000006,8.800000000000011,12,0.0,0.0,0.0,0.0,94,100,18.1,35.6,100,-13.400000000000006,12.800000000000011,-8.299999999999997,7.700000000000003,9,0.0,0.0,0.0,0.0,11,100,15.5,32.0,5,-19.704845814977972,42,120,0.0,13.435028842544403,0.5,42.0,11.5,0,120,0.0,13.435028842544403,0.5,42.0,11.5,0,120,0.0,13.435028842544403,0.5,42.0,11.5,0,120,0.0,13.435028842544403,0.5,42.0,11.5,0,120,0.0,13.435028842544403,0.5,42.0,11.5,0
2025-05-19 12:01:17.000968,139,61062.999032,12.02138888888889,1,35,65,0,-5.0,1.4000000000000057,12.900000000000006,-15.099999999999994,-3.5999999999999943,6.599999999999994,18.099999999999994,-10.0,1.5,0.0,0.0,0.1,1.0,0.1,14,47.9,24.3,49565.81,18391.81,100,19,-11.5,12.900000000000006,-7.400000000000006,8.800000000000011,12,0.0,0.0,0.0,0.0,94,100,18.1,35.6,100,-11.400000000000006,12.800000000000011,-6.299999999999997,7.700000000000003,9,0.0,0.0,0.0,0.0,11,100,15.5,32.0,5,45.036419423692635,-65,121,0.5,9.7082439194738,0.25,34.75,12.75,0,121,0.5,9.7082439194738,0.25,34.75,12.75,0,121,0.5,9.7082439194738,0.25,34.75,12.75,0,121,0.5,9.7082439194738,0.25,34.75,12.75,0,121,0.5,9.7082439194738,0.25,34.75,12.75,0
2025-05-19 12:02:17.908412,139,61002.091588,12.038055555555555,56,4,96,1,1.0,-4.599999999999994,12.900000000000006,-21.099999999999994,-3.5999999999999943,0.5999999999999943,18.099999999999994,-16.0,1.5,0.0,0.0,0.1,1.0,0.1,14,47.9,24.3,49565.81,18391.81,100,19,-17.5,12.900000000000006,-13.400000000000006,8.800000000000011,12,0.0,0.0,0.0,0.0,94,100,18.1,35.6,100,-17.400000000000006,12.800000000000011,-12.299999999999997,7.700000000000003,9,0.0,0.0,0.0,0.0,11,100,15.5,32.0,5,-0.8204283360790776,-4,379,1.0,93.98049443013872,1.0,4.5,64.5,0,379,1.0,93.98049443013872,1.0,4.5,64.5,0,379,1.0,93.98049443013872,1.0,4.5,64.5,0,379,1.0,93.98049443013872,1.0,4.5,64.5,0,379,1.0,93.98049443013872,1.0,4.5,64.5,0
2025-05-19 12:02:17.908412,139,61002.091588,12.038055555555555,200,6,94,1,1.0,-4.599999999999994,12.900000000000006,-21.099999999999994,-3.5999999999999943,0.5999999999999943,18.099999999999994,-16.0,1.5,0.0,0.0,0.1,1.0,0.1,14,47.9,24.3,49565.81,18391.81,100,19,-17.5,12.900000000000006,-13.400000000000006,8.800000000000011,12,0.0,0.0,0.0,0.0,94,100,18.1,35.6,100,-17.400000000000006,12.800000000000011,-12.299999999999997,7.700000000000003,9,0.0,0.0,0.0,0.0,11,100,15.5,32.0,5,-2.860103626943005,-6,379,1.0,93.98049443013872,1.0,4.5,64.5,0,379,1.0,93.98049443013872,1.0,4.5,64.5,0,379,1.0,93.98049443013872,1.0,4.5,64.5,0,379,1.0,93.98049443013872,1.0,4.5,64.5,0,379,1.0,93.98049443013872,1.0,4.5,64.5,0
2025-05-19 12:02:17.908412,139,61002.091588,12.038055555555555,1,4,96,1,1.0,-4.599999999999994,12.900000000000006,-21.099999999999994,-3.5999999999999943,0.5999999999999943,18.099999999999994,-16.0,1.5,0.0,0.0,0.1,1.0,0.1,14,47.9,24.3,49565.81,18391.81,100,19,-17.5,12.900000000000006,-13.400000000000006,8.800000000000011,12,0.0,0.0,0.0,0.0,94,100,18.1,35.6,100,-17.400000000000006,12.800000000000011,-12.299999999999997,7.700000000000003,9,0.0,0.0,0.0,0.0,11,100,15.5,32.0,5,-1.4572025052192066,-4,379,1.0,93.98049443013872,1.0,4.5,64.5,0,379,1.0,93.98049443013872,1.0,4.5,64.5,0,379,1.0,93.98049443013872,1.0,4.5,64.5,0,379,1.0,93.98049443013872,1.0,4.5,64.5,0,379,1.0,93.98049443013872,1.0,4.5,64.5,0
2025-05-19 12:02:17.908412,139,61002.091588,12.038055555555555,1,4,96,1,1.0,-4.599999999999994,12.900000000000006,-21.099999999999994,-3.5999999999999943,0.5999999999999943,18.099999999999994,-16.0,1.5,0.0,0.0,0.1,1.0,0.1,14,47.9,24.3,49565.81,18391.81,100,19,-17.5,12.900000000000006,-13.400000000000006,8.800000000000011,12,0.0,0.0,0.0,0.0,94,100,18.1,35.6,100,-17.400000000000006,12.800000000000011,-12.299999999999997,7.700000000000003,9,0.0,0.0,0.0,0.0,11,100,15.5,32.0,5,-1.4587251828631138,-4,379,1.0,93.98049443013872,1.0,4.5,64.5,0,379,1.0,93.98049443013872,1.0,4.5,64.5,0,379,1.0,93.98049443013872,1.0,4.5,64.5,0,379,1.0,93.98049443013872,1.0,4.5,64.5,0,379,1.0,93.98049443013872,1.0,4.5,64.5,0
2025-05-19 12:02:19.210722,139,61000.789278,12.038611111111111,1,35,65,1,-5.0,1.4000000000000057,12.900000000000006,-15.099999999999994,-3.5999999999999943,6.599999999999994,18.099999999999994,-10.0,1.5,0.0,0.0,0.1,1.0,0.1,14,47.9,24.3,49565.81,18391.81,100,19,-11.5,12.900000000000006,-7.400000000000006,8.800000000000011,12,0.0,0.0,0.0,0.0,94,100,18.1,35.6,100,-11.400000000000006,12.800000000000011,-6.299999999999997,7.700000000000003,9,0.0,0.0,0.0,0.0,11,100,15.5,32.0,5,45.03942365419252,65,380,0.4472135954999579,9.91463564635635,0.4,34.8,10.4,0,380,0.4472135954999579,9.91463564635635,0.4,34.8,10.4,0,380,0.4472135954999579,9.91463564635635,0.4,34.8,10.4,0,380,0.4472135954999579,9.91463564635635,0.4,34.8,10.4,0,380,0.4472135954999579,9.91463564635635,0.4,34.8,10.4,0
2025-05-19 12:02:20.047579,139,60999.952421,12.03888888888889,1,42,58,0,-3.0,-0.5999999999999943,12.900000000000006,-17.099999999999994,-3.5999999999999943,4.599999999999994,18.099999999999994,-12.0,1.5,0.0,0.0,0.1,1.0,0.1,14,47.9,24.3,49565.81,18391.81,100,19,-13.5,12.900000000000006,-9.400000000000006,8.800000000000011,12,0.0,0.0,0.0,0.0,94,100,18.1,35.6,100,-13.400000000000006,12.800000000000011,-8.299999999999997,7.700000000000003,9,0.0,0.0,0.0,0.0,11,100,15.5,32.0,5,-19.784423076923076,42,357,0.0,11.269427669584644,0.3333333333333333,42.0,8.0,0,381,0.0,11.269427669584644,0.3333333333333333,42.0,8.0,0,381,0.0,11.269427669584644,0.3333333333333333,42.0,8.0,0,381,0.0,11.269427669584644,0.3333333333333333,42.0,8.0,0,381,0.0,11.269427669584644,0.3333333333333333,42.0,8.0,0
2025-05-19 12:02:20.148618,139,60999.851382,12.03888888888889,1,24,76,0,-1.0,-2.5999999999999943,12.900000000000006,-19.099999999999994,-3.5999999999999943,2.5999999999999943,18.099999999999994,-14.0,1.5,0.0,0.0,0.1,1.0,0.1,14,47.9,24.3,49565.81,18391.81,100,19,-15.5,12.900000000000006,-11.400000000000006,8.800000000000011,12,0.0,0.0,0.0,0.0,94,100,18.1,35.6,100,-15.400000000000006,12.800000000000011,-10.299999999999997,7.700000000000003,9,0.0,0.0,0.0,0.0,11,100,15.5,32.0,5,-17.25845272206304,24,358,2.0,8.831760866327848,0.75,23.0,12.0,0,382,2.0,8.831760866327848,0.75,23.0,12.0,0,382,2.0,8.831760866327848,0.75,23.0,12.0,0,382,2.0,8.831760866327848,0.75,23.0,12.0,0,382,2.0,8.831760866327848,0.75,23.0,12.0,0
2025-05-19 12:02:55.718733,139,60964.281267,12.04861111111111,7,41,59,0,-3.0,-0.5999999999999943,12.900000000000006,-17.099999999999994,-3.5999999999999943,4.599999999999994,18.099999999999994,-12.0,1.5,0.0,0.0,0.1,1.0,0.1,14,47.9,24.3,49565.81,18391.81,100,19,-13.5,12.900000000000006,-9.400000000000006,8.800000000000011,12,0.0,0.0,0.0,0.0,94,100,18.1,35.6,100,-13.400000000000006,12.800000000000011,-8.299999999999997,7.700000000000003,9,0.0,0.0,0.0,0.0,11,100,15.5,32.0,5,-18.788228505481825,41,350,0.4472135954999579,8.532291603080617,0.2,41.8,6.4,0,390,0.4472135954999579,8.532291603080617,0.2,41.8,6.4,0,390,0.4472135954999579,8.532291603080617,0.2,41.8,6.4,0,390,0.4472135954999579,8.532291603080617,0.2,41.8,6.4,0,390,0.4472135954999579,8.532291603080617,0.2,41.8,6.4,0
2025-05-19 12:02:55.718733,139,60964.281267,12.04861111111111,1,42,58,0,-3.0,-0.5999999999999943,12.900000000000006,-17.099999999999994,-3.5999999999999943,4.599999999999994,18.099999999999994,-12.0,1.5,0.0,0.0,0.1,1.0,0.1,14,47.9,24.3,49565.81,18391.81,100,19,-13.5,12.900000000000006,-9.400000000000006,8.800000000000011,12,0.0,0.0,0.0,0.0,94,100,18.1,35.6,100,-13.400000000000006,12.800000000000011,-8.299999999999997,7.700000000000003,9,0.0,0.0,0.0,0.0,11,100,15.5,32.0,5,-19.813559322033896,42,350,0.4472135954999579,8.532291603080617,0.2,41.8,6.4,0,390,0.4472135954999579,8.532291603080617,0.2,41.8,6.4,0,390,0.4472135954999579,8.532291603080617,0.2,41.8,6.4,0,390,0.4472135954999579,8.532291603080617,0.2,41.8,6.4,0,390,0.4472135954999579,8.532291603080617,0.2,41.8,6.4,0
2025-05-19 12:03:14.803435,139,60945.196565,12.05388888888889,1,34,66,0,-5.0,1.4000000000000057,12.900000000000006,-15.099999999999994,-3.5999999999999943,6.599999999999994,18.099999999999994,-10.0,1.5,0.0,0.0,0.1,1.0,0.1,14,47.9,24.3,49565.81,18391.81,100,19,-11.5,12.900000000000006,-7.400000000000006,8.800000000000011,12,0.0,0.0,0.0,0.0,94,100,18.1,35.6,100,-11.400000000000006,12.800000000000011,-6.299999999999997,7.700000000000003,9,0.0,0.0,0.0,0.0,11,100,15.5,32.0,5,46.042428285523684,-66,271,0.5773502691896258,0.0,0.3333333333333333,34.666666666666664,1.0,1,391,0.5163977794943223,9.662642840686324,0.3333333333333333,34.666666666666664,8.833333333333334,1,391,0.5163977794943223,9.662642840686324,0.3333333333333333,34.666666666666664,8.833333333333334,1,391,0.5163977794943223,9.662642840686324,0.3333333333333333,34.666666666666664,8.833333333333334,1,391,0.5163977794943223,9.662642840686324,0.3333333333333333,34.666666666666664,8.833333333333334,1
2025-05-19 12:03:22.597923,139,60937.402077,12.056111111111111,2,42,58,0,-3.0,-0.5999999999999943,12.900000000000006,-17.099999999999994,-3.5999999999999943,4.599999999999994,18.099999999999994,-12.0,1.5,0.0,0.0,0.1,1.0,0.1,14,47.9,24.3,49565.81,18391.81,100,19,-13.5,12.900000000000006,-9.400000000000006,8.800000000000011,12,0.0,0.0,0.0,0.0,94,100,18.1,35.6,100,-13.400000000000006,12.800000000000011,-8.299999999999997,7.700000000000003,9,0.0,0.0,0.0,0.0,11,100,15.5,32.0,5,-19.81737622808707,42,272,0.5,2.8722813232690143,0.0,41.75,2.75,0,393,0.408248290463863,7.840068026915753,0.16666666666666666,41.833333333333336,5.666666666666667,0,393,0.408248290463863,7.840068026915753,0.16666666666666666,41.833333333333336,5.666666666666667,0,393,0.408248290463863,7.840068026915753,0.16666666666666666,41.833333333333336,5.666666666666667,0,393,0.408248290463863,7.840068026915753,0.16666666666666666,41.833333333333336,5.666666666666667,0
2025-05-19 12:03:39.837302,139,60920.162698,12.060833333333335,1,34,66,1,-5.0,1.4000000000000057,12.900000000000006,-15.099999999999994,-3.5999999999999943,6.599999999999994,18.099999999999994,-10.0,1.5,0.0,0.0,0.1,1.0,0.1,14,47.9,24.3,49565.81,18391.81,100,19,-11.5,12.900000000000006,-7.400000000000006,8.800000000000011,12,0.0,0.0,0.0,0.0,94,100,18.1,35.6,100,-11.400000000000006,12.800000000000011,-6.299999999999997,7.700000000000003,9,0.0,0.0,0.0,0.0,11,100,15.5,32.0,5,46.0455000333578,66,273,0.5773502691896258,0.0,0.6666666666666666,34.333333333333336,1.0,1,394,0.5345224838248488,9.304376850247875,0.42857142857142855,34.57142857142857,7.714285714285714,1,394,0.5345224838248488,9.304376850247875,0.42857142857142855,34.57142857142857,7.714285714285714,1,394,0.5345224838248488,9.304376850247875,0.42857142857142855,34.57142857142857,7.714285714285714,1,394,0.5345224838248488,9.304376850247875,0.42857142857142855,34.57142857142857,7.714285714285714,1
2025-05-19 12:03:40.614727,139,60919.385273,12.061111111111112,1,24,76,1,-1.0,-2.5999999999999943,12.900000000000006,-19.099999999999994,-3.5999999999999943,2.5999999999999943,18.099999999999994,-14.0,1.5,0.0,0.0,0.1,1.0,0.1,14,47.9,24.3,49565.81,18391.81,100,19,-15.5,12.900000000000006,-11.400000000000006,8.800000000000011,12,0.0,0.0,0.0,0.0,94,100,18.1,35.6,100,-15.400000000000006,12.800000000000011,-10.299999999999997,7.700000000000003,9,0.0,0.0,0.0,0.0,11,100,15.5,32.0,5,-17.263399254800802,-24,274,0.0,0.0,0.5,24.0,1.0,0,395,1.7888543819998315,9.093954035511725,0.8,23.2,9.8,0,395,1.7888543819998315,9.093954035511725,0.8,23.2,9.8,0,395,1.7888543819998315,9.093954035511725,0.8,23.2,9.8,0,395,1.7888543819998315,9.093954035511725,0.8,23.2,9.8,0
2025-05-19 12:04:56.387540,139,60843.61246,12.082222222222223,89,33,67,0,-5.0,1.4000000000000057,12.900000000000006,-15.099999999999994,-3.5999999999999943,6.599999999999994,18.099999999999994,-10.0,1.5,0.0,0.0,0.1,1.0,0.1,14,47.9,24.3,49565.81,18391.81,100,19,-11.5,12.900000000000006,-7.400000000000006,8.800000000000011,12,0.0,0.0,0.0,0.0,94,100,18.1,35.6,100,-11.400000000000006,12.800000000000011,-6.299999999999997,7.700000000000003,9,0.0,0.0,0.0,0.0,11,100,15.5,32.0,5,47.04857219108621,-67,94,0.5773502691896258,50.80682368868707,0.3333333333333333,33.666666666666664,30.333333333333332,1,484,0.7440238091428449,30.002083261000394,0.375,34.375,17.875,2,484,0.7440238091428449,30.002083261000394,0.375,34.375,17.875,2,484,0.7440238091428449,30.002083261000394,0.375,34.375,17.875,2,484,0.7440238091428449,30.002083261000394,0.375,34.375,17.875,2
2025-05-19 12:05:04.009832,139,60835.990168,12.084444444444445,1,42,58,1,-3.0,-0.5999999999999943,12.900000000000006,-17.099999999999994,-3.5999999999999943,4.599999999999994,18.099999999999994,-12.0,1.5,0.0,0.0,0.1,1.0,0.1,14,47.9,24.3,49565.81,18391.81,100,19,-13.5,12.900000000000006,-9.400000000000006,8.800000000000011,12,0.0,0.0,0.0,0.0,94,100,18.1,35.6,100,-13.400000000000006,12.800000000000011,-8.299999999999997,7.700000000000003,9,0.0,0.0,0.0,0.0,11,100,15.5,32.0,5,-19.825014453651956,-42,95,0.0,0.7071067811865476,0.5,42.0,1.5,0,485,0.37796447300922725,7.371114795831994,0.2857142857142857,41.857142857142854,5.0,0,485,0.37796447300922725,7.371114795831994,0.2857142857142857,41.857142857142854,5.0,0,485,0.37796447300922725,7.371114795831994,0.2857142857142857,41.857142857142854,5.0,0,485,0.37796447300922725,7.371114795831994,0.2857142857142857,41.857142857142854,5.0,0
2025-05-19 12:05:04.389047,139,60835.610953,12.084444444444445,1,24,76,1,-1.0,-2.5999999999999943,12.900000000000006,-19.099999999999994,-3.5999999999999943,2.5999999999999943,18.099999999999994,-14.0,1.5,0.0,0.0,0.1,1.0,0.1,14,47.9,24.3,49565.81,18391.81,100,19,-15.5,12.900000000000006,-11.400000000000006,8.800000000000011,12,0.0,0.0,0.0,0.0,94,100,18.1,35.6,100,-15.400000000000006,12.800000000000011,-10.299999999999997,7.700000000000003,9,0.0,0.0,0.0,0.0,11,100,15.5,32.0,5,-17.26834862385321,-24,96,0.0,0.0,1.0,24.0,1.0,0,486,1.632993161855452,8.891943919451284,0.8333333333333334,23.333333333333332,8.333333333333334,0,486,1.632993161855452,8.891943919451284,0.8333333333333334,23.333333333333332,8.333333333333334,0,486,1.632993161855452,8.891943919451284,0.8333333333333334,23.333333333333332,8.333333333333334,0,486,1.632993161855452,8.891943919451284,0.8333333333333334,23.333333333333332,8.333333333333334,0
2025-05-19 12:05:45.302961,139,60794.697039,12.095833333333333,23,34,66,1,-5.0,1.4000000000000057,12.900000000000006,-15.099999999999994,-3.5999999999999943,6.599999999999994,18.099999999999994,-10.0,1.5,0.0,0.0,0.1,1.0,0.1,14,47.9,24.3,49565.81,18391.81,100,19,-11.5,12.900000000000006,-7.400000000000006,8.800000000000011,12,0.0,0.0,0.0,0.0,94,100,18.1,35.6,100,-11.400000000000006,12.800000000000011,-6.299999999999997,7.700000000000003,9,0.0,0.0,0.0,0.0,11,100,15.5,32.0,5,46.32961943754614,66,119,0.5773502691896258,44.22668877499196,0.6666666666666666,33.666666666666664,39.0,-1,474,0.7071067811865476,30.317074397111604,0.5,34.25,16.375,1,514,0.6749485577105528,26.847097918893706,0.5,34.3,17.1,1,514,0.6749485577105528,26.847097918893706,0.5,34.3,17.1,1,514,0.6749485577105528,26.847097918893706,0.5,34.3,17.1,1
2025-05-19 12:05:45.302961,139,60794.697039,12.095833333333333,5,34,66,1,-5.0,1.4000000000000057,12.900000000000006,-15.099999999999994,-3.5999999999999943,6.599999999999994,18.099999999999994,-10.0,1.5,0.0,0.0,0.1,1.0,0.1,14,47.9,24.3,49565.81,18391.81,100,19,-11.5,12.900000000000006,-7.400000000000006,8.800000000000011,12,0.0,0.0,0.0,0.0,94,100,18.1,35.6,100,-11.400000000000006,12.800000000000011,-6.299999999999997,7.700000000000003,9,0.0,0.0,0.0,0.0,11,100,15.5,32.0,5,46.40125033611186,66,119,0.5773502691896258,44.22668877499196,0.6666666666666666,33.666666666666664,39.0,-1,474,0.7071067811865476,30.317074397111604,0.5,34.25,16.375,1,514,0.6749485577105528,26.847097918893706,0.5,34.3,17.1,1,514,0.6749485577105528,26.847097918893706,0.5,34.3,17.1,1,514,0.6749485577105528,26.847097918893706,0.5,34.3,17.1,1
2025-05-19 12:06:06.783662,139,60773.216338,12.101666666666667,4,38,62,0,-5.0,1.4000000000000057,12.900000000000006,-15.099999999999994,-3.5999999999999943,6.599999999999994,18.099999999999994,-10.0,1.5,0.0,0.0,0.1,1.0,0.1,14,47.9,24.3,49565.81,18391.81,100,19,-11.5,12.900000000000006,-7.400000000000006,8.800000000000011,12,0.0,0.0,0.0,0.0,94,100,18.1,35.6,100,-11.400000000000006,12.800000000000011,-6.299999999999997,7.700000000000003,9,0.0,0.0,0.0,0.0,11,100,15.5,32.0,5,42.416851590343626,-62,123,2.217355782608345,40.12792045446661,0.5,34.75,30.25,-5,468,1.5059406173077154,30.570468943550267,0.5,34.625,15.625,-3,518,1.2862913567871996,25.7738415664198,0.45454545454545453,34.63636363636363,15.909090909090908,-3,518,1.2862913567871996,25.7738415664198,0.45454545454545453,34.63636363636363,15.909090909090908,-3,518,1.2862913567871996,25.7738415664198,0.45454545454545453,34.63636363636363,15.909090909090908,-3
2025-05-19 12:06:06.785908,139,60773.214092,12.101666666666667,4,41,59,0,-3.0,-0.5999999999999943,12.900000000000006,-17.099999999999994,-3.5999999999999943,4.599999999999994,18.099999999999994,-12.0,1.5,0.0,0.0,0.1,1.0,0.1,14,47.9,24.3,49565.81,18391.81,100,19,-13.5,12.900000000000006,-9.400000000000006,8.800000000000011,12,0.0,0.0,0.0,0.0,94,100,18.1,35.6,100,-13.400000000000006,12.800000000000011,-8.299999999999997,7.700000000000003,9,0.0,0.0,0.0,0.0,11,100,15.5,32.0,5,-18.82883577486507,41,127,0.7071067811865476,2.1213203435596424,0.5,41.5,2.5,1,472,0.4629100498862757,6.8334785118143575,0.25,41.75,4.875,1,522,0.4629100498862757,6.8334785118143575,0.25,41.75,4.875,1,522,0.4629100498862757,6.8334785118143575,0.25,41.75,4.875,1,522,0.4629100498862757,6.8334785118143575,0.25,41.75,4.875,1
2025-05-19 12:06:06.789506,139,60773.210494,12.101666666666667,4,23,77,0,-1.0,-2.5999999999999943,12.900000000000006,-19.099999999999994,-3.5999999999999943,2.5999999999999943,18.099999999999994,-14.0,1.5,0.0,0.0,0.1,1.0,0.1,14,47.9,24.3,49565.81,18391.81,100,19,-15.5,12.900000000000006,-11.400000000000006,8.800000000000011,12,0.0,0.0,0.0,0.0,94,100,18.1,35.6,100,-15.400000000000006,12.800000000000011,-10.299999999999997,7.700000000000003,9,0.0,0.0,0.0,0.0,11,100,15.5,32.0,5,-16.27330083166045,23,131,0.7071067811865476,2.1213203435596424,0.5,23.5,2.5,1,476,1.4960264830861911,8.280786712108249,0.7142857142857143,23.285714285714285,7.714285714285714,1,526,1.4960264830861911,8.280786712108249,0.7142857142857143,23.285714285714285,7.714285714285714,1,526,1.4960264830861911,8.280786712108249,0.7142857142857143,23.285714285714285,7.714285714285714,1,526,1.4960264830861911,8.280786712108249,0.7142857142857143,23.285714285714285,7.714285714285714,1
2025-05-19 12:06:06.794210,139,60773.20579,12.101666666666667,4,4,96,0,1.0,-4.599999999999994,12.900000000000006,-21.099999999999994,-3.5999999999999943,0.5999999999999943,18.099999999999994,-16.0,1.5,0.0,0.0,0.1,1.0,0.1,14,47.9,24.3,49565.81,18391.81,100,19,-17.5,12.900000000000006,-13.400000000000006,8.800000000000011,12,0.0,0.0,0.0,0.0,94,100,18.1,35.6,100,-17.400000000000006,12.800000000000011,-12.299999999999997,7.700000000000003,9,0.0,0.0,0.0,0.0,11,100,15.5,32.0,5,-1.4602510460251068,4,135,,,0.0,4.0,4.0,0,480,0.8944271909999157,85.76887547356559,0.8,4.4,52.4,0,530,0.8944271909999157,85.76887547356559,0.8,4.4,52.4,0,530,0.8944271909999157,85.76887547356559,0.8,4.4,52.4,0,530,0.8944271909999157,85.76887547356559,0.8,4.4,52.4,0
2025-05-19 12:06:07.254955,139,60772.745045,12.101944444444444,37,38,62,0,-5.0,1.4000000000000057,12.900000000000006,-15.099999999999994,-3.5999999999999943,6.599999999999994,18.099999999999994,-10.0,1.5,0.0,0.0,0.1,1.0,0.1,14,47.9,24.3,49565.81,18391.81,100,19,-11.5,12.900000000000006,-7.400000000000006,8.800000000000011,12,0.0,0.0,0.0,0.0,94,100,18.1,35.6,100,-11.400000000000006,12.800000000000011,-6.299999999999997,7.700000000000003,9,0.0,0.0,0.0,0.0,11,100,15.5,32.0,5,42.4282639402704,-62,172,2.4083189157584592,34.88266044899672,0.4,35.4,31.6,-5,517,1.8027756377319946,29.47032405658275,0.4444444444444444,35.0,18.0,-3,567,1.5642792899510294,25.317379346403467,0.4166666666666667,34.916666666666664,17.666666666666668,-3,567,1.5642792899510294,25.317379346403467,0.4166666666666667,34.916666666666664,17.666666666666668,-3,567,1.5642792899510294,25.317379346403467,0.4166666666666667,34.916666666666664,17.666666666666668,-3
2025-05-19 12:06:07.630565,139,60772.369435,12.101944444444444,5,40,60,0,-3.0,-0.5999999999999943,12.900000000000006,-17.099999999999994,-3.5999999999999943,4.599999999999994,18.099999999999994,-12.0,1.5,0.0,0.0,0.1,1.0,0.1,14,47.9,24.3,49565.81,18391.81,100,19,-13.5,12.900000000000006,-9.400000000000006,8.800000000000011,12,0.0,0.0,0.0,0.0,94,100,18.1,35.6,100,-13.400000000000006,12.800000000000011,-8.299999999999997,7.700000000000003,9,0.0,0.0,0.0,0.0,11,100,15.5,32.0,5,-17.84336419753086,40,177,1.0,2.081665999466133,0.3333333333333333,41.0,3.3333333333333335,2,522,0.7264831572567789,6.392269636921703,0.2222222222222222,41.55555555555556,4.888888888888889,2,572,0.7264831572567789,6.392269636921703,0.2222222222222222,41.55555555555556,4.888888888888889,2,572,0.7264831572567789,6.392269636921703,0.2222222222222222,41.55555555555556,4.888888888888889,2,572,0.7264831572567789,6.392269636921703,0.2222222222222222,41.55555555555556,4.888888888888889,2
2025-05-19 12:06:07.631157,139,60772.368843,12.101944444444444,5,4,96,0,1.0,-4.599999999999994,12.900000000000006,-21.099999999999994,-3.5999999999999943,0.5999999999999943,18.099999999999994,-16.0,1.5,0.0,0.0,0.1,1.0,0.1,14,47.9,24.3,49565.81,18391.81,100,19,-17.5,12.900000000000006,-13.400000000000006,8.800000000000011,12,0.0,0.0,0.0,0.0,94,100,18.1,35.6,100,-17.400000000000006,12.800000000000011,-12.299999999999997,7.700000000000003,9,0.0,0.0,0.0,0.0,11,100,15.5,32.0,5,-1.4663865546218489,4,182,0.0,0.7071067811865476,0.0,4.0,4.5,0,527,0.8164965809277259,79.11700196544356,0.6666666666666666,4.333333333333333,44.5,0,577,0.8164965809277259,79.11700196544356,0.6666666666666666,4.333333333333333,44.5,0,577,0.8164965809277259,79.11700196544356,0.6666666666666666,4.333333333333333,44.5,0,577,0.8164965809277259,79.11700196544356,0.6666666666666666,4.333333333333333,44.5,0
2025-05-19 12:06:07.633357,139,60772.366643,12.101944444444444,5,23,77,0,-1.0,-2.5999999999999943,12.900000000000006,-19.099999999999994,-3.5999999999999943,2.5999999999999943,18.099999999999994,-14.0,1.5,0.0,0.0,0.1,1.0,0.1,14,47.9,24.3,49565.81,18391.81,100,19,-15.5,12.900000000000006,-11.400000000000006,8.800000000000011,12,0.0,0.0,0.0,0.0,94,100,18.1,35.6,100,-15.400000000000006,12.800000000000011,-10.299999999999997,7.700000000000003,9,0.0,0.0,0.0,0.0,11,100,15.5,32.0,5,-16.291989664082692,23,187,0.5773502691896258,2.081665999466133,0.3333333333333333,23.333333333333332,3.3333333333333335,1,532,1.3887301496588271,7.726346392146069,0.625,23.25,7.375,1,582,1.3887301496588271,7.726346392146069,0.625,23.25,7.375,1,582,1.3887301496588271,7.726346392146069,0.625,23.25,7.375,1,582,1.3887301496588271,7.726346392146069,0.625,23.25,7.375,1
2025-05-19 12:06:07.636711,139,60772.363289,12.101944444444444,5,38,62,0,-5.0,1.4000000000000057,12.900000000000006,-15.099999999999994,-3.5999999999999943,6.599999999999994,18.099999999999994,-10.0,1.5,0.0,0.0,0.1,1.0,0.1,14,47.9,24.3,49565.81,18391.81,100,19,-11.5,12.900000000000006,-7.400000000000006,8.800000000000011,12,0.0,0.0,0.0,0.0,94,100,18.1,35.6,100,-11.400000000000006,12.800000000000011,-6.299999999999997,7.700000000000003,9,0.0,0.0,0.0,0.0,11,100,15.5,32.0,5,42.53412002697236,-62,192,2.401388487243717,33.03583912460324,0.3333333333333333,35.833333333333336,27.166666666666668,-5,537,1.946506842754191,28.087363706834434,0.4,35.3,16.7,-3,587,1.7246329970051526,24.492803757378123,0.38461538461538464,35.15384615384615,16.692307692307693,-3,587,1.7246329970051526,24.492803757378123,0.38461538461538464,35.15384615384615,16.692307692307693,-3,587,1.7246329970051526,24.492803757378123,0.38461538461538464,35.15384615384615,16.692307692307693,-3
2025-05-19 12:06:11.703422,139,60768.296578,12.103055555555555,3,39,61,0,-3.0,-0.5999999999999943,12.900000000000006,-17.099999999999994,-3.5999999999999943,4.599999999999994,18.099999999999994,-12.0,1.5,0.0,0.0,0.1,1.0,0.1,14,47.9,24.3,49565.81,18391.81,100,19,-13.5,12.900000000000006,-9.400000000000006,8.800000000000011,12,0.0,0.0,0.0,0.0,94,100,18.1,35.6,100,-13.400000000000006,12.800000000000011,-8.299999999999997,7.700000000000003,9,0.0,0.0,0.0,0.0,11,100,15.5,32.0,5,-16.86059084765398,39,195,1.2909944487358056,1.707825127659933,0.25,40.5,3.25,3,540,1.0593499054713802,6.056218108504496,0.2,41.3,4.7,3,590,1.0593499054713802,6.056218108504496,0.2,41.3,4.7,3,590,1.0593499054713802,6.056218108504496,0.2,41.3,4.7,3,590,1.0593499054713802,6.056218108504496,0.2,41.3,4.7,3
2025-05-19 12:06:11.786685,139,60768.213315,12.103055555555555,3,23,77,0,-1.0,-2.5999999999999943,12.900000000000006,-19.099999999999994,-3.5999999999999943,2.5999999999999943,18.099999999999994,-14.0,1.5,0.0,0.0,0.1,1.0,0.1,14,47.9,24.3,49565.81,18391.81,100,19,-15.5,12.900000000000006,-11.400000000000006,8.800000000000011,12,0.0,0.0,0.0,0.0,94,100,18.1,35.6,100,-15.400000000000006,12.800000000000011,-10.299999999999997,7.700000000000003,9,0.0,0.0,0.0,0.0,11,100,15.5,32.0,5,-16.315411155836685,23,198,0.5,1.707825127659933,0.25,23.25,3.25,1,543,1.3017082793177759,7.372998786864888,0.5555555555555556,23.22222222222222,6.888888888888889,1,593,1.3017082793177759,7.372998786864888,0.5555555555555556,23.22222222222222,6.888888888888889,1,593,1.3017082793177759,7.372998786864888,0.5555555555555556,23.22222222222222,6.888888888888889,1,593,1.3017082793177759,7.372998786864888,0.5555555555555556,23.22222222222222,6.888888888888889,1
2025-05-19 12:06:11.787815,139,60768.212185,12.103055555555555,3,4,96,0,1.0,-4.599999999999994,12.900000000000006,-21.099999999999994,-3.5999999999999943,0.5999999999999943,18.099999999999994,-16.0,1.5,0.0,0.0,0.1,1.0,0.1,14,47.9,24.3,49565.81,18391.81,100,19,-17.5,12.900000000000006,-13.400000000000006,8.800000000000011,12,0.0,0.0,0.0,0.0,94,100,18.1,35.6,100,-17.400000000000006,12.800000000000011,-12.299999999999997,7.700000000000003,9,0.0,0.0,0.0,0.0,11,100,15.5,32.0,5,-1.4741288278775073,4,201,0.0,1.0,0.0,4.0,4.0,0,546,0.7559289460184546,73.90727781677333,0.5714285714285714,4.285714285714286,38.57142857142857,0,596,0.7559289460184546,73.90727781677333,0.5714285714285714,4.285714285714286,38.57142857142857,0,596,0.7559289460184546,73.90727781677333,0.5714285714285714,4.285714285714286,38.57142857142857,0,596,0.7559289460184546,73.90727781677333,0.5714285714285714,4.285714285714286,38.57142857142857,0
2025-05-19 12:06:11.790982,139,60768.209018,12.103055555555555,3,38,62,0,-5.0,1.4000000000000057,12.900000000000006,-15.099999999999994,-3.5999999999999943,6.599999999999994,18.099999999999994,-10.0,1.5,0.0,0.0,0.1,1.0,0.1,14,47.9,24.3,49565.81,18391.81,100,19,-11.5,12.900000000000006,-7.400000000000006,8.800000000000011,12,0.0,0.0,0.0,0.0,94,100,18.1,35.6,100,-11.400000000000006,12.800000000000011,-6.299999999999997,7.700000000000003,9,0.0,0.0,0.0,0.0,11,100,15.5,32.0,5,42.54846543001686,-62,204,2.3401261667248794,31.510391332142508,0.2857142857142857,36.142857142857146,23.714285714285715,-5,549,2.018099916438052,26.964286144319257,0.36363636363636365,35.54545454545455,15.454545454545455,-3,599,1.8232322463624386,23.814761328698154,0.35714285714285715,35.357142857142854,15.714285714285714,-3,599,1.8232322463624386,23.814761328698154,0.35714285714285715,35.357142857142854,15.714285714285714,-3,599,1.8232322463624386,23.814761328698154,0.35714285714285715,35.357142857142854,15.714285714285714,-3
2025-05-19 12:06:30.850066,139,60749.149934,12.108333333333333,1,38,62,0,-5.0,1.4000000000000057,12.900000000000006,-15.099999999999994,-3.5999999999999943,6.599999999999994,18.099999999999994,-10.0,1.5,0.0,0.0,0.1,1.0,0.1,14,47.9,24.3,49565.81,18391.81,100,19,-11.5,12.900000000000006,-7.400000000000006,8.800000000000011,12,0.0,0.0,0.0,0.0,94,100,18.1,35.6,100,-11.400000000000006,12.800000000000011,-6.299999999999997,7.700000000000003,9,0.0,0.0,0.0,0.0,11,100,15.5,32.0,5,42.55707731750101,-62,206,2.1858128414340006,29.068883707497264,0.2222222222222222,36.55555555555556,18.666666666666668,-5,480,2.1320071635561044,26.045851178956767,0.3333333333333333,36.0,14.25,-3,601,1.9224550276491081,22.732869007965828,0.3125,35.6875,13.875,-3,601,1.9224550276491081,22.732869007965828,0.3125,35.6875,13.875,-3,601,1.9224550276491081,22.732869007965828,0.3125,35.6875,13.875,-3
2025-05-19 12:06:30.850066,139,60749.149934,12.108333333333333,1,38,62,0,-5.0,1.4000000000000057,12.900000000000006,-15.099999999999994,-3.5999999999999943,6.599999999999994,18.099999999999994,-10.0,1.5,0.0,0.0,0.1,1.0,0.1,14,47.9,24.3,49565.81,18391.81,100,19,-11.5,12.900000000000006,-7.400000000000006,8.800000000000011,12,0.0,0.0,0.0,0.0,94,100,18.1,35.6,100,-11.400000000000006,12.800000000000011,-6.299999999999997,7.700000000000003,9,0.0,0.0,0.0,0.0,11,100,15.5,32.0,5,42.559948721408816,-62,206,2.1858128414340006,29.068883707497264,0.2222222222222222,36.55555555555556,18.666666666666668,-5,480,2.1320071635561044,26.045851178956767,0.3333333333333333,36.0,14.25,-3,601,1.9224550276491081,22.732869007965828,0.3125,35.6875,13.875,-3,601,1.9224550276491081,22.732869007965828,0.3125,35.6875,13.875,-3,601,1.9224550276491081,22.732869007965828,0.3125,35.6875,13.875,-3
2025-05-19 12:06:47.802302,139,60732.197698,12.113055555555555,55,33,67,0,-5.0,1.4000000000000057,12.900000000000006,-15.099999999999994,-3.5999999999999943,6.599999999999994,18.099999999999994,-10.0,1.5,0.0,0.0,0.1,1.0,0.1,14,47.9,24.3,49565.81,18391.81,100,19,-11.5,12.900000000000006,-7.400000000000006,8.800000000000011,12,0.0,0.0,0.0,0.0,94,100,18.1,35.6,100,-11.400000000000006,12.800000000000011,-6.299999999999997,7.700000000000003,9,0.0,0.0,0.0,0.0,11,100,15.5,32.0,5,47.56282051282051,-67,268,2.32379000772445,28.567304897223142,0.18181818181818182,36.0,20.90909090909091,-1,542,2.1699749327564155,26.45055515734723,0.2857142857142857,35.642857142857146,16.642857142857142,1,663,1.947010445067672,23.546088861074036,0.2777777777777778,35.44444444444444,15.777777777777779,1,663,1.947010445067672,23.546088861074036,0.2777777777777778,35.44444444444444,15.777777777777779,1,663,1.947010445067672,23.546088861074036,0.2777777777777778,35.44444444444444,15.777777777777779,1
2025-05-19 12:06:47.802302,139,60732.197698,12.113055555555555,7,34,66,0,-5.0,1.4000000000000057,12.900000000000006,-15.099999999999994,-3.5999999999999943,6.599999999999994,18.099999999999994,-10.0,1.5,0.0,0.0,0.1,1.0,0.1,14,47.9,24.3,49565.81,18391.81,100,19,-11.5,12.900000000000006,-7.400000000000006,8.800000000000011,12,0.0,0.0,0.0,0.0,94,100,18.1,35.6,100,-11.400000000000006,12.800000000000011,-6.299999999999997,7.700000000000003,9,0.0,0.0,0.0,0.0,11,100,15.5,32.0,5,46.73999322722655,-66,268,2.32379000772445,28.567304897223142,0.18181818181818182,36.0,20.90909090909091,-1,542,2.1699749327564155,26.45055515734723,0.2857142857142857,35.642857142857146,16.642857142857142,1,663,1.947010445067672,23.546088861074036,0.2777777777777778,35.44444444444444,15.777777777777779,1,663,1.947010445067672,23.546088861074036,0.2777777777777778,35.44444444444444,15.777777777777779,1,663,1.947010445067672,23.546088861074036,0.2777777777777778,35.44444444444444,15.777777777777779,1
2025-05-19 12:07:22.732683,139,60697.267317,12.122777777777777,11,23,77,0,-1.0,-2.5999999999999943,12.900000000000006,-19.099999999999994,-3.5999999999999943,2.5999999999999943,18.099999999999994,-14.0,1.5,0.0,0.0,0.1,1.0,0.1,14,47.9,24.3,49565.81,18391.81,100,19,-15.5,12.900000000000006,-11.400000000000006,8.800000000000011,12,0.0,0.0,0.0,0.0,94,100,18.1,35.6,100,-15.400000000000006,12.800000000000011,-10.299999999999997,7.700000000000003,9,0.0,0.0,0.0,0.0,11,100,15.5,32.0,5,-16.329496402877695,23,227,0.0,13.966626889362608,0.0,23.0,10.333333333333334,0,331,0.4629100498862757,12.569805089976535,0.25,23.25,8.0,1,713,1.1146408580454257,11.211465992320973,0.4166666666666667,23.166666666666668,9.333333333333334,1,713,1.1146408580454257,11.211465992320973,0.4166666666666667,23.166666666666668,9.333333333333334,1,713,1.1146408580454257,11.211465992320973,0.4166666666666667,23.166666666666668,9.333333333333334,1
2025-05-19 12:07:22.732683,139,60697.267317,12.122777777777777,38,23,77,0,-1.0,-2.5999999999999943,12.900000000000006,-19.099999999999994,-3.5999999999999943,2.5999999999999943,18.099999999999994,-14.0,1.5,0.0,0.0,0.1,1.0,0.1,14,47.9,24.3,49565.81,18391.81,100,19,-15.5,12.900000000000006,-11.400000000000006,8.800000000000011,12,0.0,0.0,0.0,0.0,94,100,18.1,35.6,100,-15.400000000000006,12.800000000000011,-10.299999999999997,7.700000000000003,9,0.0,0.0,0.0,0.0,11,100,15.5,32.0,5,-16.381351039260977,23,227,0.0,13.966626889362608,0.0,23.0,10.333333333333334,0,331,0.4629100498862757,12.569805089976535,0.25,23.25,8.0,1,713,1.1146408580454257,11.211465992320973,0.4166666666666667,23.166666666666668,9.333333333333334,1,713,1.1146408580454257,11.211465992320973,0.4166666666666667,23.166666666666668,9.333333333333334,1,713,1.1146408580454257,11.211465992320973,0.4166666666666667,23.166666666666668,9.333333333333334,1
2025-05-19 12:07:22.732683,139,60697.267317,12.122777777777777,1,23,77,0,-1.0,-2.5999999999999943,12.900000000000006,-19.099999999999994,-3.5999999999999943,2.5999999999999943,18.099999999999994,-14.0,1.5,0.0,0.0,0.1,1.0,0.1,14,47.9,24.3,49565.81,18391.81,100,19,-15.5,12.900000000000006,-11.400000000000006,8.800000000000011,12,0.0,0.0,0.0,0.0,94,100,18.1,35.6,100,-15.400000000000006,12.800000000000011,-10.299999999999997,7.700000000000003,9,0.0,0.0,0.0,0.0,11,100,15.5,32.0,5,-16.563047285464094,23,227,0.0,13.966626889362608,0.0,23.0,10.333333333333334,0,331,0.4629100498862757,12.569805089976535,0.25,23.25,8.0,1,713,1.1146408580454257,11.211465992320973,0.4166666666666667,23.166666666666668,9.333333333333334,1,713,1.1146408580454257,11.211465992320973,0.4166666666666667,23.166666666666668,9.333333333333334,1,713,1.1146408580454257,11.211465992320973,0.4166666666666667,23.166666666666668,9.333333333333334,1
2025-05-19 12:08:07.746825,139,60652.253175,12.135277777777777,1,39,61,1,-3.0,-0.5999999999999943,12.900000000000006,-17.099999999999994,-3.5999999999999943,4.599999999999994,18.099999999999994,-12.0,1.5,0.0,0.0,0.1,1.0,0.1,14,47.9,24.3,49565.81,18391.81,100,19,-13.5,12.900000000000006,-9.400000000000006,8.800000000000011,12,0.0,0.0,0.0,0.0,94,100,18.1,35.6,100,-13.400000000000006,12.800000000000011,-8.299999999999997,7.700000000000003,9,0.0,0.0,0.0,0.0,11,100,15.5,32.0,5,-16.870363214837713,-39,127,0.0,1.4142135623730951,0.5,39.0,2.0,0,324,1.378404875209022,1.632993161855452,0.3333333333333333,40.5,2.6666666666666665,3,714,1.2210278829367867,5.852738286865854,0.2727272727272727,41.09090909090909,4.363636363636363,3,714,1.2210278829367867,5.852738286865854,0.2727272727272727,41.09090909090909,4.363636363636363,3,714,1.2210278829367867,5.852738286865854,0.2727272727272727,41.09090909090909,4.363636363636363,3
2025-05-19 12:09:21.542524,139,60578.457476,12.155833333333334,1,39,61,1,-3.0,-0.5999999999999943,12.900000000000006,-17.099999999999994,-3.5999999999999943,4.599999999999994,18.099999999999994,-12.0,1.5,0.0,0.0,0.1,1.0,0.1,14,47.9,24.3,49565.81,18391.81,100,19,-13.5,12.900000000000006,-9.400000000000006,8.800000000000011,12,0.0,0.0,0.0,0.0,94,100,18.1,35.6,100,-13.400000000000006,12.800000000000011,-8.299999999999997,7.700000000000003,9,0.0,0.0,0.0,0.0,11,100,15.5,32.0,5,-16.873623188405798,-39,52,0.0,0.0,1.0,39.0,1.0,0,320,1.2649110640673518,1.760681686165901,0.5,40.0,2.5,3,715,1.3113721705515065,5.66421515598881,0.3333333333333333,40.916666666666664,4.083333333333333,3,715,1.3113721705515065,5.66421515598881,0.3333333333333333,40.916666666666664,4.083333333333333,3,715,1.3113721705515065,5.66421515598881,0.3333333333333333,40.916666666666664,4.083333333333333,3
2025-05-19 12:12:39.431435,139,60380.568565,12.210833333333333,68,33,67,0,-5.0,1.4000000000000057,12.900000000000006,-15.099999999999994,-3.5999999999999943,6.599999999999994,18.099999999999994,-10.0,1.5,0.0,0.0,0.1,1.0,0.1,14,47.9,24.3,49565.81,18391.81,100,19,-11.5,12.900000000000006,-7.400000000000006,8.800000000000011,12,0.0,0.0,0.0,0.0,94,100,18.1,35.6,100,-11.400000000000006,12.800000000000011,-6.299999999999997,7.700000000000003,9,0.0,0.0,0.0,0.0,11,100,15.5,32.0,5,47.76216289470118,-67,68,,,0.0,33.0,68.0,0,70,,,0.0,33.0,68.0,0,783,1.9735087641318603,25.82928661004066,0.2631578947368421,35.31578947368421,18.526315789473685,2,783,1.9735087641318603,25.82928661004066,0.2631578947368421,35.31578947368421,18.526315789473685,2,783,1.9735087641318603,25.82928661004066,0.2631578947368421,35.31578947368421,18.526315789473685,2
2025-05-19 12:13:40.772784,139,60319.227216,12.227777777777778,1,39,61,0,-3.0,-0.5999999999999943,12.900000000000006,-17.099999999999994,-3.5999999999999943,4.599999999999994,18.099999999999994,-12.0,1.5,0.0,0.0,0.1,1.0,0.1,14,47.9,24.3,49565.81,18391.81,100,19,-13.5,12.900000000000006,-9.400000000000006,8.800000000000011,12,0.0,0.0,0.0,0.0,94,100,18.1,35.6,100,-13.400000000000006,12.800000000000011,-8.299999999999997,7.700000000000003,9,0.0,0.0,0.0,0.0,11,100,15.5,32.0,5,-16.87688442211055,39,69,,,0.0,39.0,1.0,0,70,0.0,0.0,0.5,39.0,1.0,0,784,1.3634420996046583,5.490084301814103,0.3076923076923077,40.76923076923077,3.8461538461538463,3,784,1.3634420996046583,5.490084301814103,0.3076923076923077,40.76923076923077,3.8461538461538463,3,784,1.3634420996046583,5.490084301814103,0.3076923076923077,40.76923076923077,3.8461538461538463,3
2025-05-19 12:15:05.632795,139,60234.367205,12.251388888888888,1,23,77,1,-1.0,-2.5999999999999943,12.900000000000006,-19.099999999999994,-3.5999999999999943,2.5999999999999943,18.099999999999994,-14.0,1.5,0.0,0.0,0.1,1.0,0.1,14,47.9,24.3,49565.81,18391.81,100,19,-15.5,12.900000000000006,-11.400000000000006,8.800000000000011,12,0.0,0.0,0.0,0.0,94,100,18.1,35.6,100,-15.400000000000006,12.800000000000011,-10.299999999999997,7.700000000000003,9,0.0,0.0,0.0,0.0,11,100,15.5,32.0,5,-16.567883211678833,-23,2,,,1.0,23.0,1.0,0,70,,,1.0,23.0,1.0,0,785,1.0681880176381127,10.980168603628204,0.46153846153846156,23.153846153846153,8.692307692307692,1,785,1.0681880176381127,10.980168603628204,0.46153846153846156,23.153846153846153,8.692307692307692,1,785,1.0681880176381127,10.980168603628204,0.46153846153846156,23.153846153846153,8.692307692307692,1
2025-05-19 12:16:31.653634,139,60148.346366,12.275277777777779,1,23,77,1,-1.0,-2.5999999999999943,12.900000000000006,-19.099999999999994,-3.5999999999999943,2.5999999999999943,18.099999999999994,-14.0,1.5,0.0,0.0,0.1,1.0,0.1,14,47.9,24.3,49565.81,18391.81,100,19,-15.5,12.900000000000006,-11.400000000000006,8.800000000000011,12,0.0,0.0,0.0,0.0,94,100,18.1,35.6,100,-15.400000000000006,12.800000000000011,-10.299999999999997,7.700000000000003,9,0.0,0.0,0.0,0.0,11,100,15.5,32.0,5,-16.57272196261682,-23,2,0.0,0.0,1.0,23.0,1.0,0,71,0.0,0.0,1.0,23.0,1.0,0,665,0.46709936649691375,11.013215202242673,0.36363636363636365,23.272727272727273,6.090909090909091,1,786,1.0271051820261912,10.747859485333976,0.5,23.142857142857142,8.142857142857142,1,786,1.0271051820261912,10.747859485333976,0.5,23.142857142857142,8.142857142857142,1
2025-05-19 12:22:27.501669,139,59792.498331,12.374166666666667,27,37,63,1,-5.0,1.4000000000000057,12.900000000000006,-15.099999999999994,-3.5999999999999943,6.599999999999994,18.099999999999994,-10.0,1.5,0.0,0.0,0.1,1.0,0.1,14,47.9,24.3,49565.81,18391.81,100,19,-11.5,12.900000000000006,-7.400000000000006,8.800000000000011,12,0.0,0.0,0.0,0.0,94,100,18.1,35.6,100,-11.400000000000006,12.800000000000011,-6.299999999999997,7.700000000000003,9,0.0,0.0,0.0,0.0,11,100,15.5,32.0,5,43.98325391422736,63,27,,,1.0,37.0,27.0,0,27,,,1.0,37.0,27.0,0,100,2.8284271247461903,28.991378028648448,0.5,35.0,47.5,-4,813,1.9574419397183715,25.211682755588154,0.3,35.4,18.95,-2,813,1.9574419397183715,25.211682755588154,0.3,35.4,18.95,-2
2025-05-19 12:30:10.585244,139,59329.414756,12.502777777777778,1,37,63,0,-5.0,1.4000000000000057,12.900000000000006,-15.099999999999994,-3.5999999999999943,6.599999999999994,18.099999999999994,-10.0,1.5,0.0,0.0,0.1,1.0,0.1,14,47.9,24.3,49565.81,18391.81,100,19,-11.5,12.900000000000006,-7.400000000000006,8.800000000000011,12,0.0,0.0,0.0,0.0,94,100,18.1,35.6,100,-11.400000000000006,12.800000000000011,-6.299999999999997,7.700000000000003,9,0.0,0.0,0.0,0.0,11,100,15.5,32.0,5,44.06424333356067,-63,2,0.0,0.0,0.0,37.0,1.0,0,2,0.0,0.0,0.0,37.0,1.0,0,30,0.0,15.01110699893027,0.3333333333333333,37.0,9.666666666666666,0,815,1.9204977709728506,24.555837951272963,0.2727272727272727,35.54545454545455,17.318181818181817,-2,815,1.9204977709728506,24.555837951272963,0.2727272727272727,35.54545454545455,17.318181818181817,-2
2025-05-19 12:30:10.585244,139,59329.414756,12.502777777777778,1,37,63,0,-5.0,1.4000000000000057,12.900000000000006,-15.099999999999994,-3.5999999999999943,6.599999999999994,18.099999999999994,-10.0,1.5,0.0,0.0,0.1,1.0,0.1,14,47.9,24.3,49565.81,18391.81,100,19,-11.5,12.900000000000006,-7.400000000000006,8.800000000000011,12,0.0,0.0,0.0,0.0,94,100,18.1,35.6,100,-11.400000000000006,12.800000000000011,-6.299999999999997,7.700000000000003,9,0.0,0.0,0.0,0.0,11,100,15.5,32.0,5,44.067248670031375,-63,2,0.0,0.0,0.0,37.0,1.0,0,2,0.0,0.0,0.0,37.0,1.0,0,30,0.0,15.01110699893027,0.3333333333333333,37.0,9.666666666666666,0,815,1.9204977709728506,24.555837951272963,0.2727272727272727,35.54545454545455,17.318181818181817,-2,815,1.9204977709728506,24.555837951272963,0.2727272727272727,35.54545454545455,17.318181818181817,-2
2025-05-19 12:31:54.472925,139,59225.527075,12.531666666666668,19,38,62,1,-3.0,-0.5999999999999943,12.900000000000006,-17.099999999999994,-3.5999999999999943,4.599999999999994,18.099999999999994,-12.0,1.5,0.0,0.0,0.1,1.0,0.1,14,47.9,24.3,49565.81,18391.81,100,19,-13.5,12.900000000000006,-9.400000000000006,8.800000000000011,12,0.0,0.0,0.0,0.0,94,100,18.1,35.6,100,-13.400000000000006,12.800000000000011,-8.299999999999997,7.700000000000003,9,0.0,0.0,0.0,0.0,11,100,15.5,32.0,5,-15.880146916682776,-38,21,,,1.0,38.0,19.0,0,21,,,1.0,38.0,19.0,0,48,,,1.0,38.0,19.0,0,834,1.5045717874984441,6.650208622688067,0.35714285714285715,40.57142857142857,4.928571428571429,4,834,1.5045717874984441,6.650208622688067,0.35714285714285715,40.57142857142857,4.928571428571429,4
2025-05-19 12:32:42.536102,139,59177.463898,12.545,1,38,62,1,-3.0,-0.5999999999999943,12.900000000000006,-17.099999999999994,-3.5999999999999943,4.599999999999994,18.099999999999994,-12.0,1.5,0.0,0.0,0.1,1.0,0.1,14,47.9,24.3,49565.81,18391.81,100,19,-13.5,12.900000000000006,-9.400000000000006,8.800000000000011,12,0.0,0.0,0.0,0.0,94,100,18.1,35.6,100,-13.400000000000006,12.800000000000011,-8.299999999999997,7.700000000000003,9,0.0,0.0,0.0,0.0,11,100,15.5,32.0,5,-15.938688397361272,-38,20,0.0,12.727922061357855,1.0,38.0,10.0,0,22,0.0,12.727922061357855,1.0,38.0,10.0,0,49,0.0,12.727922061357855,1.0,38.0,10.0,0,835,1.5946338585572375,6.488084316286132,0.4,40.4,4.666666666666667,4,835,1.5946338585572375,6.488084316286132,0.4,40.4,4.666666666666667,4
2025-05-19 12:32:45.760751,139,59174.239249,12.545833333333333,1,37,63,0,-5.0,1.4000000000000057,12.900000000000006,-15.099999999999994,-3.5999999999999943,6.599999999999994,18.099999999999994,-10.0,1.5,0.0,0.0,0.1,1.0,0.1,14,47.9,24.3,49565.81,18391.81,100,19,-11.5,12.900000000000006,-7.400000000000006,8.800000000000011,12,0.0,0.0,0.0,0.0,94,100,18.1,35.6,100,-11.400000000000006,12.800000000000011,-6.299999999999997,7.700000000000003,9,0.0,0.0,0.0,0.0,11,100,15.5,32.0,5,44.07025441647909,-63,22,0.0,0.0,0.0,37.0,1.0,0,24,0.0,0.0,0.0,37.0,1.0,0,51,0.0,11.627553482998907,0.2,37.0,6.2,0,837,1.88048714009375,23.91193838026205,0.25,35.666666666666664,15.958333333333334,-2,837,1.88048714009375,23.91193838026205,0.25,35.666666666666664,15.958333333333334,-2
2025-05-19 12:32:45.760751,139,59174.239249,12.545833333333333,1,37,63,0,-5.0,1.4000000000000057,12.900000000000006,-15.099999999999994,-3.5999999999999943,6.599999999999994,18.099999999999994,-10.0,1.5,0.0,0.0,0.1,1.0,0.1,14,47.9,24.3,49565.81,18391.81,100,19,-11.5,12.900000000000006,-7.400000000000006,8.800000000000011,12,0.0,0.0,0.0,0.0,94,100,18.1,35.6,100,-11.400000000000006,12.800000000000011,-6.299999999999997,7.700000000000003,9,0.0,0.0,0.0,0.0,11,100,15.5,32.0,5,44.07326057298772,-63,22,0.0,0.0,0.0,37.0,1.0,0,24,0.0,0.0,0.0,37.0,1.0,0,51,0.0,11.627553482998907,0.2,37.0,6.2,0,837,1.88048714009375,23.91193838026205,0.25,35.666666666666664,15.958333333333334,-2,837,1.88048714009375,23.91193838026205,0.25,35.666666666666664,15.958333333333334,-2
2025-05-19 12:33:54.362391,139,59105.637609,12.565000000000001,1,38,62,1,-3.0,-0.5999999999999943,12.900000000000006,-17.099999999999994,-3.5999999999999943,4.599999999999994,18.099999999999994,-12.0,1.5,0.0,0.0,0.1,1.0,0.1,14,47.9,24.3,49565.81,18391.81,100,19,-13.5,12.900000000000006,-9.400000000000006,8.800000000000011,12,0.0,0.0,0.0,0.0,94,100,18.1,35.6,100,-13.400000000000006,12.800000000000011,-8.299999999999997,7.700000000000003,9,0.0,0.0,0.0,0.0,11,100,15.5,32.0,5,-15.94178148651271,-38,23,0.0,10.392304845413264,1.0,38.0,7.0,0,25,0.0,10.392304845413264,1.0,38.0,7.0,0,52,0.0,10.392304845413264,1.0,38.0,7.0,0,838,1.6532795690182993,6.334758611554719,0.4375,40.25,4.4375,4,838,1.6532795690182993,6.334758611554719,0.4375,40.25,4.4375,4
2025-05-19 12:36:03.048682,139,58976.951318,12.600833333333332,7,38,62,1,-5.0,1.4000000000000057,12.900000000000006,-15.099999999999994,-3.5999999999999943,6.599999999999994,18.099999999999994,-10.0,1.5,0.0,0.0,0.1,1.0,0.1,14,47.9,24.3,49565.81,18391.81,100,19,-11.5,12.900000000000006,-7.400000000000006,8.800000000000011,12,0.0,0.0,0.0,0.0,94,100,18.1,35.6,100,-11.400000000000006,12.800000000000011,-6.299999999999997,7.700000000000003,9,0.0,0.0,0.0,0.0,11,100,15.5,32.0,5,43.076267139641175,62,124,0.5773502691896258,30.924639582917266,1.0,38.333333333333336,41.333333333333336,-1,147,0.8366600265340756,31.083757816583244,0.6,37.8,25.2,-2,176,0.7559289460184544,26.09837159671078,0.5,37.5,19.375,-2,962,1.9705813566536354,25.404925829654697,0.3333333333333333,35.96296296296296,18.77777777777778,-4,962,1.9705813566536354,25.404925829654697,0.3333333333333333,35.96296296296296,18.77777777777778,-4
2025-05-19 12:36:03.048682,139,58976.951318,12.600833333333332,50,38,62,1,-5.0,1.4000000000000057,12.900000000000006,-15.099999999999994,-3.5999999999999943,6.599999999999994,18.099999999999994,-10.0,1.5,0.0,0.0,0.1,1.0,0.1,14,47.9,24.3,49565.81,18391.81,100,19,-11.5,12.900000000000006,-7.400000000000006,8.800000000000011,12,0.0,0.0,0.0,0.0,94,100,18.1,35.6,100,-11.400000000000006,12.800000000000011,-6.299999999999997,7.700000000000003,9,0.0,0.0,0.0,0.0,11,100,15.5,32.0,5,43.096846846846844,62,124,0.5773502691896258,30.924639582917266,1.0,38.333333333333336,41.333333333333336,-1,147,0.8366600265340756,31.083757816583244,0.6,37.8,25.2,-2,176,0.7559289460184544,26.09837159671078,0.5,37.5,19.375,-2,962,1.9705813566536354,25.404925829654697,0.3333333333333333,35.96296296296296,18.77777777777778,-4,962,1.9705813566536354,25.404925829654697,0.3333333333333333,35.96296296296296,18.77777777777778,-4
2025-05-19 12:36:03.048682,139,58976.951318,12.600833333333332,67,39,61,1,-5.0,1.4000000000000057,12.900000000000006,-15.099999999999994,-3.5999999999999943,6.599999999999994,18.099999999999994,-10.0,1.5,0.0,0.0,0.1,1.0,0.1,14,47.9,24.3,49565.81,18391.81,100,19,-11.5,12.900000000000006,-7.400000000000006,8.800000000000011,12,0.0,0.0,0.0,0.0,94,100,18.1,35.6,100,-11.400000000000006,12.800000000000011,-6.299999999999997,7.700000000000003,9,0.0,0.0,0.0,0.0,11,100,15.5,32.0,5,42.24441857279825,61,124,0.5773502691896258,30.924639582917266,1.0,38.333333333333336,41.333333333333336,-1,147,0.8366600265340756,31.083757816583244,0.6,37.8,25.2,-2,176,0.7559289460184544,26.09837159671078,0.5,37.5,19.375,-2,962,1.9705813566536354,25.404925829654697,0.3333333333333333,35.96296296296296,18.77777777777778,-4,962,1.9705813566536354,25.404925829654697,0.3333333333333333,35.96296296296296,18.77777777777778,-4
2025-05-19 12:36:59.171405,139,58920.828595,12.616388888888888,10,19,81,0,-1.0,-2.5999999999999943,12.900000000000006,-19.099999999999994,-3.5999999999999943,2.5999999999999943,18.099999999999994,-14.0,1.5,0.0,0.0,0.1,1.0,0.1,14,47.9,24.3,49565.81,18391.81,100,19,-15.5,12.900000000000006,-11.400000000000006,8.800000000000011,12,0.0,0.0,0.0,0.0,94,100,18.1,35.6,100,-15.400000000000006,12.800000000000011,-10.299999999999997,7.700000000000003,9,0.0,0.0,0.0,0.0,11,100,15.5,32.0,5,-12.57756354075373,19,261,1.2583057392117916,22.096379793984354,0.0,17.75,34.25,1,265,1.2583057392117916,22.096379793984354,0.0,17.75,34.25,1,313,1.2583057392117916,22.096379793984354,0.0,17.75,34.25,1,1099,2.5315008852509107,17.2983243738748,0.3888888888888889,21.944444444444443,13.944444444444445,6,1099,2.5315008852509107,17.2983243738748,0.3888888888888889,21.944444444444443,13.944444444444445,6
2025-05-19 12:36:59.171405,139,58920.828595,12.616388888888888,58,18,82,0,-1.0,-2.5999999999999943,12.900000000000006,-19.099999999999994,-3.5999999999999943,2.5999999999999943,18.099999999999994,-14.0,1.5,0.0,0.0,0.1,1.0,0.1,14,47.9,24.3,49565.81,18391.81,100,19,-15.5,12.900000000000006,-11.400000000000006,8.800000000000011,12,0.0,0.0,0.0,0.0,94,100,18.1,35.6,100,-15.400000000000006,12.800000000000011,-10.299999999999997,7.700000000000003,9,0.0,0.0,0.0,0.0,11,100,15.5,32.0,5,-11.614415470260766,18,261,1.2583057392117916,22.096379793984354,0.0,17.75,34.25,1,265,1.2583057392117916,22.096379793984354,0.0,17.75,34.25,1,313,1.2583057392117916,22.096379793984354,0.0,17.75,34.25,1,1099,2.5315008852509107,17.2983243738748,0.3888888888888889,21.944444444444443,13.944444444444445,6,1099,2.5315008852509107,17.2983243738748,0.3888888888888889,21.944444444444443,13.944444444444445,6
2025-05-19 12:36:59.171405,139,58920.828595,12.616388888888888,47,16,84,0,-1.0,-2.5999999999999943,12.900000000000006,-19.099999999999994,-3.5999999999999943,2.5999999999999943,18.099999999999994,-14.0,1.5,0.0,0.0,0.1,1.0,0.1,14,47.9,24.3,49565.81,18391.81,100,19,-15.5,12.900000000000006,-11.400000000000006,8.800000000000011,12,0.0,0.0,0.0,0.0,94,100,18.1,35.6,100,-15.400000000000006,12.800000000000011,-10.299999999999997,7.700000000000003,9,0.0,0.0,0.0,0.0,11,100,15.5,32.0,5,-9.81520119225037,16,261,1.2583057392117916,22.096379793984354,0.0,17.75,34.25,1,265,1.2583057392117916,22.096379793984354,0.0,17.75,34.25,1,313,1.2583057392117916,22.096379793984354,0.0,17.75,34.25,1,1099,2.5315008852509107,17.2983243738748,0.3888888888888889,21.944444444444443,13.944444444444445,6,1099,2.5315008852509107,17.2983243738748,0.3888888888888889,21.944444444444443,13.944444444444445,6
2025-05-19 12:36:59.171405,139,58920.828595,12.616388888888888,22,18,82,0,-1.0,-2.5999999999999943,12.900000000000006,-19.099999999999994,-3.5999999999999943,2.5999999999999943,18.099999999999994,-14.0,1.5,0.0,0.0,0.1,1.0,0.1,14,47.9,24.3,49565.81,18391.81,100,19,-15.5,12.900000000000006,-11.400000000000006,8.800000000000011,12,0.0,0.0,0.0,0.0,94,100,18.1,35.6,100,-15.400000000000006,12.800000000000011,-10.299999999999997,7.700000000000003,9,0.0,0.0,0.0,0.0,11,100,15.5,32.0,5,-11.954655380894806,18,261,1.2583057392117916,22.096379793984354,0.0,17.75,34.25,1,265,1.2583057392117916,22.096379793984354,0.0,17.75,34.25,1,313,1.2583057392117916,22.096379793984354,0.0,17.75,34.25,1,1099,2.5315008852509107,17.2983243738748,0.3888888888888889,21.944444444444443,13.944444444444445,6,1099,2.5315008852509107,17.2983243738748,0.3888888888888889,21.944444444444443,13.944444444444445,6
2025-05-19 12:37:29.723271,139,58890.276729,12.624722222222223,1,39,61,1,-5.0,1.4000000000000057,12.900000000000006,-15.099999999999994,-3.5999999999999943,6.599999999999994,18.099999999999994,-10.0,1.5,0.0,0.0,0.1,1.0,0.1,14,47.9,24.3,49565.81,18391.81,100,19,-11.5,12.900000000000006,-7.400000000000006,8.800000000000011,12,0.0,0.0,0.0,0.0,94,100,18.1,35.6,100,-11.400000000000006,12.800000000000011,-6.299999999999997,7.700000000000003,9,0.0,0.0,0.0,0.0,11,100,15.5,32.0,5,42.4391468868249,61,262,0.5773502691896257,32.31485726411305,1.0,38.5,31.25,-1,266,0.8944271909999159,29.50536674347002,0.6666666666666666,38.0,21.166666666666668,-2,287,0.8864052604279183,26.62671858973882,0.5,37.75,16.125,-2,1100,2.0171224724302363,25.155390094245227,0.35714285714285715,36.07142857142857,18.142857142857142,-4,1100,2.0171224724302363,25.155390094245227,0.35714285714285715,36.07142857142857,18.142857142857142,-4
2025-05-19 12:37:29.964197,139,58890.035803,12.624722222222223,1,38,62,1,-3.0,-0.5999999999999943,12.900000000000006,-17.099999999999994,-3.5999999999999943,4.599999999999994,18.099999999999994,-12.0,1.5,0.0,0.0,0.1,1.0,0.1,14,47.9,24.3,49565.81,18391.81,100,19,-13.5,12.900000000000006,-9.400000000000006,8.800000000000011,12,0.0,0.0,0.0,0.0,94,100,18.1,35.6,100,-13.400000000000006,12.800000000000011,-8.299999999999997,7.700000000000003,9,0.0,0.0,0.0,0.0,11,100,15.5,32.0,5,-15.944875776397517,-38,263,,,1.0,38.0,1.0,0,267,0.0,0.0,1.0,38.0,1.0,0,288,0.0,9.0,1.0,38.0,5.5,0,1101,1.6912404079985375,6.190006176942656,0.47058823529411764,40.11764705882353,4.235294117647059,4,1101,1.6912404079985375,6.190006176942656,0.47058823529411764,40.11764705882353,4.235294117647059,4
2025-05-19 12:37:44.937850,139,58875.06215,12.62888888888889,8,38,62,1,-3.0,-0.5999999999999943,12.900000000000006,-17.099999999999994,-3.5999999999999943,4.599999999999994,18.099999999999994,-12.0,1.5,0.0,0.0,0.1,1.0,0.1,14,47.9,24.3,49565.81,18391.81,100,19,-13.5,12.900000000000006,-9.400000000000006,8.800000000000011,12,0.0,0.0,0.0,0.0,94,100,18.1,35.6,100,-13.400000000000006,12.800000000000011,-8.299999999999997,7.700000000000003,9,0.0,0.0,0.0,0.0,11,100,15.5,32.0,5,-15.947971267715008,-38,303,0.0,16.258331197676267,1.0,38.0,13.666666666666666,0,306,0.0,14.708274315273473,1.0,38.0,10.5,0,328,0.0,12.738393409950355,1.0,38.0,10.333333333333334,0,1141,1.7286711930171255,8.646738221511336,0.5263157894736842,39.89473684210526,5.894736842105263,4,1141,1.7286711930171255,8.646738221511336,0.5263157894736842,39.89473684210526,5.894736842105263,4
2025-05-19 12:37:44.937850,139,58875.06215,12.62888888888889,32,38,62,1,-3.0,-0.5999999999999943,12.900000000000006,-17.099999999999994,-3.5999999999999943,4.599999999999994,18.099999999999994,-12.0,1.5,0.0,0.0,0.1,1.0,0.1,14,47.9,24.3,49565.81,18391.81,100,19,-13.5,12.900000000000006,-9.400000000000006,8.800000000000011,12,0.0,0.0,0.0,0.0,94,100,18.1,35.6,100,-13.400000000000006,12.800000000000011,-8.299999999999997,7.700000000000003,9,0.0,0.0,0.0,0.0,11,100,15.5,32.0,5,-15.972778533929613,-38,303,0.0,16.258331197676267,1.0,38.0,13.666666666666666,0,306,0.0,14.708274315273473,1.0,38.0,10.5,0,328,0.0,12.738393409950355,1.0,38.0,10.333333333333334,0,1141,1.7286711930171255,8.646738221511336,0.5263157894736842,39.89473684210526,5.894736842105263,4,1141,1.7286711930171255,8.646738221511336,0.5263157894736842,39.89473684210526,5.894736842105263,4
2025-05-19 12:38:41.000083,139,58818.999917,12.64472222222222,1,39,61,1,-5.0,1.4000000000000057,12.900000000000006,-15.099999999999994,-3.5999999999999943,6.599999999999994,18.099999999999994,-10.0,1.5,0.0,0.0,0.1,1.0,0.1,14,47.9,24.3,49565.81,18391.81,100,19,-11.5,12.900000000000006,-7.400000000000006,8.800000000000011,12,0.0,0.0,0.0,0.0,94,100,18.1,35.6,100,-11.400000000000006,12.800000000000011,-6.299999999999997,7.700000000000003,9,0.0,0.0,0.0,0.0,11,100,15.5,32.0,5,42.442066877666164,61,180,0.0,0.0,1.0,39.0,1.0,0,305,0.5477225575051661,31.083757816583244,1.0,38.6,25.2,-1,329,0.927960727138337,25.412158070061224,0.5555555555555556,37.888888888888886,14.444444444444445,-2,1142,2.054072010096067,24.906376416630675,0.3793103448275862,36.172413793103445,17.551724137931036,-4,1142,2.054072010096067,24.906376416630675,0.3793103448275862,36.172413793103445,17.551724137931036,-4
2025-05-19 12:38:57.360035,139,58802.639965,12.649166666666666,51,6,94,1,1.0,-4.599999999999994,12.900000000000006,-21.099999999999994,-3.5999999999999943,0.5999999999999943,18.099999999999994,-16.0,1.5,0.0,0.0,0.1,1.0,0.1,14,47.9,24.3,49565.81,18391.81,100,19,-17.5,12.900000000000006,-13.400000000000006,8.800000000000011,12,0.0,0.0,0.0,0.0,94,100,18.1,35.6,100,-17.400000000000006,12.800000000000011,-12.299999999999997,7.700000000000003,9,0.0,0.0,0.0,0.0,11,100,15.5,32.0,5,-3.4788135593220337,-6,311,0.5,20.56493779875511,1.0,5.75,32.75,0,435,0.5,20.56493779875511,1.0,5.75,32.75,0,460,0.5,20.56493779875511,1.0,5.75,32.75,0,1273,0.9816498172140428,58.419797391575464,0.7272727272727273,4.818181818181818,36.45454545454545,-2,1273,0.9816498172140428,58.419797391575464,0.7272727272727273,4.818181818181818,36.45454545454545,-2
2025-05-19 12:38:57.360035,139,58802.639965,12.649166666666666,13,5,95,1,1.0,-4.599999999999994,12.900000000000006,-21.099999999999994,-3.5999999999999943,0.5999999999999943,18.099999999999994,-16.0,1.5,0.0,0.0,0.1,1.0,0.1,14,47.9,24.3,49565.81,18391.81,100,19,-17.5,12.900000000000006,-13.400000000000006,8.800000000000011,12,0.0,0.0,0.0,0.0,94,100,18.1,35.6,100,-17.400000000000006,12.800000000000011,-12.299999999999997,7.700000000000003,9,0.0,0.0,0.0,0.0,11,100,15.5,32.0,5,-2.677491601343785,-5,311,0.5,20.56493779875511,1.0,5.75,32.75,0,435,0.5,20.56493779875511,1.0,5.75,32.75,0,460,0.5,20.56493779875511,1.0,5.75,32.75,0,1273,0.9816498172140428,58.419797391575464,0.7272727272727273,4.818181818181818,36.45454545454545,-2,1273,0.9816498172140428,58.419797391575464,0.7272727272727273,4.818181818181818,36.45454545454545,-2
2025-05-19 12:38:57.360035,139,58802.639965,12.649166666666666,50,6,94,1,1.0,-4.599999999999994,12.900000000000006,-21.099999999999994,-3.5999999999999943,0.5999999999999943,18.099999999999994,-16.0,1.5,0.0,0.0,0.1,1.0,0.1,14,47.9,24.3,49565.81,18391.81,100,19,-17.5,12.900000000000006,-13.400000000000006,8.800000000000011,12,0.0,0.0,0.0,0.0,94,100,18.1,35.6,100,-17.400000000000006,12.800000000000011,-12.299999999999997,7.700000000000003,9,0.0,0.0,0.0,0.0,11,100,15.5,32.0,5,-3.7170454545454548,-6,311,0.5,20.56493779875511,1.0,5.75,32.75,0,435,0.5,20.56493779875511,1.0,5.75,32.75,0,460,0.5,20.56493779875511,1.0,5.75,32.75,0,1273,0.9816498172140428,58.419797391575464,0.7272727272727273,4.818181818181818,36.45454545454545,-2,1273,0.9816498172140428,58.419797391575464,0.7272727272727273,4.818181818181818,36.45454545454545,-2
2025-05-19 12:38:57.360035,139,58802.639965,12.649166666666666,17,6,94,1,1.0,-4.599999999999994,12.900000000000006,-21.099999999999994,-3.5999999999999943,0.5999999999999943,18.099999999999994,-16.0,1.5,0.0,0.0,0.1,1.0,0.1,14,47.9,24.3,49565.81,18391.81,100,19,-17.5,12.900000000000006,-13.400000000000006,8.800000000000011,12,0.0,0.0,0.0,0.0,94,100,18.1,35.6,100,-17.400000000000006,12.800000000000011,-12.299999999999997,7.700000000000003,9,0.0,0.0,0.0,0.0,11,100,15.5,32.0,5,-3.940963855421687,-6,311,0.5,20.56493779875511,1.0,5.75,32.75,0,435,0.5,20.56493779875511,1.0,5.75,32.75,0,460,0.5,20.56493779875511,1.0,5.75,32.75,0,1273,0.9816498172140428,58.419797391575464,0.7272727272727273,4.818181818181818,36.45454545454545,-2,1273,0.9816498172140428,58.419797391575464,0.7272727272727273,4.818181818181818,36.45454545454545,-2
2025-05-19 12:39:03.271669,139,58796.728331,12.650833333333333,4,38,62,0,-5.0,1.4000000000000057,12.900000000000006,-15.099999999999994,-3.5999999999999943,6.599999999999994,18.099999999999994,-10.0,1.5,0.0,0.0,0.1,1.0,0.1,14,47.9,24.3,49565.81,18391.81,100,19,-11.5,12.900000000000006,-7.400000000000006,8.800000000000011,12,0.0,0.0,0.0,0.0,94,100,18.1,35.6,100,-11.400000000000006,12.800000000000011,-6.299999999999997,7.700000000000003,9,0.0,0.0,0.0,0.0,11,100,15.5,32.0,5,43.44498727035024,-62,178,0.5773502691896258,1.7320508075688772,0.6666666666666666,38.666666666666664,2.0,1,439,0.5477225575051661,29.118150124392635,0.8333333333333334,38.5,21.666666666666668,0,464,0.8755950357709131,24.185395041911832,0.5,37.9,13.4,-1,1277,2.0457413011581806,24.597939358605938,0.36666666666666664,36.233333333333334,17.1,-3,1277,2.0457413011581806,24.597939358605938,0.36666666666666664,36.233333333333334,17.1,-3
2025-05-19 12:45:29.899155,139,58410.100845,12.758055555555556,9,5,95,0,1.0,-4.599999999999994,12.900000000000006,-21.099999999999994,-3.5999999999999943,0.5999999999999943,18.099999999999994,-16.0,1.5,0.0,0.0,0.1,1.0,0.1,14,47.9,24.3,49565.81,18391.81,100,19,-17.5,12.900000000000006,-13.400000000000006,8.800000000000011,12,0.0,0.0,0.0,0.0,94,100,18.1,35.6,100,-17.400000000000006,12.800000000000011,-12.299999999999997,7.700000000000003,9,0.0,0.0,0.0,0.0,11,100,15.5,32.0,5,-3.0233702337023374,5,9,,,0.0,5.0,9.0,0,9,,,0.0,5.0,9.0,0,471,0.5477225575051661,20.73644135332772,0.8,5.6,28.0,1,1286,0.9374368665610922,56.262103075020605,0.6666666666666666,4.833333333333333,34.166666666666664,-1,1286,0.9374368665610922,56.262103075020605,0.6666666666666666,4.833333333333333,34.166666666666664,-1
2025-05-19 12:48:21.178695,139,58238.821305,12.805833333333334,7,5,95,0,1.0,-4.599999999999994,12.900000000000006,-21.099999999999994,-3.5999999999999943,0.5999999999999943,18.099999999999994,-16.0,1.5,0.0,0.0,0.1,1.0,0.1,14,47.9,24.3,49565.81,18391.81,100,19,-17.5,12.900000000000006,-13.400000000000006,8.800000000000011,12,0.0,0.0,0.0,0.0,94,100,18.1,35.6,100,-17.400000000000006,12.800000000000011,-12.299999999999997,7.700000000000003,9,0.0,0.0,0.0,0.0,11,100,15.5,32.0,5,-3.0572139303482544,5,7,,,0.0,5.0,7.0,0,16,0.0,1.4142135623730951,0.0,5.0,8.0,0,456,0.5477225575051661,20.43281674170255,0.6666666666666666,5.5,24.5,1,1293,0.898717034272917,54.39127003858483,0.6153846153846154,4.846153846153846,32.07692307692308,-1,1293,0.898717034272917,54.39127003858483,0.6153846153846154,4.846153846153846,32.07692307692308,-1
2025-05-19 12:50:17.204452,139,58122.795548,12.838055555555556,1,38,62,0,-5.0,1.4000000000000057,12.900000000000006,-15.099999999999994,-3.5999999999999943,6.599999999999994,18.099999999999994,-10.0,1.5,0.0,0.0,0.1,1.0,0.1,14,47.9,24.3,49565.81,18391.81,100,19,-11.5,12.900000000000006,-7.400000000000006,8.800000000000011,12,0.0,0.0,0.0,0.0,94,100,18.1,35.6,100,-11.400000000000006,12.800000000000011,-6.299999999999997,7.700000000000003,9,0.0,0.0,0.0,0.0,11,100,15.5,32.0,5,43.45694817262027,-62,9,0.0,0.0,0.0,38.0,1.0,0,18,0.0,0.0,0.0,38.0,1.0,0,457,0.5175491695067657,26.403462976338105,0.625,38.375,16.5,0,1295,2.025791362692933,24.11847020104529,0.34375,36.34375,16.09375,-3,1295,2.025791362692933,24.11847020104529,0.34375,36.34375,16.09375,-3
2025-05-19 12:50:17.204452,139,58122.795548,12.838055555555556,1,38,62,0,-5.0,1.4000000000000057,12.900000000000006,-15.099999999999994,-3.5999999999999943,6.599999999999994,18.099999999999994,-10.0,1.5,0.0,0.0,0.1,1.0,0.1,14,47.9,24.3,49565.81,18391.81,100,19,-11.5,12.900000000000006,-7.400000000000006,8.800000000000011,12,0.0,0.0,0.0,0.0,94,100,18.1,35.6,100,-11.400000000000006,12.800000000000011,-6.299999999999997,7.700000000000003,9,0.0,0.0,0.0,0.0,11,100,15.5,32.0,5,43.459939427312776,-62,9,0.0,0.0,0.0,38.0,1.0,0,18,0.0,0.0,0.0,38.0,1.0,0,457,0.5175491695067657,26.403462976338105,0.625,38.375,16.5,0,1295,2.025791362692933,24.11847020104529,0.34375,36.34375,16.09375,-3,1295,2.025791362692933,24.11847020104529,0.34375,36.34375,16.09375,-3
2025-05-19 12:50:30.014825,139,58109.985175,12.841666666666667,1,37,63,0,-5.0,1.4000000000000057,12.900000000000006,-15.099999999999994,-3.5999999999999943,6.599999999999994,18.099999999999994,-10.0,1.5,0.0,0.0,0.1,1.0,0.1,14,47.9,24.3,49565.81,18391.81,100,19,-11.5,12.900000000000006,-7.400000000000006,8.800000000000011,12,0.0,0.0,0.0,0.0,94,100,18.1,35.6,100,-11.400000000000006,12.800000000000011,-6.299999999999997,7.700000000000003,9,0.0,0.0,0.0,0.0,11,100,15.5,32.0,5,44.46293109382529,-63,3,0.5773502691896258,0.0,0.0,37.666666666666664,1.0,1,10,0.5773502691896258,0.0,0.0,37.666666666666664,1.0,1,458,0.6666666666666666,25.232804926215486,0.5555555555555556,38.22222222222222,14.777777777777779,1,1296,1.9971570703468378,23.883595549322894,0.3333333333333333,36.36363636363637,15.636363636363637,-2,1296,1.9971570703468378,23.883595549322894,0.3333333333333333,36.36363636363637,15.636363636363637,-2
2025-05-19 12:50:33.910710,139,58106.08929,12.842500000000001,3,37,63,1,-5.0,1.4000000000000057,12.900000000000006,-15.099999999999994,-3.5999999999999943,6.599999999999994,18.099999999999994,-10.0,1.5,0.0,0.0,0.1,1.0,0.1,14,47.9,24.3,49565.81,18391.81,100,19,-11.5,12.900000000000006,-7.400000000000006,8.800000000000011,12,0.0,0.0,0.0,0.0,94,100,18.1,35.6,100,-11.400000000000006,12.800000000000011,-6.299999999999997,7.700000000000003,9,0.0,0.0,0.0,0.0,11,100,15.5,32.0,5,44.465992014319156,63,6,0.5773502691896257,1.0,0.25,37.5,1.5,1,13,0.5773502691896257,1.0,0.25,37.5,1.5,1,461,0.7378647873726218,24.079497964497143,0.6,38.1,13.6,1,1299,1.9696901137958294,23.618571048980122,0.35294117647058826,36.38235294117647,15.264705882352942,-2,1299,1.9696901137958294,23.618571048980122,0.35294117647058826,36.38235294117647,15.264705882352942,-2
2025-05-19 12:50:36.260442,139,58103.739558,12.843333333333334,1,5,95,1,1.0,-4.599999999999994,12.900000000000006,-21.099999999999994,-3.5999999999999943,0.5999999999999943,18.099999999999994,-16.0,1.5,0.0,0.0,0.1,1.0,0.1,14,47.9,24.3,49565.81,18391.81,100,19,-17.5,12.900000000000006,-13.400000000000006,8.800000000000011,12,0.0,0.0,0.0,0.0,94,100,18.1,35.6,100,-17.400000000000006,12.800000000000011,-12.299999999999997,7.700000000000003,9,0.0,0.0,0.0,0.0,11,100,15.5,32.0,5,-3.084065244667503,-5,7,,,1.0,5.0,1.0,0,14,0.0,4.242640687119285,0.5,5.0,4.0,0,462,0.5345224838248488,20.659368911211295,0.7142857142857143,5.428571428571429,21.142857142857142,1,1300,0.8644378215075665,52.91336481291069,0.6428571428571429,4.857142857142857,29.857142857142858,-1,1300,0.8644378215075665,52.91336481291069,0.6428571428571429,4.857142857142857,29.857142857142858,-1
2025-05-19 12:52:13.871999,139,58006.128001,12.870277777777778,4,36,64,0,-5.0,1.4000000000000057,12.900000000000006,-15.099999999999994,-3.5999999999999943,6.599999999999994,18.099999999999994,-10.0,1.5,0.0,0.0,0.1,1.0,0.1,14,47.9,24.3,49565.81,18391.81,100,19,-11.5,12.900000000000006,-7.400000000000006,8.800000000000011,12,0.0,0.0,0.0,0.0,94,100,18.1,35.6,100,-11.400000000000006,12.800000000000011,-6.299999999999997,7.700000000000003,9,0.0,0.0,0.0,0.0,11,100,15.5,32.0,5,45.47517730496453,-64,11,0.8366600265340756,1.4142135623730951,0.2,37.2,2.0,2,18,0.8366600265340756,1.4142135623730951,0.2,37.2,2.0,2,205,1.0350983390135313,1.4142135623730951,0.375,37.75,2.0,3,1304,1.9415838635401934,23.346422899126836,0.34285714285714286,36.371428571428574,14.942857142857143,-1,1304,1.9415838635401934,23.346422899126836,0.34285714285714286,36.371428571428574,14.942857142857143,-1
2025-05-19 12:52:49.436238,139,57970.563762,12.880277777777778,50,45,55,1,-5.0,1.4000000000000057,12.900000000000006,-15.099999999999994,-3.5999999999999943,6.599999999999994,18.099999999999994,-10.0,1.5,0.0,0.0,0.1,1.0,0.1,14,47.9,24.3,49565.81,18391.81,100,19,-11.5,12.900000000000006,-7.400000000000006,8.800000000000011,12,0.0,0.0,0.0,0.0,94,100,18.1,35.6,100,-11.400000000000006,12.800000000000011,-6.299999999999997,7.700000000000003,9,0.0,0.0,0.0,0.0,11,100,15.5,32.0,5,36.48770576485984,55,70,5.507570547286102,23.86070689089771,0.6666666666666666,42.333333333333336,23.333333333333332,-10,84,4.117326918327103,18.06865214885135,0.42857142857142855,39.57142857142857,10.857142857142858,-8,229,3.605551275463989,16.09347693943108,0.4444444444444444,39.333333333333336,9.0,-7,1370,2.820186776341853,23.408662188716928,0.3783783783783784,36.86486486486486,15.91891891891892,-11,1370,2.820186776341853,23.408662188716928,0.3783783783783784,36.86486486486486,15.91891891891892,-11
2025-05-19 12:52:49.436238,139,57970.563762,12.880277777777778,16,46,54,1,-5.0,1.4000000000000057,12.900000000000006,-15.099999999999994,-3.5999999999999943,6.599999999999994,18.099999999999994,-10.0,1.5,0.0,0.0,0.1,1.0,0.1,14,47.9,24.3,49565.81,18391.81,100,19,-11.5,12.900000000000006,-7.400000000000006,8.800000000000011,12,0.0,0.0,0.0,0.0,94,100,18.1,35.6,100,-11.400000000000006,12.800000000000011,-6.299999999999997,7.700000000000003,9,0.0,0.0,0.0,0.0,11,100,15.5,32.0,5,35.61379501002142,54,70,5.507570547286102,23.86070689089771,0.6666666666666666,42.333333333333336,23.333333333333332,-10,84,4.117326918327103,18.06865214885135,0.42857142857142855,39.57142857142857,10.857142857142858,-8,229,3.605551275463989,16.09347693943108,0.4444444444444444,39.333333333333336,9.0,-7,1370,2.820186776341853,23.408662188716928,0.3783783783783784,36.86486486486486,15.91891891891892,-11,1370,2.820186776341853,23.408662188716928,0.3783783783783784,36.86486486486486,15.91891891891892,-11
2025-05-19 12:52:49.487355,139,57970.512645,12.880277777777778,4,47,53,0,-5.0,1.4000000000000057,12.900000000000006,-15.099999999999994,-3.5999999999999943,6.599999999999994,18.099999999999994,-10.0,1.5,0.0,0.0,0.1,1.0,0.1,14,47.9,24.3,49565.81,18391.81,100,19,-11.5,12.900000000000006,-7.400000000000006,8.800000000000011,12,0.0,0.0,0.0,0.0,94,100,18.1,35.6,100,-11.400000000000006,12.800000000000011,-6.299999999999997,7.700000000000003,9,0.0,0.0,0.0,0.0,11,100,15.5,32.0,5,34.65322078461219,-53,74,5.066228051190222,21.748563170931547,0.5,43.5,18.5,-11,88,4.6291004988627575,16.903085094570333,0.375,40.5,10.0,-9,233,4.175324338699131,15.255235895331879,0.4,40.1,8.5,-8,1374,3.231358618387301,23.170973773334428,0.3684210526315789,37.13157894736842,15.605263157894736,-12,1374,3.231358618387301,23.170973773334428,0.3684210526315789,37.13157894736842,15.605263157894736,-12
2025-05-19 12:52:49.494545,139,57970.505455,12.880277777777778,4,4,96,0,1.0,-4.599999999999994,12.900000000000006,-21.099999999999994,-3.5999999999999943,0.5999999999999943,18.099999999999994,-16.0,1.5,0.0,0.0,0.1,1.0,0.1,14,47.9,24.3,49565.81,18391.81,100,19,-17.5,12.900000000000006,-13.400000000000006,8.800000000000011,12,0.0,0.0,0.0,0.0,94,100,18.1,35.6,100,-17.400000000000006,12.800000000000011,-12.299999999999997,7.700000000000003,9,0.0,0.0,0.0,0.0,11,100,15.5,32.0,5,-2.0879396984924625,4,78,,,0.0,4.0,4.0,0,92,0.5773502691896258,3.0,0.3333333333333333,4.666666666666667,4.0,1,237,0.7071067811865476,20.064182728719068,0.625,5.25,19.0,2,1378,0.8618916073713347,51.42382253206703,0.6,4.8,28.133333333333333,0,1378,0.8618916073713347,51.42382253206703,0.6,4.8,28.133333333333333,0
2025-05-19 12:52:49.494809,139,57970.505191,12.880277777777778,4,17,83,0,-1.0,-2.5999999999999943,12.900000000000006,-19.099999999999994,-3.5999999999999943,2.5999999999999943,18.099999999999994,-14.0,1.5,0.0,0.0,0.1,1.0,0.1,14,47.9,24.3,49565.81,18391.81,100,19,-15.5,12.900000000000006,-11.400000000000006,8.800000000000011,12,0.0,0.0,0.0,0.0,94,100,18.1,35.6,100,-15.400000000000006,12.800000000000011,-10.299999999999997,7.700000000000003,9,0.0,0.0,0.0,0.0,11,100,15.5,32.0,5,-11.034692635423,17,82,,,0.0,17.0,4.0,0,96,,,0.0,17.0,4.0,0,241,,,0.0,17.0,4.0,0,1382,2.70909233629083,16.965048349388102,0.3684210526315789,21.68421052631579,13.421052631578947,7,1382,2.70909233629083,16.965048349388102,0.3684210526315789,21.68421052631579,13.421052631578947,7
2025-05-19 12:52:49.495105,139,57970.504895,12.880277777777778,4,38,62,0,-3.0,-0.5999999999999943,12.900000000000006,-17.099999999999994,-3.5999999999999943,4.599999999999994,18.099999999999994,-12.0,1.5,0.0,0.0,0.1,1.0,0.1,14,47.9,24.3,49565.81,18391.81,100,19,-13.5,12.900000000000006,-9.400000000000006,8.800000000000011,12,0.0,0.0,0.0,0.0,94,100,18.1,35.6,100,-13.400000000000006,12.800000000000011,-8.299999999999997,7.700000000000003,9,0.0,0.0,0.0,0.0,11,100,15.5,32.0,5,-16.072784190960675,38,86,,,0.0,38.0,4.0,0,100,,,0.0,38.0,4.0,0,245,,,0.0,38.0,4.0,0,1386,1.7350868323485926,8.426774371952146,0.5,39.8,5.8,4,1386,1.7350868323485926,8.426774371952146,0.5,39.8,5.8,4
2025-05-19 12:52:49.503977,139,57970.496023,12.880277777777778,11,16,84,0,-1.0,-2.5999999999999943,12.900000000000006,-19.099999999999994,-3.5999999999999943,2.5999999999999943,18.099999999999994,-14.0,1.5,0.0,0.0,0.1,1.0,0.1,14,47.9,24.3,49565.81,18391.81,100,19,-15.5,12.900000000000006,-11.400000000000006,8.800000000000011,12,0.0,0.0,0.0,0.0,94,100,18.1,35.6,100,-15.400000000000006,12.800000000000011,-10.299999999999997,7.700000000000003,9,0.0,0.0,0.0,0.0,11,100,15.5,32.0,5,-10.04814137720902,16,102,1.9493588689617927,4.123105625617661,0.0,15.4,4.0,1,116,1.9493588689617927,4.123105625617661,0.0,15.4,4.0,1,261,1.9493588689617927,4.123105625617661,0.0,15.4,4.0,1,1402,3.6415476881701534,15.871519723703871,0.30434782608695654,20.52173913043478,11.782608695652174,8,1402,3.6415476881701534,15.871519723703871,0.30434782608695654,20.52173913043478,11.782608695652174,8
2025-05-19 12:52:49.503977,139,57970.496023,12.880277777777778,1,16,84,0,-1.0,-2.5999999999999943,12.900000000000006,-19.099999999999994,-3.5999999999999943,2.5999999999999943,18.099999999999994,-14.0,1.5,0.0,0.0,0.1,1.0,0.1,14,47.9,24.3,49565.81,18391.81,100,19,-15.5,12.900000000000006,-11.400000000000006,8.800000000000011,12,0.0,0.0,0.0,0.0,94,100,18.1,35.6,100,-15.400000000000006,12.800000000000011,-10.299999999999997,7.700000000000003,9,0.0,0.0,0.0,0.0,11,100,15.5,32.0,5,-10.081932130846837,16,102,1.9493588689617927,4.123105625617661,0.0,15.4,4.0,1,116,1.9493588689617927,4.123105625617661,0.0,15.4,4.0,1,261,1.9493588689617927,4.123105625617661,0.0,15.4,4.0,1,1402,3.6415476881701534,15.871519723703871,0.30434782608695654,20.52173913043478,11.782608695652174,8,1402,3.6415476881701534,15.871519723703871,0.30434782608695654,20.52173913043478,11.782608695652174,8
2025-05-19 12:52:49.503977,139,57970.496023,12.880277777777778,3,12,88,0,-1.0,-2.5999999999999943,12.900000000000006,-19.099999999999994,-3.5999999999999943,2.5999999999999943,18.099999999999994,-14.0,1.5,0.0,0.0,0.1,1.0,0.1,14,47.9,24.3,49565.81,18391.81,100,19,-15.5,12.900000000000006,-11.400000000000006,8.800000000000011,12,0.0,0.0,0.0,0.0,94,100,18.1,35.6,100,-15.400000000000006,12.800000000000011,-10.299999999999997,7.700000000000003,9,0.0,0.0,0.0,0.0,11,100,15.5,32.0,5,-6.085015290519877,12,102,1.9493588689617927,4.123105625617661,0.0,15.4,4.0,1,116,1.9493588689617927,4.123105625617661,0.0,15.4,4.0,1,261,1.9493588689617927,4.123105625617661,0.0,15.4,4.0,1,1402,3.6415476881701534,15.871519723703871,0.30434782608695654,20.52173913043478,11.782608695652174,8,1402,3.6415476881701534,15.871519723703871,0.30434782608695654,20.52173913043478,11.782608695652174,8
2025-05-19 12:52:49.503977,139,57970.496023,12.880277777777778,1,16,84,0,-1.0,-2.5999999999999943,12.900000000000006,-19.099999999999994,-3.5999999999999943,2.5999999999999943,18.099999999999994,-14.0,1.5,0.0,0.0,0.1,1.0,0.1,14,47.9,24.3,49565.81,18391.81,100,19,-15.5,12.900000000000006,-11.400000000000006,8.800000000000011,12,0.0,0.0,0.0,0.0,94,100,18.1,35.6,100,-15.400000000000006,12.800000000000011,-10.299999999999997,7.700000000000003,9,0.0,0.0,0.0,0.0,11,100,15.5,32.0,5,-10.090602999693914,16,102,1.9493588689617927,4.123105625617661,0.0,15.4,4.0,1,116,1.9493588689617927,4.123105625617661,0.0,15.4,4.0,1,261,1.9493588689617927,4.123105625617661,0.0,15.4,4.0,1,1402,3.6415476881701534,15.871519723703871,0.30434782608695654,20.52173913043478,11.782608695652174,8,1402,3.6415476881701534,15.871519723703871,0.30434782608695654,20.52173913043478,11.782608695652174,8
2025-05-19 12:52:49.507455,139,57970.492545,12.880277777777778,16,38,62,0,-3.0,-0.5999999999999943,12.900000000000006,-17.099999999999994,-3.5999999999999943,4.599999999999994,18.099999999999994,-12.0,1.5,0.0,0.0,0.1,1.0,0.1,14,47.9,24.3,49565.81,18391.81,100,19,-13.5,12.900000000000006,-9.400000000000006,8.800000000000011,12,0.0,0.0,0.0,0.0,94,100,18.1,35.6,100,-13.400000000000006,12.800000000000011,-8.299999999999997,7.700000000000003,9,0.0,0.0,0.0,0.0,11,100,15.5,32.0,5,-16.08537301742706,38,118,0.0,8.48528137423857,0.0,38.0,10.0,0,132,0.0,8.48528137423857,0.0,38.0,10.0,0,277,0.0,8.48528137423857,0.0,38.0,10.0,0,1418,1.736169840276496,8.50965837823621,0.47619047619047616,39.714285714285715,6.285714285714286,4,1418,1.736169840276496,8.50965837823621,0.47619047619047616,39.714285714285715,6.285714285714286,4
2025-05-19 12:52:49.525208,139,57970.474792,12.880277777777778,16,4,96,0,1.0,-4.599999999999994,12.900000000000006,-21.099999999999994,-3.5999999999999943,0.5999999999999943,18.099999999999994,-16.0,1.5,0.0,0.0,0.1,1.0,0.1,14,47.9,24.3,49565.81,18391.81,100,19,-17.5,12.900000000000006,-13.400000000000006,8.800000000000011,12,0.0,0.0,0.0,0.0,94,100,18.1,35.6,100,-17.400000000000006,12.800000000000011,-12.299999999999997,7.700000000000003,9,0.0,0.0,0.0,0.0,11,100,15.5,32.0,5,-2.098484848484844,4,134,0.0,8.48528137423857,0.0,4.0,10.0,0,148,0.5773502691896257,6.48074069840786,0.25,4.5,7.0,1,293,0.7817359599705717,18.7949461292125,0.5555555555555556,5.111111111111111,18.666666666666668,2,1434,0.8563488385776752,49.77264978546618,0.5625,4.75,27.375,0,1434,0.8563488385776752,49.77264978546618,0.5625,4.75,27.375,0
2025-05-19 12:53:11.674765,139,57948.325235,12.886388888888888,14,50,50,1,-5.0,1.4000000000000057,12.900000000000006,-15.099999999999994,-3.5999999999999943,6.599999999999994,18.099999999999994,-10.0,1.5,0.0,0.0,0.1,1.0,0.1,14,47.9,24.3,49565.81,18391.81,100,19,-11.5,12.900000000000006,-7.400000000000006,8.800000000000011,12,0.0,0.0,0.0,0.0,94,100,18.1,35.6,100,-11.400000000000006,12.800000000000011,-6.299999999999997,7.700000000000003,9,0.0,0.0,0.0,0.0,11,100,15.5,32.0,5,31.66281403557339,50,164,5.163977794943222,16.954841982945958,0.6666666666666666,45.666666666666664,17.333333333333332,-14,178,5.719362823873924,15.062831370260005,0.5,42.4,11.0,-12,323,5.395705362937858,14.035398969834247,0.5,41.75,9.583333333333334,-11,1464,4.239542186217511,22.57055888109836,0.4,37.775,15.575,-15,1464,4.239542186217511,22.57055888109836,0.4,37.775,15.575,-15
2025-05-19 12:53:11.674765,139,57948.325235,12.886388888888888,16,50,50,1,-5.0,1.4000000000000057,12.900000000000006,-15.099999999999994,-3.5999999999999943,6.599999999999994,18.099999999999994,-10.0,1.5,0.0,0.0,0.1,1.0,0.1,14,47.9,24.3,49565.81,18391.81,100,19,-11.5,12.900000000000006,-7.400000000000006,8.800000000000011,12,0.0,0.0,0.0,0.0,94,100,18.1,35.6,100,-11.400000000000006,12.800000000000011,-6.299999999999997,7.700000000000003,9,0.0,0.0,0.0,0.0,11,100,15.5,32.0,5,31.693522687911326,50,164,5.163977794943222,16.954841982945958,0.6666666666666666,45.666666666666664,17.333333333333332,-14,178,5.719362823873924,15.062831370260005,0.5,42.4,11.0,-12,323,5.395705362937858,14.035398969834247,0.5,41.75,9.583333333333334,-11,1464,4.239542186217511,22.57055888109836,0.4,37.775,15.575,-15,1464,4.239542186217511,22.57055888109836,0.4,37.775,15.575,-15
2025-05-19 12:53:16.174128,139,57943.825872,12.887777777777778,25,4,96,0,1.0,-4.599999999999994,12.900000000000006,-21.099999999999994,-3.5999999999999943,0.5999999999999943,18.099999999999994,-16.0,1.5,0.0,0.0,0.1,1.0,0.1,14,47.9,24.3,49565.81,18391.81,100,19,-17.5,12.900000000000006,-13.400000000000006,8.800000000000011,12,0.0,0.0,0.0,0.0,94,100,18.1,35.6,100,-17.400000000000006,12.800000000000011,-12.299999999999997,7.700000000000003,9,0.0,0.0,0.0,0.0,11,100,15.5,32.0,5,-2.1417525773195933,4,189,0.0,10.535653752852738,0.0,4.0,15.0,0,203,0.5477225575051662,9.813256340277675,0.2,4.4,10.6,1,348,0.816496580927726,17.832866037491314,0.5,5.0,19.3,2,1489,0.8488746876271654,48.19560328982913,0.5294117647058824,4.705882352941177,27.235294117647058,0,1489,0.8488746876271654,48.19560328982913,0.5294117647058824,4.705882352941177,27.235294117647058,0
2025-05-19 12:53:16.176016,139,57943.823984,12.887777777777778,25,50,50,0,-5.0,1.4000000000000057,12.900000000000006,-15.099999999999994,-3.5999999999999943,6.599999999999994,18.099999999999994,-10.0,1.5,0.0,0.0,0.1,1.0,0.1,14,47.9,24.3,49565.81,18391.81,100,19,-11.5,12.900000000000006,-7.400000000000006,8.800000000000011,12,0.0,0.0,0.0,0.0,94,100,18.1,35.6,100,-11.400000000000006,12.800000000000011,-6.299999999999997,7.700000000000003,9,0.0,0.0,0.0,0.0,11,100,15.5,32.0,5,31.728691310076982,-50,214,4.990467102863408,15.746503769166695,0.5714285714285714,46.285714285714285,18.428571428571427,-14,228,5.889898903284257,14.900274555127561,0.45454545454545453,43.09090909090909,12.272727272727273,-12,373,5.650051054908878,14.101736572457108,0.46153846153846156,42.38461538461539,10.76923076923077,-11,1514,4.6010338180806665,22.335195893695584,0.3902439024390244,38.073170731707314,15.804878048780488,-15,1514,4.6010338180806665,22.335195893695584,0.3902439024390244,38.073170731707314,15.804878048780488,-15
2025-05-19 12:53:16.222969,139,57943.777031,12.887777777777778,25,38,62,0,-3.0,-0.5999999999999943,12.900000000000006,-17.099999999999994,-3.5999999999999943,4.599999999999994,18.099999999999994,-12.0,1.5,0.0,0.0,0.1,1.0,0.1,14,47.9,24.3,49565.81,18391.81,100,19,-13.5,12.900000000000006,-9.400000000000006,8.800000000000011,12,0.0,0.0,0.0,0.0,94,100,18.1,35.6,100,-13.400000000000006,12.800000000000011,-8.299999999999997,7.700000000000003,9,0.0,0.0,0.0,0.0,11,100,15.5,32.0,5,-16.135926144175997,38,239,0.0,10.535653752852738,0.0,38.0,15.0,0,253,0.0,10.535653752852738,0.0,38.0,15.0,0,398,0.0,10.535653752852738,0.0,38.0,15.0,0,1539,1.7333000329801544,9.213320866293618,0.45454545454545453,39.63636363636363,7.136363636363637,4,1539,1.7333000329801544,9.213320866293618,0.45454545454545453,39.63636363636363,7.136363636363637,4
2025-05-19 12:53:16.223189,139,57943.776811,12.887777777777778,25,14,86,0,-1.0,-2.5999999999999943,12.900000000000006,-19.099999999999994,-3.5999999999999943,2.5999999999999943,18.099999999999994,-14.0,1.5,0.0,0.0,0.1,1.0,0.1,14,47.9,24.3,49565.81,18391.81,100,19,-15.5,12.900000000000006,-11.400000000000006,8.800000000000011,12,0.0,0.0,0.0,0.0,94,100,18.1,35.6,100,-15.400000000000006,12.800000000000011,-10.299999999999997,7.700000000000003,9,0.0,0.0,0.0,0.0,11,100,15.5,32.0,5,-8.093692590324551,14,264,1.834847859269718,9.332738076256078,0.0,15.166666666666666,7.5,3,278,1.834847859269718,9.332738076256078,0.0,15.166666666666666,7.5,3,423,1.834847859269718,9.332738076256078,0.0,15.166666666666666,7.5,3,1564,3.8021732915702877,15.755376354056764,0.2916666666666667,20.25,12.333333333333334,10,1564,3.8021732915702877,15.755376354056764,0.2916666666666667,20.25,12.333333333333334,10
2025-05-19 12:53:19.904435,139,57940.095565,12.88861111111111,24,50,50,0,-5.0,1.4000000000000057,12.900000000000006,-15.099999999999994,-3.5999999999999943,6.599999999999994,18.099999999999994,-10.0,1.5,0.0,0.0,0.1,1.0,0.1,14,47.9,24.3,49565.81,18391.81,100,19,-11.5,12.900000000000006,-7.400000000000006,8.800000000000011,12,0.0,0.0,0.0,0.0,94,100,18.1,35.6,100,-11.400000000000006,12.800000000000011,-6.299999999999997,7.700000000000003,9,0.0,0.0,0.0,0.0,11,100,15.5,32.0,5,31.783798805057657,-50,288,4.803272693844122,14.710904604602474,0.5,46.75,19.125,-14,302,5.959458995173263,14.604638117579446,0.4166666666666667,43.666666666666664,13.25,-12,447,5.797403738734271,14.002354590065703,0.42857142857142855,42.92857142857143,11.714285714285714,-11,1588,4.903067375267359,22.097345608168173,0.38095238095238093,38.357142857142854,16.0,-15,1588,4.903067375267359,22.097345608168173,0.38095238095238093,38.357142857142854,16.0,-15
2025-05-19 12:54:47.608557,139,57852.391443,12.913055555555555,1,47,53,0,-5.0,1.4000000000000057,12.900000000000006,-15.099999999999994,-3.5999999999999943,6.599999999999994,18.099999999999994,-10.0,1.5,0.0,0.0,0.1,1.0,0.1,14,47.9,24.3,49565.81,18391.81,100,19,-11.5,12.900000000000006,-7.400000000000006,8.800000000000011,12,0.0,0.0,0.0,0.0,94,100,18.1,35.6,100,-11.400000000000006,12.800000000000011,-6.299999999999997,7.700000000000003,9,0.0,0.0,0.0,0.0,11,100,15.5,32.0,5,34.836882393876124,-53,285,2.100170061141308,15.182226450688976,0.5,48.125,18.75,-2,296,5.780160586891719,14.38972211559704,0.38461538461538464,43.92307692307692,12.307692307692308,-9,312,5.780160586891719,14.38972211559704,0.38461538461538464,43.92307692307692,12.307692307692308,-9,1589,5.0204454629776745,21.95220318797641,0.37209302325581395,38.55813953488372,15.651162790697674,-12,1589,5.0204454629776745,21.95220318797641,0.37209302325581395,38.55813953488372,15.651162790697674,-12
2025-05-19 12:59:18.730892,139,57581.269108,12.988333333333333,70,15,85,1,-1.0,-2.5999999999999943,12.900000000000006,-19.099999999999994,-3.5999999999999943,2.5999999999999943,18.099999999999994,-14.0,1.5,0.0,0.0,0.1,1.0,0.1,14,47.9,24.3,49565.81,18391.81,100,19,-15.5,12.900000000000006,-11.400000000000006,8.800000000000011,12,0.0,0.0,0.0,0.0,94,100,18.1,35.6,100,-15.400000000000006,12.800000000000011,-10.299999999999997,7.700000000000003,9,0.0,0.0,0.0,0.0,11,100,15.5,32.0,5,-9.156124652884913,-15,94,0.0,32.526911934581186,1.0,15.0,47.0,0,95,0.0,32.526911934581186,1.0,15.0,47.0,0,406,1.5526475085202969,23.40291495885563,0.25,15.125,17.375,2,1683,3.91604195781718,18.958902921846505,0.34615384615384615,19.846153846153847,15.0,9,1683,3.91604195781718,18.958902921846505,0.34615384615384615,19.846153846153847,15.0,9
2025-05-19 12:59:18.730892,139,57581.269108,12.988333333333333,24,15,85,1,-1.0,-2.5999999999999943,12.900000000000006,-19.099999999999994,-3.5999999999999943,2.5999999999999943,18.099999999999994,-14.0,1.5,0.0,0.0,0.1,1.0,0.1,14,47.9,24.3,49565.81,18391.81,100,19,-15.5,12.900000000000006,-11.400000000000006,8.800000000000011,12,0.0,0.0,0.0,0.0,94,100,18.1,35.6,100,-15.400000000000006,12.800000000000011,-10.299999999999997,7.700000000000003,9,0.0,0.0,0.0,0.0,11,100,15.5,32.0,5,-9.358246609902238,-15,94,0.0,32.526911934581186,1.0,15.0,47.0,0,95,0.0,32.526911934581186,1.0,15.0,47.0,0,406,1.5526475085202969,23.40291495885563,0.25,15.125,17.375,2,1683,3.91604195781718,18.958902921846505,0.34615384615384615,19.846153846153847,15.0,9,1683,3.91604195781718,18.958902921846505,0.34615384615384615,19.846153846153847,15.0,9
2025-05-19 12:59:20.807691,139,57579.192309,12.988888888888889,3,44,56,1,-5.0,1.4000000000000057,12.900000000000006,-15.099999999999994,-3.5999999999999943,6.599999999999994,18.099999999999994,-10.0,1.5,0.0,0.0,0.1,1.0,0.1,14,47.9,24.3,49565.81,18391.81,100,19,-11.5,12.900000000000006,-7.400000000000006,8.800000000000011,12,0.0,0.0,0.0,0.0,94,100,18.1,35.6,100,-11.400000000000006,12.800000000000011,-6.299999999999997,7.700000000000003,9,0.0,0.0,0.0,0.0,11,100,15.5,32.0,5,37.8393068411163,56,97,,,1.0,44.0,3.0,0,98,2.1213203435596424,1.4142135623730951,0.5,45.5,2.0,3,409,5.5534367143832055,14.047212386241473,0.42857142857142855,43.92857142857143,11.642857142857142,-6,1686,5.029090847943696,21.779114071172835,0.38636363636363635,38.68181818181818,15.363636363636363,-9,1686,5.029090847943696,21.779114071172835,0.38636363636363635,38.68181818181818,15.363636363636363,-9
2025-05-19 13:00:07.737647,139,57532.262353,13.001944444444444,1,15,85,1,-1.0,-2.5999999999999943,12.800000000000011,-19.099999999999994,-3.6999999999999886,2.5999999999999943,18.0,-14.0,1.4000000000000057,0.0,0.0,0.1,1.0,0.1,14,47.9,24.3,49565.81,18391.81,100,19,-15.400000000000006,12.800000000000011,-10.299999999999997,7.700000000000003,9,0.0,0.0,0.0,0.0,11,100,15.5,32.0,5,-14.099999999999994,11.5,-8.099999999999994,5.5,13,0.0,0.0,0.0,0.0,48,100,13.4,30.6,0,-9.429615506831905,-15,98,0.0,35.13308032799477,1.0,15.0,31.666666666666668,0,98,0.0,35.13308032799477,1.0,15.0,31.666666666666668,0,410,1.4529663145135576,22.561643951134805,0.3333333333333333,15.11111111111111,15.555555555555555,2,1687,3.95163062739733,18.78495791516829,0.37037037037037035,19.666666666666668,14.481481481481481,9,1687,3.95163062739733,18.78495791516829,0.37037037037037035,19.666666666666668,14.481481481481481,9
2025-05-19 13:00:29.303236,139,57510.696764,13.008055555555556,3,45,55,1,-5.0,1.4000000000000057,12.800000000000011,-15.099999999999994,-3.6999999999999886,6.599999999999994,18.0,-10.0,1.4000000000000057,0.0,0.0,0.1,1.0,0.1,14,47.9,24.3,49565.81,18391.81,100,19,-11.400000000000006,12.800000000000011,-6.299999999999997,7.700000000000003,9,0.0,0.0,0.0,0.0,11,100,15.5,32.0,5,-10.099999999999994,11.5,-4.099999999999994,5.5,13,0.0,0.0,0.0,0.0,48,100,13.4,30.6,0,36.84720868717805,55,105,1.0,0.5773502691896258,1.0,45.0,3.3333333333333335,-2,105,1.0,0.5773502691896258,1.0,45.0,3.3333333333333335,-2,417,5.200961449578338,13.37098849499667,0.5,44.125,10.625,-8,1654,5.136611530248807,21.876201265717544,0.4090909090909091,39.18181818181818,14.613636363636363,-11,1694,5.1142030135465015,21.429955556862037,0.41304347826086957,38.97826086956522,14.847826086956522,-11
2025-05-19 13:00:29.303236,139,57510.696764,13.008055555555556,4,46,54,1,-5.0,1.4000000000000057,12.800000000000011,-15.099999999999994,-3.6999999999999886,6.599999999999994,18.0,-10.0,1.4000000000000057,0.0,0.0,0.1,1.0,0.1,14,47.9,24.3,49565.81,18391.81,100,19,-11.400000000000006,12.800000000000011,-6.299999999999997,7.700000000000003,9,0.0,0.0,0.0,0.0,11,100,15.5,32.0,5,-10.099999999999994,11.5,-4.099999999999994,5.5,13,0.0,0.0,0.0,0.0,48,100,13.4,30.6,0,35.854904964143984,54,105,1.0,0.5773502691896258,1.0,45.0,3.3333333333333335,-2,105,1.0,0.5773502691896258,1.0,45.0,3.3333333333333335,-2,417,5.200961449578338,13.37098849499667,0.5,44.125,10.625,-8,1654,5.136611530248807,21.876201265717544,0.4090909090909091,39.18181818181818,14.613636363636363,-11,1694,5.1142030135465015,21.429955556862037,0.41304347826086957,38.97826086956522,14.847826086956522,-11
2025-05-19 13:00:29.408802,139,57510.591198,13.008055555555556,45,38,62,0,-3.0,-0.5999999999999943,12.800000000000011,-17.099999999999994,-3.6999999999999886,4.599999999999994,18.0,-12.0,1.4000000000000057,0.0,0.0,0.1,1.0,0.1,14,47.9,24.3,49565.81,18391.81,100,19,-13.400000000000006,12.800000000000011,-8.299999999999997,7.700000000000003,9,0.0,0.0,0.0,0.0,11,100,15.5,32.0,5,-12.099999999999994,11.5,-6.099999999999994,5.5,13,0.0,0.0,0.0,0.0,48,100,13.4,30.6,0,-16.215554678247145,38,150,,,0.0,38.0,45.0,0,150,,,0.0,38.0,45.0,0,462,0.0,17.291616465790582,0.0,38.0,22.5,0,1699,1.7274807447031526,11.973290433062518,0.43478260869565216,39.56521739130435,8.782608695652174,4,1739,1.7274807447031526,11.973290433062518,0.43478260869565216,39.56521739130435,8.782608695652174,4
2025-05-19 13:00:35.589359,139,57504.410641,13.009722222222223,1,14,86,0,-1.0,-2.5999999999999943,12.800000000000011,-19.099999999999994,-3.6999999999999886,2.5999999999999943,18.0,-14.0,1.4000000000000057,0.0,0.0,0.1,1.0,0.1,14,47.9,24.3,49565.81,18391.81,100,19,-15.400000000000006,12.800000000000011,-10.299999999999997,7.700000000000003,9,0.0,0.0,0.0,0.0,11,100,15.5,32.0,5,-14.099999999999994,11.5,-8.099999999999994,5.5,13,0.0,0.0,0.0,0.0,48,100,13.4,30.6,0,-8.432612841703758,14,153,0.5477225575051661,27.85438325769693,0.5,14.5,16.333333333333332,1,153,0.5477225575051661,27.85438325769693,0.5,14.5,16.333333333333332,1,456,1.337115846843043,20.335630769363384,0.25,14.833333333333334,11.916666666666666,3,1702,4.121850940101278,18.256285329249994,0.3333333333333333,19.1,13.133333333333333,10,1742,4.121850940101278,18.256285329249994,0.3333333333333333,19.1,13.133333333333333,10
2025-05-19 13:00:35.589359,139,57504.410641,13.009722222222223,1,14,86,0,-1.0,-2.5999999999999943,12.800000000000011,-19.099999999999994,-3.6999999999999886,2.5999999999999943,18.0,-14.0,1.4000000000000057,0.0,0.0,0.1,1.0,0.1,14,47.9,24.3,49565.81,18391.81,100,19,-15.400000000000006,12.800000000000011,-10.299999999999997,7.700000000000003,9,0.0,0.0,0.0,0.0,11,100,15.5,32.0,5,-14.099999999999994,11.5,-8.099999999999994,5.5,13,0.0,0.0,0.0,0.0,48,100,13.4,30.6,0,-8.43529411764706,14,153,0.5477225575051661,27.85438325769693,0.5,14.5,16.333333333333332,1,153,0.5477225575051661,27.85438325769693,0.5,14.5,16.333333333333332,1,456,1.337115846843043,20.335630769363384,0.25,14.833333333333334,11.916666666666666,3,1702,4.121850940101278,18.256285329249994,0.3333333333333333,19.1,13.133333333333333,10,1742,4.121850940101278,18.256285329249994,0.3333333333333333,19.1,13.133333333333333,10
2025-05-19 13:00:35.589359,139,57504.410641,13.009722222222223,1,14,86,0,-1.0,-2.5999999999999943,12.800000000000011,-19.099999999999994,-3.6999999999999886,2.5999999999999943,18.0,-14.0,1.4000000000000057,0.0,0.0,0.1,1.0,0.1,14,47.9,24.3,49565.81,18391.81,100,19,-15.400000000000006,12.800000000000011,-10.299999999999997,7.700000000000003,9,0.0,0.0,0.0,0.0,11,100,15.5,32.0,5,-14.099999999999994,11.5,-8.099999999999994,5.5,13,0.0,0.0,0.0,0.0,48,100,13.4,30.6,0,-8.437977099236647,14,153,0.5477225575051661,27.85438325769693,0.5,14.5,16.333333333333332,1,153,0.5477225575051661,27.85438325769693,0.5,14.5,16.333333333333332,1,456,1.337115846843043,20.335630769363384,0.25,14.833333333333334,11.916666666666666,3,1702,4.121850940101278,18.256285329249994,0.3333333333333333,19.1,13.133333333333333,10,1742,4.121850940101278,18.256285329249994,0.3333333333333333,19.1,13.133333333333333,10
2025-05-19 13:00:35.659146,139,57504.340854,13.009722222222223,1,4,96,0,1.0,-4.599999999999994,12.800000000000011,-21.099999999999994,-3.6999999999999886,0.5999999999999943,18.0,-16.0,1.4000000000000057,0.0,0.0,0.1,1.0,0.1,14,47.9,24.3,49565.81,18391.81,100,19,-17.400000000000006,12.800000000000011,-12.299999999999997,7.700000000000003,9,0.0,0.0,0.0,0.0,11,100,15.5,32.0,5,-16.099999999999994,11.5,-10.099999999999994,5.5,13,0.0,0.0,0.0,0.0,48,100,13.4,30.6,0,-2.213049267643143,4,154,,,0.0,4.0,1.0,0,154,,,0.0,4.0,1.0,0,457,0.5163977794943223,9.612491872558333,0.16666666666666666,4.333333333333333,9.0,1,1703,0.8401680504168059,47.163739256483844,0.5,4.666666666666667,25.77777777777778,0,1743,0.8401680504168059,47.163739256483844,0.5,4.666666666666667,25.77777777777778,0
2025-05-19 13:00:41.058048,139,57498.941952,13.011388888888888,1,38,62,0,-3.0,-0.5999999999999943,12.800000000000011,-17.099999999999994,-3.6999999999999886,4.599999999999994,18.0,-12.0,1.4000000000000057,0.0,0.0,0.1,1.0,0.1,14,47.9,24.3,49565.81,18391.81,100,19,-13.400000000000006,12.800000000000011,-8.299999999999997,7.700000000000003,9,0.0,0.0,0.0,0.0,11,100,15.5,32.0,5,-12.099999999999994,11.5,-6.099999999999994,5.5,13,0.0,0.0,0.0,0.0,48,100,13.4,30.6,0,-16.360884285998807,38,155,0.0,31.11269837220809,0.0,38.0,23.0,0,155,0.0,31.11269837220809,0.0,38.0,23.0,0,458,0.0,17.79606698121807,0.0,38.0,18.2,0,1704,1.7194539072421902,11.817375441223849,0.4166666666666667,39.5,8.458333333333334,4,1744,1.7194539072421902,11.817375441223849,0.4166666666666667,39.5,8.458333333333334,4
2025-05-19 13:02:31.202400,139,57388.7976,13.041944444444445,1,14,86,1,-1.0,-2.5999999999999943,12.800000000000011,-19.099999999999994,-3.6999999999999886,2.5999999999999943,18.0,-14.0,1.4000000000000057,0.0,0.0,0.1,1.0,0.1,14,47.9,24.3,49565.81,18391.81,100,19,-15.400000000000006,12.800000000000011,-10.299999999999997,7.700000000000003,9,0.0,0.0,0.0,0.0,11,100,15.5,32.0,5,-14.099999999999994,11.5,-8.099999999999994,5.5,13,0.0,0.0,0.0,0.0,48,100,13.4,30.6,0,-8.440661788100542,-14,6,0.0,0.0,0.25,14.0,1.0,0,156,0.5345224838248488,26.079548637636677,0.5714285714285714,14.428571428571429,14.142857142857142,1,459,1.3008872711759816,19.703897831231004,0.3076923076923077,14.76923076923077,11.076923076923077,3,1363,4.0667507347342475,19.18674162360702,0.2962962962962963,18.333333333333332,12.851851851851851,10,1745,4.154800307042187,18.081238419856614,0.3548387096774194,18.93548387096774,12.741935483870968,10
2025-05-19 13:02:31.453678,139,57388.546322,13.041944444444445,1,4,96,1,1.0,-4.599999999999994,12.800000000000011,-21.099999999999994,-3.6999999999999886,0.5999999999999943,18.0,-16.0,1.4000000000000057,0.0,0.0,0.1,1.0,0.1,14,47.9,24.3,49565.81,18391.81,100,19,-17.400000000000006,12.800000000000011,-12.299999999999997,7.700000000000003,9,0.0,0.0,0.0,0.0,11,100,15.5,32.0,5,-16.099999999999994,11.5,-10.099999999999994,5.5,13,0.0,0.0,0.0,0.0,48,100,13.4,30.6,0,-2.216,-4,7,0.0,0.0,0.5,4.0,1.0,0,157,0.0,0.0,0.5,4.0,1.0,0,460,0.48795003647426655,9.281317640446163,0.2857142857142857,4.285714285714286,7.857142857142857,1,1364,0.816496580927726,16.43689230272647,0.4,4.666666666666667,13.8,0,1746,0.8306975860878395,46.186059009008616,0.5263157894736842,4.631578947368421,24.473684210526315,0
2025-05-19 13:03:04.359678,139,57355.640322,13.051111111111112,6,39,61,1,-3.0,-0.5999999999999943,12.800000000000011,-17.099999999999994,-3.6999999999999886,4.599999999999994,18.0,-12.0,1.4000000000000057,0.0,0.0,0.1,1.0,0.1,14,47.9,24.3,49565.81,18391.81,100,19,-13.400000000000006,12.800000000000011,-8.299999999999997,7.700000000000003,9,0.0,0.0,0.0,0.0,11,100,15.5,32.0,5,-12.099999999999994,11.5,-6.099999999999994,5.5,13,0.0,0.0,0.0,0.0,48,100,13.4,30.6,0,-17.36414342629482,-39,12,0.0,1.4142135623730951,1.0,39.0,5.0,0,167,0.5773502691896257,20.768565991260285,0.5,38.5,14.0,-1,470,0.4879500364742666,15.904476758208078,0.2857142857142857,38.285714285714285,14.428571428571429,-1,1366,1.3001831372834327,12.09328818178162,0.5238095238095238,38.904761904761905,8.619047619047619,3,1756,1.65482976117229,11.377237734245448,0.46153846153846156,39.46153846153846,8.192307692307692,3
2025-05-19 13:03:04.359678,139,57355.640322,13.051111111111112,4,39,61,1,-3.0,-0.5999999999999943,12.800000000000011,-17.099999999999994,-3.6999999999999886,4.599999999999994,18.0,-12.0,1.4000000000000057,0.0,0.0,0.1,1.0,0.1,14,47.9,24.3,49565.81,18391.81,100,19,-13.400000000000006,12.800000000000011,-8.299999999999997,7.700000000000003,9,0.0,0.0,0.0,0.0,11,100,15.5,32.0,5,-12.099999999999994,11.5,-6.099999999999994,5.5,13,0.0,0.0,0.0,0.0,48,100,13.4,30.6,0,-17.384922217790187,-39,12,0.0,1.4142135623730951,1.0,39.0,5.0,0,167,0.5773502691896257,20.768565991260285,0.5,38.5,14.0,-1,470,0.4879500364742666,15.904476758208078,0.2857142857142857,38.285714285714285,14.428571428571429,-1,1366,1.3001831372834327,12.09328818178162,0.5238095238095238,38.904761904761905,8.619047619047619,3,1756,1.65482976117229,11.377237734245448,0.46153846153846156,39.46153846153846,8.192307692307692,3
2025-05-19 13:03:24.747742,139,57335.252258,13.056666666666667,4,47,53,1,-5.0,1.4000000000000057,12.800000000000011,-15.099999999999994,-3.6999999999999886,6.599999999999994,18.0,-10.0,1.4000000000000057,0.0,0.0,0.1,1.0,0.1,14,47.9,24.3,49565.81,18391.81,100,19,-11.400000000000006,12.800000000000011,-6.299999999999997,7.700000000000003,9,0.0,0.0,0.0,0.0,11,100,15.5,32.0,5,-10.099999999999994,11.5,-4.099999999999994,5.5,13,0.0,0.0,0.0,0.0,48,100,13.4,30.6,0,34.864893098405176,53,16,,,1.0,47.0,4.0,0,171,1.2909944487358056,0.5773502691896257,1.0,45.5,3.5,-3,467,5.083855646583026,13.045734033414458,0.5294117647058824,44.294117647058826,10.235294117647058,-9,1367,5.2450906197849525,22.40769684837736,0.43902439024390244,39.80487804878049,15.463414634146341,-13,1760,5.191877952123897,21.25472141051648,0.425531914893617,39.148936170212764,14.617021276595745,-12
2025-05-19 13:03:24.799734,139,57335.200266,13.056666666666667,3,49,51,1,-5.0,1.4000000000000057,12.800000000000011,-15.099999999999994,-3.6999999999999886,6.599999999999994,18.0,-10.0,1.4000000000000057,0.0,0.0,0.1,1.0,0.1,14,47.9,24.3,49565.81,18391.81,100,19,-11.400000000000006,12.800000000000011,-6.299999999999997,7.700000000000003,9,0.0,0.0,0.0,0.0,11,100,15.5,32.0,5,-10.099999999999994,11.5,-4.099999999999994,5.5,13,0.0,0.0,0.0,0.0,48,100,13.4,30.6,0,32.87460815047022,51,23,1.0,0.5773502691896258,1.0,48.0,3.6666666666666665,-1,178,1.8708286933869707,0.5477225575051661,1.0,46.5,3.5,-4,474,4.9759656267028864,12.482736617036043,0.5789473684210527,44.73684210526316,9.526315789473685,-10,1374,5.4447796734245655,22.01602657966667,0.46511627906976744,40.2093023255814,14.906976744186046,-14,1767,5.416418100000553,20.92580836628093,0.4489795918367347,39.53061224489796,14.16326530612245,-13
2025-05-19 13:03:24.799734,139,57335.200266,13.056666666666667,4,48,52,1,-5.0,1.4000000000000057,12.800000000000011,-15.099999999999994,-3.6999999999999886,6.599999999999994,18.0,-10.0,1.4000000000000057,0.0,0.0,0.1,1.0,0.1,14,47.9,24.3,49565.81,18391.81,100,19,-11.400000000000006,12.800000000000011,-6.299999999999997,7.700000000000003,9,0.0,0.0,0.0,0.0,11,100,15.5,32.0,5,-10.099999999999994,11.5,-4.099999999999994,5.5,13,0.0,0.0,0.0,0.0,48,100,13.4,30.6,0,33.88147993311037,52,23,1.0,0.5773502691896258,1.0,48.0,3.6666666666666665,-1,178,1.8708286933869707,0.5477225575051661,1.0,46.5,3.5,-4,474,4.9759656267028864,12.482736617036043,0.5789473684210527,44.73684210526316,9.526315789473685,-10,1374,5.4447796734245655,22.01602657966667,0.46511627906976744,40.2093023255814,14.906976744186046,-14,1767,5.416418100000553,20.92580836628093,0.4489795918367347,39.53061224489796,14.16326530612245,-13
2025-05-19 13:03:24.898321,139,57335.101679,13.056666666666667,11,38,62,0,-3.0,-0.5999999999999943,12.800000000000011,-17.099999999999994,-3.6999999999999886,4.599999999999994,18.0,-12.0,1.4000000000000057,0.0,0.0,0.1,1.0,0.1,14,47.9,24.3,49565.81,18391.81,100,19,-13.400000000000006,12.800000000000011,-8.299999999999997,7.700000000000003,9,0.0,0.0,0.0,0.0,11,100,15.5,32.0,5,-12.099999999999994,11.5,-6.099999999999994,5.5,13,0.0,0.0,0.0,0.0,48,100,13.4,30.6,0,-16.398802395209586,38,34,0.5773502691896258,3.605551275463989,0.6666666666666666,38.666666666666664,7.0,1,189,0.5477225575051661,18.03607496103296,0.4,38.4,13.4,0,485,0.4629100498862757,14.774495398683309,0.25,38.25,14.0,0,1385,1.1019463300386794,12.006149218113984,0.5238095238095238,38.714285714285715,9.047619047619047,4,1778,1.646891226599593,11.169377142660451,0.4444444444444444,39.407407407407405,8.296296296296296,4
2025-05-19 13:03:42.638006,139,57317.361994,13.061666666666667,1,14,86,1,-1.0,-2.5999999999999943,12.800000000000011,-19.099999999999994,-3.6999999999999886,2.5999999999999943,18.0,-14.0,1.4000000000000057,0.0,0.0,0.1,1.0,0.1,14,47.9,24.3,49565.81,18391.81,100,19,-15.400000000000006,12.800000000000011,-10.299999999999997,7.700000000000003,9,0.0,0.0,0.0,0.0,11,100,15.5,32.0,5,-14.099999999999994,11.5,-8.099999999999994,5.5,13,0.0,0.0,0.0,0.0,48,100,13.4,30.6,0,-8.443348185868874,-14,35,0.0,0.0,1.0,14.0,1.0,0,190,0.5175491695067657,24.588034255943043,0.625,14.375,12.5,1,486,1.2666473875533015,19.121502768659894,0.35714285714285715,14.714285714285714,10.357142857142858,3,1384,3.9853721135159867,19.18674162360702,0.2962962962962963,17.962962962962962,12.851851851851851,10,1779,4.179322178412157,17.90791859449603,0.375,18.78125,12.375,10
2025-05-19 13:04:41.717408,139,57258.282592,13.078055555555554,15,13,87,1,-1.0,-2.5999999999999943,12.800000000000011,-19.099999999999994,-3.6999999999999886,2.5999999999999943,18.0,-14.0,1.4000000000000057,0.0,0.0,0.1,1.0,0.1,14,47.9,24.3,49565.81,18391.81,100,19,-15.400000000000006,12.800000000000011,-10.299999999999997,7.700000000000003,9,0.0,0.0,0.0,0.0,11,100,15.5,32.0,5,-14.099999999999994,11.5,-8.099999999999994,5.5,13,0.0,0.0,0.0,0.0,48,100,13.4,30.6,0,-7.44603629417383,-13,48,0.7071067811865476,9.899494936611665,1.0,13.5,8.0,1,108,0.5773502691896257,5.291502622129181,0.5714285714285714,14.0,3.0,2,501,1.2983506020002014,18.46489590960049,0.4,14.6,10.666666666666666,4,1399,4.021766176023063,18.832455380575727,0.32142857142857145,17.785714285714285,12.928571428571429,11,1794,4.234821380083477,17.63180880732836,0.3939393939393939,18.606060606060606,12.454545454545455,11
2025-05-19 13:04:55.054746,139,57244.945254,13.081944444444444,1,4,96,1,1.0,-4.599999999999994,12.800000000000011,-21.099999999999994,-3.6999999999999886,0.5999999999999943,18.0,-16.0,1.4000000000000057,0.0,0.0,0.1,1.0,0.1,14,47.9,24.3,49565.81,18391.81,100,19,-17.400000000000006,12.800000000000011,-12.299999999999997,7.700000000000003,9,0.0,0.0,0.0,0.0,11,100,15.5,32.0,5,-16.099999999999994,11.5,-10.099999999999994,5.5,13,0.0,0.0,0.0,0.0,48,100,13.4,30.6,0,-2.218958611481976,-4,49,,,1.0,4.0,1.0,0,109,0.0,0.0,0.6666666666666666,4.0,1.0,0,502,0.37796447300922725,9.643650760992955,0.42857142857142855,4.142857142857143,7.0,1,1400,0.806225774829855,16.198765385053267,0.4375,4.625,13.0,0,1795,0.8207826816681233,45.25960206351099,0.55,4.6,23.3,0
2025-05-19 13:05:01.520462,139,57238.479538,13.08361111111111,1,38,62,0,-3.0,-0.5999999999999943,12.800000000000011,-17.099999999999994,-3.6999999999999886,4.599999999999994,18.0,-12.0,1.4000000000000057,0.0,0.0,0.1,1.0,0.1,14,47.9,24.3,49565.81,18391.81,100,19,-13.400000000000006,12.800000000000011,-8.299999999999997,7.700000000000003,9,0.0,0.0,0.0,0.0,11,100,15.5,32.0,5,-12.099999999999994,11.5,-6.099999999999994,5.5,13,0.0,0.0,0.0,0.0,48,100,13.4,30.6,0,-16.43488697739548,38,50,0.5773502691896257,4.203173404306164,0.5,38.5,5.5,1,110,0.5163977794943223,16.907591983090516,0.3333333333333333,38.333333333333336,11.333333333333334,0,503,0.44095855184409843,14.483707321600287,0.2222222222222222,38.22222222222222,12.555555555555555,0,1312,1.0861186305619104,11.841759697244019,0.5,38.68181818181818,8.681818181818182,4,1796,1.6378460497066514,11.046977608636414,0.42857142857142855,39.357142857142854,8.035714285714286,4
2025-05-19 13:05:38.577922,139,57201.422078,13.09388888888889,1,13,87,0,-1.0,-2.5999999999999943,12.800000000000011,-19.099999999999994,-3.6999999999999886,2.5999999999999943,18.0,-14.0,1.4000000000000057,0.0,0.0,0.1,1.0,0.1,14,47.9,24.3,49565.81,18391.81,100,19,-15.400000000000006,12.800000000000011,-10.299999999999997,7.700000000000003,9,0.0,0.0,0.0,0.0,11,100,15.5,32.0,5,-14.099999999999994,11.5,-8.099999999999994,5.5,13,0.0,0.0,0.0,0.0,48,100,13.4,30.6,0,-7.4817658349328156,13,19,0.5773502691896257,8.082903768654761,0.6666666666666666,13.333333333333334,5.666666666666667,1,54,0.5773502691896257,7.0,0.75,13.5,4.5,1,497,1.3165611772087666,18.001736027394692,0.375,14.5,10.0625,4,1311,3.9284271257768912,18.83245538057573,0.2857142857142857,17.392857142857142,12.928571428571429,10,1797,4.279558009396908,17.473381844502196,0.38235294117647056,18.441176470588236,12.117647058823529,11
2025-05-19 13:06:06.263124,139,57173.736876,13.101666666666667,1,13,87,1,-1.0,-2.5999999999999943,12.800000000000011,-19.099999999999994,-3.6999999999999886,2.5999999999999943,18.0,-14.0,1.4000000000000057,0.0,0.0,0.1,1.0,0.1,14,47.9,24.3,49565.81,18391.81,100,19,-15.400000000000006,12.800000000000011,-10.299999999999997,7.700000000000003,9,0.0,0.0,0.0,0.0,11,100,15.5,32.0,5,-14.099999999999994,11.5,-8.099999999999994,5.5,13,0.0,0.0,0.0,0.0,48,100,13.4,30.6,0,-7.48416,-13,19,0.0,8.082903768654761,0.6666666666666666,13.0,5.666666666666667,0,54,0.5477225575051662,6.260990336999411,0.8,13.4,3.8,1,498,1.3256518929102281,17.568144634034436,0.4117647058823529,14.411764705882353,9.529411764705882,4,1284,3.942942813376406,18.62529134892961,0.3103448275862069,17.24137931034483,12.517241379310345,10,1798,4.315304014724316,17.316771876862447,0.4,18.285714285714285,11.8,11
2025-05-19 13:08:29.009779,139,57030.990221,13.141388888888889,1,13,87,1,-1.0,-2.5999999999999943,12.800000000000011,-19.099999999999994,-3.6999999999999886,2.5999999999999943,18.0,-14.0,1.4000000000000057,0.0,0.0,0.1,1.0,0.1,14,47.9,24.3,49565.81,18391.81,100,19,-15.400000000000006,12.800000000000011,-10.299999999999997,7.700000000000003,9,0.0,0.0,0.0,0.0,11,100,15.5,32.0,5,-14.099999999999994,11.5,-8.099999999999994,5.5,13,0.0,0.0,0.0,0.0,48,100,13.4,30.6,0,-7.486555697823303,-13,1,,,1.0,13.0,1.0,0,21,0.4472135954999579,6.260990336999411,0.8,13.2,3.8,1,211,0.7929614610987591,20.337307112940504,0.6666666666666666,13.916666666666666,9.833333333333334,2,1085,2.886437551572948,19.60682371604039,0.4166666666666667,15.625,12.583333333333334,10,1799,4.343486274396757,17.16225093461977,0.4166666666666667,18.13888888888889,11.5,11
2025-05-19 13:08:29.207822,139,57030.792178,13.141388888888889,1,4,96,1,1.0,-4.599999999999994,12.800000000000011,-21.099999999999994,-3.6999999999999886,0.5999999999999943,18.0,-16.0,1.4000000000000057,0.0,0.0,0.1,1.0,0.1,14,47.9,24.3,49565.81,18391.81,100,19,-17.400000000000006,12.800000000000011,-12.299999999999997,7.700000000000003,9,0.0,0.0,0.0,0.0,11,100,15.5,32.0,5,-16.099999999999994,11.5,-10.099999999999994,5.5,13,0.0,0.0,0.0,0.0,48,100,13.4,30.6,0,-2.2219251336898393,-4,2,,,1.0,4.0,1.0,0,22,0.0,0.0,1.0,4.0,1.0,0,212,0.0,0.0,0.75,4.0,1.0,0,1086,0.8254203058555569,17.139537224316655,0.5714285714285714,4.714285714285714,14.071428571428571,2,1800,0.8106434833777777,44.381195073932794,0.5714285714285714,4.571428571428571,22.238095238095237,0
2025-05-19 13:10:28.470830,139,56911.52917,13.174444444444443,1,4,96,1,1.0,-4.599999999999994,12.800000000000011,-21.099999999999994,-3.6999999999999886,0.5999999999999943,18.0,-16.0,1.4000000000000057,0.0,0.0,0.1,1.0,0.1,14,47.9,24.3,49565.81,18391.81,100,19,-17.400000000000006,12.800000000000011,-12.299999999999997,7.700000000000003,9,0.0,0.0,0.0,0.0,11,100,15.5,32.0,5,-16.099999999999994,11.5,-10.099999999999994,5.5,13,0.0,0.0,0.0,0.0,48,100,13.4,30.6,0,-2.2248995983935744,-4,3,0.0,0.0,1.0,4.0,1.0,0,5,0.0,0.0,1.0,4.0,1.0,0,212,0.0,0.0,0.8,4.0,1.0,0,1086,0.816496580927726,16.857384986154543,0.6,4.666666666666667,13.2,2,1801,0.8004327833694972,43.54765514236408,0.5909090909090909,4.545454545454546,21.272727272727273,0
2025-05-19 13:12:03.085237,139,56816.914763,13.200833333333332,1,4,96,1,1.0,-4.599999999999994,12.800000000000011,-21.099999999999994,-3.6999999999999886,0.5999999999999943,18.0,-16.0,1.4000000000000057,0.0,0.0,0.1,1.0,0.1,14,47.9,24.3,49565.81,18391.81,100,19,-17.400000000000006,12.800000000000011,-12.299999999999997,7.700000000000003,9,0.0,0.0,0.0,0.0,11,100,15.5,32.0,5,-16.099999999999994,11.5,-10.099999999999994,5.5,13,0.0,0.0,0.0,0.0,48,100,13.4,30.6,0,-2.227882037533512,-4,2,0.0,0.0,1.0,4.0,1.0,0,4,0.0,0.0,1.0,4.0,1.0,0,213,0.0,0.0,0.8333333333333334,4.0,1.0,0,1087,0.806225774829855,16.568921711042837,0.625,4.625,12.4375,2,1802,0.7902568752334614,42.75590244253872,0.6086956521739131,4.521739130434782,20.391304347826086,0
2025-05-19 13:12:19.433234,139,56800.566766,13.205277777777777,4,12,88,0,-1.0,-2.5999999999999943,12.800000000000011,-19.099999999999994,-3.6999999999999886,2.5999999999999943,18.0,-14.0,1.4000000000000057,0.0,0.0,0.1,1.0,0.1,14,47.9,24.3,49565.81,18391.81,100,19,-15.400000000000006,12.800000000000011,-10.299999999999997,7.700000000000003,9,0.0,0.0,0.0,0.0,11,100,15.5,32.0,5,-14.099999999999994,11.5,-8.099999999999994,5.5,13,0.0,0.0,0.0,0.0,48,100,13.4,30.6,0,-6.488952929875126,12,6,,,0.0,12.0,4.0,0,8,0.7071067811865476,2.1213203435596424,0.5,12.5,2.5,1,217,0.9268086959962983,19.53858772420387,0.6153846153846154,13.76923076923077,9.384615384615385,3,1091,2.9171904291629644,19.27061666544863,0.4,15.48,12.24,11,1806,4.4000409498503945,16.96706755398178,0.40540540540540543,17.972972972972972,11.297297297297296,12
2025-05-19 13:13:47.305130,139,56712.69487,13.229722222222222,2,50,50,0,-5.0,1.4000000000000057,12.800000000000011,-15.099999999999994,-3.6999999999999886,6.599999999999994,18.0,-10.0,1.4000000000000057,0.0,0.0,0.1,1.0,0.1,14,47.9,24.3,49565.81,18391.81,100,19,-11.400000000000006,12.800000000000011,-6.299999999999997,7.700000000000003,9,0.0,0.0,0.0,0.0,11,100,15.5,32.0,5,-10.099999999999994,11.5,-4.099999999999994,5.5,13,0.0,0.0,0.0,0.0,48,100,13.4,30.6,0,31.890925564538605,-50,55,0.7071067811865476,32.526911934581186,0.0,49.5,25.0,1,56,0.7071067811865476,32.526911934581186,0.0,49.5,25.0,1,267,2.1213203435596424,15.82437089699664,0.75,47.25,8.875,-5,1072,5.349762581406707,17.801775917207014,0.53125,42.65625,12.25,-12,1856,5.656299628749885,21.11982620249346,0.43137254901960786,39.92156862745098,14.588235294117647,-14
2025-05-19 13:13:47.305130,139,56712.69487,13.229722222222222,48,49,51,0,-5.0,1.4000000000000057,12.800000000000011,-15.099999999999994,-3.6999999999999886,6.599999999999994,18.0,-10.0,1.4000000000000057,0.0,0.0,0.1,1.0,0.1,14,47.9,24.3,49565.81,18391.81,100,19,-11.400000000000006,12.800000000000011,-6.299999999999997,7.700000000000003,9,0.0,0.0,0.0,0.0,11,100,15.5,32.0,5,-10.099999999999994,11.5,-4.099999999999994,5.5,13,0.0,0.0,0.0,0.0,48,100,13.4,30.6,0,32.89537153213439,-51,55,0.7071067811865476,32.526911934581186,0.0,49.5,25.0,1,56,0.7071067811865476,32.526911934581186,0.0,49.5,25.0,1,267,2.1213203435596424,15.82437089699664,0.75,47.25,8.875,-5,1072,5.349762581406707,17.801775917207014,0.53125,42.65625,12.25,-12,1856,5.656299628749885,21.11982620249346,0.43137254901960786,39.92156862745098,14.588235294117647,-14
2025-05-19 13:15:39.650778,139,56600.349222,13.260833333333334,17,49,51,0,-5.0,1.4000000000000057,12.800000000000011,-15.099999999999994,-3.6999999999999886,6.599999999999994,18.0,-10.0,1.4000000000000057,0.0,0.0,0.1,1.0,0.1,14,47.9,24.3,49565.81,18391.81,100,19,-11.400000000000006,12.800000000000011,-6.299999999999997,7.700000000000003,9,0.0,0.0,0.0,0.0,11,100,15.5,32.0,5,-10.099999999999994,11.5,-4.099999999999994,5.5,13,0.0,0.0,0.0,0.0,48,100,13.4,30.6,0,33.00580500769338,-51,200,0.983192080250175,43.283561159713585,0.0,48.833333333333336,33.333333333333336,1,205,0.983192080250175,43.283561159713585,0.0,48.833333333333336,33.333333333333336,1,263,1.0137937550497034,37.29648479116735,0.3333333333333333,48.55555555555556,23.444444444444443,-2,1221,5.3762410896432336,24.018973981232236,0.4722222222222222,43.30555555555556,15.055555555555555,-12,2006,5.893556374041631,24.476154822237802,0.4,40.54545454545455,16.254545454545454,-14
2025-05-19 13:15:39.650778,139,56600.349222,13.260833333333334,14,49,51,0,-5.0,1.4000000000000057,12.800000000000011,-15.099999999999994,-3.6999999999999886,6.599999999999994,18.0,-10.0,1.4000000000000057,0.0,0.0,0.1,1.0,0.1,14,47.9,24.3,49565.81,18391.81,100,19,-11.400000000000006,12.800000000000011,-6.299999999999997,7.700000000000003,9,0.0,0.0,0.0,0.0,11,100,15.5,32.0,5,-10.099999999999994,11.5,-4.099999999999994,5.5,13,0.0,0.0,0.0,0.0,48,100,13.4,30.6,0,33.04509488131083,-51,200,0.983192080250175,43.283561159713585,0.0,48.833333333333336,33.333333333333336,1,205,0.983192080250175,43.283561159713585,0.0,48.833333333333336,33.333333333333336,1,263,1.0137937550497034,37.29648479116735,0.3333333333333333,48.55555555555556,23.444444444444443,-2,1221,5.3762410896432336,24.018973981232236,0.4722222222222222,43.30555555555556,15.055555555555555,-12,2006,5.893556374041631,24.476154822237802,0.4,40.54545454545455,16.254545454545454,-14
2025-05-19 13:15:39.650778,139,56600.349222,13.260833333333334,115,47,53,0,-5.0,1.4000000000000057,12.800000000000011,-15.099999999999994,-3.6999999999999886,6.599999999999994,18.0,-10.0,1.4000000000000057,0.0,0.0,0.1,1.0,0.1,14,47.9,24.3,49565.81,18391.81,100,19,-11.400000000000006,12.800000000000011,-6.299999999999997,7.700000000000003,9,0.0,0.0,0.0,0.0,11,100,15.5,32.0,5,-10.099999999999994,11.5,-4.099999999999994,5.5,13,0.0,0.0,0.0,0.0,48,100,13.4,30.6,0,35.07752155323473,-53,200,0.983192080250175,43.283561159713585,0.0,48.833333333333336,33.333333333333336,1,205,0.983192080250175,43.283561159713585,0.0,48.833333333333336,33.333333333333336,1,263,1.0137937550497034,37.29648479116735,0.3333333333333333,48.55555555555556,23.444444444444443,-2,1221,5.3762410896432336,24.018973981232236,0.4722222222222222,43.30555555555556,15.055555555555555,-12,2006,5.893556374041631,24.476154822237802,0.4,40.54545454545455,16.254545454545454,-14
2025-05-19 13:15:39.650778,139,56600.349222,13.260833333333334,4,49,51,0,-5.0,1.4000000000000057,12.800000000000011,-15.099999999999994,-3.6999999999999886,6.599999999999994,18.0,-10.0,1.4000000000000057,0.0,0.0,0.1,1.0,0.1,14,47.9,24.3,49565.81,18391.81,100,19,-11.400000000000006,12.800000000000011,-6.299999999999997,7.700000000000003,9,0.0,0.0,0.0,0.0,11,100,15.5,32.0,5,-10.099999999999994,11.5,-4.099999999999994,5.5,13,0.0,0.0,0.0,0.0,48,100,13.4,30.6,0,33.36256359525156,-51,200,0.983192080250175,43.283561159713585,0.0,48.833333333333336,33.333333333333336,1,205,0.983192080250175,43.283561159713585,0.0,48.833333333333336,33.333333333333336,1,263,1.0137937550497034,37.29648479116735,0.3333333333333333,48.55555555555556,23.444444444444443,-2,1221,5.3762410896432336,24.018973981232236,0.4722222222222222,43.30555555555556,15.055555555555555,-12,2006,5.893556374041631,24.476154822237802,0.4,40.54545454545455,16.254545454545454,-14
2025-05-19 13:16:15.024716,139,56564.975284,13.270833333333334,14,13,87,1,-1.0,-2.5999999999999943,12.800000000000011,-19.099999999999994,-3.6999999999999886,2.5999999999999943,18.0,-14.0,1.4000000000000057,0.0,0.0,0.1,1.0,0.1,14,47.9,24.3,49565.81,18391.81,100,19,-15.400000000000006,12.800000000000011,-10.299999999999997,7.700000000000003,9,0.0,0.0,0.0,0.0,11,100,15.5,32.0,5,-14.099999999999994,11.5,-8.099999999999994,5.5,13,0.0,0.0,0.0,0.0,48,100,13.4,30.6,0,-7.497274767553703,-13,164,,,1.0,13.0,14.0,0,219,0.7071067811865476,7.0710678118654755,0.5,12.5,9.0,-1,276,0.6408699444616557,6.112048990080401,0.75,13.125,4.75,1,1235,2.498666310921355,19.12955828031583,0.4,15.08,12.76,10,2020,4.4145111803678985,16.74195418318833,0.42105263157894735,17.842105263157894,11.368421052631579,11
2025-05-19 13:18:59.798791,139,56400.201209,13.31638888888889,4,47,53,0,-5.0,1.4000000000000057,12.800000000000011,-15.099999999999994,-3.6999999999999886,6.599999999999994,18.0,-10.0,1.4000000000000057,0.0,0.0,0.1,1.0,0.1,14,47.9,24.3,49565.81,18391.81,100,19,-11.400000000000006,12.800000000000011,-6.299999999999997,7.700000000000003,9,0.0,0.0,0.0,0.0,11,100,15.5,32.0,5,-10.099999999999994,11.5,-4.099999999999994,5.5,13,0.0,0.0,0.0,0.0,48,100,13.4,30.6,0,35.371996041843374,-53,50,0.9574271077563381,13.868429375143148,0.0,47.25,12.5,-1,214,1.1259916264596033,37.66013428395754,0.0,47.875,25.0,1,291,1.2292725943057181,34.93804039534368,0.0,48.2,25.0,2,1284,5.238907695899389,23.08979128399522,0.425,43.7,14.8,-11,2070,5.939348623289049,23.84576879983475,0.3728813559322034,41.0,16.0,-13
2025-05-19 13:18:59.798791,139,56400.201209,13.31638888888889,9,46,54,0,-5.0,1.4000000000000057,12.800000000000011,-15.099999999999994,-3.6999999999999886,6.599999999999994,18.0,-10.0,1.4000000000000057,0.0,0.0,0.1,1.0,0.1,14,47.9,24.3,49565.81,18391.81,100,19,-11.400000000000006,12.800000000000011,-6.299999999999997,7.700000000000003,9,0.0,0.0,0.0,0.0,11,100,15.5,32.0,5,-10.099999999999994,11.5,-4.099999999999994,5.5,13,0.0,0.0,0.0,0.0,48,100,13.4,30.6,0,36.381999434389144,-54,50,0.9574271077563381,13.868429375143148,0.0,47.25,12.5,-1,214,1.1259916264596033,37.66013428395754,0.0,47.875,25.0,1,291,1.2292725943057181,34.93804039534368,0.0,48.2,25.0,2,1284,5.238907695899389,23.08979128399522,0.425,43.7,14.8,-11,2070,5.939348623289049,23.84576879983475,0.3728813559322034,41.0,16.0,-13
2025-05-19 13:18:59.798791,139,56400.201209,13.31638888888889,33,48,52,0,-5.0,1.4000000000000057,12.800000000000011,-15.099999999999994,-3.6999999999999886,6.599999999999994,18.0,-10.0,1.4000000000000057,0.0,0.0,0.1,1.0,0.1,14,47.9,24.3,49565.81,18391.81,100,19,-11.400000000000006,12.800000000000011,-6.299999999999997,7.700000000000003,9,0.0,0.0,0.0,0.0,11,100,15.5,32.0,5,-10.099999999999994,11.5,-4.099999999999994,5.5,13,0.0,0.0,0.0,0.0,48,100,13.4,30.6,0,34.40516448532013,-52,50,0.9574271077563381,13.868429375143148,0.0,47.25,12.5,-1,214,1.1259916264596033,37.66013428395754,0.0,47.875,25.0,1,291,1.2292725943057181,34.93804039534368,0.0,48.2,25.0,2,1284,5.238907695899389,23.08979128399522,0.425,43.7,14.8,-11,2070,5.939348623289049,23.84576879983475,0.3728813559322034,41.0,16.0,-13
2025-05-19 13:18:59.798791,139,56400.201209,13.31638888888889,4,48,52,0,-5.0,1.4000000000000057,12.800000000000011,-15.099999999999994,-3.6999999999999886,6.599999999999994,18.0,-10.0,1.4000000000000057,0.0,0.0,0.1,1.0,0.1,14,47.9,24.3,49565.81,18391.81,100,19,-11.400000000000006,12.800000000000011,-6.299999999999997,7.700000000000003,9,0.0,0.0,0.0,0.0,11,100,15.5,32.0,5,-10.099999999999994,11.5,-4.099999999999994,5.5,13,0.0,0.0,0.0,0.0,48,100,13.4,30.6,0,34.485675790668,-52,50,0.9574271077563381,13.868429375143148,0.0,47.25,12.5,-1,214,1.1259916264596033,37.66013428395754,0.0,47.875,25.0,1,291,1.2292725943057181,34.93804039534368,0.0,48.2,25.0,2,1284,5.238907695899389,23.08979128399522,0.425,43.7,14.8,-11,2070,5.939348623289049,23.84576879983475,0.3728813559322034,41.0,16.0,-13
2025-05-19 13:19:19.696449,139,56380.303551,13.321944444444444,90,47,53,0,-5.0,1.4000000000000057,12.800000000000011,-15.099999999999994,-3.6999999999999886,6.599999999999994,18.0,-10.0,1.4000000000000057,0.0,0.0,0.1,1.0,0.1,14,47.9,24.3,49565.81,18391.81,100,19,-11.400000000000006,12.800000000000011,-6.299999999999997,7.700000000000003,9,0.0,0.0,0.0,0.0,11,100,15.5,32.0,5,-10.099999999999994,11.5,-4.099999999999994,5.5,13,0.0,0.0,0.0,0.0,48,100,13.4,30.6,0,35.495460348985674,-53,140,0.8366600265340756,36.68105778191245,0.0,47.2,28.0,0,304,1.092906420717,41.35751980528383,0.0,47.77777777777778,32.22222222222222,2,381,1.2210278829367864,38.50572566633318,0.0,48.09090909090909,30.90909090909091,3,1374,5.198616138560103,25.6463994525167,0.4146341463414634,43.78048780487805,16.634146341463413,-10,2160,5.9395257472036365,25.49999446106066,0.36666666666666664,41.1,17.233333333333334,-12
2025-05-19 13:19:41.071402,139,56358.928598,13.328055555555554,7,46,54,0,-5.0,1.4000000000000057,12.800000000000011,-15.099999999999994,-3.6999999999999886,6.599999999999994,18.0,-10.0,1.4000000000000057,0.0,0.0,0.1,1.0,0.1,14,47.9,24.3,49565.81,18391.81,100,19,-11.400000000000006,12.800000000000011,-6.299999999999997,7.700000000000003,9,0.0,0.0,0.0,0.0,11,100,15.5,32.0,5,-10.099999999999994,11.5,-4.099999999999994,5.5,13,0.0,0.0,0.0,0.0,48,100,13.4,30.6,0,36.72351513420902,-54,150,0.8997354108424372,32.00446397435386,0.0,46.857142857142854,21.428571428571427,1,314,1.2135597524338357,38.605934541443006,0.0,47.45454545454545,27.272727272727273,3,391,1.3634420996046583,36.481642731793976,0.0,47.76923076923077,26.923076923076923,4,1384,5.095326067072606,25.154582990067798,0.3953488372093023,43.883720930232556,16.093023255813954,-9,2170,5.9061942584646046,25.175575952444106,0.3548387096774194,41.25806451612903,16.838709677419356,-11
2025-05-19 13:19:41.071402,139,56358.928598,13.328055555555554,3,46,54,0,-5.0,1.4000000000000057,12.800000000000011,-15.099999999999994,-3.6999999999999886,6.599999999999994,18.0,-10.0,1.4000000000000057,0.0,0.0,0.1,1.0,0.1,14,47.9,24.3,49565.81,18391.81,100,19,-11.400000000000006,12.800000000000011,-6.299999999999997,7.700000000000003,9,0.0,0.0,0.0,0.0,11,100,15.5,32.0,5,-10.099999999999994,11.5,-4.099999999999994,5.5,13,0.0,0.0,0.0,0.0,48,100,13.4,30.6,0,36.74187558031569,-54,150,0.8997354108424372,32.00446397435386,0.0,46.857142857142854,21.428571428571427,1,314,1.2135597524338357,38.605934541443006,0.0,47.45454545454545,27.272727272727273,3,391,1.3634420996046583,36.481642731793976,0.0,47.76923076923077,26.923076923076923,4,1384,5.095326067072606,25.154582990067798,0.3953488372093023,43.883720930232556,16.093023255813954,-9,2170,5.9061942584646046,25.175575952444106,0.3548387096774194,41.25806451612903,16.838709677419356,-11
2025-05-19 13:20:18.191769,139,56321.808231,13.338333333333335,91,46,54,0,-5.0,1.4000000000000057,12.800000000000011,-15.099999999999994,-3.6999999999999886,6.599999999999994,18.0,-10.0,1.4000000000000057,0.0,0.0,0.1,1.0,0.1,14,47.9,24.3,49565.81,18391.81,100,19,-11.400000000000006,12.800000000000011,-6.299999999999997,7.700000000000003,9,0.0,0.0,0.0,0.0,11,100,15.5,32.0,5,-10.099999999999994,11.5,-4.099999999999994,5.5,13,0.0,0.0,0.0,0.0,48,100,13.4,30.6,0,36.74974996428061,-54,241,0.8864052604279183,38.50950717494503,0.0,46.75,30.125,1,405,1.2309149097933272,41.150407781771264,0.0,47.333333333333336,32.583333333333336,3,465,1.3926810257774176,39.0103536552502,0.0,47.642857142857146,31.5,4,1475,5.0458259391336355,27.30497828828046,0.38636363636363635,43.93181818181818,17.795454545454547,-9,2261,5.888753633396351,26.662461265941083,0.3492063492063492,41.333333333333336,18.015873015873016,-11
2025-05-19 13:20:50.924575,139,56289.075425,13.347222222222223,9,45,55,0,-5.0,1.4000000000000057,12.800000000000011,-15.099999999999994,-3.6999999999999886,6.599999999999994,18.0,-10.0,1.4000000000000057,0.0,0.0,0.1,1.0,0.1,14,47.9,24.3,49565.81,18391.81,100,19,-11.400000000000006,12.800000000000011,-6.299999999999997,7.700000000000003,9,0.0,0.0,0.0,0.0,11,100,15.5,32.0,5,-10.099999999999994,11.5,-4.099999999999994,5.5,13,0.0,0.0,0.0,0.0,48,100,13.4,30.6,0,37.99022075213921,-55,250,1.0137937550497034,36.704147510117224,0.0,46.55555555555556,27.77777777777778,2,264,1.0137937550497034,36.704147510117224,0.0,46.55555555555556,27.77777777777778,2,473,1.5055453054181622,38.037575407183134,0.0,47.46666666666667,30.0,5,1484,4.990698418765725,27.02473614369553,0.37777777777777777,43.955555555555556,17.6,-8,2270,5.859782723909528,26.47400641899552,0.34375,41.390625,17.875,-10
2025-05-19 13:21:19.933346,139,56260.066654,13.355277777777777,25,45,55,0,-5.0,1.4000000000000057,12.800000000000011,-15.099999999999994,-3.6999999999999886,6.599999999999994,18.0,-10.0,1.4000000000000057,0.0,0.0,0.1,1.0,0.1,14,47.9,24.3,49565.81,18391.81,100,19,-11.400000000000006,12.800000000000011,-6.299999999999997,7.700000000000003,9,0.0,0.0,0.0,0.0,11,100,15.5,32.0,5,-10.099999999999994,11.5,-4.099999999999994,5.5,13,0.0,0.0,0.0,0.0,48,100,13.4,30.6,0,38.01482227658656,-55,135,0.5477225575051661,36.742346141747674,0.0,45.6,27.0,1,275,1.0749676997731399,34.61614908937413,0.0,46.4,27.5,2,497,1.579820664927932,36.769042685389564,0.0,47.3125,29.6875,5,1509,4.9373368009474845,26.745038819363774,0.3695652173913043,43.97826086956522,17.76086956521739,-8,2295,5.831034345505224,26.28122684760711,0.3384615384615385,41.44615384615385,17.984615384615385,-10
2025-05-19 13:21:20.957457,139,56259.042543,13.355555555555556,25,46,54,1,-5.0,1.4000000000000057,12.800000000000011,-15.099999999999994,-3.6999999999999886,6.599999999999994,18.0,-10.0,1.4000000000000057,0.0,0.0,0.1,1.0,0.1,14,47.9,24.3,49565.81,18391.81,100,19,-11.400000000000006,12.800000000000011,-6.299999999999997,7.700000000000003,9,0.0,0.0,0.0,0.0,11,100,15.5,32.0,5,-10.099999999999994,11.5,-4.099999999999994,5.5,13,0.0,0.0,0.0,0.0,48,100,13.4,30.6,0,37.08332732646147,54,160,0.5163977794943222,32.87349489583769,0.16666666666666666,45.666666666666664,26.666666666666668,0,300,1.0269106361049412,32.84841216585943,0.09090909090909091,46.36363636363637,27.272727272727273,1,522,1.56242646885805,35.61962033684773,0.058823529411764705,47.23529411764706,29.41176470588235,4,1534,4.8922714636460585,26.473801477353977,0.3829787234042553,44.02127659574468,17.914893617021278,-9,2320,5.813095095736401,26.092573227306993,0.3484848484848485,41.515151515151516,18.09090909090909,-11
2025-05-19 13:21:38.224729,139,56241.775271,13.360555555555555,1,13,87,1,-1.0,-2.5999999999999943,12.800000000000011,-19.099999999999994,-3.6999999999999886,2.5999999999999943,18.0,-14.0,1.4000000000000057,0.0,0.0,0.1,1.0,0.1,14,47.9,24.3,49565.81,18391.81,100,19,-15.400000000000006,12.800000000000011,-10.299999999999997,7.700000000000003,9,0.0,0.0,0.0,0.0,11,100,15.5,32.0,5,-14.099999999999994,11.5,-8.099999999999994,5.5,13,0.0,0.0,0.0,0.0,48,100,13.4,30.6,0,-7.531078904991949,-13,161,,,1.0,13.0,1.0,0,301,,,1.0,13.0,1.0,0,523,0.5,6.164414002968976,0.75,12.75,5.0,0,1535,1.9087517736293877,19.12955828031583,0.4,14.68,12.76,6,2321,4.424505431468067,16.60341574209937,0.4358974358974359,17.71794871794872,11.102564102564102,11
2025-05-19 13:22:50.269334,139,56169.730666,13.380555555555556,1,13,87,1,-1.0,-2.5999999999999943,12.800000000000011,-19.099999999999994,-3.6999999999999886,2.5999999999999943,18.0,-14.0,1.4000000000000057,0.0,0.0,0.1,1.0,0.1,14,47.9,24.3,49565.81,18391.81,100,19,-15.400000000000006,12.800000000000011,-10.299999999999997,7.700000000000003,9,0.0,0.0,0.0,0.0,11,100,15.5,32.0,5,-14.099999999999994,11.5,-8.099999999999994,5.5,13,0.0,0.0,0.0,0.0,48,100,13.4,30.6,0,-7.533505154639175,-13,61,0.0,0.0,1.0,13.0,1.0,0,302,0.0,0.0,1.0,13.0,1.0,0,524,0.4472135954999579,5.6302753041037,0.8,12.8,4.2,0,1509,1.898987584518089,18.884425817629154,0.4230769230769231,14.615384615384615,12.307692307692308,6,2322,4.430662391874293,16.466827571102158,0.45,17.6,10.85,11
2025-05-19 13:23:04.232831,139,56155.767169,13.384444444444444,4,48,52,1,-5.0,1.4000000000000057,12.800000000000011,-15.099999999999994,-3.6999999999999886,6.599999999999994,18.0,-10.0,1.4000000000000057,0.0,0.0,0.1,1.0,0.1,14,47.9,24.3,49565.81,18391.81,100,19,-11.400000000000006,12.800000000000011,-6.299999999999997,7.700000000000003,9,0.0,0.0,0.0,0.0,11,100,15.5,32.0,5,-10.099999999999994,11.5,-4.099999999999994,5.5,13,0.0,0.0,0.0,0.0,48,100,13.4,30.6,0,35.15027440785673,52,74,1.3038404810405297,11.058933040759403,0.8,46.8,14.4,-2,324,1.0818177620697813,30.181502231053326,0.2857142857142857,46.642857142857146,23.0,0,546,1.4545753585442762,33.76217129460598,0.2,47.3,26.1,3,1531,4.755769857633515,26.050301289599545,0.40816326530612246,44.38775510204081,17.081632653061224,-10,2344,5.823051467121582,25.63895327385046,0.37681159420289856,41.78260869565217,17.6231884057971,-12
2025-05-19 13:23:04.232831,139,56155.767169,13.384444444444444,16,48,52,1,-5.0,1.4000000000000057,12.800000000000011,-15.099999999999994,-3.6999999999999886,6.599999999999994,18.0,-10.0,1.4000000000000057,0.0,0.0,0.1,1.0,0.1,14,47.9,24.3,49565.81,18391.81,100,19,-11.400000000000006,12.800000000000011,-6.299999999999997,7.700000000000003,9,0.0,0.0,0.0,0.0,11,100,15.5,32.0,5,-10.099999999999994,11.5,-4.099999999999994,5.5,13,0.0,0.0,0.0,0.0,48,100,13.4,30.6,0,35.16043051141288,52,74,1.3038404810405297,11.058933040759403,0.8,46.8,14.4,-2,324,1.0818177620697813,30.181502231053326,0.2857142857142857,46.642857142857146,23.0,0,546,1.4545753585442762,33.76217129460598,0.2,47.3,26.1,3,1531,4.755769857633515,26.050301289599545,0.40816326530612246,44.38775510204081,17.081632653061224,-10,2344,5.823051467121582,25.63895327385046,0.37681159420289856,41.78260869565217,17.6231884057971,-12
2025-05-19 13:23:04.232831,139,56155.767169,13.384444444444444,2,47,53,1,-5.0,1.4000000000000057,12.800000000000011,-15.099999999999994,-3.6999999999999886,6.599999999999994,18.0,-10.0,1.4000000000000057,0.0,0.0,0.1,1.0,0.1,14,47.9,24.3,49565.81,18391.81,100,19,-11.400000000000006,12.800000000000011,-6.299999999999997,7.700000000000003,9,0.0,0.0,0.0,0.0,11,100,15.5,32.0,5,-10.099999999999994,11.5,-4.099999999999994,5.5,13,0.0,0.0,0.0,0.0,48,100,13.4,30.6,0,36.201113682383564,53,74,1.3038404810405297,11.058933040759403,0.8,46.8,14.4,-2,324,1.0818177620697813,30.181502231053326,0.2857142857142857,46.642857142857146,23.0,0,546,1.4545753585442762,33.76217129460598,0.2,47.3,26.1,3,1531,4.755769857633515,26.050301289599545,0.40816326530612246,44.38775510204081,17.081632653061224,-10,2344,5.823051467121582,25.63895327385046,0.37681159420289856,41.78260869565217,17.6231884057971,-12
2025-05-19 13:23:14.263742,139,56145.736258,13.387222222222222,6,15,85,1,-1.0,-2.5999999999999943,12.800000000000011,-19.099999999999994,-3.6999999999999886,2.5999999999999943,18.0,-14.0,1.4000000000000057,0.0,0.0,0.1,1.0,0.1,14,47.9,24.3,49565.81,18391.81,100,19,-15.400000000000006,12.800000000000011,-10.299999999999997,7.700000000000003,9,0.0,0.0,0.0,0.0,11,100,15.5,32.0,5,-14.099999999999994,11.5,-8.099999999999994,5.5,13,0.0,0.0,0.0,0.0,48,100,13.4,30.6,0,-9.535932968095391,-15,94,0.9574271077563381,6.137317546507322,1.0,13.75,5.5,-1,344,0.9574271077563381,6.137317546507322,1.0,13.75,5.5,-1,566,0.9511897312113419,5.871642911161277,0.8571428571428571,13.285714285714286,5.857142857142857,-1,1551,1.8326116905841259,18.21418715607737,0.4642857142857143,14.607142857142858,12.142857142857142,5,2364,4.373993994176461,16.085500356499065,0.47619047619047616,17.452380952380953,10.80952380952381,10
2025-05-19 13:23:14.263742,139,56145.736258,13.387222222222222,14,14,86,1,-1.0,-2.5999999999999943,12.800000000000011,-19.099999999999994,-3.6999999999999886,2.5999999999999943,18.0,-14.0,1.4000000000000057,0.0,0.0,0.1,1.0,0.1,14,47.9,24.3,49565.81,18391.81,100,19,-15.400000000000006,12.800000000000011,-10.299999999999997,7.700000000000003,9,0.0,0.0,0.0,0.0,11,100,15.5,32.0,5,-14.099999999999994,11.5,-8.099999999999994,5.5,13,0.0,0.0,0.0,0.0,48,100,13.4,30.6,0,-8.55440749112044,-14,94,0.9574271077563381,6.137317546507322,1.0,13.75,5.5,-1,344,0.9574271077563381,6.137317546507322,1.0,13.75,5.5,-1,566,0.9511897312113419,5.871642911161277,0.8571428571428571,13.285714285714286,5.857142857142857,-1,1551,1.8326116905841259,18.21418715607737,0.4642857142857143,14.607142857142858,12.142857142857142,5,2364,4.373993994176461,16.085500356499065,0.47619047619047616,17.452380952380953,10.80952380952381,10
2025-05-19 13:23:59.533557,139,56100.466443,13.399722222222222,337,38,62,0,-3.0,-0.5999999999999943,12.800000000000011,-17.099999999999994,-3.6999999999999886,4.599999999999994,18.0,-12.0,1.4000000000000057,0.0,0.0,0.1,1.0,0.1,14,47.9,24.3,49565.81,18391.81,100,19,-13.400000000000006,12.800000000000011,-8.299999999999997,7.700000000000003,9,0.0,0.0,0.0,0.0,11,100,15.5,32.0,5,-12.099999999999994,11.5,-6.099999999999994,5.5,13,0.0,0.0,0.0,0.0,48,100,13.4,30.6,0,-16.438175270108047,38,386,0.0,192.83758278233353,0.0,38.0,114.33333333333333,0,687,0.0,192.83758278233353,0.0,38.0,114.33333333333333,0,907,0.0,192.83758278233353,0.0,38.0,114.33333333333333,0,1894,0.3233808333817773,77.92572297164523,0.4444444444444444,38.111111111111114,28.77777777777778,0,2707,1.6064386578049983,60.07905186600633,0.3870967741935484,39.225806451612904,18.322580645161292,4
2025-05-19 13:23:59.533557,139,56100.466443,13.399722222222222,2,38,62,0,-3.0,-0.5999999999999943,12.800000000000011,-17.099999999999994,-3.6999999999999886,4.599999999999994,18.0,-12.0,1.4000000000000057,0.0,0.0,0.1,1.0,0.1,14,47.9,24.3,49565.81,18391.81,100,19,-13.400000000000006,12.800000000000011,-8.299999999999997,7.700000000000003,9,0.0,0.0,0.0,0.0,11,100,15.5,32.0,5,-12.099999999999994,11.5,-6.099999999999994,5.5,13,0.0,0.0,0.0,0.0,48,100,13.4,30.6,0,-17.62668955159836,38,386,0.0,192.83758278233353,0.0,38.0,114.33333333333333,0,687,0.0,192.83758278233353,0.0,38.0,114.33333333333333,0,907,0.0,192.83758278233353,0.0,38.0,114.33333333333333,0,1894,0.3233808333817773,77.92572297164523,0.4444444444444444,38.111111111111114,28.77777777777778,0,2707,1.6064386578049983,60.07905186600633,0.3870967741935484,39.225806451612904,18.322580645161292,4
2025-05-19 13:23:59.533557,139,56100.466443,13.399722222222222,4,38,62,0,-3.0,-0.5999999999999943,12.800000000000011,-17.099999999999994,-3.6999999999999886,4.599999999999994,18.0,-12.0,1.4000000000000057,0.0,0.0,0.1,1.0,0.1,14,47.9,24.3,49565.81,18391.81,100,19,-13.400000000000006,12.800000000000011,-8.299999999999997,7.700000000000003,9,0.0,0.0,0.0,0.0,11,100,15.5,32.0,5,-12.099999999999994,11.5,-6.099999999999994,5.5,13,0.0,0.0,0.0,0.0,48,100,13.4,30.6,0,-17.63425627817128,38,386,0.0,192.83758278233353,0.0,38.0,114.33333333333333,0,687,0.0,192.83758278233353,0.0,38.0,114.33333333333333,0,907,0.0,192.83758278233353,0.0,38.0,114.33333333333333,0,1894,0.3233808333817773,77.92572297164523,0.4444444444444444,38.111111111111114,28.77777777777778,0,2707,1.6064386578049983,60.07905186600633,0.3870967741935484,39.225806451612904,18.322580645161292,4
2025-05-19 13:26:06.360542,139,55973.639458,13.435,4,50,50,1,-5.0,1.4000000000000057,12.800000000000011,-15.099999999999994,-3.6999999999999886,6.599999999999994,18.0,-10.0,1.4000000000000057,0.0,0.0,0.1,1.0,0.1,14,47.9,24.3,49565.81,18391.81,100,19,-11.400000000000006,12.800000000000011,-6.299999999999997,7.700000000000003,9,0.0,0.0,0.0,0.0,11,100,15.5,32.0,5,-10.099999999999994,11.5,-4.099999999999994,5.5,13,0.0,0.0,0.0,0.0,48,100,13.4,30.6,0,33.20635035440475,50,38,0.8944271909999159,6.066300355241241,1.0,50.4,7.6,-1,475,2.1705094128132942,9.140872800534726,0.9,48.6,11.0,-6,944,1.8466185312619388,31.07383679775211,0.36,47.92,22.4,-1,1932,4.861930149629282,25.001418548154145,0.46296296296296297,44.94444444444444,16.203703703703702,-14,2745,6.030911978843402,24.915139201330895,0.4189189189189189,42.36486486486486,16.945945945945947,-16
2025-05-19 13:26:06.360542,139,55973.639458,13.435,4,51,49,1,-5.0,1.4000000000000057,12.800000000000011,-15.099999999999994,-3.6999999999999886,6.599999999999994,18.0,-10.0,1.4000000000000057,0.0,0.0,0.1,1.0,0.1,14,47.9,24.3,49565.81,18391.81,100,19,-11.400000000000006,12.800000000000011,-6.299999999999997,7.700000000000003,9,0.0,0.0,0.0,0.0,11,100,15.5,32.0,5,-10.099999999999994,11.5,-4.099999999999994,5.5,13,0.0,0.0,0.0,0.0,48,100,13.4,30.6,0,32.215960063666614,49,38,0.8944271909999159,6.066300355241241,1.0,50.4,7.6,-1,475,2.1705094128132942,9.140872800534726,0.9,48.6,11.0,-6,944,1.8466185312619388,31.07383679775211,0.36,47.92,22.4,-1,1932,4.861930149629282,25.001418548154145,0.46296296296296297,44.94444444444444,16.203703703703702,-14,2745,6.030911978843402,24.915139201330895,0.4189189189189189,42.36486486486486,16.945945945945947,-16
2025-05-19 13:26:06.360542,139,55973.639458,13.435,4,49,51,1,-5.0,1.4000000000000057,12.800000000000011,-15.099999999999994,-3.6999999999999886,6.599999999999994,18.0,-10.0,1.4000000000000057,0.0,0.0,0.1,1.0,0.1,14,47.9,24.3,49565.81,18391.81,100,19,-11.400000000000006,12.800000000000011,-6.299999999999997,7.700000000000003,9,0.0,0.0,0.0,0.0,11,100,15.5,32.0,5,-10.099999999999994,11.5,-4.099999999999994,5.5,13,0.0,0.0,0.0,0.0,48,100,13.4,30.6,0,34.22528585902447,51,38,0.8944271909999159,6.066300355241241,1.0,50.4,7.6,-1,475,2.1705094128132942,9.140872800534726,0.9,48.6,11.0,-6,944,1.8466185312619388,31.07383679775211,0.36,47.92,22.4,-1,1932,4.861930149629282,25.001418548154145,0.46296296296296297,44.94444444444444,16.203703703703702,-14,2745,6.030911978843402,24.915139201330895,0.4189189189189189,42.36486486486486,16.945945945945947,-16
2025-05-19 13:26:06.360542,139,55973.639458,13.435,8,51,49,1,-5.0,1.4000000000000057,12.800000000000011,-15.099999999999994,-3.6999999999999886,6.599999999999994,18.0,-10.0,1.4000000000000057,0.0,0.0,0.1,1.0,0.1,14,47.9,24.3,49565.81,18391.81,100,19,-11.400000000000006,12.800000000000011,-6.299999999999997,7.700000000000003,9,0.0,0.0,0.0,0.0,11,100,15.5,32.0,5,-10.099999999999994,11.5,-4.099999999999994,5.5,13,0.0,0.0,0.0,0.0,48,100,13.4,30.6,0,32.23519617779064,49,38,0.8944271909999159,6.066300355241241,1.0,50.4,7.6,-1,475,2.1705094128132942,9.140872800534726,0.9,48.6,11.0,-6,944,1.8466185312619388,31.07383679775211,0.36,47.92,22.4,-1,1932,4.861930149629282,25.001418548154145,0.46296296296296297,44.94444444444444,16.203703703703702,-14,2745,6.030911978843402,24.915139201330895,0.4189189189189189,42.36486486486486,16.945945945945947,-16
2025-05-19 13:26:06.360542,139,55973.639458,13.435,18,51,49,1,-5.0,1.4000000000000057,12.800000000000011,-15.099999999999994,-3.6999999999999886,6.599999999999994,18.0,-10.0,1.4000000000000057,0.0,0.0,0.1,1.0,0.1,14,47.9,24.3,49565.81,18391.81,100,19,-11.400000000000006,12.800000000000011,-6.299999999999997,7.700000000000003,9,0.0,0.0,0.0,0.0,11,100,15.5,32.0,5,-10.099999999999994,11.5,-4.099999999999994,5.5,13,0.0,0.0,0.0,0.0,48,100,13.4,30.6,0,32.25387512675648,49,38,0.8944271909999159,6.066300355241241,1.0,50.4,7.6,-1,475,2.1705094128132942,9.140872800534726,0.9,48.6,11.0,-6,944,1.8466185312619388,31.07383679775211,0.36,47.92,22.4,-1,1932,4.861930149629282,25.001418548154145,0.46296296296296297,44.94444444444444,16.203703703703702,-14,2745,6.030911978843402,24.915139201330895,0.4189189189189189,42.36486486486486,16.945945945945947,-16
2025-05-19 13:27:21.548481,139,55898.451519,13.455833333333333,1,51,49,0,-5.0,1.4000000000000057,12.800000000000011,-15.099999999999994,-3.6999999999999886,6.599999999999994,18.0,-10.0,1.4000000000000057,0.0,0.0,0.1,1.0,0.1,14,47.9,24.3,49565.81,18391.81,100,19,-11.400000000000006,12.800000000000011,-6.299999999999997,7.700000000000003,9,0.0,0.0,0.0,0.0,11,100,15.5,32.0,5,-10.099999999999994,11.5,-4.099999999999994,5.5,13,0.0,0.0,0.0,0.0,48,100,13.4,30.6,0,32.29598201334494,-49,39,0.8366600265340756,6.058052492344384,0.8333333333333334,50.5,6.5,-1,425,1.5898986690282426,6.119186583561939,0.8888888888888888,49.55555555555556,6.777777777777778,-3,940,1.9074751737471025,30.733920123437652,0.34615384615384615,48.03846153846154,21.576923076923077,-1,1933,4.885421176044095,24.853537303537223,0.45454545454545453,45.054545454545455,15.927272727272728,-14,2746,6.072445520100991,24.814628060193968,0.41333333333333333,42.48,16.733333333333334,-16
2025-05-19 13:28:36.345203,139,55823.654797,13.476666666666667,4,51,49,1,-5.0,1.4000000000000057,12.800000000000011,-15.099999999999994,-3.6999999999999886,6.599999999999994,18.0,-10.0,1.4000000000000057,0.0,0.0,0.1,1.0,0.1,14,47.9,24.3,49565.81,18391.81,100,19,-11.400000000000006,12.800000000000011,-6.299999999999997,7.700000000000003,9,0.0,0.0,0.0,0.0,11,100,15.5,32.0,5,-10.099999999999994,11.5,-4.099999999999994,5.5,13,0.0,0.0,0.0,0.0,48,100,13.4,30.6,0,32.29832450859506,49,38,0.0,17.672954855748753,0.6666666666666666,51.0,12.666666666666666,0,419,0.7440238091428449,10.82325538564332,0.875,50.625,9.5,-1,977,1.9930434571835665,29.846786892908387,0.39285714285714285,48.25,21.357142857142858,-1,1970,4.9227109103386235,24.56368634217576,0.47368421052631576,45.26315789473684,16.017543859649123,-14,2783,6.1453125805149345,24.600290636186102,0.42857142857142855,42.701298701298704,16.77922077922078,-16
2025-05-19 13:28:36.345203,139,55823.654797,13.476666666666667,33,51,49,1,-5.0,1.4000000000000057,12.800000000000011,-15.099999999999994,-3.6999999999999886,6.599999999999994,18.0,-10.0,1.4000000000000057,0.0,0.0,0.1,1.0,0.1,14,47.9,24.3,49565.81,18391.81,100,19,-11.400000000000006,12.800000000000011,-6.299999999999997,7.700000000000003,9,0.0,0.0,0.0,0.0,11,100,15.5,32.0,5,-10.099999999999994,11.5,-4.099999999999994,5.5,13,0.0,0.0,0.0,0.0,48,100,13.4,30.6,0,32.30769788870347,49,38,0.0,17.672954855748753,0.6666666666666666,51.0,12.666666666666666,0,419,0.7440238091428449,10.82325538564332,0.875,50.625,9.5,-1,977,1.9930434571835665,29.846786892908387,0.39285714285714285,48.25,21.357142857142858,-1,1970,4.9227109103386235,24.56368634217576,0.47368421052631576,45.26315789473684,16.017543859649123,-14,2783,6.1453125805149345,24.600290636186102,0.42857142857142855,42.701298701298704,16.77922077922078,-16
2025-05-19 13:28:58.657632,139,55801.342368,13.482777777777779,2,41,59,1,-3.0,-0.5999999999999943,12.800000000000011,-17.099999999999994,-3.6999999999999886,4.599999999999994,18.0,-12.0,1.4000000000000057,0.0,0.0,0.1,1.0,0.1,14,47.9,24.3,49565.81,18391.81,100,19,-13.400000000000006,12.800000000000011,-8.299999999999997,7.700000000000003,9,0.0,0.0,0.0,0.0,11,100,15.5,32.0,5,-12.099999999999994,11.5,-6.099999999999994,5.5,13,0.0,0.0,0.0,0.0,48,100,13.4,30.6,0,-20.649409237379164,-41,557,1.1952286093343936,85.55438955090833,1.0,40.5,64.875,-1,938,1.5374122295716148,114.4318773133367,0.7272727272727273,39.81818181818182,78.36363636363636,-4,1446,1.5374122295716148,114.4318773133367,0.7272727272727273,39.81818181818182,78.36363636363636,-4,2489,1.317339977145086,80.420060643139,0.6153846153846154,38.84615384615385,39.88461538461539,-4,3302,1.603807884409622,67.5321286060352,0.5128205128205128,39.48717948717949,27.871794871794872,0
2025-05-19 13:28:58.657632,139,55801.342368,13.482777777777779,200,42,58,1,-3.0,-0.5999999999999943,12.800000000000011,-17.099999999999994,-3.6999999999999886,4.599999999999994,18.0,-12.0,1.4000000000000057,0.0,0.0,0.1,1.0,0.1,14,47.9,24.3,49565.81,18391.81,100,19,-13.400000000000006,12.800000000000011,-8.299999999999997,7.700000000000003,9,0.0,0.0,0.0,0.0,11,100,15.5,32.0,5,-12.099999999999994,11.5,-6.099999999999994,5.5,13,0.0,0.0,0.0,0.0,48,100,13.4,30.6,0,-21.658284977433915,-42,557,1.1952286093343936,85.55438955090833,1.0,40.5,64.875,-1,938,1.5374122295716148,114.4318773133367,0.7272727272727273,39.81818181818182,78.36363636363636,-4,1446,1.5374122295716148,114.4318773133367,0.7272727272727273,39.81818181818182,78.36363636363636,-4,2489,1.317339977145086,80.420060643139,0.6153846153846154,38.84615384615385,39.88461538461539,-4,3302,1.603807884409622,67.5321286060352,0.5128205128205128,39.48717948717949,27.871794871794872,0
2025-05-19 13:28:58.657632,139,55801.342368,13.482777777777779,50,39,61,1,-3.0,-0.5999999999999943,12.800000000000011,-17.099999999999994,-3.6999999999999886,4.599999999999994,18.0,-12.0,1.4000000000000057,0.0,0.0,0.1,1.0,0.1,14,47.9,24.3,49565.81,18391.81,100,19,-13.400000000000006,12.800000000000011,-8.299999999999997,7.700000000000003,9,0.0,0.0,0.0,0.0,11,100,15.5,32.0,5,-12.099999999999994,11.5,-6.099999999999994,5.5,13,0.0,0.0,0.0,0.0,48,100,13.4,30.6,0,-19.631035257130026,-39,557,1.1952286093343936,85.55438955090833,1.0,40.5,64.875,-1,938,1.5374122295716148,114.4318773133367,0.7272727272727273,39.81818181818182,78.36363636363636,-4,1446,1.5374122295716148,114.4318773133367,0.7272727272727273,39.81818181818182,78.36363636363636,-4,2489,1.317339977145086,80.420060643139,0.6153846153846154,38.84615384615385,39.88461538461539,-4,3302,1.603807884409622,67.5321286060352,0.5128205128205128,39.48717948717949,27.871794871794872,0
2025-05-19 13:28:58.657632,139,55801.342368,13.482777777777779,3,40,60,1,-3.0,-0.5999999999999943,12.800000000000011,-17.099999999999994,-3.6999999999999886,4.599999999999994,18.0,-12.0,1.4000000000000057,0.0,0.0,0.1,1.0,0.1,14,47.9,24.3,49565.81,18391.81,100,19,-13.400000000000006,12.800000000000011,-8.299999999999997,7.700000000000003,9,0.0,0.0,0.0,0.0,11,100,15.5,32.0,5,-12.099999999999994,11.5,-6.099999999999994,5.5,13,0.0,0.0,0.0,0.0,48,100,13.4,30.6,0,-20.853963206904382,-40,557,1.1952286093343936,85.55438955090833,1.0,40.5,64.875,-1,938,1.5374122295716148,114.4318773133367,0.7272727272727273,39.81818181818182,78.36363636363636,-4,1446,1.5374122295716148,114.4318773133367,0.7272727272727273,39.81818181818182,78.36363636363636,-4,2489,1.317339977145086,80.420060643139,0.6153846153846154,38.84615384615385,39.88461538461539,-4,3302,1.603807884409622,67.5321286060352,0.5128205128205128,39.48717948717949,27.871794871794872,0
2025-05-19 13:28:58.657632,139,55801.342368,13.482777777777779,4,39,61,1,-3.0,-0.5999999999999943,12.800000000000011,-17.099999999999994,-3.6999999999999886,4.599999999999994,18.0,-12.0,1.4000000000000057,0.0,0.0,0.1,1.0,0.1,14,47.9,24.3,49565.81,18391.81,100,19,-13.400000000000006,12.800000000000011,-8.299999999999997,7.700000000000003,9,0.0,0.0,0.0,0.0,11,100,15.5,32.0,5,-12.099999999999994,11.5,-6.099999999999994,5.5,13,0.0,0.0,0.0,0.0,48,100,13.4,30.6,0,-19.868181818181817,-39,557,1.1952286093343936,85.55438955090833,1.0,40.5,64.875,-1,938,1.5374122295716148,114.4318773133367,0.7272727272727273,39.81818181818182,78.36363636363636,-4,1446,1.5374122295716148,114.4318773133367,0.7272727272727273,39.81818181818182,78.36363636363636,-4,2489,1.317339977145086,80.420060643139,0.6153846153846154,38.84615384615385,39.88461538461539,-4,3302,1.603807884409622,67.5321286060352,0.5128205128205128,39.48717948717949,27.871794871794872,0
2025-05-19 13:28:58.657632,139,55801.342368,13.482777777777779,47,40,60,1,-3.0,-0.5999999999999943,12.800000000000011,-17.099999999999994,-3.6999999999999886,4.599999999999994,18.0,-12.0,1.4000000000000057,0.0,0.0,0.1,1.0,0.1,14,47.9,24.3,49565.81,18391.81,100,19,-13.400000000000006,12.800000000000011,-8.299999999999997,7.700000000000003,9,0.0,0.0,0.0,0.0,11,100,15.5,32.0,5,-12.099999999999994,11.5,-6.099999999999994,5.5,13,0.0,0.0,0.0,0.0,48,100,13.4,30.6,0,-20.886260236578707,-40,557,1.1952286093343936,85.55438955090833,1.0,40.5,64.875,-1,938,1.5374122295716148,114.4318773133367,0.7272727272727273,39.81818181818182,78.36363636363636,-4,1446,1.5374122295716148,114.4318773133367,0.7272727272727273,39.81818181818182,78.36363636363636,-4,2489,1.317339977145086,80.420060643139,0.6153846153846154,38.84615384615385,39.88461538461539,-4,3302,1.603807884409622,67.5321286060352,0.5128205128205128,39.48717948717949,27.871794871794872,0
2025-05-19 13:28:58.657632,139,55801.342368,13.482777777777779,200,41,59,1,-3.0,-0.5999999999999943,12.800000000000011,-17.099999999999994,-3.6999999999999886,4.599999999999994,18.0,-12.0,1.4000000000000057,0.0,0.0,0.1,1.0,0.1,14,47.9,24.3,49565.81,18391.81,100,19,-13.400000000000006,12.800000000000011,-8.299999999999997,7.700000000000003,9,0.0,0.0,0.0,0.0,11,100,15.5,32.0,5,-12.099999999999994,11.5,-6.099999999999994,5.5,13,0.0,0.0,0.0,0.0,48,100,13.4,30.6,0,-22.111979765463325,-41,557,1.1952286093343936,85.55438955090833,1.0,40.5,64.875,-1,938,1.5374122295716148,114.4318773133367,0.7272727272727273,39.81818181818182,78.36363636363636,-4,1446,1.5374122295716148,114.4318773133367,0.7272727272727273,39.81818181818182,78.36363636363636,-4,2489,1.317339977145086,80.420060643139,0.6153846153846154,38.84615384615385,39.88461538461539,-4,3302,1.603807884409622,67.5321286060352,0.5128205128205128,39.48717948717949,27.871794871794872,0
2025-05-19 13:28:58.657632,139,55801.342368,13.482777777777779,13,42,58,1,-3.0,-0.5999999999999943,12.800000000000011,-17.099999999999994,-3.6999999999999886,4.599999999999994,18.0,-12.0,1.4000000000000057,0.0,0.0,0.1,1.0,0.1,14,47.9,24.3,49565.81,18391.81,100,19,-13.400000000000006,12.800000000000011,-8.299999999999997,7.700000000000003,9,0.0,0.0,0.0,0.0,11,100,15.5,32.0,5,-12.099999999999994,11.5,-6.099999999999994,5.5,13,0.0,0.0,0.0,0.0,48,100,13.4,30.6,0,-24.177874186550977,-42,557,1.1952286093343936,85.55438955090833,1.0,40.5,64.875,-1,938,1.5374122295716148,114.4318773133367,0.7272727272727273,39.81818181818182,78.36363636363636,-4,1446,1.5374122295716148,114.4318773133367,0.7272727272727273,39.81818181818182,78.36363636363636,-4,2489,1.317339977145086,80.420060643139,0.6153846153846154,38.84615384615385,39.88461538461539,-4,3302,1.603807884409622,67.5321286060352,0.5128205128205128,39.48717948717949,27.871794871794872,0
2025-05-19 13:29:01.288233,139,55798.711767,13.48361111111111,3,50,50,0,-5.0,1.4000000000000057,12.800000000000011,-15.099999999999994,-3.6999999999999886,6.599999999999994,18.0,-10.0,1.4000000000000057,0.0,0.0,0.1,1.0,0.1,14,47.9,24.3,49565.81,18391.81,100,19,-11.400000000000006,12.800000000000011,-6.299999999999997,7.700000000000003,9,0.0,0.0,0.0,0.0,11,100,15.5,32.0,5,-10.099999999999994,11.5,-4.099999999999994,5.5,13,0.0,0.0,0.0,0.0,48,100,13.4,30.6,0,33.385236363636366,-50,560,0.5,15.217862311551295,0.5,50.75,10.25,1,598,0.7264831572567789,10.353474993664902,0.7777777777777778,50.55555555555556,8.777777777777779,0,1449,2.025478734167333,29.923311287432053,0.4074074074074074,48.22222222222222,20.40740740740741,-1,2492,4.918820726370602,24.40718805590124,0.46551724137931033,45.3448275862069,15.793103448275861,-13,3305,6.160955766549209,24.48977509592696,0.4230769230769231,42.794871794871796,16.602564102564102,-15
2025-05-19 13:29:27.435797,139,55772.564203,13.490833333333333,4,42,58,1,-3.0,-0.5999999999999943,12.800000000000011,-17.099999999999994,-3.6999999999999886,4.599999999999994,18.0,-12.0,1.4000000000000057,0.0,0.0,0.1,1.0,0.1,14,47.9,24.3,49565.81,18391.81,100,19,-13.400000000000006,12.800000000000011,-8.299999999999997,7.700000000000003,9,0.0,0.0,0.0,0.0,11,100,15.5,32.0,5,-12.099999999999994,11.5,-6.099999999999994,5.5,13,0.0,0.0,0.0,0.0,48,100,13.4,30.6,0,-24.253868471953577,-42,593,1.255755978254962,71.80600646256944,1.0,40.92307692307692,42.53846153846154,-2,632,1.255755978254962,71.80600646256944,1.0,40.92307692307692,42.53846153846154,-2,1483,1.6278820596099706,99.60254347488656,0.8125,40.375,56.0,-5,2526,1.636939184109513,74.50585601578683,0.6774193548387096,39.29032258064516,34.54838709677419,-5,3339,1.6894148755011251,63.891073233282235,0.5681818181818182,39.72727272727273,25.477272727272727,-1
2025-05-19 13:29:27.435797,139,55772.564203,13.490833333333333,4,40,60,1,-3.0,-0.5999999999999943,12.800000000000011,-17.099999999999994,-3.6999999999999886,4.599999999999994,18.0,-12.0,1.4000000000000057,0.0,0.0,0.1,1.0,0.1,14,47.9,24.3,49565.81,18391.81,100,19,-13.400000000000006,12.800000000000011,-8.299999999999997,7.700000000000003,9,0.0,0.0,0.0,0.0,11,100,15.5,32.0,5,-12.099999999999994,11.5,-6.099999999999994,5.5,13,0.0,0.0,0.0,0.0,48,100,13.4,30.6,0,-22.27734753146176,-40,593,1.255755978254962,71.80600646256944,1.0,40.92307692307692,42.53846153846154,-2,632,1.255755978254962,71.80600646256944,1.0,40.92307692307692,42.53846153846154,-2,1483,1.6278820596099706,99.60254347488656,0.8125,40.375,56.0,-5,2526,1.636939184109513,74.50585601578683,0.6774193548387096,39.29032258064516,34.54838709677419,-5,3339,1.6894148755011251,63.891073233282235,0.5681818181818182,39.72727272727273,25.477272727272727,-1
2025-05-19 13:29:27.435797,139,55772.564203,13.490833333333333,4,41,59,1,-3.0,-0.5999999999999943,12.800000000000011,-17.099999999999994,-3.6999999999999886,4.599999999999994,18.0,-12.0,1.4000000000000057,0.0,0.0,0.1,1.0,0.1,14,47.9,24.3,49565.81,18391.81,100,19,-13.400000000000006,12.800000000000011,-8.299999999999997,7.700000000000003,9,0.0,0.0,0.0,0.0,11,100,15.5,32.0,5,-12.099999999999994,11.5,-6.099999999999994,5.5,13,0.0,0.0,0.0,0.0,48,100,13.4,30.6,0,-23.29893410852713,-41,593,1.255755978254962,71.80600646256944,1.0,40.92307692307692,42.53846153846154,-2,632,1.255755978254962,71.80600646256944,1.0,40.92307692307692,42.53846153846154,-2,1483,1.6278820596099706,99.60254347488656,0.8125,40.375,56.0,-5,2526,1.636939184109513,74.50585601578683,0.6774193548387096,39.29032258064516,34.54838709677419,-5,3339,1.6894148755011251,63.891073233282235,0.5681818181818182,39.72727272727273,25.477272727272727,-1
2025-05-19 13:29:27.435797,139,55772.564203,13.490833333333333,1,42,58,1,-3.0,-0.5999999999999943,12.800000000000011,-17.099999999999994,-3.6999999999999886,4.599999999999994,18.0,-12.0,1.4000000000000057,0.0,0.0,0.1,1.0,0.1,14,47.9,24.3,49565.81,18391.81,100,19,-13.400000000000006,12.800000000000011,-8.299999999999997,7.700000000000003,9,0.0,0.0,0.0,0.0,11,100,15.5,32.0,5,-12.099999999999994,11.5,-6.099999999999994,5.5,13,0.0,0.0,0.0,0.0,48,100,13.4,30.6,0,-24.32153249272551,-42,593,1.255755978254962,71.80600646256944,1.0,40.92307692307692,42.53846153846154,-2,632,1.255755978254962,71.80600646256944,1.0,40.92307692307692,42.53846153846154,-2,1483,1.6278820596099706,99.60254347488656,0.8125,40.375,56.0,-5,2526,1.636939184109513,74.50585601578683,0.6774193548387096,39.29032258064516,34.54838709677419,-5,3339,1.6894148755011251,63.891073233282235,0.5681818181818182,39.72727272727273,25.477272727272727,-1
2025-05-19 13:29:27.435797,139,55772.564203,13.490833333333333,21,43,57,1,-3.0,-0.5999999999999943,12.800000000000011,-17.099999999999994,-3.6999999999999886,4.599999999999994,18.0,-12.0,1.4000000000000057,0.0,0.0,0.1,1.0,0.1,14,47.9,24.3,49565.81,18391.81,100,19,-13.400000000000006,12.800000000000011,-8.299999999999997,7.700000000000003,9,0.0,0.0,0.0,0.0,11,100,15.5,32.0,5,-12.099999999999994,11.5,-6.099999999999994,5.5,13,0.0,0.0,0.0,0.0,48,100,13.4,30.6,0,-25.327431481930635,-43,593,1.255755978254962,71.80600646256944,1.0,40.92307692307692,42.53846153846154,-2,632,1.255755978254962,71.80600646256944,1.0,40.92307692307692,42.53846153846154,-2,1483,1.6278820596099706,99.60254347488656,0.8125,40.375,56.0,-5,2526,1.636939184109513,74.50585601578683,0.6774193548387096,39.29032258064516,34.54838709677419,-5,3339,1.6894148755011251,63.891073233282235,0.5681818181818182,39.72727272727273,25.477272727272727,-1
2025-05-19 13:30:49.691960,139,55690.30804,13.51361111111111,3,41,59,1,-3.0,-0.5999999999999943,12.800000000000011,-17.099999999999994,-3.6999999999999886,4.599999999999994,18.0,-12.0,1.4000000000000057,0.0,0.0,0.1,1.0,0.1,14,47.9,24.3,49565.81,18391.81,100,19,-13.400000000000006,12.800000000000011,-8.299999999999997,7.700000000000003,9,0.0,0.0,0.0,0.0,11,100,15.5,32.0,5,-12.099999999999994,11.5,-6.099999999999994,5.5,13,0.0,0.0,0.0,0.0,48,100,13.4,30.6,0,-23.45709410043881,-41,559,1.2066664642907565,69.79357317936127,1.0,40.92857142857143,39.714285714285715,0,635,1.2066664642907565,69.79357317936127,1.0,40.92857142857143,39.714285714285715,0,1336,1.5834623270468011,97.29265282701283,0.8235294117647058,40.411764705882355,52.88235294117647,-3,2527,1.6384370010627851,73.50617156446468,0.6875,39.34375,33.5625,-3,3342,1.6808487514504469,63.24968159779323,0.5777777777777777,39.75555555555555,24.977777777777778,1
2025-05-19 13:30:49.951787,139,55690.048213,13.51361111111111,4,49,51,0,-5.0,1.4000000000000057,12.800000000000011,-15.099999999999994,-3.6999999999999886,6.599999999999994,18.0,-10.0,1.4000000000000057,0.0,0.0,0.1,1.0,0.1,14,47.9,24.3,49565.81,18391.81,100,19,-11.400000000000006,12.800000000000011,-6.299999999999997,7.700000000000003,9,0.0,0.0,0.0,0.0,11,100,15.5,32.0,5,-10.099999999999994,11.5,-4.099999999999994,5.5,13,0.0,0.0,0.0,0.0,48,100,13.4,30.6,0,34.39252200480105,-51,563,0.7071067811865476,0.7071067811865476,0.0,49.5,3.5,1,639,0.8432740427115678,9.87758405009376,0.7,50.4,8.3,1,1340,2.1260121204339084,24.654680303535986,0.4583333333333333,48.208333333333336,16.875,-2,2531,4.716857732343421,24.513614446529154,0.47368421052631576,45.70175438596491,16.105263157894736,-12,3346,6.161017000229573,24.373560094455357,0.4177215189873418,42.87341772151899,16.443037974683545,-14
2025-05-19 13:30:49.955135,139,55690.044865,13.51361111111111,4,13,87,0,-1.0,-2.5999999999999943,12.800000000000011,-19.099999999999994,-3.6999999999999886,2.5999999999999943,18.0,-14.0,1.4000000000000057,0.0,0.0,0.1,1.0,0.1,14,47.9,24.3,49565.81,18391.81,100,19,-15.400000000000006,12.800000000000011,-10.299999999999997,7.700000000000003,9,0.0,0.0,0.0,0.0,11,100,15.5,32.0,5,-14.099999999999994,11.5,-8.099999999999994,5.5,13,0.0,0.0,0.0,0.0,48,100,13.4,30.6,0,-7.593253324683744,13,567,,,0.0,13.0,4.0,0,643,,,0.0,13.0,4.0,0,1344,0.8366600265340756,5.988878581726855,0.8333333333333334,13.5,6.666666666666667,0,2535,1.8241672639581468,17.94977942150789,0.4482758620689655,14.551724137931034,11.862068965517242,6,3350,4.374622274470881,15.926742591255323,0.46511627906976744,17.348837209302324,10.651162790697674,11
2025-05-19 13:30:49.956842,139,55690.043158,13.51361111111111,4,40,60,0,-3.0,-0.5999999999999943,12.800000000000011,-17.099999999999994,-3.6999999999999886,4.599999999999994,18.0,-12.0,1.4000000000000057,0.0,0.0,0.1,1.0,0.1,14,47.9,24.3,49565.81,18391.81,100,19,-13.400000000000006,12.800000000000011,-8.299999999999997,7.700000000000003,9,0.0,0.0,0.0,0.0,11,100,15.5,32.0,5,-12.099999999999994,11.5,-6.099999999999994,5.5,13,0.0,0.0,0.0,0.0,48,100,13.4,30.6,0,-22.474262015125646,40,571,1.1872336794093272,67.88400470831176,0.9333333333333333,40.86666666666667,37.333333333333336,1,647,1.1872336794093272,67.88400470831176,0.9333333333333333,40.86666666666667,37.333333333333336,1,1348,1.5392469086379983,95.08834901104898,0.7777777777777778,40.388888888888886,50.166666666666664,-2,2539,1.6166744767071581,72.53131507608742,0.6666666666666666,39.36363636363637,32.666666666666664,-2,3354,1.6624584554033308,62.61939320847098,0.5652173913043478,39.76086956521739,24.52173913043478,2
2025-05-19 13:30:49.958232,139,55690.041768,13.51361111111111,4,3,97,0,1.0,-4.599999999999994,12.800000000000011,-21.099999999999994,-3.6999999999999886,0.5999999999999943,18.0,-16.0,1.4000000000000057,0.0,0.0,0.1,1.0,0.1,14,47.9,24.3,49565.81,18391.81,100,19,-17.400000000000006,12.800000000000011,-12.299999999999997,7.700000000000003,9,0.0,0.0,0.0,0.0,11,100,15.5,32.0,5,-16.099999999999994,11.5,-10.099999999999994,5.5,13,0.0,0.0,0.0,0.0,48,100,13.4,30.6,0,-1.230872483221475,3,575,,,0.0,3.0,4.0,0,651,,,0.0,3.0,4.0,0,1352,,,0.0,3.0,4.0,0,2543,0.8744746321952063,16.172780327742405,0.5882352941176471,4.529411764705882,11.941176470588236,3,3358,0.832970935693524,41.949741323415196,0.5833333333333334,4.458333333333333,19.708333333333332,1
2025-05-19 13:31:40.349364,139,55639.650636,13.527777777777779,50,50,50,1,-5.0,1.4000000000000057,12.800000000000011,-15.099999999999994,-3.6999999999999886,6.599999999999994,18.0,-10.0,1.4000000000000057,0.0,0.0,0.1,1.0,0.1,14,47.9,24.3,49565.81,18391.81,100,19,-11.400000000000006,12.800000000000011,-6.299999999999997,7.700000000000003,9,0.0,0.0,0.0,0.0,11,100,15.5,32.0,5,-10.099999999999994,11.5,-4.099999999999994,5.5,13,0.0,0.0,0.0,0.0,48,100,13.4,30.6,0,33.40253219821,50,153,1.0,40.149719799769464,0.6666666666666666,50.0,46.0,-2,747,0.7867957924694432,31.91058937540506,0.5714285714285714,50.42857142857143,25.571428571428573,0,1472,2.1368560658485745,27.71073105106784,0.5,48.38461538461539,20.73076923076923,-4,2677,4.717749416386517,26.008720382669587,0.4915254237288136,45.86440677966102,17.83050847457627,-14,3492,6.199487234869401,25.47088630932807,0.43209876543209874,43.06172839506173,17.691358024691358,-16
2025-05-19 13:31:40.349364,139,55639.650636,13.527777777777779,84,51,49,1,-5.0,1.4000000000000057,12.800000000000011,-15.099999999999994,-3.6999999999999886,6.599999999999994,18.0,-10.0,1.4000000000000057,0.0,0.0,0.1,1.0,0.1,14,47.9,24.3,49565.81,18391.81,100,19,-11.400000000000006,12.800000000000011,-6.299999999999997,7.700000000000003,9,0.0,0.0,0.0,0.0,11,100,15.5,32.0,5,-10.099999999999994,11.5,-4.099999999999994,5.5,13,0.0,0.0,0.0,0.0,48,100,13.4,30.6,0,32.52450157014533,49,153,1.0,40.149719799769464,0.6666666666666666,50.0,46.0,-2,747,0.7867957924694432,31.91058937540506,0.5714285714285714,50.42857142857143,25.571428571428573,0,1472,2.1368560658485745,27.71073105106784,0.5,48.38461538461539,20.73076923076923,-4,2677,4.717749416386517,26.008720382669587,0.4915254237288136,45.86440677966102,17.83050847457627,-14,3492,6.199487234869401,25.47088630932807,0.43209876543209874,43.06172839506173,17.691358024691358,-16
2025-05-19 13:32:14.149433,139,55605.850567,13.537222222222223,4,41,59,1,-3.0,-0.5999999999999943,12.800000000000011,-17.099999999999994,-3.6999999999999886,4.599999999999994,18.0,-12.0,1.4000000000000057,0.0,0.0,0.1,1.0,0.1,14,47.9,24.3,49565.81,18391.81,100,19,-13.400000000000006,12.800000000000011,-8.299999999999997,7.700000000000003,9,0.0,0.0,0.0,0.0,11,100,15.5,32.0,5,-12.099999999999994,11.5,-6.099999999999994,5.5,13,0.0,0.0,0.0,0.0,48,100,13.4,30.6,0,-23.496214896214894,-41,157,0.5773502691896258,0.5773502691896258,0.6666666666666666,40.666666666666664,3.6666666666666665,0,751,1.1474609652039003,66.10950511588078,0.9375,40.875,35.25,0,1476,1.5024346712987118,93.014241505304,0.7894736842105263,40.421052631578945,47.73684210526316,-3,2662,1.6219376739510734,72.66651463008837,0.6666666666666666,39.45454545454545,32.21212121212121,-3,3496,1.6541932253041054,62.00730314183337,0.574468085106383,39.787234042553195,24.085106382978722,1
2025-05-19 13:36:27.242463,139,55352.757537,13.6075,4,48,52,0,-5.0,1.4000000000000057,12.800000000000011,-15.099999999999994,-3.6999999999999886,6.599999999999994,18.0,-10.0,1.4000000000000057,0.0,0.0,0.1,1.0,0.1,14,47.9,24.3,49565.81,18391.81,100,19,-11.400000000000006,12.800000000000011,-6.299999999999997,7.700000000000003,9,0.0,0.0,0.0,0.0,11,100,15.5,32.0,5,-10.099999999999994,11.5,-4.099999999999994,5.5,13,0.0,0.0,0.0,0.0,48,100,13.4,30.6,0,35.72525534572709,-52,124,0.7071067811865476,82.02438661763951,0.0,47.5,62.0,1,262,1.8257418583505538,49.43345695646489,0.5,49.0,64.5,3,1300,1.5024489812224808,33.600485815815574,0.7058823529411765,49.588235294117645,21.352941176470587,1,2658,4.122790632254153,28.8193432516174,0.4642857142857143,46.642857142857146,18.75,-8,3620,6.162077724330772,27.59930644296744,0.42168674698795183,43.16867469879518,18.759036144578314,-12
2025-05-19 13:36:27.242463,139,55352.757537,13.6075,120,47,53,0,-5.0,1.4000000000000057,12.800000000000011,-15.099999999999994,-3.6999999999999886,6.599999999999994,18.0,-10.0,1.4000000000000057,0.0,0.0,0.1,1.0,0.1,14,47.9,24.3,49565.81,18391.81,100,19,-11.400000000000006,12.800000000000011,-6.299999999999997,7.700000000000003,9,0.0,0.0,0.0,0.0,11,100,15.5,32.0,5,-10.099999999999994,11.5,-4.099999999999994,5.5,13,0.0,0.0,0.0,0.0,48,100,13.4,30.6,0,36.73575891216464,-53,124,0.7071067811865476,82.02438661763951,0.0,47.5,62.0,1,262,1.8257418583505538,49.43345695646489,0.5,49.0,64.5,3,1300,1.5024489812224808,33.600485815815574,0.7058823529411765,49.588235294117645,21.352941176470587,1,2658,4.122790632254153,28.8193432516174,0.4642857142857143,46.642857142857146,18.75,-8,3620,6.162077724330772,27.59930644296744,0.42168674698795183,43.16867469879518,18.759036144578314,-12
2025-05-19 13:36:34.693471,139,55345.306529,13.609444444444444,131,37,63,0,-3.0,-0.5999999999999943,12.800000000000011,-17.099999999999994,-3.6999999999999886,4.599999999999994,18.0,-12.0,1.4000000000000057,0.0,0.0,0.1,1.0,0.1,14,47.9,24.3,49565.81,18391.81,100,19,-13.400000000000006,12.800000000000011,-8.299999999999997,7.700000000000003,9,0.0,0.0,0.0,0.0,11,100,15.5,32.0,5,-12.099999999999994,11.5,-6.099999999999994,5.5,13,0.0,0.0,0.0,0.0,48,100,13.4,30.6,0,-19.51918846247861,37,264,1.0,73.03652054508987,0.0,38.0,46.666666666666664,-2,402,1.707825127659933,63.33508769499995,0.25,38.75,36.0,2,1440,1.6592910393438378,89.01613502265918,0.6818181818181818,40.09090909090909,47.59090909090909,-1,2798,1.6351748504193213,73.44167778346723,0.5882352941176471,39.411764705882355,35.3235294117647,-1,3760,1.671367520252533,62.10135231364671,0.54,39.68,25.44,3
2025-05-19 13:36:34.693471,139,55345.306529,13.609444444444444,5,38,62,0,-3.0,-0.5999999999999943,12.800000000000011,-17.099999999999994,-3.6999999999999886,4.599999999999994,18.0,-12.0,1.4000000000000057,0.0,0.0,0.1,1.0,0.1,14,47.9,24.3,49565.81,18391.81,100,19,-13.400000000000006,12.800000000000011,-8.299999999999997,7.700000000000003,9,0.0,0.0,0.0,0.0,11,100,15.5,32.0,5,-12.099999999999994,11.5,-6.099999999999994,5.5,13,0.0,0.0,0.0,0.0,48,100,13.4,30.6,0,-21.164898989898987,38,264,1.0,73.03652054508987,0.0,38.0,46.666666666666664,-2,402,1.707825127659933,63.33508769499995,0.25,38.75,36.0,2,1440,1.6592910393438378,89.01613502265918,0.6818181818181818,40.09090909090909,47.59090909090909,-1,2798,1.6351748504193213,73.44167778346723,0.5882352941176471,39.411764705882355,35.3235294117647,-1,3760,1.671367520252533,62.10135231364671,0.54,39.68,25.44,3
2025-05-19 13:36:34.693471,139,55345.306529,13.609444444444444,4,39,61,0,-3.0,-0.5999999999999943,12.800000000000011,-17.099999999999994,-3.6999999999999886,4.599999999999994,18.0,-12.0,1.4000000000000057,0.0,0.0,0.1,1.0,0.1,14,47.9,24.3,49565.81,18391.81,100,19,-13.400000000000006,12.800000000000011,-8.299999999999997,7.700000000000003,9,0.0,0.0,0.0,0.0,11,100,15.5,32.0,5,-12.099999999999994,11.5,-6.099999999999994,5.5,13,0.0,0.0,0.0,0.0,48,100,13.4,30.6,0,-22.191656131479135,39,264,1.0,73.03652054508987,0.0,38.0,46.666666666666664,-2,402,1.707825127659933,63.33508769499995,0.25,38.75,36.0,2,1440,1.6592910393438378,89.01613502265918,0.6818181818181818,40.09090909090909,47.59090909090909,-1,2798,1.6351748504193213,73.44167778346723,0.5882352941176471,39.411764705882355,35.3235294117647,-1,3760,1.671367520252533,62.10135231364671,0.54,39.68,25.44,3
2025-05-19 13:44:53.944118,139,54846.055882,13.748055555555554,77,37,63,0,-3.0,-0.5999999999999943,12.800000000000011,-17.099999999999994,-3.6999999999999886,4.599999999999994,18.0,-12.0,1.4000000000000057,0.0,0.0,0.1,1.0,0.1,14,47.9,24.3,49565.81,18391.81,100,19,-13.400000000000006,12.800000000000011,-8.299999999999997,7.700000000000003,9,0.0,0.0,0.0,0.0,11,100,15.5,32.0,5,-12.099999999999994,11.5,-6.099999999999994,5.5,13,0.0,0.0,0.0,0.0,48,100,13.4,30.6,0,-20.214123006833717,37,77,,,0.0,37.0,77.0,0,77,,,0.0,37.0,77.0,0,498,1.7320508075688772,51.2277826407284,0.2857142857142857,39.0,32.57142857142857,4,2560,1.6845478956987914,75.65567559674555,0.53125,39.46875,38.65625,1,3837,1.6965940506052175,61.89969748730286,0.5294117647058824,39.627450980392155,26.45098039215686,5
2025-05-19 13:45:11.540314,139,54828.459686,13.753055555555555,17,11,89,0,-1.0,-2.5999999999999943,12.800000000000011,-19.099999999999994,-3.6999999999999886,2.5999999999999943,18.0,-14.0,1.4000000000000057,0.0,0.0,0.1,1.0,0.1,14,47.9,24.3,49565.81,18391.81,100,19,-15.400000000000006,12.800000000000011,-10.299999999999997,7.700000000000003,9,0.0,0.0,0.0,0.0,11,100,15.5,32.0,5,-14.099999999999994,11.5,-8.099999999999994,5.5,13,0.0,0.0,0.0,0.0,48,100,13.4,30.6,0,-5.603117895420596,11,154,1.5811388300841898,8.264381404557755,0.0,11.0,15.4,-2,154,1.5811388300841898,8.264381404557755,0.0,11.0,15.4,-2,575,1.632993161855452,8.734987120768983,0.0,11.333333333333334,13.5,0,2637,1.7564331673207403,14.038698567576139,0.43333333333333335,13.533333333333333,9.466666666666667,4,3914,4.5995200952254764,15.317893282365203,0.4166666666666667,16.6875,11.145833333333334,11
2025-05-19 13:45:11.540314,139,54828.459686,13.753055555555555,7,10,90,0,-1.0,-2.5999999999999943,12.800000000000011,-19.099999999999994,-3.6999999999999886,2.5999999999999943,18.0,-14.0,1.4000000000000057,0.0,0.0,0.1,1.0,0.1,14,47.9,24.3,49565.81,18391.81,100,19,-15.400000000000006,12.800000000000011,-10.299999999999997,7.700000000000003,9,0.0,0.0,0.0,0.0,11,100,15.5,32.0,5,-14.099999999999994,11.5,-8.099999999999994,5.5,13,0.0,0.0,0.0,0.0,48,100,13.4,30.6,0,-4.634225996081,10,154,1.5811388300841898,8.264381404557755,0.0,11.0,15.4,-2,154,1.5811388300841898,8.264381404557755,0.0,11.0,15.4,-2,575,1.632993161855452,8.734987120768983,0.0,11.333333333333334,13.5,0,2637,1.7564331673207403,14.038698567576139,0.43333333333333335,13.533333333333333,9.466666666666667,4,3914,4.5995200952254764,15.317893282365203,0.4166666666666667,16.6875,11.145833333333334,11
2025-05-19 13:45:11.540314,139,54828.459686,13.753055555555555,28,9,91,0,-1.0,-2.5999999999999943,12.800000000000011,-19.099999999999994,-3.6999999999999886,2.5999999999999943,18.0,-14.0,1.4000000000000057,0.0,0.0,0.1,1.0,0.1,14,47.9,24.3,49565.81,18391.81,100,19,-15.400000000000006,12.800000000000011,-10.299999999999997,7.700000000000003,9,0.0,0.0,0.0,0.0,11,100,15.5,32.0,5,-14.099999999999994,11.5,-8.099999999999994,5.5,13,0.0,0.0,0.0,0.0,48,100,13.4,30.6,0,-3.6448445171849357,9,154,1.5811388300841898,8.264381404557755,0.0,11.0,15.4,-2,154,1.5811388300841898,8.264381404557755,0.0,11.0,15.4,-2,575,1.632993161855452,8.734987120768983,0.0,11.333333333333334,13.5,0,2637,1.7564331673207403,14.038698567576139,0.43333333333333335,13.533333333333333,9.466666666666667,4,3914,4.5995200952254764,15.317893282365203,0.4166666666666667,16.6875,11.145833333333334,11
2025-05-19 13:45:11.540314,139,54828.459686,13.753055555555555,16,12,88,0,-1.0,-2.5999999999999943,12.800000000000011,-19.099999999999994,-3.6999999999999886,2.5999999999999943,18.0,-14.0,1.4000000000000057,0.0,0.0,0.1,1.0,0.1,14,47.9,24.3,49565.81,18391.81,100,19,-15.400000000000006,12.800000000000011,-10.299999999999997,7.700000000000003,9,0.0,0.0,0.0,0.0,11,100,15.5,32.0,5,-14.099999999999994,11.5,-8.099999999999994,5.5,13,0.0,0.0,0.0,0.0,48,100,13.4,30.6,0,-6.678559629996698,12,154,1.5811388300841898,8.264381404557755,0.0,11.0,15.4,-2,154,1.5811388300841898,8.264381404557755,0.0,11.0,15.4,-2,575,1.632993161855452,8.734987120768983,0.0,11.333333333333334,13.5,0,2637,1.7564331673207403,14.038698567576139,0.43333333333333335,13.533333333333333,9.466666666666667,4,3914,4.5995200952254764,15.317893282365203,0.4166666666666667,16.6875,11.145833333333334,11
2025-05-19 13:45:11.540314,139,54828.459686,13.753055555555555,9,13,87,0,-1.0,-2.5999999999999943,12.800000000000011,-19.099999999999994,-3.6999999999999886,2.5999999999999943,18.0,-14.0,1.4000000000000057,0.0,0.0,0.1,1.0,0.1,14,47.9,24.3,49565.81,18391.81,100,19,-15.400000000000006,12.800000000000011,-10.299999999999997,7.700000000000003,9,0.0,0.0,0.0,0.0,11,100,15.5,32.0,5,-14.099999999999994,11.5,-8.099999999999994,5.5,13,0.0,0.0,0.0,0.0,48,100,13.4,30.6,0,-7.714048488874127,13,154,1.5811388300841898,8.264381404557755,0.0,11.0,15.4,-2,154,1.5811388300841898,8.264381404557755,0.0,11.0,15.4,-2,575,1.632993161855452,8.734987120768983,0.0,11.333333333333334,13.5,0,2637,1.7564331673207403,14.038698567576139,0.43333333333333335,13.533333333333333,9.466666666666667,4,3914,4.5995200952254764,15.317893282365203,0.4166666666666667,16.6875,11.145833333333334,11
2025-05-19 13:58:27.126421,139,54032.873579,13.974166666666667,14,50,50,1,-5.0,1.4000000000000057,12.800000000000011,-15.099999999999994,-3.6999999999999886,6.599999999999994,18.0,-10.0,1.4000000000000057,0.0,0.0,0.1,1.0,0.1,14,47.9,24.3,49565.81,18391.81,100,19,-11.400000000000006,12.800000000000011,-6.299999999999997,7.700000000000003,9,0.0,0.0,0.0,0.0,11,100,15.5,32.0,5,-10.099999999999994,11.5,-4.099999999999994,5.5,13,0.0,0.0,0.0,0.0,48,100,13.4,30.6,0,34.06266221727846,50,19,0.5773502691896258,6.658328118479393,1.0,49.666666666666664,6.333333333333333,1,19,0.5773502691896258,6.658328118479393,1.0,49.666666666666664,6.333333333333333,1,173,0.5773502691896258,6.658328118479393,1.0,49.666666666666664,6.333333333333333,1,2344,1.9861090137241852,31.67618904446923,0.5116279069767442,48.23255813953488,21.0,-5,3933,6.170668892653643,27.223883052965316,0.4418604651162791,43.395348837209305,18.325581395348838,-14
2025-05-19 13:58:27.126421,139,54032.873579,13.974166666666667,2,50,50,1,-5.0,1.4000000000000057,12.800000000000011,-15.099999999999994,-3.6999999999999886,6.599999999999994,18.0,-10.0,1.4000000000000057,0.0,0.0,0.1,1.0,0.1,14,47.9,24.3,49565.81,18391.81,100,19,-11.400000000000006,12.800000000000011,-6.299999999999997,7.700000000000003,9,0.0,0.0,0.0,0.0,11,100,15.5,32.0,5,-10.099999999999994,11.5,-4.099999999999994,5.5,13,0.0,0.0,0.0,0.0,48,100,13.4,30.6,0,34.0980625046396,50,19,0.5773502691896258,6.658328118479393,1.0,49.666666666666664,6.333333333333333,1,19,0.5773502691896258,6.658328118479393,1.0,49.666666666666664,6.333333333333333,1,173,0.5773502691896258,6.658328118479393,1.0,49.666666666666664,6.333333333333333,1,2344,1.9861090137241852,31.67618904446923,0.5116279069767442,48.23255813953488,21.0,-5,3933,6.170668892653643,27.223883052965316,0.4418604651162791,43.395348837209305,18.325581395348838,-14
2025-05-19 13:58:27.126421,139,54032.873579,13.974166666666667,3,49,51,1,-5.0,1.4000000000000057,12.800000000000011,-15.099999999999994,-3.6999999999999886,6.599999999999994,18.0,-10.0,1.4000000000000057,0.0,0.0,0.1,1.0,0.1,14,47.9,24.3,49565.81,18391.81,100,19,-11.400000000000006,12.800000000000011,-6.299999999999997,7.700000000000003,9,0.0,0.0,0.0,0.0,11,100,15.5,32.0,5,-10.099999999999994,11.5,-4.099999999999994,5.5,13,0.0,0.0,0.0,0.0,48,100,13.4,30.6,0,35.10312569604277,51,19,0.5773502691896258,6.658328118479393,1.0,49.666666666666664,6.333333333333333,1,19,0.5773502691896258,6.658328118479393,1.0,49.666666666666664,6.333333333333333,1,173,0.5773502691896258,6.658328118479393,1.0,49.666666666666664,6.333333333333333,1,2344,1.9861090137241852,31.67618904446923,0.5116279069767442,48.23255813953488,21.0,-5,3933,6.170668892653643,27.223883052965316,0.4418604651162791,43.395348837209305,18.325581395348838,-14
2025-05-19 14:03:00.846881,139,53759.153119,14.05,2,50,50,1,-5.0,1.4000000000000057,11.5,-15.099999999999994,-5.0,6.599999999999994,16.69999999999999,-10.0,0.09999999999999432,0.0,0.0,0.1,1.0,0.1,14,47.9,24.3,49565.81,18391.81,100,19,-10.099999999999994,11.5,-4.099999999999994,5.5,13,0.0,0.0,0.0,0.0,48,100,13.4,30.6,0,-4.799999999999997,6.200000000000003,2.5999999999999943,-1.1999999999999886,13,0.0,0.0,0.0,0.0,42,82,13.0,30.2,0,34.110946086439924,50,3,0.0,0.7071067811865476,1.0,50.0,1.5,0,22,0.4472135954999579,5.412947441089743,1.0,49.8,4.4,0,22,0.4472135954999579,5.412947441089743,1.0,49.8,4.4,0,2190,1.8105703312786248,31.991360622385926,0.5,48.54761904761905,21.333333333333332,-3,3546,5.962858891443871,27.686370583268083,0.4578313253012048,44.0722891566265,18.397590361445783,-16
2025-05-19 14:03:00.846881,139,53759.153119,14.05,1,50,50,1,-5.0,1.4000000000000057,11.5,-15.099999999999994,-5.0,6.599999999999994,16.69999999999999,-10.0,0.09999999999999432,0.0,0.0,0.1,1.0,0.1,14,47.9,24.3,49565.81,18391.81,100,19,-10.099999999999994,11.5,-4.099999999999994,5.5,13,0.0,0.0,0.0,0.0,48,100,13.4,30.6,0,-4.799999999999997,6.200000000000003,2.5999999999999943,-1.1999999999999886,13,0.0,0.0,0.0,0.0,42,82,13.0,30.2,0,34.11601307189542,50,3,0.0,0.7071067811865476,1.0,50.0,1.5,0,22,0.4472135954999579,5.412947441089743,1.0,49.8,4.4,0,22,0.4472135954999579,5.412947441089743,1.0,49.8,4.4,0,2190,1.8105703312786248,31.991360622385926,0.5,48.54761904761905,21.333333333333332,-3,3546,5.962858891443871,27.686370583268083,0.4578313253012048,44.0722891566265,18.397590361445783,-16
2025-05-19 14:03:39.921107,139,53720.078893,14.060833333333335,15,12,88,1,-1.0,-2.5999999999999943,11.5,-19.099999999999994,-5.0,2.5999999999999943,16.69999999999999,-14.0,0.09999999999999432,0.0,0.0,0.1,1.0,0.1,14,47.9,24.3,49565.81,18391.81,100,19,-14.099999999999994,11.5,-8.099999999999994,5.5,13,0.0,0.0,0.0,0.0,48,100,13.4,30.6,0,-8.799999999999997,6.200000000000003,-1.4000000000000057,-1.1999999999999886,13,0.0,0.0,0.0,0.0,42,82,13.0,30.2,0,-6.737175216522319,-12,115,1.0954451150103321,16.31767957359951,1.0,13.0,18.666666666666668,-2,115,1.0954451150103321,16.31767957359951,1.0,13.0,18.666666666666668,-2,134,1.0954451150103321,16.31767957359951,1.0,13.0,18.666666666666668,-2,2270,1.362977442909978,11.303572487852781,0.6521739130434783,12.695652173913043,10.956521739130435,0,3654,4.2030601096955875,15.925195029722362,0.46,15.74,11.98,10
2025-05-19 14:03:39.921107,139,53720.078893,14.060833333333335,7,12,88,1,-1.0,-2.5999999999999943,11.5,-19.099999999999994,-5.0,2.5999999999999943,16.69999999999999,-14.0,0.09999999999999432,0.0,0.0,0.1,1.0,0.1,14,47.9,24.3,49565.81,18391.81,100,19,-14.099999999999994,11.5,-8.099999999999994,5.5,13,0.0,0.0,0.0,0.0,48,100,13.4,30.6,0,-8.799999999999997,6.200000000000003,-1.4000000000000057,-1.1999999999999886,13,0.0,0.0,0.0,0.0,42,82,13.0,30.2,0,-6.771007700033478,-12,115,1.0954451150103321,16.31767957359951,1.0,13.0,18.666666666666668,-2,115,1.0954451150103321,16.31767957359951,1.0,13.0,18.666666666666668,-2,134,1.0954451150103321,16.31767957359951,1.0,13.0,18.666666666666668,-2,2270,1.362977442909978,11.303572487852781,0.6521739130434783,12.695652173913043,10.956521739130435,0,3654,4.2030601096955875,15.925195029722362,0.46,15.74,11.98,10
2025-05-19 14:03:39.921107,139,53720.078893,14.060833333333335,50,12,88,1,-1.0,-2.5999999999999943,11.5,-19.099999999999994,-5.0,2.5999999999999943,16.69999999999999,-14.0,0.09999999999999432,0.0,0.0,0.1,1.0,0.1,14,47.9,24.3,49565.81,18391.81,100,19,-14.099999999999994,11.5,-8.099999999999994,5.5,13,0.0,0.0,0.0,0.0,48,100,13.4,30.6,0,-8.799999999999997,6.200000000000003,-1.4000000000000057,-1.1999999999999886,13,0.0,0.0,0.0,0.0,42,82,13.0,30.2,0,-6.7869127516778525,-12,115,1.0954451150103321,16.31767957359951,1.0,13.0,18.666666666666668,-2,115,1.0954451150103321,16.31767957359951,1.0,13.0,18.666666666666668,-2,134,1.0954451150103321,16.31767957359951,1.0,13.0,18.666666666666668,-2,2270,1.362977442909978,11.303572487852781,0.6521739130434783,12.695652173913043,10.956521739130435,0,3654,4.2030601096955875,15.925195029722362,0.46,15.74,11.98,10
2025-05-19 14:03:39.921107,139,53720.078893,14.060833333333335,22,14,86,1,-1.0,-2.5999999999999943,11.5,-19.099999999999994,-5.0,2.5999999999999943,16.69999999999999,-14.0,0.09999999999999432,0.0,0.0,0.1,1.0,0.1,14,47.9,24.3,49565.81,18391.81,100,19,-14.099999999999994,11.5,-8.099999999999994,5.5,13,0.0,0.0,0.0,0.0,48,100,13.4,30.6,0,-8.799999999999997,6.200000000000003,-1.4000000000000057,-1.1999999999999886,13,0.0,0.0,0.0,0.0,42,82,13.0,30.2,0,-8.902730375426621,-14,115,1.0954451150103321,16.31767957359951,1.0,13.0,18.666666666666668,-2,115,1.0954451150103321,16.31767957359951,1.0,13.0,18.666666666666668,-2,134,1.0954451150103321,16.31767957359951,1.0,13.0,18.666666666666668,-2,2270,1.362977442909978,11.303572487852781,0.6521739130434783,12.695652173913043,10.956521739130435,0,3654,4.2030601096955875,15.925195029722362,0.46,15.74,11.98,10
2025-05-19 14:03:39.921107,139,53720.078893,14.060833333333335,8,14,86,1,-1.0,-2.5999999999999943,11.5,-19.099999999999994,-5.0,2.5999999999999943,16.69999999999999,-14.0,0.09999999999999432,0.0,0.0,0.1,1.0,0.1,14,47.9,24.3,49565.81,18391.81,100,19,-14.099999999999994,11.5,-8.099999999999994,5.5,13,0.0,0.0,0.0,0.0,48,100,13.4,30.6,0,-8.799999999999997,6.200000000000003,-1.4000000000000057,-1.1999999999999886,13,0.0,0.0,0.0,0.0,42,82,13.0,30.2,0,-8.970082530949107,-14,115,1.0954451150103321,16.31767957359951,1.0,13.0,18.666666666666668,-2,115,1.0954451150103321,16.31767957359951,1.0,13.0,18.666666666666668,-2,134,1.0954451150103321,16.31767957359951,1.0,13.0,18.666666666666668,-2,2270,1.362977442909978,11.303572487852781,0.6521739130434783,12.695652173913043,10.956521739130435,0,3654,4.2030601096955875,15.925195029722362,0.46,15.74,11.98,10
2025-05-19 14:03:39.921107,139,53720.078893,14.060833333333335,10,14,86,1,-1.0,-2.5999999999999943,11.5,-19.099999999999994,-5.0,2.5999999999999943,16.69999999999999,-14.0,0.09999999999999432,0.0,0.0,0.1,1.0,0.1,14,47.9,24.3,49565.81,18391.81,100,19,-14.099999999999994,11.5,-8.099999999999994,5.5,13,0.0,0.0,0.0,0.0,48,100,13.4,30.6,0,-8.799999999999997,6.200000000000003,-1.4000000000000057,-1.1999999999999886,13,0.0,0.0,0.0,0.0,42,82,13.0,30.2,0,-8.994827586206895,-14,115,1.0954451150103321,16.31767957359951,1.0,13.0,18.666666666666668,-2,115,1.0954451150103321,16.31767957359951,1.0,13.0,18.666666666666668,-2,134,1.0954451150103321,16.31767957359951,1.0,13.0,18.666666666666668,-2,2270,1.362977442909978,11.303572487852781,0.6521739130434783,12.695652173913043,10.956521739130435,0,3654,4.2030601096955875,15.925195029722362,0.46,15.74,11.98,10
2025-05-19 14:18:51.466700,139,52808.5333,14.314166666666667,1,49,51,0,-5.0,1.4000000000000057,11.5,-15.099999999999994,-5.0,6.599999999999994,16.69999999999999,-10.0,0.09999999999999432,0.0,0.0,0.1,1.0,0.1,14,47.9,24.3,49565.81,18391.81,100,19,-10.099999999999994,11.5,-4.099999999999994,5.5,13,0.0,0.0,0.0,0.0,48,100,13.4,30.6,0,-4.799999999999997,6.200000000000003,2.5999999999999943,-1.1999999999999886,13,0.0,0.0,0.0,0.0,42,82,13.0,30.2,0,35.11854712916883,-51,1,,,0.0,49.0,1.0,0,1,,,0.0,49.0,1.0,0,1,,,0.0,49.0,1.0,0,2029,1.956979374174583,30.728991925241104,0.5294117647058824,48.55882352941177,20.176470588235293,-2,3263,4.84629161762519,27.40236196012652,0.5,45.857142857142854,17.542857142857144,-12
2025-05-19 14:32:01.480994,139,52018.519006,14.53361111111111,24,51,49,1,-5.0,1.4000000000000057,11.5,-15.099999999999994,-5.0,6.599999999999994,16.69999999999999,-10.0,0.09999999999999432,0.0,0.0,0.1,1.0,0.1,14,47.9,24.3,49565.81,18391.81,100,19,-10.099999999999994,11.5,-4.099999999999994,5.5,13,0.0,0.0,0.0,0.0,48,100,13.4,30.6,0,-4.799999999999997,6.200000000000003,2.5999999999999943,-1.1999999999999886,13,0.0,0.0,0.0,0.0,42,82,13.0,30.2,0,33.12115584608527,49,57,1.0,9.539392014169456,1.0,51.0,19.0,-1,57,1.0,9.539392014169456,1.0,51.0,19.0,-1,58,1.2909944487358056,11.902380714238083,0.75,50.5,14.5,-3,614,1.3618169680781096,34.8033436220247,0.7272727272727273,49.63636363636363,18.545454545454547,-4,3272,4.57049679945067,27.28055298978691,0.5285714285714286,46.457142857142856,17.942857142857143,-15
2025-05-19 14:32:01.480994,139,52018.519006,14.53361111111111,25,50,50,1,-5.0,1.4000000000000057,11.5,-15.099999999999994,-5.0,6.599999999999994,16.69999999999999,-10.0,0.09999999999999432,0.0,0.0,0.1,1.0,0.1,14,47.9,24.3,49565.81,18391.81,100,19,-10.099999999999994,11.5,-4.099999999999994,5.5,13,0.0,0.0,0.0,0.0,48,100,13.4,30.6,0,-4.799999999999997,6.200000000000003,2.5999999999999943,-1.1999999999999886,13,0.0,0.0,0.0,0.0,42,82,13.0,30.2,0,34.18030956987647,50,57,1.0,9.539392014169456,1.0,51.0,19.0,-1,57,1.0,9.539392014169456,1.0,51.0,19.0,-1,58,1.2909944487358056,11.902380714238083,0.75,50.5,14.5,-3,614,1.3618169680781096,34.8033436220247,0.7272727272727273,49.63636363636363,18.545454545454547,-4,3272,4.57049679945067,27.28055298978691,0.5285714285714286,46.457142857142856,17.942857142857143,-15
2025-05-19 14:32:01.480994,139,52018.519006,14.53361111111111,8,52,48,1,-5.0,1.4000000000000057,11.5,-15.099999999999994,-5.0,6.599999999999994,16.69999999999999,-10.0,0.09999999999999432,0.0,0.0,0.1,1.0,0.1,14,47.9,24.3,49565.81,18391.81,100,19,-10.099999999999994,11.5,-4.099999999999994,5.5,13,0.0,0.0,0.0,0.0,48,100,13.4,30.6,0,-4.799999999999997,6.200000000000003,2.5999999999999943,-1.1999999999999886,13,0.0,0.0,0.0,0.0,42,82,13.0,30.2,0,32.24401699843436,48,57,1.0,9.539392014169456,1.0,51.0,19.0,-1,57,1.0,9.539392014169456,1.0,51.0,19.0,-1,58,1.2909944487358056,11.902380714238083,0.75,50.5,14.5,-3,614,1.3618169680781096,34.8033436220247,0.7272727272727273,49.63636363636363,18.545454545454547,-4,3272,4.57049679945067,27.28055298978691,0.5285714285714286,46.457142857142856,17.942857142857143,-15
2025-05-19 14:34:53.090881,139,51846.909119,14.581388888888888,28,50,50,1,-5.0,1.4000000000000057,11.5,-15.099999999999994,-5.0,6.599999999999994,16.69999999999999,-10.0,0.09999999999999432,0.0,0.0,0.1,1.0,0.1,14,47.9,24.3,49565.81,18391.81,100,19,-10.099999999999994,11.5,-4.099999999999994,5.5,13,0.0,0.0,0.0,0.0,48,100,13.4,30.6,0,-4.799999999999997,6.200000000000003,2.5999999999999943,-1.1999999999999886,13,0.0,0.0,0.0,0.0,42,82,13.0,30.2,0,34.263259977620294,50,28,,,1.0,50.0,28.0,0,85,0.9574271077563381,8.99536917900909,1.0,50.75,21.25,1,85,0.9574271077563381,8.99536917900909,1.0,50.75,21.25,1,638,1.3026778945578592,33.29573637278594,0.75,49.666666666666664,19.333333333333332,-2,3296,4.317779812171281,27.346042727530527,0.5507246376811594,46.78260869565217,18.579710144927535,-12
2025-05-19 14:36:14.247684,139,51765.752316,14.60388888888889,7,51,49,1,-5.0,1.4000000000000057,11.5,-15.099999999999994,-5.0,6.599999999999994,16.69999999999999,-10.0,0.09999999999999432,0.0,0.0,0.1,1.0,0.1,14,47.9,24.3,49565.81,18391.81,100,19,-10.099999999999994,11.5,-4.099999999999994,5.5,13,0.0,0.0,0.0,0.0,48,100,13.4,30.6,0,-4.799999999999997,6.200000000000003,2.5999999999999943,-1.1999999999999886,13,0.0,0.0,0.0,0.0,42,82,13.0,30.2,0,33.33497794722284,49,131,0.816496580927726,16.75012437764767,1.0,51.333333333333336,21.833333333333332,-2,188,0.8333333333333333,14.146063449281964,1.0,51.22222222222222,20.88888888888889,-1,188,0.8333333333333333,14.146063449281964,1.0,51.22222222222222,20.88888888888889,-1,741,1.4374200745044001,29.10920109235728,0.8235294117647058,50.23529411764706,19.705882352941178,-4,3275,4.027970616042552,26.380439067467286,0.5633802816901409,47.478873239436616,17.760563380281692,-13
2025-05-19 14:36:14.247684,139,51765.752316,14.60388888888889,25,52,48,1,-5.0,1.4000000000000057,11.5,-15.099999999999994,-5.0,6.599999999999994,16.69999999999999,-10.0,0.09999999999999432,0.0,0.0,0.1,1.0,0.1,14,47.9,24.3,49565.81,18391.81,100,19,-10.099999999999994,11.5,-4.099999999999994,5.5,13,0.0,0.0,0.0,0.0,48,100,13.4,30.6,0,-4.799999999999997,6.200000000000003,2.5999999999999943,-1.1999999999999886,13,0.0,0.0,0.0,0.0,42,82,13.0,30.2,0,32.352430815258046,48,131,0.816496580927726,16.75012437764767,1.0,51.333333333333336,21.833333333333332,-2,188,0.8333333333333333,14.146063449281964,1.0,51.22222222222222,20.88888888888889,-1,188,0.8333333333333333,14.146063449281964,1.0,51.22222222222222,20.88888888888889,-1,741,1.4374200745044001,29.10920109235728,0.8235294117647058,50.23529411764706,19.705882352941178,-4,3275,4.027970616042552,26.380439067467286,0.5633802816901409,47.478873239436616,17.760563380281692,-13
2025-05-19 14:36:14.247684,139,51765.752316,14.60388888888889,4,52,48,1,-5.0,1.4000000000000057,11.5,-15.099999999999994,-5.0,6.599999999999994,16.69999999999999,-10.0,0.09999999999999432,0.0,0.0,0.1,1.0,0.1,14,47.9,24.3,49565.81,18391.81,100,19,-10.099999999999994,11.5,-4.099999999999994,5.5,13,0.0,0.0,0.0,0.0,48,100,13.4,30.6,0,-4.799999999999997,6.200000000000003,2.5999999999999943,-1.1999999999999886,13,0.0,0.0,0.0,0.0,42,82,13.0,30.2,0,32.41303859123268,48,131,0.816496580927726,16.75012437764767,1.0,51.333333333333336,21.833333333333332,-2,188,0.8333333333333333,14.146063449281964,1.0,51.22222222222222,20.88888888888889,-1,188,0.8333333333333333,14.146063449281964,1.0,51.22222222222222,20.88888888888889,-1,741,1.4374200745044001,29.10920109235728,0.8235294117647058,50.23529411764706,19.705882352941178,-4,3275,4.027970616042552,26.380439067467286,0.5633802816901409,47.478873239436616,17.760563380281692,-13
2025-05-19 14:36:14.247684,139,51765.752316,14.60388888888889,50,51,49,1,-5.0,1.4000000000000057,11.5,-15.099999999999994,-5.0,6.599999999999994,16.69999999999999,-10.0,0.09999999999999432,0.0,0.0,0.1,1.0,0.1,14,47.9,24.3,49565.81,18391.81,100,19,-10.099999999999994,11.5,-4.099999999999994,5.5,13,0.0,0.0,0.0,0.0,48,100,13.4,30.6,0,-4.799999999999997,6.200000000000003,2.5999999999999943,-1.1999999999999886,13,0.0,0.0,0.0,0.0,42,82,13.0,30.2,0,33.422756914774,49,131,0.816496580927726,16.75012437764767,1.0,51.333333333333336,21.833333333333332,-2,188,0.8333333333333333,14.146063449281964,1.0,51.22222222222222,20.88888888888889,-1,188,0.8333333333333333,14.146063449281964,1.0,51.22222222222222,20.88888888888889,-1,741,1.4374200745044001,29.10920109235728,0.8235294117647058,50.23529411764706,19.705882352941178,-4,3275,4.027970616042552,26.380439067467286,0.5633802816901409,47.478873239436616,17.760563380281692,-13
2025-05-19 14:36:14.247684,139,51765.752316,14.60388888888889,17,52,48,1,-5.0,1.4000000000000057,11.5,-15.099999999999994,-5.0,6.599999999999994,16.69999999999999,-10.0,0.09999999999999432,0.0,0.0,0.1,1.0,0.1,14,47.9,24.3,49565.81,18391.81,100,19,-10.099999999999994,11.5,-4.099999999999994,5.5,13,0.0,0.0,0.0,0.0,48,100,13.4,30.6,0,-4.799999999999997,6.200000000000003,2.5999999999999943,-1.1999999999999886,13,0.0,0.0,0.0,0.0,42,82,13.0,30.2,0,32.54849146038673,48,131,0.816496580927726,16.75012437764767,1.0,51.333333333333336,21.833333333333332,-2,188,0.8333333333333333,14.146063449281964,1.0,51.22222222222222,20.88888888888889,-1,188,0.8333333333333333,14.146063449281964,1.0,51.22222222222222,20.88888888888889,-1,741,1.4374200745044001,29.10920109235728,0.8235294117647058,50.23529411764706,19.705882352941178,-4,3275,4.027970616042552,26.380439067467286,0.5633802816901409,47.478873239436616,17.760563380281692,-13
2025-05-19 14:43:08.500630,139,51351.49937,14.71888888888889,3,51,49,1,-5.0,1.4000000000000057,11.5,-15.099999999999994,-5.0,6.599999999999994,16.69999999999999,-10.0,0.09999999999999432,0.0,0.0,0.1,1.0,0.1,14,47.9,24.3,49565.81,18391.81,100,19,-10.099999999999994,11.5,-4.099999999999994,5.5,13,0.0,0.0,0.0,0.0,48,100,13.4,30.6,0,-4.799999999999997,6.200000000000003,2.5999999999999943,-1.1999999999999886,13,0.0,0.0,0.0,0.0,42,82,13.0,30.2,0,33.59017628446587,49,3,,,1.0,51.0,3.0,0,3,,,1.0,51.0,3.0,0,191,0.7888106377466155,14.487159065109273,1.0,51.2,19.1,0,480,1.02469507659596,13.879841497654072,0.9375,50.625,13.375,-1,2963,3.6410209073942212,26.614428267132848,0.5652173913043478,47.91304347826087,18.231884057971016,-13
2025-05-19 14:47:54.939300,139,51065.0607,14.798333333333334,8,51,49,1,-5.0,1.4000000000000057,11.5,-15.099999999999994,-5.0,6.599999999999994,16.69999999999999,-10.0,0.09999999999999432,0.0,0.0,0.1,1.0,0.1,14,47.9,24.3,49565.81,18391.81,100,19,-10.099999999999994,11.5,-4.099999999999994,5.5,13,0.0,0.0,0.0,0.0,48,100,13.4,30.6,0,-4.799999999999997,6.200000000000003,2.5999999999999943,-1.1999999999999886,13,0.0,0.0,0.0,0.0,42,82,13.0,30.2,0,33.597769572752625,49,59,0.0,26.501572280401277,1.0,51.0,19.666666666666668,0,62,0.0,23.18764038591824,1.0,51.0,15.5,0,193,0.6324555320336759,18.595399670049815,1.0,51.2,19.3,-1,385,0.9459053029269173,15.624804092339097,0.9473684210526315,50.68421052631579,14.368421052631579,-1,3013,3.61700794564696,26.424720340439226,0.5833333333333334,48.041666666666664,18.291666666666668,-13
2025-05-19 14:47:54.939300,139,51065.0607,14.798333333333334,1,51,49,1,-5.0,1.4000000000000057,11.5,-15.099999999999994,-5.0,6.599999999999994,16.69999999999999,-10.0,0.09999999999999432,0.0,0.0,0.1,1.0,0.1,14,47.9,24.3,49565.81,18391.81,100,19,-10.099999999999994,11.5,-4.099999999999994,5.5,13,0.0,0.0,0.0,0.0,48,100,13.4,30.6,0,-4.799999999999997,6.200000000000003,2.5999999999999943,-1.1999999999999886,13,0.0,0.0,0.0,0.0,42,82,13.0,30.2,0,33.618035135338914,49,59,0.0,26.501572280401277,1.0,51.0,19.666666666666668,0,62,0.0,23.18764038591824,1.0,51.0,15.5,0,193,0.6324555320336759,18.595399670049815,1.0,51.2,19.3,-1,385,0.9459053029269173,15.624804092339097,0.9473684210526315,50.68421052631579,14.368421052631579,-1,3013,3.61700794564696,26.424720340439226,0.5833333333333334,48.041666666666664,18.291666666666668,-13
2025-05-19 14:47:54.939300,139,51065.0607,14.798333333333334,50,51,49,1,-5.0,1.4000000000000057,11.5,-15.099999999999994,-5.0,6.599999999999994,16.69999999999999,-10.0,0.09999999999999432,0.0,0.0,0.1,1.0,0.1,14,47.9,24.3,49565.81,18391.81,100,19,-10.099999999999994,11.5,-4.099999999999994,5.5,13,0.0,0.0,0.0,0.0,48,100,13.4,30.6,0,-4.799999999999997,6.200000000000003,2.5999999999999943,-1.1999999999999886,13,0.0,0.0,0.0,0.0,42,82,13.0,30.2,0,33.62057004976624,49,59,0.0,26.501572280401277,1.0,51.0,19.666666666666668,0,62,0.0,23.18764038591824,1.0,51.0,15.5,0,193,0.6324555320336759,18.595399670049815,1.0,51.2,19.3,-1,385,0.9459053029269173,15.624804092339097,0.9473684210526315,50.68421052631579,14.368421052631579,-1,3013,3.61700794564696,26.424720340439226,0.5833333333333334,48.041666666666664,18.291666666666668,-13
2025-05-19 14:51:04.650101,139,50875.349899,14.851111111111111,24,39,61,1,-3.0,-0.5999999999999943,11.5,-17.099999999999994,-5.0,4.599999999999994,16.69999999999999,-12.0,0.09999999999999432,0.0,0.0,0.1,1.0,0.1,14,47.9,24.3,49565.81,18391.81,100,19,-12.099999999999994,11.5,-6.099999999999994,5.5,13,0.0,0.0,0.0,0.0,48,100,13.4,30.6,0,-6.799999999999997,6.200000000000003,0.5999999999999943,-1.1999999999999886,13,0.0,0.0,0.0,0.0,42,82,13.0,30.2,0,-22.615900877645846,-39,74,0.7071067811865476,18.384776310850235,1.0,38.5,37.0,1,133,0.7071067811865476,18.384776310850235,1.0,38.5,37.0,1,239,0.7071067811865476,18.384776310850235,1.0,38.5,37.0,1,459,0.7071067811865476,18.384776310850235,1.0,38.5,37.0,1,3073,1.653602991062217,73.3981220040778,0.5588235294117647,39.411764705882355,38.55882352941177,0
2025-05-19 14:51:04.650101,139,50875.349899,14.851111111111111,50,38,62,1,-3.0,-0.5999999999999943,11.5,-17.099999999999994,-5.0,4.599999999999994,16.69999999999999,-12.0,0.09999999999999432,0.0,0.0,0.1,1.0,0.1,14,47.9,24.3,49565.81,18391.81,100,19,-12.099999999999994,11.5,-6.099999999999994,5.5,13,0.0,0.0,0.0,0.0,48,100,13.4,30.6,0,-6.799999999999997,6.200000000000003,0.5999999999999943,-1.1999999999999886,13,0.0,0.0,0.0,0.0,42,82,13.0,30.2,0,-21.756883116883117,-38,74,0.7071067811865476,18.384776310850235,1.0,38.5,37.0,1,133,0.7071067811865476,18.384776310850235,1.0,38.5,37.0,1,239,0.7071067811865476,18.384776310850235,1.0,38.5,37.0,1,459,0.7071067811865476,18.384776310850235,1.0,38.5,37.0,1,3073,1.653602991062217,73.3981220040778,0.5588235294117647,39.411764705882355,38.55882352941177,0
2025-05-19 14:52:16.147792,139,50803.852208,14.871111111111112,100,11,89,0,-1.0,-2.5999999999999943,11.5,-19.099999999999994,-5.0,2.5999999999999943,16.69999999999999,-14.0,0.09999999999999432,0.0,0.0,0.1,1.0,0.1,14,47.9,24.3,49565.81,18391.81,100,19,-14.099999999999994,11.5,-8.099999999999994,5.5,13,0.0,0.0,0.0,0.0,48,100,13.4,30.6,0,-8.799999999999997,6.200000000000003,-1.4000000000000057,-1.1999999999999886,13,0.0,0.0,0.0,0.0,42,82,13.0,30.2,0,-6.025951557093421,11,174,,,0.0,11.0,100.0,0,233,,,0.0,11.0,100.0,0,236,,,0.0,11.0,100.0,0,559,1.2535663410560174,34.15998773279584,0.8571428571428571,12.714285714285714,30.285714285714285,1,3169,1.6890390323651059,20.5324397254949,0.5135135135135135,13.378378378378379,13.405405405405405,6
2025-05-19 14:52:34.245413,139,50785.754587,14.876111111111111,100,10,90,0,-1.0,-2.5999999999999943,11.5,-19.099999999999994,-5.0,2.5999999999999943,16.69999999999999,-14.0,0.09999999999999432,0.0,0.0,0.1,1.0,0.1,14,47.9,24.3,49565.81,18391.81,100,19,-14.099999999999994,11.5,-8.099999999999994,5.5,13,0.0,0.0,0.0,0.0,48,100,13.4,30.6,0,-8.799999999999997,6.200000000000003,-1.4000000000000057,-1.1999999999999886,13,0.0,0.0,0.0,0.0,42,82,13.0,30.2,0,-5.241935483870975,10,274,0.7071067811865476,0.0,0.0,10.5,100.0,1,333,0.7071067811865476,0.0,0.0,10.5,100.0,1,336,0.7071067811865476,0.0,0.0,10.5,100.0,1,659,1.5059406173077154,40.096312619919125,0.75,12.375,39.0,2,3269,1.7538820992893682,24.647904645505676,0.5,13.289473684210526,15.68421052631579,7
2025-05-19 14:57:59.038395,139,50460.961605,14.966388888888888,276,39,61,1,-3.0,-0.5999999999999943,11.5,-17.099999999999994,-5.0,4.599999999999994,16.69999999999999,-12.0,0.09999999999999432,0.0,0.0,0.1,1.0,0.1,14,47.9,24.3,49565.81,18391.81,100,19,-12.099999999999994,11.5,-6.099999999999994,5.5,13,0.0,0.0,0.0,0.0,48,100,13.4,30.6,0,-6.799999999999997,6.200000000000003,0.5999999999999943,-1.1999999999999886,13,0.0,0.0,0.0,0.0,42,82,13.0,30.2,0,-23.043157894736844,-39,326,0.0,159.80613254815975,1.0,39.0,163.0,0,326,0.0,159.80613254815975,1.0,39.0,163.0,0,662,0.5,117.97174803033705,1.0,38.75,100.0,0,985,0.5,117.97174803033705,1.0,38.75,100.0,0,3310,1.6225214197586908,84.65150260886922,0.6363636363636364,39.515151515151516,48.24242424242424,-1
2025-05-19 14:57:59.038395,139,50460.961605,14.966388888888888,50,39,61,1,-3.0,-0.5999999999999943,11.5,-17.099999999999994,-5.0,4.599999999999994,16.69999999999999,-12.0,0.09999999999999432,0.0,0.0,0.1,1.0,0.1,14,47.9,24.3,49565.81,18391.81,100,19,-12.099999999999994,11.5,-6.099999999999994,5.5,13,0.0,0.0,0.0,0.0,48,100,13.4,30.6,0,-6.799999999999997,6.200000000000003,0.5999999999999943,-1.1999999999999886,13,0.0,0.0,0.0,0.0,42,82,13.0,30.2,0,-24.84790011350738,-39,326,0.0,159.80613254815975,1.0,39.0,163.0,0,326,0.0,159.80613254815975,1.0,39.0,163.0,0,662,0.5,117.97174803033705,1.0,38.75,100.0,0,985,0.5,117.97174803033705,1.0,38.75,100.0,0,3310,1.6225214197586908,84.65150260886922,0.6363636363636364,39.515151515151516,48.24242424242424,-1
2025-05-19 15:03:53.303476,139,50106.696524,15.064722222222223,10,37,63,0,-3.0,-0.5999999999999943,6.200000000000003,-17.099999999999994,-10.299999999999997,4.599999999999994,11.399999999999991,-12.0,-5.200000000000003,0.0,0.0,0.1,1.0,0.1,14,47.9,24.3,49565.81,18391.81,100,19,-6.799999999999997,6.200000000000003,0.5999999999999943,-1.1999999999999886,13,0.0,0.0,0.0,0.0,42,82,13.0,30.2,0,-5.299999999999997,4.700000000000003,-2.4000000000000057,1.8000000000000114,14,0.0,0.0,0.0,0.0,100,100,20.2,32.4,0,-23.205526770293602,37,10,,,0.0,37.0,10.0,0,10,,,0.0,37.0,10.0,0,610,0.8944271909999159,109.80892495603443,0.8,38.4,82.0,2,861,0.8944271909999159,109.80892495603443,0.8,38.4,82.0,2,3130,1.71992095132821,89.19518366020297,0.6551724137931034,39.62068965517241,52.93103448275862,1
2025-05-19 15:08:51.201534,139,49808.798466,15.147499999999999,40,14,86,1,-1.0,-2.5999999999999943,6.200000000000003,-19.099999999999994,-10.299999999999997,2.5999999999999943,11.399999999999991,-14.0,-5.200000000000003,0.0,0.0,0.1,1.0,0.1,14,47.9,24.3,49565.81,18391.81,100,19,-8.799999999999997,6.200000000000003,-1.4000000000000057,-1.1999999999999886,13,0.0,0.0,0.0,0.0,42,82,13.0,30.2,0,-7.299999999999997,4.700000000000003,-4.400000000000006,1.8000000000000114,14,0.0,0.0,0.0,0.0,100,100,20.2,32.4,0,-9.436802973977695,-14,162,1.2583057392117916,23.79775899813538,1.0,14.25,40.5,0,172,1.2583057392117916,23.79775899813538,1.0,14.25,40.5,0,498,1.2583057392117916,23.79775899813538,1.0,14.25,40.5,0,1023,2.1908902300206643,35.831085200795506,0.6666666666666666,13.0,60.333333333333336,-3,3271,1.6594044679962137,28.629536536920057,0.625,12.666666666666666,24.791666666666668,-2
2025-05-19 15:08:51.201534,139,49808.798466,15.147499999999999,64,16,84,1,-1.0,-2.5999999999999943,6.200000000000003,-19.099999999999994,-10.299999999999997,2.5999999999999943,11.399999999999991,-14.0,-5.200000000000003,0.0,0.0,0.1,1.0,0.1,14,47.9,24.3,49565.81,18391.81,100,19,-8.799999999999997,6.200000000000003,-1.4000000000000057,-1.1999999999999886,13,0.0,0.0,0.0,0.0,42,82,13.0,30.2,0,-7.299999999999997,4.700000000000003,-4.400000000000006,1.8000000000000114,14,0.0,0.0,0.0,0.0,100,100,20.2,32.4,0,-11.579245283018867,-16,162,1.2583057392117916,23.79775899813538,1.0,14.25,40.5,0,172,1.2583057392117916,23.79775899813538,1.0,14.25,40.5,0,498,1.2583057392117916,23.79775899813538,1.0,14.25,40.5,0,1023,2.1908902300206643,35.831085200795506,0.6666666666666666,13.0,60.333333333333336,-3,3271,1.6594044679962137,28.629536536920057,0.625,12.666666666666666,24.791666666666668,-2
2025-05-19 15:08:51.201534,139,49808.798466,15.147499999999999,50,13,87,1,-1.0,-2.5999999999999943,6.200000000000003,-19.099999999999994,-10.299999999999997,2.5999999999999943,11.399999999999991,-14.0,-5.200000000000003,0.0,0.0,0.1,1.0,0.1,14,47.9,24.3,49565.81,18391.81,100,19,-8.799999999999997,6.200000000000003,-1.4000000000000057,-1.1999999999999886,13,0.0,0.0,0.0,0.0,42,82,13.0,30.2,0,-7.299999999999997,4.700000000000003,-4.400000000000006,1.8000000000000114,14,0.0,0.0,0.0,0.0,100,100,20.2,32.4,0,-8.86581593194122,-13,162,1.2583057392117916,23.79775899813538,1.0,14.25,40.5,0,172,1.2583057392117916,23.79775899813538,1.0,14.25,40.5,0,498,1.2583057392117916,23.79775899813538,1.0,14.25,40.5,0,1023,2.1908902300206643,35.831085200795506,0.6666666666666666,13.0,60.333333333333336,-3,3271,1.6594044679962137,28.629536536920057,0.625,12.666666666666666,24.791666666666668,-2
2025-05-19 15:08:51.201534,139,49808.798466,15.147499999999999,8,14,86,1,-1.0,-2.5999999999999943,6.200000000000003,-19.099999999999994,-10.299999999999997,2.5999999999999943,11.399999999999991,-14.0,-5.200000000000003,0.0,0.0,0.1,1.0,0.1,14,47.9,24.3,49565.81,18391.81,100,19,-8.799999999999997,6.200000000000003,-1.4000000000000057,-1.1999999999999886,13,0.0,0.0,0.0,0.0,42,82,13.0,30.2,0,-7.299999999999997,4.700000000000003,-4.400000000000006,1.8000000000000114,14,0.0,0.0,0.0,0.0,100,100,20.2,32.4,0,-10.040615141955836,-14,162,1.2583057392117916,23.79775899813538,1.0,14.25,40.5,0,172,1.2583057392117916,23.79775899813538,1.0,14.25,40.5,0,498,1.2583057392117916,23.79775899813538,1.0,14.25,40.5,0,1023,2.1908902300206643,35.831085200795506,0.6666666666666666,13.0,60.333333333333336,-3,3271,1.6594044679962137,28.629536536920057,0.625,12.666666666666666,24.791666666666668,-2
2025-05-19 15:10:35.738202,139,49704.261798,15.176388888888889,7,10,90,0,-1.0,-2.5999999999999943,6.200000000000003,-19.099999999999994,-10.299999999999997,2.5999999999999943,11.399999999999991,-14.0,-5.200000000000003,0.0,0.0,0.1,1.0,0.1,14,47.9,24.3,49565.81,18391.81,100,19,-8.799999999999997,6.200000000000003,-1.4000000000000057,-1.1999999999999886,13,0.0,0.0,0.0,0.0,42,82,13.0,30.2,0,-7.299999999999997,4.700000000000003,-4.400000000000006,1.8000000000000114,14,0.0,0.0,0.0,0.0,100,100,20.2,32.4,0,-6.072389240506325,10,174,2.6583202716502514,25.64371267971937,0.6666666666666666,12.666666666666666,29.0,5,174,2.6583202716502514,25.64371267971937,0.6666666666666666,12.666666666666666,29.0,5,510,2.6583202716502514,25.64371267971937,0.6666666666666666,12.666666666666666,29.0,5,1035,2.4748737341529163,39.369132215843564,0.5,12.125,46.75,2,3282,1.8148956316676048,27.932693830266075,0.5769230769230769,12.423076923076923,23.346153846153847,3
2025-05-19 15:10:35.738202,139,49704.261798,15.176388888888889,5,9,91,0,-1.0,-2.5999999999999943,6.200000000000003,-19.099999999999994,-10.299999999999997,2.5999999999999943,11.399999999999991,-14.0,-5.200000000000003,0.0,0.0,0.1,1.0,0.1,14,47.9,24.3,49565.81,18391.81,100,19,-8.799999999999997,6.200000000000003,-1.4000000000000057,-1.1999999999999886,13,0.0,0.0,0.0,0.0,42,82,13.0,30.2,0,-7.299999999999997,4.700000000000003,-4.400000000000006,1.8000000000000114,14,0.0,0.0,0.0,0.0,100,100,20.2,32.4,0,-5.089250297500996,9,174,2.6583202716502514,25.64371267971937,0.6666666666666666,12.666666666666666,29.0,5,174,2.6583202716502514,25.64371267971937,0.6666666666666666,12.666666666666666,29.0,5,510,2.6583202716502514,25.64371267971937,0.6666666666666666,12.666666666666666,29.0,5,1035,2.4748737341529163,39.369132215843564,0.5,12.125,46.75,2,3282,1.8148956316676048,27.932693830266075,0.5769230769230769,12.423076923076923,23.346153846153847,3
2025-05-19 15:10:57.488502,139,49682.511498,15.1825,20,51,49,1,-5.0,1.4000000000000057,6.200000000000003,-15.099999999999994,-10.299999999999997,6.599999999999994,11.399999999999991,-10.0,-5.200000000000003,0.0,0.0,0.1,1.0,0.1,14,47.9,24.3,49565.81,18391.81,100,19,-4.799999999999997,6.200000000000003,2.5999999999999943,-1.1999999999999886,13,0.0,0.0,0.0,0.0,42,82,13.0,30.2,0,-3.299999999999997,4.700000000000003,-0.4000000000000057,1.8000000000000114,14,0.0,0.0,0.0,0.0,100,100,20.2,32.4,0,33.74780502573418,49,32,,,1.0,51.0,20.0,0,194,,,1.0,51.0,20.0,0,530,,,1.0,51.0,20.0,0,1055,0.8451542547285166,16.051108847618448,0.9333333333333333,51.0,18.066666666666666,-2,3302,1.963681421200815,29.07084289041495,0.5925925925925926,49.25925925925926,21.40740740740741,-1
2025-05-19 15:12:32.328940,139,49587.67106,15.208888888888888,5,51,49,1,-5.0,1.4000000000000057,6.200000000000003,-15.099999999999994,-10.299999999999997,6.599999999999994,11.399999999999991,-10.0,-5.200000000000003,0.0,0.0,0.1,1.0,0.1,14,47.9,24.3,49565.81,18391.81,100,19,-4.799999999999997,6.200000000000003,2.5999999999999943,-1.1999999999999886,13,0.0,0.0,0.0,0.0,42,82,13.0,30.2,0,-3.299999999999997,4.700000000000003,-0.4000000000000057,1.8000000000000114,14,0.0,0.0,0.0,0.0,100,100,20.2,32.4,0,33.79896907216495,49,37,0.0,10.606601717798213,1.0,51.0,12.5,0,199,0.0,10.606601717798213,1.0,51.0,12.5,0,535,0.0,10.606601717798213,1.0,51.0,12.5,0,1060,0.816496580927726,15.84718692176417,0.9375,51.0,17.25,-2,3302,1.9595230643528134,28.88526006734662,0.6,49.29090909090909,21.10909090909091,-1
2025-05-19 15:13:29.231088,139,49530.768912,15.224722222222223,1,51,49,1,-5.0,1.4000000000000057,6.200000000000003,-15.099999999999994,-10.299999999999997,6.599999999999994,11.399999999999991,-10.0,-5.200000000000003,0.0,0.0,0.1,1.0,0.1,14,47.9,24.3,49565.81,18391.81,100,19,-4.799999999999997,6.200000000000003,2.5999999999999943,-1.1999999999999886,13,0.0,0.0,0.0,0.0,42,82,13.0,30.2,0,-3.299999999999997,4.700000000000003,-0.4000000000000057,1.8000000000000114,14,0.0,0.0,0.0,0.0,100,100,20.2,32.4,0,33.811784333055286,49,6,0.0,2.8284271247461903,1.0,51.0,3.0,0,200,0.0,10.016652800877813,1.0,51.0,8.666666666666666,0,210,0.0,10.016652800877813,1.0,51.0,8.666666666666666,0,1061,0.7905694150420949,15.842051263497858,0.9411764705882353,51.0,16.294117647058822,-2,3303,1.9550135350114386,28.747331892005054,0.6071428571428571,49.32142857142857,20.75,-1
2025-05-19 15:14:55.237397,139,49444.762603,15.24861111111111,1,51,49,1,-5.0,1.4000000000000057,6.200000000000003,-15.099999999999994,-10.299999999999997,6.599999999999994,11.399999999999991,-10.0,-5.200000000000003,0.0,0.0,0.1,1.0,0.1,14,47.9,24.3,49565.81,18391.81,100,19,-4.799999999999997,6.200000000000003,2.5999999999999943,-1.1999999999999886,13,0.0,0.0,0.0,0.0,42,82,13.0,30.2,0,-3.299999999999997,4.700000000000003,-0.4000000000000057,1.8000000000000114,14,0.0,0.0,0.0,0.0,100,100,20.2,32.4,0,33.81434855149401,49,2,0.0,0.0,1.0,51.0,1.0,0,39,0.0,9.03234926989282,1.0,51.0,6.75,0,211,0.0,9.03234926989282,1.0,51.0,6.75,0,1062,0.7669649888473704,15.786152614842065,0.9444444444444444,51.0,15.444444444444445,-2,3254,1.9834330676901433,28.78204406580708,0.6363636363636364,49.345454545454544,20.236363636363638,-2
2025-05-19 15:15:25.094561,139,49414.905439,15.256944444444445,10,51,49,1,-5.0,1.4000000000000057,6.200000000000003,-15.099999999999994,-10.299999999999997,6.599999999999994,11.399999999999991,-10.0,-5.200000000000003,0.0,0.0,0.1,1.0,0.1,14,47.9,24.3,49565.81,18391.81,100,19,-4.799999999999997,6.200000000000003,2.5999999999999943,-1.1999999999999886,13,0.0,0.0,0.0,0.0,42,82,13.0,30.2,0,-3.299999999999997,4.700000000000003,-0.4000000000000057,1.8000000000000114,14,0.0,0.0,0.0,0.0,100,100,20.2,32.4,0,33.816913158892675,49,21,0.0,4.924428900898052,1.0,51.0,5.25,0,58,0.0,7.146094504459528,1.0,51.0,7.666666666666667,0,230,0.0,7.146094504459528,1.0,51.0,7.666666666666667,0,1081,0.7254762501100116,15.044757786089654,0.95,51.0,14.85,-2,3273,1.9717618039532114,28.33374981265479,0.6491228070175439,49.40350877192982,19.859649122807017,-2
2025-05-19 15:15:25.094561,139,49414.905439,15.256944444444445,9,51,49,1,-5.0,1.4000000000000057,6.200000000000003,-15.099999999999994,-10.299999999999997,6.599999999999994,11.399999999999991,-10.0,-5.200000000000003,0.0,0.0,0.1,1.0,0.1,14,47.9,24.3,49565.81,18391.81,100,19,-4.799999999999997,6.200000000000003,2.5999999999999943,-1.1999999999999886,13,0.0,0.0,0.0,0.0,42,82,13.0,30.2,0,-3.299999999999997,4.700000000000003,-0.4000000000000057,1.8000000000000114,14,0.0,0.0,0.0,0.0,100,100,20.2,32.4,0,33.84258064516129,49,21,0.0,4.924428900898052,1.0,51.0,5.25,0,58,0.0,7.146094504459528,1.0,51.0,7.666666666666667,0,230,0.0,7.146094504459528,1.0,51.0,7.666666666666667,0,1081,0.7254762501100116,15.044757786089654,0.95,51.0,14.85,-2,3273,1.9717618039532114,28.33374981265479,0.6491228070175439,49.40350877192982,19.859649122807017,-2
2025-05-19 15:15:33.558894,139,49406.441106,15.259166666666667,22,51,49,0,-5.0,1.4000000000000057,6.200000000000003,-15.099999999999994,-10.299999999999997,6.599999999999994,11.399999999999991,-10.0,-5.200000000000003,0.0,0.0,0.1,1.0,0.1,14,47.9,24.3,49565.81,18391.81,100,19,-4.799999999999997,6.200000000000003,2.5999999999999943,-1.1999999999999886,13,0.0,0.0,0.0,0.0,42,82,13.0,30.2,0,-3.299999999999997,4.700000000000003,-0.4000000000000057,1.8000000000000114,14,0.0,0.0,0.0,0.0,100,100,20.2,32.4,0,33.86571471973265,-49,42,0.0,8.660254037844387,0.75,51.0,10.5,0,80,0.0,8.479667558622914,0.8571428571428571,51.0,9.714285714285714,0,252,0.0,8.479667558622914,0.8571428571428571,51.0,9.714285714285714,0,1103,0.7071067811865476,14.746589597663071,0.9047619047619048,51.0,15.19047619047619,-2,3295,1.9655994930837593,28.085514562700528,0.6379310344827587,49.43103448275862,19.896551724137932,-2
2025-05-19 15:16:22.178429,139,49357.821571,15.272777777777778,77,39,61,1,-3.0,-0.5999999999999943,6.200000000000003,-17.099999999999994,-10.299999999999997,4.599999999999994,11.399999999999991,-12.0,-5.200000000000003,0.0,0.0,0.1,1.0,0.1,14,47.9,24.3,49565.81,18391.81,100,19,-6.799999999999997,6.200000000000003,0.5999999999999943,-1.1999999999999886,13,0.0,0.0,0.0,0.0,42,82,13.0,30.2,0,-5.299999999999997,4.700000000000003,-2.4000000000000057,1.8000000000000114,14,0.0,0.0,0.0,0.0,100,100,20.2,32.4,0,-25.272517321016167,-39,119,,,1.0,39.0,77.0,0,125,,,1.0,39.0,77.0,0,329,1.4142135623730951,47.37615433949868,0.5,38.0,43.5,-2,1180,0.8366600265340756,98.23729773699328,0.8333333333333334,38.5,81.16666666666667,0,3208,1.6961271445974777,88.73016325873171,0.6896551724137931,39.6551724137931,55.55172413793103,-1
2025-05-19 15:17:02.913163,139,49317.086837,15.283888888888889,50,9,91,0,-1.0,-2.5999999999999943,6.200000000000003,-19.099999999999994,-10.299999999999997,2.5999999999999943,11.399999999999991,-14.0,-5.200000000000003,0.0,0.0,0.1,1.0,0.1,14,47.9,24.3,49565.81,18391.81,100,19,-8.799999999999997,6.200000000000003,-1.4000000000000057,-1.1999999999999886,13,0.0,0.0,0.0,0.0,42,82,13.0,30.2,0,-7.299999999999997,4.700000000000003,-4.400000000000006,1.8000000000000114,14,0.0,0.0,0.0,0.0,100,100,20.2,32.4,0,-5.099364069952301,9,168,,,0.0,9.0,50.0,0,175,,,0.0,9.0,50.0,0,379,2.7945525240230875,24.71841418861655,0.5714285714285714,12.142857142857142,32.0,5,1230,2.5385910352879693,36.842381995619,0.4444444444444444,11.777777777777779,47.111111111111114,2,3258,1.9689252567496478,28.6008158391796,0.56,12.28,25.56,4
2025-05-19 15:17:49.136123,139,49270.863877,15.296944444444444,22,50,50,0,-5.0,1.4000000000000057,6.200000000000003,-15.099999999999994,-10.299999999999997,6.599999999999994,11.399999999999991,-10.0,-5.200000000000003,0.0,0.0,0.1,1.0,0.1,14,47.9,24.3,49565.81,18391.81,100,19,-4.799999999999997,6.200000000000003,2.5999999999999943,-1.1999999999999886,13,0.0,0.0,0.0,0.0,42,82,13.0,30.2,0,-3.299999999999997,4.700000000000003,-0.4000000000000057,1.8000000000000114,14,0.0,0.0,0.0,0.0,100,100,20.2,32.4,0,34.92239805234327,-50,159,0.5773502691896258,10.598742063723098,0.0,50.666666666666664,10.666666666666666,-1,202,0.3535533905932738,8.700369450283624,0.5,50.875,9.375,0,411,0.3162277660168379,8.55050355892044,0.6,50.9,10.0,0,1262,0.6902530516863499,14.184536896089408,0.7916666666666666,50.958333333333336,14.625,-2,3290,1.973191250049823,25.33075686014473,0.6491228070175439,49.56140350877193,18.17543859649123,-4
2025-05-19 15:17:49.136123,139,49270.863877,15.296944444444444,9,51,49,0,-5.0,1.4000000000000057,6.200000000000003,-15.099999999999994,-10.299999999999997,6.599999999999994,11.399999999999991,-10.0,-5.200000000000003,0.0,0.0,0.1,1.0,0.1,14,47.9,24.3,49565.81,18391.81,100,19,-4.799999999999997,6.200000000000003,2.5999999999999943,-1.1999999999999886,13,0.0,0.0,0.0,0.0,42,82,13.0,30.2,0,-3.299999999999997,4.700000000000003,-0.4000000000000057,1.8000000000000114,14,0.0,0.0,0.0,0.0,100,100,20.2,32.4,0,33.980948026215515,-49,159,0.5773502691896258,10.598742063723098,0.0,50.666666666666664,10.666666666666666,-1,202,0.3535533905932738,8.700369450283624,0.5,50.875,9.375,0,411,0.3162277660168379,8.55050355892044,0.6,50.9,10.0,0,1262,0.6902530516863499,14.184536896089408,0.7916666666666666,50.958333333333336,14.625,-2,3290,1.973191250049823,25.33075686014473,0.6491228070175439,49.56140350877193,18.17543859649123,-4
2025-05-19 15:17:49.136123,139,49270.863877,15.296944444444444,1,51,49,0,-5.0,1.4000000000000057,6.200000000000003,-15.099999999999994,-10.299999999999997,6.599999999999994,11.399999999999991,-10.0,-5.200000000000003,0.0,0.0,0.1,1.0,0.1,14,47.9,24.3,49565.81,18391.81,100,19,-4.799999999999997,6.200000000000003,2.5999999999999943,-1.1999999999999886,13,0.0,0.0,0.0,0.0,42,82,13.0,30.2,0,-3.299999999999997,4.700000000000003,-0.4000000000000057,1.8000000000000114,14,0.0,0.0,0.0,0.0,100,100,20.2,32.4,0,34.0042705711889,-49,159,0.5773502691896258,10.598742063723098,0.0,50.666666666666664,10.666666666666666,-1,202,0.3535533905932738,8.700369450283624,0.5,50.875,9.375,0,411,0.3162277660168379,8.55050355892044,0.6,50.9,10.0,0,1262,0.6902530516863499,14.184536896089408,0.7916666666666666,50.958333333333336,14.625,-2,3290,1.973191250049823,25.33075686014473,0.6491228070175439,49.56140350877193,18.17543859649123,-4
2025-05-19 15:18:23.982292,139,49236.017708,15.30638888888889,50,52,48,1,-5.0,1.4000000000000057,6.200000000000003,-15.099999999999994,-10.299999999999997,6.599999999999994,11.399999999999991,-10.0,-5.200000000000003,0.0,0.0,0.1,1.0,0.1,14,47.9,24.3,49565.81,18391.81,100,19,-4.799999999999997,6.200000000000003,2.5999999999999943,-1.1999999999999886,13,0.0,0.0,0.0,0.0,42,82,13.0,30.2,0,-3.299999999999997,4.700000000000003,-0.4000000000000057,1.8000000000000114,14,0.0,0.0,0.0,0.0,100,100,20.2,32.4,0,33.006863941427696,48,347,1.286683937707919,37.076647337344,0.7,52.1,29.7,-4,467,1.162919151265879,31.795477366323357,0.7333333333333333,51.733333333333334,22.666666666666668,-3,676,1.1147408034263075,30.05020309219811,0.7647058823529411,51.64705882352941,21.470588235294116,-3,1527,1.0503455652553653,24.595042773539916,0.8387096774193549,51.354838709677416,19.870967741935484,-5,3555,2.1285567806036956,27.872188270178107,0.6875,49.90625,20.328125,-7
2025-05-19 15:18:23.982292,139,49236.017708,15.30638888888889,13,52,48,1,-5.0,1.4000000000000057,6.200000000000003,-15.099999999999994,-10.299999999999997,6.599999999999994,11.399999999999991,-10.0,-5.200000000000003,0.0,0.0,0.1,1.0,0.1,14,47.9,24.3,49565.81,18391.81,100,19,-4.799999999999997,6.200000000000003,2.5999999999999943,-1.1999999999999886,13,0.0,0.0,0.0,0.0,42,82,13.0,30.2,0,-3.299999999999997,4.700000000000003,-0.4000000000000057,1.8000000000000114,14,0.0,0.0,0.0,0.0,100,100,20.2,32.4,0,33.13321084060634,48,347,1.286683937707919,37.076647337344,0.7,52.1,29.7,-4,467,1.162919151265879,31.795477366323357,0.7333333333333333,51.733333333333334,22.666666666666668,-3,676,1.1147408034263075,30.05020309219811,0.7647058823529411,51.64705882352941,21.470588235294116,-3,1527,1.0503455652553653,24.595042773539916,0.8387096774193549,51.354838709677416,19.870967741935484,-5,3555,2.1285567806036956,27.872188270178107,0.6875,49.90625,20.328125,-7
2025-05-19 15:18:23.982292,139,49236.017708,15.30638888888889,1,53,47,1,-5.0,1.4000000000000057,6.200000000000003,-15.099999999999994,-10.299999999999997,6.599999999999994,11.399999999999991,-10.0,-5.200000000000003,0.0,0.0,0.1,1.0,0.1,14,47.9,24.3,49565.81,18391.81,100,19,-4.799999999999997,6.200000000000003,2.5999999999999943,-1.1999999999999886,13,0.0,0.0,0.0,0.0,42,82,13.0,30.2,0,-3.299999999999997,4.700000000000003,-0.4000000000000057,1.8000000000000114,14,0.0,0.0,0.0,0.0,100,100,20.2,32.4,0,32.1662196336884,47,347,1.286683937707919,37.076647337344,0.7,52.1,29.7,-4,467,1.162919151265879,31.795477366323357,0.7333333333333333,51.733333333333334,22.666666666666668,-3,676,1.1147408034263075,30.05020309219811,0.7647058823529411,51.64705882352941,21.470588235294116,-3,1527,1.0503455652553653,24.595042773539916,0.8387096774193549,51.354838709677416,19.870967741935484,-5,3555,2.1285567806036956,27.872188270178107,0.6875,49.90625,20.328125,-7
2025-05-19 15:18:23.982292,139,49236.017708,15.30638888888889,15,54,46,1,-5.0,1.4000000000000057,6.200000000000003,-15.099999999999994,-10.299999999999997,6.599999999999994,11.399999999999991,-10.0,-5.200000000000003,0.0,0.0,0.1,1.0,0.1,14,47.9,24.3,49565.81,18391.81,100,19,-4.799999999999997,6.200000000000003,2.5999999999999943,-1.1999999999999886,13,0.0,0.0,0.0,0.0,42,82,13.0,30.2,0,-3.299999999999997,4.700000000000003,-0.4000000000000057,1.8000000000000114,14,0.0,0.0,0.0,0.0,100,100,20.2,32.4,0,31.16868485591661,46,347,1.286683937707919,37.076647337344,0.7,52.1,29.7,-4,467,1.162919151265879,31.795477366323357,0.7333333333333333,51.733333333333334,22.666666666666668,-3,676,1.1147408034263075,30.05020309219811,0.7647058823529411,51.64705882352941,21.470588235294116,-3,1527,1.0503455652553653,24.595042773539916,0.8387096774193549,51.354838709677416,19.870967741935484,-5,3555,2.1285567806036956,27.872188270178107,0.6875,49.90625,20.328125,-7
2025-05-19 15:18:23.982292,139,49236.017708,15.30638888888889,2,52,48,1,-5.0,1.4000000000000057,6.200000000000003,-15.099999999999994,-10.299999999999997,6.599999999999994,11.399999999999991,-10.0,-5.200000000000003,0.0,0.0,0.1,1.0,0.1,14,47.9,24.3,49565.81,18391.81,100,19,-4.799999999999997,6.200000000000003,2.5999999999999943,-1.1999999999999886,13,0.0,0.0,0.0,0.0,42,82,13.0,30.2,0,-3.299999999999997,4.700000000000003,-0.4000000000000057,1.8000000000000114,14,0.0,0.0,0.0,0.0,100,100,20.2,32.4,0,33.20455766132126,48,347,1.286683937707919,37.076647337344,0.7,52.1,29.7,-4,467,1.162919151265879,31.795477366323357,0.7333333333333333,51.733333333333334,22.666666666666668,-3,676,1.1147408034263075,30.05020309219811,0.7647058823529411,51.64705882352941,21.470588235294116,-3,1527,1.0503455652553653,24.595042773539916,0.8387096774193549,51.354838709677416,19.870967741935484,-5,3555,2.1285567806036956,27.872188270178107,0.6875,49.90625,20.328125,-7
2025-05-19 15:18:23.982292,139,49236.017708,15.30638888888889,72,52,48,1,-5.0,1.4000000000000057,6.200000000000003,-15.099999999999994,-10.299999999999997,6.599999999999994,11.399999999999991,-10.0,-5.200000000000003,0.0,0.0,0.1,1.0,0.1,14,47.9,24.3,49565.81,18391.81,100,19,-4.799999999999997,6.200000000000003,2.5999999999999943,-1.1999999999999886,13,0.0,0.0,0.0,0.0,42,82,13.0,30.2,0,-3.299999999999997,4.700000000000003,-0.4000000000000057,1.8000000000000114,14,0.0,0.0,0.0,0.0,100,100,20.2,32.4,0,33.20965390223314,48,347,1.286683937707919,37.076647337344,0.7,52.1,29.7,-4,467,1.162919151265879,31.795477366323357,0.7333333333333333,51.733333333333334,22.666666666666668,-3,676,1.1147408034263075,30.05020309219811,0.7647058823529411,51.64705882352941,21.470588235294116,-3,1527,1.0503455652553653,24.595042773539916,0.8387096774193549,51.354838709677416,19.870967741935484,-5,3555,2.1285567806036956,27.872188270178107,0.6875,49.90625,20.328125,-7
2025-05-19 15:18:23.982292,139,49236.017708,15.30638888888889,112,54,46,1,-5.0,1.4000000000000057,6.200000000000003,-15.099999999999994,-10.299999999999997,6.599999999999994,11.399999999999991,-10.0,-5.200000000000003,0.0,0.0,0.1,1.0,0.1,14,47.9,24.3,49565.81,18391.81,100,19,-4.799999999999997,6.200000000000003,2.5999999999999943,-1.1999999999999886,13,0.0,0.0,0.0,0.0,42,82,13.0,30.2,0,-3.299999999999997,4.700000000000003,-0.4000000000000057,1.8000000000000114,14,0.0,0.0,0.0,0.0,100,100,20.2,32.4,0,31.394166216529058,46,347,1.286683937707919,37.076647337344,0.7,52.1,29.7,-4,467,1.162919151265879,31.795477366323357,0.7333333333333333,51.733333333333334,22.666666666666668,-3,676,1.1147408034263075,30.05020309219811,0.7647058823529411,51.64705882352941,21.470588235294116,-3,1527,1.0503455652553653,24.595042773539916,0.8387096774193549,51.354838709677416,19.870967741935484,-5,3555,2.1285567806036956,27.872188270178107,0.6875,49.90625,20.328125,-7
2025-05-19 15:21:06.779600,139,49073.2204,15.351666666666667,67,54,46,1,-5.0,1.4000000000000057,6.200000000000003,-15.099999999999994,-10.299999999999997,6.599999999999994,11.399999999999991,-10.0,-5.200000000000003,0.0,0.0,0.1,1.0,0.1,14,47.9,24.3,49565.81,18391.81,100,19,-4.799999999999997,6.200000000000003,2.5999999999999943,-1.1999999999999886,13,0.0,0.0,0.0,0.0,42,82,13.0,30.2,0,-3.299999999999997,4.700000000000003,-0.4000000000000057,1.8000000000000114,14,0.0,0.0,0.0,0.0,100,100,20.2,32.4,0,31.66786020082509,46,67,,,1.0,54.0,67.0,0,491,1.348399724926484,36.92818583536035,0.7272727272727273,52.27272727272727,33.09090909090909,-4,733,1.2153699778283713,31.065395917795925,0.7777777777777778,51.77777777777778,24.0,-3,1593,1.060533442563552,25.73713270743266,0.8709677419354839,51.516129032258064,22.0,-3,3372,1.7683178594212217,26.912629198753702,0.8035714285714286,50.517857142857146,19.964285714285715,-9
2025-05-19 15:21:51.047758,139,49028.952242,15.364166666666666,1,9,91,0,-1.0,-2.5999999999999943,6.200000000000003,-19.099999999999994,-10.299999999999997,2.5999999999999943,11.399999999999991,-14.0,-5.200000000000003,0.0,0.0,0.1,1.0,0.1,14,47.9,24.3,49565.81,18391.81,100,19,-8.799999999999997,6.200000000000003,-1.4000000000000057,-1.1999999999999886,13,0.0,0.0,0.0,0.0,42,82,13.0,30.2,0,-7.299999999999997,4.700000000000003,-4.400000000000006,1.8000000000000114,14,0.0,0.0,0.0,0.0,100,100,20.2,32.4,0,-5.2027575020275805,9,115,0.5773502691896257,21.0,0.0,8.333333333333334,16.0,1,462,0.5773502691896257,24.145392935299274,0.0,8.5,24.5,1,781,2.943920288775949,23.77113095051783,0.4,11.0,27.2,6,1641,2.678477631835372,35.5715241918776,0.3333333333333333,10.916666666666666,39.333333333333336,3,3369,2.270835783735838,27.862656645187936,0.48148148148148145,11.814814814814815,25.40740740740741,5
2025-05-19 15:21:51.047758,139,49028.952242,15.364166666666666,7,8,92,0,-1.0,-2.5999999999999943,6.200000000000003,-19.099999999999994,-10.299999999999997,2.5999999999999943,11.399999999999991,-14.0,-5.200000000000003,0.0,0.0,0.1,1.0,0.1,14,47.9,24.3,49565.81,18391.81,100,19,-8.799999999999997,6.200000000000003,-1.4000000000000057,-1.1999999999999886,13,0.0,0.0,0.0,0.0,42,82,13.0,30.2,0,-7.299999999999997,4.700000000000003,-4.400000000000006,1.8000000000000114,14,0.0,0.0,0.0,0.0,100,100,20.2,32.4,0,-4.20486815415822,8,115,0.5773502691896257,21.0,0.0,8.333333333333334,16.0,1,462,0.5773502691896257,24.145392935299274,0.0,8.5,24.5,1,781,2.943920288775949,23.77113095051783,0.4,11.0,27.2,6,1641,2.678477631835372,35.5715241918776,0.3333333333333333,10.916666666666666,39.333333333333336,3,3369,2.270835783735838,27.862656645187936,0.48148148148148145,11.814814814814815,25.40740740740741,5
2025-05-19 15:21:51.047758,139,49028.952242,15.364166666666666,40,8,92,0,-1.0,-2.5999999999999943,6.200000000000003,-19.099999999999994,-10.299999999999997,2.5999999999999943,11.399999999999991,-14.0,-5.200000000000003,0.0,0.0,0.1,1.0,0.1,14,47.9,24.3,49565.81,18391.81,100,19,-8.799999999999997,6.200000000000003,-1.4000000000000057,-1.1999999999999886,13,0.0,0.0,0.0,0.0,42,82,13.0,30.2,0,-7.299999999999997,4.700000000000003,-4.400000000000006,1.8000000000000114,14,0.0,0.0,0.0,0.0,100,100,20.2,32.4,0,-4.216842961757521,8,115,0.5773502691896257,21.0,0.0,8.333333333333334,16.0,1,462,0.5773502691896257,24.145392935299274,0.0,8.5,24.5,1,781,2.943920288775949,23.77113095051783,0.4,11.0,27.2,6,1641,2.678477631835372,35.5715241918776,0.3333333333333333,10.916666666666666,39.333333333333336,3,3369,2.270835783735838,27.862656645187936,0.48148148148148145,11.814814814814815,25.40740740740741,5
2025-05-19 15:27:04.827494,139,48715.172506,15.45111111111111,7,53,47,1,-5.0,1.4000000000000057,6.200000000000003,-15.099999999999994,-10.299999999999997,6.599999999999994,11.399999999999991,-10.0,-5.200000000000003,0.0,0.0,0.1,1.0,0.1,14,47.9,24.3,49565.81,18391.81,100,19,-4.799999999999997,6.200000000000003,2.5999999999999943,-1.1999999999999886,13,0.0,0.0,0.0,0.0,42,82,13.0,30.2,0,-3.299999999999997,4.700000000000003,-0.4000000000000057,1.8000000000000114,14,0.0,0.0,0.0,0.0,100,100,20.2,32.4,0,32.83388106416275,47,7,,,1.0,53.0,7.0,0,7,,,1.0,53.0,7.0,0,594,1.2313975269103987,31.313980256063335,0.7777777777777778,51.888888888888886,23.27777777777778,-2,1648,1.0757592967370206,25.457091508350203,0.875,51.5625,21.53125,-2,2952,1.3907983584997325,28.863742544454027,0.7872340425531915,50.97872340425532,21.595744680851062,-2
2025-05-19 15:27:36.020591,139,48683.979409,15.459999999999999,2,54,46,1,-5.0,1.4000000000000057,6.200000000000003,-15.099999999999994,-10.299999999999997,6.599999999999994,11.399999999999991,-10.0,-5.200000000000003,0.0,0.0,0.1,1.0,0.1,14,47.9,24.3,49565.81,18391.81,100,19,-4.799999999999997,6.200000000000003,2.5999999999999943,-1.1999999999999886,13,0.0,0.0,0.0,0.0,42,82,13.0,30.2,0,-3.299999999999997,4.700000000000003,-0.4000000000000057,1.8000000000000114,14,0.0,0.0,0.0,0.0,100,100,20.2,32.4,0,31.851875048931333,46,14,1.0,2.516611478423583,1.0,54.0,4.666666666666667,-2,14,1.0,2.516611478423583,1.0,54.0,4.666666666666667,-2,596,1.4367767695018308,30.820741857634943,0.7894736842105263,52.21052631578947,22.157894736842106,-4,1655,1.2627248921668102,25.049327450135262,0.8823529411764706,51.73529411764706,20.470588235294116,-4,2958,1.552280408974199,28.640649273020014,0.8125,51.125,21.270833333333332,-4
2025-05-19 15:27:36.020591,139,48683.979409,15.459999999999999,5,55,45,1,-5.0,1.4000000000000057,6.200000000000003,-15.099999999999994,-10.299999999999997,6.599999999999994,11.399999999999991,-10.0,-5.200000000000003,0.0,0.0,0.1,1.0,0.1,14,47.9,24.3,49565.81,18391.81,100,19,-4.799999999999997,6.200000000000003,2.5999999999999943,-1.1999999999999886,13,0.0,0.0,0.0,0.0,42,82,13.0,30.2,0,-3.299999999999997,4.700000000000003,-0.4000000000000057,1.8000000000000114,14,0.0,0.0,0.0,0.0,100,100,20.2,32.4,0,30.85686320570042,45,14,1.0,2.516611478423583,1.0,54.0,4.666666666666667,-2,14,1.0,2.516611478423583,1.0,54.0,4.666666666666667,-2,596,1.4367767695018308,30.820741857634943,0.7894736842105263,52.21052631578947,22.157894736842106,-4,1655,1.2627248921668102,25.049327450135262,0.8823529411764706,51.73529411764706,20.470588235294116,-4,2958,1.552280408974199,28.640649273020014,0.8125,51.125,21.270833333333332,-4
2025-05-19 15:30:04.827287,139,48535.172713,15.501111111111111,1,8,92,0,-1.0,-2.5999999999999943,6.200000000000003,-19.099999999999994,-10.299999999999997,2.5999999999999943,11.399999999999991,-14.0,-5.200000000000003,0.0,0.0,0.1,1.0,0.1,14,47.9,24.3,49565.81,18391.81,100,19,-8.799999999999997,6.200000000000003,-1.4000000000000057,-1.1999999999999886,13,0.0,0.0,0.0,0.0,42,82,13.0,30.2,0,-7.299999999999997,4.700000000000003,-4.400000000000006,1.8000000000000114,14,0.0,0.0,0.0,0.0,100,100,20.2,32.4,0,-4.286600496277913,8,1,,,0.0,8.0,1.0,0,15,,,0.0,8.0,1.0,0,595,0.5477225575051662,23.402991261802413,0.0,8.4,19.8,1,1656,2.689008968145928,35.67804754920141,0.3076923076923077,10.692307692307692,36.38461538461539,3,2366,2.309401076758503,28.606351276129804,0.4,11.4,26.64,5
2025-05-19 15:30:18.736124,139,48521.263876,15.505,1,38,62,1,-3.0,-0.5999999999999943,6.200000000000003,-17.099999999999994,-10.299999999999997,4.599999999999994,11.399999999999991,-12.0,-5.200000000000003,0.0,0.0,0.1,1.0,0.1,14,47.9,24.3,49565.81,18391.81,100,19,-6.799999999999997,6.200000000000003,0.5999999999999943,-1.1999999999999886,13,0.0,0.0,0.0,0.0,42,82,13.0,30.2,0,-5.299999999999997,4.700000000000003,-2.4000000000000057,1.8000000000000114,14,0.0,0.0,0.0,0.0,100,100,20.2,32.4,0,-24.84706229701801,-38,2,,,1.0,38.0,1.0,0,16,,,1.0,38.0,1.0,0,596,0.7071067811865476,53.74011537017761,1.0,38.5,39.0,1,1657,0.7867957924694432,94.65853419126081,0.8571428571428571,38.42857142857143,69.71428571428571,1,2367,1.3259870882635916,75.61833023898285,0.5714285714285714,38.714285714285715,51.142857142857146,3
2025-05-19 15:30:24.988486,139,48515.011514,15.506666666666666,1,56,44,1,-5.0,1.4000000000000057,6.200000000000003,-15.099999999999994,-10.299999999999997,6.599999999999994,11.399999999999991,-10.0,-5.200000000000003,0.0,0.0,0.1,1.0,0.1,14,47.9,24.3,49565.81,18391.81,100,19,-4.799999999999997,6.200000000000003,2.5999999999999943,-1.1999999999999886,13,0.0,0.0,0.0,0.0,42,82,13.0,30.2,0,-3.299999999999997,4.700000000000003,-0.4000000000000057,1.8000000000000114,14,0.0,0.0,0.0,0.0,100,100,20.2,32.4,0,29.86894877017076,44,3,,,1.0,56.0,1.0,0,17,1.2909944487358056,2.753785273643051,1.0,54.5,3.75,-3,597,1.6528841894672626,31.27299154222378,0.7777777777777778,52.55555555555556,23.333333333333332,-5,1658,1.4377854119291593,24.896694120932214,0.8857142857142857,51.857142857142854,19.914285714285715,-5,2368,1.7312138658396201,29.133575430957734,0.8260869565217391,51.26086956521739,21.347826086956523,-7
2025-05-19 15:30:38.770088,139,48501.229912,15.510555555555555,34,56,44,1,-5.0,1.4000000000000057,6.200000000000003,-15.099999999999994,-10.299999999999997,6.599999999999994,11.399999999999991,-10.0,-5.200000000000003,0.0,0.0,0.1,1.0,0.1,14,47.9,24.3,49565.81,18391.81,100,19,-4.799999999999997,6.200000000000003,2.5999999999999943,-1.1999999999999886,13,0.0,0.0,0.0,0.0,42,82,13.0,30.2,0,-3.299999999999997,4.700000000000003,-0.4000000000000057,1.8000000000000114,14,0.0,0.0,0.0,0.0,100,100,20.2,32.4,0,29.871288679984332,44,37,0.0,23.33452377915607,1.0,56.0,17.5,0,51,1.3038404810405297,13.736811857195978,1.0,54.8,9.8,-3,590,1.7689450716929191,32.92054829434042,0.8125,53.0625,25.8125,-6,1692,1.576363103767858,24.65049341081889,0.8888888888888888,51.97222222222222,20.305555555555557,-5,2402,1.8465659304314475,28.874204819835274,0.8297872340425532,51.361702127659576,21.617021276595743,-7
2025-05-19 15:32:28.035867,139,48391.964133,15.54111111111111,5,56,44,1,-5.0,1.4000000000000057,6.200000000000003,-15.099999999999994,-10.299999999999997,6.599999999999994,11.399999999999991,-10.0,-5.200000000000003,0.0,0.0,0.1,1.0,0.1,14,47.9,24.3,49565.81,18391.81,100,19,-4.799999999999997,6.200000000000003,2.5999999999999943,-1.1999999999999886,13,0.0,0.0,0.0,0.0,42,82,13.0,30.2,0,-3.299999999999997,4.700000000000003,-0.4000000000000057,1.8000000000000114,14,0.0,0.0,0.0,0.0,100,100,20.2,32.4,0,29.951064331160154,44,39,0.0,20.506096654409877,1.0,56.0,19.5,0,49,0.8944271909999159,13.86722755275906,1.0,55.4,9.4,-2,468,1.855040827202527,32.27239304639767,0.8235294117647058,53.23529411764706,24.58823529411765,-6,1640,1.7139461509042935,25.41233927686079,0.8823529411764706,52.1764705882353,19.970588235294116,-6,2250,1.9604678889067126,27.56833566454695,0.8444444444444444,51.55555555555556,19.622222222222224,-8
2025-05-19 15:32:45.828552,139,48374.171448,15.545833333333333,7,37,63,1,-3.0,-0.5999999999999943,6.200000000000003,-17.099999999999994,-10.299999999999997,4.599999999999994,11.399999999999991,-12.0,-5.200000000000003,0.0,0.0,0.1,1.0,0.1,14,47.9,24.3,49565.81,18391.81,100,19,-6.799999999999997,6.200000000000003,0.5999999999999943,-1.1999999999999886,13,0.0,0.0,0.0,0.0,42,82,13.0,30.2,0,-5.299999999999997,4.700000000000003,-2.4000000000000057,1.8000000000000114,14,0.0,0.0,0.0,0.0,100,100,20.2,32.4,0,-23.854400472533964,-37,12,,,1.0,37.0,7.0,0,49,0.7071067811865476,4.242640687119285,1.0,37.5,4.0,1,475,0.7071067811865476,4.242640687119285,1.0,37.5,4.0,1,1647,0.8864052604279183,90.39822612039622,0.875,38.25,61.875,2,2257,0.90033663737852,79.03777386142461,0.5833333333333334,38.083333333333336,59.333333333333336,0
2025-05-19 15:33:17.489753,139,48342.510247,15.554722222222223,3,57,43,1,-5.0,1.4000000000000057,6.200000000000003,-15.099999999999994,-10.299999999999997,6.599999999999994,11.399999999999991,-10.0,-5.200000000000003,0.0,0.0,0.1,1.0,0.1,14,47.9,24.3,49565.81,18391.81,100,19,-4.799999999999997,6.200000000000003,2.5999999999999943,-1.1999999999999886,13,0.0,0.0,0.0,0.0,42,82,13.0,30.2,0,-3.299999999999997,4.700000000000003,-0.4000000000000057,1.8000000000000114,14,0.0,0.0,0.0,0.0,100,100,20.2,32.4,0,28.962831997485466,43,15,0.7071067811865476,1.4142135623730951,1.0,56.5,4.0,-1,52,0.5,15.58578412100805,1.0,56.25,10.75,-1,446,1.6903085094570331,34.11842122177793,1.0,54.0,25.933333333333334,-5,1650,1.8750910342046387,25.199639853368854,0.8857142857142857,52.31428571428572,19.485714285714284,-7,2260,2.0981933797763253,27.370247254685307,0.8478260869565217,51.67391304347826,19.26086956521739,-9
2025-05-19 15:34:51.218811,139,48248.781189,15.580833333333333,1,8,92,1,-1.0,-2.5999999999999943,6.200000000000003,-19.099999999999994,-10.299999999999997,2.5999999999999943,11.399999999999991,-14.0,-5.200000000000003,0.0,0.0,0.1,1.0,0.1,14,47.9,24.3,49565.81,18391.81,100,19,-8.799999999999997,6.200000000000003,-1.4000000000000057,-1.1999999999999886,13,0.0,0.0,0.0,0.0,42,82,13.0,30.2,0,-7.299999999999997,4.700000000000003,-4.400000000000006,1.8000000000000114,14,0.0,0.0,0.0,0.0,100,100,20.2,32.4,0,-4.288374017376913,-8,4,,,1.0,8.0,1.0,0,53,0.0,0.0,0.5,8.0,1.0,0,182,0.4472135954999579,16.97056274847714,0.2,8.2,10.0,1,1651,2.681847813040049,35.55895893357341,0.35714285714285715,10.5,33.857142857142854,3,2261,2.3804761428476167,28.71137985770335,0.44,11.2,26.52,3
2025-05-19 15:34:59.982079,139,48240.017921,15.583055555555555,1,4,96,1,1.0,-4.599999999999994,6.200000000000003,-21.099999999999994,-10.299999999999997,0.5999999999999943,11.399999999999991,-16.0,-5.200000000000003,0.0,0.0,0.1,1.0,0.1,14,47.9,24.3,49565.81,18391.81,100,19,-10.799999999999997,6.200000000000003,-3.4000000000000057,-1.1999999999999886,13,0.0,0.0,0.0,0.0,42,82,13.0,30.2,0,-9.299999999999997,4.700000000000003,-6.400000000000006,1.8000000000000114,14,0.0,0.0,0.0,0.0,100,100,20.2,32.4,0,-2.4455696202531643,-4,5,,,1.0,4.0,1.0,0,54,,,1.0,4.0,1.0,0,183,,,1.0,4.0,1.0,0,1624,,,1.0,4.0,1.0,0,2262,,,1.0,4.0,1.0,0
2025-05-19 15:35:10.899556,139,48229.100444,15.586111111111112,1,35,65,0,-3.0,-0.5999999999999943,6.200000000000003,-17.099999999999994,-10.299999999999997,4.599999999999994,11.399999999999991,-12.0,-5.200000000000003,0.0,0.0,0.1,1.0,0.1,14,47.9,24.3,49565.81,18391.81,100,19,-6.799999999999997,6.200000000000003,0.5999999999999943,-1.1999999999999886,13,0.0,0.0,0.0,0.0,42,82,13.0,30.2,0,-5.299999999999997,4.700000000000003,-2.4000000000000057,1.8000000000000114,14,0.0,0.0,0.0,0.0,100,100,20.2,32.4,0,-21.903817697543644,35,6,,,0.0,35.0,1.0,0,54,1.5275252316519465,3.4641016151377544,0.6666666666666666,36.666666666666664,3.0,3,184,1.5275252316519465,3.4641016151377544,0.6666666666666666,36.666666666666664,3.0,3,1625,1.3642254619787417,86.96039967198352,0.7777777777777778,37.888888888888886,55.111111111111114,4,2263,1.214231845389905,77.38307971153013,0.5384615384615384,37.84615384615385,54.84615384615385,2
2025-05-19 15:35:18.137244,139,48221.862756,15.588333333333335,1,51,49,0,-5.0,1.4000000000000057,6.200000000000003,-15.099999999999994,-10.299999999999997,6.599999999999994,11.399999999999991,-10.0,-5.200000000000003,0.0,0.0,0.1,1.0,0.1,14,47.9,24.3,49565.81,18391.81,100,19,-4.799999999999997,6.200000000000003,2.5999999999999943,-1.1999999999999886,13,0.0,0.0,0.0,0.0,42,82,13.0,30.2,0,-3.299999999999997,4.700000000000003,-0.4000000000000057,1.8000000000000114,14,0.0,0.0,0.0,0.0,100,100,20.2,32.4,0,34.969661243417434,-49,4,,,0.0,51.0,1.0,0,55,2.3874672772626644,14.184498581197715,0.8,55.2,8.8,5,185,1.8708286933869707,22.424564903496147,0.8888888888888888,54.666666666666664,13.88888888888889,3,1626,1.8461861664914883,25.34418535073552,0.8571428571428571,52.34285714285714,18.714285714285715,0,2264,2.077588440483245,27.201835792649852,0.8297872340425532,51.659574468085104,18.872340425531913,-3
2025-05-19 15:38:55.453036,139,48004.546964,15.64861111111111,13,5,95,0,-1.0,-2.5999999999999943,6.200000000000003,-19.099999999999994,-10.299999999999997,2.5999999999999943,11.399999999999991,-14.0,-5.200000000000003,0.0,0.0,0.1,1.0,0.1,14,47.9,24.3,49565.81,18391.81,100,19,-8.799999999999997,6.200000000000003,-1.4000000000000057,-1.1999999999999886,13,0.0,0.0,0.0,0.0,42,82,13.0,30.2,0,-7.299999999999997,4.700000000000003,-4.400000000000006,1.8000000000000114,14,0.0,0.0,0.0,0.0,100,100,20.2,32.4,0,-1.2901490066225136,5,13,,,0.0,5.0,13.0,0,17,2.1213203435596424,8.48528137423857,0.5,6.5,7.0,3,83,1.7320508075688772,6.928203230275509,0.3333333333333333,7.0,5.0,3,1536,2.9487689118067726,34.686075153061196,0.3333333333333333,10.133333333333333,32.46666666666667,6,2013,2.630296853676698,28.255972819918977,0.4230769230769231,10.961538461538462,26.0,6
2025-05-19 15:47:53.470194,139,47466.529806,15.798055555555555,52,7,93,0,-1.0,-2.5999999999999943,6.200000000000003,-19.099999999999994,-10.299999999999997,2.5999999999999943,11.399999999999991,-14.0,-5.200000000000003,0.0,0.0,0.1,1.0,0.1,14,47.9,24.3,49565.81,18391.81,100,19,-8.799999999999997,6.200000000000003,-1.4000000000000057,-1.1999999999999886,13,0.0,0.0,0.0,0.0,42,82,13.0,30.2,0,-7.299999999999997,4.700000000000003,-4.400000000000006,1.8000000000000114,14,0.0,0.0,0.0,0.0,100,100,20.2,32.4,0,-3.297128589263423,7,52,,,0.0,7.0,52.0,0,52,,,0.0,7.0,52.0,0,72,1.5275252316519465,26.664583251946766,0.3333333333333333,6.666666666666667,22.0,1,1585,2.954516316872639,33.863881939317,0.3125,9.9375,33.6875,4,1911,2.9102743804832163,30.485998489406636,0.5,10.772727272727273,29.59090909090909,5
2025-05-19 15:48:31.319136,139,47428.680864,15.808611111111112,11,7,93,0,-1.0,-2.5999999999999943,6.200000000000003,-19.099999999999994,-10.299999999999997,2.5999999999999943,11.399999999999991,-14.0,-5.200000000000003,0.0,0.0,0.1,1.0,0.1,14,47.9,24.3,49565.81,18391.81,100,19,-8.799999999999997,6.200000000000003,-1.4000000000000057,-1.1999999999999886,13,0.0,0.0,0.0,0.0,42,82,13.0,30.2,0,-7.299999999999997,4.700000000000003,-4.400000000000006,1.8000000000000114,14,0.0,0.0,0.0,0.0,100,100,20.2,32.4,0,-3.370055295618883,7,63,0.0,28.991378028648448,0.0,7.0,31.5,0,63,0.0,28.991378028648448,0.0,7.0,31.5,0,80,1.2583057392117916,22.45551157288562,0.25,6.75,19.25,1,1537,2.9480801329998196,33.24706975146567,0.29411764705882354,9.764705882352942,32.35294117647059,4,1922,2.9501792000237823,30.036275827949243,0.4782608695652174,10.608695652173912,28.782608695652176,5
2025-05-19 15:49:37.598767,139,47362.401233,15.826944444444445,15,51,49,0,-5.0,1.4000000000000057,6.200000000000003,-15.099999999999994,-10.299999999999997,6.599999999999994,11.399999999999991,-10.0,-5.200000000000003,0.0,0.0,0.1,1.0,0.1,14,47.9,24.3,49565.81,18391.81,100,19,-4.799999999999997,6.200000000000003,2.5999999999999943,-1.1999999999999886,13,0.0,0.0,0.0,0.0,42,82,13.0,30.2,0,-3.299999999999997,4.700000000000003,-0.4000000000000057,1.8000000000000114,14,0.0,0.0,0.0,0.0,100,100,20.2,32.4,0,34.97240999842792,-49,78,,,0.0,51.0,15.0,0,78,,,0.0,51.0,15.0,0,95,0.0,9.899494936611665,0.0,51.0,8.0,0,1552,2.002846976530162,26.90698338695282,0.7777777777777778,52.629629629629626,18.703703703703702,0,1937,1.9009278182109677,22.81697816875896,0.8478260869565217,51.82608695652174,16.91304347826087,-1
2025-05-19 15:49:42.932461,139,47357.067539,15.828333333333333,3,4,96,1,1.0,-4.599999999999994,6.200000000000003,-21.099999999999994,-10.299999999999997,0.5999999999999943,11.399999999999991,-16.0,-5.200000000000003,0.0,0.0,0.1,1.0,0.1,14,47.9,24.3,49565.81,18391.81,100,19,-10.799999999999997,6.200000000000003,-3.4000000000000057,-1.1999999999999886,13,0.0,0.0,0.0,0.0,42,82,13.0,30.2,0,-9.299999999999997,4.700000000000003,-6.400000000000006,1.8000000000000114,14,0.0,0.0,0.0,0.0,100,100,20.2,32.4,0,-2.4517766497461926,-4,82,0.0,1.4142135623730951,1.0,4.0,2.0,0,82,0.0,1.4142135623730951,1.0,4.0,2.0,0,99,0.0,1.1547005383792517,1.0,4.0,1.6666666666666667,0,1556,0.0,1.1547005383792517,1.0,4.0,1.6666666666666667,0,1941,0.0,1.1547005383792517,1.0,4.0,1.6666666666666667,0
2025-05-19 15:49:42.932461,139,47357.067539,15.828333333333333,1,4,96,1,1.0,-4.599999999999994,6.200000000000003,-21.099999999999994,-10.299999999999997,0.5999999999999943,11.399999999999991,-16.0,-5.200000000000003,0.0,0.0,0.1,1.0,0.1,14,47.9,24.3,49565.81,18391.81,100,19,-10.799999999999997,6.200000000000003,-3.4000000000000057,-1.1999999999999886,13,0.0,0.0,0.0,0.0,42,82,13.0,30.2,0,-9.299999999999997,4.700000000000003,-6.400000000000006,1.8000000000000114,14,0.0,0.0,0.0,0.0,100,100,20.2,32.4,0,-2.4705882352941178,-4,82,0.0,1.4142135623730951,1.0,4.0,2.0,0,82,0.0,1.4142135623730951,1.0,4.0,2.0,0,99,0.0,1.1547005383792517,1.0,4.0,1.6666666666666667,0,1556,0.0,1.1547005383792517,1.0,4.0,1.6666666666666667,0,1941,0.0,1.1547005383792517,1.0,4.0,1.6666666666666667,0
2025-05-19 15:50:05.436845,139,47334.563155,15.834722222222222,1,5,95,1,1.0,-4.599999999999994,6.200000000000003,-21.099999999999994,-10.299999999999997,0.5999999999999943,11.399999999999991,-16.0,-5.200000000000003,0.0,0.0,0.1,1.0,0.1,14,47.9,24.3,49565.81,18391.81,100,19,-10.799999999999997,6.200000000000003,-3.4000000000000057,-1.1999999999999886,13,0.0,0.0,0.0,0.0,42,82,13.0,30.2,0,-9.299999999999997,4.700000000000003,-6.400000000000006,1.8000000000000114,14,0.0,0.0,0.0,0.0,100,100,20.2,32.4,0,-3.476923076923077,-5,31,0.5773502691896258,1.1547005383792517,1.0,4.333333333333333,1.6666666666666667,-1,83,0.5773502691896258,1.1547005383792517,1.0,4.333333333333333,1.6666666666666667,-1,98,0.5773502691896258,1.1547005383792517,1.0,4.333333333333333,1.6666666666666667,-1,1557,0.5,1.0,1.0,4.25,1.5,-1,1942,0.5,1.0,1.0,4.25,1.5,-1
2025-05-19 15:53:30.571409,139,47129.428591,15.891666666666666,1,35,65,0,-3.0,-0.5999999999999943,6.200000000000003,-17.099999999999994,-10.299999999999997,4.599999999999994,11.399999999999991,-12.0,-5.200000000000003,0.0,0.0,0.1,1.0,0.1,14,47.9,24.3,49565.81,18391.81,100,19,-6.799999999999997,6.200000000000003,0.5999999999999943,-1.1999999999999886,13,0.0,0.0,0.0,0.0,42,82,13.0,30.2,0,-5.299999999999997,4.700000000000003,-2.4000000000000057,1.8000000000000114,14,0.0,0.0,0.0,0.0,100,100,20.2,32.4,0,-21.91030195381883,35,3,0.0,0.0,0.0,35.0,1.0,0,34,0.0,0.0,0.0,35.0,1.0,0,99,0.0,0.0,0.0,35.0,1.0,0,1286,1.7919573407620817,86.08555176231505,0.5,36.9,42.5,4,1945,1.7494587907710375,78.09371797960952,0.5833333333333334,37.166666666666664,41.583333333333336,4
2025-05-19 15:53:30.571409,139,47129.428591,15.891666666666666,1,35,65,0,-3.0,-0.5999999999999943,6.200000000000003,-17.099999999999994,-10.299999999999997,4.599999999999994,11.399999999999991,-12.0,-5.200000000000003,0.0,0.0,0.1,1.0,0.1,14,47.9,24.3,49565.81,18391.81,100,19,-6.799999999999997,6.200000000000003,0.5999999999999943,-1.1999999999999886,13,0.0,0.0,0.0,0.0,42,82,13.0,30.2,0,-5.299999999999997,4.700000000000003,-2.4000000000000057,1.8000000000000114,14,0.0,0.0,0.0,0.0,100,100,20.2,32.4,0,-21.916790050340538,35,3,0.0,0.0,0.0,35.0,1.0,0,34,0.0,0.0,0.0,35.0,1.0,0,99,0.0,0.0,0.0,35.0,1.0,0,1286,1.7919573407620817,86.08555176231505,0.5,36.9,42.5,4,1945,1.7494587907710375,78.09371797960952,0.5833333333333334,37.166666666666664,41.583333333333336,4
2025-05-19 15:53:30.571409,139,47129.428591,15.891666666666666,1,35,65,0,-3.0,-0.5999999999999943,6.200000000000003,-17.099999999999994,-10.299999999999997,4.599999999999994,11.399999999999991,-12.0,-5.200000000000003,0.0,0.0,0.1,1.0,0.1,14,47.9,24.3,49565.81,18391.81,100,19,-6.799999999999997,6.200000000000003,0.5999999999999943,-1.1999999999999886,13,0.0,0.0,0.0,0.0,42,82,13.0,30.2,0,-5.299999999999997,4.700000000000003,-2.4000000000000057,1.8000000000000114,14,0.0,0.0,0.0,0.0,100,100,20.2,32.4,0,-21.923281990521332,35,3,0.0,0.0,0.0,35.0,1.0,0,34,0.0,0.0,0.0,35.0,1.0,0,99,0.0,0.0,0.0,35.0,1.0,0,1286,1.7919573407620817,86.08555176231505,0.5,36.9,42.5,4,1945,1.7494587907710375,78.09371797960952,0.5833333333333334,37.166666666666664,41.583333333333336,4
2025-05-19 15:53:48.182037,139,47111.817963,15.896666666666667,1,35,65,1,-3.0,-0.5999999999999943,6.200000000000003,-17.099999999999994,-10.299999999999997,4.599999999999994,11.399999999999991,-12.0,-5.200000000000003,0.0,0.0,0.1,1.0,0.1,14,47.9,24.3,49565.81,18391.81,100,19,-6.799999999999997,6.200000000000003,0.5999999999999943,-1.1999999999999886,13,0.0,0.0,0.0,0.0,42,82,13.0,30.2,0,-5.299999999999997,4.700000000000003,-2.4000000000000057,1.8000000000000114,14,0.0,0.0,0.0,0.0,100,100,20.2,32.4,0,-21.92977777777778,-35,4,0.0,0.0,0.25,35.0,1.0,0,24,0.0,0.0,0.25,35.0,1.0,0,100,0.0,0.0,0.25,35.0,1.0,0,1287,1.7939291563999449,82.62093065209434,0.5454545454545454,36.72727272727273,38.72727272727273,4,1946,1.7795130420052185,75.61152401653179,0.6153846153846154,37.0,38.46153846153846,4
2025-05-19 15:53:50.643138,139,47109.356862,15.897222222222222,92,34,66,0,-3.0,-0.5999999999999943,6.200000000000003,-17.099999999999994,-10.299999999999997,4.599999999999994,11.399999999999991,-12.0,-5.200000000000003,0.0,0.0,0.1,1.0,0.1,14,47.9,24.3,49565.81,18391.81,100,19,-6.799999999999997,6.200000000000003,0.5999999999999943,-1.1999999999999886,13,0.0,0.0,0.0,0.0,42,82,13.0,30.2,0,-5.299999999999997,4.700000000000003,-2.4000000000000057,1.8000000000000114,14,0.0,0.0,0.0,0.0,100,100,20.2,32.4,0,-20.936277415530526,34,96,0.4472135954999579,40.69643719049617,0.2,34.8,19.2,1,116,0.4472135954999579,40.69643719049617,0.2,34.8,19.2,1,192,0.4472135954999579,40.69643719049617,0.2,34.8,19.2,1,1379,1.8829377433825436,80.26301461539752,0.5,36.5,43.166666666666664,5,2038,1.8883680959850138,74.04097469689289,0.5714285714285714,36.785714285714285,42.285714285714285,5
2025-05-19 16:00:52.173361,139,46687.826639,16.014444444444443,19,56,44,0,-5.0,1.4000000000000057,4.700000000000003,-15.099999999999994,-11.799999999999997,6.599999999999994,9.899999999999991,-10.0,-6.700000000000003,0.0,0.0,0.1,1.0,0.1,14,47.9,24.3,49565.81,18391.81,100,19,-3.299999999999997,4.700000000000003,-0.4000000000000057,1.8000000000000114,14,0.0,0.0,0.0,0.0,100,100,20.2,32.4,0,-0.5,1.9000000000000057,4.099999999999994,-2.6999999999999886,13,0.0,0.0,0.0,0.0,100,100,20.5,30.2,0,30.01369323994649,-44,19,,,0.0,56.0,19.0,0,19,,,0.0,56.0,19.0,0,198,3.5355339059327378,2.8284271247461903,0.0,53.5,17.0,-5,1072,2.0660393313096725,26.404064141237864,0.75,52.75,18.714285714285715,-5,2038,1.9457494194738088,23.118272977334303,0.8181818181818182,52.06818181818182,17.681818181818183,-6
2025-05-19 16:01:30.158048,139,46649.841952,16.025,2,60,40,1,-5.0,1.4000000000000057,4.700000000000003,-15.099999999999994,-11.799999999999997,6.599999999999994,9.899999999999991,-10.0,-6.700000000000003,0.0,0.0,0.1,1.0,0.1,14,47.9,24.3,49565.81,18391.81,100,19,-3.299999999999997,4.700000000000003,-0.4000000000000057,1.8000000000000114,14,0.0,0.0,0.0,0.0,100,100,20.2,32.4,0,-0.5,1.9000000000000057,4.099999999999994,-2.6999999999999886,13,0.0,0.0,0.0,0.0,100,100,20.5,30.2,0,26.058638083228246,40,115,2.0,21.295539439046856,0.8,59.0,23.0,-5,115,2.0,21.295539439046856,0.8,59.0,23.0,-5,294,3.7237973450050514,19.325285681372645,0.6666666666666666,57.666666666666664,21.666666666666668,-10,1168,3.06646796925251,25.850375925387834,0.78125,53.625,19.375,-10,2134,2.8580482354768013,23.027234877407466,0.8333333333333334,52.708333333333336,18.208333333333332,-11
2025-05-19 16:01:30.158048,139,46649.841952,16.025,17,58,42,1,-5.0,1.4000000000000057,4.700000000000003,-15.099999999999994,-11.799999999999997,6.599999999999994,9.899999999999991,-10.0,-6.700000000000003,0.0,0.0,0.1,1.0,0.1,14,47.9,24.3,49565.81,18391.81,100,19,-3.299999999999997,4.700000000000003,-0.4000000000000057,1.8000000000000114,14,0.0,0.0,0.0,0.0,100,100,20.2,32.4,0,-0.5,1.9000000000000057,4.099999999999994,-2.6999999999999886,13,0.0,0.0,0.0,0.0,100,100,20.5,30.2,0,28.062746334542013,42,115,2.0,21.295539439046856,0.8,59.0,23.0,-5,115,2.0,21.295539439046856,0.8,59.0,23.0,-5,294,3.7237973450050514,19.325285681372645,0.6666666666666666,57.666666666666664,21.666666666666668,-10,1168,3.06646796925251,25.850375925387834,0.78125,53.625,19.375,-10,2134,2.8580482354768013,23.027234877407466,0.8333333333333334,52.708333333333336,18.208333333333332,-11
2025-05-19 16:01:30.158048,139,46649.841952,16.025,18,60,40,1,-5.0,1.4000000000000057,4.700000000000003,-15.099999999999994,-11.799999999999997,6.599999999999994,9.899999999999991,-10.0,-6.700000000000003,0.0,0.0,0.1,1.0,0.1,14,47.9,24.3,49565.81,18391.81,100,19,-3.299999999999997,4.700000000000003,-0.4000000000000057,1.8000000000000114,14,0.0,0.0,0.0,0.0,100,100,20.2,32.4,0,-0.5,1.9000000000000057,4.099999999999994,-2.6999999999999886,13,0.0,0.0,0.0,0.0,100,100,20.5,30.2,0,26.100402557423635,40,115,2.0,21.295539439046856,0.8,59.0,23.0,-5,115,2.0,21.295539439046856,0.8,59.0,23.0,-5,294,3.7237973450050514,19.325285681372645,0.6666666666666666,57.666666666666664,21.666666666666668,-10,1168,3.06646796925251,25.850375925387834,0.78125,53.625,19.375,-10,2134,2.8580482354768013,23.027234877407466,0.8333333333333334,52.708333333333336,18.208333333333332,-11
2025-05-19 16:01:30.158048,139,46649.841952,16.025,59,61,39,1,-5.0,1.4000000000000057,4.700000000000003,-15.099999999999994,-11.799999999999997,6.599999999999994,9.899999999999991,-10.0,-6.700000000000003,0.0,0.0,0.1,1.0,0.1,14,47.9,24.3,49565.81,18391.81,100,19,-3.299999999999997,4.700000000000003,-0.4000000000000057,1.8000000000000114,14,0.0,0.0,0.0,0.0,100,100,20.2,32.4,0,-0.5,1.9000000000000057,4.099999999999994,-2.6999999999999886,13,0.0,0.0,0.0,0.0,100,100,20.5,30.2,0,25.137538534503207,39,115,2.0,21.295539439046856,0.8,59.0,23.0,-5,115,2.0,21.295539439046856,0.8,59.0,23.0,-5,294,3.7237973450050514,19.325285681372645,0.6666666666666666,57.666666666666664,21.666666666666668,-10,1168,3.06646796925251,25.850375925387834,0.78125,53.625,19.375,-10,2134,2.8580482354768013,23.027234877407466,0.8333333333333334,52.708333333333336,18.208333333333332,-11
2025-05-19 16:08:38.875240,139,46221.12476,16.14388888888889,10,61,39,1,-5.0,1.4000000000000057,4.700000000000003,-15.099999999999994,-11.799999999999997,6.599999999999994,9.899999999999991,-10.0,-6.700000000000003,0.0,0.0,0.1,1.0,0.1,14,47.9,24.3,49565.81,18391.81,100,19,-3.299999999999997,4.700000000000003,-0.4000000000000057,1.8000000000000114,14,0.0,0.0,0.0,0.0,100,100,20.2,32.4,0,-0.5,1.9000000000000057,4.099999999999994,-2.6999999999999886,13,0.0,0.0,0.0,0.0,100,100,20.5,30.2,0,25.255320838627696,39,10,,,1.0,61.0,10.0,0,10,,,1.0,61.0,10.0,0,218,1.9663841605003503,19.77287704575808,0.8333333333333334,59.333333333333336,20.833333333333332,-5,1168,3.279874350882326,25.495543282556802,0.7878787878787878,53.84848484848485,19.09090909090909,-10,2029,3.0716091236834893,23.039161447891647,0.8297872340425532,53.0,18.74468085106383,-12
2025-05-19 16:11:49.533198,139,46030.466802,16.196944444444444,16,60,40,1,-5.0,1.4000000000000057,4.700000000000003,-15.099999999999994,-11.799999999999997,6.599999999999994,9.899999999999991,-10.0,-6.700000000000003,0.0,0.0,0.1,1.0,0.1,14,47.9,24.3,49565.81,18391.81,100,19,-3.299999999999997,4.700000000000003,-0.4000000000000057,1.8000000000000114,14,0.0,0.0,0.0,0.0,100,100,20.2,32.4,0,-0.5,1.9000000000000057,4.099999999999994,-2.6999999999999886,13,0.0,0.0,0.0,0.0,100,100,20.5,30.2,0,26.275393419170243,40,16,,,1.0,60.0,16.0,0,26,0.7071067811865476,4.242640687119285,1.0,60.5,13.0,1,141,1.8126539343499313,18.142294704442907,0.8571428571428571,59.42857142857143,20.142857142857142,-4,990,3.4073227737988785,25.50059417014245,0.7878787878787878,54.121212121212125,18.96969696969697,-9,2045,3.2023235137201276,22.796188791204887,0.8333333333333334,53.145833333333336,18.6875,-11
2025-05-19 16:12:42.089551,139,45977.910449,16.211666666666666,12,61,39,1,-5.0,1.4000000000000057,4.700000000000003,-15.099999999999994,-11.799999999999997,6.599999999999994,9.899999999999991,-10.0,-6.700000000000003,0.0,0.0,0.1,1.0,0.1,14,47.9,24.3,49565.81,18391.81,100,19,-3.299999999999997,4.700000000000003,-0.4000000000000057,1.8000000000000114,14,0.0,0.0,0.0,0.0,100,100,20.2,32.4,0,-0.5,1.9000000000000057,4.099999999999994,-2.6999999999999886,13,0.0,0.0,0.0,0.0,100,100,20.5,30.2,0,25.308849275823647,39,28,0.7071067811865476,2.8284271247461903,1.0,60.5,14.0,-1,38,0.5773502691896258,3.055050463303893,1.0,60.666666666666664,12.666666666666666,0,153,1.7677669529663689,17.041441085944413,0.875,59.625,19.125,-5,997,3.562217559245075,25.40971092104176,0.7878787878787878,54.42424242424242,19.181818181818183,-10,2057,3.361572558792568,22.577700304070124,0.8367346938775511,53.30612244897959,18.551020408163264,-12
2025-05-19 16:13:53.946564,139,45906.053436,16.231388888888887,7,61,39,1,-5.0,1.4000000000000057,4.700000000000003,-15.099999999999994,-11.799999999999997,6.599999999999994,9.899999999999991,-10.0,-6.700000000000003,0.0,0.0,0.1,1.0,0.1,14,47.9,24.3,49565.81,18391.81,100,19,-3.299999999999997,4.700000000000003,-0.4000000000000057,1.8000000000000114,14,0.0,0.0,0.0,0.0,100,100,20.2,32.4,0,-0.5,1.9000000000000057,4.099999999999994,-2.6999999999999886,13,0.0,0.0,0.0,0.0,100,100,20.5,30.2,0,25.333041261749244,39,19,0.0,3.5355339059327378,1.0,61.0,9.5,0,35,0.5773502691896258,4.509249752822894,1.0,60.666666666666664,11.666666666666666,-1,160,1.7159383568311668,16.44519517805868,0.8888888888888888,59.77777777777778,17.77777777777778,-5,1003,3.6850434806858727,25.296761380928512,0.7878787878787878,54.72727272727273,19.363636363636363,-10,2064,3.500495591734848,22.40575727762116,0.84,53.46,18.32,-12
2025-05-19 16:21:48.740638,139,45431.259362,16.363333333333333,12,60,40,1,-5.0,1.4000000000000057,4.700000000000003,-15.099999999999994,-11.799999999999997,6.599999999999994,9.899999999999991,-10.0,-6.700000000000003,0.0,0.0,0.1,1.0,0.1,14,47.9,24.3,49565.81,18391.81,100,19,-3.299999999999997,4.700000000000003,-0.4000000000000057,1.8000000000000114,14,0.0,0.0,0.0,0.0,100,100,20.2,32.4,0,-0.5,1.9000000000000057,4.099999999999994,-2.6999999999999886,13,0.0,0.0,0.0,0.0,100,100,20.5,30.2,0,26.347174623415953,40,12,,,1.0,60.0,12.0,0,12,,,1.0,60.0,12.0,0,57,0.5477225575051661,3.286335345030997,1.0,60.6,11.4,1,482,3.376042182602796,13.91998857296029,0.8421052631578947,57.21052631578947,12.894736842105264,-7,2075,3.559637679338062,22.285906592576872,0.86,53.68,18.54,-9
2025-05-19 16:23:15.928389,139,45344.071611,16.3875,4,60,40,1,-5.0,1.4000000000000057,4.700000000000003,-15.099999999999994,-11.799999999999997,6.599999999999994,9.899999999999991,-10.0,-6.700000000000003,0.0,0.0,0.1,1.0,0.1,14,47.9,24.3,49565.81,18391.81,100,19,-3.299999999999997,4.700000000000003,-0.4000000000000057,1.8000000000000114,14,0.0,0.0,0.0,0.0,100,100,20.2,32.4,0,-0.5,1.9000000000000057,4.099999999999994,-2.6999999999999886,13,0.0,0.0,0.0,0.0,100,100,20.5,30.2,0,26.372397287594737,40,36,0.5773502691896258,8.0,1.0,60.333333333333336,12.0,-1,36,0.5773502691896258,8.0,1.0,60.333333333333336,12.0,-1,81,0.5345224838248488,5.349677337844557,1.0,60.57142857142857,11.571428571428571,0,458,3.3558761541369138,13.448490798669745,0.8571428571428571,57.523809523809526,12.80952380952381,-8,2099,3.7333340066795344,21.938717265004026,0.8653846153846154,53.94230769230769,18.28846153846154,-10
2025-05-19 16:23:15.928389,139,45344.071611,16.3875,20,61,39,1,-5.0,1.4000000000000057,4.700000000000003,-15.099999999999994,-11.799999999999997,6.599999999999994,9.899999999999991,-10.0,-6.700000000000003,0.0,0.0,0.1,1.0,0.1,14,47.9,24.3,49565.81,18391.81,100,19,-3.299999999999997,4.700000000000003,-0.4000000000000057,1.8000000000000114,14,0.0,0.0,0.0,0.0,100,100,20.2,32.4,0,-0.5,1.9000000000000057,4.099999999999994,-2.6999999999999886,13,0.0,0.0,0.0,0.0,100,100,20.5,30.2,0,25.380815577368125,39,36,0.5773502691896258,8.0,1.0,60.333333333333336,12.0,-1,36,0.5773502691896258,8.0,1.0,60.333333333333336,12.0,-1,81,0.5345224838248488,5.349677337844557,1.0,60.57142857142857,11.571428571428571,0,458,3.3558761541369138,13.448490798669745,0.8571428571428571,57.523809523809526,12.80952380952381,-8,2099,3.7333340066795344,21.938717265004026,0.8653846153846154,53.94230769230769,18.28846153846154,-10
2025-05-19 16:23:43.672762,139,45316.327238,16.39527777777778,322,61,39,1,-5.0,1.4000000000000057,4.700000000000003,-15.099999999999994,-11.799999999999997,6.599999999999994,9.899999999999991,-10.0,-6.700000000000003,0.0,0.0,0.1,1.0,0.1,14,47.9,24.3,49565.81,18391.81,100,19,-3.299999999999997,4.700000000000003,-0.4000000000000057,1.8000000000000114,14,0.0,0.0,0.0,0.0,100,100,20.2,32.4,0,-0.5,1.9000000000000057,4.099999999999994,-2.6999999999999886,13,0.0,0.0,0.0,0.0,100,100,20.5,30.2,0,25.42138917752378,39,411,0.5163977794943223,125.37902535910861,1.0,60.666666666666664,68.5,-1,411,0.5163977794943223,125.37902535910861,1.0,60.666666666666664,68.5,-1,446,0.5,103.13839138641721,1.0,60.666666666666664,49.55555555555556,-1,833,3.342469363999521,64.59752765942474,0.875,57.958333333333336,26.833333333333332,-8,2474,3.972379385179363,46.38074022666158,0.8727272727272727,54.32727272727273,24.10909090909091,-10
2025-05-19 16:23:43.672762,139,45316.327238,16.39527777777778,3,61,39,1,-5.0,1.4000000000000057,4.700000000000003,-15.099999999999994,-11.799999999999997,6.599999999999994,9.899999999999991,-10.0,-6.700000000000003,0.0,0.0,0.1,1.0,0.1,14,47.9,24.3,49565.81,18391.81,100,19,-3.299999999999997,4.700000000000003,-0.4000000000000057,1.8000000000000114,14,0.0,0.0,0.0,0.0,100,100,20.2,32.4,0,-0.5,1.9000000000000057,4.099999999999994,-2.6999999999999886,13,0.0,0.0,0.0,0.0,100,100,20.5,30.2,0,26.092952662236442,39,411,0.5163977794943223,125.37902535910861,1.0,60.666666666666664,68.5,-1,411,0.5163977794943223,125.37902535910861,1.0,60.666666666666664,68.5,-1,446,0.5,103.13839138641721,1.0,60.666666666666664,49.55555555555556,-1,833,3.342469363999521,64.59752765942474,0.875,57.958333333333336,26.833333333333332,-8,2474,3.972379385179363,46.38074022666158,0.8727272727272727,54.32727272727273,24.10909090909091,-10
2025-05-19 16:23:43.672762,139,45316.327238,16.39527777777778,50,61,39,1,-5.0,1.4000000000000057,4.700000000000003,-15.099999999999994,-11.799999999999997,6.599999999999994,9.899999999999991,-10.0,-6.700000000000003,0.0,0.0,0.1,1.0,0.1,14,47.9,24.3,49565.81,18391.81,100,19,-3.299999999999997,4.700000000000003,-0.4000000000000057,1.8000000000000114,14,0.0,0.0,0.0,0.0,100,100,20.2,32.4,0,-0.5,1.9000000000000057,4.099999999999994,-2.6999999999999886,13,0.0,0.0,0.0,0.0,100,100,20.5,30.2,0,26.09937633349746,39,411,0.5163977794943223,125.37902535910861,1.0,60.666666666666664,68.5,-1,411,0.5163977794943223,125.37902535910861,1.0,60.666666666666664,68.5,-1,446,0.5,103.13839138641721,1.0,60.666666666666664,49.55555555555556,-1,833,3.342469363999521,64.59752765942474,0.875,57.958333333333336,26.833333333333332,-8,2474,3.972379385179363,46.38074022666158,0.8727272727272727,54.32727272727273,24.10909090909091,-10
2025-05-19 16:23:55.090453,139,45304.909547,16.398611111111112,2,57,43,0,-5.0,1.4000000000000057,4.700000000000003,-15.099999999999994,-11.799999999999997,6.599999999999994,9.899999999999991,-10.0,-6.700000000000003,0.0,0.0,0.1,1.0,0.1,14,47.9,24.3,49565.81,18391.81,100,19,-3.299999999999997,4.700000000000003,-0.4000000000000057,1.8000000000000114,14,0.0,0.0,0.0,0.0,100,100,20.2,32.4,0,-0.5,1.9000000000000057,4.099999999999994,-2.6999999999999886,13,0.0,0.0,0.0,0.0,100,100,20.5,30.2,0,30.206905075807512,-43,1080,3.0445411426405076,104.16530255517073,0.38461538461538464,57.46153846153846,83.07692307692308,3,1092,3.002745995998249,101.86567323988677,0.42857142857142855,57.642857142857146,78.0,3,1127,2.963007216445124,95.46188028860155,0.5294117647058824,58.1764705882353,66.29411764705883,3,1514,3.1971509494467707,74.42504754189213,0.65625,57.3125,41.40625,-4,3155,3.7666850182389426,56.4420505396856,0.7619047619047619,54.46031746031746,31.857142857142858,-6
2025-05-19 16:23:55.090453,139,45304.909547,16.398611111111112,152,52,48,0,-5.0,1.4000000000000057,4.700000000000003,-15.099999999999994,-11.799999999999997,6.599999999999994,9.899999999999991,-10.0,-6.700000000000003,0.0,0.0,0.1,1.0,0.1,14,47.9,24.3,49565.81,18391.81,100,19,-3.299999999999997,4.700000000000003,-0.4000000000000057,1.8000000000000114,14,0.0,0.0,0.0,0.0,100,100,20.2,32.4,0,-0.5,1.9000000000000057,4.099999999999994,-2.6999999999999886,13,0.0,0.0,0.0,0.0,100,100,20.5,30.2,0,35.21188396241965,-48,1080,3.0445411426405076,104.16530255517073,0.38461538461538464,57.46153846153846,83.07692307692308,3,1092,3.002745995998249,101.86567323988677,0.42857142857142855,57.642857142857146,78.0,3,1127,2.963007216445124,95.46188028860155,0.5294117647058824,58.1764705882353,66.29411764705883,3,1514,3.1971509494467707,74.42504754189213,0.65625,57.3125,41.40625,-4,3155,3.7666850182389426,56.4420505396856,0.7619047619047619,54.46031746031746,31.857142857142858,-6
2025-05-19 16:23:55.090453,139,45304.909547,16.398611111111112,18,56,44,0,-5.0,1.4000000000000057,4.700000000000003,-15.099999999999994,-11.799999999999997,6.599999999999994,9.899999999999991,-10.0,-6.700000000000003,0.0,0.0,0.1,1.0,0.1,14,47.9,24.3,49565.81,18391.81,100,19,-3.299999999999997,4.700000000000003,-0.4000000000000057,1.8000000000000114,14,0.0,0.0,0.0,0.0,100,100,20.2,32.4,0,-0.5,1.9000000000000057,4.099999999999994,-2.6999999999999886,13,0.0,0.0,0.0,0.0,100,100,20.5,30.2,0,31.658571190118508,-44,1080,3.0445411426405076,104.16530255517073,0.38461538461538464,57.46153846153846,83.07692307692308,3,1092,3.002745995998249,101.86567323988677,0.42857142857142855,57.642857142857146,78.0,3,1127,2.963007216445124,95.46188028860155,0.5294117647058824,58.1764705882353,66.29411764705883,3,1514,3.1971509494467707,74.42504754189213,0.65625,57.3125,41.40625,-4,3155,3.7666850182389426,56.4420505396856,0.7619047619047619,54.46031746031746,31.857142857142858,-6
2025-05-19 16:23:55.090453,139,45304.909547,16.398611111111112,49,55,45,0,-5.0,1.4000000000000057,4.700000000000003,-15.099999999999994,-11.799999999999997,6.599999999999994,9.899999999999991,-10.0,-6.700000000000003,0.0,0.0,0.1,1.0,0.1,14,47.9,24.3,49565.81,18391.81,100,19,-3.299999999999997,4.700000000000003,-0.4000000000000057,1.8000000000000114,14,0.0,0.0,0.0,0.0,100,100,20.2,32.4,0,-0.5,1.9000000000000057,4.099999999999994,-2.6999999999999886,13,0.0,0.0,0.0,0.0,100,100,20.5,30.2,0,32.70620193915079,-45,1080,3.0445411426405076,104.16530255517073,0.38461538461538464,57.46153846153846,83.07692307692308,3,1092,3.002745995998249,101.86567323988677,0.42857142857142855,57.642857142857146,78.0,3,1127,2.963007216445124,95.46188028860155,0.5294117647058824,58.1764705882353,66.29411764705883,3,1514,3.1971509494467707,74.42504754189213,0.65625,57.3125,41.40625,-4,3155,3.7666850182389426,56.4420505396856,0.7619047619047619,54.46031746031746,31.857142857142858,-6
2025-05-19 16:23:55.090453,139,45304.909547,16.398611111111112,46,56,44,0,-5.0,1.4000000000000057,4.700000000000003,-15.099999999999994,-11.799999999999997,6.599999999999994,9.899999999999991,-10.0,-6.700000000000003,0.0,0.0,0.1,1.0,0.1,14,47.9,24.3,49565.81,18391.81,100,19,-3.299999999999997,4.700000000000003,-0.4000000000000057,1.8000000000000114,14,0.0,0.0,0.0,0.0,100,100,20.2,32.4,0,-0.5,1.9000000000000057,4.099999999999994,-2.6999999999999886,13,0.0,0.0,0.0,0.0,100,100,20.5,30.2,0,31.840704993705415,-44,1080,3.0445411426405076,104.16530255517073,0.38461538461538464,57.46153846153846,83.07692307692308,3,1092,3.002745995998249,101.86567323988677,0.42857142857142855,57.642857142857146,78.0,3,1127,2.963007216445124,95.46188028860155,0.5294117647058824,58.1764705882353,66.29411764705883,3,1514,3.1971509494467707,74.42504754189213,0.65625,57.3125,41.40625,-4,3155,3.7666850182389426,56.4420505396856,0.7619047619047619,54.46031746031746,31.857142857142858,-6
2025-05-19 16:23:55.090453,139,45304.909547,16.398611111111112,1,56,44,0,-5.0,1.4000000000000057,4.700000000000003,-15.099999999999994,-11.799999999999997,6.599999999999994,9.899999999999991,-10.0,-6.700000000000003,0.0,0.0,0.1,1.0,0.1,14,47.9,24.3,49565.81,18391.81,100,19,-3.299999999999997,4.700000000000003,-0.4000000000000057,1.8000000000000114,14,0.0,0.0,0.0,0.0,100,100,20.2,32.4,0,-0.5,1.9000000000000057,4.099999999999994,-2.6999999999999886,13,0.0,0.0,0.0,0.0,100,100,20.5,30.2,0,31.964108180975657,-44,1080,3.0445411426405076,104.16530255517073,0.38461538461538464,57.46153846153846,83.07692307692308,3,1092,3.002745995998249,101.86567323988677,0.42857142857142855,57.642857142857146,78.0,3,1127,2.963007216445124,95.46188028860155,0.5294117647058824,58.1764705882353,66.29411764705883,3,1514,3.1971509494467707,74.42504754189213,0.65625,57.3125,41.40625,-4,3155,3.7666850182389426,56.4420505396856,0.7619047619047619,54.46031746031746,31.857142857142858,-6
2025-05-19 16:23:55.090453,139,45304.909547,16.398611111111112,200,54,46,0,-5.0,1.4000000000000057,4.700000000000003,-15.099999999999994,-11.799999999999997,6.599999999999994,9.899999999999991,-10.0,-6.700000000000003,0.0,0.0,0.1,1.0,0.1,14,47.9,24.3,49565.81,18391.81,100,19,-3.299999999999997,4.700000000000003,-0.4000000000000057,1.8000000000000114,14,0.0,0.0,0.0,0.0,100,100,20.2,32.4,0,-0.5,1.9000000000000057,4.099999999999994,-2.6999999999999886,13,0.0,0.0,0.0,0.0,100,100,20.5,30.2,0,33.966801482979434,-46,1080,3.0445411426405076,104.16530255517073,0.38461538461538464,57.46153846153846,83.07692307692308,3,1092,3.002745995998249,101.86567323988677,0.42857142857142855,57.642857142857146,78.0,3,1127,2.963007216445124,95.46188028860155,0.5294117647058824,58.1764705882353,66.29411764705883,3,1514,3.1971509494467707,74.42504754189213,0.65625,57.3125,41.40625,-4,3155,3.7666850182389426,56.4420505396856,0.7619047619047619,54.46031746031746,31.857142857142858,-6
2025-05-19 16:23:55.090453,139,45304.909547,16.398611111111112,213,57,43,0,-5.0,1.4000000000000057,4.700000000000003,-15.099999999999994,-11.799999999999997,6.599999999999994,9.899999999999991,-10.0,-6.700000000000003,0.0,0.0,0.1,1.0,0.1,14,47.9,24.3,49565.81,18391.81,100,19,-3.299999999999997,4.700000000000003,-0.4000000000000057,1.8000000000000114,14,0.0,0.0,0.0,0.0,100,100,20.2,32.4,0,-0.5,1.9000000000000057,4.099999999999994,-2.6999999999999886,13,0.0,0.0,0.0,0.0,100,100,20.5,30.2,0,31.54902296880357,-43,1080,3.0445411426405076,104.16530255517073,0.38461538461538464,57.46153846153846,83.07692307692308,3,1092,3.002745995998249,101.86567323988677,0.42857142857142855,57.642857142857146,78.0,3,1127,2.963007216445124,95.46188028860155,0.5294117647058824,58.1764705882353,66.29411764705883,3,1514,3.1971509494467707,74.42504754189213,0.65625,57.3125,41.40625,-4,3155,3.7666850182389426,56.4420505396856,0.7619047619047619,54.46031746031746,31.857142857142858,-6
2025-05-19 16:23:58.277057,139,45301.722943,16.399444444444445,7,34,66,0,-3.0,-0.5999999999999943,4.700000000000003,-17.099999999999994,-11.799999999999997,4.599999999999994,9.899999999999991,-12.0,-6.700000000000003,0.0,0.0,0.1,1.0,0.1,14,47.9,24.3,49565.81,18391.81,100,19,-5.299999999999997,4.700000000000003,-2.4000000000000057,1.8000000000000114,14,0.0,0.0,0.0,0.0,100,100,20.2,32.4,0,-2.5,1.9000000000000057,2.0999999999999943,-2.6999999999999886,13,0.0,0.0,0.0,0.0,100,100,20.5,30.2,0,-21.52315661182206,34,1087,,,0.0,34.0,7.0,0,1099,,,0.0,34.0,7.0,0,1134,,,0.0,34.0,7.0,0,1521,1.3228756555322951,29.946248141925523,0.3333333333333333,35.333333333333336,12.444444444444445,4,3162,1.9566735620873064,71.92701327105998,0.5333333333333333,36.6,39.93333333333333,5
2025-05-19 16:24:01.108072,139,45298.891928,16.400277777777777,27,34,66,1,-3.0,-0.5999999999999943,4.700000000000003,-17.099999999999994,-11.799999999999997,4.599999999999994,9.899999999999991,-12.0,-6.700000000000003,0.0,0.0,0.1,1.0,0.1,14,47.9,24.3,49565.81,18391.81,100,19,-5.299999999999997,4.700000000000003,-2.4000000000000057,1.8000000000000114,14,0.0,0.0,0.0,0.0,100,100,20.2,32.4,0,-2.5,1.9000000000000057,2.0999999999999943,-2.6999999999999886,13,0.0,0.0,0.0,0.0,100,100,20.5,30.2,0,-21.56916030534351,-34,1114,0.0,14.142135623730951,0.5,34.0,17.0,0,1126,0.0,14.142135623730951,0.5,34.0,17.0,0,1161,0.0,14.142135623730951,0.5,34.0,17.0,0,1548,1.3165611772087666,28.60633185541659,0.4,35.2,13.9,4,3189,1.998958061924595,69.56328054368915,0.5625,36.4375,39.125,5
2025-05-19 16:26:40.939787,139,45139.060213,16.444444444444446,50,9,91,1,-1.0,-2.5999999999999943,4.700000000000003,-19.099999999999994,-11.799999999999997,2.5999999999999943,9.899999999999991,-14.0,-6.700000000000003,0.0,0.0,0.1,1.0,0.1,14,47.9,24.3,49565.81,18391.81,100,19,-7.299999999999997,4.700000000000003,-4.400000000000006,1.8000000000000114,14,0.0,0.0,0.0,0.0,100,100,20.2,32.4,0,-4.5,1.9000000000000057,0.09999999999999432,-2.6999999999999886,13,0.0,0.0,0.0,0.0,100,100,20.5,30.2,0,-5.385897435897435,-9,134,1.707825127659933,26.751946969644408,1.0,9.75,33.5,-1,1260,1.707825127659933,26.751946969644408,1.0,9.75,33.5,-1,1295,1.707825127659933,26.751946969644408,1.0,9.75,33.5,-1,1682,1.986062547968831,24.078575077810935,0.5555555555555556,8.222222222222221,23.555555555555557,-2,3323,2.7185430271518953,31.493763554982483,0.42857142857142855,9.761904761904763,32.57142857142857,1
2025-05-19 16:26:40.939787,139,45139.060213,16.444444444444446,6,8,92,1,-1.0,-2.5999999999999943,4.700000000000003,-19.099999999999994,-11.799999999999997,2.5999999999999943,9.899999999999991,-14.0,-6.700000000000003,0.0,0.0,0.1,1.0,0.1,14,47.9,24.3,49565.81,18391.81,100,19,-7.299999999999997,4.700000000000003,-4.400000000000006,1.8000000000000114,14,0.0,0.0,0.0,0.0,100,100,20.2,32.4,0,-4.5,1.9000000000000057,0.09999999999999432,-2.6999999999999886,13,0.0,0.0,0.0,0.0,100,100,20.5,30.2,0,-4.50349344978166,-8,134,1.707825127659933,26.751946969644408,1.0,9.75,33.5,-1,1260,1.707825127659933,26.751946969644408,1.0,9.75,33.5,-1,1295,1.707825127659933,26.751946969644408,1.0,9.75,33.5,-1,1682,1.986062547968831,24.078575077810935,0.5555555555555556,8.222222222222221,23.555555555555557,-2,3323,2.7185430271518953,31.493763554982483,0.42857142857142855,9.761904761904763,32.57142857142857,1
2025-05-19 16:26:40.939787,139,45139.060213,16.444444444444446,62,12,88,1,-1.0,-2.5999999999999943,4.700000000000003,-19.099999999999994,-11.799999999999997,2.5999999999999943,9.899999999999991,-14.0,-6.700000000000003,0.0,0.0,0.1,1.0,0.1,14,47.9,24.3,49565.81,18391.81,100,19,-7.299999999999997,4.700000000000003,-4.400000000000006,1.8000000000000114,14,0.0,0.0,0.0,0.0,100,100,20.2,32.4,0,-4.5,1.9000000000000057,0.09999999999999432,-2.6999999999999886,13,0.0,0.0,0.0,0.0,100,100,20.5,30.2,0,-8.515323992994746,-12,134,1.707825127659933,26.751946969644408,1.0,9.75,33.5,-1,1260,1.707825127659933,26.751946969644408,1.0,9.75,33.5,-1,1295,1.707825127659933,26.751946969644408,1.0,9.75,33.5,-1,1682,1.986062547968831,24.078575077810935,0.5555555555555556,8.222222222222221,23.555555555555557,-2,3323,2.7185430271518953,31.493763554982483,0.42857142857142855,9.761904761904763,32.57142857142857,1
2025-05-19 16:26:40.939787,139,45139.060213,16.444444444444446,16,10,90,1,-1.0,-2.5999999999999943,4.700000000000003,-19.099999999999994,-11.799999999999997,2.5999999999999943,9.899999999999991,-14.0,-6.700000000000003,0.0,0.0,0.1,1.0,0.1,14,47.9,24.3,49565.81,18391.81,100,19,-7.299999999999997,4.700000000000003,-4.400000000000006,1.8000000000000114,14,0.0,0.0,0.0,0.0,100,100,20.2,32.4,0,-4.5,1.9000000000000057,0.09999999999999432,-2.6999999999999886,13,0.0,0.0,0.0,0.0,100,100,20.5,30.2,0,-6.7529252925292536,-10,134,1.707825127659933,26.751946969644408,1.0,9.75,33.5,-1,1260,1.707825127659933,26.751946969644408,1.0,9.75,33.5,-1,1295,1.707825127659933,26.751946969644408,1.0,9.75,33.5,-1,1682,1.986062547968831,24.078575077810935,0.5555555555555556,8.222222222222221,23.555555555555557,-2,3323,2.7185430271518953,31.493763554982483,0.42857142857142855,9.761904761904763,32.57142857142857,1
2025-05-19 16:28:35.219213,139,45024.780787,16.476388888888888,9,59,41,1,-5.0,1.4000000000000057,4.700000000000003,-15.099999999999994,-11.799999999999997,6.599999999999994,9.899999999999991,-10.0,-6.700000000000003,0.0,0.0,0.1,1.0,0.1,14,47.9,24.3,49565.81,18391.81,100,19,-3.299999999999997,4.700000000000003,-0.4000000000000057,1.8000000000000114,14,0.0,0.0,0.0,0.0,100,100,20.2,32.4,0,-0.5,1.9000000000000057,4.099999999999994,-2.6999999999999886,13,0.0,0.0,0.0,0.0,100,100,20.5,30.2,0,30.135661283282403,41,143,,,1.0,59.0,9.0,0,1233,2.9063670960444234,106.63201378402438,0.3333333333333333,57.083333333333336,88.75,2,1276,2.931865162884087,97.80013633255665,0.5,57.9375,69.25,2,1677,3.108941498545656,76.22516554307354,0.6333333333333333,57.7,44.0,-3,3332,3.779513490149522,56.06515484061011,0.765625,54.53125,31.5,-8
2025-05-19 16:31:33.771117,139,44846.228883,16.52583333333333,198,30,70,0,-3.0,-0.5999999999999943,4.700000000000003,-17.099999999999994,-11.799999999999997,4.599999999999994,9.899999999999991,-12.0,-6.700000000000003,0.0,0.0,0.1,1.0,0.1,14,47.9,24.3,49565.81,18391.81,100,19,-5.299999999999997,4.700000000000003,-2.4000000000000057,1.8000000000000114,14,0.0,0.0,0.0,0.0,100,100,20.2,32.4,0,-2.5,1.9000000000000057,2.0999999999999943,-2.6999999999999886,13,0.0,0.0,0.0,0.0,100,100,20.5,30.2,0,-17.74846059113301,30,380,0.8366600265340756,80.38967595406764,0.0,31.2,76.0,-2,523,0.8366600265340756,80.38967595406764,0.0,31.2,76.0,-2,1649,1.5275252316519468,71.9060233254224,0.14285714285714285,32.0,59.142857142857146,2,2020,2.027286390693261,58.74324838455251,0.21428571428571427,33.57142857142857,37.0,5,3712,2.8916958280401412,71.97770818934482,0.42857142857142855,35.19047619047619,47.904761904761905,7
2025-05-19 16:31:33.771117,139,44846.228883,16.52583333333333,85,32,68,0,-3.0,-0.5999999999999943,4.700000000000003,-17.099999999999994,-11.799999999999997,4.599999999999994,9.899999999999991,-12.0,-6.700000000000003,0.0,0.0,0.1,1.0,0.1,14,47.9,24.3,49565.81,18391.81,100,19,-5.299999999999997,4.700000000000003,-2.4000000000000057,1.8000000000000114,14,0.0,0.0,0.0,0.0,100,100,20.2,32.4,0,-2.5,1.9000000000000057,2.0999999999999943,-2.6999999999999886,13,0.0,0.0,0.0,0.0,100,100,20.5,30.2,0,-20.900655737704923,32,380,0.8366600265340756,80.38967595406764,0.0,31.2,76.0,-2,523,0.8366600265340756,80.38967595406764,0.0,31.2,76.0,-2,1649,1.5275252316519468,71.9060233254224,0.14285714285714285,32.0,59.142857142857146,2,2020,2.027286390693261,58.74324838455251,0.21428571428571427,33.57142857142857,37.0,5,3712,2.8916958280401412,71.97770818934482,0.42857142857142855,35.19047619047619,47.904761904761905,7
2025-05-19 16:31:33.771117,139,44846.228883,16.52583333333333,2,31,69,0,-3.0,-0.5999999999999943,4.700000000000003,-17.099999999999994,-11.799999999999997,4.599999999999994,9.899999999999991,-12.0,-6.700000000000003,0.0,0.0,0.1,1.0,0.1,14,47.9,24.3,49565.81,18391.81,100,19,-5.299999999999997,4.700000000000003,-2.4000000000000057,1.8000000000000114,14,0.0,0.0,0.0,0.0,100,100,20.2,32.4,0,-2.5,1.9000000000000057,2.0999999999999943,-2.6999999999999886,13,0.0,0.0,0.0,0.0,100,100,20.5,30.2,0,-20.49983136593592,31,380,0.8366600265340756,80.38967595406764,0.0,31.2,76.0,-2,523,0.8366600265340756,80.38967595406764,0.0,31.2,76.0,-2,1649,1.5275252316519468,71.9060233254224,0.14285714285714285,32.0,59.142857142857146,2,2020,2.027286390693261,58.74324838455251,0.21428571428571427,33.57142857142857,37.0,5,3712,2.8916958280401412,71.97770818934482,0.42857142857142855,35.19047619047619,47.904761904761905,7
2025-05-19 16:31:33.771117,139,44846.228883,16.52583333333333,91,31,69,0,-3.0,-0.5999999999999943,4.700000000000003,-17.099999999999994,-11.799999999999997,4.599999999999994,9.899999999999991,-12.0,-6.700000000000003,0.0,0.0,0.1,1.0,0.1,14,47.9,24.3,49565.81,18391.81,100,19,-5.299999999999997,4.700000000000003,-2.4000000000000057,1.8000000000000114,14,0.0,0.0,0.0,0.0,100,100,20.2,32.4,0,-2.5,1.9000000000000057,2.0999999999999943,-2.6999999999999886,13,0.0,0.0,0.0,0.0,100,100,20.5,30.2,0,-20.51366857914276,31,380,0.8366600265340756,80.38967595406764,0.0,31.2,76.0,-2,523,0.8366600265340756,80.38967595406764,0.0,31.2,76.0,-2,1649,1.5275252316519468,71.9060233254224,0.14285714285714285,32.0,59.142857142857146,2,2020,2.027286390693261,58.74324838455251,0.21428571428571427,33.57142857142857,37.0,5,3712,2.8916958280401412,71.97770818934482,0.42857142857142855,35.19047619047619,47.904761904761905,7
2025-05-19 16:31:33.771117,139,44846.228883,16.52583333333333,4,32,68,0,-3.0,-0.5999999999999943,4.700000000000003,-17.099999999999994,-11.799999999999997,4.599999999999994,9.899999999999991,-12.0,-6.700000000000003,0.0,0.0,0.1,1.0,0.1,14,47.9,24.3,49565.81,18391.81,100,19,-5.299999999999997,4.700000000000003,-2.4000000000000057,1.8000000000000114,14,0.0,0.0,0.0,0.0,100,100,20.2,32.4,0,-2.5,1.9000000000000057,2.0999999999999943,-2.6999999999999886,13,0.0,0.0,0.0,0.0,100,100,20.5,30.2,0,-22.163649025069645,32,380,0.8366600265340756,80.38967595406764,0.0,31.2,76.0,-2,523,0.8366600265340756,80.38967595406764,0.0,31.2,76.0,-2,1649,1.5275252316519468,71.9060233254224,0.14285714285714285,32.0,59.142857142857146,2,2020,2.027286390693261,58.74324838455251,0.21428571428571427,33.57142857142857,37.0,5,3712,2.8916958280401412,71.97770818934482,0.42857142857142855,35.19047619047619,47.904761904761905,7
2025-05-19 16:32:46.759671,139,44773.240329,16.546111111111113,47,10,90,1,-1.0,-2.5999999999999943,4.700000000000003,-19.099999999999994,-11.799999999999997,2.5999999999999943,9.899999999999991,-14.0,-6.700000000000003,0.0,0.0,0.1,1.0,0.1,14,47.9,24.3,49565.81,18391.81,100,19,-7.299999999999997,4.700000000000003,-4.400000000000006,1.8000000000000114,14,0.0,0.0,0.0,0.0,100,100,20.2,32.4,0,-4.5,1.9000000000000057,0.09999999999999432,-2.6999999999999886,13,0.0,0.0,0.0,0.0,100,100,20.5,30.2,0,-6.8019038984587485,-10,427,,,1.0,10.0,47.0,0,436,,,1.0,10.0,47.0,0,1696,1.4832396974191324,23.941595602632667,1.0,9.8,36.2,-1,2055,2.068278940998476,23.569047498785352,0.6666666666666666,8.444444444444445,28.666666666666668,-2,3702,2.653511925943718,30.888326995626436,0.45454545454545453,9.772727272727273,33.22727272727273,1
2025-05-19 16:42:52.567480,139,44167.43252,16.714444444444442,1,59,41,0,-5.0,1.4000000000000057,4.700000000000003,-15.099999999999994,-11.799999999999997,6.599999999999994,9.899999999999991,-10.0,-6.700000000000003,0.0,0.0,0.1,1.0,0.1,14,47.9,24.3,49565.81,18391.81,100,19,-3.299999999999997,4.700000000000003,-0.4000000000000057,1.8000000000000114,14,0.0,0.0,0.0,0.0,100,100,20.2,32.4,0,-0.5,1.9000000000000057,4.099999999999994,-2.6999999999999886,13,0.0,0.0,0.0,0.0,100,100,20.5,30.2,0,30.159356980604585,-41,46,0.5,13.403979508588733,0.0,58.75,11.5,0,46,0.5,13.403979508588733,0.0,58.75,11.5,0,482,0.4472135954999579,11.661903789690601,0.2,58.8,11.0,0,2081,2.8144594980226403,77.0410452946903,0.5172413793103449,58.275862068965516,45.58620689655172,-8,3617,3.7849095919877334,58.36104599020411,0.6779661016949152,55.32203389830509,31.76271186440678,-8
2025-05-19 16:42:52.567480,139,44167.43252,16.714444444444442,1,59,41,0,-5.0,1.4000000000000057,4.700000000000003,-15.099999999999994,-11.799999999999997,6.599999999999994,9.899999999999991,-10.0,-6.700000000000003,0.0,0.0,0.1,1.0,0.1,14,47.9,24.3,49565.81,18391.81,100,19,-3.299999999999997,4.700000000000003,-0.4000000000000057,1.8000000000000114,14,0.0,0.0,0.0,0.0,100,100,20.2,32.4,0,-0.5,1.9000000000000057,4.099999999999994,-2.6999999999999886,13,0.0,0.0,0.0,0.0,100,100,20.5,30.2,0,30.161992136304065,-41,46,0.5,13.403979508588733,0.0,58.75,11.5,0,46,0.5,13.403979508588733,0.0,58.75,11.5,0,482,0.4472135954999579,11.661903789690601,0.2,58.8,11.0,0,2081,2.8144594980226403,77.0410452946903,0.5172413793103449,58.275862068965516,45.58620689655172,-8,3617,3.7849095919877334,58.36104599020411,0.6779661016949152,55.32203389830509,31.76271186440678,-8
2025-05-19 16:42:52.567480,139,44167.43252,16.714444444444442,29,58,42,0,-5.0,1.4000000000000057,4.700000000000003,-15.099999999999994,-11.799999999999997,6.599999999999994,9.899999999999991,-10.0,-6.700000000000003,0.0,0.0,0.1,1.0,0.1,14,47.9,24.3,49565.81,18391.81,100,19,-3.299999999999997,4.700000000000003,-0.4000000000000057,1.8000000000000114,14,0.0,0.0,0.0,0.0,100,100,20.2,32.4,0,-0.5,1.9000000000000057,4.099999999999994,-2.6999999999999886,13,0.0,0.0,0.0,0.0,100,100,20.5,30.2,0,31.164627752534074,-42,46,0.5,13.403979508588733,0.0,58.75,11.5,0,46,0.5,13.403979508588733,0.0,58.75,11.5,0,482,0.4472135954999579,11.661903789690601,0.2,58.8,11.0,0,2081,2.8144594980226403,77.0410452946903,0.5172413793103449,58.275862068965516,45.58620689655172,-8,3617,3.7849095919877334,58.36104599020411,0.6779661016949152,55.32203389830509,31.76271186440678,-8
2025-05-19 16:42:52.567480,139,44167.43252,16.714444444444442,15,59,41,0,-5.0,1.4000000000000057,4.700000000000003,-15.099999999999994,-11.799999999999997,6.599999999999994,9.899999999999991,-10.0,-6.700000000000003,0.0,0.0,0.1,1.0,0.1,14,47.9,24.3,49565.81,18391.81,100,19,-3.299999999999997,4.700000000000003,-0.4000000000000057,1.8000000000000114,14,0.0,0.0,0.0,0.0,100,100,20.2,32.4,0,-0.5,1.9000000000000057,4.099999999999994,-2.6999999999999886,13,0.0,0.0,0.0,0.0,100,100,20.5,30.2,0,30.24380201489268,-41,46,0.5,13.403979508588733,0.0,58.75,11.5,0,46,0.5,13.403979508588733,0.0,58.75,11.5,0,482,0.4472135954999579,11.661903789690601,0.2,58.8,11.0,0,2081,2.8144594980226403,77.0410452946903,0.5172413793103449,58.275862068965516,45.58620689655172,-8,3617,3.7849095919877334,58.36104599020411,0.6779661016949152,55.32203389830509,31.76271186440678,-8
2025-05-19 16:47:40.112619,139,43879.887381,16.794444444444448,40,8,92,1,-1.0,-2.5999999999999943,4.700000000000003,-19.099999999999994,-11.799999999999997,2.5999999999999943,9.899999999999991,-14.0,-6.700000000000003,0.0,0.0,0.1,1.0,0.1,14,47.9,24.3,49565.81,18391.81,100,19,-7.299999999999997,4.700000000000003,-4.400000000000006,1.8000000000000114,14,0.0,0.0,0.0,0.0,100,100,20.2,32.4,0,-4.5,1.9000000000000057,0.09999999999999432,-2.6999999999999886,13,0.0,0.0,0.0,0.0,100,100,20.5,30.2,0,-4.9499768411301535,-8,240,0.5773502691896257,60.8276253029822,1.0,8.333333333333334,80.0,0,286,0.5773502691896257,60.8276253029822,1.0,8.333333333333334,80.0,0,333,0.9574271077563381,52.33466028041709,1.0,8.75,71.75,2,2321,1.5491933384829668,40.61253227487517,0.8,8.8,48.4,-1,3854,2.533114025595111,37.19955196862815,0.52,9.6,38.84,3
2025-05-19 16:47:40.112619,139,43879.887381,16.794444444444448,150,9,91,1,-1.0,-2.5999999999999943,4.700000000000003,-19.099999999999994,-11.799999999999997,2.5999999999999943,9.899999999999991,-14.0,-6.700000000000003,0.0,0.0,0.1,1.0,0.1,14,47.9,24.3,49565.81,18391.81,100,19,-7.299999999999997,4.700000000000003,-4.400000000000006,1.8000000000000114,14,0.0,0.0,0.0,0.0,100,100,20.2,32.4,0,-4.5,1.9000000000000057,0.09999999999999432,-2.6999999999999886,13,0.0,0.0,0.0,0.0,100,100,20.5,30.2,0,-6.043416705993393,-9,240,0.5773502691896257,60.8276253029822,1.0,8.333333333333334,80.0,0,286,0.5773502691896257,60.8276253029822,1.0,8.333333333333334,80.0,0,333,0.9574271077563381,52.33466028041709,1.0,8.75,71.75,2,2321,1.5491933384829668,40.61253227487517,0.8,8.8,48.4,-1,3854,2.533114025595111,37.19955196862815,0.52,9.6,38.84,3
2025-05-19 16:47:40.112619,139,43879.887381,16.794444444444448,50,8,92,1,-1.0,-2.5999999999999943,4.700000000000003,-19.099999999999994,-11.799999999999997,2.5999999999999943,9.899999999999991,-14.0,-6.700000000000003,0.0,0.0,0.1,1.0,0.1,14,47.9,24.3,49565.81,18391.81,100,19,-7.299999999999997,4.700000000000003,-4.400000000000006,1.8000000000000114,14,0.0,0.0,0.0,0.0,100,100,20.2,32.4,0,-4.5,1.9000000000000057,0.09999999999999432,-2.6999999999999886,13,0.0,0.0,0.0,0.0,100,100,20.5,30.2,0,-5.503809040121889,-8,240,0.5773502691896257,60.8276253029822,1.0,8.333333333333334,80.0,0,286,0.5773502691896257,60.8276253029822,1.0,8.333333333333334,80.0,0,333,0.9574271077563381,52.33466028041709,1.0,8.75,71.75,2,2321,1.5491933384829668,40.61253227487517,0.8,8.8,48.4,-1,3854,2.533114025595111,37.19955196862815,0.52,9.6,38.84,3
2025-05-19 16:53:04.838221,139,43555.161779,16.884444444444444,200,64,36,1,-5.0,1.4000000000000057,4.700000000000003,-15.099999999999994,-11.799999999999997,6.599999999999994,9.899999999999991,-10.0,-6.700000000000003,0.0,0.0,0.1,1.0,0.1,14,47.9,24.3,49565.81,18391.81,100,19,-3.299999999999997,4.700000000000003,-0.4000000000000057,1.8000000000000114,14,0.0,0.0,0.0,0.0,100,100,20.2,32.4,0,-0.5,1.9000000000000057,4.099999999999994,-2.6999999999999886,13,0.0,0.0,0.0,0.0,100,100,20.5,30.2,0,25.283596491228067,36,723,6.430867795722488,55.897837004826776,1.0,65.91666666666667,60.25,0,723,6.430867795722488,55.897837004826776,1.0,65.91666666666667,60.25,0,1009,6.375735251718032,52.93954885842279,0.75,64.125,48.0625,-5,2961,5.261129838683624,71.81484383379104,0.675,60.75,50.75,-8,4244,5.834480083703088,59.86287285043067,0.7164179104477612,57.47761194029851,37.83582089552239,-13
2025-05-19 16:53:04.838221,139,43555.161779,16.884444444444444,8,60,40,1,-5.0,1.4000000000000057,4.700000000000003,-15.099999999999994,-11.799999999999997,6.599999999999994,9.899999999999991,-10.0,-6.700000000000003,0.0,0.0,0.1,1.0,0.1,14,47.9,24.3,49565.81,18391.81,100,19,-3.299999999999997,4.700000000000003,-0.4000000000000057,1.8000000000000114,14,0.0,0.0,0.0,0.0,100,100,20.2,32.4,0,-0.5,1.9000000000000057,4.099999999999994,-2.6999999999999886,13,0.0,0.0,0.0,0.0,100,100,20.5,30.2,0,29.73508928571428,40,723,6.430867795722488,55.897837004826776,1.0,65.91666666666667,60.25,0,723,6.430867795722488,55.897837004826776,1.0,65.91666666666667,60.25,0,1009,6.375735251718032,52.93954885842279,0.75,64.125,48.0625,-5,2961,5.261129838683624,71.81484383379104,0.675,60.75,50.75,-8,4244,5.834480083703088,59.86287285043067,0.7164179104477612,57.47761194029851,37.83582089552239,-13
2025-05-19 16:53:04.838221,139,43555.161779,16.884444444444444,19,64,36,1,-5.0,1.4000000000000057,4.700000000000003,-15.099999999999994,-11.799999999999997,6.599999999999994,9.899999999999991,-10.0,-6.700000000000003,0.0,0.0,0.1,1.0,0.1,14,47.9,24.3,49565.81,18391.81,100,19,-3.299999999999997,4.700000000000003,-0.4000000000000057,1.8000000000000114,14,0.0,0.0,0.0,0.0,100,100,20.2,32.4,0,-0.5,1.9000000000000057,4.099999999999994,-2.6999999999999886,13,0.0,0.0,0.0,0.0,100,100,20.5,30.2,0,25.75634381701215,36,723,6.430867795722488,55.897837004826776,1.0,65.91666666666667,60.25,0,723,6.430867795722488,55.897837004826776,1.0,65.91666666666667,60.25,0,1009,6.375735251718032,52.93954885842279,0.75,64.125,48.0625,-5,2961,5.261129838683624,71.81484383379104,0.675,60.75,50.75,-8,4244,5.834480083703088,59.86287285043067,0.7164179104477612,57.47761194029851,37.83582089552239,-13
2025-05-19 16:53:04.838221,139,43555.161779,16.884444444444444,109,62,38,1,-5.0,1.4000000000000057,4.700000000000003,-15.099999999999994,-11.799999999999997,6.599999999999994,9.899999999999991,-10.0,-6.700000000000003,0.0,0.0,0.1,1.0,0.1,14,47.9,24.3,49565.81,18391.81,100,19,-3.299999999999997,4.700000000000003,-0.4000000000000057,1.8000000000000114,14,0.0,0.0,0.0,0.0,100,100,20.2,32.4,0,-0.5,1.9000000000000057,4.099999999999994,-2.6999999999999886,13,0.0,0.0,0.0,0.0,100,100,20.5,30.2,0,27.800143202362833,38,723,6.430867795722488,55.897837004826776,1.0,65.91666666666667,60.25,0,723,6.430867795722488,55.897837004826776,1.0,65.91666666666667,60.25,0,1009,6.375735251718032,52.93954885842279,0.75,64.125,48.0625,-5,2961,5.261129838683624,71.81484383379104,0.675,60.75,50.75,-8,4244,5.834480083703088,59.86287285043067,0.7164179104477612,57.47761194029851,37.83582089552239,-13
2025-05-19 16:53:04.838221,139,43555.161779,16.884444444444444,17,63,37,1,-5.0,1.4000000000000057,4.700000000000003,-15.099999999999994,-11.799999999999997,6.599999999999994,9.899999999999991,-10.0,-6.700000000000003,0.0,0.0,0.1,1.0,0.1,14,47.9,24.3,49565.81,18391.81,100,19,-3.299999999999997,4.700000000000003,-0.4000000000000057,1.8000000000000114,14,0.0,0.0,0.0,0.0,100,100,20.2,32.4,0,-0.5,1.9000000000000057,4.099999999999994,-2.6999999999999886,13,0.0,0.0,0.0,0.0,100,100,20.5,30.2,0,27.07402386117137,37,723,6.430867795722488,55.897837004826776,1.0,65.91666666666667,60.25,0,723,6.430867795722488,55.897837004826776,1.0,65.91666666666667,60.25,0,1009,6.375735251718032,52.93954885842279,0.75,64.125,48.0625,-5,2961,5.261129838683624,71.81484383379104,0.675,60.75,50.75,-8,4244,5.834480083703088,59.86287285043067,0.7164179104477612,57.47761194029851,37.83582089552239,-13
2025-05-19 16:53:04.838221,139,43555.161779,16.884444444444444,91,62,38,1,-5.0,1.4000000000000057,4.700000000000003,-15.099999999999994,-11.799999999999997,6.599999999999994,9.899999999999991,-10.0,-6.700000000000003,0.0,0.0,0.1,1.0,0.1,14,47.9,24.3,49565.81,18391.81,100,19,-3.299999999999997,4.700000000000003,-0.4000000000000057,1.8000000000000114,14,0.0,0.0,0.0,0.0,100,100,20.2,32.4,0,-0.5,1.9000000000000057,4.099999999999994,-2.6999999999999886,13,0.0,0.0,0.0,0.0,100,100,20.5,30.2,0,28.11568751697294,38,723,6.430867795722488,55.897837004826776,1.0,65.91666666666667,60.25,0,723,6.430867795722488,55.897837004826776,1.0,65.91666666666667,60.25,0,1009,6.375735251718032,52.93954885842279,0.75,64.125,48.0625,-5,2961,5.261129838683624,71.81484383379104,0.675,60.75,50.75,-8,4244,5.834480083703088,59.86287285043067,0.7164179104477612,57.47761194029851,37.83582089552239,-13
2025-05-19 16:53:04.838221,139,43555.161779,16.884444444444444,37,78,22,1,-5.0,1.4000000000000057,4.700000000000003,-15.099999999999994,-11.799999999999997,6.599999999999994,9.899999999999991,-10.0,-6.700000000000003,0.0,0.0,0.1,1.0,0.1,14,47.9,24.3,49565.81,18391.81,100,19,-3.299999999999997,4.700000000000003,-0.4000000000000057,1.8000000000000114,14,0.0,0.0,0.0,0.0,100,100,20.2,32.4,0,-0.5,1.9000000000000057,4.099999999999994,-2.6999999999999886,13,0.0,0.0,0.0,0.0,100,100,20.5,30.2,0,12.349215041986128,22,723,6.430867795722488,55.897837004826776,1.0,65.91666666666667,60.25,0,723,6.430867795722488,55.897837004826776,1.0,65.91666666666667,60.25,0,1009,6.375735251718032,52.93954885842279,0.75,64.125,48.0625,-5,2961,5.261129838683624,71.81484383379104,0.675,60.75,50.75,-8,4244,5.834480083703088,59.86287285043067,0.7164179104477612,57.47761194029851,37.83582089552239,-13
2025-05-19 16:53:04.838221,139,43555.161779,16.884444444444444,91,76,24,1,-5.0,1.4000000000000057,4.700000000000003,-15.099999999999994,-11.799999999999997,6.599999999999994,9.899999999999991,-10.0,-6.700000000000003,0.0,0.0,0.1,1.0,0.1,14,47.9,24.3,49565.81,18391.81,100,19,-3.299999999999997,4.700000000000003,-0.4000000000000057,1.8000000000000114,14,0.0,0.0,0.0,0.0,100,100,20.2,32.4,0,-0.5,1.9000000000000057,4.099999999999994,-2.6999999999999886,13,0.0,0.0,0.0,0.0,100,100,20.5,30.2,0,14.391061452513966,24,723,6.430867795722488,55.897837004826776,1.0,65.91666666666667,60.25,0,723,6.430867795722488,55.897837004826776,1.0,65.91666666666667,60.25,0,1009,6.375735251718032,52.93954885842279,0.75,64.125,48.0625,-5,2961,5.261129838683624,71.81484383379104,0.675,60.75,50.75,-8,4244,5.834480083703088,59.86287285043067,0.7164179104477612,57.47761194029851,37.83582089552239,-13
2025-05-19 16:53:04.838221,139,43555.161779,16.884444444444444,50,75,25,1,-5.0,1.4000000000000057,4.700000000000003,-15.099999999999994,-11.799999999999997,6.599999999999994,9.899999999999991,-10.0,-6.700000000000003,0.0,0.0,0.1,1.0,0.1,14,47.9,24.3,49565.81,18391.81,100,19,-3.299999999999997,4.700000000000003,-0.4000000000000057,1.8000000000000114,14,0.0,0.0,0.0,0.0,100,100,20.2,32.4,0,-0.5,1.9000000000000057,4.099999999999994,-2.6999999999999886,13,0.0,0.0,0.0,0.0,100,100,20.5,30.2,0,15.512005910602142,25,723,6.430867795722488,55.897837004826776,1.0,65.91666666666667,60.25,0,723,6.430867795722488,55.897837004826776,1.0,65.91666666666667,60.25,0,1009,6.375735251718032,52.93954885842279,0.75,64.125,48.0625,-5,2961,5.261129838683624,71.81484383379104,0.675,60.75,50.75,-8,4244,5.834480083703088,59.86287285043067,0.7164179104477612,57.47761194029851,37.83582089552239,-13
2025-05-19 16:53:04.838221,139,43555.161779,16.884444444444444,50,61,39,1,-5.0,1.4000000000000057,4.700000000000003,-15.099999999999994,-11.799999999999997,6.599999999999994,9.899999999999991,-10.0,-6.700000000000003,0.0,0.0,0.1,1.0,0.1,14,47.9,24.3,49565.81,18391.81,100,19,-3.299999999999997,4.700000000000003,-0.4000000000000057,1.8000000000000114,14,0.0,0.0,0.0,0.0,100,100,20.2,32.4,0,-0.5,1.9000000000000057,4.099999999999994,-2.6999999999999886,13,0.0,0.0,0.0,0.0,100,100,20.5,30.2,0,29.583967340879568,39,723,6.430867795722488,55.897837004826776,1.0,65.91666666666667,60.25,0,723,6.430867795722488,55.897837004826776,1.0,65.91666666666667,60.25,0,1009,6.375735251718032,52.93954885842279,0.75,64.125,48.0625,-5,2961,5.261129838683624,71.81484383379104,0.675,60.75,50.75,-8,4244,5.834480083703088,59.86287285043067,0.7164179104477612,57.47761194029851,37.83582089552239,-13
2025-05-19 16:53:04.838221,139,43555.161779,16.884444444444444,2,62,38,1,-5.0,1.4000000000000057,4.700000000000003,-15.099999999999994,-11.799999999999997,6.599999999999994,9.899999999999991,-10.0,-6.700000000000003,0.0,0.0,0.1,1.0,0.1,14,47.9,24.3,49565.81,18391.81,100,19,-3.299999999999997,4.700000000000003,-0.4000000000000057,1.8000000000000114,14,0.0,0.0,0.0,0.0,100,100,20.2,32.4,0,-0.5,1.9000000000000057,4.099999999999994,-2.6999999999999886,13,0.0,0.0,0.0,0.0,100,100,20.5,30.2,0,28.721849366144667,38,723,6.430867795722488,55.897837004826776,1.0,65.91666666666667,60.25,0,723,6.430867795722488,55.897837004826776,1.0,65.91666666666667,60.25,0,1009,6.375735251718032,52.93954885842279,0.75,64.125,48.0625,-5,2961,5.261129838683624,71.81484383379104,0.675,60.75,50.75,-8,4244,5.834480083703088,59.86287285043067,0.7164179104477612,57.47761194029851,37.83582089552239,-13
2025-05-19 16:53:04.838221,139,43555.161779,16.884444444444444,49,64,36,1,-5.0,1.4000000000000057,4.700000000000003,-15.099999999999994,-11.799999999999997,6.599999999999994,9.899999999999991,-10.0,-6.700000000000003,0.0,0.0,0.1,1.0,0.1,14,47.9,24.3,49565.81,18391.81,100,19,-3.299999999999997,4.700000000000003,-0.4000000000000057,1.8000000000000114,14,0.0,0.0,0.0,0.0,100,100,20.2,32.4,0,-0.5,1.9000000000000057,4.099999999999994,-2.6999999999999886,13,0.0,0.0,0.0,0.0,100,100,20.5,30.2,0,26.727204922617943,36,723,6.430867795722488,55.897837004826776,1.0,65.91666666666667,60.25,0,723,6.430867795722488,55.897837004826776,1.0,65.91666666666667,60.25,0,1009,6.375735251718032,52.93954885842279,0.75,64.125,48.0625,-5,2961,5.261129838683624,71.81484383379104,0.675,60.75,50.75,-8,4244,5.834480083703088,59.86287285043067,0.7164179104477612,57.47761194029851,37.83582089552239,-13
2025-05-19 16:57:01.163272,139,43318.836728,16.950277777777778,11,70,30,1,-5.0,1.4000000000000057,4.700000000000003,-15.099999999999994,-11.799999999999997,6.599999999999994,9.899999999999991,-10.0,-6.700000000000003,0.0,0.0,0.1,1.0,0.1,14,47.9,24.3,49565.81,18391.81,100,19,-3.299999999999997,4.700000000000003,-0.4000000000000057,1.8000000000000114,14,0.0,0.0,0.0,0.0,100,100,20.2,32.4,0,-0.5,1.9000000000000057,4.099999999999994,-2.6999999999999886,13,0.0,0.0,0.0,0.0,100,100,20.5,30.2,0,20.849864194062008,30,11,,,1.0,70.0,11.0,0,734,6.2603760024704345,55.23376893503856,1.0,66.23076923076923,56.46153846153846,-6,1020,6.335590413083294,52.04070804781241,0.7647058823529411,64.47058823529412,45.88235294117647,-11,2876,5.39206734415497,71.18269178498448,0.6829268292682927,60.97560975609756,49.78048780487805,-14,4255,5.986577758389446,59.50351359322021,0.7205882352941176,57.661764705882355,37.44117647058823,-19
2025-05-19 16:57:01.243005,139,43318.756995,16.950277777777778,10,7,93,0,-1.0,-2.5999999999999943,4.700000000000003,-19.099999999999994,-11.799999999999997,2.5999999999999943,9.899999999999991,-14.0,-6.700000000000003,0.0,0.0,0.1,1.0,0.1,14,47.9,24.3,49565.81,18391.81,100,19,-7.299999999999997,4.700000000000003,-4.400000000000006,1.8000000000000114,14,0.0,0.0,0.0,0.0,100,100,20.2,32.4,0,-4.5,1.9000000000000057,0.09999999999999432,-2.6999999999999886,13,0.0,0.0,0.0,0.0,100,100,20.5,30.2,0,-4.647212089630017,7,22,1.4142135623730951,6.363961030678928,0.0,8.0,5.5,-2,745,1.4142135623730951,6.363961030678928,0.0,8.0,5.5,-2,1031,0.8366600265340756,59.37339471514157,0.6,8.2,50.2,-1,2887,1.4142135623730951,43.312302588936035,0.8,9.0,43.2,0,4266,2.565800719723442,33.269756035574815,0.52,9.4,31.28,5
2025-05-19 16:57:01.243005,139,43318.756995,16.950277777777778,1,9,91,0,-1.0,-2.5999999999999943,4.700000000000003,-19.099999999999994,-11.799999999999997,2.5999999999999943,9.899999999999991,-14.0,-6.700000000000003,0.0,0.0,0.1,1.0,0.1,14,47.9,24.3,49565.81,18391.81,100,19,-7.299999999999997,4.700000000000003,-4.400000000000006,1.8000000000000114,14,0.0,0.0,0.0,0.0,100,100,20.2,32.4,0,-4.5,1.9000000000000057,0.09999999999999432,-2.6999999999999886,13,0.0,0.0,0.0,0.0,100,100,20.5,30.2,0,-6.671555788370881,9,22,1.4142135623730951,6.363961030678928,0.0,8.0,5.5,-2,745,1.4142135623730951,6.363961030678928,0.0,8.0,5.5,-2,1031,0.8366600265340756,59.37339471514157,0.6,8.2,50.2,-1,2887,1.4142135623730951,43.312302588936035,0.8,9.0,43.2,0,4266,2.565800719723442,33.269756035574815,0.52,9.4,31.28,5
2025-05-19 16:57:01.245075,139,43318.754925,16.950277777777778,11,31,69,0,-3.0,-0.5999999999999943,4.700000000000003,-17.099999999999994,-11.799999999999997,4.599999999999994,9.899999999999991,-12.0,-6.700000000000003,0.0,0.0,0.1,1.0,0.1,14,47.9,24.3,49565.81,18391.81,100,19,-5.299999999999997,4.700000000000003,-2.4000000000000057,1.8000000000000114,14,0.0,0.0,0.0,0.0,100,100,20.2,32.4,0,-2.5,1.9000000000000057,2.0999999999999943,-2.6999999999999886,13,0.0,0.0,0.0,0.0,100,100,20.5,30.2,0,-21.194560669456067,31,33,,,0.0,31.0,11.0,0,756,,,0.0,31.0,11.0,0,1042,,,0.0,31.0,11.0,0,2898,1.4577379737113252,68.71356177224821,0.125,31.875,53.125,3,4277,2.870448342020899,74.12313723584701,0.35,34.65,47.15,8
2025-05-19 16:57:37.584587,139,43282.415413,16.960277777777776,40,24,76,0,-3.0,-0.5999999999999943,4.700000000000003,-17.099999999999994,-11.799999999999997,4.599999999999994,9.899999999999991,-12.0,-6.700000000000003,0.0,0.0,0.1,1.0,0.1,14,47.9,24.3,49565.81,18391.81,100,19,-5.299999999999997,4.700000000000003,-2.4000000000000057,1.8000000000000114,14,0.0,0.0,0.0,0.0,100,100,20.2,32.4,0,-2.5,1.9000000000000057,2.0999999999999943,-2.6999999999999886,13,0.0,0.0,0.0,0.0,100,100,20.5,30.2,0,-14.276163808190404,24,131,4.035556254807296,20.21432778053843,0.0,27.428571428571427,15.571428571428571,1,854,4.035556254807296,20.21432778053843,0.0,27.428571428571427,15.571428571428571,1,1140,4.035556254807296,20.21432778053843,0.0,27.428571428571427,15.571428571428571,1,2996,3.770912385587899,55.55261835947435,0.07142857142857142,29.714285714285715,37.357142857142854,4,4375,4.566769603930618,66.69361634773198,0.2692307692307692,32.84615384615385,40.03846153846154,9
2025-05-19 16:57:37.584587,139,43282.415413,16.960277777777776,49,25,75,0,-3.0,-0.5999999999999943,4.700000000000003,-17.099999999999994,-11.799999999999997,4.599999999999994,9.899999999999991,-12.0,-6.700000000000003,0.0,0.0,0.1,1.0,0.1,14,47.9,24.3,49565.81,18391.81,100,19,-5.299999999999997,4.700000000000003,-2.4000000000000057,1.8000000000000114,14,0.0,0.0,0.0,0.0,100,100,20.2,32.4,0,-2.5,1.9000000000000057,2.0999999999999943,-2.6999999999999886,13,0.0,0.0,0.0,0.0,100,100,20.5,30.2,0,-15.478878239261633,25,131,4.035556254807296,20.21432778053843,0.0,27.428571428571427,15.571428571428571,1,854,4.035556254807296,20.21432778053843,0.0,27.428571428571427,15.571428571428571,1,1140,4.035556254807296,20.21432778053843,0.0,27.428571428571427,15.571428571428571,1,2996,3.770912385587899,55.55261835947435,0.07142857142857142,29.714285714285715,37.357142857142854,4,4375,4.566769603930618,66.69361634773198,0.2692307692307692,32.84615384615385,40.03846153846154,9
2025-05-19 16:57:37.584587,139,43282.415413,16.960277777777776,4,31,69,0,-3.0,-0.5999999999999943,4.700000000000003,-17.099999999999994,-11.799999999999997,4.599999999999994,9.899999999999991,-12.0,-6.700000000000003,0.0,0.0,0.1,1.0,0.1,14,47.9,24.3,49565.81,18391.81,100,19,-5.299999999999997,4.700000000000003,-2.4000000000000057,1.8000000000000114,14,0.0,0.0,0.0,0.0,100,100,20.2,32.4,0,-2.5,1.9000000000000057,2.0999999999999943,-2.6999999999999886,13,0.0,0.0,0.0,0.0,100,100,20.5,30.2,0,-21.752890173410407,31,131,4.035556254807296,20.21432778053843,0.0,27.428571428571427,15.571428571428571,1,854,4.035556254807296,20.21432778053843,0.0,27.428571428571427,15.571428571428571,1,1140,4.035556254807296,20.21432778053843,0.0,27.428571428571427,15.571428571428571,1,2996,3.770912385587899,55.55261835947435,0.07142857142857142,29.714285714285715,37.357142857142854,4,4375,4.566769603930618,66.69361634773198,0.2692307692307692,32.84615384615385,40.03846153846154,9
2025-05-19 16:57:37.584587,139,43282.415413,16.960277777777776,1,30,70,0,-3.0,-0.5999999999999943,4.700000000000003,-17.099999999999994,-11.799999999999997,4.599999999999994,9.899999999999991,-12.0,-6.700000000000003,0.0,0.0,0.1,1.0,0.1,14,47.9,24.3,49565.81,18391.81,100,19,-5.299999999999997,4.700000000000003,-2.4000000000000057,1.8000000000000114,14,0.0,0.0,0.0,0.0,100,100,20.2,32.4,0,-2.5,1.9000000000000057,2.0999999999999943,-2.6999999999999886,13,0.0,0.0,0.0,0.0,100,100,20.5,30.2,0,-20.784370477568743,30,131,4.035556254807296,20.21432778053843,0.0,27.428571428571427,15.571428571428571,1,854,4.035556254807296,20.21432778053843,0.0,27.428571428571427,15.571428571428571,1,1140,4.035556254807296,20.21432778053843,0.0,27.428571428571427,15.571428571428571,1,2996,3.770912385587899,55.55261835947435,0.07142857142857142,29.714285714285715,37.357142857142854,4,4375,4.566769603930618,66.69361634773198,0.2692307692307692,32.84615384615385,40.03846153846154,9
2025-05-19 16:57:37.584587,139,43282.415413,16.960277777777776,3,21,79,0,-3.0,-0.5999999999999943,4.700000000000003,-17.099999999999994,-11.799999999999997,4.599999999999994,9.899999999999991,-12.0,-6.700000000000003,0.0,0.0,0.1,1.0,0.1,14,47.9,24.3,49565.81,18391.81,100,19,-5.299999999999997,4.700000000000003,-2.4000000000000057,1.8000000000000114,14,0.0,0.0,0.0,0.0,100,100,20.2,32.4,0,-2.5,1.9000000000000057,2.0999999999999943,-2.6999999999999886,13,0.0,0.0,0.0,0.0,100,100,20.5,30.2,0,-11.791892870068764,21,131,4.035556254807296,20.21432778053843,0.0,27.428571428571427,15.571428571428571,1,854,4.035556254807296,20.21432778053843,0.0,27.428571428571427,15.571428571428571,1,1140,4.035556254807296,20.21432778053843,0.0,27.428571428571427,15.571428571428571,1,2996,3.770912385587899,55.55261835947435,0.07142857142857142,29.714285714285715,37.357142857142854,4,4375,4.566769603930618,66.69361634773198,0.2692307692307692,32.84615384615385,40.03846153846154,9
2025-05-19 16:57:37.584587,139,43282.415413,16.960277777777776,1,30,70,0,-3.0,-0.5999999999999943,4.700000000000003,-17.099999999999994,-11.799999999999997,4.599999999999994,9.899999999999991,-12.0,-6.700000000000003,0.0,0.0,0.1,1.0,0.1,14,47.9,24.3,49565.81,18391.81,100,19,-5.299999999999997,4.700000000000003,-2.4000000000000057,1.8000000000000114,14,0.0,0.0,0.0,0.0,100,100,20.2,32.4,0,-2.5,1.9000000000000057,2.0999999999999943,-2.6999999999999886,13,0.0,0.0,0.0,0.0,100,100,20.5,30.2,0,-20.80471014492754,30,131,4.035556254807296,20.21432778053843,0.0,27.428571428571427,15.571428571428571,1,854,4.035556254807296,20.21432778053843,0.0,27.428571428571427,15.571428571428571,1,1140,4.035556254807296,20.21432778053843,0.0,27.428571428571427,15.571428571428571,1,2996,3.770912385587899,55.55261835947435,0.07142857142857142,29.714285714285715,37.357142857142854,4,4375,4.566769603930618,66.69361634773198,0.2692307692307692,32.84615384615385,40.03846153846154,9
2025-05-19 17:01:20.531882,139,43059.468118,17.022222222222222,2,70,30,1,-5.0,1.4000000000000057,1.9000000000000057,-15.099999999999994,-14.599999999999994,6.599999999999994,7.099999999999994,-10.0,-9.5,0.0,0.0,0.1,1.0,0.1,14,47.9,24.3,49565.81,18391.81,100,19,-0.5,1.9000000000000057,4.099999999999994,-2.6999999999999886,13,0.0,0.0,0.0,0.0,100,100,20.5,30.2,0,0.7999999999999972,0.6000000000000085,6.599999999999994,-5.199999999999989,6,0.0,0.0,0.0,0.0,93,93,17.3,27.4,0,20.871366960435026,30,2,,,1.0,70.0,2.0,0,133,0.0,6.363961030678928,1.0,70.0,6.5,0,1096,6.098549638422868,55.02686656494302,1.0,66.5,52.57142857142857,-6,2979,5.511075323338649,71.41559917047569,0.7073170731707317,61.31707317073171,49.36585365853659,-10,4051,6.125220736492583,59.218269945272525,0.7246376811594203,57.84057971014493,36.927536231884055,-19
2025-05-19 17:01:25.966537,139,43054.033463,17.02361111111111,1,7,93,0,-1.0,-2.5999999999999943,1.9000000000000057,-19.099999999999994,-14.599999999999994,2.5999999999999943,7.099999999999994,-14.0,-9.5,0.0,0.0,0.1,1.0,0.1,14,47.9,24.3,49565.81,18391.81,100,19,-4.5,1.9000000000000057,0.09999999999999432,-2.6999999999999886,13,0.0,0.0,0.0,0.0,100,100,20.5,30.2,0,-3.200000000000003,0.6000000000000085,2.5999999999999943,-5.199999999999989,6,0.0,0.0,0.0,0.0,93,93,17.3,27.4,0,-4.675052410901472,7,53,0.0,34.64823227814083,0.0,7.0,25.5,0,184,1.0,23.388031127053,0.0,7.5,15.5,0,1147,0.8997354108424372,51.917975600712616,0.42857142857142855,7.857142857142857,43.142857142857146,1,3030,1.497472618255253,41.12757314414835,0.6666666666666666,8.666666666666666,40.25,2,4102,2.546994206349808,32.71520900567349,0.48148148148148145,9.222222222222221,30.85185185185185,7
2025-05-19 17:01:25.966537,139,43054.033463,17.02361111111111,50,7,93,0,-1.0,-2.5999999999999943,1.9000000000000057,-19.099999999999994,-14.599999999999994,2.5999999999999943,7.099999999999994,-14.0,-9.5,0.0,0.0,0.1,1.0,0.1,14,47.9,24.3,49565.81,18391.81,100,19,-4.5,1.9000000000000057,0.09999999999999432,-2.6999999999999886,13,0.0,0.0,0.0,0.0,100,100,20.5,30.2,0,-3.200000000000003,0.6000000000000085,2.5999999999999943,-5.199999999999989,6,0.0,0.0,0.0,0.0,93,93,17.3,27.4,0,-4.677503932878864,7,53,0.0,34.64823227814083,0.0,7.0,25.5,0,184,1.0,23.388031127053,0.0,7.5,15.5,0,1147,0.8997354108424372,51.917975600712616,0.42857142857142855,7.857142857142857,43.142857142857146,1,3030,1.497472618255253,41.12757314414835,0.6666666666666666,8.666666666666666,40.25,2,4102,2.546994206349808,32.71520900567349,0.48148148148148145,9.222222222222221,30.85185185185185,7
2025-05-19 17:05:20.823108,139,42819.176892,17.08888888888889,5,24,76,1,-3.0,-0.5999999999999943,1.9000000000000057,-17.099999999999994,-14.599999999999994,4.599999999999994,7.099999999999994,-12.0,-9.5,0.0,0.0,0.1,1.0,0.1,14,47.9,24.3,49565.81,18391.81,100,19,-2.5,1.9000000000000057,2.0999999999999943,-2.6999999999999886,13,0.0,0.0,0.0,0.0,100,100,20.5,30.2,0,-1.2000000000000028,0.6000000000000085,4.599999999999994,-5.199999999999989,6,0.0,0.0,0.0,0.0,93,93,17.3,27.4,0,-14.812250815512867,-24,8,0.7071067811865476,1.4142135623730951,1.0,23.5,4.0,1,61,0.7071067811865476,1.4142135623730951,1.0,23.5,4.0,1,915,3.908679799852858,18.2414363469547,0.2222222222222222,26.555555555555557,13.0,8,2942,4.106397447885433,52.95812024609635,0.1875,28.9375,33.1875,11,4100,4.805205510693586,47.34810802274293,0.28,31.44,28.52,16
2025-05-19 17:05:20.823108,139,42819.176892,17.08888888888889,3,23,77,1,-3.0,-0.5999999999999943,1.9000000000000057,-17.099999999999994,-14.599999999999994,4.599999999999994,7.099999999999994,-12.0,-9.5,0.0,0.0,0.1,1.0,0.1,14,47.9,24.3,49565.81,18391.81,100,19,-2.5,1.9000000000000057,2.0999999999999943,-2.6999999999999886,13,0.0,0.0,0.0,0.0,100,100,20.5,30.2,0,-1.2000000000000028,0.6000000000000085,4.599999999999994,-5.199999999999989,6,0.0,0.0,0.0,0.0,93,93,17.3,27.4,0,-13.83914306463326,-23,8,0.7071067811865476,1.4142135623730951,1.0,23.5,4.0,1,61,0.7071067811865476,1.4142135623730951,1.0,23.5,4.0,1,915,3.908679799852858,18.2414363469547,0.2222222222222222,26.555555555555557,13.0,8,2942,4.106397447885433,52.95812024609635,0.1875,28.9375,33.1875,11,4100,4.805205510693586,47.34810802274293,0.28,31.44,28.52,16
2025-05-19 17:06:36.384364,139,42743.615636,17.110000000000003,13,26,74,1,-3.0,-0.5999999999999943,1.9000000000000057,-17.099999999999994,-14.599999999999994,4.599999999999994,7.099999999999994,-12.0,-9.5,0.0,0.0,0.1,1.0,0.1,14,47.9,24.3,49565.81,18391.81,100,19,-2.5,1.9000000000000057,2.0999999999999943,-2.6999999999999886,13,0.0,0.0,0.0,0.0,100,100,20.5,30.2,0,-1.2000000000000028,0.6000000000000085,4.599999999999994,-5.199999999999989,6,0.0,0.0,0.0,0.0,93,93,17.3,27.4,0,-16.854234823700473,-26,26,1.5,4.43471156521669,1.0,24.75,6.5,-2,26,1.5,4.43471156521669,1.0,24.75,6.5,-2,933,3.503245248726853,16.49297371058906,0.36363636363636365,26.454545454545453,12.272727272727273,5,2960,3.972536438049875,50.37535578621986,0.2777777777777778,28.61111111111111,30.5,8,4118,4.839592175137531,45.80134859110082,0.3333333333333333,31.037037037037038,27.074074074074073,13
2025-05-19 17:06:36.384364,139,42743.615636,17.110000000000003,5,26,74,1,-3.0,-0.5999999999999943,1.9000000000000057,-17.099999999999994,-14.599999999999994,4.599999999999994,7.099999999999994,-12.0,-9.5,0.0,0.0,0.1,1.0,0.1,14,47.9,24.3,49565.81,18391.81,100,19,-2.5,1.9000000000000057,2.0999999999999943,-2.6999999999999886,13,0.0,0.0,0.0,0.0,100,100,20.5,30.2,0,-1.2000000000000028,0.6000000000000085,4.599999999999994,-5.199999999999989,6,0.0,0.0,0.0,0.0,93,93,17.3,27.4,0,-16.934258582907233,-26,26,1.5,4.43471156521669,1.0,24.75,6.5,-2,26,1.5,4.43471156521669,1.0,24.75,6.5,-2,933,3.503245248726853,16.49297371058906,0.36363636363636365,26.454545454545453,12.272727272727273,5,2960,3.972536438049875,50.37535578621986,0.2777777777777778,28.61111111111111,30.5,8,4118,4.839592175137531,45.80134859110082,0.3333333333333333,31.037037037037038,27.074074074074073,13
2025-05-19 17:07:22.936822,139,42697.063178,17.122777777777777,1,7,93,1,-1.0,-2.5999999999999943,1.9000000000000057,-19.099999999999994,-14.599999999999994,2.5999999999999943,7.099999999999994,-14.0,-9.5,0.0,0.0,0.1,1.0,0.1,14,47.9,24.3,49565.81,18391.81,100,19,-4.5,1.9000000000000057,0.09999999999999432,-2.6999999999999886,13,0.0,0.0,0.0,0.0,100,100,20.5,30.2,0,-3.200000000000003,0.6000000000000085,2.5999999999999943,-5.199999999999989,6,0.0,0.0,0.0,0.0,93,93,17.3,27.4,0,-4.803446418955304,-7,19,,,1.0,7.0,1.0,0,27,,,1.0,7.0,1.0,0,934,0.8944271909999157,21.267345861672535,0.2,7.4,12.6,0,2961,1.5063966175050878,40.853710247976764,0.6923076923076923,8.538461538461538,37.23076923076923,2,4119,2.5344191490912515,32.595565641217206,0.5,9.142857142857142,29.785714285714285,7
2025-05-19 17:15:14.811373,139,42225.188627,17.253888888888888,50,69,31,1,-5.0,1.4000000000000057,1.9000000000000057,-15.099999999999994,-14.599999999999994,6.599999999999994,7.099999999999994,-10.0,-9.5,0.0,0.0,0.1,1.0,0.1,14,47.9,24.3,49565.81,18391.81,100,19,-0.5,1.9000000000000057,4.099999999999994,-2.6999999999999886,13,0.0,0.0,0.0,0.0,100,100,20.5,30.2,0,0.7999999999999972,0.6000000000000085,6.599999999999994,-5.199999999999989,6,0.0,0.0,0.0,0.0,93,93,17.3,27.4,0,21.87528132033009,31,50,,,1.0,69.0,50.0,0,50,,,1.0,69.0,50.0,0,130,0.7071067811865476,33.94112549695428,1.0,69.5,26.0,1,2966,6.153488351726252,76.25321944636717,0.6470588235294118,61.794117647058826,56.85294117647059,-9,3968,6.159571928334495,60.060849098273614,0.7121212121212122,58.42424242424242,38.95454545454545,-18
2025-05-19 17:15:14.922118,139,42225.077882,17.253888888888888,1,22,78,0,-3.0,-0.5999999999999943,1.9000000000000057,-17.099999999999994,-14.599999999999994,4.599999999999994,7.099999999999994,-12.0,-9.5,0.0,0.0,0.1,1.0,0.1,14,47.9,24.3,49565.81,18391.81,100,19,-2.5,1.9000000000000057,2.0999999999999943,-2.6999999999999886,13,0.0,0.0,0.0,0.0,100,100,20.5,30.2,0,-1.2000000000000028,0.6000000000000085,4.599999999999994,-5.199999999999989,6,0.0,0.0,0.0,0.0,93,93,17.3,27.4,0,-12.96523966337358,22,51,,,0.0,22.0,1.0,0,51,,,0.0,22.0,1.0,0,131,1.7888543819998317,4.560701700396552,0.8,24.2,5.4,2,2967,4.147852259009848,49.42162559066013,0.2631578947368421,28.263157894736842,28.94736842105263,12,3969,5.046870264916612,45.21448005174013,0.32142857142857145,30.714285714285715,26.142857142857142,17
2025-05-19 17:15:21.422193,139,42218.577807,17.25583333333333,1,22,78,1,-3.0,-0.5999999999999943,1.9000000000000057,-17.099999999999994,-14.599999999999994,4.599999999999994,7.099999999999994,-12.0,-9.5,0.0,0.0,0.1,1.0,0.1,14,47.9,24.3,49565.81,18391.81,100,19,-2.5,1.9000000000000057,2.0999999999999943,-2.6999999999999886,13,0.0,0.0,0.0,0.0,100,100,20.5,30.2,0,-1.2000000000000028,0.6000000000000085,4.599999999999994,-5.199999999999989,6,0.0,0.0,0.0,0.0,93,93,17.3,27.4,0,-12.969985358711567,-22,52,0.0,0.0,0.5,22.0,1.0,0,52,0.0,0.0,0.5,22.0,1.0,0,132,1.8348478592697182,4.457203906785807,0.8333333333333334,23.833333333333332,4.666666666666667,2,2968,4.273233707134384,48.50770421717619,0.3,27.95,27.55,12,3970,5.213425261348341,44.6445457808711,0.3448275862068966,30.413793103448278,25.275862068965516,17
2025-05-19 17:15:38.860634,139,42201.139366,17.260555555555555,1,22,78,0,-3.0,-0.5999999999999943,1.9000000000000057,-17.099999999999994,-14.599999999999994,4.599999999999994,7.099999999999994,-12.0,-9.5,0.0,0.0,0.1,1.0,0.1,14,47.9,24.3,49565.81,18391.81,100,19,-2.5,1.9000000000000057,2.0999999999999943,-2.6999999999999886,13,0.0,0.0,0.0,0.0,100,100,20.5,30.2,0,-1.2000000000000028,0.6000000000000085,4.599999999999994,-5.199999999999989,6,0.0,0.0,0.0,0.0,93,93,17.3,27.4,0,-12.974734529476379,22,53,0.0,0.0,0.3333333333333333,22.0,1.0,0,53,0.0,0.0,0.3333333333333333,22.0,1.0,0,133,1.8126539343499315,4.29839394148448,0.7142857142857143,23.571428571428573,4.142857142857143,2,2969,4.36272086355904,47.63312172967761,0.2857142857142857,27.666666666666668,26.285714285714285,12,3930,5.348111708872086,44.09138889525531,0.3333333333333333,30.133333333333333,24.466666666666665,17
2025-05-19 17:16:35.750355,139,42144.249645,17.27638888888889,30,70,30,1,-5.0,1.4000000000000057,1.9000000000000057,-15.099999999999994,-14.599999999999994,6.599999999999994,7.099999999999994,-10.0,-9.5,0.0,0.0,0.1,1.0,0.1,14,47.9,24.3,49565.81,18391.81,100,19,-0.5,1.9000000000000057,4.099999999999994,-2.6999999999999886,13,0.0,0.0,0.0,0.0,100,100,20.5,30.2,0,0.7999999999999972,0.6000000000000085,6.599999999999994,-5.199999999999989,6,0.0,0.0,0.0,0.0,93,93,17.3,27.4,0,20.97833050687771,30,83,0.7071067811865476,14.142135623730951,1.0,69.5,40.0,-1,83,0.7071067811865476,14.142135623730951,1.0,69.5,40.0,-1,110,0.7071067811865476,14.142135623730951,1.0,69.5,40.0,-1,2999,6.218973408216249,75.26047764795491,0.6571428571428571,62.02857142857143,56.08571428571429,-10,3883,6.19377487661783,60.74432496845294,0.71875,58.953125,40.0,-20
2025-05-19 17:21:11.306044,139,41868.693956,17.353055555555557,1,22,78,1,-3.0,-0.5999999999999943,1.9000000000000057,-17.099999999999994,-14.599999999999994,4.599999999999994,7.099999999999994,-12.0,-9.5,0.0,0.0,0.1,1.0,0.1,14,47.9,24.3,49565.81,18391.81,100,19,-2.5,1.9000000000000057,2.0999999999999943,-2.6999999999999886,13,0.0,0.0,0.0,0.0,100,100,20.5,30.2,0,-1.2000000000000028,0.6000000000000085,4.599999999999994,-5.199999999999989,6,0.0,0.0,0.0,0.0,93,93,17.3,27.4,0,-12.97948717948718,-22,1,,,1.0,22.0,1.0,0,31,,,1.0,22.0,1.0,0,103,2.0655911179772892,4.844240566555987,0.6666666666666666,23.333333333333332,3.6666666666666665,4,3000,4.425672839984909,46.79671890670222,0.3181818181818182,27.40909090909091,25.136363636363637,12,3470,5.276384167690737,43.14205351636841,0.3333333333333333,29.566666666666666,21.933333333333334,16
2025-05-19 17:21:38.309866,139,41841.690134,17.360555555555557,2,22,78,1,-3.0,-0.5999999999999943,1.9000000000000057,-17.099999999999994,-14.599999999999994,4.599999999999994,7.099999999999994,-12.0,-9.5,0.0,0.0,0.1,1.0,0.1,14,47.9,24.3,49565.81,18391.81,100,19,-2.5,1.9000000000000057,2.0999999999999943,-2.6999999999999886,13,0.0,0.0,0.0,0.0,100,100,20.5,30.2,0,-1.2000000000000028,0.6000000000000085,4.599999999999994,-5.199999999999989,6,0.0,0.0,0.0,0.0,93,93,17.3,27.4,0,-12.984243312568706,-22,3,0.0,0.7071067811865476,1.0,22.0,1.5,0,3,0.0,0.7071067811865476,1.0,22.0,1.5,0,87,0.0,0.4472135954999579,0.6,22.0,1.2,0,3002,4.468599271207961,45.97460202786484,0.34782608695652173,27.17391304347826,24.130434782608695,12,3472,5.362754868996554,42.56774486892402,0.3548387096774194,29.322580645161292,21.29032258064516,16
2025-05-19 17:22:11.786350,139,41808.21365,17.369722222222222,6,80,20,1,-5.0,1.4000000000000057,1.9000000000000057,-15.099999999999994,-14.599999999999994,6.599999999999994,7.099999999999994,-10.0,-9.5,0.0,0.0,0.1,1.0,0.1,14,47.9,24.3,49565.81,18391.81,100,19,-0.5,1.9000000000000057,4.099999999999994,-2.6999999999999886,13,0.0,0.0,0.0,0.0,100,100,20.5,30.2,0,0.7999999999999972,0.6000000000000085,6.599999999999994,-5.199999999999989,6,0.0,0.0,0.0,0.0,93,93,17.3,27.4,0,11.037792894935748,20,148,4.445971959725643,17.022534084755613,1.0,79.83333333333333,24.166666666666668,-1,148,4.445971959725643,17.022534084755613,1.0,79.83333333333333,24.166666666666668,-1,232,6.08863109175031,17.007876326656927,1.0,77.25,28.125,-12,3135,8.793208334874866,71.19053523954085,0.7,64.75,52.4,-21,3569,8.255490707790623,61.76245949351828,0.7457627118644068,62.32203389830509,39.67796610169491,-28
2025-05-19 17:22:11.786350,139,41808.21365,17.369722222222222,6,82,18,1,-5.0,1.4000000000000057,1.9000000000000057,-15.099999999999994,-14.599999999999994,6.599999999999994,7.099999999999994,-10.0,-9.5,0.0,0.0,0.1,1.0,0.1,14,47.9,24.3,49565.81,18391.81,100,19,-0.5,1.9000000000000057,4.099999999999994,-2.6999999999999886,13,0.0,0.0,0.0,0.0,100,100,20.5,30.2,0,0.7999999999999972,0.6000000000000085,6.599999999999994,-5.199999999999989,6,0.0,0.0,0.0,0.0,93,93,17.3,27.4,0,9.044053696350915,18,148,4.445971959725643,17.022534084755613,1.0,79.83333333333333,24.166666666666668,-1,148,4.445971959725643,17.022534084755613,1.0,79.83333333333333,24.166666666666668,-1,232,6.08863109175031,17.007876326656927,1.0,77.25,28.125,-12,3135,8.793208334874866,71.19053523954085,0.7,64.75,52.4,-21,3569,8.255490707790623,61.76245949351828,0.7457627118644068,62.32203389830509,39.67796610169491,-28
2025-05-19 17:22:11.786350,139,41808.21365,17.369722222222222,36,83,17,1,-5.0,1.4000000000000057,1.9000000000000057,-15.099999999999994,-14.599999999999994,6.599999999999994,7.099999999999994,-10.0,-9.5,0.0,0.0,0.1,1.0,0.1,14,47.9,24.3,49565.81,18391.81,100,19,-0.5,1.9000000000000057,4.099999999999994,-2.6999999999999886,13,0.0,0.0,0.0,0.0,100,100,20.5,30.2,0,0.7999999999999972,0.6000000000000085,6.599999999999994,-5.199999999999989,6,0.0,0.0,0.0,0.0,93,93,17.3,27.4,0,8.049186530457817,17,148,4.445971959725643,17.022534084755613,1.0,79.83333333333333,24.166666666666668,-1,148,4.445971959725643,17.022534084755613,1.0,79.83333333333333,24.166666666666668,-1,232,6.08863109175031,17.007876326656927,1.0,77.25,28.125,-12,3135,8.793208334874866,71.19053523954085,0.7,64.75,52.4,-21,3569,8.255490707790623,61.76245949351828,0.7457627118644068,62.32203389830509,39.67796610169491,-28
2025-05-19 17:22:11.786350,139,41808.21365,17.369722222222222,20,71,29,1,-5.0,1.4000000000000057,1.9000000000000057,-15.099999999999994,-14.599999999999994,6.599999999999994,7.099999999999994,-10.0,-9.5,0.0,0.0,0.1,1.0,0.1,14,47.9,24.3,49565.81,18391.81,100,19,-0.5,1.9000000000000057,4.099999999999994,-2.6999999999999886,13,0.0,0.0,0.0,0.0,100,100,20.5,30.2,0,0.7999999999999972,0.6000000000000085,6.599999999999994,-5.199999999999989,6,0.0,0.0,0.0,0.0,93,93,17.3,27.4,0,20.076689445709945,29,148,4.445971959725643,17.022534084755613,1.0,79.83333333333333,24.166666666666668,-1,148,4.445971959725643,17.022534084755613,1.0,79.83333333333333,24.166666666666668,-1,232,6.08863109175031,17.007876326656927,1.0,77.25,28.125,-12,3135,8.793208334874866,71.19053523954085,0.7,64.75,52.4,-21,3569,8.255490707790623,61.76245949351828,0.7457627118644068,62.32203389830509,39.67796610169491,-28
2025-05-19 17:22:11.786350,139,41808.21365,17.369722222222222,49,82,18,1,-5.0,1.4000000000000057,1.9000000000000057,-15.099999999999994,-14.599999999999994,6.599999999999994,7.099999999999994,-10.0,-9.5,0.0,0.0,0.1,1.0,0.1,14,47.9,24.3,49565.81,18391.81,100,19,-0.5,1.9000000000000057,4.099999999999994,-2.6999999999999886,13,0.0,0.0,0.0,0.0,100,100,20.5,30.2,0,0.7999999999999972,0.6000000000000085,6.599999999999994,-5.199999999999989,6,0.0,0.0,0.0,0.0,93,93,17.3,27.4,0,9.114872575123627,18,148,4.445971959725643,17.022534084755613,1.0,79.83333333333333,24.166666666666668,-1,148,4.445971959725643,17.022534084755613,1.0,79.83333333333333,24.166666666666668,-1,232,6.08863109175031,17.007876326656927,1.0,77.25,28.125,-12,3135,8.793208334874866,71.19053523954085,0.7,64.75,52.4,-21,3569,8.255490707790623,61.76245949351828,0.7457627118644068,62.32203389830509,39.67796610169491,-28
2025-05-19 17:22:11.786350,139,41808.21365,17.369722222222222,28,81,19,1,-5.0,1.4000000000000057,1.9000000000000057,-15.099999999999994,-14.599999999999994,6.599999999999994,7.099999999999994,-10.0,-9.5,0.0,0.0,0.1,1.0,0.1,14,47.9,24.3,49565.81,18391.81,100,19,-0.5,1.9000000000000057,4.099999999999994,-2.6999999999999886,13,0.0,0.0,0.0,0.0,100,100,20.5,30.2,0,0.7999999999999972,0.6000000000000085,6.599999999999994,-5.199999999999989,6,0.0,0.0,0.0,0.0,93,93,17.3,27.4,0,10.157542753415498,19,148,4.445971959725643,17.022534084755613,1.0,79.83333333333333,24.166666666666668,-1,148,4.445971959725643,17.022534084755613,1.0,79.83333333333333,24.166666666666668,-1,232,6.08863109175031,17.007876326656927,1.0,77.25,28.125,-12,3135,8.793208334874866,71.19053523954085,0.7,64.75,52.4,-21,3569,8.255490707790623,61.76245949351828,0.7457627118644068,62.32203389830509,39.67796610169491,-28
2025-05-19 17:25:51.702732,139,41588.297268,17.430833333333336,18,73,27,1,-5.0,1.4000000000000057,1.9000000000000057,-15.099999999999994,-14.599999999999994,6.599999999999994,7.099999999999994,-10.0,-9.5,0.0,0.0,0.1,1.0,0.1,14,47.9,24.3,49565.81,18391.81,100,19,-0.5,1.9000000000000057,4.099999999999994,-2.6999999999999886,13,0.0,0.0,0.0,0.0,100,100,20.5,30.2,0,0.7999999999999972,0.6000000000000085,6.599999999999994,-5.199999999999989,6,0.0,0.0,0.0,0.0,93,93,17.3,27.4,0,18.184787814924803,27,18,,,1.0,73.0,18.0,0,166,4.810702354423639,15.713203425933298,1.0,78.85714285714286,23.285714285714285,7,249,5.868938953886336,16.263455967290593,1.0,76.77777777777777,27.0,-4,2039,8.39500985563391,42.90292968622744,0.8571428571428571,68.42857142857143,36.92857142857143,-14,3587,8.300500291232195,61.30072902120393,0.75,62.5,39.31666666666667,-20
2025-05-19 17:29:23.929458,139,41376.070542,17.489722222222223,1,69,31,0,-5.0,1.4000000000000057,1.9000000000000057,-15.099999999999994,-14.599999999999994,6.599999999999994,7.099999999999994,-10.0,-9.5,0.0,0.0,0.1,1.0,0.1,14,47.9,24.3,49565.81,18391.81,100,19,-0.5,1.9000000000000057,4.099999999999994,-2.6999999999999886,13,0.0,0.0,0.0,0.0,100,100,20.5,30.2,0,0.7999999999999972,0.6000000000000085,6.599999999999994,-5.199999999999989,6,0.0,0.0,0.0,0.0,93,93,17.3,27.4,0,22.216198061606377,-31,1,,,0.0,69.0,1.0,0,19,2.8284271247461903,12.020815280171307,0.5,71.0,9.5,4,250,6.0553007081949835,17.39859509015343,0.9,76.0,24.4,0,1897,8.189230248533256,43.121889505184654,0.8214285714285714,68.78571428571429,36.642857142857146,-10,3574,8.240725597828469,62.0537888953885,0.7241379310344828,63.05172413793103,40.44827586206897,-13
2025-05-19 17:30:09.439413,139,41330.560587,17.5025,4,17,83,0,-3.0,-0.5999999999999943,1.9000000000000057,-17.099999999999994,-14.599999999999994,4.599999999999994,7.099999999999994,-12.0,-9.5,0.0,0.0,0.1,1.0,0.1,14,47.9,24.3,49565.81,18391.81,100,19,-2.5,1.9000000000000057,2.0999999999999943,-2.6999999999999886,13,0.0,0.0,0.0,0.0,100,100,20.5,30.2,0,-1.2000000000000028,0.6000000000000085,4.599999999999994,-5.199999999999989,6,0.0,0.0,0.0,0.0,93,93,17.3,27.4,0,-7.993766043270995,17,76,0.5773502691896258,18.734993995195193,0.0,16.666666666666668,25.0,0,94,0.5773502691896258,18.734993995195193,0.0,16.666666666666668,25.0,0,325,2.7774602993176543,15.878444508200417,0.375,20.0,10.125,5,1972,5.077479404335312,45.15255943120396,0.2916666666666667,25.291666666666668,24.833333333333332,13,3648,6.280221052685028,40.8619365787106,0.3235294117647059,28.205882352941178,21.61764705882353,21
2025-05-19 17:30:09.439413,139,41330.560587,17.5025,31,16,84,0,-3.0,-0.5999999999999943,1.9000000000000057,-17.099999999999994,-14.599999999999994,4.599999999999994,7.099999999999994,-12.0,-9.5,0.0,0.0,0.1,1.0,0.1,14,47.9,24.3,49565.81,18391.81,100,19,-2.5,1.9000000000000057,2.0999999999999943,-2.6999999999999886,13,0.0,0.0,0.0,0.0,100,100,20.5,30.2,0,-1.2000000000000028,0.6000000000000085,4.599999999999994,-5.199999999999989,6,0.0,0.0,0.0,0.0,93,93,17.3,27.4,0,-7.005508630187293,16,76,0.5773502691896258,18.734993995195193,0.0,16.666666666666668,25.0,0,94,0.5773502691896258,18.734993995195193,0.0,16.666666666666668,25.0,0,325,2.7774602993176543,15.878444508200417,0.375,20.0,10.125,5,1972,5.077479404335312,45.15255943120396,0.2916666666666667,25.291666666666668,24.833333333333332,13,3648,6.280221052685028,40.8619365787106,0.3235294117647059,28.205882352941178,21.61764705882353,21
2025-05-19 17:30:09.439413,139,41330.560587,17.5025,40,17,83,0,-3.0,-0.5999999999999943,1.9000000000000057,-17.099999999999994,-14.599999999999994,4.599999999999994,7.099999999999994,-12.0,-9.5,0.0,0.0,0.1,1.0,0.1,14,47.9,24.3,49565.81,18391.81,100,19,-2.5,1.9000000000000057,2.0999999999999943,-2.6999999999999886,13,0.0,0.0,0.0,0.0,100,100,20.5,30.2,0,-1.2000000000000028,0.6000000000000085,4.599999999999994,-5.199999999999989,6,0.0,0.0,0.0,0.0,93,93,17.3,27.4,0,-8.086181277860334,17,76,0.5773502691896258,18.734993995195193,0.0,16.666666666666668,25.0,0,94,0.5773502691896258,18.734993995195193,0.0,16.666666666666668,25.0,0,325,2.7774602993176543,15.878444508200417,0.375,20.0,10.125,5,1972,5.077479404335312,45.15255943120396,0.2916666666666667,25.291666666666668,24.833333333333332,13,3648,6.280221052685028,40.8619365787106,0.3235294117647059,28.205882352941178,21.61764705882353,21
2025-05-19 17:30:35.357595,139,41304.642405,17.509722222222223,5,16,84,0,-3.0,-0.5999999999999943,1.9000000000000057,-17.099999999999994,-14.599999999999994,4.599999999999994,7.099999999999994,-12.0,-9.5,0.0,0.0,0.1,1.0,0.1,14,47.9,24.3,49565.81,18391.81,100,19,-2.5,1.9000000000000057,2.0999999999999943,-2.6999999999999886,13,0.0,0.0,0.0,0.0,100,100,20.5,30.2,0,-1.2000000000000028,0.6000000000000085,4.599999999999994,-5.199999999999989,6,0.0,0.0,0.0,0.0,93,93,17.3,27.4,0,-7.208144796380083,16,81,0.5773502691896257,18.275666882497067,0.0,16.5,20.0,1,99,0.5773502691896257,18.275666882497067,0.0,16.5,20.0,1,278,2.968084198523319,16.32993161855452,0.2857142857142857,18.857142857142858,12.0,6,1977,5.3065996645686395,44.37949977185412,0.28,24.92,24.04,14,3651,6.37319755372635,40.80649742049733,0.29411764705882354,27.558823529411764,21.735294117647058,21
2025-05-19 17:33:04.931890,139,41155.06811,17.551111111111112,2,82,18,1,-5.0,1.4000000000000057,1.9000000000000057,-15.099999999999994,-14.599999999999994,6.599999999999994,7.099999999999994,-10.0,-9.5,0.0,0.0,0.1,1.0,0.1,14,47.9,24.3,49565.81,18391.81,100,19,-0.5,1.9000000000000057,4.099999999999994,-2.6999999999999886,13,0.0,0.0,0.0,0.0,100,100,20.5,30.2,0,0.7999999999999972,0.6000000000000085,6.599999999999994,-5.199999999999989,6,0.0,0.0,0.0,0.0,93,93,17.3,27.4,0,9.218330134357004,18,933,3.2041639575194436,171.61911962896855,1.0,79.4,93.3,-1,1014,4.3672333659569045,165.17351757800313,0.9090909090909091,78.45454545454545,84.9090909090909,-14,1180,4.407732362016028,130.73298887077036,0.9444444444444444,78.61111111111111,60.94444444444444,-3,2483,8.594880874124916,95.71034493733035,0.868421052631579,71.57894736842105,51.55263157894737,-24,4538,9.65194779067138,88.7344298367975,0.7538461538461538,65.8923076923077,49.83076923076923,-26
2025-05-19 17:33:04.931890,139,41155.06811,17.551111111111112,12,78,22,1,-5.0,1.4000000000000057,1.9000000000000057,-15.099999999999994,-14.599999999999994,6.599999999999994,7.099999999999994,-10.0,-9.5,0.0,0.0,0.1,1.0,0.1,14,47.9,24.3,49565.81,18391.81,100,19,-0.5,1.9000000000000057,4.099999999999994,-2.6999999999999886,13,0.0,0.0,0.0,0.0,100,100,20.5,30.2,0,0.7999999999999972,0.6000000000000085,6.599999999999994,-5.199999999999989,6,0.0,0.0,0.0,0.0,93,93,17.3,27.4,0,13.220099827222114,22,933,3.2041639575194436,171.61911962896855,1.0,79.4,93.3,-1,1014,4.3672333659569045,165.17351757800313,0.9090909090909091,78.45454545454545,84.9090909090909,-14,1180,4.407732362016028,130.73298887077036,0.9444444444444444,78.61111111111111,60.94444444444444,-3,2483,8.594880874124916,95.71034493733035,0.868421052631579,71.57894736842105,51.55263157894737,-24,4538,9.65194779067138,88.7344298367975,0.7538461538461538,65.8923076923077,49.83076923076923,-26
2025-05-19 17:33:04.931890,139,41155.06811,17.551111111111112,12,80,20,1,-5.0,1.4000000000000057,1.9000000000000057,-15.099999999999994,-14.599999999999994,6.599999999999994,7.099999999999994,-10.0,-9.5,0.0,0.0,0.1,1.0,0.1,14,47.9,24.3,49565.81,18391.81,100,19,-0.5,1.9000000000000057,4.099999999999994,-2.6999999999999886,13,0.0,0.0,0.0,0.0,100,100,20.5,30.2,0,0.7999999999999972,0.6000000000000085,6.599999999999994,-5.199999999999989,6,0.0,0.0,0.0,0.0,93,93,17.3,27.4,0,11.235344993273117,20,933,3.2041639575194436,171.61911962896855,1.0,79.4,93.3,-1,1014,4.3672333659569045,165.17351757800313,0.9090909090909091,78.45454545454545,84.9090909090909,-14,1180,4.407732362016028,130.73298887077036,0.9444444444444444,78.61111111111111,60.94444444444444,-3,2483,8.594880874124916,95.71034493733035,0.868421052631579,71.57894736842105,51.55263157894737,-24,4538,9.65194779067138,88.7344298367975,0.7538461538461538,65.8923076923077,49.83076923076923,-26
2025-05-19 17:33:04.931890,139,41155.06811,17.551111111111112,25,81,19,1,-5.0,1.4000000000000057,1.9000000000000057,-15.099999999999994,-14.599999999999994,6.599999999999994,7.099999999999994,-10.0,-9.5,0.0,0.0,0.1,1.0,0.1,14,47.9,24.3,49565.81,18391.81,100,19,-0.5,1.9000000000000057,4.099999999999994,-2.6999999999999886,13,0.0,0.0,0.0,0.0,100,100,20.5,30.2,0,0.7999999999999972,0.6000000000000085,6.599999999999994,-5.199999999999989,6,0.0,0.0,0.0,0.0,93,93,17.3,27.4,0,10.248316336347898,19,933,3.2041639575194436,171.61911962896855,1.0,79.4,93.3,-1,1014,4.3672333659569045,165.17351757800313,0.9090909090909091,78.45454545454545,84.9090909090909,-14,1180,4.407732362016028,130.73298887077036,0.9444444444444444,78.61111111111111,60.94444444444444,-3,2483,8.594880874124916,95.71034493733035,0.868421052631579,71.57894736842105,51.55263157894737,-24,4538,9.65194779067138,88.7344298367975,0.7538461538461538,65.8923076923077,49.83076923076923,-26
2025-05-19 17:33:04.931890,139,41155.06811,17.551111111111112,20,74,26,1,-5.0,1.4000000000000057,1.9000000000000057,-15.099999999999994,-14.599999999999994,6.599999999999994,7.099999999999994,-10.0,-9.5,0.0,0.0,0.1,1.0,0.1,14,47.9,24.3,49565.81,18391.81,100,19,-0.5,1.9000000000000057,4.099999999999994,-2.6999999999999886,13,0.0,0.0,0.0,0.0,100,100,20.5,30.2,0,0.7999999999999972,0.6000000000000085,6.599999999999994,-5.199999999999989,6,0.0,0.0,0.0,0.0,93,93,17.3,27.4,0,17.273025364065973,26,933,3.2041639575194436,171.61911962896855,1.0,79.4,93.3,-1,1014,4.3672333659569045,165.17351757800313,0.9090909090909091,78.45454545454545,84.9090909090909,-14,1180,4.407732362016028,130.73298887077036,0.9444444444444444,78.61111111111111,60.94444444444444,-3,2483,8.594880874124916,95.71034493733035,0.868421052631579,71.57894736842105,51.55263157894737,-24,4538,9.65194779067138,88.7344298367975,0.7538461538461538,65.8923076923077,49.83076923076923,-26
2025-05-19 17:33:04.931890,139,41155.06811,17.551111111111112,49,79,21,1,-5.0,1.4000000000000057,1.9000000000000057,-15.099999999999994,-14.599999999999994,6.599999999999994,7.099999999999994,-10.0,-9.5,0.0,0.0,0.1,1.0,0.1,14,47.9,24.3,49565.81,18391.81,100,19,-0.5,1.9000000000000057,4.099999999999994,-2.6999999999999886,13,0.0,0.0,0.0,0.0,100,100,20.5,30.2,0,0.7999999999999972,0.6000000000000085,6.599999999999994,-5.199999999999989,6,0.0,0.0,0.0,0.0,93,93,17.3,27.4,0,12.306406416078843,21,933,3.2041639575194436,171.61911962896855,1.0,79.4,93.3,-1,1014,4.3672333659569045,165.17351757800313,0.9090909090909091,78.45454545454545,84.9090909090909,-14,1180,4.407732362016028,130.73298887077036,0.9444444444444444,78.61111111111111,60.94444444444444,-3,2483,8.594880874124916,95.71034493733035,0.868421052631579,71.57894736842105,51.55263157894737,-24,4538,9.65194779067138,88.7344298367975,0.7538461538461538,65.8923076923077,49.83076923076923,-26
2025-05-19 17:33:04.931890,139,41155.06811,17.551111111111112,200,82,18,1,-5.0,1.4000000000000057,1.9000000000000057,-15.099999999999994,-14.599999999999994,6.599999999999994,7.099999999999994,-10.0,-9.5,0.0,0.0,0.1,1.0,0.1,14,47.9,24.3,49565.81,18391.81,100,19,-0.5,1.9000000000000057,4.099999999999994,-2.6999999999999886,13,0.0,0.0,0.0,0.0,100,100,20.5,30.2,0,0.7999999999999972,0.6000000000000085,6.599999999999994,-5.199999999999989,6,0.0,0.0,0.0,0.0,93,93,17.3,27.4,0,9.364951456310678,18,933,3.2041639575194436,171.61911962896855,1.0,79.4,93.3,-1,1014,4.3672333659569045,165.17351757800313,0.9090909090909091,78.45454545454545,84.9090909090909,-14,1180,4.407732362016028,130.73298887077036,0.9444444444444444,78.61111111111111,60.94444444444444,-3,2483,8.594880874124916,95.71034493733035,0.868421052631579,71.57894736842105,51.55263157894737,-24,4538,9.65194779067138,88.7344298367975,0.7538461538461538,65.8923076923077,49.83076923076923,-26
2025-05-19 17:33:04.931890,139,41155.06811,17.551111111111112,10,81,19,1,-5.0,1.4000000000000057,1.9000000000000057,-15.099999999999994,-14.599999999999994,6.599999999999994,7.099999999999994,-10.0,-9.5,0.0,0.0,0.1,1.0,0.1,14,47.9,24.3,49565.81,18391.81,100,19,-0.5,1.9000000000000057,4.099999999999994,-2.6999999999999886,13,0.0,0.0,0.0,0.0,100,100,20.5,30.2,0,0.7999999999999972,0.6000000000000085,6.599999999999994,-5.199999999999989,6,0.0,0.0,0.0,0.0,93,93,17.3,27.4,0,10.550396039603967,19,933,3.2041639575194436,171.61911962896855,1.0,79.4,93.3,-1,1014,4.3672333659569045,165.17351757800313,0.9090909090909091,78.45454545454545,84.9090909090909,-14,1180,4.407732362016028,130.73298887077036,0.9444444444444444,78.61111111111111,60.94444444444444,-3,2483,8.594880874124916,95.71034493733035,0.868421052631579,71.57894736842105,51.55263157894737,-24,4538,9.65194779067138,88.7344298367975,0.7538461538461538,65.8923076923077,49.83076923076923,-26
2025-05-19 17:33:04.931890,139,41155.06811,17.551111111111112,50,74,26,1,-5.0,1.4000000000000057,1.9000000000000057,-15.099999999999994,-14.599999999999994,6.599999999999994,7.099999999999994,-10.0,-9.5,0.0,0.0,0.1,1.0,0.1,14,47.9,24.3,49565.81,18391.81,100,19,-0.5,1.9000000000000057,4.099999999999994,-2.6999999999999886,13,0.0,0.0,0.0,0.0,100,100,20.5,30.2,0,0.7999999999999972,0.6000000000000085,6.599999999999994,-5.199999999999989,6,0.0,0.0,0.0,0.0,93,93,17.3,27.4,0,17.560852329038653,26,933,3.2041639575194436,171.61911962896855,1.0,79.4,93.3,-1,1014,4.3672333659569045,165.17351757800313,0.9090909090909091,78.45454545454545,84.9090909090909,-14,1180,4.407732362016028,130.73298887077036,0.9444444444444444,78.61111111111111,60.94444444444444,-3,2483,8.594880874124916,95.71034493733035,0.868421052631579,71.57894736842105,51.55263157894737,-24,4538,9.65194779067138,88.7344298367975,0.7538461538461538,65.8923076923077,49.83076923076923,-26
2025-05-19 17:33:04.931890,139,41155.06811,17.551111111111112,553,83,17,1,-5.0,1.4000000000000057,1.9000000000000057,-15.099999999999994,-14.599999999999994,6.599999999999994,7.099999999999994,-10.0,-9.5,0.0,0.0,0.1,1.0,0.1,14,47.9,24.3,49565.81,18391.81,100,19,-0.5,1.9000000000000057,4.099999999999994,-2.6999999999999886,13,0.0,0.0,0.0,0.0,100,100,20.5,30.2,0,0.7999999999999972,0.6000000000000085,6.599999999999994,-5.199999999999989,6,0.0,0.0,0.0,0.0,93,93,17.3,27.4,0,8.64830677290837,17,933,3.2041639575194436,171.61911962896855,1.0,79.4,93.3,-1,1014,4.3672333659569045,165.17351757800313,0.9090909090909091,78.45454545454545,84.9090909090909,-14,1180,4.407732362016028,130.73298887077036,0.9444444444444444,78.61111111111111,60.94444444444444,-3,2483,8.594880874124916,95.71034493733035,0.868421052631579,71.57894736842105,51.55263157894737,-24,4538,9.65194779067138,88.7344298367975,0.7538461538461538,65.8923076923077,49.83076923076923,-26
2025-05-19 17:36:09.819865,139,40970.180135,17.602500000000003,20,75,25,1,-5.0,1.4000000000000057,1.9000000000000057,-15.099999999999994,-14.599999999999994,6.599999999999994,7.099999999999994,-10.0,-9.5,0.0,0.0,0.1,1.0,0.1,14,47.9,24.3,49565.81,18391.81,100,19,-0.5,1.9000000000000057,4.099999999999994,-2.6999999999999886,13,0.0,0.0,0.0,0.0,100,100,20.5,30.2,0,0.7999999999999972,0.6000000000000085,6.599999999999994,-5.199999999999989,6,0.0,0.0,0.0,0.0,93,93,17.3,27.4,0,17.152419099820804,25,70,0.7071067811865476,21.213203435596427,1.0,74.5,35.0,1,1003,3.4761089357690347,157.0156091449239,1.0,78.58333333333333,83.58333333333333,8,1250,4.360106227580869,124.01412271019355,0.95,78.2,58.35,6,2553,8.397153058458532,93.35731949110418,0.875,71.725,50.725,-15,4601,9.506753672238247,88.40323643135733,0.7692307692307693,66.52307692307693,50.84615384615385,-23
2025-05-19 17:36:09.819865,139,40970.180135,17.602500000000003,50,74,26,1,-5.0,1.4000000000000057,1.9000000000000057,-15.099999999999994,-14.599999999999994,6.599999999999994,7.099999999999994,-10.0,-9.5,0.0,0.0,0.1,1.0,0.1,14,47.9,24.3,49565.81,18391.81,100,19,-0.5,1.9000000000000057,4.099999999999994,-2.6999999999999886,13,0.0,0.0,0.0,0.0,100,100,20.5,30.2,0,0.7999999999999972,0.6000000000000085,6.599999999999994,-5.199999999999989,6,0.0,0.0,0.0,0.0,93,93,17.3,27.4,0,18.188655329037715,26,70,0.7071067811865476,21.213203435596427,1.0,74.5,35.0,1,1003,3.4761089357690347,157.0156091449239,1.0,78.58333333333333,83.58333333333333,8,1250,4.360106227580869,124.01412271019355,0.95,78.2,58.35,6,2553,8.397153058458532,93.35731949110418,0.875,71.725,50.725,-15,4601,9.506753672238247,88.40323643135733,0.7692307692307693,66.52307692307693,50.84615384615385,-23
2025-05-19 17:37:31.476220,139,40888.52378,17.62527777777778,6,81,19,1,-5.0,1.4000000000000057,1.9000000000000057,-15.099999999999994,-14.599999999999994,6.599999999999994,7.099999999999994,-10.0,-9.5,0.0,0.0,0.1,1.0,0.1,14,47.9,24.3,49565.81,18391.81,100,19,-0.5,1.9000000000000057,4.099999999999994,-2.6999999999999886,13,0.0,0.0,0.0,0.0,100,100,20.5,30.2,0,0.7999999999999972,0.6000000000000085,6.599999999999994,-5.199999999999989,6,0.0,0.0,0.0,0.0,93,93,17.3,27.4,0,11.285228841456941,19,76,3.7859388972001824,22.479620400116488,1.0,76.66666666666667,25.333333333333332,-6,1009,3.39494344954979,151.86317222066407,1.0,78.76923076923077,77.61538461538461,1,1108,4.2336520314982815,142.66237198698323,0.9333333333333333,77.73333333333333,68.53333333333333,-8,2559,8.417099320764235,92.44721631762661,0.8780487804878049,71.95121951219512,49.63414634146341,-22,4607,9.600177251665892,87.89409419791409,0.7727272727272727,66.74242424242425,50.166666666666664,-30
2025-05-19 17:38:42.114359,139,40817.885641,17.645,611,83,17,1,-5.0,1.4000000000000057,1.9000000000000057,-15.099999999999994,-14.599999999999994,6.599999999999994,7.099999999999994,-10.0,-9.5,0.0,0.0,0.1,1.0,0.1,14,47.9,24.3,49565.81,18391.81,100,19,-0.5,1.9000000000000057,4.099999999999994,-2.6999999999999886,13,0.0,0.0,0.0,0.0,100,100,20.5,30.2,0,0.7999999999999972,0.6000000000000085,6.599999999999994,-5.199999999999989,6,0.0,0.0,0.0,0.0,93,93,17.3,27.4,0,9.292423759430449,17,835,0.8944271909999159,233.35245159772091,1.0,82.0,139.16666666666666,-2,905,3.563204817496262,203.18635886439677,1.0,80.125,113.125,-8,1937,4.15837772011609,173.41774176218172,0.95,78.85,92.85,-10,3388,8.569719751447971,120.46067773023302,0.8913043478260869,73.06521739130434,62.26086956521739,-24,5436,10.073991853839637,107.920816415065,0.7887323943661971,67.83098591549296,58.309859154929576,-32
2025-05-19 17:38:42.114359,139,40817.885641,17.645,24,82,18,1,-5.0,1.4000000000000057,1.9000000000000057,-15.099999999999994,-14.599999999999994,6.599999999999994,7.099999999999994,-10.0,-9.5,0.0,0.0,0.1,1.0,0.1,14,47.9,24.3,49565.81,18391.81,100,19,-0.5,1.9000000000000057,4.099999999999994,-2.6999999999999886,13,0.0,0.0,0.0,0.0,100,100,20.5,30.2,0,0.7999999999999972,0.6000000000000085,6.599999999999994,-5.199999999999989,6,0.0,0.0,0.0,0.0,93,93,17.3,27.4,0,10.937613636363636,18,835,0.8944271909999159,233.35245159772091,1.0,82.0,139.16666666666666,-2,905,3.563204817496262,203.18635886439677,1.0,80.125,113.125,-8,1937,4.15837772011609,173.41774176218172,0.95,78.85,92.85,-10,3388,8.569719751447971,120.46067773023302,0.8913043478260869,73.06521739130434,62.26086956521739,-24,5436,10.073991853839637,107.920816415065,0.7887323943661971,67.83098591549296,58.309859154929576,-32
2025-05-19 17:38:42.114359,139,40817.885641,17.645,49,82,18,1,-5.0,1.4000000000000057,1.9000000000000057,-15.099999999999994,-14.599999999999994,6.599999999999994,7.099999999999994,-10.0,-9.5,0.0,0.0,0.1,1.0,0.1,14,47.9,24.3,49565.81,18391.81,100,19,-0.5,1.9000000000000057,4.099999999999994,-2.6999999999999886,13,0.0,0.0,0.0,0.0,100,100,20.5,30.2,0,0.7999999999999972,0.6000000000000085,6.599999999999994,-5.199999999999989,6,0.0,0.0,0.0,0.0,93,93,17.3,27.4,0,10.967525068368275,18,835,0.8944271909999159,233.35245159772091,1.0,82.0,139.16666666666666,-2,905,3.563204817496262,203.18635886439677,1.0,80.125,113.125,-8,1937,4.15837772011609,173.41774176218172,0.95,78.85,92.85,-10,3388,8.569719751447971,120.46067773023302,0.8913043478260869,73.06521739130434,62.26086956521739,-24,5436,10.073991853839637,107.920816415065,0.7887323943661971,67.83098591549296,58.309859154929576,-32
2025-05-19 17:38:42.114359,139,40817.885641,17.645,44,81,19,1,-5.0,1.4000000000000057,1.9000000000000057,-15.099999999999994,-14.599999999999994,6.599999999999994,7.099999999999994,-10.0,-9.5,0.0,0.0,0.1,1.0,0.1,14,47.9,24.3,49565.81,18391.81,100,19,-0.5,1.9000000000000057,4.099999999999994,-2.6999999999999886,13,0.0,0.0,0.0,0.0,100,100,20.5,30.2,0,0.7999999999999972,0.6000000000000085,6.599999999999994,-5.199999999999989,6,0.0,0.0,0.0,0.0,93,93,17.3,27.4,0,12.029105076200295,19,835,0.8944271909999159,233.35245159772091,1.0,82.0,139.16666666666666,-2,905,3.563204817496262,203.18635886439677,1.0,80.125,113.125,-8,1937,4.15837772011609,173.41774176218172,0.95,78.85,92.85,-10,3388,8.569719751447971,120.46067773023302,0.8913043478260869,73.06521739130434,62.26086956521739,-24,5436,10.073991853839637,107.920816415065,0.7887323943661971,67.83098591549296,58.309859154929576,-32
2025-05-19 17:38:42.114359,139,40817.885641,17.645,101,83,17,1,-5.0,1.4000000000000057,1.9000000000000057,-15.099999999999994,-14.599999999999994,6.599999999999994,7.099999999999994,-10.0,-9.5,0.0,0.0,0.1,1.0,0.1,14,47.9,24.3,49565.81,18391.81,100,19,-0.5,1.9000000000000057,4.099999999999994,-2.6999999999999886,13,0.0,0.0,0.0,0.0,100,100,20.5,30.2,0,0.7999999999999972,0.6000000000000085,6.599999999999994,-5.199999999999989,6,0.0,0.0,0.0,0.0,93,93,17.3,27.4,0,10.09006103881147,17,835,0.8944271909999159,233.35245159772091,1.0,82.0,139.16666666666666,-2,905,3.563204817496262,203.18635886439677,1.0,80.125,113.125,-8,1937,4.15837772011609,173.41774176218172,0.95,78.85,92.85,-10,3388,8.569719751447971,120.46067773023302,0.8913043478260869,73.06521739130434,62.26086956521739,-24,5436,10.073991853839637,107.920816415065,0.7887323943661971,67.83098591549296,58.309859154929576,-32
2025-05-19 17:39:54.251823,139,40745.748177,17.665,50,22,78,1,-3.0,-0.5999999999999943,1.9000000000000057,-17.099999999999994,-14.599999999999994,4.599999999999994,7.099999999999994,-12.0,-9.5,0.0,0.0,0.1,1.0,0.1,14,47.9,24.3,49565.81,18391.81,100,19,-2.5,1.9000000000000057,2.0999999999999943,-2.6999999999999886,13,0.0,0.0,0.0,0.0,100,100,20.5,30.2,0,-1.2000000000000028,0.6000000000000085,4.599999999999994,-5.199999999999989,6,0.0,0.0,0.0,0.0,93,93,17.3,27.4,0,-13.221760483566301,-22,895,2.081665999466133,25.238858928247925,1.0,21.333333333333332,22.0,-1,971,2.081665999466133,25.238858928247925,1.0,21.333333333333332,22.0,-1,2003,2.878491668515698,19.505798893564712,0.42857142857142855,18.571428571428573,20.857142857142858,-6,3454,4.501646602565261,16.694772086487518,0.43478260869565216,23.08695652173913,12.478260869565217,8,5489,6.146940210346919,40.41700698692956,0.34285714285714286,26.542857142857144,22.771428571428572,12
2025-05-19 17:39:54.251823,139,40745.748177,17.665,15,19,81,1,-3.0,-0.5999999999999943,1.9000000000000057,-17.099999999999994,-14.599999999999994,4.599999999999994,7.099999999999994,-12.0,-9.5,0.0,0.0,0.1,1.0,0.1,14,47.9,24.3,49565.81,18391.81,100,19,-2.5,1.9000000000000057,2.0999999999999943,-2.6999999999999886,13,0.0,0.0,0.0,0.0,100,100,20.5,30.2,0,-1.2000000000000028,0.6000000000000085,4.599999999999994,-5.199999999999989,6,0.0,0.0,0.0,0.0,93,93,17.3,27.4,0,-10.47631882941856,-19,895,2.081665999466133,25.238858928247925,1.0,21.333333333333332,22.0,-1,971,2.081665999466133,25.238858928247925,1.0,21.333333333333332,22.0,-1,2003,2.878491668515698,19.505798893564712,0.42857142857142855,18.571428571428573,20.857142857142858,-6,3454,4.501646602565261,16.694772086487518,0.43478260869565216,23.08695652173913,12.478260869565217,8,5489,6.146940210346919,40.41700698692956,0.34285714285714286,26.542857142857144,22.771428571428572,12
2025-05-19 17:39:54.251823,139,40745.748177,17.665,1,23,77,1,-3.0,-0.5999999999999943,1.9000000000000057,-17.099999999999994,-14.599999999999994,4.599999999999994,7.099999999999994,-12.0,-9.5,0.0,0.0,0.1,1.0,0.1,14,47.9,24.3,49565.81,18391.81,100,19,-2.5,1.9000000000000057,2.0999999999999943,-2.6999999999999886,13,0.0,0.0,0.0,0.0,100,100,20.5,30.2,0,-1.2000000000000028,0.6000000000000085,4.599999999999994,-5.199999999999989,6,0.0,0.0,0.0,0.0,93,93,17.3,27.4,0,-14.53718048024787,-23,895,2.081665999466133,25.238858928247925,1.0,21.333333333333332,22.0,-1,971,2.081665999466133,25.238858928247925,1.0,21.333333333333332,22.0,-1,2003,2.878491668515698,19.505798893564712,0.42857142857142855,18.571428571428573,20.857142857142858,-6,3454,4.501646602565261,16.694772086487518,0.43478260869565216,23.08695652173913,12.478260869565217,8,5489,6.146940210346919,40.41700698692956,0.34285714285714286,26.542857142857144,22.771428571428572,12
2025-05-19 17:40:02.314330,139,40737.68567,17.66722222222222,6,82,18,1,-5.0,1.4000000000000057,1.9000000000000057,-15.099999999999994,-14.599999999999994,6.599999999999994,7.099999999999994,-10.0,-9.5,0.0,0.0,0.1,1.0,0.1,14,47.9,24.3,49565.81,18391.81,100,19,-0.5,1.9000000000000057,4.099999999999994,-2.6999999999999886,13,0.0,0.0,0.0,0.0,100,100,20.5,30.2,0,0.7999999999999972,0.6000000000000085,6.599999999999994,-5.199999999999989,6,0.0,0.0,0.0,0.0,93,93,17.3,27.4,0,11.208809135399676,18,901,0.752772652709081,233.35245159772086,1.0,82.16666666666667,139.16666666666666,1,977,3.391164991562634,193.38871333261525,1.0,80.33333333333333,101.22222222222223,-7,2009,4.110960958218893,170.08590266601843,0.9523809523809523,79.0,88.71428571428571,-9,3460,8.575668525357033,119.42641981668575,0.8936170212765957,73.25531914893617,61.06382978723404,-23,5495,10.141217281466842,107.33529800202308,0.7916666666666666,68.02777777777777,57.583333333333336,-31
2025-05-19 17:40:11.943707,139,40728.056293,17.669722222222223,25,17,83,0,-3.0,-0.5999999999999943,1.9000000000000057,-17.099999999999994,-14.599999999999994,4.599999999999994,7.099999999999994,-12.0,-9.5,0.0,0.0,0.1,1.0,0.1,14,47.9,24.3,49565.81,18391.81,100,19,-2.5,1.9000000000000057,2.0999999999999943,-2.6999999999999886,13,0.0,0.0,0.0,0.0,100,100,20.5,30.2,0,-1.2000000000000028,0.6000000000000085,4.599999999999994,-5.199999999999989,6,0.0,0.0,0.0,0.0,93,93,17.3,27.4,0,-8.542812863231305,17,926,2.753785273643051,20.66196183005541,0.75,20.25,22.75,5,1002,2.753785273643051,20.66196183005541,0.75,20.25,22.75,5,2034,2.7222627143085005,18.11816373540258,0.375,18.375,21.375,0,3485,4.57466241725923,16.52665830658481,0.4166666666666667,22.833333333333332,13.0,14,5520,6.263778463109998,39.83716857408418,0.3333333333333333,26.27777777777778,22.833333333333332,18
2025-05-19 17:40:11.945486,139,40728.054514,17.669722222222223,25,81,19,0,-5.0,1.4000000000000057,1.9000000000000057,-15.099999999999994,-14.599999999999994,6.599999999999994,7.099999999999994,-10.0,-9.5,0.0,0.0,0.1,1.0,0.1,14,47.9,24.3,49565.81,18391.81,100,19,-0.5,1.9000000000000057,4.099999999999994,-2.6999999999999886,13,0.0,0.0,0.0,0.0,100,100,20.5,30.2,0,0.7999999999999972,0.6000000000000085,6.599999999999994,-5.199999999999989,6,0.0,0.0,0.0,0.0,93,93,17.3,27.4,0,12.216651119402982,-19,951,0.816496580927726,217.3472096066787,0.8571428571428571,82.0,122.85714285714286,2,1027,3.2041639575194445,183.91495619201584,0.9,80.4,93.6,-6,2059,4.034483396552312,166.5417540563202,0.9090909090909091,79.0909090909091,85.81818181818181,-8,3510,8.55727470370152,118.26370754071849,0.875,73.41666666666667,60.3125,-22,5545,10.184354700701993,106.65550919099995,0.7808219178082192,68.20547945205479,57.136986301369866,-30
2025-05-19 17:40:11.946757,139,40728.053243,17.669722222222223,25,4,96,0,-1.0,-2.5999999999999943,1.9000000000000057,-19.099999999999994,-14.599999999999994,2.5999999999999943,7.099999999999994,-14.0,-9.5,0.0,0.0,0.1,1.0,0.1,14,47.9,24.3,49565.81,18391.81,100,19,-4.5,1.9000000000000057,0.09999999999999432,-2.6999999999999886,13,0.0,0.0,0.0,0.0,100,100,20.5,30.2,0,-3.200000000000003,0.6000000000000085,2.5999999999999943,-5.199999999999989,6,0.0,0.0,0.0,0.0,93,93,17.3,27.4,0,-1.8060344827586192,4,976,,,0.0,4.0,25.0,0,1052,,,0.0,4.0,25.0,0,2084,,,0.0,4.0,25.0,0,3535,1.5,47.268147602564014,0.4444444444444444,7.333333333333333,36.44444444444444,4,5570,1.8062391868188443,37.46020110285937,0.5625,8.0625,35.75,3
2025-05-19 17:40:18.767544,139,40721.232456,17.671666666666667,1,81,19,0,-5.0,1.4000000000000057,1.9000000000000057,-15.099999999999994,-14.599999999999994,6.599999999999994,7.099999999999994,-10.0,-9.5,0.0,0.0,0.1,1.0,0.1,14,47.9,24.3,49565.81,18391.81,100,19,-0.5,1.9000000000000057,4.099999999999994,-2.6999999999999886,13,0.0,0.0,0.0,0.0,100,100,20.5,30.2,0,0.7999999999999972,0.6000000000000085,6.599999999999994,-5.199999999999989,6,0.0,0.0,0.0,0.0,93,93,17.3,27.4,0,12.252368144076712,-19,995,0.9341987329938275,178.6300392125885,0.5454545454545454,81.54545454545455,79.9090909090909,2,1071,2.681847813040049,158.62834094023225,0.6428571428571429,80.5,68.21428571428571,-6,2103,3.751717555385082,155.5434196120665,0.7692307692307693,79.34615384615384,73.34615384615384,-8,3554,8.449365644167532,114.52338771989602,0.8076923076923077,73.98076923076923,56.03846153846154,-22,5589,10.301653272673077,104.47718847588222,0.7402597402597403,68.85714285714286,54.41558441558441,-30
2025-05-19 17:40:18.767544,139,40721.232456,17.671666666666667,1,80,20,0,-5.0,1.4000000000000057,1.9000000000000057,-15.099999999999994,-14.599999999999994,6.599999999999994,7.099999999999994,-10.0,-9.5,0.0,0.0,0.1,1.0,0.1,14,47.9,24.3,49565.81,18391.81,100,19,-0.5,1.9000000000000057,4.099999999999994,-2.6999999999999886,13,0.0,0.0,0.0,0.0,100,100,20.5,30.2,0,0.7999999999999972,0.6000000000000085,6.599999999999994,-5.199999999999989,6,0.0,0.0,0.0,0.0,93,93,17.3,27.4,0,13.253801169590645,-20,995,0.9341987329938275,178.6300392125885,0.5454545454545454,81.54545454545455,79.9090909090909,2,1071,2.681847813040049,158.62834094023225,0.6428571428571429,80.5,68.21428571428571,-6,2103,3.751717555385082,155.5434196120665,0.7692307692307693,79.34615384615384,73.34615384615384,-8,3554,8.449365644167532,114.52338771989602,0.8076923076923077,73.98076923076923,56.03846153846154,-22,5589,10.301653272673077,104.47718847588222,0.7402597402597403,68.85714285714286,54.41558441558441,-30
2025-05-19 17:40:18.767544,139,40721.232456,17.671666666666667,15,81,19,0,-5.0,1.4000000000000057,1.9000000000000057,-15.099999999999994,-14.599999999999994,6.599999999999994,7.099999999999994,-10.0,-9.5,0.0,0.0,0.1,1.0,0.1,14,47.9,24.3,49565.81,18391.81,100,19,-0.5,1.9000000000000057,4.099999999999994,-2.6999999999999886,13,0.0,0.0,0.0,0.0,100,100,20.5,30.2,0,0.7999999999999972,0.6000000000000085,6.599999999999994,-5.199999999999989,6,0.0,0.0,0.0,0.0,93,93,17.3,27.4,0,12.255351503099774,-19,995,0.9341987329938275,178.6300392125885,0.5454545454545454,81.54545454545455,79.9090909090909,2,1071,2.681847813040049,158.62834094023225,0.6428571428571429,80.5,68.21428571428571,-6,2103,3.751717555385082,155.5434196120665,0.7692307692307693,79.34615384615384,73.34615384615384,-8,3554,8.449365644167532,114.52338771989602,0.8076923076923077,73.98076923076923,56.03846153846154,-22,5589,10.301653272673077,104.47718847588222,0.7402597402597403,68.85714285714286,54.41558441558441,-30
2025-05-19 17:40:18.767544,139,40721.232456,17.671666666666667,2,81,19,0,-5.0,1.4000000000000057,1.9000000000000057,-15.099999999999994,-14.599999999999994,6.599999999999994,7.099999999999994,-10.0,-9.5,0.0,0.0,0.1,1.0,0.1,14,47.9,24.3,49565.81,18391.81,100,19,-0.5,1.9000000000000057,4.099999999999994,-2.6999999999999886,13,0.0,0.0,0.0,0.0,100,100,20.5,30.2,0,0.7999999999999972,0.6000000000000085,6.599999999999994,-5.199999999999989,6,0.0,0.0,0.0,0.0,93,93,17.3,27.4,0,12.276892430278878,-19,995,0.9341987329938275,178.6300392125885,0.5454545454545454,81.54545454545455,79.9090909090909,2,1071,2.681847813040049,158.62834094023225,0.6428571428571429,80.5,68.21428571428571,-6,2103,3.751717555385082,155.5434196120665,0.7692307692307693,79.34615384615384,73.34615384615384,-8,3554,8.449365644167532,114.52338771989602,0.8076923076923077,73.98076923076923,56.03846153846154,-22,5589,10.301653272673077,104.47718847588222,0.7402597402597403,68.85714285714286,54.41558441558441,-30
2025-05-19 17:41:24.532977,139,40655.467023,17.69,17,16,84,0,-3.0,-0.5999999999999943,1.9000000000000057,-17.099999999999994,-14.599999999999994,4.599999999999994,7.099999999999994,-12.0,-9.5,0.0,0.0,0.1,1.0,0.1,14,47.9,24.3,49565.81,18391.81,100,19,-2.5,1.9000000000000057,2.0999999999999943,-2.6999999999999886,13,0.0,0.0,0.0,0.0,100,100,20.5,30.2,0,-1.2000000000000028,0.6000000000000085,4.599999999999994,-5.199999999999989,6,0.0,0.0,0.0,0.0,93,93,17.3,27.4,0,-7.626369327073547,16,183,3.0495901363953815,18.077610461562667,0.6,19.4,21.6,6,1018,3.0495901363953815,18.077610461562667,0.6,19.4,21.6,6,2102,2.666666666666667,17.010617599343977,0.3333333333333333,18.11111111111111,20.88888888888889,1,3571,4.682235933112868,16.19845671661347,0.4,22.56,13.16,15,5606,6.4031242374328485,39.29168278829931,0.32432432432432434,26.0,22.675675675675677,19
2025-05-19 17:42:51.363957,139,40568.636043,17.714166666666667,2,80,20,0,-5.0,1.4000000000000057,1.9000000000000057,-15.099999999999994,-14.599999999999994,6.599999999999994,7.099999999999994,-10.0,-9.5,0.0,0.0,0.1,1.0,0.1,14,47.9,24.3,49565.81,18391.81,100,19,-0.5,1.9000000000000057,4.099999999999994,-2.6999999999999886,13,0.0,0.0,0.0,0.0,100,100,20.5,30.2,0,0.7999999999999972,0.6000000000000085,6.599999999999994,-5.199999999999989,6,0.0,0.0,0.0,0.0,93,93,17.3,27.4,0,13.279770276605717,-20,134,0.5773502691896257,53.225933528685054,0.0,79.66666666666667,39.0,0,1129,1.167320591199077,159.01081585992685,0.42857142857142855,81.14285714285714,71.14285714285714,3,2219,3.3921399966118373,150.41971262799947,0.6785714285714286,79.60714285714286,71.64285714285714,-11,3688,8.314807690862546,111.83530760424468,0.7636363636363637,74.2909090909091,55.10909090909091,-21,5723,10.313741294684043,102.86582679775053,0.7125,69.2625,53.8375,-29
2025-05-19 17:42:51.363957,139,40568.636043,17.714166666666667,15,79,21,0,-5.0,1.4000000000000057,1.9000000000000057,-15.099999999999994,-14.599999999999994,6.599999999999994,7.099999999999994,-10.0,-9.5,0.0,0.0,0.1,1.0,0.1,14,47.9,24.3,49565.81,18391.81,100,19,-0.5,1.9000000000000057,4.099999999999994,-2.6999999999999886,13,0.0,0.0,0.0,0.0,100,100,20.5,30.2,0,0.7999999999999972,0.6000000000000085,6.599999999999994,-5.199999999999989,6,0.0,0.0,0.0,0.0,93,93,17.3,27.4,0,14.282883939038683,-21,134,0.5773502691896257,53.225933528685054,0.0,79.66666666666667,39.0,0,1129,1.167320591199077,159.01081585992685,0.42857142857142855,81.14285714285714,71.14285714285714,3,2219,3.3921399966118373,150.41971262799947,0.6785714285714286,79.60714285714286,71.64285714285714,-11,3688,8.314807690862546,111.83530760424468,0.7636363636363637,74.2909090909091,55.10909090909091,-21,5723,10.313741294684043,102.86582679775053,0.7125,69.2625,53.8375,-29
2025-05-19 17:42:51.363957,139,40568.636043,17.714166666666667,100,80,20,0,-5.0,1.4000000000000057,1.9000000000000057,-15.099999999999994,-14.599999999999994,6.599999999999994,7.099999999999994,-10.0,-9.5,0.0,0.0,0.1,1.0,0.1,14,47.9,24.3,49565.81,18391.81,100,19,-0.5,1.9000000000000057,4.099999999999994,-2.6999999999999886,13,0.0,0.0,0.0,0.0,100,100,20.5,30.2,0,0.7999999999999972,0.6000000000000085,6.599999999999994,-5.199999999999989,6,0.0,0.0,0.0,0.0,93,93,17.3,27.4,0,13.308044627128595,-20,134,0.5773502691896257,53.225933528685054,0.0,79.66666666666667,39.0,0,1129,1.167320591199077,159.01081585992685,0.42857142857142855,81.14285714285714,71.14285714285714,3,2219,3.3921399966118373,150.41971262799947,0.6785714285714286,79.60714285714286,71.64285714285714,-11,3688,8.314807690862546,111.83530760424468,0.7636363636363637,74.2909090909091,55.10909090909091,-21,5723,10.313741294684043,102.86582679775053,0.7125,69.2625,53.8375,-29
2025-05-19 17:43:24.029315,139,40535.970685,17.723333333333333,44,83,17,1,-5.0,1.4000000000000057,1.9000000000000057,-15.099999999999994,-14.599999999999994,6.599999999999994,7.099999999999994,-10.0,-9.5,0.0,0.0,0.1,1.0,0.1,14,47.9,24.3,49565.81,18391.81,100,19,-0.5,1.9000000000000057,4.099999999999994,-2.6999999999999886,13,0.0,0.0,0.0,0.0,100,100,20.5,30.2,0,0.7999999999999972,0.6000000000000085,6.599999999999994,-5.199999999999989,6,0.0,0.0,0.0,0.0,93,93,17.3,27.4,0,10.466191325014861,17,228,1.6431676725154982,37.949967061909284,0.4,80.8,42.2,-2,1223,1.1954775893619531,148.26457207753083,0.5,81.3125,68.125,1,2313,3.3569279880928904,145.2769056331557,0.7,79.8,70.0,-13,3736,7.318683964909901,113.24891987104938,0.8301886792452831,75.77358490566037,58.094339622641506,-18,5817,10.391058857762586,101.59457734119968,0.7195121951219512,69.58536585365853,53.670731707317074,-31
2025-05-19 17:43:24.029315,139,40535.970685,17.723333333333333,50,82,18,1,-5.0,1.4000000000000057,1.9000000000000057,-15.099999999999994,-14.599999999999994,6.599999999999994,7.099999999999994,-10.0,-9.5,0.0,0.0,0.1,1.0,0.1,14,47.9,24.3,49565.81,18391.81,100,19,-0.5,1.9000000000000057,4.099999999999994,-2.6999999999999886,13,0.0,0.0,0.0,0.0,100,100,20.5,30.2,0,0.7999999999999972,0.6000000000000085,6.599999999999994,-5.199999999999989,6,0.0,0.0,0.0,0.0,93,93,17.3,27.4,0,11.52120415720941,18,228,1.6431676725154982,37.949967061909284,0.4,80.8,42.2,-2,1223,1.1954775893619531,148.26457207753083,0.5,81.3125,68.125,1,2313,3.3569279880928904,145.2769056331557,0.7,79.8,70.0,-13,3736,7.318683964909901,113.24891987104938,0.8301886792452831,75.77358490566037,58.094339622641506,-18,5817,10.391058857762586,101.59457734119968,0.7195121951219512,69.58536585365853,53.670731707317074,-31
2025-05-19 17:44:13.558116,139,40486.441884,17.736944444444447,1,20,80,0,-3.0,-0.5999999999999943,1.9000000000000057,-17.099999999999994,-14.599999999999994,4.599999999999994,7.099999999999994,-12.0,-9.5,0.0,0.0,0.1,1.0,0.1,14,47.9,24.3,49565.81,18391.81,100,19,-2.5,1.9000000000000057,2.0999999999999943,-2.6999999999999886,13,0.0,0.0,0.0,0.0,100,100,20.5,30.2,0,-1.2000000000000028,0.6000000000000085,4.599999999999994,-5.199999999999989,6,0.0,0.0,0.0,0.0,93,93,17.3,27.4,0,-11.677432059866092,20,212,,,0.0,20.0,1.0,0,395,2.7386127875258306,18.225440095280735,0.5,19.5,18.166666666666668,2,2314,2.5841396591085743,17.226916922846833,0.3,18.3,18.9,-3,3737,4.615025627064441,16.04934697928668,0.38461538461538464,22.46153846153846,12.692307692307692,11,5818,6.390560250318004,38.91625761408248,0.3157894736842105,25.842105263157894,22.105263157894736,15
2025-05-19 17:44:15.968387,139,40484.031613,17.7375,38,79,21,0,-5.0,1.4000000000000057,1.9000000000000057,-15.099999999999994,-14.599999999999994,6.599999999999994,7.099999999999994,-10.0,-9.5,0.0,0.0,0.1,1.0,0.1,14,47.9,24.3,49565.81,18391.81,100,19,-0.5,1.9000000000000057,4.099999999999994,-2.6999999999999886,13,0.0,0.0,0.0,0.0,100,100,20.5,30.2,0,0.7999999999999972,0.6000000000000085,6.599999999999994,-5.199999999999989,6,0.0,0.0,0.0,0.0,93,93,17.3,27.4,0,14.590433842086284,-21,250,1.6431676725154984,33.98676212880538,0.3333333333333333,80.5,41.5,1,433,1.2154310870109943,29.466339296138425,0.25,80.75,24.916666666666668,3,2352,3.303631107527542,142.95068703833218,0.6774193548387096,79.7741935483871,68.96774193548387,-10,3775,7.262594785534157,112.20877049545027,0.8148148148148148,75.83333333333333,57.72222222222222,-15,5856,10.379077147470637,100.9878477893091,0.7108433734939759,69.6987951807229,53.48192771084337,-28
2025-05-19 17:45:03.834765,139,40436.165235,17.750833333333333,2,84,16,1,-5.0,1.4000000000000057,1.9000000000000057,-15.099999999999994,-14.599999999999994,6.599999999999994,7.099999999999994,-10.0,-9.5,0.0,0.0,0.1,1.0,0.1,14,47.9,24.3,49565.81,18391.81,100,19,-0.5,1.9000000000000057,4.099999999999994,-2.6999999999999886,13,0.0,0.0,0.0,0.0,100,100,20.5,30.2,0,0.7999999999999972,0.6000000000000085,6.599999999999994,-5.199999999999989,6,0.0,0.0,0.0,0.0,93,93,17.3,27.4,0,9.657370517928285,16,135,2.160246899469287,21.563858652847824,0.75,82.0,33.5,-1,363,1.5050420310248864,29.721306509069564,0.25,80.91666666666667,24.583333333333332,-3,2353,2.719898796346216,142.93495023961074,0.7096774193548387,80.25806451612904,69.0,-2,3777,7.27881479233706,111.41857560523286,0.8181818181818182,75.98181818181818,56.70909090909091,-20,5858,10.433703222608171,100.53468858419265,0.7142857142857143,69.86904761904762,52.86904761904762,-33
2025-05-19 17:45:03.911097,139,40436.088903,17.750833333333333,2,16,84,0,-3.0,-0.5999999999999943,1.9000000000000057,-17.099999999999994,-14.599999999999994,4.599999999999994,7.099999999999994,-12.0,-9.5,0.0,0.0,0.1,1.0,0.1,14,47.9,24.3,49565.81,18391.81,100,19,-2.5,1.9000000000000057,2.0999999999999943,-2.6999999999999886,13,0.0,0.0,0.0,0.0,100,100,20.5,30.2,0,-1.2000000000000028,0.6000000000000085,4.599999999999994,-5.199999999999989,6,0.0,0.0,0.0,0.0,93,93,17.3,27.4,0,-7.682033096926716,16,137,2.8284271247461903,0.7071067811865476,0.0,18.0,1.5,4,365,1.8929694486000912,11.729592206608606,0.0,17.25,11.25,1,2355,2.5477262590217755,17.118835984217665,0.2727272727272727,18.09090909090909,17.363636363636363,1,3779,4.693148306376118,15.87163608166568,0.37037037037037035,22.22222222222222,12.296296296296296,15,5860,6.499870236429214,38.535505124439226,0.3076923076923077,25.58974358974359,21.58974358974359,19
2025-05-19 17:45:03.911513,139,40436.088487,17.750833333333333,2,4,96,0,-1.0,-2.5999999999999943,1.9000000000000057,-19.099999999999994,-14.599999999999994,2.5999999999999943,7.099999999999994,-14.0,-9.5,0.0,0.0,0.1,1.0,0.1,14,47.9,24.3,49565.81,18391.81,100,19,-4.5,1.9000000000000057,0.09999999999999432,-2.6999999999999886,13,0.0,0.0,0.0,0.0,100,100,20.5,30.2,0,-3.200000000000003,0.6000000000000085,2.5999999999999943,-5.199999999999989,6,0.0,0.0,0.0,0.0,93,93,17.3,27.4,0,-1.8306936100491527,4,139,,,0.0,4.0,2.0,0,367,0.0,16.263455967290593,0.0,4.0,13.5,0,2357,0.0,16.263455967290593,0.0,4.0,13.5,0,3781,1.7638342073763937,45.876646201162814,0.4,7.0,33.0,4,5862,2.007339474206065,37.18287477415629,0.5294117647058824,7.823529411764706,33.76470588235294,3
2025-05-19 17:45:19.607470,139,40420.39253,17.755277777777778,20,79,21,0,-5.0,1.4000000000000057,1.9000000000000057,-15.099999999999994,-14.599999999999994,6.599999999999994,7.099999999999994,-10.0,-9.5,0.0,0.0,0.1,1.0,0.1,14,47.9,24.3,49565.81,18391.81,100,19,-0.5,1.9000000000000057,4.099999999999994,-2.6999999999999886,13,0.0,0.0,0.0,0.0,100,100,20.5,30.2,0,0.7999999999999972,0.6000000000000085,6.599999999999994,-5.199999999999989,6,0.0,0.0,0.0,0.0,93,93,17.3,27.4,0,14.65970293442821,-21,159,2.3021728866442674,19.62651268055535,0.6,81.4,30.8,4,293,1.9820624179302297,32.365932265710676,0.375,80.75,33.875,1,2302,2.6848965259090916,140.8772021609944,0.6875,80.21875,67.46875,3,3801,7.223608480567,110.50996164770226,0.8035714285714286,76.03571428571429,56.05357142857143,-15,5882,10.418591978935035,99.99804900057585,0.7058823529411765,69.97647058823529,52.48235294117647,-28
2025-05-19 17:45:20.238339,139,40419.761661,17.755555555555556,50,79,21,0,-5.0,1.4000000000000057,1.9000000000000057,-15.099999999999994,-14.599999999999994,6.599999999999994,7.099999999999994,-10.0,-9.5,0.0,0.0,0.1,1.0,0.1,14,47.9,24.3,49565.81,18391.81,100,19,-0.5,1.9000000000000057,4.099999999999994,-2.6999999999999886,13,0.0,0.0,0.0,0.0,100,100,20.5,30.2,0,0.7999999999999972,0.6000000000000085,6.599999999999994,-5.199999999999989,6,0.0,0.0,0.0,0.0,93,93,17.3,27.4,0,14.695194286406007,-21,209,2.280350850198276,19.224983745116667,0.5,81.0,34.0,4,343,1.9436506316151,30.748983723043597,0.3333333333333333,80.55555555555556,35.666666666666664,1,2352,2.651114688373381,138.6918660633031,0.6666666666666666,80.18181818181819,66.93939393939394,3,3851,7.169580336778003,109.52175600123469,0.7894736842105263,76.08771929824562,55.94736842105263,-15,5932,10.40273167323804,99.40844525334906,0.6976744186046512,70.0813953488372,52.45348837209303,-28
2025-05-19 17:49:23.496438,139,40176.503562,17.823055555555555,6,16,84,0,-3.0,-0.5999999999999943,1.9000000000000057,-17.099999999999994,-14.599999999999994,4.599999999999994,7.099999999999994,-12.0,-9.5,0.0,0.0,0.1,1.0,0.1,14,47.9,24.3,49565.81,18391.81,100,19,-2.5,1.9000000000000057,2.0999999999999943,-2.6999999999999886,13,0.0,0.0,0.0,0.0,100,100,20.5,30.2,0,-1.2000000000000028,0.6000000000000085,4.599999999999994,-5.199999999999989,6,0.0,0.0,0.0,0.0,93,93,17.3,27.4,0,-7.688091482649838,16,6,,,0.0,16.0,6.0,0,82,0.0,2.8284271247461903,0.0,16.0,4.0,0,1420,2.8252686345094435,16.775300721170822,0.375,18.625,14.625,6,3617,4.753166585823875,15.620329989942885,0.35714285714285715,22.0,12.071428571428571,15,5875,6.59273103987282,38.11803530331299,0.3,25.35,21.2,19
2025-05-19 17:50:26.608383,139,40113.391617,17.840555555555554,19,79,21,0,-5.0,1.4000000000000057,1.9000000000000057,-15.099999999999994,-14.599999999999994,6.599999999999994,7.099999999999994,-10.0,-9.5,0.0,0.0,0.1,1.0,0.1,14,47.9,24.3,49565.81,18391.81,100,19,-0.5,1.9000000000000057,4.099999999999994,-2.6999999999999886,13,0.0,0.0,0.0,0.0,100,100,20.5,30.2,0,0.7999999999999972,0.6000000000000085,6.599999999999994,-5.199999999999989,6,0.0,0.0,0.0,0.0,93,93,17.3,27.4,0,14.784679089026909,-21,25,,,0.0,79.0,19.0,0,25,,,0.0,79.0,19.0,0,1439,2.340181462058513,121.89820384833105,0.5,80.45833333333333,53.958333333333336,-4,3636,7.116692203895352,108.66513940857953,0.7758620689655172,76.13793103448276,55.310344827586206,-15,5874,10.235322813928986,99.39164954864167,0.6976744186046512,70.40697674418605,52.5,-23
2025-05-19 17:54:36.599181,139,39863.400819,17.91,50,84,16,1,-5.0,1.4000000000000057,1.9000000000000057,-15.099999999999994,-14.599999999999994,6.599999999999994,7.099999999999994,-10.0,-9.5,0.0,0.0,0.1,1.0,0.1,14,47.9,24.3,49565.81,18391.81,100,19,-0.5,1.9000000000000057,4.099999999999994,-2.6999999999999886,13,0.0,0.0,0.0,0.0,100,100,20.5,30.2,0,0.7999999999999972,0.6000000000000085,6.599999999999994,-5.199999999999989,6,0.0,0.0,0.0,0.0,93,93,17.3,27.4,0,9.8189697265625,16,50,,,1.0,84.0,50.0,0,69,3.5355339059327378,21.920310216782973,0.5,81.5,34.5,-5,584,1.7042334830374277,26.666651348034815,0.29411764705882354,80.82352941176471,25.88235294117647,-2,2963,4.368015106051891,117.80038463348275,0.723404255319149,78.91489361702128,53.93617021276596,-14,5828,10.27946830294669,98.81246497496808,0.7011494252873564,70.5632183908046,52.47126436781609,-28
2025-05-19 17:54:36.669405,139,39863.330595,17.91,50,16,84,0,-3.0,-0.5999999999999943,1.9000000000000057,-17.099999999999994,-14.599999999999994,4.599999999999994,7.099999999999994,-12.0,-9.5,0.0,0.0,0.1,1.0,0.1,14,47.9,24.3,49565.81,18391.81,100,19,-2.5,1.9000000000000057,2.0999999999999943,-2.6999999999999886,13,0.0,0.0,0.0,0.0,100,100,20.5,30.2,0,-1.2000000000000028,0.6000000000000085,4.599999999999994,-5.199999999999989,6,0.0,0.0,0.0,0.0,93,93,17.3,27.4,0,-7.706324110671943,16,100,,,0.0,16.0,50.0,0,119,,,0.0,16.0,50.0,0,634,2.7838821814150108,19.628494027249715,0.3333333333333333,18.333333333333332,18.555555555555557,6,3013,4.798655394593272,16.878587011577395,0.3448275862068966,21.79310344827586,13.379310344827585,15,5878,5.967105597050315,38.10107693349446,0.3055555555555556,23.77777777777778,22.27777777777778,18
2025-05-19 17:54:36.673889,139,39863.326111,17.91,50,3,97,0,-1.0,-2.5999999999999943,1.9000000000000057,-19.099999999999994,-14.599999999999994,2.5999999999999943,7.099999999999994,-14.0,-9.5,0.0,0.0,0.1,1.0,0.1,14,47.9,24.3,49565.81,18391.81,100,19,-4.5,1.9000000000000057,0.09999999999999432,-2.6999999999999886,13,0.0,0.0,0.0,0.0,100,100,20.5,30.2,0,-3.200000000000003,0.6000000000000085,2.5999999999999943,-5.199999999999989,6,0.0,0.0,0.0,0.0,93,93,17.3,27.4,0,-0.832695462001098,3,150,,,0.0,3.0,50.0,0,169,,,0.0,3.0,50.0,0,684,0.5773502691896258,24.00694344004112,0.0,3.6666666666666665,25.666666666666668,1,3063,2.0701966780270626,21.653109311531747,0.125,6.0,17.5,4,5928,2.3909551787239063,37.86549660750976,0.5625,7.625,35.0625,6
2025-05-19 17:55:18.895546,139,39821.104454,17.921666666666667,18,79,21,0,-5.0,1.4000000000000057,1.9000000000000057,-15.099999999999994,-14.599999999999994,6.599999999999994,7.099999999999994,-10.0,-9.5,0.0,0.0,0.1,1.0,0.1,14,47.9,24.3,49565.81,18391.81,100,19,-0.5,1.9000000000000057,4.099999999999994,-2.6999999999999886,13,0.0,0.0,0.0,0.0,100,100,20.5,30.2,0,0.7999999999999972,0.6000000000000085,6.599999999999994,-5.199999999999989,6,0.0,0.0,0.0,0.0,93,93,17.3,27.4,0,14.879267993122085,-21,168,3.5355339059327378,22.627416997969522,0.5,81.5,34.0,5,187,2.8867513459481287,18.193405398660254,0.3333333333333333,80.66666666666667,29.0,0,536,2.0652243256245835,27.51198086123736,0.3333333333333333,80.58333333333333,34.0,1,3081,4.3213144834932145,116.65582333094768,0.7083333333333334,78.91666666666667,53.1875,-9,5946,10.25971517567098,98.31163465143376,0.6931818181818182,70.6590909090909,52.07954545454545,-23
2025-05-19 17:59:13.840518,139,39586.159482,17.986944444444447,2,79,21,0,-5.0,1.4000000000000057,1.9000000000000057,-15.099999999999994,-14.599999999999994,6.599999999999994,7.099999999999994,-10.0,-9.5,0.0,0.0,0.1,1.0,0.1,14,47.9,24.3,49565.81,18391.81,100,19,-0.5,1.9000000000000057,4.099999999999994,-2.6999999999999886,13,0.0,0.0,0.0,0.0,100,100,20.5,30.2,0,0.7999999999999972,0.6000000000000085,6.599999999999994,-5.199999999999989,6,0.0,0.0,0.0,0.0,93,93,17.3,27.4,0,14.912235352043325,-21,50,5.656854249492381,32.526911934581186,0.0,75.0,25.0,8,218,5.377421934967226,23.459184413217212,0.25,78.25,29.5,13,357,3.7675515184857717,19.564707454438917,0.2222222222222222,79.22222222222223,27.444444444444443,8,3000,4.234816816509039,115.5121286737817,0.673469387755102,78.93877551020408,52.89795918367347,-1,5996,10.181842299369915,97.34465905580869,0.6777777777777778,70.75555555555556,51.477777777777774,-15
2025-05-19 17:59:13.840518,139,39586.159482,17.986944444444447,48,71,29,0,-5.0,1.4000000000000057,1.9000000000000057,-15.099999999999994,-14.599999999999994,6.599999999999994,7.099999999999994,-10.0,-9.5,0.0,0.0,0.1,1.0,0.1,14,47.9,24.3,49565.81,18391.81,100,19,-0.5,1.9000000000000057,4.099999999999994,-2.6999999999999886,13,0.0,0.0,0.0,0.0,100,100,20.5,30.2,0,0.7999999999999972,0.6000000000000085,6.599999999999994,-5.199999999999989,6,0.0,0.0,0.0,0.0,93,93,17.3,27.4,0,22.915907411967495,-29,50,5.656854249492381,32.526911934581186,0.0,75.0,25.0,8,218,5.377421934967226,23.459184413217212,0.25,78.25,29.5,13,357,3.7675515184857717,19.564707454438917,0.2222222222222222,79.22222222222223,27.444444444444443,8,3000,4.234816816509039,115.5121286737817,0.673469387755102,78.93877551020408,52.89795918367347,-1,5996,10.181842299369915,97.34465905580869,0.6777777777777778,70.75555555555556,51.477777777777774,-15
2025-05-19 18:00:18.632893,139,39521.367107,18.005,43,83,17,1,-5.0,1.4000000000000057,0.6000000000000085,-15.099999999999994,-15.899999999999991,6.599999999999994,5.799999999999997,-10.0,-10.799999999999997,0.0,0.0,0.1,1.0,0.1,14,47.9,24.3,49565.81,18391.81,100,19,0.7999999999999972,0.6000000000000085,6.599999999999994,-5.199999999999989,6,0.0,0.0,0.0,0.0,93,93,17.3,27.4,0,1.4000000000000057,0.0,6.0,-4.599999999999994,7,0.0,0.0,0.0,0.0,100,100,20.6,31.0,0,11.052142680208078,17,169,5.439056290693573,30.510927004381013,0.5,78.75,42.25,-3,187,4.711687595755899,28.56221279943135,0.4,78.8,37.4,-3,432,3.7453675090407055,22.938928581004923,0.3333333333333333,79.44444444444444,36.22222222222222,-3,3119,4.208767692590799,113.23380635640925,0.6862745098039216,79.07843137254902,53.15686274509804,-12,6115,10.215797468473312,96.30725039548504,0.6847826086956522,71.01086956521739,51.65217391304348,-26
2025-05-19 18:00:18.632893,139,39521.367107,18.005,76,82,18,1,-5.0,1.4000000000000057,0.6000000000000085,-15.099999999999994,-15.899999999999991,6.599999999999994,5.799999999999997,-10.0,-10.799999999999997,0.0,0.0,0.1,1.0,0.1,14,47.9,24.3,49565.81,18391.81,100,19,0.7999999999999972,0.6000000000000085,6.599999999999994,-5.199999999999989,6,0.0,0.0,0.0,0.0,93,93,17.3,27.4,0,1.4000000000000057,0.0,6.0,-4.599999999999994,7,0.0,0.0,0.0,0.0,100,100,20.6,31.0,0,12.111318640268962,18,169,5.439056290693573,30.510927004381013,0.5,78.75,42.25,-3,187,4.711687595755899,28.56221279943135,0.4,78.8,37.4,-3,432,3.7453675090407055,22.938928581004923,0.3333333333333333,79.44444444444444,36.22222222222222,-3,3119,4.208767692590799,113.23380635640925,0.6862745098039216,79.07843137254902,53.15686274509804,-12,6115,10.215797468473312,96.30725039548504,0.6847826086956522,71.01086956521739,51.65217391304348,-26
2025-05-19 18:00:18.834461,139,39521.165539,18.005,76,3,97,0,-1.0,-2.5999999999999943,0.6000000000000085,-19.099999999999994,-15.899999999999991,2.5999999999999943,5.799999999999997,-14.0,-10.799999999999997,0.0,0.0,0.1,1.0,0.1,14,47.9,24.3,49565.81,18391.81,100,19,-3.200000000000003,0.6000000000000085,2.5999999999999943,-5.199999999999989,6,0.0,0.0,0.0,0.0,93,93,17.3,27.4,0,-2.5999999999999943,0.0,2.0,-4.599999999999994,7,0.0,0.0,0.0,0.0,100,100,20.6,31.0,0,-0.8560989319842633,3,245,,,0.0,3.0,76.0,0,263,,,0.0,3.0,76.0,0,508,0.0,18.384776310850235,0.0,3.0,63.0,0,3195,1.9148542155126762,30.00952229828773,0.14285714285714285,5.0,29.285714285714285,4,6191,2.5724787771376327,37.9837426523816,0.5294117647058824,7.352941176470588,37.470588235294116,6
2025-05-19 18:00:18.839335,139,39521.160665,18.005,76,18,82,0,-3.0,-0.5999999999999943,0.6000000000000085,-17.099999999999994,-15.899999999999991,4.599999999999994,5.799999999999997,-12.0,-10.799999999999997,0.0,0.0,0.1,1.0,0.1,14,47.9,24.3,49565.81,18391.81,100,19,-1.2000000000000028,0.6000000000000085,4.599999999999994,-5.199999999999989,6,0.0,0.0,0.0,0.0,93,93,17.3,27.4,0,-0.5999999999999943,0.0,4.0,-4.599999999999994,7,0.0,0.0,0.0,0.0,100,100,20.6,31.0,0,-9.861693548387095,18,321,,,0.0,18.0,76.0,0,339,,,0.0,18.0,76.0,0,584,1.1547005383792515,35.38361202590826,0.0,16.666666666666668,44.0,-2,3271,3.423356187856123,20.577627054105765,0.43478260869565216,19.91304347826087,15.434782608695652,6,6267,5.959825460491231,38.592348585819046,0.2972972972972973,23.62162162162162,23.72972972972973,16
2025-05-19 18:01:56.146559,139,39423.853441,18.03222222222222,2,19,81,1,-3.0,-0.5999999999999943,0.6000000000000085,-17.099999999999994,-15.899999999999991,4.599999999999994,5.799999999999997,-12.0,-10.799999999999997,0.0,0.0,0.1,1.0,0.1,14,47.9,24.3,49565.81,18391.81,100,19,-1.2000000000000028,0.6000000000000085,4.599999999999994,-5.199999999999989,6,0.0,0.0,0.0,0.0,93,93,17.3,27.4,0,-0.5999999999999943,0.0,4.0,-4.599999999999994,7,0.0,0.0,0.0,0.0,100,100,20.6,31.0,0,-11.173460898502496,-19,273,0.7071067811865476,52.32590180780452,0.5,18.5,39.0,-1,323,0.7071067811865476,52.32590180780452,0.5,18.5,39.0,-1,516,1.5,35.71647612330571,0.25,17.25,33.5,-3,3220,3.353291698822413,20.31130013178571,0.4583333333333333,19.875,14.875,5,6154,5.926349772129689,38.230118532586935,0.3157894736842105,23.5,23.157894736842106,15
2025-05-19 18:02:15.075092,139,39404.924908,18.0375,40,74,26,0,-5.0,1.4000000000000057,0.6000000000000085,-15.099999999999994,-15.899999999999991,6.599999999999994,5.799999999999997,-10.0,-10.799999999999997,0.0,0.0,0.1,1.0,0.1,14,47.9,24.3,49565.81,18391.81,100,19,0.7999999999999972,0.6000000000000085,6.599999999999994,-5.199999999999989,6,0.0,0.0,0.0,0.0,93,93,17.3,27.4,0,1.4000000000000057,0.0,6.0,-4.599999999999994,7,0.0,0.0,0.0,0.0,100,100,20.6,31.0,0,20.22702702702702,-26,313,4.932882862316247,19.974984355438178,0.6666666666666666,79.66666666666667,53.0,9,363,5.167204273105526,26.442390209661454,0.4,77.8,41.8,5,556,4.454131308603925,23.194827009486403,0.375,78.875,37.0,5,3260,4.071228556687074,113.01526532322274,0.6666666666666666,79.15686274509804,53.90196078431372,-5,6194,10.013470551037189,98.14679830623028,0.6704545454545454,71.72727272727273,53.14772727272727,-13
2025-05-19 18:03:11.439602,139,39348.560398,18.053055555555556,10,74,26,0,-5.0,1.4000000000000057,0.6000000000000085,-15.099999999999994,-15.899999999999991,6.599999999999994,5.799999999999997,-10.0,-10.799999999999997,0.0,0.0,0.1,1.0,0.1,14,47.9,24.3,49565.81,18391.81,100,19,0.7999999999999972,0.6000000000000085,6.599999999999994,-5.199999999999989,6,0.0,0.0,0.0,0.0,93,93,17.3,27.4,0,1.4000000000000057,0.0,6.0,-4.599999999999994,7,0.0,0.0,0.0,0.0,100,100,20.6,31.0,0,20.329248262792163,-26,52,0.0,21.213203435596427,0.0,74.0,25.0,0,373,4.875106836436168,26.979621939530585,0.3333333333333333,77.16666666666667,36.5,5,566,4.47213595499958,23.48935929309269,0.3333333333333333,78.33333333333333,34.0,5,3270,4.094058159967267,112.0672790680107,0.6538461538461539,79.0576923076923,53.05769230769231,-5,6204,9.959327399337317,97.69467090474754,0.6629213483146067,71.75280898876404,52.662921348314605,-13
2025-05-19 18:06:18.145810,139,39161.85419,18.105,13,18,82,0,-3.0,-0.5999999999999943,0.6000000000000085,-17.099999999999994,-15.899999999999991,4.599999999999994,5.799999999999997,-12.0,-10.799999999999997,0.0,0.0,0.1,1.0,0.1,14,47.9,24.3,49565.81,18391.81,100,19,-1.2000000000000028,0.6000000000000085,4.599999999999994,-5.199999999999989,6,0.0,0.0,0.0,0.0,93,93,17.3,27.4,0,-0.5999999999999943,0.0,4.0,-4.599999999999994,7,0.0,0.0,0.0,0.0,100,100,20.6,31.0,0,-10.182764363030813,18,13,,,0.0,18.0,13.0,0,65,0.7071067811865476,7.7781745930520225,0.5,18.5,7.5,1,554,1.2583057392117916,34.052655305178966,0.25,17.75,35.25,-2,3275,3.2455503135746735,20.489947405106527,0.391304347826087,19.47826086956522,15.73913043478261,8,6217,5.913798225057536,37.758787664382716,0.3076923076923077,23.358974358974358,22.897435897435898,16
2025-05-19 18:06:56.216475,139,39123.783525,18.115555555555556,3,73,27,0,-5.0,1.4000000000000057,0.6000000000000085,-15.099999999999994,-15.899999999999991,6.599999999999994,5.799999999999997,-10.0,-10.799999999999997,0.0,0.0,0.1,1.0,0.1,14,47.9,24.3,49565.81,18391.81,100,19,0.7999999999999972,0.6000000000000085,6.599999999999994,-5.199999999999989,6,0.0,0.0,0.0,0.0,93,93,17.3,27.4,0,1.4000000000000057,0.0,6.0,-4.599999999999994,7,0.0,0.0,0.0,0.0,100,100,20.6,31.0,0,21.354965211891212,-27,163,0.7071067811865476,101.82337649086284,0.0,72.5,75.0,1,213,0.9574271077563381,66.62832230615847,0.0,73.25,50.0,2,704,4.863697724525605,43.43334612432658,0.3,77.1,43.7,12,3407,4.207244758226628,110.89754685282018,0.6296296296296297,78.81481481481481,53.870370370370374,-3,6367,9.84894458313729,97.253268791328,0.6483516483516484,71.76923076923077,53.15384615384615,-11
2025-05-19 18:06:56.216475,139,39123.783525,18.115555555555556,147,72,28,0,-5.0,1.4000000000000057,0.6000000000000085,-15.099999999999994,-15.899999999999991,6.599999999999994,5.799999999999997,-10.0,-10.799999999999997,0.0,0.0,0.1,1.0,0.1,14,47.9,24.3,49565.81,18391.81,100,19,0.7999999999999972,0.6000000000000085,6.599999999999994,-5.199999999999989,6,0.0,0.0,0.0,0.0,93,93,17.3,27.4,0,1.4000000000000057,0.0,6.0,-4.599999999999994,7,0.0,0.0,0.0,0.0,100,100,20.6,31.0,0,22.36307263983801,-28,163,0.7071067811865476,101.82337649086284,0.0,72.5,75.0,1,213,0.9574271077563381,66.62832230615847,0.0,73.25,50.0,2,704,4.863697724525605,43.43334612432658,0.3,77.1,43.7,12,3407,4.207244758226628,110.89754685282018,0.6296296296296297,78.81481481481481,53.870370370370374,-3,6367,9.84894458313729,97.253268791328,0.6483516483516484,71.76923076923077,53.15384615384615,-11
2025-05-19 18:09:30.773072,139,38969.226928,18.15833333333333,1,72,28,0,-5.0,1.4000000000000057,0.6000000000000085,-15.099999999999994,-15.899999999999991,6.599999999999994,5.799999999999997,-10.0,-10.799999999999997,0.0,0.0,0.1,1.0,0.1,14,47.9,24.3,49565.81,18391.81,100,19,0.7999999999999972,0.6000000000000085,6.599999999999994,-5.199999999999989,6,0.0,0.0,0.0,0.0,93,93,17.3,27.4,0,1.4000000000000057,0.0,6.0,-4.599999999999994,7,0.0,0.0,0.0,0.0,100,100,20.6,31.0,0,22.78697614442295,-28,1,,,0.0,72.0,1.0,0,164,0.5773502691896257,83.72176140844944,0.0,72.33333333333333,50.333333333333336,1,705,4.863593882567237,43.1690124552744,0.2727272727272727,76.63636363636364,39.81818181818182,12,3407,4.268197326449236,110.0969728663937,0.6181818181818182,78.69090909090909,52.90909090909091,-3,6358,9.782581515065493,97.30220536924726,0.6373626373626373,71.89010989010988,53.05494505494506,-12
2025-05-19 18:12:10.729452,139,38809.270548,18.202777777777776,1,72,28,0,-5.0,1.4000000000000057,0.6000000000000085,-15.099999999999994,-15.899999999999991,6.599999999999994,5.799999999999997,-10.0,-10.799999999999997,0.0,0.0,0.1,1.0,0.1,14,47.9,24.3,49565.81,18391.81,100,19,0.7999999999999972,0.6000000000000085,6.599999999999994,-5.199999999999989,6,0.0,0.0,0.0,0.0,93,93,17.3,27.4,0,1.4000000000000057,0.0,6.0,-4.599999999999994,7,0.0,0.0,0.0,0.0,100,100,20.6,31.0,0,22.789914882641213,-28,1,,,0.0,72.0,1.0,0,2,0.0,0.0,0.0,72.0,1.0,0,538,4.442221666388715,46.534216801546506,0.2,75.2,37.1,7,3408,4.322697570466188,109.3118127312753,0.6071428571428571,78.57142857142857,51.982142857142854,-3,6343,9.70106296807843,97.37835152405972,0.6263736263736264,72.02197802197803,52.89010989010989,-11
2025-05-19 18:12:46.700288,139,38773.299712,18.212777777777777,150,72,28,0,-5.0,1.4000000000000057,0.6000000000000085,-15.099999999999994,-15.899999999999991,6.599999999999994,5.799999999999997,-10.0,-10.799999999999997,0.0,0.0,0.1,1.0,0.1,14,47.9,24.3,49565.81,18391.81,100,19,0.7999999999999972,0.6000000000000085,6.599999999999994,-5.199999999999989,6,0.0,0.0,0.0,0.0,93,93,17.3,27.4,0,1.4000000000000057,0.0,6.0,-4.599999999999994,7,0.0,0.0,0.0,0.0,100,100,20.6,31.0,0,22.792854378950082,-28,151,0.0,105.35891039679558,0.0,72.0,75.5,0,152,0.0,86.02519010925424,0.0,72.0,50.666666666666664,0,688,4.323298404101791,55.74634109477092,0.18181818181818182,74.9090909090909,47.36363636363637,7,3558,4.371458466325286,109.10659350775813,0.5964912280701754,78.45614035087719,53.70175438596491,-3,6481,9.630474118444624,97.80808623944002,0.6153846153846154,72.14285714285714,54.40659340659341,-11
2025-05-19 18:13:33.449857,139,38726.550143,18.22583333333333,99,71,29,0,-5.0,1.4000000000000057,0.6000000000000085,-15.099999999999994,-15.899999999999991,6.599999999999994,5.799999999999997,-10.0,-10.799999999999997,0.0,0.0,0.1,1.0,0.1,14,47.9,24.3,49565.81,18391.81,100,19,0.7999999999999972,0.6000000000000085,6.599999999999994,-5.199999999999989,6,0.0,0.0,0.0,0.0,93,93,17.3,27.4,0,1.4000000000000057,0.0,6.0,-4.599999999999994,7,0.0,0.0,0.0,0.0,100,100,20.6,31.0,0,24.242535841115355,-29,251,0.5,74.28043708361801,0.0,71.75,62.75,0,252,0.4472135954999579,70.00571405249717,0.0,71.8,50.4,0,788,4.154083563965734,54.68874632279455,0.15384615384615385,74.38461538461539,47.76923076923077,7,3658,4.480100817100565,107.59650093493948,0.576271186440678,78.22033898305085,53.57627118644068,-3,6581,9.52596657933919,97.01064245681052,0.6021505376344086,72.12903225806451,54.31182795698925,-11
2025-05-19 18:13:33.449857,139,38726.550143,18.22583333333333,1,72,28,0,-5.0,1.4000000000000057,0.6000000000000085,-15.099999999999994,-15.899999999999991,6.599999999999994,5.799999999999997,-10.0,-10.799999999999997,0.0,0.0,0.1,1.0,0.1,14,47.9,24.3,49565.81,18391.81,100,19,0.7999999999999972,0.6000000000000085,6.599999999999994,-5.199999999999989,6,0.0,0.0,0.0,0.0,93,93,17.3,27.4,0,1.4000000000000057,0.0,6.0,-4.599999999999994,7,0.0,0.0,0.0,0.0,100,100,20.6,31.0,0,23.56236673773988,-28,251,0.5,74.28043708361801,0.0,71.75,62.75,0,252,0.4472135954999579,70.00571405249717,0.0,71.8,50.4,0,788,4.154083563965734,54.68874632279455,0.15384615384615385,74.38461538461539,47.76923076923077,7,3658,4.480100817100565,107.59650093493948,0.576271186440678,78.22033898305085,53.57627118644068,-3,6581,9.52596657933919,97.01064245681052,0.6021505376344086,72.12903225806451,54.31182795698925,-11
2025-05-19 18:13:35.852217,139,38724.147783,18.226388888888888,1,71,29,0,-5.0,1.4000000000000057,0.6000000000000085,-15.099999999999994,-15.899999999999991,6.599999999999994,5.799999999999997,-10.0,-10.799999999999997,0.0,0.0,0.1,1.0,0.1,14,47.9,24.3,49565.81,18391.81,100,19,0.7999999999999972,0.6000000000000085,6.599999999999994,-5.199999999999989,6,0.0,0.0,0.0,0.0,93,93,17.3,27.4,0,1.4000000000000057,0.0,6.0,-4.599999999999994,7,0.0,0.0,0.0,0.0,100,100,20.6,31.0,0,24.565507130481137,-29,252,0.5477225575051661,70.00571405249717,0.0,71.6,50.4,1,253,0.5163977794943222,65.78272316244339,0.0,71.66666666666667,42.166666666666664,1,789,4.0923407418313476,54.00956366267892,0.14285714285714285,74.14285714285714,44.42857142857143,8,3659,4.538722287164087,106.89648089211659,0.5666666666666667,78.1,52.7,-2,6582,9.475328896585447,96.64422462929754,0.5957446808510638,72.11702127659575,53.744680851063826,-10
2025-05-19 18:17:03.987742,139,38516.012258,18.284166666666668,3,71,29,0,-5.0,1.4000000000000057,0.6000000000000085,-15.099999999999994,-15.899999999999991,6.599999999999994,5.799999999999997,-10.0,-10.799999999999997,0.0,0.0,0.1,1.0,0.1,14,47.9,24.3,49565.81,18391.81,100,19,0.7999999999999972,0.6000000000000085,6.599999999999994,-5.199999999999989,6,0.0,0.0,0.0,0.0,93,93,17.3,27.4,0,1.4000000000000057,0.0,6.0,-4.599999999999994,7,0.0,0.0,0.0,0.0,100,100,20.6,31.0,0,24.568781658224466,-29,3,,,0.0,71.0,3.0,0,255,0.5477225575051661,65.53701244335143,0.0,71.5,42.5,1,469,1.0787197799411874,60.6042302753919,0.0,72.18181818181819,41.45454545454545,3,3579,4.3858334185175565,107.96887336371337,0.5423728813559322,78.27118644067797,52.28813559322034,9,6578,9.405048124380714,96.66590616540678,0.5851063829787234,72.22340425531915,53.702127659574465,-11
2025-05-19 18:17:32.519438,139,38487.480562,18.292222222222225,1,71,29,0,-5.0,1.4000000000000057,0.6000000000000085,-15.099999999999994,-15.899999999999991,6.599999999999994,5.799999999999997,-10.0,-10.799999999999997,0.0,0.0,0.1,1.0,0.1,14,47.9,24.3,49565.81,18391.81,100,19,0.7999999999999972,0.6000000000000085,6.599999999999994,-5.199999999999989,6,0.0,0.0,0.0,0.0,93,93,17.3,27.4,0,1.4000000000000057,0.0,6.0,-4.599999999999994,7,0.0,0.0,0.0,0.0,100,100,20.6,31.0,0,24.57861048139752,-29,4,0.0,1.4142135623730951,0.0,71.0,2.0,0,255,0.5163977794943223,65.53701244335143,0.0,71.33333333333333,42.5,1,430,0.9438798074485389,61.82629625888089,0.0,71.9090909090909,37.90909090909091,3,3580,4.44867148327472,107.25454700434545,0.5333333333333333,78.15,51.43333333333333,9,6579,9.355729541407214,96.30226886051008,0.5789473684210527,72.21052631578948,53.14736842105263,-11
2025-05-19 18:19:05.402369,139,38394.597631,18.318055555555556,18,79,21,1,-5.0,1.4000000000000057,0.6000000000000085,-15.099999999999994,-15.899999999999991,6.599999999999994,5.799999999999997,-10.0,-10.799999999999997,0.0,0.0,0.1,1.0,0.1,14,47.9,24.3,49565.81,18391.81,100,19,0.7999999999999972,0.6000000000000085,6.599999999999994,-5.199999999999989,6,0.0,0.0,0.0,0.0,93,93,17.3,27.4,0,1.4000000000000057,0.0,6.0,-4.599999999999994,7,0.0,0.0,0.0,0.0,100,100,20.6,31.0,0,16.581888503600965,21,21,4.358898943540674,9.539392014169456,0.6666666666666666,76.0,7.0,-7,24,4.349329450233296,8.04155872120988,0.5,74.75,6.0,-7,440,2.72474630456533,59.59478063377596,0.16666666666666666,72.83333333333333,35.583333333333336,-5,3600,4.376515375542948,105.74942695305253,0.5483870967741935,78.16129032258064,50.096774193548384,2,6599,9.301530561707468,95.49992128601856,0.5876288659793815,72.34020618556701,52.25773195876289,-18
2025-05-19 18:19:05.402369,139,38394.597631,18.318055555555556,2,78,22,1,-5.0,1.4000000000000057,0.6000000000000085,-15.099999999999994,-15.899999999999991,6.599999999999994,5.799999999999997,-10.0,-10.799999999999997,0.0,0.0,0.1,1.0,0.1,14,47.9,24.3,49565.81,18391.81,100,19,0.7999999999999972,0.6000000000000085,6.599999999999994,-5.199999999999989,6,0.0,0.0,0.0,0.0,93,93,17.3,27.4,0,1.4000000000000057,0.0,6.0,-4.599999999999994,7,0.0,0.0,0.0,0.0,100,100,20.6,31.0,0,17.62179144385027,22,21,4.358898943540674,9.539392014169456,0.6666666666666666,76.0,7.0,-7,24,4.349329450233296,8.04155872120988,0.5,74.75,6.0,-7,440,2.72474630456533,59.59478063377596,0.16666666666666666,72.83333333333333,35.583333333333336,-5,3600,4.376515375542948,105.74942695305253,0.5483870967741935,78.16129032258064,50.096774193548384,2,6599,9.301530561707468,95.49992128601856,0.5876288659793815,72.34020618556701,52.25773195876289,-18
2025-05-19 18:19:22.647568,139,38377.352432,18.322777777777777,99,16,84,0,-3.0,-0.5999999999999943,0.6000000000000085,-17.099999999999994,-15.899999999999991,4.599999999999994,5.799999999999997,-12.0,-10.799999999999997,0.0,0.0,0.1,1.0,0.1,14,47.9,24.3,49565.81,18391.81,100,19,-1.2000000000000028,0.6000000000000085,4.599999999999994,-5.199999999999989,6,0.0,0.0,0.0,0.0,93,93,17.3,27.4,0,-0.5999999999999943,0.0,4.0,-4.599999999999994,7,0.0,0.0,0.0,0.0,100,100,20.6,31.0,0,-8.238174968606117,16,121,1.4142135623730951,69.29646455628166,0.0,17.0,50.0,-2,124,1.4142135623730951,69.29646455628166,0.0,17.0,50.0,-2,540,1.1547005383792515,53.454030094402924,0.0,17.333333333333332,37.666666666666664,0,3700,2.3973669767168797,27.923721287219507,0.3,18.2,22.05,4,6699,5.932753237377209,38.85132700122478,0.2926829268292683,23.048780487804876,24.21951219512195,16
2025-05-19 18:19:22.647568,139,38377.352432,18.322777777777777,1,18,82,0,-3.0,-0.5999999999999943,0.6000000000000085,-17.099999999999994,-15.899999999999991,4.599999999999994,5.799999999999997,-12.0,-10.799999999999997,0.0,0.0,0.1,1.0,0.1,14,47.9,24.3,49565.81,18391.81,100,19,-1.2000000000000028,0.6000000000000085,4.599999999999994,-5.199999999999989,6,0.0,0.0,0.0,0.0,93,93,17.3,27.4,0,-0.5999999999999943,0.0,4.0,-4.599999999999994,7,0.0,0.0,0.0,0.0,100,100,20.6,31.0,0,-10.594323144104806,18,121,1.4142135623730951,69.29646455628166,0.0,17.0,50.0,-2,124,1.4142135623730951,69.29646455628166,0.0,17.0,50.0,-2,540,1.1547005383792515,53.454030094402924,0.0,17.333333333333332,37.666666666666664,0,3700,2.3973669767168797,27.923721287219507,0.3,18.2,22.05,4,6699,5.932753237377209,38.85132700122478,0.2926829268292683,23.048780487804876,24.21951219512195,16
2025-05-19 18:19:54.025068,139,38345.974932,18.331666666666667,1,79,21,0,-5.0,1.4000000000000057,0.6000000000000085,-15.099999999999994,-15.899999999999991,6.599999999999994,5.799999999999997,-10.0,-10.799999999999997,0.0,0.0,0.1,1.0,0.1,14,47.9,24.3,49565.81,18391.81,100,19,0.7999999999999972,0.6000000000000085,6.599999999999994,-5.199999999999989,6,0.0,0.0,0.0,0.0,93,93,17.3,27.4,0,1.4000000000000057,0.0,6.0,-4.599999999999994,7,0.0,0.0,0.0,0.0,100,100,20.6,31.0,0,16.62650441294464,-21,121,0.5773502691896257,9.539392014169456,0.6666666666666666,78.66666666666667,7.0,0,125,4.219004621945797,7.314369419163897,0.4,75.6,5.0,-8,541,3.119418091691018,57.85824853101694,0.15384615384615385,73.3076923076923,32.92307692307692,-6,3701,4.342363272643441,105.07536855665532,0.5396825396825397,78.17460317460318,49.317460317460316,1,6700,9.27788272893296,95.14736817444756,0.5816326530612245,72.40816326530613,51.734693877551024,-19
2025-05-19 18:22:08.386036,139,38211.613964,18.36888888888889,31,84,16,1,-5.0,1.4000000000000057,0.6000000000000085,-15.099999999999994,-15.899999999999991,6.599999999999994,5.799999999999997,-10.0,-10.799999999999997,0.0,0.0,0.1,1.0,0.1,14,47.9,24.3,49565.81,18391.81,100,19,0.7999999999999972,0.6000000000000085,6.599999999999994,-5.199999999999989,6,0.0,0.0,0.0,0.0,93,93,17.3,27.4,0,1.4000000000000057,0.0,6.0,-4.599999999999994,7,0.0,0.0,0.0,0.0,100,100,20.6,31.0,0,11.628728099505153,16,59,2.6457513110645907,10.263202878893768,1.0,83.0,19.666666666666668,4,181,4.577377082170635,11.282097069504157,0.7142857142857143,79.42857142857143,11.571428571428571,-9,437,5.1403382109620885,44.63779751547972,0.35714285714285715,75.5,24.071428571428573,-8,3757,4.384864835663652,102.82621181794961,0.5606060606060606,78.39393939393939,47.96969696969697,0,6747,9.280559674868098,94.27169578544041,0.59,72.85,51.17,-20
2025-05-19 18:22:08.386036,139,38211.613964,18.36888888888889,11,85,15,1,-5.0,1.4000000000000057,0.6000000000000085,-15.099999999999994,-15.899999999999991,6.599999999999994,5.799999999999997,-10.0,-10.799999999999997,0.0,0.0,0.1,1.0,0.1,14,47.9,24.3,49565.81,18391.81,100,19,0.7999999999999972,0.6000000000000085,6.599999999999994,-5.199999999999989,6,0.0,0.0,0.0,0.0,93,93,17.3,27.4,0,1.4000000000000057,0.0,6.0,-4.599999999999994,7,0.0,0.0,0.0,0.0,100,100,20.6,31.0,0,10.677142089712603,15,59,2.6457513110645907,10.263202878893768,1.0,83.0,19.666666666666668,4,181,4.577377082170635,11.282097069504157,0.7142857142857143,79.42857142857143,11.571428571428571,-9,437,5.1403382109620885,44.63779751547972,0.35714285714285715,75.5,24.071428571428573,-8,3757,4.384864835663652,102.82621181794961,0.5606060606060606,78.39393939393939,47.96969696969697,0,6747,9.280559674868098,94.27169578544041,0.59,72.85,51.17,-20
2025-05-19 18:22:08.386036,139,38211.613964,18.36888888888889,17,80,20,1,-5.0,1.4000000000000057,0.6000000000000085,-15.099999999999994,-15.899999999999991,6.599999999999994,5.799999999999997,-10.0,-10.799999999999997,0.0,0.0,0.1,1.0,0.1,14,47.9,24.3,49565.81,18391.81,100,19,0.7999999999999972,0.6000000000000085,6.599999999999994,-5.199999999999989,6,0.0,0.0,0.0,0.0,93,93,17.3,27.4,0,1.4000000000000057,0.0,6.0,-4.599999999999994,7,0.0,0.0,0.0,0.0,100,100,20.6,31.0,0,15.692938802958977,20,59,2.6457513110645907,10.263202878893768,1.0,83.0,19.666666666666668,4,181,4.577377082170635,11.282097069504157,0.7142857142857143,79.42857142857143,11.571428571428571,-9,437,5.1403382109620885,44.63779751547972,0.35714285714285715,75.5,24.071428571428573,-8,3757,4.384864835663652,102.82621181794961,0.5606060606060606,78.39393939393939,47.96969696969697,0,6747,9.280559674868098,94.27169578544041,0.59,72.85,51.17,-20
2025-05-19 18:22:14.133728,139,38205.866272,18.370555555555555,1,79,21,0,-5.0,1.4000000000000057,0.6000000000000085,-15.099999999999994,-15.899999999999991,6.599999999999994,5.799999999999997,-10.0,-10.799999999999997,0.0,0.0,0.1,1.0,0.1,14,47.9,24.3,49565.81,18391.81,100,19,0.7999999999999972,0.6000000000000085,6.599999999999994,-5.199999999999989,6,0.0,0.0,0.0,0.0,93,93,17.3,27.4,0,1.4000000000000057,0.0,6.0,-4.599999999999994,7,0.0,0.0,0.0,0.0,100,100,20.6,31.0,0,16.72890266918307,-21,60,2.943920288775949,12.54325848148452,0.75,82.0,15.0,5,182,4.240535680446853,11.093756287724576,0.625,79.375,10.25,-8,438,5.035114790387698,43.424592549559264,0.3333333333333333,75.73333333333333,22.533333333333335,-7,3613,4.354697231512437,106.80723661039885,0.5081967213114754,78.26229508196721,49.540983606557376,-6,6748,9.254295229676854,93.93190181305722,0.5841584158415841,72.91089108910892,50.67326732673267,-19
2025-05-19 18:23:32.955677,139,38127.044323,18.392222222222223,1,79,21,0,-5.0,1.4000000000000057,0.6000000000000085,-15.099999999999994,-15.899999999999991,6.599999999999994,5.799999999999997,-10.0,-10.799999999999997,0.0,0.0,0.1,1.0,0.1,14,47.9,24.3,49565.81,18391.81,100,19,0.7999999999999972,0.6000000000000085,6.599999999999994,-5.199999999999989,6,0.0,0.0,0.0,0.0,93,93,17.3,27.4,0,1.4000000000000057,0.0,6.0,-4.599999999999994,7,0.0,0.0,0.0,0.0,100,100,20.6,31.0,0,16.731158150195498,-21,61,2.8809720581775866,12.537942414925984,0.6,81.4,12.2,5,182,2.615202805574687,11.093756287724576,0.625,80.375,10.25,0,439,4.932460508373754,42.29612866445344,0.3125,75.9375,21.1875,-7,3614,4.31987156320424,106.1073822749467,0.5,78.2741935483871,48.75806451612903,-6,6725,9.147036833219971,94.36982643522315,0.57,73.22,50.95,-18
2025-05-19 18:24:43.519441,139,38056.480559,18.411944444444444,1,79,21,0,-5.0,1.4000000000000057,0.6000000000000085,-15.099999999999994,-15.899999999999991,6.599999999999994,5.799999999999997,-10.0,-10.799999999999997,0.0,0.0,0.1,1.0,0.1,14,47.9,24.3,49565.81,18391.81,100,19,0.7999999999999972,0.6000000000000085,6.599999999999994,-5.199999999999989,6,0.0,0.0,0.0,0.0,93,93,17.3,27.4,0,1.4000000000000057,0.0,6.0,-4.599999999999994,7,0.0,0.0,0.0,0.0,100,100,20.6,31.0,0,16.7334142394822,-21,2,0.0,0.0,0.0,79.0,1.0,0,63,2.627691364061218,11.604596790352806,0.42857142857142855,80.71428571428571,9.0,0,439,4.86997604374669,42.29612866445344,0.3125,76.375,21.1875,-7,3615,4.285867892792548,105.42005073407142,0.49206349206349204,78.28571428571429,48.0,-6,5636,7.435154544199455,91.20842219691359,0.6,75.27777777777777,44.888888888888886,-20
2025-05-19 18:25:53.602063,139,37986.397937,18.43138888888889,1,79,21,0,-5.0,1.4000000000000057,0.6000000000000085,-15.099999999999994,-15.899999999999991,6.599999999999994,5.799999999999997,-10.0,-10.799999999999997,0.0,0.0,0.1,1.0,0.1,14,47.9,24.3,49565.81,18391.81,100,19,0.7999999999999972,0.6000000000000085,6.599999999999994,-5.199999999999989,6,0.0,0.0,0.0,0.0,93,93,17.3,27.4,0,1.4000000000000057,0.0,6.0,-4.599999999999994,7,0.0,0.0,0.0,0.0,100,100,20.6,31.0,0,16.735670937289285,-21,2,0.0,0.0,0.0,79.0,1.0,0,63,2.627691364061218,11.604596790352806,0.42857142857142855,80.71428571428571,9.0,5,440,4.758119994530713,41.24469662877883,0.29411764705882354,76.52941176470588,20.0,-7,3598,4.23285372901595,105.519789666511,0.47619047619047616,78.38095238095238,47.73015873015873,-10,5637,7.4040216112283215,90.81690714129512,0.5934065934065934,75.31868131868131,44.40659340659341,-20
2025-05-19 18:27:04.561096,139,37915.438904,18.45111111111111,1,79,21,0,-5.0,1.4000000000000057,0.6000000000000085,-15.099999999999994,-15.899999999999991,6.599999999999994,5.799999999999997,-10.0,-10.799999999999997,0.0,0.0,0.1,1.0,0.1,14,47.9,24.3,49565.81,18391.81,100,19,0.7999999999999972,0.6000000000000085,6.599999999999994,-5.199999999999989,6,0.0,0.0,0.0,0.0,93,93,17.3,27.4,0,1.4000000000000057,0.0,6.0,-4.599999999999994,7,0.0,0.0,0.0,0.0,100,100,20.6,31.0,0,16.737928243862967,-21,2,0.0,0.0,0.0,79.0,1.0,0,64,2.5071326821120348,11.109841197270617,0.375,80.5,8.0,5,441,4.652639984302398,40.2630647006033,0.2777777777777778,76.66666666666667,18.944444444444443,-7,3599,4.199838196051828,104.8418309827214,0.46875,78.390625,47.0,-10,5504,7.373223789443235,90.42984097914062,0.5869565217391305,75.3586956521739,43.93478260869565,-20
2025-05-19 18:28:14.996800,139,37845.0032,18.470555555555553,1,79,21,0,-5.0,1.4000000000000057,0.6000000000000085,-15.099999999999994,-15.899999999999991,6.599999999999994,5.799999999999997,-10.0,-10.799999999999997,0.0,0.0,0.1,1.0,0.1,14,47.9,24.3,49565.81,18391.81,100,19,0.7999999999999972,0.6000000000000085,6.599999999999994,-5.199999999999989,6,0.0,0.0,0.0,0.0,93,93,17.3,27.4,0,1.4000000000000057,0.0,6.0,-4.599999999999994,7,0.0,0.0,0.0,0.0,100,100,20.6,31.0,0,16.74018615944962,-21,2,0.0,0.0,0.0,79.0,1.0,0,5,0.0,0.0,0.0,79.0,1.0,0,291,4.485270009578412,24.203639736010537,0.29411764705882354,77.3529411764706,11.235294117647058,-8,3600,4.167583232522176,104.17589138641362,0.46153846153846156,78.4,46.292307692307695,-10,5505,7.342757130767702,90.04716051794499,0.5806451612903226,75.39784946236558,43.473118279569896,-20
2025-05-19 18:29:10.703607,139,37789.296393,18.48611111111111,4,88,12,1,-5.0,1.4000000000000057,0.6000000000000085,-15.099999999999994,-15.899999999999991,6.599999999999994,5.799999999999997,-10.0,-10.799999999999997,0.0,0.0,0.1,1.0,0.1,14,47.9,24.3,49565.81,18391.81,100,19,0.7999999999999972,0.6000000000000085,6.599999999999994,-5.199999999999989,6,0.0,0.0,0.0,0.0,93,93,17.3,27.4,0,1.4000000000000057,0.0,6.0,-4.599999999999994,7,0.0,0.0,0.0,0.0,100,100,20.6,31.0,0,7.742444684295734,12,521,4.930283187372943,42.20495518014729,0.9285714285714286,88.0,37.214285714285715,-6,524,5.679555699275822,40.6174766789458,0.7647058823529411,86.41176470588235,30.823529411764707,-6,710,6.500712211693366,34.23814703296182,0.6666666666666666,83.48148148148148,22.59259259259259,-14,4120,5.684293167245054,96.47961710546181,0.5512820512820513,80.11538461538461,45.243589743589745,-16,6016,8.131609737504434,85.86060450866512,0.6285714285714286,77.2,43.371428571428574,-26
2025-05-19 18:29:10.703607,139,37789.296393,18.48611111111111,5,84,16,1,-5.0,1.4000000000000057,0.6000000000000085,-15.099999999999994,-15.899999999999991,6.599999999999994,5.799999999999997,-10.0,-10.799999999999997,0.0,0.0,0.1,1.0,0.1,14,47.9,24.3,49565.81,18391.81,100,19,0.7999999999999972,0.6000000000000085,6.599999999999994,-5.199999999999989,6,0.0,0.0,0.0,0.0,93,93,17.3,27.4,0,1.4000000000000057,0.0,6.0,-4.599999999999994,7,0.0,0.0,0.0,0.0,100,100,20.6,31.0,0,11.746625269978395,16,521,4.930283187372943,42.20495518014729,0.9285714285714286,88.0,37.214285714285715,-6,524,5.679555699275822,40.6174766789458,0.7647058823529411,86.41176470588235,30.823529411764707,-6,710,6.500712211693366,34.23814703296182,0.6666666666666666,83.48148148148148,22.59259259259259,-14,4120,5.684293167245054,96.47961710546181,0.5512820512820513,80.11538461538461,45.243589743589745,-16,6016,8.131609737504434,85.86060450866512,0.6285714285714286,77.2,43.371428571428574,-26
2025-05-19 18:29:10.703607,139,37789.296393,18.48611111111111,17,80,20,1,-5.0,1.4000000000000057,0.6000000000000085,-15.099999999999994,-15.899999999999991,6.599999999999994,5.799999999999997,-10.0,-10.799999999999997,0.0,0.0,0.1,1.0,0.1,14,47.9,24.3,49565.81,18391.81,100,19,0.7999999999999972,0.6000000000000085,6.599999999999994,-5.199999999999989,6,0.0,0.0,0.0,0.0,93,93,17.3,27.4,0,1.4000000000000057,0.0,6.0,-4.599999999999994,7,0.0,0.0,0.0,0.0,100,100,20.6,31.0,0,15.754558962582735,20,521,4.930283187372943,42.20495518014729,0.9285714285714286,88.0,37.214285714285715,-6,524,5.679555699275822,40.6174766789458,0.7647058823529411,86.41176470588235,30.823529411764707,-6,710,6.500712211693366,34.23814703296182,0.6666666666666666,83.48148148148148,22.59259259259259,-14,4120,5.684293167245054,96.47961710546181,0.5512820512820513,80.11538461538461,45.243589743589745,-16,6016,8.131609737504434,85.86060450866512,0.6285714285714286,77.2,43.371428571428574,-26
2025-05-19 18:29:10.703607,139,37789.296393,18.48611111111111,15,89,11,1,-5.0,1.4000000000000057,0.6000000000000085,-15.099999999999994,-15.899999999999991,6.599999999999994,5.799999999999997,-10.0,-10.799999999999997,0.0,0.0,0.1,1.0,0.1,14,47.9,24.3,49565.81,18391.81,100,19,0.7999999999999972,0.6000000000000085,6.599999999999994,-5.199999999999989,6,0.0,0.0,0.0,0.0,93,93,17.3,27.4,0,1.4000000000000057,0.0,6.0,-4.599999999999994,7,0.0,0.0,0.0,0.0,100,100,20.6,31.0,0,6.790820471161652,11,521,4.930283187372943,42.20495518014729,0.9285714285714286,88.0,37.214285714285715,-6,524,5.679555699275822,40.6174766789458,0.7647058823529411,86.41176470588235,30.823529411764707,-6,710,6.500712211693366,34.23814703296182,0.6666666666666666,83.48148148148148,22.59259259259259,-14,4120,5.684293167245054,96.47961710546181,0.5512820512820513,80.11538461538461,45.243589743589745,-16,6016,8.131609737504434,85.86060450866512,0.6285714285714286,77.2,43.371428571428574,-26
2025-05-19 18:29:10.703607,139,37789.296393,18.48611111111111,24,88,12,1,-5.0,1.4000000000000057,0.6000000000000085,-15.099999999999994,-15.899999999999991,6.599999999999994,5.799999999999997,-10.0,-10.799999999999997,0.0,0.0,0.1,1.0,0.1,14,47.9,24.3,49565.81,18391.81,100,19,0.7999999999999972,0.6000000000000085,6.599999999999994,-5.199999999999989,6,0.0,0.0,0.0,0.0,93,93,17.3,27.4,0,1.4000000000000057,0.0,6.0,-4.599999999999994,7,0.0,0.0,0.0,0.0,100,100,20.6,31.0,0,7.804639804639805,12,521,4.930283187372943,42.20495518014729,0.9285714285714286,88.0,37.214285714285715,-6,524,5.679555699275822,40.6174766789458,0.7647058823529411,86.41176470588235,30.823529411764707,-6,710,6.500712211693366,34.23814703296182,0.6666666666666666,83.48148148148148,22.59259259259259,-14,4120,5.684293167245054,96.47961710546181,0.5512820512820513,80.11538461538461,45.243589743589745,-16,6016,8.131609737504434,85.86060450866512,0.6285714285714286,77.2,43.371428571428574,-26
2025-05-19 18:29:10.703607,139,37789.296393,18.48611111111111,5,95,5,1,-5.0,1.4000000000000057,0.6000000000000085,-15.099999999999994,-15.899999999999991,6.599999999999994,5.799999999999997,-10.0,-10.799999999999997,0.0,0.0,0.1,1.0,0.1,14,47.9,24.3,49565.81,18391.81,100,19,0.7999999999999972,0.6000000000000085,6.599999999999994,-5.199999999999989,6,0.0,0.0,0.0,0.0,93,93,17.3,27.4,0,1.4000000000000057,0.0,6.0,-4.599999999999994,7,0.0,0.0,0.0,0.0,100,100,20.6,31.0,0,0.8301347488770858,5,521,4.930283187372943,42.20495518014729,0.9285714285714286,88.0,37.214285714285715,-6,524,5.679555699275822,40.6174766789458,0.7647058823529411,86.41176470588235,30.823529411764707,-6,710,6.500712211693366,34.23814703296182,0.6666666666666666,83.48148148148148,22.59259259259259,-14,4120,5.684293167245054,96.47961710546181,0.5512820512820513,80.11538461538461,45.243589743589745,-16,6016,8.131609737504434,85.86060450866512,0.6285714285714286,77.2,43.371428571428574,-26
2025-05-19 18:29:10.703607,139,37789.296393,18.48611111111111,50,92,8,1,-5.0,1.4000000000000057,0.6000000000000085,-15.099999999999994,-15.899999999999991,6.599999999999994,5.799999999999997,-10.0,-10.799999999999997,0.0,0.0,0.1,1.0,0.1,14,47.9,24.3,49565.81,18391.81,100,19,0.7999999999999972,0.6000000000000085,6.599999999999994,-5.199999999999989,6,0.0,0.0,0.0,0.0,93,93,17.3,27.4,0,1.4000000000000057,0.0,6.0,-4.599999999999994,7,0.0,0.0,0.0,0.0,100,100,20.6,31.0,0,3.830700081721602,8,521,4.930283187372943,42.20495518014729,0.9285714285714286,88.0,37.214285714285715,-6,524,5.679555699275822,40.6174766789458,0.7647058823529411,86.41176470588235,30.823529411764707,-6,710,6.500712211693366,34.23814703296182,0.6666666666666666,83.48148148148148,22.59259259259259,-14,4120,5.684293167245054,96.47961710546181,0.5512820512820513,80.11538461538461,45.243589743589745,-16,6016,8.131609737504434,85.86060450866512,0.6285714285714286,77.2,43.371428571428574,-26
2025-05-19 18:29:10.703607,139,37789.296393,18.48611111111111,37,93,7,1,-5.0,1.4000000000000057,0.6000000000000085,-15.099999999999994,-15.899999999999991,6.599999999999994,5.799999999999997,-10.0,-10.799999999999997,0.0,0.0,0.1,1.0,0.1,14,47.9,24.3,49565.81,18391.81,100,19,0.7999999999999972,0.6000000000000085,6.599999999999994,-5.199999999999989,6,0.0,0.0,0.0,0.0,93,93,17.3,27.4,0,1.4000000000000057,0.0,6.0,-4.599999999999994,7,0.0,0.0,0.0,0.0,100,100,20.6,31.0,0,2.8569665386725234,7,521,4.930283187372943,42.20495518014729,0.9285714285714286,88.0,37.214285714285715,-6,524,5.679555699275822,40.6174766789458,0.7647058823529411,86.41176470588235,30.823529411764707,-6,710,6.500712211693366,34.23814703296182,0.6666666666666666,83.48148148148148,22.59259259259259,-14,4120,5.684293167245054,96.47961710546181,0.5512820512820513,80.11538461538461,45.243589743589745,-16,6016,8.131609737504434,85.86060450866512,0.6285714285714286,77.2,43.371428571428574,-26
2025-05-19 18:29:10.703607,139,37789.296393,18.48611111111111,49,86,14,1,-5.0,1.4000000000000057,0.6000000000000085,-15.099999999999994,-15.899999999999991,6.599999999999994,5.799999999999997,-10.0,-10.799999999999997,0.0,0.0,0.1,1.0,0.1,14,47.9,24.3,49565.81,18391.81,100,19,0.7999999999999972,0.6000000000000085,6.599999999999994,-5.199999999999989,6,0.0,0.0,0.0,0.0,93,93,17.3,27.4,0,1.4000000000000057,0.0,6.0,-4.599999999999994,7,0.0,0.0,0.0,0.0,100,100,20.6,31.0,0,9.871536871123368,14,521,4.930283187372943,42.20495518014729,0.9285714285714286,88.0,37.214285714285715,-6,524,5.679555699275822,40.6174766789458,0.7647058823529411,86.41176470588235,30.823529411764707,-6,710,6.500712211693366,34.23814703296182,0.6666666666666666,83.48148148148148,22.59259259259259,-14,4120,5.684293167245054,96.47961710546181,0.5512820512820513,80.11538461538461,45.243589743589745,-16,6016,8.131609737504434,85.86060450866512,0.6285714285714286,77.2,43.371428571428574,-26
2025-05-19 18:29:10.703607,139,37789.296393,18.48611111111111,50,89,11,1,-5.0,1.4000000000000057,0.6000000000000085,-15.099999999999994,-15.899999999999991,6.599999999999994,5.799999999999997,-10.0,-10.799999999999997,0.0,0.0,0.1,1.0,0.1,14,47.9,24.3,49565.81,18391.81,100,19,0.7999999999999972,0.6000000000000085,6.599999999999994,-5.199999999999989,6,0.0,0.0,0.0,0.0,93,93,17.3,27.4,0,1.4000000000000057,0.0,6.0,-4.599999999999994,7,0.0,0.0,0.0,0.0,100,100,20.6,31.0,0,6.93866222592284,11,521,4.930283187372943,42.20495518014729,0.9285714285714286,88.0,37.214285714285715,-6,524,5.679555699275822,40.6174766789458,0.7647058823529411,86.41176470588235,30.823529411764707,-6,710,6.500712211693366,34.23814703296182,0.6666666666666666,83.48148148148148,22.59259259259259,-14,4120,5.684293167245054,96.47961710546181,0.5512820512820513,80.11538461538461,45.243589743589745,-16,6016,8.131609737504434,85.86060450866512,0.6285714285714286,77.2,43.371428571428574,-26
2025-05-19 18:29:10.703607,139,37789.296393,18.48611111111111,156,95,5,1,-5.0,1.4000000000000057,0.6000000000000085,-15.099999999999994,-15.899999999999991,6.599999999999994,5.799999999999997,-10.0,-10.799999999999997,0.0,0.0,0.1,1.0,0.1,14,47.9,24.3,49565.81,18391.81,100,19,0.7999999999999972,0.6000000000000085,6.599999999999994,-5.199999999999989,6,0.0,0.0,0.0,0.0,93,93,17.3,27.4,0,1.4000000000000057,0.0,6.0,-4.599999999999994,7,0.0,0.0,0.0,0.0,100,100,20.6,31.0,0,0.9871436556735631,5,521,4.930283187372943,42.20495518014729,0.9285714285714286,88.0,37.214285714285715,-6,524,5.679555699275822,40.6174766789458,0.7647058823529411,86.41176470588235,30.823529411764707,-6,710,6.500712211693366,34.23814703296182,0.6666666666666666,83.48148148148148,22.59259259259259,-14,4120,5.684293167245054,96.47961710546181,0.5512820512820513,80.11538461538461,45.243589743589745,-16,6016,8.131609737504434,85.86060450866512,0.6285714285714286,77.2,43.371428571428574,-26
2025-05-19 18:29:10.703607,139,37789.296393,18.48611111111111,19,89,11,1,-5.0,1.4000000000000057,0.6000000000000085,-15.099999999999994,-15.899999999999991,6.599999999999994,5.799999999999997,-10.0,-10.799999999999997,0.0,0.0,0.1,1.0,0.1,14,47.9,24.3,49565.81,18391.81,100,19,0.7999999999999972,0.6000000000000085,6.599999999999994,-5.199999999999989,6,0.0,0.0,0.0,0.0,93,93,17.3,27.4,0,1.4000000000000057,0.0,6.0,-4.599999999999994,7,0.0,0.0,0.0,0.0,100,100,20.6,31.0,0,7.009142857142862,11,521,4.930283187372943,42.20495518014729,0.9285714285714286,88.0,37.214285714285715,-6,524,5.679555699275822,40.6174766789458,0.7647058823529411,86.41176470588235,30.823529411764707,-6,710,6.500712211693366,34.23814703296182,0.6666666666666666,83.48148148148148,22.59259259259259,-14,4120,5.684293167245054,96.47961710546181,0.5512820512820513,80.11538461538461,45.243589743589745,-16,6016,8.131609737504434,85.86060450866512,0.6285714285714286,77.2,43.371428571428574,-26
2025-05-19 18:29:10.703607,139,37789.296393,18.48611111111111,89,85,15,1,-5.0,1.4000000000000057,0.6000000000000085,-15.099999999999994,-15.899999999999991,6.599999999999994,5.799999999999997,-10.0,-10.799999999999997,0.0,0.0,0.1,1.0,0.1,14,47.9,24.3,49565.81,18391.81,100,19,0.7999999999999972,0.6000000000000085,6.599999999999994,-5.199999999999989,6,0.0,0.0,0.0,0.0,93,93,17.3,27.4,0,1.4000000000000057,0.0,6.0,-4.599999999999994,7,0.0,0.0,0.0,0.0,100,100,20.6,31.0,0,11.028219452800457,15,521,4.930283187372943,42.20495518014729,0.9285714285714286,88.0,37.214285714285715,-6,524,5.679555699275822,40.6174766789458,0.7647058823529411,86.41176470588235,30.823529411764707,-6,710,6.500712211693366,34.23814703296182,0.6666666666666666,83.48148148148148,22.59259259259259,-14,4120,5.684293167245054,96.47961710546181,0.5512820512820513,80.11538461538461,45.243589743589745,-16,6016,8.131609737504434,85.86060450866512,0.6285714285714286,77.2,43.371428571428574,-26
2025-05-19 18:29:30.494246,139,37769.505754,18.491666666666667,1,81,19,0,-5.0,1.4000000000000057,0.6000000000000085,-15.099999999999994,-15.899999999999991,6.599999999999994,5.799999999999997,-10.0,-10.799999999999997,0.0,0.0,0.1,1.0,0.1,14,47.9,24.3,49565.81,18391.81,100,19,0.7999999999999972,0.6000000000000085,6.599999999999994,-5.199999999999989,6,0.0,0.0,0.0,0.0,93,93,17.3,27.4,0,1.4000000000000057,0.0,6.0,-4.599999999999994,7,0.0,0.0,0.0,0.0,100,100,20.6,31.0,0,15.170632617527573,-19,522,5.083118652765764,41.730769737175265,0.8666666666666667,87.53333333333333,34.8,-2,525,5.655698728236429,40.02682923769417,0.7222222222222222,86.11111111111111,29.166666666666668,-2,711,6.396406894813773,33.84502104793923,0.6428571428571429,83.39285714285714,21.821428571428573,-10,4120,5.540108951348085,96.47961710546181,0.5512820512820513,80.26923076923077,45.243589743589745,1,6017,8.101207301904306,85.54981367569476,0.6226415094339622,77.23584905660377,42.971698113207545,-22
2025-05-19 18:34:22.228536,139,37477.771464,18.572777777777777,1,16,84,0,-3.0,-0.5999999999999943,0.6000000000000085,-17.099999999999994,-15.899999999999991,4.599999999999994,5.799999999999997,-12.0,-10.799999999999997,0.0,0.0,0.1,1.0,0.1,14,47.9,24.3,49565.81,18391.81,100,19,-1.2000000000000028,0.6000000000000085,4.599999999999994,-5.199999999999989,6,0.0,0.0,0.0,0.0,93,93,17.3,27.4,0,-0.5999999999999943,0.0,4.0,-4.599999999999994,7,0.0,0.0,0.0,0.0,100,100,20.6,31.0,0,-8.598951507208383,16,1,,,0.0,16.0,1.0,0,2,,,0.0,16.0,1.0,0,688,1.1547005383792515,56.58032638058333,0.0,16.666666666666668,33.666666666666664,0,3108,2.2677868380553634,30.86946403039433,0.26666666666666666,18.0,23.933333333333334,6,5591,4.6774984336329455,23.830634898463483,0.3142857142857143,21.057142857142857,16.571428571428573,15
2025-05-19 18:34:45.251701,139,37454.748299,18.579166666666666,1,80,20,0,-5.0,1.4000000000000057,0.6000000000000085,-15.099999999999994,-15.899999999999991,6.599999999999994,5.799999999999997,-10.0,-10.799999999999997,0.0,0.0,0.1,1.0,0.1,14,47.9,24.3,49565.81,18391.81,100,19,0.7999999999999972,0.6000000000000085,6.599999999999994,-5.199999999999989,6,0.0,0.0,0.0,0.0,93,93,17.3,27.4,0,1.4000000000000057,0.0,6.0,-4.599999999999994,7,0.0,0.0,0.0,0.0,100,100,20.6,31.0,0,16.172834131475838,-20,2,,,0.0,80.0,1.0,0,2,,,0.0,80.0,1.0,0,589,5.483915875843952,35.41082696953951,0.64,84.64,23.52,-1,3109,5.76811058703329,79.19948213854998,0.4782608695652174,80.3913043478261,37.63768115942029,-5,5592,8.067330400130542,85.2419461567382,0.616822429906542,77.26168224299066,42.57943925233645,-21
2025-05-19 18:41:41.140197,139,37038.859803,18.69472222222222,162,3,97,0,-1.0,-2.5999999999999943,0.6000000000000085,-19.099999999999994,-15.899999999999991,2.5999999999999943,5.799999999999997,-14.0,-10.799999999999997,0.0,0.0,0.1,1.0,0.1,14,47.9,24.3,49565.81,18391.81,100,19,-3.200000000000003,0.6000000000000085,2.5999999999999943,-5.199999999999989,6,0.0,0.0,0.0,0.0,93,93,17.3,27.4,0,-2.5999999999999943,0.0,2.0,-4.599999999999994,7,0.0,0.0,0.0,0.0,100,100,20.6,31.0,0,-0.894304169113326,3,162,,,0.0,3.0,162.0,0,162,,,0.0,3.0,162.0,0,687,,,0.0,3.0,162.0,0,2183,0.5,67.07955475900737,0.0,3.25,72.5,1,5754,2.325995788959303,53.98551562628533,0.3076923076923077,6.076923076923077,47.53846153846154,5
2025-05-19 18:42:09.159781,139,37010.840219,18.7025,11,84,16,1,-5.0,1.4000000000000057,0.6000000000000085,-15.099999999999994,-15.899999999999991,6.599999999999994,5.799999999999997,-10.0,-10.799999999999997,0.0,0.0,0.1,1.0,0.1,14,47.9,24.3,49565.81,18391.81,100,19,0.7999999999999972,0.6000000000000085,6.599999999999994,-5.199999999999989,6,0.0,0.0,0.0,0.0,93,93,17.3,27.4,0,1.4000000000000057,0.0,6.0,-4.599999999999994,7,0.0,0.0,0.0,0.0,100,100,20.6,31.0,0,12.17518142235123,16,173,,,1.0,84.0,11.0,0,173,,,1.0,84.0,11.0,0,697,5.146386510712838,40.22912319379054,0.8235294117647058,86.88235294117646,31.41176470588235,-5,2194,6.2982166100835615,38.927434154720885,0.44642857142857145,80.42857142857143,29.517857142857142,-4,5765,8.055680881325394,84.8970845823227,0.6203703703703703,77.32407407407408,42.28703703703704,-25
2025-05-19 18:44:59.288282,139,36840.711718,18.749722222222225,1,84,16,1,-5.0,1.4000000000000057,0.6000000000000085,-15.099999999999994,-15.899999999999991,6.599999999999994,5.799999999999997,-10.0,-10.799999999999997,0.0,0.0,0.1,1.0,0.1,14,47.9,24.3,49565.81,18391.81,100,19,0.7999999999999972,0.6000000000000085,6.599999999999994,-5.199999999999989,6,0.0,0.0,0.0,0.0,93,93,17.3,27.4,0,1.4000000000000057,0.0,6.0,-4.599999999999994,7,0.0,0.0,0.0,0.0,100,100,20.6,31.0,0,12.194650385230418,16,1,,,1.0,84.0,1.0,0,174,0.0,7.0710678118654755,1.0,84.0,6.0,0,176,2.3094010767585034,5.773502691896258,0.6666666666666666,82.66666666666667,4.333333333333333,-4,1945,6.604157929727627,39.32496089024893,0.47058823529411764,80.49019607843137,27.54901960784314,0,5720,7.301901503565052,85.96256639091705,0.6476190476190476,78.0952380952381,43.06666666666667,-20
2025-05-19 18:45:42.783182,139,36797.216818,18.761666666666667,4,84,16,1,-5.0,1.4000000000000057,0.6000000000000085,-15.099999999999994,-15.899999999999991,6.599999999999994,5.799999999999997,-10.0,-10.799999999999997,0.0,0.0,0.1,1.0,0.1,14,47.9,24.3,49565.81,18391.81,100,19,0.7999999999999972,0.6000000000000085,6.599999999999994,-5.199999999999989,6,0.0,0.0,0.0,0.0,93,93,17.3,27.4,0,1.4000000000000057,0.0,6.0,-4.599999999999994,7,0.0,0.0,0.0,0.0,100,100,20.6,31.0,0,12.196423378889207,16,5,0.0,2.1213203435596424,1.0,84.0,2.5,0,178,0.0,5.131601439446884,1.0,84.0,5.333333333333333,0,180,2.0,4.716990566028302,0.75,83.0,4.25,-4,1873,6.733192731070566,39.96352503637953,0.4897959183673469,80.55102040816327,27.285714285714285,-5,5724,7.289643603320545,85.63634851441472,0.6509433962264151,78.15094339622641,42.698113207547166,-20
2025-05-19 18:45:44.203672,139,36795.796328,18.76222222222222,3,3,97,0,-1.0,-2.5999999999999943,0.6000000000000085,-19.099999999999994,-15.899999999999991,2.5999999999999943,5.799999999999997,-14.0,-10.799999999999997,0.0,0.0,0.1,1.0,0.1,14,47.9,24.3,49565.81,18391.81,100,19,-3.200000000000003,0.6000000000000085,2.5999999999999943,-5.199999999999989,6,0.0,0.0,0.0,0.0,93,93,17.3,27.4,0,-2.5999999999999943,0.0,2.0,-4.599999999999994,7,0.0,0.0,0.0,0.0,100,100,20.6,31.0,0,-0.9883192731992239,3,8,,,0.0,3.0,3.0,0,181,0.0,112.42997820866105,0.0,3.0,82.5,0,183,0.0,112.42997820866105,0.0,3.0,82.5,0,1876,0.0,66.7301780805856,0.0,3.0,72.75,0,5727,2.3812454032143915,53.21597091512623,0.2857142857142857,5.857142857142857,44.357142857142854,5
2025-05-19 18:45:44.204290,139,36795.79571,18.76222222222222,3,14,86,0,-3.0,-0.5999999999999943,0.6000000000000085,-17.099999999999994,-15.899999999999991,4.599999999999994,5.799999999999997,-12.0,-10.799999999999997,0.0,0.0,0.1,1.0,0.1,14,47.9,24.3,49565.81,18391.81,100,19,-1.2000000000000028,0.6000000000000085,4.599999999999994,-5.199999999999989,6,0.0,0.0,0.0,0.0,93,93,17.3,27.4,0,-0.5999999999999943,0.0,4.0,-4.599999999999994,7,0.0,0.0,0.0,0.0,100,100,20.6,31.0,0,-6.602709790209786,14,11,,,0.0,14.0,3.0,0,184,,,0.0,14.0,3.0,0,186,1.4142135623730951,1.4142135623730951,0.0,15.0,2.0,2,1879,1.563471919941143,37.57806688895946,0.1111111111111111,16.77777777777778,27.88888888888889,2,5730,4.757867336034243,23.596391303326076,0.3055555555555556,20.86111111111111,16.194444444444443,17
2025-05-19 18:45:44.205859,139,36795.794141,18.76222222222222,3,85,15,0,-5.0,1.4000000000000057,0.6000000000000085,-15.099999999999994,-15.899999999999991,6.599999999999994,5.799999999999997,-10.0,-10.799999999999997,0.0,0.0,0.1,1.0,0.1,14,47.9,24.3,49565.81,18391.81,100,19,0.7999999999999972,0.6000000000000085,6.599999999999994,-5.199999999999989,6,0.0,0.0,0.0,0.0,93,93,17.3,27.4,0,1.4000000000000057,0.0,6.0,-4.599999999999994,7,0.0,0.0,0.0,0.0,100,100,20.6,31.0,0,11.20352051207449,-15,14,0.5773502691896257,1.5275252316519468,0.6666666666666666,84.33333333333333,2.6666666666666665,-1,187,0.5,4.349329450233296,0.75,84.25,4.75,-1,189,1.9493588689617924,4.123105625617661,0.6,83.4,4.0,-5,1882,6.693768042907141,39.70246483892044,0.48,80.64,26.8,-6,5733,7.285327769245729,85.31780496129667,0.6448598130841121,78.21495327102804,42.32710280373832,-21
2025-05-19 18:46:11.131181,139,36768.868819,18.76972222222222,215,88,12,1,-5.0,1.4000000000000057,0.6000000000000085,-15.099999999999994,-15.899999999999991,6.599999999999994,5.799999999999997,-10.0,-10.799999999999997,0.0,0.0,0.1,1.0,0.1,14,47.9,24.3,49565.81,18391.81,100,19,0.7999999999999972,0.6000000000000085,6.599999999999994,-5.199999999999989,6,0.0,0.0,0.0,0.0,93,93,17.3,27.4,0,1.4000000000000057,0.0,6.0,-4.599999999999994,7,0.0,0.0,0.0,0.0,100,100,20.6,31.0,0,8.208412167079032,12,229,1.8929694486000912,106.17399242124536,0.75,85.25,55.75,-4,402,1.7320508075688772,94.1020722407323,0.8,85.0,46.8,-4,404,2.5625508125043424,86.2192940510804,0.6666666666666666,84.16666666666667,39.166666666666664,-8,2097,6.7061575450930055,47.32076607537947,0.49019607843137253,80.7843137254902,30.49019607843137,-9,5948,7.312079793289102,86.52844637369223,0.6481481481481481,78.30555555555556,43.925925925925924,-24
2025-05-19 18:46:11.207744,139,36768.792256,18.76972222222222,215,3,97,0,-1.0,-2.5999999999999943,0.6000000000000085,-19.099999999999994,-15.899999999999991,2.5999999999999943,5.799999999999997,-14.0,-10.799999999999997,0.0,0.0,0.1,1.0,0.1,14,47.9,24.3,49565.81,18391.81,100,19,-3.200000000000003,0.6000000000000085,2.5999999999999943,-5.199999999999989,6,0.0,0.0,0.0,0.0,93,93,17.3,27.4,0,-2.5999999999999943,0.0,2.0,-4.599999999999994,7,0.0,0.0,0.0,0.0,100,100,20.6,31.0,0,-0.9902470741222373,3,444,0.0,149.90663761154806,0.0,3.0,109.0,0,617,0.0,110.32829797170504,0.0,3.0,126.66666666666667,0,619,0.0,110.32829797170504,0.0,3.0,126.66666666666667,0,2312,0.0,85.94591322453907,0.0,3.0,101.2,0,6163,2.410295378065479,67.60860751061072,0.26666666666666666,5.666666666666667,55.733333333333334,5
2025-05-19 18:46:11.215193,139,36768.784807,18.76972222222222,197,14,86,0,-3.0,-0.5999999999999943,0.6000000000000085,-17.099999999999994,-15.899999999999991,4.599999999999994,5.799999999999997,-12.0,-10.799999999999997,0.0,0.0,0.1,1.0,0.1,14,47.9,24.3,49565.81,18391.81,100,19,-1.2000000000000028,0.6000000000000085,4.599999999999994,-5.199999999999989,6,0.0,0.0,0.0,0.0,93,93,17.3,27.4,0,-0.5999999999999943,0.0,4.0,-4.599999999999994,7,0.0,0.0,0.0,0.0,100,100,20.6,31.0,0,-6.611378555798694,14,659,0.8944271909999159,85.98139333600031,0.0,13.6,43.6,0,832,0.8944271909999159,85.98139333600031,0.0,13.6,43.6,0,834,1.2649110640673518,78.84605253276793,0.0,14.0,36.5,2,2527,2.0878156908535677,58.209171891615945,0.07692307692307693,15.76923076923077,35.84615384615385,2,6378,5.039268872488425,36.541476258896374,0.275,20.125,19.95,17
2025-05-19 18:46:11.215193,139,36768.784807,18.76972222222222,1,14,86,0,-3.0,-0.5999999999999943,0.6000000000000085,-17.099999999999994,-15.899999999999991,4.599999999999994,5.799999999999997,-12.0,-10.799999999999997,0.0,0.0,0.1,1.0,0.1,14,47.9,24.3,49565.81,18391.81,100,19,-1.2000000000000028,0.6000000000000085,4.599999999999994,-5.199999999999989,6,0.0,0.0,0.0,0.0,93,93,17.3,27.4,0,-0.5999999999999943,0.0,4.0,-4.599999999999994,7,0.0,0.0,0.0,0.0,100,100,20.6,31.0,0,-7.235153256704976,14,659,0.8944271909999159,85.98139333600031,0.0,13.6,43.6,0,832,0.8944271909999159,85.98139333600031,0.0,13.6,43.6,0,834,1.2649110640673518,78.84605253276793,0.0,14.0,36.5,2,2527,2.0878156908535677,58.209171891615945,0.07692307692307693,15.76923076923077,35.84615384615385,2,6378,5.039268872488425,36.541476258896374,0.275,20.125,19.95,17
2025-05-19 18:46:11.215193,139,36768.784807,18.76972222222222,16,12,88,0,-3.0,-0.5999999999999943,0.6000000000000085,-17.099999999999994,-15.899999999999991,4.599999999999994,5.799999999999997,-12.0,-10.799999999999997,0.0,0.0,0.1,1.0,0.1,14,47.9,24.3,49565.81,18391.81,100,19,-1.2000000000000028,0.6000000000000085,4.599999999999994,-5.199999999999989,6,0.0,0.0,0.0,0.0,93,93,17.3,27.4,0,-0.5999999999999943,0.0,4.0,-4.599999999999994,7,0.0,0.0,0.0,0.0,100,100,20.6,31.0,0,-5.238620028749395,12,659,0.8944271909999159,85.98139333600031,0.0,13.6,43.6,0,832,0.8944271909999159,85.98139333600031,0.0,13.6,43.6,0,834,1.2649110640673518,78.84605253276793,0.0,14.0,36.5,2,2527,2.0878156908535677,58.209171891615945,0.07692307692307693,15.76923076923077,35.84615384615385,2,6378,5.039268872488425,36.541476258896374,0.275,20.125,19.95,17
2025-05-19 18:46:11.215193,139,36768.784807,18.76972222222222,1,14,86,0,-3.0,-0.5999999999999943,0.6000000000000085,-17.099999999999994,-15.899999999999991,4.599999999999994,5.799999999999997,-12.0,-10.799999999999997,0.0,0.0,0.1,1.0,0.1,14,47.9,24.3,49565.81,18391.81,100,19,-1.2000000000000028,0.6000000000000085,4.599999999999994,-5.199999999999989,6,0.0,0.0,0.0,0.0,93,93,17.3,27.4,0,-0.5999999999999943,0.0,4.0,-4.599999999999994,7,0.0,0.0,0.0,0.0,100,100,20.6,31.0,0,-7.2790922259777915,14,659,0.8944271909999159,85.98139333600031,0.0,13.6,43.6,0,832,0.8944271909999159,85.98139333600031,0.0,13.6,43.6,0,834,1.2649110640673518,78.84605253276793,0.0,14.0,36.5,2,2527,2.0878156908535677,58.209171891615945,0.07692307692307693,15.76923076923077,35.84615384615385,2,6378,5.039268872488425,36.541476258896374,0.275,20.125,19.95,17
2025-05-19 18:46:28.017963,139,36751.982037,18.774444444444445,500,89,11,1,-5.0,1.4000000000000057,0.6000000000000085,-15.099999999999994,-15.899999999999991,6.599999999999994,5.799999999999997,-10.0,-10.799999999999997,0.0,0.0,0.1,1.0,0.1,14,47.9,24.3,49565.81,18391.81,100,19,0.7999999999999972,0.6000000000000085,6.599999999999994,-5.199999999999989,6,0.0,0.0,0.0,0.0,93,93,17.3,27.4,0,1.4000000000000057,0.0,6.0,-4.599999999999994,7,0.0,0.0,0.0,0.0,100,100,20.6,31.0,0,7.473557692307693,11,1159,2.345207879911715,218.92076192083746,0.8,86.0,144.6,-5,1332,2.250925735484551,203.26304796166633,0.8333333333333334,85.66666666666667,122.33333333333333,-5,1334,2.9680841985233184,191.13607718063065,0.7142857142857143,84.85714285714286,105.0,-9,3027,6.737118315540163,80.21576061084924,0.5,80.9423076923077,39.51923076923077,-10,6878,7.34987939691309,96.57192094875325,0.6513761467889908,78.40366972477064,48.11009174311926,-25
2025-05-19 18:46:28.093071,139,36751.906929,18.774444444444445,49,13,87,0,-3.0,-0.5999999999999943,0.6000000000000085,-17.099999999999994,-15.899999999999991,4.599999999999994,5.799999999999997,-12.0,-10.799999999999997,0.0,0.0,0.1,1.0,0.1,14,47.9,24.3,49565.81,18391.81,100,19,-1.2000000000000028,0.6000000000000085,4.599999999999994,-5.199999999999989,6,0.0,0.0,0.0,0.0,93,93,17.3,27.4,0,-0.5999999999999943,0.0,4.0,-4.599999999999994,7,0.0,0.0,0.0,0.0,100,100,20.6,31.0,0,-6.282608695652172,13,1659,0.9511897312113419,168.9337711874658,0.0,13.285714285714286,102.57142857142857,2,1832,0.9511897312113419,168.9337711874658,0.0,13.285714285714286,102.57142857142857,2,1834,1.3024701806293193,160.4720158069402,0.0,13.625,89.875,4,3527,2.257263408474539,119.80806078295163,0.06666666666666667,15.333333333333334,64.4,4,7378,5.183508199955042,75.49569831835502,0.2619047619047619,19.761904761904763,30.904761904761905,19
2025-05-19 18:46:28.093071,139,36751.906929,18.774444444444445,451,12,88,0,-3.0,-0.5999999999999943,0.6000000000000085,-17.099999999999994,-15.899999999999991,4.599999999999994,5.799999999999997,-12.0,-10.799999999999997,0.0,0.0,0.1,1.0,0.1,14,47.9,24.3,49565.81,18391.81,100,19,-1.2000000000000028,0.6000000000000085,4.599999999999994,-5.199999999999989,6,0.0,0.0,0.0,0.0,93,93,17.3,27.4,0,-0.5999999999999943,0.0,4.0,-4.599999999999994,7,0.0,0.0,0.0,0.0,100,100,20.6,31.0,0,-5.434933201385448,12,1659,0.9511897312113419,168.9337711874658,0.0,13.285714285714286,102.57142857142857,2,1832,0.9511897312113419,168.9337711874658,0.0,13.285714285714286,102.57142857142857,2,1834,1.3024701806293193,160.4720158069402,0.0,13.625,89.875,4,3527,2.257263408474539,119.80806078295163,0.06666666666666667,15.333333333333334,64.4,4,7378,5.183508199955042,75.49569831835502,0.2619047619047619,19.761904761904763,30.904761904761905,19
2025-05-19 18:46:28.094428,139,36751.905572,18.774444444444445,1,3,97,0,-1.0,-2.5999999999999943,0.6000000000000085,-19.099999999999994,-15.899999999999991,2.5999999999999943,5.799999999999997,-14.0,-10.799999999999997,0.0,0.0,0.1,1.0,0.1,14,47.9,24.3,49565.81,18391.81,100,19,-3.200000000000003,0.6000000000000085,2.5999999999999943,-5.199999999999989,6,0.0,0.0,0.0,0.0,93,93,17.3,27.4,0,-2.5999999999999943,0.0,2.0,-4.599999999999994,7,0.0,0.0,0.0,0.0,100,100,20.6,31.0,0,-1.151171579743007,3,2156,0.0,202.51855882033792,0.0,3.0,119.16666666666667,0,2329,0.0,185.580812842379,0.0,3.0,125.28571428571429,0,2331,0.0,185.580812842379,0.0,3.0,125.28571428571429,0,4024,0.0,163.17713619799122,0.0,3.0,111.44444444444444,0,7875,2.401266722241623,120.44005570217851,0.21052631578947367,5.105263157894737,70.15789473684211,5
2025-05-19 18:46:28.094428,139,36751.905572,18.774444444444445,1,3,97,0,-1.0,-2.5999999999999943,0.6000000000000085,-19.099999999999994,-15.899999999999991,2.5999999999999943,5.799999999999997,-14.0,-10.799999999999997,0.0,0.0,0.1,1.0,0.1,14,47.9,24.3,49565.81,18391.81,100,19,-3.200000000000003,0.6000000000000085,2.5999999999999943,-5.199999999999989,6,0.0,0.0,0.0,0.0,93,93,17.3,27.4,0,-2.5999999999999943,0.0,2.0,-4.599999999999994,7,0.0,0.0,0.0,0.0,100,100,20.6,31.0,0,-1.1520423600605199,3,2156,0.0,202.51855882033792,0.0,3.0,119.16666666666667,0,2329,0.0,185.580812842379,0.0,3.0,125.28571428571429,0,2331,0.0,185.580812842379,0.0,3.0,125.28571428571429,0,4024,0.0,163.17713619799122,0.0,3.0,111.44444444444444,0,7875,2.401266722241623,120.44005570217851,0.21052631578947367,5.105263157894737,70.15789473684211,5
2025-05-19 18:46:28.094428,139,36751.905572,18.774444444444445,494,3,97,0,-1.0,-2.5999999999999943,0.6000000000000085,-19.099999999999994,-15.899999999999991,2.5999999999999943,5.799999999999997,-14.0,-10.799999999999997,0.0,0.0,0.1,1.0,0.1,14,47.9,24.3,49565.81,18391.81,100,19,-3.200000000000003,0.6000000000000085,2.5999999999999943,-5.199999999999989,6,0.0,0.0,0.0,0.0,93,93,17.3,27.4,0,-2.5999999999999943,0.0,2.0,-4.599999999999994,7,0.0,0.0,0.0,0.0,100,100,20.6,31.0,0,-1.1509863429438525,3,2156,0.0,202.51855882033792,0.0,3.0,119.16666666666667,0,2329,0.0,185.580812842379,0.0,3.0,125.28571428571429,0,2331,0.0,185.580812842379,0.0,3.0,125.28571428571429,0,4024,0.0,163.17713619799122,0.0,3.0,111.44444444444444,0,7875,2.401266722241623,120.44005570217851,0.21052631578947367,5.105263157894737,70.15789473684211,5
2025-05-19 18:46:28.094428,139,36751.905572,18.774444444444445,1,3,97,0,-1.0,-2.5999999999999943,0.6000000000000085,-19.099999999999994,-15.899999999999991,2.5999999999999943,5.799999999999997,-14.0,-10.799999999999997,0.0,0.0,0.1,1.0,0.1,14,47.9,24.3,49565.81,18391.81,100,19,-3.200000000000003,0.6000000000000085,2.5999999999999943,-5.199999999999989,6,0.0,0.0,0.0,0.0,93,93,17.3,27.4,0,-2.5999999999999943,0.0,2.0,-4.599999999999994,7,0.0,0.0,0.0,0.0,100,100,20.6,31.0,0,-1.841019417475735,3,2156,0.0,202.51855882033792,0.0,3.0,119.16666666666667,0,2329,0.0,185.580812842379,0.0,3.0,125.28571428571429,0,2331,0.0,185.580812842379,0.0,3.0,125.28571428571429,0,4024,0.0,163.17713619799122,0.0,3.0,111.44444444444444,0,7875,2.401266722241623,120.44005570217851,0.21052631578947367,5.105263157894737,70.15789473684211,5
2025-05-19 18:46:44.144402,139,36735.855598,18.778888888888886,49,88,12,1,-5.0,1.4000000000000057,0.6000000000000085,-15.099999999999994,-15.899999999999991,6.599999999999994,5.799999999999997,-10.0,-10.799999999999997,0.0,0.0,0.1,1.0,0.1,14,47.9,24.3,49565.81,18391.81,100,19,0.7999999999999972,0.6000000000000085,6.599999999999994,-5.199999999999989,6,0.0,0.0,0.0,0.0,93,93,17.3,27.4,0,1.4000000000000057,0.0,6.0,-4.599999999999994,7,0.0,0.0,0.0,0.0,100,100,20.6,31.0,0,9.080571799870043,12,2205,2.250925735484551,199.66037830943492,0.8333333333333334,86.33333333333333,128.66666666666666,-4,2216,2.23606797749979,187.6116810253105,0.8571428571428571,86.0,111.85714285714286,-4,2380,2.9640705601780613,178.06178702910964,0.75,85.25,98.0,-8,4073,6.742086690802706,79.45138448366745,0.5094339622641509,81.0754716981132,39.698113207547166,-9,7924,7.3730795410239,96.12794721201527,0.6545454545454545,78.49090909090908,48.11818181818182,-24
2025-05-19 18:47:01.400365,139,36718.599635,18.783611111111114,3,88,12,1,-5.0,1.4000000000000057,0.6000000000000085,-15.099999999999994,-15.899999999999991,6.599999999999994,5.799999999999997,-10.0,-10.799999999999997,0.0,0.0,0.1,1.0,0.1,14,47.9,24.3,49565.81,18391.81,100,19,0.7999999999999972,0.6000000000000085,6.599999999999994,-5.199999999999989,6,0.0,0.0,0.0,0.0,93,93,17.3,27.4,0,1.4000000000000057,0.0,6.0,-4.599999999999994,7,0.0,0.0,0.0,0.0,100,100,20.6,31.0,0,9.153430489602101,12,2207,2.0,199.40611826120082,0.8333333333333334,87.0,129.0,-4,2219,2.187627547301936,177.90747996801997,0.875,86.25,98.25,-4,2383,2.9202359113225387,169.54506120137435,0.7777777777777778,85.55555555555556,87.44444444444444,-8,4076,6.744332714183714,78.8565668867218,0.5185185185185185,81.20370370370371,39.01851851851852,-9,7927,7.394776472802885,95.78578252703339,0.6576576576576577,78.57657657657657,47.711711711711715,-24
2025-05-19 18:47:01.448781,139,36718.551219,18.783611111111114,47,91,9,0,-5.0,1.4000000000000057,0.6000000000000085,-15.099999999999994,-15.899999999999991,6.599999999999994,5.799999999999997,-10.0,-10.799999999999997,0.0,0.0,0.1,1.0,0.1,14,47.9,24.3,49565.81,18391.81,100,19,0.7999999999999972,0.6000000000000085,6.599999999999994,-5.199999999999989,6,0.0,0.0,0.0,0.0,93,93,17.3,27.4,0,1.4000000000000057,0.0,6.0,-4.599999999999994,7,0.0,0.0,0.0,0.0,100,100,20.6,31.0,0,6.15792922673657,-9,2254,2.370453040886408,184.65166691703084,0.7142857142857143,87.57142857142857,117.28571428571429,-7,2266,2.5873624493766707,167.29174449977435,0.7777777777777778,86.77777777777777,92.55555555555556,-7,2430,3.2472210341220142,160.35945733119564,0.7,86.1,83.4,-11,4123,6.810914196240632,78.13041415583061,0.509090909090909,81.38181818181818,39.163636363636364,-12,7974,7.45440343895007,95.35336257744797,0.6517857142857143,78.6875,47.705357142857146,-27
2025-05-19 18:47:01.450287,139,36718.549713,18.783611111111114,47,13,87,0,-3.0,-0.5999999999999943,0.6000000000000085,-17.099999999999994,-15.899999999999991,4.599999999999994,5.799999999999997,-12.0,-10.799999999999997,0.0,0.0,0.1,1.0,0.1,14,47.9,24.3,49565.81,18391.81,100,19,-1.2000000000000028,0.6000000000000085,4.599999999999994,-5.199999999999989,6,0.0,0.0,0.0,0.0,93,93,17.3,27.4,0,-0.5999999999999943,0.0,4.0,-4.599999999999994,7,0.0,0.0,0.0,0.0,100,100,20.6,31.0,0,-7.99617834394904,13,2301,0.8864052604279183,157.6315210501105,0.0,13.25,95.625,1,2313,0.8864052604279183,157.6315210501105,0.0,13.25,95.625,1,2477,1.2360330811826103,150.78664102337154,0.0,13.555555555555555,85.11111111111111,3,4170,2.2573952541221782,115.82729600573433,0.0625,15.1875,63.3125,3,8021,5.224208916571648,74.63189844684865,0.2558139534883721,19.6046511627907,31.27906976744186,18
2025-05-19 18:47:16.498799,139,36703.501201,18.78777777777778,49,89,11,1,-5.0,1.4000000000000057,0.6000000000000085,-15.099999999999994,-15.899999999999991,6.599999999999994,5.799999999999997,-10.0,-10.799999999999997,0.0,0.0,0.1,1.0,0.1,14,47.9,24.3,49565.81,18391.81,100,19,0.7999999999999972,0.6000000000000085,6.599999999999994,-5.199999999999989,6,0.0,0.0,0.0,0.0,93,93,17.3,27.4,0,1.4000000000000057,0.0,6.0,-4.599999999999994,7,0.0,0.0,0.0,0.0,100,100,20.6,31.0,0,8.205712398877338,11,2350,2.2519832529192065,172.65055541675585,0.75,87.75,108.75,-5,2351,2.449489742783178,165.4454425012803,0.7777777777777778,87.33333333333333,96.77777777777777,-5,2526,3.2022719207689803,152.4835013429918,0.7272727272727273,86.36363636363636,80.27272727272727,-9,4219,6.825063626552759,77.42803738973353,0.5178571428571429,81.51785714285714,39.339285714285715,-10,8070,7.484191092460849,94.92680159569461,0.6548672566371682,78.77876106194691,47.716814159292035,-25
2025-05-19 18:47:16.575521,139,36703.424479,18.78777777777778,49,13,87,0,-3.0,-0.5999999999999943,0.6000000000000085,-17.099999999999994,-15.899999999999991,4.599999999999994,5.799999999999997,-12.0,-10.799999999999997,0.0,0.0,0.1,1.0,0.1,14,47.9,24.3,49565.81,18391.81,100,19,-1.2000000000000028,0.6000000000000085,4.599999999999994,-5.199999999999989,6,0.0,0.0,0.0,0.0,93,93,17.3,27.4,0,-0.5999999999999943,0.0,4.0,-4.599999999999994,7,0.0,0.0,0.0,0.0,100,100,20.6,31.0,0,-8.242941562705184,13,2399,0.8333333333333333,148.26758842639134,0.0,13.222222222222221,90.44444444444444,1,2400,0.8333333333333333,148.26758842639134,0.0,13.222222222222221,90.44444444444444,1,2575,1.1785113019775793,142.6209038753514,0.0,13.5,81.5,3,4268,2.2491828581535485,112.20300667042017,0.058823529411764705,15.058823529411764,62.470588235294116,3,8119,5.25823626568765,73.80734592773544,0.25,19.454545454545453,31.681818181818183,18
2025-05-19 18:47:29.151005,139,36690.848995,18.79138888888889,1,89,11,0,-5.0,1.4000000000000057,0.6000000000000085,-15.099999999999994,-15.899999999999991,6.599999999999994,5.799999999999997,-10.0,-10.799999999999997,0.0,0.0,0.1,1.0,0.1,14,47.9,24.3,49565.81,18391.81,100,19,0.7999999999999972,0.6000000000000085,6.599999999999994,-5.199999999999989,6,0.0,0.0,0.0,0.0,93,93,17.3,27.4,0,1.4000000000000057,0.0,6.0,-4.599999999999994,7,0.0,0.0,0.0,0.0,100,100,20.6,31.0,0,8.272636484687084,-11,2400,2.147349787787521,165.4454425012803,0.6666666666666666,87.88888888888889,96.77777777777777,-5,2401,2.3687784005919825,158.89675194218972,0.7,87.5,87.2,-5,2576,3.146667308679955,147.17727920827832,0.6666666666666666,86.58333333333333,73.66666666666667,-9,4269,6.836068283299607,76.90145208858759,0.5087719298245614,81.64912280701755,38.666666666666664,-10,8120,7.5122474135026165,94.60707069994541,0.6491228070175439,78.86842105263158,47.30701754385965,-25
2025-05-19 18:47:29.156869,139,36690.843131,18.79138888888889,1,13,87,0,-3.0,-0.5999999999999943,0.6000000000000085,-17.099999999999994,-15.899999999999991,4.599999999999994,5.799999999999997,-12.0,-10.799999999999997,0.0,0.0,0.1,1.0,0.1,14,47.9,24.3,49565.81,18391.81,100,19,-1.2000000000000028,0.6000000000000085,4.599999999999994,-5.199999999999989,6,0.0,0.0,0.0,0.0,93,93,17.3,27.4,0,-0.5999999999999943,0.0,4.0,-4.599999999999994,7,0.0,0.0,0.0,0.0,100,100,20.6,31.0,0,-8.516960651289011,13,2401,0.7888106377466155,142.6209038753514,0.0,13.2,81.5,1,2402,0.7888106377466155,142.6209038753514,0.0,13.2,81.5,1,2577,1.1281521496355325,137.46186247961157,0.0,13.454545454545455,74.18181818181819,3,4270,2.235337116889484,109.81292767687837,0.05555555555555555,14.944444444444445,59.05555555555556,3,8121,5.286441586404284,73.10701993404166,0.24444444444444444,19.31111111111111,31.0,18
2025-05-19 18:47:30.133752,139,36689.866248,18.791666666666668,24,89,11,0,-5.0,1.4000000000000057,0.6000000000000085,-15.099999999999994,-15.899999999999991,6.599999999999994,5.799999999999997,-10.0,-10.799999999999997,0.0,0.0,0.1,1.0,0.1,14,47.9,24.3,49565.81,18391.81,100,19,0.7999999999999972,0.6000000000000085,6.599999999999994,-5.199999999999989,6,0.0,0.0,0.0,0.0,93,93,17.3,27.4,0,1.4000000000000057,0.0,6.0,-4.599999999999994,7,0.0,0.0,0.0,0.0,100,100,20.6,31.0,0,8.274013650740798,-11,2425,2.0548046676563256,157.67212816474571,0.6,88.0,89.5,-5,2426,2.2922795323750234,151.94233355873118,0.6363636363636364,87.63636363636364,81.45454545454545,-5,2601,3.0863637221884637,141.5832182580538,0.6153846153846154,86.76923076923077,69.84615384615384,-9,4294,6.84423974337923,76.24821757658054,0.5,81.77586206896552,38.41379310344828,-10,8145,7.538662108893534,94.2162847615205,0.6434782608695652,78.95652173913044,47.10434782608696,-25
2025-05-19 18:47:30.136484,139,36689.863516,18.791666666666668,24,13,87,0,-3.0,-0.5999999999999943,0.6000000000000085,-17.099999999999994,-15.899999999999991,4.599999999999994,5.799999999999997,-12.0,-10.799999999999997,0.0,0.0,0.1,1.0,0.1,14,47.9,24.3,49565.81,18391.81,100,19,-1.2000000000000028,0.6000000000000085,4.599999999999994,-5.199999999999989,6,0.0,0.0,0.0,0.0,93,93,17.3,27.4,0,-0.5999999999999943,0.0,4.0,-4.599999999999994,7,0.0,0.0,0.0,0.0,100,100,20.6,31.0,0,-8.522742701968767,13,2449,0.7507571935295483,136.40827754142407,0.0,13.181818181818182,76.27272727272727,1,2450,0.7507571935295483,136.40827754142407,0.0,13.181818181818182,76.27272727272727,1,2625,1.0836246694508318,131.8628764354023,0.0,13.416666666666666,70.0,3,4318,2.21768542741543,107.02158606113503,0.05263157894736842,14.842105263157896,57.21052631578947,3,8169,5.309548412796146,72.29752336047184,0.2391304347826087,19.17391304347826,30.847826086956523,18
2025-05-19 18:47:49.250501,139,36670.749499,18.796944444444446,50,89,11,1,-5.0,1.4000000000000057,0.6000000000000085,-15.099999999999994,-15.899999999999991,6.599999999999994,5.799999999999997,-10.0,-10.799999999999997,0.0,0.0,0.1,1.0,0.1,14,47.9,24.3,49565.81,18391.81,100,19,0.7999999999999972,0.6000000000000085,6.599999999999994,-5.199999999999989,6,0.0,0.0,0.0,0.0,93,93,17.3,27.4,0,1.4000000000000057,0.0,6.0,-4.599999999999994,7,0.0,0.0,0.0,0.0,100,100,20.6,31.0,0,8.307203743941173,11,2486,0.927960727138337,161.4626719847174,0.6666666666666666,88.88888888888889,104.22222222222223,-1,2500,2.220769727328383,145.155611380172,0.6666666666666666,87.75,78.83333333333333,-5,2675,3.02462421605588,136.13212715577478,0.6428571428571429,86.92857142857143,68.42857142857143,-9,4368,6.849855058255732,75.6030963033951,0.5084745762711864,81.89830508474576,38.610169491525426,-10,7979,7.563519127311399,93.80613961295634,0.646551724137931,79.04310344827586,47.12931034482759,-25
2025-05-19 18:47:49.345244,139,36670.654756,18.796944444444446,1,13,87,0,-3.0,-0.5999999999999943,0.6000000000000085,-17.099999999999994,-15.899999999999991,4.599999999999994,5.799999999999997,-12.0,-10.799999999999997,0.0,0.0,0.1,1.0,0.1,14,47.9,24.3,49565.81,18391.81,100,19,-1.2000000000000028,0.6000000000000085,4.599999999999994,-5.199999999999989,6,0.0,0.0,0.0,0.0,93,93,17.3,27.4,0,-0.5999999999999943,0.0,4.0,-4.599999999999994,7,0.0,0.0,0.0,0.0,100,100,20.6,31.0,0,-8.663906142167008,13,2536,0.6685579234215215,130.3985731470551,0.0,13.083333333333334,73.83333333333333,1,2550,0.6887372317211946,126.38337078214212,0.0,13.153846153846153,68.38461538461539,1,2725,1.008208072018627,122.75348297469031,0.0,13.357142857142858,63.57142857142857,3,4418,2.175622516277429,102.27281442997729,0.047619047619047616,14.666666666666666,54.142857142857146,3,8029,5.342854975645525,70.92541469991282,0.22916666666666666,18.916666666666668,30.604166666666668,18
2025-05-19 18:47:49.345244,139,36670.654756,18.796944444444446,49,13,87,0,-3.0,-0.5999999999999943,0.6000000000000085,-17.099999999999994,-15.899999999999991,4.599999999999994,5.799999999999997,-12.0,-10.799999999999997,0.0,0.0,0.1,1.0,0.1,14,47.9,24.3,49565.81,18391.81,100,19,-1.2000000000000028,0.6000000000000085,4.599999999999994,-5.199999999999989,6,0.0,0.0,0.0,0.0,93,93,17.3,27.4,0,-0.5999999999999943,0.0,4.0,-4.599999999999994,7,0.0,0.0,0.0,0.0,100,100,20.6,31.0,0,-8.66988950276243,13,2536,0.6685579234215215,130.3985731470551,0.0,13.083333333333334,73.83333333333333,1,2550,0.6887372317211946,126.38337078214212,0.0,13.153846153846153,68.38461538461539,1,2725,1.008208072018627,122.75348297469031,0.0,13.357142857142858,63.57142857142857,3,4418,2.175622516277429,102.27281442997729,0.047619047619047616,14.666666666666666,54.142857142857146,3,8029,5.342854975645525,70.92541469991282,0.22916666666666666,18.916666666666668,30.604166666666668,18
2025-05-19 18:48:02.259709,139,36657.740291,18.800555555555555,49,89,11,1,-5.0,1.4000000000000057,0.6000000000000085,-15.099999999999994,-15.899999999999991,6.599999999999994,5.799999999999997,-10.0,-10.799999999999997,0.0,0.0,0.1,1.0,0.1,14,47.9,24.3,49565.81,18391.81,100,19,0.7999999999999972,0.6000000000000085,6.599999999999994,-5.199999999999989,6,0.0,0.0,0.0,0.0,93,93,17.3,27.4,0,1.4000000000000057,0.0,6.0,-4.599999999999994,7,0.0,0.0,0.0,0.0,100,100,20.6,31.0,0,8.377212202932753,11,2585,0.8755950357709131,153.22681082485389,0.7,88.9,98.7,-1,2599,2.154303980645638,139.2220141743727,0.6923076923076923,87.84615384615384,76.53846153846153,-5,2774,2.9632671801497046,131.2760813088566,0.6666666666666666,87.06666666666666,67.13333333333334,-9,4467,6.8531612566055635,74.9716537769876,0.5166666666666667,82.01666666666667,38.78333333333333,-10,8078,7.586897123169634,93.4010877287752,0.6495726495726496,79.12820512820512,47.14529914529915,-25
2025-05-19 18:48:02.343839,139,36657.656161,18.800555555555555,49,13,87,0,-3.0,-0.5999999999999943,0.6000000000000085,-17.099999999999994,-15.899999999999991,4.599999999999994,5.799999999999997,-12.0,-10.799999999999997,0.0,0.0,0.1,1.0,0.1,14,47.9,24.3,49565.81,18391.81,100,19,-1.2000000000000028,0.6000000000000085,4.599999999999994,-5.199999999999989,6,0.0,0.0,0.0,0.0,93,93,17.3,27.4,0,-0.5999999999999943,0.0,4.0,-4.599999999999994,7,0.0,0.0,0.0,0.0,100,100,20.6,31.0,0,-8.9735525375268,13,2634,0.6405126152203486,125.03696889217842,0.0,13.076923076923077,71.92307692307692,1,2648,0.6629935441317958,121.53568643375112,0.0,13.142857142857142,67.0,1,2823,0.975900072948533,118.34803396278764,0.0,13.333333333333334,62.6,3,4516,2.152719009578151,99.81406957362519,0.045454545454545456,14.590909090909092,53.90909090909091,3,8127,5.354046724350714,70.23190448908007,0.22448979591836735,18.79591836734694,30.979591836734695,18
2025-05-19 18:48:19.439664,139,36640.560336,18.80527777777778,9,89,11,1,-5.0,1.4000000000000057,0.6000000000000085,-15.099999999999994,-15.899999999999991,6.599999999999994,5.799999999999997,-10.0,-10.799999999999997,0.0,0.0,0.1,1.0,0.1,14,47.9,24.3,49565.81,18391.81,100,19,0.7999999999999972,0.6000000000000085,6.599999999999994,-5.199999999999989,6,0.0,0.0,0.0,0.0,93,93,17.3,27.4,0,1.4000000000000057,0.0,6.0,-4.599999999999994,7,0.0,0.0,0.0,0.0,100,100,20.6,31.0,0,8.446974847042824,11,1998,0.816496580927726,149.65994788185648,0.7,89.0,78.1,0,2657,2.092634913003431,134.97260609325284,0.7142857142857143,87.92857142857143,71.71428571428571,-5,2832,2.9033027170218864,127.65474269815961,0.6875,87.1875,63.5,-9,4525,6.8543791594280945,74.44200074829959,0.5245901639344263,82.1311475409836,38.295081967213115,-10,8136,7.608869874546556,93.06735281467108,0.652542372881356,79.21186440677967,46.82203389830509,-25
2025-05-19 18:48:19.644590,139,36640.35541,18.80527777777778,9,13,87,0,-3.0,-0.5999999999999943,0.6000000000000085,-17.099999999999994,-15.899999999999991,4.599999999999994,5.799999999999997,-12.0,-10.799999999999997,0.0,0.0,0.1,1.0,0.1,14,47.9,24.3,49565.81,18391.81,100,19,-1.2000000000000028,0.6000000000000085,4.599999999999994,-5.199999999999989,6,0.0,0.0,0.0,0.0,93,93,17.3,27.4,0,-0.5999999999999943,0.0,4.0,-4.599999999999994,7,0.0,0.0,0.0,0.0,100,100,20.6,31.0,0,-9.299259259259259,13,2007,0.31622776601683794,134.46556767027346,0.0,12.9,72.9,0,2666,0.6399404734221845,118.06830145946797,0.0,13.133333333333333,63.13333333333333,1,2841,0.9464847243000456,115.11762100854355,0.0,13.3125,59.25,3,4534,2.1292244686609876,97.96774898861989,0.043478260869565216,14.521739130434783,51.95652173913044,3,8145,5.362150040909382,69.58102309904766,0.22,18.68,30.54,18
2025-05-19 18:55:25.402638,139,36214.597362,18.92361111111111,50,94,6,1,-5.0,1.4000000000000057,0.6000000000000085,-15.099999999999994,-15.899999999999991,6.599999999999994,5.799999999999997,-10.0,-10.799999999999997,0.0,0.0,0.1,1.0,0.1,14,47.9,24.3,49565.81,18391.81,100,19,0.7999999999999972,0.6000000000000085,6.599999999999994,-5.199999999999989,6,0.0,0.0,0.0,0.0,93,93,17.3,27.4,0,1.4000000000000057,0.0,6.0,-4.599999999999994,7,0.0,0.0,0.0,0.0,100,100,20.6,31.0,0,3.459914893617025,6,107,3.0605010483034745,16.84537523080643,1.0,91.83333333333333,17.833333333333332,1,107,3.0605010483034745,16.84537523080643,1.0,91.83333333333333,17.833333333333332,1,2946,3.102993945945017,112.32344876675191,0.8095238095238095,88.85714285714286,53.42857142857143,-9,4448,7.287992271483714,72.96071458679577,0.578125,83.109375,36.8125,-14,7529,6.51129476060326,94.07318297382233,0.6339285714285714,81.3125,43.830357142857146,-23
2025-05-19 18:55:25.402638,139,36214.597362,18.92361111111111,10,93,7,1,-5.0,1.4000000000000057,0.6000000000000085,-15.099999999999994,-15.899999999999991,6.599999999999994,5.799999999999997,-10.0,-10.799999999999997,0.0,0.0,0.1,1.0,0.1,14,47.9,24.3,49565.81,18391.81,100,19,0.7999999999999972,0.6000000000000085,6.599999999999994,-5.199999999999989,6,0.0,0.0,0.0,0.0,93,93,17.3,27.4,0,1.4000000000000057,0.0,6.0,-4.599999999999994,7,0.0,0.0,0.0,0.0,100,100,20.6,31.0,0,4.4896137339055855,7,107,3.0605010483034745,16.84537523080643,1.0,91.83333333333333,17.833333333333332,1,107,3.0605010483034745,16.84537523080643,1.0,91.83333333333333,17.833333333333332,1,2946,3.102993945945017,112.32344876675191,0.8095238095238095,88.85714285714286,53.42857142857143,-9,4448,7.287992271483714,72.96071458679577,0.578125,83.109375,36.8125,-14,7529,6.51129476060326,94.07318297382233,0.6339285714285714,81.3125,43.830357142857146,-23
2025-05-19 18:55:25.402638,139,36214.597362,18.92361111111111,15,86,14,1,-5.0,1.4000000000000057,0.6000000000000085,-15.099999999999994,-15.899999999999991,6.599999999999994,5.799999999999997,-10.0,-10.799999999999997,0.0,0.0,0.1,1.0,0.1,14,47.9,24.3,49565.81,18391.81,100,19,0.7999999999999972,0.6000000000000085,6.599999999999994,-5.199999999999989,6,0.0,0.0,0.0,0.0,93,93,17.3,27.4,0,1.4000000000000057,0.0,6.0,-4.599999999999994,7,0.0,0.0,0.0,0.0,100,100,20.6,31.0,0,11.497334479793636,14,107,3.0605010483034745,16.84537523080643,1.0,91.83333333333333,17.833333333333332,1,107,3.0605010483034745,16.84537523080643,1.0,91.83333333333333,17.833333333333332,1,2946,3.102993945945017,112.32344876675191,0.8095238095238095,88.85714285714286,53.42857142857143,-9,4448,7.287992271483714,72.96071458679577,0.578125,83.109375,36.8125,-14,7529,6.51129476060326,94.07318297382233,0.6339285714285714,81.3125,43.830357142857146,-23
2025-05-19 18:55:25.402638,139,36214.597362,18.92361111111111,21,94,6,1,-5.0,1.4000000000000057,0.6000000000000085,-15.099999999999994,-15.899999999999991,6.599999999999994,5.799999999999997,-10.0,-10.799999999999997,0.0,0.0,0.1,1.0,0.1,14,47.9,24.3,49565.81,18391.81,100,19,0.7999999999999972,0.6000000000000085,6.599999999999994,-5.199999999999989,6,0.0,0.0,0.0,0.0,93,93,17.3,27.4,0,1.4000000000000057,0.0,6.0,-4.599999999999994,7,0.0,0.0,0.0,0.0,100,100,20.6,31.0,0,3.5270689655172447,6,107,3.0605010483034745,16.84537523080643,1.0,91.83333333333333,17.833333333333332,1,107,3.0605010483034745,16.84537523080643,1.0,91.83333333333333,17.833333333333332,1,2946,3.102993945945017,112.32344876675191,0.8095238095238095,88.85714285714286,53.42857142857143,-9,4448,7.287992271483714,72.96071458679577,0.578125,83.109375,36.8125,-14,7529,6.51129476060326,94.07318297382233,0.6339285714285714,81.3125,43.830357142857146,-23
2025-05-19 18:55:25.402638,139,36214.597362,18.92361111111111,5,91,9,1,-5.0,1.4000000000000057,0.6000000000000085,-15.099999999999994,-15.899999999999991,6.599999999999994,5.799999999999997,-10.0,-10.799999999999997,0.0,0.0,0.1,1.0,0.1,14,47.9,24.3,49565.81,18391.81,100,19,0.7999999999999972,0.6000000000000085,6.599999999999994,-5.199999999999989,6,0.0,0.0,0.0,0.0,93,93,17.3,27.4,0,1.4000000000000057,0.0,6.0,-4.599999999999994,7,0.0,0.0,0.0,0.0,100,100,20.6,31.0,0,6.539885793389857,9,107,3.0605010483034745,16.84537523080643,1.0,91.83333333333333,17.833333333333332,1,107,3.0605010483034745,16.84537523080643,1.0,91.83333333333333,17.833333333333332,1,2946,3.102993945945017,112.32344876675191,0.8095238095238095,88.85714285714286,53.42857142857143,-9,4448,7.287992271483714,72.96071458679577,0.578125,83.109375,36.8125,-14,7529,6.51129476060326,94.07318297382233,0.6339285714285714,81.3125,43.830357142857146,-23
2025-05-19 18:55:25.402638,139,36214.597362,18.92361111111111,6,93,7,1,-5.0,1.4000000000000057,0.6000000000000085,-15.099999999999994,-15.899999999999991,6.599999999999994,5.799999999999997,-10.0,-10.799999999999997,0.0,0.0,0.1,1.0,0.1,14,47.9,24.3,49565.81,18391.81,100,19,0.7999999999999972,0.6000000000000085,6.599999999999994,-5.199999999999989,6,0.0,0.0,0.0,0.0,93,93,17.3,27.4,0,1.4000000000000057,0.0,6.0,-4.599999999999994,7,0.0,0.0,0.0,0.0,100,100,20.6,31.0,0,4.545549012816068,7,107,3.0605010483034745,16.84537523080643,1.0,91.83333333333333,17.833333333333332,1,107,3.0605010483034745,16.84537523080643,1.0,91.83333333333333,17.833333333333332,1,2946,3.102993945945017,112.32344876675191,0.8095238095238095,88.85714285714286,53.42857142857143,-9,4448,7.287992271483714,72.96071458679577,0.578125,83.109375,36.8125,-14,7529,6.51129476060326,94.07318297382233,0.6339285714285714,81.3125,43.830357142857146,-23
2025-05-19 18:55:25.488327,139,36214.511673,18.92361111111111,1,13,87,0,-3.0,-0.5999999999999943,0.6000000000000085,-17.099999999999994,-15.899999999999991,4.599999999999994,5.799999999999997,-12.0,-10.799999999999997,0.0,0.0,0.1,1.0,0.1,14,47.9,24.3,49565.81,18391.81,100,19,-1.2000000000000028,0.6000000000000085,4.599999999999994,-5.199999999999989,6,0.0,0.0,0.0,0.0,93,93,17.3,27.4,0,-0.5999999999999943,0.0,4.0,-4.599999999999994,7,0.0,0.0,0.0,0.0,100,100,20.6,31.0,0,-9.361670395227435,13,117,1.1547005383792515,3.0,0.0,12.0,2.5,2,117,1.1547005383792515,3.0,0.0,12.0,2.5,2,2956,0.8752610304046612,107.18582541358089,0.0,12.894736842105264,50.36842105263158,3,4458,2.217355782608345,95.29449092156378,0.04,14.0,45.96,7,7539,5.456773786198091,67.3169672079341,0.2037037037037037,18.185185185185187,28.462962962962962,20
2025-05-19 18:55:25.488327,139,36214.511673,18.92361111111111,1,13,87,0,-3.0,-0.5999999999999943,0.6000000000000085,-17.099999999999994,-15.899999999999991,4.599999999999994,5.799999999999997,-12.0,-10.799999999999997,0.0,0.0,0.1,1.0,0.1,14,47.9,24.3,49565.81,18391.81,100,19,-1.2000000000000028,0.6000000000000085,4.599999999999994,-5.199999999999989,6,0.0,0.0,0.0,0.0,93,93,17.3,27.4,0,-0.5999999999999943,0.0,4.0,-4.599999999999994,7,0.0,0.0,0.0,0.0,100,100,20.6,31.0,0,-9.368656716417917,13,117,1.1547005383792515,3.0,0.0,12.0,2.5,2,117,1.1547005383792515,3.0,0.0,12.0,2.5,2,2956,0.8752610304046612,107.18582541358089,0.0,12.894736842105264,50.36842105263158,3,4458,2.217355782608345,95.29449092156378,0.04,14.0,45.96,7,7539,5.456773786198091,67.3169672079341,0.2037037037037037,18.185185185185187,28.462962962962962,20
2025-05-19 18:55:25.488327,139,36214.511673,18.92361111111111,1,11,89,0,-3.0,-0.5999999999999943,0.6000000000000085,-17.099999999999994,-15.899999999999991,4.599999999999994,5.799999999999997,-12.0,-10.799999999999997,0.0,0.0,0.1,1.0,0.1,14,47.9,24.3,49565.81,18391.81,100,19,-1.2000000000000028,0.6000000000000085,4.599999999999994,-5.199999999999989,6,0.0,0.0,0.0,0.0,93,93,17.3,27.4,0,-0.5999999999999943,0.0,4.0,-4.599999999999994,7,0.0,0.0,0.0,0.0,100,100,20.6,31.0,0,-7.375653472740851,11,117,1.1547005383792515,3.0,0.0,12.0,2.5,2,117,1.1547005383792515,3.0,0.0,12.0,2.5,2,2956,0.8752610304046612,107.18582541358089,0.0,12.894736842105264,50.36842105263158,3,4458,2.217355782608345,95.29449092156378,0.04,14.0,45.96,7,7539,5.456773786198091,67.3169672079341,0.2037037037037037,18.185185185185187,28.462962962962962,20
2025-05-19 18:55:25.488327,139,36214.511673,18.92361111111111,7,11,89,0,-3.0,-0.5999999999999943,0.6000000000000085,-17.099999999999994,-15.899999999999991,4.599999999999994,5.799999999999997,-12.0,-10.799999999999997,0.0,0.0,0.1,1.0,0.1,14,47.9,24.3,49565.81,18391.81,100,19,-1.2000000000000028,0.6000000000000085,4.599999999999994,-5.199999999999989,6,0.0,0.0,0.0,0.0,93,93,17.3,27.4,0,-0.5999999999999943,0.0,4.0,-4.599999999999994,7,0.0,0.0,0.0,0.0,100,100,20.6,31.0,0,-7.381165919282509,11,117,1.1547005383792515,3.0,0.0,12.0,2.5,2,117,1.1547005383792515,3.0,0.0,12.0,2.5,2,2956,0.8752610304046612,107.18582541358089,0.0,12.894736842105264,50.36842105263158,3,4458,2.217355782608345,95.29449092156378,0.04,14.0,45.96,7,7539,5.456773786198091,67.3169672079341,0.2037037037037037,18.185185185185187,28.462962962962962,20
2025-05-19 19:00:48.781315,139,35891.218685,19.013333333333332,2,10,90,0,-3.0,-0.5999999999999943,0.0,-17.099999999999994,-16.5,4.599999999999994,5.199999999999989,-12.0,-11.400000000000006,0.0,0.0,0.1,1.0,0.1,14,47.9,24.3,49565.81,18391.81,100,19,-0.5999999999999943,0.0,4.0,-4.599999999999994,7,0.0,0.0,0.0,0.0,100,100,20.6,31.0,0,-3.299999999999997,2.700000000000003,0.09999999999999432,-0.6999999999999886,6,0.0,0.0,0.0,0.0,99,99,24.3,40.0,0,-6.419984973703976,10,2,,,0.0,10.0,2.0,0,2,,,0.0,10.0,2.0,0,2771,1.0568628408301075,107.2106196188807,0.0,12.68421052631579,50.31578947368421,4,4139,2.1931712199461306,95.4716362766101,0.04,13.68,43.0,9,7410,4.224212545694839,71.0369871693563,0.22916666666666666,16.666666666666668,29.791666666666668,14
2025-05-19 19:05:20.780528,139,35619.219472,19.08888888888889,1,10,90,0,-3.0,-0.5999999999999943,0.0,-17.099999999999994,-16.5,4.599999999999994,5.199999999999989,-12.0,-11.400000000000006,0.0,0.0,0.1,1.0,0.1,14,47.9,24.3,49565.81,18391.81,100,19,-0.5999999999999943,0.0,4.0,-4.599999999999994,7,0.0,0.0,0.0,0.0,100,100,20.6,31.0,0,-3.299999999999997,2.700000000000003,0.09999999999999432,-0.6999999999999886,6,0.0,0.0,0.0,0.0,99,99,24.3,40.0,0,-6.4296463506395725,10,2,0.0,0.0,0.0,10.0,1.0,0,4,0.0,0.5773502691896257,0.0,10.0,1.3333333333333333,0,121,1.3451854182690983,2.23606797749979,0.0,11.142857142857142,2.0,3,4089,2.0788310324647505,93.92164492072838,0.0,13.192307692307692,41.34615384615385,8,7359,4.342481186734475,69.80519833282987,0.22,16.4,28.64,14
2025-05-19 19:05:20.780528,139,35619.219472,19.08888888888889,1,10,90,0,-3.0,-0.5999999999999943,0.0,-17.099999999999994,-16.5,4.599999999999994,5.199999999999989,-12.0,-11.400000000000006,0.0,0.0,0.1,1.0,0.1,14,47.9,24.3,49565.81,18391.81,100,19,-0.5999999999999943,0.0,4.0,-4.599999999999994,7,0.0,0.0,0.0,0.0,100,100,20.6,31.0,0,-3.299999999999997,2.700000000000003,0.09999999999999432,-0.6999999999999886,6,0.0,0.0,0.0,0.0,99,99,24.3,40.0,0,-6.4344879518072275,10,2,0.0,0.0,0.0,10.0,1.0,0,4,0.0,0.5773502691896257,0.0,10.0,1.3333333333333333,0,121,1.3451854182690983,2.23606797749979,0.0,11.142857142857142,2.0,3,4089,2.0788310324647505,93.92164492072838,0.0,13.192307692307692,41.34615384615385,8,7359,4.342481186734475,69.80519833282987,0.22,16.4,28.64,14
2025-05-19 19:05:49.725460,139,35590.27454,19.096944444444443,1,10,90,0,-3.0,-0.5999999999999943,0.0,-17.099999999999994,-16.5,4.599999999999994,5.199999999999989,-12.0,-11.400000000000006,0.0,0.0,0.1,1.0,0.1,14,47.9,24.3,49565.81,18391.81,100,19,-0.5999999999999943,0.0,4.0,-4.599999999999994,7,0.0,0.0,0.0,0.0,100,100,20.6,31.0,0,-3.299999999999997,2.700000000000003,0.09999999999999432,-0.6999999999999886,6,0.0,0.0,0.0,0.0,99,99,24.3,40.0,0,-6.439336850037677,10,181,1.9493588689617927,78.15177541169491,0.0,8.6,36.2,4,181,1.9493588689617927,78.15177541169491,0.0,8.6,36.2,4,300,2.2335820757001272,55.08992648388632,0.0,10.1,19.3,7,4268,2.6647673860348258,92.91611238577892,0.0,12.620689655172415,43.241379310344826,12,7530,4.5346595522599,72.1582302726337,0.17647058823529413,15.607843137254902,31.431372549019606,20
2025-05-19 19:05:49.725460,139,35590.27454,19.096944444444443,2,7,93,0,-3.0,-0.5999999999999943,0.0,-17.099999999999994,-16.5,4.599999999999994,5.199999999999989,-12.0,-11.400000000000006,0.0,0.0,0.1,1.0,0.1,14,47.9,24.3,49565.81,18391.81,100,19,-0.5999999999999943,0.0,4.0,-4.599999999999994,7,0.0,0.0,0.0,0.0,100,100,20.6,31.0,0,-3.299999999999997,2.700000000000003,0.09999999999999432,-0.6999999999999886,6,0.0,0.0,0.0,0.0,99,99,24.3,40.0,0,-3.4441930618401244,7,181,1.9493588689617927,78.15177541169491,0.0,8.6,36.2,4,181,1.9493588689617927,78.15177541169491,0.0,8.6,36.2,4,300,2.2335820757001272,55.08992648388632,0.0,10.1,19.3,7,4268,2.6647673860348258,92.91611238577892,0.0,12.620689655172415,43.241379310344826,12,7530,4.5346595522599,72.1582302726337,0.17647058823529413,15.607843137254902,31.431372549019606,20
2025-05-19 19:05:49.725460,139,35590.27454,19.096944444444443,176,6,94,0,-3.0,-0.5999999999999943,0.0,-17.099999999999994,-16.5,4.599999999999994,5.199999999999989,-12.0,-11.400000000000006,0.0,0.0,0.1,1.0,0.1,14,47.9,24.3,49565.81,18391.81,100,19,-0.5999999999999943,0.0,4.0,-4.599999999999994,7,0.0,0.0,0.0,0.0,100,100,20.6,31.0,0,-3.299999999999997,2.700000000000003,0.09999999999999432,-0.6999999999999886,6,0.0,0.0,0.0,0.0,99,99,24.3,40.0,0,-2.449395770392755,6,181,1.9493588689617927,78.15177541169491,0.0,8.6,36.2,4,181,1.9493588689617927,78.15177541169491,0.0,8.6,36.2,4,300,2.2335820757001272,55.08992648388632,0.0,10.1,19.3,7,4268,2.6647673860348258,92.91611238577892,0.0,12.620689655172415,43.241379310344826,12,7530,4.5346595522599,72.1582302726337,0.17647058823529413,15.607843137254902,31.431372549019606,20
2025-05-19 19:07:13.436771,139,35506.563229,19.12027777777778,8,89,11,1,-5.0,1.4000000000000057,0.0,-15.099999999999994,-16.5,6.599999999999994,5.199999999999989,-10.0,-11.400000000000006,0.0,0.0,0.1,1.0,0.1,14,47.9,24.3,49565.81,18391.81,100,19,1.4000000000000057,0.0,6.0,-4.599999999999994,7,0.0,0.0,0.0,0.0,100,100,20.6,31.0,0,-1.2999999999999972,2.700000000000003,2.0999999999999943,-0.6999999999999886,6,0.0,0.0,0.0,0.0,99,99,24.3,40.0,0,8.550277392510395,11,209,2.081665999466133,4.163331998932265,1.0,89.66666666666667,9.333333333333334,1,209,2.081665999466133,4.163331998932265,1.0,89.66666666666667,9.333333333333334,1,328,2.848001248439177,14.13329402510257,1.0,91.11111111111111,15.0,6,4133,6.983030278067451,74.31568580870393,0.6440677966101694,84.40677966101696,34.152542372881356,-16,7540,6.4420738939898685,93.68896158773518,0.6371681415929203,81.73451327433628,43.575221238938056,-19
2025-05-19 19:07:13.436771,139,35506.563229,19.12027777777778,6,92,8,1,-5.0,1.4000000000000057,0.0,-15.099999999999994,-16.5,6.599999999999994,5.199999999999989,-10.0,-11.400000000000006,0.0,0.0,0.1,1.0,0.1,14,47.9,24.3,49565.81,18391.81,100,19,1.4000000000000057,0.0,6.0,-4.599999999999994,7,0.0,0.0,0.0,0.0,100,100,20.6,31.0,0,-1.2999999999999972,2.700000000000003,2.0999999999999943,-0.6999999999999886,6,0.0,0.0,0.0,0.0,99,99,24.3,40.0,0,5.562152777777783,8,209,2.081665999466133,4.163331998932265,1.0,89.66666666666667,9.333333333333334,1,209,2.081665999466133,4.163331998932265,1.0,89.66666666666667,9.333333333333334,1,328,2.848001248439177,14.13329402510257,1.0,91.11111111111111,15.0,6,4133,6.983030278067451,74.31568580870393,0.6440677966101694,84.40677966101696,34.152542372881356,-16,7540,6.4420738939898685,93.68896158773518,0.6371681415929203,81.73451327433628,43.575221238938056,-19
2025-05-19 19:07:13.436771,139,35506.563229,19.12027777777778,14,88,12,1,-5.0,1.4000000000000057,0.0,-15.099999999999994,-16.5,6.599999999999994,5.199999999999989,-10.0,-11.400000000000006,0.0,0.0,0.1,1.0,0.1,14,47.9,24.3,49565.81,18391.81,100,19,1.4000000000000057,0.0,6.0,-4.599999999999994,7,0.0,0.0,0.0,0.0,100,100,20.6,31.0,0,-1.2999999999999972,2.700000000000003,2.0999999999999943,-0.6999999999999886,6,0.0,0.0,0.0,0.0,99,99,24.3,40.0,0,9.567952728536667,12,209,2.081665999466133,4.163331998932265,1.0,89.66666666666667,9.333333333333334,1,209,2.081665999466133,4.163331998932265,1.0,89.66666666666667,9.333333333333334,1,328,2.848001248439177,14.13329402510257,1.0,91.11111111111111,15.0,6,4133,6.983030278067451,74.31568580870393,0.6440677966101694,84.40677966101696,34.152542372881356,-16,7540,6.4420738939898685,93.68896158773518,0.6371681415929203,81.73451327433628,43.575221238938056,-19
2025-05-19 19:09:47.422094,139,35352.577906,19.163055555555555,50,9,91,1,-3.0,-0.5999999999999943,0.0,-17.099999999999994,-16.5,4.599999999999994,5.199999999999989,-12.0,-11.400000000000006,0.0,0.0,0.1,1.0,0.1,14,47.9,24.3,49565.81,18391.81,100,19,-0.5999999999999943,0.0,4.0,-4.599999999999994,7,0.0,0.0,0.0,0.0,100,100,20.6,31.0,0,-3.299999999999997,2.700000000000003,0.09999999999999432,-0.6999999999999886,6,0.0,0.0,0.0,0.0,99,99,24.3,40.0,0,-5.824912891986063,-9,50,,,1.0,9.0,50.0,0,259,1.7511900715418263,70.12774058815812,0.16666666666666666,8.666666666666666,38.5,1,378,2.1447610589527217,53.07627444622417,0.09090909090909091,10.0,22.09090909090909,4,4182,2.5369195082093174,92.73988997253677,0.034482758620689655,12.310344827586206,44.51724137931034,7,7589,4.142413769378271,72.7823846147135,0.16,15.06,32.7,13
2025-05-19 19:10:20.585981,139,35319.414019,19.172222222222224,17,92,8,0,-5.0,1.4000000000000057,0.0,-15.099999999999994,-16.5,6.599999999999994,5.199999999999989,-10.0,-11.400000000000006,0.0,0.0,0.1,1.0,0.1,14,47.9,24.3,49565.81,18391.81,100,19,1.4000000000000057,0.0,6.0,-4.599999999999994,7,0.0,0.0,0.0,0.0,100,100,20.6,31.0,0,-1.2999999999999972,2.700000000000003,2.0999999999999943,-0.6999999999999886,6,0.0,0.0,0.0,0.0,99,99,24.3,40.0,0,5.591289198606276,-8,67,,,0.0,92.0,17.0,0,276,2.0615528128088303,5.123475382979799,0.75,90.25,11.25,-3,395,2.699794230842212,13.339998334166145,0.9,91.2,15.2,2,4199,6.854631508340717,74.22175612586884,0.6440677966101694,84.7457627118644,34.42372881355932,-20,7606,6.485171123123602,93.30669089320524,0.631578947368421,81.82456140350877,43.3421052631579,-23
2025-05-19 19:11:46.916605,139,35233.083395,19.19611111111111,40,86,14,0,-5.0,1.4000000000000057,0.0,-15.099999999999994,-16.5,6.599999999999994,5.199999999999989,-10.0,-11.400000000000006,0.0,0.0,0.1,1.0,0.1,14,47.9,24.3,49565.81,18391.81,100,19,1.4000000000000057,0.0,6.0,-4.599999999999994,7,0.0,0.0,0.0,0.0,100,100,20.6,31.0,0,-1.2999999999999972,2.700000000000003,2.0999999999999943,-0.6999999999999886,6,0.0,0.0,0.0,0.0,99,99,24.3,40.0,0,11.607897955617688,-14,141,3.7859388972001824,11.930353445448855,0.0,87.66666666666667,30.333333333333332,7,169,2.943920288775949,14.005951116102993,0.5,88.66666666666667,19.833333333333332,4,352,2.943920288775949,14.005951116102993,0.5,88.66666666666667,19.833333333333332,4,4273,6.741398081068326,72.97776441054258,0.6229508196721312,84.77049180327869,34.50819672131148,-13,7680,6.4468010964982545,92.49633203149386,0.6206896551724138,81.88793103448276,43.23275862068966,-16
2025-05-19 19:11:46.916605,139,35233.083395,19.19611111111111,34,85,15,0,-5.0,1.4000000000000057,0.0,-15.099999999999994,-16.5,6.599999999999994,5.199999999999989,-10.0,-11.400000000000006,0.0,0.0,0.1,1.0,0.1,14,47.9,24.3,49565.81,18391.81,100,19,1.4000000000000057,0.0,6.0,-4.599999999999994,7,0.0,0.0,0.0,0.0,100,100,20.6,31.0,0,-1.2999999999999972,2.700000000000003,2.0999999999999943,-0.6999999999999886,6,0.0,0.0,0.0,0.0,99,99,24.3,40.0,0,12.689600563082877,-15,141,3.7859388972001824,11.930353445448855,0.0,87.66666666666667,30.333333333333332,7,169,2.943920288775949,14.005951116102993,0.5,88.66666666666667,19.833333333333332,4,352,2.943920288775949,14.005951116102993,0.5,88.66666666666667,19.833333333333332,4,4273,6.741398081068326,72.97776441054258,0.6229508196721312,84.77049180327869,34.50819672131148,-13,7680,6.4468010964982545,92.49633203149386,0.6206896551724138,81.88793103448276,43.23275862068966,-16
2025-05-19 19:17:25.708895,139,34894.291105,19.290277777777778,14,88,12,1,-5.0,1.4000000000000057,0.0,-15.099999999999994,-16.5,6.599999999999994,5.199999999999989,-10.0,-11.400000000000006,0.0,0.0,0.1,1.0,0.1,14,47.9,24.3,49565.81,18391.81,100,19,1.4000000000000057,0.0,6.0,-4.599999999999994,7,0.0,0.0,0.0,0.0,100,100,20.6,31.0,0,-1.2999999999999972,2.700000000000003,2.0999999999999943,-0.6999999999999886,6,0.0,0.0,0.0,0.0,99,99,24.3,40.0,0,9.765976278987438,12,18,2.8284271247461903,7.0710678118654755,1.0,90.0,9.0,-4,18,2.8284271247461903,7.0710678118654755,1.0,90.0,9.0,-4,368,2.7774602993176543,13.130526047562386,0.625,89.0,17.125,-3,4036,5.32678953186551,73.05404495104479,0.7017543859649122,86.35087719298245,32.771929824561404,-21,7615,6.3226586175439685,92.59685597325611,0.6206896551724138,82.24137931034483,42.69827586206897,-12
2025-05-19 19:17:25.708895,139,34894.291105,19.290277777777778,4,92,8,1,-5.0,1.4000000000000057,0.0,-15.099999999999994,-16.5,6.599999999999994,5.199999999999989,-10.0,-11.400000000000006,0.0,0.0,0.1,1.0,0.1,14,47.9,24.3,49565.81,18391.81,100,19,1.4000000000000057,0.0,6.0,-4.599999999999994,7,0.0,0.0,0.0,0.0,100,100,20.6,31.0,0,-1.2999999999999972,2.700000000000003,2.0999999999999943,-0.6999999999999886,6,0.0,0.0,0.0,0.0,99,99,24.3,40.0,0,5.790239574090506,8,18,2.8284271247461903,7.0710678118654755,1.0,90.0,9.0,-4,18,2.8284271247461903,7.0710678118654755,1.0,90.0,9.0,-4,368,2.7774602993176543,13.130526047562386,0.625,89.0,17.125,-3,4036,5.32678953186551,73.05404495104479,0.7017543859649122,86.35087719298245,32.771929824561404,-21,7615,6.3226586175439685,92.59685597325611,0.6206896551724138,82.24137931034483,42.69827586206897,-12
2025-05-19 19:20:58.987354,139,34681.012646,19.349444444444444,13,89,11,1,-5.0,1.4000000000000057,0.0,-15.099999999999994,-16.5,6.599999999999994,5.199999999999989,-10.0,-11.400000000000006,0.0,0.0,0.1,1.0,0.1,14,47.9,24.3,49565.81,18391.81,100,19,1.4000000000000057,0.0,6.0,-4.599999999999994,7,0.0,0.0,0.0,0.0,100,100,20.6,31.0,0,-1.2999999999999972,2.700000000000003,2.0999999999999943,-0.6999999999999886,6,0.0,0.0,0.0,0.0,99,99,24.3,40.0,0,8.794352690463512,11,13,,,1.0,89.0,13.0,0,31,2.0816659994661326,5.507570547286102,1.0,89.66666666666667,10.333333333333334,-1,200,2.598076211353316,12.359207094308275,0.6666666666666666,89.0,16.666666666666668,0,3927,4.66082293594721,74.72278373765155,0.7222222222222222,87.11111111111111,34.425925925925924,-5,7628,6.326279286280089,92.23774046605612,0.6239316239316239,82.2991452991453,42.44444444444444,-9
2025-05-19 19:29:44.533019,139,34155.466981,19.495555555555555,13,90,10,1,-5.0,1.4000000000000057,0.0,-15.099999999999994,-16.5,6.599999999999994,5.199999999999989,-10.0,-11.400000000000006,0.0,0.0,0.1,1.0,0.1,14,47.9,24.3,49565.81,18391.81,100,19,1.4000000000000057,0.0,6.0,-4.599999999999994,7,0.0,0.0,0.0,0.0,100,100,20.6,31.0,0,-1.2999999999999972,2.700000000000003,2.0999999999999943,-0.6999999999999886,6,0.0,0.0,0.0,0.0,99,99,24.3,40.0,0,7.814702741189038,10,13,,,1.0,90.0,13.0,0,13,,,1.0,90.0,13.0,0,44,1.707825127659933,4.69041575982343,1.0,89.75,11.0,-2,3354,3.2389701170827183,92.36828023487493,0.75,88.65625,40.1875,-10,7474,6.269696237385899,94.90745459366126,0.6090909090909091,82.7090909090909,43.77272727272727,-8
2025-05-19 19:30:19.690553,139,34120.309447,19.505277777777778,18,93,7,1,-5.0,1.4000000000000057,0.0,-15.099999999999994,-16.5,6.599999999999994,5.199999999999989,-10.0,-11.400000000000006,0.0,0.0,0.1,1.0,0.1,14,47.9,24.3,49565.81,18391.81,100,19,1.4000000000000057,0.0,6.0,-4.599999999999994,7,0.0,0.0,0.0,0.0,100,100,20.6,31.0,0,-1.2999999999999972,2.700000000000003,2.0999999999999943,-0.6999999999999886,6,0.0,0.0,0.0,0.0,99,99,24.3,40.0,0,4.832827832292594,7,31,2.1213203435596424,3.5355339059327378,1.0,91.5,15.5,-3,31,2.1213203435596424,3.5355339059327378,1.0,91.5,15.5,-3,62,2.073644135332772,5.128352561983234,1.0,90.4,12.4,-5,3372,3.276407863018352,90.99557723184999,0.7575757575757576,88.78787878787878,39.515151515151516,-13,7417,6.3171049465569995,94.50673701659233,0.6126126126126126,82.8018018018018,43.54054054054054,-11
2025-05-19 19:30:25.234144,139,34114.765856,19.506944444444443,4,93,7,0,-5.0,1.4000000000000057,0.0,-15.099999999999994,-16.5,6.599999999999994,5.199999999999989,-10.0,-11.400000000000006,0.0,0.0,0.1,1.0,0.1,14,47.9,24.3,49565.81,18391.81,100,19,1.4000000000000057,0.0,6.0,-4.599999999999994,7,0.0,0.0,0.0,0.0,100,100,20.6,31.0,0,-1.2999999999999972,2.700000000000003,2.0999999999999943,-0.6999999999999886,6,0.0,0.0,0.0,0.0,99,99,24.3,40.0,0,4.848398066941115,-7,46,1.5,5.802298395176403,0.5,92.25,11.5,-3,46,1.5,5.802298395176403,0.5,92.25,11.5,-3,77,2.1157009420498154,5.228129047119374,0.7142857142857143,91.14285714285714,11.0,-5,3387,3.329774010046807,88.60413329509403,0.7142857142857143,89.02857142857142,37.68571428571428,-13,7432,6.404493819751203,93.7818483619003,0.6017699115044248,82.98230088495575,42.902654867256636,-11
2025-05-19 19:30:25.234144,139,34114.765856,19.506944444444443,11,93,7,0,-5.0,1.4000000000000057,0.0,-15.099999999999994,-16.5,6.599999999999994,5.199999999999989,-10.0,-11.400000000000006,0.0,0.0,0.1,1.0,0.1,14,47.9,24.3,49565.81,18391.81,100,19,1.4000000000000057,0.0,6.0,-4.599999999999994,7,0.0,0.0,0.0,0.0,100,100,20.6,31.0,0,-1.2999999999999972,2.700000000000003,2.0999999999999943,-0.6999999999999886,6,0.0,0.0,0.0,0.0,99,99,24.3,40.0,0,4.851871753537523,-7,46,1.5,5.802298395176403,0.5,92.25,11.5,-3,46,1.5,5.802298395176403,0.5,92.25,11.5,-3,77,2.1157009420498154,5.228129047119374,0.7142857142857143,91.14285714285714,11.0,-5,3387,3.329774010046807,88.60413329509403,0.7142857142857143,89.02857142857142,37.68571428571428,-13,7432,6.404493819751203,93.7818483619003,0.6017699115044248,82.98230088495575,42.902654867256636,-11
2025-05-19 19:30:26.133454,139,34113.866546,19.50722222222222,15,93,7,0,-5.0,1.4000000000000057,0.0,-15.099999999999994,-16.5,6.599999999999994,5.199999999999989,-10.0,-11.400000000000006,0.0,0.0,0.1,1.0,0.1,14,47.9,24.3,49565.81,18391.81,100,19,1.4000000000000057,0.0,6.0,-4.599999999999994,7,0.0,0.0,0.0,0.0,100,100,20.6,31.0,0,-1.2999999999999972,2.700000000000003,2.0999999999999943,-0.6999999999999886,6,0.0,0.0,0.0,0.0,99,99,24.3,40.0,0,4.861450107681264,-7,61,1.3416407864998738,5.263078946776307,0.4,92.4,12.2,-3,61,1.3416407864998738,5.263078946776307,0.4,92.4,12.2,-3,92,2.065879266282796,5.0426750270636544,0.625,91.375,11.5,-5,3402,3.347944168998366,87.41099781882448,0.6944444444444444,89.13888888888889,37.05555555555556,-13,7447,6.44475405552497,93.40252871710638,0.5964912280701754,83.0701754385965,42.6578947368421,-11
2025-05-19 19:31:24.257115,139,34055.742885,19.523333333333333,326,5,95,0,-3.0,-0.5999999999999943,0.0,-17.099999999999994,-16.5,4.599999999999994,5.199999999999989,-12.0,-11.400000000000006,0.0,0.0,0.1,1.0,0.1,14,47.9,24.3,49565.81,18391.81,100,19,-0.5999999999999943,0.0,4.0,-4.599999999999994,7,0.0,0.0,0.0,0.0,100,100,20.6,31.0,0,-3.299999999999997,2.700000000000003,0.09999999999999432,-0.6999999999999886,6,0.0,0.0,0.0,0.0,99,99,24.3,40.0,0,-2.0901639344262293,5,387,,,0.0,5.0,326.0,0,387,,,0.0,5.0,326.0,0,418,,,0.0,5.0,326.0,0,3728,2.5655429409796637,107.59597045030476,0.03571428571428571,11.714285714285714,54.17857142857143,11,7768,3.923484194309506,90.12073782853523,0.11904761904761904,13.857142857142858,44.642857142857146,17
2025-05-19 19:36:47.442608,139,33732.557392,19.613055555555558,11,91,9,1,-5.0,1.4000000000000057,0.0,-15.099999999999994,-16.5,6.599999999999994,5.199999999999989,-10.0,-11.400000000000006,0.0,0.0,0.1,1.0,0.1,14,47.9,24.3,49565.81,18391.81,100,19,1.4000000000000057,0.0,6.0,-4.599999999999994,7,0.0,0.0,0.0,0.0,100,100,20.6,31.0,0,-1.2999999999999972,2.700000000000003,2.0999999999999943,-0.6999999999999886,6,0.0,0.0,0.0,0.0,99,99,24.3,40.0,0,6.87457261112111,9,11,,,1.0,91.0,11.0,0,11,,,1.0,91.0,11.0,0,398,1.3291601358251257,4.732863826479693,0.5,92.16666666666667,12.0,-1,3737,2.970756944853756,87.30897515637864,0.7222222222222222,89.44444444444444,37.333333333333336,-7,6776,6.5265496236895055,82.41888754974876,0.5533980582524272,83.66990291262135,37.58252427184466,-10
2025-05-19 19:37:18.168525,139,33701.831475,19.621666666666666,1,91,9,1,-5.0,1.4000000000000057,0.0,-15.099999999999994,-16.5,6.599999999999994,5.199999999999989,-10.0,-11.400000000000006,0.0,0.0,0.1,1.0,0.1,14,47.9,24.3,49565.81,18391.81,100,19,1.4000000000000057,0.0,6.0,-4.599999999999994,7,0.0,0.0,0.0,0.0,100,100,20.6,31.0,0,-1.2999999999999972,2.700000000000003,2.0999999999999943,-0.6999999999999886,6,0.0,0.0,0.0,0.0,99,99,24.3,40.0,0,6.8882077172737155,9,12,0.0,7.0710678118654755,1.0,91.0,6.0,0,12,0.0,7.0710678118654755,1.0,91.0,6.0,0,399,1.2909944487358056,5.99603043290984,0.5714285714285714,92.0,10.428571428571429,-1,3738,2.940347878337807,86.29478425600118,0.7297297297297297,89.48648648648648,36.351351351351354,-7,6777,6.534442269464541,82.09622944278821,0.5576923076923077,83.74038461538461,37.23076923076923,-10
2025-05-19 19:37:33.161561,139,33686.838439,19.625833333333333,204,4,96,0,-3.0,-0.5999999999999943,0.0,-17.099999999999994,-16.5,4.599999999999994,5.199999999999989,-12.0,-11.400000000000006,0.0,0.0,0.1,1.0,0.1,14,47.9,24.3,49565.81,18391.81,100,19,-0.5999999999999943,0.0,4.0,-4.599999999999994,7,0.0,0.0,0.0,0.0,100,100,20.6,31.0,0,-3.299999999999997,2.700000000000003,0.09999999999999432,-0.6999999999999886,6,0.0,0.0,0.0,0.0,99,99,24.3,40.0,0,-1.9727979274611442,4,219,0.5,101.5,0.0,4.75,51.75,-1,219,0.5,101.5,0.0,4.75,51.75,-1,606,0.44721359549995787,150.89499660359849,0.0,4.8,106.6,0,3945,3.2699347269142196,106.55476657367277,0.03225806451612903,10.67741935483871,55.58064516129032,9,6978,4.557787835309013,89.94848767368248,0.10869565217391304,13.065217391304348,45.26086956521739,17
2025-05-19 19:37:33.161561,139,33686.838439,19.625833333333333,1,5,95,0,-3.0,-0.5999999999999943,0.0,-17.099999999999994,-16.5,4.599999999999994,5.199999999999989,-12.0,-11.400000000000006,0.0,0.0,0.1,1.0,0.1,14,47.9,24.3,49565.81,18391.81,100,19,-0.5999999999999943,0.0,4.0,-4.599999999999994,7,0.0,0.0,0.0,0.0,100,100,20.6,31.0,0,-3.299999999999997,2.700000000000003,0.09999999999999432,-0.6999999999999886,6,0.0,0.0,0.0,0.0,99,99,24.3,40.0,0,-3.6813380281690087,5,219,0.5,101.5,0.0,4.75,51.75,-1,219,0.5,101.5,0.0,4.75,51.75,-1,606,0.44721359549995787,150.89499660359849,0.0,4.8,106.6,0,3945,3.2699347269142196,106.55476657367277,0.03225806451612903,10.67741935483871,55.58064516129032,9,6978,4.557787835309013,89.94848767368248,0.10869565217391304,13.065217391304348,45.26086956521739,17
2025-05-19 19:37:33.161561,139,33686.838439,19.625833333333333,1,5,95,0,-3.0,-0.5999999999999943,0.0,-17.099999999999994,-16.5,4.599999999999994,5.199999999999989,-12.0,-11.400000000000006,0.0,0.0,0.1,1.0,0.1,14,47.9,24.3,49565.81,18391.81,100,19,-0.5999999999999943,0.0,4.0,-4.599999999999994,7,0.0,0.0,0.0,0.0,100,100,20.6,31.0,0,-3.299999999999997,2.700000000000003,0.09999999999999432,-0.6999999999999886,6,0.0,0.0,0.0,0.0,99,99,24.3,40.0,0,-3.687830687830683,5,219,0.5,101.5,0.0,4.75,51.75,-1,219,0.5,101.5,0.0,4.75,51.75,-1,606,0.44721359549995787,150.89499660359849,0.0,4.8,106.6,0,3945,3.2699347269142196,106.55476657367277,0.03225806451612903,10.67741935483871,55.58064516129032,9,6978,4.557787835309013,89.94848767368248,0.10869565217391304,13.065217391304348,45.26086956521739,17
2025-05-19 19:37:33.161561,139,33686.838439,19.625833333333333,1,5,95,0,-3.0,-0.5999999999999943,0.0,-17.099999999999994,-16.5,4.599999999999994,5.199999999999989,-12.0,-11.400000000000006,0.0,0.0,0.1,1.0,0.1,14,47.9,24.3,49565.81,18391.81,100,19,-0.5999999999999943,0.0,4.0,-4.599999999999994,7,0.0,0.0,0.0,0.0,100,100,20.6,31.0,0,-3.299999999999997,2.700000000000003,0.09999999999999432,-0.6999999999999886,6,0.0,0.0,0.0,0.0,99,99,24.3,40.0,0,-3.6943462897526445,5,219,0.5,101.5,0.0,4.75,51.75,-1,219,0.5,101.5,0.0,4.75,51.75,-1,606,0.44721359549995787,150.89499660359849,0.0,4.8,106.6,0,3945,3.2699347269142196,106.55476657367277,0.03225806451612903,10.67741935483871,55.58064516129032,9,6978,4.557787835309013,89.94848767368248,0.10869565217391304,13.065217391304348,45.26086956521739,17
2025-05-19 19:40:21.195902,139,33518.804098,19.6725,1,91,9,0,-5.0,1.4000000000000057,0.0,-15.099999999999994,-16.5,6.599999999999994,5.199999999999989,-10.0,-11.400000000000006,0.0,0.0,0.1,1.0,0.1,14,47.9,24.3,49565.81,18391.81,100,19,1.4000000000000057,0.0,6.0,-4.599999999999994,7,0.0,0.0,0.0,0.0,100,100,20.6,31.0,0,-1.2999999999999972,2.700000000000003,2.0999999999999943,-0.6999999999999886,6,0.0,0.0,0.0,0.0,99,99,24.3,40.0,0,6.88944995491434,-9,2,0.0,0.0,0.0,91.0,1.0,0,221,0.0,5.0,0.5,91.0,3.5,0,608,1.2018504251546631,6.652067347825035,0.4444444444444444,91.77777777777777,8.333333333333334,-1,3947,2.88183851948052,84.36382554583892,0.6923076923076923,89.56410256410257,34.53846153846154,-7,5985,6.890796052390755,61.69219113499934,0.5425531914893617,84.18085106382979,31.79787234042553,-11
2025-05-19 19:40:21.195902,139,33518.804098,19.6725,1,91,9,0,-5.0,1.4000000000000057,0.0,-15.099999999999994,-16.5,6.599999999999994,5.199999999999989,-10.0,-11.400000000000006,0.0,0.0,0.1,1.0,0.1,14,47.9,24.3,49565.81,18391.81,100,19,1.4000000000000057,0.0,6.0,-4.599999999999994,7,0.0,0.0,0.0,0.0,100,100,20.6,31.0,0,-1.2999999999999972,2.700000000000003,2.0999999999999943,-0.6999999999999886,6,0.0,0.0,0.0,0.0,99,99,24.3,40.0,0,6.8906926406926345,-9,2,0.0,0.0,0.0,91.0,1.0,0,221,0.0,5.0,0.5,91.0,3.5,0,608,1.2018504251546631,6.652067347825035,0.4444444444444444,91.77777777777777,8.333333333333334,-1,3947,2.88183851948052,84.36382554583892,0.6923076923076923,89.56410256410257,34.53846153846154,-7,5985,6.890796052390755,61.69219113499934,0.5425531914893617,84.18085106382979,31.79787234042553,-11
2025-05-19 19:40:49.357111,139,33490.642889,19.68027777777778,1,91,9,1,-5.0,1.4000000000000057,0.0,-15.099999999999994,-16.5,6.599999999999994,5.199999999999989,-10.0,-11.400000000000006,0.0,0.0,0.1,1.0,0.1,14,47.9,24.3,49565.81,18391.81,100,19,1.4000000000000057,0.0,6.0,-4.599999999999994,7,0.0,0.0,0.0,0.0,100,100,20.6,31.0,0,-1.2999999999999972,2.700000000000003,2.0999999999999943,-0.6999999999999886,6,0.0,0.0,0.0,0.0,99,99,24.3,40.0,0,6.891935774851163,9,3,0.0,0.0,0.3333333333333333,91.0,1.0,0,222,0.0,4.47213595499958,0.6,91.0,3.0,0,609,1.1595018087284057,6.686636756330578,0.5,91.7,7.6,-1,3948,2.853697556432661,83.4438856434793,0.7,89.6,33.7,-7,5986,6.889659876502308,61.44446413186796,0.5473684210526316,84.25263157894737,31.473684210526315,-11
2025-05-19 19:45:06.631888,139,33233.368112,19.751666666666665,22,4,96,0,-3.0,-0.5999999999999943,0.0,-17.099999999999994,-16.5,4.599999999999994,5.199999999999989,-12.0,-11.400000000000006,0.0,0.0,0.1,1.0,0.1,14,47.9,24.3,49565.81,18391.81,100,19,-0.5999999999999943,0.0,4.0,-4.599999999999994,7,0.0,0.0,0.0,0.0,100,100,20.6,31.0,0,-3.299999999999997,2.700000000000003,0.09999999999999432,-0.6999999999999886,6,0.0,0.0,0.0,0.0,99,99,24.3,40.0,0,-2.7008849557522154,4,22,,,0.0,4.0,22.0,0,25,,,0.0,4.0,22.0,0,618,0.5163977794943223,139.31367484924084,0.0,4.666666666666667,92.5,1,3796,3.4265036727478986,104.99001008544545,0.03125,10.46875,54.53125,10,5735,4.108777346370972,95.52201719619812,0.05,11.8,49.825,12
2025-05-19 19:49:18.344795,139,32981.655205,19.821666666666665,1,91,9,1,-5.0,1.4000000000000057,0.0,-15.099999999999994,-16.5,6.599999999999994,5.199999999999989,-10.0,-11.400000000000006,0.0,0.0,0.1,1.0,0.1,14,47.9,24.3,49565.81,18391.81,100,19,1.4000000000000057,0.0,6.0,-4.599999999999994,7,0.0,0.0,0.0,0.0,100,100,20.6,31.0,0,-1.2999999999999972,2.700000000000003,2.0999999999999943,-0.6999999999999886,6,0.0,0.0,0.0,0.0,99,99,24.3,40.0,0,6.893179357632619,9,1,,,1.0,91.0,1.0,0,23,,,1.0,91.0,1.0,0,245,0.0,4.0824829046386295,0.6666666666666666,91.0,2.6666666666666665,0,1132,2.5029213700424915,12.230101578293805,0.6923076923076923,90.76923076923077,12.846153846153847,3,5666,7.100455350575192,63.6160924398974,0.5747126436781609,84.71264367816092,30.689655172413794,-12
2025-05-19 19:49:33.449468,139,32966.550532,19.825833333333332,8,91,9,1,-5.0,1.4000000000000057,0.0,-15.099999999999994,-16.5,6.599999999999994,5.199999999999989,-10.0,-11.400000000000006,0.0,0.0,0.1,1.0,0.1,14,47.9,24.3,49565.81,18391.81,100,19,1.4000000000000057,0.0,6.0,-4.599999999999994,7,0.0,0.0,0.0,0.0,100,100,20.6,31.0,0,-1.2999999999999972,2.700000000000003,2.0999999999999943,-0.6999999999999886,6,0.0,0.0,0.0,0.0,99,99,24.3,40.0,0,6.894423389279908,9,9,0.0,4.949747468305833,1.0,91.0,4.5,0,31,0.0,4.949747468305833,1.0,91.0,4.5,0,253,0.0,4.237025012007948,0.7142857142857143,91.0,3.4285714285714284,0,1140,2.4547181153120263,12.028811566081984,0.7037037037037037,90.77777777777777,12.666666666666666,3,5668,7.091274975154309,63.295656449647865,0.5795454545454546,84.7840909090909,30.431818181818183,-12
2025-05-19 19:50:28.214944,139,32911.785056,19.84111111111111,1,91,9,1,-5.0,1.4000000000000057,0.0,-15.099999999999994,-16.5,6.599999999999994,5.199999999999989,-10.0,-11.400000000000006,0.0,0.0,0.1,1.0,0.1,14,47.9,24.3,49565.81,18391.81,100,19,1.4000000000000057,0.0,6.0,-4.599999999999994,7,0.0,0.0,0.0,0.0,100,100,20.6,31.0,0,-1.2999999999999972,2.700000000000003,2.0999999999999943,-0.6999999999999886,6,0.0,0.0,0.0,0.0,99,99,24.3,40.0,0,6.904391830833177,9,10,0.0,4.041451884327381,1.0,91.0,3.3333333333333335,0,10,0.0,4.041451884327381,1.0,91.0,3.3333333333333335,0,254,0.0,4.0155946010522525,0.75,91.0,3.125,0,1141,2.409197543629995,12.0080991186967,0.7142857142857143,90.78571428571429,12.25,3,5650,7.094147808182948,63.36207344379742,0.5909090909090909,84.92045454545455,30.227272727272727,-7
2025-05-19 19:51:42.851713,139,32837.148287,19.861666666666668,11,91,9,1,-5.0,1.4000000000000057,0.0,-15.099999999999994,-16.5,6.599999999999994,5.199999999999989,-10.0,-11.400000000000006,0.0,0.0,0.1,1.0,0.1,14,47.9,24.3,49565.81,18391.81,100,19,1.4000000000000057,0.0,6.0,-4.599999999999994,7,0.0,0.0,0.0,0.0,100,100,20.6,31.0,0,-1.2999999999999972,2.700000000000003,2.0999999999999943,-0.6999999999999886,6,0.0,0.0,0.0,0.0,99,99,24.3,40.0,0,6.905639913232108,9,12,0.0,7.0710678118654755,1.0,91.0,6.0,0,21,0.0,5.057996968497839,1.0,91.0,5.25,0,265,0.0,4.58257569495584,0.7777777777777778,91.0,4.0,0,1152,2.3661196435277074,11.794003653021635,0.7241379310344828,90.79310344827586,12.206896551724139,3,5661,7.083101500342,63.033990538659246,0.5955056179775281,84.98876404494382,30.01123595505618,-7
2025-05-19 19:54:01.264287,139,32698.735713,19.900277777777777,1,4,96,0,-3.0,-0.5999999999999943,0.0,-17.099999999999994,-16.5,4.599999999999994,5.199999999999989,-12.0,-11.400000000000006,0.0,0.0,0.1,1.0,0.1,14,47.9,24.3,49565.81,18391.81,100,19,-0.5999999999999943,0.0,4.0,-4.599999999999994,7,0.0,0.0,0.0,0.0,100,100,20.6,31.0,0,-3.299999999999997,2.700000000000003,0.09999999999999432,-0.6999999999999886,6,0.0,0.0,0.0,0.0,99,99,24.3,40.0,0,-2.8103130755064427,4,1,,,0.0,4.0,1.0,0,22,,,0.0,4.0,1.0,0,47,0.0,14.849242404917497,0.0,4.0,11.5,0,1153,3.197221015541813,92.81616168147143,0.05555555555555555,7.888888888888889,44.388888888888886,9,5662,4.230536124114283,95.58408836578371,0.05,11.5,49.7,12
2025-05-19 19:55:23.723928,139,32616.276072,19.923055555555557,1,91,9,0,-5.0,1.4000000000000057,0.0,-15.099999999999994,-16.5,6.599999999999994,5.199999999999989,-10.0,-11.400000000000006,0.0,0.0,0.1,1.0,0.1,14,47.9,24.3,49565.81,18391.81,100,19,1.4000000000000057,0.0,6.0,-4.599999999999994,7,0.0,0.0,0.0,0.0,100,100,20.6,31.0,0,-1.2999999999999972,2.700000000000003,2.0999999999999943,-0.6999999999999886,6,0.0,0.0,0.0,0.0,99,99,24.3,40.0,0,6.919398659663102,-9,4,0.0,0.0,0.0,91.0,1.0,0,16,0.0,4.47213595499958,0.4,91.0,3.0,0,48,0.0,4.0155946010522525,0.625,91.0,3.125,0,1156,2.2495519267106823,11.68983394843295,0.65625,90.8125,11.15625,3,5497,7.094546093279184,62.84722176354142,0.5777777777777777,85.26666666666667,28.955555555555556,-12
2025-05-19 19:55:23.723928,139,32616.276072,19.923055555555557,1,91,9,0,-5.0,1.4000000000000057,0.0,-15.099999999999994,-16.5,6.599999999999994,5.199999999999989,-10.0,-11.400000000000006,0.0,0.0,0.1,1.0,0.1,14,47.9,24.3,49565.81,18391.81,100,19,1.4000000000000057,0.0,6.0,-4.599999999999994,7,0.0,0.0,0.0,0.0,100,100,20.6,31.0,0,-1.2999999999999972,2.700000000000003,2.0999999999999943,-0.6999999999999886,6,0.0,0.0,0.0,0.0,99,99,24.3,40.0,0,6.920652173913041,-9,4,0.0,0.0,0.0,91.0,1.0,0,16,0.0,4.47213595499958,0.4,91.0,3.0,0,48,0.0,4.0155946010522525,0.625,91.0,3.125,0,1156,2.2495519267106823,11.68983394843295,0.65625,90.8125,11.15625,3,5497,7.094546093279184,62.84722176354142,0.5777777777777777,85.26666666666667,28.955555555555556,-12
2025-05-19 19:55:23.723928,139,32616.276072,19.923055555555557,1,91,9,0,-5.0,1.4000000000000057,0.0,-15.099999999999994,-16.5,6.599999999999994,5.199999999999989,-10.0,-11.400000000000006,0.0,0.0,0.1,1.0,0.1,14,47.9,24.3,49565.81,18391.81,100,19,1.4000000000000057,0.0,6.0,-4.599999999999994,7,0.0,0.0,0.0,0.0,100,100,20.6,31.0,0,-1.2999999999999972,2.700000000000003,2.0999999999999943,-0.6999999999999886,6,0.0,0.0,0.0,0.0,99,99,24.3,40.0,0,6.9219061424171,-9,4,0.0,0.0,0.0,91.0,1.0,0,16,0.0,4.47213595499958,0.4,91.0,3.0,0,48,0.0,4.0155946010522525,0.625,91.0,3.125,0,1156,2.2495519267106823,11.68983394843295,0.65625,90.8125,11.15625,3,5497,7.094546093279184,62.84722176354142,0.5777777777777777,85.26666666666667,28.955555555555556,-12
2025-05-19 19:56:25.948298,139,32554.051702,19.940277777777776,1,91,9,1,-5.0,1.4000000000000057,0.0,-15.099999999999994,-16.5,6.599999999999994,5.199999999999989,-10.0,-11.400000000000006,0.0,0.0,0.1,1.0,0.1,14,47.9,24.3,49565.81,18391.81,100,19,1.4000000000000057,0.0,6.0,-4.599999999999994,7,0.0,0.0,0.0,0.0,100,100,20.6,31.0,0,-1.2999999999999972,2.700000000000003,2.0999999999999943,-0.6999999999999886,6,0.0,0.0,0.0,0.0,99,99,24.3,40.0,0,6.923160565422251,9,4,0.0,0.0,0.25,91.0,1.0,0,16,0.0,4.47213595499958,0.4,91.0,3.0,0,48,0.0,4.0155946010522525,0.625,91.0,3.125,0,1040,1.985703891072368,9.922060947569989,0.5925925925925926,90.5925925925926,9.296296296296296,-2,5498,7.080575847666229,62.56576515535449,0.5824175824175825,85.32967032967034,28.64835164835165,-12
2025-05-19 19:57:35.712355,139,32484.287645,19.959722222222222,1,91,9,1,-5.0,1.4000000000000057,0.0,-15.099999999999994,-16.5,6.599999999999994,5.199999999999989,-10.0,-11.400000000000006,0.0,0.0,0.1,1.0,0.1,14,47.9,24.3,49565.81,18391.81,100,19,1.4000000000000057,0.0,6.0,-4.599999999999994,7,0.0,0.0,0.0,0.0,100,100,20.6,31.0,0,-1.2999999999999972,2.700000000000003,2.0999999999999943,-0.6999999999999886,6,0.0,0.0,0.0,0.0,99,99,24.3,40.0,0,6.924415443175633,9,2,0.0,0.0,1.0,91.0,1.0,0,6,0.0,0.0,0.4,91.0,1.0,0,49,0.0,3.8224483137265715,0.6666666666666666,91.0,2.888888888888889,0,1041,1.950105138937399,9.862010913564193,0.6071428571428571,90.60714285714286,9.0,-2,5499,7.066336417684411,62.28778208782178,0.5869565217391305,85.3913043478261,28.347826086956523,-12
2025-05-19 19:57:36.858037,139,32483.141963,19.96,14,93,7,1,-5.0,1.4000000000000057,0.0,-15.099999999999994,-16.5,6.599999999999994,5.199999999999989,-10.0,-11.400000000000006,0.0,0.0,0.1,1.0,0.1,14,47.9,24.3,49565.81,18391.81,100,19,1.4000000000000057,0.0,6.0,-4.599999999999994,7,0.0,0.0,0.0,0.0,100,100,20.6,31.0,0,-1.2999999999999972,2.700000000000003,2.0999999999999943,-0.6999999999999886,6,0.0,0.0,0.0,0.0,99,99,24.3,40.0,0,4.925670775924587,7,23,1.0,6.18465843842649,1.0,91.5,5.75,0,27,0.7559289460184545,5.0568200058365305,0.5714285714285714,91.28571428571429,3.7142857142857144,0,70,0.6030226891555273,4.859854094330592,0.7272727272727273,91.18181818181819,4.2727272727272725,0,1062,1.93248098531931,9.567725921573258,0.6333333333333333,90.7,9.1,-2,5520,7.056914747686831,61.6709011265128,0.5957446808510638,85.53191489361703,27.96808510638298,-12
2025-05-19 19:57:36.858037,139,32483.141963,19.96,7,91,9,1,-5.0,1.4000000000000057,0.0,-15.099999999999994,-16.5,6.599999999999994,5.199999999999989,-10.0,-11.400000000000006,0.0,0.0,0.1,1.0,0.1,14,47.9,24.3,49565.81,18391.81,100,19,1.4000000000000057,0.0,6.0,-4.599999999999994,7,0.0,0.0,0.0,0.0,100,100,20.6,31.0,0,-1.2999999999999972,2.700000000000003,2.0999999999999943,-0.6999999999999886,6,0.0,0.0,0.0,0.0,99,99,24.3,40.0,0,6.938204289349329,9,23,1.0,6.18465843842649,1.0,91.5,5.75,0,27,0.7559289460184545,5.0568200058365305,0.5714285714285714,91.28571428571429,3.7142857142857144,0,70,0.6030226891555273,4.859854094330592,0.7272727272727273,91.18181818181819,4.2727272727272725,0,1062,1.93248098531931,9.567725921573258,0.6333333333333333,90.7,9.1,-2,5520,7.056914747686831,61.6709011265128,0.5957446808510638,85.53191489361703,27.96808510638298,-12
2025-05-19 19:57:41.572326,139,32478.427674,19.961388888888887,420,94,6,1,-5.0,1.4000000000000057,0.0,-15.099999999999994,-16.5,6.599999999999994,5.199999999999989,-10.0,-11.400000000000006,0.0,0.0,0.1,1.0,0.1,14,47.9,24.3,49565.81,18391.81,100,19,1.4000000000000057,0.0,6.0,-4.599999999999994,7,0.0,0.0,0.0,0.0,100,100,20.6,31.0,0,-1.2999999999999972,2.700000000000003,2.0999999999999943,-0.6999999999999886,6,0.0,0.0,0.0,0.0,99,99,24.3,40.0,0,3.9470427661510428,6,443,1.4142135623730951,185.33564147243777,1.0,92.0,88.6,-3,447,1.1877349391654208,147.25366839961188,0.625,91.625,55.75,-3,490,0.996204919895622,120.09954835531862,0.75,91.41666666666667,38.916666666666664,-3,1482,1.9902990535546776,74.39693021762693,0.6451612903225806,90.80645161290323,22.35483870967742,-5,5940,7.072841295162941,73.35269994366776,0.6,85.62105263157895,32.09473684210526,-15
2025-05-19 20:05:56.281174,139,31983.718826,20.098888888888887,260,94,6,1,-5.0,1.4000000000000057,2.700000000000003,-15.099999999999994,-13.799999999999997,6.599999999999994,7.8999999999999915,-10.0,-8.700000000000003,0.0,0.0,0.1,1.0,0.1,14,47.9,24.3,49565.81,18391.81,100,19,-1.2999999999999972,2.700000000000003,2.0999999999999943,-0.6999999999999886,6,0.0,0.0,0.0,0.0,99,99,24.3,40.0,0,-5.599999999999994,7.0,-0.7999999999999972,2.200000000000003,5,0.0,0.0,0.0,0.0,100,100,19.9,42.1,0,4.273694581280793,6,260,,,1.0,94.0,260.0,0,260,,,1.0,94.0,260.0,0,718,1.3165611772087666,146.4248385122324,0.7,91.8,71.7,-3,1559,2.0376991293945936,84.38725418779093,0.65625,90.90625,29.78125,-5,5827,6.85815806794316,78.86213257994092,0.6222222222222222,86.27777777777777,34.333333333333336,-21
2025-05-19 20:06:22.718853,139,31957.281147,20.10611111111111,40,94,6,1,-5.0,1.4000000000000057,2.700000000000003,-15.099999999999994,-13.799999999999997,6.599999999999994,7.8999999999999915,-10.0,-8.700000000000003,0.0,0.0,0.1,1.0,0.1,14,47.9,24.3,49565.81,18391.81,100,19,-1.2999999999999972,2.700000000000003,2.0999999999999943,-0.6999999999999886,6,0.0,0.0,0.0,0.0,99,99,24.3,40.0,0,-5.599999999999994,7.0,-0.7999999999999972,2.200000000000003,5,0.0,0.0,0.0,0.0,100,100,19.9,42.1,0,4.5044652128764255,6,300,0.0,155.56349186104046,1.0,94.0,150.0,0,300,0.0,155.56349186104046,1.0,94.0,150.0,0,758,1.4142135623730951,139.2392316711193,0.7272727272727273,92.0,68.81818181818181,-3,1599,2.0766559657295187,83.07728466477903,0.6666666666666666,91.0,30.09090909090909,-5,5854,6.867825927251866,78.42503556063079,0.6263736263736264,86.36263736263736,34.395604395604394,-21
2025-05-19 20:08:26.141289,139,31833.858711,20.140555555555554,50,95,5,1,-5.0,1.4000000000000057,2.700000000000003,-15.099999999999994,-13.799999999999997,6.599999999999994,7.8999999999999915,-10.0,-8.700000000000003,0.0,0.0,0.1,1.0,0.1,14,47.9,24.3,49565.81,18391.81,100,19,-1.2999999999999972,2.700000000000003,2.0999999999999943,-0.6999999999999886,6,0.0,0.0,0.0,0.0,99,99,24.3,40.0,0,-5.599999999999994,7.0,-0.7999999999999972,2.200000000000003,5,0.0,0.0,0.0,0.0,100,100,19.9,42.1,0,3.5421989528795876,5,50,,,1.0,95.0,50.0,0,350,0.5773502691896257,124.23096769056149,1.0,94.33333333333333,116.66666666666667,-1,797,1.6292775867068983,138.1117465875171,0.7272727272727273,92.36363636363636,72.36363636363636,-4,1621,2.144259653672006,85.57841150739497,0.6451612903225806,91.25806451612904,32.74193548387097,-3,5754,6.636721134395383,77.89895500590002,0.6444444444444445,86.76666666666667,33.666666666666664,-23
2025-05-19 20:10:11.469892,139,31728.530108,20.169722222222223,67,90,10,0,-5.0,1.4000000000000057,2.700000000000003,-15.099999999999994,-13.799999999999997,6.599999999999994,7.8999999999999915,-10.0,-8.700000000000003,0.0,0.0,0.1,1.0,0.1,14,47.9,24.3,49565.81,18391.81,100,19,-1.2999999999999972,2.700000000000003,2.0999999999999943,-0.6999999999999886,6,0.0,0.0,0.0,0.0,99,99,24.3,40.0,0,-5.599999999999994,7.0,-0.7999999999999972,2.200000000000003,5,0.0,0.0,0.0,0.0,100,100,19.9,42.1,0,8.579682539682537,-10,183,2.8867513459481287,9.539392014169456,0.3333333333333333,91.66666666666667,61.0,5,483,2.4083189157584592,92.04238154241773,0.6,92.6,96.6,4,929,1.7320508075688772,126.09759142863341,0.6153846153846154,92.0,71.46153846153847,1,1704,2.098430149161294,83.2637967455535,0.6060606060606061,91.18181818181819,34.78787878787879,2,5886,6.427372022149575,77.53545331102748,0.6373626373626373,87.0,34.747252747252745,-18
2025-05-19 20:10:11.469892,139,31728.530108,20.169722222222223,66,90,10,0,-5.0,1.4000000000000057,2.700000000000003,-15.099999999999994,-13.799999999999997,6.599999999999994,7.8999999999999915,-10.0,-8.700000000000003,0.0,0.0,0.1,1.0,0.1,14,47.9,24.3,49565.81,18391.81,100,19,-1.2999999999999972,2.700000000000003,2.0999999999999943,-0.6999999999999886,6,0.0,0.0,0.0,0.0,99,99,24.3,40.0,0,-5.599999999999994,7.0,-0.7999999999999972,2.200000000000003,5,0.0,0.0,0.0,0.0,100,100,19.9,42.1,0,8.703091455560326,-10,183,2.8867513459481287,9.539392014169456,0.3333333333333333,91.66666666666667,61.0,5,483,2.4083189157584592,92.04238154241773,0.6,92.6,96.6,4,929,1.7320508075688772,126.09759142863341,0.6153846153846154,92.0,71.46153846153847,1,1704,2.098430149161294,83.2637967455535,0.6060606060606061,91.18181818181819,34.78787878787879,2,5886,6.427372022149575,77.53545331102748,0.6373626373626373,87.0,34.747252747252745,-18
2025-05-19 20:23:13.256121,139,30946.743879,20.386944444444445,50,97,3,1,-5.0,1.4000000000000057,2.700000000000003,-15.099999999999994,-13.799999999999997,6.599999999999994,7.8999999999999915,-10.0,-8.700000000000003,0.0,0.0,0.1,1.0,0.1,14,47.9,24.3,49565.81,18391.81,100,19,-1.2999999999999972,2.700000000000003,2.0999999999999943,-0.6999999999999886,6,0.0,0.0,0.0,0.0,99,99,24.3,40.0,0,-5.599999999999994,7.0,-0.7999999999999972,2.200000000000003,5,0.0,0.0,0.0,0.0,100,100,19.9,42.1,0,1.8281794425087128,3,50,,,1.0,97.0,50.0,0,50,,,1.0,97.0,50.0,0,233,3.559026084010437,9.535023160258536,0.5,93.0,58.25,-2,1632,1.6981159806084754,90.16709943269673,0.6428571428571429,91.92857142857143,38.42857142857143,-7,5499,4.323267594151754,81.6584149772498,0.6923076923076923,89.1025641025641,36.85897435897436,-18
2025-05-19 20:23:18.385153,139,30941.614847,20.388333333333332,50,3,97,0,-3.0,-0.5999999999999943,2.700000000000003,-17.099999999999994,-13.799999999999997,4.599999999999994,7.8999999999999915,-12.0,-8.700000000000003,0.0,0.0,0.1,1.0,0.1,14,47.9,24.3,49565.81,18391.81,100,19,-3.299999999999997,2.700000000000003,0.09999999999999432,-0.6999999999999886,6,0.0,0.0,0.0,0.0,99,99,24.3,40.0,0,-7.599999999999994,7.0,-2.799999999999997,2.200000000000003,5,0.0,0.0,0.0,0.0,100,100,19.9,42.1,0,-1.8154981549815545,3,100,,,0.0,3.0,50.0,0,100,,,0.0,3.0,50.0,0,283,,,0.0,3.0,50.0,0,1682,0.7440238091428449,122.46019761538848,0.0,4.375,75.75,2,5549,3.7969470265845264,101.03957956491833,0.02857142857142857,10.228571428571428,51.34285714285714,13
2025-05-19 20:41:18.720749,139,29861.279251,20.688333333333333,28,93,7,0,-5.0,1.4000000000000057,2.700000000000003,-15.099999999999994,-13.799999999999997,6.599999999999994,7.8999999999999915,-10.0,-8.700000000000003,0.0,0.0,0.1,1.0,0.1,14,47.9,24.3,49565.81,18391.81,100,19,-1.2999999999999972,2.700000000000003,2.0999999999999943,-0.6999999999999886,6,0.0,0.0,0.0,0.0,99,99,24.3,40.0,0,-5.599999999999994,7.0,-0.7999999999999972,2.200000000000003,5,0.0,0.0,0.0,0.0,100,100,19.9,42.1,0,5.862547571076789,-7,28,,,0.0,93.0,28.0,0,28,,,0.0,93.0,28.0,0,28,,,0.0,93.0,28.0,0,1101,1.9117977822546814,106.73065514901523,0.6842105263157895,92.10526315789474,54.10526315789474,-2,5049,2.8291502566586324,91.15746711398388,0.6949152542372882,90.40677966101696,40.271186440677965,-9
