time,trade_id,ticker,time_to_strike,count,shift,kalshi_fair,yes_price,no_price,taker_side,day_forecast_high,day_forecast_strike_dev,day_forecast_wet_bulb_strike_dev,day_forecast_apparent_temperature_strike_dev,day_forecast_dew_point_strike_dev,current_forecast_strike_dev,day_current_forecast_dev,day_wind_gusts_max,day_wind_speed_max,day_cloud_cover_max,day_cloud_cover_min,day_sunshine_duration,hour_wind_gusts,hour_wind_speed,hour_cloud_cover,hour_cloud_cover_high,kalshi_strike_dev,kalshi_day_forecast_dev,day_forecast_percipitation,day_forecast_rain,hour_forecast_rain,strike_m_5.0,strike_m_3.0,strike_m_1.0,strike_p_1.0,strike_p_3.0,strike_p_5.0,kalshi_dist_entropy,impact,result,outcome
2024-11-15 10:00:31.719197,fc65ff96-a75d-49ba-aeb0-226c6cc23eb1,KXHIGHNY-24NOV16-B59.5,136708.281,1,-1.0,59.5,97,3,1,63.3,3.8,-12.9,-6.8,-28.8,-15.8,19.6,50.8,25.3,100,0,31599.94,20.2,10.4,7,7,0.0,3.8,0.0,0.0,0.0,0,0,97,0,0,0,-443.747,-96.0,-97,0
2024-11-15 10:01:21.096417,fdd54c54-ea82-474d-87a2-46bdfb6b1821,KXHIGHNY-24NOV16-B61.5,136658.904,21,1.0,60.428,84,16,1,63.3,1.8,-14.9,-8.8,-30.8,-17.8,19.6,50.8,25.3,100,0,31599.94,20.2,10.4,7,7,-1.072,2.872,0.0,0.0,0.0,0,0,97,84,0,0,-815.936,15.0,16,1
2024-11-15 10:01:21.096417,ee6ad2f5-4b69-4fd4-a99e-d4aac9a49e02,KXHIGHNY-24NOV16-B61.5,136658.904,16,1.0,60.104,42,58,1,63.3,1.8,-14.9,-8.8,-30.8,-17.8,19.6,50.8,25.3,100,0,31599.94,20.2,10.4,7,7,-1.396,3.196,0.0,0.0,0.0,0,0,97,42,0,0,-600.729,57.0,58,1
2024-11-15 10:04:29.147035,977d7270-3bd7-42e1-ae74-9b813e743930,KXHIGHNY-24NOV16-B63.5,136470.853,3,3.0,61.345,80,20,1,63.3,-0.2,-16.9,-10.8,-32.8,-19.8,19.6,50.8,25.3,100,0,31599.94,20.2,10.4,7,7,-2.155,1.955,0.0,0.0,0.0,0,0,97,42,80,0,-951.291,-79.0,-80,0
2024-11-15 10:04:29.147035,03296d1c-8966-414d-9146-b2ddc9037f12,KXHIGHNY-24NOV16-B63.5,136470.853,12,3.0,60.513,19,81,1,63.3,-0.2,-16.9,-10.8,-32.8,-19.8,19.6,50.8,25.3,100,0,31599.94,20.2,10.4,7,7,-2.987,2.787,0.0,0.0,0.0,0,0,97,42,19,0,-656.673,-18.0,-19,0
2024-11-15 10:11:35.581343,151184ed-e0ea-4ba3-9def-9bc664280ae2,KXHIGHNY-24NOV16-T57,136044.419,120,-5.0,60.481,1,99,0,63.3,7.8,-8.9,-2.8,-24.8,-11.8,19.6,50.8,25.3,100,0,31599.94,20.2,10.4,7,7,4.981,2.819,0.0,0.0,0.0,1,0,97,42,19,0,-656.673,0.0,1,0
2024-11-15 10:19:34.095664,6c470e6f-94e4-4be3-8d2a-970c925ae6a2,KXHIGHNY-24NOV16-B61.5,135565.904,4,1.0,60.506,46,54,0,63.3,1.8,-14.9,-8.8,-30.8,-17.8,19.6,50.8,25.3,100,0,31599.94,20.2,10.4,7,7,-0.994,2.794,0.0,0.0,0.0,1,0,97,46,19,0,-675.809,-53.0,-54,1
2024-11-15 10:19:34.095664,4c36a178-f789-4de1-9642-72a53b4685b2,KXHIGHNY-24NOV16-B61.5,135565.904,5,1.0,60.512,47,53,0,63.3,1.8,-14.9,-8.8,-30.8,-17.8,19.6,50.8,25.3,100,0,31599.94,20.2,10.4,7,7,-0.988,2.788,0.0,0.0,0.0,1,0,97,47,19,0,-680.648,-52.0,-53,1
2024-11-15 10:21:00.141610,1ffd6cdd-f5c6-4b86-a9eb-d8062363726d,KXHIGHNY-24NOV16-B59.5,135479.858,100,-1.0,61.229,29,71,1,63.3,3.8,-12.9,-6.8,-28.8,-15.8,19.6,50.8,25.3,100,0,31599.94,20.2,10.4,7,7,1.729,2.071,0.0,0.0,0.0,1,0,29,47,19,0,-334.553,-28.0,-29,0
2024-11-15 10:21:51.221631,07cb7c10-e061-407a-a10a-86e23809c026,KXHIGHNY-24NOV16-B63.5,135428.778,50,3.0,61.13,15,85,1,63.3,-0.2,-16.9,-10.8,-32.8,-19.8,19.6,50.8,25.3,100,0,31599.94,20.2,10.4,7,7,-2.37,2.17,0.0,0.0,0.0,1,0,29,47,15,0,-319.229,-14.0,-15,0
2024-11-15 10:25:17.014367,3d784410-2e15-4e68-a853-d571519a7a17,KXHIGHNY-24NOV16-B61.5,135222.986,137,1.0,61.153,53,47,1,63.3,1.8,-14.9,-8.8,-30.8,-17.8,19.6,50.8,25.3,100,0,31599.94,20.2,10.4,7,7,-0.347,2.147,0.0,0.0,0.0,1,0,29,53,15,0,-348.698,46.0,47,1
2024-11-15 10:27:51.976402,012e868a-07ec-4ec0-8936-ecc1adad5c88,KXHIGHNY-24NOV16-B61.5,135068.024,44,1.0,61.157,54,46,1,63.3,1.8,-14.9,-8.8,-30.8,-17.8,19.6,50.8,25.3,100,0,31599.94,20.2,10.4,7,7,-0.343,2.143,0.0,0.0,0.0,1,0,29,54,15,0,-353.677,45.0,46,1
2024-11-15 10:31:19.835462,6bd7f6f1-18dc-4686-8773-bf1e22c6eb1f,KXHIGHNY-24NOV16-B61.5,134860.165,74,1.0,61.163,56,44,1,63.3,1.8,-14.9,-8.8,-30.8,-17.8,19.6,50.8,25.3,100,0,31599.94,20.2,10.4,7,7,-0.337,2.137,0.0,0.0,0.0,1,0,29,56,15,0,-363.692,43.0,44,1
2024-11-15 10:31:19.835462,62f60666-43ab-4801-80a9-7cd08ffa0363,KXHIGHNY-24NOV16-B61.5,134860.165,100,1.0,61.16,55,45,1,63.3,1.8,-14.9,-8.8,-30.8,-17.8,19.6,50.8,25.3,100,0,31599.94,20.2,10.4,7,7,-0.34,2.14,0.0,0.0,0.0,1,0,29,55,15,0,-358.676,44.0,45,1
2024-11-15 10:31:56.858909,bebd0bbd-ea0f-411d-95a1-5c732eafb713,KXHIGHNY-24NOV16-B63.5,134823.141,200,3.0,61.037,10,90,0,63.3,-0.2,-16.9,-10.8,-32.8,-19.8,19.6,50.8,25.3,100,0,31599.94,20.2,10.4,7,7,-2.463,2.263,0.0,0.0,0.0,1,0,29,55,10,0,-341.081,9.0,10,0
2024-11-15 10:32:02.133340,f714fe7c-41b7-49f5-82ad-5852de79dea1,KXHIGHNY-24NOV16-B63.5,134817.867,240,3.0,61.011,9,91,0,63.3,-0.2,-16.9,-10.8,-32.8,-19.8,19.6,50.8,25.3,100,0,31599.94,20.2,10.4,7,7,-2.489,2.289,0.0,0.0,0.0,1,0,29,55,9,0,-337.83,8.0,9,0
2024-11-15 10:32:15.579161,96d6f66a-f462-4fc2-96a0-318ef418aaa7,KXHIGHNY-24NOV16-B63.5,134804.421,240,3.0,61.011,9,91,0,63.3,-0.2,-16.9,-10.8,-32.8,-19.8,19.6,50.8,25.3,100,0,31599.94,20.2,10.4,7,7,-2.489,2.289,0.0,0.0,0.0,1,0,29,55,9,0,-337.83,8.0,9,0
2024-11-15 10:40:31.493295,0ac984af-7e94-42bc-a3c5-2fcfe4c8d65e,KXHIGHNY-24NOV16-B59.5,134308.507,5,-1.0,60.995,30,70,0,63.3,3.8,-12.9,-6.8,-28.8,-15.8,19.6,50.8,25.3,100,0,31599.94,20.2,10.4,7,7,1.495,2.305,0.0,0.0,0.0,1,0,30,55,9,0,-342.214,29.0,30,0
2024-11-15 10:52:44.117598,ebaa081f-383e-42f9-ab33-811208bbb4ce,KXHIGHNY-24NOV16-B59.5,133575.882,16,-1.0,61.011,29,71,1,63.3,3.8,-12.9,-6.8,-28.8,-15.8,19.6,50.8,25.3,100,0,31599.94,20.2,10.4,7,7,1.511,2.289,0.0,0.0,0.0,1,0,29,55,9,0,-337.83,-28.0,-29,0
2024-11-15 10:55:44.103689,6c762c18-04ef-4b9a-a891-daf8e857f940,KXHIGHNY-24NOV16-T64,133395.896,50,5.0,61.058,1,99,0,63.3,-2.2,-18.9,-12.8,-34.8,-21.8,19.6,50.8,25.3,100,0,31599.94,20.2,10.4,7,7,-4.442,2.242,0.0,0.0,0.0,1,0,29,55,9,1,-337.83,0.0,1,0
2024-11-15 10:55:44.660188,96319714-868b-4cf5-a07d-f6b44b521dd7,KXHIGHNY-24NOV16-B57.5,133395.34,50,-3.0,61.021,1,99,0,63.3,5.8,-10.9,-4.8,-26.8,-13.8,19.6,50.8,25.3,100,0,31599.94,20.2,10.4,7,7,3.521,2.279,0.0,0.0,0.0,1,1,29,55,9,1,-337.83,0.0,1,0
2024-11-15 11:08:45.682733,552bfecf-43d5-4ad7-a3f6-843de2f2f4cb,KXHIGHNY-24NOV16-B63.5,132614.317,1,3.0,61.12,13,87,1,63.3,-0.2,-16.9,-10.8,-32.8,-17.2,17.0,50.8,25.3,100,0,31599.94,31.3,12.8,30,1,-2.38,2.18,0.0,0.0,0.0,1,1,29,55,13,1,-351.399,-12.0,-13,0
2024-11-15 11:13:25.539218,933c97c2-83e8-4c38-bf3e-3faf8026c9fb,KXHIGHNY-24NOV16-B61.5,132334.461,100,1.0,61.124,56,44,0,63.3,1.8,-14.9,-8.8,-30.8,-15.2,17.0,50.8,25.3,100,0,31599.94,31.3,12.8,30,1,-0.376,2.176,0.0,0.0,0.0,1,1,29,56,13,1,-356.416,-43.0,-44,1
2024-11-15 11:13:48.140278,847a765c-babf-48f1-91f5-103826ccc130,KXHIGHNY-24NOV16-B61.5,132311.86,100,1.0,61.12,55,45,0,63.3,1.8,-14.9,-8.8,-30.8,-15.2,17.0,50.8,25.3,100,0,31599.94,31.3,12.8,30,1,-0.38,2.18,0.0,0.0,0.0,1,1,29,55,13,1,-351.399,-44.0,-45,1
2024-11-15 11:13:51.798237,d8c0284a-c568-4823-8455-d1dbd42730b8,KXHIGHNY-24NOV16-B61.5,132308.202,100,1.0,61.116,54,46,0,63.3,1.8,-14.9,-8.8,-30.8,-15.2,17.0,50.8,25.3,100,0,31599.94,31.3,12.8,30,1,-0.384,2.184,0.0,0.0,0.0,1,1,29,54,13,1,-346.401,-45.0,-46,1
2024-11-15 11:13:51.798237,5c80cc5f-e1a3-46e2-9570-de536df2afba,KXHIGHNY-24NOV16-B61.5,132308.202,100,1.0,61.116,54,46,0,63.3,1.8,-14.9,-8.8,-30.8,-15.2,17.0,50.8,25.3,100,0,31599.94,31.3,12.8,30,1,-0.384,2.184,0.0,0.0,0.0,1,1,29,54,13,1,-346.401,-45.0,-46,1
2024-11-15 11:13:56.845576,574969ae-b64c-47a1-ad62-9476485c6c3d,KXHIGHNY-24NOV16-B61.5,132303.154,200,1.0,61.116,54,46,1,63.3,1.8,-14.9,-8.8,-30.8,-15.2,17.0,50.8,25.3,100,0,31599.94,31.3,12.8,30,1,-0.384,2.184,0.0,0.0,0.0,1,1,29,54,13,1,-346.401,45.0,46,1
2024-11-15 12:08:34.953024,f61af818-d800-47c5-bd6c-1c481ca89857,KXHIGHNY-24NOV16-B59.5,129025.047,100,-1.0,61.069,32,68,1,63.3,3.8,-12.9,-6.8,-28.8,-10.0,13.8,50.8,25.3,100,0,31599.94,31.7,10.4,6,2,1.569,2.231,0.0,0.0,0.0,1,1,32,54,13,1,-359.653,-31.0,-32,0
2024-11-15 12:08:34.982956,811bb2a3-62c3-45a0-ae34-2260cef6d2e7,KXHIGHNY-24NOV16-B59.5,129025.017,100,-1.0,61.069,32,68,1,63.3,3.8,-12.9,-6.8,-28.8,-10.0,13.8,50.8,25.3,100,0,31599.94,31.7,10.4,6,2,1.569,2.231,0.0,0.0,0.0,1,1,32,54,13,1,-359.653,-31.0,-32,0
2024-11-15 12:08:35.014336,5f71d8f9-62bc-41e0-8f46-c4cc29b4e721,KXHIGHNY-24NOV16-B59.5,129024.986,29,-1.0,61.038,34,66,1,63.3,3.8,-12.9,-6.8,-28.8,-10.0,13.8,50.8,25.3,100,0,31599.94,31.7,10.4,6,2,1.538,2.262,0.0,0.0,0.0,1,1,34,54,13,1,-368.646,-33.0,-34,0
2024-11-15 12:08:35.014336,3f3bf538-a08d-4a75-bb62-25d370a23d11,KXHIGHNY-24NOV16-B59.5,129024.986,50,-1.0,61.069,32,68,1,63.3,3.8,-12.9,-6.8,-28.8,-10.0,13.8,50.8,25.3,100,0,31599.94,31.7,10.4,6,2,1.569,2.231,0.0,0.0,0.0,1,1,32,54,13,1,-359.653,-31.0,-32,0
2024-11-15 12:08:35.014336,0325e8bb-50c5-40ce-9731-4b3651579b11,KXHIGHNY-24NOV16-B59.5,129024.986,21,-1.0,60.929,42,58,1,63.3,3.8,-12.9,-6.8,-28.8,-10.0,13.8,50.8,25.3,100,0,31599.94,31.7,10.4,6,2,1.429,2.371,0.0,0.0,0.0,1,1,42,54,13,1,-405.732,-41.0,-42,0
2024-11-15 12:08:35.123340,e0f32191-8404-4051-947a-c7e10d1533ec,KXHIGHNY-24NOV16-B61.5,129024.877,50,1.0,60.896,48,52,0,63.3,1.8,-14.9,-8.8,-30.8,-12.0,13.8,50.8,25.3,100,0,31599.94,31.7,10.4,6,2,-0.604,2.404,0.0,0.0,0.0,1,1,42,48,13,1,-376.144,-51.0,-52,1
2024-11-15 12:08:47.302813,1801d7e2-b6d1-4951-a1eb-58e7796bf293,KXHIGHNY-24NOV16-B59.5,129012.697,1,-1.0,60.91,41,59,1,63.3,3.8,-12.9,-6.8,-28.8,-10.0,13.8,50.8,25.3,100,0,31599.94,31.7,10.4,6,2,1.41,2.39,0.0,0.0,0.0,1,1,41,48,13,1,-371.418,-40.0,-41,0
2024-11-15 12:17:25.372917,63302d95-5d57-479e-8f23-2ed17d774fe1,KXHIGHNY-24NOV16-B61.5,128494.627,13,1.0,60.88,43,57,1,63.3,1.8,-14.9,-8.8,-30.8,-12.0,13.8,50.8,25.3,100,0,31599.94,31.7,10.4,6,2,-0.62,2.42,0.0,0.0,0.0,1,1,41,43,13,1,-347.332,56.0,57,1
2024-11-15 12:30:18.336440,57518a1e-3fe7-4dd9-9714-4a8bf2b53033,KXHIGHNY-24NOV16-B57.5,127721.664,1,-3.0,60.689,7,93,1,63.3,5.8,-10.9,-4.8,-26.8,-8.0,13.8,50.8,25.3,100,0,31599.94,31.7,10.4,6,2,3.189,2.611,0.0,0.0,0.0,1,7,41,43,13,1,-360.954,-6.0,-7,0
2024-11-15 12:30:18.712299,b8a3fc10-e17a-4956-acc8-526316c21021,KXHIGHNY-24NOV16-B59.5,127721.288,1,-1.0,60.678,42,58,0,63.3,3.8,-12.9,-6.8,-28.8,-10.0,13.8,50.8,25.3,100,0,31599.94,31.7,10.4,6,2,1.178,2.622,0.0,0.0,0.0,1,7,42,43,13,1,-365.679,41.0,42,0
2024-11-15 12:44:40.545992,c18b81b1-970a-4991-a92a-2bb6c3c4ad34,KXHIGHNY-24NOV16-T64,126859.454,1,5.0,60.678,1,99,0,63.3,-2.2,-18.9,-12.8,-34.8,-16.0,13.8,50.8,25.3,100,0,31599.94,31.7,10.4,6,2,-4.822,2.622,0.0,0.0,0.0,1,7,42,43,13,1,-365.679,0.0,1,0
2024-11-15 13:39:20.906272,e4ff628f-817f-4cbe-84b4-fd8695c4b0fe,KXHIGHNY-24NOV16-B59.5,123579.094,57,-1.0,60.645,45,55,1,63.3,3.8,-12.9,-6.8,-28.8,-6.4,10.2,50.8,25.3,100,0,31599.94,25.9,9.7,7,0,1.145,2.655,0.0,0.0,0.0,1,7,45,43,13,1,-379.997,-44.0,-45,0
2024-11-15 13:39:20.906272,8b76b029-a9db-4b11-9c68-4444a64a95e9,KXHIGHNY-24NOV16-B59.5,123579.094,1,-1.0,60.656,44,56,1,63.3,3.8,-12.9,-6.8,-28.8,-6.4,10.2,50.8,25.3,100,0,31599.94,25.9,9.7,7,0,1.156,2.644,0.0,0.0,0.0,1,7,44,43,13,1,-375.202,-43.0,-44,0
2024-11-15 13:39:20.906272,370840de-8271-4db3-a111-76c53173f19f,KXHIGHNY-24NOV16-B59.5,123579.094,50,-1.0,60.656,44,56,1,63.3,3.8,-12.9,-6.8,-28.8,-6.4,10.2,50.8,25.3,100,0,31599.94,25.9,9.7,7,0,1.156,2.644,0.0,0.0,0.0,1,7,44,43,13,1,-375.202,-43.0,-44,0
2024-11-15 13:45:00.124333,ac919aa5-1405-4699-91a2-2480bd078ea3,KXHIGHNY-24NOV16-B61.5,123239.876,16,1.0,60.686,47,53,1,63.3,1.8,-14.9,-8.8,-30.8,-8.4,10.2,50.8,25.3,100,0,31599.94,25.9,9.7,7,0,-0.814,2.614,0.0,0.0,0.0,1,7,44,47,13,1,-394.427,52.0,53,1
2024-11-15 14:02:19.550977,8c95c95c-5e70-44e5-8fbc-fc832db55eff,KXHIGHNY-24NOV16-B61.5,122200.449,8,1.0,60.679,46,54,0,63.3,1.8,-14.9,-8.8,-30.8,-5.2,7.0,50.8,25.3,100,0,31599.94,30.2,17.2,15,0,-0.821,2.621,0.0,0.0,0.0,1,7,44,46,13,1,-389.588,-53.0,-54,1
2024-11-15 14:05:19.911102,819a781c-011f-4e57-a3c9-5a39dd04d2db,KXHIGHNY-24NOV16-B59.5,122020.089,92,-1.0,60.668,45,55,1,63.3,3.8,-12.9,-6.8,-28.8,-3.2,7.0,50.8,25.3,100,0,31599.94,30.2,17.2,15,0,1.168,2.632,0.0,0.0,0.0,1,7,45,46,13,1,-394.383,-44.0,-45,0
2024-11-15 14:15:16.541709,f186e2a9-88d3-4c53-ad0a-8842750a36d2,KXHIGHNY-24NOV16-B57.5,121423.458,93,-3.0,60.725,5,95,1,63.3,5.8,-10.9,-4.8,-26.8,-1.2,7.0,50.8,25.3,100,0,31599.94,30.2,17.2,15,0,3.225,2.575,0.0,0.0,0.0,1,5,45,46,13,1,-388.809,-4.0,-5,0
2024-11-15 14:17:00.247502,1621d0c5-f047-4cdd-a26f-d7ca236b37e2,KXHIGHNY-24NOV16-B61.5,121319.752,1,1.0,60.725,46,54,0,63.3,1.8,-14.9,-8.8,-30.8,-5.2,7.0,50.8,25.3,100,0,31599.94,30.2,17.2,15,0,-0.775,2.575,0.0,0.0,0.0,1,5,45,46,13,1,-388.809,-53.0,-54,1
2024-11-15 14:28:26.882545,4ade5216-5b06-4d51-81ef-b03f674ba69c,KXHIGHNY-24NOV16-B61.5,120633.117,41,1.0,60.732,47,53,1,63.3,1.8,-14.9,-8.8,-30.8,-5.2,7.0,50.8,25.3,100,0,31599.94,30.2,17.2,15,0,-0.768,2.568,0.0,0.0,0.0,1,5,45,47,13,1,-393.648,52.0,53,1
2024-11-15 14:28:47.385402,ee8caa91-4a1f-440b-8c39-26ec675010af,KXHIGHNY-24NOV16-B63.5,120612.615,98,3.0,60.63,9,91,1,63.3,-0.2,-16.9,-10.8,-32.8,-7.2,7.0,50.8,25.3,100,0,31599.94,30.2,17.2,15,0,-2.87,2.67,0.0,0.0,0.0,1,5,45,47,9,1,-380.079,-8.0,-9,0
2024-11-15 14:28:47.385402,987e55a6-4697-459a-b598-02a26160de3d,KXHIGHNY-24NOV16-B63.5,120612.615,6,3.0,60.63,9,91,1,63.3,-0.2,-16.9,-10.8,-32.8,-7.2,7.0,50.8,25.3,100,0,31599.94,30.2,17.2,15,0,-2.87,2.67,0.0,0.0,0.0,1,5,45,47,9,1,-380.079,-8.0,-9,0
2024-11-15 14:40:57.861553,3c385691-aa03-46f6-8a76-19f9eb5d5e94,KXHIGHNY-24NOV16-T64,119882.138,69,5.0,60.63,1,99,0,63.3,-2.2,-18.9,-12.8,-34.8,-9.2,7.0,50.8,25.3,100,0,31599.94,30.2,17.2,15,0,-4.87,2.67,0.0,0.0,0.0,1,5,45,47,9,1,-380.079,0.0,1,0
2024-11-15 15:01:46.363027,b813ebb3-f4a5-434b-ab5e-104497d83a28,KXHIGHNY-24NOV16-B61.5,118633.637,100,1.0,60.638,48,52,1,63.3,1.8,-14.9,-8.8,-30.8,-3.2,5.0,50.8,25.3,100,0,31599.94,27.4,15.2,1,0,-0.862,2.662,0.0,0.0,0.0,1,5,45,48,9,1,-384.94,51.0,52,1
2024-11-15 15:01:46.363027,829b7f76-36fc-47b2-90a6-4228c67a9e02,KXHIGHNY-24NOV16-B61.5,118633.637,103,1.0,60.63,47,53,1,63.3,1.8,-14.9,-8.8,-30.8,-3.2,5.0,50.8,25.3,100,0,31599.94,27.4,15.2,1,0,-0.87,2.67,0.0,0.0,0.0,1,5,45,47,9,1,-380.079,52.0,53,1
2024-11-15 15:02:24.807930,93f7ab60-176a-48f1-97d5-c4cc7e3c2eea,KXHIGHNY-24NOV16-B63.5,118595.192,5,3.0,60.63,9,91,1,63.3,-0.2,-16.9,-10.8,-32.8,-5.2,5.0,50.8,25.3,100,0,31599.94,27.4,15.2,1,0,-2.87,2.67,0.0,0.0,0.0,1,5,45,47,9,1,-380.079,-8.0,-9,0
2024-11-15 15:15:36.894522,053e230e-62fd-48be-b6d7-62e448647020,KXHIGHNY-24NOV16-B63.5,117803.105,87,3.0,60.63,9,91,1,63.3,-0.2,-16.9,-10.8,-32.8,-5.2,5.0,50.8,25.3,100,0,31599.94,27.4,15.2,1,0,-2.87,2.67,0.0,0.0,0.0,1,5,45,47,9,1,-380.079,-8.0,-9,0
2024-11-15 15:15:36.894522,1dde22f0-c451-48ce-b806-daf72f764882,KXHIGHNY-24NOV16-B63.5,117803.105,40,3.0,60.682,11,89,1,63.3,-0.2,-16.9,-10.8,-32.8,-5.2,5.0,50.8,25.3,100,0,31599.94,27.4,15.2,1,0,-2.818,2.618,0.0,0.0,0.0,1,5,45,47,11,1,-386.681,-10.0,-11,0
2024-11-15 15:15:36.894522,79094f15-2cc1-40e3-af34-31999071ac50,KXHIGHNY-24NOV16-B63.5,117803.105,100,3.0,60.656,10,90,1,63.3,-0.2,-16.9,-10.8,-32.8,-5.2,5.0,50.8,25.3,100,0,31599.94,27.4,15.2,1,0,-2.844,2.644,0.0,0.0,0.0,1,5,45,47,10,1,-383.33,-9.0,-10,0
2024-11-15 15:15:36.894522,79983c77-32f9-46ca-81c3-baa067a25f6e,KXHIGHNY-24NOV16-B63.5,117803.105,200,3.0,60.707,12,88,1,63.3,-0.2,-16.9,-10.8,-32.8,-5.2,5.0,50.8,25.3,100,0,31599.94,27.4,15.2,1,0,-2.793,2.593,0.0,0.0,0.0,1,5,45,47,12,1,-390.123,-11.0,-12,0
2024-11-15 15:15:36.894522,83fe6b99-2662-4f37-8a63-6bc1ec2e20c8,KXHIGHNY-24NOV16-B63.5,117803.105,200,3.0,60.682,11,89,1,63.3,-0.2,-16.9,-10.8,-32.8,-5.2,5.0,50.8,25.3,100,0,31599.94,27.4,15.2,1,0,-2.818,2.618,0.0,0.0,0.0,1,5,45,47,11,1,-386.681,-10.0,-11,0
2024-11-15 15:15:36.894522,a9d863d8-0f9b-4c73-89a7-b0fb4757c819,KXHIGHNY-24NOV16-B63.5,117803.105,100,3.0,60.656,10,90,1,63.3,-0.2,-16.9,-10.8,-32.8,-5.2,5.0,50.8,25.3,100,0,31599.94,27.4,15.2,1,0,-2.844,2.644,0.0,0.0,0.0,1,5,45,47,10,1,-383.33,-9.0,-10,0
2024-11-15 15:15:36.894522,c1b370c3-29dc-447b-b564-d927048b174d,KXHIGHNY-24NOV16-B63.5,117803.105,79,3.0,60.757,14,86,1,63.3,-0.2,-16.9,-10.8,-32.8,-5.2,5.0,50.8,25.3,100,0,31599.94,27.4,15.2,1,0,-2.743,2.543,0.0,0.0,0.0,1,5,45,47,14,1,-397.251,-13.0,-14,0
2024-11-15 15:15:36.894522,e453b1bf-2fb8-48ec-ace4-c78610305c25,KXHIGHNY-24NOV16-B63.5,117803.105,40,3.0,60.707,12,88,1,63.3,-0.2,-16.9,-10.8,-32.8,-5.2,5.0,50.8,25.3,100,0,31599.94,27.4,15.2,1,0,-2.793,2.593,0.0,0.0,0.0,1,5,45,47,12,1,-390.123,-11.0,-12,0
2024-11-15 15:42:16.664780,df725634-3742-4fd4-922a-fe46cf687ecc,KXHIGHNY-24NOV16-B63.5,116203.335,3,3.0,60.707,12,88,1,63.3,-0.2,-16.9,-10.8,-32.8,-5.2,5.0,50.8,25.3,100,0,31599.94,27.4,15.2,1,0,-2.793,2.593,0.0,0.0,0.0,1,5,45,47,12,1,-390.123,-11.0,-12,0
2024-11-15 15:42:16.664780,a53903b3-87b7-4a1d-b8a3-f59eb5eb7a1e,KXHIGHNY-24NOV16-B63.5,116203.335,4,3.0,60.732,13,87,1,63.3,-0.2,-16.9,-10.8,-32.8,-5.2,5.0,50.8,25.3,100,0,31599.94,27.4,15.2,1,0,-2.768,2.568,0.0,0.0,0.0,1,5,45,47,13,1,-393.648,-12.0,-13,0
2024-11-15 15:42:32.023507,37dd0cfa-d5e0-4dd5-ad0c-55bfdb1c26f3,KXHIGHNY-24NOV16-B57.5,116187.976,7,-3.0,60.821,2,98,0,63.3,5.8,-10.9,-4.8,-26.8,0.8,5.0,50.8,25.3,100,0,31599.94,27.4,15.2,1,0,3.321,2.479,0.0,0.0,0.0,1,2,45,47,13,1,-386.987,1.0,2,0
2024-11-15 15:42:32.323422,12e48bcf-f2ef-4cac-bcbc-475004d93d65,KXHIGHNY-24NOV16-B57.5,116187.677,7,-3.0,60.821,2,98,0,63.3,5.8,-10.9,-4.8,-26.8,0.8,5.0,50.8,25.3,100,0,31599.94,27.4,15.2,1,0,3.321,2.479,0.0,0.0,0.0,1,2,45,47,13,1,-386.987,1.0,2,0
2024-11-15 16:17:09.191529,f2b9c965-d955-4b65-8590-8acf459aa6f0,KXHIGHNY-24NOV16-B59.5,114110.808,2,-1.0,60.846,43,57,1,63.3,3.8,-12.9,-6.8,-28.8,0.2,3.6,50.8,25.3,100,0,31599.94,24.8,15.4,0,0,1.346,2.454,0.0,0.0,0.0,1,2,43,47,13,1,-377.419,-42.0,-43,0
2024-11-15 16:23:55.095193,33fc82c3-3f13-4534-88a7-6f766174fa50,KXHIGHNY-24NOV16-B59.5,113704.905,37,-1.0,60.846,43,57,1,63.3,3.8,-12.9,-6.8,-28.8,0.2,3.6,50.8,25.3,100,0,31599.94,24.8,15.4,0,0,1.346,2.454,0.0,0.0,0.0,1,2,43,47,13,1,-377.419,-42.0,-43,0
2024-11-15 16:24:10.005646,4b25593d-d02f-4b32-81d0-2fce35e4c271,KXHIGHNY-24NOV16-B61.5,113689.994,9,1.0,60.846,47,53,1,63.3,1.8,-14.9,-8.8,-30.8,-1.8,3.6,50.8,25.3,100,0,31599.94,24.8,15.4,0,0,-0.654,2.454,0.0,0.0,0.0,1,2,43,47,13,1,-377.419,52.0,53,1
2024-11-15 16:24:10.005646,ad8611e9-9859-4207-b476-fb8c081bf4b5,KXHIGHNY-24NOV16-B61.5,113689.994,20,1.0,60.858,49,51,1,63.3,1.8,-14.9,-8.8,-30.8,-1.8,3.6,50.8,25.3,100,0,31599.94,24.8,15.4,0,0,-0.642,2.442,0.0,0.0,0.0,1,2,43,49,13,1,-387.161,50.0,51,1
2024-11-15 16:24:10.005646,d766345d-169f-497c-b810-44f6303388b0,KXHIGHNY-24NOV16-B61.5,113689.994,6,1.0,60.891,55,45,1,63.3,1.8,-14.9,-8.8,-30.8,-1.8,3.6,50.8,25.3,100,0,31599.94,24.8,15.4,0,0,-0.609,2.409,0.0,0.0,0.0,1,2,43,55,13,1,-416.866,44.0,45,1
2024-11-15 16:24:23.376444,8b1fe5e7-50a0-45c2-b6de-55e2de5cba59,KXHIGHNY-24NOV16-B63.5,113676.624,10,3.0,60.688,7,93,0,63.3,-0.2,-16.9,-10.8,-32.8,-3.8,3.6,50.8,25.3,100,0,31599.94,24.8,15.4,0,0,-2.812,2.612,0.0,0.0,0.0,1,2,43,47,7,1,-357.696,6.0,7,0
2024-11-15 16:24:41.492664,6157e162-e286-4cad-8fcc-c11897ff6b1f,KXHIGHNY-24NOV16-B61.5,113658.507,3,1.0,60.748,55,45,1,63.3,1.8,-14.9,-8.8,-30.8,-1.8,3.6,50.8,25.3,100,0,31599.94,24.8,15.4,0,0,-0.752,2.552,0.0,0.0,0.0,1,2,43,55,7,1,-397.143,44.0,45,1
2024-11-15 16:28:30.745279,910e9862-c559-455e-b4f3-fb9038d72623,KXHIGHNY-24NOV16-B61.5,113429.255,100,1.0,60.655,43,57,0,63.3,1.8,-14.9,-8.8,-30.8,-1.8,3.6,50.8,25.3,100,0,31599.94,24.8,15.4,0,0,-0.845,2.645,0.0,0.0,0.0,1,2,43,43,7,1,-338.471,-56.0,-57,1
2024-11-15 16:28:30.774878,10d0eeba-a08f-4a22-9a2c-fb24e0cc3e0d,KXHIGHNY-24NOV16-B61.5,113429.225,100,1.0,60.655,43,57,0,63.3,1.8,-14.9,-8.8,-30.8,-1.8,3.6,50.8,25.3,100,0,31599.94,24.8,15.4,0,0,-0.845,2.645,0.0,0.0,0.0,1,2,43,43,7,1,-338.471,-56.0,-57,1
2024-11-15 16:28:30.805623,536062b0-e14a-4376-9165-fbba51793053,KXHIGHNY-24NOV16-B61.5,113429.194,91,1.0,60.646,42,58,0,63.3,1.8,-14.9,-8.8,-30.8,-1.8,3.6,50.8,25.3,100,0,31599.94,24.8,15.4,0,0,-0.854,2.654,0.0,0.0,0.0,1,2,43,42,7,1,-333.721,-57.0,-58,1
2024-11-15 16:28:30.863884,44378714-1332-4ac1-ba6c-10b5e150370f,KXHIGHNY-24NOV16-B57.5,113429.136,100,-3.0,60.52,6,94,1,63.3,5.8,-10.9,-4.8,-26.8,2.2,3.6,50.8,25.3,100,0,31599.94,24.8,15.4,0,0,3.02,2.78,0.0,0.0,0.0,1,6,43,42,7,1,-343.086,-5.0,-6,0
2024-11-15 16:28:30.954856,bc68ac22-7cf0-4245-98a2-da855f599df5,KXHIGHNY-24NOV16-B59.5,113429.045,68,-1.0,60.52,43,57,1,63.3,3.8,-12.9,-6.8,-28.8,0.2,3.6,50.8,25.3,100,0,31599.94,24.8,15.4,0,0,1.02,2.78,0.0,0.0,0.0,1,6,43,42,7,1,-343.086,-42.0,-43,0
2024-11-15 16:30:58.787088,43609d85-722d-4974-b2b5-bf5dae2f98a4,KXHIGHNY-24NOV16-B59.5,113281.213,20,-1.0,60.51,44,56,0,63.3,3.8,-12.9,-6.8,-28.8,0.2,3.6,50.8,25.3,100,0,31599.94,24.8,15.4,0,0,1.01,2.79,0.0,0.0,0.0,1,6,44,42,7,1,-347.858,43.0,44,0
2024-11-15 16:32:17.576935,36f76ed0-db50-47bd-8277-bb52cc8324da,KXHIGHNY-24NOV16-B63.5,113202.423,50,3.0,60.568,9,91,1,63.3,-0.2,-16.9,-10.8,-32.8,-3.8,3.6,50.8,25.3,100,0,31599.94,24.8,15.4,0,0,-2.932,2.732,0.0,0.0,0.0,1,6,44,42,9,1,-354.012,-8.0,-9,0
2024-11-15 16:32:32.208892,8bc45e4c-9c0d-40b6-a701-98cc18d40fa2,KXHIGHNY-24NOV16-B59.5,113187.791,28,-1.0,60.509,50,50,1,63.3,3.8,-12.9,-6.8,-28.8,0.2,3.6,50.8,25.3,100,0,31599.94,24.8,15.4,0,0,1.009,2.791,0.0,0.0,0.0,1,6,50,42,9,1,-383.109,-49.0,-50,0
2024-11-15 16:32:32.208892,d579766a-1f56-4422-8dfe-d3946e211452,KXHIGHNY-24NOV16-B59.5,113187.791,8,-1.0,60.558,45,55,1,63.3,3.8,-12.9,-6.8,-28.8,0.2,3.6,50.8,25.3,100,0,31599.94,24.8,15.4,0,0,1.058,2.742,0.0,0.0,0.0,1,6,45,42,9,1,-358.808,-43.975,-45,0
2024-11-15 16:32:32.208892,a7c67e04-af8f-4378-995f-022be940f1e2,KXHIGHNY-24NOV16-B59.5,113187.791,5,-1.0,60.538,47,53,1,63.3,3.8,-12.9,-6.8,-28.8,0.2,3.6,50.8,25.3,100,0,31599.94,24.8,15.4,0,0,1.038,2.762,0.0,0.0,0.0,1,6,47,42,9,1,-368.465,-45.974,-47,0
2024-11-15 16:32:51.713735,ea628282-1232-44fd-98c2-e9b0cbd52881,KXHIGHNY-24NOV16-B61.5,113168.286,87,1.0,60.527,44,56,1,63.3,1.8,-14.9,-8.8,-30.8,-1.8,3.6,50.8,25.3,100,0,31599.94,24.8,15.4,0,0,-0.973,2.773,0.0,0.0,0.0,1,6,50,44,9,1,-392.631,55.0,56,1
2024-11-15 16:36:10.961008,0234972e-9496-4b63-80c6-f3279bf0c3a2,KXHIGHNY-24NOV16-B57.5,112969.039,4,-3.0,60.447,9,91,0,63.3,5.8,-10.9,-4.8,-26.8,2.2,3.6,50.8,25.3,100,0,31599.94,24.8,15.4,0,0,2.947,2.853,0.0,0.0,0.0,1,9,50,44,9,1,-401.656,8.0,9,0
2024-11-15 16:49:26.149052,bc751acd-5f48-4f70-8fe0-630bfd9a9e3c,KXHIGHNY-24NOV16-B59.5,112173.851,14,-1.0,60.5,44,56,1,63.3,3.8,-12.9,-6.8,-28.8,0.2,3.6,50.8,25.3,100,0,31599.94,24.8,15.4,0,0,1.0,2.8,0.0,0.0,0.0,1,9,44,44,9,1,-372.559,-42.975,-44,0
2024-11-15 16:53:21.089125,6fcb9a9a-2839-47bf-8a35-ad71a9297169,KXHIGHNY-24NOV16-B61.5,111938.911,100,1.0,60.509,45,55,1,63.3,1.8,-14.9,-8.8,-30.8,-1.8,3.6,50.8,25.3,100,0,31599.94,24.8,15.4,0,0,-0.991,2.791,0.0,0.0,0.0,1,9,44,45,9,1,-377.354,54.0,55,1
2024-11-15 16:53:21.089125,180dbc30-071b-4392-b4b0-ff520decc89c,KXHIGHNY-24NOV16-B61.5,111938.911,100,1.0,60.5,44,56,1,63.3,1.8,-14.9,-8.8,-30.8,-1.8,3.6,50.8,25.3,100,0,31599.94,24.8,15.4,0,0,-1.0,2.8,0.0,0.0,0.0,1,9,44,44,9,1,-372.559,55.0,56,1
2024-11-15 16:54:13.427121,bad18c0c-e192-4fe9-b1b3-affc78cf81ac,KXHIGHNY-24NOV16-B63.5,111886.573,1,3.0,60.5,9,91,1,63.3,-0.2,-16.9,-10.8,-32.8,-3.8,3.6,50.8,25.3,100,0,31599.94,24.8,15.4,0,0,-3.0,2.8,0.0,0.0,0.0,1,9,44,44,9,1,-372.559,-8.0,-9,0
2024-11-15 16:59:30.708918,0e02151f-0478-4dbb-aceb-d98ba5c6e8e9,KXHIGHNY-24NOV16-B63.5,111569.291,100,3.0,60.528,10,90,1,63.3,-0.2,-16.9,-10.8,-32.8,-3.8,3.6,50.8,25.3,100,0,31599.94,24.8,15.4,0,0,-2.972,2.772,0.0,0.0,0.0,1,9,44,44,10,1,-375.81,-9.0,-10,0
2024-11-15 16:59:30.708918,08c1ff3d-0878-4008-b59a-33d0900f19d9,KXHIGHNY-24NOV16-B63.5,111569.291,500,3.0,60.581,12,88,1,63.3,-0.2,-16.9,-10.8,-32.8,-3.8,3.6,50.8,25.3,100,0,31599.94,24.8,15.4,0,0,-2.919,2.719,0.0,0.0,0.0,1,9,44,44,12,1,-382.603,-11.0,-12,0
2024-11-15 16:59:30.708918,9a8b4b65-df52-404a-b382-4a2fb37c85f0,KXHIGHNY-24NOV16-B63.5,111569.291,100,3.0,60.528,10,90,1,63.3,-0.2,-16.9,-10.8,-32.8,-3.8,3.6,50.8,25.3,100,0,31599.94,24.8,15.4,0,0,-2.972,2.772,0.0,0.0,0.0,1,9,44,44,10,1,-375.81,-9.0,-10,0
2024-11-15 16:59:30.708918,df3285ca-08e6-4a3d-b677-48a69b849c6d,KXHIGHNY-24NOV16-B63.5,111569.291,240,3.0,60.581,12,88,1,63.3,-0.2,-16.9,-10.8,-32.8,-3.8,3.6,50.8,25.3,100,0,31599.94,24.8,15.4,0,0,-2.919,2.719,0.0,0.0,0.0,1,9,44,44,12,1,-382.603,-11.0,-12,0
2024-11-15 16:59:30.708918,dab34b76-2468-4bd3-84cc-617108a0f0a3,KXHIGHNY-24NOV16-B63.5,111569.291,17,3.0,60.5,9,91,1,63.3,-0.2,-16.9,-10.8,-32.8,-3.8,3.6,50.8,25.3,100,0,31599.94,24.8,15.4,0,0,-3.0,2.8,0.0,0.0,0.0,1,9,44,44,9,1,-372.559,-8.0,-9,0
2024-11-15 16:59:30.708918,ed636259-893b-4cc6-a3f1-cf0c368b2e6a,KXHIGHNY-24NOV16-B63.5,111569.291,240,3.0,60.555,11,89,1,63.3,-0.2,-16.9,-10.8,-32.8,-3.8,3.6,50.8,25.3,100,0,31599.94,24.8,15.4,0,0,-2.945,2.745,0.0,0.0,0.0,1,9,44,44,11,1,-379.161,-10.0,-11,0
2024-11-15 17:05:52.704117,5344e4f5-420d-43f1-9050-f2862888165d,KXHIGHNY-24NOV16-B63.5,111187.296,6,3.0,60.658,15,85,1,63.3,-0.2,-16.9,-10.8,-32.8,-5.7,5.5,50.8,25.3,100,0,31599.94,24.1,12.6,0,0,-2.842,2.642,0.0,0.0,0.0,1,9,44,44,15,1,-393.404,-14.0,-15,0
2024-11-15 17:05:59.681355,0d65efd7-63f4-4ff8-a440-74edd53f97a2,KXHIGHNY-24NOV16-B63.5,111180.319,1,3.0,60.658,15,85,1,63.3,-0.2,-16.9,-10.8,-32.8,-5.7,5.5,50.8,25.3,100,0,31599.94,24.1,12.6,0,0,-2.842,2.642,0.0,0.0,0.0,1,9,44,44,15,1,-393.404,-13.604,-15,0
2024-11-15 17:06:01.881989,1c758ba8-200b-426d-89ae-eb3df6d2cb4c,KXHIGHNY-24NOV16-B63.5,111178.118,1,3.0,60.658,15,85,0,63.3,-0.2,-16.9,-10.8,-32.8,-5.7,5.5,50.8,25.3,100,0,31599.94,24.1,12.6,0,0,-2.842,2.642,0.0,0.0,0.0,1,9,44,44,15,1,-393.404,13.604,15,0
2024-11-15 17:08:29.446589,dd3b9917-9e86-4dae-98b8-717569fc2106,KXHIGHNY-24NOV16-B59.5,111030.553,32,-1.0,60.689,41,59,0,63.3,3.8,-12.9,-6.8,-28.8,-1.7,5.5,50.8,25.3,100,0,31599.94,24.1,12.6,0,0,1.189,2.611,0.0,0.0,0.0,1,9,41,44,15,1,-379.157,39.976,41,0
2024-11-15 17:08:29.446589,a8e40310-057d-48f3-807e-4c3e1558a0a6,KXHIGHNY-24NOV16-B59.5,111030.553,168,-1.0,60.7,40,60,0,63.3,3.8,-12.9,-6.8,-28.8,-1.7,5.5,50.8,25.3,100,0,31599.94,24.1,12.6,0,0,1.2,2.6,0.0,0.0,0.0,1,9,40,44,15,1,-374.455,38.975,40,0
2024-11-15 17:08:29.485544,d804c38b-eafa-4c28-ae7c-f5f9e7ae2abf,KXHIGHNY-24NOV16-B59.5,111030.514,100,-1.0,60.7,40,60,0,63.3,3.8,-12.9,-6.8,-28.8,-1.7,5.5,50.8,25.3,100,0,31599.94,24.1,12.6,0,0,1.2,2.6,0.0,0.0,0.0,1,9,40,44,15,1,-374.455,38.958,40,0
2024-11-15 17:08:29.514697,e06c8df2-9453-4f01-b9bb-3798038bb0e0,KXHIGHNY-24NOV16-B59.5,111030.485,100,-1.0,60.7,40,60,0,63.3,3.8,-12.9,-6.8,-28.8,-1.7,5.5,50.8,25.3,100,0,31599.94,24.1,12.6,0,0,1.2,2.6,0.0,0.0,0.0,1,9,40,44,15,1,-374.455,38.942,40,0
2024-11-15 17:10:18.221397,0a46dcf8-34f4-425d-bed4-65742195af3f,KXHIGHNY-24NOV16-B59.5,110921.779,20,-1.0,60.668,43,57,1,63.3,3.8,-12.9,-6.8,-28.8,-1.7,5.5,50.8,25.3,100,0,31599.94,24.1,12.6,0,0,1.168,2.632,0.0,0.0,0.0,1,9,43,44,15,1,-388.632,-41.934,-43,0
2024-11-15 17:10:18.221397,bcc3bb15-b831-44af-9067-60fa7783e67d,KXHIGHNY-24NOV16-B59.5,110921.779,100,-1.0,60.689,41,59,1,63.3,3.8,-12.9,-6.8,-28.8,-1.7,5.5,50.8,25.3,100,0,31599.94,24.1,12.6,0,0,1.189,2.611,0.0,0.0,0.0,1,9,41,44,15,1,-379.157,-39.901,-41,0
2024-11-15 17:11:34.067519,670f97ac-cd53-49d4-9d67-f198732c143d,KXHIGHNY-24NOV16-B57.5,110845.932,96,-3.0,60.877,2,98,0,63.3,5.8,-10.9,-4.8,-26.8,0.3,5.5,50.8,25.3,100,0,31599.94,24.1,12.6,0,0,3.377,2.423,0.0,0.0,0.0,1,2,43,44,15,1,-370.243,1.0,2,0
2024-11-15 17:12:29.370687,c5ac46dc-6ac0-4054-84d8-ec583c7a93ef,KXHIGHNY-24NOV16-B63.5,110790.629,100,3.0,60.852,14,86,1,63.3,-0.2,-16.9,-10.8,-32.8,-5.7,5.5,50.8,25.3,100,0,31599.94,24.1,12.6,0,0,-2.648,2.448,0.0,0.0,0.0,1,2,43,44,14,1,-366.569,-12.429,-14,0
2024-11-15 17:12:29.370687,b5e6725b-9f36-49d6-b451-2eaa04db4a63,KXHIGHNY-24NOV16-B63.5,110790.629,40,3.0,60.877,15,85,1,63.3,-0.2,-16.9,-10.8,-32.8,-5.7,5.5,50.8,25.3,100,0,31599.94,24.1,12.6,0,0,-2.623,2.423,0.0,0.0,0.0,1,2,43,44,15,1,-370.243,-13.429,-15,0
2024-11-15 17:12:29.370687,a19a0c01-5e25-45a9-8a8c-28c128fbcc78,KXHIGHNY-24NOV16-B63.5,110790.629,100,3.0,60.852,14,86,1,63.3,-0.2,-16.9,-10.8,-32.8,-5.7,5.5,50.8,25.3,100,0,31599.94,24.1,12.6,0,0,-2.648,2.448,0.0,0.0,0.0,1,2,43,44,14,1,-366.569,-12.505,-14,0
2024-11-15 17:12:29.370687,89ad7202-b577-4f5a-953e-7def40d8ec15,KXHIGHNY-24NOV16-B63.5,110790.629,200,3.0,60.877,15,85,1,63.3,-0.2,-16.9,-10.8,-32.8,-5.7,5.5,50.8,25.3,100,0,31599.94,24.1,12.6,0,0,-2.623,2.423,0.0,0.0,0.0,1,2,43,44,15,1,-370.243,-13.52,-15,0
2024-11-15 17:12:29.370687,7412e063-afc6-4851-b271-95c2393d2835,KXHIGHNY-24NOV16-B63.5,110790.629,92,3.0,60.902,16,84,1,63.3,-0.2,-16.9,-10.8,-32.8,-5.7,5.5,50.8,25.3,100,0,31599.94,24.1,12.6,0,0,-2.598,2.398,0.0,0.0,0.0,1,2,43,44,16,1,-373.984,-14.609,-16,0
2024-11-15 17:12:29.370687,0b8dfdc2-7a44-4990-8d0d-ba8f733154fa,KXHIGHNY-24NOV16-B63.5,110790.629,96,3.0,60.827,13,87,1,63.3,-0.2,-16.9,-10.8,-32.8,-5.7,5.5,50.8,25.3,100,0,31599.94,24.1,12.6,0,0,-2.673,2.473,0.0,0.0,0.0,1,2,43,44,13,1,-362.967,-11.609,-13,0
2024-11-15 17:29:33.923428,7ba93312-3882-4a79-ac66-7836a5da278f,KXHIGHNY-24NOV16-B59.5,109766.077,36,-1.0,60.866,40,60,0,63.3,3.8,-12.9,-6.8,-28.8,-1.7,5.5,50.8,25.3,100,0,31599.94,24.1,12.6,0,0,1.366,2.434,0.0,0.0,0.0,1,2,40,44,13,1,-348.79,38.9,40,0
2024-11-15 17:30:22.825189,303461b0-7235-4a2b-bf30-46d182bbc999,KXHIGHNY-24NOV16-B61.5,109717.175,50,1.0,60.866,44,56,1,63.3,1.8,-14.9,-8.8,-30.8,-3.7,5.5,50.8,25.3,100,0,31599.94,24.1,12.6,0,0,-0.634,2.434,0.0,0.0,0.0,1,2,40,44,13,1,-348.79,55.0,56,1
2024-11-15 17:32:17.897305,4d60ff5f-e369-4d51-9bbf-a554e2794e45,KXHIGHNY-24NOV16-B63.5,109602.103,100,3.0,60.813,11,89,0,63.3,-0.2,-16.9,-10.8,-32.8,-5.7,5.5,50.8,25.3,100,0,31599.94,24.1,12.6,0,0,-2.687,2.487,0.0,0.0,0.0,1,2,40,44,11,1,-341.823,9.36,11,0
2024-11-15 17:32:44.072473,cbbddea0-40e9-408c-bda1-745163f3d67e,KXHIGHNY-24NOV16-B57.5,109575.928,49,-3.0,60.594,9,91,1,63.3,5.8,-10.9,-4.8,-26.8,0.3,5.5,50.8,25.3,100,0,31599.94,24.1,12.6,0,0,3.094,2.706,0.0,0.0,0.0,1,9,40,44,11,1,-360.211,-8.0,-9,0
2024-11-15 17:42:09.998202,69a1c8ca-8fd7-4769-91df-6c744f9c1457,KXHIGHNY-24NOV16-B59.5,109010.002,54,-1.0,60.626,37,63,0,63.3,3.8,-12.9,-6.8,-28.8,-1.7,5.5,50.8,25.3,100,0,31599.94,24.1,12.6,0,0,1.126,2.674,0.0,0.0,0.0,1,9,37,44,11,1,-346.26,35.9,37,0
2024-11-15 17:42:09.998202,135a4ff7-2110-46d3-874a-d66baf3c1869,KXHIGHNY-24NOV16-B59.5,109010.002,100,-1.0,60.626,37,63,0,63.3,3.8,-12.9,-6.8,-28.8,-1.7,5.5,50.8,25.3,100,0,31599.94,24.1,12.6,0,0,1.126,2.674,0.0,0.0,0.0,1,9,37,44,11,1,-346.26,35.899,37,0
2024-11-15 17:42:59.978959,54d7818c-db6b-4ba1-80f1-626b98e4a502,KXHIGHNY-24NOV16-B63.5,108960.021,5,3.0,60.626,11,89,1,63.3,-0.2,-16.9,-10.8,-32.8,-5.7,5.5,50.8,25.3,100,0,31599.94,24.1,12.6,0,0,-2.874,2.674,0.0,0.0,0.0,1,9,37,44,11,1,-346.26,-9.355,-11,0
2024-11-15 17:43:16.423713,67401375-3e45-4be7-a1d9-e6f008438740,KXHIGHNY-24NOV16-B63.5,108943.576,1,3.0,60.626,11,89,1,63.3,-0.2,-16.9,-10.8,-32.8,-5.7,5.5,50.8,25.3,100,0,31599.94,24.1,12.6,0,0,-2.874,2.674,0.0,0.0,0.0,1,9,37,44,11,1,-346.26,-9.353,-11,0
2024-11-15 17:43:46.889593,78460646-b086-4b28-ad48-994ffdc38939,KXHIGHNY-24NOV16-B61.5,108913.11,1,1.0,60.609,42,58,0,63.3,1.8,-14.9,-8.8,-30.8,-3.7,5.5,50.8,25.3,100,0,31599.94,24.1,12.6,0,0,-0.891,2.691,0.0,0.0,0.0,1,9,37,42,11,1,-336.738,-57.0,-58,1
2024-11-15 17:43:56.919674,f45611d7-07ad-415e-af3a-9580214d80b7,KXHIGHNY-24NOV16-B59.5,108903.08,1,-1.0,60.62,36,64,0,63.3,3.8,-12.9,-6.8,-28.8,-1.7,5.5,50.8,25.3,100,0,31599.94,24.1,12.6,0,0,1.12,2.68,0.0,0.0,0.0,1,9,36,42,11,1,-332.141,34.909,36,0
2024-11-15 17:45:18.465941,725335ae-da49-41cf-9886-af689ec49ea0,KXHIGHNY-24NOV16-B61.5,108821.534,1,1.0,60.662,47,53,1,63.3,1.8,-14.9,-8.8,-30.8,-3.7,5.5,50.8,25.3,100,0,31599.94,24.1,12.6,0,0,-0.838,2.638,0.0,0.0,0.0,1,9,36,47,11,1,-356.115,52.0,53,1
2024-11-15 17:47:10.773114,3ce4069b-12d0-4148-b21a-513381e65a03,KXHIGHNY-24NOV16-B63.5,108709.227,427,3.0,60.662,11,89,1,63.3,-0.2,-16.9,-10.8,-32.8,-5.7,5.5,50.8,25.3,100,0,31599.94,24.1,12.6,0,0,-2.838,2.638,0.0,0.0,0.0,1,9,36,47,11,1,-356.115,-9.355,-11,0
2024-11-15 17:54:04.486363,19bfa6d5-4b8f-412a-a118-cc59d09ee5f8,KXHIGHNY-24NOV16-B63.5,108295.514,5,3.0,60.791,16,84,1,63.3,-0.2,-16.9,-10.8,-32.8,-5.7,5.5,50.8,25.3,100,0,31599.94,24.1,12.6,0,0,-2.709,2.509,0.0,0.0,0.0,1,9,36,47,16,1,-374.1,-14.353,-16,0
2024-11-15 17:54:54.413241,8cf40802-41e8-49ad-b260-b92931f71cfc,KXHIGHNY-24NOV16-B63.5,108245.587,12,3.0,60.635,10,90,0,63.3,-0.2,-16.9,-10.8,-32.8,-5.7,5.5,50.8,25.3,100,0,31599.94,24.1,12.6,0,0,-2.865,2.665,0.0,0.0,0.0,1,9,36,47,10,1,-352.764,8.091,10,0
2024-11-15 17:56:16.108329,166ad27f-eaf3-4b57-bd4e-3275bff3bfdd,KXHIGHNY-24NOV16-B63.5,108163.892,1,3.0,60.635,10,90,0,63.3,-0.2,-16.9,-10.8,-32.8,-5.7,5.5,50.8,25.3,100,0,31599.94,24.1,12.6,0,0,-2.865,2.665,0.0,0.0,0.0,1,9,36,47,10,1,-352.764,8.078,10,0
2024-11-15 17:57:38.274360,ccbbd980-ccc3-439f-a4b4-bf69dcee5d13,KXHIGHNY-24NOV16-B61.5,108081.726,99,1.0,60.635,47,53,1,63.3,1.8,-14.9,-8.8,-30.8,-3.7,5.5,50.8,25.3,100,0,31599.94,24.1,12.6,0,0,-0.865,2.665,0.0,0.0,0.0,1,9,36,47,10,1,-352.764,52.0,53,1
2024-11-15 17:57:38.274360,b4a87dd3-c923-495f-98ee-54501f4a38da,KXHIGHNY-24NOV16-B61.5,108081.726,1,1.0,60.635,47,53,1,63.3,1.8,-14.9,-8.8,-30.8,-3.7,5.5,50.8,25.3,100,0,31599.94,24.1,12.6,0,0,-0.865,2.665,0.0,0.0,0.0,1,9,36,47,10,1,-352.764,52.0,53,1
2024-11-15 17:57:38.274360,96b7d1a5-0205-47c0-9d88-9f59b65f7e64,KXHIGHNY-24NOV16-B61.5,108081.726,2,1.0,60.635,47,53,1,63.3,1.8,-14.9,-8.8,-30.8,-3.7,5.5,50.8,25.3,100,0,31599.94,24.1,12.6,0,0,-0.865,2.665,0.0,0.0,0.0,1,9,36,47,10,1,-352.764,52.0,53,1
2024-11-15 18:03:53.229019,8fc09805-cefe-4492-a4cb-83f32faa5288,KXHIGHNY-24NOV16-B57.5,107706.771,4,-3.0,60.635,9,91,1,63.3,5.8,-10.9,-4.8,-26.8,-2.1,7.9,50.8,25.3,100,0,31599.94,33.1,12.1,0,0,3.135,2.665,0.0,0.0,0.0,1,9,36,47,10,1,-352.764,-8.0,-9,0
2024-11-15 18:03:53.229019,5ceb0555-d451-41f4-877a-49003b4c24af,KXHIGHNY-24NOV16-B57.5,107706.771,1,-3.0,60.635,9,91,1,63.3,5.8,-10.9,-4.8,-26.8,-2.1,7.9,50.8,25.3,100,0,31599.94,33.1,12.1,0,0,3.135,2.665,0.0,0.0,0.0,1,9,36,47,10,1,-352.764,-8.0,-9,0
2024-11-15 18:05:24.339671,2f984d53-23b7-4c17-b3eb-bfeeef327d92,KXHIGHNY-24NOV16-B59.5,107615.66,2,-1.0,60.583,41,59,1,63.3,3.8,-12.9,-6.8,-28.8,-4.1,7.9,50.8,25.3,100,0,31599.94,33.1,12.1,0,0,1.083,2.717,0.0,0.0,0.0,1,9,41,47,10,1,-376.014,-39.909,-41,0
2024-11-15 18:08:14.936906,41ba316b-eef4-4aa6-a3ef-d629e44700fe,KXHIGHNY-24NOV16-B63.5,107445.063,20,3.0,60.635,12,88,0,63.3,-0.2,-16.9,-10.8,-32.8,-8.1,7.9,50.8,25.3,100,0,31599.94,33.1,12.1,0,0,-2.865,2.665,0.0,0.0,0.0,1,9,41,47,12,1,-382.807,10.076,12,0
2024-11-15 18:08:43.533472,0e5cc377-c6dd-4cd6-836a-a409c41c60a4,KXHIGHNY-24NOV16-B63.5,107416.467,25,3.0,60.635,12,88,0,63.3,-0.2,-16.9,-10.8,-32.8,-8.1,7.9,50.8,25.3,100,0,31599.94,33.1,12.1,0,0,-2.865,2.665,0.0,0.0,0.0,1,9,41,47,12,1,-382.807,10.04,12,0
2024-11-15 18:08:45.754561,0feac5ef-55b9-4332-ab41-04e41571f85b,KXHIGHNY-24NOV16-B63.5,107414.245,20,3.0,60.635,12,88,0,63.3,-0.2,-16.9,-10.8,-32.8,-8.1,7.9,50.8,25.3,100,0,31599.94,33.1,12.1,0,0,-2.865,2.665,0.0,0.0,0.0,1,9,41,47,12,1,-382.807,10.03,12,0
2024-11-15 18:11:31.801071,28671f91-8f0b-41e1-9336-3c9b641c240f,KXHIGHNY-24NOV16-B63.5,107248.199,40,3.0,60.609,11,89,0,63.3,-0.2,-16.9,-10.8,-32.8,-8.1,7.9,50.8,25.3,100,0,31599.94,33.1,12.1,0,0,-2.891,2.691,0.0,0.0,0.0,1,9,41,47,11,1,-379.365,8.969,11,0
2024-11-15 18:11:31.801071,2a427d5b-6f4e-41bc-8fb6-5fcacfcb1a9e,KXHIGHNY-24NOV16-B63.5,107248.199,200,3.0,60.609,11,89,0,63.3,-0.2,-16.9,-10.8,-32.8,-8.1,7.9,50.8,25.3,100,0,31599.94,33.1,12.1,0,0,-2.891,2.691,0.0,0.0,0.0,1,9,41,47,11,1,-379.365,8.902,11,0
2024-11-15 18:12:38.568010,ec3f31e8-c6d1-4f3b-a6c7-54bedb07341a,KXHIGHNY-24NOV16-B61.5,107181.432,100,1.0,60.655,53,47,1,63.3,1.8,-14.9,-8.8,-30.8,-6.1,7.9,50.8,25.3,100,0,31599.94,33.1,12.1,0,0,-0.845,2.645,0.0,0.0,0.0,1,9,41,53,11,1,-408.834,45.996,47,1
2024-11-15 18:12:38.568010,dd64a682-487e-4c78-b03e-a04db2e30cca,KXHIGHNY-24NOV16-B61.5,107181.432,100,1.0,60.648,52,48,1,63.3,1.8,-14.9,-8.8,-30.8,-6.1,7.9,50.8,25.3,100,0,31599.94,33.1,12.1,0,0,-0.852,2.652,0.0,0.0,0.0,1,9,41,52,11,1,-403.873,46.996,48,1
2024-11-15 18:12:38.568010,21df7fbd-b497-489e-ae4c-82ce8691e1e4,KXHIGHNY-24NOV16-B61.5,107181.432,20,1.0,60.633,50,50,1,63.3,1.8,-14.9,-8.8,-30.8,-6.1,7.9,50.8,25.3,100,0,31599.94,33.1,12.1,0,0,-0.867,2.667,0.0,0.0,0.0,1,9,41,50,11,1,-394.009,49.0,50,1
2024-11-15 18:15:39.285613,6c8fce85-7cc1-495b-8692-df90262caab7,KXHIGHNY-24NOV16-T64,107000.714,67,5.0,60.878,7,93,1,63.3,-2.2,-18.9,-12.8,-34.8,-10.1,7.9,50.8,25.3,100,0,31599.94,33.1,12.1,0,0,-4.622,2.422,0.0,0.0,0.0,1,9,41,50,11,7,-407.631,-6.0,-7,0
2024-11-15 18:16:31.276496,e0fbf22e-839f-499e-8352-bf45653ae072,KXHIGHNY-24NOV16-B59.5,106948.724,50,-1.0,60.951,35,65,0,63.3,3.8,-12.9,-6.8,-28.8,-4.1,7.9,50.8,25.3,100,0,31599.94,33.1,12.1,0,0,1.451,2.349,0.0,0.0,0.0,1,9,35,50,11,7,-379.812,33.905,35,0
2024-11-15 18:16:31.276496,2af4eeff-8d69-42fc-87b2-7ea13f458d60,KXHIGHNY-24NOV16-B59.5,106948.724,50,-1.0,60.951,35,65,0,63.3,3.8,-12.9,-6.8,-28.8,-4.1,7.9,50.8,25.3,100,0,31599.94,33.1,12.1,0,0,1.451,2.349,0.0,0.0,0.0,1,9,35,50,11,7,-379.812,33.909,35,0
2024-11-15 18:16:47.153138,df7f8e81-7cbf-4db2-80f6-ad34c12b95ad,KXHIGHNY-24NOV16-B59.5,106932.847,100,-1.0,60.939,36,64,1,63.3,3.8,-12.9,-6.8,-28.8,-4.1,7.9,50.8,25.3,100,0,31599.94,33.1,12.1,0,0,1.439,2.361,0.0,0.0,0.0,1,9,36,50,11,7,-384.381,-34.907,-36,0
2024-11-15 18:17:14.770146,2b74561c-0911-4286-a948-b913322bdce2,KXHIGHNY-24NOV16-B59.5,106905.23,50,-1.0,60.926,37,63,1,63.3,3.8,-12.9,-6.8,-28.8,-4.1,7.9,50.8,25.3,100,0,31599.94,33.1,12.1,0,0,1.426,2.374,0.0,0.0,0.0,1,9,37,50,11,7,-388.978,-35.903,-37,0
2024-11-15 18:17:24.261632,0c95a424-0016-4b6b-b83b-191e16181eb2,KXHIGHNY-24NOV16-B57.5,106895.738,4,-3.0,60.926,9,91,1,63.3,5.8,-10.9,-4.8,-26.8,-2.1,7.9,50.8,25.3,100,0,31599.94,33.1,12.1,0,0,3.426,2.374,0.0,0.0,0.0,1,9,37,50,11,7,-388.978,-7.982,-9,0
2024-11-15 18:17:24.261632,18e0a118-b1b4-443b-b09c-3d03f8b76b5a,KXHIGHNY-24NOV16-B57.5,106895.738,96,-3.0,60.926,9,91,1,63.3,5.8,-10.9,-4.8,-26.8,-2.1,7.9,50.8,25.3,100,0,31599.94,33.1,12.1,0,0,3.426,2.374,0.0,0.0,0.0,1,9,37,50,11,7,-388.978,-7.983,-9,0
2024-11-15 18:17:28.904860,e93b637a-90f2-4366-8d7f-f3746e8c8281,KXHIGHNY-24NOV16-B59.5,106891.095,50,-1.0,60.926,37,63,1,63.3,3.8,-12.9,-6.8,-28.8,-4.1,7.9,50.8,25.3,100,0,31599.94,33.1,12.1,0,0,1.426,2.374,0.0,0.0,0.0,1,9,37,50,11,7,-388.978,-35.906,-37,0
2024-11-15 18:17:28.904860,a016cdc2-18cf-4e85-bac4-1385053fcf0a,KXHIGHNY-24NOV16-B59.5,106891.095,50,-1.0,60.926,37,63,1,63.3,3.8,-12.9,-6.8,-28.8,-4.1,7.9,50.8,25.3,100,0,31599.94,33.1,12.1,0,0,1.426,2.374,0.0,0.0,0.0,1,9,37,50,11,7,-388.978,-35.906,-37,0
2024-11-15 18:17:28.904860,3eb901bf-0cc7-45a0-a037-28a007494507,KXHIGHNY-24NOV16-B59.5,106891.095,28,-1.0,60.914,38,62,1,63.3,3.8,-12.9,-6.8,-28.8,-4.1,7.9,50.8,25.3,100,0,31599.94,33.1,12.1,0,0,1.414,2.386,0.0,0.0,0.0,1,9,38,50,11,7,-393.603,-36.904,-38,0
2024-11-15 18:17:36.461143,9dc45d75-ad76-447b-bee5-413395dd4e35,KXHIGHNY-24NOV16-B57.5,106883.539,50,-3.0,60.914,9,91,1,63.3,5.8,-10.9,-4.8,-26.8,-2.1,7.9,50.8,25.3,100,0,31599.94,33.1,12.1,0,0,3.414,2.386,0.0,0.0,0.0,1,9,38,50,11,7,-393.603,-7.983,-9,0
2024-11-15 18:21:50.797001,afd48ddc-7ba0-44cb-b395-0e842ac48db9,KXHIGHNY-24NOV16-B59.5,106629.203,150,-1.0,60.951,35,65,0,63.3,3.8,-12.9,-6.8,-28.8,-4.1,7.9,50.8,25.3,100,0,31599.94,33.1,12.1,0,0,1.451,2.349,0.0,0.0,0.0,1,9,35,50,11,7,-379.812,33.904,35,0
2024-11-15 18:24:50.910371,d16e07d4-c85d-4f17-be85-948cbe6dc55a,KXHIGHNY-24NOV16-B59.5,106449.09,32,-1.0,60.855,43,57,1,63.3,3.8,-12.9,-6.8,-28.8,-4.1,7.9,50.8,25.3,100,0,31599.94,33.1,12.1,0,0,1.355,2.445,0.0,0.0,0.0,1,9,43,50,11,7,-417.106,-41.895,-43,0
2024-11-15 18:24:50.910371,cca424c5-0708-439c-a27c-00d8be80c0d5,KXHIGHNY-24NOV16-B59.5,106449.09,100,-1.0,60.878,41,59,1,63.3,3.8,-12.9,-6.8,-28.8,-4.1,7.9,50.8,25.3,100,0,31599.94,33.1,12.1,0,0,1.378,2.422,0.0,0.0,0.0,1,9,41,50,11,7,-407.631,-39.898,-41,0
2024-11-15 18:24:50.910371,4541ee3d-8746-4a59-84bb-717a002f97ac,KXHIGHNY-24NOV16-B59.5,106449.09,100,-1.0,60.878,41,59,1,63.3,3.8,-12.9,-6.8,-28.8,-4.1,7.9,50.8,25.3,100,0,31599.94,33.1,12.1,0,0,1.378,2.422,0.0,0.0,0.0,1,9,41,50,11,7,-407.631,-39.904,-41,0
2024-11-15 18:24:57.384303,d684cf65-084b-4146-ae4a-9fb28d8540c5,KXHIGHNY-24NOV16-B61.5,106442.616,50,1.0,60.873,49,51,0,63.3,1.8,-14.9,-8.8,-30.8,-6.1,7.9,50.8,25.3,100,0,31599.94,33.1,12.1,0,0,-0.627,2.427,0.0,0.0,0.0,1,9,41,49,11,7,-402.729,-49.985,-51,1
2024-11-15 18:25:03.833751,2208b9fe-0535-4aee-a496-44a4ff33e759,KXHIGHNY-24NOV16-B59.5,106436.166,100,-1.0,60.839,44,56,1,63.3,3.8,-12.9,-6.8,-28.8,-4.1,7.9,50.8,25.3,100,0,31599.94,33.1,12.1,0,0,1.339,2.461,0.0,0.0,0.0,1,9,44,49,11,7,-416.977,-42.895,-44,0
2024-11-15 18:25:03.833751,9ae792b4-e84c-491d-aca5-1c64be690450,KXHIGHNY-24NOV16-B59.5,106436.166,18,-1.0,60.828,45,55,1,63.3,3.8,-12.9,-6.8,-28.8,-4.1,7.9,50.8,25.3,100,0,31599.94,33.1,12.1,0,0,1.328,2.472,0.0,0.0,0.0,1,9,45,49,11,7,-421.772,-43.893,-45,0
2024-11-15 18:25:03.833751,ac2c4420-d11e-45fc-baf6-99cd838cba6a,KXHIGHNY-24NOV16-B59.5,106436.166,100,-1.0,60.839,44,56,1,63.3,3.8,-12.9,-6.8,-28.8,-4.1,7.9,50.8,25.3,100,0,31599.94,33.1,12.1,0,0,1.339,2.461,0.0,0.0,0.0,1,9,44,49,11,7,-416.977,-42.842,-44,0
2024-11-15 18:25:13.381389,b0f91a4f-1fb4-46b8-b441-930b75bf1c28,KXHIGHNY-24NOV16-B59.5,106426.619,100,-1.0,60.839,44,56,1,63.3,3.8,-12.9,-6.8,-28.8,-4.1,7.9,50.8,25.3,100,0,31599.94,33.1,12.1,0,0,1.339,2.461,0.0,0.0,0.0,1,9,44,49,11,7,-416.977,-42.837,-44,0
2024-11-15 18:25:13.381389,9f4552b8-318c-4d9a-a664-a0beb225e312,KXHIGHNY-24NOV16-B59.5,106426.619,82,-1.0,60.828,45,55,1,63.3,3.8,-12.9,-6.8,-28.8,-4.1,7.9,50.8,25.3,100,0,31599.94,33.1,12.1,0,0,1.328,2.472,0.0,0.0,0.0,1,9,45,49,11,7,-421.772,-43.838,-45,0
2024-11-15 18:25:13.381389,90a41883-7db6-4109-a9f7-781ca23eb7cd,KXHIGHNY-24NOV16-B59.5,106426.619,15,-1.0,60.817,46,54,1,63.3,3.8,-12.9,-6.8,-28.8,-4.1,7.9,50.8,25.3,100,0,31599.94,33.1,12.1,0,0,1.317,2.483,0.0,0.0,0.0,1,9,46,49,11,7,-426.59,-44.838,-46,0
2024-11-15 18:25:13.381389,36e14197-5251-4f2e-9669-5bf74fad7831,KXHIGHNY-24NOV16-B59.5,106426.619,18,-1.0,60.828,45,55,1,63.3,3.8,-12.9,-6.8,-28.8,-4.1,7.9,50.8,25.3,100,0,31599.94,33.1,12.1,0,0,1.328,2.472,0.0,0.0,0.0,1,9,45,49,11,7,-421.772,-43.842,-45,0
2024-11-15 18:25:23.255221,1b63c898-880e-4391-8459-28e12bf6b59c,KXHIGHNY-24NOV16-B59.5,106416.745,68,-1.0,60.817,46,54,1,63.3,3.8,-12.9,-6.8,-28.8,-4.1,7.9,50.8,25.3,100,0,31599.94,33.1,12.1,0,0,1.317,2.483,0.0,0.0,0.0,1,9,46,49,11,7,-426.59,-44.837,-46,0
2024-11-15 18:28:32.655619,2bff035b-da86-40e7-bb3c-2dea3fd1cade,KXHIGHNY-24NOV16-B61.5,106227.344,1,1.0,60.811,48,52,0,63.3,1.8,-14.9,-8.8,-30.8,-6.1,7.9,50.8,25.3,100,0,31599.94,33.1,12.1,0,0,-0.689,2.489,0.0,0.0,0.0,1,9,46,48,11,7,-421.708,-50.983,-52,1
2024-11-15 18:28:42.898744,e607b3cb-6d2a-455c-97a2-94ab6ca5c487,KXHIGHNY-24NOV16-B61.5,106217.101,1,1.0,60.788,44,56,1,63.3,1.8,-14.9,-8.8,-30.8,-6.1,7.9,50.8,25.3,100,0,31599.94,33.1,12.1,0,0,-0.712,2.512,0.0,0.0,0.0,1,9,46,44,11,7,-402.395,54.976,56,1
2024-11-15 18:28:42.898744,a2a77a2c-da43-421e-adbe-b3bb947c0dd7,KXHIGHNY-24NOV16-B61.5,106217.101,99,1.0,60.788,44,56,1,63.3,1.8,-14.9,-8.8,-30.8,-6.1,7.9,50.8,25.3,100,0,31599.94,33.1,12.1,0,0,-0.712,2.512,0.0,0.0,0.0,1,9,46,44,11,7,-402.395,54.975,56,1
2024-11-15 18:29:29.862054,b7aa012e-44f4-42f3-aaff-d9217c84e3ed,KXHIGHNY-24NOV16-B59.5,106170.138,25,-1.0,60.81,44,56,0,63.3,3.8,-12.9,-6.8,-28.8,-4.1,7.9,50.8,25.3,100,0,31599.94,33.1,12.1,0,0,1.31,2.49,0.0,0.0,0.0,1,9,44,44,11,7,-392.782,42.837,44,0
2024-11-15 18:30:46.737267,d76a8e6b-c76f-4583-8603-b18227158cc2,KXHIGHNY-24NOV16-B63.5,106093.263,12,3.0,60.81,11,89,1,63.3,-0.2,-16.9,-10.8,-32.8,-8.1,7.9,50.8,25.3,100,0,31599.94,33.1,12.1,0,0,-2.69,2.49,0.0,0.0,0.0,1,9,44,44,11,7,-392.782,-8.888,-11,0
2024-11-15 18:35:15.974293,744c1d42-4de0-4326-a50c-2887d4241b85,KXHIGHNY-24NOV16-B61.5,105824.026,100,1.0,60.816,45,55,1,63.3,1.8,-14.9,-8.8,-30.8,-6.1,7.9,50.8,25.3,100,0,31599.94,33.1,12.1,0,0,-0.684,2.484,0.0,0.0,0.0,1,9,44,45,11,7,-397.577,53.976,55,1
2024-11-15 18:35:15.974293,0f936ea2-ac06-4975-9789-7e7923f41d44,KXHIGHNY-24NOV16-B61.5,105824.026,100,1.0,60.816,45,55,1,63.3,1.8,-14.9,-8.8,-30.8,-6.1,7.9,50.8,25.3,100,0,31599.94,33.1,12.1,0,0,-0.684,2.484,0.0,0.0,0.0,1,9,44,45,11,7,-397.577,53.976,55,1
2024-11-15 18:36:54.010632,8949ab44-9798-44ef-8bb5-73b810ca8b56,KXHIGHNY-24NOV16-B61.5,105725.989,10,1.0,60.833,48,52,1,63.3,1.8,-14.9,-8.8,-30.8,-6.1,7.9,50.8,25.3,100,0,31599.94,33.1,12.1,0,0,-0.667,2.467,0.0,0.0,0.0,1,9,44,48,11,7,-412.095,50.976,52,1
2024-11-15 18:37:10.196744,79a5b288-9537-4040-86b0-8598025dc338,KXHIGHNY-24NOV16-B61.5,105709.803,10,1.0,60.833,48,52,1,63.3,1.8,-14.9,-8.8,-30.8,-6.1,7.9,50.8,25.3,100,0,31599.94,33.1,12.1,0,0,-0.667,2.467,0.0,0.0,0.0,1,9,44,48,11,7,-412.095,50.977,52,1
2024-11-15 18:37:10.196744,6a1a8f0d-2e22-468f-a33d-b0a4d01699d9,KXHIGHNY-24NOV16-B61.5,105709.803,90,1.0,60.833,48,52,1,63.3,1.8,-14.9,-8.8,-30.8,-6.1,7.9,50.8,25.3,100,0,31599.94,33.1,12.1,0,0,-0.667,2.467,0.0,0.0,0.0,1,9,44,48,11,7,-412.095,50.977,52,1
2024-11-15 18:40:15.501000,aa4619d1-ff3e-4340-a5fd-41e7670186b4,KXHIGHNY-24NOV16-B63.5,105524.499,5,3.0,60.811,10,90,0,63.3,-0.2,-16.9,-10.8,-32.8,-8.1,7.9,50.8,25.3,100,0,31599.94,33.1,12.1,0,0,-2.689,2.489,0.0,0.0,0.0,1,9,44,48,10,7,-408.744,7.87,10,0
2024-11-15 18:44:57.997915,b25ca07f-c438-4bc7-9381-a2da067079f9,KXHIGHNY-24NOV16-B61.5,105242.002,24,1.0,60.822,50,50,1,63.3,1.8,-14.9,-8.8,-30.8,-6.1,7.9,50.8,25.3,100,0,31599.94,33.1,12.1,0,0,-0.678,2.478,0.0,0.0,0.0,1,9,44,50,10,7,-418.528,48.978,50,1
2024-11-15 18:45:41.961058,7f76ed4f-b586-4e89-8ca3-c4d8258f8cf4,KXHIGHNY-24NOV16-B59.5,105198.039,100,-1.0,60.879,39,61,0,63.3,3.8,-12.9,-6.8,-28.8,-4.1,7.9,50.8,25.3,100,0,31599.94,33.1,12.1,0,0,1.379,2.421,0.0,0.0,0.0,1,9,39,50,10,7,-394.902,37.836,39,0
2024-11-15 18:48:11.001486,3c8ecdfc-b497-4adb-a677-555f61837ad4,KXHIGHNY-24NOV16-B59.5,105048.999,100,-1.0,60.891,38,62,0,63.3,3.8,-12.9,-6.8,-28.8,-4.1,7.9,50.8,25.3,100,0,31599.94,33.1,12.1,0,0,1.391,2.409,0.0,0.0,0.0,1,9,38,50,10,7,-390.252,36.829,38,0
2024-11-15 18:51:46.133575,459c7bff-f62c-4f9f-a3c2-8d40f09f8773,KXHIGHNY-24NOV16-B63.5,104833.866,80,3.0,60.958,13,87,1,63.3,-0.2,-16.9,-10.8,-32.8,-8.1,7.9,50.8,25.3,100,0,31599.94,33.1,12.1,0,0,-2.542,2.342,0.0,0.0,0.0,1,9,38,50,13,7,-400.57,-10.818,-13,0
2024-11-15 18:51:46.133575,116c724b-672b-4d7a-9884-7c0c49298863,KXHIGHNY-24NOV16-B63.5,104833.866,23,3.0,60.979,14,86,1,63.3,-0.2,-16.9,-10.8,-32.8,-8.1,7.9,50.8,25.3,100,0,31599.94,33.1,12.1,0,0,-2.521,2.321,0.0,0.0,0.0,1,9,38,50,14,7,-404.173,-11.834,-14,0
2024-11-15 18:51:46.133575,8841c116-61af-4c0b-8ab8-a33b8e3d014e,KXHIGHNY-24NOV16-B63.5,104833.866,100,3.0,60.936,12,88,1,63.3,-0.2,-16.9,-10.8,-32.8,-8.1,7.9,50.8,25.3,100,0,31599.94,33.1,12.1,0,0,-2.564,2.364,0.0,0.0,0.0,1,9,38,50,12,7,-397.045,-9.8,-12,0
2024-11-15 18:51:46.133575,d3b3e646-de52-4b0c-9caa-9f98d81b0f81,KXHIGHNY-24NOV16-B63.5,104833.866,40,3.0,60.958,13,87,1,63.3,-0.2,-16.9,-10.8,-32.8,-8.1,7.9,50.8,25.3,100,0,31599.94,33.1,12.1,0,0,-2.542,2.342,0.0,0.0,0.0,1,9,38,50,13,7,-400.57,-10.793,-13,0
2024-11-15 18:51:46.133575,a8c31b12-d26b-4a0f-aea5-e1c8ab834e20,KXHIGHNY-24NOV16-B63.5,104833.866,120,3.0,60.958,13,87,1,63.3,-0.2,-16.9,-10.8,-32.8,-8.1,7.9,50.8,25.3,100,0,31599.94,33.1,12.1,0,0,-2.542,2.342,0.0,0.0,0.0,1,9,38,50,13,7,-400.57,-10.797,-13,0
2024-11-15 18:51:46.133575,ed420080-8d74-4196-81b4-13a2f3038788,KXHIGHNY-24NOV16-B63.5,104833.866,433,3.0,60.914,11,89,1,63.3,-0.2,-16.9,-10.8,-32.8,-8.1,7.9,50.8,25.3,100,0,31599.94,33.1,12.1,0,0,-2.586,2.386,0.0,0.0,0.0,1,9,38,50,11,7,-393.603,-8.759,-11,0
2024-11-15 18:54:30.380403,09030177-4702-4792-983d-ff090fbc03c9,KXHIGHNY-24NOV16-B61.5,104669.62,500,1.0,60.961,46,54,0,63.3,1.8,-14.9,-8.8,-30.8,-6.1,7.9,50.8,25.3,100,0,31599.94,33.1,12.1,0,0,-0.539,2.339,0.0,0.0,0.0,1,9,38,46,14,7,-384.689,-52.971,-54,1
2024-11-15 18:55:41.087570,6043ebce-579c-4f45-829b-c5b54ae91206,KXHIGHNY-24NOV16-B63.5,104598.912,200,3.0,60.983,15,85,1,63.3,-0.2,-16.9,-10.8,-32.8,-8.1,7.9,50.8,25.3,100,0,31599.94,33.1,12.1,0,0,-2.517,2.317,0.0,0.0,0.0,1,9,38,46,15,7,-388.363,-12.671,-15,0
2024-11-15 18:55:41.087570,1f1a06ad-1957-42d0-a15d-a6744118cde3,KXHIGHNY-24NOV16-B63.5,104598.912,65,3.0,61.004,16,84,1,63.3,-0.2,-16.9,-10.8,-32.8,-8.1,7.9,50.8,25.3,100,0,31599.94,33.1,12.1,0,0,-2.496,2.296,0.0,0.0,0.0,1,9,38,46,16,7,-392.104,-13.7,-16,0
2024-11-15 18:55:41.087570,04a8c9ed-eaa8-496c-8eb3-cc02225441e9,KXHIGHNY-24NOV16-B63.5,104598.912,45,3.0,60.983,15,85,1,63.3,-0.2,-16.9,-10.8,-32.8,-8.1,7.9,50.8,25.3,100,0,31599.94,33.1,12.1,0,0,-2.517,2.317,0.0,0.0,0.0,1,9,38,46,15,7,-388.363,-12.729,-15,0
2024-11-15 18:57:04.811593,89262aaf-8bf4-42a4-8c52-e512303315dc,KXHIGHNY-24NOV16-B59.5,104515.188,12,-1.0,60.945,41,59,1,63.3,3.8,-12.9,-6.8,-28.8,-4.1,7.9,50.8,25.3,100,0,31599.94,33.1,12.1,0,0,1.445,2.355,0.0,0.0,0.0,1,9,41,46,15,7,-402.391,-39.824,-41,0
2024-11-15 18:57:40.447977,863fcd50-9701-4cff-96f9-0fa033e67634,KXHIGHNY-24NOV16-B63.5,104479.552,200,3.0,60.967,16,84,1,63.3,-0.2,-16.9,-10.8,-32.8,-8.1,7.9,50.8,25.3,100,0,31599.94,33.1,12.1,0,0,-2.533,2.333,0.0,0.0,0.0,1,9,41,46,16,7,-406.132,-13.393,-16,0
2024-11-15 18:57:40.447977,790bcf7c-6f53-40bf-b194-b229a2c8222a,KXHIGHNY-24NOV16-B63.5,104479.552,33,3.0,60.988,17,83,1,63.3,-0.2,-16.9,-10.8,-32.8,-8.1,7.9,50.8,25.3,100,0,31599.94,33.1,12.1,0,0,-2.512,2.312,0.0,0.0,0.0,1,9,41,46,17,7,-409.935,-14.411,-17,0
2024-11-15 18:57:57.831534,614f6add-0dd5-4981-b289-73f1d2b9c0d5,KXHIGHNY-24NOV16-B61.5,104462.168,100,1.0,60.979,44,56,0,63.3,1.8,-14.9,-8.8,-30.8,-6.1,7.9,50.8,25.3,100,0,31599.94,33.1,12.1,0,0,-0.521,2.321,0.0,0.0,0.0,1,9,41,44,17,7,-400.322,-54.962,-56,1
2024-11-15 18:58:05.899944,972d7d19-ce18-4e42-9aff-1bc07ec60d6e,KXHIGHNY-24NOV16-B61.5,104454.1,25,1.0,60.975,43,57,0,63.3,1.8,-14.9,-8.8,-30.8,-6.1,7.9,50.8,25.3,100,0,31599.94,33.1,12.1,0,0,-0.525,2.325,0.0,0.0,0.0,1,9,41,43,17,7,-395.549,-55.961,-57,1
2024-11-15 18:58:11.584837,eeb24687-d90f-466c-bcbd-e3dbd8cb1877,KXHIGHNY-24NOV16-B63.5,104448.415,13,3.0,60.766,8,92,0,63.3,-0.2,-16.9,-10.8,-32.8,-8.1,7.9,50.8,25.3,100,0,31599.94,33.1,12.1,0,0,-2.734,2.534,0.0,0.0,0.0,1,9,41,43,8,7,-364.02,5.39,8,0
2024-11-15 18:58:11.584837,a519b378-634a-454f-a05b-4c2c5fedbf6b,KXHIGHNY-24NOV16-B63.5,104448.415,240,3.0,60.791,9,91,0,63.3,-0.2,-16.9,-10.8,-32.8,-8.1,7.9,50.8,25.3,100,0,31599.94,33.1,12.1,0,0,-2.709,2.509,0.0,0.0,0.0,1,9,41,43,9,7,-367.159,6.39,9,0
2024-11-15 18:58:11.584837,421aa8d0-f606-4030-9a88-4322742fc81e,KXHIGHNY-24NOV16-B63.5,104448.415,20,3.0,60.815,10,90,0,63.3,-0.2,-16.9,-10.8,-32.8,-8.1,7.9,50.8,25.3,100,0,31599.94,33.1,12.1,0,0,-2.685,2.485,0.0,0.0,0.0,1,9,41,43,10,7,-370.41,7.393,10,0
2024-11-15 18:58:17.967228,50f8f336-9f98-49ac-b490-34c1fea3d0ac,KXHIGHNY-24NOV16-B59.5,104442.033,58,-1.0,60.815,41,59,1,63.3,3.8,-12.9,-6.8,-28.8,-4.1,7.9,50.8,25.3,100,0,31599.94,33.1,12.1,0,0,1.315,2.485,0.0,0.0,0.0,1,9,41,43,10,7,-370.41,-39.824,-41,0
2024-11-15 19:01:54.403283,c20657cc-67ac-4a4f-a221-a5205520d02e,KXHIGHNY-24NOV16-B61.5,104225.597,79,1.0,60.845,48,52,1,63.3,1.8,-14.9,-8.8,-30.8,-7.0,8.8,50.8,25.3,100,0,31599.94,36.0,12.2,0,0,-0.655,2.455,0.0,0.0,0.0,1,9,41,48,10,7,-394.496,50.962,52,1
2024-11-15 19:05:50.821019,e3d9ea7a-a453-4418-aaa4-8ad106d82807,KXHIGHNY-24NOV16-B63.5,103989.179,34,3.0,60.822,9,91,0,63.3,-0.2,-16.9,-10.8,-32.8,-9.0,8.8,50.8,25.3,100,0,31599.94,36.0,12.2,0,0,-2.678,2.478,0.0,0.0,0.0,1,9,41,48,9,7,-391.246,6.304,9,0
2024-11-15 19:05:50.821019,b4faa272-06c3-4a69-9889-dfd88d69c604,KXHIGHNY-24NOV16-B63.5,103989.179,1,3.0,60.822,9,91,0,63.3,-0.2,-16.9,-10.8,-32.8,-9.0,8.8,50.8,25.3,100,0,31599.94,36.0,12.2,0,0,-2.678,2.478,0.0,0.0,0.0,1,9,41,48,9,7,-391.246,6.382,9,0
2024-11-15 19:07:04.379522,df995c5c-3bde-4bbb-8271-a840ea9cdc30,KXHIGHNY-24NOV16-B59.5,103915.62,1,-1.0,60.81,42,58,1,63.3,3.8,-12.9,-6.8,-28.8,-5.0,8.8,50.8,25.3,100,0,31599.94,36.0,12.2,0,0,1.31,2.49,0.0,0.0,0.0,1,9,42,48,9,7,-395.971,-40.778,-42,0
2024-11-15 19:08:21.520076,a12edfc1-afe7-46b6-8ab7-a72a5bb4ef62,KXHIGHNY-24NOV16-B59.5,103838.48,1,-1.0,60.882,36,64,0,63.3,3.8,-12.9,-6.8,-28.8,-5.0,8.8,50.8,25.3,100,0,31599.94,36.0,12.2,0,0,1.382,2.418,0.0,0.0,0.0,1,9,36,48,9,7,-367.996,34.768,36,0
2024-11-15 19:09:56.476495,b29d00f7-8494-4ec7-a42a-582b055d7533,KXHIGHNY-24NOV16-B61.5,103743.524,2,1.0,60.887,49,51,1,63.3,1.8,-14.9,-8.8,-30.8,-7.0,8.8,50.8,25.3,100,0,31599.94,36.0,12.2,0,0,-0.613,2.413,0.0,0.0,0.0,1,9,36,49,9,7,-372.877,49.953,51,1
2024-11-15 19:09:56.476495,f3c2a697-acce-416b-9c2e-14b03147c4f7,KXHIGHNY-24NOV16-B61.5,103743.524,20,1.0,60.893,50,50,1,63.3,1.8,-14.9,-8.8,-30.8,-7.0,8.8,50.8,25.3,100,0,31599.94,36.0,12.2,0,0,-0.607,2.407,0.0,0.0,0.0,1,9,36,50,9,7,-377.779,48.954,50,1
2024-11-15 19:15:02.512735,ded6b2fa-3d1b-4f54-b0f0-119474044359,KXHIGHNY-24NOV16-B59.5,103437.487,10,-1.0,60.828,41,59,1,63.3,3.8,-12.9,-6.8,-28.8,-5.0,8.8,50.8,25.3,100,0,31599.94,36.0,12.2,0,0,1.328,2.472,0.0,0.0,0.0,1,9,41,49,9,7,-396.127,-39.77,-41,0
2024-11-15 19:20:17.432108,5c4725dc-1e30-46dd-9f91-1b310eb93a8d,KXHIGHNY-24NOV16-B59.5,103122.568,17,-1.0,60.805,43,57,1,63.3,3.8,-12.9,-6.8,-28.8,-5.0,8.8,50.8,25.3,100,0,31599.94,36.0,12.2,0,0,1.305,2.495,0.0,0.0,0.0,1,9,43,49,9,7,-405.602,-41.769,-43,0
2024-11-15 19:20:18.157537,4089006d-8dca-4a78-8a44-25dd3740d5dd,KXHIGHNY-24NOV16-B61.5,103121.842,80,1.0,60.811,50,50,1,63.3,1.8,-14.9,-8.8,-30.8,-7.0,8.8,50.8,25.3,100,0,31599.94,36.0,12.2,0,0,-0.689,2.489,0.0,0.0,0.0,1,9,43,50,9,7,-410.504,48.534,50,1
2024-11-15 19:20:18.157537,25abc20b-bba5-4a00-9646-7ebf63e2e496,KXHIGHNY-24NOV16-B61.5,103121.842,20,1.0,60.811,50,50,1,63.3,1.8,-14.9,-8.8,-30.8,-7.0,8.8,50.8,25.3,100,0,31599.94,36.0,12.2,0,0,-0.689,2.489,0.0,0.0,0.0,1,9,43,50,9,7,-410.504,48.537,50,1
2024-11-15 19:20:38.643245,907ad49a-01df-449f-a88a-d115db7e1304,KXHIGHNY-24NOV16-B59.5,103101.357,11,-1.0,60.811,43,57,1,63.3,3.8,-12.9,-6.8,-28.8,-5.0,8.8,50.8,25.3,100,0,31599.94,36.0,12.2,0,0,1.311,2.489,0.0,0.0,0.0,1,9,43,50,9,7,-410.504,-41.771,-43,0
2024-11-15 19:22:17.749015,d045b5b9-304e-461b-96fc-80b08b6039fc,KXHIGHNY-24NOV16-B59.5,103002.251,72,-1.0,60.811,43,57,1,63.3,3.8,-12.9,-6.8,-28.8,-5.0,8.8,50.8,25.3,100,0,31599.94,36.0,12.2,0,0,1.311,2.489,0.0,0.0,0.0,1,9,43,50,9,7,-410.504,-41.768,-43,0
2024-11-15 19:22:17.749015,895fda33-7ada-418e-bdbf-cbf68e06ff66,KXHIGHNY-24NOV16-B59.5,103002.251,8,-1.0,60.811,43,57,1,63.3,3.8,-12.9,-6.8,-28.8,-5.0,8.8,50.8,25.3,100,0,31599.94,36.0,12.2,0,0,1.311,2.489,0.0,0.0,0.0,1,9,43,50,9,7,-410.504,-41.771,-43,0
2024-11-15 19:22:23.519741,667f6798-b1b8-4681-bded-538c63484bca,KXHIGHNY-24NOV16-B61.5,102996.48,69,1.0,60.811,50,50,1,63.3,1.8,-14.9,-8.8,-30.8,-7.0,8.8,50.8,25.3,100,0,31599.94,36.0,12.2,0,0,-0.689,2.489,0.0,0.0,0.0,1,9,43,50,9,7,-410.504,48.535,50,1
2024-11-15 19:41:36.578561,25dd0489-cc59-41ce-808a-2e6ee963f238,KXHIGHNY-24NOV16-T64,101843.421,20,5.0,60.605,2,98,0,63.3,-2.2,-18.9,-12.8,-34.8,-11.0,8.8,50.8,25.3,100,0,31599.94,36.0,12.2,0,0,-4.895,2.695,0.0,0.0,0.0,1,9,43,50,9,2,-398.269,1.0,2,0
2024-11-15 19:42:07.456973,2c820f2c-4c0b-4735-9a3c-17ec094d7652,KXHIGHNY-24NOV16-B63.5,101812.543,1,3.0,60.63,10,90,0,63.3,-0.2,-16.9,-10.8,-32.8,-9.0,8.8,50.8,25.3,100,0,31599.94,36.0,12.2,0,0,-2.87,2.67,0.0,0.0,0.0,1,9,43,50,10,2,-401.52,7.287,10,0
2024-11-15 19:42:07.456973,ae3024b8-b81f-41a2-8099-5f19de911407,KXHIGHNY-24NOV16-B63.5,101812.543,10,3.0,60.63,10,90,0,63.3,-0.2,-16.9,-10.8,-32.8,-9.0,8.8,50.8,25.3,100,0,31599.94,36.0,12.2,0,0,-2.87,2.67,0.0,0.0,0.0,1,9,43,50,10,2,-401.52,7.279,10,0
2024-11-15 19:55:14.708490,166e7897-c0a5-4aca-99be-f4efdac68f78,KXHIGHNY-24NOV16-B61.5,101025.292,100,1.0,60.63,50,50,1,63.3,1.8,-14.9,-8.8,-30.8,-7.0,8.8,50.8,25.3,100,0,31599.94,36.0,12.2,0,0,-0.87,2.67,0.0,0.0,0.0,1,9,43,50,10,2,-401.52,48.537,50,1
2024-11-15 20:00:57.455780,1f69bf30-8487-4317-b266-2ae63f03d346,KXHIGHNY-24NOV16-B63.5,100682.544,100,3.0,60.727,14,86,1,63.3,-0.2,-16.9,-10.8,-32.8,-10.1,9.9,50.8,25.3,100,0,31599.94,39.6,13.1,0,0,-2.773,2.573,0.0,0.0,0.0,1,9,43,50,14,2,-415.441,-11.261,-14,0
2024-11-15 20:00:57.455780,05972cd3-257e-4a73-a4da-35e20036ec64,KXHIGHNY-24NOV16-B63.5,100682.544,32,3.0,60.75,15,85,1,63.3,-0.2,-16.9,-10.8,-32.8,-10.1,9.9,50.8,25.3,100,0,31599.94,39.6,13.1,0,0,-2.75,2.55,0.0,0.0,0.0,1,9,43,50,15,2,-419.115,-12.265,-15,0
2024-11-15 20:01:53.095826,c6b0abc9-6799-422b-82ff-421b220ec2d2,KXHIGHNY-24NOV16-B59.5,100626.904,14,-1.0,60.793,39,61,1,63.3,3.8,-12.9,-6.8,-28.8,-6.1,9.9,50.8,25.3,100,0,31599.94,39.6,13.1,0,0,1.293,2.507,0.0,0.0,0.0,1,9,39,50,15,2,-400.262,-37.769,-39,0
2024-11-15 20:05:24.516557,fae9fa59-cb6e-40ac-aba7-4077b871ece7,KXHIGHNY-24NOV16-B61.5,100415.483,20,1.0,60.799,51,49,1,63.3,1.8,-14.9,-8.8,-30.8,-8.1,9.9,50.8,25.3,100,0,31599.94,39.6,13.1,0,0,-0.701,2.501,0.0,0.0,0.0,1,9,39,51,15,2,-405.184,47.539,49,1
2024-11-15 20:05:24.516557,a46090b3-8de8-4b76-bc5e-f8282d383f49,KXHIGHNY-24NOV16-B61.5,100415.483,80,1.0,60.805,52,48,1,63.3,1.8,-14.9,-8.8,-30.8,-8.1,9.9,50.8,25.3,100,0,31599.94,39.6,13.1,0,0,-0.695,2.495,0.0,0.0,0.0,1,9,39,52,15,2,-410.126,46.539,48,1
2024-11-15 20:07:52.198121,46507bd2-55c5-459a-b736-b0208582d5c9,KXHIGHNY-24NOV16-B63.5,100267.802,5,3.0,60.711,11,89,0,63.3,-0.2,-16.9,-10.8,-32.8,-10.1,9.9,50.8,25.3,100,0,31599.94,39.6,13.1,0,0,-2.789,2.589,0.0,0.0,0.0,1,9,39,52,11,2,-395.882,8.257,11,0
2024-11-15 20:11:02.454254,83c9b82e-35be-4cc2-8ff1-43a0062b928d,KXHIGHNY-24NOV16-B63.5,100077.546,65,3.0,60.805,15,85,1,63.3,-0.2,-16.9,-10.8,-32.8,-10.1,9.9,50.8,25.3,100,0,31599.94,39.6,13.1,0,0,-2.695,2.495,0.0,0.0,0.0,1,9,39,52,15,2,-410.126,-12.253,-15,0
2024-11-15 20:11:36.972330,f5def868-edf8-4a06-95f4-0688eaf379d5,KXHIGHNY-24NOV16-B63.5,100043.028,11,3.0,60.711,11,89,0,63.3,-0.2,-16.9,-10.8,-32.8,-10.1,9.9,50.8,25.3,100,0,31599.94,39.6,13.1,0,0,-2.789,2.589,0.0,0.0,0.0,1,9,39,52,11,2,-395.882,8.226,11,0
2024-11-15 20:17:31.770467,72ba7cc2-9fba-4136-89e7-f923e77e5990,KXHIGHNY-24NOV16-B61.5,99688.23,18,1.0,60.711,52,48,1,63.3,1.8,-14.9,-8.8,-30.8,-8.1,9.9,50.8,25.3,100,0,31599.94,39.6,13.1,0,0,-0.789,2.589,0.0,0.0,0.0,1,9,39,52,11,2,-395.882,46.537,48,1
2024-11-15 20:18:47.980171,69a8680e-92c4-49ac-b1a0-03300d2b4eed,KXHIGHNY-24NOV16-B61.5,99612.02,7,1.0,60.717,53,47,1,63.3,1.8,-14.9,-8.8,-30.8,-8.1,9.9,50.8,25.3,100,0,31599.94,39.6,13.1,0,0,-0.783,2.583,0.0,0.0,0.0,1,9,39,53,11,2,-400.843,45.528,47,1
2024-11-15 20:18:47.980171,a238f6cb-a744-41e4-b577-64263d61b473,KXHIGHNY-24NOV16-B61.5,99612.02,2,1.0,60.711,52,48,1,63.3,1.8,-14.9,-8.8,-30.8,-8.1,9.9,50.8,25.3,100,0,31599.94,39.6,13.1,0,0,-0.789,2.589,0.0,0.0,0.0,1,9,39,52,11,2,-395.882,46.528,48,1
2024-11-15 20:18:59.409717,5e255989-1dbd-43bd-af6a-c31b13481811,KXHIGHNY-24NOV16-B61.5,99600.59,45,1.0,60.717,53,47,1,63.3,1.8,-14.9,-8.8,-30.8,-8.1,9.9,50.8,25.3,100,0,31599.94,39.6,13.1,0,0,-0.783,2.583,0.0,0.0,0.0,1,9,39,53,11,2,-400.843,45.527,47,1
2024-11-15 20:19:13.029940,e55263e3-4b5a-4f21-996a-3d6f0f845036,KXHIGHNY-24NOV16-B63.5,99586.97,12,3.0,60.811,15,85,1,63.3,-0.2,-16.9,-10.8,-32.8,-10.1,9.9,50.8,25.3,100,0,31599.94,39.6,13.1,0,0,-2.689,2.489,0.0,0.0,0.0,1,9,39,53,15,2,-415.086,-12.145,-15,0
2024-11-15 20:19:13.097232,0c796f8d-e725-4784-aa33-1373ced7362b,KXHIGHNY-24NOV16-B59.5,99586.903,12,-1.0,60.857,35,65,0,63.3,3.8,-12.9,-6.8,-28.8,-6.1,9.9,50.8,25.3,100,0,31599.94,39.6,13.1,0,0,1.357,2.443,0.0,0.0,0.0,1,9,35,53,15,2,-396.645,33.766,35,0
2024-11-15 20:19:13.116265,81ed8e5e-9f57-458e-a290-3ba48aacd1d8,KXHIGHNY-24NOV16-T57,99586.884,12,-5.0,60.857,1,99,0,63.3,7.8,-8.9,-2.8,-24.8,-2.1,9.9,50.8,25.3,100,0,31599.94,39.6,13.1,0,0,5.357,2.443,0.0,0.0,0.0,1,9,35,53,15,2,-396.645,0.0,1,0
2024-11-15 20:19:13.122892,bcccc0c3-d91e-4945-bb39-b1105ab45ffd,KXHIGHNY-24NOV16-T64,99586.877,12,5.0,60.857,2,98,0,63.3,-2.2,-18.9,-12.8,-34.8,-12.1,9.9,50.8,25.3,100,0,31599.94,39.6,13.1,0,0,-4.643,2.443,0.0,0.0,0.0,1,9,35,53,15,2,-396.645,0.872,2,0
2024-11-15 20:19:13.126803,867262a3-5b91-4e91-834f-4c68070f2d5f,KXHIGHNY-24NOV16-B61.5,99586.873,12,1.0,60.839,50,50,0,63.3,1.8,-14.9,-8.8,-30.8,-8.1,9.9,50.8,25.3,100,0,31599.94,39.6,13.1,0,0,-0.661,2.461,0.0,0.0,0.0,1,9,35,50,15,2,-381.82,-48.509,-50,1
2024-11-15 20:19:13.131164,725ab5e1-f15b-479f-8613-6dd72fe894d9,KXHIGHNY-24NOV16-B57.5,99586.869,12,-3.0,61.096,1,99,0,63.3,5.8,-10.9,-4.8,-26.8,-4.1,9.9,50.8,25.3,100,0,31599.94,39.6,13.1,0,0,3.596,2.204,0.0,0.0,0.0,1,1,35,50,15,2,-362.045,-0.016,1,0
2024-11-15 20:20:30.931521,b2e904ac-cc1a-496a-93bb-1bc2bb938a1c,KXHIGHNY-24NOV16-B59.5,99509.068,18,-1.0,61.066,37,63,1,63.3,3.8,-12.9,-6.8,-28.8,-6.1,9.9,50.8,25.3,100,0,31599.94,39.6,13.1,0,0,1.566,2.234,0.0,0.0,0.0,1,1,37,50,15,2,-371.212,-35.765,-37,0
2024-11-15 20:20:30.995865,16fdf2a8-41ce-4571-82d2-2b26b916024b,KXHIGHNY-24NOV16-B57.5,99509.004,18,-3.0,61.066,1,99,0,63.3,5.8,-10.9,-4.8,-26.8,-4.1,9.9,50.8,25.3,100,0,31599.94,39.6,13.1,0,0,3.566,2.234,0.0,0.0,0.0,1,1,37,50,15,2,-371.212,-0.016,1,0
2024-11-15 20:20:31.018520,e154ec9b-91ef-4d97-b81c-b90fd6576f24,KXHIGHNY-24NOV16-B63.5,99508.981,18,3.0,61.019,13,87,0,63.3,-0.2,-16.9,-10.8,-32.8,-10.1,9.9,50.8,25.3,100,0,31599.94,39.6,13.1,0,0,-2.481,2.281,0.0,0.0,0.0,1,1,37,50,13,2,-363.936,10.097,13,0
2024-11-15 20:20:31.022421,3423db6a-b8c8-406a-9459-b944b031c9de,KXHIGHNY-24NOV16-T64,99508.978,18,5.0,61.019,2,98,0,63.3,-2.2,-18.9,-12.8,-34.8,-12.1,9.9,50.8,25.3,100,0,31599.94,39.6,13.1,0,0,-4.481,2.281,0.0,0.0,0.0,1,1,37,50,13,2,-363.936,0.873,2,0
2024-11-15 20:20:31.026141,da9b0aa4-bdeb-4356-80f3-6fe8785b5612,KXHIGHNY-24NOV16-B61.5,99508.974,18,1.0,61.019,50,50,0,63.3,1.8,-14.9,-8.8,-30.8,-8.1,9.9,50.8,25.3,100,0,31599.94,39.6,13.1,0,0,-0.481,2.281,0.0,0.0,0.0,1,1,37,50,13,2,-363.936,-48.509,-50,1
2024-11-15 20:20:31.029696,b68debe1-947a-42f1-be76-cf09a638049b,KXHIGHNY-24NOV16-T57,99508.97,18,-5.0,61.019,1,99,0,63.3,7.8,-8.9,-2.8,-24.8,-2.1,9.9,50.8,25.3,100,0,31599.94,39.6,13.1,0,0,5.519,2.281,0.0,0.0,0.0,1,1,37,50,13,2,-363.936,0.0,1,0
2024-11-15 20:29:28.898077,d23fd4df-b640-4d70-ab7b-686c3e5c60b7,KXHIGHNY-24NOV16-B61.5,98971.102,20,1.0,61.033,53,47,1,63.3,1.8,-14.9,-8.8,-30.8,-8.1,9.9,50.8,25.3,100,0,31599.94,39.6,13.1,0,0,-0.467,2.267,0.0,0.0,0.0,1,1,37,53,13,2,-378.76,45.501,47,1
2024-11-15 20:29:28.898077,53093ded-27f5-4a01-b4f6-4e1a2689275a,KXHIGHNY-24NOV16-B61.5,98971.102,28,1.0,61.037,54,46,1,63.3,1.8,-14.9,-8.8,-30.8,-8.1,9.9,50.8,25.3,100,0,31599.94,39.6,13.1,0,0,-0.463,2.263,0.0,0.0,0.0,1,1,37,54,13,2,-383.74,44.502,46,1
2024-11-15 20:29:28.898077,4bcda19c-e9c5-4fe1-9bb8-d97ca656e2a6,KXHIGHNY-24NOV16-B61.5,98971.102,2,1.0,61.033,53,47,1,63.3,1.8,-14.9,-8.8,-30.8,-8.1,9.9,50.8,25.3,100,0,31599.94,39.6,13.1,0,0,-0.467,2.267,0.0,0.0,0.0,1,1,37,53,13,2,-378.76,45.504,47,1
2024-11-15 20:29:29.011555,61fea4f9-6e74-446e-884c-b4e3dcb62c3d,KXHIGHNY-24NOV16-T57,98970.988,2,-5.0,61.033,1,99,0,63.3,7.8,-8.9,-2.8,-24.8,-2.1,9.9,50.8,25.3,100,0,31599.94,39.6,13.1,0,0,5.533,2.267,0.0,0.0,0.0,1,1,37,53,13,2,-378.76,0.0,1,0
2024-11-15 20:29:29.019284,a5439b76-38cd-4b70-855d-6552872a64d9,KXHIGHNY-24NOV16-B59.5,98970.981,2,-1.0,61.062,35,65,0,63.3,3.8,-12.9,-6.8,-28.8,-6.1,9.9,50.8,25.3,100,0,31599.94,39.6,13.1,0,0,1.562,2.238,0.0,0.0,0.0,1,1,35,53,13,2,-369.593,33.75,35,0
2024-11-15 20:29:29.025290,477331b5-e6b2-4ea3-95c1-a62090fe73bf,KXHIGHNY-24NOV16-B63.5,98970.975,2,3.0,61.062,13,87,0,63.3,-0.2,-16.9,-10.8,-32.8,-10.1,9.9,50.8,25.3,100,0,31599.94,39.6,13.1,0,0,-2.438,2.238,0.0,0.0,0.0,1,1,35,53,13,2,-369.593,10.093,13,0
2024-11-15 20:29:29.028994,dc7459c5-306b-4a3c-862e-2daa5b26704a,KXHIGHNY-24NOV16-B57.5,98970.971,2,-3.0,61.062,1,99,0,63.3,5.8,-10.9,-4.8,-26.8,-4.1,9.9,50.8,25.3,100,0,31599.94,39.6,13.1,0,0,3.562,2.238,0.0,0.0,0.0,1,1,35,53,13,2,-369.593,-0.016,1,0
2024-11-15 20:29:29.050875,a6bdf548-07d2-458c-80b9-9c286f126f36,KXHIGHNY-24NOV16-T64,98970.949,2,5.0,61.062,2,98,0,63.3,-2.2,-18.9,-12.8,-34.8,-12.1,9.9,50.8,25.3,100,0,31599.94,39.6,13.1,0,0,-4.438,2.238,0.0,0.0,0.0,1,1,35,53,13,2,-369.593,0.876,2,0
2024-11-15 20:38:23.238044,d6e2e5fe-1c2e-43fd-bebf-2df248395963,KXHIGHNY-24NOV16-B59.5,98436.762,13,-1.0,61.047,36,64,1,63.3,3.8,-12.9,-6.8,-28.8,-6.1,9.9,50.8,25.3,100,0,31599.94,39.6,13.1,0,0,1.547,2.253,0.0,0.0,0.0,1,1,36,53,13,2,-374.163,-34.743,-36,0
2024-11-15 20:41:34.151452,1ce58326-132e-4568-9f40-ba0fafcd1d4b,KXHIGHNY-24NOV16-B59.5,98245.849,100,-1.0,61.173,28,72,0,63.3,3.8,-12.9,-6.8,-28.8,-6.1,9.9,50.8,25.3,100,0,31599.94,39.6,13.1,0,0,1.673,2.127,0.0,0.0,0.0,1,1,28,53,13,2,-338.458,26.74,28,0
2024-11-15 20:41:34.151452,2455c738-a4b5-4cd1-b11d-99b6e329478f,KXHIGHNY-24NOV16-B59.5,98245.849,100,-1.0,61.14,30,70,0,63.3,3.8,-12.9,-6.8,-28.8,-6.1,9.9,50.8,25.3,100,0,31599.94,39.6,13.1,0,0,1.64,2.16,0.0,0.0,0.0,1,1,30,53,13,2,-347.192,28.736,30,0
2024-11-15 20:41:34.151452,3f74dd23-cfc4-461a-b41f-b9149398a5e8,KXHIGHNY-24NOV16-B59.5,98245.849,100,-1.0,61.124,31,69,0,63.3,3.8,-12.9,-6.8,-28.8,-6.1,9.9,50.8,25.3,100,0,31599.94,39.6,13.1,0,0,1.624,2.176,0.0,0.0,0.0,1,1,31,53,13,2,-351.61,29.728,31,0
2024-11-15 20:41:34.151452,1882d63f-2087-4993-b0c4-108e0f017e97,KXHIGHNY-24NOV16-B59.5,98245.849,10,-1.0,61.14,30,70,0,63.3,3.8,-12.9,-6.8,-28.8,-6.1,9.9,50.8,25.3,100,0,31599.94,39.6,13.1,0,0,1.64,2.16,0.0,0.0,0.0,1,1,30,53,13,2,-347.192,28.74,30,0
2024-11-15 20:41:34.151452,a0c1185c-d70b-407e-b693-40f32ae11390,KXHIGHNY-24NOV16-B59.5,98245.849,31,-1.0,61.092,33,67,0,63.3,3.8,-12.9,-6.8,-28.8,-6.1,9.9,50.8,25.3,100,0,31599.94,39.6,13.1,0,0,1.592,2.208,0.0,0.0,0.0,1,1,33,53,13,2,-360.541,31.725,33,0
2024-11-15 20:41:34.151452,c2cf6ccb-00f0-4779-b9c1-a14428d570f4,KXHIGHNY-24NOV16-B59.5,98245.849,250,-1.0,61.077,34,66,0,63.3,3.8,-12.9,-6.8,-28.8,-6.1,9.9,50.8,25.3,100,0,31599.94,39.6,13.1,0,0,1.577,2.223,0.0,0.0,0.0,1,1,34,53,13,2,-365.052,32.715,34,0
2024-11-15 20:41:34.151452,ec26b800-6a31-4da9-be29-9e3855033be7,KXHIGHNY-24NOV16-B59.5,98245.849,137,-1.0,61.208,26,74,0,63.3,3.8,-12.9,-6.8,-28.8,-6.1,9.9,50.8,25.3,100,0,31599.94,39.6,13.1,0,0,1.708,2.092,0.0,0.0,0.0,1,1,26,53,13,2,-329.867,24.707,26,0
2024-11-15 20:41:34.151452,58d27f64-81df-4f2b-91a0-a300ceb2c059,KXHIGHNY-24NOV16-B59.5,98245.849,5,-1.0,61.14,30,70,0,63.3,3.8,-12.9,-6.8,-28.8,-6.1,9.9,50.8,25.3,100,0,31599.94,39.6,13.1,0,0,1.64,2.16,0.0,0.0,0.0,1,1,30,53,13,2,-347.192,28.726,30,0
2024-11-15 20:41:44.613057,eea0d85e-e3d2-4f13-9852-ee5de704459f,KXHIGHNY-24NOV16-B61.5,98235.387,20,1.0,61.144,54,46,1,63.3,1.8,-14.9,-8.8,-30.8,-8.1,9.9,50.8,25.3,100,0,31599.94,39.6,13.1,0,0,-0.356,2.156,0.0,0.0,0.0,1,1,30,54,13,2,-352.172,44.466,46,1
2024-11-15 20:41:44.613057,df6def0f-1fd4-415e-9b7b-6d08c5de0277,KXHIGHNY-24NOV16-B61.5,98235.387,80,1.0,61.15,56,44,1,63.3,1.8,-14.9,-8.8,-30.8,-8.1,9.9,50.8,25.3,100,0,31599.94,39.6,13.1,0,0,-0.35,2.15,0.0,0.0,0.0,1,1,30,56,13,2,-362.186,42.492,44,1
2024-11-15 20:41:44.613057,30c8478a-472d-4291-a43d-13ac2fea2803,KXHIGHNY-24NOV16-B61.5,98235.387,100,1.0,61.147,55,45,1,63.3,1.8,-14.9,-8.8,-30.8,-8.1,9.9,50.8,25.3,100,0,31599.94,39.6,13.1,0,0,-0.353,2.153,0.0,0.0,0.0,1,1,30,55,13,2,-357.17,43.493,45,1
2024-11-15 20:42:05.409339,3ee62c96-38c0-4ce1-8b7f-5e18658fffa8,KXHIGHNY-24NOV16-B61.5,98214.591,2,1.0,61.154,57,43,1,63.3,1.8,-14.9,-8.8,-30.8,-8.1,9.9,50.8,25.3,100,0,31599.94,39.6,13.1,0,0,-0.346,2.146,0.0,0.0,0.0,1,1,30,57,13,2,-367.22,41.457,43,1
2024-11-15 20:42:20.660406,de075f44-14d8-4256-9fa8-8aea800c6380,KXHIGHNY-24NOV16-B61.5,98199.34,95,1.0,61.157,58,42,1,63.3,1.8,-14.9,-8.8,-30.8,-8.1,9.9,50.8,25.3,100,0,31599.94,39.6,13.1,0,0,-0.343,2.143,0.0,0.0,0.0,1,1,30,58,13,2,-372.272,40.428,42,1
2024-11-15 20:42:20.660406,1a5e83a6-9721-41e3-9676-7e9635262775,KXHIGHNY-24NOV16-B61.5,98199.34,5,1.0,61.157,58,42,1,63.3,1.8,-14.9,-8.8,-30.8,-8.1,9.9,50.8,25.3,100,0,31599.94,39.6,13.1,0,0,-0.343,2.143,0.0,0.0,0.0,1,1,30,58,13,2,-372.272,40.436,42,1
2024-11-15 20:42:34.865506,eedecf94-306f-4232-a804-5e5ae3f12489,KXHIGHNY-24NOV16-B61.5,98185.134,5,1.0,61.157,58,42,1,63.3,1.8,-14.9,-8.8,-30.8,-8.1,9.9,50.8,25.3,100,0,31599.94,39.6,13.1,0,0,-0.343,2.143,0.0,0.0,0.0,1,1,30,58,13,2,-372.272,40.423,42,1
2024-11-15 20:42:34.865506,33effc97-11ce-4d0e-ae47-b821100f86a0,KXHIGHNY-24NOV16-B61.5,98185.134,45,1.0,61.16,59,41,1,63.3,1.8,-14.9,-8.8,-30.8,-8.1,9.9,50.8,25.3,100,0,31599.94,39.6,13.1,0,0,-0.34,2.14,0.0,0.0,0.0,1,1,30,59,13,2,-377.341,39.427,41,1
2024-11-15 20:44:30.353337,bd7ca119-639f-4093-b2a4-f5dbacacc55f,KXHIGHNY-24NOV16-B61.5,98069.647,20,1.0,61.147,55,45,1,63.3,1.8,-14.9,-8.8,-30.8,-8.1,9.9,50.8,25.3,100,0,31599.94,39.6,13.1,0,0,-0.353,2.153,0.0,0.0,0.0,1,1,30,55,13,2,-357.17,43.422,45,1
2024-11-15 20:47:24.024924,04117961-6f9e-401d-bbaf-44be63344d98,KXHIGHNY-24NOV16-B61.5,97895.975,1,1.0,61.15,56,44,0,63.3,1.8,-14.9,-8.8,-30.8,-8.1,9.9,50.8,25.3,100,0,31599.94,39.6,13.1,0,0,-0.35,2.15,0.0,0.0,0.0,1,1,30,56,13,2,-362.186,-42.418,-44,1
2024-11-15 20:52:01.288258,268d88f9-5f50-4df2-acb8-f562f2717a56,KXHIGHNY-24NOV16-B59.5,97618.712,100,-1.0,61.167,29,71,1,63.3,3.8,-12.9,-6.8,-28.8,-6.1,9.9,50.8,25.3,100,0,31599.94,39.6,13.1,0,0,1.667,2.133,0.0,0.0,0.0,1,1,29,56,13,2,-357.802,-27.656,-29,0
2024-11-15 20:52:01.288258,7e90f1db-57f9-4a68-82a5-7b0b51e68382,KXHIGHNY-24NOV16-B59.5,97618.712,62,-1.0,61.15,30,70,1,63.3,3.8,-12.9,-6.8,-28.8,-6.1,9.9,50.8,25.3,100,0,31599.94,39.6,13.1,0,0,1.65,2.15,0.0,0.0,0.0,1,1,30,56,13,2,-362.186,-28.534,-30,0
2024-11-15 20:55:49.198279,0599ffe5-20b3-454f-8cdc-75f5677afb32,KXHIGHNY-24NOV16-B59.5,97390.802,61,-1.0,61.135,31,69,1,63.3,3.8,-12.9,-6.8,-28.8,-6.1,9.9,50.8,25.3,100,0,31599.94,39.6,13.1,0,0,1.635,2.165,0.0,0.0,0.0,1,1,31,56,13,2,-366.604,-29.517,-31,0
2024-11-15 21:05:44.697981,49cfa404-6cd6-4e80-984a-07e3a485e3c9,KXHIGHNY-24NOV16-B61.5,96795.302,5,1.0,61.138,57,43,1,63.3,1.8,-14.9,-8.8,-30.8,-10.0,11.8,50.8,25.3,100,0,31599.94,36.0,12.1,0,0,-0.362,2.162,0.0,0.0,0.0,1,1,31,57,13,2,-371.638,41.41,43,1
2024-11-15 21:10:47.590719,22df972b-d086-4f1d-9bb2-05f9f5530756,KXHIGHNY-24NOV16-B61.5,96492.409,15,1.0,61.138,57,43,1,63.3,1.8,-14.9,-8.8,-30.8,-10.0,11.8,50.8,25.3,100,0,31599.94,36.0,12.1,0,0,-0.362,2.162,0.0,0.0,0.0,1,1,31,57,13,2,-371.638,41.41,43,1
2024-11-15 21:10:54.770301,6aed56e0-3d5d-47da-b78b-877075bbbf07,KXHIGHNY-24NOV16-B63.5,96485.23,500,3.0,61.16,14,86,1,63.3,-0.2,-16.9,-10.8,-32.8,-12.0,11.8,50.8,25.3,100,0,31599.94,36.0,12.1,0,0,-2.34,2.14,0.0,0.0,0.0,1,1,31,57,14,2,-375.241,-11.093,-14,0
2024-11-15 21:11:06.868757,db39e490-4677-435b-9a33-b940e8ceb883,KXHIGHNY-24NOV16-B61.5,96473.131,1,1.0,61.176,62,38,1,63.3,1.8,-14.9,-8.8,-30.8,-10.0,11.8,50.8,25.3,100,0,31599.94,36.0,12.1,0,0,-0.324,2.124,0.0,0.0,0.0,1,1,31,62,14,2,-400.669,36.39,38,1
2024-11-15 21:12:58.121996,e94a6c8c-a2d4-4d49-b0ae-2de7c1953267,KXHIGHNY-24NOV16-B59.5,96361.878,61,-1.0,61.176,31,69,1,63.3,3.8,-12.9,-6.8,-28.8,-8.0,11.8,50.8,25.3,100,0,31599.94,36.0,12.1,0,0,1.676,2.124,0.0,0.0,0.0,1,1,31,62,14,2,-400.669,-29.481,-31,0
2024-11-15 21:12:58.121996,da735737-8801-4eaa-887e-f4f7c44fde6e,KXHIGHNY-24NOV16-B59.5,96361.878,39,-1.0,61.176,31,69,1,63.3,3.8,-12.9,-6.8,-28.8,-8.0,11.8,50.8,25.3,100,0,31599.94,36.0,12.1,0,0,1.676,2.124,0.0,0.0,0.0,1,1,31,62,14,2,-400.669,-29.477,-31,0
2024-11-15 21:12:58.121996,96d796fa-63fc-44b8-876d-60d2a6a399ba,KXHIGHNY-24NOV16-B59.5,96361.878,100,-1.0,61.176,31,69,1,63.3,3.8,-12.9,-6.8,-28.8,-8.0,11.8,50.8,25.3,100,0,31599.94,36.0,12.1,0,0,1.676,2.124,0.0,0.0,0.0,1,1,31,62,14,2,-400.669,-29.497,-31,0
2024-11-15 21:12:58.121996,70899c90-7636-46b6-8ce1-fbeb11d06555,KXHIGHNY-24NOV16-B59.5,96361.878,38,-1.0,61.176,31,69,1,63.3,3.8,-12.9,-6.8,-28.8,-8.0,11.8,50.8,25.3,100,0,31599.94,36.0,12.1,0,0,1.676,2.124,0.0,0.0,0.0,1,1,31,62,14,2,-400.669,-29.497,-31,0
2024-11-15 21:12:58.217811,73cf80f5-e887-4760-9c4a-4ee73927092c,KXHIGHNY-24NOV16-B61.5,96361.782,38,1.0,61.154,55,45,0,63.3,1.8,-14.9,-8.8,-30.8,-10.0,11.8,50.8,25.3,100,0,31599.94,36.0,12.1,0,0,-0.346,2.146,0.0,0.0,0.0,1,1,31,55,14,2,-365.19,-43.377,-45,1
2024-11-15 21:12:58.243465,c306773d-73b6-4b4e-a30e-03479c768389,KXHIGHNY-24NOV16-B63.5,96361.757,38,3.0,61.154,14,86,0,63.3,-0.2,-16.9,-10.8,-32.8,-12.0,11.8,50.8,25.3,100,0,31599.94,36.0,12.1,0,0,-2.346,2.146,0.0,0.0,0.0,1,1,31,55,14,2,-365.19,11.063,14,0
2024-11-15 21:12:58.247428,be38a1eb-dbeb-4ef7-aa49-1130a1e7468d,KXHIGHNY-24NOV16-B57.5,96361.753,38,-3.0,61.154,1,99,0,63.3,5.8,-10.9,-4.8,-26.8,-6.0,11.8,50.8,25.3,100,0,31599.94,36.0,12.1,0,0,3.654,2.146,0.0,0.0,0.0,1,1,31,55,14,2,-365.19,-0.016,1,0
2024-11-15 21:12:58.267706,f52851c6-f424-4fe1-88a6-e332a757144b,KXHIGHNY-24NOV16-T64,96361.732,38,5.0,61.154,2,98,0,63.3,-2.2,-18.9,-12.8,-34.8,-14.0,11.8,50.8,25.3,100,0,31599.94,36.0,12.1,0,0,-4.346,2.146,0.0,0.0,0.0,1,1,31,55,14,2,-365.19,0.858,2,0
2024-11-15 21:13:23.502691,cdf520ff-8048-4532-8c1d-56ce8116c5ff,KXHIGHNY-24NOV16-B59.5,96336.497,32,-1.0,61.154,31,69,1,63.3,3.8,-12.9,-6.8,-28.8,-8.0,11.8,50.8,25.3,100,0,31599.94,36.0,12.1,0,0,1.654,2.146,0.0,0.0,0.0,1,1,31,55,14,2,-365.19,-29.479,-31,0
2024-11-15 21:13:23.579897,850af8ef-6a79-4ecf-95e9-3eef542a0af4,KXHIGHNY-24NOV16-B61.5,96336.42,32,1.0,61.154,55,45,0,63.3,1.8,-14.9,-8.8,-30.8,-10.0,11.8,50.8,25.3,100,0,31599.94,36.0,12.1,0,0,-0.346,2.146,0.0,0.0,0.0,1,1,31,55,14,2,-365.19,-43.353,-45,1
2024-11-15 21:13:23.606040,b7bb6ab6-3c1e-4994-9444-d8fee140a214,KXHIGHNY-24NOV16-T64,96336.394,32,5.0,61.154,2,98,0,63.3,-2.2,-18.9,-12.8,-34.8,-14.0,11.8,50.8,25.3,100,0,31599.94,36.0,12.1,0,0,-4.346,2.146,0.0,0.0,0.0,1,1,31,55,14,2,-365.19,0.862,2,0
2024-11-15 21:13:23.609914,8a9a924f-1be1-440a-9e65-0f286e47a483,KXHIGHNY-24NOV16-B57.5,96336.39,32,-3.0,61.154,1,99,0,63.3,5.8,-10.9,-4.8,-26.8,-6.0,11.8,50.8,25.3,100,0,31599.94,36.0,12.1,0,0,3.654,2.146,0.0,0.0,0.0,1,1,31,55,14,2,-365.19,-0.015,1,0
2024-11-15 21:13:23.613759,9b79c661-df41-4bc4-aef1-2bf21c88d9ff,KXHIGHNY-24NOV16-B63.5,96336.386,32,3.0,61.154,14,86,0,63.3,-0.2,-16.9,-10.8,-32.8,-12.0,11.8,50.8,25.3,100,0,31599.94,36.0,12.1,0,0,-2.346,2.146,0.0,0.0,0.0,1,1,31,55,14,2,-365.19,11.061,14,0
2024-11-15 21:14:56.589143,9d5716b3-7f4a-4de6-9956-89622e9435cc,KXHIGHNY-24NOV16-B59.5,96243.411,100,-1.0,61.138,32,68,1,63.3,3.8,-12.9,-6.8,-28.8,-8.0,11.8,50.8,25.3,100,0,31599.94,36.0,12.1,0,0,1.638,2.162,0.0,0.0,0.0,1,1,32,55,14,2,-369.64,-30.473,-32,0
2024-11-15 21:14:56.589143,097d17b9-b3fd-46c1-ab15-63d98cf2c092,KXHIGHNY-24NOV16-B59.5,96243.411,68,-1.0,61.138,32,68,1,63.3,3.8,-12.9,-6.8,-28.8,-8.0,11.8,50.8,25.3,100,0,31599.94,36.0,12.1,0,0,1.638,2.162,0.0,0.0,0.0,1,1,32,55,14,2,-369.64,-30.473,-32,0
2024-11-15 21:14:56.683190,cd855748-9f8c-4fc6-ac20-64f2946a7407,KXHIGHNY-24NOV16-B61.5,96243.317,30,1.0,61.138,55,45,0,63.3,1.8,-14.9,-8.8,-30.8,-10.0,11.8,50.8,25.3,100,0,31599.94,36.0,12.1,0,0,-0.362,2.162,0.0,0.0,0.0,1,1,32,55,14,2,-369.64,-43.328,-45,1
2024-11-15 21:14:56.683190,7852b915-0558-4ee5-8537-43619d2c3841,KXHIGHNY-24NOV16-B61.5,96243.317,38,1.0,61.138,55,45,0,63.3,1.8,-14.9,-8.8,-30.8,-10.0,11.8,50.8,25.3,100,0,31599.94,36.0,12.1,0,0,-0.362,2.162,0.0,0.0,0.0,1,1,32,55,14,2,-369.64,-43.329,-45,1
2024-11-15 21:14:56.703052,55c5f8ca-4203-4ff1-96c3-db4b06f57e9b,KXHIGHNY-24NOV16-B63.5,96243.297,68,3.0,61.138,14,86,0,63.3,-0.2,-16.9,-10.8,-32.8,-12.0,11.8,50.8,25.3,100,0,31599.94,36.0,12.1,0,0,-2.362,2.162,0.0,0.0,0.0,1,1,32,55,14,2,-369.64,11.043,14,0
2024-11-15 21:14:56.706904,4ed153fe-88c0-444d-8521-c02abd0d4dd4,KXHIGHNY-24NOV16-T64,96243.293,68,5.0,61.138,2,98,0,63.3,-2.2,-18.9,-12.8,-34.8,-14.0,11.8,50.8,25.3,100,0,31599.94,36.0,12.1,0,0,-4.362,2.162,0.0,0.0,0.0,1,1,32,55,14,2,-369.64,0.863,2,0
2024-11-15 21:15:32.668834,d2eb81ef-55a4-45e2-8101-1bebee6bfa82,KXHIGHNY-24NOV16-B59.5,96207.331,100,-1.0,61.123,33,67,1,63.3,3.8,-12.9,-6.8,-28.8,-8.0,11.8,50.8,25.3,100,0,31599.94,36.0,12.1,0,0,1.623,2.177,0.0,0.0,0.0,1,1,33,55,14,2,-374.121,-31.472,-33,0
2024-11-15 21:15:32.668834,b91afecc-1050-47f7-87fb-9c78fb88e5ca,KXHIGHNY-24NOV16-B59.5,96207.331,62,-1.0,61.123,33,67,1,63.3,3.8,-12.9,-6.8,-28.8,-8.0,11.8,50.8,25.3,100,0,31599.94,36.0,12.1,0,0,1.623,2.177,0.0,0.0,0.0,1,1,33,55,14,2,-374.121,-31.476,-33,0
2024-11-15 21:15:32.758541,a047b78f-31ba-422a-b40a-bd4b364ad42a,KXHIGHNY-24NOV16-B61.5,96207.241,62,1.0,61.119,54,46,0,63.3,1.8,-14.9,-8.8,-30.8,-10.0,11.8,50.8,25.3,100,0,31599.94,36.0,12.1,0,0,-0.381,2.181,0.0,0.0,0.0,1,1,33,54,14,2,-369.123,-44.323,-46,1
2024-11-15 21:15:32.784304,f34ff637-a334-425e-8936-67d97baef695,KXHIGHNY-24NOV16-B63.5,96207.216,62,3.0,61.119,14,86,0,63.3,-0.2,-16.9,-10.8,-32.8,-12.0,11.8,50.8,25.3,100,0,31599.94,36.0,12.1,0,0,-2.381,2.181,0.0,0.0,0.0,1,1,33,54,14,2,-369.123,10.997,14,0
2024-11-15 21:15:32.788262,a696dcae-c441-4523-b489-82de4bac2e49,KXHIGHNY-24NOV16-T64,96207.212,62,5.0,61.119,2,98,0,63.3,-2.2,-18.9,-12.8,-34.8,-14.0,11.8,50.8,25.3,100,0,31599.94,36.0,12.1,0,0,-4.381,2.181,0.0,0.0,0.0,1,1,33,54,14,2,-369.123,0.863,2,0
2024-11-15 21:19:57.393318,b77ebcf7-7ce2-4b2b-b8a7-c31f5eeae0e9,KXHIGHNY-24NOV16-B63.5,95942.607,287,3.0,61.119,14,86,0,63.3,-0.2,-16.9,-10.8,-32.8,-12.0,11.8,50.8,25.3,100,0,31599.94,36.0,12.1,0,0,-2.381,2.181,0.0,0.0,0.0,1,1,33,54,14,2,-369.123,10.99,14,0
2024-11-15 21:55:41.087894,99134d44-bde9-4b36-bf60-b26d34850998,KXHIGHNY-24NOV16-B61.5,93798.912,1,1.0,61.123,55,45,1,63.3,1.8,-14.9,-8.8,-30.8,-10.0,11.8,50.8,25.3,100,0,31599.94,36.0,12.1,0,0,-0.377,2.177,0.0,0.0,0.0,1,1,33,55,14,2,-374.121,43.296,45,1
2024-11-15 21:56:51.726240,c6a2322d-238c-4516-b01c-5c60dc7ca82b,KXHIGHNY-24NOV16-B59.5,93728.274,1,-1.0,61.078,36,64,1,63.3,3.8,-12.9,-6.8,-28.8,-8.0,11.8,50.8,25.3,100,0,31599.94,36.0,12.1,0,0,1.578,2.222,0.0,0.0,0.0,1,1,36,55,14,2,-387.743,-34.472,-36,0
2024-11-15 22:08:53.120875,a95bb118-3cb9-47af-be40-2a1543420ade,KXHIGHNY-24NOV16-B59.5,93006.879,1,-1.0,61.078,36,64,1,63.3,3.8,-12.9,-6.8,-28.8,-8.2,12.0,50.8,25.3,100,0,31599.94,47.5,15.9,0,0,1.578,2.222,0.0,0.0,0.0,1,1,36,55,14,2,-387.743,-34.468,-36,0
2024-11-15 22:10:16.137203,fde8b12b-c063-48ef-a009-dad9fd419b8e,KXHIGHNY-24NOV16-B57.5,92923.863,13,-3.0,60.921,6,94,1,63.3,5.8,-10.9,-4.8,-26.8,-6.2,12.0,50.8,25.3,100,0,31599.94,47.5,15.9,0,0,3.421,2.379,0.0,0.0,0.0,1,6,36,55,14,2,-398.494,-4.986,-6,0
2024-11-15 22:10:16.137203,c696794d-d9cc-41c0-aba9-c9a6e8cadfe4,KXHIGHNY-24NOV16-B57.5,92923.863,50,-3.0,60.951,5,95,1,63.3,5.8,-10.9,-4.8,-26.8,-6.2,12.0,50.8,25.3,100,0,31599.94,47.5,15.9,0,0,3.451,2.349,0.0,0.0,0.0,1,5,36,55,14,2,-395.79,-3.986,-5,0
2024-11-15 22:12:51.660046,ac6b85f2-c437-4c50-965c-f5cd70cd103d,KXHIGHNY-24NOV16-B59.5,92768.34,15,-1.0,60.951,36,64,1,63.3,3.8,-12.9,-6.8,-28.8,-8.2,12.0,50.8,25.3,100,0,31599.94,47.5,15.9,0,0,1.451,2.349,0.0,0.0,0.0,1,5,36,55,14,2,-395.79,-34.461,-36,0
2024-11-15 22:12:51.660046,2f77924a-d4e2-4a86-8591-563c745a666b,KXHIGHNY-24NOV16-B59.5,92768.34,35,-1.0,60.951,36,64,1,63.3,3.8,-12.9,-6.8,-28.8,-8.2,12.0,50.8,25.3,100,0,31599.94,47.5,15.9,0,0,1.451,2.349,0.0,0.0,0.0,1,5,36,55,14,2,-395.79,-34.461,-36,0
2024-11-15 22:12:51.715482,534e621d-9cec-4857-906a-35b53a0206b0,KXHIGHNY-24NOV16-B61.5,92768.285,15,1.0,60.931,51,49,0,63.3,1.8,-14.9,-8.8,-30.8,-10.2,12.0,50.8,25.3,100,0,31599.94,47.5,15.9,0,0,-0.569,2.369,0.0,0.0,0.0,1,5,36,51,14,2,-375.91,-47.286,-49,1
2024-11-15 22:12:51.720531,1af0f4f2-b8d4-4935-8ce5-54c647c679c7,KXHIGHNY-24NOV16-B63.5,92768.279,15,3.0,60.931,14,86,0,63.3,-0.2,-16.9,-10.8,-32.8,-12.2,12.0,50.8,25.3,100,0,31599.94,47.5,15.9,0,0,-2.569,2.369,0.0,0.0,0.0,1,5,36,51,14,2,-375.91,10.989,14,0
2024-11-15 22:12:51.724252,0ee76c6e-6d33-4eb9-8a59-ecee765aca20,KXHIGHNY-24NOV16-T64,92768.276,15,5.0,60.931,2,98,0,63.3,-2.2,-18.9,-12.8,-34.8,-14.2,12.0,50.8,25.3,100,0,31599.94,47.5,15.9,0,0,-4.569,2.369,0.0,0.0,0.0,1,5,36,51,14,2,-375.91,0.863,2,0
2024-11-15 22:17:44.230447,a855c876-0790-42c5-8873-7e86d9af0349,KXHIGHNY-24NOV16-B63.5,92475.77,59,3.0,60.977,16,84,1,63.3,-0.2,-16.9,-10.8,-32.8,-12.2,12.0,50.8,25.3,100,0,31599.94,47.5,15.9,0,0,-2.523,2.323,0.0,0.0,0.0,1,5,36,51,16,2,-383.325,-12.962,-16,0
2024-11-15 22:24:00.541137,e912c651-6345-44c9-802f-fd74bd892254,KXHIGHNY-24NOV16-B59.5,92099.459,9,-1.0,60.977,36,64,1,63.3,3.8,-12.9,-6.8,-28.8,-8.2,12.0,50.8,25.3,100,0,31599.94,47.5,15.9,0,0,1.477,2.323,0.0,0.0,0.0,1,5,36,51,16,2,-383.325,-34.457,-36,0
2024-11-15 22:24:00.541137,a73829dc-66a9-4dbf-91dc-82223396aa43,KXHIGHNY-24NOV16-B59.5,92099.459,100,-1.0,60.991,35,65,1,63.3,3.8,-12.9,-6.8,-28.8,-8.2,12.0,50.8,25.3,100,0,31599.94,47.5,15.9,0,0,1.491,2.309,0.0,0.0,0.0,1,5,35,51,16,2,-378.755,-33.458,-35,0
2024-11-15 22:24:46.767419,8f741c51-9abc-4da7-a296-c7f799f606da,KXHIGHNY-24NOV16-B59.5,92053.233,100,-1.0,60.977,36,64,1,63.3,3.8,-12.9,-6.8,-28.8,-8.2,12.0,50.8,25.3,100,0,31599.94,47.5,15.9,0,0,1.477,2.323,0.0,0.0,0.0,1,5,36,51,16,2,-383.325,-34.446,-36,0
2024-11-15 22:24:46.767419,96a0b88d-1ee5-48d6-9b2d-7f99606c18eb,KXHIGHNY-24NOV16-B59.5,92053.233,5,-1.0,60.977,36,64,1,63.3,3.8,-12.9,-6.8,-28.8,-8.2,12.0,50.8,25.3,100,0,31599.94,47.5,15.9,0,0,1.477,2.323,0.0,0.0,0.0,1,5,36,51,16,2,-383.325,-34.412,-36,0
2024-11-15 22:24:46.911105,1ad98421-a7f7-43f7-ae34-ad0c67fb9c24,KXHIGHNY-24NOV16-B61.5,92053.089,5,1.0,60.977,51,49,0,63.3,1.8,-14.9,-8.8,-30.8,-10.2,12.0,50.8,25.3,100,0,31599.94,47.5,15.9,0,0,-0.523,2.323,0.0,0.0,0.0,1,5,36,51,16,2,-383.325,-47.286,-49,1
2024-11-15 22:24:46.916425,20df465f-fdc8-4bf7-a22d-ef858e89871f,KXHIGHNY-24NOV16-T57,92053.084,5,-5.0,60.977,1,99,0,63.3,7.8,-8.9,-2.8,-24.8,-4.2,12.0,50.8,25.3,100,0,31599.94,47.5,15.9,0,0,5.477,2.323,0.0,0.0,0.0,1,5,36,51,16,2,-383.325,0.0,1,0
2024-11-15 22:24:46.922723,7577c988-c9ef-45dc-8e16-04c880c62b0b,KXHIGHNY-24NOV16-B63.5,92053.077,5,3.0,60.931,14,86,0,63.3,-0.2,-16.9,-10.8,-32.8,-12.2,12.0,50.8,25.3,100,0,31599.94,47.5,15.9,0,0,-2.569,2.369,0.0,0.0,0.0,1,5,36,51,14,2,-375.91,10.949,14,0
2024-11-15 22:24:46.926335,65f8290a-bda6-45f2-9a26-5a02a97018a5,KXHIGHNY-24NOV16-T64,92053.074,5,5.0,60.931,2,98,0,63.3,-2.2,-18.9,-12.8,-34.8,-14.2,12.0,50.8,25.3,100,0,31599.94,47.5,15.9,0,0,-4.569,2.369,0.0,0.0,0.0,1,5,36,51,14,2,-375.91,0.791,2,0
2024-11-15 22:24:46.930087,d5638cac-c49a-466b-bf85-1516fec4af01,KXHIGHNY-24NOV16-B59.5,92053.07,160,-1.0,60.931,36,64,0,63.3,3.8,-12.9,-6.8,-28.8,-8.2,12.0,50.8,25.3,100,0,31599.94,47.5,15.9,0,0,1.431,2.369,0.0,0.0,0.0,1,5,36,51,14,2,-375.91,34.389,36,0
2024-11-15 22:24:46.988551,d9b5d145-384a-4697-ba90-9e1609fc9580,KXHIGHNY-24NOV16-T64,92053.011,160,5.0,60.931,2,98,0,63.3,-2.2,-18.9,-12.8,-34.8,-14.2,12.0,50.8,25.3,100,0,31599.94,47.5,15.9,0,0,-4.569,2.369,0.0,0.0,0.0,1,5,36,51,14,2,-375.91,0.792,2,0
2024-11-15 22:24:46.993362,b395e96d-c8b7-48ae-852b-8e81bae75828,KXHIGHNY-24NOV16-B61.5,92053.007,160,1.0,60.926,50,50,0,63.3,1.8,-14.9,-8.8,-30.8,-10.2,12.0,50.8,25.3,100,0,31599.94,47.5,15.9,0,0,-0.574,2.374,0.0,0.0,0.0,1,5,36,50,14,2,-370.988,-48.285,-50,1
2024-11-15 22:24:46.997211,d3b22f2a-5f38-47f8-8ba4-ed9c5a1b9330,KXHIGHNY-24NOV16-B63.5,92053.003,160,3.0,60.926,14,86,0,63.3,-0.2,-16.9,-10.8,-32.8,-12.2,12.0,50.8,25.3,100,0,31599.94,47.5,15.9,0,0,-2.574,2.374,0.0,0.0,0.0,1,5,36,50,14,2,-370.988,10.929,14,0
2024-11-15 22:24:47.000729,a3341eaf-e1f3-49fc-8334-741fb922d013,KXHIGHNY-24NOV16-T57,92052.999,160,-5.0,60.926,1,99,0,63.3,7.8,-8.9,-2.8,-24.8,-4.2,12.0,50.8,25.3,100,0,31599.94,47.5,15.9,0,0,5.426,2.374,0.0,0.0,0.0,1,5,36,50,14,2,-370.988,0.0,1,0
2024-11-15 22:25:05.636375,6f56671c-eddf-4a2f-85ed-da5c4281a603,KXHIGHNY-24NOV16-B59.5,92034.364,10,-1.0,60.913,37,63,1,63.3,3.8,-12.9,-6.8,-28.8,-8.2,12.0,50.8,25.3,100,0,31599.94,47.5,15.9,0,0,1.413,2.387,0.0,0.0,0.0,1,5,37,50,14,2,-375.585,-35.388,-37,0
2024-11-15 22:26:50.981992,432dab00-3e15-43f6-9dd4-1766eb881ddc,KXHIGHNY-24NOV16-B61.5,91929.018,82,1.0,60.934,54,46,1,63.3,1.8,-14.9,-8.8,-30.8,-10.2,12.0,50.8,25.3,100,0,31599.94,47.5,15.9,0,0,-0.566,2.366,0.0,0.0,0.0,1,5,37,54,14,2,-395.389,44.28,46,1
2024-11-15 22:26:56.116052,d779b7cc-53dd-4692-9765-ead05cf996ac,KXHIGHNY-24NOV16-B59.5,91923.884,25,-1.0,60.946,36,64,0,63.3,3.8,-12.9,-6.8,-28.8,-8.2,12.0,50.8,25.3,100,0,31599.94,47.5,15.9,0,0,1.446,2.354,0.0,0.0,0.0,1,5,36,54,14,2,-390.792,34.381,36,0
2024-11-15 22:26:56.116052,bbb6f3d4-18d1-4c45-af99-01ff3e027846,KXHIGHNY-24NOV16-B59.5,91923.884,30,-1.0,60.946,36,64,0,63.3,3.8,-12.9,-6.8,-28.8,-8.2,12.0,50.8,25.3,100,0,31599.94,47.5,15.9,0,0,1.446,2.354,0.0,0.0,0.0,1,5,36,54,14,2,-390.792,34.387,36,0
2024-11-15 22:28:15.286643,61bae0b4-0b72-417f-ad06-e9f62cf4085f,KXHIGHNY-24NOV16-B61.5,91844.713,21,1.0,60.921,49,51,0,63.3,1.8,-14.9,-8.8,-30.8,-10.2,12.0,50.8,25.3,100,0,31599.94,47.5,15.9,0,0,-0.579,2.379,0.0,0.0,0.0,1,5,36,49,14,2,-366.086,-49.236,-51,1
2024-11-15 22:30:22.469385,33a84005-aea5-4d4b-a61e-e4551eac782e,KXHIGHNY-24NOV16-T64,91717.531,93,5.0,60.963,3,97,1,63.3,-2.2,-18.9,-12.8,-34.8,-14.2,12.0,50.8,25.3,100,0,31599.94,47.5,15.9,0,0,-4.537,2.337,0.0,0.0,0.0,1,5,36,49,14,3,-367.996,-1.79,-3,0
2024-11-15 22:34:12.839214,c48e785c-a9c4-48a4-9e1a-1638554bba51,KXHIGHNY-24NOV16-B59.5,91487.161,14,-1.0,60.963,36,64,1,63.3,3.8,-12.9,-6.8,-28.8,-8.2,12.0,50.8,25.3,100,0,31599.94,47.5,15.9,0,0,1.463,2.337,0.0,0.0,0.0,1,5,36,49,14,3,-367.996,-34.364,-36,0
2024-11-15 22:34:12.917260,7ddf48df-fd5d-4eee-966d-39d478d16b88,KXHIGHNY-24NOV16-B63.5,91487.083,14,3.0,60.963,14,86,0,63.3,-0.2,-16.9,-10.8,-32.8,-12.2,12.0,50.8,25.3,100,0,31599.94,47.5,15.9,0,0,-2.537,2.337,0.0,0.0,0.0,1,5,36,49,14,3,-367.996,10.929,14,0
2024-11-15 22:34:12.922368,e1cce9da-66af-47c6-81ef-c6d635204136,KXHIGHNY-24NOV16-T64,91487.078,14,5.0,60.921,2,98,0,63.3,-2.2,-18.9,-12.8,-34.8,-14.2,12.0,50.8,25.3,100,0,31599.94,47.5,15.9,0,0,-4.579,2.379,0.0,0.0,0.0,1,5,36,49,14,2,-366.086,0.76,2,0
2024-11-15 22:34:12.926257,95a17af8-96f8-4e9f-9dd9-5c25649f8bbc,KXHIGHNY-24NOV16-T57,91487.074,14,-5.0,60.921,1,99,0,63.3,7.8,-8.9,-2.8,-24.8,-4.2,12.0,50.8,25.3,100,0,31599.94,47.5,15.9,0,0,5.421,2.379,0.0,0.0,0.0,1,5,36,49,14,2,-366.086,0.0,1,0
2024-11-15 22:34:12.932055,f0c56862-47ee-4b0d-a2e2-e637c090a2e1,KXHIGHNY-24NOV16-B57.5,91487.068,14,-3.0,61.053,1,99,0,63.3,5.8,-10.9,-4.8,-26.8,-6.2,12.0,50.8,25.3,100,0,31599.94,47.5,15.9,0,0,3.553,2.247,0.0,0.0,0.0,1,1,36,49,14,2,-358.039,-0.031,1,0
2024-11-15 22:34:12.937370,ec6f9d02-5f18-4190-9e5b-6325cfd80a1b,KXHIGHNY-24NOV16-B61.5,91487.063,14,1.0,61.053,49,51,0,63.3,1.8,-14.9,-8.8,-30.8,-10.2,12.0,50.8,25.3,100,0,31599.94,47.5,15.9,0,0,-0.447,2.247,0.0,0.0,0.0,1,1,36,49,14,2,-358.039,-49.212,-51,1
2024-11-15 22:34:16.347363,cb4d5d1d-7735-4f13-89a1-ffcec135879e,KXHIGHNY-24NOV16-B61.5,91483.653,24,1.0,61.078,55,45,1,63.3,1.8,-14.9,-8.8,-30.8,-10.2,12.0,50.8,25.3,100,0,31599.94,47.5,15.9,0,0,-0.422,2.222,0.0,0.0,0.0,1,1,36,55,14,2,-387.743,43.171,45,1
2024-11-15 22:34:16.347363,65dcce5d-92cf-40e8-a4a8-1051727b28af,KXHIGHNY-24NOV16-B61.5,91483.653,12,1.0,61.058,50,50,1,63.3,1.8,-14.9,-8.8,-30.8,-10.2,12.0,50.8,25.3,100,0,31599.94,47.5,15.9,0,0,-0.442,2.242,0.0,0.0,0.0,1,1,36,50,14,2,-362.941,48.173,50,1
2024-11-15 22:37:37.137911,97e3508d-aef1-473a-88c0-6ec208bf6e3d,KXHIGHNY-24NOV16-B61.5,91282.862,1,1.0,61.078,55,45,1,63.3,1.8,-14.9,-8.8,-30.8,-10.2,12.0,50.8,25.3,100,0,31599.94,47.5,15.9,0,0,-0.422,2.222,0.0,0.0,0.0,1,1,36,55,14,2,-387.743,43.151,45,1
2024-11-15 22:37:37.137911,86efa596-3770-453c-8119-5e145ad43f23,KXHIGHNY-24NOV16-B61.5,91282.862,20,1.0,61.078,55,45,1,63.3,1.8,-14.9,-8.8,-30.8,-10.2,12.0,50.8,25.3,100,0,31599.94,47.5,15.9,0,0,-0.422,2.222,0.0,0.0,0.0,1,1,36,55,14,2,-387.743,43.155,45,1
2024-11-15 22:37:37.234989,65b71647-b40d-4c8a-a84f-61fe30655056,KXHIGHNY-24NOV16-T57,91282.765,1,-5.0,61.078,1,99,0,63.3,7.8,-8.9,-2.8,-24.8,-4.2,12.0,50.8,25.3,100,0,31599.94,47.5,15.9,0,0,5.578,2.222,0.0,0.0,0.0,1,1,36,55,14,2,-387.743,0.0,1,0
2024-11-15 22:37:37.243247,613c4d1e-0d18-4ee6-b445-878590cc22f4,KXHIGHNY-24NOV16-B63.5,91282.757,1,3.0,61.078,14,86,0,63.3,-0.2,-16.9,-10.8,-32.8,-12.2,12.0,50.8,25.3,100,0,31599.94,47.5,15.9,0,0,-2.422,2.222,0.0,0.0,0.0,1,1,36,55,14,2,-387.743,10.916,14,0
2024-11-15 22:37:37.261546,429f88bb-786d-40ee-a908-274ef3d6abd0,KXHIGHNY-24NOV16-T64,91282.738,1,5.0,61.078,2,98,0,63.3,-2.2,-18.9,-12.8,-34.8,-14.2,12.0,50.8,25.3,100,0,31599.94,47.5,15.9,0,0,-4.422,2.222,0.0,0.0,0.0,1,1,36,55,14,2,-387.743,0.762,2,0
2024-11-15 22:37:37.266076,b65fc8e4-0d2e-463e-8fda-d792cee76377,KXHIGHNY-24NOV16-B57.5,91282.734,1,-3.0,61.078,1,99,0,63.3,5.8,-10.9,-4.8,-26.8,-6.2,12.0,50.8,25.3,100,0,31599.94,47.5,15.9,0,0,3.578,2.222,0.0,0.0,0.0,1,1,36,55,14,2,-387.743,-0.035,1,0
2024-11-15 22:37:37.272447,a7087c7f-7feb-43cd-b26d-a655cc8873c3,KXHIGHNY-24NOV16-B59.5,91282.728,1,-1.0,61.138,32,68,0,63.3,3.8,-12.9,-6.8,-28.8,-8.2,12.0,50.8,25.3,100,0,31599.94,47.5,15.9,0,0,1.638,2.162,0.0,0.0,0.0,1,1,32,55,14,2,-369.64,30.357,32,0
2024-11-15 22:41:51.688784,f64395d4-382f-4c3b-9d5e-fb934fb7d53e,KXHIGHNY-24NOV16-B61.5,91028.311,52,1.0,61.138,55,45,1,63.3,1.8,-14.9,-8.8,-30.8,-10.2,12.0,50.8,25.3,100,0,31599.94,47.5,15.9,0,0,-0.362,2.162,0.0,0.0,0.0,1,1,32,55,14,2,-369.64,43.139,45,1
2024-11-15 22:41:51.754117,9630a266-6b69-4c2f-88eb-855f548d5730,KXHIGHNY-24NOV16-B57.5,91028.246,52,-3.0,61.138,1,99,0,63.3,5.8,-10.9,-4.8,-26.8,-6.2,12.0,50.8,25.3,100,0,31599.94,47.5,15.9,0,0,3.638,2.162,0.0,0.0,0.0,1,1,32,55,14,2,-369.64,-0.035,1,0
2024-11-15 22:41:51.761943,48142070-1eea-403e-921a-0e388306df39,KXHIGHNY-24NOV16-T57,91028.238,52,-5.0,61.138,1,99,0,63.3,7.8,-8.9,-2.8,-24.8,-4.2,12.0,50.8,25.3,100,0,31599.94,47.5,15.9,0,0,5.638,2.162,0.0,0.0,0.0,1,1,32,55,14,2,-369.64,0.0,1,0
2024-11-15 22:41:51.768087,0df2c339-c94a-41a6-ad59-c9aab37c4380,KXHIGHNY-24NOV16-T64,91028.232,52,5.0,61.138,2,98,0,63.3,-2.2,-18.9,-12.8,-34.8,-14.2,12.0,50.8,25.3,100,0,31599.94,47.5,15.9,0,0,-4.362,2.162,0.0,0.0,0.0,1,1,32,55,14,2,-369.64,0.74,2,0
2024-11-15 22:41:51.782637,08bf7179-6460-4287-96a9-4529fa9032cd,KXHIGHNY-24NOV16-B63.5,91028.217,52,3.0,61.138,14,86,0,63.3,-0.2,-16.9,-10.8,-32.8,-12.2,12.0,50.8,25.3,100,0,31599.94,47.5,15.9,0,0,-2.362,2.162,0.0,0.0,0.0,1,1,32,55,14,2,-369.64,10.89,14,0
2024-11-15 22:41:51.786580,1879fb38-d7a6-479a-9710-868be5037b31,KXHIGHNY-24NOV16-B59.5,91028.213,52,-1.0,61.138,32,68,0,63.3,3.8,-12.9,-6.8,-28.8,-8.2,12.0,50.8,25.3,100,0,31599.94,47.5,15.9,0,0,1.638,2.162,0.0,0.0,0.0,1,1,32,55,14,2,-369.64,30.348,32,0
2024-11-15 22:44:34.085435,3192edcb-8e6b-4a92-8ae8-734f8c06bb4c,KXHIGHNY-24NOV16-B59.5,90865.915,32,-1.0,61.093,35,65,1,63.3,3.8,-12.9,-6.8,-28.8,-8.2,12.0,50.8,25.3,100,0,31599.94,47.5,15.9,0,0,1.593,2.207,0.0,0.0,0.0,1,1,35,55,14,2,-383.174,-33.345,-35,0
2024-11-15 22:46:27.086754,2f2e794a-ecf0-46c1-a637-f6f231b29a5d,KXHIGHNY-24NOV16-B63.5,90752.913,16,3.0,61.158,17,83,1,63.3,-0.2,-16.9,-10.8,-32.8,-12.2,12.0,50.8,25.3,100,0,31599.94,47.5,15.9,0,0,-2.342,2.142,0.0,0.0,0.0,1,1,35,55,17,2,-394.391,-13.868,-17,0
2024-11-15 23:00:54.804704,7ef04942-fcae-416c-b8c3-1635d7f45c93,KXHIGHNY-24NOV16-B61.5,89885.195,1,1.0,61.155,54,46,1,63.3,1.8,-14.9,-8.8,-30.8,-11.0,12.8,50.8,25.3,100,0,31599.94,49.7,18.8,0,0,-0.345,2.145,0.0,0.0,0.0,1,1,35,54,17,2,-389.393,44.08,46,1
2024-11-15 23:00:54.804704,221af467-ef61-43ce-835f-85417b39660b,KXHIGHNY-24NOV16-B61.5,89885.195,85,1.0,61.161,56,44,1,63.3,1.8,-14.9,-8.8,-30.8,-11.0,12.8,50.8,25.3,100,0,31599.94,49.7,18.8,0,0,-0.339,2.139,0.0,0.0,0.0,1,1,35,56,17,2,-399.408,42.085,44,1
2024-11-15 23:01:54.759085,76b03b27-9df1-4c6f-815b-9bd3105895a1,KXHIGHNY-24NOV16-B59.5,89825.241,147,-1.0,61.206,32,68,0,63.3,3.8,-12.9,-6.8,-28.8,-9.0,12.8,50.8,25.3,100,0,31599.94,49.7,18.8,0,0,1.706,2.094,0.0,0.0,0.0,1,1,32,56,17,2,-385.874,30.341,32,0
2024-11-15 23:03:19.530103,2c9e5007-b2b3-4db2-8177-f492a3ffc9b2,KXHIGHNY-24NOV16-B59.5,89740.47,71,-1.0,61.206,32,68,1,63.3,3.8,-12.9,-6.8,-28.8,-9.0,12.8,50.8,25.3,100,0,31599.94,49.7,18.8,0,0,1.706,2.094,0.0,0.0,0.0,1,1,32,56,17,2,-385.874,-30.333,-32,0
2024-11-15 23:07:45.028819,a9e55c39-b48a-4197-acf8-49b78a7b9320,KXHIGHNY-24NOV16-B63.5,89474.971,112,3.0,61.227,18,82,1,63.3,-0.2,-16.9,-10.8,-32.8,-13.0,12.8,50.8,25.3,100,0,31599.94,49.7,18.8,0,0,-2.273,2.073,0.0,0.0,0.0,1,1,32,56,18,2,-389.736,-14.835,-18,0
2024-11-15 23:07:45.028819,f8ead242-1ece-4957-b247-9543d62ae9c9,KXHIGHNY-24NOV16-B63.5,89474.971,84,3.0,61.206,17,83,1,63.3,-0.2,-16.9,-10.8,-32.8,-13.0,12.8,50.8,25.3,100,0,31599.94,49.7,18.8,0,0,-2.294,2.094,0.0,0.0,0.0,1,1,32,56,17,2,-385.874,-13.797,-17,0
2024-11-15 23:07:45.028819,716d0943-538d-4a4e-9734-3d0be256fc8e,KXHIGHNY-24NOV16-B63.5,89474.971,16,3.0,61.206,17,83,1,63.3,-0.2,-16.9,-10.8,-32.8,-13.0,12.8,50.8,25.3,100,0,31599.94,49.7,18.8,0,0,-2.294,2.094,0.0,0.0,0.0,1,1,32,56,17,2,-385.874,-13.849,-17,0
2024-11-15 23:12:16.140375,f55b25ec-2c8f-40fb-b38e-bb569127c673,KXHIGHNY-24NOV16-B59.5,89203.86,92,-1.0,61.271,28,72,0,63.3,3.8,-12.9,-6.8,-28.8,-9.0,12.8,50.8,25.3,100,0,31599.94,49.7,18.8,0,0,1.771,2.029,0.0,0.0,0.0,1,1,28,56,17,2,-368.272,26.333,28,0
2024-11-15 23:14:03.831387,b196f4fc-3aa2-45d3-bfc3-7e32fe093639,KXHIGHNY-24NOV16-B61.5,89096.169,1,1.0,61.267,54,46,1,63.3,1.8,-14.9,-8.8,-30.8,-11.0,12.8,50.8,25.3,100,0,31599.94,49.7,18.8,0,0,-0.233,2.033,0.0,0.0,0.0,1,1,28,54,17,2,-358.258,43.951,46,1
2024-11-15 23:14:03.831387,9b126137-e485-4aa6-a79b-a3369f9fbbac,KXHIGHNY-24NOV16-B61.5,89096.169,15,1.0,61.271,56,44,1,63.3,1.8,-14.9,-8.8,-30.8,-11.0,12.8,50.8,25.3,100,0,31599.94,49.7,18.8,0,0,-0.229,2.029,0.0,0.0,0.0,1,1,28,56,17,2,-368.272,41.956,44,1
2024-11-15 23:14:03.831387,8d734929-d231-4a78-b8e4-05698c34e5b2,KXHIGHNY-24NOV16-B61.5,89096.169,58,1.0,61.271,56,44,1,63.3,1.8,-14.9,-8.8,-30.8,-11.0,12.8,50.8,25.3,100,0,31599.94,49.7,18.8,0,0,-0.229,2.029,0.0,0.0,0.0,1,1,28,56,17,2,-368.272,42.013,44,1
2024-11-15 23:14:03.831387,68613ed4-d82c-429b-90d1-2955d69ded8c,KXHIGHNY-24NOV16-B61.5,89096.169,100,1.0,61.269,55,45,1,63.3,1.8,-14.9,-8.8,-30.8,-11.0,12.8,50.8,25.3,100,0,31599.94,49.7,18.8,0,0,-0.231,2.031,0.0,0.0,0.0,1,1,28,55,17,2,-363.256,43.034,45,1
2024-11-15 23:14:26.666242,b83241d7-f0d9-45d6-b6ac-4826b0eb9643,KXHIGHNY-24NOV16-B59.5,89073.334,119,-1.0,61.204,32,68,1,63.3,3.8,-12.9,-6.8,-28.8,-9.0,12.8,50.8,25.3,100,0,31599.94,49.7,18.8,0,0,1.704,2.096,0.0,0.0,0.0,1,1,32,55,17,2,-380.858,-30.317,-32,0
2024-11-15 23:18:45.341555,434aaa0a-9a42-49f3-b225-2b8978bf2743,KXHIGHNY-24NOV16-B59.5,88814.658,68,-1.0,61.204,32,68,1,63.3,3.8,-12.9,-6.8,-28.8,-9.0,12.8,50.8,25.3,100,0,31599.94,49.7,18.8,0,0,1.704,2.096,0.0,0.0,0.0,1,1,32,55,17,2,-380.858,-30.317,-32,0
2024-11-15 23:20:38.125124,e9813df1-8030-448a-bf16-6d8ddf57cda5,KXHIGHNY-24NOV16-T64,88701.875,137,5.0,61.164,1,99,0,63.3,-2.2,-18.9,-12.8,-34.8,-15.0,12.8,50.8,25.3,100,0,31599.94,49.7,18.8,0,0,-4.336,2.136,0.0,0.0,0.0,1,1,32,55,17,1,-379.472,-0.252,1,0
2024-11-15 23:20:38.125124,5e4c5ea3-aa54-40ea-a5a3-8c55a2985985,KXHIGHNY-24NOV16-T64,88701.875,1,5.0,61.204,2,98,0,63.3,-2.2,-18.9,-12.8,-34.8,-15.0,12.8,50.8,25.3,100,0,31599.94,49.7,18.8,0,0,-4.296,2.096,0.0,0.0,0.0,1,1,32,55,17,2,-380.858,0.744,2,0
2024-11-15 23:21:03.514145,ffaad391-7663-47b6-9534-34681f5e7707,KXHIGHNY-24NOV16-B61.5,88676.486,1,1.0,61.206,56,44,1,63.3,1.8,-14.9,-8.8,-30.8,-11.0,12.8,50.8,25.3,100,0,31599.94,49.7,18.8,0,0,-0.294,2.094,0.0,0.0,0.0,1,1,32,56,17,2,-385.874,41.948,44,1
2024-11-15 23:21:03.514145,ef3003fb-7960-4cd0-a4e3-89bc20a4805e,KXHIGHNY-24NOV16-B61.5,88676.486,30,1.0,61.206,56,44,1,63.3,1.8,-14.9,-8.8,-30.8,-11.0,12.8,50.8,25.3,100,0,31599.94,49.7,18.8,0,0,-0.294,2.094,0.0,0.0,0.0,1,1,32,56,17,2,-385.874,41.951,44,1
2024-11-15 23:21:13.651961,b7a15f74-9aa2-49d7-9b0a-6eb8aa8285f7,KXHIGHNY-24NOV16-B59.5,88666.348,16,-1.0,61.161,35,65,1,63.3,3.8,-12.9,-6.8,-28.8,-9.0,12.8,50.8,25.3,100,0,31599.94,49.7,18.8,0,0,1.661,2.139,0.0,0.0,0.0,1,1,35,56,17,2,-399.408,-33.308,-35,0
2024-11-15 23:33:48.989127,43117838-189d-409f-977d-dbaea066b203,KXHIGHNY-24NOV16-B59.5,87911.011,5,-1.0,61.161,35,65,1,63.3,3.8,-12.9,-6.8,-28.8,-9.0,12.8,50.8,25.3,100,0,31599.94,49.7,18.8,0,0,1.661,2.139,0.0,0.0,0.0,1,1,35,56,17,2,-399.408,-33.305,-35,0
2024-11-15 23:39:50.898923,a4def8d6-c0ba-411b-8a48-2da90d0b4ea4,KXHIGHNY-24NOV16-B59.5,87549.101,45,-1.0,61.161,35,65,1,63.3,3.8,-12.9,-6.8,-28.8,-9.0,12.8,50.8,25.3,100,0,31599.94,49.7,18.8,0,0,1.661,2.139,0.0,0.0,0.0,1,1,35,56,17,2,-399.408,-33.235,-35,0
2024-11-15 23:39:50.898923,92f7af10-600d-44e4-9e54-c399df1c3cd3,KXHIGHNY-24NOV16-B59.5,87549.101,16,-1.0,61.161,35,65,1,63.3,3.8,-12.9,-6.8,-28.8,-9.0,12.8,50.8,25.3,100,0,31599.94,49.7,18.8,0,0,1.661,2.139,0.0,0.0,0.0,1,1,35,56,17,2,-399.408,-33.24,-35,0
2024-11-15 23:39:50.898923,0b4cc001-1cb8-4eac-bddd-74d6853094e0,KXHIGHNY-24NOV16-B59.5,87549.101,79,-1.0,61.161,35,65,1,63.3,3.8,-12.9,-6.8,-28.8,-9.0,12.8,50.8,25.3,100,0,31599.94,49.7,18.8,0,0,1.661,2.139,0.0,0.0,0.0,1,1,35,56,17,2,-399.408,-33.258,-35,0
2024-11-15 23:40:33.217768,a4e4143a-cde3-4cd7-8920-9b7fcec39a7a,KXHIGHNY-24NOV16-B59.5,87506.782,2,-1.0,61.206,32,68,0,63.3,3.8,-12.9,-6.8,-28.8,-9.0,12.8,50.8,25.3,100,0,31599.94,49.7,18.8,0,0,1.706,2.094,0.0,0.0,0.0,1,1,32,56,17,2,-385.874,30.197,32,0
2024-11-15 23:40:38.969134,1711c0e8-7fe3-490f-ae5b-250efd49d021,KXHIGHNY-24NOV16-B57.5,87501.031,5,-3.0,61.206,1,99,0,63.3,5.8,-10.9,-4.8,-26.8,-7.0,12.8,50.8,25.3,100,0,31599.94,49.7,18.8,0,0,3.706,2.094,0.0,0.0,0.0,1,1,32,56,17,2,-385.874,-0.036,1,0
2024-11-15 23:43:18.978150,b0d88634-686b-46cd-90d8-6385f7cd45cb,KXHIGHNY-24NOV16-B61.5,87341.022,93,1.0,61.204,55,45,1,63.3,1.8,-14.9,-8.8,-30.8,-11.0,12.8,50.8,25.3,100,0,31599.94,49.7,18.8,0,0,-0.296,2.096,0.0,0.0,0.0,1,1,32,55,17,2,-380.858,42.903,45,1
2024-11-15 23:43:18.978150,10ec34e0-bc67-4de3-99bf-26a3fbdfd60d,KXHIGHNY-24NOV16-B61.5,87341.022,1,1.0,61.204,55,45,1,63.3,1.8,-14.9,-8.8,-30.8,-11.0,12.8,50.8,25.3,100,0,31599.94,49.7,18.8,0,0,-0.296,2.096,0.0,0.0,0.0,1,1,32,55,17,2,-380.858,42.936,45,1
2024-11-15 23:43:19.084910,bcd7e487-f60b-4083-93ff-b1e7a6679d2a,KXHIGHNY-24NOV16-B57.5,87340.915,93,-3.0,61.204,1,99,0,63.3,5.8,-10.9,-4.8,-26.8,-7.0,12.8,50.8,25.3,100,0,31599.94,49.7,18.8,0,0,3.704,2.096,0.0,0.0,0.0,1,1,32,55,17,2,-380.858,-0.045,1,0
2024-11-15 23:43:19.092887,d377dadd-9711-406a-a89d-4c765c61e431,KXHIGHNY-24NOV16-B59.5,87340.907,93,-1.0,61.204,32,68,0,63.3,3.8,-12.9,-6.8,-28.8,-9.0,12.8,50.8,25.3,100,0,31599.94,49.7,18.8,0,0,1.704,2.096,0.0,0.0,0.0,1,1,32,55,17,2,-380.858,30.19,32,0
2024-11-15 23:43:19.096922,972cfae6-5559-4cd1-8f4b-f2e15fbea592,KXHIGHNY-24NOV16-B63.5,87340.903,93,3.0,61.115,13,87,0,63.3,-0.2,-16.9,-10.8,-32.8,-13.0,12.8,50.8,25.3,100,0,31599.94,49.7,18.8,0,0,-2.385,2.185,0.0,0.0,0.0,1,1,32,55,13,2,-366.038,9.768,13,0
2024-11-15 23:43:19.101305,cfa13e84-81cc-4892-b494-ebe32cc35091,KXHIGHNY-24NOV16-T57,87340.899,93,-5.0,61.115,1,99,0,63.3,7.8,-8.9,-2.8,-24.8,-5.0,12.8,50.8,25.3,100,0,31599.94,49.7,18.8,0,0,5.615,2.185,0.0,0.0,0.0,1,1,32,55,13,2,-366.038,0.0,1,0
2024-11-15 23:43:19.106938,8467e983-148a-47bb-8279-6c9affdfd6f8,KXHIGHNY-24NOV16-T64,87340.893,93,5.0,61.073,1,99,0,63.3,-2.2,-18.9,-12.8,-34.8,-15.0,12.8,50.8,25.3,100,0,31599.94,49.7,18.8,0,0,-4.427,2.227,0.0,0.0,0.0,1,1,32,55,13,1,-364.651,-0.25,1,0
2024-11-15 23:43:21.218634,057de0f7-0426-4f2d-90b7-409a931ad5f8,KXHIGHNY-24NOV16-B59.5,87338.781,200,-1.0,61.028,35,65,1,63.3,3.8,-12.9,-6.8,-28.8,-9.0,12.8,50.8,25.3,100,0,31599.94,49.7,18.8,0,0,1.528,2.272,0.0,0.0,0.0,1,1,35,55,13,1,-378.185,-33.186,-35,0
2024-11-15 23:43:21.218634,188fb18d-086b-40ab-8d82-ffaa66b73304,KXHIGHNY-24NOV16-B59.5,87338.781,100,-1.0,61.014,36,64,1,63.3,3.8,-12.9,-6.8,-28.8,-9.0,12.8,50.8,25.3,100,0,31599.94,49.7,18.8,0,0,1.514,2.286,0.0,0.0,0.0,1,1,36,55,13,1,-382.754,-34.184,-36,0
2024-11-15 23:43:21.218634,55b6b22e-65f7-4c57-8410-e0b604cfcc0d,KXHIGHNY-24NOV16-B59.5,87338.781,30,-1.0,60.973,39,61,1,63.3,3.8,-12.9,-6.8,-28.8,-9.0,12.8,50.8,25.3,100,0,31599.94,49.7,18.8,0,0,1.473,2.327,0.0,0.0,0.0,1,1,39,55,13,1,-396.627,-37.176,-39,0
2024-11-15 23:43:21.218634,60461371-bc63-4b2a-90b4-e41f65c6e105,KXHIGHNY-24NOV16-B59.5,87338.781,55,-1.0,61.028,35,65,1,63.3,3.8,-12.9,-6.8,-28.8,-9.0,12.8,50.8,25.3,100,0,31599.94,49.7,18.8,0,0,1.528,2.272,0.0,0.0,0.0,1,1,35,55,13,1,-378.185,-33.154,-35,0
2024-11-15 23:43:21.218634,7cf2ff22-a5a0-4b09-9492-188f7c83535a,KXHIGHNY-24NOV16-B59.5,87338.781,50,-1.0,60.959,40,60,1,63.3,3.8,-12.9,-6.8,-28.8,-9.0,12.8,50.8,25.3,100,0,31599.94,49.7,18.8,0,0,1.459,2.341,0.0,0.0,0.0,1,1,40,55,13,1,-401.303,-38.037,-40,0
2024-11-15 23:43:21.218634,2015b916-4b49-4cf5-8823-c1d6b8629fbd,KXHIGHNY-24NOV16-B59.5,87338.781,40,-1.0,61.0,37,63,1,63.3,3.8,-12.9,-6.8,-28.8,-9.0,12.8,50.8,25.3,100,0,31599.94,49.7,18.8,0,0,1.5,2.3,0.0,0.0,0.0,1,1,37,55,13,1,-387.352,-35.178,-37,0
2024-11-15 23:43:21.218634,b5695b4c-db0c-496d-8f97-5f8d98b969ef,KXHIGHNY-24NOV16-B59.5,87338.781,100,-1.0,61.0,37,63,1,63.3,3.8,-12.9,-6.8,-28.8,-9.0,12.8,50.8,25.3,100,0,31599.94,49.7,18.8,0,0,1.5,2.3,0.0,0.0,0.0,1,1,37,55,13,1,-387.352,-35.023,-37,0
2024-11-15 23:43:21.218634,d0acf727-11b7-4dee-ab58-c9e57ad9c752,KXHIGHNY-24NOV16-B59.5,87338.781,86,-1.0,60.973,39,61,1,63.3,3.8,-12.9,-6.8,-28.8,-9.0,12.8,50.8,25.3,100,0,31599.94,49.7,18.8,0,0,1.473,2.327,0.0,0.0,0.0,1,1,39,55,13,1,-396.627,-37.021,-39,0
2024-11-15 23:43:21.218634,f064e6c0-9030-4b96-b8e9-a3e4754373f9,KXHIGHNY-24NOV16-B59.5,87338.781,46,-1.0,60.897,45,55,1,63.3,3.8,-12.9,-6.8,-28.8,-9.0,12.8,50.8,25.3,100,0,31599.94,49.7,18.8,0,0,1.397,2.403,0.0,0.0,0.0,1,1,45,55,13,1,-425.047,-43.02,-45,0
2024-11-15 23:43:21.218634,fd7934c2-fb2e-4379-a8cd-a30f176e698f,KXHIGHNY-24NOV16-B59.5,87338.781,100,-1.0,61.0,37,63,1,63.3,3.8,-12.9,-6.8,-28.8,-9.0,12.8,50.8,25.3,100,0,31599.94,49.7,18.8,0,0,1.5,2.3,0.0,0.0,0.0,1,1,37,55,13,1,-387.352,-35.019,-37,0
2024-11-15 23:43:21.218634,b36f8b18-74a9-40f2-9634-c2cf0759e4ef,KXHIGHNY-24NOV16-B59.5,87338.781,100,-1.0,61.028,35,65,1,63.3,3.8,-12.9,-6.8,-28.8,-9.0,12.8,50.8,25.3,100,0,31599.94,49.7,18.8,0,0,1.528,2.272,0.0,0.0,0.0,1,1,35,55,13,1,-378.185,-33.034,-35,0
2024-11-15 23:43:21.334658,e0b31afc-66e3-4344-aa26-145a3c8903de,KXHIGHNY-24NOV16-T64,87338.665,200,5.0,61.028,1,99,0,63.3,-2.2,-18.9,-12.8,-34.8,-15.0,12.8,50.8,25.3,100,0,31599.94,49.7,18.8,0,0,-4.472,2.272,0.0,0.0,0.0,1,1,35,55,13,1,-378.185,-0.222,1,0
2024-11-15 23:43:21.340093,767c765d-3af1-4499-985e-ecce7933a66e,KXHIGHNY-24NOV16-B61.5,87338.66,200,1.0,61.015,52,48,0,63.3,1.8,-14.9,-8.8,-30.8,-11.0,12.8,50.8,25.3,100,0,31599.94,49.7,18.8,0,0,-0.485,2.285,0.0,0.0,0.0,1,1,35,52,13,1,-363.246,-45.869,-48,1
2024-11-15 23:43:21.344184,d0a0afc1-3764-4469-9d38-eaf028c9d390,KXHIGHNY-24NOV16-T57,87338.656,200,-5.0,61.015,1,99,0,63.3,7.8,-8.9,-2.8,-24.8,-5.0,12.8,50.8,25.3,100,0,31599.94,49.7,18.8,0,0,5.515,2.285,0.0,0.0,0.0,1,1,35,52,13,1,-363.246,0.0,1,0
2024-11-15 23:43:21.350219,75dca4f0-a5ed-47d0-9ecf-d7dac673fc43,KXHIGHNY-24NOV16-B63.5,87338.65,200,3.0,61.015,13,87,0,63.3,-0.2,-16.9,-10.8,-32.8,-13.0,12.8,50.8,25.3,100,0,31599.94,49.7,18.8,0,0,-2.485,2.285,0.0,0.0,0.0,1,1,35,52,13,1,-363.246,9.69,13,0
2024-11-15 23:43:21.405044,f0b2880d-4c8f-4f0e-80eb-afd1a23cfe9a,KXHIGHNY-24NOV16-B57.5,87338.595,200,-3.0,61.015,1,99,0,63.3,5.8,-10.9,-4.8,-26.8,-7.0,12.8,50.8,25.3,100,0,31599.94,49.7,18.8,0,0,3.515,2.285,0.0,0.0,0.0,1,1,35,52,13,1,-363.246,-0.052,1,0
2024-11-15 23:44:08.311813,030256c7-1289-4fa7-bee8-a2dfbf4b133a,KXHIGHNY-24NOV16-B59.5,87291.688,132,-1.0,61.0,36,64,1,63.3,3.8,-12.9,-6.8,-28.8,-9.0,12.8,50.8,25.3,100,0,31599.94,49.7,18.8,0,0,1.5,2.3,0.0,0.0,0.0,1,1,36,52,13,1,-367.816,-34.018,-36,0
2024-11-15 23:44:08.382849,2ea960ba-e0f3-4e40-b1f1-3ef8d1b188ba,KXHIGHNY-24NOV16-B57.5,87291.617,132,-3.0,61.0,1,99,0,63.3,5.8,-10.9,-4.8,-26.8,-7.0,12.8,50.8,25.3,100,0,31599.94,49.7,18.8,0,0,3.5,2.3,0.0,0.0,0.0,1,1,36,52,13,1,-367.816,-0.054,1,0
2024-11-15 23:44:08.390253,77aceeac-ac67-4199-9bc9-d2e4f4811a93,KXHIGHNY-24NOV16-T57,87291.61,132,-5.0,61.0,1,99,0,63.3,7.8,-8.9,-2.8,-24.8,-5.0,12.8,50.8,25.3,100,0,31599.94,49.7,18.8,0,0,5.5,2.3,0.0,0.0,0.0,1,1,36,52,13,1,-367.816,0.0,1,0
2024-11-15 23:44:08.396206,d167ed64-4bed-417d-a57d-2788a8b3f63c,KXHIGHNY-24NOV16-T64,87291.604,132,5.0,61.0,1,99,0,63.3,-2.2,-18.9,-12.8,-34.8,-15.0,12.8,50.8,25.3,100,0,31599.94,49.7,18.8,0,0,-4.5,2.3,0.0,0.0,0.0,1,1,36,52,13,1,-367.816,-0.22,1,0
2024-11-15 23:44:08.400016,ef85e88a-c8e3-4842-9919-c77bbcb3f74c,KXHIGHNY-24NOV16-B63.5,87291.6,132,3.0,61.0,13,87,0,63.3,-0.2,-16.9,-10.8,-32.8,-13.0,12.8,50.8,25.3,100,0,31599.94,49.7,18.8,0,0,-2.5,2.3,0.0,0.0,0.0,1,1,36,52,13,1,-367.816,9.662,13,0
2024-11-15 23:44:08.413303,892e3843-30fd-46d5-828c-30eebc9d7f56,KXHIGHNY-24NOV16-B61.5,87291.587,131,1.0,60.995,51,49,0,63.3,1.8,-14.9,-8.8,-30.8,-11.0,12.8,50.8,25.3,100,0,31599.94,49.7,18.8,0,0,-0.505,2.305,0.0,0.0,0.0,1,1,36,51,13,1,-362.874,-46.84,-49,1
2024-11-15 23:44:08.413303,4b7f972e-78f9-4fd1-9af7-f17e124ef54f,KXHIGHNY-24NOV16-B61.5,87291.587,1,1.0,60.995,51,49,0,63.3,1.8,-14.9,-8.8,-30.8,-11.0,12.8,50.8,25.3,100,0,31599.94,49.7,18.8,0,0,-0.505,2.305,0.0,0.0,0.0,1,1,36,51,13,1,-362.874,-46.841,-49,1
2024-11-15 23:44:29.511308,b431f825-f319-427b-99dc-777aeee862c3,KXHIGHNY-24NOV16-B57.5,87270.489,60,-3.0,60.714,10,90,1,63.3,5.8,-10.9,-4.8,-26.8,-7.0,12.8,50.8,25.3,100,0,31599.94,49.7,18.8,0,0,3.214,2.586,0.0,0.0,0.0,1,10,36,51,13,1,-385.9,-8.923,-10,0
2024-11-15 23:44:29.511308,b00f736e-2793-4a87-970e-63152a117312,KXHIGHNY-24NOV16-B57.5,87270.489,100,-3.0,60.803,7,93,1,63.3,5.8,-10.9,-4.8,-26.8,-7.0,12.8,50.8,25.3,100,0,31599.94,49.7,18.8,0,0,3.303,2.497,0.0,0.0,0.0,1,7,36,51,13,1,-376.496,-5.927,-7,0
2024-11-15 23:44:29.511308,7582ae7c-c094-4e98-a5a8-34a3f43f14cb,KXHIGHNY-24NOV16-B57.5,87270.489,40,-3.0,60.773,8,92,1,63.3,5.8,-10.9,-4.8,-26.8,-7.0,12.8,50.8,25.3,100,0,31599.94,49.7,18.8,0,0,3.273,2.527,0.0,0.0,0.0,1,8,36,51,13,1,-379.51,-6.932,-8,0
2024-11-15 23:44:29.511308,5037cf6d-d32c-4356-922b-212f3bf503b9,KXHIGHNY-24NOV16-B57.5,87270.489,307,-3.0,60.686,11,89,1,63.3,5.8,-10.9,-4.8,-26.8,-7.0,12.8,50.8,25.3,100,0,31599.94,49.7,18.8,0,0,3.186,2.614,0.0,0.0,0.0,1,11,36,51,13,1,-389.251,-9.932,-11,0
2024-11-15 23:44:29.511308,2c55d591-aa2d-4357-9faf-f8e19498987c,KXHIGHNY-24NOV16-B57.5,87270.489,80,-3.0,60.773,8,92,1,63.3,5.8,-10.9,-4.8,-26.8,-7.0,12.8,50.8,25.3,100,0,31599.94,49.7,18.8,0,0,3.273,2.527,0.0,0.0,0.0,1,8,36,51,13,1,-379.51,-6.933,-8,0
2024-11-15 23:44:29.511308,272c0d85-6b67-4f7e-896f-0b41f10ce518,KXHIGHNY-24NOV16-B57.5,87270.489,120,-3.0,60.773,8,92,1,63.3,5.8,-10.9,-4.8,-26.8,-7.0,12.8,50.8,25.3,100,0,31599.94,49.7,18.8,0,0,3.273,2.527,0.0,0.0,0.0,1,8,36,51,13,1,-379.51,-6.938,-8,0
2024-11-15 23:44:29.511308,046ce614-3a64-4e77-8002-1ece39eeec6c,KXHIGHNY-24NOV16-B57.5,87270.489,159,-3.0,60.896,4,96,1,63.3,5.8,-10.9,-4.8,-26.8,-7.0,12.8,50.8,25.3,100,0,31599.94,49.7,18.8,0,0,3.396,2.404,0.0,0.0,0.0,1,4,36,51,13,1,-368.419,-2.941,-4,0
2024-11-15 23:44:29.511308,026328e1-838a-4c4f-9276-065227b6a348,KXHIGHNY-24NOV16-B57.5,87270.489,240,-3.0,60.743,9,91,1,63.3,5.8,-10.9,-4.8,-26.8,-7.0,12.8,50.8,25.3,100,0,31599.94,49.7,18.8,0,0,3.243,2.557,0.0,0.0,0.0,1,9,36,51,13,1,-382.649,-7.941,-9,0
2024-11-15 23:45:39.311000,5ff8e360-e1c8-42f9-9c5c-95e21067795c,KXHIGHNY-24NOV16-B59.5,87200.689,86,-1.0,60.766,34,66,1,63.3,3.8,-12.9,-6.8,-28.8,-9.0,12.8,50.8,25.3,100,0,31599.94,49.7,18.8,0,0,1.266,2.534,0.0,0.0,0.0,1,9,34,51,13,1,-373.539,-32.017,-34,0
2024-11-15 23:46:15.646412,59ed210f-6a76-404c-8585-942c84fc2578,KXHIGHNY-24NOV16-B61.5,87164.354,35,1.0,60.786,54,46,1,63.3,1.8,-14.9,-8.8,-30.8,-11.0,12.8,50.8,25.3,100,0,31599.94,49.7,18.8,0,0,-0.714,2.514,0.0,0.0,0.0,1,9,34,54,13,1,-388.421,43.807,46,1
2024-11-15 23:46:29.982133,79444afe-16af-4c87-af31-b619cfb7d0a2,KXHIGHNY-24NOV16-B57.5,87150.018,1,-3.0,60.907,5,95,1,63.3,5.8,-10.9,-4.8,-26.8,-7.0,12.8,50.8,25.3,100,0,31599.94,49.7,18.8,0,0,3.407,2.393,0.0,0.0,0.0,1,5,34,54,13,1,-376.693,-3.922,-5,0
2024-11-15 23:46:44.550845,64c83a7d-16b8-4ed1-bbb6-9c265834aecf,KXHIGHNY-24NOV16-B57.5,87135.449,1,-3.0,61.038,1,99,0,63.3,5.8,-10.9,-4.8,-26.8,-7.0,12.8,50.8,25.3,100,0,31599.94,49.7,18.8,0,0,3.538,2.262,0.0,0.0,0.0,1,1,34,54,13,1,-368.646,-0.079,1,0
2024-11-15 23:48:04.199138,52c2048f-44c5-44c6-8a0d-88a3c24d3bf7,KXHIGHNY-24NOV16-B59.5,87055.801,54,-1.0,61.024,35,65,1,63.3,3.8,-12.9,-6.8,-28.8,-9.0,12.8,50.8,25.3,100,0,31599.94,49.7,18.8,0,0,1.524,2.276,0.0,0.0,0.0,1,1,35,54,13,1,-373.187,-32.941,-35,0
2024-11-15 23:49:48.336316,cab6d3c1-7774-48ce-a1a7-03dbf2ea61d2,KXHIGHNY-24NOV16-B61.5,86951.664,2,1.0,61.01,51,49,0,63.3,1.8,-14.9,-8.8,-30.8,-11.0,12.8,50.8,25.3,100,0,31599.94,49.7,18.8,0,0,-0.49,2.29,0.0,0.0,0.0,1,1,35,51,13,1,-358.305,-46.747,-49,1
2024-11-15 23:50:39.949025,f5a20603-8d7c-4b58-a43e-dfc1d57b681d,KXHIGHNY-24NOV16-B59.5,86900.051,3,-1.0,61.01,35,65,1,63.3,3.8,-12.9,-6.8,-28.8,-9.0,12.8,50.8,25.3,100,0,31599.94,49.7,18.8,0,0,1.51,2.29,0.0,0.0,0.0,1,1,35,51,13,1,-358.305,-32.94,-35,0
2024-11-15 23:50:59.443981,eac33021-dfc1-4f09-b2dd-fc2675d1e614,KXHIGHNY-24NOV16-B57.5,86880.556,375,-3.0,60.877,5,95,1,63.3,5.8,-10.9,-4.8,-26.8,-7.0,12.8,50.8,25.3,100,0,31599.94,49.7,18.8,0,0,3.377,2.423,0.0,0.0,0.0,1,5,35,51,13,1,-366.352,-3.916,-5,0
2024-11-16 08:00:13.689668,85e2c482-cd36-4f77-a68e-e8367067daa8,KXHIGHNY-24NOV16-B63.5,57526.31,188,3.0,60.926,15,85,1,63.3,-0.2,-16.9,-10.8,-32.8,-18.2,18.0,50.8,25.3,100,0,31599.94,37.4,9.4,0,0,-2.574,2.374,0.0,0.0,0.0,1,5,35,51,15,1,-373.628,-11.656,-15,0
2024-11-16 08:00:17.945518,c52c98f0-8914-4e03-ae0a-ded89d33e39b,KXHIGHNY-24NOV16-B59.5,57522.054,14,-1.0,60.805,45,55,1,63.3,3.8,-12.9,-6.8,-28.8,-14.2,18.0,50.8,25.3,100,0,31599.94,37.4,9.4,0,0,1.305,2.495,0.0,0.0,0.0,1,5,45,51,15,1,-420.491,-42.917,-45,0
2024-11-16 08:00:17.945518,708619bc-6dc3-49d0-97c2-c3a03f2797cd,KXHIGHNY-24NOV16-B59.5,57522.054,7,-1.0,60.794,46,54,1,63.3,3.8,-12.9,-6.8,-28.8,-14.2,18.0,50.8,25.3,100,0,31599.94,37.4,9.4,0,0,1.294,2.506,0.0,0.0,0.0,1,5,46,51,15,1,-425.309,-43.938,-46,0
2024-11-16 08:00:27.987971,16d83bd7-2919-4c6f-8995-9fb604804feb,KXHIGHNY-24NOV16-B63.5,57512.012,7,3.0,60.903,20,80,1,63.3,-0.2,-16.9,-10.8,-32.8,-18.2,18.0,50.8,25.3,100,0,31599.94,37.4,9.4,0,0,-2.597,2.397,0.0,0.0,0.0,1,5,46,51,20,1,-444.602,-16.65,-20,0
2024-11-16 08:00:27.987971,5a4b036d-ef71-4b60-83db-0e6941c7504b,KXHIGHNY-24NOV16-B63.5,57512.012,1,3.0,60.903,20,80,1,63.3,-0.2,-16.9,-10.8,-32.8,-18.2,18.0,50.8,25.3,100,0,31599.94,37.4,9.4,0,0,-2.597,2.397,0.0,0.0,0.0,1,5,46,51,20,1,-444.602,-16.649,-20,0
2024-11-16 08:00:27.987971,9172cda5-f98d-4aa0-85bc-89b8c8a5e0bf,KXHIGHNY-24NOV16-B63.5,57512.012,13,3.0,60.817,16,84,1,63.3,-0.2,-16.9,-10.8,-32.8,-18.2,18.0,50.8,25.3,100,0,31599.94,37.4,9.4,0,0,-2.683,2.483,0.0,0.0,0.0,1,5,46,51,16,1,-429.049,-12.648,-16,0
2024-11-16 08:00:27.987971,ea01e0b0-29b9-4cf0-920a-dfea980c4656,KXHIGHNY-24NOV16-B63.5,57512.012,12,3.0,60.794,15,85,1,63.3,-0.2,-16.9,-10.8,-32.8,-18.2,18.0,50.8,25.3,100,0,31599.94,37.4,9.4,0,0,-2.706,2.506,0.0,0.0,0.0,1,5,46,51,15,1,-425.309,-11.619,-15,0
2024-11-16 08:00:30.680161,b553f698-d8f1-4ad4-8f65-c44944d5bf14,KXHIGHNY-24NOV16-B59.5,57509.32,100,-1.0,61.082,32,68,0,63.3,3.8,-12.9,-6.8,-28.8,-14.2,18.0,50.8,25.3,100,0,31599.94,37.4,9.4,0,0,1.582,2.218,0.0,0.0,0.0,1,5,32,51,20,1,-379.388,29.912,32,0
2024-11-16 08:00:30.716138,46cf5b74-22c7-4076-b4fc-999fb4800c47,KXHIGHNY-24NOV16-B59.5,57509.284,200,-1.0,61.082,32,68,0,63.3,3.8,-12.9,-6.8,-28.8,-14.2,18.0,50.8,25.3,100,0,31599.94,37.4,9.4,0,0,1.582,2.218,0.0,0.0,0.0,1,5,32,51,20,1,-379.388,29.911,32,0
2024-11-16 08:00:30.750749,908d8952-1813-44fd-8a40-f4c56d0aaad6,KXHIGHNY-24NOV16-B59.5,57509.249,200,-1.0,61.082,32,68,0,63.3,3.8,-12.9,-6.8,-28.8,-14.2,18.0,50.8,25.3,100,0,31599.94,37.4,9.4,0,0,1.582,2.218,0.0,0.0,0.0,1,5,32,51,20,1,-379.388,29.909,32,0
2024-11-16 08:00:30.878442,745ec292-56e2-4ee2-a3d6-8e2241ae34bc,KXHIGHNY-24NOV16-B63.5,57509.122,7,3.0,61.167,24,76,1,63.3,-0.2,-16.9,-10.8,-32.8,-18.2,18.0,50.8,25.3,100,0,31599.94,37.4,9.4,0,0,-2.333,2.133,0.0,0.0,0.0,1,5,32,51,24,1,-395.747,-20.615,-24,0
2024-11-16 08:00:30.878442,4e3ece78-249e-481d-8557-fed8845d5e02,KXHIGHNY-24NOV16-B63.5,57509.122,93,3.0,61.082,20,80,1,63.3,-0.2,-16.9,-10.8,-32.8,-18.2,18.0,50.8,25.3,100,0,31599.94,37.4,9.4,0,0,-2.418,2.218,0.0,0.0,0.0,1,5,32,51,20,1,-379.388,-16.615,-20,0
2024-11-16 08:00:30.931011,e19b2f1f-469b-4118-8ec2-a11850ae2513,KXHIGHNY-24NOV16-B63.5,57509.069,200,3.0,61.167,24,76,1,63.3,-0.2,-16.9,-10.8,-32.8,-18.2,18.0,50.8,25.3,100,0,31599.94,37.4,9.4,0,0,-2.333,2.133,0.0,0.0,0.0,1,5,32,51,24,1,-395.747,-20.569,-24,0
2024-11-16 08:00:36.363810,3078d635-b000-4c80-b581-55572f51fc21,KXHIGHNY-24NOV16-B59.5,57503.636,43,-1.0,60.984,46,54,1,63.3,3.8,-12.9,-6.8,-28.8,-14.2,18.0,50.8,25.3,100,0,31599.94,37.4,9.4,0,0,1.484,2.316,0.0,0.0,0.0,1,5,46,51,24,1,-460.961,-43.906,-46,0
2024-11-16 08:00:37.007877,af86f557-ff2f-4dd8-9e6b-3de403ba4c0c,KXHIGHNY-24NOV16-B61.5,57502.992,1,1.0,60.996,54,46,1,63.3,1.8,-14.9,-8.8,-30.8,-16.2,18.0,50.8,25.3,100,0,31599.94,37.4,9.4,0,0,-0.504,2.304,0.0,0.0,0.0,1,5,46,54,24,1,-475.843,43.697,46,1
2024-11-16 08:00:37.041683,25a092b5-6a9f-4573-81b9-611d4c59a12c,KXHIGHNY-24NOV16-B59.5,57502.958,200,-1.0,61.175,32,68,0,63.3,3.8,-12.9,-6.8,-28.8,-14.2,18.0,50.8,25.3,100,0,31599.94,37.4,9.4,0,0,1.675,2.125,0.0,0.0,0.0,1,5,32,54,24,1,-410.629,29.871,32,0
2024-11-16 08:00:37.070024,62a7fadd-b95b-440f-9ade-8a2e1cd7443d,KXHIGHNY-24NOV16-B59.5,57502.93,100,-1.0,61.175,32,68,0,63.3,3.8,-12.9,-6.8,-28.8,-14.2,18.0,50.8,25.3,100,0,31599.94,37.4,9.4,0,0,1.675,2.125,0.0,0.0,0.0,1,5,32,54,24,1,-410.629,29.87,32,0
2024-11-16 08:00:37.099516,57a41c5d-ec5e-40f1-a06d-cfee4fb43100,KXHIGHNY-24NOV16-B59.5,57502.9,200,-1.0,61.175,32,68,0,63.3,3.8,-12.9,-6.8,-28.8,-14.2,18.0,50.8,25.3,100,0,31599.94,37.4,9.4,0,0,1.675,2.125,0.0,0.0,0.0,1,5,32,54,24,1,-410.629,29.859,32,0
2024-11-16 08:00:47.251003,84f90334-75f4-435f-bba4-781e71a8731a,KXHIGHNY-24NOV16-B59.5,57492.749,80,-1.0,61.175,32,68,0,63.3,3.8,-12.9,-6.8,-28.8,-14.2,18.0,50.8,25.3,100,0,31599.94,37.4,9.4,0,0,1.675,2.125,0.0,0.0,0.0,1,5,32,54,24,1,-410.629,29.829,32,0
2024-11-16 08:00:47.278602,bb22cfda-f3b0-4e06-aebd-72bb127d8022,KXHIGHNY-24NOV16-B59.5,57492.721,80,-1.0,61.175,32,68,0,63.3,3.8,-12.9,-6.8,-28.8,-14.2,18.0,50.8,25.3,100,0,31599.94,37.4,9.4,0,0,1.675,2.125,0.0,0.0,0.0,1,5,32,54,24,1,-410.629,29.816,32,0
2024-11-16 08:00:47.308946,c3e09c40-deb1-47bb-a109-955bfd6c7ee1,KXHIGHNY-24NOV16-B59.5,57492.691,80,-1.0,61.175,32,68,0,63.3,3.8,-12.9,-6.8,-28.8,-14.2,18.0,50.8,25.3,100,0,31599.94,37.4,9.4,0,0,1.675,2.125,0.0,0.0,0.0,1,5,32,54,24,1,-410.629,29.761,32,0
2024-11-16 08:00:48.665310,3f83007e-dad1-486c-bcda-5fbac3d80126,KXHIGHNY-24NOV16-B61.5,57491.335,3,1.0,61.172,53,47,1,63.3,1.8,-14.9,-8.8,-30.8,-16.2,18.0,50.8,25.3,100,0,31599.94,37.4,9.4,0,0,-0.328,2.128,0.0,0.0,0.0,1,5,32,53,24,1,-405.65,44.673,47,1
2024-11-16 08:00:49.919843,c1fb29eb-4929-45e3-ab48-519daa179bfe,KXHIGHNY-24NOV16-B59.5,57490.08,10,-1.0,60.992,46,54,1,63.3,3.8,-12.9,-6.8,-28.8,-14.2,18.0,50.8,25.3,100,0,31599.94,37.4,9.4,0,0,1.492,2.308,0.0,0.0,0.0,1,5,46,53,24,1,-470.863,-43.755,-46,0
2024-11-16 08:00:55.546437,f5f38dee-22d3-4bde-8878-e509320b4a5c,KXHIGHNY-24NOV16-B61.5,57484.454,80,1.0,61.0,55,45,1,63.3,1.8,-14.9,-8.8,-30.8,-16.2,18.0,50.8,25.3,100,0,31599.94,37.4,9.4,0,0,-0.5,2.3,0.0,0.0,0.0,1,5,46,55,24,1,-480.841,42.432,45,1
2024-11-16 08:00:55.546437,dcec224c-cffb-4e64-b25c-94b73c8f96b5,KXHIGHNY-24NOV16-B61.5,57484.454,77,1.0,60.992,53,47,1,63.3,1.8,-14.9,-8.8,-30.8,-16.2,18.0,50.8,25.3,100,0,31599.94,37.4,9.4,0,0,-0.508,2.308,0.0,0.0,0.0,1,5,46,53,24,1,-470.863,44.435,47,1
2024-11-16 08:00:55.546437,bb518c5a-ede1-488d-b638-90ed74ad33bd,KXHIGHNY-24NOV16-B61.5,57484.454,21,1.0,61.007,57,43,1,63.3,1.8,-14.9,-8.8,-30.8,-16.2,18.0,50.8,25.3,100,0,31599.94,37.4,9.4,0,0,-0.493,2.293,0.0,0.0,0.0,1,5,46,57,24,1,-490.892,40.673,43,1
2024-11-16 08:01:08.269333,07cecbcb-adb9-4c00-8cdf-00841cb55b71,KXHIGHNY-24NOV16-B59.5,57471.731,12,-1.0,61.007,46,54,1,63.3,3.8,-12.9,-6.8,-28.8,-14.2,18.0,50.8,25.3,100,0,31599.94,37.4,9.4,0,0,1.507,2.293,0.0,0.0,0.0,1,5,46,57,24,1,-490.892,-43.713,-46,0
2024-11-16 08:01:08.269333,c085f136-d9ce-4dcf-8ebf-e231a1b77976,KXHIGHNY-24NOV16-B59.5,57471.731,10,-1.0,61.078,40,60,1,63.3,3.8,-12.9,-6.8,-28.8,-14.2,18.0,50.8,25.3,100,0,31599.94,37.4,9.4,0,0,1.578,2.222,0.0,0.0,0.0,1,5,40,57,24,1,-462.33,-37.672,-40,0
2024-11-16 08:01:46.455475,e0f024f3-67c8-40b0-a72d-5715a767588d,KXHIGHNY-24NOV16-B59.5,57433.545,2,-1.0,61.03,44,56,1,63.3,3.8,-12.9,-6.8,-28.8,-14.2,18.0,50.8,25.3,100,0,31599.94,37.4,9.4,0,0,1.53,2.27,0.0,0.0,0.0,1,5,44,57,24,1,-481.279,-41.611,-44,0
2024-11-16 08:01:50.412657,d2cbb459-5f28-4611-8f20-85dabde6c4b3,KXHIGHNY-24NOV16-B57.5,57429.587,85,-3.0,60.877,11,89,1,63.3,5.8,-10.9,-4.8,-26.8,-12.2,18.0,50.8,25.3,100,0,31599.94,37.4,9.4,0,0,3.377,2.423,0.0,0.0,0.0,1,11,44,57,24,1,-499.608,-9.912,-11,0
2024-11-16 08:02:22.278422,dafbea81-d1b6-4e6c-a7af-a7c1de851197,KXHIGHNY-24NOV16-B63.5,57397.722,67,3.0,61.037,33,67,1,63.3,-0.2,-16.9,-10.8,-32.8,-18.2,18.0,50.8,25.3,100,0,31599.94,37.4,9.4,0,0,-2.463,2.263,0.0,0.0,0.0,1,11,44,57,33,1,-538.72,-29.494,-33,0
2024-11-16 08:02:22.278422,3b8a80cb-9c58-43ff-a848-720db1de2ddc,KXHIGHNY-24NOV16-B63.5,57397.722,30,3.0,60.877,24,76,1,63.3,-0.2,-16.9,-10.8,-32.8,-18.2,18.0,50.8,25.3,100,0,31599.94,37.4,9.4,0,0,-2.623,2.423,0.0,0.0,0.0,1,11,44,57,24,1,-499.608,-20.495,-24,0
2024-11-16 08:02:22.278422,16898de5-2826-471f-88c4-e1e1b6914ef3,KXHIGHNY-24NOV16-B63.5,57397.722,20,3.0,60.858,23,77,1,63.3,-0.2,-16.9,-10.8,-32.8,-18.2,18.0,50.8,25.3,100,0,31599.94,37.4,9.4,0,0,-2.642,2.442,0.0,0.0,0.0,1,11,44,57,23,1,-495.451,-19.514,-23,0
2024-11-16 08:02:22.278422,000895e6-9567-41c4-8329-0d1d67d39cf0,KXHIGHNY-24NOV16-B63.5,57397.722,114,3.0,61.07,35,65,1,63.3,-0.2,-16.9,-10.8,-32.8,-18.2,18.0,50.8,25.3,100,0,31599.94,37.4,9.4,0,0,-2.43,2.23,0.0,0.0,0.0,1,11,44,57,35,1,-547.772,-31.545,-35,0
2024-11-16 08:02:24.866554,63ad65ef-122b-4a91-97cd-ea977edee08b,KXHIGHNY-24NOV16-B63.5,57395.133,16,3.0,60.604,11,89,0,63.3,-0.2,-16.9,-10.8,-32.8,-18.2,18.0,50.8,25.3,100,0,31599.94,37.4,9.4,0,0,-2.896,2.696,0.0,0.0,0.0,1,11,44,57,11,1,-449.712,7.491,11,0
2024-11-16 08:02:24.866554,626b0ccb-1529-4d87-9dff-859d3e809c6b,KXHIGHNY-24NOV16-B63.5,57395.133,290,3.0,60.581,10,90,0,63.3,-0.2,-16.9,-10.8,-32.8,-18.2,18.0,50.8,25.3,100,0,31599.94,37.4,9.4,0,0,-2.919,2.719,0.0,0.0,0.0,1,11,44,57,10,1,-446.361,6.492,10,0
2024-11-16 08:02:24.866554,f493a97a-a816-456f-884e-54d806ce6396,KXHIGHNY-24NOV16-B63.5,57395.133,24,3.0,60.533,8,92,0,63.3,-0.2,-16.9,-10.8,-32.8,-18.2,18.0,50.8,25.3,100,0,31599.94,37.4,9.4,0,0,-2.967,2.767,0.0,0.0,0.0,1,11,44,57,8,1,-439.971,4.361,8,0
2024-11-16 08:02:24.866554,ef0dfad6-30d2-4137-b5ae-cd4237ad64f0,KXHIGHNY-24NOV16-B63.5,57395.133,87,3.0,60.533,8,92,0,63.3,-0.2,-16.9,-10.8,-32.8,-18.2,18.0,50.8,25.3,100,0,31599.94,37.4,9.4,0,0,-2.967,2.767,0.0,0.0,0.0,1,11,44,57,8,1,-439.971,4.4,8,0
2024-11-16 08:02:26.700085,b09d0182-a6b7-448e-b4a9-b7e76846bd06,KXHIGHNY-24NOV16-B63.5,57393.3,39,3.0,60.533,8,92,0,63.3,-0.2,-16.9,-10.8,-32.8,-18.2,18.0,50.8,25.3,100,0,31599.94,37.4,9.4,0,0,-2.967,2.767,0.0,0.0,0.0,1,11,44,57,8,1,-439.971,4.356,8,0
2024-11-16 08:02:32.597915,f41f1c64-f7f6-4f64-8fdd-bf67be44d69d,KXHIGHNY-24NOV16-B61.5,57387.402,61,1.0,60.541,58,42,1,63.3,1.8,-14.9,-8.8,-30.8,-16.2,18.0,50.8,25.3,100,0,31599.94,37.4,9.4,0,0,-0.959,2.759,0.0,0.0,0.0,1,11,44,58,8,1,-445.022,39.411,42,1
2024-11-16 08:02:32.597915,a7a13886-c52a-45f9-8391-b0ded49db444,KXHIGHNY-24NOV16-B61.5,57387.402,35,1.0,60.556,60,40,1,63.3,1.8,-14.9,-8.8,-30.8,-16.2,18.0,50.8,25.3,100,0,31599.94,37.4,9.4,0,0,-0.944,2.744,0.0,0.0,0.0,1,11,44,60,8,1,-455.177,37.42,40,1
2024-11-16 08:02:32.597915,44280490-6efb-40e0-ad14-63e96fc9272a,KXHIGHNY-24NOV16-B61.5,57387.402,20,1.0,60.541,58,42,1,63.3,1.8,-14.9,-8.8,-30.8,-16.2,18.0,50.8,25.3,100,0,31599.94,37.4,9.4,0,0,-0.959,2.759,0.0,0.0,0.0,1,11,44,58,8,1,-445.022,39.431,42,1
2024-11-16 08:02:35.543722,da125fc3-69a6-438e-89f4-6066237262d3,KXHIGHNY-24NOV16-B59.5,57384.456,13,-1.0,60.719,26,74,0,63.3,3.8,-12.9,-6.8,-28.8,-14.2,18.0,50.8,25.3,100,0,31599.94,37.4,9.4,0,0,1.219,2.581,0.0,0.0,0.0,1,11,26,58,8,1,-363.229,23.607,26,0
2024-11-16 08:02:35.543722,ca936e2b-1024-4253-9f1f-8037bd92df79,KXHIGHNY-24NOV16-B59.5,57384.456,20,-1.0,60.685,29,71,0,63.3,3.8,-12.9,-6.8,-28.8,-14.2,18.0,50.8,25.3,100,0,31599.94,37.4,9.4,0,0,1.185,2.615,0.0,0.0,0.0,1,11,29,58,8,1,-376.17,26.607,29,0
2024-11-16 08:03:03.796047,5561a561-1066-4625-9a23-85952f432160,KXHIGHNY-24NOV16-B59.5,57356.204,20,-1.0,60.549,43,57,1,63.3,3.8,-12.9,-6.8,-28.8,-14.2,18.0,50.8,25.3,100,0,31599.94,37.4,9.4,0,0,1.049,2.751,0.0,0.0,0.0,1,11,43,58,8,1,-440.25,-40.46,-43,0
2024-11-16 08:03:09.584691,a2c30f44-498f-41d5-aeed-fed968a69f0b,KXHIGHNY-24NOV16-B63.5,57350.415,1,3.0,60.573,9,91,1,63.3,-0.2,-16.9,-10.8,-32.8,-18.2,18.0,50.8,25.3,100,0,31599.94,37.4,9.4,0,0,-2.927,2.727,0.0,0.0,0.0,1,11,43,58,9,1,-443.389,-5.332,-9,0
2024-11-16 08:03:37.944216,286f0f4f-8100-43ca-8025-5317b3468ca2,KXHIGHNY-24NOV16-B63.5,57322.056,1,3.0,60.597,10,90,1,63.3,-0.2,-16.9,-10.8,-32.8,-18.2,18.0,50.8,25.3,100,0,31599.94,37.4,9.4,0,0,-2.903,2.703,0.0,0.0,0.0,1,11,43,58,10,1,-446.64,-6.312,-10,0
2024-11-16 08:03:39.669574,a9c14218-742f-4967-9f89-b8527a3e4900,KXHIGHNY-24NOV16-T64,57320.33,43,5.0,60.75,5,95,1,63.3,-2.2,-18.9,-12.8,-34.8,-20.2,18.0,50.8,25.3,100,0,31599.94,37.4,9.4,0,0,-4.75,2.55,0.0,0.0,0.0,1,11,43,58,10,5,-454.687,-3.797,-5,0
2024-11-16 08:03:39.669574,c8f199fa-edb5-4048-8de1-f743e5712dcd,KXHIGHNY-24NOV16-T64,57320.33,50,5.0,60.75,5,95,1,63.3,-2.2,-18.9,-12.8,-34.8,-20.2,18.0,50.8,25.3,100,0,31599.94,37.4,9.4,0,0,-4.75,2.55,0.0,0.0,0.0,1,11,43,58,10,5,-454.687,-3.799,-5,0
2024-11-16 08:03:41.364057,db5d2381-9a6f-4347-83ea-ad30ab861c05,KXHIGHNY-24NOV16-B59.5,57318.636,61,-1.0,60.955,25,75,0,63.3,3.8,-12.9,-6.8,-28.8,-14.2,18.0,50.8,25.3,100,0,31599.94,37.4,9.4,0,0,1.455,2.345,0.0,0.0,0.0,1,11,25,58,10,5,-373.427,22.429,25,0
2024-11-16 08:03:51.351205,672f33fc-ee6d-4d91-b8fa-63c05a64eca8,KXHIGHNY-24NOV16-B61.5,57308.649,2,1.0,60.964,60,40,1,63.3,1.8,-14.9,-8.8,-30.8,-16.2,18.0,50.8,25.3,100,0,31599.94,37.4,9.4,0,0,-0.536,2.336,0.0,0.0,0.0,1,11,25,60,10,5,-383.582,37.396,40,1
2024-11-16 08:04:23.068160,ae574557-410f-4325-b684-0cdc0f25858b,KXHIGHNY-24NOV16-B61.5,57276.932,4,1.0,60.964,60,40,1,63.3,1.8,-14.9,-8.8,-30.8,-16.2,18.0,50.8,25.3,100,0,31599.94,37.4,9.4,0,0,-0.536,2.336,0.0,0.0,0.0,1,11,25,60,10,5,-383.582,37.392,40,1
2024-11-16 08:04:49.484210,b5f06b92-69b3-412a-9ea3-69ba2c292584,KXHIGHNY-24NOV16-B63.5,57250.516,300,3.0,61.073,15,85,1,63.3,-0.2,-16.9,-10.8,-32.8,-18.2,18.0,50.8,25.3,100,0,31599.94,37.4,9.4,0,0,-2.427,2.227,0.0,0.0,0.0,1,11,25,60,15,5,-401.177,-11.225,-15,0
2024-11-16 08:04:49.484210,a8670f33-547d-482b-b44d-cb86e8c19537,KXHIGHNY-24NOV16-B63.5,57250.516,1,3.0,61.073,15,85,1,63.3,-0.2,-16.9,-10.8,-32.8,-18.2,18.0,50.8,25.3,100,0,31599.94,37.4,9.4,0,0,-2.427,2.227,0.0,0.0,0.0,1,11,25,60,15,5,-401.177,-11.283,-15,0
2024-11-16 08:05:55.434260,e68ff8cb-c664-4c31-8ecf-9ac2e97f6aea,KXHIGHNY-24NOV16-B61.5,57184.566,8,1.0,61.073,60,40,1,63.3,1.8,-14.9,-8.8,-30.8,-16.2,18.0,50.8,25.3,100,0,31599.94,37.4,9.4,0,0,-0.427,2.227,0.0,0.0,0.0,1,11,25,60,15,5,-401.177,37.386,40,1
2024-11-16 08:06:16.138072,0d502dd3-534b-4f94-9106-9aeb421d1290,KXHIGHNY-24NOV16-B63.5,57163.862,71,3.0,61.172,20,80,1,63.3,-0.2,-16.9,-10.8,-32.8,-18.2,18.0,50.8,25.3,100,0,31599.94,37.4,9.4,0,0,-2.328,2.128,0.0,0.0,0.0,1,11,25,60,20,5,-420.471,-16.127,-20,0
2024-11-16 08:06:16.779661,132ac83c-22c9-419b-b74b-efc7b9194d0d,KXHIGHNY-24NOV16-B63.5,57163.22,112,3.0,61.009,12,88,0,63.3,-0.2,-16.9,-10.8,-32.8,-18.2,18.0,50.8,25.3,100,0,31599.94,37.4,9.4,0,0,-2.491,2.291,0.0,0.0,0.0,1,11,25,60,12,5,-390.375,8.117,12,0
2024-11-16 08:06:54.665953,2f2fa51a-4ee1-4c70-8a04-84ea20e43a39,KXHIGHNY-24NOV16-B61.5,57125.334,51,1.0,61.009,60,40,1,63.3,1.8,-14.9,-8.8,-30.8,-16.2,18.0,50.8,25.3,100,0,31599.94,37.4,9.4,0,0,-0.491,2.291,0.0,0.0,0.0,1,11,25,60,12,5,-390.375,37.365,40,1
2024-11-16 08:06:54.665953,136b3ef2-15de-40a6-8ca7-a45ee572fbf3,KXHIGHNY-24NOV16-B61.5,57125.334,1,1.0,61.029,65,35,1,63.3,1.8,-14.9,-8.8,-30.8,-16.2,18.0,50.8,25.3,100,0,31599.94,37.4,9.4,0,0,-0.471,2.271,0.0,0.0,0.0,1,11,25,65,12,5,-416.05,32.384,35,1
2024-11-16 08:06:54.665953,3f54414e-deb7-46b4-a50d-d157a7956e3c,KXHIGHNY-24NOV16-B61.5,57125.334,105,1.0,61.021,63,37,1,63.3,1.8,-14.9,-8.8,-30.8,-16.2,18.0,50.8,25.3,100,0,31599.94,37.4,9.4,0,0,-0.479,2.279,0.0,0.0,0.0,1,11,25,63,12,5,-405.732,34.346,37,1
2024-11-16 08:08:06.771443,b5741305-6cf0-42a1-9286-db61d39ac8d6,KXHIGHNY-24NOV16-B59.5,57053.229,22,-1.0,60.828,43,57,1,63.3,3.8,-12.9,-6.8,-28.8,-14.2,18.0,50.8,25.3,100,0,31599.94,37.4,9.4,0,0,1.328,2.472,0.0,0.0,0.0,1,11,43,65,12,5,-497.31,-40.429,-43,0
2024-11-16 08:08:15.751221,7baf54f1-8b6b-4e04-83ab-d1a55d29c20b,KXHIGHNY-24NOV16-B63.5,57044.249,5,3.0,60.976,20,80,1,63.3,-0.2,-16.9,-10.8,-32.8,-18.2,18.0,50.8,25.3,100,0,31599.94,37.4,9.4,0,0,-2.524,2.324,0.0,0.0,0.0,1,11,43,65,20,5,-527.405,-16.082,-20,0
2024-11-16 08:08:15.751221,560960ba-d3ce-4478-a78a-c9c1c17dabf6,KXHIGHNY-24NOV16-B63.5,57044.249,39,3.0,61.198,34,66,1,63.3,-0.2,-16.9,-10.8,-32.8,-18.2,18.0,50.8,25.3,100,0,31599.94,37.4,9.4,0,0,-2.302,2.102,0.0,0.0,0.0,1,11,43,65,34,5,-587.387,-30.115,-34,0
2024-11-16 08:08:24.167500,2c97f450-7d7e-4389-885a-3b05af6d7350,KXHIGHNY-24NOV16-B61.5,57035.832,20,1.0,61.186,59,41,1,63.3,1.8,-14.9,-8.8,-30.8,-16.2,18.0,50.8,25.3,100,0,31599.94,37.4,9.4,0,0,-0.314,2.114,0.0,0.0,0.0,1,11,43,59,34,5,-556.627,38.322,41,1
2024-11-16 08:08:24.167500,0a688983-61da-47ca-b30c-4c1174ca9139,KXHIGHNY-24NOV16-B61.5,57035.832,11,1.0,61.196,64,36,1,63.3,1.8,-14.9,-8.8,-30.8,-16.2,18.0,50.8,25.3,100,0,31599.94,37.4,9.4,0,0,-0.304,2.104,0.0,0.0,0.0,1,11,43,64,34,5,-582.22,33.332,36,1
2024-11-16 08:08:27.288713,48e1ed71-b0a9-45aa-a4ac-581a8d702f80,KXHIGHNY-24NOV16-B59.5,57032.711,92,-1.0,61.401,26,74,0,63.3,3.8,-12.9,-6.8,-28.8,-14.2,18.0,50.8,25.3,100,0,31599.94,37.4,9.4,0,0,1.901,1.899,0.0,0.0,0.0,1,11,26,64,34,5,-505.199,23.421,26,0
2024-11-16 08:08:27.289211,9c142fec-56a5-4760-b56e-33def6847230,KXHIGHNY-24NOV16-B61.5,57032.711,92,1.0,61.391,52,48,0,63.3,1.8,-14.9,-8.8,-30.8,-16.2,18.0,50.8,25.3,100,0,31599.94,37.4,9.4,0,0,-0.109,1.909,0.0,0.0,0.0,1,11,26,52,34,5,-444.495,-45.316,-48,1
2024-11-16 08:08:27.294533,0eaa81e6-f4e5-4894-b0b8-153fa19ed0f3,KXHIGHNY-24NOV16-B57.5,57032.705,17,-3.0,61.683,2,98,0,63.3,5.8,-10.9,-4.8,-26.8,-12.2,18.0,50.8,25.3,100,0,31599.94,37.4,9.4,0,0,4.183,1.617,0.0,0.0,0.0,1,2,26,52,34,5,-419.505,0.909,2,0
2024-11-16 08:08:27.294533,d4359db6-3682-4660-bcb2-2536e27c76c1,KXHIGHNY-24NOV16-B57.5,57032.705,75,-3.0,61.683,2,98,0,63.3,5.8,-10.9,-4.8,-26.8,-12.2,18.0,50.8,25.3,100,0,31599.94,37.4,9.4,0,0,4.183,1.617,0.0,0.0,0.0,1,2,26,52,34,5,-419.505,0.909,2,0
2024-11-16 08:08:27.295512,484ac070-6de8-45d0-8137-46c48fa5a05f,KXHIGHNY-24NOV16-B63.5,57032.704,92,3.0,61.637,31,69,0,63.3,-0.2,-16.9,-10.8,-32.8,-18.2,18.0,50.8,25.3,100,0,31599.94,37.4,9.4,0,0,-1.863,1.663,0.0,0.0,0.0,1,2,26,52,31,5,-406.062,27.061,31,0
2024-11-16 08:08:27.467130,583bbb41-3ee5-42dd-a205-b73804a28b43,KXHIGHNY-24NOV16-B59.5,57032.533,51,-1.0,61.655,25,75,0,63.3,3.8,-12.9,-6.8,-28.8,-14.2,18.0,50.8,25.3,100,0,31599.94,37.4,9.4,0,0,2.155,1.645,0.0,0.0,0.0,1,2,25,52,31,5,-401.824,22.404,25,0
2024-11-16 08:08:27.467130,bb11a512-f98b-492d-93d2-a9a9b9c9dcb2,KXHIGHNY-24NOV16-B59.5,57032.533,49,-1.0,61.655,25,75,0,63.3,3.8,-12.9,-6.8,-28.8,-14.2,18.0,50.8,25.3,100,0,31599.94,37.4,9.4,0,0,2.155,1.645,0.0,0.0,0.0,1,2,25,52,31,5,-401.824,22.385,25,0
2024-11-16 08:08:27.499238,aaf31d57-ac25-4ef3-be93-5ab875e56e4c,KXHIGHNY-24NOV16-B59.5,57032.501,200,-1.0,61.655,25,75,0,63.3,3.8,-12.9,-6.8,-28.8,-14.2,18.0,50.8,25.3,100,0,31599.94,37.4,9.4,0,0,2.155,1.645,0.0,0.0,0.0,1,2,25,52,31,5,-401.824,22.369,25,0
2024-11-16 08:08:27.543169,07b79744-1487-43e1-8cb3-b5dbd141baa8,KXHIGHNY-24NOV16-B59.5,57032.457,240,-1.0,61.655,25,75,0,63.3,3.8,-12.9,-6.8,-28.8,-14.2,18.0,50.8,25.3,100,0,31599.94,37.4,9.4,0,0,2.155,1.645,0.0,0.0,0.0,1,2,25,52,31,5,-401.824,22.343,25,0
2024-11-16 08:08:27.886116,d4502d31-5961-4f69-ab95-d9cb91513e71,KXHIGHNY-24NOV16-B63.5,57032.114,8,3.0,61.655,31,69,0,63.3,-0.2,-16.9,-10.8,-32.8,-18.2,18.0,50.8,25.3,100,0,31599.94,37.4,9.4,0,0,-1.845,1.645,0.0,0.0,0.0,1,2,25,52,31,5,-401.824,27.06,31,0
2024-11-16 08:08:27.904043,3a225d07-1c42-4971-ae4b-80f4ae7d7a31,KXHIGHNY-24NOV16-B59.5,57032.096,8,-1.0,61.655,25,75,0,63.3,3.8,-12.9,-6.8,-28.8,-14.2,18.0,50.8,25.3,100,0,31599.94,37.4,9.4,0,0,2.155,1.645,0.0,0.0,0.0,1,2,25,52,31,5,-401.824,22.313,25,0
2024-11-16 08:08:27.904240,275d0a2c-c579-4c56-83fd-8c2370e6e883,KXHIGHNY-24NOV16-B57.5,57032.096,8,-3.0,61.655,2,98,0,63.3,5.8,-10.9,-4.8,-26.8,-12.2,18.0,50.8,25.3,100,0,31599.94,37.4,9.4,0,0,4.155,1.645,0.0,0.0,0.0,1,2,25,52,31,5,-401.824,0.908,2,0
2024-11-16 08:08:27.904391,bebb8c6b-1456-4bca-ab53-e41f7847f586,KXHIGHNY-24NOV16-B61.5,57032.096,8,1.0,61.655,52,48,0,63.3,1.8,-14.9,-8.8,-30.8,-16.2,18.0,50.8,25.3,100,0,31599.94,37.4,9.4,0,0,0.155,1.645,0.0,0.0,0.0,1,2,25,52,31,5,-401.824,-45.304,-48,1
2024-11-16 08:08:28.778403,a738366c-216f-4e6e-a4f2-a4be815bf203,KXHIGHNY-24NOV16-B59.5,57031.222,200,-1.0,61.655,25,75,0,63.3,3.8,-12.9,-6.8,-28.8,-14.2,18.0,50.8,25.3,100,0,31599.94,37.4,9.4,0,0,2.155,1.645,0.0,0.0,0.0,1,2,25,52,31,5,-401.824,22.284,25,0
2024-11-16 08:08:28.778755,cd19e979-992e-4a79-8578-dcdc73597838,KXHIGHNY-24NOV16-B57.5,57031.221,200,-3.0,61.655,2,98,0,63.3,5.8,-10.9,-4.8,-26.8,-12.2,18.0,50.8,25.3,100,0,31599.94,37.4,9.4,0,0,4.155,1.645,0.0,0.0,0.0,1,2,25,52,31,5,-401.824,0.906,2,0
2024-11-16 08:08:28.783984,15146944-361b-4091-a153-7b3a042c4d66,KXHIGHNY-24NOV16-B63.5,57031.216,200,3.0,61.639,30,70,0,63.3,-0.2,-16.9,-10.8,-32.8,-18.2,18.0,50.8,25.3,100,0,31599.94,37.4,9.4,0,0,-1.861,1.661,0.0,0.0,0.0,1,2,25,52,30,5,-397.406,26.059,30,0
2024-11-16 08:08:28.802100,1f376dff-63f8-429b-86da-540e2eac6e38,KXHIGHNY-24NOV16-B61.5,57031.198,200,1.0,61.639,52,48,0,63.3,1.8,-14.9,-8.8,-30.8,-16.2,18.0,50.8,25.3,100,0,31599.94,37.4,9.4,0,0,0.139,1.661,0.0,0.0,0.0,1,2,25,52,30,5,-397.406,-45.17,-48,1
2024-11-16 08:08:29.369805,c0501cd9-f767-44c8-8c82-ddebd3aa0895,KXHIGHNY-24NOV16-B63.5,57030.63,69,3.0,61.606,28,72,0,63.3,-0.2,-16.9,-10.8,-32.8,-18.2,18.0,50.8,25.3,100,0,31599.94,37.4,9.4,0,0,-1.894,1.694,0.0,0.0,0.0,1,2,25,52,28,5,-388.672,24.013,28,0
2024-11-16 08:08:29.387533,3ce87bc5-910a-4c95-b0f2-2b0b82082f29,KXHIGHNY-24NOV16-B61.5,57030.612,69,1.0,61.606,52,48,0,63.3,1.8,-14.9,-8.8,-30.8,-16.2,18.0,50.8,25.3,100,0,31599.94,37.4,9.4,0,0,0.106,1.694,0.0,0.0,0.0,1,2,25,52,28,5,-388.672,-45.04,-48,1
2024-11-16 08:08:29.387739,2530d516-b493-4165-8f4c-42f3bebc01b2,KXHIGHNY-24NOV16-B57.5,57030.612,69,-3.0,61.606,2,98,0,63.3,5.8,-10.9,-4.8,-26.8,-12.2,18.0,50.8,25.3,100,0,31599.94,37.4,9.4,0,0,4.106,1.694,0.0,0.0,0.0,1,2,25,52,28,5,-388.672,0.875,2,0
2024-11-16 08:08:29.387927,fd75b053-6e4e-4eb7-9a19-90e57789d1d0,KXHIGHNY-24NOV16-B59.5,57030.612,69,-1.0,61.606,25,75,0,63.3,3.8,-12.9,-6.8,-28.8,-14.2,18.0,50.8,25.3,100,0,31599.94,37.4,9.4,0,0,2.106,1.694,0.0,0.0,0.0,1,2,25,52,28,5,-388.672,22.261,25,0
2024-11-16 08:08:30.011711,7f38721f-7785-4b7e-ab20-c98c7a6be868,KXHIGHNY-24NOV16-B61.5,57029.988,31,1.0,61.608,50,50,0,63.3,1.8,-14.9,-8.8,-30.8,-16.2,18.0,50.8,25.3,100,0,31599.94,37.4,9.4,0,0,0.108,1.692,0.0,0.0,0.0,1,2,25,50,28,5,-378.808,-46.911,-50,1
2024-11-16 08:08:30.014576,291dd2c9-6bd4-4d43-af25-d15dfa426032,KXHIGHNY-24NOV16-B59.5,57029.985,31,-1.0,61.608,25,75,0,63.3,3.8,-12.9,-6.8,-28.8,-14.2,18.0,50.8,25.3,100,0,31599.94,37.4,9.4,0,0,2.108,1.692,0.0,0.0,0.0,1,2,25,50,28,5,-378.808,22.258,25,0
2024-11-16 08:08:30.023018,636481b2-1bf0-46ad-8a66-ee54e1934e47,KXHIGHNY-24NOV16-B63.5,57029.977,31,3.0,61.608,28,72,0,63.3,-0.2,-16.9,-10.8,-32.8,-18.2,18.0,50.8,25.3,100,0,31599.94,37.4,9.4,0,0,-1.892,1.692,0.0,0.0,0.0,1,2,25,50,28,5,-378.808,23.999,28,0
2024-11-16 08:08:30.052345,9a8955c2-d737-4b75-bd96-b325fd43110a,KXHIGHNY-24NOV16-B57.5,57029.948,31,-3.0,61.608,2,98,0,63.3,5.8,-10.9,-4.8,-26.8,-12.2,18.0,50.8,25.3,100,0,31599.94,37.4,9.4,0,0,4.108,1.692,0.0,0.0,0.0,1,2,25,50,28,5,-378.808,0.871,2,0
2024-11-16 08:08:30.608470,9ad510f0-ede8-4c07-a3cb-c4defea2f2b4,KXHIGHNY-24NOV16-B59.5,57029.392,100,-1.0,61.608,25,75,0,63.3,3.8,-12.9,-6.8,-28.8,-14.2,18.0,50.8,25.3,100,0,31599.94,37.4,9.4,0,0,2.108,1.692,0.0,0.0,0.0,1,2,25,50,28,5,-378.808,22.255,25,0
2024-11-16 08:08:30.638502,843a6450-e997-416c-8cc7-e60014aaaffe,KXHIGHNY-24NOV16-B59.5,57029.361,200,-1.0,61.608,25,75,0,63.3,3.8,-12.9,-6.8,-28.8,-14.2,18.0,50.8,25.3,100,0,31599.94,37.4,9.4,0,0,2.108,1.692,0.0,0.0,0.0,1,2,25,50,28,5,-378.808,22.249,25,0
2024-11-16 08:08:30.669874,44de280e-192d-4642-a4a9-34318195d35e,KXHIGHNY-24NOV16-B59.5,57029.33,240,-1.0,61.608,25,75,0,63.3,3.8,-12.9,-6.8,-28.8,-14.2,18.0,50.8,25.3,100,0,31599.94,37.4,9.4,0,0,2.108,1.692,0.0,0.0,0.0,1,2,25,50,28,5,-378.808,22.236,25,0
2024-11-16 08:08:30.767593,ea95f5f5-d281-4684-abd6-3c66b833f09d,KXHIGHNY-24NOV16-B59.5,57029.232,100,-1.0,61.608,25,75,0,63.3,3.8,-12.9,-6.8,-28.8,-14.2,18.0,50.8,25.3,100,0,31599.94,37.4,9.4,0,0,2.108,1.692,0.0,0.0,0.0,1,2,25,50,28,5,-378.808,22.235,25,0
2024-11-16 08:08:30.771139,633127bb-71b2-4bf7-981c-7ce0983947d1,KXHIGHNY-24NOV16-B57.5,57029.229,100,-3.0,61.608,2,98,0,63.3,5.8,-10.9,-4.8,-26.8,-12.2,18.0,50.8,25.3,100,0,31599.94,37.4,9.4,0,0,4.108,1.692,0.0,0.0,0.0,1,2,25,50,28,5,-378.808,0.835,2,0
2024-11-16 08:08:30.771364,701b2119-e82c-4adb-b076-e3edcd372a58,KXHIGHNY-24NOV16-B63.5,57029.229,100,3.0,61.658,31,69,0,63.3,-0.2,-16.9,-10.8,-32.8,-18.2,18.0,50.8,25.3,100,0,31599.94,37.4,9.4,0,0,-1.842,1.642,0.0,0.0,0.0,1,2,25,50,31,5,-391.96,26.99,31,0
2024-11-16 08:08:30.788201,a1093a6c-f7ff-48e7-973c-0fa64557d039,KXHIGHNY-24NOV16-B61.5,57029.212,100,1.0,61.658,50,50,0,63.3,1.8,-14.9,-8.8,-30.8,-16.2,18.0,50.8,25.3,100,0,31599.94,37.4,9.4,0,0,0.158,1.642,0.0,0.0,0.0,1,2,25,50,31,5,-391.96,-46.902,-50,1
2024-11-16 08:08:33.426783,d2cecaa9-7c06-4cc8-ae20-b9d0301639d3,KXHIGHNY-24NOV16-B59.5,57026.573,19,-1.0,61.658,25,75,0,63.3,3.8,-12.9,-6.8,-28.8,-14.2,18.0,50.8,25.3,100,0,31599.94,37.4,9.4,0,0,2.158,1.642,0.0,0.0,0.0,1,2,25,50,31,5,-391.96,22.232,25,0
2024-11-16 08:08:33.435532,608e4476-3b67-4c82-ad0b-113a164fc6dc,KXHIGHNY-24NOV16-B57.5,57026.564,19,-3.0,61.658,2,98,0,63.3,5.8,-10.9,-4.8,-26.8,-12.2,18.0,50.8,25.3,100,0,31599.94,37.4,9.4,0,0,4.158,1.642,0.0,0.0,0.0,1,2,25,50,31,5,-391.96,0.797,2,0
2024-11-16 08:08:33.441651,df003833-88e5-400f-ab9a-e76e23b8c65b,KXHIGHNY-24NOV16-B61.5,57026.558,19,1.0,61.658,50,50,0,63.3,1.8,-14.9,-8.8,-30.8,-16.2,18.0,50.8,25.3,100,0,31599.94,37.4,9.4,0,0,0.158,1.642,0.0,0.0,0.0,1,2,25,50,31,5,-391.96,-46.785,-50,1
2024-11-16 08:08:33.451183,b1327d40-c142-4005-915c-43c22ac889fe,KXHIGHNY-24NOV16-B63.5,57026.549,19,3.0,61.642,30,70,0,63.3,-0.2,-16.9,-10.8,-32.8,-18.2,18.0,50.8,25.3,100,0,31599.94,37.4,9.4,0,0,-1.858,1.658,0.0,0.0,0.0,1,2,25,50,30,5,-387.542,25.978,30,0
2024-11-16 08:08:34.353185,2e2d5313-2953-4a1a-8d2f-2f8789fce66a,KXHIGHNY-24NOV16-B61.5,57025.647,181,1.0,61.643,49,51,0,63.3,1.8,-14.9,-8.8,-30.8,-16.2,18.0,50.8,25.3,100,0,31599.94,37.4,9.4,0,0,0.143,1.657,0.0,0.0,0.0,1,2,25,49,30,5,-382.64,-47.785,-51,1
2024-11-16 08:08:34.353517,22b713f2-d2ae-4935-bdf5-854cdf762262,KXHIGHNY-24NOV16-B59.5,57025.646,181,-1.0,61.643,25,75,0,63.3,3.8,-12.9,-6.8,-28.8,-14.2,18.0,50.8,25.3,100,0,31599.94,37.4,9.4,0,0,2.143,1.657,0.0,0.0,0.0,1,2,25,49,30,5,-382.64,22.229,25,0
2024-11-16 08:08:34.355772,9278cc82-2b85-4a50-8043-6d97cdcdc7df,KXHIGHNY-24NOV16-B57.5,57025.644,181,-3.0,61.643,2,98,0,63.3,5.8,-10.9,-4.8,-26.8,-12.2,18.0,50.8,25.3,100,0,31599.94,37.4,9.4,0,0,4.143,1.657,0.0,0.0,0.0,1,2,25,49,30,5,-382.64,0.785,2,0
2024-11-16 08:08:34.357739,a27d5210-cca3-4a8a-9e91-1a91c2f1b7ff,KXHIGHNY-24NOV16-B63.5,57025.642,181,3.0,61.643,30,70,0,63.3,-0.2,-16.9,-10.8,-32.8,-18.2,18.0,50.8,25.3,100,0,31599.94,37.4,9.4,0,0,-1.857,1.657,0.0,0.0,0.0,1,2,25,49,30,5,-382.64,25.978,30,0
2024-11-16 08:08:36.649322,71cb0007-98d1-445e-abeb-3c2c3de61ea9,KXHIGHNY-24NOV16-B59.5,57023.351,100,-1.0,61.643,25,75,0,63.3,3.8,-12.9,-6.8,-28.8,-14.2,18.0,50.8,25.3,100,0,31599.94,37.4,9.4,0,0,2.143,1.657,0.0,0.0,0.0,1,2,25,49,30,5,-382.64,22.229,25,0
2024-11-16 08:08:36.708651,0a1c2d36-6a67-4c3f-a68a-76f05cbce68d,KXHIGHNY-24NOV16-B59.5,57023.291,200,-1.0,61.643,25,75,0,63.3,3.8,-12.9,-6.8,-28.8,-14.2,18.0,50.8,25.3,100,0,31599.94,37.4,9.4,0,0,2.143,1.657,0.0,0.0,0.0,1,2,25,49,30,5,-382.64,22.217,25,0
2024-11-16 08:08:36.765291,0d6be31a-6660-46ce-9ad3-dcd5ab3670e8,KXHIGHNY-24NOV16-B59.5,57023.235,200,-1.0,61.643,25,75,0,63.3,3.8,-12.9,-6.8,-28.8,-14.2,18.0,50.8,25.3,100,0,31599.94,37.4,9.4,0,0,2.143,1.657,0.0,0.0,0.0,1,2,25,49,30,5,-382.64,22.187,25,0
2024-11-16 08:08:39.826662,7c5fc1de-93e4-46b9-b0c3-f0901cf9c566,KXHIGHNY-24NOV16-B61.5,57020.173,100,1.0,61.637,54,46,1,63.3,1.8,-14.9,-8.8,-30.8,-16.2,18.0,50.8,25.3,100,0,31599.94,37.4,9.4,0,0,0.137,1.663,0.0,0.0,0.0,1,2,25,54,30,5,-407.346,42.781,46,1
2024-11-16 08:08:44.935793,b5c1107b-4820-4bfd-881e-ef442e95c37a,KXHIGHNY-24NOV16-B59.5,57015.064,65,-1.0,61.637,25,75,0,63.3,3.8,-12.9,-6.8,-28.8,-14.2,18.0,50.8,25.3,100,0,31599.94,37.4,9.4,0,0,2.137,1.663,0.0,0.0,0.0,1,2,25,54,30,5,-407.346,22.186,25,0
2024-11-16 08:08:45.594394,53434014-2a43-4cbe-97ae-6f5c415b2419,KXHIGHNY-24NOV16-B63.5,57014.406,200,3.0,61.588,27,73,0,63.3,-0.2,-16.9,-10.8,-32.8,-18.2,18.0,50.8,25.3,100,0,31599.94,37.4,9.4,0,0,-1.912,1.712,0.0,0.0,0.0,1,2,25,54,27,5,-394.298,22.978,27,0
2024-11-16 08:08:50.271497,eb69126c-7833-4e63-8348-d61aa4c207e7,KXHIGHNY-24NOV16-B61.5,57009.729,20,1.0,61.592,49,51,0,63.3,1.8,-14.9,-8.8,-30.8,-16.2,18.0,50.8,25.3,100,0,31599.94,37.4,9.4,0,0,0.092,1.708,0.0,0.0,0.0,1,2,25,49,27,5,-369.592,-47.753,-51,1
2024-11-16 08:08:50.273674,f1797f35-5d6d-4531-a311-b684ec4e752a,KXHIGHNY-24NOV16-B63.5,57009.726,20,3.0,61.643,30,70,0,63.3,-0.2,-16.9,-10.8,-32.8,-18.2,18.0,50.8,25.3,100,0,31599.94,37.4,9.4,0,0,-1.857,1.657,0.0,0.0,0.0,1,2,25,49,30,5,-382.64,25.939,30,0
2024-11-16 08:08:50.275175,5b39bb68-a1af-4de2-9910-a0a2c3554978,KXHIGHNY-24NOV16-B59.5,57009.725,20,-1.0,61.643,25,75,0,63.3,3.8,-12.9,-6.8,-28.8,-14.2,18.0,50.8,25.3,100,0,31599.94,37.4,9.4,0,0,2.143,1.657,0.0,0.0,0.0,1,2,25,49,30,5,-382.64,22.092,25,0
2024-11-16 08:08:50.276606,c6f318e9-51bb-40a3-ac5a-1267c735aa28,KXHIGHNY-24NOV16-B57.5,57009.723,20,-3.0,61.643,2,98,0,63.3,5.8,-10.9,-4.8,-26.8,-12.2,18.0,50.8,25.3,100,0,31599.94,37.4,9.4,0,0,4.143,1.657,0.0,0.0,0.0,1,2,25,49,30,5,-382.64,0.772,2,0
2024-11-16 08:09:14.333041,b727339c-fcff-4f26-8bf0-8e57234534ea,KXHIGHNY-24NOV16-B59.5,56985.667,22,-1.0,61.346,43,57,1,63.3,3.8,-12.9,-6.8,-28.8,-14.2,18.0,50.8,25.3,100,0,31599.94,37.4,9.4,0,0,1.846,1.954,0.0,0.0,0.0,1,2,43,49,30,5,-463.9,-40.082,-43,0
2024-11-16 08:09:14.333041,edf9e865-389b-47f3-9bdd-a46cedc775f7,KXHIGHNY-24NOV16-B59.5,56985.667,50,-1.0,61.39,40,60,1,63.3,3.8,-12.9,-6.8,-28.8,-14.2,18.0,50.8,25.3,100,0,31599.94,37.4,9.4,0,0,1.89,1.91,0.0,0.0,0.0,1,2,40,49,30,5,-449.724,-37.037,-40,0
2024-11-16 08:11:22.462958,502374e6-75d2-4edd-86a9-016b245cefcb,KXHIGHNY-24NOV16-B59.5,56857.537,4,-1.0,61.39,40,60,1,63.3,3.8,-12.9,-6.8,-28.8,-14.2,18.0,50.8,25.3,100,0,31599.94,37.4,9.4,0,0,1.89,1.91,0.0,0.0,0.0,1,2,40,49,30,5,-449.724,-37.032,-40,0
2024-11-16 08:11:43.042724,3e7106a2-b79d-4e99-a9fb-b28044737f19,KXHIGHNY-24NOV16-B63.5,56836.957,11,3.0,61.064,13,87,0,63.3,-0.2,-16.9,-10.8,-32.8,-18.2,18.0,50.8,25.3,100,0,31599.94,37.4,9.4,0,0,-2.436,2.236,0.0,0.0,0.0,1,2,40,49,13,5,-381.032,8.934,13,0
2024-11-16 08:11:45.282753,2b79b778-58df-4c0e-9068-e10f6f60cf6d,KXHIGHNY-24NOV16-B63.5,56834.717,49,3.0,61.373,29,71,1,63.3,-0.2,-16.9,-10.8,-32.8,-18.2,18.0,50.8,25.3,100,0,31599.94,37.4,9.4,0,0,-2.127,1.927,0.0,0.0,0.0,1,2,40,49,29,5,-445.339,-24.934,-29,0
2024-11-16 08:12:05.170687,701b2fae-f403-4ef2-a2ea-6533289e1601,KXHIGHNY-24NOV16-B63.5,56814.829,66,3.0,61.39,30,70,1,63.3,-0.2,-16.9,-10.8,-32.8,-18.2,18.0,50.8,25.3,100,0,31599.94,37.4,9.4,0,0,-2.11,1.91,0.0,0.0,0.0,1,2,40,49,30,5,-449.724,-25.932,-30,0
2024-11-16 08:12:35.114280,02a709da-43b9-42cc-9088-5843a1f367a5,KXHIGHNY-24NOV16-B61.5,56784.886,45,1.0,61.402,65,35,1,63.3,1.8,-14.9,-8.8,-30.8,-16.2,18.0,50.8,25.3,100,0,31599.94,37.4,9.4,0,0,-0.098,1.898,0.0,0.0,0.0,1,2,40,65,30,5,-530.36,31.749,35,1
2024-11-16 08:13:05.317128,ab73fd0d-70fa-41be-994e-4ae53db62bd8,KXHIGHNY-24NOV16-B63.5,56754.683,13,3.0,61.402,30,70,1,63.3,-0.2,-16.9,-10.8,-32.8,-18.2,18.0,50.8,25.3,100,0,31599.94,37.4,9.4,0,0,-2.098,1.898,0.0,0.0,0.0,1,2,40,65,30,5,-530.36,-25.962,-30,0
2024-11-16 08:13:05.317128,4f767d01-c2df-4ebd-ba08-a1cf6e0f32a9,KXHIGHNY-24NOV16-B63.5,56754.683,34,3.0,61.402,30,70,1,63.3,-0.2,-16.9,-10.8,-32.8,-18.2,18.0,50.8,25.3,100,0,31599.94,37.4,9.4,0,0,-2.098,1.898,0.0,0.0,0.0,1,2,40,65,30,5,-530.36,-25.963,-30,0
2024-11-16 08:13:51.786672,d571fc14-607b-4314-8fd9-6171d82a9f2b,KXHIGHNY-24NOV16-B61.5,56708.213,12,1.0,61.402,65,35,1,63.3,1.8,-14.9,-8.8,-30.8,-16.2,18.0,50.8,25.3,100,0,31599.94,37.4,9.4,0,0,-0.098,1.898,0.0,0.0,0.0,1,2,40,65,30,5,-530.36,31.731,35,1
2024-11-16 08:13:52.724767,096f68d9-cd42-4f6b-b0eb-f399430c99a4,KXHIGHNY-24NOV16-B57.5,56707.275,100,-3.0,61.195,10,90,1,63.3,5.8,-10.9,-4.8,-26.8,-12.2,18.0,50.8,25.3,100,0,31599.94,37.4,9.4,0,0,3.695,2.105,0.0,0.0,0.0,1,10,40,65,30,5,-551.999,-8.76,-10,0
2024-11-16 08:13:52.724767,6821805b-152f-4ee4-90fa-c9a44240ba60,KXHIGHNY-24NOV16-B57.5,56707.275,500,-3.0,61.22,9,91,1,63.3,5.8,-10.9,-4.8,-26.8,-12.2,18.0,50.8,25.3,100,0,31599.94,37.4,9.4,0,0,3.72,2.08,0.0,0.0,0.0,1,9,40,65,30,5,-548.748,-7.751,-9,0
2024-11-16 08:13:52.724767,e71306d6-24cf-49df-9374-a037114c7de5,KXHIGHNY-24NOV16-B57.5,56707.275,1,-3.0,61.322,5,95,1,63.3,5.8,-10.9,-4.8,-26.8,-12.2,18.0,50.8,25.3,100,0,31599.94,37.4,9.4,0,0,3.822,1.978,0.0,0.0,0.0,1,5,40,65,30,5,-537.021,-3.698,-5,0
2024-11-16 08:13:52.724767,b5014e73-9432-48df-8e38-974f1512b329,KXHIGHNY-24NOV16-B57.5,56707.275,399,-3.0,61.171,11,89,1,63.3,5.8,-10.9,-4.8,-26.8,-12.2,18.0,50.8,25.3,100,0,31599.94,37.4,9.4,0,0,3.671,2.129,0.0,0.0,0.0,1,11,40,65,30,5,-555.35,-9.75,-11,0
2024-11-16 08:14:24.437778,85570260-4b44-4af5-8779-7c675908c5d0,KXHIGHNY-24NOV16-B63.5,56675.562,10,3.0,60.922,14,86,0,63.3,-0.2,-16.9,-10.8,-32.8,-18.2,18.0,50.8,25.3,100,0,31599.94,37.4,9.4,0,0,-2.578,2.378,0.0,0.0,0.0,1,10,40,65,14,5,-486.91,9.984,14,0
2024-11-16 08:14:24.437778,5470d7dd-a912-473b-9af2-e8d633002911,KXHIGHNY-24NOV16-B63.5,56675.562,12,3.0,60.903,13,87,0,63.3,-0.2,-16.9,-10.8,-32.8,-18.2,18.0,50.8,25.3,100,0,31599.94,37.4,9.4,0,0,-2.597,2.397,0.0,0.0,0.0,1,10,40,65,13,5,-483.308,8.963,13,0
2024-11-16 08:14:31.505350,e445530c-6548-4e8a-9d0f-feaf55a37b91,KXHIGHNY-24NOV16-B59.5,56668.495,5,-1.0,60.924,38,62,1,63.3,3.8,-12.9,-6.8,-28.8,-14.2,18.0,50.8,25.3,100,0,31599.94,37.4,9.4,0,0,1.424,2.376,0.0,0.0,0.0,1,10,38,65,13,5,-473.981,-35.028,-38,0
2024-11-16 08:14:36.788244,a1920c95-11ae-4094-bcdc-ff554c34ea5b,KXHIGHNY-24NOV16-B59.5,56663.212,9,-1.0,61.093,24,76,0,63.3,3.8,-12.9,-6.8,-28.8,-14.2,18.0,50.8,25.3,100,0,31599.94,37.4,9.4,0,0,1.593,2.207,0.0,0.0,0.0,1,10,24,65,13,5,-412.026,21.006,24,0
2024-11-16 08:14:36.788244,717d2db5-c271-41b2-b61b-a5f6bf71f0eb,KXHIGHNY-24NOV16-B59.5,56663.212,11,-1.0,61.08,25,75,0,63.3,3.8,-12.9,-6.8,-28.8,-14.2,18.0,50.8,25.3,100,0,31599.94,37.4,9.4,0,0,1.58,2.22,0.0,0.0,0.0,1,10,25,65,13,5,-416.224,22.028,25,0
2024-11-16 08:14:45.372166,8a1187e3-9fa2-4a58-8adb-8f1edd5f3a60,KXHIGHNY-24NOV16-B57.5,56654.628,36,-3.0,60.992,13,87,1,63.3,5.8,-10.9,-4.8,-26.8,-12.2,18.0,50.8,25.3,100,0,31599.94,37.4,9.4,0,0,3.492,2.308,0.0,0.0,0.0,1,13,25,65,13,5,-426.543,-11.654,-13,0
2024-11-16 08:14:55.675338,b1af35a5-b948-4ea8-a523-a9780cc24da7,KXHIGHNY-24NOV16-B59.5,56644.325,54,-1.0,61.056,20,80,0,63.3,3.8,-12.9,-6.8,-28.8,-14.2,18.0,50.8,25.3,100,0,31599.94,37.4,9.4,0,0,1.556,2.244,0.0,0.0,0.0,1,13,20,65,13,5,-405.986,16.991,20,0
2024-11-16 08:15:30.405556,2152cb20-73cb-48fe-a2cd-9c6c4462e781,KXHIGHNY-24NOV16-B63.5,56609.594,6,3.0,61.366,30,70,1,63.3,-0.2,-16.9,-10.8,-32.8,-18.2,18.0,50.8,25.3,100,0,31599.94,37.4,9.4,0,0,-2.134,1.934,0.0,0.0,0.0,1,13,20,65,30,5,-474.677,-25.985,-30,0
2024-11-16 08:15:30.405556,a37e6047-7b1e-4397-bd97-994557e016ff,KXHIGHNY-24NOV16-B63.5,56609.594,10,3.0,61.333,28,72,1,63.3,-0.2,-16.9,-10.8,-32.8,-18.2,18.0,50.8,25.3,100,0,31599.94,37.4,9.4,0,0,-2.167,1.967,0.0,0.0,0.0,1,13,20,65,28,5,-465.943,-23.989,-28,0
2024-11-16 08:15:34.188549,4c8f7e06-38e7-40c2-af7b-c6706427efd3,KXHIGHNY-24NOV16-B59.5,56605.811,14,-1.0,61.145,38,62,1,63.3,3.8,-12.9,-6.8,-28.8,-14.2,18.0,50.8,25.3,100,0,31599.94,37.4,9.4,0,0,1.645,2.155,0.0,0.0,0.0,1,13,38,65,30,5,-552.991,-34.967,-38,0
2024-11-16 08:15:34.188549,bb7a4a78-3b7d-4fb6-a091-adb1ba1a1654,KXHIGHNY-24NOV16-B59.5,56605.811,11,-1.0,61.167,36,64,1,63.3,3.8,-12.9,-6.8,-28.8,-14.2,18.0,50.8,25.3,100,0,31599.94,37.4,9.4,0,0,1.667,2.133,0.0,0.0,0.0,1,13,36,65,30,5,-543.769,-32.949,-36,0
2024-11-16 08:16:15.865326,c9e91286-e004-48aa-b05e-03cdffd891a8,KXHIGHNY-24NOV16-B61.5,56564.135,22,1.0,61.145,65,35,1,63.3,1.8,-14.9,-8.8,-30.8,-16.2,18.0,50.8,25.3,100,0,31599.94,37.4,9.4,0,0,-0.355,2.155,0.0,0.0,0.0,1,13,38,65,30,5,-552.991,31.723,35,1
2024-11-16 08:16:17.554721,13b19a31-3c02-40cd-a270-1917961cc4e8,KXHIGHNY-24NOV16-B61.5,56562.445,45,1.0,61.145,65,35,1,63.3,1.8,-14.9,-8.8,-30.8,-16.2,18.0,50.8,25.3,100,0,31599.94,37.4,9.4,0,0,-0.355,2.155,0.0,0.0,0.0,1,13,38,65,30,5,-552.991,31.712,35,1
2024-11-16 08:16:26.819331,5a10e599-438b-4c67-a6ec-9c7cf5b5b217,KXHIGHNY-24NOV16-B63.5,56553.181,200,3.0,61.145,30,70,1,63.3,-0.2,-16.9,-10.8,-32.8,-18.2,18.0,50.8,25.3,100,0,31599.94,37.4,9.4,0,0,-2.355,2.155,0.0,0.0,0.0,1,13,38,65,30,5,-552.991,-26.0,-30,0
2024-11-16 08:16:26.847429,93db06e8-ac09-49ef-8204-78f9a64398e5,KXHIGHNY-24NOV16-B63.5,56553.153,100,3.0,61.145,30,70,1,63.3,-0.2,-16.9,-10.8,-32.8,-18.2,18.0,50.8,25.3,100,0,31599.94,37.4,9.4,0,0,-2.355,2.155,0.0,0.0,0.0,1,13,38,65,30,5,-552.991,-26.0,-30,0
2024-11-16 08:16:27.097153,218edf97-6334-4a98-a418-a8e877e46f59,KXHIGHNY-24NOV16-B59.5,56552.903,88,-1.0,61.366,20,80,0,63.3,3.8,-12.9,-6.8,-28.8,-14.2,18.0,50.8,25.3,100,0,31599.94,37.4,9.4,0,0,1.866,1.934,0.0,0.0,0.0,1,13,20,65,30,5,-474.677,16.899,20,0
2024-11-16 08:16:27.097153,1d3c4e0a-fa6c-4746-a684-061d024b1dde,KXHIGHNY-24NOV16-B59.5,56552.903,12,-1.0,61.352,21,79,0,63.3,3.8,-12.9,-6.8,-28.8,-14.2,18.0,50.8,25.3,100,0,31599.94,37.4,9.4,0,0,1.852,1.948,0.0,0.0,0.0,1,13,21,65,30,5,-478.698,17.95,21,0
2024-11-16 08:16:27.129428,ede5c3dc-32a1-48e5-a0c5-762f37619392,KXHIGHNY-24NOV16-B59.5,56552.871,200,-1.0,61.366,20,80,0,63.3,3.8,-12.9,-6.8,-28.8,-14.2,18.0,50.8,25.3,100,0,31599.94,37.4,9.4,0,0,1.866,1.934,0.0,0.0,0.0,1,13,20,65,30,5,-474.677,16.851,20,0
2024-11-16 08:16:27.178068,fcc80c3f-3f60-4544-8127-89effe64bf29,KXHIGHNY-24NOV16-B59.5,56552.822,182,-1.0,61.366,20,80,0,63.3,3.8,-12.9,-6.8,-28.8,-14.2,18.0,50.8,25.3,100,0,31599.94,37.4,9.4,0,0,1.866,1.934,0.0,0.0,0.0,1,13,20,65,30,5,-474.677,16.814,20,0
2024-11-16 08:16:27.178068,59d2aae6-a9c9-4680-bac2-2cd18be6f06b,KXHIGHNY-24NOV16-B59.5,56552.822,58,-1.0,61.366,20,80,0,63.3,3.8,-12.9,-6.8,-28.8,-14.2,18.0,50.8,25.3,100,0,31599.94,37.4,9.4,0,0,1.866,1.934,0.0,0.0,0.0,1,13,20,65,30,5,-474.677,16.828,20,0
2024-11-16 08:16:29.928629,468cdf55-dd26-4da8-ada5-7dad4327443c,KXHIGHNY-24NOV16-B63.5,56550.071,100,3.0,61.366,30,70,1,63.3,-0.2,-16.9,-10.8,-32.8,-18.2,18.0,50.8,25.3,100,0,31599.94,37.4,9.4,0,0,-2.134,1.934,0.0,0.0,0.0,1,13,20,65,30,5,-474.677,-26.0,-30,0
2024-11-16 08:16:29.960930,89ea71e4-9062-49e5-bc21-d3576633f3c8,KXHIGHNY-24NOV16-B63.5,56550.039,100,3.0,61.366,30,70,1,63.3,-0.2,-16.9,-10.8,-32.8,-18.2,18.0,50.8,25.3,100,0,31599.94,37.4,9.4,0,0,-2.134,1.934,0.0,0.0,0.0,1,13,20,65,30,5,-474.677,-26.0,-30,0
2024-11-16 08:16:30.030337,51c667b2-1d87-4f08-bdd2-68d4e7f61670,KXHIGHNY-24NOV16-B59.5,56549.97,200,-1.0,61.366,20,80,0,63.3,3.8,-12.9,-6.8,-28.8,-14.2,18.0,50.8,25.3,100,0,31599.94,37.4,9.4,0,0,1.866,1.934,0.0,0.0,0.0,1,13,20,65,30,5,-474.677,16.76,20,0
2024-11-16 08:16:30.079760,6720cd5e-bcca-41b5-a340-3fb21d381f9a,KXHIGHNY-24NOV16-B59.5,56549.92,200,-1.0,61.366,20,80,0,63.3,3.8,-12.9,-6.8,-28.8,-14.2,18.0,50.8,25.3,100,0,31599.94,37.4,9.4,0,0,1.866,1.934,0.0,0.0,0.0,1,13,20,65,30,5,-474.677,16.752,20,0
2024-11-16 08:16:30.135496,e8079271-6239-4f0d-b7f1-7b6983586b79,KXHIGHNY-24NOV16-B59.5,56549.865,200,-1.0,61.366,20,80,0,63.3,3.8,-12.9,-6.8,-28.8,-14.2,18.0,50.8,25.3,100,0,31599.94,37.4,9.4,0,0,1.866,1.934,0.0,0.0,0.0,1,13,20,65,30,5,-474.677,16.728,20,0
2024-11-16 08:16:51.008885,df727d8e-1216-4109-bc29-341b46c17a4c,KXHIGHNY-24NOV16-B61.5,56528.991,8,1.0,61.356,56,44,1,63.3,1.8,-14.9,-8.8,-30.8,-16.2,18.0,50.8,25.3,100,0,31599.94,37.4,9.4,0,0,-0.144,1.944,0.0,0.0,0.0,1,13,20,56,30,5,-428.762,40.695,44,1
2024-11-16 08:16:56.691085,4656425d-439b-4047-9595-53ec4c5f7b4f,KXHIGHNY-24NOV16-B61.5,56523.309,8,1.0,61.356,56,44,1,63.3,1.8,-14.9,-8.8,-30.8,-16.2,18.0,50.8,25.3,100,0,31599.94,37.4,9.4,0,0,-0.144,1.944,0.0,0.0,0.0,1,13,20,56,30,5,-428.762,40.686,44,1
2024-11-16 08:17:18.711966,86e2a570-ca03-492c-a22f-8e30c6243d42,KXHIGHNY-24NOV16-B59.5,56501.288,1,-1.0,61.312,23,77,1,63.3,3.8,-12.9,-6.8,-28.8,-14.2,18.0,50.8,25.3,100,0,31599.94,37.4,9.4,0,0,1.812,1.987,0.0,0.0,0.0,1,13,23,56,30,5,-440.964,-19.706,-23,0
2024-11-16 08:18:11.584235,9ff93a07-a848-41af-97a7-39d74af85dd5,KXHIGHNY-24NOV16-B57.5,56448.416,200,-3.0,61.5,7,93,1,63.3,5.8,-10.9,-4.8,-26.8,-12.2,18.0,50.8,25.3,100,0,31599.94,37.4,9.4,0,0,4.0,1.8,0.0,0.0,0.0,1,7,23,56,30,5,-421.241,-5.508,-7,0
2024-11-16 08:18:11.584235,64c1b9d1-60d3-4903-a7a8-7624adf203d8,KXHIGHNY-24NOV16-B57.5,56448.416,1,-3.0,61.636,3,97,1,63.3,5.8,-10.9,-4.8,-26.8,-12.2,18.0,50.8,25.3,100,0,31599.94,37.4,9.4,0,0,4.136,1.664,0.0,0.0,0.0,1,3,23,56,30,5,-410.915,-1.599,-3,0
2024-11-16 08:18:29.490637,b3885735-8b07-4b1e-ae72-134e40bbc3cb,KXHIGHNY-24NOV16-B59.5,56430.509,70,-1.0,61.636,23,77,1,63.3,3.8,-12.9,-6.8,-28.8,-14.2,18.0,50.8,25.3,100,0,31599.94,37.4,9.4,0,0,2.136,1.664,0.0,0.0,0.0,1,3,23,56,30,5,-410.915,-19.69,-23,0
2024-11-16 08:18:29.490637,01eb4860-b53c-420b-a559-ab0a1723fe78,KXHIGHNY-24NOV16-B59.5,56430.509,12,-1.0,61.654,22,78,1,63.3,3.8,-12.9,-6.8,-28.8,-14.2,18.0,50.8,25.3,100,0,31599.94,37.4,9.4,0,0,2.154,1.646,0.0,0.0,0.0,1,3,22,56,30,5,-406.802,-18.701,-22,0
2024-11-16 08:19:48.029682,aac7165f-2b55-4b48-8719-b6afb324798e,KXHIGHNY-24NOV16-B61.5,56351.97,50,1.0,61.655,55,45,1,63.3,1.8,-14.9,-8.8,-30.8,-16.2,18.0,50.8,25.3,100,0,31599.94,37.4,9.4,0,0,0.155,1.645,0.0,0.0,0.0,1,3,22,55,30,5,-401.785,41.658,45,1
2024-11-16 08:20:27.078751,09911355-fc6b-4e2a-baa8-07ac58028b82,KXHIGHNY-24NOV16-B59.5,56312.921,19,-1.0,61.693,20,80,0,63.3,3.8,-12.9,-6.8,-28.8,-14.2,18.0,50.8,25.3,100,0,31599.94,37.4,9.4,0,0,2.193,1.607,0.0,0.0,0.0,1,3,20,55,30,5,-393.697,16.675,20,0
2024-11-16 08:20:27.259906,553bff3b-d543-47a9-9834-83d22e2f4944,KXHIGHNY-24NOV16-B63.5,56312.74,100,3.0,61.661,28,72,1,63.3,-0.2,-16.9,-10.8,-32.8,-18.2,18.0,50.8,25.3,100,0,31599.94,37.4,9.4,0,0,-1.839,1.639,0.0,0.0,0.0,1,3,20,55,28,5,-384.963,-24.0,-28,0
2024-11-16 08:20:27.292025,d23a40a4-acc6-4a69-bf93-30d5cd5399b2,KXHIGHNY-24NOV16-B63.5,56312.708,200,3.0,61.661,28,72,1,63.3,-0.2,-16.9,-10.8,-32.8,-18.2,18.0,50.8,25.3,100,0,31599.94,37.4,9.4,0,0,-1.839,1.639,0.0,0.0,0.0,1,3,20,55,28,5,-384.963,-24.0,-28,0
2024-11-16 08:20:27.320255,e99a1534-6bc0-4703-b70e-d2f19735af4e,KXHIGHNY-24NOV16-B63.5,56312.68,100,3.0,61.661,28,72,1,63.3,-0.2,-16.9,-10.8,-32.8,-18.2,18.0,50.8,25.3,100,0,31599.94,37.4,9.4,0,0,-1.839,1.639,0.0,0.0,0.0,1,3,20,55,28,5,-384.963,-23.998,-28,0
2024-11-16 08:20:36.510427,a838dcd8-94e8-4e56-92d9-75fc66a54f27,KXHIGHNY-24NOV16-B63.5,56303.49,81,3.0,61.661,28,72,1,63.3,-0.2,-16.9,-10.8,-32.8,-18.2,18.0,50.8,25.3,100,0,31599.94,37.4,9.4,0,0,-1.839,1.639,0.0,0.0,0.0,1,3,20,55,28,5,-384.963,-23.996,-28,0
2024-11-16 08:20:46.232255,c2ea7711-dcd1-436d-9515-1aa4988f3d26,KXHIGHNY-24NOV16-B63.5,56293.768,88,3.0,61.644,27,73,0,63.3,-0.2,-16.9,-10.8,-32.8,-18.2,18.0,50.8,25.3,100,0,31599.94,37.4,9.4,0,0,-1.856,1.656,0.0,0.0,0.0,1,3,20,55,27,5,-380.649,22.986,27,0
2024-11-16 08:20:46.232255,b9357669-400e-4aa0-8ae0-16e5aa77f433,KXHIGHNY-24NOV16-B63.5,56293.768,19,3.0,61.661,28,72,0,63.3,-0.2,-16.9,-10.8,-32.8,-18.2,18.0,50.8,25.3,100,0,31599.94,37.4,9.4,0,0,-1.839,1.639,0.0,0.0,0.0,1,3,20,55,28,5,-384.963,23.992,28,0
2024-11-16 08:20:46.232255,749e09bf-cebc-44ce-9af7-d3cda7b63c70,KXHIGHNY-24NOV16-B63.5,56293.768,81,3.0,61.661,28,72,0,63.3,-0.2,-16.9,-10.8,-32.8,-18.2,18.0,50.8,25.3,100,0,31599.94,37.4,9.4,0,0,-1.839,1.639,0.0,0.0,0.0,1,3,20,55,28,5,-384.963,23.991,28,0
2024-11-16 08:20:48.327377,ed826f9a-6cd4-44d1-92b9-2d511a071f52,KXHIGHNY-24NOV16-B61.5,56291.673,8,1.0,61.661,55,45,1,63.3,1.8,-14.9,-8.8,-30.8,-16.2,18.0,50.8,25.3,100,0,31599.94,37.4,9.4,0,0,0.161,1.639,0.0,0.0,0.0,1,3,20,55,28,5,-384.963,41.642,45,1
2024-11-16 08:20:56.411373,3502e3a2-2ca0-4611-8340-c11366d4cb5e,KXHIGHNY-24NOV16-B61.5,56283.589,2,1.0,61.661,55,45,1,63.3,1.8,-14.9,-8.8,-30.8,-16.2,18.0,50.8,25.3,100,0,31599.94,37.4,9.4,0,0,0.161,1.639,0.0,0.0,0.0,1,3,20,55,28,5,-384.963,41.642,45,1
2024-11-16 08:21:07.285509,c07e50cd-1720-40c6-89c2-f355f901a544,KXHIGHNY-24NOV16-B63.5,56272.714,50,3.0,61.593,24,76,0,63.3,-0.2,-16.9,-10.8,-32.8,-18.2,18.0,50.8,25.3,100,0,31599.94,37.4,9.4,0,0,-1.907,1.707,0.0,0.0,0.0,1,3,20,55,24,5,-367.934,19.976,24,0
2024-11-16 08:21:07.285509,22bec61e-a365-4796-bde3-7151ce985133,KXHIGHNY-24NOV16-B63.5,56272.714,80,3.0,61.61,25,75,0,63.3,-0.2,-16.9,-10.8,-32.8,-18.2,18.0,50.8,25.3,100,0,31599.94,37.4,9.4,0,0,-1.89,1.69,0.0,0.0,0.0,1,3,20,55,25,5,-372.133,20.986,25,0
2024-11-16 08:21:13.789065,acdb60fb-e530-43cd-98e8-c31bf0ac3d72,KXHIGHNY-24NOV16-B61.5,56266.211,31,1.0,61.61,55,45,1,63.3,1.8,-14.9,-8.8,-30.8,-16.2,18.0,50.8,25.3,100,0,31599.94,37.4,9.4,0,0,0.11,1.69,0.0,0.0,0.0,1,3,20,55,25,5,-372.133,41.637,45,1
2024-11-16 08:21:28.576733,e0644650-abc0-4ed1-9b9f-7d546b93604e,KXHIGHNY-24NOV16-B61.5,56251.423,55,1.0,61.61,55,45,1,63.3,1.8,-14.9,-8.8,-30.8,-16.2,18.0,50.8,25.3,100,0,31599.94,37.4,9.4,0,0,0.11,1.69,0.0,0.0,0.0,1,3,20,55,25,5,-372.133,41.628,45,1
2024-11-16 08:21:40.188208,ab707827-fa37-449a-8393-e7f11dca1cfb,KXHIGHNY-24NOV16-B59.5,56239.812,2,-1.0,61.712,15,85,0,63.3,3.8,-12.9,-6.8,-28.8,-14.2,18.0,50.8,25.3,100,0,31599.94,37.4,9.4,0,0,2.212,1.588,0.0,0.0,0.0,1,3,15,55,25,5,-352.839,11.632,15,0
2024-11-16 08:22:17.932295,bcbb54a0-efe6-45cb-8675-3195a4bf16c7,KXHIGHNY-24NOV16-B63.5,56202.068,215,3.0,61.778,29,71,1,63.3,-0.2,-16.9,-10.8,-32.8,-18.2,18.0,50.8,25.3,100,0,31599.94,37.4,9.4,0,0,-1.722,1.522,0.0,0.0,0.0,1,3,15,55,29,5,-370.019,-24.976,-29,0
2024-11-16 08:22:30.100988,218915b5-e857-4343-a3b3-514f7f58a26d,KXHIGHNY-24NOV16-B59.5,56189.899,65,-1.0,61.888,10,90,0,63.3,3.8,-12.9,-6.8,-28.8,-14.2,18.0,50.8,25.3,100,0,31599.94,37.4,9.4,0,0,2.388,1.412,0.0,0.0,0.0,1,3,10,55,29,5,-352.424,6.603,10,0
2024-11-16 08:22:30.100988,231fbb1b-e8fa-4410-885b-99b8635cd537,KXHIGHNY-24NOV16-B59.5,56189.899,80,-1.0,61.912,9,91,0,63.3,3.8,-12.9,-6.8,-28.8,-14.2,18.0,50.8,25.3,100,0,31599.94,37.4,9.4,0,0,2.412,1.388,0.0,0.0,0.0,1,3,9,55,29,5,-349.173,5.585,9,0
2024-11-16 08:22:30.100988,57c3f2a9-3b9d-49a7-9b7a-ff57752a0ae0,KXHIGHNY-24NOV16-B59.5,56189.899,80,-1.0,61.96,7,93,0,63.3,3.8,-12.9,-6.8,-28.8,-14.2,18.0,50.8,25.3,100,0,31599.94,37.4,9.4,0,0,2.46,1.34,0.0,0.0,0.0,1,3,7,55,29,5,-343.019,3.556,7,0
2024-11-16 08:22:30.100988,92462621-e7ce-45cb-8d36-f266e69aa704,KXHIGHNY-24NOV16-B59.5,56189.899,116,-1.0,62.117,1,99,0,63.3,3.8,-12.9,-6.8,-28.8,-14.2,18.0,50.8,25.3,100,0,31599.94,37.4,9.4,0,0,2.617,1.183,0.0,0.0,0.0,1,3,1,55,29,5,-329.398,-2.493,1,0
2024-11-16 08:22:30.100988,8811262b-8e08-432e-b51c-5df0a79b78a3,KXHIGHNY-24NOV16-B59.5,56189.899,48,-1.0,62.062,3,97,0,63.3,3.8,-12.9,-6.8,-28.8,-14.2,18.0,50.8,25.3,100,0,31599.94,37.4,9.4,0,0,2.562,1.237,0.0,0.0,0.0,1,3,3,55,29,5,-332.694,-0.448,3,0
2024-11-16 08:22:30.100988,af327027-4ea5-415f-aa5c-a05e2838ac64,KXHIGHNY-24NOV16-B59.5,56189.899,1000,-1.0,62.062,3,97,0,63.3,3.8,-12.9,-6.8,-28.8,-14.2,18.0,50.8,25.3,100,0,31599.94,37.4,9.4,0,0,2.562,1.237,0.0,0.0,0.0,1,3,3,55,29,5,-332.694,-0.54,3,0
2024-11-16 08:22:30.100988,af890394-481e-4d53-9f75-ef50b86a5456,KXHIGHNY-24NOV16-B59.5,56189.899,4,-1.0,61.865,11,89,0,63.3,3.8,-12.9,-6.8,-28.8,-14.2,18.0,50.8,25.3,100,0,31599.94,37.4,9.4,0,0,2.365,1.435,0.0,0.0,0.0,1,3,11,55,29,5,-355.775,7.458,11,0
2024-11-16 08:22:30.100988,c86a668c-e114-4506-8c3f-20db12cb62c6,KXHIGHNY-24NOV16-B59.5,56189.899,80,-1.0,61.936,8,92,0,63.3,3.8,-12.9,-6.8,-28.8,-14.2,18.0,50.8,25.3,100,0,31599.94,37.4,9.4,0,0,2.436,1.364,0.0,0.0,0.0,1,3,8,55,29,5,-346.033,4.456,8,0
2024-11-16 08:22:30.100988,9c318614-d7f3-43c1-bd52-0e9456befd42,KXHIGHNY-24NOV16-B59.5,56189.899,70,-1.0,62.01,5,95,0,63.3,3.8,-12.9,-6.8,-28.8,-14.2,18.0,50.8,25.3,100,0,31599.94,37.4,9.4,0,0,2.51,1.29,0.0,0.0,0.0,1,3,5,55,29,5,-337.445,1.463,5,0
2024-11-16 08:22:32.095783,acc66f19-f25b-4285-b1d4-e21f3ff15d0e,KXHIGHNY-24NOV16-B61.5,56187.904,10,1.0,61.888,55,45,1,63.3,1.8,-14.9,-8.8,-30.8,-16.2,18.0,50.8,25.3,100,0,31599.94,37.4,9.4,0,0,0.388,1.412,0.0,0.0,0.0,1,3,10,55,29,5,-352.424,41.62,45,1
2024-11-16 08:22:38.227813,9583c39c-ff17-4854-b5df-14f81e1b25c2,KXHIGHNY-24NOV16-B61.5,56181.772,50,1.0,61.888,55,45,1,63.3,1.8,-14.9,-8.8,-30.8,-16.2,18.0,50.8,25.3,100,0,31599.94,37.4,9.4,0,0,0.388,1.412,0.0,0.0,0.0,1,3,10,55,29,5,-352.424,41.543,45,1
2024-11-16 08:22:48.206557,b3ad9bcc-07b9-46ec-98bb-4bee99d769f5,KXHIGHNY-24NOV16-B59.5,56171.793,26,-1.0,61.865,11,89,1,63.3,3.8,-12.9,-6.8,-28.8,-14.2,18.0,50.8,25.3,100,0,31599.94,37.4,9.4,0,0,2.365,1.435,0.0,0.0,0.0,1,3,11,55,29,5,-355.775,-7.442,-11,0
2024-11-16 08:22:48.206557,82c115cc-98b9-48a8-b5de-54407571afdd,KXHIGHNY-24NOV16-B59.5,56171.793,26,-1.0,61.888,10,90,1,63.3,3.8,-12.9,-6.8,-28.8,-14.2,18.0,50.8,25.3,100,0,31599.94,37.4,9.4,0,0,2.388,1.412,0.0,0.0,0.0,1,3,10,55,29,5,-352.424,-6.444,-10,0
2024-11-16 08:23:06.964527,b00773a1-160e-41c0-aef8-04f3eb0bc3ea,KXHIGHNY-24NOV16-B59.5,56153.035,26,-1.0,61.843,12,88,1,63.3,3.8,-12.9,-6.8,-28.8,-14.2,18.0,50.8,25.3,100,0,31599.94,37.4,9.4,0,0,2.343,1.457,0.0,0.0,0.0,1,3,12,55,29,5,-359.217,-8.404,-12,0
2024-11-16 08:23:06.964527,cda7cd15-6161-492f-bc0c-b82b2edeb5ee,KXHIGHNY-24NOV16-B59.5,56153.035,12,-1.0,61.821,13,87,1,63.3,3.8,-12.9,-6.8,-28.8,-14.2,18.0,50.8,25.3,100,0,31599.94,37.4,9.4,0,0,2.321,1.479,0.0,0.0,0.0,1,3,13,55,29,5,-362.742,-9.389,-13,0
2024-11-16 08:23:23.198927,234aa510-61e1-4555-9489-5a6e30f0f5af,KXHIGHNY-24NOV16-B61.5,56136.801,8,1.0,61.843,55,45,1,63.3,1.8,-14.9,-8.8,-30.8,-16.2,18.0,50.8,25.3,100,0,31599.94,37.4,9.4,0,0,0.343,1.457,0.0,0.0,0.0,1,3,12,55,29,5,-359.217,41.543,45,1
2024-11-16 08:23:34.591730,6e2fb125-1a02-4b8d-8d9d-6322571a2c3a,KXHIGHNY-24NOV16-B63.5,56125.408,44,3.0,61.987,39,61,1,63.3,-0.2,-16.9,-10.8,-32.8,-18.2,18.0,50.8,25.3,100,0,31599.94,37.4,9.4,0,0,-1.513,1.313,0.0,0.0,0.0,1,3,12,55,39,5,-404.444,-34.976,-39,0
2024-11-16 08:23:34.591730,70b2da99-d1cc-48f9-a527-5ddc59e21788,KXHIGHNY-24NOV16-B63.5,56125.408,61,3.0,61.987,39,61,1,63.3,-0.2,-16.9,-10.8,-32.8,-18.2,18.0,50.8,25.3,100,0,31599.94,37.4,9.4,0,0,-1.513,1.313,0.0,0.0,0.0,1,3,12,55,39,5,-404.444,-34.976,-39,0
2024-11-16 08:23:37.973081,1f3cd1c5-b3f6-479b-8baa-2920e1241e25,KXHIGHNY-24NOV16-B59.5,56122.027,26,-1.0,61.944,14,86,1,63.3,3.8,-12.9,-6.8,-28.8,-14.2,18.0,50.8,25.3,100,0,31599.94,37.4,9.4,0,0,2.444,1.356,0.0,0.0,0.0,1,3,14,55,39,5,-411.572,-10.388,-14,0
2024-11-16 08:23:55.232065,ef46c578-a5b4-4731-984e-486c6748b5ea,KXHIGHNY-24NOV16-B59.5,56104.768,198,-1.0,61.924,15,85,1,63.3,3.8,-12.9,-6.8,-28.8,-14.2,18.0,50.8,25.3,100,0,31599.94,37.4,9.4,0,0,2.424,1.376,0.0,0.0,0.0,1,3,15,55,39,5,-415.246,-11.385,-15,0
2024-11-16 08:24:25.287566,53f1280f-2864-4ed1-9b37-5f4dfa89000e,KXHIGHNY-24NOV16-B61.5,56074.712,6,1.0,61.924,55,45,1,63.3,1.8,-14.9,-8.8,-30.8,-16.2,18.0,50.8,25.3,100,0,31599.94,37.4,9.4,0,0,0.424,1.376,0.0,0.0,0.0,1,3,15,55,39,5,-415.246,41.543,45,1
2024-11-16 08:24:28.941905,b65ce934-a65f-4d67-a90e-1b198a90ff2c,KXHIGHNY-24NOV16-B63.5,56071.058,59,3.0,61.824,32,68,0,63.3,-0.2,-16.9,-10.8,-32.8,-18.2,18.0,50.8,25.3,100,0,31599.94,37.4,9.4,0,0,-1.676,1.476,0.0,0.0,0.0,1,3,15,55,32,5,-383.271,27.972,32,0
2024-11-16 08:26:24.219733,b6fb21d6-f7cf-4b13-a474-a55c5cf3c144,KXHIGHNY-24NOV16-T64,55955.78,375,5.0,61.824,5,95,1,63.3,-2.2,-18.9,-12.8,-34.8,-20.2,18.0,50.8,25.3,100,0,31599.94,37.4,9.4,0,0,-3.676,1.476,0.0,0.0,0.0,1,3,15,55,32,5,-383.271,-3.781,-5,0
2024-11-16 08:28:02.744555,52433f48-067e-4faa-a3b6-7c75c499fa60,KXHIGHNY-24NOV16-B57.5,55857.255,36,-3.0,61.904,1,99,0,63.3,5.8,-10.9,-4.8,-26.8,-12.2,18.0,50.8,25.3,100,0,31599.94,37.4,9.4,0,0,4.404,1.396,0.0,0.0,0.0,1,1,15,55,32,5,-379.975,-0.517,1,0
2024-11-16 08:28:27.468243,260b5638-143d-4230-b7a5-db3f9224a100,KXHIGHNY-24NOV16-B59.5,55832.532,4,-1.0,61.926,14,86,1,63.3,3.8,-12.9,-6.8,-28.8,-14.2,18.0,50.8,25.3,100,0,31599.94,37.4,9.4,0,0,2.426,1.374,0.0,0.0,0.0,1,1,14,55,32,5,-376.301,-10.37,-14,0
2024-11-16 08:28:44.060908,9953cb0f-4238-4217-bb44-89d579817cc6,KXHIGHNY-24NOV16-B61.5,55815.939,72,1.0,61.926,55,45,1,63.3,1.8,-14.9,-8.8,-30.8,-16.2,18.0,50.8,25.3,100,0,31599.94,37.4,9.4,0,0,0.426,1.374,0.0,0.0,0.0,1,1,14,55,32,5,-376.301,41.543,45,1
2024-11-16 08:28:44.060908,ec236a35-9625-4ca2-b115-7f0f9a228641,KXHIGHNY-24NOV16-B61.5,55815.939,280,1.0,61.926,55,45,1,63.3,1.8,-14.9,-8.8,-30.8,-16.2,18.0,50.8,25.3,100,0,31599.94,37.4,9.4,0,0,0.426,1.374,0.0,0.0,0.0,1,1,14,55,32,5,-376.301,41.543,45,1
2024-11-16 08:28:48.393945,2327de58-5f8a-4d73-880c-21e0f6fb5085,KXHIGHNY-24NOV16-B59.5,55811.606,40,-1.0,61.904,15,85,1,63.3,3.8,-12.9,-6.8,-28.8,-14.2,18.0,50.8,25.3,100,0,31599.94,37.4,9.4,0,0,2.404,1.396,0.0,0.0,0.0,1,1,15,55,32,5,-379.975,-11.369,-15,0
2024-11-16 08:28:48.393945,ebda36ac-3e75-40ec-a76e-4200103929d4,KXHIGHNY-24NOV16-B59.5,55811.606,20,-1.0,61.904,15,85,1,63.3,3.8,-12.9,-6.8,-28.8,-14.2,18.0,50.8,25.3,100,0,31599.94,37.4,9.4,0,0,2.404,1.396,0.0,0.0,0.0,1,1,15,55,32,5,-379.975,-11.341,-15,0
2024-11-16 08:28:48.393945,6855a767-0b98-47f9-bac6-2f29640ace06,KXHIGHNY-24NOV16-B59.5,55811.606,200,-1.0,61.904,15,85,1,63.3,3.8,-12.9,-6.8,-28.8,-14.2,18.0,50.8,25.3,100,0,31599.94,37.4,9.4,0,0,2.404,1.396,0.0,0.0,0.0,1,1,15,55,32,5,-379.975,-11.346,-15,0
2024-11-16 08:29:20.198808,e32c43ea-587f-4e9a-98ae-9bd2671ab3b4,KXHIGHNY-24NOV16-B59.5,55779.801,200,-1.0,61.882,16,84,1,63.3,3.8,-12.9,-6.8,-28.8,-14.2,18.0,50.8,25.3,100,0,31599.94,37.4,9.4,0,0,2.382,1.418,0.0,0.0,0.0,1,1,16,55,32,5,-383.715,-12.34,-16,0
2024-11-16 08:29:20.306100,180a5bdf-5b6f-4582-8108-1616652c555c,KXHIGHNY-24NOV16-B61.5,55779.694,20,1.0,61.889,53,47,0,63.3,1.8,-14.9,-8.8,-30.8,-16.2,18.0,50.8,25.3,100,0,31599.94,37.4,9.4,0,0,0.389,1.411,0.0,0.0,0.0,1,1,16,53,32,5,-373.738,-43.543,-47,1
2024-11-16 08:29:20.306447,95c6becc-935a-4efe-9fd1-8c08bc6f8d0c,KXHIGHNY-24NOV16-B59.5,55779.694,20,-1.0,61.889,16,84,0,63.3,3.8,-12.9,-6.8,-28.8,-14.2,18.0,50.8,25.3,100,0,31599.94,37.4,9.4,0,0,2.389,1.411,0.0,0.0,0.0,1,1,16,53,32,5,-373.738,12.338,16,0
2024-11-16 08:29:20.324167,139c4d7a-c9a4-4853-b1f1-3f199f1dc348,KXHIGHNY-24NOV16-B57.5,55779.676,20,-3.0,61.889,1,99,0,63.3,5.8,-10.9,-4.8,-26.8,-12.2,18.0,50.8,25.3,100,0,31599.94,37.4,9.4,0,0,4.389,1.411,0.0,0.0,0.0,1,1,16,53,32,5,-373.738,-0.546,1,0
2024-11-16 08:29:20.326301,0495d017-1fd6-4bf4-88de-c65ef520125e,KXHIGHNY-24NOV16-T64,55779.674,20,5.0,61.786,2,98,0,63.3,-2.2,-18.9,-12.8,-34.8,-20.2,18.0,50.8,25.3,100,0,31599.94,37.4,9.4,0,0,-3.714,1.514,0.0,0.0,0.0,1,1,16,53,32,2,-367.077,0.774,2,0
2024-11-16 08:29:20.327843,d7487520-a9f2-4440-bc5f-84abbf537378,KXHIGHNY-24NOV16-B63.5,55779.672,20,3.0,61.802,33,67,0,63.3,-0.2,-16.9,-10.8,-32.8,-18.2,18.0,50.8,25.3,100,0,31599.94,37.4,9.4,0,0,-1.698,1.498,0.0,0.0,0.0,1,1,16,53,33,2,-371.558,28.97,33,0
2024-11-16 08:29:24.193985,6fa72038-4c43-4d10-88da-de981304ece5,KXHIGHNY-24NOV16-B63.5,55775.806,29,3.0,61.802,33,67,0,63.3,-0.2,-16.9,-10.8,-32.8,-18.2,18.0,50.8,25.3,100,0,31599.94,37.4,9.4,0,0,-1.698,1.498,0.0,0.0,0.0,1,1,16,53,33,2,-371.558,28.968,33,0
2024-11-16 08:29:44.152520,f4bed1d9-88a4-419b-9d8b-58e445a4e3e8,KXHIGHNY-24NOV16-B61.5,55755.847,9,1.0,61.796,55,45,1,63.3,1.8,-14.9,-8.8,-30.8,-16.2,18.0,50.8,25.3,100,0,31599.94,37.4,9.4,0,0,0.296,1.504,0.0,0.0,0.0,1,1,16,55,33,2,-381.536,41.543,45,1
2024-11-16 08:31:34.483379,ed9b5bd8-8a81-485d-89dc-6789ea925973,KXHIGHNY-24NOV16-B63.5,55645.517,10,3.0,61.748,30,70,0,63.3,-0.2,-16.9,-10.8,-32.8,-18.2,18.0,50.8,25.3,100,0,31599.94,37.4,9.4,0,0,-1.752,1.552,0.0,0.0,0.0,1,1,16,55,30,2,-368.187,25.957,30,0
2024-11-16 08:31:34.483379,e923732a-674f-4747-b2c8-066352fea819,KXHIGHNY-24NOV16-B63.5,55645.517,6,3.0,61.764,31,69,0,63.3,-0.2,-16.9,-10.8,-32.8,-18.2,18.0,50.8,25.3,100,0,31599.94,37.4,9.4,0,0,-1.736,1.536,0.0,0.0,0.0,1,1,16,55,31,2,-372.605,26.959,31,0
2024-11-16 08:31:34.483379,b36f5018-0ce8-418a-8b4c-01e088a5e519,KXHIGHNY-24NOV16-B63.5,55645.517,50,3.0,61.78,32,68,0,63.3,-0.2,-16.9,-10.8,-32.8,-18.2,18.0,50.8,25.3,100,0,31599.94,37.4,9.4,0,0,-1.72,1.52,0.0,0.0,0.0,1,1,16,55,32,2,-377.055,27.96,32,0
2024-11-16 08:31:34.483379,6f07df78-ea0e-45cb-a7ee-d2f7aef5f8a5,KXHIGHNY-24NOV16-B63.5,55645.517,3,3.0,61.748,30,70,0,63.3,-0.2,-16.9,-10.8,-32.8,-18.2,18.0,50.8,25.3,100,0,31599.94,37.4,9.4,0,0,-1.752,1.552,0.0,0.0,0.0,1,1,16,55,30,2,-368.187,25.968,30,0
2024-11-16 08:31:42.778896,7e20812e-a567-4471-8f76-f755b06cf211,KXHIGHNY-24NOV16-B61.5,55637.221,91,1.0,61.748,55,45,1,63.3,1.8,-14.9,-8.8,-30.8,-16.2,18.0,50.8,25.3,100,0,31599.94,37.4,9.4,0,0,0.248,1.552,0.0,0.0,0.0,1,1,16,55,30,2,-368.187,41.543,45,1
2024-11-16 08:31:42.778896,5a384e8d-3911-4868-aab3-0e5e3fa1d969,KXHIGHNY-24NOV16-B61.5,55637.221,47,1.0,61.745,56,44,1,63.3,1.8,-14.9,-8.8,-30.8,-16.2,18.0,50.8,25.3,100,0,31599.94,37.4,9.4,0,0,0.245,1.555,0.0,0.0,0.0,1,1,16,56,30,2,-373.203,40.543,44,1
2024-11-16 08:31:42.778896,51fc3b05-6eab-4cc4-8862-15045ad070c2,KXHIGHNY-24NOV16-B61.5,55637.221,9,1.0,61.748,55,45,1,63.3,1.8,-14.9,-8.8,-30.8,-16.2,18.0,50.8,25.3,100,0,31599.94,37.4,9.4,0,0,0.248,1.552,0.0,0.0,0.0,1,1,16,55,30,2,-368.187,41.543,45,1
2024-11-16 08:31:52.928093,29eb21a5-992b-4ae7-8834-28aa2cb70e8a,KXHIGHNY-24NOV16-B59.5,55627.072,52,-1.0,61.588,24,76,1,63.3,3.8,-12.9,-6.8,-28.8,-14.2,18.0,50.8,25.3,100,0,31599.94,37.4,9.4,0,0,2.088,1.712,0.0,0.0,0.0,1,1,24,55,30,2,-400.099,-20.333,-24,0
2024-11-16 08:31:52.928093,b90f85a7-e4b6-4198-bb25-13d2518ca0f2,KXHIGHNY-24NOV16-B59.5,55627.072,200,-1.0,61.726,17,83,1,63.3,3.8,-12.9,-6.8,-28.8,-14.2,18.0,50.8,25.3,100,0,31599.94,37.4,9.4,0,0,2.226,1.574,0.0,0.0,0.0,1,1,17,55,30,2,-371.99,-13.328,-17,0
2024-11-16 08:31:52.928093,033b362a-7cf7-4ada-9c86-3878964d0855,KXHIGHNY-24NOV16-B59.5,55627.072,200,-1.0,61.706,18,82,1,63.3,3.8,-12.9,-6.8,-28.8,-14.2,18.0,50.8,25.3,100,0,31599.94,37.4,9.4,0,0,2.206,1.594,0.0,0.0,0.0,1,1,18,55,30,2,-375.852,-14.338,-18,0
2024-11-16 08:31:52.928093,d50c3222-2726-4762-9fc9-c44576832f66,KXHIGHNY-24NOV16-B59.5,55627.072,200,-1.0,61.748,16,84,1,63.3,3.8,-12.9,-6.8,-28.8,-14.2,18.0,50.8,25.3,100,0,31599.94,37.4,9.4,0,0,2.248,1.552,0.0,0.0,0.0,1,1,16,55,30,2,-368.187,-12.323,-16,0
2024-11-16 08:31:52.928093,e35724a8-3c93-4985-bb23-e091f47ecc25,KXHIGHNY-24NOV16-B59.5,55627.072,61,-1.0,61.403,35,65,1,63.3,3.8,-12.9,-6.8,-28.8,-14.2,18.0,50.8,25.3,100,0,31599.94,37.4,9.4,0,0,1.903,1.897,0.0,0.0,0.0,1,1,35,55,30,2,-448.263,-31.299,-35,0
2024-11-16 08:31:52.928093,bd061fe6-4ffa-41fe-916c-06257220fc82,KXHIGHNY-24NOV16-B59.5,55627.072,20,-1.0,61.483,30,70,1,63.3,3.8,-12.9,-6.8,-28.8,-14.2,18.0,50.8,25.3,100,0,31599.94,37.4,9.4,0,0,1.983,1.817,0.0,0.0,0.0,1,1,30,55,30,2,-425.861,-26.324,-30,0
2024-11-16 08:32:20.171207,df0013bf-f6d3-469f-bab5-7f2c7bb09ff8,KXHIGHNY-24NOV16-B63.5,55599.829,8,3.0,61.671,28,72,0,63.3,-0.2,-16.9,-10.8,-32.8,-18.2,18.0,50.8,25.3,100,0,31599.94,37.4,9.4,0,0,-1.829,1.629,0.0,0.0,0.0,1,1,18,55,28,2,-367.118,23.925,28,0
2024-11-16 08:32:26.049586,1b1ed2e1-3cb8-4716-9d21-0bd4c63975b5,KXHIGHNY-24NOV16-B63.5,55593.95,100,3.0,61.755,33,67,1,63.3,-0.2,-16.9,-10.8,-32.8,-18.2,18.0,50.8,25.3,100,0,31599.94,37.4,9.4,0,0,-1.745,1.545,0.0,0.0,0.0,1,1,18,55,33,2,-389.201,-28.92,-33,0
2024-11-16 08:32:30.334205,80343f9b-6f5a-4fe1-8887-dbcdef2bce72,KXHIGHNY-24NOV16-B61.5,55589.666,9,1.0,61.767,50,50,0,63.3,1.8,-14.9,-8.8,-30.8,-16.2,18.0,50.8,25.3,100,0,31599.94,37.4,9.4,0,0,0.267,1.533,0.0,0.0,0.0,1,1,18,50,33,2,-364.399,-46.543,-50,1
2024-11-16 08:33:06.989520,bf5aca6d-ea70-4294-85d2-084819b55252,KXHIGHNY-24NOV16-B59.5,55553.01,40,-1.0,61.833,15,85,1,63.3,3.8,-12.9,-6.8,-28.8,-14.2,18.0,50.8,25.3,100,0,31599.94,37.4,9.4,0,0,2.333,1.467,0.0,0.0,0.0,1,1,15,50,33,2,-352.993,-11.283,-15,0
2024-11-16 08:33:06.989520,6f278ecc-cc16-4771-a07d-89a03721daa0,KXHIGHNY-24NOV16-B59.5,55553.01,200,-1.0,61.833,15,85,1,63.3,3.8,-12.9,-6.8,-28.8,-14.2,18.0,50.8,25.3,100,0,31599.94,37.4,9.4,0,0,2.333,1.467,0.0,0.0,0.0,1,1,15,50,33,2,-352.993,-11.293,-15,0
2024-11-16 08:33:43.933177,8bdd0d9b-356c-4739-a742-a00fcaff8a35,KXHIGHNY-24NOV16-B59.5,55516.067,200,-1.0,61.811,16,84,1,63.3,3.8,-12.9,-6.8,-28.8,-14.2,18.0,50.8,25.3,100,0,31599.94,37.4,9.4,0,0,2.311,1.489,0.0,0.0,0.0,1,1,16,50,33,2,-356.734,-12.262,-16,0
2024-11-16 08:33:52.051919,82c3e62c-f7e7-49a1-a088-c10b3c3fa292,KXHIGHNY-24NOV16-B61.5,55507.948,80,1.0,61.802,53,47,1,63.3,1.8,-14.9,-8.8,-30.8,-16.2,18.0,50.8,25.3,100,0,31599.94,37.4,9.4,0,0,0.302,1.498,0.0,0.0,0.0,1,1,16,53,33,2,-371.558,43.543,47,1
2024-11-16 08:33:52.051919,2f36340d-f1e5-4c17-9ba9-1d6faa2bc956,KXHIGHNY-24NOV16-B61.5,55507.948,59,1.0,61.799,54,46,1,63.3,1.8,-14.9,-8.8,-30.8,-16.2,18.0,50.8,25.3,100,0,31599.94,37.4,9.4,0,0,0.299,1.501,0.0,0.0,0.0,1,1,16,54,33,2,-376.538,42.543,46,1
2024-11-16 08:33:52.051919,ebeee11c-8c19-4dd2-8a7b-931d74623842,KXHIGHNY-24NOV16-B61.5,55507.948,41,1.0,61.796,55,45,1,63.3,1.8,-14.9,-8.8,-30.8,-16.2,18.0,50.8,25.3,100,0,31599.94,37.4,9.4,0,0,0.296,1.504,0.0,0.0,0.0,1,1,16,55,33,2,-381.536,41.543,45,1
2024-11-16 08:33:57.205177,f7b21410-3e0b-404b-a81a-e77972bdf860,KXHIGHNY-24NOV16-B63.5,55502.795,100,3.0,61.767,31,69,0,63.3,-0.2,-16.9,-10.8,-32.8,-18.2,18.0,50.8,25.3,100,0,31599.94,37.4,9.4,0,0,-1.733,1.533,0.0,0.0,0.0,1,1,16,54,31,2,-367.606,26.905,31,0
2024-11-16 08:33:57.205177,581a18ae-13b4-41ef-aa99-b695dd4cf002,KXHIGHNY-24NOV16-B63.5,55502.795,8,3.0,61.716,28,72,0,63.3,-0.2,-16.9,-10.8,-32.8,-18.2,18.0,50.8,25.3,100,0,31599.94,37.4,9.4,0,0,-1.784,1.584,0.0,0.0,0.0,1,1,16,54,28,2,-354.455,23.908,28,0
2024-11-16 08:33:57.205177,3da4c2bf-ffda-4d9d-ac79-b5c79c432d6f,KXHIGHNY-24NOV16-B63.5,55502.795,100,3.0,61.75,30,70,0,63.3,-0.2,-16.9,-10.8,-32.8,-18.2,18.0,50.8,25.3,100,0,31599.94,37.4,9.4,0,0,-1.75,1.55,0.0,0.0,0.0,1,1,16,54,30,2,-363.189,25.913,30,0
2024-11-16 08:33:57.205177,31e07d4b-5760-4338-ac6c-87014b20a722,KXHIGHNY-24NOV16-B63.5,55502.795,100,3.0,61.75,30,70,0,63.3,-0.2,-16.9,-10.8,-32.8,-18.2,18.0,50.8,25.3,100,0,31599.94,37.4,9.4,0,0,-1.75,1.55,0.0,0.0,0.0,1,1,16,54,30,2,-363.189,25.915,30,0
2024-11-16 08:35:13.729065,0c7e1a00-302d-4a4c-aee7-423fe3093a75,KXHIGHNY-24NOV16-B59.5,55426.271,100,-1.0,61.708,18,82,1,63.3,3.8,-12.9,-6.8,-28.8,-14.2,18.0,50.8,25.3,100,0,31599.94,37.4,9.4,0,0,2.208,1.592,0.0,0.0,0.0,1,1,18,54,30,2,-370.854,-14.154,-18,0
2024-11-16 08:35:21.016625,ec54977b-c39e-4eec-81ae-ace1d4b25156,KXHIGHNY-24NOV16-B61.5,55418.983,59,1.0,61.706,55,45,1,63.3,1.8,-14.9,-8.8,-30.8,-16.2,18.0,50.8,25.3,100,0,31599.94,37.4,9.4,0,0,0.206,1.594,0.0,0.0,0.0,1,1,18,55,30,2,-375.852,41.543,45,1
2024-11-16 08:35:21.016625,26187053-4fb6-41a5-9c14-8153a8ade476,KXHIGHNY-24NOV16-B61.5,55418.983,33,1.0,61.706,55,45,1,63.3,1.8,-14.9,-8.8,-30.8,-16.2,18.0,50.8,25.3,100,0,31599.94,37.4,9.4,0,0,0.206,1.594,0.0,0.0,0.0,1,1,18,55,30,2,-375.852,41.543,45,1
2024-11-16 08:36:21.491845,c84d3d1e-c7bc-4778-9ab3-9635d0e89dc1,KXHIGHNY-24NOV16-B59.5,55358.508,23,-1.0,61.665,20,80,1,63.3,3.8,-12.9,-6.8,-28.8,-14.2,18.0,50.8,25.3,100,0,31599.94,37.4,9.4,0,0,2.165,1.635,0.0,0.0,0.0,1,1,20,55,30,2,-383.74,-16.144,-20,0
2024-11-16 08:36:23.589258,b552cc94-9805-4024-a5d7-fb6f8c7bc10e,KXHIGHNY-24NOV16-B59.5,55356.411,100,-1.0,61.706,18,82,0,63.3,3.8,-12.9,-6.8,-28.8,-14.2,18.0,50.8,25.3,100,0,31599.94,37.4,9.4,0,0,2.206,1.594,0.0,0.0,0.0,1,1,18,55,30,2,-375.852,14.142,18,0
2024-11-16 08:36:23.638846,567afc08-7a37-46bf-b18e-3373696a1634,KXHIGHNY-24NOV16-B59.5,55356.361,200,-1.0,61.706,18,82,0,63.3,3.8,-12.9,-6.8,-28.8,-14.2,18.0,50.8,25.3,100,0,31599.94,37.4,9.4,0,0,2.206,1.594,0.0,0.0,0.0,1,1,18,55,30,2,-375.852,14.135,18,0
2024-11-16 08:36:23.689711,2a909bd2-b5fc-4078-9cf8-b5b400816a35,KXHIGHNY-24NOV16-B59.5,55356.31,200,-1.0,61.706,18,82,0,63.3,3.8,-12.9,-6.8,-28.8,-14.2,18.0,50.8,25.3,100,0,31599.94,37.4,9.4,0,0,2.206,1.594,0.0,0.0,0.0,1,1,18,55,30,2,-375.852,14.133,18,0
2024-11-16 08:36:23.838268,218c91b4-6e8b-42b7-855f-32323d1612ba,KXHIGHNY-24NOV16-B63.5,55356.162,10,3.0,61.755,33,67,1,63.3,-0.2,-16.9,-10.8,-32.8,-18.2,18.0,50.8,25.3,100,0,31599.94,37.4,9.4,0,0,-1.745,1.545,0.0,0.0,0.0,1,1,18,55,33,2,-389.201,-28.903,-33,0
2024-11-16 08:36:23.898666,24633bb3-910d-4218-92ec-01e214544bf6,KXHIGHNY-24NOV16-B59.5,55356.101,10,-1.0,61.755,18,82,0,63.3,3.8,-12.9,-6.8,-28.8,-14.2,18.0,50.8,25.3,100,0,31599.94,37.4,9.4,0,0,2.255,1.545,0.0,0.0,0.0,1,1,18,55,33,2,-389.201,14.129,18,0
2024-11-16 08:36:23.917442,5b57f233-363c-4d88-a27c-b51ee4676fc8,KXHIGHNY-24NOV16-B57.5,55356.083,10,-3.0,61.755,1,99,0,63.3,5.8,-10.9,-4.8,-26.8,-12.2,18.0,50.8,25.3,100,0,31599.94,37.4,9.4,0,0,4.255,1.545,0.0,0.0,0.0,1,1,18,55,33,2,-389.201,-0.55,1,0
2024-11-16 08:36:23.923850,80230fd5-6c71-4bb2-824a-e7ef3d4ad83a,KXHIGHNY-24NOV16-B63.5,55356.076,10,3.0,61.755,33,67,0,63.3,-0.2,-16.9,-10.8,-32.8,-18.2,18.0,50.8,25.3,100,0,31599.94,37.4,9.4,0,0,-1.745,1.545,0.0,0.0,0.0,1,1,18,55,33,2,-389.201,28.886,33,0
2024-11-16 08:36:23.941200,05b49b36-28ab-445a-95a4-183af229a6c0,KXHIGHNY-24NOV16-T64,55356.059,10,5.0,61.755,2,98,0,63.3,-2.2,-18.9,-12.8,-34.8,-20.2,18.0,50.8,25.3,100,0,31599.94,37.4,9.4,0,0,-3.745,1.545,0.0,0.0,0.0,1,1,18,55,33,2,-389.201,0.766,2,0
2024-11-16 08:36:23.943225,dd26ea15-f7b9-4546-9ee2-6cade8d34300,KXHIGHNY-24NOV16-B59.5,55356.057,10,-1.0,61.755,18,82,0,63.3,3.8,-12.9,-6.8,-28.8,-14.2,18.0,50.8,25.3,100,0,31599.94,37.4,9.4,0,0,2.255,1.545,0.0,0.0,0.0,1,1,18,55,33,2,-389.201,14.128,18,0
2024-11-16 08:36:23.963321,5bfcac7c-2f5f-45a1-9c81-4e5b286aa7a9,KXHIGHNY-24NOV16-B57.5,55356.037,10,-3.0,61.755,1,99,0,63.3,5.8,-10.9,-4.8,-26.8,-12.2,18.0,50.8,25.3,100,0,31599.94,37.4,9.4,0,0,4.255,1.545,0.0,0.0,0.0,1,1,18,55,33,2,-389.201,-0.554,1,0
2024-11-16 08:36:23.965309,0b394214-b8e0-4693-a724-99fd55dcfb05,KXHIGHNY-24NOV16-B61.5,55356.035,10,1.0,61.762,52,48,0,63.3,1.8,-14.9,-8.8,-30.8,-16.2,18.0,50.8,25.3,100,0,31599.94,37.4,9.4,0,0,0.262,1.538,0.0,0.0,0.0,1,1,18,52,33,2,-374.262,-44.543,-48,1
2024-11-16 08:36:23.968977,32251d66-15bd-4146-8a30-ef26394eda05,KXHIGHNY-24NOV16-T64,55356.031,10,5.0,61.762,2,98,0,63.3,-2.2,-18.9,-12.8,-34.8,-20.2,18.0,50.8,25.3,100,0,31599.94,37.4,9.4,0,0,-3.738,1.538,0.0,0.0,0.0,1,1,18,52,33,2,-374.262,0.775,2,0
2024-11-16 08:36:23.973837,398fe4ee-f95a-4a07-9fde-e55ce33f9851,KXHIGHNY-24NOV16-B63.5,55356.026,10,3.0,61.762,33,67,0,63.3,-0.2,-16.9,-10.8,-32.8,-18.2,18.0,50.8,25.3,100,0,31599.94,37.4,9.4,0,0,-1.738,1.538,0.0,0.0,0.0,1,1,18,52,33,2,-374.262,28.843,33,0
2024-11-16 08:36:25.464589,f261021a-8c61-4321-91ea-56d7672e71de,KXHIGHNY-24NOV16-B57.5,55354.535,10,-3.0,61.762,1,99,0,63.3,5.8,-10.9,-4.8,-26.8,-12.2,18.0,50.8,25.3,100,0,31599.94,37.4,9.4,0,0,4.262,1.538,0.0,0.0,0.0,1,1,18,52,33,2,-374.262,-0.554,1,0
2024-11-16 08:36:25.466957,ca7e332d-0a94-4257-a1f5-757b52fa2107,KXHIGHNY-24NOV16-B63.5,55354.533,10,3.0,61.762,33,67,0,63.3,-0.2,-16.9,-10.8,-32.8,-18.2,18.0,50.8,25.3,100,0,31599.94,37.4,9.4,0,0,-1.738,1.538,0.0,0.0,0.0,1,1,18,52,33,2,-374.262,28.819,33,0
2024-11-16 08:36:25.483881,936b0245-4616-4c13-a87f-0778044fe483,KXHIGHNY-24NOV16-B61.5,55354.516,10,1.0,61.764,51,49,0,63.3,1.8,-14.9,-8.8,-30.8,-16.2,18.0,50.8,25.3,100,0,31599.94,37.4,9.4,0,0,0.264,1.536,0.0,0.0,0.0,1,1,18,51,33,2,-369.321,-45.543,-49,1
2024-11-16 08:36:25.484367,22b9332d-60e3-49b1-9eec-d468d948af58,KXHIGHNY-24NOV16-T64,55354.516,10,5.0,61.764,2,98,0,63.3,-2.2,-18.9,-12.8,-34.8,-20.2,18.0,50.8,25.3,100,0,31599.94,37.4,9.4,0,0,-3.736,1.536,0.0,0.0,0.0,1,1,18,51,33,2,-369.321,0.768,2,0
2024-11-16 08:36:25.486228,9f210889-952f-44c5-8f2c-3fb493274cc9,KXHIGHNY-24NOV16-B59.5,55354.514,10,-1.0,61.764,18,82,0,63.3,3.8,-12.9,-6.8,-28.8,-14.2,18.0,50.8,25.3,100,0,31599.94,37.4,9.4,0,0,2.264,1.536,0.0,0.0,0.0,1,1,18,51,33,2,-369.321,14.125,18,0
2024-11-16 08:36:25.622801,df6ff47c-265a-42ca-a69a-edfbdfe0d6ff,KXHIGHNY-24NOV16-T64,55354.377,31,5.0,61.799,3,97,1,63.3,-2.2,-18.9,-12.8,-34.8,-20.2,18.0,50.8,25.3,100,0,31599.94,37.4,9.4,0,0,-3.701,1.501,0.0,0.0,0.0,1,1,18,51,33,3,-371.23,-1.764,-3,0
2024-11-16 08:36:31.532956,592e60d1-bdc0-4aba-9664-c7a6366df9c7,KXHIGHNY-24NOV16-B61.5,55348.467,9,1.0,61.796,52,48,1,63.3,1.8,-14.9,-8.8,-30.8,-16.2,18.0,50.8,25.3,100,0,31599.94,37.4,9.4,0,0,0.296,1.504,0.0,0.0,0.0,1,1,18,52,33,3,-376.172,44.543,48,1
2024-11-16 08:36:38.578973,a47f2879-c4b1-43a7-9957-475a2a5100f8,KXHIGHNY-24NOV16-B63.5,55341.421,2,3.0,61.812,34,66,1,63.3,-0.2,-16.9,-10.8,-32.8,-18.2,18.0,50.8,25.3,100,0,31599.94,37.4,9.4,0,0,-1.688,1.488,0.0,0.0,0.0,1,1,18,52,34,3,-380.683,-29.789,-34,0
2024-11-16 08:36:54.035719,afbccf96-89d7-4e59-8bff-f477235588b6,KXHIGHNY-24NOV16-B61.5,55325.964,1,1.0,61.812,52,48,1,63.3,1.8,-14.9,-8.8,-30.8,-16.2,18.0,50.8,25.3,100,0,31599.94,37.4,9.4,0,0,0.312,1.488,0.0,0.0,0.0,1,1,18,52,34,3,-380.683,44.543,48,1
2024-11-16 08:37:03.217926,b8a068bd-ec48-426f-8336-f8e88c5840c8,KXHIGHNY-24NOV16-B59.5,55316.782,5,-1.0,61.833,17,83,1,63.3,3.8,-12.9,-6.8,-28.8,-14.2,18.0,50.8,25.3,100,0,31599.94,37.4,9.4,0,0,2.333,1.467,0.0,0.0,0.0,1,1,17,52,34,3,-376.821,-13.115,-17,0
2024-11-16 08:37:14.278198,ed857eda-532e-45ff-884a-55de85bf9d1d,KXHIGHNY-24NOV16-B57.5,55305.722,46,-3.0,61.794,2,98,1,63.3,5.8,-10.9,-4.8,-26.8,-12.2,18.0,50.8,25.3,100,0,31599.94,37.4,9.4,0,0,4.294,1.506,0.0,0.0,0.0,1,2,17,52,34,3,-378.208,-0.445,-2,0
2024-11-16 08:37:35.636450,2c6fb19f-7ed8-4dd9-8b59-b250e5f91e33,KXHIGHNY-24NOV16-B63.5,55284.364,100,3.0,61.762,32,68,0,63.3,-0.2,-16.9,-10.8,-32.8,-18.2,18.0,50.8,25.3,100,0,31599.94,37.4,9.4,0,0,-1.738,1.538,0.0,0.0,0.0,1,2,17,52,32,3,-369.215,27.754,32,0
2024-11-16 08:37:35.636450,d72bc18a-2188-4f7d-99e1-70dd9d8bf872,KXHIGHNY-24NOV16-B63.5,55284.364,100,3.0,61.762,32,68,0,63.3,-0.2,-16.9,-10.8,-32.8,-18.2,18.0,50.8,25.3,100,0,31599.94,37.4,9.4,0,0,-1.738,1.538,0.0,0.0,0.0,1,2,17,52,32,3,-369.215,27.754,32,0
2024-11-16 08:37:52.372417,4c544823-4836-437e-a32e-ff4870bb66d9,KXHIGHNY-24NOV16-B63.5,55267.628,100,3.0,61.745,31,69,0,63.3,-0.2,-16.9,-10.8,-32.8,-18.2,18.0,50.8,25.3,100,0,31599.94,37.4,9.4,0,0,-1.755,1.555,0.0,0.0,0.0,1,2,17,52,31,3,-364.765,26.76,31,0
2024-11-16 08:38:03.728160,c1834b13-e3d5-4932-92c6-a48cb9a77715,KXHIGHNY-24NOV16-B59.5,55256.272,1,-1.0,61.856,12,88,0,63.3,3.8,-12.9,-6.8,-28.8,-14.2,18.0,50.8,25.3,100,0,31599.94,37.4,9.4,0,0,2.356,1.444,0.0,0.0,0.0,1,2,12,52,31,3,-346.419,8.111,12,0
2024-11-16 08:38:11.107549,eaa35452-9866-4f1b-a867-cd997016fd6a,KXHIGHNY-24NOV16-B63.5,55248.892,100,3.0,61.84,30,70,0,63.3,-0.2,-16.9,-10.8,-32.8,-18.2,18.0,50.8,25.3,100,0,31599.94,37.4,9.4,0,0,-1.66,1.46,0.0,0.0,0.0,1,2,12,52,30,3,-342.002,25.761,30,0
2024-11-16 08:38:24.421297,1a13f281-6831-498e-82d9-fe5f7edcc516,KXHIGHNY-24NOV16-B63.5,55235.579,100,3.0,61.806,28,72,0,63.3,-0.2,-16.9,-10.8,-32.8,-18.2,18.0,50.8,25.3,100,0,31599.94,37.4,9.4,0,0,-1.694,1.494,0.0,0.0,0.0,1,2,12,52,28,3,-333.267,23.762,28,0
2024-11-16 08:38:29.578771,1a9d1495-c5eb-4584-b7a8-2dc8de7d65ae,KXHIGHNY-24NOV16-B63.5,55230.421,100,3.0,61.789,27,73,0,63.3,-0.2,-16.9,-10.8,-32.8,-18.2,18.0,50.8,25.3,100,0,31599.94,37.4,9.4,0,0,-1.711,1.511,0.0,0.0,0.0,1,2,12,52,27,3,-328.953,22.762,27,0
2024-11-16 08:38:40.367026,501b5868-14e4-42a8-b2d0-60590a35ff30,KXHIGHNY-24NOV16-B61.5,55219.633,86,1.0,61.777,56,44,1,63.3,1.8,-14.9,-8.8,-30.8,-16.2,18.0,50.8,25.3,100,0,31599.94,37.4,9.4,0,0,0.277,1.523,0.0,0.0,0.0,1,2,12,56,27,3,-348.908,40.543,44,1
2024-11-16 08:38:45.548310,87af259c-5e25-4e9c-9587-e02abf2979e3,KXHIGHNY-24NOV16-B63.5,55214.452,100,3.0,61.794,28,72,0,63.3,-0.2,-16.9,-10.8,-32.8,-18.2,18.0,50.8,25.3,100,0,31599.94,37.4,9.4,0,0,-1.706,1.506,0.0,0.0,0.0,1,2,12,56,28,3,-353.222,23.763,28,0
2024-11-16 08:39:01.830095,2a3da3d7-4c69-489c-b894-8b9d26ab6891,KXHIGHNY-24NOV16-T64,55198.17,120,5.0,61.794,3,97,1,63.3,-2.2,-18.9,-12.8,-34.8,-20.2,18.0,50.8,25.3,100,0,31599.94,37.4,9.4,0,0,-3.706,1.506,0.0,0.0,0.0,1,2,12,56,28,3,-353.222,-1.685,-3,0
2024-11-16 08:39:08.126897,f1af780d-f5c6-43ae-8261-2bf3056bd889,KXHIGHNY-24NOV16-B63.5,55191.873,80,3.0,61.724,24,76,0,63.3,-0.2,-16.9,-10.8,-32.8,-18.2,18.0,50.8,25.3,100,0,31599.94,37.4,9.4,0,0,-1.776,1.576,0.0,0.0,0.0,1,2,12,56,24,3,-336.194,19.763,24,0
2024-11-16 08:39:25.182971,3c5db028-5a9a-4336-9505-3fe3939dc67a,KXHIGHNY-24NOV16-B63.5,55174.817,80,3.0,61.688,22,78,0,63.3,-0.2,-16.9,-10.8,-32.8,-18.2,18.0,50.8,25.3,100,0,31599.94,37.4,9.4,0,0,-1.812,1.612,0.0,0.0,0.0,1,2,12,56,22,3,-327.924,17.757,22,0
2024-11-16 08:39:47.080039,9f5f82cd-9301-4da3-9d50-0d60af544520,KXHIGHNY-24NOV16-T64,55152.92,300,5.0,61.727,4,96,1,63.3,-2.2,-18.9,-12.8,-34.8,-20.2,18.0,50.8,25.3,100,0,31599.94,37.4,9.4,0,0,-3.773,1.573,0.0,0.0,0.0,1,2,12,56,22,4,-330.173,-2.659,-4,0
2024-11-16 08:40:22.504127,94665750-23c4-4c8c-b1e1-428ccdf3a2b9,KXHIGHNY-24NOV16-B59.5,55117.496,3,-1.0,61.3,35,65,1,63.3,3.8,-12.9,-6.8,-28.8,-14.2,18.0,50.8,25.3,100,0,31599.94,37.4,9.4,0,0,1.8,2.0,0.0,0.0,0.0,1,2,35,56,22,4,-424.791,-31.11,-35,0
2024-11-16 08:40:37.872064,0e16bc2e-dd5b-424f-9bf3-56bee3ad86e4,KXHIGHNY-24NOV16-B59.5,55102.128,12,-1.0,61.3,35,65,1,63.3,3.8,-12.9,-6.8,-28.8,-14.2,18.0,50.8,25.3,100,0,31599.94,37.4,9.4,0,0,1.8,2.0,0.0,0.0,0.0,1,2,35,56,22,4,-424.791,-31.108,-35,0
2024-11-16 08:40:44.903172,8a6e692f-d19b-42b0-94d1-616d279dc954,KXHIGHNY-24NOV16-B59.5,55095.097,36,-1.0,61.3,35,65,1,63.3,3.8,-12.9,-6.8,-28.8,-14.2,18.0,50.8,25.3,100,0,31599.94,37.4,9.4,0,0,1.8,2.0,0.0,0.0,0.0,1,2,35,56,22,4,-424.791,-31.104,-35,0
2024-11-16 08:42:28.267804,04cd4204-56d2-46d4-ad6e-90833d2626da,KXHIGHNY-24NOV16-B59.5,54991.732,3,-1.0,61.346,32,68,1,63.3,3.8,-12.9,-6.8,-28.8,-14.2,18.0,50.8,25.3,100,0,31599.94,37.4,9.4,0,0,1.846,1.954,0.0,0.0,0.0,1,2,32,56,22,4,-411.258,-28.097,-32,0
2024-11-16 08:42:29.656253,490fc301-a5dd-4deb-9021-cfcab4ee7744,KXHIGHNY-24NOV16-B57.5,54990.344,3,-3.0,61.346,2,98,1,63.3,5.8,-10.9,-4.8,-26.8,-12.2,18.0,50.8,25.3,100,0,31599.94,37.4,9.4,0,0,3.846,1.954,0.0,0.0,0.0,1,2,32,56,22,4,-411.258,-0.444,-2,0
2024-11-16 08:42:29.656253,26a2b0c0-5a75-48de-bf2e-acd46083a078,KXHIGHNY-24NOV16-B57.5,54990.344,90,-3.0,61.346,2,98,1,63.3,5.8,-10.9,-4.8,-26.8,-12.2,18.0,50.8,25.3,100,0,31599.94,37.4,9.4,0,0,3.846,1.954,0.0,0.0,0.0,1,2,32,56,22,4,-411.258,-0.445,-2,0
2024-11-16 08:42:56.189937,d71373c8-9199-4598-9467-4227ca186bb7,KXHIGHNY-24NOV16-B57.5,54963.81,300,-3.0,61.346,2,98,1,63.3,5.8,-10.9,-4.8,-26.8,-12.2,18.0,50.8,25.3,100,0,31599.94,37.4,9.4,0,0,3.846,1.954,0.0,0.0,0.0,1,2,32,56,22,4,-411.258,-0.443,-2,0
2024-11-16 08:43:39.905023,28fbe090-a0fa-4938-b914-0bfe42220b50,KXHIGHNY-24NOV16-B61.5,54920.095,20,1.0,61.345,55,45,0,63.3,1.8,-14.9,-8.8,-30.8,-16.2,18.0,50.8,25.3,100,0,31599.94,37.4,9.4,0,0,-0.155,1.955,0.0,0.0,0.0,1,2,32,55,22,4,-406.241,-41.543,-45,1
2024-11-16 08:43:39.905023,3808931d-08a6-488d-a922-d6c7ebf85c41,KXHIGHNY-24NOV16-B61.5,54920.095,33,1.0,61.345,55,45,0,63.3,1.8,-14.9,-8.8,-30.8,-16.2,18.0,50.8,25.3,100,0,31599.94,37.4,9.4,0,0,-0.155,1.955,0.0,0.0,0.0,1,2,32,55,22,4,-406.241,-41.543,-45,1
2024-11-16 08:43:41.398728,c228c01d-7c92-4194-abb8-e3e209006cfe,KXHIGHNY-24NOV16-B61.5,54918.601,12,1.0,61.357,65,35,1,63.3,1.8,-14.9,-8.8,-30.8,-16.2,18.0,50.8,25.3,100,0,31599.94,37.4,9.4,0,0,-0.143,1.943,0.0,0.0,0.0,1,2,32,65,22,4,-457.173,31.543,35,1
2024-11-16 08:44:05.857823,9372dd2d-8094-4bb9-b09a-08d76f456397,KXHIGHNY-24NOV16-B57.5,54894.142,3,-3.0,61.357,2,98,1,63.3,5.8,-10.9,-4.8,-26.8,-12.2,18.0,50.8,25.3,100,0,31599.94,37.4,9.4,0,0,3.857,1.943,0.0,0.0,0.0,1,2,32,65,22,4,-457.173,-0.442,-2,0
2024-11-16 08:44:27.919454,6e7a10e6-5a65-4ee9-83f6-d6369e9ce704,KXHIGHNY-24NOV16-B61.5,54872.081,100,1.0,61.345,55,45,0,63.3,1.8,-14.9,-8.8,-30.8,-16.2,18.0,50.8,25.3,100,0,31599.94,37.4,9.4,0,0,-0.155,1.955,0.0,0.0,0.0,1,2,32,55,22,4,-406.241,-41.543,-45,1
2024-11-16 08:44:27.970178,e9a9ae1d-29fa-4d50-aa41-498390fd0042,KXHIGHNY-24NOV16-B61.5,54872.03,67,1.0,61.345,55,45,0,63.3,1.8,-14.9,-8.8,-30.8,-16.2,18.0,50.8,25.3,100,0,31599.94,37.4,9.4,0,0,-0.155,1.955,0.0,0.0,0.0,1,2,32,55,22,4,-406.241,-41.543,-45,1
2024-11-16 08:44:27.998509,59fce79f-41e4-45f6-843e-edbe68a2ea42,KXHIGHNY-24NOV16-B63.5,54872.001,100,3.0,61.484,30,70,1,63.3,-0.2,-16.9,-10.8,-32.8,-18.2,18.0,50.8,25.3,100,0,31599.94,37.4,9.4,0,0,-2.016,1.816,0.0,0.0,0.0,1,2,32,55,30,4,-440.274,-25.755,-30,0
2024-11-16 08:44:28.028900,63cdaa7e-68ef-487a-9b49-b02e40f6dfb4,KXHIGHNY-24NOV16-B63.5,54871.971,100,3.0,61.484,30,70,1,63.3,-0.2,-16.9,-10.8,-32.8,-18.2,18.0,50.8,25.3,100,0,31599.94,37.4,9.4,0,0,-2.016,1.816,0.0,0.0,0.0,1,2,32,55,30,4,-440.274,-25.752,-30,0
2024-11-16 08:44:28.098998,c77f2ea4-fa3f-4360-a160-0784b83fc3cb,KXHIGHNY-24NOV16-B63.5,54871.901,22,3.0,61.484,30,70,1,63.3,-0.2,-16.9,-10.8,-32.8,-18.2,18.0,50.8,25.3,100,0,31599.94,37.4,9.4,0,0,-2.016,1.816,0.0,0.0,0.0,1,2,32,55,30,4,-440.274,-25.748,-30,0
2024-11-16 08:44:28.098998,805e0756-1edc-40e1-8f6b-4fe119a821e1,KXHIGHNY-24NOV16-B63.5,54871.901,178,3.0,61.5,31,69,1,63.3,-0.2,-16.9,-10.8,-32.8,-18.2,18.0,50.8,25.3,100,0,31599.94,37.4,9.4,0,0,-2.0,1.8,0.0,0.0,0.0,1,2,32,55,31,4,-444.692,-26.748,-31,0
2024-11-16 08:45:00.879800,d3f837d5-f430-4c0d-ab8a-27da29f49f45,KXHIGHNY-24NOV16-B63.5,54839.12,71,3.0,61.484,30,70,0,63.3,-0.2,-16.9,-10.8,-32.8,-18.2,18.0,50.8,25.3,100,0,31599.94,37.4,9.4,0,0,-2.016,1.816,0.0,0.0,0.0,1,2,32,55,30,4,-440.274,25.742,30,0
2024-11-16 08:45:01.580677,d798ccd1-1087-4949-8396-20cf7103f47f,KXHIGHNY-24NOV16-B63.5,54838.419,129,3.0,61.484,30,70,0,63.3,-0.2,-16.9,-10.8,-32.8,-18.2,18.0,50.8,25.3,100,0,31599.94,37.4,9.4,0,0,-2.016,1.816,0.0,0.0,0.0,1,2,32,55,30,4,-440.274,25.631,30,0
2024-11-16 08:45:06.138335,91abb630-7e6a-4783-b822-c9639fa5586b,KXHIGHNY-24NOV16-B63.5,54833.862,71,3.0,61.484,30,70,1,63.3,-0.2,-16.9,-10.8,-32.8,-18.2,18.0,50.8,25.3,100,0,31599.94,37.4,9.4,0,0,-2.016,1.816,0.0,0.0,0.0,1,2,32,55,30,4,-440.274,-25.496,-30,0
2024-11-16 08:45:07.070539,0a114d00-2499-4dae-8632-3723a19ece1e,KXHIGHNY-24NOV16-B61.5,54832.929,731,1.0,61.486,69,31,1,63.3,1.8,-14.9,-8.8,-30.8,-16.2,18.0,50.8,25.3,100,0,31599.94,37.4,9.4,0,0,-0.014,1.814,0.0,0.0,0.0,1,2,32,69,30,4,-512.024,27.543,31,1
2024-11-16 08:45:07.070539,193399ca-2e47-4bdd-b84e-3b18608eb769,KXHIGHNY-24NOV16-B61.5,54832.929,100,1.0,61.484,57,43,1,63.3,1.8,-14.9,-8.8,-30.8,-16.2,18.0,50.8,25.3,100,0,31599.94,37.4,9.4,0,0,-0.016,1.816,0.0,0.0,0.0,1,2,32,57,30,4,-450.325,39.543,43,1
2024-11-16 08:45:07.070539,2e29ab65-4fda-45a9-b0c9-f8758356b0ad,KXHIGHNY-24NOV16-B61.5,54832.929,100,1.0,61.484,58,42,1,63.3,1.8,-14.9,-8.8,-30.8,-16.2,18.0,50.8,25.3,100,0,31599.94,37.4,9.4,0,0,-0.016,1.816,0.0,0.0,0.0,1,2,32,58,30,4,-455.377,38.543,42,1
2024-11-16 08:45:07.070539,6eaecba0-6a34-4d21-87a7-0a2a403755c5,KXHIGHNY-24NOV16-B61.5,54832.929,100,1.0,61.484,56,44,1,63.3,1.8,-14.9,-8.8,-30.8,-16.2,18.0,50.8,25.3,100,0,31599.94,37.4,9.4,0,0,-0.016,1.816,0.0,0.0,0.0,1,2,32,56,30,4,-445.291,40.543,44,1
2024-11-16 08:45:07.070539,97b8cc81-8c4e-4e8e-a7e4-4b28236cd2e1,KXHIGHNY-24NOV16-B61.5,54832.929,363,1.0,61.485,65,35,1,63.3,1.8,-14.9,-8.8,-30.8,-16.2,18.0,50.8,25.3,100,0,31599.94,37.4,9.4,0,0,-0.015,1.815,0.0,0.0,0.0,1,2,32,65,30,4,-491.206,31.543,35,1
2024-11-16 08:45:07.070539,ce50ac3a-3b77-4337-a0e8-1c36ece6891d,KXHIGHNY-24NOV16-B61.5,54832.929,100,1.0,61.485,65,35,1,63.3,1.8,-14.9,-8.8,-30.8,-16.2,18.0,50.8,25.3,100,0,31599.94,37.4,9.4,0,0,-0.015,1.815,0.0,0.0,0.0,1,2,32,65,30,4,-491.206,31.542,35,1
2024-11-16 08:45:16.654922,a9acd73c-d57b-4096-a249-c16ae3966ab6,KXHIGHNY-24NOV16-B59.5,54823.345,25,-1.0,61.822,12,88,0,63.3,3.8,-12.9,-6.8,-28.8,-14.2,18.0,50.8,25.3,100,0,31599.94,37.4,9.4,0,0,2.322,1.478,0.0,0.0,0.0,1,2,12,69,30,4,-430.94,8.086,12,0
2024-11-16 08:45:16.654922,123fcdfa-3d50-48aa-800f-b0d674507c11,KXHIGHNY-24NOV16-B59.5,54823.345,54,-1.0,61.822,12,88,0,63.3,3.8,-12.9,-6.8,-28.8,-14.2,18.0,50.8,25.3,100,0,31599.94,37.4,9.4,0,0,2.322,1.478,0.0,0.0,0.0,1,2,12,69,30,4,-430.94,8.091,12,0
2024-11-16 08:46:07.469443,d0581c7f-a8df-4d29-9cd9-6280abf8f28a,KXHIGHNY-24NOV16-B59.5,54772.531,14,-1.0,61.803,13,87,1,63.3,3.8,-12.9,-6.8,-28.8,-14.2,18.0,50.8,25.3,100,0,31599.94,37.4,9.4,0,0,2.303,1.497,0.0,0.0,0.0,1,2,13,69,30,4,-434.465,-9.081,-13,0
2024-11-16 08:47:08.274430,b32ac141-6c51-4352-9cdc-97d8fe0f1415,KXHIGHNY-24NOV16-B59.5,54711.726,36,-1.0,61.803,13,87,1,63.3,3.8,-12.9,-6.8,-28.8,-14.2,18.0,50.8,25.3,100,0,31599.94,37.4,9.4,0,0,2.303,1.497,0.0,0.0,0.0,1,2,13,69,30,4,-434.465,-9.073,-13,0
2024-11-16 08:47:13.188938,c608c523-f9c9-4e7c-b1c8-c9e7d51d646d,KXHIGHNY-24NOV16-B59.5,54706.811,30,-1.0,61.803,13,87,1,63.3,3.8,-12.9,-6.8,-28.8,-14.2,18.0,50.8,25.3,100,0,31599.94,37.4,9.4,0,0,2.303,1.497,0.0,0.0,0.0,1,2,13,69,30,4,-434.465,-9.059,-13,0
2024-11-16 08:47:13.188938,4136e435-9e7c-40cd-b2fe-6f445b744ab2,KXHIGHNY-24NOV16-B59.5,54706.811,6,-1.0,61.803,13,87,1,63.3,3.8,-12.9,-6.8,-28.8,-14.2,18.0,50.8,25.3,100,0,31599.94,37.4,9.4,0,0,2.303,1.497,0.0,0.0,0.0,1,2,13,69,30,4,-434.465,-9.064,-13,0
2024-11-16 08:47:18.126019,5d85d36e-82b3-4049-8e07-aa58cb34a1db,KXHIGHNY-24NOV16-B61.5,54701.874,18,1.0,61.819,63,37,1,63.3,1.8,-14.9,-8.8,-30.8,-16.2,18.0,50.8,25.3,100,0,31599.94,37.4,9.4,0,0,0.319,1.481,0.0,0.0,0.0,1,2,13,63,30,4,-403.329,33.534,37,1
2024-11-16 08:47:26.417837,97d4c48d-fd84-476f-9f56-ccea8a13b91f,KXHIGHNY-24NOV16-B61.5,54693.582,80,1.0,61.816,64,36,1,63.3,1.8,-14.9,-8.8,-30.8,-16.2,18.0,50.8,25.3,100,0,31599.94,37.4,9.4,0,0,0.316,1.484,0.0,0.0,0.0,1,2,13,64,30,4,-408.48,32.531,36,1
2024-11-16 08:47:26.417837,ea1eb33e-68b0-4a78-a3bb-af25f4d41bd3,KXHIGHNY-24NOV16-B61.5,54693.582,71,1.0,61.813,65,35,1,63.3,1.8,-14.9,-8.8,-30.8,-16.2,18.0,50.8,25.3,100,0,31599.94,37.4,9.4,0,0,0.313,1.487,0.0,0.0,0.0,1,2,13,65,30,4,-413.647,31.527,35,1
2024-11-16 08:47:48.142308,b48d8870-9197-4e9c-a8f5-56d9be0fd516,KXHIGHNY-24NOV16-B59.5,54671.858,25,-1.0,61.531,29,71,1,63.3,3.8,-12.9,-6.8,-28.8,-14.2,18.0,50.8,25.3,100,0,31599.94,37.4,9.4,0,0,2.031,1.769,0.0,0.0,0.0,1,2,29,64,30,4,-472.787,-25.058,-29,0
2024-11-16 08:47:48.224195,7acc5baa-b975-434c-81e3-9fbfca33a7fc,KXHIGHNY-24NOV16-B59.5,54671.776,11,-1.0,61.531,29,71,0,63.3,3.8,-12.9,-6.8,-28.8,-14.2,18.0,50.8,25.3,100,0,31599.94,37.4,9.4,0,0,2.031,1.769,0.0,0.0,0.0,1,2,29,64,30,4,-472.787,25.031,29,0
2024-11-16 08:47:48.224489,ad584cc9-efa2-406e-bc57-9ccb8c1be03b,KXHIGHNY-24NOV16-T64,54671.776,11,5.0,61.531,4,96,0,63.3,-2.2,-18.9,-12.8,-34.8,-20.2,18.0,50.8,25.3,100,0,31599.94,37.4,9.4,0,0,-3.969,1.769,0.0,0.0,0.0,1,2,29,64,30,4,-472.787,2.63,4,0
2024-11-16 08:47:48.228292,7c0acb51-c91d-44b8-9c8e-3245ea263cf2,KXHIGHNY-24NOV16-B57.5,54671.772,11,-3.0,61.562,1,99,0,63.3,5.8,-10.9,-4.8,-26.8,-12.2,18.0,50.8,25.3,100,0,31599.94,37.4,9.4,0,0,4.062,1.738,0.0,0.0,0.0,1,1,29,64,30,4,-471.401,-0.559,1,0
2024-11-16 08:47:48.230624,cbb94c29-e6c7-4a98-b114-26f949a11287,KXHIGHNY-24NOV16-B61.5,54671.769,11,1.0,61.566,56,44,0,63.3,1.8,-14.9,-8.8,-30.8,-16.2,18.0,50.8,25.3,100,0,31599.94,37.4,9.4,0,0,0.066,1.734,0.0,0.0,0.0,1,1,29,56,30,4,-430.652,-40.526,-44,1
2024-11-16 08:47:48.230770,0de802ff-38d5-4c6e-9509-6ccb1104bca4,KXHIGHNY-24NOV16-B63.5,54671.769,11,3.0,61.517,27,73,0,63.3,-0.2,-16.9,-10.8,-32.8,-18.2,18.0,50.8,25.3,100,0,31599.94,37.4,9.4,0,0,-1.983,1.783,0.0,0.0,0.0,1,1,29,56,27,4,-417.604,22.496,27,0
2024-11-16 08:48:16.065475,e22273f0-b7f4-46cb-85fc-2ad07ef7d604,KXHIGHNY-24NOV16-B63.5,54643.935,29,3.0,61.566,30,70,1,63.3,-0.2,-16.9,-10.8,-32.8,-18.2,18.0,50.8,25.3,100,0,31599.94,37.4,9.4,0,0,-1.934,1.734,0.0,0.0,0.0,1,1,29,56,30,4,-430.652,-25.493,-30,0
2024-11-16 08:48:16.065475,e16ed637-b366-4b4d-836a-ebede117d390,KXHIGHNY-24NOV16-B63.5,54643.935,2,3.0,61.714,40,60,1,63.3,-0.2,-16.9,-10.8,-32.8,-18.2,18.0,50.8,25.3,100,0,31599.94,37.4,9.4,0,0,-1.786,1.586,0.0,0.0,0.0,1,1,29,56,40,4,-476.172,-35.494,-40,0
2024-11-16 08:48:26.520525,18991a80-8999-4aae-85e0-850723bfe68c,KXHIGHNY-24NOV16-T64,54633.479,13,5.0,61.799,7,93,1,63.3,-2.2,-18.9,-12.8,-34.8,-20.2,18.0,50.8,25.3,100,0,31599.94,37.4,9.4,0,0,-3.701,1.501,0.0,0.0,0.0,1,1,29,56,40,7,-484.248,-5.629,-7,0
2024-11-16 08:48:28.410919,7a05f5c6-3205-4c0d-9c75-58d2ea03f3f4,KXHIGHNY-24NOV16-B59.5,54631.589,12,-1.0,61.781,30,70,1,63.3,3.8,-12.9,-6.8,-28.8,-14.2,18.0,50.8,25.3,100,0,31599.94,37.4,9.4,0,0,2.281,1.519,0.0,0.0,0.0,1,1,30,56,40,7,-488.632,-26.03,-30,0
2024-11-16 08:48:34.607102,e2cc9191-b296-4a42-95ba-e10c024229f7,KXHIGHNY-24NOV16-B59.5,54625.393,8,-1.0,61.781,30,70,1,63.3,3.8,-12.9,-6.8,-28.8,-14.2,18.0,50.8,25.3,100,0,31599.94,37.4,9.4,0,0,2.281,1.519,0.0,0.0,0.0,1,1,30,56,40,7,-488.632,-26.026,-30,0
2024-11-16 08:48:34.670977,51544e98-fa73-4ca9-bf25-25390813551f,KXHIGHNY-24NOV16-B63.5,54625.329,4,3.0,61.598,27,73,0,63.3,-0.2,-16.9,-10.8,-32.8,-18.2,18.0,50.8,25.3,100,0,31599.94,37.4,9.4,0,0,-1.902,1.702,0.0,0.0,0.0,1,1,30,56,27,7,-430.065,22.485,27,0
2024-11-16 08:48:34.671302,b84b1035-ea3d-4e4b-9b47-51efb4684041,KXHIGHNY-24NOV16-T64,54625.329,4,5.0,61.5,4,96,0,63.3,-2.2,-18.9,-12.8,-34.8,-20.2,18.0,50.8,25.3,100,0,31599.94,37.4,9.4,0,0,-4.0,1.8,0.0,0.0,0.0,1,1,30,56,27,4,-421.988,2.609,4,0
2024-11-16 08:48:34.678577,39e2fdbf-3d4f-441f-a345-39c1055a4619,KXHIGHNY-24NOV16-B61.5,54625.321,4,1.0,61.5,56,44,0,63.3,1.8,-14.9,-8.8,-30.8,-16.2,18.0,50.8,25.3,100,0,31599.94,37.4,9.4,0,0,0.0,1.8,0.0,0.0,0.0,1,1,30,56,27,4,-421.988,-40.52,-44,1
2024-11-16 08:48:34.680512,caa247a1-752d-41be-90f5-0c69d3fda45c,KXHIGHNY-24NOV16-B57.5,54625.319,4,-3.0,61.5,1,99,0,63.3,5.8,-10.9,-4.8,-26.8,-12.2,18.0,50.8,25.3,100,0,31599.94,37.4,9.4,0,0,4.0,1.8,0.0,0.0,0.0,1,1,30,56,27,4,-421.988,-0.559,1,0
2024-11-16 08:48:34.691963,f2ec06ea-e6ac-4e7d-a7f2-110ced6df46e,KXHIGHNY-24NOV16-B59.5,54625.308,4,-1.0,61.5,30,70,0,63.3,3.8,-12.9,-6.8,-28.8,-14.2,18.0,50.8,25.3,100,0,31599.94,37.4,9.4,0,0,2.0,1.8,0.0,0.0,0.0,1,1,30,56,27,4,-421.988,26.013,30,0
2024-11-16 08:48:41.916157,882bf89e-8951-4498-b4e3-9ea933d767fc,KXHIGHNY-24NOV16-B63.5,54618.084,10,3.0,61.5,27,73,0,63.3,-0.2,-16.9,-10.8,-32.8,-18.2,18.0,50.8,25.3,100,0,31599.94,37.4,9.4,0,0,-2.0,1.8,0.0,0.0,0.0,1,1,30,56,27,4,-421.988,22.478,27,0
2024-11-16 08:48:41.916157,824ba5a2-2132-4161-bd42-4e30d6676d97,KXHIGHNY-24NOV16-B63.5,54618.084,90,3.0,61.5,27,73,0,63.3,-0.2,-16.9,-10.8,-32.8,-18.2,18.0,50.8,25.3,100,0,31599.94,37.4,9.4,0,0,-2.0,1.8,0.0,0.0,0.0,1,1,30,56,27,4,-421.988,22.479,27,0
2024-11-16 08:49:08.159606,78ce6e62-fbb1-4f75-ad37-3e8c9a7f86ec,KXHIGHNY-24NOV16-B59.5,54591.84,36,-1.0,61.483,31,69,1,63.3,3.8,-12.9,-6.8,-28.8,-14.2,18.0,50.8,25.3,100,0,31599.94,37.4,9.4,0,0,1.983,1.817,0.0,0.0,0.0,1,1,31,56,27,4,-426.406,-27.012,-31,0
2024-11-16 08:49:13.438274,68ad7077-812b-4b6a-a235-cd111d4bb282,KXHIGHNY-24NOV16-B59.5,54586.562,110,-1.0,61.483,31,69,1,63.3,3.8,-12.9,-6.8,-28.8,-14.2,18.0,50.8,25.3,100,0,31599.94,37.4,9.4,0,0,1.983,1.817,0.0,0.0,0.0,1,1,31,56,27,4,-426.406,-26.995,-31,0
2024-11-16 08:49:17.467127,68e8c2c8-6091-48b8-b6f7-81f9d68d60cf,KXHIGHNY-24NOV16-B59.5,54582.533,5,-1.0,61.745,17,83,0,63.3,3.8,-12.9,-6.8,-28.8,-14.2,18.0,50.8,25.3,100,0,31599.94,37.4,9.4,0,0,2.245,1.555,0.0,0.0,0.0,1,1,17,56,27,4,-368.117,12.993,17,0
2024-11-16 08:49:17.484804,0d1952ee-bfe0-412f-b61a-31845f6fb1ee,KXHIGHNY-24NOV16-B59.5,54582.515,5,-1.0,61.745,17,83,0,63.3,3.8,-12.9,-6.8,-28.8,-14.2,18.0,50.8,25.3,100,0,31599.94,37.4,9.4,0,0,2.245,1.555,0.0,0.0,0.0,1,1,17,56,27,4,-368.117,12.989,17,0
2024-11-16 08:49:17.497958,bb3919b7-7128-48e2-931d-69934e5ffd5a,KXHIGHNY-24NOV16-B61.5,54582.502,5,1.0,61.745,56,44,0,63.3,1.8,-14.9,-8.8,-30.8,-16.2,18.0,50.8,25.3,100,0,31599.94,37.4,9.4,0,0,0.245,1.555,0.0,0.0,0.0,1,1,17,56,27,4,-368.117,-40.512,-44,1
2024-11-16 08:49:17.498126,a5107eb3-b310-4b94-bad8-b74d4e9b271d,KXHIGHNY-24NOV16-B57.5,54582.502,5,-3.0,61.745,1,99,0,63.3,5.8,-10.9,-4.8,-26.8,-12.2,18.0,50.8,25.3,100,0,31599.94,37.4,9.4,0,0,4.245,1.555,0.0,0.0,0.0,1,1,17,56,27,4,-368.117,-0.559,1,0
2024-11-16 08:49:17.500133,828880d1-c481-48e3-9e8c-e1cad0565a48,KXHIGHNY-24NOV16-B57.5,54582.5,5,-3.0,61.745,1,99,0,63.3,5.8,-10.9,-4.8,-26.8,-12.2,18.0,50.8,25.3,100,0,31599.94,37.4,9.4,0,0,4.245,1.555,0.0,0.0,0.0,1,1,17,56,27,4,-368.117,-0.557,1,0
2024-11-16 08:49:17.502730,ada85c4c-2ff3-4cba-9745-a6c6afa48bb1,KXHIGHNY-24NOV16-B63.5,54582.497,5,3.0,61.745,27,73,0,63.3,-0.2,-16.9,-10.8,-32.8,-18.2,18.0,50.8,25.3,100,0,31599.94,37.4,9.4,0,0,-1.755,1.555,0.0,0.0,0.0,1,1,17,56,27,4,-368.117,22.454,27,0
2024-11-16 08:49:17.503722,8559cedb-719e-4a41-bd72-2d5e86c0e189,KXHIGHNY-24NOV16-B61.5,54582.496,5,1.0,61.745,56,44,0,63.3,1.8,-14.9,-8.8,-30.8,-16.2,18.0,50.8,25.3,100,0,31599.94,37.4,9.4,0,0,0.245,1.555,0.0,0.0,0.0,1,1,17,56,27,4,-368.117,-40.511,-44,1
2024-11-16 08:49:17.504741,5cffb4c6-e0d5-4bdd-9ea9-afa2ea2384d3,KXHIGHNY-24NOV16-T64,54582.495,5,5.0,61.745,4,96,0,63.3,-2.2,-18.9,-12.8,-34.8,-20.2,18.0,50.8,25.3,100,0,31599.94,37.4,9.4,0,0,-3.755,1.555,0.0,0.0,0.0,1,1,17,56,27,4,-368.117,2.37,4,0
2024-11-16 08:49:17.515435,a9166787-d5e6-48fb-b251-058a732a3114,KXHIGHNY-24NOV16-T64,54582.485,5,5.0,61.745,4,96,0,63.3,-2.2,-18.9,-12.8,-34.8,-20.2,18.0,50.8,25.3,100,0,31599.94,37.4,9.4,0,0,-3.755,1.555,0.0,0.0,0.0,1,1,17,56,27,4,-368.117,2.358,4,0
2024-11-16 08:49:24.101118,43e7ef66-f8f0-4a02-963b-f96d993b1b8e,KXHIGHNY-24NOV16-B61.5,54575.899,3,1.0,61.7,80,20,1,63.3,1.8,-14.9,-8.8,-30.8,-16.2,18.0,50.8,25.3,100,0,31599.94,37.4,9.4,0,0,0.2,1.6,0.0,0.0,0.0,1,1,17,80,27,4,-493.26,16.493,20,1
2024-11-16 08:49:42.080093,d2a1e229-5def-4f20-959c-7f31cb7eb0a2,KXHIGHNY-24NOV16-B59.5,54557.92,3,-1.0,61.486,31,69,1,63.3,3.8,-12.9,-6.8,-28.8,-14.2,18.0,50.8,25.3,100,0,31599.94,37.4,9.4,0,0,1.986,1.814,0.0,0.0,0.0,1,1,31,80,27,4,-551.549,-26.987,-31,0
2024-11-16 08:49:47.018138,c6a54a6b-8729-4d71-8770-5322f2c63d76,KXHIGHNY-24NOV16-B59.5,54552.982,9,-1.0,61.5,30,70,1,63.3,3.8,-12.9,-6.8,-28.8,-14.2,18.0,50.8,25.3,100,0,31599.94,37.4,9.4,0,0,2.0,1.8,0.0,0.0,0.0,1,1,30,80,27,4,-547.131,-25.986,-30,0
2024-11-16 08:49:56.017893,a120c409-5780-41bc-a023-efe58cb2cf3b,KXHIGHNY-24NOV16-B59.5,54543.982,7,-1.0,61.486,31,69,1,63.3,3.8,-12.9,-6.8,-28.8,-14.2,18.0,50.8,25.3,100,0,31599.94,37.4,9.4,0,0,1.986,1.814,0.0,0.0,0.0,1,1,31,80,27,4,-551.549,-26.983,-31,0
2024-11-16 08:50:18.844399,a9154343-9744-420e-a178-f2c12c936a18,KXHIGHNY-24NOV16-B59.5,54521.156,9,-1.0,61.5,30,70,1,63.3,3.8,-12.9,-6.8,-28.8,-14.2,18.0,50.8,25.3,100,0,31599.94,37.4,9.4,0,0,2.0,1.8,0.0,0.0,0.0,1,1,30,80,27,4,-547.131,-25.981,-30,0
2024-11-16 08:50:27.212864,fed9218f-490e-4efd-8302-ad4f1b14762f,KXHIGHNY-24NOV16-B57.5,54512.787,44,-3.0,61.472,2,98,1,63.3,5.8,-10.9,-4.8,-26.8,-12.2,18.0,50.8,25.3,100,0,31599.94,37.4,9.4,0,0,3.972,1.828,0.0,0.0,0.0,1,2,30,80,27,4,-548.517,-0.445,-2,0
2024-11-16 08:50:42.048537,7b2dbcbe-b8ee-4bb8-bbe1-6f61f68bd9d5,KXHIGHNY-24NOV16-B59.5,54497.951,9,-1.0,61.472,30,70,1,63.3,3.8,-12.9,-6.8,-28.8,-14.2,18.0,50.8,25.3,100,0,31599.94,37.4,9.4,0,0,1.972,1.828,0.0,0.0,0.0,1,2,30,80,27,4,-548.517,-25.98,-30,0
2024-11-16 08:50:52.349373,03823224-b21b-44df-9391-91fa46537eee,KXHIGHNY-24NOV16-B57.5,54487.651,13,-3.0,61.339,7,93,1,63.3,5.8,-10.9,-4.8,-26.8,-12.2,18.0,50.8,25.3,100,0,31599.94,37.4,9.4,0,0,3.839,1.961,0.0,0.0,0.0,1,7,30,80,27,4,-560.752,-5.446,-7,0
2024-11-16 08:51:02.629311,db380865-d6fa-4fc6-8542-7abc0d370085,KXHIGHNY-24NOV16-B59.5,54477.371,29,-1.0,61.351,29,71,1,63.3,3.8,-12.9,-6.8,-28.8,-14.2,18.0,50.8,25.3,100,0,31599.94,37.4,9.4,0,0,1.851,1.949,0.0,0.0,0.0,1,7,29,80,27,4,-556.368,-24.926,-29,0
2024-11-16 08:51:02.629311,cf2b119d-0032-4b66-979b-921c7f921381,KXHIGHNY-24NOV16-B59.5,54477.371,18,-1.0,61.339,30,70,1,63.3,3.8,-12.9,-6.8,-28.8,-14.2,18.0,50.8,25.3,100,0,31599.94,37.4,9.4,0,0,1.839,1.961,0.0,0.0,0.0,1,7,30,80,27,4,-560.752,-25.967,-30,0
2024-11-16 08:51:02.629311,ceec415c-a511-4d39-9cf4-7d61bf4c2d36,KXHIGHNY-24NOV16-B59.5,54477.371,180,-1.0,61.315,32,68,1,63.3,3.8,-12.9,-6.8,-28.8,-14.2,18.0,50.8,25.3,100,0,31599.94,37.4,9.4,0,0,1.815,1.985,0.0,0.0,0.0,1,7,32,80,27,4,-569.62,-27.97,-32,0
2024-11-16 08:51:02.629311,9190ff2d-86f2-40cf-b8fa-4261c881c872,KXHIGHNY-24NOV16-B59.5,54477.371,68,-1.0,61.327,31,69,1,63.3,3.8,-12.9,-6.8,-28.8,-14.2,18.0,50.8,25.3,100,0,31599.94,37.4,9.4,0,0,1.827,1.973,0.0,0.0,0.0,1,7,31,80,27,4,-565.17,-26.971,-31,0
2024-11-16 08:51:02.629311,8114c525-1d30-4dc2-9133-8c764a92bc82,KXHIGHNY-24NOV16-B59.5,54477.371,53,-1.0,61.327,31,69,1,63.3,3.8,-12.9,-6.8,-28.8,-14.2,18.0,50.8,25.3,100,0,31599.94,37.4,9.4,0,0,1.827,1.973,0.0,0.0,0.0,1,7,31,80,27,4,-565.17,-26.979,-31,0
2024-11-16 08:51:07.310107,13e21758-6894-40ee-9953-421cc857e5e7,KXHIGHNY-24NOV16-B57.5,54472.69,25,-3.0,61.352,6,94,1,63.3,5.8,-10.9,-4.8,-26.8,-12.2,18.0,50.8,25.3,100,0,31599.94,37.4,9.4,0,0,3.852,1.948,0.0,0.0,0.0,1,6,31,80,27,4,-562.299,-4.448,-6,0
2024-11-16 08:51:07.310107,b9795aca-f8fa-4694-a307-926c171c7e11,KXHIGHNY-24NOV16-B57.5,54472.69,59,-3.0,61.327,7,93,1,63.3,5.8,-10.9,-4.8,-26.8,-12.2,18.0,50.8,25.3,100,0,31599.94,37.4,9.4,0,0,3.827,1.973,0.0,0.0,0.0,1,7,31,80,27,4,-565.17,-5.448,-7,0
2024-11-16 08:51:21.194348,c54302c5-2d99-4f7f-8939-9e962614695c,KXHIGHNY-24NOV16-B63.5,54458.806,24,3.0,61.338,26,74,1,63.3,-0.2,-16.9,-10.8,-32.8,-18.2,18.0,50.8,25.3,100,0,31599.94,37.4,9.4,0,0,-2.162,1.962,0.0,0.0,0.0,1,6,31,80,26,4,-558.022,-21.438,-26,0
2024-11-16 08:51:23.506324,3db13592-6ab2-46ed-9d28-6b87fe2aea2f,KXHIGHNY-24NOV16-B61.5,54456.494,5,1.0,61.308,57,43,0,63.3,1.8,-14.9,-8.8,-30.8,-16.2,18.0,50.8,25.3,100,0,31599.94,37.4,9.4,0,0,-0.192,1.992,0.0,0.0,0.0,1,6,31,57,26,4,-437.914,-39.465,-43,1
2024-11-16 08:51:57.632970,8730be08-3a92-4e01-bf8f-4806ec669b05,KXHIGHNY-24NOV16-B59.5,54422.367,2,-1.0,61.536,17,83,0,63.3,3.8,-12.9,-6.8,-28.8,-14.2,18.0,50.8,25.3,100,0,31599.94,37.4,9.4,0,0,2.036,1.764,0.0,0.0,0.0,1,6,17,57,26,4,-379.625,12.924,17,0
2024-11-16 08:52:25.588779,dec10d4f-7b13-4521-8a6a-596842cbe418,KXHIGHNY-24NOV16-B59.5,54394.411,56,-1.0,61.28,33,67,1,63.3,3.8,-12.9,-6.8,-28.8,-14.2,18.0,50.8,25.3,100,0,31599.94,37.4,9.4,0,0,1.78,2.02,0.0,0.0,0.0,1,6,33,57,26,4,-446.845,-28.858,-33,0
2024-11-16 08:52:25.588779,7acbce6d-1612-4c68-85d0-4d7113df3c85,KXHIGHNY-24NOV16-B59.5,54394.411,100,-1.0,61.323,30,70,1,63.3,3.8,-12.9,-6.8,-28.8,-14.2,18.0,50.8,25.3,100,0,31599.94,37.4,9.4,0,0,1.823,1.977,0.0,0.0,0.0,1,6,30,57,26,4,-433.496,-25.887,-30,0
2024-11-16 08:52:25.588779,5f4431ad-e79f-4a30-9301-96bc1933ea7f,KXHIGHNY-24NOV16-B59.5,54394.411,20,-1.0,61.294,32,68,1,63.3,3.8,-12.9,-6.8,-28.8,-14.2,18.0,50.8,25.3,100,0,31599.94,37.4,9.4,0,0,1.794,2.006,0.0,0.0,0.0,1,6,32,57,26,4,-442.364,-27.917,-32,0
2024-11-16 08:52:25.588779,397f3f4c-61f8-4b09-9144-ef95e5a7c835,KXHIGHNY-24NOV16-B59.5,54394.411,24,-1.0,61.337,29,71,1,63.3,3.8,-12.9,-6.8,-28.8,-14.2,18.0,50.8,25.3,100,0,31599.94,37.4,9.4,0,0,1.837,1.963,0.0,0.0,0.0,1,6,29,57,26,4,-429.112,-24.923,-29,0
2024-11-16 08:52:25.629115,dd062c1b-de9e-47ff-aa1e-560a157c43d0,KXHIGHNY-24NOV16-B59.5,54394.371,200,-1.0,61.28,33,67,1,63.3,3.8,-12.9,-6.8,-28.8,-14.2,18.0,50.8,25.3,100,0,31599.94,37.4,9.4,0,0,1.78,2.02,0.0,0.0,0.0,1,6,33,57,26,4,-446.845,-28.853,-33,0
2024-11-16 08:52:25.660303,be384fe3-192d-4a34-ab80-57daac85f0dd,KXHIGHNY-24NOV16-B59.5,54394.34,44,-1.0,61.28,33,67,1,63.3,3.8,-12.9,-6.8,-28.8,-14.2,18.0,50.8,25.3,100,0,31599.94,37.4,9.4,0,0,1.78,2.02,0.0,0.0,0.0,1,6,33,57,26,4,-446.845,-28.838,-33,0
2024-11-16 08:52:25.660303,90321283-3542-4d30-ac37-5ff1b40bddef,KXHIGHNY-24NOV16-B59.5,54394.34,56,-1.0,61.266,34,66,1,63.3,3.8,-12.9,-6.8,-28.8,-14.2,18.0,50.8,25.3,100,0,31599.94,37.4,9.4,0,0,1.766,2.034,0.0,0.0,0.0,1,6,34,57,26,4,-451.356,-29.845,-34,0
2024-11-16 08:52:25.757456,39c4cd83-7640-445e-ab39-eb0813f019f7,KXHIGHNY-24NOV16-B61.5,54394.243,21,1.0,61.264,56,44,0,63.3,1.8,-14.9,-8.8,-30.8,-16.2,18.0,50.8,25.3,100,0,31599.94,37.4,9.4,0,0,-0.236,2.036,0.0,0.0,0.0,1,6,34,56,26,4,-446.322,-40.465,-44,1
2024-11-16 08:52:25.757456,e7adfffb-b6e6-4138-a0c0-4e96cc62e67d,KXHIGHNY-24NOV16-B61.5,54394.243,24,1.0,61.266,57,43,0,63.3,1.8,-14.9,-8.8,-30.8,-16.2,18.0,50.8,25.3,100,0,31599.94,37.4,9.4,0,0,-0.234,2.034,0.0,0.0,0.0,1,6,34,57,26,4,-451.356,-39.464,-43,1
2024-11-16 08:52:25.757456,8eaf5205-53bb-4875-af92-2083f35c2bc0,KXHIGHNY-24NOV16-B61.5,54394.243,155,1.0,61.264,56,44,0,63.3,1.8,-14.9,-8.8,-30.8,-16.2,18.0,50.8,25.3,100,0,31599.94,37.4,9.4,0,0,-0.236,2.036,0.0,0.0,0.0,1,6,34,56,26,4,-446.322,-40.464,-44,1
2024-11-16 08:52:25.809497,f89af862-279a-4b2d-aa1e-6b355607df00,KXHIGHNY-24NOV16-B61.5,54394.191,100,1.0,61.264,56,44,0,63.3,1.8,-14.9,-8.8,-30.8,-16.2,18.0,50.8,25.3,100,0,31599.94,37.4,9.4,0,0,-0.236,2.036,0.0,0.0,0.0,1,6,34,56,26,4,-446.322,-40.464,-44,1
2024-11-16 08:52:25.846273,2a10337d-aea5-4bda-a004-c47ee5928243,KXHIGHNY-24NOV16-B61.5,54394.154,25,1.0,61.256,52,48,0,63.3,1.8,-14.9,-8.8,-30.8,-16.2,18.0,50.8,25.3,100,0,31599.94,37.4,9.4,0,0,-0.244,2.044,0.0,0.0,0.0,1,6,34,52,26,4,-426.367,-44.436,-48,1
2024-11-16 08:52:25.846273,2a04090c-2d63-4a8c-a63b-44bcf7ded0a8,KXHIGHNY-24NOV16-B61.5,54394.154,3,1.0,61.252,50,50,0,63.3,1.8,-14.9,-8.8,-30.8,-16.2,18.0,50.8,25.3,100,0,31599.94,37.4,9.4,0,0,-0.248,2.048,0.0,0.0,0.0,1,6,34,50,26,4,-416.504,-46.461,-50,1
2024-11-16 08:52:25.846273,67d567e0-778f-4534-ad81-a5e73062733f,KXHIGHNY-24NOV16-B61.5,54394.154,30,1.0,61.25,49,51,0,63.3,1.8,-14.9,-8.8,-30.8,-16.2,18.0,50.8,25.3,100,0,31599.94,37.4,9.4,0,0,-0.25,2.05,0.0,0.0,0.0,1,6,34,49,26,4,-411.602,-47.435,-51,1
2024-11-16 08:52:25.846273,002bde7f-41a8-419f-93b0-6121965e5fce,KXHIGHNY-24NOV16-B61.5,54394.154,25,1.0,61.252,50,50,0,63.3,1.8,-14.9,-8.8,-30.8,-16.2,18.0,50.8,25.3,100,0,31599.94,37.4,9.4,0,0,-0.248,2.048,0.0,0.0,0.0,1,6,34,50,26,4,-416.504,-46.463,-50,1
2024-11-16 08:52:25.846273,cc35f8d4-2799-4f1d-98c3-bac93099c307,KXHIGHNY-24NOV16-B61.5,54394.154,56,1.0,61.264,56,44,0,63.3,1.8,-14.9,-8.8,-30.8,-16.2,18.0,50.8,25.3,100,0,31599.94,37.4,9.4,0,0,-0.236,2.036,0.0,0.0,0.0,1,6,34,56,26,4,-446.322,-40.407,-44,1
2024-11-16 08:52:25.846273,d60ed381-7d87-4804-a064-ad64958b84e8,KXHIGHNY-24NOV16-B61.5,54394.154,20,1.0,61.252,50,50,0,63.3,1.8,-14.9,-8.8,-30.8,-16.2,18.0,50.8,25.3,100,0,31599.94,37.4,9.4,0,0,-0.248,2.048,0.0,0.0,0.0,1,6,34,50,26,4,-416.504,-46.407,-50,1
2024-11-16 08:52:25.846273,6c2fb9d1-42e0-44fc-a568-dddfe0f4d220,KXHIGHNY-24NOV16-B61.5,54394.154,41,1.0,61.262,55,45,0,63.3,1.8,-14.9,-8.8,-30.8,-16.2,18.0,50.8,25.3,100,0,31599.94,37.4,9.4,0,0,-0.238,2.038,0.0,0.0,0.0,1,6,34,55,26,4,-441.306,-41.422,-45,1
2024-11-16 08:52:25.880529,077149b1-b59e-401a-bd0e-6e428f55a260,KXHIGHNY-24NOV16-B63.5,54394.119,85,3.0,60.958,12,88,0,63.3,-0.2,-16.9,-10.8,-32.8,-18.2,18.0,50.8,25.3,100,0,31599.94,37.4,9.4,0,0,-2.542,2.342,0.0,0.0,0.0,1,6,34,50,12,4,-361.612,7.437,12,0
2024-11-16 08:52:25.880529,9e7530c9-3295-4bd8-a7b2-c8f665d14f27,KXHIGHNY-24NOV16-B63.5,54394.119,87,3.0,60.958,12,88,0,63.3,-0.2,-16.9,-10.8,-32.8,-18.2,18.0,50.8,25.3,100,0,31599.94,37.4,9.4,0,0,-2.542,2.342,0.0,0.0,0.0,1,6,34,50,12,4,-361.612,7.435,12,0
2024-11-16 08:52:25.880529,dab4905f-e65a-4e8f-929f-eb1878b980d7,KXHIGHNY-24NOV16-B63.5,54394.119,68,3.0,61.027,15,85,0,63.3,-0.2,-16.9,-10.8,-32.8,-18.2,18.0,50.8,25.3,100,0,31599.94,37.4,9.4,0,0,-2.473,2.273,0.0,0.0,0.0,1,6,34,50,15,4,-372.414,10.438,15,0
2024-11-16 08:52:25.909170,7f86170b-6a00-42ec-9e3e-31f4b65ef253,KXHIGHNY-24NOV16-B63.5,54394.091,240,3.0,60.958,12,88,0,63.3,-0.2,-16.9,-10.8,-32.8,-18.2,18.0,50.8,25.3,100,0,31599.94,37.4,9.4,0,0,-2.542,2.342,0.0,0.0,0.0,1,6,34,50,12,4,-361.612,7.459,12,0
2024-11-16 08:52:25.949566,e1699461-8f07-44de-8779-828606a8f1b2,KXHIGHNY-24NOV16-B63.5,54394.05,65,3.0,60.934,11,89,0,63.3,-0.2,-16.9,-10.8,-32.8,-18.2,18.0,50.8,25.3,100,0,31599.94,37.4,9.4,0,0,-2.566,2.366,0.0,0.0,0.0,1,6,34,50,11,4,-358.17,6.466,11,0
2024-11-16 08:52:25.949566,a2d0e72d-308a-465d-83ac-fdb6307245ac,KXHIGHNY-24NOV16-B63.5,54394.05,175,3.0,60.958,12,88,0,63.3,-0.2,-16.9,-10.8,-32.8,-18.2,18.0,50.8,25.3,100,0,31599.94,37.4,9.4,0,0,-2.542,2.342,0.0,0.0,0.0,1,6,34,50,12,4,-361.612,7.463,12,0
2024-11-16 08:52:33.442828,e3b51d88-4db3-49d2-a9ff-02dae263d6c1,KXHIGHNY-24NOV16-B59.5,54386.557,33,-1.0,60.958,34,66,1,63.3,3.8,-12.9,-6.8,-28.8,-14.2,18.0,50.8,25.3,100,0,31599.94,37.4,9.4,0,0,1.458,2.342,0.0,0.0,0.0,1,6,34,50,12,4,-361.612,-29.819,-34,0
2024-11-16 08:52:36.956934,44e42af7-ebfd-4a5f-9b57-c07cc7f765b2,KXHIGHNY-24NOV16-B59.5,54383.043,80,-1.0,60.958,34,66,1,63.3,3.8,-12.9,-6.8,-28.8,-14.2,18.0,50.8,25.3,100,0,31599.94,37.4,9.4,0,0,1.458,2.342,0.0,0.0,0.0,1,6,34,50,12,4,-361.612,-29.818,-34,0
2024-11-16 08:52:36.989247,661cbc1f-c368-4e8f-b40a-659f2383e3da,KXHIGHNY-24NOV16-B59.5,54383.011,80,-1.0,60.958,34,66,1,63.3,3.8,-12.9,-6.8,-28.8,-14.2,18.0,50.8,25.3,100,0,31599.94,37.4,9.4,0,0,1.458,2.342,0.0,0.0,0.0,1,6,34,50,12,4,-361.612,-29.793,-34,0
2024-11-16 08:52:37.020047,653f3343-f504-40bd-a4d3-e9b42fe1779a,KXHIGHNY-24NOV16-B59.5,54382.98,80,-1.0,60.958,34,66,1,63.3,3.8,-12.9,-6.8,-28.8,-14.2,18.0,50.8,25.3,100,0,31599.94,37.4,9.4,0,0,1.458,2.342,0.0,0.0,0.0,1,6,34,50,12,4,-361.612,-29.78,-34,0
2024-11-16 08:52:37.129443,1551ad64-8630-4e7b-864f-8333f7ae4b3c,KXHIGHNY-24NOV16-B61.5,54382.871,80,1.0,60.953,49,51,0,63.3,1.8,-14.9,-8.8,-30.8,-16.2,18.0,50.8,25.3,100,0,31599.94,37.4,9.4,0,0,-0.547,2.347,0.0,0.0,0.0,1,6,34,49,12,4,-356.71,-47.402,-51,1
2024-11-16 08:52:37.160413,f411d70e-a9a6-4c5a-bd8e-1ca999e597f9,KXHIGHNY-24NOV16-B61.5,54382.84,80,1.0,60.953,49,51,0,63.3,1.8,-14.9,-8.8,-30.8,-16.2,18.0,50.8,25.3,100,0,31599.94,37.4,9.4,0,0,-0.547,2.347,0.0,0.0,0.0,1,6,34,49,12,4,-356.71,-47.399,-51,1
2024-11-16 08:52:37.189353,4abdb245-ae31-493d-b40d-6cb2f756fd43,KXHIGHNY-24NOV16-B61.5,54382.811,80,1.0,60.953,49,51,0,63.3,1.8,-14.9,-8.8,-30.8,-16.2,18.0,50.8,25.3,100,0,31599.94,37.4,9.4,0,0,-0.547,2.347,0.0,0.0,0.0,1,6,34,49,12,4,-356.71,-47.397,-51,1
2024-11-16 08:52:37.219836,8f21d7e1-e7f5-4dee-b89b-26a3db70cabb,KXHIGHNY-24NOV16-B63.5,54382.78,35,3.0,60.929,11,89,0,63.3,-0.2,-16.9,-10.8,-32.8,-18.2,18.0,50.8,25.3,100,0,31599.94,37.4,9.4,0,0,-2.571,2.371,0.0,0.0,0.0,1,6,34,49,11,4,-353.268,6.467,11,0
2024-11-16 08:52:37.219836,7c3c00d3-4eff-46df-95a1-b91b90aa0b7b,KXHIGHNY-24NOV16-B63.5,54382.78,45,3.0,60.904,10,90,0,63.3,-0.2,-16.9,-10.8,-32.8,-18.2,18.0,50.8,25.3,100,0,31599.94,37.4,9.4,0,0,-2.596,2.396,0.0,0.0,0.0,1,6,34,49,10,4,-349.917,5.466,10,0
2024-11-16 08:52:37.249020,4f440b3d-d7dc-40d4-afcc-adf390897c4c,KXHIGHNY-24NOV16-B63.5,54382.751,80,3.0,60.904,10,90,0,63.3,-0.2,-16.9,-10.8,-32.8,-18.2,18.0,50.8,25.3,100,0,31599.94,37.4,9.4,0,0,-2.596,2.396,0.0,0.0,0.0,1,6,34,49,10,4,-349.917,5.467,10,0
2024-11-16 08:52:37.279547,ee24c3e5-b02f-46a8-a1d5-b1fcb45cfb43,KXHIGHNY-24NOV16-B63.5,54382.72,80,3.0,60.904,10,90,0,63.3,-0.2,-16.9,-10.8,-32.8,-18.2,18.0,50.8,25.3,100,0,31599.94,37.4,9.4,0,0,-2.596,2.396,0.0,0.0,0.0,1,6,34,49,10,4,-349.917,5.467,10,0
2024-11-16 08:52:55.903229,f561b4bb-2931-4ea7-aa2e-92a3e3cd0de3,KXHIGHNY-24NOV16-B61.5,54364.097,4,1.0,60.983,65,35,1,63.3,1.8,-14.9,-8.8,-30.8,-16.2,18.0,50.8,25.3,100,0,31599.94,37.4,9.4,0,0,-0.517,2.317,0.0,0.0,0.0,1,6,34,65,10,4,-430.553,31.392,35,1
2024-11-16 08:53:03.746193,13c2605d-7dc7-4be0-b6ae-f3c7ef1301b8,KXHIGHNY-24NOV16-B59.5,54356.254,100,-1.0,60.983,34,66,1,63.3,3.8,-12.9,-6.8,-28.8,-14.2,18.0,50.8,25.3,100,0,31599.94,37.4,9.4,0,0,1.483,2.317,0.0,0.0,0.0,1,6,34,65,10,4,-430.553,-29.779,-34,0
2024-11-16 08:53:17.085432,6ad8584a-0170-430d-bb00-27120163d5f8,KXHIGHNY-24NOV16-B57.5,54342.915,40,-3.0,60.955,7,93,1,63.3,5.8,-10.9,-4.8,-26.8,-12.2,18.0,50.8,25.3,100,0,31599.94,37.4,9.4,0,0,3.455,2.345,0.0,0.0,0.0,1,7,34,65,10,4,-433.424,-5.45,-7,0
2024-11-16 08:53:41.160693,e67e1cde-4cf6-4db4-8ee9-d32aa8bf3a4e,KXHIGHNY-24NOV16-T64,54318.839,259,5.0,61.065,7,93,1,63.3,-2.2,-18.9,-12.8,-34.8,-20.2,18.0,50.8,25.3,100,0,31599.94,37.4,9.4,0,0,-4.435,2.235,0.0,0.0,0.0,1,7,34,65,10,7,-441.5,-5.285,-7,0
2024-11-16 08:53:41.160693,d69ad793-ce7e-4f40-b70f-11b16b732a4f,KXHIGHNY-24NOV16-T64,54318.839,10,5.0,61.028,6,94,1,63.3,-2.2,-18.9,-12.8,-34.8,-20.2,18.0,50.8,25.3,100,0,31599.94,37.4,9.4,0,0,-4.472,2.272,0.0,0.0,0.0,1,7,34,65,10,6,-438.629,-4.314,-6,0
2024-11-16 08:53:52.166923,c94a1fb3-ed82-4fae-947b-3ec15ab6b1ef,KXHIGHNY-24NOV16-B61.5,54307.833,46,1.0,61.021,63,37,1,63.3,1.8,-14.9,-8.8,-30.8,-16.2,18.0,50.8,25.3,100,0,31599.94,37.4,9.4,0,0,-0.479,2.279,0.0,0.0,0.0,1,7,34,63,10,6,-428.312,33.387,37,1
2024-11-16 08:54:05.519508,49ad7cbe-7392-4a88-856a-08275e5745ae,KXHIGHNY-24NOV16-B57.5,54294.48,1,-3.0,61.021,7,93,1,63.3,5.8,-10.9,-4.8,-26.8,-12.2,18.0,50.8,25.3,100,0,31599.94,37.4,9.4,0,0,3.521,2.279,0.0,0.0,0.0,1,7,34,63,10,6,-428.312,-5.449,-7,0
2024-11-16 08:54:20.129034,97c6abbc-de62-4ab5-9dac-a16113f03f9e,KXHIGHNY-24NOV16-B59.5,54279.871,1,-1.0,61.033,33,67,1,63.3,3.8,-12.9,-6.8,-28.8,-14.2,18.0,50.8,25.3,100,0,31599.94,37.4,9.4,0,0,1.533,2.267,0.0,0.0,0.0,1,7,33,63,10,6,-423.8,-28.771,-33,0
2024-11-16 08:54:22.775996,2d6178ba-9376-4ea0-ae95-96d00ab34fa8,KXHIGHNY-24NOV16-B59.5,54277.224,2,-1.0,61.021,34,66,1,63.3,3.8,-12.9,-6.8,-28.8,-14.2,18.0,50.8,25.3,100,0,31599.94,37.4,9.4,0,0,1.521,2.279,0.0,0.0,0.0,1,7,34,63,10,6,-428.312,-29.704,-34,0
2024-11-16 08:54:22.775996,2b2bfac4-c1f4-4078-8e55-b983ddee7046,KXHIGHNY-24NOV16-B59.5,54277.224,1,-1.0,61.033,33,67,1,63.3,3.8,-12.9,-6.8,-28.8,-14.2,18.0,50.8,25.3,100,0,31599.94,37.4,9.4,0,0,1.533,2.267,0.0,0.0,0.0,1,7,33,63,10,6,-423.8,-28.706,-33,0
2024-11-16 08:54:27.665134,b9cefdda-71dd-4bec-b0a2-912ea3361114,KXHIGHNY-24NOV16-B59.5,54272.335,12,-1.0,61.021,34,66,1,63.3,3.8,-12.9,-6.8,-28.8,-14.2,18.0,50.8,25.3,100,0,31599.94,37.4,9.4,0,0,1.521,2.279,0.0,0.0,0.0,1,7,34,63,10,6,-428.312,-29.702,-34,0
2024-11-16 08:56:12.107587,3804212c-8168-41af-8b9c-36f803818628,KXHIGHNY-24NOV16-B57.5,54167.892,25,-3.0,61.204,1,99,0,63.3,5.8,-10.9,-4.8,-26.8,-12.2,18.0,50.8,25.3,100,0,31599.94,37.4,9.4,0,0,3.704,2.096,0.0,0.0,0.0,1,1,34,63,10,6,-414.69,-0.568,1,0
2024-11-16 08:56:26.841993,d0b12b2d-3efa-4e61-b70e-ea76ef0cb534,KXHIGHNY-24NOV16-B59.5,54153.158,57,-1.0,61.204,34,66,1,63.3,3.8,-12.9,-6.8,-28.8,-14.2,18.0,50.8,25.3,100,0,31599.94,37.4,9.4,0,0,1.704,2.096,0.0,0.0,0.0,1,1,34,63,10,6,-414.69,-29.633,-34,0
2024-11-16 08:56:26.841993,5682ff01-668b-4b97-8114-86505414e8d7,KXHIGHNY-24NOV16-B59.5,54153.158,12,-1.0,61.219,33,67,1,63.3,3.8,-12.9,-6.8,-28.8,-14.2,18.0,50.8,25.3,100,0,31599.94,37.4,9.4,0,0,1.719,2.081,0.0,0.0,0.0,1,1,33,63,10,6,-410.179,-28.685,-33,0
2024-11-16 08:56:26.841993,41f6d9a9-e631-4ae6-b0a0-1397f3aa209e,KXHIGHNY-24NOV16-B59.5,54153.158,117,-1.0,61.19,35,65,1,63.3,3.8,-12.9,-6.8,-28.8,-14.2,18.0,50.8,25.3,100,0,31599.94,37.4,9.4,0,0,1.69,2.11,0.0,0.0,0.0,1,1,35,63,10,6,-419.231,-30.693,-35,0
2024-11-16 08:56:26.841993,403685a1-1832-488d-a7ab-2e6033895f64,KXHIGHNY-24NOV16-B59.5,54153.158,14,-1.0,61.068,44,56,1,63.3,3.8,-12.9,-6.8,-28.8,-14.2,18.0,50.8,25.3,100,0,31599.94,37.4,9.4,0,0,1.568,2.232,0.0,0.0,0.0,1,1,44,63,10,6,-461.298,-39.695,-44,0
2024-11-16 08:56:26.878826,ba84d7c1-58bf-4d78-ba54-f15e94161b22,KXHIGHNY-24NOV16-B59.5,54153.121,20,-1.0,61.056,45,55,1,63.3,3.8,-12.9,-6.8,-28.8,-14.2,18.0,50.8,25.3,100,0,31599.94,37.4,9.4,0,0,1.556,2.244,0.0,0.0,0.0,1,1,45,63,10,6,-466.094,-40.595,-45,0
2024-11-16 08:56:26.878826,eead0768-350f-4767-ae6b-c7b7dc82808f,KXHIGHNY-24NOV16-B59.5,54153.121,80,-1.0,61.056,45,55,1,63.3,3.8,-12.9,-6.8,-28.8,-14.2,18.0,50.8,25.3,100,0,31599.94,37.4,9.4,0,0,1.556,2.244,0.0,0.0,0.0,1,1,45,63,10,6,-466.094,-40.574,-45,0
2024-11-16 08:56:26.910288,575be680-2437-44d3-8729-3f45221e0449,KXHIGHNY-24NOV16-B59.5,54153.09,20,-1.0,60.996,50,50,1,63.3,3.8,-12.9,-6.8,-28.8,-14.2,18.0,50.8,25.3,100,0,31599.94,37.4,9.4,0,0,1.496,2.304,0.0,0.0,0.0,1,1,50,63,10,6,-490.395,-45.523,-50,0
2024-11-16 08:56:26.910288,196de08d-21ba-4a84-9331-d800fee6ac4c,KXHIGHNY-24NOV16-B59.5,54153.09,80,-1.0,61.056,45,55,1,63.3,3.8,-12.9,-6.8,-28.8,-14.2,18.0,50.8,25.3,100,0,31599.94,37.4,9.4,0,0,1.556,2.244,0.0,0.0,0.0,1,1,45,63,10,6,-466.094,-40.573,-45,0
2024-11-16 08:56:26.998038,1fb23312-7bc7-4b1e-92ee-6e3275289927,KXHIGHNY-24NOV16-B61.5,54153.002,50,1.0,61.004,50,50,0,63.3,1.8,-14.9,-8.8,-30.8,-16.2,18.0,50.8,25.3,100,0,31599.94,37.4,9.4,0,0,-0.496,2.296,0.0,0.0,0.0,1,1,45,50,10,6,-400.677,-46.383,-50,1
2024-11-16 08:56:26.998038,104629fe-11ee-488c-9070-7e1c6a9bfe43,KXHIGHNY-24NOV16-B61.5,54153.002,50,1.0,61.0,49,51,0,63.3,1.8,-14.9,-8.8,-30.8,-16.2,18.0,50.8,25.3,100,0,31599.94,37.4,9.4,0,0,-0.5,2.3,0.0,0.0,0.0,1,1,45,49,10,6,-395.775,-47.386,-51,1
2024-11-16 08:56:27.029424,7723311c-4f63-49a8-be3e-1989dc0fab4d,KXHIGHNY-24NOV16-B61.5,54152.971,100,1.0,61.0,49,51,0,63.3,1.8,-14.9,-8.8,-30.8,-16.2,18.0,50.8,25.3,100,0,31599.94,37.4,9.4,0,0,-0.5,2.3,0.0,0.0,0.0,1,1,45,49,10,6,-395.775,-47.369,-51,1
2024-11-16 08:56:27.058819,cd24ffd9-4518-4dfa-950a-95d84ea00f19,KXHIGHNY-24NOV16-B61.5,54152.941,100,1.0,61.0,49,51,0,63.3,1.8,-14.9,-8.8,-30.8,-16.2,18.0,50.8,25.3,100,0,31599.94,37.4,9.4,0,0,-0.5,2.3,0.0,0.0,0.0,1,1,45,49,10,6,-395.775,-47.355,-51,1
2024-11-16 08:56:27.091246,1b7e99c6-fcf6-4796-853c-a73499bf0dc9,KXHIGHNY-24NOV16-B63.5,54152.909,100,3.0,61.065,13,87,0,63.3,-0.2,-16.9,-10.8,-32.8,-18.2,18.0,50.8,25.3,100,0,31599.94,37.4,9.4,0,0,-2.435,2.235,0.0,0.0,0.0,1,1,45,49,13,6,-406.094,8.467,13,0
2024-11-16 08:56:27.091246,926a51ed-81a6-4459-ba29-897d292b35bd,KXHIGHNY-24NOV16-B63.5,54152.909,118,3.0,61.044,12,88,0,63.3,-0.2,-16.9,-10.8,-32.8,-18.2,18.0,50.8,25.3,100,0,31599.94,37.4,9.4,0,0,-2.456,2.256,0.0,0.0,0.0,1,1,45,49,12,6,-402.568,7.468,12,0
2024-11-16 08:56:27.091246,4614445d-da0f-469f-a564-6a02bd12a68b,KXHIGHNY-24NOV16-B63.5,54152.909,10,3.0,61.044,12,88,0,63.3,-0.2,-16.9,-10.8,-32.8,-18.2,18.0,50.8,25.3,100,0,31599.94,37.4,9.4,0,0,-2.456,2.256,0.0,0.0,0.0,1,1,45,49,12,6,-402.568,7.467,12,0
2024-11-16 08:56:27.091246,0e5e367e-a843-4bb3-b064-357378e81727,KXHIGHNY-24NOV16-B63.5,54152.909,12,3.0,61.186,19,81,0,63.3,-0.2,-16.9,-10.8,-32.8,-18.2,18.0,50.8,25.3,100,0,31599.94,37.4,9.4,0,0,-2.314,2.114,0.0,0.0,0.0,1,1,45,49,19,6,-428.694,14.467,19,0
2024-11-16 08:56:27.120648,4887a47c-e06a-4a4b-b7c4-915dad9d60ba,KXHIGHNY-24NOV16-B63.5,54152.879,32,3.0,61.044,12,88,0,63.3,-0.2,-16.9,-10.8,-32.8,-18.2,18.0,50.8,25.3,100,0,31599.94,37.4,9.4,0,0,-2.456,2.256,0.0,0.0,0.0,1,1,45,49,12,6,-402.568,7.468,12,0
2024-11-16 08:56:27.120648,bcf0d761-9daf-4f2a-9bfd-a6eefaff24f2,KXHIGHNY-24NOV16-B63.5,54152.879,208,3.0,61.022,11,89,0,63.3,-0.2,-16.9,-10.8,-32.8,-18.2,18.0,50.8,25.3,100,0,31599.94,37.4,9.4,0,0,-2.478,2.278,0.0,0.0,0.0,1,1,45,49,11,6,-399.126,6.467,11,0
2024-11-16 08:56:27.192089,6bfc33a5-1e3b-48fa-b3d3-270331b88f41,KXHIGHNY-24NOV16-B63.5,54152.808,240,3.0,61.022,11,89,0,63.3,-0.2,-16.9,-10.8,-32.8,-18.2,18.0,50.8,25.3,100,0,31599.94,37.4,9.4,0,0,-2.478,2.278,0.0,0.0,0.0,1,1,45,49,11,6,-399.126,6.467,11,0
2024-11-16 08:56:30.063052,e97b6642-f95c-4e25-81ca-afd1692a2ec6,KXHIGHNY-24NOV16-B59.5,54149.937,80,-1.0,60.958,50,50,1,63.3,3.8,-12.9,-6.8,-28.8,-14.2,18.0,50.8,25.3,100,0,31599.94,37.4,9.4,0,0,1.458,2.342,0.0,0.0,0.0,1,1,50,49,11,6,-423.428,-45.422,-50,0
2024-11-16 08:56:30.063052,7aeadf02-3826-4dbe-b5ea-77f6601f7a3b,KXHIGHNY-24NOV16-B59.5,54149.937,20,-1.0,60.958,50,50,1,63.3,3.8,-12.9,-6.8,-28.8,-14.2,18.0,50.8,25.3,100,0,31599.94,37.4,9.4,0,0,1.458,2.342,0.0,0.0,0.0,1,1,50,49,11,6,-423.428,-45.473,-50,0
2024-11-16 08:56:30.101419,994d80d0-f1f0-4fc1-9e43-ecfa9799c9e1,KXHIGHNY-24NOV16-B59.5,54149.899,80,-1.0,60.958,50,50,1,63.3,3.8,-12.9,-6.8,-28.8,-14.2,18.0,50.8,25.3,100,0,31599.94,37.4,9.4,0,0,1.458,2.342,0.0,0.0,0.0,1,1,50,49,11,6,-423.428,-45.352,-50,0
2024-11-16 08:56:30.101419,1d563dee-939c-43b4-a8c0-d5db4dc1d6dd,KXHIGHNY-24NOV16-B59.5,54149.899,120,-1.0,60.945,51,49,1,63.3,3.8,-12.9,-6.8,-28.8,-14.2,18.0,50.8,25.3,100,0,31599.94,37.4,9.4,0,0,1.445,2.355,0.0,0.0,0.0,1,1,51,49,11,6,-428.35,-46.374,-51,0
2024-11-16 08:56:30.150705,7c6ebcab-7345-4d30-95d8-3fc648a1c39d,KXHIGHNY-24NOV16-B59.5,54149.849,100,-1.0,60.945,51,49,1,63.3,3.8,-12.9,-6.8,-28.8,-14.2,18.0,50.8,25.3,100,0,31599.94,37.4,9.4,0,0,1.445,2.355,0.0,0.0,0.0,1,1,51,49,11,6,-428.35,-46.346,-51,0
2024-11-16 08:56:30.200177,fd3b6423-3a5c-4d3f-b79a-c7c9050bc214,KXHIGHNY-24NOV16-B61.5,54149.8,50,1.0,60.926,45,55,0,63.3,1.8,-14.9,-8.8,-30.8,-16.2,18.0,50.8,25.3,100,0,31599.94,37.4,9.4,0,0,-0.574,2.374,0.0,0.0,0.0,1,1,51,45,11,6,-408.95,-51.256,-55,1
2024-11-16 08:56:30.200177,cc6386ab-b889-4999-90d3-2f779e54d945,KXHIGHNY-24NOV16-B61.5,54149.8,44,1.0,60.945,49,51,0,63.3,1.8,-14.9,-8.8,-30.8,-16.2,18.0,50.8,25.3,100,0,31599.94,37.4,9.4,0,0,-0.555,2.355,0.0,0.0,0.0,1,1,51,49,11,6,-428.35,-47.276,-51,1
2024-11-16 08:56:30.200177,80241319-9e84-4aa7-8f1c-dfcc0a2a41e2,KXHIGHNY-24NOV16-B61.5,54149.8,6,1.0,60.921,44,56,0,63.3,1.8,-14.9,-8.8,-30.8,-16.2,18.0,50.8,25.3,100,0,31599.94,37.4,9.4,0,0,-0.579,2.379,0.0,0.0,0.0,1,1,51,44,11,6,-404.155,-52.287,-56,1
2024-11-16 08:56:30.231478,92463e77-334c-43c3-bf07-7be8cc8cadd5,KXHIGHNY-24NOV16-B61.5,54149.769,2,1.0,60.921,44,56,0,63.3,1.8,-14.9,-8.8,-30.8,-16.2,18.0,50.8,25.3,100,0,31599.94,37.4,9.4,0,0,-0.579,2.379,0.0,0.0,0.0,1,1,51,44,11,6,-404.155,-52.253,-56,1
2024-11-16 08:56:30.231478,f84314e2-7010-493e-bce6-926bd42502d9,KXHIGHNY-24NOV16-B61.5,54149.769,98,1.0,60.921,44,56,0,63.3,1.8,-14.9,-8.8,-30.8,-16.2,18.0,50.8,25.3,100,0,31599.94,37.4,9.4,0,0,-0.579,2.379,0.0,0.0,0.0,1,1,51,44,11,6,-404.155,-52.252,-56,1
2024-11-16 08:56:30.261300,04edfa5c-bab4-486c-89a0-c3dfa727f281,KXHIGHNY-24NOV16-B61.5,54149.739,100,1.0,60.921,44,56,0,63.3,1.8,-14.9,-8.8,-30.8,-16.2,18.0,50.8,25.3,100,0,31599.94,37.4,9.4,0,0,-0.579,2.379,0.0,0.0,0.0,1,1,51,44,11,6,-404.155,-52.25,-56,1
2024-11-16 08:56:30.289161,d4a271a4-2a49-4b89-93bb-7bd7309e4171,KXHIGHNY-24NOV16-B63.5,54149.711,188,3.0,60.898,10,90,0,63.3,-0.2,-16.9,-10.8,-32.8,-18.2,18.0,50.8,25.3,100,0,31599.94,37.4,9.4,0,0,-2.602,2.402,0.0,0.0,0.0,1,1,51,44,10,6,-400.804,5.467,10,0
2024-11-16 08:56:30.289161,6dc9d094-4f8e-4b41-b8d9-06b66256d18a,KXHIGHNY-24NOV16-B63.5,54149.711,52,3.0,60.921,11,89,0,63.3,-0.2,-16.9,-10.8,-32.8,-18.2,18.0,50.8,25.3,100,0,31599.94,37.4,9.4,0,0,-2.579,2.379,0.0,0.0,0.0,1,1,51,44,11,6,-404.155,6.468,11,0
2024-11-16 08:56:30.319102,4cdfa11e-c166-4e81-88a2-368c224b06c2,KXHIGHNY-24NOV16-B63.5,54149.681,135,3.0,60.875,9,91,0,63.3,-0.2,-16.9,-10.8,-32.8,-18.2,18.0,50.8,25.3,100,0,31599.94,37.4,9.4,0,0,-2.625,2.425,0.0,0.0,0.0,1,1,51,44,9,6,-397.553,4.488,9,0
2024-11-16 08:56:30.319102,38e49c11-ac29-4540-9710-67a061067ce3,KXHIGHNY-24NOV16-B63.5,54149.681,105,3.0,60.898,10,90,0,63.3,-0.2,-16.9,-10.8,-32.8,-18.2,18.0,50.8,25.3,100,0,31599.94,37.4,9.4,0,0,-2.602,2.402,0.0,0.0,0.0,1,1,51,44,10,6,-400.804,5.492,10,0
2024-11-16 08:56:30.349149,d8750fc4-c4b8-4dc9-90e7-ba4cf35bddd9,KXHIGHNY-24NOV16-B63.5,54149.651,125,3.0,60.875,9,91,0,63.3,-0.2,-16.9,-10.8,-32.8,-18.2,18.0,50.8,25.3,100,0,31599.94,37.4,9.4,0,0,-2.625,2.425,0.0,0.0,0.0,1,1,51,44,9,6,-397.553,4.475,9,0
2024-11-16 08:56:30.349149,89310273-d844-4fa7-aee4-7d4c243360b7,KXHIGHNY-24NOV16-B63.5,54149.651,115,3.0,60.875,9,91,0,63.3,-0.2,-16.9,-10.8,-32.8,-18.2,18.0,50.8,25.3,100,0,31599.94,37.4,9.4,0,0,-2.625,2.425,0.0,0.0,0.0,1,1,51,44,9,6,-397.553,4.487,9,0
2024-11-16 08:56:37.050689,76e46097-f39e-47e3-a6a2-1d284ee12771,KXHIGHNY-24NOV16-B61.5,54142.949,2,1.0,60.875,44,56,0,63.3,1.8,-14.9,-8.8,-30.8,-16.2,18.0,50.8,25.3,100,0,31599.94,37.4,9.4,0,0,-0.625,2.425,0.0,0.0,0.0,1,1,51,44,9,6,-397.553,-52.247,-56,1
2024-11-16 08:56:37.050689,1f79af35-b0b5-4b8e-9b51-79facc1dbfb4,KXHIGHNY-24NOV16-B61.5,54142.949,10,1.0,60.875,44,56,0,63.3,1.8,-14.9,-8.8,-30.8,-16.2,18.0,50.8,25.3,100,0,31599.94,37.4,9.4,0,0,-0.625,2.425,0.0,0.0,0.0,1,1,51,44,9,6,-397.553,-52.249,-56,1
2024-11-16 08:56:37.054328,c5a278ad-1d2e-488f-b626-3b4e65d32180,KXHIGHNY-24NOV16-B57.5,54142.946,12,-3.0,60.875,1,99,0,63.3,5.8,-10.9,-4.8,-26.8,-12.2,18.0,50.8,25.3,100,0,31599.94,37.4,9.4,0,0,3.375,2.425,0.0,0.0,0.0,1,1,51,44,9,6,-397.553,-0.577,1,0
2024-11-16 08:56:37.056666,9880d95f-dfaf-4e5f-9ade-a65929c18f6a,KXHIGHNY-24NOV16-B59.5,54142.943,12,-1.0,60.816,56,44,0,63.3,3.8,-12.9,-6.8,-28.8,-14.2,18.0,50.8,25.3,100,0,31599.94,37.4,9.4,0,0,1.316,2.484,0.0,0.0,0.0,1,1,56,44,9,6,-422.45,51.292,56,0
2024-11-16 08:56:37.073852,6961db69-9ba7-46b0-aecd-fd38edace7b6,KXHIGHNY-24NOV16-B63.5,54142.926,12,3.0,60.883,12,88,0,63.3,-0.2,-16.9,-10.8,-32.8,-18.2,18.0,50.8,25.3,100,0,31599.94,37.4,9.4,0,0,-2.617,2.417,0.0,0.0,0.0,1,1,56,44,12,6,-432.493,7.445,12,0
2024-11-16 08:56:37.074085,842d4454-f2bc-4469-bb6a-995ceef0f0b2,KXHIGHNY-24NOV16-T64,54142.926,12,5.0,60.805,4,96,0,63.3,-2.2,-18.9,-12.8,-34.8,-20.2,18.0,50.8,25.3,100,0,31599.94,37.4,9.4,0,0,-4.695,2.495,0.0,0.0,0.0,1,1,56,44,12,4,-427.288,2.271,4,0
2024-11-16 08:56:37.089737,4e0cd1ba-8972-4f95-8f56-378ab6d2ecaf,KXHIGHNY-24NOV16-B61.5,54142.91,80,1.0,60.805,44,56,0,63.3,1.8,-14.9,-8.8,-30.8,-16.2,18.0,50.8,25.3,100,0,31599.94,37.4,9.4,0,0,-0.695,2.495,0.0,0.0,0.0,1,1,56,44,12,4,-427.288,-52.246,-56,1
2024-11-16 08:56:37.118735,75201257-e2d1-4305-89a6-484bf3b179d2,KXHIGHNY-24NOV16-B61.5,54142.881,71,1.0,60.799,43,57,0,63.3,1.8,-14.9,-8.8,-30.8,-16.2,18.0,50.8,25.3,100,0,31599.94,37.4,9.4,0,0,-0.701,2.501,0.0,0.0,0.0,1,1,56,43,12,4,-422.515,-53.241,-57,1
2024-11-16 08:56:37.118735,4a3dbaa8-ee78-4caf-b1b5-0064464f7e8e,KXHIGHNY-24NOV16-B61.5,54142.881,9,1.0,60.805,44,56,0,63.3,1.8,-14.9,-8.8,-30.8,-16.2,18.0,50.8,25.3,100,0,31599.94,37.4,9.4,0,0,-0.695,2.495,0.0,0.0,0.0,1,1,56,44,12,4,-427.288,-52.243,-56,1
2024-11-16 08:56:37.159502,b9c59074-0a7a-44f4-b52d-3148d9a95c13,KXHIGHNY-24NOV16-B63.5,54142.84,80,3.0,60.759,10,90,0,63.3,-0.2,-16.9,-10.8,-32.8,-18.2,18.0,50.8,25.3,100,0,31599.94,37.4,9.4,0,0,-2.741,2.541,0.0,0.0,0.0,1,1,56,44,10,4,-420.495,5.441,10,0
2024-11-16 08:56:37.190690,6ce539f5-6772-41c8-9c4e-0788cbd3ea41,KXHIGHNY-24NOV16-B63.5,54142.809,80,3.0,60.759,10,90,0,63.3,-0.2,-16.9,-10.8,-32.8,-18.2,18.0,50.8,25.3,100,0,31599.94,37.4,9.4,0,0,-2.741,2.541,0.0,0.0,0.0,1,1,56,44,10,4,-420.495,5.441,10,0
2024-11-16 08:56:37.219515,31eec13b-cf9a-4756-a968-a25afb7e0f92,KXHIGHNY-24NOV16-B63.5,54142.78,40,3.0,60.759,10,90,0,63.3,-0.2,-16.9,-10.8,-32.8,-18.2,18.0,50.8,25.3,100,0,31599.94,37.4,9.4,0,0,-2.741,2.541,0.0,0.0,0.0,1,1,56,44,10,4,-420.495,5.431,10,0
2024-11-16 08:56:37.219515,178d4bf9-ab50-4ccd-bd0b-2ad6a367ab45,KXHIGHNY-24NOV16-B63.5,54142.78,25,3.0,60.711,8,92,0,63.3,-0.2,-16.9,-10.8,-32.8,-18.2,18.0,50.8,25.3,100,0,31599.94,37.4,9.4,0,0,-2.789,2.589,0.0,0.0,0.0,1,1,56,44,8,4,-414.105,3.441,8,0
2024-11-16 08:56:37.219515,84b49e88-09ea-4835-80a4-2d0eb1758fcc,KXHIGHNY-24NOV16-B63.5,54142.78,15,3.0,60.735,9,91,0,63.3,-0.2,-16.9,-10.8,-32.8,-18.2,18.0,50.8,25.3,100,0,31599.94,37.4,9.4,0,0,-2.765,2.565,0.0,0.0,0.0,1,1,56,44,9,4,-417.244,4.424,9,0
2024-11-16 08:56:39.483067,58db2970-1a59-44b1-8f15-159e0b8d7f9b,KXHIGHNY-24NOV16-B57.5,54140.517,37,-3.0,60.711,1,99,0,63.3,5.8,-10.9,-4.8,-26.8,-12.2,18.0,50.8,25.3,100,0,31599.94,37.4,9.4,0,0,3.211,2.589,0.0,0.0,0.0,1,1,56,44,8,4,-414.105,-0.603,1,0
2024-11-16 08:56:39.485629,d6f1406f-d1e4-40fc-8d66-69b1dd40cc33,KXHIGHNY-24NOV16-T64,54140.514,37,5.0,60.711,4,96,0,63.3,-2.2,-18.9,-12.8,-34.8,-20.2,18.0,50.8,25.3,100,0,31599.94,37.4,9.4,0,0,-4.789,2.589,0.0,0.0,0.0,1,1,56,44,8,4,-414.105,2.218,4,0
2024-11-16 08:56:39.485809,2e7507d8-2401-402e-8c30-20a46a32280c,KXHIGHNY-24NOV16-B59.5,54140.514,37,-1.0,60.711,56,44,0,63.3,3.8,-12.9,-6.8,-28.8,-14.2,18.0,50.8,25.3,100,0,31599.94,37.4,9.4,0,0,1.211,2.589,0.0,0.0,0.0,1,1,56,44,8,4,-414.105,51.241,56,0
2024-11-16 08:56:39.502932,b542926c-a25b-44a8-8e78-2b099d2134dc,KXHIGHNY-24NOV16-B63.5,54140.497,37,3.0,60.711,8,92,0,63.3,-0.2,-16.9,-10.8,-32.8,-18.2,18.0,50.8,25.3,100,0,31599.94,37.4,9.4,0,0,-2.789,2.589,0.0,0.0,0.0,1,1,56,44,8,4,-414.105,3.42,8,0
2024-11-16 08:56:39.503144,c2ed8ad2-b11c-47d0-b88b-635e3a721dea,KXHIGHNY-24NOV16-B61.5,54140.497,8,1.0,60.704,43,57,0,63.3,1.8,-14.9,-8.8,-30.8,-16.2,18.0,50.8,25.3,100,0,31599.94,37.4,9.4,0,0,-0.796,2.596,0.0,0.0,0.0,1,1,56,43,8,4,-409.332,-53.233,-57,1
2024-11-16 08:56:39.503144,7a39c297-ce7b-4229-aa01-5f3e123f576f,KXHIGHNY-24NOV16-B61.5,54140.497,29,1.0,60.704,43,57,0,63.3,1.8,-14.9,-8.8,-30.8,-16.2,18.0,50.8,25.3,100,0,31599.94,37.4,9.4,0,0,-0.796,2.596,0.0,0.0,0.0,1,1,56,43,8,4,-409.332,-53.24,-57,1
2024-11-16 08:56:40.092174,a4f9734b-03af-44f3-b752-d142374c2749,KXHIGHNY-24NOV16-B63.5,54139.908,31,3.0,60.653,6,94,0,63.3,-0.2,-16.9,-10.8,-32.8,-18.2,18.0,50.8,25.3,100,0,31599.94,37.4,9.4,0,0,-2.847,2.647,0.0,0.0,0.0,1,1,56,43,6,4,-403.447,1.412,6,0
2024-11-16 08:56:40.094185,3f376ea3-ab4a-4b46-9857-4dfee75ad9e5,KXHIGHNY-24NOV16-T64,54139.906,31,5.0,60.653,4,96,0,63.3,-2.2,-18.9,-12.8,-34.8,-20.2,18.0,50.8,25.3,100,0,31599.94,37.4,9.4,0,0,-4.847,2.647,0.0,0.0,0.0,1,1,56,43,6,4,-403.447,2.205,4,0
2024-11-16 08:56:40.094434,5f23b17f-a1c2-4345-a3f7-22e1f826161d,KXHIGHNY-24NOV16-B57.5,54139.906,31,-3.0,60.653,1,99,0,63.3,5.8,-10.9,-4.8,-26.8,-12.2,18.0,50.8,25.3,100,0,31599.94,37.4,9.4,0,0,3.153,2.647,0.0,0.0,0.0,1,1,56,43,6,4,-403.447,-0.609,1,0
2024-11-16 08:56:40.097162,05c2ce0f-dbf2-44ec-bd45-49ed8369656e,KXHIGHNY-24NOV16-B61.5,54139.903,31,1.0,60.653,43,57,0,63.3,1.8,-14.9,-8.8,-30.8,-16.2,18.0,50.8,25.3,100,0,31599.94,37.4,9.4,0,0,-0.847,2.647,0.0,0.0,0.0,1,1,56,43,6,4,-403.447,-53.23,-57,1
2024-11-16 08:56:40.114911,be94bcea-5bc5-4920-9081-0a9998636d74,KXHIGHNY-24NOV16-B59.5,54139.885,31,-1.0,60.653,56,44,0,63.3,3.8,-12.9,-6.8,-28.8,-14.2,18.0,50.8,25.3,100,0,31599.94,37.4,9.4,0,0,1.153,2.647,0.0,0.0,0.0,1,1,56,43,6,4,-403.447,51.235,56,0
2024-11-16 08:56:40.698988,2cbc39cc-93ee-454f-850a-304080938872,KXHIGHNY-24NOV16-B59.5,54139.301,80,-1.0,60.674,54,46,0,63.3,3.8,-12.9,-6.8,-28.8,-14.2,18.0,50.8,25.3,100,0,31599.94,37.4,9.4,0,0,1.174,2.626,0.0,0.0,0.0,1,1,54,43,6,4,-393.432,49.226,54,0
2024-11-16 08:56:40.717121,0d9b9c69-1fdc-4187-80b6-61e218a77f1a,KXHIGHNY-24NOV16-T64,54139.283,80,5.0,60.674,4,96,0,63.3,-2.2,-18.9,-12.8,-34.8,-20.2,18.0,50.8,25.3,100,0,31599.94,37.4,9.4,0,0,-4.826,2.626,0.0,0.0,0.0,1,1,54,43,6,4,-393.432,2.182,4,0
2024-11-16 08:56:40.717403,d0646609-8977-4e93-aa79-085a04ac8e80,KXHIGHNY-24NOV16-B63.5,54139.283,80,3.0,60.674,6,94,0,63.3,-0.2,-16.9,-10.8,-32.8,-18.2,18.0,50.8,25.3,100,0,31599.94,37.4,9.4,0,0,-2.826,2.626,0.0,0.0,0.0,1,1,54,43,6,4,-393.432,1.407,6,0
2024-11-16 08:56:40.718174,414f0a32-f223-4714-98df-14b1b109f806,KXHIGHNY-24NOV16-B57.5,54139.282,34,-3.0,60.674,1,99,0,63.3,5.8,-10.9,-4.8,-26.8,-12.2,18.0,50.8,25.3,100,0,31599.94,37.4,9.4,0,0,3.174,2.626,0.0,0.0,0.0,1,1,54,43,6,4,-393.432,-0.61,1,0
2024-11-16 08:56:40.718174,2d50aa0c-68fe-4e53-80f8-e7c517ea1842,KXHIGHNY-24NOV16-B57.5,54139.282,46,-3.0,60.674,1,99,0,63.3,5.8,-10.9,-4.8,-26.8,-12.2,18.0,50.8,25.3,100,0,31599.94,37.4,9.4,0,0,3.174,2.626,0.0,0.0,0.0,1,1,54,43,6,4,-393.432,-0.61,1,0
2024-11-16 08:56:42.488939,a022b7c6-3002-4081-ba0c-03ffaced6555,KXHIGHNY-24NOV16-B57.5,54137.511,14,-3.0,60.674,1,99,0,63.3,5.8,-10.9,-4.8,-26.8,-12.2,18.0,50.8,25.3,100,0,31599.94,37.4,9.4,0,0,3.174,2.626,0.0,0.0,0.0,1,1,54,43,6,4,-393.432,-0.609,1,0
2024-11-16 08:56:42.503051,9b608eb3-8484-4698-af73-fc45f44fbcae,KXHIGHNY-24NOV16-B63.5,54137.497,14,3.0,60.798,11,89,0,63.3,-0.2,-16.9,-10.8,-32.8,-18.2,18.0,50.8,25.3,100,0,31599.94,37.4,9.4,0,0,-2.702,2.502,0.0,0.0,0.0,1,1,54,43,11,4,-409.059,6.402,11,0
2024-11-16 08:56:42.508469,d8f17d50-46cd-4574-ac26-b837a404d483,KXHIGHNY-24NOV16-B59.5,54137.492,14,-1.0,60.821,52,48,0,63.3,3.8,-12.9,-6.8,-28.8,-14.2,18.0,50.8,25.3,100,0,31599.94,37.4,9.4,0,0,1.321,2.479,0.0,0.0,0.0,1,1,52,43,11,4,-399.118,47.224,52,0
2024-11-16 08:56:42.525937,f261aa58-65df-48cb-b51d-c21f47e27331,KXHIGHNY-24NOV16-B61.5,54137.474,5,1.0,60.79,38,62,0,63.3,1.8,-14.9,-8.8,-30.8,-16.2,18.0,50.8,25.3,100,0,31599.94,37.4,9.4,0,0,-0.71,2.51,0.0,0.0,0.0,1,1,52,38,11,4,-375.615,-58.217,-62,1
2024-11-16 08:56:42.525937,82b7f182-9bdd-42c1-9435-39af7bc8fde3,KXHIGHNY-24NOV16-B61.5,54137.474,9,1.0,60.79,38,62,0,63.3,1.8,-14.9,-8.8,-30.8,-16.2,18.0,50.8,25.3,100,0,31599.94,37.4,9.4,0,0,-0.71,2.51,0.0,0.0,0.0,1,1,52,38,11,4,-375.615,-58.217,-62,1
2024-11-16 08:56:42.526169,c48f750a-bc47-4c6e-8162-1affbfd5bdf0,KXHIGHNY-24NOV16-T64,54137.474,14,5.0,60.79,4,96,0,63.3,-2.2,-18.9,-12.8,-34.8,-20.2,18.0,50.8,25.3,100,0,31599.94,37.4,9.4,0,0,-4.71,2.51,0.0,0.0,0.0,1,1,52,38,11,4,-375.615,2.182,4,0
2024-11-16 08:57:19.176459,7b7a9818-13ec-4ac8-aff9-89fb3094122d,KXHIGHNY-24NOV16-B61.5,54100.824,20,1.0,60.821,43,57,1,63.3,1.8,-14.9,-8.8,-30.8,-16.2,18.0,50.8,25.3,100,0,31599.94,37.4,9.4,0,0,-0.679,2.479,0.0,0.0,0.0,1,1,52,43,11,4,-399.118,53.218,57,1
2024-11-16 08:57:32.878397,5f446b5e-377a-4b15-9997-5e66e8333b80,KXHIGHNY-24NOV16-B63.5,54087.122,20,3.0,60.914,15,85,0,63.3,-0.2,-16.9,-10.8,-32.8,-18.2,18.0,50.8,25.3,100,0,31599.94,37.4,9.4,0,0,-2.586,2.386,0.0,0.0,0.0,1,1,52,43,15,4,-413.362,10.401,15,0
2024-11-16 08:58:04.648672,2f96580d-bd13-4e5e-9d68-a4abdc179add,KXHIGHNY-24NOV16-B61.5,54055.351,9,1.0,60.909,42,58,1,63.3,1.8,-14.9,-8.8,-30.8,-16.2,18.0,50.8,25.3,100,0,31599.94,37.4,9.4,0,0,-0.591,2.391,0.0,0.0,0.0,1,1,52,42,15,4,-408.613,54.216,58,1
2024-11-16 08:58:11.037962,79591538-2a31-49fc-8b79-7961d3059e8b,KXHIGHNY-24NOV16-B59.5,54048.962,12,-1.0,60.873,55,45,1,63.3,3.8,-12.9,-6.8,-28.8,-14.2,18.0,50.8,25.3,100,0,31599.94,37.4,9.4,0,0,1.373,2.427,0.0,0.0,0.0,1,1,55,42,15,4,-423.551,-50.214,-55,0
2024-11-16 08:58:29.103352,e55c5036-4354-425c-a4ef-7014c1ad8415,KXHIGHNY-24NOV16-B61.5,54030.897,10,1.0,60.833,35,65,0,63.3,1.8,-14.9,-8.8,-30.8,-16.2,18.0,50.8,25.3,100,0,31599.94,37.4,9.4,0,0,-0.667,2.467,0.0,0.0,0.0,1,1,55,35,15,4,-391.006,-61.212,-65,1
2024-11-16 08:58:29.103352,b8a93392-ed31-4f45-80cb-0de80d6b166e,KXHIGHNY-24NOV16-B61.5,54030.897,1,1.0,60.827,34,66,0,63.3,1.8,-14.9,-8.8,-30.8,-16.2,18.0,50.8,25.3,100,0,31599.94,37.4,9.4,0,0,-0.673,2.473,0.0,0.0,0.0,1,1,55,34,15,4,-386.466,-62.215,-66,1
2024-11-16 08:58:29.103352,6dd94803-d48f-41ae-a232-cad78575a9ed,KXHIGHNY-24NOV16-B61.5,54030.897,25,1.0,60.833,35,65,0,63.3,1.8,-14.9,-8.8,-30.8,-16.2,18.0,50.8,25.3,100,0,31599.94,37.4,9.4,0,0,-0.667,2.467,0.0,0.0,0.0,1,1,55,35,15,4,-391.006,-61.22,-65,1
2024-11-16 08:58:31.854740,f2154f30-6666-4be1-bce8-a59729b1ce64,KXHIGHNY-24NOV16-B63.5,54028.145,27,3.0,61.033,24,76,1,63.3,-0.2,-16.9,-10.8,-32.8,-18.2,18.0,50.8,25.3,100,0,31599.94,37.4,9.4,0,0,-2.467,2.267,0.0,0.0,0.0,1,1,55,35,24,4,-426.659,-19.405,-24,0
2024-11-16 08:58:31.854740,b84bb026-3bc6-4e16-b556-7f06e6f43069,KXHIGHNY-24NOV16-B63.5,54028.145,14,3.0,60.992,22,78,1,63.3,-0.2,-16.9,-10.8,-32.8,-18.2,18.0,50.8,25.3,100,0,31599.94,37.4,9.4,0,0,-2.508,2.308,0.0,0.0,0.0,1,1,55,35,22,4,-418.389,-17.409,-22,0
2024-11-16 08:58:31.854740,96d2e6b6-e89f-476e-b1bd-b57e47692731,KXHIGHNY-24NOV16-B63.5,54028.145,55,3.0,61.113,28,72,1,63.3,-0.2,-16.9,-10.8,-32.8,-18.2,18.0,50.8,25.3,100,0,31599.94,37.4,9.4,0,0,-2.387,2.187,0.0,0.0,0.0,1,1,55,35,28,4,-443.687,-23.409,-28,0
2024-11-16 08:58:31.854740,15f5cf4d-2547-4570-b494-b8c77ac3e662,KXHIGHNY-24NOV16-B63.5,54028.145,5,3.0,61.093,27,73,1,63.3,-0.2,-16.9,-10.8,-32.8,-18.2,18.0,50.8,25.3,100,0,31599.94,37.4,9.4,0,0,-2.407,2.207,0.0,0.0,0.0,1,1,55,35,27,4,-439.373,-22.403,-27,0
2024-11-16 08:58:31.854740,04f7e00c-93e3-4ed6-b100-99eb820279f5,KXHIGHNY-24NOV16-B63.5,54028.145,10,3.0,60.97,21,79,1,63.3,-0.2,-16.9,-10.8,-32.8,-18.2,18.0,50.8,25.3,100,0,31599.94,37.4,9.4,0,0,-2.53,2.33,0.0,0.0,0.0,1,1,55,35,21,4,-414.321,-16.401,-21,0
2024-11-16 08:58:37.351271,a03129c2-a8a0-4837-b8be-289ae379d6f6,KXHIGHNY-24NOV16-B59.5,54022.649,13,-1.0,61.138,43,57,0,63.3,3.8,-12.9,-6.8,-28.8,-14.2,18.0,50.8,25.3,100,0,31599.94,37.4,9.4,0,0,1.638,2.162,0.0,0.0,0.0,1,1,43,35,21,4,-355.649,38.207,43,0
2024-11-16 08:58:52.799517,188a3d02-030d-4341-b338-2d24f98104a2,KXHIGHNY-24NOV16-B61.5,54007.2,12,1.0,61.161,42,58,1,63.3,1.8,-14.9,-8.8,-30.8,-16.2,18.0,50.8,25.3,100,0,31599.94,37.4,9.4,0,0,-0.339,2.139,0.0,0.0,0.0,1,1,43,42,21,4,-388.194,54.214,58,1
2024-11-16 08:59:04.367264,1a5acb06-4180-4f94-ad73-5a07a7b35c65,KXHIGHNY-24NOV16-B57.5,53995.633,1,-3.0,61.004,6,94,1,63.3,5.8,-10.9,-4.8,-26.8,-12.2,18.0,50.8,25.3,100,0,31599.94,37.4,9.4,0,0,3.504,2.296,0.0,0.0,0.0,1,6,43,42,21,4,-398.944,-4.391,-6,0
2024-11-16 08:59:09.478542,a0b9218f-691c-4dce-bba5-48b758421a34,KXHIGHNY-24NOV16-B57.5,53990.521,3,-3.0,61.004,6,94,1,63.3,5.8,-10.9,-4.8,-26.8,-12.2,18.0,50.8,25.3,100,0,31599.94,37.4,9.4,0,0,3.504,2.296,0.0,0.0,0.0,1,6,43,42,21,4,-398.944,-4.391,-6,0
2024-11-16 08:59:18.270013,62af24c9-5104-4e08-8ce4-fea581383de9,KXHIGHNY-24NOV16-B59.5,53981.73,3,-1.0,60.908,51,49,1,63.3,3.8,-12.9,-6.8,-28.8,-14.2,18.0,50.8,25.3,100,0,31599.94,37.4,9.4,0,0,1.408,2.392,0.0,0.0,0.0,1,6,51,42,21,4,-437.736,-46.18,-51,0
2024-11-16 08:59:34.202911,a3bd024b-f026-4615-bd74-1ef22e333a29,KXHIGHNY-24NOV16-B61.5,53965.797,15,1.0,60.908,42,58,1,63.3,1.8,-14.9,-8.8,-30.8,-16.2,18.0,50.8,25.3,100,0,31599.94,37.4,9.4,0,0,-0.592,2.392,0.0,0.0,0.0,1,6,51,42,21,4,-437.736,54.21,58,1
2024-11-16 08:59:34.202911,22b92f6c-ef33-4683-ae93-7fcd22807018,KXHIGHNY-24NOV16-B61.5,53965.797,7,1.0,60.913,43,57,1,63.3,1.8,-14.9,-8.8,-30.8,-16.2,18.0,50.8,25.3,100,0,31599.94,37.4,9.4,0,0,-0.587,2.387,0.0,0.0,0.0,1,6,51,43,21,4,-442.485,53.212,57,1
2024-11-16 08:59:50.357490,78f87367-7d11-4bbc-b9b9-df3bdf58b362,KXHIGHNY-24NOV16-B59.5,53949.643,3,-1.0,61.008,43,57,1,63.3,3.8,-12.9,-6.8,-28.8,-14.2,18.0,50.8,25.3,100,0,31599.94,37.4,9.4,0,0,1.508,2.292,0.0,0.0,0.0,1,6,43,43,21,4,-403.694,-38.176,-43,0
2024-11-16 08:59:54.790443,d6167432-5f6e-46ad-912e-c91ffd5f88ca,KXHIGHNY-24NOV16-B59.5,53945.21,10,-1.0,61.008,43,57,1,63.3,3.8,-12.9,-6.8,-28.8,-14.2,18.0,50.8,25.3,100,0,31599.94,37.4,9.4,0,0,1.508,2.292,0.0,0.0,0.0,1,6,43,43,21,4,-403.694,-38.169,-43,0
2024-11-16 08:59:54.790443,1d6e4c23-ce49-49e1-9136-4e2bbde8c979,KXHIGHNY-24NOV16-B59.5,53945.21,2,-1.0,60.924,50,50,1,63.3,3.8,-12.9,-6.8,-28.8,-14.2,18.0,50.8,25.3,100,0,31599.94,37.4,9.4,0,0,1.424,2.376,0.0,0.0,0.0,1,6,50,43,21,4,-437.563,-45.173,-50,0
2024-11-16 09:00:01.370703,3d741bc4-b6a0-4a3a-ace9-5c5a76d98141,KXHIGHNY-24NOV16-B61.5,53938.629,12,1.0,60.924,43,57,1,63.3,1.8,-14.9,-8.8,-30.8,-13.0,14.8,50.8,25.3,100,0,31599.94,45.4,15.8,0,0,-0.576,2.376,0.0,0.0,0.0,1,6,50,43,21,4,-437.563,53.209,57,1
2024-11-16 09:00:36.551126,ab81ca80-74b4-4371-848f-ea41eebde443,KXHIGHNY-24NOV16-B59.5,53903.449,12,-1.0,60.971,46,54,1,63.3,3.8,-12.9,-6.8,-28.8,-11.0,14.8,50.8,25.3,100,0,31599.94,45.4,15.8,0,0,1.471,2.329,0.0,0.0,0.0,1,6,46,43,21,4,-418.08,-41.16,-46,0
2024-11-16 09:00:37.043780,895fec25-3bb2-4371-b48e-6576f4abe44e,KXHIGHNY-24NOV16-B59.5,53902.956,5,-1.0,60.971,46,54,1,63.3,3.8,-12.9,-6.8,-28.8,-11.0,14.8,50.8,25.3,100,0,31599.94,45.4,15.8,0,0,1.471,2.329,0.0,0.0,0.0,1,6,46,43,21,4,-418.08,-41.158,-46,0
2024-11-16 09:00:37.106548,ba9926e3-6013-4005-b2fd-0e918afbefdf,KXHIGHNY-24NOV16-B61.5,53902.893,41,1.0,60.971,43,57,1,63.3,1.8,-14.9,-8.8,-30.8,-13.0,14.8,50.8,25.3,100,0,31599.94,45.4,15.8,0,0,-0.529,2.329,0.0,0.0,0.0,1,6,46,43,21,4,-418.08,53.209,57,1
2024-11-16 09:00:42.923166,71248a7a-fea8-41d4-a645-2d8d53012364,KXHIGHNY-24NOV16-B61.5,53897.077,2,1.0,61.046,63,37,1,63.3,1.8,-14.9,-8.8,-30.8,-13.0,14.8,50.8,25.3,100,0,31599.94,45.4,15.8,0,0,-0.454,2.254,0.0,0.0,0.0,1,6,46,63,21,4,-517.366,33.208,37,1
2024-11-16 09:00:44.241484,f3db8df1-0a10-46c2-8a7c-daf7dbbe247a,KXHIGHNY-24NOV16-B59.5,53895.759,5,-1.0,61.046,46,54,1,63.3,3.8,-12.9,-6.8,-28.8,-11.0,14.8,50.8,25.3,100,0,31599.94,45.4,15.8,0,0,1.546,2.254,0.0,0.0,0.0,1,6,46,63,21,4,-517.366,-41.152,-46,0
2024-11-16 09:00:53.360929,92ac8bd9-339e-4ecd-a1b4-99485610fb5b,KXHIGHNY-24NOV16-B59.5,53886.639,5,-1.0,61.003,50,50,1,63.3,3.8,-12.9,-6.8,-28.8,-11.0,14.8,50.8,25.3,100,0,31599.94,45.4,15.8,0,0,1.503,2.297,0.0,0.0,0.0,1,6,50,63,21,4,-536.849,-45.149,-50,0
2024-11-16 09:00:57.264095,c58c1f4a-2e4a-4b09-ac49-8b7ad8f60699,KXHIGHNY-24NOV16-T64,53882.736,5,5.0,61.065,6,94,1,63.3,-2.2,-18.9,-12.8,-34.8,-17.0,14.8,50.8,25.3,100,0,31599.94,45.4,15.8,0,0,-4.435,2.235,0.0,0.0,0.0,1,6,50,63,21,6,-542.055,-4.181,-6,0
2024-11-16 09:00:57.264095,7abd4424-ef1c-4136-94d4-bd627e19d5fb,KXHIGHNY-24NOV16-T64,53882.736,129,5.0,61.095,7,93,1,63.3,-2.2,-18.9,-12.8,-34.8,-17.0,14.8,50.8,25.3,100,0,31599.94,45.4,15.8,0,0,-4.405,2.205,0.0,0.0,0.0,1,6,50,63,21,7,-544.926,-5.181,-7,0
2024-11-16 09:01:01.184718,8d1798a7-9541-4c68-aaf5-993885dff1ca,KXHIGHNY-24NOV16-B59.5,53878.815,61,-1.0,61.358,29,71,0,63.3,3.8,-12.9,-6.8,-28.8,-11.0,14.8,50.8,25.3,100,0,31599.94,45.4,15.8,0,0,1.858,1.942,0.0,0.0,0.0,1,6,29,63,21,7,-446.976,24.138,29,0
2024-11-16 09:01:01.184718,4795ed46-5fdd-437f-bad8-b80e84a6456a,KXHIGHNY-24NOV16-B59.5,53878.815,10,-1.0,61.15,45,55,0,63.3,3.8,-12.9,-6.8,-28.8,-11.0,14.8,50.8,25.3,100,0,31599.94,45.4,15.8,0,0,1.65,2.15,0.0,0.0,0.0,1,6,45,63,21,7,-520.624,40.147,45,0
2024-11-16 09:01:12.151960,0f0d2d3a-b686-4c7d-856e-8434cb175d0a,KXHIGHNY-24NOV16-B61.5,53867.848,20,1.0,61.155,65,35,1,63.3,1.8,-14.9,-8.8,-30.8,-13.0,14.8,50.8,25.3,100,0,31599.94,45.4,15.8,0,0,-0.345,2.145,0.0,0.0,0.0,1,6,45,65,21,7,-530.942,31.207,35,1
2024-11-16 09:01:12.151960,7083631c-7d73-4194-8d30-9b9d03e3cf16,KXHIGHNY-24NOV16-B61.5,53867.848,41,1.0,61.143,60,40,1,63.3,1.8,-14.9,-8.8,-30.8,-13.0,14.8,50.8,25.3,100,0,31599.94,45.4,15.8,0,0,-0.357,2.157,0.0,0.0,0.0,1,6,45,60,21,7,-505.267,36.206,40,1
2024-11-16 09:01:12.151960,d24dffdd-4b53-4b13-89af-9ab83185b312,KXHIGHNY-24NOV16-B61.5,53867.848,20,1.0,61.14,59,41,1,63.3,1.8,-14.9,-8.8,-30.8,-13.0,14.8,50.8,25.3,100,0,31599.94,45.4,15.8,0,0,-0.36,2.16,0.0,0.0,0.0,1,6,45,59,21,7,-500.181,37.203,41,1
2024-11-16 09:01:12.151960,e2bb7232-038a-4e07-819c-5db771bf2bbc,KXHIGHNY-24NOV16-B61.5,53867.848,48,1.0,61.15,63,37,1,63.3,1.8,-14.9,-8.8,-30.8,-13.0,14.8,50.8,25.3,100,0,31599.94,45.4,15.8,0,0,-0.35,2.15,0.0,0.0,0.0,1,6,45,63,21,7,-520.624,33.203,37,1
2024-11-16 09:01:13.308484,c0dec411-d0a3-4ae5-82a2-c73472596f1f,KXHIGHNY-24NOV16-B59.5,53866.692,12,-1.0,61.111,49,51,1,63.3,3.8,-12.9,-6.8,-28.8,-11.0,14.8,50.8,25.3,100,0,31599.94,45.4,15.8,0,0,1.611,2.189,0.0,0.0,0.0,1,6,49,65,21,7,-550.341,-44.127,-49,0
2024-11-16 09:01:33.617738,9d62d402-705a-469b-8fda-abcbd0546fda,KXHIGHNY-24NOV16-B63.5,53846.382,12,3.0,61.062,18,82,0,63.3,-0.2,-16.9,-10.8,-32.8,-15.0,14.8,50.8,25.3,100,0,31599.94,45.4,15.8,0,0,-2.438,2.238,0.0,0.0,0.0,1,6,49,65,18,7,-538.433,13.404,18,0
2024-11-16 09:01:33.617738,6668824e-fde0-4e02-8f25-40d12e92e02e,KXHIGHNY-24NOV16-B63.5,53846.382,20,3.0,61.127,22,78,0,63.3,-0.2,-16.9,-10.8,-32.8,-15.0,14.8,50.8,25.3,100,0,31599.94,45.4,15.8,0,0,-2.373,2.173,0.0,0.0,0.0,1,6,49,65,22,7,-554.409,17.407,22,0
2024-11-16 09:01:33.995377,466ee910-0c86-4df4-8691-34e5421df31d,KXHIGHNY-24NOV16-B57.5,53846.005,3,-3.0,61.127,6,94,1,63.3,5.8,-10.9,-4.8,-26.8,-9.0,14.8,50.8,25.3,100,0,31599.94,45.4,15.8,0,0,3.627,2.173,0.0,0.0,0.0,1,6,49,65,22,7,-554.409,-4.391,-6,0
2024-11-16 09:02:04.251027,876a326c-af34-4a56-b8af-22a098aa64ab,KXHIGHNY-24NOV16-B57.5,53815.749,3,-3.0,61.127,6,94,1,63.3,5.8,-10.9,-4.8,-26.8,-9.0,14.8,50.8,25.3,100,0,31599.94,45.4,15.8,0,0,3.627,2.173,0.0,0.0,0.0,1,6,49,65,22,7,-554.409,-4.382,-6,0
2024-11-16 09:02:24.641389,0e592906-4375-46e3-9ed7-daf6f4f089f3,KXHIGHNY-24NOV16-B59.5,53795.359,3,-1.0,61.138,48,52,1,63.3,3.8,-12.9,-6.8,-28.8,-11.0,14.8,50.8,25.3,100,0,31599.94,45.4,15.8,0,0,1.638,2.162,0.0,0.0,0.0,1,6,48,65,22,7,-549.528,-43.115,-48,0
2024-11-16 09:02:26.913890,7a65659a-3822-4bd1-96e8-e6a36daf487c,KXHIGHNY-24NOV16-B61.5,53793.086,10,1.0,61.142,67,33,1,63.3,1.8,-14.9,-8.8,-30.8,-13.0,14.8,50.8,25.3,100,0,31599.94,45.4,15.8,0,0,-0.358,2.158,0.0,0.0,0.0,1,6,48,67,22,7,-559.907,29.203,33,1
2024-11-16 09:03:34.780095,1d26c21d-151a-4824-a5b9-f6f3469cd242,KXHIGHNY-24NOV16-B57.5,53725.22,1,-3.0,61.142,6,94,1,63.3,5.8,-10.9,-4.8,-26.8,-9.0,14.8,50.8,25.3,100,0,31599.94,45.4,15.8,0,0,3.642,2.158,0.0,0.0,0.0,1,6,48,67,22,7,-559.907,-4.379,-6,0
2024-11-16 09:03:40.265358,0a85c5e2-de65-4eee-a162-dff3ae19c432,KXHIGHNY-24NOV16-B57.5,53719.735,1,-3.0,61.142,6,94,1,63.3,5.8,-10.9,-4.8,-26.8,-9.0,14.8,50.8,25.3,100,0,31599.94,45.4,15.8,0,0,3.642,2.158,0.0,0.0,0.0,1,6,48,67,22,7,-559.907,-4.379,-6,0
2024-11-16 09:04:03.994478,cca82dbd-a858-4ef9-948c-6b7b5f54ad35,KXHIGHNY-24NOV16-B61.5,53696.006,14,1.0,61.14,66,34,1,63.3,1.8,-14.9,-8.8,-30.8,-13.0,14.8,50.8,25.3,100,0,31599.94,45.4,15.8,0,0,-0.36,2.16,0.0,0.0,0.0,1,6,48,66,22,7,-554.71,30.196,34,1
2024-11-16 09:04:11.761699,fb0dcbd8-e6f4-4a6f-9e02-53203817f131,KXHIGHNY-24NOV16-B63.5,53688.238,23,3.0,61.108,20,80,1,63.3,-0.2,-16.9,-10.8,-32.8,-15.0,14.8,50.8,25.3,100,0,31599.94,45.4,15.8,0,0,-2.392,2.192,0.0,0.0,0.0,1,6,48,66,20,7,-546.621,-15.38,-20,0
2024-11-16 09:04:17.818708,710e6167-bd92-4c8e-b047-1d81ae3fc30f,KXHIGHNY-24NOV16-B61.5,53682.181,82,1.0,61.113,68,32,1,63.3,1.8,-14.9,-8.8,-30.8,-13.0,14.8,50.8,25.3,100,0,31599.94,45.4,15.8,0,0,-0.387,2.187,0.0,0.0,0.0,1,6,48,68,20,7,-557.031,28.194,32,1
2024-11-16 09:04:23.229351,a11440e0-1527-4fbe-84e5-4d35da5d3d7d,KXHIGHNY-24NOV16-B57.5,53676.771,3,-3.0,61.113,6,94,1,63.3,5.8,-10.9,-4.8,-26.8,-9.0,14.8,50.8,25.3,100,0,31599.94,45.4,15.8,0,0,3.613,2.187,0.0,0.0,0.0,1,6,48,68,20,7,-557.031,-4.378,-6,0
2024-11-16 09:04:29.654457,a645386e-e704-4334-92f0-63d96827c0aa,KXHIGHNY-24NOV16-B59.5,53670.346,20,-1.0,61.333,30,70,0,63.3,3.8,-12.9,-6.8,-28.8,-11.0,14.8,50.8,25.3,100,0,31599.94,45.4,15.8,0,0,1.833,1.967,0.0,0.0,0.0,1,6,30,68,20,7,-473.249,25.045,30,0
2024-11-16 09:04:34.618877,a7f77c14-055a-453f-a7a2-cb07a99d67fe,KXHIGHNY-24NOV16-T64,53665.381,9,5.0,61.169,2,98,0,63.3,-2.2,-18.9,-12.8,-34.8,-17.0,14.8,50.8,25.3,100,0,31599.94,45.4,15.8,0,0,-4.331,2.131,0.0,0.0,0.0,1,6,30,68,20,2,-461.014,0.181,2,0
2024-11-16 09:04:34.618877,64288453-9cd1-49cd-9063-c48b9c1426f5,KXHIGHNY-24NOV16-T64,53665.381,1,5.0,61.169,2,98,0,63.3,-2.2,-18.9,-12.8,-34.8,-17.0,14.8,50.8,25.3,100,0,31599.94,45.4,15.8,0,0,-4.331,2.131,0.0,0.0,0.0,1,6,30,68,20,2,-461.014,0.181,2,0
2024-11-16 09:04:34.624137,c3b33408-dbc9-403c-af9f-0360ea26ae6c,KXHIGHNY-24NOV16-B57.5,53665.376,10,-3.0,61.289,2,98,0,63.3,5.8,-10.9,-4.8,-26.8,-9.0,14.8,50.8,25.3,100,0,31599.94,45.4,15.8,0,0,3.789,2.011,0.0,0.0,0.0,1,2,30,68,20,2,-451.65,0.378,2,0
2024-11-16 09:04:34.627041,2f111762-ea3c-4ab0-81de-d43fd947ec66,KXHIGHNY-24NOV16-B61.5,53665.373,10,1.0,61.264,55,45,0,63.3,1.8,-14.9,-8.8,-30.8,-13.0,14.8,50.8,25.3,100,0,31599.94,45.4,15.8,0,0,-0.236,2.036,0.0,0.0,0.0,1,2,30,55,20,2,-385.126,-41.191,-45,1
2024-11-16 09:04:34.645505,850de603-80be-49d3-b7ed-9c2ec6566587,KXHIGHNY-24NOV16-B59.5,53665.354,10,-1.0,61.172,36,64,0,63.3,3.8,-12.9,-6.8,-28.8,-11.0,14.8,50.8,25.3,100,0,31599.94,45.4,15.8,0,0,1.672,2.128,0.0,0.0,0.0,1,2,36,55,20,2,-412.097,31.017,36,0
2024-11-16 09:04:34.660919,45994bf0-3234-4b61-815c-39db249d3b85,KXHIGHNY-24NOV16-B63.5,53665.339,10,3.0,61.111,17,83,0,63.3,-0.2,-16.9,-10.8,-32.8,-15.0,14.8,50.8,25.3,100,0,31599.94,45.4,15.8,0,0,-2.389,2.189,0.0,0.0,0.0,1,2,36,55,17,2,-400.347,12.378,17,0
2024-11-16 09:04:34.688843,c1eb5be6-46a8-4d89-8268-fe2328204d05,KXHIGHNY-24NOV16-B63.5,53665.311,50,3.0,61.089,16,84,0,63.3,-0.2,-16.9,-10.8,-32.8,-15.0,14.8,50.8,25.3,100,0,31599.94,45.4,15.8,0,0,-2.411,2.211,0.0,0.0,0.0,1,2,36,55,16,2,-396.544,11.377,16,0
2024-11-16 09:04:34.688843,e61f72e9-b2a7-4a50-97a4-af77748de05c,KXHIGHNY-24NOV16-B63.5,53665.311,50,3.0,61.089,16,84,0,63.3,-0.2,-16.9,-10.8,-32.8,-15.0,14.8,50.8,25.3,100,0,31599.94,45.4,15.8,0,0,-2.411,2.211,0.0,0.0,0.0,1,2,36,55,16,2,-396.544,11.377,16,0
2024-11-16 09:04:34.725075,b4356ad4-be2c-4303-8dfc-8db2f1a3e28b,KXHIGHNY-24NOV16-B63.5,53665.275,240,3.0,61.068,15,85,0,63.3,-0.2,-16.9,-10.8,-32.8,-15.0,14.8,50.8,25.3,100,0,31599.94,45.4,15.8,0,0,-2.432,2.232,0.0,0.0,0.0,1,2,36,55,15,2,-392.803,10.377,15,0
2024-11-16 09:04:34.760544,7b0bc98e-d21d-45c3-9e3c-28c3c6682568,KXHIGHNY-24NOV16-B63.5,53665.239,240,3.0,61.068,15,85,0,63.3,-0.2,-16.9,-10.8,-32.8,-15.0,14.8,50.8,25.3,100,0,31599.94,45.4,15.8,0,0,-2.432,2.232,0.0,0.0,0.0,1,2,36,55,15,2,-392.803,10.378,15,0
2024-11-16 09:04:35.130399,f3de70f0-6cfa-46da-ba0b-56b2d96d4072,KXHIGHNY-24NOV16-B57.5,53664.87,100,-3.0,61.068,2,98,0,63.3,5.8,-10.9,-4.8,-26.8,-9.0,14.8,50.8,25.3,100,0,31599.94,45.4,15.8,0,0,3.568,2.232,0.0,0.0,0.0,1,2,36,55,15,2,-392.803,0.379,2,0
2024-11-16 09:04:35.133948,081fe100-ba97-4302-900a-59d3c4dbd401,KXHIGHNY-24NOV16-B59.5,53664.866,90,-1.0,61.068,36,64,0,63.3,3.8,-12.9,-6.8,-28.8,-11.0,14.8,50.8,25.3,100,0,31599.94,45.4,15.8,0,0,1.568,2.232,0.0,0.0,0.0,1,2,36,55,15,2,-392.803,30.983,36,0
2024-11-16 09:04:35.152787,380b99e4-6f32-45b1-8531-514caa89e84d,KXHIGHNY-24NOV16-T64,53664.847,100,5.0,61.068,2,98,0,63.3,-2.2,-18.9,-12.8,-34.8,-17.0,14.8,50.8,25.3,100,0,31599.94,45.4,15.8,0,0,-4.432,2.232,0.0,0.0,0.0,1,2,36,55,15,2,-392.803,0.181,2,0
2024-11-16 09:04:35.153730,a8517f11-2351-4b1a-b729-42f5e5658e42,KXHIGHNY-24NOV16-B61.5,53664.846,10,1.0,61.064,54,46,0,63.3,1.8,-14.9,-8.8,-30.8,-13.0,14.8,50.8,25.3,100,0,31599.94,45.4,15.8,0,0,-0.436,2.236,0.0,0.0,0.0,1,2,36,54,15,2,-387.805,-42.179,-46,1
2024-11-16 09:04:35.153730,35eceb1c-eb9a-4983-b7bf-50767f6334dc,KXHIGHNY-24NOV16-B61.5,53664.846,90,1.0,61.068,55,45,0,63.3,1.8,-14.9,-8.8,-30.8,-13.0,14.8,50.8,25.3,100,0,31599.94,45.4,15.8,0,0,-0.432,2.232,0.0,0.0,0.0,1,2,36,55,15,2,-392.803,-41.19,-45,1
2024-11-16 09:04:35.232066,d06f8dd8-f18b-4c0a-be13-eb2e6dda428e,KXHIGHNY-24NOV16-B57.5,53664.768,100,-3.0,61.068,2,98,0,63.3,5.8,-10.9,-4.8,-26.8,-9.0,14.8,50.8,25.3,100,0,31599.94,45.4,15.8,0,0,3.568,2.232,0.0,0.0,0.0,1,2,36,55,15,2,-392.803,0.379,2,0
2024-11-16 09:04:35.235727,001fb7ac-af6d-4e7c-bc97-be2547de25ea,KXHIGHNY-24NOV16-T64,53664.764,100,5.0,61.068,2,98,0,63.3,-2.2,-18.9,-12.8,-34.8,-17.0,14.8,50.8,25.3,100,0,31599.94,45.4,15.8,0,0,-4.432,2.232,0.0,0.0,0.0,1,2,36,55,15,2,-392.803,0.18,2,0
2024-11-16 09:04:35.236684,8e607f82-f7ae-4a9a-b8b8-7d35126ae615,KXHIGHNY-24NOV16-B59.5,53664.763,100,-1.0,61.082,35,65,0,63.3,3.8,-12.9,-6.8,-28.8,-11.0,14.8,50.8,25.3,100,0,31599.94,45.4,15.8,0,0,1.582,2.218,0.0,0.0,0.0,1,2,35,55,15,2,-388.234,29.972,35,0
2024-11-16 09:04:35.255389,c2fbbd13-2f16-44e5-9611-32834556919f,KXHIGHNY-24NOV16-B61.5,53664.745,90,1.0,61.078,54,46,0,63.3,1.8,-14.9,-8.8,-30.8,-13.0,14.8,50.8,25.3,100,0,31599.94,45.4,15.8,0,0,-0.422,2.222,0.0,0.0,0.0,1,2,35,54,15,2,-383.236,-42.176,-46,1
2024-11-16 09:04:35.255389,35afbdf4-fc8e-4e4a-9cfd-566c2cb5d1fe,KXHIGHNY-24NOV16-B61.5,53664.745,10,1.0,61.074,53,47,0,63.3,1.8,-14.9,-8.8,-30.8,-13.0,14.8,50.8,25.3,100,0,31599.94,45.4,15.8,0,0,-0.426,2.226,0.0,0.0,0.0,1,2,35,53,15,2,-378.256,-43.176,-47,1
2024-11-16 09:04:35.271979,b21e0456-4471-4054-8f7a-165878e7bc02,KXHIGHNY-24NOV16-B63.5,53664.728,100,3.0,61.074,15,85,0,63.3,-0.2,-16.9,-10.8,-32.8,-15.0,14.8,50.8,25.3,100,0,31599.94,45.4,15.8,0,0,-2.426,2.226,0.0,0.0,0.0,1,2,35,53,15,2,-378.256,10.378,15,0
2024-11-16 09:04:36.926286,c105a55c-5ca9-4514-9cf8-c9e8f6692a61,KXHIGHNY-24NOV16-B59.5,53663.074,10,-1.0,61.06,36,64,1,63.3,3.8,-12.9,-6.8,-28.8,-11.0,14.8,50.8,25.3,100,0,31599.94,45.4,15.8,0,0,1.56,2.24,0.0,0.0,0.0,1,2,36,53,15,2,-382.825,-30.89,-36,0
2024-11-16 09:04:37.019214,82367599-7f4d-4778-b8a4-dc61aa74125f,KXHIGHNY-24NOV16-B63.5,53662.981,100,3.0,60.917,9,91,0,63.3,-0.2,-16.9,-10.8,-32.8,-15.0,14.8,50.8,25.3,100,0,31599.94,45.4,15.8,0,0,-2.583,2.383,0.0,0.0,0.0,1,2,36,53,9,2,-361.98,4.378,9,0
2024-11-16 09:04:37.049706,e5c530fc-ee17-401c-8a6e-6d63d02820be,KXHIGHNY-24NOV16-B63.5,53662.95,201,3.0,60.892,8,92,0,63.3,-0.2,-16.9,-10.8,-32.8,-15.0,14.8,50.8,25.3,100,0,31599.94,45.4,15.8,0,0,-2.608,2.408,0.0,0.0,0.0,1,2,36,53,8,2,-358.84,3.38,8,0
2024-11-16 09:04:37.049706,22329ccf-5bd9-46a5-9e90-b6a388619e58,KXHIGHNY-24NOV16-B63.5,53662.95,39,3.0,60.917,9,91,0,63.3,-0.2,-16.9,-10.8,-32.8,-15.0,14.8,50.8,25.3,100,0,31599.94,45.4,15.8,0,0,-2.583,2.383,0.0,0.0,0.0,1,2,36,53,9,2,-361.98,4.379,9,0
2024-11-16 09:04:37.080369,4a269692-0d49-4a2d-86b9-9bb85f452074,KXHIGHNY-24NOV16-B63.5,53662.92,240,3.0,60.892,8,92,0,63.3,-0.2,-16.9,-10.8,-32.8,-15.0,14.8,50.8,25.3,100,0,31599.94,45.4,15.8,0,0,-2.608,2.408,0.0,0.0,0.0,1,2,36,53,8,2,-358.84,3.386,8,0
2024-11-16 09:04:43.385466,8e40c67a-55d5-48b4-a4d2-a72f865717db,KXHIGHNY-24NOV16-B59.5,53656.615,38,-1.0,60.892,36,64,0,63.3,3.8,-12.9,-6.8,-28.8,-11.0,14.8,50.8,25.3,100,0,31599.94,45.4,15.8,0,0,1.392,2.408,0.0,0.0,0.0,1,2,36,53,8,2,-358.84,30.791,36,0
2024-11-16 09:04:56.206659,1ab30071-faaf-452e-ad9c-fc5cdb93733b,KXHIGHNY-24NOV16-B59.5,53643.793,100,-1.0,60.949,32,68,0,63.3,3.8,-12.9,-6.8,-28.8,-11.0,14.8,50.8,25.3,100,0,31599.94,45.4,15.8,0,0,1.449,2.351,0.0,0.0,0.0,1,2,32,53,8,2,-340.737,26.727,32,0
2024-11-16 09:04:56.206659,2193bf3d-a956-4112-834a-1156074a6805,KXHIGHNY-24NOV16-B59.5,53643.793,100,-1.0,60.949,32,68,0,63.3,3.8,-12.9,-6.8,-28.8,-11.0,14.8,50.8,25.3,100,0,31599.94,45.4,15.8,0,0,1.449,2.351,0.0,0.0,0.0,1,2,32,53,8,2,-340.737,26.711,32,0
2024-11-16 09:04:56.206659,5f5fd721-1bc2-4a2c-b8bb-8795c0f7ae78,KXHIGHNY-24NOV16-B59.5,53643.793,100,-1.0,60.934,33,67,0,63.3,3.8,-12.9,-6.8,-28.8,-11.0,14.8,50.8,25.3,100,0,31599.94,45.4,15.8,0,0,1.434,2.366,0.0,0.0,0.0,1,2,33,53,8,2,-345.218,27.648,33,0
2024-11-16 09:04:56.206659,c7f4ff42-f5d0-433e-aa69-f2b0d7bf3d9b,KXHIGHNY-24NOV16-B59.5,53643.793,100,-1.0,60.964,31,69,0,63.3,3.8,-12.9,-6.8,-28.8,-11.0,14.8,50.8,25.3,100,0,31599.94,45.4,15.8,0,0,1.464,2.336,0.0,0.0,0.0,1,2,31,53,8,2,-336.287,25.591,31,0
2024-11-16 09:05:08.443028,81fff762-6ba4-4ae2-a081-f26ed2f5de27,KXHIGHNY-24NOV16-B59.5,53631.557,2,-1.0,60.979,30,70,0,63.3,3.8,-12.9,-6.8,-28.8,-11.0,14.8,50.8,25.3,100,0,31599.94,45.4,15.8,0,0,1.479,2.321,0.0,0.0,0.0,1,2,30,53,8,2,-331.87,24.562,30,0
2024-11-16 09:05:08.443028,47ee68c7-18f8-4187-bb17-95148a1758d1,KXHIGHNY-24NOV16-B59.5,53631.557,45,-1.0,60.995,29,71,0,63.3,3.8,-12.9,-6.8,-28.8,-11.0,14.8,50.8,25.3,100,0,31599.94,45.4,15.8,0,0,1.495,2.305,0.0,0.0,0.0,1,2,29,53,8,2,-327.485,23.576,29,0
2024-11-16 09:05:08.632464,cd827666-7d21-4195-b946-f9bc19368bca,KXHIGHNY-24NOV16-B59.5,53631.368,59,-1.0,60.84,40,60,1,63.3,3.8,-12.9,-6.8,-28.8,-11.0,14.8,50.8,25.3,100,0,31599.94,45.4,15.8,0,0,1.34,2.46,0.0,0.0,0.0,1,2,40,53,8,2,-377.389,-34.505,-40,0
2024-11-16 09:05:23.815674,9b8f9230-2e9b-4898-9b5c-1ff263b431bf,KXHIGHNY-24NOV16-B59.5,53616.184,80,-1.0,60.84,40,60,1,63.3,3.8,-12.9,-6.8,-28.8,-11.0,14.8,50.8,25.3,100,0,31599.94,45.4,15.8,0,0,1.34,2.46,0.0,0.0,0.0,1,2,40,53,8,2,-377.389,-34.496,-40,0
2024-11-16 09:05:23.918313,6c8fd122-585c-4b03-88cb-2b93589da78f,KXHIGHNY-24NOV16-B61.5,53616.082,7,1.0,60.886,61,39,1,63.3,1.8,-14.9,-8.8,-30.8,-13.0,14.8,50.8,25.3,100,0,31599.94,45.4,15.8,0,0,-0.614,2.414,0.0,0.0,0.0,1,2,40,61,8,2,-417.727,35.168,39,1
2024-11-16 09:06:01.683046,dce9634c-f4dd-4440-b53b-70605558165f,KXHIGHNY-24NOV16-B59.5,53578.317,12,-1.0,60.874,41,59,1,63.3,3.8,-12.9,-6.8,-28.8,-11.0,14.8,50.8,25.3,100,0,31599.94,45.4,15.8,0,0,1.374,2.426,0.0,0.0,0.0,1,2,41,61,8,2,-422.428,-35.435,-41,0
2024-11-16 09:06:05.286157,28ac4386-102c-4544-9cd3-fac35992684c,KXHIGHNY-24NOV16-B63.5,53574.714,9,3.0,60.919,10,90,1,63.3,-0.2,-16.9,-10.8,-32.8,-15.0,14.8,50.8,25.3,100,0,31599.94,45.4,15.8,0,0,-2.581,2.381,0.0,0.0,0.0,1,2,41,61,10,2,-428.818,-5.387,-10,0
2024-11-16 09:06:27.786660,00d50f97-0e74-4d11-a625-8a8a9a7ebbb0,KXHIGHNY-24NOV16-B63.5,53552.213,132,3.0,60.897,9,91,0,63.3,-0.2,-16.9,-10.8,-32.8,-15.0,14.8,50.8,25.3,100,0,31599.94,45.4,15.8,0,0,-2.603,2.403,0.0,0.0,0.0,1,2,41,61,9,2,-425.567,4.387,9,0
2024-11-16 09:06:47.246956,c3b0d844-fb54-49fd-8652-956aa1a6a9c0,KXHIGHNY-24NOV16-B61.5,53532.753,101,1.0,60.858,54,46,0,63.3,1.8,-14.9,-8.8,-30.8,-13.0,14.8,50.8,25.3,100,0,31599.94,45.4,15.8,0,0,-0.642,2.442,0.0,0.0,0.0,1,2,41,54,9,2,-390.209,-42.099,-46,1
2024-11-16 09:07:04.521479,6c716b74-10f6-49fe-b7d2-b7a1950a8752,KXHIGHNY-24NOV16-B59.5,53515.479,3,-1.0,60.845,42,58,1,63.3,3.8,-12.9,-6.8,-28.8,-11.0,14.8,50.8,25.3,100,0,31599.94,45.4,15.8,0,0,1.345,2.455,0.0,0.0,0.0,1,2,42,54,9,2,-394.935,-36.429,-42,0
2024-11-16 09:07:26.408715,c00e1f40-4576-4d64-a248-42c3748e16ee,KXHIGHNY-24NOV16-B63.5,53493.591,9,3.0,60.869,10,90,1,63.3,-0.2,-16.9,-10.8,-32.8,-15.0,14.8,50.8,25.3,100,0,31599.94,45.4,15.8,0,0,-2.631,2.431,0.0,0.0,0.0,1,2,42,54,10,2,-398.186,-5.39,-10,0
2024-11-16 09:07:26.408715,067b1228-56f6-42b1-abe4-4005cadacfce,KXHIGHNY-24NOV16-B63.5,53493.591,71,3.0,60.869,10,90,1,63.3,-0.2,-16.9,-10.8,-32.8,-15.0,14.8,50.8,25.3,100,0,31599.94,45.4,15.8,0,0,-2.631,2.431,0.0,0.0,0.0,1,2,42,54,10,2,-398.186,-5.39,-10,0
2024-11-16 09:07:35.835385,71507cac-bb98-41ac-be92-6cfaf0794bd4,KXHIGHNY-24NOV16-B61.5,53484.165,8,1.0,60.891,58,42,1,63.3,1.8,-14.9,-8.8,-30.8,-13.0,14.8,50.8,25.3,100,0,31599.94,45.4,15.8,0,0,-0.609,2.409,0.0,0.0,0.0,1,2,42,58,10,2,-418.286,38.027,42,1
2024-11-16 09:07:57.451192,a9639875-b2a1-417c-839a-1575880614cc,KXHIGHNY-24NOV16-B61.5,53462.549,1,1.0,60.891,58,42,1,63.3,1.8,-14.9,-8.8,-30.8,-13.0,14.8,50.8,25.3,100,0,31599.94,45.4,15.8,0,0,-0.609,2.409,0.0,0.0,0.0,1,2,42,58,10,2,-418.286,37.957,42,1
2024-11-16 09:08:30.847941,7f908cc4-e3a1-48eb-b999-36faf233f435,KXHIGHNY-24NOV16-B61.5,53429.152,91,1.0,60.886,57,43,1,63.3,1.8,-14.9,-8.8,-30.8,-13.0,14.8,50.8,25.3,100,0,31599.94,45.4,15.8,0,0,-0.614,2.414,0.0,0.0,0.0,1,2,42,57,10,2,-413.234,38.951,43,1
2024-11-16 09:08:30.968079,e3335f21-219c-4a44-8b4f-6b423f585ec2,KXHIGHNY-24NOV16-B63.5,53429.032,30,3.0,60.863,9,91,0,63.3,-0.2,-16.9,-10.8,-32.8,-15.0,14.8,50.8,25.3,100,0,31599.94,45.4,15.8,0,0,-2.637,2.437,0.0,0.0,0.0,1,2,42,57,9,2,-409.984,4.391,9,0
2024-11-16 09:08:30.968079,d62b93ca-455e-4b2b-89a4-ebd01a7100f5,KXHIGHNY-24NOV16-B63.5,53429.032,170,3.0,60.886,10,90,0,63.3,-0.2,-16.9,-10.8,-32.8,-15.0,14.8,50.8,25.3,100,0,31599.94,45.4,15.8,0,0,-2.614,2.414,0.0,0.0,0.0,1,2,42,57,10,2,-413.234,5.39,10,0
2024-11-16 09:08:31.026737,69e9966c-61e4-4266-b8e6-015dfd37b505,KXHIGHNY-24NOV16-B63.5,53428.973,88,3.0,60.863,9,91,0,63.3,-0.2,-16.9,-10.8,-32.8,-15.0,14.8,50.8,25.3,100,0,31599.94,45.4,15.8,0,0,-2.637,2.437,0.0,0.0,0.0,1,2,42,57,9,2,-409.984,4.391,9,0
2024-11-16 09:08:44.166698,4a786a0f-6c55-4ad5-b0ae-99661c370378,KXHIGHNY-24NOV16-B61.5,53415.833,3,1.0,60.905,65,35,1,63.3,1.8,-14.9,-8.8,-30.8,-13.0,14.8,50.8,25.3,100,0,31599.94,45.4,15.8,0,0,-0.595,2.395,0.0,0.0,0.0,1,2,42,65,9,2,-450.865,30.925,35,1
2024-11-16 09:08:51.696447,56695416-9635-4426-a896-c79c8fccfb3c,KXHIGHNY-24NOV16-B59.5,53408.304,14,-1.0,61.045,31,69,0,63.3,3.8,-12.9,-6.8,-28.8,-11.0,14.8,50.8,25.3,100,0,31599.94,45.4,15.8,0,0,1.545,2.255,0.0,0.0,0.0,1,2,31,65,9,2,-400.336,25.4,31,0
2024-11-16 09:08:51.735856,77f4748a-5a84-42ce-a85b-ab12da7a048a,KXHIGHNY-24NOV16-B59.5,53408.264,3,-1.0,60.978,36,64,1,63.3,3.8,-12.9,-6.8,-28.8,-11.0,14.8,50.8,25.3,100,0,31599.94,45.4,15.8,0,0,1.478,2.322,0.0,0.0,0.0,1,2,36,65,9,2,-422.889,-30.394,-36,0
2024-11-16 09:08:59.872484,c437d5b8-7b73-4836-9cd4-c275010b070a,KXHIGHNY-24NOV16-B59.5,53400.128,3,-1.0,60.978,36,64,1,63.3,3.8,-12.9,-6.8,-28.8,-11.0,14.8,50.8,25.3,100,0,31599.94,45.4,15.8,0,0,1.478,2.322,0.0,0.0,0.0,1,2,36,65,9,2,-422.889,-30.394,-36,0
2024-11-16 09:09:17.139314,36f33369-654b-495f-9bcb-8523b730cfa8,KXHIGHNY-24NOV16-B59.5,53382.861,139,-1.0,61.06,30,70,0,63.3,3.8,-12.9,-6.8,-28.8,-11.0,14.8,50.8,25.3,100,0,31599.94,45.4,15.8,0,0,1.56,2.24,0.0,0.0,0.0,1,2,30,65,9,2,-395.919,24.393,30,0
2024-11-16 09:09:24.206075,2d18285c-e65a-4947-8722-11bc33ba1924,KXHIGHNY-24NOV16-B59.5,53375.794,13,-1.0,60.991,35,65,1,63.3,3.8,-12.9,-6.8,-28.8,-11.0,14.8,50.8,25.3,100,0,31599.94,45.4,15.8,0,0,1.491,2.309,0.0,0.0,0.0,1,2,35,65,9,2,-418.32,-29.392,-35,0
2024-11-16 09:09:35.725337,ee4bdb8b-96d0-47e9-86c5-9df1e9479eb7,KXHIGHNY-24NOV16-B61.5,53364.275,30,1.0,60.991,65,35,1,63.3,1.8,-14.9,-8.8,-30.8,-13.0,14.8,50.8,25.3,100,0,31599.94,45.4,15.8,0,0,-0.509,2.309,0.0,0.0,0.0,1,2,35,65,9,2,-418.32,30.924,35,1
2024-11-16 09:10:05.752388,e90da66b-1f99-4716-acbf-eebda8d74edc,KXHIGHNY-24NOV16-B63.5,53334.248,20,3.0,60.991,9,91,1,63.3,-0.2,-16.9,-10.8,-32.8,-15.0,14.8,50.8,25.3,100,0,31599.94,45.4,15.8,0,0,-2.509,2.309,0.0,0.0,0.0,1,2,35,65,9,2,-418.32,-4.391,-9,0
2024-11-16 09:10:47.677796,4ec0c336-13e8-4aeb-9c81-064c46c7b511,KXHIGHNY-24NOV16-B59.5,53292.322,3,-1.0,61.018,33,67,1,63.3,3.8,-12.9,-6.8,-28.8,-11.0,14.8,50.8,25.3,100,0,31599.94,45.4,15.8,0,0,1.518,2.282,0.0,0.0,0.0,1,2,33,65,9,2,-409.268,-27.342,-33,0
2024-11-16 09:11:12.758594,e9d0e752-62ee-40c8-9ff9-d70842e5b244,KXHIGHNY-24NOV16-B61.5,53267.241,5,1.0,61.014,64,36,1,63.3,1.8,-14.9,-8.8,-30.8,-13.0,14.8,50.8,25.3,100,0,31599.94,45.4,15.8,0,0,-0.486,2.286,0.0,0.0,0.0,1,2,33,64,9,2,-404.101,31.922,36,1
2024-11-16 09:11:12.758594,7ca33254-6be1-45e2-ad22-d7a31c72768d,KXHIGHNY-24NOV16-B61.5,53267.241,4,1.0,61.018,65,35,1,63.3,1.8,-14.9,-8.8,-30.8,-13.0,14.8,50.8,25.3,100,0,31599.94,45.4,15.8,0,0,-0.482,2.282,0.0,0.0,0.0,1,2,33,65,9,2,-409.268,30.922,35,1
2024-11-16 09:11:15.674135,b7eb3f2d-89ae-458f-ad70-08a3577c494e,KXHIGHNY-24NOV16-B63.5,53264.326,20,3.0,61.018,9,91,1,63.3,-0.2,-16.9,-10.8,-32.8,-15.0,14.8,50.8,25.3,100,0,31599.94,45.4,15.8,0,0,-2.482,2.282,0.0,0.0,0.0,1,2,33,65,9,2,-409.268,-4.39,-9,0
2024-11-16 09:11:48.838646,4c43b2f5-7841-43dc-8b03-a76220b82c88,KXHIGHNY-24NOV16-B63.5,53231.161,112,3.0,61.018,9,91,1,63.3,-0.2,-16.9,-10.8,-32.8,-15.0,14.8,50.8,25.3,100,0,31599.94,45.4,15.8,0,0,-2.482,2.282,0.0,0.0,0.0,1,2,33,65,9,2,-409.268,-4.391,-9,0
2024-11-16 09:11:48.838646,d30d2818-eb60-4a7a-a2b1-a848b68bd275,KXHIGHNY-24NOV16-B63.5,53231.161,48,3.0,61.018,9,91,1,63.3,-0.2,-16.9,-10.8,-32.8,-15.0,14.8,50.8,25.3,100,0,31599.94,45.4,15.8,0,0,-2.482,2.282,0.0,0.0,0.0,1,2,33,65,9,2,-409.268,-4.392,-9,0
2024-11-16 09:11:48.838646,b8a9e88e-5b41-4daa-829d-af132a811c1c,KXHIGHNY-24NOV16-B63.5,53231.161,40,3.0,61.018,9,91,1,63.3,-0.2,-16.9,-10.8,-32.8,-15.0,14.8,50.8,25.3,100,0,31599.94,45.4,15.8,0,0,-2.482,2.282,0.0,0.0,0.0,1,2,33,65,9,2,-409.268,-4.392,-9,0
2024-11-16 09:12:03.098338,fb86e2a0-2817-4686-8641-b05de4773d7e,KXHIGHNY-24NOV16-B61.5,53216.902,63,1.0,61.018,65,35,1,63.3,1.8,-14.9,-8.8,-30.8,-13.0,14.8,50.8,25.3,100,0,31599.94,45.4,15.8,0,0,-0.482,2.282,0.0,0.0,0.0,1,2,33,65,9,2,-409.268,30.9,35,1
2024-11-16 09:12:03.098338,f6ab9a60-35fa-462e-b04d-96ab62ea56d5,KXHIGHNY-24NOV16-B61.5,53216.902,34,1.0,61.022,66,34,1,63.3,1.8,-14.9,-8.8,-30.8,-13.0,14.8,50.8,25.3,100,0,31599.94,45.4,15.8,0,0,-0.478,2.278,0.0,0.0,0.0,1,2,33,66,9,2,-414.45,29.917,34,1
2024-11-16 09:12:03.098338,ed7bae08-77ed-402e-83f5-f416d4065030,KXHIGHNY-24NOV16-B61.5,53216.902,134,1.0,61.018,65,35,1,63.3,1.8,-14.9,-8.8,-30.8,-13.0,14.8,50.8,25.3,100,0,31599.94,45.4,15.8,0,0,-0.482,2.282,0.0,0.0,0.0,1,2,33,65,9,2,-409.268,30.922,35,1
2024-11-16 09:12:03.098338,99b8a940-9ec1-44cb-bae9-5e4be2c6dbc4,KXHIGHNY-24NOV16-B61.5,53216.902,3,1.0,61.018,65,35,1,63.3,1.8,-14.9,-8.8,-30.8,-13.0,14.8,50.8,25.3,100,0,31599.94,45.4,15.8,0,0,-0.482,2.282,0.0,0.0,0.0,1,2,33,65,9,2,-409.268,30.922,35,1
2024-11-16 09:12:03.098338,82e97215-3d94-443b-a8ab-a67e938ea007,KXHIGHNY-24NOV16-B61.5,53216.902,1,1.0,60.986,58,42,1,63.3,1.8,-14.9,-8.8,-30.8,-13.0,14.8,50.8,25.3,100,0,31599.94,45.4,15.8,0,0,-0.514,2.314,0.0,0.0,0.0,1,2,33,58,9,2,-373.438,37.923,42,1
2024-11-16 09:12:04.540009,8183c949-2fa1-4355-bcac-d01b4ce9cc60,KXHIGHNY-24NOV16-B59.5,53215.46,27,-1.0,61.029,30,70,0,63.3,3.8,-12.9,-6.8,-28.8,-11.0,14.8,50.8,25.3,100,0,31599.94,45.4,15.8,0,0,1.529,2.271,0.0,0.0,0.0,1,2,30,58,9,2,-360.089,24.302,30,0
2024-11-16 09:12:16.287955,effeada1-1d93-4684-965c-b099f57d1e34,KXHIGHNY-24NOV16-B63.5,53203.712,190,3.0,61.029,9,91,0,63.3,-0.2,-16.9,-10.8,-32.8,-15.0,14.8,50.8,25.3,100,0,31599.94,45.4,15.8,0,0,-2.471,2.271,0.0,0.0,0.0,1,2,30,58,9,2,-360.089,4.392,9,0
2024-11-16 09:12:16.287955,58033bc5-ea34-4a49-bf07-744035ce28c4,KXHIGHNY-24NOV16-B63.5,53203.712,50,3.0,61.029,9,91,0,63.3,-0.2,-16.9,-10.8,-32.8,-15.0,14.8,50.8,25.3,100,0,31599.94,45.4,15.8,0,0,-2.471,2.271,0.0,0.0,0.0,1,2,30,58,9,2,-360.089,4.392,9,0
2024-11-16 09:12:16.319130,ba13c5b3-1be0-47c0-a3bc-23433a1679a4,KXHIGHNY-24NOV16-B63.5,53203.681,10,3.0,61.029,9,91,0,63.3,-0.2,-16.9,-10.8,-32.8,-15.0,14.8,50.8,25.3,100,0,31599.94,45.4,15.8,0,0,-2.471,2.271,0.0,0.0,0.0,1,2,30,58,9,2,-360.089,4.392,9,0
2024-11-16 09:12:16.319130,d16f686e-6c78-47dc-ae89-75b11612179c,KXHIGHNY-24NOV16-B63.5,53203.681,190,3.0,61.029,9,91,0,63.3,-0.2,-16.9,-10.8,-32.8,-15.0,14.8,50.8,25.3,100,0,31599.94,45.4,15.8,0,0,-2.471,2.271,0.0,0.0,0.0,1,2,30,58,9,2,-360.089,4.392,9,0
2024-11-16 09:12:50.222204,354aea40-7c57-4b26-9a74-841ed841c828,KXHIGHNY-24NOV16-B59.5,53169.778,55,-1.0,61.045,29,71,0,63.3,3.8,-12.9,-6.8,-28.8,-11.0,14.8,50.8,25.3,100,0,31599.94,45.4,15.8,0,0,1.545,2.255,0.0,0.0,0.0,1,2,29,58,9,2,-355.705,23.223,29,0
2024-11-16 09:12:50.222204,34275590-c037-4cac-99f5-e9e2e36c0ce0,KXHIGHNY-24NOV16-B59.5,53169.778,3,-1.0,61.076,27,73,0,63.3,3.8,-12.9,-6.8,-28.8,-11.0,14.8,50.8,25.3,100,0,31599.94,45.4,15.8,0,0,1.576,2.224,0.0,0.0,0.0,1,2,27,58,9,2,-347.041,21.263,27,0
2024-11-16 09:13:02.583934,d8fc4cc8-c224-4137-85e9-3647b0a01625,KXHIGHNY-24NOV16-B59.5,53157.416,36,-1.0,61.0,32,68,1,63.3,3.8,-12.9,-6.8,-28.8,-11.0,14.8,50.8,25.3,100,0,31599.94,45.4,15.8,0,0,1.5,2.3,0.0,0.0,0.0,1,2,32,58,9,2,-368.957,-26.207,-32,0
2024-11-16 09:13:42.012794,10a5fc1f-5226-4415-8fde-fed12af8c6bb,KXHIGHNY-24NOV16-B61.5,53117.987,15,1.0,61.023,63,37,1,63.3,1.8,-14.9,-8.8,-30.8,-13.0,14.8,50.8,25.3,100,0,31599.94,45.4,15.8,0,0,-0.477,2.277,0.0,0.0,0.0,1,2,32,63,9,2,-394.469,32.842,37,1
2024-11-16 09:14:06.239424,4c0444f7-70f0-47c9-90f0-b952451f94ee,KXHIGHNY-24NOV16-B59.5,53093.761,14,-1.0,61.023,32,68,1,63.3,3.8,-12.9,-6.8,-28.8,-11.0,14.8,50.8,25.3,100,0,31599.94,45.4,15.8,0,0,1.523,2.277,0.0,0.0,0.0,1,2,32,63,9,2,-394.469,-26.179,-32,0
2024-11-16 09:14:06.882717,ba7060e8-dade-4563-a93a-96deb6dd9723,KXHIGHNY-24NOV16-B59.5,53093.117,16,-1.0,61.023,32,68,1,63.3,3.8,-12.9,-6.8,-28.8,-11.0,14.8,50.8,25.3,100,0,31599.94,45.4,15.8,0,0,1.523,2.277,0.0,0.0,0.0,1,2,32,63,9,2,-394.469,-26.158,-32,0
2024-11-16 09:14:08.496107,0b64e13f-b6a6-401d-941e-9e35a74d2827,KXHIGHNY-24NOV16-B61.5,53091.504,15,1.0,61.023,63,37,1,63.3,1.8,-14.9,-8.8,-30.8,-13.0,14.8,50.8,25.3,100,0,31599.94,45.4,15.8,0,0,-0.477,2.277,0.0,0.0,0.0,1,2,32,63,9,2,-394.469,32.823,37,1
2024-11-16 09:14:08.496107,542f30c9-3249-4847-93f4-09ed2f58187e,KXHIGHNY-24NOV16-B61.5,53091.504,85,1.0,61.023,63,37,1,63.3,1.8,-14.9,-8.8,-30.8,-13.0,14.8,50.8,25.3,100,0,31599.94,45.4,15.8,0,0,-0.477,2.277,0.0,0.0,0.0,1,2,32,63,9,2,-394.469,32.735,37,1
2024-11-16 09:14:08.496107,394369e6-ca7b-4c3e-8e98-9d679c192909,KXHIGHNY-24NOV16-B61.5,53091.504,100,1.0,61.027,64,36,1,63.3,1.8,-14.9,-8.8,-30.8,-13.0,14.8,50.8,25.3,100,0,31599.94,45.4,15.8,0,0,-0.473,2.273,0.0,0.0,0.0,1,2,32,64,9,2,-399.62,31.8,36,1
2024-11-16 09:14:08.496107,d270f58e-2ec3-455f-b91c-ad2bcd7b658b,KXHIGHNY-24NOV16-B61.5,53091.504,100,1.0,61.032,65,35,1,63.3,1.8,-14.9,-8.8,-30.8,-13.0,14.8,50.8,25.3,100,0,31599.94,45.4,15.8,0,0,-0.468,2.268,0.0,0.0,0.0,1,2,32,65,9,2,-404.786,30.724,35,1
2024-11-16 09:14:08.496107,fe8f7593-4ba5-4181-b39e-8ef01a4dad92,KXHIGHNY-24NOV16-B61.5,53091.504,2437,1.0,61.048,69,31,1,63.3,1.8,-14.9,-8.8,-30.8,-13.0,14.8,50.8,25.3,100,0,31599.94,45.4,15.8,0,0,-0.452,2.252,0.0,0.0,0.0,1,2,32,69,9,2,-425.605,26.722,31,1
2024-11-16 09:14:08.496107,9774a0c1-6bec-4954-8620-cac2cd3590e3,KXHIGHNY-24NOV16-B61.5,53091.504,100,1.0,61.023,63,37,1,63.3,1.8,-14.9,-8.8,-30.8,-13.0,14.8,50.8,25.3,100,0,31599.94,45.4,15.8,0,0,-0.477,2.277,0.0,0.0,0.0,1,2,32,63,9,2,-394.469,32.725,37,1
2024-11-16 09:14:11.805800,6940d04e-b175-4b0c-ac14-92f1b7405b1d,KXHIGHNY-24NOV16-B63.5,53088.194,78,3.0,61.089,12,88,1,63.3,-0.2,-16.9,-10.8,-32.8,-15.0,14.8,50.8,25.3,100,0,31599.94,45.4,15.8,0,0,-2.411,2.211,0.0,0.0,0.0,1,2,32,63,12,2,-404.513,-7.387,-12,0
2024-11-16 09:14:29.875239,7844e6c2-b8e6-452b-840c-bb9fe6ca7ad5,KXHIGHNY-24NOV16-B61.5,53070.125,8,1.0,61.11,69,31,1,63.3,1.8,-14.9,-8.8,-30.8,-13.0,14.8,50.8,25.3,100,0,31599.94,45.4,15.8,0,0,-0.39,2.19,0.0,0.0,0.0,1,2,32,69,12,2,-435.648,26.722,31,1
2024-11-16 09:14:40.305288,d0ee59db-2e74-4790-af9c-b5bdcca7fe93,KXHIGHNY-24NOV16-B59.5,53059.695,10,-1.0,61.167,28,72,0,63.3,3.8,-12.9,-6.8,-28.8,-11.0,14.8,50.8,25.3,100,0,31599.94,45.4,15.8,0,0,1.667,2.133,0.0,0.0,0.0,1,2,28,69,12,2,-418.047,22.063,28,0
2024-11-16 09:14:59.514952,8e8d2808-a9a5-497e-b013-7f3cbdbb86cd,KXHIGHNY-24NOV16-B61.5,53040.485,36,1.0,61.138,60,40,0,63.3,1.8,-14.9,-8.8,-30.8,-13.0,14.8,50.8,25.3,100,0,31599.94,45.4,15.8,0,0,-0.362,2.162,0.0,0.0,0.0,1,2,28,60,12,2,-371.554,-35.721,-40,1
2024-11-16 09:14:59.514952,4b72f06d-e64f-45ed-a041-662543c9c2c3,KXHIGHNY-24NOV16-B61.5,53040.485,80,1.0,61.145,62,38,0,63.3,1.8,-14.9,-8.8,-30.8,-13.0,14.8,50.8,25.3,100,0,31599.94,45.4,15.8,0,0,-0.355,2.155,0.0,0.0,0.0,1,2,28,62,12,2,-381.776,-33.722,-38,1
2024-11-16 09:15:28.695892,322ffa97-9dee-4d4a-b2a4-e73e140c690c,KXHIGHNY-24NOV16-B59.5,53011.304,80,-1.0,61.209,24,76,0,63.3,3.8,-12.9,-6.8,-28.8,-11.0,14.8,50.8,25.3,100,0,31599.94,45.4,15.8,0,0,1.709,2.091,0.0,0.0,0.0,1,2,24,62,12,2,-364.747,18.054,24,0
2024-11-16 09:15:30.196484,88fecfb3-6249-4561-b5df-1b55df022f29,KXHIGHNY-24NOV16-B59.5,53009.804,61,-1.0,61.1,31,69,1,63.3,3.8,-12.9,-6.8,-28.8,-11.0,14.8,50.8,25.3,100,0,31599.94,45.4,15.8,0,0,1.6,2.2,0.0,0.0,0.0,1,2,31,62,12,2,-394.927,-25.044,-31,0
2024-11-16 09:16:23.524382,bf506e9d-7334-4fa7-8c20-9478c836b934,KXHIGHNY-24NOV16-B59.5,52956.476,12,-1.0,61.1,31,69,1,63.3,3.8,-12.9,-6.8,-28.8,-11.0,14.8,50.8,25.3,100,0,31599.94,45.4,15.8,0,0,1.6,2.2,0.0,0.0,0.0,1,2,31,62,12,2,-394.927,-25.003,-31,0
2024-11-16 09:16:41.283230,94d1a7dc-45db-4e4e-a781-3d342758049e,KXHIGHNY-24NOV16-B61.5,52938.717,15,1.0,61.117,67,33,1,63.3,1.8,-14.9,-8.8,-30.8,-13.0,14.8,50.8,25.3,100,0,31599.94,45.4,15.8,0,0,-0.383,2.183,0.0,0.0,0.0,1,2,31,67,12,2,-420.759,28.721,33,1
2024-11-16 09:16:41.283230,d90ec995-8cde-431b-8de3-d74d04244b40,KXHIGHNY-24NOV16-B61.5,52938.717,58,1.0,61.124,69,31,1,63.3,1.8,-14.9,-8.8,-30.8,-13.0,14.8,50.8,25.3,100,0,31599.94,45.4,15.8,0,0,-0.376,2.176,0.0,0.0,0.0,1,2,31,69,12,2,-431.198,26.717,31,1
2024-11-16 09:16:41.283230,e570e545-e929-4e47-9e5e-29b030826d62,KXHIGHNY-24NOV16-B61.5,52938.717,80,1.0,61.117,67,33,1,63.3,1.8,-14.9,-8.8,-30.8,-13.0,14.8,50.8,25.3,100,0,31599.94,45.4,15.8,0,0,-0.383,2.183,0.0,0.0,0.0,1,2,31,67,12,2,-420.759,28.717,33,1
2024-11-16 09:16:41.283230,9d0def8d-3510-4a69-b687-d0a2695bf496,KXHIGHNY-24NOV16-B61.5,52938.717,5,1.0,61.117,67,33,1,63.3,1.8,-14.9,-8.8,-30.8,-13.0,14.8,50.8,25.3,100,0,31599.94,45.4,15.8,0,0,-0.383,2.183,0.0,0.0,0.0,1,2,31,67,12,2,-420.759,28.719,33,1
2024-11-16 09:16:48.664747,24e2492d-36b4-4cdd-a7e0-a4cef2e8478b,KXHIGHNY-24NOV16-B59.5,52931.335,3,-1.0,61.161,28,72,1,63.3,3.8,-12.9,-6.8,-28.8,-11.0,14.8,50.8,25.3,100,0,31599.94,45.4,15.8,0,0,1.661,2.139,0.0,0.0,0.0,1,2,28,67,12,2,-407.608,-21.976,-28,0
2024-11-16 09:16:53.784963,29d28507-42f3-4142-aba2-b52b3a41145c,KXHIGHNY-24NOV16-B59.5,52926.215,3,-1.0,61.161,28,72,1,63.3,3.8,-12.9,-6.8,-28.8,-11.0,14.8,50.8,25.3,100,0,31599.94,45.4,15.8,0,0,1.661,2.139,0.0,0.0,0.0,1,2,28,67,12,2,-407.608,-21.976,-28,0
2024-11-16 09:17:26.897032,c2ef7d3a-1e7a-4349-acc0-11c3f4ca221c,KXHIGHNY-24NOV16-B59.5,52893.103,94,-1.0,61.161,28,72,1,63.3,3.8,-12.9,-6.8,-28.8,-11.0,14.8,50.8,25.3,100,0,31599.94,45.4,15.8,0,0,1.661,2.139,0.0,0.0,0.0,1,2,28,67,12,2,-407.608,-21.924,-28,0
2024-11-16 09:17:26.897032,af4b1308-a0a9-4d19-8c91-781154bab00a,KXHIGHNY-24NOV16-B59.5,52893.103,6,-1.0,61.161,28,72,1,63.3,3.8,-12.9,-6.8,-28.8,-11.0,14.8,50.8,25.3,100,0,31599.94,45.4,15.8,0,0,1.661,2.139,0.0,0.0,0.0,1,2,28,67,12,2,-407.608,-21.953,-28,0
2024-11-16 09:17:55.367107,ba42c1b2-cc8d-4e05-84c8-4fc11ecfc863,KXHIGHNY-24NOV16-B61.5,52864.633,50,1.0,61.148,63,37,0,63.3,1.8,-14.9,-8.8,-30.8,-13.0,14.8,50.8,25.3,100,0,31599.94,45.4,15.8,0,0,-0.352,2.152,0.0,0.0,0.0,1,2,28,63,12,2,-386.911,-32.7,-37,1
2024-11-16 09:18:22.931278,06d55e76-fea8-4b0d-98e4-cb038d868006,KXHIGHNY-24NOV16-B57.5,52837.069,110,-3.0,60.987,7,93,1,63.3,5.8,-10.9,-4.8,-26.8,-9.0,14.8,50.8,25.3,100,0,31599.94,45.4,15.8,0,0,3.487,2.313,0.0,0.0,0.0,1,7,28,63,12,2,-399.146,-5.382,-7,0
2024-11-16 09:18:22.931278,0064458a-93da-4e4c-8e4c-68711925add5,KXHIGHNY-24NOV16-B57.5,52837.069,124,-3.0,61.018,6,94,1,63.3,5.8,-10.9,-4.8,-26.8,-9.0,14.8,50.8,25.3,100,0,31599.94,45.4,15.8,0,0,3.518,2.282,0.0,0.0,0.0,1,6,28,63,12,2,-396.275,-4.38,-6,0
2024-11-16 09:18:22.931278,01c2945a-ea27-4090-975f-15959599a44c,KXHIGHNY-24NOV16-B57.5,52837.069,87,-3.0,60.987,7,93,1,63.3,5.8,-10.9,-4.8,-26.8,-9.0,14.8,50.8,25.3,100,0,31599.94,45.4,15.8,0,0,3.487,2.313,0.0,0.0,0.0,1,7,28,63,12,2,-399.146,-5.382,-7,0
2024-11-16 09:18:22.931278,23da24e6-8751-4795-8195-142a3c12c3df,KXHIGHNY-24NOV16-B57.5,52837.069,295,-3.0,61.05,5,95,1,63.3,5.8,-10.9,-4.8,-26.8,-9.0,14.8,50.8,25.3,100,0,31599.94,45.4,15.8,0,0,3.55,2.25,0.0,0.0,0.0,1,5,28,63,12,2,-393.572,-3.301,-5,0
2024-11-16 09:18:22.931278,4e0b9dd8-dbf2-4f15-962e-0d1bae7ff95f,KXHIGHNY-24NOV16-B57.5,52837.069,195,-3.0,61.115,3,97,1,63.3,5.8,-10.9,-4.8,-26.8,-9.0,14.8,50.8,25.3,100,0,31599.94,45.4,15.8,0,0,3.615,2.185,0.0,0.0,0.0,1,3,28,63,12,2,-388.82,-1.271,-3,0
2024-11-16 09:18:22.931278,764d14b7-48e0-465e-af72-8915802d32fa,KXHIGHNY-24NOV16-B57.5,52837.069,100,-3.0,61.05,5,95,1,63.3,5.8,-10.9,-4.8,-26.8,-9.0,14.8,50.8,25.3,100,0,31599.94,45.4,15.8,0,0,3.55,2.25,0.0,0.0,0.0,1,5,28,63,12,2,-393.572,-3.209,-5,0
2024-11-16 09:18:24.179502,bfebfc1b-2598-4c2a-b8f2-4394e0d3c234,KXHIGHNY-24NOV16-B63.5,52835.82,69,3.0,60.995,11,89,1,63.3,-0.2,-16.9,-10.8,-32.8,-15.0,14.8,50.8,25.3,100,0,31599.94,45.4,15.8,0,0,-2.505,2.305,0.0,0.0,0.0,1,6,28,63,11,2,-392.833,-6.387,-11,0
2024-11-16 09:18:25.487494,ae0c6bc9-43bc-4a70-849e-ff48b86fe01b,KXHIGHNY-24NOV16-B63.5,52834.513,1,3.0,60.995,11,89,1,63.3,-0.2,-16.9,-10.8,-32.8,-15.0,14.8,50.8,25.3,100,0,31599.94,45.4,15.8,0,0,-2.505,2.305,0.0,0.0,0.0,1,6,28,63,11,2,-392.833,-6.385,-11,0
2024-11-16 09:18:26.520608,ca1271da-ef98-4d0c-bef3-c8d7ee3c4dbb,KXHIGHNY-24NOV16-B57.5,52833.479,5,-3.0,61.126,2,98,0,63.3,5.8,-10.9,-4.8,-26.8,-9.0,14.8,50.8,25.3,100,0,31599.94,45.4,15.8,0,0,3.626,2.174,0.0,0.0,0.0,1,2,28,63,11,2,-383.469,-0.049,2,0
2024-11-16 09:18:31.360697,fafc7464-a624-4dd8-9733-bf5c79c3d707,KXHIGHNY-24NOV16-B63.5,52828.639,5,3.0,61.081,9,91,0,63.3,-0.2,-16.9,-10.8,-32.8,-15.0,14.8,50.8,25.3,100,0,31599.94,45.4,15.8,0,0,-2.419,2.219,0.0,0.0,0.0,1,2,28,63,9,2,-376.867,4.383,9,0
2024-11-16 09:18:36.430834,4079321b-9130-4090-ab2b-ed1ca4de1b18,KXHIGHNY-24NOV16-B59.5,52823.569,3,-1.0,61.081,28,72,1,63.3,3.8,-12.9,-6.8,-28.8,-11.0,14.8,50.8,25.3,100,0,31599.94,45.4,15.8,0,0,1.581,2.219,0.0,0.0,0.0,1,2,28,63,9,2,-376.867,-21.843,-28,0
2024-11-16 09:18:38.037357,2c6053fd-9bc4-4676-88ab-d484bacc7d00,KXHIGHNY-24NOV16-T64,52821.963,5,5.0,61.081,2,98,0,63.3,-2.2,-18.9,-12.8,-34.8,-17.0,14.8,50.8,25.3,100,0,31599.94,45.4,15.8,0,0,-4.419,2.219,0.0,0.0,0.0,1,2,28,63,9,2,-376.867,0.18,2,0
2024-11-16 09:18:57.149076,1470cd92-9ae0-49b5-8c79-a2edf22610f9,KXHIGHNY-24NOV16-B59.5,52802.851,16,-1.0,61.066,29,71,1,63.3,3.8,-12.9,-6.8,-28.8,-11.0,14.8,50.8,25.3,100,0,31599.94,45.4,15.8,0,0,1.566,2.234,0.0,0.0,0.0,1,2,29,63,9,2,-381.217,-22.835,-29,0
2024-11-16 09:20:00.443851,d2be254c-6108-4862-8dbe-f70d5b455413,KXHIGHNY-24NOV16-B59.5,52739.556,3,-1.0,61.081,28,72,1,63.3,3.8,-12.9,-6.8,-28.8,-11.0,14.8,50.8,25.3,100,0,31599.94,45.4,15.8,0,0,1.581,2.219,0.0,0.0,0.0,1,2,28,63,9,2,-376.867,-21.824,-28,0
2024-11-16 09:20:45.759727,6cefc709-ca1d-4079-9579-e09ff2e0fb47,KXHIGHNY-24NOV16-B59.5,52694.24,3,-1.0,61.081,28,72,1,63.3,3.8,-12.9,-6.8,-28.8,-11.0,14.8,50.8,25.3,100,0,31599.94,45.4,15.8,0,0,1.581,2.219,0.0,0.0,0.0,1,2,28,63,9,2,-376.867,-21.82,-28,0
2024-11-16 09:20:49.018184,1f834490-477c-42d3-8dbc-040bb647f9dc,KXHIGHNY-24NOV16-B61.5,52690.982,5,1.0,61.107,70,30,1,63.3,1.8,-14.9,-8.8,-30.8,-13.0,14.8,50.8,25.3,100,0,31599.94,45.4,15.8,0,0,-0.393,2.193,0.0,0.0,0.0,1,2,28,70,9,2,-413.244,25.686,30,1
2024-11-16 09:20:49.018184,d6330e51-4bd8-478e-a190-7ae14d3c0a1f,KXHIGHNY-24NOV16-B61.5,52690.982,2,1.0,61.096,67,33,1,63.3,1.8,-14.9,-8.8,-30.8,-13.0,14.8,50.8,25.3,100,0,31599.94,45.4,15.8,0,0,-0.404,2.204,0.0,0.0,0.0,1,2,28,67,9,2,-397.564,28.677,33,1
2024-11-16 09:21:17.678718,0ec9a56b-317b-48d3-8221-96386ebaea73,KXHIGHNY-24NOV16-T64,52662.321,146,5.0,61.107,2,98,0,63.3,-2.2,-18.9,-12.8,-34.8,-17.0,14.8,50.8,25.3,100,0,31599.94,45.4,15.8,0,0,-4.393,2.193,0.0,0.0,0.0,1,2,28,70,9,2,-413.244,0.18,2,0
2024-11-16 09:21:22.375470,d3bde9c7-e68a-43fa-aa02-23bf356496d7,KXHIGHNY-24NOV16-B61.5,52657.625,7,1.0,61.104,69,31,1,63.3,1.8,-14.9,-8.8,-30.8,-13.0,14.8,50.8,25.3,100,0,31599.94,45.4,15.8,0,0,-0.396,2.196,0.0,0.0,0.0,1,2,28,69,9,2,-408.003,26.673,31,1
2024-11-16 09:21:42.401135,6180468c-ac77-4b8f-a3ac-107db2688b69,KXHIGHNY-24NOV16-B61.5,52637.599,3,1.0,61.107,70,30,1,63.3,1.8,-14.9,-8.8,-30.8,-13.0,14.8,50.8,25.3,100,0,31599.94,45.4,15.8,0,0,-0.393,2.193,0.0,0.0,0.0,1,2,28,70,9,2,-413.244,25.672,30,1
2024-11-16 09:21:47.240883,5c0b887f-7a30-4fe4-bc14-427f170166b6,KXHIGHNY-24NOV16-B59.5,52632.759,3,-1.0,61.093,29,71,1,63.3,3.8,-12.9,-6.8,-28.8,-11.0,14.8,50.8,25.3,100,0,31599.94,45.4,15.8,0,0,1.593,2.207,0.0,0.0,0.0,1,2,29,70,9,2,-417.594,-22.816,-29,0
2024-11-16 09:22:39.097534,199d8849-391f-40f6-bd33-4e7d773c4a47,KXHIGHNY-24NOV16-B59.5,52580.902,10,-1.0,61.198,22,78,0,63.3,3.8,-12.9,-6.8,-28.8,-11.0,14.8,50.8,25.3,100,0,31599.94,45.4,15.8,0,0,1.698,2.102,0.0,0.0,0.0,1,2,22,70,9,2,-387.945,15.813,22,0
2024-11-16 09:23:11.294402,b11e5219-c435-4a8a-96cc-8a787f3a0b79,KXHIGHNY-24NOV16-B63.5,52548.706,30,3.0,61.241,11,89,1,63.3,-0.2,-16.9,-10.8,-32.8,-15.0,14.8,50.8,25.3,100,0,31599.94,45.4,15.8,0,0,-2.259,2.059,0.0,0.0,0.0,1,2,22,70,11,2,-394.547,-6.38,-11,0
2024-11-16 09:23:11.294402,4028f04d-22c6-4c99-96ae-f3e71a8d0879,KXHIGHNY-24NOV16-B63.5,52548.706,55,3.0,61.241,11,89,1,63.3,-0.2,-16.9,-10.8,-32.8,-15.0,14.8,50.8,25.3,100,0,31599.94,45.4,15.8,0,0,-2.259,2.059,0.0,0.0,0.0,1,2,22,70,11,2,-394.547,-6.382,-11,0
2024-11-16 09:23:28.348350,38446c71-5eb9-4594-b83b-65be8d027a96,KXHIGHNY-24NOV16-B61.5,52531.652,76,1.0,61.238,69,31,1,63.3,1.8,-14.9,-8.8,-30.8,-13.0,14.8,50.8,25.3,100,0,31599.94,45.4,15.8,0,0,-0.262,2.062,0.0,0.0,0.0,1,2,22,69,11,2,-389.306,26.651,31,1
2024-11-16 09:23:28.348350,b6451b42-619e-4fdb-ac47-9d8322622535,KXHIGHNY-24NOV16-B61.5,52531.652,2,1.0,61.236,68,32,1,63.3,1.8,-14.9,-8.8,-30.8,-13.0,14.8,50.8,25.3,100,0,31599.94,45.4,15.8,0,0,-0.264,2.064,0.0,0.0,0.0,1,2,22,68,11,2,-384.079,27.646,32,1
2024-11-16 09:23:29.134566,c23a0f6d-cfe1-44a5-a46a-66a450cffe5b,KXHIGHNY-24NOV16-B61.5,52530.865,46,1.0,61.238,69,31,1,63.3,1.8,-14.9,-8.8,-30.8,-13.0,14.8,50.8,25.3,100,0,31599.94,45.4,15.8,0,0,-0.262,2.062,0.0,0.0,0.0,1,2,22,69,11,2,-389.306,26.575,31,1
2024-11-16 09:23:29.134566,a911cbd0-06e1-4667-8992-fc3c9006d8bb,KXHIGHNY-24NOV16-B61.5,52530.865,24,1.0,61.238,69,31,1,63.3,1.8,-14.9,-8.8,-30.8,-13.0,14.8,50.8,25.3,100,0,31599.94,45.4,15.8,0,0,-0.262,2.062,0.0,0.0,0.0,1,2,22,69,11,2,-389.306,26.642,31,1
2024-11-16 09:23:51.501947,5a0ea450-1b92-4bf6-bf66-dcc9f3cb89ab,KXHIGHNY-24NOV16-B63.5,52508.498,50,3.0,61.238,11,89,1,63.3,-0.2,-16.9,-10.8,-32.8,-15.0,14.8,50.8,25.3,100,0,31599.94,45.4,15.8,0,0,-2.262,2.062,0.0,0.0,0.0,1,2,22,69,11,2,-389.306,-6.38,-11,0
2024-11-16 09:24:17.054539,65897dd8-4ced-4857-a437-722b72ae92e3,KXHIGHNY-24NOV16-B59.5,52482.945,3,-1.0,61.146,28,72,1,63.3,3.8,-12.9,-6.8,-28.8,-11.0,14.8,50.8,25.3,100,0,31599.94,45.4,15.8,0,0,1.646,2.154,0.0,0.0,0.0,1,2,28,69,11,2,-414.605,-21.81,-28,0
2024-11-16 09:25:10.276998,9fa0f1bc-9342-46b3-a6a1-b799f94f2856,KXHIGHNY-24NOV16-B59.5,52429.723,3,-1.0,61.161,27,73,1,63.3,3.8,-12.9,-6.8,-28.8,-11.0,14.8,50.8,25.3,100,0,31599.94,45.4,15.8,0,0,1.661,2.139,0.0,0.0,0.0,1,2,27,69,11,2,-410.29,-20.809,-27,0
2024-11-16 09:25:34.618971,55f2e150-4dff-493a-a42e-ef241066ca2a,KXHIGHNY-24NOV16-B59.5,52405.381,10,-1.0,61.146,28,72,1,63.3,3.8,-12.9,-6.8,-28.8,-11.0,14.8,50.8,25.3,100,0,31599.94,45.4,15.8,0,0,1.646,2.154,0.0,0.0,0.0,1,2,28,69,11,2,-414.605,-21.808,-28,0
2024-11-16 09:25:56.954562,9e8e52bf-b5f7-48b7-9107-0acbcab3d2ee,KXHIGHNY-24NOV16-B61.5,52383.045,3,1.0,61.14,67,33,1,63.3,1.8,-14.9,-8.8,-30.8,-13.0,14.8,50.8,25.3,100,0,31599.94,45.4,15.8,0,0,-0.36,2.16,0.0,0.0,0.0,1,2,28,67,11,2,-404.166,28.573,33,1
2024-11-16 09:26:05.416662,3091936d-7281-451e-9c8e-207a3d5f7ead,KXHIGHNY-24NOV16-B59.5,52374.583,3,-1.0,61.14,28,72,1,63.3,3.8,-12.9,-6.8,-28.8,-11.0,14.8,50.8,25.3,100,0,31599.94,45.4,15.8,0,0,1.64,2.16,0.0,0.0,0.0,1,2,28,67,11,2,-404.166,-21.807,-28,0
2024-11-16 09:26:28.675905,30b4f639-3c09-4fc4-a0e0-670ae8d920c8,KXHIGHNY-24NOV16-B63.5,52351.324,8,3.0,61.14,11,89,1,63.3,-0.2,-16.9,-10.8,-32.8,-15.0,14.8,50.8,25.3,100,0,31599.94,45.4,15.8,0,0,-2.36,2.16,0.0,0.0,0.0,1,2,28,67,11,2,-404.166,-6.38,-11,0
2024-11-16 09:26:36.575412,6322c138-0344-4ed9-9099-3388b1a36d9a,KXHIGHNY-24NOV16-B59.5,52343.425,40,-1.0,61.155,27,73,1,63.3,3.8,-12.9,-6.8,-28.8,-11.0,14.8,50.8,25.3,100,0,31599.94,45.4,15.8,0,0,1.655,2.145,0.0,0.0,0.0,1,2,27,67,11,2,-399.851,-20.76,-27,0
2024-11-16 09:26:49.284775,4a5cb8ab-9263-4519-9454-7e680958011c,KXHIGHNY-24NOV16-B63.5,52330.715,8,3.0,61.155,11,89,1,63.3,-0.2,-16.9,-10.8,-32.8,-15.0,14.8,50.8,25.3,100,0,31599.94,45.4,15.8,0,0,-2.345,2.145,0.0,0.0,0.0,1,2,27,67,11,2,-399.851,-6.38,-11,0
2024-11-16 09:27:13.165883,7ad80f3a-4149-4318-9d1b-3bd48341f448,KXHIGHNY-24NOV16-B59.5,52306.834,3,-1.0,61.14,28,72,1,63.3,3.8,-12.9,-6.8,-28.8,-11.0,14.8,50.8,25.3,100,0,31599.94,45.4,15.8,0,0,1.64,2.16,0.0,0.0,0.0,1,2,28,67,11,2,-404.166,-21.744,-28,0
2024-11-16 09:27:26.069103,23175b1a-d2ef-4952-8c64-5988594f27b6,KXHIGHNY-24NOV16-B57.5,52293.931,36,-3.0,61.075,4,96,1,63.3,5.8,-10.9,-4.8,-26.8,-9.0,14.8,50.8,25.3,100,0,31599.94,45.4,15.8,0,0,3.575,2.225,0.0,0.0,0.0,1,4,28,67,11,2,-408.324,-1.702,-4,0
2024-11-16 09:27:26.158915,240fe800-abcd-421b-88b8-dbbb7672caf3,KXHIGHNY-24NOV16-T64,52293.841,36,5.0,61.075,2,98,0,63.3,-2.2,-18.9,-12.8,-34.8,-17.0,14.8,50.8,25.3,100,0,31599.94,45.4,15.8,0,0,-4.425,2.225,0.0,0.0,0.0,1,4,28,67,11,2,-408.324,0.179,2,0
2024-11-16 09:27:26.164497,89f6b896-582c-4e1f-8e99-ce73ce26b0af,KXHIGHNY-24NOV16-B59.5,52293.836,36,-1.0,61.133,24,76,0,63.3,3.8,-12.9,-6.8,-28.8,-11.0,14.8,50.8,25.3,100,0,31599.94,45.4,15.8,0,0,1.633,2.167,0.0,0.0,0.0,1,4,24,67,11,2,-391.296,17.743,24,0
2024-11-16 09:27:26.195708,41fee307-df87-4b64-a9a6-34721d360097,KXHIGHNY-24NOV16-B63.5,52293.804,36,3.0,61.111,10,90,0,63.3,-0.2,-16.9,-10.8,-32.8,-15.0,14.8,50.8,25.3,100,0,31599.94,45.4,15.8,0,0,-2.389,2.189,0.0,0.0,0.0,1,4,24,67,10,2,-387.945,5.378,10,0
2024-11-16 09:27:26.199126,307221df-7ec9-401a-9127-bf8a8b990654,KXHIGHNY-24NOV16-B61.5,52293.801,36,1.0,61.1,64,36,0,63.3,1.8,-14.9,-8.8,-30.8,-13.0,14.8,50.8,25.3,100,0,31599.94,45.4,15.8,0,0,-0.4,2.2,0.0,0.0,0.0,1,4,24,64,10,2,-372.399,-31.57,-36,1
2024-11-16 09:27:33.982165,b128a02c-bc5b-4c52-8c57-a7cd610dbf17,KXHIGHNY-24NOV16-B57.5,52286.018,36,-3.0,61.066,5,95,1,63.3,5.8,-10.9,-4.8,-26.8,-9.0,14.8,50.8,25.3,100,0,31599.94,45.4,15.8,0,0,3.566,2.234,0.0,0.0,0.0,1,5,24,64,10,2,-374.901,-2.702,-5,0
2024-11-16 09:27:40.000978,a1bcc363-5219-489f-91ad-efdfff6f1473,KXHIGHNY-24NOV16-B57.5,52279.999,36,-3.0,61.066,5,95,1,63.3,5.8,-10.9,-4.8,-26.8,-9.0,14.8,50.8,25.3,100,0,31599.94,45.4,15.8,0,0,3.566,2.234,0.0,0.0,0.0,1,5,24,64,10,2,-374.901,-2.702,-5,0
2024-11-16 09:27:48.282690,7d116803-64a3-403c-998b-9d6a542f5e9e,KXHIGHNY-24NOV16-B57.5,52271.717,36,-3.0,61.066,5,95,1,63.3,5.8,-10.9,-4.8,-26.8,-9.0,14.8,50.8,25.3,100,0,31599.94,45.4,15.8,0,0,3.566,2.234,0.0,0.0,0.0,1,5,24,64,10,2,-374.901,-2.706,-5,0
2024-11-16 09:27:50.711495,424964c6-042e-45ca-aa82-bb470cc7f7b7,KXHIGHNY-24NOV16-B57.5,52269.289,100,-3.0,61.066,5,95,1,63.3,5.8,-10.9,-4.8,-26.8,-9.0,14.8,50.8,25.3,100,0,31599.94,45.4,15.8,0,0,3.566,2.234,0.0,0.0,0.0,1,5,24,64,10,2,-374.901,-2.706,-5,0
2024-11-16 09:27:50.711495,7ebfe2ea-16d1-4c66-9951-09fb46d4c148,KXHIGHNY-24NOV16-B57.5,52269.289,107,-3.0,61.066,5,95,1,63.3,5.8,-10.9,-4.8,-26.8,-9.0,14.8,50.8,25.3,100,0,31599.94,45.4,15.8,0,0,3.566,2.234,0.0,0.0,0.0,1,5,24,64,10,2,-374.901,-2.708,-5,0
2024-11-16 09:28:17.991176,7cff47c4-1eef-411e-a6fc-346b57267b6c,KXHIGHNY-24NOV16-B61.5,52242.009,1,1.0,61.086,69,31,1,63.3,1.8,-14.9,-8.8,-30.8,-13.0,14.8,50.8,25.3,100,0,31599.94,45.4,15.8,0,0,-0.414,2.214,0.0,0.0,0.0,1,5,24,69,10,2,-400.886,26.568,31,1
2024-11-16 09:28:17.991176,0f921cd4-c626-4965-af53-daa7cdda1d3e,KXHIGHNY-24NOV16-B61.5,52242.009,4,1.0,61.089,70,30,1,63.3,1.8,-14.9,-8.8,-30.8,-13.0,14.8,50.8,25.3,100,0,31599.94,45.4,15.8,0,0,-0.411,2.211,0.0,0.0,0.0,1,5,24,70,10,2,-406.127,25.569,30,1
2024-11-16 09:28:37.454329,587df4f4-04db-4358-89af-0232d8e4188a,KXHIGHNY-24NOV16-B61.5,52222.546,88,1.0,61.089,70,30,1,63.3,1.8,-14.9,-8.8,-30.8,-13.0,14.8,50.8,25.3,100,0,31599.94,45.4,15.8,0,0,-0.411,2.211,0.0,0.0,0.0,1,5,24,70,10,2,-406.127,25.564,30,1
2024-11-16 09:28:37.454329,540ece61-f26b-46e1-89fe-7f06177f9561,KXHIGHNY-24NOV16-B61.5,52222.546,8,1.0,61.089,70,30,1,63.3,1.8,-14.9,-8.8,-30.8,-13.0,14.8,50.8,25.3,100,0,31599.94,45.4,15.8,0,0,-0.411,2.211,0.0,0.0,0.0,1,5,24,70,10,2,-406.127,25.563,30,1
2024-11-16 09:28:37.454329,427c6212-59ab-4718-be0b-20074523469f,KXHIGHNY-24NOV16-B61.5,52222.546,4,1.0,61.089,70,30,1,63.3,1.8,-14.9,-8.8,-30.8,-13.0,14.8,50.8,25.3,100,0,31599.94,45.4,15.8,0,0,-0.411,2.211,0.0,0.0,0.0,1,5,24,70,10,2,-406.127,25.554,30,1
2024-11-16 09:28:37.454329,204248dd-cbf9-4bbc-8535-bb6c8bfe2c7c,KXHIGHNY-24NOV16-B61.5,52222.546,37,1.0,61.096,72,28,1,63.3,1.8,-14.9,-8.8,-30.8,-13.0,14.8,50.8,25.3,100,0,31599.94,45.4,15.8,0,0,-0.404,2.204,0.0,0.0,0.0,1,5,24,72,10,2,-416.653,23.557,28,1
2024-11-16 09:28:37.454329,151d547d-8a8a-4364-98e0-41fdecfd744c,KXHIGHNY-24NOV16-B61.5,52222.546,1,1.0,61.086,69,31,1,63.3,1.8,-14.9,-8.8,-30.8,-13.0,14.8,50.8,25.3,100,0,31599.94,45.4,15.8,0,0,-0.414,2.214,0.0,0.0,0.0,1,5,24,69,10,2,-400.886,26.559,31,1
2024-11-16 09:28:51.076037,2d9b2aa6-40c2-46d2-9162-d0486e0a6e68,KXHIGHNY-24NOV16-T64,52208.924,13,5.0,61.086,2,98,0,63.3,-2.2,-18.9,-12.8,-34.8,-17.0,14.8,50.8,25.3,100,0,31599.94,45.4,15.8,0,0,-4.414,2.214,0.0,0.0,0.0,1,5,24,69,10,2,-400.886,0.179,2,0
2024-11-16 09:28:51.077038,5371aa9d-ba7a-414c-ab40-8b6b05d87296,KXHIGHNY-24NOV16-B57.5,52208.923,13,-3.0,61.086,5,95,0,63.3,5.8,-10.9,-4.8,-26.8,-9.0,14.8,50.8,25.3,100,0,31599.94,45.4,15.8,0,0,3.586,2.214,0.0,0.0,0.0,1,5,24,69,10,2,-400.886,2.709,5,0
2024-11-16 09:28:51.078038,c9a25bdd-271b-4c78-bf7e-790437001282,KXHIGHNY-24NOV16-B61.5,52208.922,13,1.0,61.078,67,33,0,63.3,1.8,-14.9,-8.8,-30.8,-13.0,14.8,50.8,25.3,100,0,31599.94,45.4,15.8,0,0,-0.422,2.222,0.0,0.0,0.0,1,5,24,67,10,2,-390.447,-28.567,-33,1
2024-11-16 09:28:51.104148,a1ebed00-a193-4c13-98b3-e37072ec075c,KXHIGHNY-24NOV16-B59.5,52208.896,1,-1.0,61.107,22,78,0,63.3,3.8,-12.9,-6.8,-28.8,-11.0,14.8,50.8,25.3,100,0,31599.94,45.4,15.8,0,0,1.607,2.193,0.0,0.0,0.0,1,5,22,67,10,2,-382.177,15.739,22,0
2024-11-16 09:28:51.104148,a743b5a6-932d-40b9-bc21-22af4b98ec08,KXHIGHNY-24NOV16-B59.5,52208.896,12,-1.0,61.107,22,78,0,63.3,3.8,-12.9,-6.8,-28.8,-11.0,14.8,50.8,25.3,100,0,31599.94,45.4,15.8,0,0,1.607,2.193,0.0,0.0,0.0,1,5,22,67,10,2,-382.177,15.734,22,0
2024-11-16 09:28:51.104577,a193fd94-c0d5-49ef-b148-19ab756f3715,KXHIGHNY-24NOV16-B63.5,52208.895,13,3.0,61.107,10,90,0,63.3,-0.2,-16.9,-10.8,-32.8,-15.0,14.8,50.8,25.3,100,0,31599.94,45.4,15.8,0,0,-2.393,2.193,0.0,0.0,0.0,1,5,22,67,10,2,-382.177,5.378,10,0
2024-11-16 09:28:51.978029,00afc20c-8917-4198-921c-a83db16d2805,KXHIGHNY-24NOV16-T64,52208.022,85,5.0,61.107,2,98,0,63.3,-2.2,-18.9,-12.8,-34.8,-17.0,14.8,50.8,25.3,100,0,31599.94,45.4,15.8,0,0,-4.393,2.193,0.0,0.0,0.0,1,5,22,67,10,2,-382.177,0.178,2,0
2024-11-16 09:28:51.979054,f1221b11-510d-4d31-b0a0-5781cc3c7aa0,KXHIGHNY-24NOV16-B59.5,52208.021,85,-1.0,61.123,21,79,0,63.3,3.8,-12.9,-6.8,-28.8,-11.0,14.8,50.8,25.3,100,0,31599.94,45.4,15.8,0,0,1.623,2.177,0.0,0.0,0.0,1,5,21,67,10,2,-378.109,14.73,21,0
2024-11-16 09:28:51.979955,1587b580-2832-4c13-9b0d-e5b3ea443229,KXHIGHNY-24NOV16-B61.5,52208.02,85,1.0,61.123,67,33,0,63.3,1.8,-14.9,-8.8,-30.8,-13.0,14.8,50.8,25.3,100,0,31599.94,45.4,15.8,0,0,-0.377,2.177,0.0,0.0,0.0,1,5,21,67,10,2,-378.109,-28.567,-33,1
2024-11-16 09:28:51.983852,e5719961-916d-41dd-8080-05661231989a,KXHIGHNY-24NOV16-B63.5,52208.016,85,3.0,61.123,10,90,0,63.3,-0.2,-16.9,-10.8,-32.8,-15.0,14.8,50.8,25.3,100,0,31599.94,45.4,15.8,0,0,-2.377,2.177,0.0,0.0,0.0,1,5,21,67,10,2,-378.109,5.378,10,0
2024-11-16 09:28:52.011175,332f7d71-34dc-4b24-89c1-f3fb56386e27,KXHIGHNY-24NOV16-B57.5,52207.989,85,-3.0,61.123,5,95,0,63.3,5.8,-10.9,-4.8,-26.8,-9.0,14.8,50.8,25.3,100,0,31599.94,45.4,15.8,0,0,3.623,2.177,0.0,0.0,0.0,1,5,21,67,10,2,-378.109,2.71,5,0
2024-11-16 09:29:00.457450,87c6450d-ff9f-4b56-855b-7ddd9b51feec,KXHIGHNY-24NOV16-B63.5,52199.543,134,3.0,61.145,11,89,1,63.3,-0.2,-16.9,-10.8,-32.8,-15.0,14.8,50.8,25.3,100,0,31599.94,45.4,15.8,0,0,-2.355,2.155,0.0,0.0,0.0,1,5,21,67,11,2,-381.46,-6.377,-11,0
2024-11-16 09:29:00.457450,0e73b6d5-5206-4b87-a072-5c74fdf36393,KXHIGHNY-24NOV16-B63.5,52199.543,100,3.0,61.145,11,89,1,63.3,-0.2,-16.9,-10.8,-32.8,-15.0,14.8,50.8,25.3,100,0,31599.94,45.4,15.8,0,0,-2.355,2.155,0.0,0.0,0.0,1,5,21,67,11,2,-381.46,-6.378,-11,0
2024-11-16 09:29:12.560612,209342a6-eeef-4e73-bd73-b4759485597e,KXHIGHNY-24NOV16-B57.5,52187.439,3,-3.0,61.145,5,95,1,63.3,5.8,-10.9,-4.8,-26.8,-9.0,14.8,50.8,25.3,100,0,31599.94,45.4,15.8,0,0,3.645,2.155,0.0,0.0,0.0,1,5,21,67,11,2,-381.46,-2.714,-5,0
2024-11-16 09:29:12.636296,3ebe1651-de87-4817-a837-322d5ba69676,KXHIGHNY-24NOV16-B63.5,52187.364,3,3.0,61.123,10,90,0,63.3,-0.2,-16.9,-10.8,-32.8,-15.0,14.8,50.8,25.3,100,0,31599.94,45.4,15.8,0,0,-2.377,2.177,0.0,0.0,0.0,1,5,21,67,10,2,-378.109,5.377,10,0
2024-11-16 09:29:12.640990,c59a9b65-79d3-4aca-8185-004b1c29c6fd,KXHIGHNY-24NOV16-T64,52187.359,3,5.0,61.123,2,98,0,63.3,-2.2,-18.9,-12.8,-34.8,-17.0,14.8,50.8,25.3,100,0,31599.94,45.4,15.8,0,0,-4.377,2.177,0.0,0.0,0.0,1,5,21,67,10,2,-378.109,0.178,2,0
2024-11-16 09:29:12.645539,ae353ba6-75cc-4be4-b14c-fd907eb09d07,KXHIGHNY-24NOV16-B59.5,52187.354,3,-1.0,61.123,21,79,0,63.3,3.8,-12.9,-6.8,-28.8,-11.0,14.8,50.8,25.3,100,0,31599.94,45.4,15.8,0,0,1.623,2.177,0.0,0.0,0.0,1,5,21,67,10,2,-378.109,14.72,21,0
2024-11-16 09:29:12.649255,3a1c7345-2d6b-4051-9874-d12c736bbcb9,KXHIGHNY-24NOV16-B61.5,52187.351,3,1.0,61.123,67,33,0,63.3,1.8,-14.9,-8.8,-30.8,-13.0,14.8,50.8,25.3,100,0,31599.94,45.4,15.8,0,0,-0.377,2.177,0.0,0.0,0.0,1,5,21,67,10,2,-378.109,-28.563,-33,1
2024-11-16 09:29:20.746714,b50839d0-a9b3-4f70-af4e-c69f4893b946,KXHIGHNY-24NOV16-B57.5,52179.253,3,-3.0,61.089,6,94,1,63.3,5.8,-10.9,-4.8,-26.8,-9.0,14.8,50.8,25.3,100,0,31599.94,45.4,15.8,0,0,3.589,2.211,0.0,0.0,0.0,1,6,21,67,10,2,-380.812,-3.714,-6,0
2024-11-16 09:29:24.281678,3b2a3013-1050-47cd-a5c7-514fa1d925f4,KXHIGHNY-24NOV16-B63.5,52175.718,23,3.0,61.133,12,88,1,63.3,-0.2,-16.9,-10.8,-32.8,-15.0,14.8,50.8,25.3,100,0,31599.94,45.4,15.8,0,0,-2.367,2.167,0.0,0.0,0.0,1,6,21,67,12,2,-387.605,-7.377,-12,0
2024-11-16 09:29:24.870439,d75a1eaa-dcb1-4bfd-8c0d-d12f8f244568,KXHIGHNY-24NOV16-B57.5,52175.13,5,-3.0,61.271,2,98,0,63.3,5.8,-10.9,-4.8,-26.8,-9.0,14.8,50.8,25.3,100,0,31599.94,45.4,15.8,0,0,3.771,2.029,0.0,0.0,0.0,1,2,21,67,12,2,-378.241,-0.286,2,0
2024-11-16 09:29:29.552892,3ebb1afe-1b25-443e-b5ad-2604b78a2927,KXHIGHNY-24NOV16-B63.5,52170.447,5,3.0,61.228,10,90,0,63.3,-0.2,-16.9,-10.8,-32.8,-15.0,14.8,50.8,25.3,100,0,31599.94,45.4,15.8,0,0,-2.272,2.072,0.0,0.0,0.0,1,2,21,67,10,2,-371.448,5.375,10,0
2024-11-16 09:29:34.428364,2cc12164-fbba-4044-bf75-06aaefd72ffe,KXHIGHNY-24NOV16-T64,52165.572,5,5.0,61.228,2,98,0,63.3,-2.2,-18.9,-12.8,-34.8,-17.0,14.8,50.8,25.3,100,0,31599.94,45.4,15.8,0,0,-4.272,2.072,0.0,0.0,0.0,1,2,21,67,10,2,-371.448,0.178,2,0
2024-11-16 09:29:39.439491,e9476a15-504e-4ac3-83f5-43d12da49ba7,KXHIGHNY-24NOV16-B63.5,52160.561,68,3.0,61.292,13,87,1,63.3,-0.2,-16.9,-10.8,-32.8,-15.0,14.8,50.8,25.3,100,0,31599.94,45.4,15.8,0,0,-2.208,2.008,0.0,0.0,0.0,1,2,21,67,13,2,-381.766,-8.373,-13,0
2024-11-16 09:29:39.439491,562117ff-d756-4d6d-8bdf-d6af280a0b1f,KXHIGHNY-24NOV16-B63.5,52160.561,217,3.0,61.271,12,88,1,63.3,-0.2,-16.9,-10.8,-32.8,-15.0,14.8,50.8,25.3,100,0,31599.94,45.4,15.8,0,0,-2.229,2.029,0.0,0.0,0.0,1,2,21,67,12,2,-378.241,-7.375,-12,0
2024-11-16 09:29:39.439491,372e2185-cf4c-4ca7-9ff1-bf80c1e64195,KXHIGHNY-24NOV16-B63.5,52160.561,23,3.0,61.271,12,88,1,63.3,-0.2,-16.9,-10.8,-32.8,-15.0,14.8,50.8,25.3,100,0,31599.94,45.4,15.8,0,0,-2.229,2.029,0.0,0.0,0.0,1,2,21,67,12,2,-378.241,-7.375,-12,0
2024-11-16 09:29:44.197777,42aec777-b590-4e7a-bbd8-d54b1f13c25a,KXHIGHNY-24NOV16-B59.5,52155.802,12,-1.0,61.176,27,73,1,63.3,3.8,-12.9,-6.8,-28.8,-11.0,14.8,50.8,25.3,100,0,31599.94,45.4,15.8,0,0,1.676,2.124,0.0,0.0,0.0,1,2,27,67,12,2,-403.293,-20.72,-27,0
2024-11-16 09:29:54.769619,c3cdab10-0d20-40e4-942f-ad82244675e6,KXHIGHNY-24NOV16-B63.5,52145.23,28,3.0,61.196,13,87,1,63.3,-0.2,-16.9,-10.8,-32.8,-15.0,14.8,50.8,25.3,100,0,31599.94,45.4,15.8,0,0,-2.304,2.104,0.0,0.0,0.0,1,2,27,67,13,2,-406.819,-8.363,-13,0
2024-11-16 09:29:54.769619,8cdd62e1-81b0-42e3-8917-fc5f2431f904,KXHIGHNY-24NOV16-B63.5,52145.23,160,3.0,61.196,13,87,1,63.3,-0.2,-16.9,-10.8,-32.8,-15.0,14.8,50.8,25.3,100,0,31599.94,45.4,15.8,0,0,-2.304,2.104,0.0,0.0,0.0,1,2,27,67,13,2,-406.819,-8.372,-13,0
2024-11-16 09:29:54.769619,7497f392-1f63-4018-80d2-090903782738,KXHIGHNY-24NOV16-B63.5,52145.23,12,3.0,61.196,13,87,1,63.3,-0.2,-16.9,-10.8,-32.8,-15.0,14.8,50.8,25.3,100,0,31599.94,45.4,15.8,0,0,-2.304,2.104,0.0,0.0,0.0,1,2,27,67,13,2,-406.819,-8.373,-13,0
2024-11-16 09:29:54.769619,0e703a84-20dc-4e35-a6d9-dbaaa9e7615e,KXHIGHNY-24NOV16-B63.5,52145.23,97,3.0,61.217,14,86,1,63.3,-0.2,-16.9,-10.8,-32.8,-15.0,14.8,50.8,25.3,100,0,31599.94,45.4,15.8,0,0,-2.283,2.083,0.0,0.0,0.0,1,2,27,67,14,2,-410.421,-9.373,-14,0
2024-11-16 09:30:09.575078,734adc7c-dc7d-4b8f-8d0c-10b5bb0a1af9,KXHIGHNY-24NOV16-B63.5,52130.425,44,3.0,61.133,10,90,0,63.3,-0.2,-16.9,-10.8,-32.8,-15.0,14.8,50.8,25.3,100,0,31599.94,45.4,15.8,0,0,-2.367,2.167,0.0,0.0,0.0,1,2,27,67,10,2,-396.5,5.363,10,0
2024-11-16 09:30:25.624657,29ddeecd-b16b-40f6-bf10-a269b5b636fc,KXHIGHNY-24NOV16-B61.5,52114.375,21,1.0,61.14,69,31,1,63.3,1.8,-14.9,-8.8,-30.8,-13.0,14.8,50.8,25.3,100,0,31599.94,45.4,15.8,0,0,-0.36,2.16,0.0,0.0,0.0,1,2,27,69,10,2,-406.939,26.56,31,1
2024-11-16 09:30:25.624657,180c8e6d-8f54-41a9-b842-6d0eb80b2795,KXHIGHNY-24NOV16-B61.5,52114.375,14,1.0,61.14,69,31,1,63.3,1.8,-14.9,-8.8,-30.8,-13.0,14.8,50.8,25.3,100,0,31599.94,45.4,15.8,0,0,-0.36,2.16,0.0,0.0,0.0,1,2,27,69,10,2,-406.939,26.563,31,1
2024-11-16 09:30:26.535836,454cb218-c6b5-4969-82f1-5fcd39faaf94,KXHIGHNY-24NOV16-T64,52113.464,30,5.0,61.14,2,98,0,63.3,-2.2,-18.9,-12.8,-34.8,-17.0,14.8,50.8,25.3,100,0,31599.94,45.4,15.8,0,0,-4.36,2.16,0.0,0.0,0.0,1,2,27,69,10,2,-406.939,0.177,2,0
2024-11-16 09:30:26.536890,6748c7df-ad37-480c-96b3-a7eecca79762,KXHIGHNY-24NOV16-B57.5,52113.463,30,-3.0,61.14,2,98,0,63.3,5.8,-10.9,-4.8,-26.8,-9.0,14.8,50.8,25.3,100,0,31599.94,45.4,15.8,0,0,3.64,2.16,0.0,0.0,0.0,1,2,27,69,10,2,-406.939,-0.284,2,0
2024-11-16 09:30:26.539417,1c9b047a-efc6-44c0-9b43-666d238c3694,KXHIGHNY-24NOV16-B59.5,52113.461,30,-1.0,61.233,21,79,0,63.3,3.8,-12.9,-6.8,-28.8,-11.0,14.8,50.8,25.3,100,0,31599.94,45.4,15.8,0,0,1.733,2.067,0.0,0.0,0.0,1,2,21,69,10,2,-381.887,14.716,21,0
2024-11-16 09:30:26.539630,59bc2aab-6397-4cb7-8395-4c449aad4747,KXHIGHNY-24NOV16-B63.5,52113.46,30,3.0,61.276,12,88,0,63.3,-0.2,-16.9,-10.8,-32.8,-15.0,14.8,50.8,25.3,100,0,31599.94,45.4,15.8,0,0,-2.224,2.024,0.0,0.0,0.0,1,2,21,69,12,2,-388.68,7.363,12,0
2024-11-16 09:30:26.542700,46ef1d0e-45ea-4a6e-a87e-de65b6490f33,KXHIGHNY-24NOV16-B61.5,52113.457,30,1.0,61.271,67,33,0,63.3,1.8,-14.9,-8.8,-30.8,-13.0,14.8,50.8,25.3,100,0,31599.94,45.4,15.8,0,0,-0.229,2.029,0.0,0.0,0.0,1,2,21,67,12,2,-378.241,-28.559,-33,1
2024-11-16 09:30:27.172022,412e3457-1f48-43dd-9d1b-6018d75cd294,KXHIGHNY-24NOV16-B59.5,52112.828,17,-1.0,61.176,27,73,1,63.3,3.8,-12.9,-6.8,-28.8,-11.0,14.8,50.8,25.3,100,0,31599.94,45.4,15.8,0,0,1.676,2.124,0.0,0.0,0.0,1,2,27,67,12,2,-403.293,-20.712,-27,0
2024-11-16 09:30:30.615074,adcebcec-c88c-4fca-a817-98ffc1946f54,KXHIGHNY-24NOV16-B59.5,52109.385,12,-1.0,61.176,27,73,1,63.3,3.8,-12.9,-6.8,-28.8,-11.0,14.8,50.8,25.3,100,0,31599.94,45.4,15.8,0,0,1.676,2.124,0.0,0.0,0.0,1,2,27,67,12,2,-403.293,-20.71,-27,0
2024-11-16 09:30:38.476558,a56bb257-e275-42c2-94cb-5a84a09a376d,KXHIGHNY-24NOV16-B57.5,52101.523,12,-3.0,61.079,5,95,1,63.3,5.8,-10.9,-4.8,-26.8,-9.0,14.8,50.8,25.3,100,0,31599.94,45.4,15.8,0,0,3.579,2.221,0.0,0.0,0.0,1,5,27,67,12,2,-409.954,-2.667,-5,0
2024-11-16 09:30:44.578024,84ee24ac-85be-4f5b-bd73-a39a5b15c3d2,KXHIGHNY-24NOV16-B61.5,52095.422,14,1.0,61.086,69,31,1,63.3,1.8,-14.9,-8.8,-30.8,-13.0,14.8,50.8,25.3,100,0,31599.94,45.4,15.8,0,0,-0.414,2.214,0.0,0.0,0.0,1,5,27,69,12,2,-420.393,26.555,31,1
2024-11-16 09:30:45.052675,ae1b737e-1cc4-480e-9c05-b1b90d2d94f3,KXHIGHNY-24NOV16-B57.5,52094.947,10,-3.0,61.056,6,94,1,63.3,5.8,-10.9,-4.8,-26.8,-9.0,14.8,50.8,25.3,100,0,31599.94,45.4,15.8,0,0,3.556,2.244,0.0,0.0,0.0,1,6,27,69,12,2,-423.097,-3.603,-6,0
2024-11-16 09:30:45.052675,4759c099-f619-46e5-be3b-666a6ab719a3,KXHIGHNY-24NOV16-B57.5,52094.947,2,-3.0,61.086,5,95,1,63.3,5.8,-10.9,-4.8,-26.8,-9.0,14.8,50.8,25.3,100,0,31599.94,45.4,15.8,0,0,3.586,2.214,0.0,0.0,0.0,1,5,27,69,12,2,-420.393,-2.603,-5,0
2024-11-16 09:30:51.620042,b95e830a-f6e0-49ef-a8d5-7009be86e2ec,KXHIGHNY-24NOV16-B59.5,52088.38,12,-1.0,61.086,27,73,1,63.3,3.8,-12.9,-6.8,-28.8,-11.0,14.8,50.8,25.3,100,0,31599.94,45.4,15.8,0,0,1.586,2.214,0.0,0.0,0.0,1,5,27,69,12,2,-420.393,-20.705,-27,0
2024-11-16 09:30:55.315708,71c9b3c9-4a65-45cb-875e-55157c0bda1e,KXHIGHNY-24NOV16-B59.5,52084.684,14,-1.0,61.086,27,73,1,63.3,3.8,-12.9,-6.8,-28.8,-11.0,14.8,50.8,25.3,100,0,31599.94,45.4,15.8,0,0,1.586,2.214,0.0,0.0,0.0,1,5,27,69,12,2,-420.393,-20.703,-27,0
2024-11-16 09:30:59.096012,c98067ec-0b25-428c-97b2-7efed50c1ae5,KXHIGHNY-24NOV16-B59.5,52080.904,17,-1.0,61.086,27,73,1,63.3,3.8,-12.9,-6.8,-28.8,-11.0,14.8,50.8,25.3,100,0,31599.94,45.4,15.8,0,0,1.586,2.214,0.0,0.0,0.0,1,5,27,69,12,2,-420.393,-20.701,-27,0
2024-11-16 09:31:00.779298,770bcc44-1402-434c-841f-c1315a468ace,KXHIGHNY-24NOV16-B59.5,52079.221,10,-1.0,61.086,27,73,1,63.3,3.8,-12.9,-6.8,-28.8,-11.0,14.8,50.8,25.3,100,0,31599.94,45.4,15.8,0,0,1.586,2.214,0.0,0.0,0.0,1,5,27,69,12,2,-420.393,-20.684,-27,0
2024-11-16 09:31:15.388938,a51d5b8c-1d1b-40ca-a295-ddcb5a5e6e04,KXHIGHNY-24NOV16-B61.5,52064.611,6,1.0,61.079,67,33,0,63.3,1.8,-14.9,-8.8,-30.8,-13.0,14.8,50.8,25.3,100,0,31599.94,45.4,15.8,0,0,-0.421,2.221,0.0,0.0,0.0,1,5,27,67,12,2,-409.954,-28.552,-33,1
2024-11-16 09:31:16.181889,e1373d0c-da9f-4975-a464-fd3dea63c99e,KXHIGHNY-24NOV16-B61.5,52063.818,65,1.0,61.086,69,31,1,63.3,1.8,-14.9,-8.8,-30.8,-13.0,14.8,50.8,25.3,100,0,31599.94,45.4,15.8,0,0,-0.414,2.214,0.0,0.0,0.0,1,5,27,69,12,2,-420.393,26.526,31,1
2024-11-16 09:31:16.181889,db381b80-02cd-462a-af4f-a5e5517e6ad3,KXHIGHNY-24NOV16-B61.5,52063.818,35,1.0,61.086,69,31,1,63.3,1.8,-14.9,-8.8,-30.8,-13.0,14.8,50.8,25.3,100,0,31599.94,45.4,15.8,0,0,-0.414,2.214,0.0,0.0,0.0,1,5,27,69,12,2,-420.393,26.539,31,1
2024-11-16 09:31:16.181889,6ffafddb-3fc0-4300-987a-108e75cf2e2a,KXHIGHNY-24NOV16-B61.5,52063.818,60,1.0,61.086,69,31,1,63.3,1.8,-14.9,-8.8,-30.8,-13.0,14.8,50.8,25.3,100,0,31599.94,45.4,15.8,0,0,-0.414,2.214,0.0,0.0,0.0,1,5,27,69,12,2,-420.393,26.547,31,1
2024-11-16 09:31:16.181889,210d8340-91bd-4850-9101-5ea17143fcec,KXHIGHNY-24NOV16-B61.5,52063.818,9,1.0,61.083,68,32,1,63.3,1.8,-14.9,-8.8,-30.8,-13.0,14.8,50.8,25.3,100,0,31599.94,45.4,15.8,0,0,-0.417,2.217,0.0,0.0,0.0,1,5,27,68,12,2,-415.166,27.551,32,1
2024-11-16 09:31:17.755568,eb6db247-be08-441b-8af2-f2aa05d4767c,KXHIGHNY-24NOV16-B63.5,52062.244,32,3.0,60.995,8,92,0,63.3,-0.2,-16.9,-10.8,-32.8,-15.0,14.8,50.8,25.3,100,0,31599.94,45.4,15.8,0,0,-2.505,2.305,0.0,0.0,0.0,1,5,27,68,8,2,-401.983,3.355,8,0
2024-11-16 09:31:17.755568,9822e592-0044-4d61-80fc-1a3a0fcb5415,KXHIGHNY-24NOV16-B63.5,52062.244,14,3.0,61.04,10,90,0,63.3,-0.2,-16.9,-10.8,-32.8,-15.0,14.8,50.8,25.3,100,0,31599.94,45.4,15.8,0,0,-2.46,2.26,0.0,0.0,0.0,1,5,27,68,10,2,-408.373,5.359,10,0
2024-11-16 09:31:17.755568,96ff3d11-b226-4543-b338-d696ac7ec731,KXHIGHNY-24NOV16-B63.5,52062.244,40,3.0,61.018,9,91,0,63.3,-0.2,-16.9,-10.8,-32.8,-15.0,14.8,50.8,25.3,100,0,31599.94,45.4,15.8,0,0,-2.482,2.282,0.0,0.0,0.0,1,5,27,68,9,2,-405.123,4.359,9,0
2024-11-16 09:31:17.755568,8069b7a7-67ad-489f-bc11-9d45bea01c6e,KXHIGHNY-24NOV16-B63.5,52062.244,891,3.0,61.018,9,91,0,63.3,-0.2,-16.9,-10.8,-32.8,-15.0,14.8,50.8,25.3,100,0,31599.94,45.4,15.8,0,0,-2.482,2.282,0.0,0.0,0.0,1,5,27,68,9,2,-405.123,4.361,9,0
2024-11-16 09:31:17.755568,4b3255fb-d20e-4a63-9446-a629c43c6710,KXHIGHNY-24NOV16-B63.5,52062.244,55,3.0,61.018,9,91,0,63.3,-0.2,-16.9,-10.8,-32.8,-15.0,14.8,50.8,25.3,100,0,31599.94,45.4,15.8,0,0,-2.482,2.282,0.0,0.0,0.0,1,5,27,68,9,2,-405.123,4.361,9,0
2024-11-16 09:31:17.755568,2f5e134d-e827-45e5-be03-d595191cd1a3,KXHIGHNY-24NOV16-B63.5,52062.244,59,3.0,60.995,8,92,0,63.3,-0.2,-16.9,-10.8,-32.8,-15.0,14.8,50.8,25.3,100,0,31599.94,45.4,15.8,0,0,-2.505,2.305,0.0,0.0,0.0,1,5,27,68,8,2,-401.983,3.363,8,0
2024-11-16 09:31:25.351636,0ac31522-1606-4056-9918-b28af9cd6734,KXHIGHNY-24NOV16-B57.5,52054.648,3,-3.0,60.995,5,95,1,63.3,5.8,-10.9,-4.8,-26.8,-9.0,14.8,50.8,25.3,100,0,31599.94,45.4,15.8,0,0,3.495,2.305,0.0,0.0,0.0,1,5,27,68,8,2,-401.983,-2.603,-5,0
2024-11-16 09:31:37.867421,7cecabb3-6c97-4356-974f-30c4d17346a6,KXHIGHNY-24NOV16-B59.5,52042.133,3,-1.0,60.995,27,73,1,63.3,3.8,-12.9,-6.8,-28.8,-11.0,14.8,50.8,25.3,100,0,31599.94,45.4,15.8,0,0,1.495,2.305,0.0,0.0,0.0,1,5,27,68,8,2,-401.983,-20.678,-27,0
2024-11-16 09:31:42.485142,4989a148-f93a-4325-9e7b-c258fc0631c6,KXHIGHNY-24NOV16-B57.5,52037.515,12,-3.0,60.995,5,95,1,63.3,5.8,-10.9,-4.8,-26.8,-9.0,14.8,50.8,25.3,100,0,31599.94,45.4,15.8,0,0,3.495,2.305,0.0,0.0,0.0,1,5,27,68,8,2,-401.983,-2.502,-5,0
2024-11-16 09:31:48.526233,b8056550-75a4-427f-8de6-57d789808e17,KXHIGHNY-24NOV16-B57.5,52031.474,12,-3.0,60.995,5,95,1,63.3,5.8,-10.9,-4.8,-26.8,-9.0,14.8,50.8,25.3,100,0,31599.94,45.4,15.8,0,0,3.495,2.305,0.0,0.0,0.0,1,5,27,68,8,2,-401.983,-2.487,-5,0
2024-11-16 09:31:53.942069,70d178f9-edcd-42f3-860f-a0ca0d0c1f93,KXHIGHNY-24NOV16-B59.5,52026.058,3,-1.0,60.995,27,73,1,63.3,3.8,-12.9,-6.8,-28.8,-11.0,14.8,50.8,25.3,100,0,31599.94,45.4,15.8,0,0,1.495,2.305,0.0,0.0,0.0,1,5,27,68,8,2,-401.983,-20.676,-27,0
2024-11-16 09:31:53.942069,3b442f08-0f19-4306-9ba5-da8355dc6c44,KXHIGHNY-24NOV16-B59.5,52026.058,9,-1.0,60.995,27,73,1,63.3,3.8,-12.9,-6.8,-28.8,-11.0,14.8,50.8,25.3,100,0,31599.94,45.4,15.8,0,0,1.495,2.305,0.0,0.0,0.0,1,5,27,68,8,2,-401.983,-20.676,-27,0
2024-11-16 09:31:59.247539,1502a202-4a08-4d10-b808-6cab89902716,KXHIGHNY-24NOV16-B57.5,52020.752,1,-3.0,60.995,5,95,1,63.3,5.8,-10.9,-4.8,-26.8,-9.0,14.8,50.8,25.3,100,0,31599.94,45.4,15.8,0,0,3.495,2.305,0.0,0.0,0.0,1,5,27,68,8,2,-401.983,-2.446,-5,0
2024-11-16 09:32:16.309361,e5176ed3-71f1-41c5-b7e0-1b5d46fc3783,KXHIGHNY-24NOV16-B59.5,52003.691,25,-1.0,61.009,26,74,1,63.3,3.8,-12.9,-6.8,-28.8,-11.0,14.8,50.8,25.3,100,0,31599.94,45.4,15.8,0,0,1.509,2.291,0.0,0.0,0.0,1,5,26,68,8,2,-397.706,-19.675,-26,0
2024-11-16 09:32:54.408821,10588c0b-5a66-4f16-ad6e-2e9d957a5f64,KXHIGHNY-24NOV16-B61.5,51965.591,9,1.0,61.009,68,32,0,63.3,1.8,-14.9,-8.8,-30.8,-13.0,14.8,50.8,25.3,100,0,31599.94,45.4,15.8,0,0,-0.491,2.291,0.0,0.0,0.0,1,5,26,68,8,2,-397.706,-27.526,-32,1
2024-11-16 09:32:54.463739,67ece09b-c8be-45dd-af08-8d3dcfea1867,KXHIGHNY-24NOV16-B57.5,51965.536,9,-3.0,61.107,2,98,0,63.3,5.8,-10.9,-4.8,-26.8,-9.0,14.8,50.8,25.3,100,0,31599.94,45.4,15.8,0,0,3.607,2.193,0.0,0.0,0.0,1,2,26,68,8,2,-391.045,-0.581,2,0
2024-11-16 09:32:54.469307,1f5f580d-637c-493a-9a07-1584d732433e,KXHIGHNY-24NOV16-B59.5,51965.531,9,-1.0,61.17,22,78,0,63.3,3.8,-12.9,-6.8,-28.8,-11.0,14.8,50.8,25.3,100,0,31599.94,45.4,15.8,0,0,1.67,2.13,0.0,0.0,0.0,1,2,22,68,8,2,-374.338,15.673,22,0
2024-11-16 09:32:54.471842,ec51ff92-b15d-4d60-a1c3-af797f0b2af0,KXHIGHNY-24NOV16-B63.5,51965.528,9,3.0,61.192,9,91,0,63.3,-0.2,-16.9,-10.8,-32.8,-15.0,14.8,50.8,25.3,100,0,31599.94,45.4,15.8,0,0,-2.308,2.108,0.0,0.0,0.0,1,2,22,68,9,2,-377.477,4.353,9,0
2024-11-16 09:32:54.493609,7410850b-d561-40ac-87e4-f6a4b4098093,KXHIGHNY-24NOV16-T64,51965.506,9,5.0,61.192,2,98,0,63.3,-2.2,-18.9,-12.8,-34.8,-17.0,14.8,50.8,25.3,100,0,31599.94,45.4,15.8,0,0,-4.308,2.108,0.0,0.0,0.0,1,2,22,68,9,2,-377.477,0.151,2,0
2024-11-16 09:33:05.781299,64e27e72-ab20-40db-8d9b-08556bb0aef3,KXHIGHNY-24NOV16-B61.5,51954.219,28,1.0,61.195,69,31,1,63.3,1.8,-14.9,-8.8,-30.8,-13.0,14.8,50.8,25.3,100,0,31599.94,45.4,15.8,0,0,-0.305,2.105,0.0,0.0,0.0,1,2,22,69,9,2,-382.704,26.523,31,1
2024-11-16 09:33:31.214629,1448e4b8-1887-4bc0-a498-288c679b36ad,KXHIGHNY-24NOV16-B59.5,51928.785,3,-1.0,61.179,23,77,1,63.3,3.8,-12.9,-6.8,-28.8,-11.0,14.8,50.8,25.3,100,0,31599.94,45.4,15.8,0,0,1.679,2.121,0.0,0.0,0.0,1,2,23,69,9,2,-386.817,-16.671,-23,0
2024-11-16 09:33:43.651537,677f779a-b997-47c5-a18a-c895efed5153,KXHIGHNY-24NOV16-B57.5,51916.348,12,-3.0,61.078,5,95,1,63.3,5.8,-10.9,-4.8,-26.8,-9.0,14.8,50.8,25.3,100,0,31599.94,45.4,15.8,0,0,3.578,2.222,0.0,0.0,0.0,1,5,23,69,9,2,-393.478,-2.262,-5,0
2024-11-16 09:33:48.327685,fe79c0df-25c6-4f93-a11e-b551bf569d7f,KXHIGHNY-24NOV16-B61.5,51911.672,5,1.0,61.089,72,28,1,63.3,1.8,-14.9,-8.8,-30.8,-13.0,14.8,50.8,25.3,100,0,31599.94,45.4,15.8,0,0,-0.411,2.211,0.0,0.0,0.0,1,5,23,72,9,2,-409.245,23.521,28,1
2024-11-16 09:33:48.327685,bcf5cf56-b44a-4686-9a23-2724104adc84,KXHIGHNY-24NOV16-B61.5,51911.672,63,1.0,61.089,72,28,1,63.3,1.8,-14.9,-8.8,-30.8,-13.0,14.8,50.8,25.3,100,0,31599.94,45.4,15.8,0,0,-0.411,2.211,0.0,0.0,0.0,1,5,23,72,9,2,-409.245,23.522,28,1
2024-11-16 09:34:11.716823,a28efb6f-53d6-4a0f-a16c-cb41582dd13f,KXHIGHNY-24NOV16-B57.5,51888.283,12,-3.0,61.122,4,96,1,63.3,5.8,-10.9,-4.8,-26.8,-9.0,14.8,50.8,25.3,100,0,31599.94,45.4,15.8,0,0,3.622,2.178,0.0,0.0,0.0,1,4,23,72,9,2,-406.743,-1.249,-4,0
2024-11-16 09:34:11.798441,a5312e14-ce8e-439f-bd39-547479f06640,KXHIGHNY-24NOV16-B63.5,51888.202,12,3.0,61.122,9,91,0,63.3,-0.2,-16.9,-10.8,-32.8,-15.0,14.8,50.8,25.3,100,0,31599.94,45.4,15.8,0,0,-2.378,2.178,0.0,0.0,0.0,1,4,23,72,9,2,-406.743,4.352,9,0
2024-11-16 09:34:11.844265,0dbaf92d-c245-4928-b82d-590438eb4520,KXHIGHNY-24NOV16-B61.5,51888.156,12,1.0,61.107,68,32,0,63.3,1.8,-14.9,-8.8,-30.8,-13.0,14.8,50.8,25.3,100,0,31599.94,45.4,15.8,0,0,-0.393,2.193,0.0,0.0,0.0,1,4,23,68,9,2,-385.749,-27.518,-32,1
2024-11-16 09:34:11.848553,e17cbd7b-cf90-464b-80d9-87ed8b73697a,KXHIGHNY-24NOV16-T64,51888.151,12,5.0,61.148,3,97,0,63.3,-2.2,-18.9,-12.8,-34.8,-17.0,14.8,50.8,25.3,100,0,31599.94,45.4,15.8,0,0,-4.352,2.152,0.0,0.0,0.0,1,4,23,68,9,3,-387.659,1.15,3,0
2024-11-16 09:34:11.852586,f0e829d0-3151-4ac1-897a-86e023a40a11,KXHIGHNY-24NOV16-B59.5,51888.147,12,-1.0,61.179,21,79,0,63.3,3.8,-12.9,-6.8,-28.8,-11.0,14.8,50.8,25.3,100,0,31599.94,45.4,15.8,0,0,1.679,2.121,0.0,0.0,0.0,1,4,21,68,9,3,-379.478,14.669,21,0
2024-11-16 09:34:13.133784,781450d7-877a-4a23-a5dc-d7c459434e0b,KXHIGHNY-24NOV16-B61.5,51886.866,6,1.0,61.182,69,31,0,63.3,1.8,-14.9,-8.8,-30.8,-13.0,14.8,50.8,25.3,100,0,31599.94,45.4,15.8,0,0,-0.318,2.118,0.0,0.0,0.0,1,4,21,69,9,3,-384.704,-26.518,-31,1
2024-11-16 09:34:13.138403,e967d78e-3a0a-443b-87fa-1dadae868210,KXHIGHNY-24NOV16-B57.5,51886.862,6,-3.0,61.252,2,98,0,63.3,5.8,-10.9,-4.8,-26.8,-9.0,14.8,50.8,25.3,100,0,31599.94,45.4,15.8,0,0,3.752,2.048,0.0,0.0,0.0,1,2,21,69,9,3,-380.545,-0.777,2,0
2024-11-16 09:34:13.141049,4f26af01-7de8-4d59-81c0-7f2c42ada680,KXHIGHNY-24NOV16-B63.5,51886.859,6,3.0,61.252,9,91,0,63.3,-0.2,-16.9,-10.8,-32.8,-15.0,14.8,50.8,25.3,100,0,31599.94,45.4,15.8,0,0,-2.248,2.048,0.0,0.0,0.0,1,2,21,69,9,3,-380.545,4.352,9,0
2024-11-16 09:34:13.159142,3ab12109-ab17-4ccf-a5ca-e4fe808ccd90,KXHIGHNY-24NOV16-T64,51886.841,6,5.0,61.252,3,97,0,63.3,-2.2,-18.9,-12.8,-34.8,-17.0,14.8,50.8,25.3,100,0,31599.94,45.4,15.8,0,0,-4.248,2.048,0.0,0.0,0.0,1,2,21,69,9,3,-380.545,1.149,3,0
2024-11-16 09:34:13.159315,bf17c59b-b5d3-45db-9723-eecb43c375a5,KXHIGHNY-24NOV16-B59.5,51886.841,6,-1.0,61.252,21,79,0,63.3,3.8,-12.9,-6.8,-28.8,-11.0,14.8,50.8,25.3,100,0,31599.94,45.4,15.8,0,0,1.752,2.048,0.0,0.0,0.0,1,2,21,69,9,3,-380.545,14.629,21,0
2024-11-16 09:34:17.781882,12a92665-685f-49ec-a275-49f8fd20fa85,KXHIGHNY-24NOV16-B63.5,51882.218,12,3.0,61.252,9,91,0,63.3,-0.2,-16.9,-10.8,-32.8,-15.0,14.8,50.8,25.3,100,0,31599.94,45.4,15.8,0,0,-2.248,2.048,0.0,0.0,0.0,1,2,21,69,9,3,-380.545,4.352,9,0
2024-11-16 09:34:18.122241,f3d24ac0-294e-4dc6-8429-babbafddaef0,KXHIGHNY-24NOV16-B57.5,51881.878,12,-3.0,61.148,5,95,1,63.3,5.8,-10.9,-4.8,-26.8,-9.0,14.8,50.8,25.3,100,0,31599.94,45.4,15.8,0,0,3.648,2.152,0.0,0.0,0.0,1,5,21,69,9,3,-387.206,-2.212,-5,0
2024-11-16 09:34:18.122241,2d72aaf2-25c3-4ddb-b0d3-1703b61aa1e1,KXHIGHNY-24NOV16-B57.5,51881.878,6,-3.0,61.182,4,96,1,63.3,5.8,-10.9,-4.8,-26.8,-9.0,14.8,50.8,25.3,100,0,31599.94,45.4,15.8,0,0,3.682,2.118,0.0,0.0,0.0,1,4,21,69,9,3,-384.704,-1.197,-4,0
2024-11-16 09:34:23.577416,9302540f-933d-4284-b308-2ffbaa797601,KXHIGHNY-24NOV16-B63.5,51876.423,28,3.0,61.204,10,90,1,63.3,-0.2,-16.9,-10.8,-32.8,-15.0,14.8,50.8,25.3,100,0,31599.94,45.4,15.8,0,0,-2.296,2.096,0.0,0.0,0.0,1,4,21,69,10,3,-387.955,-5.352,-10,0
2024-11-16 09:34:24.231018,f5e78bc7-6496-4f44-9b63-9ef936d89fa7,KXHIGHNY-24NOV16-B57.5,51875.769,18,-3.0,61.17,5,95,1,63.3,5.8,-10.9,-4.8,-26.8,-9.0,14.8,50.8,25.3,100,0,31599.94,45.4,15.8,0,0,3.67,2.13,0.0,0.0,0.0,1,5,21,69,10,3,-390.457,-2.233,-5,0
2024-11-16 09:34:38.026865,b7baec25-8df1-4ef7-8bf8-20737735b070,KXHIGHNY-24NOV16-B59.5,51861.973,18,-1.0,61.125,24,76,1,63.3,3.8,-12.9,-6.8,-28.8,-11.0,14.8,50.8,25.3,100,0,31599.94,45.4,15.8,0,0,1.625,2.175,0.0,0.0,0.0,1,5,24,69,10,3,-402.796,-17.59,-24,0
2024-11-16 09:34:49.671962,193d0e06-52de-4bb0-8e48-0ea6b12ea3eb,KXHIGHNY-24NOV16-B59.5,51850.328,6,-1.0,61.14,23,77,0,63.3,3.8,-12.9,-6.8,-28.8,-11.0,14.8,50.8,25.3,100,0,31599.94,45.4,15.8,0,0,1.64,2.16,0.0,0.0,0.0,1,5,23,69,10,3,-398.639,16.57,23,0
2024-11-16 09:35:28.506093,1bc6ebae-debe-4017-b4fc-0535d1621889,KXHIGHNY-24NOV16-B61.5,51811.494,40,1.0,61.146,71,29,1,63.3,1.8,-14.9,-8.8,-30.8,-13.0,14.8,50.8,25.3,100,0,31599.94,45.4,15.8,0,0,-0.354,2.154,0.0,0.0,0.0,1,5,23,71,10,3,-409.136,24.517,29,1
2024-11-16 09:35:50.061859,adfce61a-7f5a-4e59-b784-a0558c443b8c,KXHIGHNY-24NOV16-B59.5,51789.938,27,-1.0,61.132,24,76,1,63.3,3.8,-12.9,-6.8,-28.8,-11.0,14.8,50.8,25.3,100,0,31599.94,45.4,15.8,0,0,1.632,2.168,0.0,0.0,0.0,1,5,24,71,10,3,-413.292,-17.565,-24,0
2024-11-16 09:36:06.041781,84a34652-f79d-49fc-ba4c-a65fb114d062,KXHIGHNY-24NOV16-B59.5,51773.958,300,-1.0,61.146,23,77,0,63.3,3.8,-12.9,-6.8,-28.8,-11.0,14.8,50.8,25.3,100,0,31599.94,45.4,15.8,0,0,1.646,2.154,0.0,0.0,0.0,1,5,23,71,10,3,-409.136,16.545,23,0
2024-11-16 09:36:26.110343,f14df506-cf5a-4991-be71-e64604a123f1,KXHIGHNY-24NOV16-B59.5,51753.89,55,-1.0,61.132,24,76,1,63.3,3.8,-12.9,-6.8,-28.8,-11.0,14.8,50.8,25.3,100,0,31599.94,45.4,15.8,0,0,1.632,2.168,0.0,0.0,0.0,1,5,24,71,10,3,-413.292,-17.479,-24,0
2024-11-16 09:36:26.110343,cc439f5b-77ee-4c73-95dd-17aee92e607a,KXHIGHNY-24NOV16-B59.5,51753.89,25,-1.0,61.132,24,76,1,63.3,3.8,-12.9,-6.8,-28.8,-11.0,14.8,50.8,25.3,100,0,31599.94,45.4,15.8,0,0,1.632,2.168,0.0,0.0,0.0,1,5,24,71,10,3,-413.292,-17.484,-24,0
2024-11-16 09:36:26.110343,64084b90-1fe8-4b18-9f50-43fa757e88d9,KXHIGHNY-24NOV16-B59.5,51753.89,18,-1.0,61.132,24,76,1,63.3,3.8,-12.9,-6.8,-28.8,-11.0,14.8,50.8,25.3,100,0,31599.94,45.4,15.8,0,0,1.632,2.168,0.0,0.0,0.0,1,5,24,71,10,3,-413.292,-17.513,-24,0
2024-11-16 09:36:33.337596,b5795e0b-39bf-46fe-80c5-629969e554d7,KXHIGHNY-24NOV16-B59.5,51746.662,58,-1.0,61.117,25,75,1,63.3,3.8,-12.9,-6.8,-28.8,-11.0,14.8,50.8,25.3,100,0,31599.94,45.4,15.8,0,0,1.617,2.183,0.0,0.0,0.0,1,5,25,71,10,3,-417.491,-18.425,-25,0
2024-11-16 09:36:33.337596,26315abe-90aa-4463-8f9c-aaa4a1d327ab,KXHIGHNY-24NOV16-B59.5,51746.662,2,-1.0,61.132,24,76,1,63.3,3.8,-12.9,-6.8,-28.8,-11.0,14.8,50.8,25.3,100,0,31599.94,45.4,15.8,0,0,1.632,2.168,0.0,0.0,0.0,1,5,24,71,10,3,-413.292,-17.44,-24,0
2024-11-16 09:36:39.961467,77f2e445-ee3c-4f7d-85df-c0f720139d8e,KXHIGHNY-24NOV16-B61.5,51740.039,32,1.0,61.135,72,28,1,63.3,1.8,-14.9,-8.8,-30.8,-13.0,14.8,50.8,25.3,100,0,31599.94,45.4,15.8,0,0,-0.365,2.165,0.0,0.0,0.0,1,5,24,72,10,3,-418.562,23.493,28,1
2024-11-16 09:36:39.961467,0d9ec936-ba08-4ea4-9036-e44d0b6c3fb1,KXHIGHNY-24NOV16-B61.5,51740.039,2,1.0,61.135,72,28,1,63.3,1.8,-14.9,-8.8,-30.8,-13.0,14.8,50.8,25.3,100,0,31599.94,45.4,15.8,0,0,-0.365,2.165,0.0,0.0,0.0,1,5,24,72,10,3,-418.562,23.498,28,1
2024-11-16 09:36:48.744137,7f34c1d1-f029-4dac-9641-31a02630747c,KXHIGHNY-24NOV16-B59.5,51731.256,12,-1.0,61.121,25,75,1,63.3,3.8,-12.9,-6.8,-28.8,-11.0,14.8,50.8,25.3,100,0,31599.94,45.4,15.8,0,0,1.621,2.179,0.0,0.0,0.0,1,5,25,72,10,3,-422.761,-18.39,-25,0
2024-11-16 09:36:54.788173,246a3c47-c46e-42c6-a147-a9dabf383d0b,KXHIGHNY-24NOV16-B59.5,51725.212,12,-1.0,61.121,25,75,1,63.3,3.8,-12.9,-6.8,-28.8,-11.0,14.8,50.8,25.3,100,0,31599.94,45.4,15.8,0,0,1.621,2.179,0.0,0.0,0.0,1,5,25,72,10,3,-422.761,-18.382,-25,0
2024-11-16 09:37:00.197598,8dee39e4-1e94-4e4f-b439-50347d92c3cd,KXHIGHNY-24NOV16-B59.5,51719.802,12,-1.0,61.121,25,75,1,63.3,3.8,-12.9,-6.8,-28.8,-11.0,14.8,50.8,25.3,100,0,31599.94,45.4,15.8,0,0,1.621,2.179,0.0,0.0,0.0,1,5,25,72,10,3,-422.761,-18.351,-25,0
2024-11-16 09:37:50.685383,5142dfdf-51af-4db9-9a59-474f6b70a2e8,KXHIGHNY-24NOV16-B59.5,51669.315,1,-1.0,61.149,23,77,0,63.3,3.8,-12.9,-6.8,-28.8,-11.0,14.8,50.8,25.3,100,0,31599.94,45.4,15.8,0,0,1.649,2.151,0.0,0.0,0.0,1,5,23,72,10,3,-414.405,16.322,23,0
2024-11-16 09:38:40.361820,e2f70a56-9caa-4066-8a60-508c900a598a,KXHIGHNY-24NOV16-B59.5,51619.638,3,-1.0,61.121,25,75,1,63.3,3.8,-12.9,-6.8,-28.8,-11.0,14.8,50.8,25.3,100,0,31599.94,45.4,15.8,0,0,1.621,2.179,0.0,0.0,0.0,1,5,25,72,10,3,-422.761,-18.319,-25,0
2024-11-16 09:38:47.177260,6005d5fd-9381-4d94-8ddb-1ba901b12c7d,KXHIGHNY-24NOV16-B57.5,51612.823,33,-3.0,61.152,4,96,1,63.3,5.8,-10.9,-4.8,-26.8,-9.0,14.8,50.8,25.3,100,0,31599.94,45.4,15.8,0,0,3.652,2.148,0.0,0.0,0.0,1,4,25,72,10,3,-420.259,-1.242,-4,0
2024-11-16 09:38:56.462190,0f3151d7-84c4-4ff1-af39-74c116001b45,KXHIGHNY-24NOV16-B63.5,51603.538,200,3.0,61.152,10,90,1,63.3,-0.2,-16.9,-10.8,-32.8,-15.0,14.8,50.8,25.3,100,0,31599.94,45.4,15.8,0,0,-2.348,2.148,0.0,0.0,0.0,1,4,25,72,10,3,-420.259,-5.351,-10,0
2024-11-16 09:39:09.761445,6682b37e-6fab-413e-b43b-06f706fab273,KXHIGHNY-24NOV16-B63.5,51590.239,1,3.0,61.152,10,90,1,63.3,-0.2,-16.9,-10.8,-32.8,-15.0,14.8,50.8,25.3,100,0,31599.94,45.4,15.8,0,0,-2.348,2.148,0.0,0.0,0.0,1,4,25,72,10,3,-420.259,-5.342,-10,0
2024-11-16 09:39:38.825565,4447de55-dd25-4d39-9d6b-39144b5c5ae4,KXHIGHNY-24NOV16-B63.5,51561.174,5,3.0,61.111,8,92,0,63.3,-0.2,-16.9,-10.8,-32.8,-15.0,14.8,50.8,25.3,100,0,31599.94,45.4,15.8,0,0,-2.389,2.189,0.0,0.0,0.0,1,4,25,72,8,3,-413.868,3.323,8,0
2024-11-16 09:40:58.368328,b9712069-aded-47de-9773-3ff9d59e1169,KXHIGHNY-24NOV16-B63.5,51481.632,23,3.0,61.152,10,90,1,63.3,-0.2,-16.9,-10.8,-32.8,-15.0,14.8,50.8,25.3,100,0,31599.94,45.4,15.8,0,0,-2.348,2.148,0.0,0.0,0.0,1,4,25,72,10,3,-420.259,-5.28,-10,0
2024-11-16 09:40:58.368328,8a869d90-7154-4560-84f4-3d8fbdc5d040,KXHIGHNY-24NOV16-B63.5,51481.632,5,3.0,61.152,10,90,1,63.3,-0.2,-16.9,-10.8,-32.8,-15.0,14.8,50.8,25.3,100,0,31599.94,45.4,15.8,0,0,-2.348,2.148,0.0,0.0,0.0,1,4,25,72,10,3,-420.259,-5.314,-10,0
2024-11-16 09:42:49.535081,0dd054b5-6fa3-49f6-9f21-c1529f33327c,KXHIGHNY-24NOV16-B59.5,51370.465,3,-1.0,61.138,26,74,1,63.3,3.8,-12.9,-6.8,-28.8,-11.0,14.8,50.8,25.3,100,0,31599.94,45.4,15.8,0,0,1.638,2.162,0.0,0.0,0.0,1,4,26,72,10,3,-424.497,-19.288,-26,0
2024-11-16 09:42:54.929237,3bfde444-9116-4877-8133-7523de26cf0a,KXHIGHNY-24NOV16-B57.5,51365.071,3,-3.0,61.138,4,96,1,63.3,5.8,-10.9,-4.8,-26.8,-9.0,14.8,50.8,25.3,100,0,31599.94,45.4,15.8,0,0,3.638,2.162,0.0,0.0,0.0,1,4,26,72,10,3,-424.497,-1.243,-4,0
2024-11-16 09:43:01.656300,3329e5f7-941f-48e9-9439-1be9d116f709,KXHIGHNY-24NOV16-B57.5,51358.344,2,-3.0,61.138,4,96,1,63.3,5.8,-10.9,-4.8,-26.8,-9.0,14.8,50.8,25.3,100,0,31599.94,45.4,15.8,0,0,3.638,2.162,0.0,0.0,0.0,1,4,26,72,10,3,-424.497,-1.248,-4,0
2024-11-16 09:44:12.216880,7eb5cd6c-6cec-4721-a6ba-6d79e7f19898,KXHIGHNY-24NOV16-T64,51287.783,250,5.0,61.175,4,96,1,63.3,-2.2,-18.9,-12.8,-34.8,-17.0,14.8,50.8,25.3,100,0,31599.94,45.4,15.8,0,0,-4.325,2.125,0.0,0.0,0.0,1,4,26,72,10,4,-426.747,-2.142,-4,0
2024-11-16 09:44:13.763803,81ec2a87-70bc-4a8a-aa86-2de2e1b1ad76,KXHIGHNY-24NOV16-B59.5,51286.236,14,-1.0,61.204,24,76,1,63.3,3.8,-12.9,-6.8,-28.8,-11.0,14.8,50.8,25.3,100,0,31599.94,45.4,15.8,0,0,1.704,2.096,0.0,0.0,0.0,1,4,24,72,10,4,-418.309,-17.283,-24,0
2024-11-16 09:44:19.032626,30312498-6b10-4b18-8b97-225360a6d872,KXHIGHNY-24NOV16-B61.5,51280.967,7,1.0,61.196,69,31,1,63.3,1.8,-14.9,-8.8,-30.8,-13.0,14.8,50.8,25.3,100,0,31599.94,45.4,15.8,0,0,-0.304,2.104,0.0,0.0,0.0,1,4,24,69,10,4,-402.543,26.493,31,1
2024-11-16 09:44:27.876765,04d67b44-efe8-454f-9923-41641f1d1931,KXHIGHNY-24NOV16-B59.5,51272.123,59,-1.0,61.196,24,76,1,63.3,3.8,-12.9,-6.8,-28.8,-11.0,14.8,50.8,25.3,100,0,31599.94,45.4,15.8,0,0,1.696,2.104,0.0,0.0,0.0,1,4,24,69,10,4,-402.543,-17.255,-24,0
2024-11-16 09:45:00.895128,d442c8a8-d1fb-4e21-af3f-807611629d1f,KXHIGHNY-24NOV16-B61.5,51239.105,7,1.0,61.182,64,36,0,63.3,1.8,-14.9,-8.8,-30.8,-13.0,14.8,50.8,25.3,100,0,31599.94,45.4,15.8,0,0,-0.318,2.118,0.0,0.0,0.0,1,4,24,64,10,4,-376.558,-31.491,-36,1
2024-11-16 09:45:13.654819,34054160-7808-44ef-b099-8936569ff43b,KXHIGHNY-24NOV16-B59.5,51226.345,3,-1.0,61.182,24,76,1,63.3,3.8,-12.9,-6.8,-28.8,-11.0,14.8,50.8,25.3,100,0,31599.94,45.4,15.8,0,0,1.682,2.118,0.0,0.0,0.0,1,4,24,64,10,4,-376.558,-17.253,-24,0
2024-11-16 09:45:15.692652,455b6fde-cd24-4e14-9bad-be6a0812e8c6,KXHIGHNY-24NOV16-B57.5,51224.307,12,-3.0,61.182,4,96,1,63.3,5.8,-10.9,-4.8,-26.8,-9.0,14.8,50.8,25.3,100,0,31599.94,45.4,15.8,0,0,3.682,2.118,0.0,0.0,0.0,1,4,24,64,10,4,-376.558,-1.25,-4,0
2024-11-16 09:45:15.692652,20def29d-44af-4e07-841e-f79bf5d6b0d1,KXHIGHNY-24NOV16-B57.5,51224.307,46,-3.0,61.148,5,95,1,63.3,5.8,-10.9,-4.8,-26.8,-9.0,14.8,50.8,25.3,100,0,31599.94,45.4,15.8,0,0,3.648,2.152,0.0,0.0,0.0,1,5,24,64,10,4,-379.06,-2.248,-5,0
2024-11-16 09:45:31.385826,5df0d82c-9071-468a-a952-86ee45815135,KXHIGHNY-24NOV16-B59.5,51208.614,39,-1.0,61.148,24,76,1,63.3,3.8,-12.9,-6.8,-28.8,-11.0,14.8,50.8,25.3,100,0,31599.94,45.4,15.8,0,0,1.648,2.152,0.0,0.0,0.0,1,5,24,64,10,4,-379.06,-17.252,-24,0
2024-11-16 09:45:36.260839,d82cd15b-b48d-4da3-928e-3d5ca25385f7,KXHIGHNY-24NOV16-B59.5,51203.739,7,-1.0,61.148,24,76,1,63.3,3.8,-12.9,-6.8,-28.8,-11.0,14.8,50.8,25.3,100,0,31599.94,45.4,15.8,0,0,1.648,2.152,0.0,0.0,0.0,1,5,24,64,10,4,-379.06,-17.225,-24,0
2024-11-16 09:45:59.747234,708f56ca-9ea4-4153-8116-8c0f9e259249,KXHIGHNY-24NOV16-B59.5,51180.253,3,-1.0,61.228,19,81,0,63.3,3.8,-12.9,-6.8,-28.8,-11.0,14.8,50.8,25.3,100,0,31599.94,45.4,15.8,0,0,1.728,2.072,0.0,0.0,0.0,1,5,19,64,10,4,-358.731,12.22,19,0
2024-11-16 09:45:59.747234,19c2bc25-dc6f-451f-8a4d-abcf3736f6a6,KXHIGHNY-24NOV16-B59.5,51180.253,56,-1.0,61.245,18,82,0,63.3,3.8,-12.9,-6.8,-28.8,-11.0,14.8,50.8,25.3,100,0,31599.94,45.4,15.8,0,0,1.745,2.055,0.0,0.0,0.0,1,5,18,64,10,4,-354.813,11.222,18,0
2024-11-16 09:46:11.122435,ef8cb844-f828-4771-89a5-aa42e318ca2d,KXHIGHNY-24NOV16-B59.5,51168.878,95,-1.0,61.133,25,75,1,63.3,3.8,-12.9,-6.8,-28.8,-11.0,14.8,50.8,25.3,100,0,31599.94,45.4,15.8,0,0,1.633,2.167,0.0,0.0,0.0,1,5,25,64,10,4,-383.259,-18.219,-25,0
2024-11-16 09:46:43.525827,aba23ec8-72ab-41f0-9151-5df7454a6a8a,KXHIGHNY-24NOV16-B59.5,51136.474,3,-1.0,61.133,25,75,1,63.3,3.8,-12.9,-6.8,-28.8,-11.0,14.8,50.8,25.3,100,0,31599.94,45.4,15.8,0,0,1.633,2.167,0.0,0.0,0.0,1,5,25,64,10,4,-383.259,-18.217,-25,0
2024-11-16 09:46:50.634710,b93ab9fe-7f12-45de-8699-20b67b4ccc01,KXHIGHNY-24NOV16-B59.5,51129.365,28,-1.0,61.118,26,74,1,63.3,3.8,-12.9,-6.8,-28.8,-11.0,14.8,50.8,25.3,100,0,31599.94,45.4,15.8,0,0,1.618,2.182,0.0,0.0,0.0,1,5,26,64,10,4,-387.497,-19.212,-26,0
2024-11-16 09:46:50.634710,0ead1766-0e02-42d9-a48f-e59f049b6afc,KXHIGHNY-24NOV16-B59.5,51129.365,7,-1.0,61.133,25,75,1,63.3,3.8,-12.9,-6.8,-28.8,-11.0,14.8,50.8,25.3,100,0,31599.94,45.4,15.8,0,0,1.633,2.167,0.0,0.0,0.0,1,5,25,64,10,4,-383.259,-18.216,-25,0
2024-11-16 09:46:52.423018,e2295426-fa05-4dfa-8305-3e6c4533a7f8,KXHIGHNY-24NOV16-B61.5,51127.577,10,1.0,61.146,68,32,0,63.3,1.8,-14.9,-8.8,-30.8,-13.0,14.8,50.8,25.3,100,0,31599.94,45.4,15.8,0,0,-0.354,2.154,0.0,0.0,0.0,1,5,25,68,10,4,-404.017,-27.488,-32,1
2024-11-16 09:46:52.423018,1d5a5baf-c109-430a-bd8a-b91c5c51e620,KXHIGHNY-24NOV16-B61.5,51127.577,4,1.0,61.133,64,36,0,63.3,1.8,-14.9,-8.8,-30.8,-13.0,14.8,50.8,25.3,100,0,31599.94,45.4,15.8,0,0,-0.367,2.167,0.0,0.0,0.0,1,5,25,64,10,4,-383.259,-31.488,-36,1
2024-11-16 09:47:17.707078,6707c5d1-8ef9-4881-af94-9fd695d7fbc2,KXHIGHNY-24NOV16-T64,51102.293,100,5.0,61.173,5,95,1,63.3,-2.2,-18.9,-12.8,-34.8,-17.0,14.8,50.8,25.3,100,0,31599.94,45.4,15.8,0,0,-4.327,2.127,0.0,0.0,0.0,1,5,25,64,10,5,-385.761,-3.14,-5,0
2024-11-16 09:47:35.518325,27b66e22-5f6f-4ba9-9d23-76165f2ce879,KXHIGHNY-24NOV16-T64,51084.482,160,5.0,61.212,6,94,1,63.3,-2.2,-18.9,-12.8,-34.8,-17.0,14.8,50.8,25.3,100,0,31599.94,45.4,15.8,0,0,-4.288,2.088,0.0,0.0,0.0,1,5,25,64,10,6,-388.464,-4.137,-6,0
2024-11-16 09:47:35.518325,82fa5f8b-8049-49ef-9350-58552cdff0fb,KXHIGHNY-24NOV16-T64,51084.482,80,5.0,61.212,6,94,1,63.3,-2.2,-18.9,-12.8,-34.8,-17.0,14.8,50.8,25.3,100,0,31599.94,45.4,15.8,0,0,-4.288,2.088,0.0,0.0,0.0,1,5,25,64,10,6,-388.464,-4.136,-6,0
2024-11-16 09:47:35.518325,c0be8034-fc0d-40c8-a4c6-facccc1dc033,KXHIGHNY-24NOV16-T64,51084.482,300,5.0,61.212,6,94,1,63.3,-2.2,-18.9,-12.8,-34.8,-17.0,14.8,50.8,25.3,100,0,31599.94,45.4,15.8,0,0,-4.288,2.088,0.0,0.0,0.0,1,5,25,64,10,6,-388.464,-4.134,-6,0
2024-11-16 09:48:04.379584,45d57d4b-2773-4496-afd9-5933deea208b,KXHIGHNY-24NOV16-B63.5,51055.62,75,3.0,61.272,13,87,1,63.3,-0.2,-16.9,-10.8,-32.8,-15.0,14.8,50.8,25.3,100,0,31599.94,45.4,15.8,0,0,-2.228,2.028,0.0,0.0,0.0,1,5,25,64,13,6,-398.783,-8.271,-13,0
2024-11-16 09:48:58.720777,db4a7088-8f5d-4900-9b64-a65789958f96,KXHIGHNY-24NOV16-T64,51001.279,240,5.0,61.272,6,94,1,63.3,-2.2,-18.9,-12.8,-34.8,-17.0,14.8,50.8,25.3,100,0,31599.94,45.4,15.8,0,0,-4.228,2.028,0.0,0.0,0.0,1,5,25,64,13,6,-398.783,-4.081,-6,0
2024-11-16 09:48:58.720777,a7bf735d-5e38-4ea8-9bcc-5e1c4b04a817,KXHIGHNY-24NOV16-T64,51001.279,55,5.0,61.309,7,93,1,63.3,-2.2,-18.9,-12.8,-34.8,-17.0,14.8,50.8,25.3,100,0,31599.94,45.4,15.8,0,0,-4.191,1.991,0.0,0.0,0.0,1,5,25,64,13,7,-401.653,-5.082,-7,0
2024-11-16 09:48:58.720777,9625ef2c-0426-4076-963c-a2f3a15e1ed0,KXHIGHNY-24NOV16-T64,51001.279,1000,5.0,61.309,7,93,1,63.3,-2.2,-18.9,-12.8,-34.8,-17.0,14.8,50.8,25.3,100,0,31599.94,45.4,15.8,0,0,-4.191,1.991,0.0,0.0,0.0,1,5,25,64,13,7,-401.653,-5.082,-7,0
2024-11-16 09:48:58.720777,2856a0bf-e379-483d-b778-92d3f8563459,KXHIGHNY-24NOV16-T64,51001.279,80,5.0,61.309,7,93,1,63.3,-2.2,-18.9,-12.8,-34.8,-17.0,14.8,50.8,25.3,100,0,31599.94,45.4,15.8,0,0,-4.191,1.991,0.0,0.0,0.0,1,5,25,64,13,7,-401.653,-5.082,-7,0
2024-11-16 09:49:47.784977,ab063239-de6a-4982-bd5c-6750b803597a,KXHIGHNY-24NOV16-B59.5,50952.215,3,-1.0,61.309,25,75,1,63.3,3.8,-12.9,-6.8,-28.8,-11.0,14.8,50.8,25.3,100,0,31599.94,45.4,15.8,0,0,1.809,1.991,0.0,0.0,0.0,1,5,25,64,13,7,-401.653,-18.209,-25,0
2024-11-16 09:50:53.287527,861bdf14-d524-46a7-8136-425e35dc8be6,KXHIGHNY-24NOV16-B61.5,50886.712,5,1.0,61.314,67,33,1,63.3,1.8,-14.9,-8.8,-30.8,-13.0,14.8,50.8,25.3,100,0,31599.94,45.4,15.8,0,0,-0.186,1.986,0.0,0.0,0.0,1,5,25,67,13,7,-417.199,28.487,33,1
2024-11-16 09:51:11.872070,f9625fd1-b977-40c5-ba29-292c46aab493,KXHIGHNY-24NOV16-B63.5,50868.128,36,3.0,61.314,13,87,1,63.3,-0.2,-16.9,-10.8,-32.8,-15.0,14.8,50.8,25.3,100,0,31599.94,45.4,15.8,0,0,-2.186,1.986,0.0,0.0,0.0,1,5,25,67,13,7,-417.199,-8.27,-13,0
2024-11-16 09:51:26.735373,0f367ee6-b666-4a7c-b5fa-37a4e078840f,KXHIGHNY-24NOV16-B59.5,50853.265,10,-1.0,61.345,23,77,0,63.3,3.8,-12.9,-6.8,-28.8,-11.0,14.8,50.8,25.3,100,0,31599.94,45.4,15.8,0,0,1.845,1.955,0.0,0.0,0.0,1,5,23,67,13,7,-408.844,16.209,23,0
2024-11-16 09:51:30.578837,acf84c4e-dcf3-44e8-90b0-8aaa91b77248,KXHIGHNY-24NOV16-B63.5,50849.421,12,3.0,61.345,13,87,1,63.3,-0.2,-16.9,-10.8,-32.8,-15.0,14.8,50.8,25.3,100,0,31599.94,45.4,15.8,0,0,-2.155,1.955,0.0,0.0,0.0,1,5,23,67,13,7,-408.844,-8.269,-13,0
2024-11-16 09:51:40.136476,24fc059b-d958-4113-b831-db6226602719,KXHIGHNY-24NOV16-B63.5,50839.864,12,3.0,61.345,13,87,1,63.3,-0.2,-16.9,-10.8,-32.8,-15.0,14.8,50.8,25.3,100,0,31599.94,45.4,15.8,0,0,-2.155,1.955,0.0,0.0,0.0,1,5,23,67,13,7,-408.844,-8.264,-13,0
2024-11-16 09:51:55.831507,f62e7f7b-307c-43a2-b48b-380e62fdb66b,KXHIGHNY-24NOV16-B63.5,50824.168,100,3.0,61.345,13,87,1,63.3,-0.2,-16.9,-10.8,-32.8,-15.0,14.8,50.8,25.3,100,0,31599.94,45.4,15.8,0,0,-2.155,1.955,0.0,0.0,0.0,1,5,23,67,13,7,-408.844,-8.263,-13,0
2024-11-16 09:52:34.230033,efd440bd-7db6-42aa-9a98-86fb1174be53,KXHIGHNY-24NOV16-B63.5,50785.77,9,3.0,61.345,13,87,1,63.3,-0.2,-16.9,-10.8,-32.8,-15.0,14.8,50.8,25.3,100,0,31599.94,45.4,15.8,0,0,-2.155,1.955,0.0,0.0,0.0,1,5,23,67,13,7,-408.844,-8.247,-13,0
2024-11-16 09:52:34.412941,74e32af6-2906-47d7-9c55-21e636692e31,KXHIGHNY-24NOV16-B59.5,50785.587,107,-1.0,61.314,25,75,1,63.3,3.8,-12.9,-6.8,-28.8,-11.0,14.8,50.8,25.3,100,0,31599.94,45.4,15.8,0,0,1.814,1.986,0.0,0.0,0.0,1,5,25,67,13,7,-417.199,-18.212,-25,0
2024-11-16 09:52:36.948201,7fdee4ba-08ee-4e6f-832b-46400f89c432,KXHIGHNY-24NOV16-B61.5,50783.052,23,1.0,61.309,64,36,0,63.3,1.8,-14.9,-8.8,-30.8,-13.0,14.8,50.8,25.3,100,0,31599.94,45.4,15.8,0,0,-0.191,1.991,0.0,0.0,0.0,1,5,25,64,13,7,-401.653,-31.487,-36,1
2024-11-16 09:52:38.993590,516e5b4a-be2d-4594-9f3b-4ebcb11499fb,KXHIGHNY-24NOV16-B63.5,50781.006,1,3.0,61.309,13,87,1,63.3,-0.2,-16.9,-10.8,-32.8,-15.0,14.8,50.8,25.3,100,0,31599.94,45.4,15.8,0,0,-2.191,1.991,0.0,0.0,0.0,1,5,25,64,13,7,-401.653,-8.247,-13,0
2024-11-16 09:52:39.254150,ffa44767-9a5f-412f-841c-a71c596aa6c7,KXHIGHNY-24NOV16-B63.5,50780.746,9,3.0,61.309,13,87,1,63.3,-0.2,-16.9,-10.8,-32.8,-15.0,14.8,50.8,25.3,100,0,31599.94,45.4,15.8,0,0,-2.191,1.991,0.0,0.0,0.0,1,5,25,64,13,7,-401.653,-8.24,-13,0
2024-11-16 09:52:59.514236,c07e2c6c-7a95-4933-a112-ad912d68091f,KXHIGHNY-24NOV16-B61.5,50760.486,100,1.0,61.307,63,37,0,63.3,1.8,-14.9,-8.8,-30.8,-13.0,14.8,50.8,25.3,100,0,31599.94,45.4,15.8,0,0,-0.193,1.993,0.0,0.0,0.0,1,5,25,63,13,7,-396.502,-32.48,-37,1
2024-11-16 09:52:59.514236,567dc2da-daae-4f45-a085-48f624920648,KXHIGHNY-24NOV16-B61.5,50760.486,73,1.0,61.309,64,36,0,63.3,1.8,-14.9,-8.8,-30.8,-13.0,14.8,50.8,25.3,100,0,31599.94,45.4,15.8,0,0,-0.191,1.991,0.0,0.0,0.0,1,5,25,64,13,7,-401.653,-31.48,-36,1
2024-11-16 09:52:59.514236,51c63345-1896-481e-b398-a3153d9973c5,KXHIGHNY-24NOV16-B61.5,50760.486,50,1.0,61.307,63,37,0,63.3,1.8,-14.9,-8.8,-30.8,-13.0,14.8,50.8,25.3,100,0,31599.94,45.4,15.8,0,0,-0.193,1.993,0.0,0.0,0.0,1,5,25,63,13,7,-396.502,-32.482,-37,1
2024-11-16 09:53:05.092360,067669e4-5eba-4878-b4e4-b2ca242cf40b,KXHIGHNY-24NOV16-B59.5,50754.908,71,-1.0,61.307,25,75,1,63.3,3.8,-12.9,-6.8,-28.8,-11.0,14.8,50.8,25.3,100,0,31599.94,45.4,15.8,0,0,1.807,1.993,0.0,0.0,0.0,1,5,25,63,13,7,-396.502,-18.223,-25,0
2024-11-16 09:53:05.092360,7272d1f4-130a-4c97-8f45-008f3b710dbc,KXHIGHNY-24NOV16-B59.5,50754.908,100,-1.0,61.276,27,73,1,63.3,3.8,-12.9,-6.8,-28.8,-11.0,14.8,50.8,25.3,100,0,31599.94,45.4,15.8,0,0,1.776,2.024,0.0,0.0,0.0,1,5,27,63,13,7,-405.018,-20.286,-27,0
2024-11-16 09:53:05.092360,263977c0-a806-4e7c-92a8-6d43093f4abc,KXHIGHNY-24NOV16-B59.5,50754.908,9,-1.0,61.261,28,72,1,63.3,3.8,-12.9,-6.8,-28.8,-11.0,14.8,50.8,25.3,100,0,31599.94,45.4,15.8,0,0,1.761,2.039,0.0,0.0,0.0,1,5,28,63,13,7,-409.332,-21.225,-28,0
2024-11-16 09:53:12.298790,58362685-1b01-4e25-84ee-389c29cd1b86,KXHIGHNY-24NOV16-B63.5,50747.701,11,3.0,61.248,10,90,0,63.3,-0.2,-16.9,-10.8,-32.8,-15.0,14.8,50.8,25.3,100,0,31599.94,45.4,15.8,0,0,-2.252,2.052,0.0,0.0,0.0,1,5,25,63,10,7,-386.184,5.238,10,0
2024-11-16 09:53:15.251086,b6627582-b0d9-4c00-a9e5-f0c2a80da3b3,KXHIGHNY-24NOV16-B63.5,50744.749,36,3.0,61.307,13,87,1,63.3,-0.2,-16.9,-10.8,-32.8,-15.0,14.8,50.8,25.3,100,0,31599.94,45.4,15.8,0,0,-2.193,1.993,0.0,0.0,0.0,1,5,25,63,13,7,-396.502,-8.236,-13,0
2024-11-16 09:53:32.537802,c571381b-5aac-4d08-aa6d-a29b9b387360,KXHIGHNY-24NOV16-B63.5,50727.462,12,3.0,61.326,14,86,1,63.3,-0.2,-16.9,-10.8,-32.8,-15.0,14.8,50.8,25.3,100,0,31599.94,45.4,15.8,0,0,-2.174,1.974,0.0,0.0,0.0,1,5,25,63,14,7,-400.105,-9.235,-14,0
2024-11-16 09:53:40.719029,73149ef7-8231-4761-b84a-f0ec42341c01,KXHIGHNY-24NOV16-B63.5,50719.281,6,3.0,61.326,14,86,1,63.3,-0.2,-16.9,-10.8,-32.8,-15.0,14.8,50.8,25.3,100,0,31599.94,45.4,15.8,0,0,-2.174,1.974,0.0,0.0,0.0,1,5,25,63,14,7,-400.105,-9.235,-14,0
2024-11-16 09:53:53.630171,b6a08739-6b83-4931-9893-fdd3039c8bc0,KXHIGHNY-24NOV16-B61.5,50706.37,1,1.0,61.323,61,39,0,63.3,1.8,-14.9,-8.8,-30.8,-13.0,14.8,50.8,25.3,100,0,31599.94,45.4,15.8,0,0,-0.177,1.977,0.0,0.0,0.0,1,5,25,61,14,7,-389.851,-34.48,-39,1
2024-11-16 09:54:01.703538,c173d9ac-c291-46fb-91eb-4718d546bc4c,KXHIGHNY-24NOV16-B63.5,50698.296,3,3.0,61.304,13,87,1,63.3,-0.2,-16.9,-10.8,-32.8,-15.0,14.8,50.8,25.3,100,0,31599.94,45.4,15.8,0,0,-2.196,1.996,0.0,0.0,0.0,1,5,25,61,13,7,-386.248,-8.235,-13,0
2024-11-16 09:54:22.840093,2c8a5bd4-b660-4f15-8d51-b32907dd9e72,KXHIGHNY-24NOV16-B63.5,50677.16,1,3.0,61.304,13,87,1,63.3,-0.2,-16.9,-10.8,-32.8,-15.0,14.8,50.8,25.3,100,0,31599.94,45.4,15.8,0,0,-2.196,1.996,0.0,0.0,0.0,1,5,25,61,13,7,-386.248,-8.235,-13,0
2024-11-16 09:54:38.718464,1e763f42-b5cf-417e-8829-2e2b515c615a,KXHIGHNY-24NOV16-B63.5,50661.282,1,3.0,61.304,13,87,1,63.3,-0.2,-16.9,-10.8,-32.8,-15.0,14.8,50.8,25.3,100,0,31599.94,45.4,15.8,0,0,-2.196,1.996,0.0,0.0,0.0,1,5,25,61,13,7,-386.248,-8.235,-13,0
2024-11-16 09:54:48.912627,5c264701-bd7f-4de8-9b83-623d18368d2e,KXHIGHNY-24NOV16-B61.5,50651.087,1,1.0,61.315,68,32,1,63.3,1.8,-14.9,-8.8,-30.8,-13.0,14.8,50.8,25.3,100,0,31599.94,45.4,15.8,0,0,-0.185,1.985,0.0,0.0,0.0,1,5,25,68,13,7,-422.411,27.478,32,1
2024-11-16 09:55:05.331921,eaf1e535-f21b-45d3-82d8-069764c0fefa,KXHIGHNY-24NOV16-B61.5,50634.668,100,1.0,61.315,68,32,1,63.3,1.8,-14.9,-8.8,-30.8,-13.0,14.8,50.8,25.3,100,0,31599.94,45.4,15.8,0,0,-0.185,1.985,0.0,0.0,0.0,1,5,25,68,13,7,-422.411,27.475,32,1
2024-11-16 09:55:05.331921,debb68bd-04a9-4760-b86e-896bacaa10b1,KXHIGHNY-24NOV16-B61.5,50634.668,43,1.0,61.315,68,32,1,63.3,1.8,-14.9,-8.8,-30.8,-13.0,14.8,50.8,25.3,100,0,31599.94,45.4,15.8,0,0,-0.185,1.985,0.0,0.0,0.0,1,5,25,68,13,7,-422.411,27.476,32,1
2024-11-16 09:55:05.331921,834f7be6-8df0-4054-8b02-9d1d0a0a3c88,KXHIGHNY-24NOV16-B61.5,50634.668,80,1.0,61.315,68,32,1,63.3,1.8,-14.9,-8.8,-30.8,-13.0,14.8,50.8,25.3,100,0,31599.94,45.4,15.8,0,0,-0.185,1.985,0.0,0.0,0.0,1,5,25,68,13,7,-422.411,27.476,32,1
2024-11-16 09:55:24.186777,333ef7d0-3a87-4c4b-a953-21ccc0afeeb0,KXHIGHNY-24NOV16-B63.5,50615.813,25,3.0,61.315,13,87,1,63.3,-0.2,-16.9,-10.8,-32.8,-15.0,14.8,50.8,25.3,100,0,31599.94,45.4,15.8,0,0,-2.185,1.985,0.0,0.0,0.0,1,5,25,68,13,7,-422.411,-8.234,-13,0
2024-11-16 09:55:24.186777,2c75e3bf-bfa3-4bd1-87c6-7388bb537119,KXHIGHNY-24NOV16-B63.5,50615.813,119,3.0,61.315,13,87,1,63.3,-0.2,-16.9,-10.8,-32.8,-15.0,14.8,50.8,25.3,100,0,31599.94,45.4,15.8,0,0,-2.185,1.985,0.0,0.0,0.0,1,5,25,68,13,7,-422.411,-8.235,-13,0
2024-11-16 09:56:25.668070,cb7e9b30-f164-48a5-a780-b1211766a017,KXHIGHNY-24NOV16-B61.5,50554.332,17,1.0,61.315,68,32,1,63.3,1.8,-14.9,-8.8,-30.8,-13.0,14.8,50.8,25.3,100,0,31599.94,45.4,15.8,0,0,-0.185,1.985,0.0,0.0,0.0,1,5,25,68,13,7,-422.411,27.471,32,1
2024-11-16 09:56:25.668070,2b05d9da-ec77-4617-bac7-49266a1245e9,KXHIGHNY-24NOV16-B61.5,50554.332,100,1.0,61.317,69,31,1,63.3,1.8,-14.9,-8.8,-30.8,-13.0,14.8,50.8,25.3,100,0,31599.94,45.4,15.8,0,0,-0.183,1.983,0.0,0.0,0.0,1,5,25,69,13,7,-427.638,26.472,31,1
2024-11-16 09:56:25.668070,26b9f781-5280-4772-b48c-ddaa54f7cdfd,KXHIGHNY-24NOV16-B61.5,50554.332,24,1.0,61.318,70,30,1,63.3,1.8,-14.9,-8.8,-30.8,-13.0,14.8,50.8,25.3,100,0,31599.94,45.4,15.8,0,0,-0.182,1.982,0.0,0.0,0.0,1,5,25,70,13,7,-432.879,25.472,30,1
2024-11-16 09:56:27.064281,36770c64-12e0-4323-b43b-f1f8eee4e06f,KXHIGHNY-24NOV16-B63.5,50552.936,1,3.0,61.318,13,87,1,63.3,-0.2,-16.9,-10.8,-32.8,-15.0,14.8,50.8,25.3,100,0,31599.94,45.4,15.8,0,0,-2.182,1.982,0.0,0.0,0.0,1,5,25,70,13,7,-432.879,-8.234,-13,0
2024-11-16 09:56:47.943548,6339e8e3-e436-4a12-a65a-019f907bb3c2,KXHIGHNY-24NOV16-B61.5,50532.056,20,1.0,61.318,70,30,1,63.3,1.8,-14.9,-8.8,-30.8,-13.0,14.8,50.8,25.3,100,0,31599.94,45.4,15.8,0,0,-0.182,1.982,0.0,0.0,0.0,1,5,25,70,13,7,-432.879,25.471,30,1
2024-11-16 09:57:33.779786,95c8fd9b-db6c-4911-b6c4-43995a9ebee7,KXHIGHNY-24NOV16-B63.5,50486.22,36,3.0,61.318,13,87,1,63.3,-0.2,-16.9,-10.8,-32.8,-15.0,14.8,50.8,25.3,100,0,31599.94,45.4,15.8,0,0,-2.182,1.982,0.0,0.0,0.0,1,5,25,70,13,7,-432.879,-8.234,-13,0
2024-11-16 09:57:38.888030,84594ce1-24c2-4bcb-8c4b-ed85daa2f75e,KXHIGHNY-24NOV16-B63.5,50481.112,36,3.0,61.318,13,87,1,63.3,-0.2,-16.9,-10.8,-32.8,-15.0,14.8,50.8,25.3,100,0,31599.94,45.4,15.8,0,0,-2.182,1.982,0.0,0.0,0.0,1,5,25,70,13,7,-432.879,-8.234,-13,0
2024-11-16 09:57:48.575111,72dd3716-fb06-46d0-b29c-4326b7c425bc,KXHIGHNY-24NOV16-B63.5,50471.425,36,3.0,61.318,13,87,1,63.3,-0.2,-16.9,-10.8,-32.8,-15.0,14.8,50.8,25.3,100,0,31599.94,45.4,15.8,0,0,-2.182,1.982,0.0,0.0,0.0,1,5,25,70,13,7,-432.879,-8.233,-13,0
2024-11-16 09:57:59.554423,46b6d12b-218a-40f3-a034-0906de850a79,KXHIGHNY-24NOV16-B63.5,50460.446,36,3.0,61.318,13,87,1,63.3,-0.2,-16.9,-10.8,-32.8,-15.0,14.8,50.8,25.3,100,0,31599.94,45.4,15.8,0,0,-2.182,1.982,0.0,0.0,0.0,1,5,25,70,13,7,-432.879,-8.231,-13,0
2024-11-16 09:58:23.257319,f27284b5-ffc7-4523-99a2-c8a4e7fa047e,KXHIGHNY-24NOV16-B59.5,50436.743,50,-1.0,61.364,22,78,0,63.3,3.8,-12.9,-6.8,-28.8,-11.0,14.8,50.8,25.3,100,0,31599.94,45.4,15.8,0,0,1.864,1.936,0.0,0.0,0.0,1,5,22,70,13,7,-420.411,15.285,22,0
2024-11-16 09:58:34.717819,c4b9d283-bec0-40c6-a6ba-69dcc062c5b1,KXHIGHNY-24NOV16-B61.5,50425.282,50,1.0,61.364,70,30,1,63.3,1.8,-14.9,-8.8,-30.8,-13.0,14.8,50.8,25.3,100,0,31599.94,45.4,15.8,0,0,-0.136,1.936,0.0,0.0,0.0,1,5,22,70,13,7,-420.411,25.471,30,1
2024-11-16 09:58:54.261207,9b9ee3b7-6390-4be5-b855-5a3b726a2c6d,KXHIGHNY-24NOV16-B59.5,50405.739,67,-1.0,61.303,26,74,1,63.3,3.8,-12.9,-6.8,-28.8,-11.0,14.8,50.8,25.3,100,0,31599.94,45.4,15.8,0,0,1.803,1.997,0.0,0.0,0.0,1,5,26,70,13,7,-437.118,-19.279,-26,0
2024-11-16 09:58:54.261207,7679ac0f-cd97-41eb-899e-99f8208836c0,KXHIGHNY-24NOV16-B59.5,50405.739,100,-1.0,61.303,26,74,1,63.3,3.8,-12.9,-6.8,-28.8,-11.0,14.8,50.8,25.3,100,0,31599.94,45.4,15.8,0,0,1.803,1.997,0.0,0.0,0.0,1,5,26,70,13,7,-437.118,-19.283,-26,0
2024-11-16 09:58:54.261207,216026eb-5bed-4315-b970-85f97052dab1,KXHIGHNY-24NOV16-B59.5,50405.739,33,-1.0,61.289,27,73,1,63.3,3.8,-12.9,-6.8,-28.8,-11.0,14.8,50.8,25.3,100,0,31599.94,45.4,15.8,0,0,1.789,2.011,0.0,0.0,0.0,1,5,27,70,13,7,-441.395,-20.284,-27,0
2024-11-16 09:59:02.116658,046bede0-a2b9-422a-ba73-6b17763e2d2b,KXHIGHNY-24NOV16-B63.5,50397.883,60,3.0,61.306,14,86,1,63.3,-0.2,-16.9,-10.8,-32.8,-15.0,14.8,50.8,25.3,100,0,31599.94,45.4,15.8,0,0,-2.194,1.994,0.0,0.0,0.0,1,5,27,70,14,7,-444.998,-9.231,-14,0
2024-11-16 09:59:02.116658,425f0657-46eb-48fd-934f-da9c4ba9c8e5,KXHIGHNY-24NOV16-B63.5,50397.883,40,3.0,61.289,13,87,1,63.3,-0.2,-16.9,-10.8,-32.8,-15.0,14.8,50.8,25.3,100,0,31599.94,45.4,15.8,0,0,-2.211,2.011,0.0,0.0,0.0,1,5,27,70,13,7,-441.395,-8.228,-13,0
2024-11-16 09:59:17.248547,e93cda6a-d59c-49b3-8cdb-b9212b2336e1,KXHIGHNY-24NOV16-B61.5,50382.751,15,1.0,61.305,69,31,1,63.3,1.8,-14.9,-8.8,-30.8,-13.0,14.8,50.8,25.3,100,0,31599.94,45.4,15.8,0,0,-0.195,1.995,0.0,0.0,0.0,1,5,27,69,14,7,-439.756,26.471,31,1
2024-11-16 09:59:46.265498,5fdc5497-69d8-4737-adcc-dff0b628fda4,KXHIGHNY-24NOV16-B59.5,50353.735,100,-1.0,61.556,12,88,0,63.3,3.8,-12.9,-6.8,-28.8,-11.0,14.8,50.8,25.3,100,0,31599.94,45.4,15.8,0,0,2.056,1.744,0.0,0.0,0.0,1,5,12,69,14,7,-380.588,5.12,12,0
2024-11-16 09:59:46.265498,004e8dd0-5bd6-4263-91ae-15a5321621b2,KXHIGHNY-24NOV16-B59.5,50353.735,250,-1.0,61.72,4,96,0,63.3,3.8,-12.9,-6.8,-28.8,-11.0,14.8,50.8,25.3,100,0,31599.94,45.4,15.8,0,0,2.22,1.58,0.0,0.0,0.0,1,5,4,69,14,7,-356.314,-2.724,4,0
2024-11-16 09:59:46.265498,13219237-4a68-42a0-8049-e3f7c40943a0,KXHIGHNY-24NOV16-B59.5,50353.735,25,-1.0,61.575,11,89,0,63.3,3.8,-12.9,-6.8,-28.8,-11.0,14.8,50.8,25.3,100,0,31599.94,45.4,15.8,0,0,2.075,1.725,0.0,0.0,0.0,1,5,11,69,14,7,-377.146,4.258,11,0
2024-11-16 09:59:46.265498,18cfb13c-4c62-4539-8af1-6c90998b3ca7,KXHIGHNY-24NOV16-B59.5,50353.735,10,-1.0,61.698,5,95,0,63.3,3.8,-12.9,-6.8,-28.8,-11.0,14.8,50.8,25.3,100,0,31599.94,45.4,15.8,0,0,2.198,1.602,0.0,0.0,0.0,1,5,5,69,14,7,-358.816,-1.742,5,0
2024-11-16 09:59:46.265498,1c0f394c-0d8b-4612-b894-61e8b95bba8f,KXHIGHNY-24NOV16-B59.5,50353.735,88,-1.0,61.5,15,85,0,63.3,3.8,-12.9,-6.8,-28.8,-11.0,14.8,50.8,25.3,100,0,31599.94,45.4,15.8,0,0,2.0,1.8,0.0,0.0,0.0,1,5,15,69,14,7,-391.389,8.216,15,0
2024-11-16 09:59:46.265498,36d5168c-36de-4a16-aba0-3c5fa857c296,KXHIGHNY-24NOV16-B59.5,50353.735,150,-1.0,61.635,8,92,0,63.3,3.8,-12.9,-6.8,-28.8,-11.0,14.8,50.8,25.3,100,0,31599.94,45.4,15.8,0,0,2.135,1.665,0.0,0.0,0.0,1,5,8,69,14,7,-367.404,1.174,8,0
2024-11-16 09:59:46.265498,57fbd040-e33a-4c81-8f02-3b02ab7d2df0,KXHIGHNY-24NOV16-B59.5,50353.735,150,-1.0,61.575,11,89,0,63.3,3.8,-12.9,-6.8,-28.8,-11.0,14.8,50.8,25.3,100,0,31599.94,45.4,15.8,0,0,2.075,1.725,0.0,0.0,0.0,1,5,11,69,14,7,-377.146,4.132,11,0
2024-11-16 09:59:46.265498,7ad628c4-9fd0-4e3d-9f25-ef256296eb78,KXHIGHNY-24NOV16-B59.5,50353.735,200,-1.0,61.482,16,84,0,63.3,3.8,-12.9,-6.8,-28.8,-11.0,14.8,50.8,25.3,100,0,31599.94,45.4,15.8,0,0,1.982,1.818,0.0,0.0,0.0,1,5,16,69,14,7,-395.13,9.041,16,0
2024-11-16 09:59:46.265498,71eaf069-303f-416f-af53-2811c393c1d9,KXHIGHNY-24NOV16-B59.5,50353.735,244,-1.0,61.742,3,97,0,63.3,3.8,-12.9,-6.8,-28.8,-11.0,14.8,50.8,25.3,100,0,31599.94,45.4,15.8,0,0,2.242,1.558,0.0,0.0,0.0,1,5,3,69,14,7,-354.065,-3.918,3,0
2024-11-16 09:59:46.265498,82408b7f-9303-480a-89ae-aa06d16d3813,KXHIGHNY-24NOV16-B59.5,50353.735,100,-1.0,61.5,15,85,0,63.3,3.8,-12.9,-6.8,-28.8,-11.0,14.8,50.8,25.3,100,0,31599.94,45.4,15.8,0,0,2.0,1.8,0.0,0.0,0.0,1,5,15,69,14,7,-391.389,8.021,15,0
2024-11-16 09:59:46.265498,81cbf9d0-c171-46eb-be2f-1402d779d46f,KXHIGHNY-24NOV16-B59.5,50353.735,500,-1.0,61.635,8,92,0,63.3,3.8,-12.9,-6.8,-28.8,-11.0,14.8,50.8,25.3,100,0,31599.94,45.4,15.8,0,0,2.135,1.665,0.0,0.0,0.0,1,5,8,69,14,7,-367.404,1.039,8,0
2024-11-16 09:59:46.265498,9e0df1fe-f476-4dd3-973f-16011d39ba4f,KXHIGHNY-24NOV16-B59.5,50353.735,250,-1.0,61.676,6,94,0,63.3,3.8,-12.9,-6.8,-28.8,-11.0,14.8,50.8,25.3,100,0,31599.94,45.4,15.8,0,0,2.176,1.624,0.0,0.0,0.0,1,5,6,69,14,7,-361.519,-0.986,6,0
2024-11-16 09:59:46.265498,a3781e6d-bace-49d6-bc12-f1dafc6c417a,KXHIGHNY-24NOV16-B59.5,50353.735,200,-1.0,61.465,17,83,0,63.3,3.8,-12.9,-6.8,-28.8,-11.0,14.8,50.8,25.3,100,0,31599.94,45.4,15.8,0,0,1.965,1.835,0.0,0.0,0.0,1,5,17,69,14,7,-398.933,10.009,17,0
2024-11-16 09:59:46.265498,ad2986cb-e002-41ef-9fdb-65d1d5ba2cd3,KXHIGHNY-24NOV16-B59.5,50353.735,119,-1.0,61.655,7,93,0,63.3,3.8,-12.9,-6.8,-28.8,-11.0,14.8,50.8,25.3,100,0,31599.94,45.4,15.8,0,0,2.155,1.645,0.0,0.0,0.0,1,5,7,69,14,7,-364.39,-0.002,7,0
2024-11-16 09:59:46.265498,c1b120c4-cfd4-4b1a-b48b-48154a83d0e2,KXHIGHNY-24NOV16-B59.5,50353.735,140,-1.0,61.556,12,88,0,63.3,3.8,-12.9,-6.8,-28.8,-11.0,14.8,50.8,25.3,100,0,31599.94,45.4,15.8,0,0,2.056,1.744,0.0,0.0,0.0,1,5,12,69,14,7,-380.588,4.995,12,0
2024-11-16 09:59:46.265498,c4c690d2-c0c9-418a-9d77-0ac8d450c478,KXHIGHNY-24NOV16-B59.5,50353.735,100,-1.0,61.5,15,85,0,63.3,3.8,-12.9,-6.8,-28.8,-11.0,14.8,50.8,25.3,100,0,31599.94,45.4,15.8,0,0,2.0,1.8,0.0,0.0,0.0,1,5,15,69,14,7,-391.389,7.992,15,0
2024-11-16 09:59:46.265498,c9d8e747-fca5-4701-9bad-680ed0770477,KXHIGHNY-24NOV16-B59.5,50353.735,20,-1.0,61.5,15,85,0,63.3,3.8,-12.9,-6.8,-28.8,-11.0,14.8,50.8,25.3,100,0,31599.94,45.4,15.8,0,0,2.0,1.8,0.0,0.0,0.0,1,5,15,69,14,7,-391.389,7.99,15,0
2024-11-16 09:59:46.265498,e593be06-eb7b-4eed-ab62-1ab43f5dc69f,KXHIGHNY-24NOV16-B59.5,50353.735,100,-1.0,61.614,9,91,0,63.3,3.8,-12.9,-6.8,-28.8,-11.0,14.8,50.8,25.3,100,0,31599.94,45.4,15.8,0,0,2.114,1.686,0.0,0.0,0.0,1,5,9,69,14,7,-370.544,1.988,9,0
2024-11-16 10:00:15.838754,0a0f7a18-b179-4831-a319-fcf837b15016,KXHIGHNY-24NOV16-B59.5,50324.161,34,-1.0,61.447,18,82,1,63.3,3.8,-12.9,-6.8,-28.8,-7.8,11.6,50.8,25.3,100,0,31599.94,45.4,22.0,1,0,1.947,1.853,0.0,0.0,0.0,1,5,18,69,14,7,-402.795,-10.95,-18,0
2024-11-16 10:00:15.838754,04f8163f-71d1-4fb8-a79b-321dd79b10b0,KXHIGHNY-24NOV16-B59.5,50324.161,500,-1.0,61.556,12,88,1,63.3,3.8,-12.9,-6.8,-28.8,-7.8,11.6,50.8,25.3,100,0,31599.94,45.4,22.0,1,0,2.056,1.744,0.0,0.0,0.0,1,5,12,69,14,7,-380.588,-4.975,-12,0
2024-11-16 10:00:15.838754,2e985be1-a2ec-47ab-9717-280c038ee905,KXHIGHNY-24NOV16-B59.5,50324.161,200,-1.0,61.518,14,86,1,63.3,3.8,-12.9,-6.8,-28.8,-7.8,11.6,50.8,25.3,100,0,31599.94,45.4,22.0,1,0,2.018,1.782,0.0,0.0,0.0,1,5,14,69,14,7,-387.716,-6.944,-14,0
2024-11-16 10:01:52.083790,aca7ad56-a020-4a77-8924-5c0443c8b266,KXHIGHNY-24NOV16-B63.5,50227.916,25,3.0,61.537,13,87,0,63.3,-0.2,-16.9,-10.8,-32.8,-11.8,11.6,50.8,25.3,100,0,31599.94,45.4,22.0,1,0,-1.963,1.763,0.0,0.0,0.0,1,5,12,69,13,7,-376.985,8.224,13,0
2024-11-16 10:01:52.083790,9e8ffe01-0750-403f-9dc5-2c12d87cb905,KXHIGHNY-24NOV16-B63.5,50227.916,4,3.0,61.481,10,90,0,63.3,-0.2,-16.9,-10.8,-32.8,-11.8,11.6,50.8,25.3,100,0,31599.94,45.4,22.0,1,0,-2.019,1.819,0.0,0.0,0.0,1,5,12,69,10,7,-366.667,5.225,10,0
2024-11-16 10:01:52.083790,6b349590-4537-4572-b780-2c1a8d362c96,KXHIGHNY-24NOV16-B63.5,50227.916,10,3.0,61.537,13,87,0,63.3,-0.2,-16.9,-10.8,-32.8,-11.8,11.6,50.8,25.3,100,0,31599.94,45.4,22.0,1,0,-1.963,1.763,0.0,0.0,0.0,1,5,12,69,13,7,-376.985,8.226,13,0
2024-11-16 10:01:52.083790,42f46d62-27b8-4d15-a2a2-9388285f11d6,KXHIGHNY-24NOV16-B63.5,50227.916,17,3.0,61.481,10,90,0,63.3,-0.2,-16.9,-10.8,-32.8,-11.8,11.6,50.8,25.3,100,0,31599.94,45.4,22.0,1,0,-2.019,1.819,0.0,0.0,0.0,1,5,12,69,10,7,-366.667,5.226,10,0
2024-11-16 10:02:40.791321,f19145e0-8eae-49f6-b415-b39fb65e7fef,KXHIGHNY-24NOV16-B63.5,50179.209,12,3.0,61.556,14,86,1,63.3,-0.2,-16.9,-10.8,-32.8,-11.8,11.6,50.8,25.3,100,0,31599.94,45.4,22.0,1,0,-1.944,1.744,0.0,0.0,0.0,1,5,12,69,14,7,-380.588,-9.223,-14,0
2024-11-16 10:03:03.082301,f56439fe-fc47-488d-81c6-6e43a741f3d1,KXHIGHNY-24NOV16-B63.5,50156.918,18,3.0,61.556,14,86,1,63.3,-0.2,-16.9,-10.8,-32.8,-11.8,11.6,50.8,25.3,100,0,31599.94,45.4,22.0,1,0,-1.944,1.744,0.0,0.0,0.0,1,5,12,69,14,7,-380.588,-9.222,-14,0
2024-11-16 10:03:13.338749,ecea6dea-02f4-4416-b7d1-1260197961ba,KXHIGHNY-24NOV16-B59.5,50146.661,3,-1.0,61.43,19,81,1,63.3,3.8,-12.9,-6.8,-28.8,-7.8,11.6,50.8,25.3,100,0,31599.94,45.4,22.0,1,0,1.93,1.87,0.0,0.0,0.0,1,5,19,69,14,7,-406.713,-11.926,-19,0
2024-11-16 10:03:22.410152,60ab0ac4-d296-4eab-bda3-ca49c296ed57,KXHIGHNY-24NOV16-B63.5,50137.59,1,3.0,61.43,14,86,1,63.3,-0.2,-16.9,-10.8,-32.8,-11.8,11.6,50.8,25.3,100,0,31599.94,45.4,22.0,1,0,-2.07,1.87,0.0,0.0,0.0,1,5,19,69,14,7,-406.713,-9.222,-14,0
2024-11-16 10:03:42.042867,3863a505-8d36-4cb8-995f-6c5a0a3e6937,KXHIGHNY-24NOV16-B63.5,50117.957,60,3.0,61.43,14,86,1,63.3,-0.2,-16.9,-10.8,-32.8,-11.8,11.6,50.8,25.3,100,0,31599.94,45.4,22.0,1,0,-2.07,1.87,0.0,0.0,0.0,1,5,19,69,14,7,-406.713,-9.222,-14,0
2024-11-16 10:03:50.979534,aa9fc2cd-16dc-42f1-9b7b-f507f1e41f31,KXHIGHNY-24NOV16-B59.5,50109.02,130,-1.0,61.518,14,86,0,63.3,3.8,-12.9,-6.8,-28.8,-7.8,11.6,50.8,25.3,100,0,31599.94,45.4,22.0,1,0,2.018,1.782,0.0,0.0,0.0,1,5,14,69,14,7,-387.716,6.87,14,0
2024-11-16 10:04:13.295166,d24f7d74-8f1f-43be-9d64-fb0f2c9d11da,KXHIGHNY-24NOV16-B63.5,50086.705,86,3.0,61.443,10,90,0,63.3,-0.2,-16.9,-10.8,-32.8,-11.8,11.6,50.8,25.3,100,0,31599.94,45.4,22.0,1,0,-2.057,1.857,0.0,0.0,0.0,1,5,14,69,10,7,-373.795,5.221,10,0
2024-11-16 10:04:13.295166,336866ab-c112-488f-a0b0-e9fc8c851502,KXHIGHNY-24NOV16-B63.5,50086.705,46,3.0,61.443,10,90,0,63.3,-0.2,-16.9,-10.8,-32.8,-11.8,11.6,50.8,25.3,100,0,31599.94,45.4,22.0,1,0,-2.057,1.857,0.0,0.0,0.0,1,5,14,69,10,7,-373.795,5.221,10,0
2024-11-16 10:04:22.613130,f90f9add-3358-4aff-92ab-16e28ea7a684,KXHIGHNY-24NOV16-B57.5,50077.387,100,-3.0,61.598,1,99,0,63.3,5.8,-10.9,-4.8,-26.8,-5.8,11.6,50.8,25.3,100,0,31599.94,45.4,22.0,1,0,4.098,1.702,0.0,0.0,0.0,1,1,14,69,10,7,-365.747,-1.757,1,0
2024-11-16 10:04:28.822272,d4878a1a-d1e0-4dca-8f53-66de37ba9469,KXHIGHNY-24NOV16-B63.5,50071.178,12,3.0,61.687,15,85,1,63.3,-0.2,-16.9,-10.8,-32.8,-11.8,11.6,50.8,25.3,100,0,31599.94,45.4,22.0,1,0,-1.813,1.613,0.0,0.0,0.0,1,1,14,69,15,7,-383.342,-10.219,-15,0
2024-11-16 10:04:28.822272,2258feb9-2406-499e-95af-d0d4b07fc3c2,KXHIGHNY-24NOV16-B63.5,50071.178,94,3.0,61.687,15,85,1,63.3,-0.2,-16.9,-10.8,-32.8,-11.8,11.6,50.8,25.3,100,0,31599.94,45.4,22.0,1,0,-1.813,1.613,0.0,0.0,0.0,1,1,14,69,15,7,-383.342,-10.219,-15,0
2024-11-16 10:04:36.320812,055e2bff-cf9e-451c-8bc6-8ee31e8b80de,KXHIGHNY-24NOV16-B63.5,50063.679,6,3.0,61.687,15,85,1,63.3,-0.2,-16.9,-10.8,-32.8,-11.8,11.6,50.8,25.3,100,0,31599.94,45.4,22.0,1,0,-1.813,1.613,0.0,0.0,0.0,1,1,14,69,15,7,-383.342,-10.217,-15,0
2024-11-16 10:04:40.342866,4963ca33-4205-4f24-888e-eb3137b97301,KXHIGHNY-24NOV16-B63.5,50059.657,3,3.0,61.704,16,84,1,63.3,-0.2,-16.9,-10.8,-32.8,-11.8,11.6,50.8,25.3,100,0,31599.94,45.4,22.0,1,0,-1.796,1.596,0.0,0.0,0.0,1,1,14,69,16,7,-387.083,-11.216,-16,0
2024-11-16 10:04:46.655349,8594ba1a-c40a-4e0c-94d1-d1f083af7f33,KXHIGHNY-24NOV16-B63.5,50053.345,94,3.0,61.687,15,85,0,63.3,-0.2,-16.9,-10.8,-32.8,-11.8,11.6,50.8,25.3,100,0,31599.94,45.4,22.0,1,0,-1.813,1.613,0.0,0.0,0.0,1,1,14,69,15,7,-383.342,10.215,15,0
2024-11-16 10:04:50.953973,a587ee61-6ba6-449c-aedd-a85f7d66f1d6,KXHIGHNY-24NOV16-B61.5,50049.046,14,1.0,61.68,73,27,1,63.3,1.8,-14.9,-8.8,-30.8,-9.8,11.6,50.8,25.3,100,0,31599.94,45.4,22.0,1,0,0.18,1.62,0.0,0.0,0.0,1,1,14,73,15,7,-404.392,22.452,27,1
2024-11-16 10:04:50.953973,556b89d8-506f-4801-9c67-7158b97a2983,KXHIGHNY-24NOV16-B61.5,50049.046,3,1.0,61.682,72,28,1,63.3,1.8,-14.9,-8.8,-30.8,-9.8,11.6,50.8,25.3,100,0,31599.94,45.4,22.0,1,0,0.182,1.618,0.0,0.0,0.0,1,1,14,72,15,7,-399.109,23.452,28,1
2024-11-16 10:04:52.692188,b31ef0b7-6df5-4a68-8bb6-e0e2dd5e74b3,KXHIGHNY-24NOV16-B63.5,50047.308,6,3.0,61.682,15,85,1,63.3,-0.2,-16.9,-10.8,-32.8,-11.8,11.6,50.8,25.3,100,0,31599.94,45.4,22.0,1,0,-1.818,1.618,0.0,0.0,0.0,1,1,14,72,15,7,-399.109,-10.213,-15,0
2024-11-16 10:04:52.692188,8f821928-fe2d-4810-a045-a180145f9928,KXHIGHNY-24NOV16-B63.5,50047.308,23,3.0,61.698,16,84,1,63.3,-0.2,-16.9,-10.8,-32.8,-11.8,11.6,50.8,25.3,100,0,31599.94,45.4,22.0,1,0,-1.802,1.602,0.0,0.0,0.0,1,1,14,72,16,7,-402.85,-11.214,-16,0
2024-11-16 10:05:15.484603,d71c6465-f1c2-45e2-b617-7f389a785b9c,KXHIGHNY-24NOV16-B57.5,50024.515,800,-3.0,61.698,1,99,0,63.3,5.8,-10.9,-4.8,-26.8,-5.8,11.6,50.8,25.3,100,0,31599.94,45.4,22.0,1,0,4.198,1.602,0.0,0.0,0.0,1,1,14,72,16,7,-402.85,-1.759,1,0
2024-11-16 10:05:22.161574,7cd4c713-1093-4cb8-b637-105a9bf1541b,KXHIGHNY-24NOV16-B63.5,50017.838,3,3.0,61.698,16,84,1,63.3,-0.2,-16.9,-10.8,-32.8,-11.8,11.6,50.8,25.3,100,0,31599.94,45.4,22.0,1,0,-1.802,1.602,0.0,0.0,0.0,1,1,14,72,16,7,-402.85,-11.213,-16,0
2024-11-16 10:05:27.308754,23066934-0ef7-4c0a-bce6-0b0d08cf2a60,KXHIGHNY-24NOV16-B61.5,50012.691,25,1.0,61.706,68,32,0,63.3,1.8,-14.9,-8.8,-30.8,-9.8,11.6,50.8,25.3,100,0,31599.94,45.4,22.0,1,0,0.206,1.594,0.0,0.0,0.0,1,1,14,68,16,7,-381.856,-27.425,-32,1
2024-11-16 10:05:28.802637,ed249c7f-289f-4fc7-acb1-b0d6d856df27,KXHIGHNY-24NOV16-B63.5,50011.197,12,3.0,61.706,16,84,1,63.3,-0.2,-16.9,-10.8,-32.8,-11.8,11.6,50.8,25.3,100,0,31599.94,45.4,22.0,1,0,-1.794,1.594,0.0,0.0,0.0,1,1,14,68,16,7,-381.856,-11.213,-16,0
2024-11-16 10:05:32.988982,1fbaa85f-19d1-4a15-859d-14b5684a5de9,KXHIGHNY-24NOV16-B63.5,50007.011,1,3.0,61.599,10,90,0,63.3,-0.2,-16.9,-10.8,-32.8,-11.8,11.6,50.8,25.3,100,0,31599.94,45.4,22.0,1,0,-1.901,1.701,0.0,0.0,0.0,1,1,14,68,10,7,-360.521,5.213,10,0
2024-11-16 10:05:37.476832,c5626024-bf01-4dbc-a990-33cf1ca8a8f2,KXHIGHNY-24NOV16-B61.5,50002.523,25,1.0,61.599,68,32,1,63.3,1.8,-14.9,-8.8,-30.8,-9.8,11.6,50.8,25.3,100,0,31599.94,45.4,22.0,1,0,0.099,1.701,0.0,0.0,0.0,1,1,14,68,10,7,-360.521,27.402,32,1
2024-11-16 10:05:37.476832,302e9318-2ec0-4b3e-89e1-8b242aa89672,KXHIGHNY-24NOV16-B61.5,50002.523,130,1.0,61.595,72,28,1,63.3,1.8,-14.9,-8.8,-30.8,-9.8,11.6,50.8,25.3,100,0,31599.94,45.4,22.0,1,0,0.095,1.705,0.0,0.0,0.0,1,1,14,72,10,7,-381.514,23.402,28,1
2024-11-16 10:05:55.817841,fc084583-3f65-4e84-be93-fa26722359c6,KXHIGHNY-24NOV16-B61.5,49984.182,3,1.0,61.6,67,33,0,63.3,1.8,-14.9,-8.8,-30.8,-9.8,11.6,50.8,25.3,100,0,31599.94,45.4,22.0,1,0,0.1,1.7,0.0,0.0,0.0,1,1,14,67,10,7,-355.308,-28.398,-33,1
2024-11-16 10:06:07.862478,76997117-5e69-45e0-8832-2964923eec8d,KXHIGHNY-24NOV16-B61.5,49972.138,9,1.0,61.6,67,33,0,63.3,1.8,-14.9,-8.8,-30.8,-9.8,11.6,50.8,25.3,100,0,31599.94,45.4,22.0,1,0,0.1,1.7,0.0,0.0,0.0,1,1,14,67,10,7,-355.308,-28.387,-33,1
2024-11-16 10:06:24.130472,4f3596c1-2436-4cb2-9bee-5e0502bdb8c3,KXHIGHNY-24NOV16-B63.5,49955.87,3,3.0,61.708,16,84,1,63.3,-0.2,-16.9,-10.8,-32.8,-11.8,11.6,50.8,25.3,100,0,31599.94,45.4,22.0,1,0,-1.792,1.592,0.0,0.0,0.0,1,1,14,67,16,7,-376.644,-11.212,-16,0
2024-11-16 10:06:29.898487,a6d2d4ed-47ed-48e7-9b4f-f47e52fcafca,KXHIGHNY-24NOV16-B61.5,49950.102,90,1.0,61.696,73,27,1,63.3,1.8,-14.9,-8.8,-30.8,-9.8,11.6,50.8,25.3,100,0,31599.94,45.4,22.0,1,0,0.196,1.604,0.0,0.0,0.0,1,1,14,73,16,7,-408.133,22.387,27,1
2024-11-16 10:07:50.584806,2e39a84e-bce4-411d-b36a-21dffd1f41e8,KXHIGHNY-24NOV16-B63.5,49869.415,56,3.0,61.696,16,84,1,63.3,-0.2,-16.9,-10.8,-32.8,-11.8,11.6,50.8,25.3,100,0,31599.94,45.4,22.0,1,0,-1.804,1.604,0.0,0.0,0.0,1,1,14,73,16,7,-408.133,-11.212,-16,0
2024-11-16 10:07:50.584806,e9f61618-f0e6-4737-8996-363ef843fa25,KXHIGHNY-24NOV16-B63.5,49869.415,16,3.0,61.696,16,84,1,63.3,-0.2,-16.9,-10.8,-32.8,-11.8,11.6,50.8,25.3,100,0,31599.94,45.4,22.0,1,0,-1.804,1.604,0.0,0.0,0.0,1,1,14,73,16,7,-408.133,-11.211,-16,0
2024-11-16 10:08:06.048256,32df2447-1f5c-40e7-ade8-82629e8214bd,KXHIGHNY-24NOV16-B61.5,49853.952,13,1.0,61.696,73,27,0,63.3,1.8,-14.9,-8.8,-30.8,-9.8,11.6,50.8,25.3,100,0,31599.94,45.4,22.0,1,0,0.196,1.604,0.0,0.0,0.0,1,1,14,73,16,7,-408.133,-22.368,-27,1
2024-11-16 10:08:16.170199,4e1ad39e-e736-427f-8be2-419fdaf6bfe9,KXHIGHNY-24NOV16-B59.5,49843.83,56,-1.0,61.716,13,87,0,63.3,3.8,-12.9,-6.8,-28.8,-7.8,11.6,50.8,25.3,100,0,31599.94,45.4,22.0,1,0,2.216,1.584,0.0,0.0,0.0,1,1,13,73,16,7,-404.531,5.814,13,0
2024-11-16 10:08:56.858748,45ca60f6-fa34-4a35-85e8-51b30ffa01fa,KXHIGHNY-24NOV16-B59.5,49803.141,1,-1.0,61.736,12,88,0,63.3,3.8,-12.9,-6.8,-28.8,-7.8,11.6,50.8,25.3,100,0,31599.94,45.4,22.0,1,0,2.236,1.564,0.0,0.0,0.0,1,1,12,73,16,7,-401.005,4.737,12,0
2024-11-16 10:08:56.858748,25916db1-61cf-455b-b0c0-5f9ce26e86c2,KXHIGHNY-24NOV16-B59.5,49803.141,14,-1.0,61.716,13,87,0,63.3,3.8,-12.9,-6.8,-28.8,-7.8,11.6,50.8,25.3,100,0,31599.94,45.4,22.0,1,0,2.216,1.584,0.0,0.0,0.0,1,1,13,73,16,7,-404.531,5.787,13,0
2024-11-16 10:09:11.469496,6cc5971e-a0eb-41fa-a5c4-664e7dbc971c,KXHIGHNY-24NOV16-B61.5,49788.531,3,1.0,61.705,79,21,1,63.3,1.8,-14.9,-8.8,-30.8,-9.8,11.6,50.8,25.3,100,0,31599.94,45.4,22.0,1,0,0.205,1.595,0.0,0.0,0.0,1,1,13,79,16,7,-436.514,16.353,21,1
2024-11-16 10:09:49.464160,081b59dd-e198-4769-8a4e-0f5a81d2fae2,KXHIGHNY-24NOV16-B61.5,49750.536,24,1.0,61.705,79,21,1,63.3,1.8,-14.9,-8.8,-30.8,-9.8,11.6,50.8,25.3,100,0,31599.94,45.4,22.0,1,0,0.205,1.595,0.0,0.0,0.0,1,1,13,79,16,7,-436.514,16.353,21,1
2024-11-16 10:10:14.179447,a96dd4dd-ecde-411f-83bb-a2341d5939f6,KXHIGHNY-24NOV16-B63.5,49725.821,1,3.0,61.75,19,81,1,63.3,-0.2,-16.9,-10.8,-32.8,-11.8,11.6,50.8,25.3,100,0,31599.94,45.4,22.0,1,0,-1.75,1.55,0.0,0.0,0.0,1,1,13,79,19,7,-448.096,-14.21,-19,0
2024-11-16 10:10:21.089447,c550cf36-fbe6-431c-9da3-5fc527c4c03e,KXHIGHNY-24NOV16-B61.5,49718.911,1,1.0,61.75,79,21,1,63.3,1.8,-14.9,-8.8,-30.8,-9.8,11.6,50.8,25.3,100,0,31599.94,45.4,22.0,1,0,0.25,1.55,0.0,0.0,0.0,1,1,13,79,19,7,-448.096,16.352,21,1
2024-11-16 10:10:35.140296,11cb0ca1-633e-425c-926f-6264e55c818d,KXHIGHNY-24NOV16-B57.5,49704.86,36,-3.0,61.75,1,99,0,63.3,5.8,-10.9,-4.8,-26.8,-5.8,11.6,50.8,25.3,100,0,31599.94,45.4,22.0,1,0,4.25,1.55,0.0,0.0,0.0,1,1,13,79,19,7,-448.096,-1.756,1,0
2024-11-16 10:10:35.140296,6867e5c0-64f2-484e-93fb-198ff67660f1,KXHIGHNY-24NOV16-B57.5,49704.86,569,-3.0,61.75,1,99,0,63.3,5.8,-10.9,-4.8,-26.8,-5.8,11.6,50.8,25.3,100,0,31599.94,45.4,22.0,1,0,4.25,1.55,0.0,0.0,0.0,1,1,13,79,19,7,-448.096,-1.752,1,0
2024-11-16 10:10:37.022616,60c0f6a2-e410-4e20-8037-7791137d873e,KXHIGHNY-24NOV16-B61.5,49702.977,12,1.0,61.754,77,23,1,63.3,1.8,-14.9,-8.8,-30.8,-9.8,11.6,50.8,25.3,100,0,31599.94,45.4,22.0,1,0,0.254,1.546,0.0,0.0,0.0,1,1,13,77,19,7,-437.383,18.352,23,1
2024-11-16 10:10:47.089348,911e5fbd-332e-45e9-b8fe-42858652921b,KXHIGHNY-24NOV16-B63.5,49692.911,3,3.0,61.769,20,80,1,63.3,-0.2,-16.9,-10.8,-32.8,-11.8,11.6,50.8,25.3,100,0,31599.94,45.4,22.0,1,0,-1.731,1.531,0.0,0.0,0.0,1,1,13,77,20,7,-441.353,-15.21,-20,0
2024-11-16 10:10:52.896368,112f3dfe-46b8-4362-aca3-98ed7265a5bb,KXHIGHNY-24NOV16-B63.5,49687.104,3,3.0,61.769,20,80,1,63.3,-0.2,-16.9,-10.8,-32.8,-11.8,11.6,50.8,25.3,100,0,31599.94,45.4,22.0,1,0,-1.731,1.531,0.0,0.0,0.0,1,1,13,77,20,7,-441.353,-15.208,-20,0
2024-11-16 10:10:58.932501,57ea188a-bcb6-40e5-8223-1346fdb9f3d9,KXHIGHNY-24NOV16-B63.5,49681.067,24,3.0,61.769,20,80,1,63.3,-0.2,-16.9,-10.8,-32.8,-11.8,11.6,50.8,25.3,100,0,31599.94,45.4,22.0,1,0,-1.731,1.531,0.0,0.0,0.0,1,1,13,77,20,7,-441.353,-15.206,-20,0
2024-11-16 10:10:58.932501,08b6e689-a2e8-4944-9b20-456d909980cd,KXHIGHNY-24NOV16-B63.5,49681.067,102,3.0,61.811,23,77,1,63.3,-0.2,-16.9,-10.8,-32.8,-11.8,11.6,50.8,25.3,100,0,31599.94,45.4,22.0,1,0,-1.689,1.489,0.0,0.0,0.0,1,1,13,77,23,7,-453.555,-18.207,-23,0
2024-11-16 10:11:08.714969,dcd8e4e0-f798-4ff2-9289-ee98642f31e1,KXHIGHNY-24NOV16-B59.5,49671.285,19,-1.0,61.831,12,88,0,63.3,3.8,-12.9,-6.8,-28.8,-7.8,11.6,50.8,25.3,100,0,31599.94,45.4,22.0,1,0,2.331,1.469,0.0,0.0,0.0,1,1,12,77,23,7,-450.03,4.732,12,0
2024-11-16 10:11:10.089363,f9122c65-f7f8-40b4-966d-02e13dc14a77,KXHIGHNY-24NOV16-B63.5,49669.911,3,3.0,61.831,23,77,1,63.3,-0.2,-16.9,-10.8,-32.8,-11.8,11.6,50.8,25.3,100,0,31599.94,45.4,22.0,1,0,-1.669,1.469,0.0,0.0,0.0,1,1,12,77,23,7,-450.03,-18.161,-23,0
2024-11-16 10:11:34.408167,ac4ec426-05e3-4d7e-b999-18174cb382a3,KXHIGHNY-24NOV16-B59.5,49645.592,5,-1.0,61.831,12,88,0,63.3,3.8,-12.9,-6.8,-28.8,-7.8,11.6,50.8,25.3,100,0,31599.94,45.4,22.0,1,0,2.331,1.469,0.0,0.0,0.0,1,1,12,77,23,7,-450.03,4.639,12,0
2024-11-16 10:11:34.408167,2f9dc97f-8904-45c1-afd1-f6613a1c2295,KXHIGHNY-24NOV16-B59.5,49645.592,64,-1.0,61.831,12,88,0,63.3,3.8,-12.9,-6.8,-28.8,-7.8,11.6,50.8,25.3,100,0,31599.94,45.4,22.0,1,0,2.331,1.469,0.0,0.0,0.0,1,1,12,77,23,7,-450.03,4.704,12,0
2024-11-16 10:11:51.150735,de7dab14-c3f0-49ec-88e5-f8bc89150c8d,KXHIGHNY-24NOV16-B63.5,49628.849,18,3.0,61.831,23,77,1,63.3,-0.2,-16.9,-10.8,-32.8,-11.8,11.6,50.8,25.3,100,0,31599.94,45.4,22.0,1,0,-1.669,1.469,0.0,0.0,0.0,1,1,12,77,23,7,-450.03,-18.161,-23,0
2024-11-16 10:12:04.922239,e4b8a17e-0149-4ee6-9547-bb16a0b4fb64,KXHIGHNY-24NOV16-B59.5,49615.078,25,-1.0,61.756,16,84,1,63.3,3.8,-12.9,-6.8,-28.8,-7.8,11.6,50.8,25.3,100,0,31599.94,45.4,22.0,1,0,2.256,1.544,0.0,0.0,0.0,1,1,16,77,23,7,-464.572,-8.558,-16,0
2024-11-16 10:12:04.922239,d2863030-47e5-4bad-a8a1-d2ce59f45dd2,KXHIGHNY-24NOV16-B59.5,49615.078,10,-1.0,61.756,16,84,1,63.3,3.8,-12.9,-6.8,-28.8,-7.8,11.6,50.8,25.3,100,0,31599.94,45.4,22.0,1,0,2.256,1.544,0.0,0.0,0.0,1,1,16,77,23,7,-464.572,-8.585,-16,0
2024-11-16 10:12:06.616886,be511e9f-7c22-4a6f-bb80-124c37a9de69,KXHIGHNY-24NOV16-B63.5,49613.383,12,3.0,61.756,23,77,1,63.3,-0.2,-16.9,-10.8,-32.8,-11.8,11.6,50.8,25.3,100,0,31599.94,45.4,22.0,1,0,-1.744,1.544,0.0,0.0,0.0,1,1,16,77,23,7,-464.572,-18.154,-23,0
2024-11-16 10:12:16.036494,d10e36aa-9b74-4958-b745-e44e5792a480,KXHIGHNY-24NOV16-B63.5,49603.964,3,3.0,61.756,23,77,1,63.3,-0.2,-16.9,-10.8,-32.8,-11.8,11.6,50.8,25.3,100,0,31599.94,45.4,22.0,1,0,-1.744,1.544,0.0,0.0,0.0,1,1,16,77,23,7,-464.572,-18.152,-23,0
2024-11-16 10:12:37.986977,49bd1377-86cd-49ad-8f37-776660c5bfdd,KXHIGHNY-24NOV16-B63.5,49582.013,12,3.0,61.728,21,79,1,63.3,-0.2,-16.9,-10.8,-32.8,-11.8,11.6,50.8,25.3,100,0,31599.94,45.4,22.0,1,0,-1.772,1.572,0.0,0.0,0.0,1,1,16,77,21,7,-456.391,-16.152,-21,0
2024-11-16 10:12:55.362426,2eefa74b-acd5-4204-af60-9b7a27ebdc58,KXHIGHNY-24NOV16-B63.5,49564.638,12,3.0,61.742,22,78,1,63.3,-0.2,-16.9,-10.8,-32.8,-11.8,11.6,50.8,25.3,100,0,31599.94,45.4,22.0,1,0,-1.758,1.558,0.0,0.0,0.0,1,1,16,77,22,7,-460.459,-17.152,-22,0
2024-11-16 10:13:19.600307,06576a7a-093f-4499-ae0b-60168805e8b1,KXHIGHNY-24NOV16-B63.5,49540.4,4,3.0,61.742,22,78,1,63.3,-0.2,-16.9,-10.8,-32.8,-11.8,11.6,50.8,25.3,100,0,31599.94,45.4,22.0,1,0,-1.758,1.558,0.0,0.0,0.0,1,1,16,77,22,7,-460.459,-17.151,-22,0
2024-11-16 10:13:23.802466,ff7be9e2-b5df-41bb-b6aa-5e6e23043db0,KXHIGHNY-24NOV16-B63.5,49536.198,3,3.0,61.728,21,79,1,63.3,-0.2,-16.9,-10.8,-32.8,-11.8,11.6,50.8,25.3,100,0,31599.94,45.4,22.0,1,0,-1.772,1.572,0.0,0.0,0.0,1,1,16,77,21,7,-456.391,-16.151,-21,0
2024-11-16 10:13:34.052608,a15dd923-180c-4915-b4f6-b55540e8f849,KXHIGHNY-24NOV16-T64,49525.947,16,5.0,61.601,3,97,1,63.3,-2.2,-18.9,-12.8,-34.8,-13.8,11.6,50.8,25.3,100,0,31599.94,45.4,22.0,1,0,-3.899,1.699,0.0,0.0,0.0,1,1,16,77,21,3,-446.065,-1.079,-3,0
2024-11-16 10:13:44.075502,a75c774d-ff2b-4697-b701-ff57af35e448,KXHIGHNY-24NOV16-B59.5,49515.924,10,-1.0,61.619,15,85,0,63.3,3.8,-12.9,-6.8,-28.8,-7.8,11.6,50.8,25.3,100,0,31599.94,45.4,22.0,1,0,2.119,1.681,0.0,0.0,0.0,1,1,15,77,21,3,-442.325,7.55,15,0
2024-11-16 10:13:49.510506,d5af2dcf-e236-488e-aa36-fc1f2cd35a85,KXHIGHNY-24NOV16-B61.5,49510.489,10,1.0,61.627,69,31,1,63.3,1.8,-14.9,-8.8,-30.8,-9.8,11.6,50.8,25.3,100,0,31599.94,45.4,22.0,1,0,0.127,1.673,0.0,0.0,0.0,1,1,15,69,21,3,-400.005,26.351,31,1
2024-11-16 10:14:04.269962,7650c523-b768-41e1-8a97-942c43a85061,KXHIGHNY-24NOV16-B59.5,49495.73,91,-1.0,61.627,15,85,0,63.3,3.8,-12.9,-6.8,-28.8,-7.8,11.6,50.8,25.3,100,0,31599.94,45.4,22.0,1,0,2.127,1.673,0.0,0.0,0.0,1,1,15,69,21,3,-400.005,7.531,15,0
2024-11-16 10:14:13.126648,607d833f-44e6-4ef9-913a-4d0505c8d897,KXHIGHNY-24NOV16-B63.5,49486.873,4,3.0,61.557,17,83,0,63.3,-0.2,-16.9,-10.8,-32.8,-11.8,11.6,50.8,25.3,100,0,31599.94,45.4,22.0,1,0,-1.943,1.743,0.0,0.0,0.0,1,1,15,69,17,3,-384.235,12.147,17,0
2024-11-16 10:14:31.352829,bf15fdd0-4b39-4b3e-b513-04e881dddc3a,KXHIGHNY-24NOV16-B59.5,49468.647,100,-1.0,61.519,17,83,1,63.3,3.8,-12.9,-6.8,-28.8,-7.8,11.6,50.8,25.3,100,0,31599.94,45.4,22.0,1,0,2.019,1.781,0.0,0.0,0.0,1,1,17,69,17,3,-391.778,-9.359,-17,0
2024-11-16 10:14:31.352829,972f7872-f28b-4643-b2c5-5fb6bbb14f80,KXHIGHNY-24NOV16-B59.5,49468.647,100,-1.0,61.519,17,83,1,63.3,3.8,-12.9,-6.8,-28.8,-7.8,11.6,50.8,25.3,100,0,31599.94,45.4,22.0,1,0,2.019,1.781,0.0,0.0,0.0,1,1,17,69,17,3,-391.778,-9.412,-17,0
2024-11-16 10:14:31.352829,60cb952a-3e1b-47e0-a54e-eb2dd39726b2,KXHIGHNY-24NOV16-B59.5,49468.647,99,-1.0,61.557,15,85,1,63.3,3.8,-12.9,-6.8,-28.8,-7.8,11.6,50.8,25.3,100,0,31599.94,45.4,22.0,1,0,2.057,1.743,0.0,0.0,0.0,1,1,15,69,17,3,-384.235,-7.476,-15,0
2024-11-16 10:14:31.352829,0c13998b-7603-46e5-8152-ada47d74d728,KXHIGHNY-24NOV16-B59.5,49468.647,64,-1.0,61.557,15,85,1,63.3,3.8,-12.9,-6.8,-28.8,-7.8,11.6,50.8,25.3,100,0,31599.94,45.4,22.0,1,0,2.057,1.743,0.0,0.0,0.0,1,1,15,69,17,3,-384.235,-7.478,-15,0
2024-11-16 10:14:44.346512,e5e39e89-f413-447f-a377-b0ad4dd170ed,KXHIGHNY-24NOV16-T64,49455.653,240,5.0,61.593,4,96,1,63.3,-2.2,-18.9,-12.8,-34.8,-13.8,11.6,50.8,25.3,100,0,31599.94,45.4,22.0,1,0,-3.907,1.707,0.0,0.0,0.0,1,1,15,69,17,4,-386.484,-2.049,-4,0
2024-11-16 10:14:44.346512,5a2025b1-ac05-467c-a460-0061971fc0fe,KXHIGHNY-24NOV16-T64,49455.653,154,5.0,61.63,5,95,1,63.3,-2.2,-18.9,-12.8,-34.8,-13.8,11.6,50.8,25.3,100,0,31599.94,45.4,22.0,1,0,-3.87,1.67,0.0,0.0,0.0,1,1,15,69,17,5,-388.986,-3.054,-5,0
2024-11-16 10:14:44.346512,046c20d1-2be5-41b0-b530-1fa3f813596d,KXHIGHNY-24NOV16-T64,49455.653,984,5.0,61.557,3,97,1,63.3,-2.2,-18.9,-12.8,-34.8,-13.8,11.6,50.8,25.3,100,0,31599.94,45.4,22.0,1,0,-3.943,1.743,0.0,0.0,0.0,1,1,15,69,17,3,-384.235,-1.078,-3,0
2024-11-16 10:15:27.849756,25c5b877-a91b-4867-9cad-8ed834f9fe86,KXHIGHNY-24NOV16-B63.5,49412.15,104,3.0,61.644,22,78,1,63.3,-0.2,-16.9,-10.8,-32.8,-11.8,11.6,50.8,25.3,100,0,31599.94,45.4,22.0,1,0,-1.856,1.656,0.0,0.0,0.0,1,1,15,69,22,3,-404.073,-17.147,-22,0
2024-11-16 10:15:27.849756,a9be7ca9-960a-4ba8-bddb-5f6b18994566,KXHIGHNY-24NOV16-B63.5,49412.15,10,3.0,61.627,21,79,1,63.3,-0.2,-16.9,-10.8,-32.8,-11.8,11.6,50.8,25.3,100,0,31599.94,45.4,22.0,1,0,-1.873,1.673,0.0,0.0,0.0,1,1,15,69,21,3,-400.005,-16.146,-21,0
2024-11-16 10:15:27.849756,57991e27-4757-45c9-9c4e-7831e8a89717,KXHIGHNY-24NOV16-B63.5,49412.15,100,3.0,61.61,20,80,1,63.3,-0.2,-16.9,-10.8,-32.8,-11.8,11.6,50.8,25.3,100,0,31599.94,45.4,22.0,1,0,-1.89,1.69,0.0,0.0,0.0,1,1,15,69,20,3,-395.985,-15.146,-20,0
2024-11-16 10:15:27.849756,c27a485f-bc7a-4650-9ca0-89f630b2a923,KXHIGHNY-24NOV16-B63.5,49412.15,84,3.0,61.644,22,78,1,63.3,-0.2,-16.9,-10.8,-32.8,-11.8,11.6,50.8,25.3,100,0,31599.94,45.4,22.0,1,0,-1.856,1.656,0.0,0.0,0.0,1,1,15,69,22,3,-404.073,-17.145,-22,0
2024-11-16 10:15:27.849756,b051fd33-4b76-4487-a415-83e913f71cca,KXHIGHNY-24NOV16-B63.5,49412.15,12,3.0,61.644,22,78,1,63.3,-0.2,-16.9,-10.8,-32.8,-11.8,11.6,50.8,25.3,100,0,31599.94,45.4,22.0,1,0,-1.856,1.656,0.0,0.0,0.0,1,1,15,69,22,3,-404.073,-17.146,-22,0
2024-11-16 10:15:27.849756,e74f605b-e3ed-4541-a706-6de5a8db69db,KXHIGHNY-24NOV16-B63.5,49412.15,115,3.0,61.661,23,77,1,63.3,-0.2,-16.9,-10.8,-32.8,-11.8,11.6,50.8,25.3,100,0,31599.94,45.4,22.0,1,0,-1.839,1.639,0.0,0.0,0.0,1,1,15,69,23,3,-408.186,-18.145,-23,0
2024-11-16 10:16:11.217127,b16f9577-975e-4021-a0db-826468a4623b,KXHIGHNY-24NOV16-T64,49368.783,35,5.0,61.679,4,96,1,63.3,-2.2,-18.9,-12.8,-34.8,-13.8,11.6,50.8,25.3,100,0,31599.94,45.4,22.0,1,0,-3.821,1.621,0.0,0.0,0.0,1,1,15,69,22,4,-406.322,-2.048,-4,0
2024-11-16 10:16:33.767711,52021f87-5db6-4d6f-a924-79ddaa92d622,KXHIGHNY-24NOV16-B59.5,49346.232,57,-1.0,61.622,18,82,1,63.3,3.8,-12.9,-6.8,-28.8,-7.8,11.6,50.8,25.3,100,0,31599.94,45.4,22.0,1,0,2.122,1.678,0.0,0.0,0.0,1,1,18,69,22,4,-417.728,-10.346,-18,0
2024-11-16 10:16:48.337263,b07e0277-7e01-4177-bd74-38e152a18bea,KXHIGHNY-24NOV16-B63.5,49331.663,3,3.0,61.622,22,78,1,63.3,-0.2,-16.9,-10.8,-32.8,-11.8,11.6,50.8,25.3,100,0,31599.94,45.4,22.0,1,0,-1.878,1.678,0.0,0.0,0.0,1,1,18,69,22,4,-417.728,-17.145,-22,0
2024-11-16 10:16:54.386090,297c7152-7718-4e96-9d04-38a86fdf4533,KXHIGHNY-24NOV16-B63.5,49325.614,12,3.0,61.554,18,82,0,63.3,-0.2,-16.9,-10.8,-32.8,-11.8,11.6,50.8,25.3,100,0,31599.94,45.4,22.0,1,0,-1.946,1.746,0.0,0.0,0.0,1,1,18,69,18,4,-401.752,13.145,18,0
2024-11-16 10:16:57.911877,a21df9ae-fb27-4d08-a8be-8567d28ed4a7,KXHIGHNY-24NOV16-B63.5,49322.088,120,3.0,61.554,18,82,0,63.3,-0.2,-16.9,-10.8,-32.8,-11.8,11.6,50.8,25.3,100,0,31599.94,45.4,22.0,1,0,-1.946,1.746,0.0,0.0,0.0,1,1,18,69,18,4,-401.752,13.143,18,0
2024-11-16 10:17:33.156597,425bf246-c60c-48dc-940c-11a5d40acf6e,KXHIGHNY-24NOV16-B59.5,49286.843,57,-1.0,61.573,17,83,0,63.3,3.8,-12.9,-6.8,-28.8,-7.8,11.6,50.8,25.3,100,0,31599.94,45.4,22.0,1,0,2.073,1.727,0.0,0.0,0.0,1,1,17,69,18,4,-397.89,9.333,17,0
2024-11-16 10:17:50.612333,7efada12-fb64-4720-87ba-90dd2515ae66,KXHIGHNY-24NOV16-B63.5,49269.388,3,3.0,61.657,23,77,1,63.3,-0.2,-16.9,-10.8,-32.8,-11.8,11.6,50.8,25.3,100,0,31599.94,45.4,22.0,1,0,-1.843,1.643,0.0,0.0,0.0,1,1,17,69,23,4,-417.98,-18.144,-23,0
2024-11-16 10:17:56.533953,0fc88a87-f6c4-4cad-a0c4-e9e09d47824e,KXHIGHNY-24NOV16-B63.5,49263.466,3,3.0,61.657,23,77,1,63.3,-0.2,-16.9,-10.8,-32.8,-11.8,11.6,50.8,25.3,100,0,31599.94,45.4,22.0,1,0,-1.843,1.643,0.0,0.0,0.0,1,1,17,69,23,4,-417.98,-18.136,-23,0
2024-11-16 10:18:07.562470,d578ae08-13cb-49b2-8e6b-a4231eeddc2a,KXHIGHNY-24NOV16-B63.5,49252.438,3,3.0,61.64,22,78,1,63.3,-0.2,-16.9,-10.8,-32.8,-11.8,11.6,50.8,25.3,100,0,31599.94,45.4,22.0,1,0,-1.86,1.66,0.0,0.0,0.0,1,1,17,69,22,4,-413.866,-17.135,-22,0
2024-11-16 10:18:12.504178,8a736138-1d21-46cd-8826-749476e13ac5,KXHIGHNY-24NOV16-B63.5,49247.496,12,3.0,61.64,22,78,1,63.3,-0.2,-16.9,-10.8,-32.8,-11.8,11.6,50.8,25.3,100,0,31599.94,45.4,22.0,1,0,-1.86,1.66,0.0,0.0,0.0,1,1,17,69,22,4,-413.866,-17.135,-22,0
2024-11-16 10:18:17.867919,8772eeaf-b3c0-4421-9abb-7d5f7149d113,KXHIGHNY-24NOV16-B63.5,49242.132,12,3.0,61.657,23,77,1,63.3,-0.2,-16.9,-10.8,-32.8,-11.8,11.6,50.8,25.3,100,0,31599.94,45.4,22.0,1,0,-1.843,1.643,0.0,0.0,0.0,1,1,17,69,23,4,-417.98,-18.128,-23,0
2024-11-16 10:18:22.034868,b7d955b3-b41d-4c5e-afab-19e13c72eb6f,KXHIGHNY-24NOV16-B63.5,49237.965,12,3.0,61.657,23,77,1,63.3,-0.2,-16.9,-10.8,-32.8,-11.8,11.6,50.8,25.3,100,0,31599.94,45.4,22.0,1,0,-1.843,1.643,0.0,0.0,0.0,1,1,17,69,23,4,-417.98,-18.105,-23,0
2024-11-16 10:18:28.963909,19f80666-1c3b-4b5b-a381-8ac37ac64527,KXHIGHNY-24NOV16-B63.5,49231.036,3,3.0,61.657,23,77,1,63.3,-0.2,-16.9,-10.8,-32.8,-11.8,11.6,50.8,25.3,100,0,31599.94,45.4,22.0,1,0,-1.843,1.643,0.0,0.0,0.0,1,1,17,69,23,4,-417.98,-18.104,-23,0
2024-11-16 10:18:31.639605,ac61f4d2-8419-4dae-bdd4-5ca0ec90d8c9,KXHIGHNY-24NOV16-B63.5,49228.36,100,3.0,61.657,23,77,1,63.3,-0.2,-16.9,-10.8,-32.8,-11.8,11.6,50.8,25.3,100,0,31599.94,45.4,22.0,1,0,-1.843,1.643,0.0,0.0,0.0,1,1,17,69,23,4,-417.98,-18.095,-23,0
2024-11-16 10:18:31.639605,74b5b79b-cbe4-475d-908a-3509965caeb4,KXHIGHNY-24NOV16-B63.5,49228.36,62,3.0,61.657,23,77,1,63.3,-0.2,-16.9,-10.8,-32.8,-11.8,11.6,50.8,25.3,100,0,31599.94,45.4,22.0,1,0,-1.843,1.643,0.0,0.0,0.0,1,1,17,69,23,4,-417.98,-18.103,-23,0
2024-11-16 10:18:31.639605,746cd854-eaf6-4309-89d2-9a41c54960aa,KXHIGHNY-24NOV16-B63.5,49228.36,44,3.0,61.657,23,77,1,63.3,-0.2,-16.9,-10.8,-32.8,-11.8,11.6,50.8,25.3,100,0,31599.94,45.4,22.0,1,0,-1.843,1.643,0.0,0.0,0.0,1,1,17,69,23,4,-417.98,-18.103,-23,0
2024-11-16 10:18:43.447566,444c5a52-bf5b-481b-8410-798f7903e2e3,KXHIGHNY-24NOV16-B59.5,49216.552,26,-1.0,61.638,18,82,1,63.3,3.8,-12.9,-6.8,-28.8,-7.8,11.6,50.8,25.3,100,0,31599.94,45.4,22.0,1,0,2.138,1.662,0.0,0.0,0.0,1,1,18,69,23,4,-421.842,-10.308,-18,0
2024-11-16 10:18:50.811105,59714de8-f5e5-40aa-a371-7008338e6101,KXHIGHNY-24NOV16-B63.5,49209.189,21,3.0,61.622,22,78,1,63.3,-0.2,-16.9,-10.8,-32.8,-11.8,11.6,50.8,25.3,100,0,31599.94,45.4,22.0,1,0,-1.878,1.678,0.0,0.0,0.0,1,1,18,69,22,4,-417.728,-17.095,-22,0
2024-11-16 10:18:51.297668,fb0f17ca-8169-4a60-a66f-913baf9b708f,KXHIGHNY-24NOV16-B63.5,49208.702,16,3.0,61.571,19,81,0,63.3,-0.2,-16.9,-10.8,-32.8,-11.8,11.6,50.8,25.3,100,0,31599.94,45.4,22.0,1,0,-1.929,1.729,0.0,0.0,0.0,1,1,18,69,19,4,-405.67,14.088,19,0
2024-11-16 10:18:51.297668,faae4224-2708-4d84-bb49-60a67abe3cc7,KXHIGHNY-24NOV16-B63.5,49208.702,44,3.0,61.554,18,82,0,63.3,-0.2,-16.9,-10.8,-32.8,-11.8,11.6,50.8,25.3,100,0,31599.94,45.4,22.0,1,0,-1.946,1.746,0.0,0.0,0.0,1,1,18,69,18,4,-401.752,13.088,18,0
2024-11-16 10:19:26.734826,a7a4971b-be4d-441c-ad44-fa23f5a0547e,KXHIGHNY-24NOV16-B59.5,49173.265,1,-1.0,61.554,18,82,1,63.3,3.8,-12.9,-6.8,-28.8,-7.8,11.6,50.8,25.3,100,0,31599.94,45.4,22.0,1,0,2.054,1.746,0.0,0.0,0.0,1,1,18,69,18,4,-401.752,-10.296,-18,0
2024-11-16 10:19:30.609326,1c9c6081-19b1-4b35-82da-4c0ae2af5241,KXHIGHNY-24NOV16-B63.5,49169.391,3,3.0,61.622,22,78,1,63.3,-0.2,-16.9,-10.8,-32.8,-11.8,11.6,50.8,25.3,100,0,31599.94,45.4,22.0,1,0,-1.878,1.678,0.0,0.0,0.0,1,1,18,69,22,4,-417.728,-17.088,-22,0
2024-11-16 10:19:37.712895,4fa01181-4f97-48eb-b49e-d6800204f591,KXHIGHNY-24NOV16-B61.5,49162.287,98,1.0,61.621,70,30,1,63.3,1.8,-14.9,-8.8,-30.8,-9.8,11.6,50.8,25.3,100,0,31599.94,45.4,22.0,1,0,0.121,1.679,0.0,0.0,0.0,1,1,18,70,22,4,-422.969,25.35,30,1
2024-11-16 10:19:37.712895,0281a480-795a-480e-a4ec-381adc952ae0,KXHIGHNY-24NOV16-B61.5,49162.287,100,1.0,61.622,69,31,1,63.3,1.8,-14.9,-8.8,-30.8,-9.8,11.6,50.8,25.3,100,0,31599.94,45.4,22.0,1,0,0.122,1.678,0.0,0.0,0.0,1,1,18,69,22,4,-417.728,26.35,31,1
2024-11-16 10:19:37.712895,a2372eb4-78d3-48d3-9403-60f4af54ca87,KXHIGHNY-24NOV16-B61.5,49162.287,1,1.0,61.624,67,33,1,63.3,1.8,-14.9,-8.8,-30.8,-9.8,11.6,50.8,25.3,100,0,31599.94,45.4,22.0,1,0,0.124,1.676,0.0,0.0,0.0,1,1,18,67,22,4,-407.289,28.306,33,1
2024-11-16 10:19:37.712895,6855c681-16b2-47d3-bc94-59c7fed90fb2,KXHIGHNY-24NOV16-B61.5,49162.287,1218,1.0,61.622,69,31,1,63.3,1.8,-14.9,-8.8,-30.8,-9.8,11.6,50.8,25.3,100,0,31599.94,45.4,22.0,1,0,0.122,1.678,0.0,0.0,0.0,1,1,18,69,22,4,-417.728,26.343,31,1
2024-11-16 10:19:39.542418,55291e55-e51f-4535-88b5-398e3e4a78bc,KXHIGHNY-24NOV16-B63.5,49160.458,3,3.0,61.638,23,77,1,63.3,-0.2,-16.9,-10.8,-32.8,-11.8,11.6,50.8,25.3,100,0,31599.94,45.4,22.0,1,0,-1.862,1.662,0.0,0.0,0.0,1,1,18,69,23,4,-421.842,-18.088,-23,0
2024-11-16 10:19:44.594963,998491f2-79fc-4e8c-9163-ec60df19f084,KXHIGHNY-24NOV16-T64,49155.405,191,5.0,61.57,2,98,0,63.3,-2.2,-18.9,-12.8,-34.8,-13.8,11.6,50.8,25.3,100,0,31599.94,45.4,22.0,1,0,-3.93,1.73,0.0,0.0,0.0,1,1,18,69,23,2,-417.683,0.048,2,0
2024-11-16 10:19:44.594963,77e7aa02-75a6-43bc-8e68-ae6ae5770d51,KXHIGHNY-24NOV16-T64,49155.405,816,5.0,61.535,1,99,0,63.3,-2.2,-18.9,-12.8,-34.8,-13.8,11.6,50.8,25.3,100,0,31599.94,45.4,22.0,1,0,-3.965,1.765,0.0,0.0,0.0,1,1,18,69,23,1,-416.296,-0.952,1,0
2024-11-16 10:19:44.594963,2bc10cb8-00ab-4dc0-8f7e-f66f641891ed,KXHIGHNY-24NOV16-T64,49155.405,200,5.0,61.57,2,98,0,63.3,-2.2,-18.9,-12.8,-34.8,-13.8,11.6,50.8,25.3,100,0,31599.94,45.4,22.0,1,0,-3.93,1.73,0.0,0.0,0.0,1,1,18,69,23,2,-417.683,0.048,2,0
2024-11-16 10:19:44.594963,0302fd6e-a351-4a65-bf9a-515062ff195a,KXHIGHNY-24NOV16-T64,49155.405,168,5.0,61.57,2,98,0,63.3,-2.2,-18.9,-12.8,-34.8,-13.8,11.6,50.8,25.3,100,0,31599.94,45.4,22.0,1,0,-3.93,1.73,0.0,0.0,0.0,1,1,18,69,23,2,-417.683,0.048,2,0
2024-11-16 10:19:52.660768,142b5fe0-c3e5-4dd9-882f-8b29a3e82e87,KXHIGHNY-24NOV16-B63.5,49147.339,3,3.0,61.57,23,77,1,63.3,-0.2,-16.9,-10.8,-32.8,-11.8,11.6,50.8,25.3,100,0,31599.94,45.4,22.0,1,0,-1.93,1.73,0.0,0.0,0.0,1,1,18,69,23,2,-417.683,-18.088,-23,0
2024-11-16 10:19:56.187599,d935a4ad-192a-44ed-8122-3efce9e668cb,KXHIGHNY-24NOV16-B59.5,49143.812,100,-1.0,61.588,17,83,0,63.3,3.8,-12.9,-6.8,-28.8,-7.8,11.6,50.8,25.3,100,0,31599.94,45.4,22.0,1,0,2.088,1.712,0.0,0.0,0.0,1,1,17,69,23,2,-413.821,9.28,17,0
2024-11-16 10:20:24.237525,923e2399-2868-473d-94e2-ba00e214b8a8,KXHIGHNY-24NOV16-B63.5,49115.762,3,3.0,61.571,22,78,1,63.3,-0.2,-16.9,-10.8,-32.8,-11.8,11.6,50.8,25.3,100,0,31599.94,45.4,22.0,1,0,-1.929,1.729,0.0,0.0,0.0,1,1,17,69,22,2,-409.707,-17.087,-22,0
2024-11-16 10:20:24.562593,75164857-1ab3-4a35-89f4-0b25d5b725c7,KXHIGHNY-24NOV16-B63.5,49115.437,39,3.0,61.571,22,78,1,63.3,-0.2,-16.9,-10.8,-32.8,-11.8,11.6,50.8,25.3,100,0,31599.94,45.4,22.0,1,0,-1.929,1.729,0.0,0.0,0.0,1,1,17,69,22,2,-409.707,-17.087,-22,0
2024-11-16 10:21:05.993786,3e7ce810-12e8-492f-8d09-97829a1fdb6d,KXHIGHNY-24NOV16-B63.5,49074.006,1,3.0,61.536,20,80,0,63.3,-0.2,-16.9,-10.8,-32.8,-11.8,11.6,50.8,25.3,100,0,31599.94,45.4,22.0,1,0,-1.964,1.764,0.0,0.0,0.0,1,1,17,69,20,2,-401.619,15.087,20,0
2024-11-16 10:21:15.062931,566ab853-2a49-4c42-9eb8-c4470d01debd,KXHIGHNY-24NOV16-B63.5,49064.937,100,3.0,61.554,21,79,1,63.3,-0.2,-16.9,-10.8,-32.8,-11.8,11.6,50.8,25.3,100,0,31599.94,45.4,22.0,1,0,-1.946,1.746,0.0,0.0,0.0,1,1,17,69,21,2,-405.639,-16.087,-21,0
2024-11-16 10:21:30.088655,9d78e1d4-86be-46e4-853a-142fa370ccd7,KXHIGHNY-24NOV16-B61.5,49049.911,79,1.0,61.556,65,35,0,63.3,1.8,-14.9,-8.8,-30.8,-9.8,11.6,50.8,25.3,100,0,31599.94,45.4,22.0,1,0,0.056,1.744,0.0,0.0,0.0,1,1,17,65,21,2,-384.821,-30.297,-35,1
2024-11-16 10:22:04.530239,08ed58e3-7dd7-4ea3-a6cc-cc5cd8809b9c,KXHIGHNY-24NOV16-B59.5,49015.47,480,-1.0,61.556,17,83,0,63.3,3.8,-12.9,-6.8,-28.8,-7.8,11.6,50.8,25.3,100,0,31599.94,45.4,22.0,1,0,2.056,1.744,0.0,0.0,0.0,1,1,17,65,21,2,-384.821,9.27,17,0
2024-11-16 10:22:22.042302,1cd0ddd2-cf71-4dbd-9570-6bbd360ed4cf,KXHIGHNY-24NOV16-B63.5,48997.958,1,3.0,61.481,17,83,0,63.3,-0.2,-16.9,-10.8,-32.8,-11.8,11.6,50.8,25.3,100,0,31599.94,45.4,22.0,1,0,-2.019,1.819,0.0,0.0,0.0,1,1,17,65,17,2,-369.051,12.087,17,0
2024-11-16 10:22:29.242666,b2b66332-c3a9-4ffe-8b3a-7729fa30512d,KXHIGHNY-24NOV16-B63.5,48990.757,4,3.0,61.42,14,86,0,63.3,-0.2,-16.9,-10.8,-32.8,-11.8,11.6,50.8,25.3,100,0,31599.94,45.4,22.0,1,0,-2.08,1.88,0.0,0.0,0.0,1,1,17,65,14,2,-357.833,9.058,14,0
2024-11-16 10:22:29.242666,97d43188-c067-4062-b40b-8747a7392bc6,KXHIGHNY-24NOV16-B63.5,48990.757,200,3.0,61.441,15,85,0,63.3,-0.2,-16.9,-10.8,-32.8,-11.8,11.6,50.8,25.3,100,0,31599.94,45.4,22.0,1,0,-2.059,1.859,0.0,0.0,0.0,1,1,17,65,15,2,-361.507,10.059,15,0
2024-11-16 10:22:29.242666,55cff243-88a1-43ed-8b51-68c41307d88b,KXHIGHNY-24NOV16-B63.5,48990.757,200,3.0,61.461,16,84,0,63.3,-0.2,-16.9,-10.8,-32.8,-11.8,11.6,50.8,25.3,100,0,31599.94,45.4,22.0,1,0,-2.039,1.839,0.0,0.0,0.0,1,1,17,65,16,2,-365.248,11.084,16,0
2024-11-16 10:22:29.242666,3187a202-a7c8-4134-8c81-3d16a11593d4,KXHIGHNY-24NOV16-B63.5,48990.757,21,3.0,61.481,17,83,0,63.3,-0.2,-16.9,-10.8,-32.8,-11.8,11.6,50.8,25.3,100,0,31599.94,45.4,22.0,1,0,-2.019,1.819,0.0,0.0,0.0,1,1,17,65,17,2,-369.051,12.084,17,0
2024-11-16 10:22:36.553220,5c4652de-0e72-4f6a-93cb-6e928ed313d5,KXHIGHNY-24NOV16-B59.5,48983.447,1,-1.0,61.481,17,83,1,63.3,3.8,-12.9,-6.8,-28.8,-7.8,11.6,50.8,25.3,100,0,31599.94,45.4,22.0,1,0,1.981,1.819,0.0,0.0,0.0,1,1,17,65,17,2,-369.051,-9.263,-17,0
2024-11-16 10:22:39.464408,8a3c90a4-87a4-4eeb-9486-552961fee5ab,KXHIGHNY-24NOV16-B61.5,48980.536,50,1.0,61.482,72,28,1,63.3,1.8,-14.9,-8.8,-30.8,-9.8,11.6,50.8,25.3,100,0,31599.94,45.4,22.0,1,0,-0.018,1.818,0.0,0.0,0.0,1,1,17,72,17,2,-405.636,23.292,28,1
2024-11-16 10:22:45.170624,26e9cea1-1988-4792-a1a5-15c0680a4bdb,KXHIGHNY-24NOV16-B59.5,48974.829,11,-1.0,61.482,17,83,1,63.3,3.8,-12.9,-6.8,-28.8,-7.8,11.6,50.8,25.3,100,0,31599.94,45.4,22.0,1,0,1.982,1.818,0.0,0.0,0.0,1,1,17,72,17,2,-405.636,-9.26,-17,0
2024-11-16 10:22:50.139642,9ea833bb-6db4-4654-82d1-df8e40ef6e7a,KXHIGHNY-24NOV16-B61.5,48969.86,50,1.0,61.482,72,28,1,63.3,1.8,-14.9,-8.8,-30.8,-9.8,11.6,50.8,25.3,100,0,31599.94,45.4,22.0,1,0,-0.018,1.818,0.0,0.0,0.0,1,1,17,72,17,2,-405.636,23.291,28,1
2024-11-16 10:22:50.139642,74b51661-e697-414a-a29a-5246c00b6ae7,KXHIGHNY-24NOV16-B61.5,48969.86,18,1.0,61.482,72,28,1,63.3,1.8,-14.9,-8.8,-30.8,-9.8,11.6,50.8,25.3,100,0,31599.94,45.4,22.0,1,0,-0.018,1.818,0.0,0.0,0.0,1,1,17,72,17,2,-405.636,23.291,28,1
2024-11-16 10:23:02.704524,1f8a8f5b-8350-4e1b-94d0-10dd6481fcba,KXHIGHNY-24NOV16-B61.5,48957.295,20,1.0,61.482,73,27,1,63.3,1.8,-14.9,-8.8,-30.8,-9.8,11.6,50.8,25.3,100,0,31599.94,45.4,22.0,1,0,-0.018,1.818,0.0,0.0,0.0,1,1,17,73,17,2,-410.919,22.282,27,1
2024-11-16 10:23:26.167495,fc6fb876-7b2c-4ea3-ad51-18970d9231b0,KXHIGHNY-24NOV16-B63.5,48933.833,200,3.0,61.407,13,87,0,63.3,-0.2,-16.9,-10.8,-32.8,-11.8,11.6,50.8,25.3,100,0,31599.94,45.4,22.0,1,0,-2.093,1.893,0.0,0.0,0.0,1,1,17,73,13,2,-396.099,8.057,13,0
2024-11-16 10:23:26.167495,d6168651-7299-45b7-9b3c-cc28bf146b94,KXHIGHNY-24NOV16-B63.5,48933.833,49,3.0,61.387,12,88,0,63.3,-0.2,-16.9,-10.8,-32.8,-11.8,11.6,50.8,25.3,100,0,31599.94,45.4,22.0,1,0,-2.113,1.913,0.0,0.0,0.0,1,1,17,73,12,2,-392.573,7.057,12,0
2024-11-16 10:23:26.167495,d46292c1-eb9c-4833-87c1-cc0b160a3561,KXHIGHNY-24NOV16-B63.5,48933.833,40,3.0,61.407,13,87,0,63.3,-0.2,-16.9,-10.8,-32.8,-11.8,11.6,50.8,25.3,100,0,31599.94,45.4,22.0,1,0,-2.093,1.893,0.0,0.0,0.0,1,1,17,73,13,2,-396.099,8.058,13,0
2024-11-16 10:23:26.167495,06e2180a-2bec-42d2-afc6-ba66d0b09baf,KXHIGHNY-24NOV16-B63.5,48933.833,11,3.0,61.445,15,85,0,63.3,-0.2,-16.9,-10.8,-32.8,-11.8,11.6,50.8,25.3,100,0,31599.94,45.4,22.0,1,0,-2.055,1.855,0.0,0.0,0.0,1,1,17,73,15,2,-403.375,10.058,15,0
2024-11-16 10:23:26.886378,f7896a4b-0a86-462c-8a2d-4cca13cf5d4e,KXHIGHNY-24NOV16-B59.5,48933.114,300,-1.0,61.538,12,88,0,63.3,3.8,-12.9,-6.8,-28.8,-7.8,11.6,50.8,25.3,100,0,31599.94,45.4,22.0,1,0,2.038,1.762,0.0,0.0,0.0,1,1,12,73,15,2,-385.029,4.258,12,0
2024-11-16 10:23:27.785580,f05e1aa2-728a-4bdb-981c-cfa1bf9e797b,KXHIGHNY-24NOV16-B61.5,48932.214,10,1.0,61.538,73,27,1,63.3,1.8,-14.9,-8.8,-30.8,-9.8,11.6,50.8,25.3,100,0,31599.94,45.4,22.0,1,0,0.038,1.762,0.0,0.0,0.0,1,1,12,73,15,2,-385.029,22.197,27,1
2024-11-16 10:23:29.518907,11782dfe-84b0-43f2-bc95-17fd2629c256,KXHIGHNY-24NOV16-B63.5,48930.481,36,3.0,61.628,20,80,1,63.3,-0.2,-16.9,-10.8,-32.8,-11.8,11.6,50.8,25.3,100,0,31599.94,45.4,22.0,1,0,-1.872,1.672,0.0,0.0,0.0,1,1,12,73,20,2,-404.323,-15.057,-20,0
2024-11-16 10:23:46.836673,01ca9679-cfd9-41f6-b7a8-af2cef6af1ed,KXHIGHNY-24NOV16-B61.5,48913.163,20,1.0,61.628,73,27,1,63.3,1.8,-14.9,-8.8,-30.8,-9.8,11.6,50.8,25.3,100,0,31599.94,45.4,22.0,1,0,0.128,1.672,0.0,0.0,0.0,1,1,12,73,20,2,-404.323,22.169,27,1
2024-11-16 10:23:46.836673,05192c26-003d-4fab-9369-eed0e91edc70,KXHIGHNY-24NOV16-B61.5,48913.163,70,1.0,61.628,73,27,1,63.3,1.8,-14.9,-8.8,-30.8,-9.8,11.6,50.8,25.3,100,0,31599.94,45.4,22.0,1,0,0.128,1.672,0.0,0.0,0.0,1,1,12,73,20,2,-404.323,22.139,27,1
2024-11-16 10:23:46.836673,f9a9d318-772e-4726-a027-6a219a4c2660,KXHIGHNY-24NOV16-B61.5,48913.163,8,1.0,61.628,73,27,1,63.3,1.8,-14.9,-8.8,-30.8,-9.8,11.6,50.8,25.3,100,0,31599.94,45.4,22.0,1,0,0.128,1.672,0.0,0.0,0.0,1,1,12,73,20,2,-404.323,22.097,27,1
2024-11-16 10:23:54.203137,a719cffc-b90d-428d-970c-37547dcc3205,KXHIGHNY-24NOV16-B63.5,48905.797,55,3.0,61.48,12,88,0,63.3,-0.2,-16.9,-10.8,-32.8,-11.8,11.6,50.8,25.3,100,0,31599.94,45.4,22.0,1,0,-2.02,1.82,0.0,0.0,0.0,1,1,12,73,12,2,-374.228,7.057,12,0
2024-11-16 10:24:41.797154,f95d0da3-8eb4-4b54-a321-5ce0fb65c573,KXHIGHNY-24NOV16-B63.5,48858.203,1,3.0,61.557,16,84,1,63.3,-0.2,-16.9,-10.8,-32.8,-11.8,11.6,50.8,25.3,100,0,31599.94,45.4,22.0,1,0,-1.943,1.743,0.0,0.0,0.0,1,1,12,73,16,2,-388.77,-11.057,-16,0
2024-11-16 10:24:49.292134,c26d62e1-549a-4353-80e2-9f8ab67e00e2,KXHIGHNY-24NOV16-B61.5,48850.708,45,1.0,61.558,72,28,0,63.3,1.8,-14.9,-8.8,-30.8,-9.8,11.6,50.8,25.3,100,0,31599.94,45.4,22.0,1,0,0.058,1.742,0.0,0.0,0.0,1,1,12,72,16,2,-383.487,-23.093,-28,1
2024-11-16 10:25:03.034652,6cfa12d7-b398-47ca-b486-e041d35edb0a,KXHIGHNY-24NOV16-B63.5,48836.965,182,3.0,61.558,16,84,1,63.3,-0.2,-16.9,-10.8,-32.8,-11.8,11.6,50.8,25.3,100,0,31599.94,45.4,22.0,1,0,-1.942,1.742,0.0,0.0,0.0,1,1,12,72,16,2,-383.487,-11.052,-16,0
2024-11-16 10:25:29.529564,1af0d7df-b572-4bcc-bf04-4a021fa672f6,KXHIGHNY-24NOV16-B63.5,48810.47,55,3.0,61.576,17,83,1,63.3,-0.2,-16.9,-10.8,-32.8,-11.8,11.6,50.8,25.3,100,0,31599.94,45.4,22.0,1,0,-1.924,1.724,0.0,0.0,0.0,1,1,12,72,17,2,-387.29,-12.047,-17,0
2024-11-16 10:25:45.949281,40e6a53b-3616-40c1-8579-4ba212fef7c4,KXHIGHNY-24NOV16-B63.5,48794.051,200,3.0,61.46,11,89,0,63.3,-0.2,-16.9,-10.8,-32.8,-11.8,11.6,50.8,25.3,100,0,31599.94,45.4,22.0,1,0,-2.04,1.84,0.0,0.0,0.0,1,1,12,72,11,2,-365.502,5.974,11,0
2024-11-16 10:25:46.072033,7ce407ef-97e1-4d79-827c-ac5a89115d54,KXHIGHNY-24NOV16-B59.5,48793.928,200,-1.0,61.46,12,88,0,63.3,3.8,-12.9,-6.8,-28.8,-7.8,11.6,50.8,25.3,100,0,31599.94,45.4,22.0,1,0,1.96,1.84,0.0,0.0,0.0,1,1,12,72,11,2,-365.502,4.252,12,0
2024-11-16 10:25:53.543829,7da115a3-52cb-43c9-9b6d-00de90721049,KXHIGHNY-24NOV16-B57.5,48786.456,200,-3.0,61.46,1,99,0,63.3,5.8,-10.9,-4.8,-26.8,-5.8,11.6,50.8,25.3,100,0,31599.94,45.4,22.0,1,0,3.96,1.84,0.0,0.0,0.0,1,1,12,72,11,2,-365.502,-1.752,1,0
2024-11-16 10:25:54.091887,0a386636-3d26-49fc-b47f-279261b3cfa3,KXHIGHNY-24NOV16-B61.5,48785.908,72,1.0,61.462,79,21,1,63.3,1.8,-14.9,-8.8,-30.8,-9.8,11.6,50.8,25.3,100,0,31599.94,45.4,22.0,1,0,-0.038,1.838,0.0,0.0,0.0,1,1,12,79,11,2,-402.768,16.056,21,1
2024-11-16 10:25:54.091887,0b696856-9e32-4a9b-8429-22d29b9ef598,KXHIGHNY-24NOV16-B61.5,48785.908,7,1.0,61.462,79,21,1,63.3,1.8,-14.9,-8.8,-30.8,-9.8,11.6,50.8,25.3,100,0,31599.94,45.4,22.0,1,0,-0.038,1.838,0.0,0.0,0.0,1,1,12,79,11,2,-402.768,16.045,21,1
2024-11-16 10:25:54.091887,fcea9725-51df-4205-9c81-4b4fd0551bda,KXHIGHNY-24NOV16-B61.5,48785.908,100,1.0,61.462,77,23,1,63.3,1.8,-14.9,-8.8,-30.8,-9.8,11.6,50.8,25.3,100,0,31599.94,45.4,22.0,1,0,-0.038,1.838,0.0,0.0,0.0,1,1,12,77,11,2,-392.055,17.994,23,1
2024-11-16 10:25:54.091887,a2874198-7222-4082-b525-3d3d7ca27203,KXHIGHNY-24NOV16-B61.5,48785.908,100,1.0,61.462,78,22,1,63.3,1.8,-14.9,-8.8,-30.8,-9.8,11.6,50.8,25.3,100,0,31599.94,45.4,22.0,1,0,-0.038,1.838,0.0,0.0,0.0,1,1,12,78,11,2,-397.405,17.008,22,1
2024-11-16 10:25:54.091887,7a9c407f-a484-4f78-84ae-2eadd7df7624,KXHIGHNY-24NOV16-B61.5,48785.908,100,1.0,61.462,78,22,1,63.3,1.8,-14.9,-8.8,-30.8,-9.8,11.6,50.8,25.3,100,0,31599.94,45.4,22.0,1,0,-0.038,1.838,0.0,0.0,0.0,1,1,12,78,11,2,-397.405,17.042,22,1
2024-11-16 10:26:38.840186,b57fbab0-889a-42fd-a0ab-7f32663fa504,KXHIGHNY-24NOV16-B61.5,48741.16,3,1.0,61.46,73,27,0,63.3,1.8,-14.9,-8.8,-30.8,-9.8,11.6,50.8,25.3,100,0,31599.94,45.4,22.0,1,0,-0.04,1.84,0.0,0.0,0.0,1,1,12,73,11,2,-370.786,-21.987,-27,1
2024-11-16 10:27:11.204336,f3709b68-0e70-4bdb-852a-ad03238b5fbd,KXHIGHNY-24NOV16-B63.5,48708.796,51,3.0,61.575,17,83,1,63.3,-0.2,-16.9,-10.8,-32.8,-11.8,11.6,50.8,25.3,100,0,31599.94,45.4,22.0,1,0,-1.925,1.725,0.0,0.0,0.0,1,1,12,73,17,2,-392.573,-11.923,-17,0
2024-11-16 10:27:11.204336,3356fa48-b6ba-43b1-bfd2-f99f4161efe0,KXHIGHNY-24NOV16-B63.5,48708.796,240,3.0,61.557,16,84,1,63.3,-0.2,-16.9,-10.8,-32.8,-11.8,11.6,50.8,25.3,100,0,31599.94,45.4,22.0,1,0,-1.943,1.743,0.0,0.0,0.0,1,1,12,73,16,2,-388.77,-10.972,-16,0
2024-11-16 10:27:15.009414,a3cabfea-2ac0-4ab2-acf1-961e87cdfbfc,KXHIGHNY-24NOV16-T64,48704.991,200,5.0,61.594,3,97,1,63.3,-2.2,-18.9,-12.8,-34.8,-13.8,11.6,50.8,25.3,100,0,31599.94,45.4,22.0,1,0,-3.906,1.706,0.0,0.0,0.0,1,1,12,73,16,3,-390.68,-1.005,-3,0
2024-11-16 10:27:19.976071,49056a65-8dcf-4d31-8be1-a1933c1517c4,KXHIGHNY-24NOV16-B61.5,48700.024,1,1.0,61.594,73,27,0,63.3,1.8,-14.9,-8.8,-30.8,-9.8,11.6,50.8,25.3,100,0,31599.94,45.4,22.0,1,0,0.094,1.706,0.0,0.0,0.0,1,1,12,73,16,3,-390.68,-21.974,-27,1
2024-11-16 10:27:19.976071,27393cce-38d5-452f-84bd-91759a90705d,KXHIGHNY-24NOV16-B61.5,48700.024,97,1.0,61.594,73,27,0,63.3,1.8,-14.9,-8.8,-30.8,-9.8,11.6,50.8,25.3,100,0,31599.94,45.4,22.0,1,0,0.094,1.706,0.0,0.0,0.0,1,1,12,73,16,3,-390.68,-21.986,-27,1
2024-11-16 10:28:04.228139,415599af-205c-45f4-8419-e10e778e7ac4,KXHIGHNY-24NOV16-B61.5,48655.772,17,1.0,61.595,72,28,0,63.3,1.8,-14.9,-8.8,-30.8,-9.8,11.6,50.8,25.3,100,0,31599.94,45.4,22.0,1,0,0.095,1.705,0.0,0.0,0.0,1,1,12,72,16,3,-385.396,-22.917,-28,1
2024-11-16 10:28:24.121792,3a47511b-cce8-4686-818d-1d1c01f8f99b,KXHIGHNY-24NOV16-B63.5,48635.878,100,3.0,61.631,18,82,1,63.3,-0.2,-16.9,-10.8,-32.8,-11.8,11.6,50.8,25.3,100,0,31599.94,45.4,22.0,1,0,-1.869,1.669,0.0,0.0,0.0,1,1,12,72,18,3,-393.061,-12.884,-18,0
2024-11-16 10:28:24.121792,7486bbaf-6af2-4046-9544-bc37e55af610,KXHIGHNY-24NOV16-B63.5,48635.878,100,3.0,61.648,19,81,1,63.3,-0.2,-16.9,-10.8,-32.8,-11.8,11.6,50.8,25.3,100,0,31599.94,45.4,22.0,1,0,-1.852,1.652,0.0,0.0,0.0,1,1,12,72,19,3,-396.979,-13.882,-19,0
2024-11-16 10:28:24.121792,94a5ff29-1f79-4d4e-8a76-f75bd51b9bf4,KXHIGHNY-24NOV16-B63.5,48635.878,6,3.0,61.613,17,83,1,63.3,-0.2,-16.9,-10.8,-32.8,-11.8,11.6,50.8,25.3,100,0,31599.94,45.4,22.0,1,0,-1.887,1.687,0.0,0.0,0.0,1,1,12,72,17,3,-389.199,-11.881,-17,0
2024-11-16 10:28:24.121792,afff8149-5ed3-460a-ab6d-e80c89fa9d0b,KXHIGHNY-24NOV16-B63.5,48635.878,94,3.0,61.613,17,83,1,63.3,-0.2,-16.9,-10.8,-32.8,-11.8,11.6,50.8,25.3,100,0,31599.94,45.4,22.0,1,0,-1.887,1.687,0.0,0.0,0.0,1,1,12,72,17,3,-389.199,-11.881,-17,0
2024-11-16 10:28:24.121792,c270f2a0-620f-4873-9e06-c62c0aec964b,KXHIGHNY-24NOV16-B63.5,48635.878,100,3.0,61.631,18,82,1,63.3,-0.2,-16.9,-10.8,-32.8,-11.8,11.6,50.8,25.3,100,0,31599.94,45.4,22.0,1,0,-1.869,1.669,0.0,0.0,0.0,1,1,12,72,18,3,-393.061,-12.873,-18,0
2024-11-16 10:28:24.121792,bcad4916-04aa-42a2-826c-5e8751f7c3e3,KXHIGHNY-24NOV16-B63.5,48635.878,100,3.0,61.648,19,81,1,63.3,-0.2,-16.9,-10.8,-32.8,-11.8,11.6,50.8,25.3,100,0,31599.94,45.4,22.0,1,0,-1.852,1.652,0.0,0.0,0.0,1,1,12,72,19,3,-396.979,-13.876,-19,0
2024-11-16 10:28:24.141545,dfc2fa9f-cb64-499d-a884-5522be11d990,KXHIGHNY-24NOV16-B59.5,48635.858,140,-1.0,61.554,16,84,1,63.3,3.8,-12.9,-6.8,-28.8,-7.8,11.6,50.8,25.3,100,0,31599.94,45.4,22.0,1,0,2.054,1.746,0.0,0.0,0.0,1,1,16,72,18,3,-407.604,-8.154,-16,0
2024-11-16 10:28:24.141545,74df7771-0523-43da-a25b-31129b1c8405,KXHIGHNY-24NOV16-B59.5,48635.858,21,-1.0,61.554,16,84,1,63.3,3.8,-12.9,-6.8,-28.8,-7.8,11.6,50.8,25.3,100,0,31599.94,45.4,22.0,1,0,2.054,1.746,0.0,0.0,0.0,1,1,16,72,18,3,-407.604,-8.183,-16,0
2024-11-16 10:28:24.141545,2f1c3ba1-86ea-43e4-af8b-28bc5f68003d,KXHIGHNY-24NOV16-B59.5,48635.858,200,-1.0,61.573,15,85,1,63.3,3.8,-12.9,-6.8,-28.8,-7.8,11.6,50.8,25.3,100,0,31599.94,45.4,22.0,1,0,2.073,1.727,0.0,0.0,0.0,1,1,15,72,18,3,-403.863,-7.212,-15,0
2024-11-16 10:28:24.141545,2be570cf-4996-428c-8114-b8ff549fa938,KXHIGHNY-24NOV16-B59.5,48635.858,39,-1.0,61.536,17,83,1,63.3,3.8,-12.9,-6.8,-28.8,-7.8,11.6,50.8,25.3,100,0,31599.94,45.4,22.0,1,0,2.036,1.764,0.0,0.0,0.0,1,1,17,72,18,3,-411.407,-9.241,-17,0
2024-11-16 10:28:24.141545,253c112c-84cf-4625-9fd6-9ba786492689,KXHIGHNY-24NOV16-B59.5,48635.858,100,-1.0,61.554,16,84,1,63.3,3.8,-12.9,-6.8,-28.8,-7.8,11.6,50.8,25.3,100,0,31599.94,45.4,22.0,1,0,2.054,1.746,0.0,0.0,0.0,1,1,16,72,18,3,-407.604,-8.247,-16,0
2024-11-16 10:29:12.535138,6af255e1-5933-47a4-a386-15a1903dde80,KXHIGHNY-24NOV16-B61.5,48587.465,100,1.0,61.554,73,27,1,63.3,1.8,-14.9,-8.8,-30.8,-9.8,11.6,50.8,25.3,100,0,31599.94,45.4,22.0,1,0,0.054,1.746,0.0,0.0,0.0,1,1,16,73,18,3,-412.887,21.886,27,1
2024-11-16 10:29:12.535138,3145e112-141b-47e5-b9e5-96233195ee57,KXHIGHNY-24NOV16-B61.5,48587.465,256,1.0,61.552,76,24,1,63.3,1.8,-14.9,-8.8,-30.8,-9.8,11.6,50.8,25.3,100,0,31599.94,45.4,22.0,1,0,0.052,1.748,0.0,0.0,0.0,1,1,16,76,18,3,-428.82,18.917,24,1
2024-11-16 10:29:12.535138,a0a10af0-105c-41a4-981f-a9e7d746593f,KXHIGHNY-24NOV16-B61.5,48587.465,200,1.0,61.553,74,26,1,63.3,1.8,-14.9,-8.8,-30.8,-9.8,11.6,50.8,25.3,100,0,31599.94,45.4,22.0,1,0,0.053,1.747,0.0,0.0,0.0,1,1,16,74,18,3,-418.185,20.886,26,1
2024-11-16 10:29:12.535138,c18da629-6e1e-42dc-8325-d29a4efea9f2,KXHIGHNY-24NOV16-B61.5,48587.465,100,1.0,61.553,75,25,1,63.3,1.8,-14.9,-8.8,-30.8,-9.8,11.6,50.8,25.3,100,0,31599.94,45.4,22.0,1,0,0.053,1.747,0.0,0.0,0.0,1,1,16,75,18,3,-423.496,19.881,25,1
2024-11-16 10:29:19.547736,8c62e4c4-ebfc-47c6-8f7a-299ad4ad7893,KXHIGHNY-24NOV16-B59.5,48580.452,69,-1.0,61.665,10,90,0,63.3,3.8,-12.9,-6.8,-28.8,-7.8,11.6,50.8,25.3,100,0,31599.94,45.4,22.0,1,0,2.165,1.635,0.0,0.0,0.0,1,1,10,76,18,3,-407.484,2.081,10,0
2024-11-16 10:29:24.830415,c81bae31-54d9-4067-8bea-6a04e1656761,KXHIGHNY-24NOV16-B61.5,48575.17,6,1.0,61.667,75,25,1,63.3,1.8,-14.9,-8.8,-30.8,-9.8,11.6,50.8,25.3,100,0,31599.94,45.4,22.0,1,0,0.167,1.633,0.0,0.0,0.0,1,1,10,75,18,3,-402.16,19.872,25,1
2024-11-16 10:29:40.484819,53fecd8b-006b-401d-9e9f-ae796449a887,KXHIGHNY-24NOV16-B63.5,48559.515,18,3.0,61.667,18,82,1,63.3,-0.2,-16.9,-10.8,-32.8,-11.8,11.6,50.8,25.3,100,0,31599.94,45.4,22.0,1,0,-1.833,1.633,0.0,0.0,0.0,1,1,10,75,18,3,-402.16,-12.871,-18,0
2024-11-16 10:29:56.621848,94a9bff3-1c31-4b29-9c81-6d3b0a85edb3,KXHIGHNY-24NOV16-T57,48543.378,2,-5.0,61.667,1,99,1,63.3,7.8,-8.9,-2.8,-24.8,-3.8,11.6,50.8,25.3,100,0,31599.94,45.4,22.0,1,0,6.167,1.633,0.0,0.0,0.0,1,1,10,75,18,3,-402.16,0.0,-1,0
2024-11-16 10:30:17.444097,a2b9a2ac-06f4-4c29-9bb6-e1cad38fda1a,KXHIGHNY-24NOV16-B63.5,48522.556,1,3.0,61.667,18,82,1,63.3,-0.2,-16.9,-10.8,-32.8,-11.8,11.6,50.8,25.3,100,0,31599.94,45.4,22.0,1,0,-1.833,1.633,0.0,0.0,0.0,1,1,10,75,18,3,-402.16,-12.87,-18,0
2024-11-16 10:30:23.129704,bf333957-8039-438f-aa44-ca52b7754cc1,KXHIGHNY-24NOV16-B61.5,48516.87,200,1.0,61.662,78,22,1,63.3,1.8,-14.9,-8.8,-30.8,-9.8,11.6,50.8,25.3,100,0,31599.94,45.4,22.0,1,0,0.162,1.638,0.0,0.0,0.0,1,1,10,78,18,3,-418.172,16.607,22,1
2024-11-16 10:30:23.129704,1f5749aa-c1ee-4449-81e8-575ad0ded11f,KXHIGHNY-24NOV16-B61.5,48516.87,72,1.0,61.657,82,18,1,63.3,1.8,-14.9,-8.8,-30.8,-9.8,11.6,50.8,25.3,100,0,31599.94,45.4,22.0,1,0,0.157,1.643,0.0,0.0,0.0,1,1,10,82,18,3,-439.699,12.856,18,1
2024-11-16 10:30:23.129704,4e8e7ffd-5061-45d6-bedd-d314a681c482,KXHIGHNY-24NOV16-B61.5,48516.87,100,1.0,61.665,76,24,1,63.3,1.8,-14.9,-8.8,-30.8,-9.8,11.6,50.8,25.3,100,0,31599.94,45.4,22.0,1,0,0.165,1.635,0.0,0.0,0.0,1,1,10,76,18,3,-407.484,18.785,24,1
2024-11-16 10:30:23.129704,53f1c8fd-2043-4266-b2ae-e56233c37a9a,KXHIGHNY-24NOV16-B61.5,48516.87,97,1.0,61.659,80,20,1,63.3,1.8,-14.9,-8.8,-30.8,-9.8,11.6,50.8,25.3,100,0,31599.94,45.4,22.0,1,0,0.159,1.641,0.0,0.0,0.0,1,1,10,80,18,3,-428.911,14.667,20,1
2024-11-16 10:30:23.129704,e815dd33-1607-490e-b663-9c7f09d2d88e,KXHIGHNY-24NOV16-B61.5,48516.87,93,1.0,61.667,75,25,1,63.3,1.8,-14.9,-8.8,-30.8,-9.8,11.6,50.8,25.3,100,0,31599.94,45.4,22.0,1,0,0.167,1.633,0.0,0.0,0.0,1,1,10,75,18,3,-402.16,19.57,25,1
2024-11-16 10:30:23.129704,f73b2e1d-e461-4a2e-a67d-2d7963aaf466,KXHIGHNY-24NOV16-B61.5,48516.87,100,1.0,61.664,77,23,1,63.3,1.8,-14.9,-8.8,-30.8,-9.8,11.6,50.8,25.3,100,0,31599.94,45.4,22.0,1,0,0.164,1.636,0.0,0.0,0.0,1,1,10,77,18,3,-412.821,17.563,23,1
2024-11-16 10:30:23.129704,face13c0-14a9-4f44-9c11-6d3f82a8c30f,KXHIGHNY-24NOV16-B61.5,48516.87,516,1.0,61.665,76,24,1,63.3,1.8,-14.9,-8.8,-30.8,-9.8,11.6,50.8,25.3,100,0,31599.94,45.4,22.0,1,0,0.165,1.635,0.0,0.0,0.0,1,1,10,76,18,3,-407.484,18.546,24,1
2024-11-16 10:30:23.129704,6861e36e-7a28-4746-a954-9159faf3372b,KXHIGHNY-24NOV16-B61.5,48516.87,100,1.0,61.665,76,24,1,63.3,1.8,-14.9,-8.8,-30.8,-9.8,11.6,50.8,25.3,100,0,31599.94,45.4,22.0,1,0,0.165,1.635,0.0,0.0,0.0,1,1,10,76,18,3,-407.484,18.609,24,1
2024-11-16 10:30:38.402957,bca4936d-223b-485c-acb9-bdcc3b3fb325,KXHIGHNY-24NOV16-B63.5,48501.597,183,3.0,61.64,17,83,1,63.3,-0.2,-16.9,-10.8,-32.8,-11.8,11.6,50.8,25.3,100,0,31599.94,45.4,22.0,1,0,-1.86,1.66,0.0,0.0,0.0,1,1,10,82,17,3,-435.837,-11.855,-17,0
2024-11-16 10:30:38.402957,95647db7-00a8-4120-8ad0-e5735d021d38,KXHIGHNY-24NOV16-B63.5,48501.597,100,3.0,61.624,16,84,1,63.3,-0.2,-16.9,-10.8,-32.8,-11.8,11.6,50.8,25.3,100,0,31599.94,45.4,22.0,1,0,-1.876,1.676,0.0,0.0,0.0,1,1,10,82,16,3,-432.034,-10.869,-16,0
2024-11-16 10:31:01.170799,f4e58c56-6539-4cba-a9f2-416de858f990,KXHIGHNY-24NOV16-B63.5,48478.829,39,3.0,61.607,15,85,0,63.3,-0.2,-16.9,-10.8,-32.8,-11.8,11.6,50.8,25.3,100,0,31599.94,45.4,22.0,1,0,-1.893,1.693,0.0,0.0,0.0,1,1,10,82,15,3,-428.293,9.855,15,0
2024-11-16 10:31:10.688410,e147d635-8410-4529-a2c9-7e17e5d1e073,KXHIGHNY-24NOV16-B59.5,48469.312,7,-1.0,61.607,10,90,0,63.3,3.8,-12.9,-6.8,-28.8,-7.8,11.6,50.8,25.3,100,0,31599.94,45.4,22.0,1,0,2.107,1.693,0.0,0.0,0.0,1,1,10,82,15,3,-428.293,2.046,10,0
2024-11-16 10:31:24.544949,406eb256-66a6-4761-976d-866993dd64f5,KXHIGHNY-24NOV16-B63.5,48455.455,81,3.0,61.657,18,82,1,63.3,-0.2,-16.9,-10.8,-32.8,-11.8,11.6,50.8,25.3,100,0,31599.94,45.4,22.0,1,0,-1.843,1.643,0.0,0.0,0.0,1,1,10,82,18,3,-439.699,-12.855,-18,0
2024-11-16 10:31:24.544949,53f6ccb5-ef4a-4407-afd1-03be42b5e0de,KXHIGHNY-24NOV16-B63.5,48455.455,18,3.0,61.657,18,82,1,63.3,-0.2,-16.9,-10.8,-32.8,-11.8,11.6,50.8,25.3,100,0,31599.94,45.4,22.0,1,0,-1.843,1.643,0.0,0.0,0.0,1,1,10,82,18,3,-439.699,-12.854,-18,0
2024-11-16 10:31:24.544949,65a031b7-fba1-4785-abf2-c85846c3af12,KXHIGHNY-24NOV16-B63.5,48455.455,59,3.0,61.672,19,81,1,63.3,-0.2,-16.9,-10.8,-32.8,-11.8,11.6,50.8,25.3,100,0,31599.94,45.4,22.0,1,0,-1.828,1.628,0.0,0.0,0.0,1,1,10,82,19,3,-443.617,-13.854,-19,0
2024-11-16 10:31:24.544949,b11736e6-89e0-4396-81bf-b66e1a0eace3,KXHIGHNY-24NOV16-B63.5,48455.455,101,3.0,61.657,18,82,1,63.3,-0.2,-16.9,-10.8,-32.8,-11.8,11.6,50.8,25.3,100,0,31599.94,45.4,22.0,1,0,-1.843,1.643,0.0,0.0,0.0,1,1,10,82,18,3,-439.699,-12.851,-18,0
2024-11-16 10:31:27.171672,24ba683b-78dd-40b7-9da1-83f581fd0908,KXHIGHNY-24NOV16-B59.5,48452.828,200,-1.0,61.657,10,90,0,63.3,3.8,-12.9,-6.8,-28.8,-7.8,11.6,50.8,25.3,100,0,31599.94,45.4,22.0,1,0,2.157,1.643,0.0,0.0,0.0,1,1,10,82,18,3,-439.699,1.974,10,0
2024-11-16 10:31:34.329814,aa6b6be3-d92e-4235-8bf8-04ca80146f75,KXHIGHNY-24NOV16-B63.5,48445.67,10,3.0,61.657,18,82,1,63.3,-0.2,-16.9,-10.8,-32.8,-11.8,11.6,50.8,25.3,100,0,31599.94,45.4,22.0,1,0,-1.843,1.643,0.0,0.0,0.0,1,1,10,82,18,3,-439.699,-12.831,-18,0
2024-11-16 10:32:20.795610,9a634855-bc3f-4321-8489-ea66ecaea1b6,KXHIGHNY-24NOV16-B61.5,48399.204,63,1.0,61.664,77,23,1,63.3,1.8,-14.9,-8.8,-30.8,-9.8,11.6,50.8,25.3,100,0,31599.94,45.4,22.0,1,0,0.164,1.636,0.0,0.0,0.0,1,1,10,77,18,3,-412.821,17.531,23,1
2024-11-16 10:32:33.997000,fe7f0801-08d9-4682-b697-859db6e90d42,KXHIGHNY-24NOV16-B59.5,48386.003,16,-1.0,61.664,10,90,0,63.3,3.8,-12.9,-6.8,-28.8,-7.8,11.6,50.8,25.3,100,0,31599.94,45.4,22.0,1,0,2.164,1.636,0.0,0.0,0.0,1,1,10,77,18,3,-412.821,1.95,10,0
2024-11-16 10:33:20.799137,b3192277-2f6a-487d-9eb8-36667a4e6767,KXHIGHNY-24NOV16-B59.5,48339.201,10,-1.0,61.625,12,88,1,63.3,3.8,-12.9,-6.8,-28.8,-7.8,11.6,50.8,25.3,100,0,31599.94,45.4,22.0,1,0,2.125,1.675,0.0,0.0,0.0,1,1,12,77,18,3,-419.614,-3.879,-12,0
2024-11-16 10:33:26.878883,5c588435-4d62-448f-86d2-d1b696f5f89e,KXHIGHNY-24NOV16-B61.5,48333.121,8,1.0,61.626,76,24,1,63.3,1.8,-14.9,-8.8,-30.8,-9.8,11.6,50.8,25.3,100,0,31599.94,45.4,22.0,1,0,0.126,1.674,0.0,0.0,0.0,1,1,12,76,18,3,-414.277,18.487,24,1
2024-11-16 10:33:26.878883,399c0998-81c0-4b7b-992e-1ea52e32d7b6,KXHIGHNY-24NOV16-B61.5,48333.121,1,1.0,61.624,78,22,1,63.3,1.8,-14.9,-8.8,-30.8,-9.8,11.6,50.8,25.3,100,0,31599.94,45.4,22.0,1,0,0.124,1.676,0.0,0.0,0.0,1,1,12,78,18,3,-424.965,16.488,22,1
2024-11-16 10:33:46.511060,3396e91d-4115-4d2f-af34-1542b9bbaf5e,KXHIGHNY-24NOV16-T64,48313.489,1979,5.0,61.554,1,99,0,63.3,-2.2,-18.9,-12.8,-34.8,-13.8,11.6,50.8,25.3,100,0,31599.94,45.4,22.0,1,0,-3.946,1.746,0.0,0.0,0.0,1,1,12,78,18,1,-421.669,-1.0,1,0
2024-11-16 10:33:46.511060,565d51e9-e634-476c-94d7-7b0b7c53135b,KXHIGHNY-24NOV16-T64,48313.489,154,5.0,61.554,1,99,0,63.3,-2.2,-18.9,-12.8,-34.8,-13.8,11.6,50.8,25.3,100,0,31599.94,45.4,22.0,1,0,-3.946,1.746,0.0,0.0,0.0,1,1,12,78,18,1,-421.669,-1.005,1,0
2024-11-16 10:33:46.511060,6516c5ce-94a9-4a83-a28e-0b6dd290fa70,KXHIGHNY-24NOV16-T64,48313.489,1500,5.0,61.554,1,99,0,63.3,-2.2,-18.9,-12.8,-34.8,-13.8,11.6,50.8,25.3,100,0,31599.94,45.4,22.0,1,0,-3.946,1.746,0.0,0.0,0.0,1,1,12,78,18,1,-421.669,-1.0,1,0
2024-11-16 10:33:46.511060,d8a12332-10a9-4b3b-aec8-2c46a5c6afb7,KXHIGHNY-24NOV16-T64,48313.489,184,5.0,61.554,1,99,0,63.3,-2.2,-18.9,-12.8,-34.8,-13.8,11.6,50.8,25.3,100,0,31599.94,45.4,22.0,1,0,-3.946,1.746,0.0,0.0,0.0,1,1,12,78,18,1,-421.669,-0.993,1,0
2024-11-16 10:34:01.538876,e8d7737a-6f5d-4912-b329-baa9c771b606,KXHIGHNY-24NOV16-B63.5,48298.461,11,3.0,61.5,15,85,0,63.3,-0.2,-16.9,-10.8,-32.8,-11.8,11.6,50.8,25.3,100,0,31599.94,45.4,22.0,1,0,-2.0,1.8,0.0,0.0,0.0,1,1,12,78,15,1,-410.263,9.826,15,0
2024-11-16 10:34:03.115288,0aad2fb5-7340-4a51-b5e1-48f5d360761b,KXHIGHNY-24NOV16-B61.5,48296.885,32,1.0,61.5,71,29,0,63.3,1.8,-14.9,-8.8,-30.8,-9.8,11.6,50.8,25.3,100,0,31599.94,45.4,22.0,1,0,0.0,1.8,0.0,0.0,0.0,1,1,12,71,15,1,-373.09,-23.484,-29,1
2024-11-16 10:34:07.000566,7430cc56-80de-4f17-af53-54484c80fad0,KXHIGHNY-24NOV16-B57.5,48292.999,112,-3.0,61.5,1,99,0,63.3,5.8,-10.9,-4.8,-26.8,-5.8,11.6,50.8,25.3,100,0,31599.94,45.4,22.0,1,0,4.0,1.8,0.0,0.0,0.0,1,1,12,71,15,1,-373.09,-1.75,1,0
2024-11-16 10:34:30.261868,e5c11e08-8e81-461f-9295-71e3664b1f86,KXHIGHNY-24NOV16-B63.5,48269.738,57,3.0,61.46,13,87,0,63.3,-0.2,-16.9,-10.8,-32.8,-11.8,11.6,50.8,25.3,100,0,31599.94,45.4,22.0,1,0,-2.04,1.84,0.0,0.0,0.0,1,1,12,71,13,1,-365.813,7.821,13,0
2024-11-16 10:34:30.261868,ddf6047f-f500-494e-a079-bc7419abd04e,KXHIGHNY-24NOV16-B63.5,48269.738,200,3.0,61.48,14,86,0,63.3,-0.2,-16.9,-10.8,-32.8,-11.8,11.6,50.8,25.3,100,0,31599.94,45.4,22.0,1,0,-2.02,1.82,0.0,0.0,0.0,1,1,12,71,14,1,-369.416,8.82,14,0
2024-11-16 10:34:30.261868,d686ae6d-8477-414f-b186-f5fe576f042f,KXHIGHNY-24NOV16-B63.5,48269.738,43,3.0,61.5,15,85,0,63.3,-0.2,-16.9,-10.8,-32.8,-11.8,11.6,50.8,25.3,100,0,31599.94,45.4,22.0,1,0,-2.0,1.8,0.0,0.0,0.0,1,1,12,71,15,1,-373.09,9.824,15,0
2024-11-16 10:34:30.261868,8bfc271d-2500-4172-a75f-f8449eb14a2d,KXHIGHNY-24NOV16-B63.5,48269.738,50,3.0,61.46,13,87,0,63.3,-0.2,-16.9,-10.8,-32.8,-11.8,11.6,50.8,25.3,100,0,31599.94,45.4,22.0,1,0,-2.04,1.84,0.0,0.0,0.0,1,1,12,71,13,1,-365.813,7.825,13,0
2024-11-16 10:34:30.261868,5c45d151-49cf-4c39-9947-453fc4f40bd5,KXHIGHNY-24NOV16-B63.5,48269.738,200,3.0,61.5,15,85,0,63.3,-0.2,-16.9,-10.8,-32.8,-11.8,11.6,50.8,25.3,100,0,31599.94,45.4,22.0,1,0,-2.0,1.8,0.0,0.0,0.0,1,1,12,71,15,1,-373.09,9.826,15,0
2024-11-16 10:34:38.395895,c9a6b22e-42cb-4f5f-83e2-c76f768baedc,KXHIGHNY-24NOV16-B57.5,48261.604,101,-3.0,61.5,1,99,0,63.3,5.8,-10.9,-4.8,-26.8,-5.8,11.6,50.8,25.3,100,0,31599.94,45.4,22.0,1,0,4.0,1.8,0.0,0.0,0.0,1,1,12,71,15,1,-373.09,-1.749,1,0
2024-11-16 10:34:38.395895,cbde4bca-fce2-462d-967f-9aedd0a9db75,KXHIGHNY-24NOV16-B57.5,48261.604,188,-3.0,61.5,1,99,0,63.3,5.8,-10.9,-4.8,-26.8,-5.8,11.6,50.8,25.3,100,0,31599.94,45.4,22.0,1,0,4.0,1.8,0.0,0.0,0.0,1,1,12,71,15,1,-373.09,-1.767,1,0
2024-11-16 10:35:10.104131,640d9df0-0b3d-40a1-97e5-2fd04d2191f2,KXHIGHNY-24NOV16-B63.5,48229.896,9,3.0,61.46,13,87,0,63.3,-0.2,-16.9,-10.8,-32.8,-11.8,11.6,50.8,25.3,100,0,31599.94,45.4,22.0,1,0,-2.04,1.84,0.0,0.0,0.0,1,1,12,71,13,1,-365.813,7.818,13,0
2024-11-16 10:35:17.902834,fefa1484-9c0c-4192-ac8d-da86b05e67e2,KXHIGHNY-24NOV16-B61.5,48222.097,78,1.0,61.463,79,21,1,63.3,1.8,-14.9,-8.8,-30.8,-9.8,11.6,50.8,25.3,100,0,31599.94,45.4,22.0,1,0,-0.037,1.837,0.0,0.0,0.0,1,1,12,79,13,1,-408.35,15.478,21,1
2024-11-16 10:35:35.719701,577a3fff-460c-4058-82fb-45f05f6d5348,KXHIGHNY-24NOV16-B59.5,48204.28,8,-1.0,61.481,11,89,1,63.3,3.8,-12.9,-6.8,-28.8,-7.8,11.6,50.8,25.3,100,0,31599.94,45.4,22.0,1,0,1.981,1.819,0.0,0.0,0.0,1,1,11,79,13,1,-404.908,-2.808,-11,0
2024-11-16 10:36:04.066679,5d02ed5b-251f-48dc-8d7e-3f2405d7891b,KXHIGHNY-24NOV16-B61.5,48175.933,31,1.0,61.481,79,21,1,63.3,1.8,-14.9,-8.8,-30.8,-9.8,11.6,50.8,25.3,100,0,31599.94,45.4,22.0,1,0,-0.019,1.819,0.0,0.0,0.0,1,1,11,79,13,1,-404.908,15.478,21,1
2024-11-16 10:36:09.126403,c321afa6-8edc-4620-bf34-b6e0c81950a7,KXHIGHNY-24NOV16-B61.5,48170.874,22,1.0,61.481,79,21,1,63.3,1.8,-14.9,-8.8,-30.8,-9.8,11.6,50.8,25.3,100,0,31599.94,45.4,22.0,1,0,-0.019,1.819,0.0,0.0,0.0,1,1,11,79,13,1,-404.908,15.472,21,1
2024-11-16 10:36:33.254372,cce9c4ca-9ddc-4713-8481-be49b10e66fb,KXHIGHNY-24NOV16-B63.5,48146.746,77,3.0,61.555,17,83,1,63.3,-0.2,-16.9,-10.8,-32.8,-11.8,11.6,50.8,25.3,100,0,31599.94,45.4,22.0,1,0,-1.945,1.745,0.0,0.0,0.0,1,1,11,79,17,1,-419.728,-11.819,-17,0
2024-11-16 10:36:57.165579,ef559f9a-3f00-4307-92c4-899dea1a7776,KXHIGHNY-24NOV16-B61.5,48122.834,60,1.0,61.554,81,19,1,63.3,1.8,-14.9,-8.8,-30.8,-9.8,11.6,50.8,25.3,100,0,31599.94,45.4,22.0,1,0,0.054,1.746,0.0,0.0,0.0,1,1,11,81,17,1,-430.492,13.467,19,1
2024-11-16 10:37:01.320786,9a9b9509-cdec-4b6c-9ff5-67fd9cf2b889,KXHIGHNY-24NOV16-B63.5,48118.679,2,3.0,61.554,17,83,1,63.3,-0.2,-16.9,-10.8,-32.8,-11.8,11.6,50.8,25.3,100,0,31599.94,45.4,22.0,1,0,-1.946,1.746,0.0,0.0,0.0,1,1,11,81,17,1,-430.492,-11.823,-17,0
2024-11-16 10:37:12.763557,95caca5c-eedf-40f7-8e8d-8127a9dadeb6,KXHIGHNY-24NOV16-B61.5,48107.236,178,1.0,61.556,76,24,0,63.3,1.8,-14.9,-8.8,-30.8,-9.8,11.6,50.8,25.3,100,0,31599.94,45.4,22.0,1,0,0.056,1.744,0.0,0.0,0.0,1,1,11,76,17,1,-403.677,-18.461,-24,1
2024-11-16 10:37:33.417555,0cb6d33f-d351-4d7b-951e-4b332dd1bb33,KXHIGHNY-24NOV16-B63.5,48086.582,1,3.0,61.556,17,83,1,63.3,-0.2,-16.9,-10.8,-32.8,-11.8,11.6,50.8,25.3,100,0,31599.94,45.4,22.0,1,0,-1.944,1.744,0.0,0.0,0.0,1,1,11,76,17,1,-403.677,-11.809,-17,0
2024-11-16 10:38:50.857198,16b8ff1f-6cee-42aa-b702-a06701a612bc,KXHIGHNY-24NOV16-B61.5,48009.143,1,1.0,61.554,80,20,1,63.3,1.8,-14.9,-8.8,-30.8,-9.8,11.6,50.8,25.3,100,0,31599.94,45.4,22.0,1,0,0.054,1.746,0.0,0.0,0.0,1,1,11,80,17,1,-425.104,14.459,20,1
2024-11-16 10:39:03.070139,584a8f9e-92ee-46db-a83e-824988bb7810,KXHIGHNY-24NOV16-B59.5,47996.93,25,-1.0,61.554,11,89,1,63.3,3.8,-12.9,-6.8,-28.8,-7.8,11.6,50.8,25.3,100,0,31599.94,45.4,22.0,1,0,2.054,1.746,0.0,0.0,0.0,1,1,11,80,17,1,-425.104,-2.773,-11,0
2024-11-16 10:39:43.973376,ca00cc4f-af15-4cd9-867b-9d2019adad24,KXHIGHNY-24NOV16-B59.5,47956.027,136,-1.0,61.592,9,91,0,63.3,3.8,-12.9,-6.8,-28.8,-7.8,11.6,50.8,25.3,100,0,31599.94,45.4,22.0,1,0,2.092,1.708,0.0,0.0,0.0,1,1,9,80,17,1,-418.502,0.769,9,0
2024-11-16 10:39:55.079690,e51893f1-9722-461b-8828-9cc4fbe05ae8,KXHIGHNY-24NOV16-B63.5,47944.92,12,3.0,61.592,17,83,1,63.3,-0.2,-16.9,-10.8,-32.8,-11.8,11.6,50.8,25.3,100,0,31599.94,45.4,22.0,1,0,-1.908,1.708,0.0,0.0,0.0,1,1,9,80,17,1,-418.502,-11.802,-17,0
2024-11-16 10:40:13.913514,8aa7cdda-a95e-4dd9-8781-535d1a9b16c0,KXHIGHNY-24NOV16-B63.5,47926.086,12,3.0,61.592,17,83,1,63.3,-0.2,-16.9,-10.8,-32.8,-11.8,11.6,50.8,25.3,100,0,31599.94,45.4,22.0,1,0,-1.908,1.708,0.0,0.0,0.0,1,1,9,80,17,1,-418.502,-11.793,-17,0
2024-11-16 10:40:36.318312,ff04f678-9a51-4533-ab64-7a2d9f2718d2,KXHIGHNY-24NOV16-B57.5,47903.682,316,-3.0,61.592,1,99,0,63.3,5.8,-10.9,-4.8,-26.8,-5.8,11.6,50.8,25.3,100,0,31599.94,45.4,22.0,1,0,4.092,1.708,0.0,0.0,0.0,1,1,9,80,17,1,-418.502,-1.768,1,0
2024-11-16 10:41:18.614291,81ed5976-99be-4e39-ae64-f64a579a25f8,KXHIGHNY-24NOV16-B59.5,47861.386,12,-1.0,61.592,9,91,0,63.3,3.8,-12.9,-6.8,-28.8,-7.8,11.6,50.8,25.3,100,0,31599.94,45.4,22.0,1,0,2.092,1.708,0.0,0.0,0.0,1,1,9,80,17,1,-418.502,0.761,9,0
2024-11-16 10:41:25.550490,7a9d68f1-4c66-461f-a499-cf6414b4a4c4,KXHIGHNY-24NOV16-B63.5,47854.45,3,3.0,61.592,17,83,1,63.3,-0.2,-16.9,-10.8,-32.8,-11.8,11.6,50.8,25.3,100,0,31599.94,45.4,22.0,1,0,-1.908,1.708,0.0,0.0,0.0,1,1,9,80,17,1,-418.502,-11.792,-17,0
2024-11-16 10:41:38.242360,ad743847-94d8-4953-940d-9d483383dfe0,KXHIGHNY-24NOV16-B59.5,47841.758,494,-1.0,61.592,9,91,0,63.3,3.8,-12.9,-6.8,-28.8,-7.8,11.6,50.8,25.3,100,0,31599.94,45.4,22.0,1,0,2.092,1.708,0.0,0.0,0.0,1,1,9,80,17,1,-418.502,0.76,9,0
2024-11-16 10:41:38.242360,c4c2965c-57e1-4eec-942c-a8e68c8f52ea,KXHIGHNY-24NOV16-B59.5,47841.758,8,-1.0,61.592,9,91,0,63.3,3.8,-12.9,-6.8,-28.8,-7.8,11.6,50.8,25.3,100,0,31599.94,45.4,22.0,1,0,2.092,1.708,0.0,0.0,0.0,1,1,9,80,17,1,-418.502,0.739,9,0
2024-11-16 10:41:47.226044,0c68d7f5-ecd0-4ce7-9c54-0227f9b28786,KXHIGHNY-24NOV16-B63.5,47832.774,36,3.0,61.592,17,83,1,63.3,-0.2,-16.9,-10.8,-32.8,-11.8,11.6,50.8,25.3,100,0,31599.94,45.4,22.0,1,0,-1.908,1.708,0.0,0.0,0.0,1,1,9,80,17,1,-418.502,-11.788,-17,0
2024-11-16 10:42:15.440339,53b85778-4cd4-4326-986b-f29f9a177df0,KXHIGHNY-24NOV16-B63.5,47804.56,12,3.0,61.592,17,83,1,63.3,-0.2,-16.9,-10.8,-32.8,-11.8,11.6,50.8,25.3,100,0,31599.94,45.4,22.0,1,0,-1.908,1.708,0.0,0.0,0.0,1,1,9,80,17,1,-418.502,-11.761,-17,0
2024-11-16 10:42:25.048067,64aed07e-2ab1-4f34-b95c-aa9a2a2bbd9c,KXHIGHNY-24NOV16-B63.5,47794.952,3,3.0,61.592,17,83,1,63.3,-0.2,-16.9,-10.8,-32.8,-11.8,11.6,50.8,25.3,100,0,31599.94,45.4,22.0,1,0,-1.908,1.708,0.0,0.0,0.0,1,1,9,80,17,1,-418.502,-11.761,-17,0
2024-11-16 10:42:30.372574,9795f28e-b695-4b20-8aa6-e668cfa73b34,KXHIGHNY-24NOV16-B63.5,47789.627,1,3.0,61.592,17,83,1,63.3,-0.2,-16.9,-10.8,-32.8,-11.8,11.6,50.8,25.3,100,0,31599.94,45.4,22.0,1,0,-1.908,1.708,0.0,0.0,0.0,1,1,9,80,17,1,-418.502,-11.759,-17,0
2024-11-16 10:43:00.802859,2d2bc5f6-c370-420d-bd51-42bec3e780e7,KXHIGHNY-24NOV16-B63.5,47759.197,12,3.0,61.592,17,83,1,63.3,-0.2,-16.9,-10.8,-32.8,-11.8,11.6,50.8,25.3,100,0,31599.94,45.4,22.0,1,0,-1.908,1.708,0.0,0.0,0.0,1,1,9,80,17,1,-418.502,-11.748,-17,0
2024-11-16 10:43:07.409774,0bbd6d1d-9818-4068-8f52-b051f1c40da6,KXHIGHNY-24NOV16-B63.5,47752.59,12,3.0,61.592,17,83,1,63.3,-0.2,-16.9,-10.8,-32.8,-11.8,11.6,50.8,25.3,100,0,31599.94,45.4,22.0,1,0,-1.908,1.708,0.0,0.0,0.0,1,1,9,80,17,1,-418.502,-11.739,-17,0
2024-11-16 10:43:09.054105,e47e1bda-54b8-4671-b9a2-b58a25597595,KXHIGHNY-24NOV16-B63.5,47750.946,6,3.0,61.592,17,83,1,63.3,-0.2,-16.9,-10.8,-32.8,-11.8,11.6,50.8,25.3,100,0,31599.94,45.4,22.0,1,0,-1.908,1.708,0.0,0.0,0.0,1,1,9,80,17,1,-418.502,-11.728,-17,0
2024-11-16 10:43:09.054105,e1622441-58a5-4198-b6e5-7d3b97d66439,KXHIGHNY-24NOV16-B63.5,47750.946,52,3.0,61.592,17,83,1,63.3,-0.2,-16.9,-10.8,-32.8,-11.8,11.6,50.8,25.3,100,0,31599.94,45.4,22.0,1,0,-1.908,1.708,0.0,0.0,0.0,1,1,9,80,17,1,-418.502,-11.733,-17,0
2024-11-16 10:43:09.054105,b4987d7c-e98e-4c67-90e4-a0f55fc780e8,KXHIGHNY-24NOV16-B63.5,47750.946,42,3.0,61.609,18,82,1,63.3,-0.2,-16.9,-10.8,-32.8,-11.8,11.6,50.8,25.3,100,0,31599.94,45.4,22.0,1,0,-1.891,1.691,0.0,0.0,0.0,1,1,9,80,18,1,-422.364,-12.734,-18,0
2024-11-16 10:43:10.242069,3b67a00a-3f92-42d4-aa50-191b00ad979d,KXHIGHNY-24NOV16-B61.5,47749.758,100,1.0,61.617,73,27,0,63.3,1.8,-14.9,-8.8,-30.8,-9.8,11.6,50.8,25.3,100,0,31599.94,45.4,22.0,1,0,0.117,1.683,0.0,0.0,0.0,1,1,9,73,18,1,-385.005,-21.451,-27,1
2024-11-16 10:43:10.242069,51e2295e-acb0-42f7-ade3-3eb942deed09,KXHIGHNY-24NOV16-B61.5,47749.758,78,1.0,61.613,76,24,0,63.3,1.8,-14.9,-8.8,-30.8,-9.8,11.6,50.8,25.3,100,0,31599.94,45.4,22.0,1,0,0.113,1.687,0.0,0.0,0.0,1,1,9,76,18,1,-400.937,-18.418,-24,1
2024-11-16 10:43:10.242069,5d12bb70-349d-4b61-a2bb-816bdafda217,KXHIGHNY-24NOV16-B61.5,47749.758,15,1.0,61.618,72,28,0,63.3,1.8,-14.9,-8.8,-30.8,-9.8,11.6,50.8,25.3,100,0,31599.94,45.4,22.0,1,0,0.118,1.682,0.0,0.0,0.0,1,1,9,72,18,1,-379.722,-22.402,-28,1
2024-11-16 10:43:10.242069,99f34d2c-f7dc-4927-a250-ca2ba54c7fb6,KXHIGHNY-24NOV16-B61.5,47749.758,60,1.0,61.618,72,28,0,63.3,1.8,-14.9,-8.8,-30.8,-9.8,11.6,50.8,25.3,100,0,31599.94,45.4,22.0,1,0,0.118,1.682,0.0,0.0,0.0,1,1,9,72,18,1,-379.722,-22.319,-28,1
2024-11-16 10:43:10.242069,cf21447f-ead6-4d27-b589-a7556b72b1d1,KXHIGHNY-24NOV16-B61.5,47749.758,100,1.0,61.617,73,27,0,63.3,1.8,-14.9,-8.8,-30.8,-9.8,11.6,50.8,25.3,100,0,31599.94,45.4,22.0,1,0,0.117,1.683,0.0,0.0,0.0,1,1,9,73,18,1,-385.005,-21.29,-27,1
2024-11-16 10:43:10.242069,6ed911ff-57f5-4968-89fb-577b96aab5e7,KXHIGHNY-24NOV16-B61.5,47749.758,100,1.0,61.615,74,26,0,63.3,1.8,-14.9,-8.8,-30.8,-9.8,11.6,50.8,25.3,100,0,31599.94,45.4,22.0,1,0,0.115,1.685,0.0,0.0,0.0,1,1,9,74,18,1,-390.303,-20.399,-26,1
2024-11-16 10:43:29.769708,f180a1ff-59eb-4375-aced-6df503da07ca,KXHIGHNY-24NOV16-B63.5,47730.23,3,3.0,61.617,18,82,1,63.3,-0.2,-16.9,-10.8,-32.8,-11.8,11.6,50.8,25.3,100,0,31599.94,45.4,22.0,1,0,-1.883,1.683,0.0,0.0,0.0,1,1,9,73,18,1,-385.005,-12.709,-18,0
2024-11-16 10:43:55.623893,3cce8bff-d01b-4b50-a9c7-3ab43ed20498,KXHIGHNY-24NOV16-B59.5,47704.376,6,-1.0,61.617,9,91,0,63.3,3.8,-12.9,-6.8,-28.8,-7.8,11.6,50.8,25.3,100,0,31599.94,45.4,22.0,1,0,2.117,1.683,0.0,0.0,0.0,1,1,9,73,18,1,-385.005,0.706,9,0
2024-11-16 10:44:16.449255,909d0538-d01f-41f0-b8a3-ebd2a59e7845,KXHIGHNY-24NOV16-B63.5,47683.551,7,3.0,61.617,18,82,1,63.3,-0.2,-16.9,-10.8,-32.8,-11.8,11.6,50.8,25.3,100,0,31599.94,45.4,22.0,1,0,-1.883,1.683,0.0,0.0,0.0,1,1,9,73,18,1,-385.005,-12.699,-18,0
2024-11-16 10:44:16.449255,4e2ceef7-e3aa-47f4-82ad-0d6bf7e1c10b,KXHIGHNY-24NOV16-B63.5,47683.551,5,3.0,61.635,19,81,1,63.3,-0.2,-16.9,-10.8,-32.8,-11.8,11.6,50.8,25.3,100,0,31599.94,45.4,22.0,1,0,-1.865,1.665,0.0,0.0,0.0,1,1,9,73,19,1,-388.923,-13.706,-19,0
2024-11-16 10:44:22.167096,0c891243-bb45-4eb1-9e66-43ea53777ae4,KXHIGHNY-24NOV16-B59.5,47677.833,16,-1.0,61.676,7,93,0,63.3,3.8,-12.9,-6.8,-28.8,-7.8,11.6,50.8,25.3,100,0,31599.94,45.4,22.0,1,0,2.176,1.624,0.0,0.0,0.0,1,1,7,73,19,1,-382.769,-1.347,7,0
2024-11-16 10:44:22.242275,fbf16029-309c-48f8-b349-71a34f1fd863,KXHIGHNY-24NOV16-B63.5,47677.758,12,3.0,61.676,19,81,1,63.3,-0.2,-16.9,-10.8,-32.8,-11.8,11.6,50.8,25.3,100,0,31599.94,45.4,22.0,1,0,-1.824,1.624,0.0,0.0,0.0,1,1,7,73,19,1,-382.769,-13.696,-19,0
2024-11-16 10:44:29.747916,58584909-aa07-422c-aaf3-675807aacd6c,KXHIGHNY-24NOV16-B63.5,47670.252,12,3.0,61.694,20,80,1,63.3,-0.2,-16.9,-10.8,-32.8,-11.8,11.6,50.8,25.3,100,0,31599.94,45.4,22.0,1,0,-1.806,1.606,0.0,0.0,0.0,1,1,7,73,20,1,-386.74,-14.688,-20,0
2024-11-16 10:44:39.356162,2c41bfb8-4aac-4454-b21e-d5123cc4a5cd,KXHIGHNY-24NOV16-B63.5,47660.644,100,3.0,61.712,21,79,1,63.3,-0.2,-16.9,-10.8,-32.8,-11.8,11.6,50.8,25.3,100,0,31599.94,45.4,22.0,1,0,-1.788,1.588,0.0,0.0,0.0,1,1,7,73,21,1,-390.76,-15.658,-21,0
2024-11-16 10:44:39.356162,4801c4f7-9696-4c11-863f-f4fdc67c34c5,KXHIGHNY-24NOV16-B63.5,47660.644,81,3.0,61.694,20,80,1,63.3,-0.2,-16.9,-10.8,-32.8,-11.8,11.6,50.8,25.3,100,0,31599.94,45.4,22.0,1,0,-1.806,1.606,0.0,0.0,0.0,1,1,7,73,20,1,-386.74,-14.64,-20,0
2024-11-16 10:44:39.356162,aaf709db-7c3d-4de1-966d-0f42e4fdf86c,KXHIGHNY-24NOV16-B63.5,47660.644,100,3.0,61.729,22,78,1,63.3,-0.2,-16.9,-10.8,-32.8,-11.8,11.6,50.8,25.3,100,0,31599.94,45.4,22.0,1,0,-1.771,1.571,0.0,0.0,0.0,1,1,7,73,22,1,-394.828,-16.594,-22,0
2024-11-16 10:44:39.356162,e24cc7b9-5b52-40d9-b4c3-36a6bae4a046,KXHIGHNY-24NOV16-B63.5,47660.644,100,3.0,61.729,22,78,1,63.3,-0.2,-16.9,-10.8,-32.8,-11.8,11.6,50.8,25.3,100,0,31599.94,45.4,22.0,1,0,-1.771,1.571,0.0,0.0,0.0,1,1,7,73,22,1,-394.828,-16.59,-22,0
2024-11-16 10:44:39.356162,87a5b02f-a823-43f0-a091-b159926b665c,KXHIGHNY-24NOV16-B63.5,47660.644,58,3.0,61.745,23,77,1,63.3,-0.2,-16.9,-10.8,-32.8,-11.8,11.6,50.8,25.3,100,0,31599.94,45.4,22.0,1,0,-1.755,1.555,0.0,0.0,0.0,1,1,7,73,23,1,-398.941,-17.632,-23,0
2024-11-16 10:44:49.708621,5db9b105-2fae-437c-93fd-56748c336605,KXHIGHNY-24NOV16-B63.5,47650.291,12,3.0,61.729,22,78,1,63.3,-0.2,-16.9,-10.8,-32.8,-11.8,11.6,50.8,25.3,100,0,31599.94,45.4,22.0,1,0,-1.771,1.571,0.0,0.0,0.0,1,1,7,73,22,1,-394.828,-16.59,-22,0
2024-11-16 10:44:55.335947,4a5caacd-7e5d-4157-9e22-97acfe786ce5,KXHIGHNY-24NOV16-B59.5,47644.664,1,-1.0,61.687,9,91,1,63.3,3.8,-12.9,-6.8,-28.8,-7.8,11.6,50.8,25.3,100,0,31599.94,45.4,22.0,1,0,2.187,1.613,0.0,0.0,0.0,1,1,9,73,22,1,-400.981,-0.574,-9,0
2024-11-16 10:45:25.639600,fbe58de3-fda9-43d3-991f-57361618bcce,KXHIGHNY-24NOV16-B61.5,47614.36,131,1.0,61.683,75,25,1,63.3,1.8,-14.9,-8.8,-30.8,-9.8,11.6,50.8,25.3,100,0,31599.94,45.4,22.0,1,0,0.183,1.617,0.0,0.0,0.0,1,1,9,75,22,1,-411.59,19.28,25,1
2024-11-16 10:45:26.869824,46d451c3-ae84-46d0-99a3-50703886d190,KXHIGHNY-24NOV16-B63.5,47613.13,36,3.0,61.7,23,77,1,63.3,-0.2,-16.9,-10.8,-32.8,-11.8,11.6,50.8,25.3,100,0,31599.94,45.4,22.0,1,0,-1.8,1.6,0.0,0.0,0.0,1,1,9,75,23,1,-415.703,-17.555,-23,0
2024-11-16 10:45:32.460255,b7e994d9-575e-4a0b-af46-58c76d941a15,KXHIGHNY-24NOV16-B63.5,47607.54,3,3.0,61.7,23,77,1,63.3,-0.2,-16.9,-10.8,-32.8,-11.8,11.6,50.8,25.3,100,0,31599.94,45.4,22.0,1,0,-1.8,1.6,0.0,0.0,0.0,1,1,9,75,23,1,-415.703,-17.55,-23,0
2024-11-16 10:45:43.609275,8a5b100c-88bd-4ab5-ab7e-ffa83556429f,KXHIGHNY-24NOV16-B63.5,47596.391,1,3.0,61.7,23,77,1,63.3,-0.2,-16.9,-10.8,-32.8,-11.8,11.6,50.8,25.3,100,0,31599.94,45.4,22.0,1,0,-1.8,1.6,0.0,0.0,0.0,1,1,9,75,23,1,-415.703,-17.509,-23,0
2024-11-16 10:45:48.749917,5aa9ce58-a8a8-441d-abba-e4c8f6109b7c,KXHIGHNY-24NOV16-B63.5,47591.25,3,3.0,61.7,23,77,1,63.3,-0.2,-16.9,-10.8,-32.8,-11.8,11.6,50.8,25.3,100,0,31599.94,45.4,22.0,1,0,-1.8,1.6,0.0,0.0,0.0,1,1,9,75,23,1,-415.703,-17.503,-23,0
2024-11-16 10:45:58.469843,7e221b60-e799-48e2-a80a-4d6845ff3cef,KXHIGHNY-24NOV16-B63.5,47581.53,3,3.0,61.7,23,77,1,63.3,-0.2,-16.9,-10.8,-32.8,-11.8,11.6,50.8,25.3,100,0,31599.94,45.4,22.0,1,0,-1.8,1.6,0.0,0.0,0.0,1,1,9,75,23,1,-415.703,-17.5,-23,0
2024-11-16 10:46:06.680173,5c36d042-28b5-48d8-bc33-936b0e118a61,KXHIGHNY-24NOV16-T64,47573.32,105,5.0,61.7,1,99,0,63.3,-2.2,-18.9,-12.8,-34.8,-13.8,11.6,50.8,25.3,100,0,31599.94,45.4,22.0,1,0,-3.8,1.6,0.0,0.0,0.0,1,1,9,75,23,1,-415.703,-0.99,1,0
2024-11-16 10:46:10.943707,4c89c221-91db-49e8-8b15-66dbba6ee644,KXHIGHNY-24NOV16-B61.5,47569.056,18,1.0,61.698,76,24,1,63.3,1.8,-14.9,-8.8,-30.8,-9.8,11.6,50.8,25.3,100,0,31599.94,45.4,22.0,1,0,0.198,1.602,0.0,0.0,0.0,1,1,9,76,23,1,-421.027,18.28,24,1
2024-11-16 10:46:11.432609,d01a607f-9ae7-488b-b727-76f464f05890,KXHIGHNY-24NOV16-B61.5,47568.567,2,1.0,61.698,76,24,1,63.3,1.8,-14.9,-8.8,-30.8,-9.8,11.6,50.8,25.3,100,0,31599.94,45.4,22.0,1,0,0.198,1.602,0.0,0.0,0.0,1,1,9,76,23,1,-421.027,18.257,24,1
2024-11-16 10:46:19.687040,68135493-cafb-42c3-81dc-85ff2e3281ca,KXHIGHNY-24NOV16-B63.5,47560.313,1,3.0,61.698,23,77,1,63.3,-0.2,-16.9,-10.8,-32.8,-11.8,11.6,50.8,25.3,100,0,31599.94,45.4,22.0,1,0,-1.802,1.602,0.0,0.0,0.0,1,1,9,76,23,1,-421.027,-17.465,-23,0
2024-11-16 10:46:21.968619,22baaa6a-801e-4a44-b525-099b0e01630b,KXHIGHNY-24NOV16-B63.5,47558.031,103,3.0,61.698,23,77,1,63.3,-0.2,-16.9,-10.8,-32.8,-11.8,11.6,50.8,25.3,100,0,31599.94,45.4,22.0,1,0,-1.802,1.602,0.0,0.0,0.0,1,1,9,76,23,1,-421.027,-17.464,-23,0
2024-11-16 10:46:41.585337,54753170-fe3b-4139-b40a-84607a0d95fb,KXHIGHNY-24NOV16-B63.5,47538.415,23,3.0,61.698,23,77,1,63.3,-0.2,-16.9,-10.8,-32.8,-11.8,11.6,50.8,25.3,100,0,31599.94,45.4,22.0,1,0,-1.802,1.602,0.0,0.0,0.0,1,1,9,76,23,1,-421.027,-17.464,-23,0
2024-11-16 10:46:43.749239,78188ee3-3166-4279-b2ff-e636d89f7927,KXHIGHNY-24NOV16-B59.5,47536.251,17,-1.0,61.739,7,93,0,63.3,3.8,-12.9,-6.8,-28.8,-7.8,11.6,50.8,25.3,100,0,31599.94,45.4,22.0,1,0,2.239,1.561,0.0,0.0,0.0,1,1,7,76,23,1,-414.873,-1.466,7,0
2024-11-16 10:46:58.688992,5bd05a46-0784-419c-a70c-57e902229f87,KXHIGHNY-24NOV16-B59.5,47521.311,16,-1.0,61.739,7,93,0,63.3,3.8,-12.9,-6.8,-28.8,-7.8,11.6,50.8,25.3,100,0,31599.94,45.4,22.0,1,0,2.239,1.561,0.0,0.0,0.0,1,1,7,76,23,1,-414.873,-1.483,7,0
2024-11-16 10:48:05.686485,7505438d-7616-4d86-b92e-bc69066c3bdd,KXHIGHNY-24NOV16-B63.5,47454.314,412,3.0,61.739,23,77,1,63.3,-0.2,-16.9,-10.8,-32.8,-11.8,11.6,50.8,25.3,100,0,31599.94,45.4,22.0,1,0,-1.761,1.561,0.0,0.0,0.0,1,1,7,76,23,1,-414.873,-17.461,-23,0
2024-11-16 10:48:14.723661,3a1f1a97-0f8d-4c66-8e0d-42e89b169488,KXHIGHNY-24NOV16-B61.5,47445.276,3,1.0,61.739,76,24,1,63.3,1.8,-14.9,-8.8,-30.8,-9.8,11.6,50.8,25.3,100,0,31599.94,45.4,22.0,1,0,0.239,1.561,0.0,0.0,0.0,1,1,7,76,23,1,-414.873,18.257,24,1
2024-11-16 10:49:43.595334,cad30e13-10b1-4de3-b4fb-243afdc704a2,KXHIGHNY-24NOV16-B63.5,47356.405,12,3.0,61.739,23,77,1,63.3,-0.2,-16.9,-10.8,-32.8,-11.8,11.6,50.8,25.3,100,0,31599.94,45.4,22.0,1,0,-1.761,1.561,0.0,0.0,0.0,1,1,7,76,23,1,-414.873,-17.45,-23,0
2024-11-16 10:50:13.583564,beee378d-585f-4b9e-8178-632a5fab4b99,KXHIGHNY-24NOV16-B63.5,47326.416,3,3.0,61.739,23,77,1,63.3,-0.2,-16.9,-10.8,-32.8,-11.8,11.6,50.8,25.3,100,0,31599.94,45.4,22.0,1,0,-1.761,1.561,0.0,0.0,0.0,1,1,7,76,23,1,-414.873,-17.419,-23,0
2024-11-16 10:50:17.488263,d1d7b57c-d6ef-45bb-9761-da23dd79ca57,KXHIGHNY-24NOV16-B61.5,47322.512,80,1.0,61.741,75,25,1,63.3,1.8,-14.9,-8.8,-30.8,-9.8,11.6,50.8,25.3,100,0,31599.94,45.4,22.0,1,0,0.241,1.559,0.0,0.0,0.0,1,1,7,75,23,1,-409.549,19.199,25,1
2024-11-16 10:50:17.488263,173be742-c244-4f80-9dbc-f5a15f002528,KXHIGHNY-24NOV16-B61.5,47322.512,51,1.0,61.741,75,25,1,63.3,1.8,-14.9,-8.8,-30.8,-9.8,11.6,50.8,25.3,100,0,31599.94,45.4,22.0,1,0,0.241,1.559,0.0,0.0,0.0,1,1,7,75,23,1,-409.549,19.2,25,1
2024-11-16 10:50:46.312423,cacb0879-3d7f-4a6d-a1d0-323d4693da4a,KXHIGHNY-24NOV16-B63.5,47293.688,4,3.0,61.741,23,77,1,63.3,-0.2,-16.9,-10.8,-32.8,-11.8,11.6,50.8,25.3,100,0,31599.94,45.4,22.0,1,0,-1.759,1.559,0.0,0.0,0.0,1,1,7,75,23,1,-409.549,-17.41,-23,0
2024-11-16 10:51:27.229861,3b763c6e-4dde-450b-ac79-b340431a8369,KXHIGHNY-24NOV16-B63.5,47252.77,3,3.0,61.741,23,77,1,63.3,-0.2,-16.9,-10.8,-32.8,-11.8,11.6,50.8,25.3,100,0,31599.94,45.4,22.0,1,0,-1.759,1.559,0.0,0.0,0.0,1,1,7,75,23,1,-409.549,-17.407,-23,0
2024-11-16 10:52:17.548713,6c5e0c62-0c3e-4da0-a393-150563efb260,KXHIGHNY-24NOV16-B61.5,47202.451,12,1.0,61.739,76,24,1,63.3,1.8,-14.9,-8.8,-30.8,-9.8,11.6,50.8,25.3,100,0,31599.94,45.4,22.0,1,0,0.239,1.561,0.0,0.0,0.0,1,1,7,76,23,1,-414.873,18.199,24,1
2024-11-16 10:52:29.055714,a61fd3de-7dcd-4843-837b-28d42748a402,KXHIGHNY-24NOV16-B61.5,47190.944,11,1.0,61.739,76,24,1,63.3,1.8,-14.9,-8.8,-30.8,-9.8,11.6,50.8,25.3,100,0,31599.94,45.4,22.0,1,0,0.239,1.561,0.0,0.0,0.0,1,1,7,76,23,1,-414.873,18.198,24,1
2024-11-16 10:52:48.686658,2635dcef-7136-46ee-b472-b345eaec7d6f,KXHIGHNY-24NOV16-B63.5,47171.313,15,3.0,61.654,18,82,0,63.3,-0.2,-16.9,-10.8,-32.8,-11.8,11.6,50.8,25.3,100,0,31599.94,45.4,22.0,1,0,-1.846,1.646,0.0,0.0,0.0,1,1,7,76,18,1,-394.784,12.39,18,0
2024-11-16 10:54:23.477964,0685ca08-992f-481f-8ee1-d57d454d1476,KXHIGHNY-24NOV16-B59.5,47076.522,98,-1.0,61.654,7,93,0,63.3,3.8,-12.9,-6.8,-28.8,-7.8,11.6,50.8,25.3,100,0,31599.94,45.4,22.0,1,0,2.154,1.646,0.0,0.0,0.0,1,1,7,76,18,1,-394.784,-1.496,7,0
2024-11-16 10:54:30.795553,ea044d82-ab7c-4876-8335-bcf5b8207510,KXHIGHNY-24NOV16-B63.5,47069.204,3,3.0,61.739,23,77,1,63.3,-0.2,-16.9,-10.8,-32.8,-11.8,11.6,50.8,25.3,100,0,31599.94,45.4,22.0,1,0,-1.761,1.561,0.0,0.0,0.0,1,1,7,76,23,1,-414.873,-17.389,-23,0
2024-11-16 10:54:35.262226,6d4d8b2b-8614-4594-9bbb-f2ddfed6c952,KXHIGHNY-24NOV16-B63.5,47064.738,3,3.0,61.739,23,77,1,63.3,-0.2,-16.9,-10.8,-32.8,-11.8,11.6,50.8,25.3,100,0,31599.94,45.4,22.0,1,0,-1.761,1.561,0.0,0.0,0.0,1,1,7,76,23,1,-414.873,-17.381,-23,0
2024-11-16 10:54:45.572735,9567cbae-7f61-44ee-b405-e8ff637d8292,KXHIGHNY-24NOV16-B63.5,47054.427,3,3.0,61.739,23,77,1,63.3,-0.2,-16.9,-10.8,-32.8,-11.8,11.6,50.8,25.3,100,0,31599.94,45.4,22.0,1,0,-1.761,1.561,0.0,0.0,0.0,1,1,7,76,23,1,-414.873,-17.374,-23,0
2024-11-16 10:54:59.229267,5a6a5ba5-20ae-494c-82a7-971510f86eac,KXHIGHNY-24NOV16-B63.5,47040.771,3,3.0,61.739,23,77,1,63.3,-0.2,-16.9,-10.8,-32.8,-11.8,11.6,50.8,25.3,100,0,31599.94,45.4,22.0,1,0,-1.761,1.561,0.0,0.0,0.0,1,1,7,76,23,1,-414.873,-17.373,-23,0
2024-11-16 10:55:00.556891,47fc3737-6c20-4c9d-a4bc-cac06d8c7e06,KXHIGHNY-24NOV16-B61.5,47039.443,40,1.0,61.741,75,25,1,63.3,1.8,-14.9,-8.8,-30.8,-9.8,11.6,50.8,25.3,100,0,31599.94,45.4,22.0,1,0,0.241,1.559,0.0,0.0,0.0,1,1,7,75,23,1,-409.549,19.194,25,1
2024-11-16 10:55:02.834070,ff5c37a0-d068-4dd4-afd2-0d186461aff8,KXHIGHNY-24NOV16-B61.5,47037.166,160,1.0,61.741,75,25,1,63.3,1.8,-14.9,-8.8,-30.8,-9.8,11.6,50.8,25.3,100,0,31599.94,45.4,22.0,1,0,0.241,1.559,0.0,0.0,0.0,1,1,7,75,23,1,-409.549,19.141,25,1
2024-11-16 10:55:02.834070,8b1c5c90-3876-4715-8a3a-7f477f7aaa5c,KXHIGHNY-24NOV16-B61.5,47037.166,11,1.0,61.739,76,24,1,63.3,1.8,-14.9,-8.8,-30.8,-9.8,11.6,50.8,25.3,100,0,31599.94,45.4,22.0,1,0,0.239,1.561,0.0,0.0,0.0,1,1,7,76,23,1,-414.873,18.194,24,1
2024-11-16 10:55:06.344896,d70c119c-5eb5-4a12-bc18-d2ca008752df,KXHIGHNY-24NOV16-B61.5,47033.655,42,1.0,61.752,70,30,0,63.3,1.8,-14.9,-8.8,-30.8,-9.8,11.6,50.8,25.3,100,0,31599.94,45.4,22.0,1,0,0.252,1.548,0.0,0.0,0.0,1,1,7,70,23,1,-383.132,-24.096,-30,1
2024-11-16 10:55:06.344896,77c5599e-52a7-448d-8e54-9c4fe6a0e1d0,KXHIGHNY-24NOV16-B61.5,47033.655,50,1.0,61.752,70,30,0,63.3,1.8,-14.9,-8.8,-30.8,-9.8,11.6,50.8,25.3,100,0,31599.94,45.4,22.0,1,0,0.252,1.548,0.0,0.0,0.0,1,1,7,70,23,1,-383.132,-24.136,-30,1
2024-11-16 10:55:09.540119,42a8bfcf-9065-4c4d-83db-1309302aaf3a,KXHIGHNY-24NOV16-B63.5,47030.46,3,3.0,61.752,23,77,1,63.3,-0.2,-16.9,-10.8,-32.8,-11.8,11.6,50.8,25.3,100,0,31599.94,45.4,22.0,1,0,-1.748,1.548,0.0,0.0,0.0,1,1,7,70,23,1,-383.132,-17.372,-23,0
2024-11-16 10:56:48.517903,0d6d7ff0-9cf2-4d0e-acfe-b73e057bfd3c,KXHIGHNY-24NOV16-B63.5,46931.482,3,3.0,61.752,23,77,1,63.3,-0.2,-16.9,-10.8,-32.8,-11.8,11.6,50.8,25.3,100,0,31599.94,45.4,22.0,1,0,-1.748,1.548,0.0,0.0,0.0,1,1,7,70,23,1,-383.132,-17.372,-23,0
2024-11-16 10:56:58.991487,1e5421f2-1550-4d33-b93a-f7a50b1fab13,KXHIGHNY-24NOV16-B63.5,46921.009,3,3.0,61.752,23,77,1,63.3,-0.2,-16.9,-10.8,-32.8,-11.8,11.6,50.8,25.3,100,0,31599.94,45.4,22.0,1,0,-1.748,1.548,0.0,0.0,0.0,1,1,7,70,23,1,-383.132,-17.371,-23,0
2024-11-16 10:58:48.529046,afd4b319-9042-4693-89cc-76ae49ba853e,KXHIGHNY-24NOV16-B61.5,46811.471,43,1.0,61.739,76,24,1,63.3,1.8,-14.9,-8.8,-30.8,-9.8,11.6,50.8,25.3,100,0,31599.94,45.4,22.0,1,0,0.239,1.561,0.0,0.0,0.0,1,1,7,76,23,1,-414.873,18.067,24,1
2024-11-16 10:58:48.529046,a48ba272-b340-45ec-b6f1-6ee7422d61b3,KXHIGHNY-24NOV16-B61.5,46811.471,21,1.0,61.739,76,24,1,63.3,1.8,-14.9,-8.8,-30.8,-9.8,11.6,50.8,25.3,100,0,31599.94,45.4,22.0,1,0,0.239,1.561,0.0,0.0,0.0,1,1,7,76,23,1,-414.873,18.067,24,1
2024-11-16 10:59:14.738489,2bbc5587-2e9e-4352-8efb-5a195bc5d0cf,KXHIGHNY-24NOV16-B63.5,46785.262,3,3.0,61.722,22,78,1,63.3,-0.2,-16.9,-10.8,-32.8,-11.8,11.6,50.8,25.3,100,0,31599.94,45.4,22.0,1,0,-1.778,1.578,0.0,0.0,0.0,1,1,7,76,22,1,-410.76,-16.37,-22,0
2024-11-16 10:59:26.101650,592de958-db37-4d7e-bd67-ab99f3de73de,KXHIGHNY-24NOV16-B63.5,46773.898,3,3.0,61.722,22,78,1,63.3,-0.2,-16.9,-10.8,-32.8,-11.8,11.6,50.8,25.3,100,0,31599.94,45.4,22.0,1,0,-1.778,1.578,0.0,0.0,0.0,1,1,7,76,22,1,-410.76,-16.369,-22,0
2024-11-16 10:59:35.136780,04ef8912-383b-4584-afca-7e00df49625b,KXHIGHNY-24NOV16-B63.5,46764.863,3,3.0,61.722,22,78,1,63.3,-0.2,-16.9,-10.8,-32.8,-11.8,11.6,50.8,25.3,100,0,31599.94,45.4,22.0,1,0,-1.778,1.578,0.0,0.0,0.0,1,1,7,76,22,1,-410.76,-16.32,-22,0
2024-11-16 11:00:29.617717,d9c6eb69-670b-4436-81da-9d3ed366db3e,KXHIGHNY-24NOV16-B59.5,46710.382,18,-1.0,61.682,9,91,1,63.3,3.8,-12.9,-6.8,-28.8,-5.9,9.7,50.8,25.3,100,0,31599.94,44.3,25.3,2,0,2.182,1.618,0.0,0.0,0.0,1,1,9,76,22,1,-416.914,-0.46,-9,0
2024-11-16 11:00:29.617717,7e2fec43-e237-477f-9c5f-9bb7c634d0bf,KXHIGHNY-24NOV16-B59.5,46710.382,646,-1.0,61.662,10,90,1,63.3,3.8,-12.9,-6.8,-28.8,-5.9,9.7,50.8,25.3,100,0,31599.94,44.3,25.3,2,0,2.162,1.638,0.0,0.0,0.0,1,1,10,76,22,1,-420.165,-1.483,-10,0
2024-11-16 11:00:36.382373,d74cb5cb-d108-4934-87a2-2b84f0612e32,KXHIGHNY-24NOV16-B61.5,46703.618,100,1.0,61.664,75,25,0,63.3,1.8,-14.9,-8.8,-30.8,-7.9,9.7,50.8,25.3,100,0,31599.94,44.3,25.3,2,0,0.164,1.636,0.0,0.0,0.0,1,1,10,75,22,1,-414.84,-19.066,-25,1
2024-11-16 11:00:41.320141,73f14c14-c710-4da5-a297-6805d54e6a0f,KXHIGHNY-24NOV16-B59.5,46698.68,230,-1.0,61.745,6,94,0,63.3,3.8,-12.9,-6.8,-28.8,-5.9,9.7,50.8,25.3,100,0,31599.94,44.3,25.3,2,0,2.245,1.555,0.0,0.0,0.0,1,1,6,75,22,1,-402.565,-2.579,6,0
2024-11-16 11:00:54.619508,4a34c738-6488-4764-be3c-d92dea9ac436,KXHIGHNY-24NOV16-B63.5,46685.38,120,3.0,61.676,18,82,0,63.3,-0.2,-16.9,-10.8,-32.8,-9.9,9.7,50.8,25.3,100,0,31599.94,44.3,25.3,2,0,-1.824,1.624,0.0,0.0,0.0,1,1,6,75,18,1,-386.589,12.304,18,0
2024-11-16 11:00:54.687994,8e33b645-f2d0-441f-8877-e64d9348eac0,KXHIGHNY-24NOV16-B61.5,46685.312,20,1.0,61.676,75,25,1,63.3,1.8,-14.9,-8.8,-30.8,-7.9,9.7,50.8,25.3,100,0,31599.94,44.3,25.3,2,0,0.176,1.624,0.0,0.0,0.0,1,1,6,75,18,1,-386.589,18.963,25,1
2024-11-16 11:01:11.187242,f152489d-39dd-41e0-85b4-63c25abad962,KXHIGHNY-24NOV16-B63.5,46668.813,13,3.0,61.676,18,82,0,63.3,-0.2,-16.9,-10.8,-32.8,-9.9,9.7,50.8,25.3,100,0,31599.94,44.3,25.3,2,0,-1.824,1.624,0.0,0.0,0.0,1,1,6,75,18,1,-386.589,12.292,18,0
2024-11-16 11:01:20.037396,45fda207-35df-4d88-8094-e98d9d8df220,KXHIGHNY-24NOV16-B63.5,46659.963,3,3.0,61.762,23,77,1,63.3,-0.2,-16.9,-10.8,-32.8,-9.9,9.7,50.8,25.3,100,0,31599.94,44.3,25.3,2,0,-1.738,1.538,0.0,0.0,0.0,1,1,6,75,23,1,-406.679,-17.289,-23,0
2024-11-16 11:01:26.668527,93a2f76b-8bd5-4d4a-b774-ad6d989b5f2f,KXHIGHNY-24NOV16-B61.5,46653.331,103,1.0,61.762,75,25,1,63.3,1.8,-14.9,-8.8,-30.8,-7.9,9.7,50.8,25.3,100,0,31599.94,44.3,25.3,2,0,0.262,1.538,0.0,0.0,0.0,1,1,6,75,23,1,-406.679,18.915,25,1
2024-11-16 11:01:26.668527,6b6a63ac-2721-404a-b3b5-fc32539f5b90,KXHIGHNY-24NOV16-B61.5,46653.331,85,1.0,61.759,76,24,1,63.3,1.8,-14.9,-8.8,-30.8,-7.9,9.7,50.8,25.3,100,0,31599.94,44.3,25.3,2,0,0.259,1.541,0.0,0.0,0.0,1,1,6,76,23,1,-412.003,17.947,24,1
2024-11-16 11:01:33.131870,d8cd42ef-9b48-4594-b92d-17c17aec6393,KXHIGHNY-24NOV16-B63.5,46646.868,200,3.0,61.759,23,77,1,63.3,-0.2,-16.9,-10.8,-32.8,-9.9,9.7,50.8,25.3,100,0,31599.94,44.3,25.3,2,0,-1.741,1.541,0.0,0.0,0.0,1,1,6,76,23,1,-412.003,-17.257,-23,0
2024-11-16 11:01:36.210269,41a98344-344f-445d-88c6-fa9ca8c973f4,KXHIGHNY-24NOV16-B63.5,46643.79,82,3.0,61.759,23,77,1,63.3,-0.2,-16.9,-10.8,-32.8,-9.9,9.7,50.8,25.3,100,0,31599.94,44.3,25.3,2,0,-1.741,1.541,0.0,0.0,0.0,1,1,6,76,23,1,-412.003,-17.255,-23,0
2024-11-16 11:02:32.488924,a76c6ca7-b9ba-42a5-b97d-922d8fa4cd26,KXHIGHNY-24NOV16-B63.5,46587.511,41,3.0,61.759,23,77,1,63.3,-0.2,-16.9,-10.8,-32.8,-9.9,9.7,50.8,25.3,100,0,31599.94,44.3,25.3,2,0,-1.741,1.541,0.0,0.0,0.0,1,1,6,76,23,1,-412.003,-17.254,-23,0
2024-11-16 11:03:00.772861,2920cbbf-fb69-49c4-aae3-35d601394ccd,KXHIGHNY-24NOV16-B59.5,46559.227,256,-1.0,61.824,3,97,0,63.3,3.8,-12.9,-6.8,-28.8,-5.9,9.7,50.8,25.3,100,0,31599.94,44.3,25.3,2,0,2.324,1.476,0.0,0.0,0.0,1,1,3,76,23,1,-404.548,-5.658,3,0
2024-11-16 11:03:00.772861,95ac09e8-3a31-4032-861f-71849347deb0,KXHIGHNY-24NOV16-B59.5,46559.227,168,-1.0,61.824,3,97,0,63.3,3.8,-12.9,-6.8,-28.8,-5.9,9.7,50.8,25.3,100,0,31599.94,44.3,25.3,2,0,2.324,1.476,0.0,0.0,0.0,1,1,3,76,23,1,-404.548,-5.682,3,0
2024-11-16 11:03:00.772861,17d2d645-cea3-4cad-8cff-5c581501aea2,KXHIGHNY-24NOV16-B59.5,46559.227,500,-1.0,61.78,5,95,0,63.3,3.8,-12.9,-6.8,-28.8,-5.9,9.7,50.8,25.3,100,0,31599.94,44.3,25.3,2,0,2.28,1.52,0.0,0.0,0.0,1,1,5,76,23,1,-409.299,-3.62,5,0
2024-11-16 11:03:00.772861,d04b0b17-7cec-4fd4-80bc-3e39fc061d97,KXHIGHNY-24NOV16-B59.5,46559.227,61,-1.0,61.759,6,94,0,63.3,3.8,-12.9,-6.8,-28.8,-5.9,9.7,50.8,25.3,100,0,31599.94,44.3,25.3,2,0,2.259,1.541,0.0,0.0,0.0,1,1,6,76,23,1,-412.003,-2.755,6,0
2024-11-16 11:03:00.772861,d20877b2-de34-4276-885a-8a183ceae57e,KXHIGHNY-24NOV16-B59.5,46559.227,36,-1.0,61.78,5,95,0,63.3,3.8,-12.9,-6.8,-28.8,-5.9,9.7,50.8,25.3,100,0,31599.94,44.3,25.3,2,0,2.28,1.52,0.0,0.0,0.0,1,1,5,76,23,1,-409.299,-3.756,5,0
2024-11-16 11:03:00.772861,a5cb9f00-a4cc-409b-a53c-386170e3629b,KXHIGHNY-24NOV16-B59.5,46559.227,20,-1.0,61.759,6,94,0,63.3,3.8,-12.9,-6.8,-28.8,-5.9,9.7,50.8,25.3,100,0,31599.94,44.3,25.3,2,0,2.259,1.541,0.0,0.0,0.0,1,1,6,76,23,1,-412.003,-2.724,6,0
2024-11-16 11:03:06.762586,0aa2e253-72cb-48b1-8779-8681bfe716af,KXHIGHNY-24NOV16-B61.5,46553.237,13,1.0,61.783,75,25,1,63.3,1.8,-14.9,-8.8,-30.8,-7.9,9.7,50.8,25.3,100,0,31599.94,44.3,25.3,2,0,0.283,1.517,0.0,0.0,0.0,1,1,5,75,23,1,-403.975,18.914,25,1
2024-11-16 11:03:25.811541,b3ee70dc-26c9-45a5-9f19-7cf064ee0f59,KXHIGHNY-24NOV16-B61.5,46534.188,64,1.0,61.797,70,30,0,63.3,1.8,-14.9,-8.8,-30.8,-7.9,9.7,50.8,25.3,100,0,31599.94,44.3,25.3,2,0,0.297,1.503,0.0,0.0,0.0,1,1,5,70,23,1,-377.558,-23.914,-30,1
2024-11-16 11:03:26.780764,e3e590c3-6ad0-42c5-bb2d-40cfa14764df,KXHIGHNY-24NOV16-B59.5,46533.219,28,-1.0,61.689,10,90,1,63.3,3.8,-12.9,-6.8,-28.8,-5.9,9.7,50.8,25.3,100,0,31599.94,44.3,25.3,2,0,2.189,1.611,0.0,0.0,0.0,1,1,10,70,23,1,-392.537,-1.214,-10,0
2024-11-16 11:03:28.792093,c27f79a3-6763-4e06-9423-fba28c535ed4,KXHIGHNY-24NOV16-B63.5,46531.208,3,3.0,61.689,23,77,1,63.3,-0.2,-16.9,-10.8,-32.8,-9.9,9.7,50.8,25.3,100,0,31599.94,44.3,25.3,2,0,-1.811,1.611,0.0,0.0,0.0,1,1,10,70,23,1,-392.537,-17.253,-23,0
2024-11-16 11:03:32.325176,ab4b8e7a-6d98-4c4f-bfe9-34755318f527,KXHIGHNY-24NOV16-B63.5,46527.675,120,3.0,61.599,18,82,0,63.3,-0.2,-16.9,-10.8,-32.8,-9.9,9.7,50.8,25.3,100,0,31599.94,44.3,25.3,2,0,-1.901,1.701,0.0,0.0,0.0,1,1,10,70,18,1,-372.447,12.253,18,0
2024-11-16 11:03:52.051012,76215e7d-80f0-462b-83e8-4ec1bf03df3c,KXHIGHNY-24NOV16-B61.5,46507.949,9,1.0,61.599,70,30,0,63.3,1.8,-14.9,-8.8,-30.8,-7.9,9.7,50.8,25.3,100,0,31599.94,44.3,25.3,2,0,0.099,1.701,0.0,0.0,0.0,1,1,10,70,18,1,-372.447,-23.913,-30,1
2024-11-16 11:04:09.129946,e28746c4-de6d-4416-bab2-9d2eab376dd3,KXHIGHNY-24NOV16-B59.5,46490.87,94,-1.0,61.599,10,90,1,63.3,3.8,-12.9,-6.8,-28.8,-5.9,9.7,50.8,25.3,100,0,31599.94,44.3,25.3,2,0,2.099,1.701,0.0,0.0,0.0,1,1,10,70,18,1,-372.447,-1.208,-10,0
2024-11-16 11:04:23.659831,0fafed79-9c84-4d0b-990c-4bb4768d4a2b,KXHIGHNY-24NOV16-B63.5,46476.34,232,3.0,61.599,18,82,0,63.3,-0.2,-16.9,-10.8,-32.8,-9.9,9.7,50.8,25.3,100,0,31599.94,44.3,25.3,2,0,-1.901,1.701,0.0,0.0,0.0,1,1,10,70,18,1,-372.447,12.252,18,0
2024-11-16 11:04:23.659831,c80682b3-361a-4e30-b66b-237027c095c5,KXHIGHNY-24NOV16-B63.5,46476.34,100,3.0,61.58,17,83,0,63.3,-0.2,-16.9,-10.8,-32.8,-9.9,9.7,50.8,25.3,100,0,31599.94,44.3,25.3,2,0,-1.92,1.72,0.0,0.0,0.0,1,1,10,70,17,1,-368.585,11.233,17,0
2024-11-16 11:04:23.659831,e0b0a147-4414-4f63-b483-1e4318faacea,KXHIGHNY-24NOV16-B63.5,46476.34,100,3.0,61.58,17,83,0,63.3,-0.2,-16.9,-10.8,-32.8,-9.9,9.7,50.8,25.3,100,0,31599.94,44.3,25.3,2,0,-1.92,1.72,0.0,0.0,0.0,1,1,10,70,17,1,-368.585,11.222,17,0
2024-11-16 11:05:27.103170,edb924e6-6ef3-4fba-afd5-92c542e2b569,KXHIGHNY-24NOV16-B63.5,46412.897,100,3.0,61.654,21,79,1,63.3,-0.2,-16.9,-10.8,-32.8,-9.9,9.7,50.8,25.3,100,0,31599.94,44.3,25.3,2,0,-1.846,1.646,0.0,0.0,0.0,1,1,10,70,21,1,-384.355,-15.091,-21,0
2024-11-16 11:05:27.103170,c0197154-f07c-4ed1-bd83-aa8bd607d826,KXHIGHNY-24NOV16-B63.5,46412.897,14,3.0,61.689,23,77,1,63.3,-0.2,-16.9,-10.8,-32.8,-9.9,9.7,50.8,25.3,100,0,31599.94,44.3,25.3,2,0,-1.811,1.611,0.0,0.0,0.0,1,1,10,70,23,1,-392.537,-17.109,-23,0
2024-11-16 11:05:27.103170,74be33e3-d715-4a56-8613-1457a0f626f2,KXHIGHNY-24NOV16-B63.5,46412.897,100,3.0,61.671,22,78,1,63.3,-0.2,-16.9,-10.8,-32.8,-9.9,9.7,50.8,25.3,100,0,31599.94,44.3,25.3,2,0,-1.829,1.629,0.0,0.0,0.0,1,1,10,70,22,1,-388.423,-16.129,-22,0
2024-11-16 11:05:27.103170,67819e4f-3a60-4b43-a7a9-f3f14e661f3f,KXHIGHNY-24NOV16-B63.5,46412.897,100,3.0,61.671,22,78,1,63.3,-0.2,-16.9,-10.8,-32.8,-9.9,9.7,50.8,25.3,100,0,31599.94,44.3,25.3,2,0,-1.829,1.629,0.0,0.0,0.0,1,1,10,70,22,1,-388.423,-16.214,-22,0
2024-11-16 11:05:34.455909,eef6414f-ce65-4d6c-8ac7-33df41da1283,KXHIGHNY-24NOV16-B61.5,46405.544,68,1.0,61.668,72,28,0,63.3,1.8,-14.9,-8.8,-30.8,-7.9,9.7,50.8,25.3,100,0,31599.94,44.3,25.3,2,0,0.168,1.632,0.0,0.0,0.0,1,1,10,72,22,1,-398.949,-21.903,-28,1
2024-11-16 11:05:42.282643,b4b2d8b8-fcc6-492a-981c-f97855661ca5,KXHIGHNY-24NOV16-B63.5,46397.717,24,3.0,61.685,23,77,1,63.3,-0.2,-16.9,-10.8,-32.8,-9.9,9.7,50.8,25.3,100,0,31599.94,44.3,25.3,2,0,-1.815,1.615,0.0,0.0,0.0,1,1,10,72,23,1,-403.062,-17.071,-23,0
2024-11-16 11:06:26.902319,15f4a3b5-8f3b-4019-a580-1ca4a0028903,KXHIGHNY-24NOV16-B61.5,46353.098,44,1.0,61.677,77,23,1,63.3,1.8,-14.9,-8.8,-30.8,-7.9,9.7,50.8,25.3,100,0,31599.94,44.3,25.3,2,0,0.177,1.623,0.0,0.0,0.0,1,1,10,77,23,1,-429.615,16.902,23,1
2024-11-16 11:06:33.370210,f1ca3934-3afc-434f-a294-55b303e6dbcb,KXHIGHNY-24NOV16-B61.5,46346.63,32,1.0,61.687,71,29,0,63.3,1.8,-14.9,-8.8,-30.8,-7.9,9.7,50.8,25.3,100,0,31599.94,44.3,25.3,2,0,0.187,1.613,0.0,0.0,0.0,1,1,10,71,23,1,-397.792,-22.886,-29,1
2024-11-16 11:06:39.044086,e31000a1-06ce-4874-9f34-bdfac259fc40,KXHIGHNY-24NOV16-B59.5,46340.956,278,-1.0,61.708,9,91,1,63.3,3.8,-12.9,-6.8,-28.8,-5.9,9.7,50.8,25.3,100,0,31599.94,44.3,25.3,2,0,2.208,1.592,0.0,0.0,0.0,1,1,9,71,23,1,-394.542,-0.191,-9,0
2024-11-16 11:07:16.491510,636383e4-a973-4bff-b33d-e3fe27b68071,KXHIGHNY-24NOV16-B61.5,46303.508,1,1.0,61.698,76,24,1,63.3,1.8,-14.9,-8.8,-30.8,-7.9,9.7,50.8,25.3,100,0,31599.94,44.3,25.3,2,0,0.198,1.602,0.0,0.0,0.0,1,1,9,76,23,1,-421.027,17.874,24,1
2024-11-16 11:07:20.474951,0e33f3a8-9501-4906-880c-548348b354ce,KXHIGHNY-24NOV16-B63.5,46299.525,249,3.0,61.665,21,79,0,63.3,-0.2,-16.9,-10.8,-32.8,-9.9,9.7,50.8,25.3,100,0,31599.94,44.3,25.3,2,0,-1.835,1.635,0.0,0.0,0.0,1,1,9,76,21,1,-412.846,15.07,21,0
2024-11-16 11:07:30.143357,2d74881c-7f86-42e1-90f4-9c185002c2e4,KXHIGHNY-24NOV16-B63.5,46289.857,3,3.0,61.698,23,77,1,63.3,-0.2,-16.9,-10.8,-32.8,-9.9,9.7,50.8,25.3,100,0,31599.94,44.3,25.3,2,0,-1.802,1.602,0.0,0.0,0.0,1,1,9,76,23,1,-421.027,-17.07,-23,0
2024-11-16 11:07:37.108229,fe512505-ee69-4720-afc2-8642ba93ccb1,KXHIGHNY-24NOV16-B63.5,46282.892,3,3.0,61.698,23,77,1,63.3,-0.2,-16.9,-10.8,-32.8,-9.9,9.7,50.8,25.3,100,0,31599.94,44.3,25.3,2,0,-1.802,1.602,0.0,0.0,0.0,1,1,9,76,23,1,-421.027,-17.07,-23,0
2024-11-16 11:08:00.590561,7645e633-3b92-46d5-8b8a-a0de2c23dca0,KXHIGHNY-24NOV16-B61.5,46259.409,85,1.0,61.706,72,28,0,63.3,1.8,-14.9,-8.8,-30.8,-7.9,9.7,50.8,25.3,100,0,31599.94,44.3,25.3,2,0,0.206,1.594,0.0,0.0,0.0,1,1,9,72,23,1,-399.811,-21.861,-28,1
2024-11-16 11:08:14.205455,387c8787-06dd-46f9-b9a8-40574ac5e50d,KXHIGHNY-24NOV16-B61.5,46245.795,33,1.0,61.698,76,24,1,63.3,1.8,-14.9,-8.8,-30.8,-7.9,9.7,50.8,25.3,100,0,31599.94,44.3,25.3,2,0,0.198,1.602,0.0,0.0,0.0,1,1,9,76,23,1,-421.027,17.853,24,1
2024-11-16 11:08:38.780612,f2a5e4e9-9bff-4e69-ba93-7f674417a47a,KXHIGHNY-24NOV16-B61.5,46221.219,85,1.0,61.706,72,28,0,63.3,1.8,-14.9,-8.8,-30.8,-7.9,9.7,50.8,25.3,100,0,31599.94,44.3,25.3,2,0,0.206,1.594,0.0,0.0,0.0,1,1,9,72,23,1,-399.811,-21.838,-28,1
2024-11-16 11:09:04.162291,5364a3de-b267-4bd6-91e9-bc997a3db9ed,KXHIGHNY-24NOV16-B63.5,46195.838,600,3.0,61.671,21,79,0,63.3,-0.2,-16.9,-10.8,-32.8,-9.9,9.7,50.8,25.3,100,0,31599.94,44.3,25.3,2,0,-1.829,1.629,0.0,0.0,0.0,1,1,9,72,21,1,-391.63,15.069,21,0
2024-11-16 11:09:59.539919,dde71570-3bf7-476b-ac5a-9c2585d52879,KXHIGHNY-24NOV16-B63.5,46140.46,200,3.0,61.671,21,79,0,63.3,-0.2,-16.9,-10.8,-32.8,-9.9,9.7,50.8,25.3,100,0,31599.94,44.3,25.3,2,0,-1.829,1.629,0.0,0.0,0.0,1,1,9,72,21,1,-391.63,15.024,21,0
2024-11-16 11:10:42.902459,4f854c41-0a06-4e37-bfaf-0a0517bfe8b9,KXHIGHNY-24NOV16-B63.5,46097.098,93,3.0,61.671,21,79,0,63.3,-0.2,-16.9,-10.8,-32.8,-9.9,9.7,50.8,25.3,100,0,31599.94,44.3,25.3,2,0,-1.829,1.629,0.0,0.0,0.0,1,1,9,72,21,1,-391.63,14.978,21,0
2024-11-16 11:11:21.601665,a6131703-6b89-4fe5-b136-c6c202979419,KXHIGHNY-24NOV16-B61.5,46058.398,20,1.0,61.67,73,27,0,63.3,1.8,-14.9,-8.8,-30.8,-7.9,9.7,50.8,25.3,100,0,31599.94,44.3,25.3,2,0,0.17,1.63,0.0,0.0,0.0,1,1,9,73,21,1,-396.914,-20.838,-27,1
2024-11-16 11:11:24.587818,60e8aa9b-a4e2-4630-8361-b235c1aca2ed,KXHIGHNY-24NOV16-B59.5,46055.412,26,-1.0,61.712,7,93,1,63.3,3.8,-12.9,-6.8,-28.8,-5.9,9.7,50.8,25.3,100,0,31599.94,44.3,25.3,2,0,2.212,1.588,0.0,0.0,0.0,1,1,7,73,21,1,-390.76,1.811,-7,0
2024-11-16 11:11:47.881327,a751bb79-8626-4d6f-b9e8-0b1dc83bfb5f,KXHIGHNY-24NOV16-B61.5,46032.119,10,1.0,61.708,75,25,1,63.3,1.8,-14.9,-8.8,-30.8,-7.9,9.7,50.8,25.3,100,0,31599.94,44.3,25.3,2,0,0.208,1.592,0.0,0.0,0.0,1,1,7,75,21,1,-401.368,18.771,25,1
2024-11-16 11:12:12.837910,62c757a6-3d14-40d2-b0f3-876b89a635e5,KXHIGHNY-24NOV16-B63.5,46007.162,280,3.0,61.708,21,79,0,63.3,-0.2,-16.9,-10.8,-32.8,-9.9,9.7,50.8,25.3,100,0,31599.94,44.3,25.3,2,0,-1.792,1.592,0.0,0.0,0.0,1,1,7,75,21,1,-401.368,14.977,21,0
2024-11-16 11:12:41.042444,aa973f0e-1198-46e4-9482-84328fb91500,KXHIGHNY-24NOV16-B61.5,45978.958,80,1.0,61.712,73,27,0,63.3,1.8,-14.9,-8.8,-30.8,-7.9,9.7,50.8,25.3,100,0,31599.94,44.3,25.3,2,0,0.212,1.588,0.0,0.0,0.0,1,1,7,73,21,1,-390.76,-20.683,-27,1
2024-11-16 11:12:41.042444,94437584-50bb-4387-b945-1c85082852f5,KXHIGHNY-24NOV16-B61.5,45978.958,75,1.0,61.712,73,27,0,63.3,1.8,-14.9,-8.8,-30.8,-7.9,9.7,50.8,25.3,100,0,31599.94,44.3,25.3,2,0,0.212,1.588,0.0,0.0,0.0,1,1,7,73,21,1,-390.76,-20.705,-27,1
2024-11-16 11:12:51.789992,808d18ac-eb58-40b0-9143-621a29b4e7d6,KXHIGHNY-24NOV16-B61.5,45968.21,32,1.0,61.708,75,25,1,63.3,1.8,-14.9,-8.8,-30.8,-7.9,9.7,50.8,25.3,100,0,31599.94,44.3,25.3,2,0,0.208,1.592,0.0,0.0,0.0,1,1,7,75,21,1,-401.368,18.683,25,1
2024-11-16 11:12:55.638997,bdbf59ae-2e7b-405f-9476-91714c2fb644,KXHIGHNY-24NOV16-B63.5,45964.361,100,3.0,61.757,24,76,1,63.3,-0.2,-16.9,-10.8,-32.8,-9.9,9.7,50.8,25.3,100,0,31599.94,44.3,25.3,2,0,-1.743,1.543,0.0,0.0,0.0,1,1,7,75,24,1,-413.706,-17.812,-24,0
2024-11-16 11:12:55.638997,4a12c1a1-2cf4-4c33-ba9b-b04f43a3b8ea,KXHIGHNY-24NOV16-B63.5,45964.361,7,3.0,61.773,25,75,1,63.3,-0.2,-16.9,-10.8,-32.8,-9.9,9.7,50.8,25.3,100,0,31599.94,44.3,25.3,2,0,-1.727,1.527,0.0,0.0,0.0,1,1,7,75,25,1,-417.905,-18.82,-25,0
2024-11-16 11:12:55.638997,2f070dac-abc6-4f17-b294-48c4ccdaa3f7,KXHIGHNY-24NOV16-B63.5,45964.361,179,3.0,61.741,23,77,1,63.3,-0.2,-16.9,-10.8,-32.8,-9.9,9.7,50.8,25.3,100,0,31599.94,44.3,25.3,2,0,-1.759,1.559,0.0,0.0,0.0,1,1,7,75,23,1,-409.549,-16.83,-23,0
2024-11-16 11:12:55.638997,1b922310-d360-45a4-9708-2a8700098fe5,KXHIGHNY-24NOV16-B63.5,45964.361,100,3.0,61.757,24,76,1,63.3,-0.2,-16.9,-10.8,-32.8,-9.9,9.7,50.8,25.3,100,0,31599.94,44.3,25.3,2,0,-1.743,1.543,0.0,0.0,0.0,1,1,7,75,24,1,-413.706,-17.976,-24,0
2024-11-16 11:13:02.526658,c5376b30-5971-4f75-b0d1-ea4c74a2a31a,KXHIGHNY-24NOV16-B63.5,45957.473,12,3.0,61.773,25,75,1,63.3,-0.2,-16.9,-10.8,-32.8,-9.9,9.7,50.8,25.3,100,0,31599.94,44.3,25.3,2,0,-1.727,1.527,0.0,0.0,0.0,1,1,7,75,25,1,-417.905,-18.795,-25,0
2024-11-16 11:13:07.273419,52c2f072-7776-4e5d-b83b-b75b4ef47197,KXHIGHNY-24NOV16-B63.5,45952.727,12,3.0,61.773,25,75,1,63.3,-0.2,-16.9,-10.8,-32.8,-9.9,9.7,50.8,25.3,100,0,31599.94,44.3,25.3,2,0,-1.727,1.527,0.0,0.0,0.0,1,1,7,75,25,1,-417.905,-18.787,-25,0
2024-11-16 11:13:07.764586,507cba6b-0aea-4d8f-8629-da5b01334922,KXHIGHNY-24NOV16-B59.5,45952.235,67,-1.0,61.773,7,93,1,63.3,3.8,-12.9,-6.8,-28.8,-5.9,9.7,50.8,25.3,100,0,31599.94,44.3,25.3,2,0,2.273,1.527,0.0,0.0,0.0,1,1,7,75,25,1,-417.905,1.817,-7,0
2024-11-16 11:13:26.446170,21f15477-32da-41e6-bdea-31358c1b6715,KXHIGHNY-24NOV16-B63.5,45933.554,3,3.0,61.773,25,75,1,63.3,-0.2,-16.9,-10.8,-32.8,-9.9,9.7,50.8,25.3,100,0,31599.94,44.3,25.3,2,0,-1.727,1.527,0.0,0.0,0.0,1,1,7,75,25,1,-417.905,-18.763,-25,0
2024-11-16 11:13:35.765976,f9c5bce3-34d0-4690-b5a9-f4c3256cf40b,KXHIGHNY-24NOV16-B59.5,45924.234,129,-1.0,61.773,7,93,1,63.3,3.8,-12.9,-6.8,-28.8,-5.9,9.7,50.8,25.3,100,0,31599.94,44.3,25.3,2,0,2.273,1.527,0.0,0.0,0.0,1,1,7,75,25,1,-417.905,1.839,-7,0
2024-11-16 11:13:35.765976,fa174ee6-12a0-40e6-9798-073f0f3988ba,KXHIGHNY-24NOV16-B59.5,45924.234,2,-1.0,61.773,7,93,1,63.3,3.8,-12.9,-6.8,-28.8,-5.9,9.7,50.8,25.3,100,0,31599.94,44.3,25.3,2,0,2.273,1.527,0.0,0.0,0.0,1,1,7,75,25,1,-417.905,1.879,-7,0
2024-11-16 11:13:41.193005,eeb9bf92-c1ae-481f-b981-104f69a83741,KXHIGHNY-24NOV16-B63.5,45918.807,38,3.0,61.773,25,75,1,63.3,-0.2,-16.9,-10.8,-32.8,-9.9,9.7,50.8,25.3,100,0,31599.94,44.3,25.3,2,0,-1.727,1.527,0.0,0.0,0.0,1,1,7,75,25,1,-417.905,-18.743,-25,0
2024-11-16 11:13:41.438447,e27b33d0-2d07-4729-a66f-276dc06ffbfe,KXHIGHNY-24NOV16-B63.5,45918.562,28,3.0,61.773,25,75,1,63.3,-0.2,-16.9,-10.8,-32.8,-9.9,9.7,50.8,25.3,100,0,31599.94,44.3,25.3,2,0,-1.727,1.527,0.0,0.0,0.0,1,1,7,75,25,1,-417.905,-18.704,-25,0
2024-11-16 11:13:41.438447,7fc32f53-6cd8-4876-94bf-2eeef008632f,KXHIGHNY-24NOV16-B63.5,45918.562,18,3.0,61.773,25,75,1,63.3,-0.2,-16.9,-10.8,-32.8,-9.9,9.7,50.8,25.3,100,0,31599.94,44.3,25.3,2,0,-1.727,1.527,0.0,0.0,0.0,1,1,7,75,25,1,-417.905,-18.737,-25,0
2024-11-16 11:13:45.673863,e0756cd8-c67d-424a-9857-c45adedfb795,KXHIGHNY-24NOV16-B61.5,45914.326,32,1.0,61.773,75,25,1,63.3,1.8,-14.9,-8.8,-30.8,-7.9,9.7,50.8,25.3,100,0,31599.94,44.3,25.3,2,0,0.273,1.527,0.0,0.0,0.0,1,1,7,75,25,1,-417.905,18.532,25,1
2024-11-16 11:13:45.673863,61a15b47-968f-40e0-aea9-d97b5f43fa8c,KXHIGHNY-24NOV16-B61.5,45914.326,100,1.0,61.775,74,26,1,63.3,1.8,-14.9,-8.8,-30.8,-7.9,9.7,50.8,25.3,100,0,31599.94,44.3,25.3,2,0,0.275,1.525,0.0,0.0,0.0,1,1,7,74,25,1,-412.594,19.679,26,1
2024-11-16 11:13:48.429381,f3733e77-da0f-41ef-8ac3-7f7ff65748bf,KXHIGHNY-24NOV16-B63.5,45911.571,11,3.0,61.775,25,75,1,63.3,-0.2,-16.9,-10.8,-32.8,-9.9,9.7,50.8,25.3,100,0,31599.94,44.3,25.3,2,0,-1.725,1.525,0.0,0.0,0.0,1,1,7,74,25,1,-412.594,-18.658,-25,0
2024-11-16 11:13:48.429381,9aad797a-de04-416c-934d-9a91a58185f4,KXHIGHNY-24NOV16-B63.5,45911.571,1,3.0,61.775,25,75,1,63.3,-0.2,-16.9,-10.8,-32.8,-9.9,9.7,50.8,25.3,100,0,31599.94,44.3,25.3,2,0,-1.725,1.525,0.0,0.0,0.0,1,1,7,74,25,1,-412.594,-18.682,-25,0
2024-11-16 11:14:07.701398,757be1b3-3a43-44b1-877b-0677e55bf0d3,KXHIGHNY-24NOV16-B63.5,45892.299,6,3.0,61.791,26,74,1,63.3,-0.2,-16.9,-10.8,-32.8,-9.9,9.7,50.8,25.3,100,0,31599.94,44.3,25.3,2,0,-1.709,1.509,0.0,0.0,0.0,1,1,7,74,26,1,-416.833,-19.658,-26,0
2024-11-16 11:14:24.499475,459897f4-836c-4425-ab94-385c346519c6,KXHIGHNY-24NOV16-B63.5,45875.501,88,3.0,61.791,26,74,1,63.3,-0.2,-16.9,-10.8,-32.8,-9.9,9.7,50.8,25.3,100,0,31599.94,44.3,25.3,2,0,-1.709,1.509,0.0,0.0,0.0,1,1,7,74,26,1,-416.833,-19.657,-26,0
2024-11-16 11:14:24.499475,68cb981b-1f66-462e-aa90-13ad35c048bd,KXHIGHNY-24NOV16-B63.5,45875.501,94,3.0,61.791,26,74,1,63.3,-0.2,-16.9,-10.8,-32.8,-9.9,9.7,50.8,25.3,100,0,31599.94,44.3,25.3,2,0,-1.709,1.509,0.0,0.0,0.0,1,1,7,74,26,1,-416.833,-19.656,-26,0
2024-11-16 11:14:28.311528,01c93555-693d-49bd-a501-165703bc42e2,KXHIGHNY-24NOV16-B63.5,45871.688,12,3.0,61.791,26,74,1,63.3,-0.2,-16.9,-10.8,-32.8,-9.9,9.7,50.8,25.3,100,0,31599.94,44.3,25.3,2,0,-1.709,1.509,0.0,0.0,0.0,1,1,7,74,26,1,-416.833,-19.634,-26,0
2024-11-16 11:14:38.306486,a5301cc8-541d-45f2-a3b2-87ac0ecc6f1f,KXHIGHNY-24NOV16-B63.5,45861.694,12,3.0,61.791,26,74,1,63.3,-0.2,-16.9,-10.8,-32.8,-9.9,9.7,50.8,25.3,100,0,31599.94,44.3,25.3,2,0,-1.709,1.509,0.0,0.0,0.0,1,1,7,74,26,1,-416.833,-19.601,-26,0
2024-11-16 11:15:20.156891,0fe03233-1221-49e5-ba63-79af5199c705,KXHIGHNY-24NOV16-B63.5,45819.843,18,3.0,61.791,26,74,1,63.3,-0.2,-16.9,-10.8,-32.8,-9.9,9.7,50.8,25.3,100,0,31599.94,44.3,25.3,2,0,-1.709,1.509,0.0,0.0,0.0,1,1,7,74,26,1,-416.833,-19.599,-26,0
2024-11-16 11:15:23.264006,139cbff3-31fe-47a5-97d5-a7848355d4dc,KXHIGHNY-24NOV16-B63.5,45816.736,54,3.0,61.791,26,74,1,63.3,-0.2,-16.9,-10.8,-32.8,-9.9,9.7,50.8,25.3,100,0,31599.94,44.3,25.3,2,0,-1.709,1.509,0.0,0.0,0.0,1,1,7,74,26,1,-416.833,-19.585,-26,0
2024-11-16 11:16:01.706601,0b2ec362-a7c6-4691-bb39-0378ca19d4b1,KXHIGHNY-24NOV16-B61.5,45778.293,5,1.0,61.794,73,27,0,63.3,1.8,-14.9,-8.8,-30.8,-7.9,9.7,50.8,25.3,100,0,31599.94,44.3,25.3,2,0,0.294,1.506,0.0,0.0,0.0,1,1,7,73,26,1,-411.535,-20.277,-27,1
2024-11-16 11:16:30.055453,0f38f2ec-dd5e-41b9-9e4d-a8a45fb252a3,KXHIGHNY-24NOV16-B61.5,45749.945,32,1.0,61.788,75,25,1,63.3,1.8,-14.9,-8.8,-30.8,-7.9,9.7,50.8,25.3,100,0,31599.94,44.3,25.3,2,0,0.288,1.512,0.0,0.0,0.0,1,1,7,75,26,1,-422.143,18.272,25,1
2024-11-16 11:16:30.055453,ef6c1cca-485d-4539-85a9-b6e09a1d8f12,KXHIGHNY-24NOV16-B61.5,45749.945,69,1.0,61.788,75,25,1,63.3,1.8,-14.9,-8.8,-30.8,-7.9,9.7,50.8,25.3,100,0,31599.94,44.3,25.3,2,0,0.288,1.512,0.0,0.0,0.0,1,1,7,75,26,1,-422.143,18.163,25,1
2024-11-16 11:16:30.055453,acbf83ea-c804-4bcd-8f37-15cf055969ee,KXHIGHNY-24NOV16-B61.5,45749.945,68,1.0,61.788,75,25,1,63.3,1.8,-14.9,-8.8,-30.8,-7.9,9.7,50.8,25.3,100,0,31599.94,44.3,25.3,2,0,0.288,1.512,0.0,0.0,0.0,1,1,7,75,26,1,-422.143,18.169,25,1
2024-11-16 11:16:30.055453,6feb6f34-2752-4864-af0b-ee4b84f585d3,KXHIGHNY-24NOV16-B61.5,45749.945,100,1.0,61.791,74,26,1,63.3,1.8,-14.9,-8.8,-30.8,-7.9,9.7,50.8,25.3,100,0,31599.94,44.3,25.3,2,0,0.291,1.509,0.0,0.0,0.0,1,1,7,74,26,1,-416.833,19.191,26,1
2024-11-16 11:16:30.055453,142f71ee-69bb-46a8-9b23-5f5567eecf1e,KXHIGHNY-24NOV16-B61.5,45749.945,60,1.0,61.791,74,26,1,63.3,1.8,-14.9,-8.8,-30.8,-7.9,9.7,50.8,25.3,100,0,31599.94,44.3,25.3,2,0,0.291,1.509,0.0,0.0,0.0,1,1,7,74,26,1,-416.833,19.216,26,1
2024-11-16 11:16:30.650754,238fe6de-fd77-4b1d-a46a-25d2f662b694,KXHIGHNY-24NOV16-B61.5,45749.349,80,1.0,61.794,73,27,0,63.3,1.8,-14.9,-8.8,-30.8,-7.9,9.7,50.8,25.3,100,0,31599.94,44.3,25.3,2,0,0.294,1.506,0.0,0.0,0.0,1,1,7,73,26,1,-411.535,-20.16,-27,1
2024-11-16 11:16:30.650754,90663d8b-c7c4-4d03-afcb-fc2c6f6d6edf,KXHIGHNY-24NOV16-B61.5,45749.349,20,1.0,61.794,73,27,0,63.3,1.8,-14.9,-8.8,-30.8,-7.9,9.7,50.8,25.3,100,0,31599.94,44.3,25.3,2,0,0.294,1.506,0.0,0.0,0.0,1,1,7,73,26,1,-411.535,-19.94,-27,1
2024-11-16 11:16:30.691948,081f8afe-c560-4600-8073-fb56f7f6d325,KXHIGHNY-24NOV16-B61.5,45749.308,100,1.0,61.794,73,27,0,63.3,1.8,-14.9,-8.8,-30.8,-7.9,9.7,50.8,25.3,100,0,31599.94,44.3,25.3,2,0,0.294,1.506,0.0,0.0,0.0,1,1,7,73,26,1,-411.535,-19.931,-27,1
2024-11-16 11:17:06.125992,affa1208-c7c9-48e4-baa7-9dfd8e6e2a5c,KXHIGHNY-24NOV16-B61.5,45713.874,47,1.0,61.788,75,25,1,63.3,1.8,-14.9,-8.8,-30.8,-7.9,9.7,50.8,25.3,100,0,31599.94,44.3,25.3,2,0,0.288,1.512,0.0,0.0,0.0,1,1,7,75,26,1,-422.143,17.907,25,1
2024-11-16 11:18:04.220100,aa39ecc8-3af6-469b-992e-1b245de8d432,KXHIGHNY-24NOV16-B63.5,45655.78,3,3.0,61.757,24,76,1,63.3,-0.2,-16.9,-10.8,-32.8,-9.9,9.7,50.8,25.3,100,0,31599.94,44.3,25.3,2,0,-1.743,1.543,0.0,0.0,0.0,1,1,7,75,24,1,-413.706,-17.568,-24,0
2024-11-16 11:18:25.476619,b386bbff-9e04-4690-b7ed-368998511b97,KXHIGHNY-24NOV16-B61.5,45634.523,5,1.0,61.759,74,26,0,63.3,1.8,-14.9,-8.8,-30.8,-7.9,9.7,50.8,25.3,100,0,31599.94,44.3,25.3,2,0,0.259,1.541,0.0,0.0,0.0,1,1,7,74,24,1,-408.395,-18.897,-26,1
2024-11-16 11:18:57.322715,72cfe567-41af-475b-af2a-effd33ffd004,KXHIGHNY-24NOV16-B61.5,45602.677,32,1.0,61.755,76,24,1,63.3,1.8,-14.9,-8.8,-30.8,-7.9,9.7,50.8,25.3,100,0,31599.94,44.3,25.3,2,0,0.255,1.545,0.0,0.0,0.0,1,1,7,76,24,1,-419.03,16.89,24,1
2024-11-16 11:19:12.060373,d6bf811d-8cac-471a-a882-f78f67785ae2,KXHIGHNY-24NOV16-B61.5,45587.94,38,1.0,61.755,76,24,1,63.3,1.8,-14.9,-8.8,-30.8,-7.9,9.7,50.8,25.3,100,0,31599.94,44.3,25.3,2,0,0.255,1.545,0.0,0.0,0.0,1,1,7,76,24,1,-419.03,16.888,24,1
2024-11-16 11:20:13.627106,a7b218ac-397b-429d-bec2-a90c6d853404,KXHIGHNY-24NOV16-B63.5,45526.373,3,3.0,61.755,24,76,1,63.3,-0.2,-16.9,-10.8,-32.8,-9.9,9.7,50.8,25.3,100,0,31599.94,44.3,25.3,2,0,-1.745,1.545,0.0,0.0,0.0,1,1,7,76,24,1,-419.03,-17.568,-24,0
2024-11-16 11:20:18.384632,8c7dfd43-3197-40de-a7bc-1c984e660569,KXHIGHNY-24NOV16-B63.5,45521.615,3,3.0,61.755,24,76,1,63.3,-0.2,-16.9,-10.8,-32.8,-9.9,9.7,50.8,25.3,100,0,31599.94,44.3,25.3,2,0,-1.745,1.545,0.0,0.0,0.0,1,1,7,76,24,1,-419.03,-17.56,-24,0
2024-11-16 11:21:08.254865,32fdcfd2-dd91-4242-bf90-782465126666,KXHIGHNY-24NOV16-B63.5,45471.745,50,3.0,61.739,23,77,1,63.3,-0.2,-16.9,-10.8,-32.8,-9.9,9.7,50.8,25.3,100,0,31599.94,44.3,25.3,2,0,-1.761,1.561,0.0,0.0,0.0,1,1,7,76,23,1,-414.873,-16.559,-23,0
2024-11-16 11:22:04.911886,076dfbfe-fa49-4d71-854c-e53df496a47f,KXHIGHNY-24NOV16-B61.5,45415.088,91,1.0,61.743,74,26,0,63.3,1.8,-14.9,-8.8,-30.8,-7.9,9.7,50.8,25.3,100,0,31599.94,44.3,25.3,2,0,0.243,1.557,0.0,0.0,0.0,1,1,7,74,23,1,-404.239,-18.876,-26,1
2024-11-16 11:22:14.985878,2711382b-090b-4d0b-a379-91da17b4d110,KXHIGHNY-24NOV16-B63.5,45405.014,3,3.0,61.743,23,77,1,63.3,-0.2,-16.9,-10.8,-32.8,-9.9,9.7,50.8,25.3,100,0,31599.94,44.3,25.3,2,0,-1.757,1.557,0.0,0.0,0.0,1,1,7,74,23,1,-404.239,-16.559,-23,0
2024-11-16 11:22:25.550930,3ec2b59a-f049-4553-8594-31796d0bf06f,KXHIGHNY-24NOV16-B61.5,45394.449,31,1.0,61.743,74,26,0,63.3,1.8,-14.9,-8.8,-30.8,-7.9,9.7,50.8,25.3,100,0,31599.94,44.3,25.3,2,0,0.243,1.557,0.0,0.0,0.0,1,1,7,74,23,1,-404.239,-18.848,-26,1
2024-11-16 11:22:35.771285,ec6ac515-b5d6-4902-9598-1bb91d432edb,KXHIGHNY-24NOV16-B61.5,45384.229,800,1.0,61.743,74,26,0,63.3,1.8,-14.9,-8.8,-30.8,-7.9,9.7,50.8,25.3,100,0,31599.94,44.3,25.3,2,0,0.243,1.557,0.0,0.0,0.0,1,1,7,74,23,1,-404.239,-18.825,-26,1
2024-11-16 11:23:42.102787,7861fe3b-4d67-4d87-a992-5b885d33af00,KXHIGHNY-24NOV16-B61.5,45317.897,12,1.0,61.741,75,25,0,63.3,1.8,-14.9,-8.8,-30.8,-7.9,9.7,50.8,25.3,100,0,31599.94,44.3,25.3,2,0,0.241,1.559,0.0,0.0,0.0,1,1,7,75,23,1,-409.549,-17.819,-25,1
2024-11-16 11:24:29.456262,e9ffd0a5-a266-4160-b2fc-a54618440dd8,KXHIGHNY-24NOV16-B61.5,45270.544,25,1.0,61.732,79,21,1,63.3,1.8,-14.9,-8.8,-30.8,-7.9,9.7,50.8,25.3,100,0,31599.94,44.3,25.3,2,0,0.232,1.568,0.0,0.0,0.0,1,1,7,79,23,1,-430.924,13.795,21,1
2024-11-16 11:24:29.456262,c5abf621-6a04-4847-a502-297549733eb7,KXHIGHNY-24NOV16-B61.5,45270.544,100,1.0,61.734,78,22,1,63.3,1.8,-14.9,-8.8,-30.8,-7.9,9.7,50.8,25.3,100,0,31599.94,44.3,25.3,2,0,0.234,1.566,0.0,0.0,0.0,1,1,7,78,23,1,-425.561,14.811,22,1
2024-11-16 11:25:08.098695,6ede31cf-1249-4b71-a2bc-270c4441bcd5,KXHIGHNY-24NOV16-B61.5,45231.901,91,1.0,61.743,74,26,0,63.3,1.8,-14.9,-8.8,-30.8,-7.9,9.7,50.8,25.3,100,0,31599.94,44.3,25.3,2,0,0.243,1.557,0.0,0.0,0.0,1,1,7,74,23,1,-404.239,-18.751,-26,1
2024-11-16 11:25:08.098695,5accdce0-2705-4505-a40c-94738e1d9fcd,KXHIGHNY-24NOV16-B61.5,45231.901,200,1.0,61.743,74,26,0,63.3,1.8,-14.9,-8.8,-30.8,-7.9,9.7,50.8,25.3,100,0,31599.94,44.3,25.3,2,0,0.243,1.557,0.0,0.0,0.0,1,1,7,74,23,1,-404.239,-18.768,-26,1
2024-11-16 11:25:17.195763,c3f44f8d-284a-4a57-b36c-9f3804c7bf7f,KXHIGHNY-24NOV16-B63.5,45222.804,100,3.0,61.743,23,77,1,63.3,-0.2,-16.9,-10.8,-32.8,-9.9,9.7,50.8,25.3,100,0,31599.94,44.3,25.3,2,0,-1.757,1.557,0.0,0.0,0.0,1,1,7,74,23,1,-404.239,-16.558,-23,0
2024-11-16 11:25:28.308058,2dd3d236-b4d3-4248-afb2-92f55fc82dc3,KXHIGHNY-24NOV16-B63.5,45211.692,100,3.0,61.821,28,72,1,63.3,-0.2,-16.9,-10.8,-32.8,-9.9,9.7,50.8,25.3,100,0,31599.94,44.3,25.3,2,0,-1.679,1.479,0.0,0.0,0.0,1,1,7,74,28,1,-425.424,-21.547,-28,0
2024-11-16 11:25:28.308058,8376cafb-72e0-41a6-9b5f-8dbe86634a14,KXHIGHNY-24NOV16-B63.5,45211.692,191,3.0,61.759,24,76,1,63.3,-0.2,-16.9,-10.8,-32.8,-9.9,9.7,50.8,25.3,100,0,31599.94,44.3,25.3,2,0,-1.741,1.541,0.0,0.0,0.0,1,1,7,74,24,1,-408.395,-17.544,-24,0
2024-11-16 11:25:28.308058,9061f33a-6712-4037-9e46-b96b75d6a015,KXHIGHNY-24NOV16-B63.5,45211.692,6,3.0,61.836,29,71,1,63.3,-0.2,-16.9,-10.8,-32.8,-9.9,9.7,50.8,25.3,100,0,31599.94,44.3,25.3,2,0,-1.664,1.464,0.0,0.0,0.0,1,1,7,74,29,1,-429.774,-22.542,-29,0
2024-11-16 11:25:28.308058,ea46cf49-91c4-4938-8a48-8f71e08dee92,KXHIGHNY-24NOV16-B63.5,45211.692,80,3.0,61.759,24,76,1,63.3,-0.2,-16.9,-10.8,-32.8,-9.9,9.7,50.8,25.3,100,0,31599.94,44.3,25.3,2,0,-1.741,1.541,0.0,0.0,0.0,1,1,7,74,24,1,-408.395,-17.539,-24,0
2024-11-16 11:25:29.145984,947a672a-624b-4c56-83c9-5cdc6eb34d40,KXHIGHNY-24NOV16-B61.5,45210.854,25,1.0,61.803,81,19,1,63.3,1.8,-14.9,-8.8,-30.8,-7.9,9.7,50.8,25.3,100,0,31599.94,44.3,25.3,2,0,0.303,1.497,0.0,0.0,0.0,1,1,7,81,28,1,-462.873,11.734,19,1
2024-11-16 11:26:23.880105,01dbd477-7691-45a3-8e0a-4b1308f54ac0,KXHIGHNY-24NOV16-B59.5,45156.12,5,-1.0,61.883,3,97,0,63.3,3.8,-12.9,-6.8,-28.8,-5.9,9.7,50.8,25.3,100,0,31599.94,44.3,25.3,2,0,2.383,1.417,0.0,0.0,0.0,1,1,3,81,28,1,-452.548,-5.904,3,0
2024-11-16 11:29:33.211660,39b72d82-aa75-4379-8e98-f71057d6c08a,KXHIGHNY-24NOV16-B61.5,44966.788,940,1.0,61.904,75,25,0,63.3,1.8,-14.9,-8.8,-30.8,-7.9,9.7,50.8,25.3,100,0,31599.94,44.3,25.3,2,0,0.404,1.396,0.0,0.0,0.0,1,1,3,75,28,1,-420.409,-17.706,-25,1
2024-11-16 11:29:33.211660,360bea9a-c3a1-4f9c-812e-83ca1cce53af,KXHIGHNY-24NOV16-B61.5,44966.788,477,1.0,61.911,73,27,0,63.3,1.8,-14.9,-8.8,-30.8,-7.9,9.7,50.8,25.3,100,0,31599.94,44.3,25.3,2,0,0.411,1.389,0.0,0.0,0.0,1,1,3,73,28,1,-409.801,-19.732,-27,1
2024-11-16 11:29:52.369545,8b8b106f-e30b-453a-9606-cd17ef3657e1,KXHIGHNY-24NOV16-B63.5,44947.63,3,3.0,61.896,27,73,1,63.3,-0.2,-16.9,-10.8,-32.8,-9.9,9.7,50.8,25.3,100,0,31599.94,44.3,25.3,2,0,-1.604,1.404,0.0,0.0,0.0,1,1,3,73,27,1,-405.487,-20.522,-27,0
2024-11-16 11:29:53.058609,af649993-33ca-465b-8d90-2f7b537144ac,KXHIGHNY-24NOV16-B61.5,44946.941,20,1.0,61.872,80,20,1,63.3,1.8,-14.9,-8.8,-30.8,-7.9,9.7,50.8,25.3,100,0,31599.94,44.3,25.3,2,0,0.372,1.428,0.0,0.0,0.0,1,1,3,80,27,1,-442.846,12.669,20,1
2024-11-16 11:29:53.058609,a5a6eed4-a12f-4d46-a02d-05b20265eded,KXHIGHNY-24NOV16-B61.5,44946.941,3,1.0,61.872,80,20,1,63.3,1.8,-14.9,-8.8,-30.8,-7.9,9.7,50.8,25.3,100,0,31599.94,44.3,25.3,2,0,0.372,1.428,0.0,0.0,0.0,1,1,3,80,27,1,-442.846,12.69,20,1
2024-11-16 11:29:53.058609,20df8c0d-1bb7-4b14-92f6-9f39a109a559,KXHIGHNY-24NOV16-B61.5,44946.941,100,1.0,61.875,79,21,1,63.3,1.8,-14.9,-8.8,-30.8,-7.9,9.7,50.8,25.3,100,0,31599.94,44.3,25.3,2,0,0.375,1.425,0.0,0.0,0.0,1,1,3,79,27,1,-437.47,13.698,21,1
2024-11-16 11:30:07.081051,2960258d-1c48-4272-88eb-f88d4d799c5b,KXHIGHNY-24NOV16-B63.5,44932.919,3,3.0,61.875,27,73,1,63.3,-0.2,-16.9,-10.8,-32.8,-9.9,9.7,50.8,25.3,100,0,31599.94,44.3,25.3,2,0,-1.625,1.425,0.0,0.0,0.0,1,1,3,79,27,1,-437.47,-20.504,-27,0
2024-11-16 11:30:12.512675,a1615da4-bbed-400c-81ff-9b6eef5913e9,KXHIGHNY-24NOV16-B63.5,44927.487,3,3.0,61.875,27,73,1,63.3,-0.2,-16.9,-10.8,-32.8,-9.9,9.7,50.8,25.3,100,0,31599.94,44.3,25.3,2,0,-1.625,1.425,0.0,0.0,0.0,1,1,3,79,27,1,-437.47,-20.502,-27,0
2024-11-16 11:30:42.052744,4ed23ee0-fc86-4f0f-aecf-f3374f52cf5b,KXHIGHNY-24NOV16-B63.5,44897.947,34,3.0,61.996,36,64,1,63.3,-0.2,-16.9,-10.8,-32.8,-9.9,9.7,50.8,25.3,100,0,31599.94,44.3,25.3,2,0,-1.504,1.304,0.0,0.0,0.0,1,1,3,79,36,1,-477.489,-29.5,-36,0
2024-11-16 11:30:42.052744,860196db-903a-48f3-8f63-6b1436ce4f6e,KXHIGHNY-24NOV16-B63.5,44897.947,26,3.0,61.983,35,65,1,63.3,-0.2,-16.9,-10.8,-32.8,-9.9,9.7,50.8,25.3,100,0,31599.94,44.3,25.3,2,0,-1.517,1.317,0.0,0.0,0.0,1,1,3,79,35,1,-472.919,-28.497,-35,0
2024-11-16 11:30:42.052744,86fc5685-8c94-4ea6-b886-f0d6e15063b3,KXHIGHNY-24NOV16-B63.5,44897.947,79,3.0,61.875,27,73,1,63.3,-0.2,-16.9,-10.8,-32.8,-9.9,9.7,50.8,25.3,100,0,31599.94,44.3,25.3,2,0,-1.625,1.425,0.0,0.0,0.0,1,1,3,79,27,1,-437.47,-20.492,-27,0
2024-11-16 11:30:42.052744,941527de-ccde-4d17-8944-63ed2122130e,KXHIGHNY-24NOV16-B63.5,44897.947,27,3.0,62.02,38,62,1,63.3,-0.2,-16.9,-10.8,-32.8,-9.9,9.7,50.8,25.3,100,0,31599.94,44.3,25.3,2,0,-1.48,1.28,0.0,0.0,0.0,1,1,3,79,38,1,-486.71,-31.485,-38,0
2024-11-16 11:30:42.052744,b2f523c4-6582-4ef1-8eec-e0b62265fa86,KXHIGHNY-24NOV16-B63.5,44897.947,100,3.0,61.904,29,71,1,63.3,-0.2,-16.9,-10.8,-32.8,-9.9,9.7,50.8,25.3,100,0,31599.94,44.3,25.3,2,0,-1.596,1.396,0.0,0.0,0.0,1,1,3,79,29,1,-446.134,-22.484,-29,0
2024-11-16 11:30:42.052744,3519cb47-f5ca-4298-a3cb-d000f6b924b4,KXHIGHNY-24NOV16-B63.5,44897.947,600,3.0,61.917,30,70,1,63.3,-0.2,-16.9,-10.8,-32.8,-9.9,9.7,50.8,25.3,100,0,31599.94,44.3,25.3,2,0,-1.583,1.383,0.0,0.0,0.0,1,1,3,79,30,1,-450.518,-23.502,-30,0
2024-11-16 11:30:42.052744,cb2f261c-1cd9-4f42-a505-575e25d72322,KXHIGHNY-24NOV16-B63.5,44897.947,25,3.0,61.904,29,71,1,63.3,-0.2,-16.9,-10.8,-32.8,-9.9,9.7,50.8,25.3,100,0,31599.94,44.3,25.3,2,0,-1.596,1.396,0.0,0.0,0.0,1,1,3,79,29,1,-446.134,-22.48,-29,0
2024-11-16 11:30:42.052744,d3a3fdbe-0030-47ff-b4a5-c81b4dbff813,KXHIGHNY-24NOV16-B63.5,44897.947,100,3.0,62.032,39,61,1,63.3,-0.2,-16.9,-10.8,-32.8,-9.9,9.7,50.8,25.3,100,0,31599.94,44.3,25.3,2,0,-1.468,1.268,0.0,0.0,0.0,1,1,3,79,39,1,-491.361,-32.462,-39,0
2024-11-16 11:30:42.052744,e5bc592c-eedb-451b-81e7-16927f59f5db,KXHIGHNY-24NOV16-B63.5,44897.947,100,3.0,61.889,28,72,1,63.3,-0.2,-16.9,-10.8,-32.8,-9.9,9.7,50.8,25.3,100,0,31599.94,44.3,25.3,2,0,-1.611,1.411,0.0,0.0,0.0,1,1,3,79,28,1,-441.784,-21.433,-28,0
2024-11-16 11:30:42.052744,eaafecc6-9d8a-492a-91d0-dec604e2bfec,KXHIGHNY-24NOV16-B63.5,44897.947,100,3.0,61.917,30,70,1,63.3,-0.2,-16.9,-10.8,-32.8,-9.9,9.7,50.8,25.3,100,0,31599.94,44.3,25.3,2,0,-1.583,1.383,0.0,0.0,0.0,1,1,3,79,30,1,-450.518,-23.431,-30,0
2024-11-16 11:30:42.052744,b8e1feab-9589-48b7-ac57-e60dedee1b50,KXHIGHNY-24NOV16-B63.5,44897.947,89,3.0,61.904,29,71,1,63.3,-0.2,-16.9,-10.8,-32.8,-9.9,9.7,50.8,25.3,100,0,31599.94,44.3,25.3,2,0,-1.596,1.396,0.0,0.0,0.0,1,1,3,79,29,1,-446.134,-22.482,-29,0
2024-11-16 11:30:49.688687,ab80b83f-ca28-49b0-a297-921db02cafc6,KXHIGHNY-24NOV16-B63.5,44890.311,3,3.0,61.958,33,67,1,63.3,-0.2,-16.9,-10.8,-32.8,-9.9,9.7,50.8,25.3,100,0,31599.94,44.3,25.3,2,0,-1.542,1.342,0.0,0.0,0.0,1,1,3,79,33,1,-463.867,-26.414,-33,0
2024-11-16 11:31:14.018385,56290d83-9a1b-450c-827e-1e0e509acc41,KXHIGHNY-24NOV16-B63.5,44865.982,3,3.0,61.958,33,67,1,63.3,-0.2,-16.9,-10.8,-32.8,-9.9,9.7,50.8,25.3,100,0,31599.94,44.3,25.3,2,0,-1.542,1.342,0.0,0.0,0.0,1,1,3,79,33,1,-463.867,-26.374,-33,0
2024-11-16 11:31:44.839098,82202e0a-8338-44e3-bab2-4256e0664162,KXHIGHNY-24NOV16-B59.5,44835.161,235,-1.0,61.958,3,97,0,63.3,3.8,-12.9,-6.8,-28.8,-5.9,9.7,50.8,25.3,100,0,31599.94,44.3,25.3,2,0,2.458,1.342,0.0,0.0,0.0,1,1,3,79,33,1,-463.867,-5.928,3,0
2024-11-16 11:31:44.840139,34cb5fe9-d768-4977-8e62-9f796defb6dd,KXHIGHNY-24NOV16-B61.5,44835.16,235,1.0,61.974,75,25,0,63.3,1.8,-14.9,-8.8,-30.8,-7.9,9.7,50.8,25.3,100,0,31599.94,44.3,25.3,2,0,0.474,1.326,0.0,0.0,0.0,1,1,3,75,33,1,-442.492,-17.646,-25,1
2024-11-16 11:31:44.840568,693ed94e-8da6-48d5-a3dd-524a26dbf063,KXHIGHNY-24NOV16-T64,44835.159,235,5.0,61.974,1,99,0,63.3,-2.2,-18.9,-12.8,-34.8,-11.9,9.7,50.8,25.3,100,0,31599.94,44.3,25.3,2,0,-3.526,1.326,0.0,0.0,0.0,1,1,3,75,33,1,-442.492,-0.99,1,0
2024-11-16 11:31:44.841897,3098153f-bf8c-4c25-bd77-7c6736a913c2,KXHIGHNY-24NOV16-B63.5,44835.158,235,3.0,61.858,25,75,0,63.3,-0.2,-16.9,-10.8,-32.8,-9.9,9.7,50.8,25.3,100,0,31599.94,44.3,25.3,2,0,-1.642,1.442,0.0,0.0,0.0,1,1,3,75,25,1,-407.579,18.361,25,0
2024-11-16 11:31:44.844759,1140468f-4828-48aa-b175-f727ed4ca12e,KXHIGHNY-24NOV16-B59.5,44835.155,92,-1.0,61.858,3,97,0,63.3,3.8,-12.9,-6.8,-28.8,-5.9,9.7,50.8,25.3,100,0,31599.94,44.3,25.3,2,0,2.358,1.442,0.0,0.0,0.0,1,1,3,75,25,1,-407.579,-5.977,3,0
2024-11-16 11:31:44.844759,1bffea61-0b13-43d8-93d8-07c493bf960d,KXHIGHNY-24NOV16-B59.5,44835.155,143,-1.0,61.858,3,97,0,63.3,3.8,-12.9,-6.8,-28.8,-5.9,9.7,50.8,25.3,100,0,31599.94,44.3,25.3,2,0,2.358,1.442,0.0,0.0,0.0,1,1,3,75,25,1,-407.579,-5.989,3,0
2024-11-16 11:31:44.850150,c97950e3-529d-4798-8771-ed29fddfa7c2,KXHIGHNY-24NOV16-T64,44835.15,235,5.0,61.858,1,99,0,63.3,-2.2,-18.9,-12.8,-34.8,-11.9,9.7,50.8,25.3,100,0,31599.94,44.3,25.3,2,0,-3.642,1.442,0.0,0.0,0.0,1,1,3,75,25,1,-407.579,-0.985,1,0
2024-11-16 11:31:44.853499,2f360257-9852-4ba7-a834-74d8b54c8eb5,KXHIGHNY-24NOV16-B63.5,44835.147,235,3.0,61.858,25,75,0,63.3,-0.2,-16.9,-10.8,-32.8,-9.9,9.7,50.8,25.3,100,0,31599.94,44.3,25.3,2,0,-1.642,1.442,0.0,0.0,0.0,1,1,3,75,25,1,-407.579,18.332,25,0
2024-11-16 11:31:47.497846,af7f5e20-743b-43ce-addd-7d8503ca3686,KXHIGHNY-24NOV16-B63.5,44832.502,1,3.0,61.974,33,67,1,63.3,-0.2,-16.9,-10.8,-32.8,-9.9,9.7,50.8,25.3,100,0,31599.94,44.3,25.3,2,0,-1.526,1.326,0.0,0.0,0.0,1,1,3,75,33,1,-442.492,-26.248,-33,0
2024-11-16 11:31:53.306198,a9a4a4f6-cf69-426e-91b9-4f9fb7e5b76f,KXHIGHNY-24NOV16-B63.5,44826.694,1,3.0,61.974,33,67,1,63.3,-0.2,-16.9,-10.8,-32.8,-9.9,9.7,50.8,25.3,100,0,31599.94,44.3,25.3,2,0,-1.526,1.326,0.0,0.0,0.0,1,1,3,75,33,1,-442.492,-26.247,-33,0
2024-11-16 11:31:58.170077,37cf80e7-3dbc-4f1f-bcb1-cc82db04066d,KXHIGHNY-24NOV16-B63.5,44821.83,1,3.0,61.96,32,68,1,63.3,-0.2,-16.9,-10.8,-32.8,-9.9,9.7,50.8,25.3,100,0,31599.94,44.3,25.3,2,0,-1.54,1.34,0.0,0.0,0.0,1,1,3,75,32,1,-438.011,-25.247,-32,0
2024-11-16 11:32:02.563273,54578304-32f0-408f-b157-e074600ce873,KXHIGHNY-24NOV16-B63.5,44817.437,1,3.0,61.96,32,68,1,63.3,-0.2,-16.9,-10.8,-32.8,-9.9,9.7,50.8,25.3,100,0,31599.94,44.3,25.3,2,0,-1.54,1.34,0.0,0.0,0.0,1,1,3,75,32,1,-438.011,-25.212,-32,0
2024-11-16 11:32:55.724945,371c1682-ceb5-4ee2-9cd5-63c3e0480318,KXHIGHNY-24NOV16-B63.5,44764.275,90,3.0,61.904,28,72,1,63.3,-0.2,-16.9,-10.8,-32.8,-9.9,9.7,50.8,25.3,100,0,31599.94,44.3,25.3,2,0,-1.596,1.396,0.0,0.0,0.0,1,1,3,75,28,1,-420.409,-21.193,-28,0
2024-11-16 11:32:55.724945,164e1ca9-97ec-4b65-af4f-9f302fa4d5ee,KXHIGHNY-24NOV16-B63.5,44764.275,82,3.0,61.889,27,73,1,63.3,-0.2,-16.9,-10.8,-32.8,-9.9,9.7,50.8,25.3,100,0,31599.94,44.3,25.3,2,0,-1.611,1.411,0.0,0.0,0.0,1,1,3,75,27,1,-416.095,-20.208,-27,0
2024-11-16 11:33:18.633583,ec6ac9a8-fc60-41a5-a642-95820df70491,KXHIGHNY-24NOV16-B61.5,44741.366,235,1.0,61.889,75,25,1,63.3,1.8,-14.9,-8.8,-30.8,-7.9,9.7,50.8,25.3,100,0,31599.94,44.3,25.3,2,0,0.389,1.411,0.0,0.0,0.0,1,1,3,75,27,1,-416.095,17.644,25,1
2024-11-16 11:33:28.335006,78fd99ae-136b-45ff-ab8d-11019708d09a,KXHIGHNY-24NOV16-B61.5,44731.665,1,1.0,61.872,80,20,1,63.3,1.8,-14.9,-8.8,-30.8,-7.9,9.7,50.8,25.3,100,0,31599.94,44.3,25.3,2,0,0.372,1.428,0.0,0.0,0.0,1,1,3,80,27,1,-442.846,12.638,20,1
2024-11-16 11:34:39.700032,3396801a-1fa5-4131-a201-10e3502f9ab5,KXHIGHNY-24NOV16-B63.5,44660.3,100,3.0,61.842,25,75,0,63.3,-0.2,-16.9,-10.8,-32.8,-9.9,9.7,50.8,25.3,100,0,31599.94,44.3,25.3,2,0,-1.658,1.458,0.0,0.0,0.0,1,1,3,80,25,1,-434.33,18.178,25,0
2024-11-16 11:34:50.285565,27900e06-6e10-4a0f-9a82-dd3d94437bde,KXHIGHNY-24NOV16-B63.5,44649.714,430,3.0,61.842,25,75,0,63.3,-0.2,-16.9,-10.8,-32.8,-9.9,9.7,50.8,25.3,100,0,31599.94,44.3,25.3,2,0,-1.658,1.458,0.0,0.0,0.0,1,1,3,80,25,1,-434.33,18.176,25,0
2024-11-16 11:35:14.073374,d9ad9e74-e30a-49f0-b984-594f1dc4dbac,KXHIGHNY-24NOV16-B59.5,44625.927,67,-1.0,61.761,7,93,1,63.3,3.8,-12.9,-6.8,-28.8,-5.9,9.7,50.8,25.3,100,0,31599.94,44.3,25.3,2,0,2.261,1.539,0.0,0.0,0.0,1,1,7,80,25,1,-444.655,2.006,-7,0
2024-11-16 11:35:36.000077,0f38500e-d0b1-42ab-9c53-43074a74e1cc,KXHIGHNY-24NOV16-B59.5,44604.0,53,-1.0,61.761,7,93,1,63.3,3.8,-12.9,-6.8,-28.8,-5.9,9.7,50.8,25.3,100,0,31599.94,44.3,25.3,2,0,2.261,1.539,0.0,0.0,0.0,1,1,7,80,25,1,-444.655,2.006,-7,0
2024-11-16 11:35:44.749473,54ad4964-7afd-4dbc-8c33-78325056f182,KXHIGHNY-24NOV16-B61.5,44595.251,63,1.0,61.765,78,22,1,63.3,1.8,-14.9,-8.8,-30.8,-7.9,9.7,50.8,25.3,100,0,31599.94,44.3,25.3,2,0,0.265,1.535,0.0,0.0,0.0,1,1,7,78,25,1,-433.917,14.614,22,1
2024-11-16 11:35:48.098870,59bbfd47-e76d-44e2-89e9-ebfc8548e3fa,KXHIGHNY-24NOV16-B63.5,44591.901,51,3.0,61.702,21,79,0,63.3,-0.2,-16.9,-10.8,-32.8,-9.9,9.7,50.8,25.3,100,0,31599.94,44.3,25.3,2,0,-1.798,1.598,0.0,0.0,0.0,1,1,7,78,21,1,-417.38,14.162,21,0
2024-11-16 11:35:50.165336,dbd3467f-9b18-4133-bf94-b267f8446fb3,KXHIGHNY-24NOV16-B61.5,44589.835,32,1.0,61.7,79,21,1,63.3,1.8,-14.9,-8.8,-30.8,-7.9,9.7,50.8,25.3,100,0,31599.94,44.3,25.3,2,0,0.2,1.6,0.0,0.0,0.0,1,1,7,79,21,1,-422.743,13.606,21,1
2024-11-16 11:36:05.628442,c8a987de-fc3d-4c6b-b12d-511c99c921df,KXHIGHNY-24NOV16-B61.5,44574.372,38,1.0,61.716,71,29,0,63.3,1.8,-14.9,-8.8,-30.8,-7.9,9.7,50.8,25.3,100,0,31599.94,44.3,25.3,2,0,0.216,1.584,0.0,0.0,0.0,1,1,7,71,21,1,-380.207,-21.581,-29,1
2024-11-16 11:36:25.528992,c816e93e-a361-4c5d-8827-7a319c06b03f,KXHIGHNY-24NOV16-B61.5,44554.471,55,1.0,61.7,79,21,1,63.3,1.8,-14.9,-8.8,-30.8,-7.9,9.7,50.8,25.3,100,0,31599.94,44.3,25.3,2,0,0.2,1.6,0.0,0.0,0.0,1,1,7,79,21,1,-422.743,13.571,21,1
2024-11-16 11:36:25.528992,7733406c-f10d-4684-9ef5-a83575515a24,KXHIGHNY-24NOV16-B61.5,44554.471,69,1.0,61.7,79,21,1,63.3,1.8,-14.9,-8.8,-30.8,-7.9,9.7,50.8,25.3,100,0,31599.94,44.3,25.3,2,0,0.2,1.6,0.0,0.0,0.0,1,1,7,79,21,1,-422.743,13.581,21,1
2024-11-16 11:36:31.328690,76721dc1-bbd3-476e-b475-6a0c34439edd,KXHIGHNY-24NOV16-B61.5,44548.671,4,1.0,61.716,71,29,0,63.3,1.8,-14.9,-8.8,-30.8,-7.9,9.7,50.8,25.3,100,0,31599.94,44.3,25.3,2,0,0.216,1.584,0.0,0.0,0.0,1,1,7,71,21,1,-380.207,-21.542,-29,1
2024-11-16 11:36:31.328690,04fb3d5e-13a6-4a1a-8ad8-b41a53eba89d,KXHIGHNY-24NOV16-B61.5,44548.671,28,1.0,61.718,70,30,0,63.3,1.8,-14.9,-8.8,-30.8,-7.9,9.7,50.8,25.3,100,0,31599.94,44.3,25.3,2,0,0.218,1.582,0.0,0.0,0.0,1,1,7,70,21,1,-374.951,-22.561,-30,1
2024-11-16 11:36:45.844031,4421f7bd-ad2f-4126-ade3-02985921b3f5,KXHIGHNY-24NOV16-B61.5,44534.156,2,1.0,61.7,79,21,1,63.3,1.8,-14.9,-8.8,-30.8,-7.9,9.7,50.8,25.3,100,0,31599.94,44.3,25.3,2,0,0.2,1.6,0.0,0.0,0.0,1,1,7,79,21,1,-422.743,13.539,21,1
2024-11-16 11:36:46.436737,807d43b3-45fc-4bbd-bc77-d5ecc919b91e,KXHIGHNY-24NOV16-T64,44533.563,187,5.0,61.768,3,97,1,63.3,-2.2,-18.9,-12.8,-34.8,-11.9,9.7,50.8,25.3,100,0,31599.94,44.3,25.3,2,0,-3.732,1.532,0.0,0.0,0.0,1,1,7,79,21,3,-426.039,-1.015,-3,0
2024-11-16 11:36:55.776635,dfb4fdb3-ea07-43ee-98ee-bd3b7287359d,KXHIGHNY-24NOV16-B59.5,44524.223,134,-1.0,61.768,7,93,1,63.3,3.8,-12.9,-6.8,-28.8,-5.9,9.7,50.8,25.3,100,0,31599.94,44.3,25.3,2,0,2.268,1.532,0.0,0.0,0.0,1,1,7,79,21,3,-426.039,2.012,-7,0
2024-11-16 11:37:21.835389,4684387e-49d2-45d0-82f7-f90037052e9c,KXHIGHNY-24NOV16-B63.5,44498.165,68,3.0,61.783,22,78,0,63.3,-0.2,-16.9,-10.8,-32.8,-9.9,9.7,50.8,25.3,100,0,31599.94,44.3,25.3,2,0,-1.717,1.517,0.0,0.0,0.0,1,1,7,79,22,3,-430.107,15.137,22,0
2024-11-16 11:37:24.239808,f48f8ce6-268b-489c-97cc-f479acfdb890,KXHIGHNY-24NOV16-B63.5,44495.76,70,3.0,61.923,32,68,1,63.3,-0.2,-16.9,-10.8,-32.8,-9.9,9.7,50.8,25.3,100,0,31599.94,44.3,25.3,2,0,-1.577,1.377,0.0,0.0,0.0,1,1,7,79,32,3,-473.007,-25.127,-32,0
2024-11-16 11:37:40.155946,f9c73488-449c-4f58-87c3-117f7db291ed,KXHIGHNY-24NOV16-B59.5,44479.844,101,-1.0,61.983,4,96,0,63.3,3.8,-12.9,-6.8,-28.8,-5.9,9.7,50.8,25.3,100,0,31599.94,44.3,25.3,2,0,2.483,1.317,0.0,0.0,0.0,1,1,4,79,32,3,-464.931,-5.023,4,0
2024-11-16 11:37:58.956603,ffc3bc71-53d1-4944-a178-fb216a76e4d3,KXHIGHNY-24NOV16-B63.5,44461.043,3,3.0,61.904,26,74,1,63.3,-0.2,-16.9,-10.8,-32.8,-9.9,9.7,50.8,25.3,100,0,31599.94,44.3,25.3,2,0,-1.596,1.396,0.0,0.0,0.0,1,1,4,79,26,3,-438.738,-19.117,-26,0
2024-11-16 11:38:09.421347,728c385a-e881-4432-8c75-632707559705,KXHIGHNY-24NOV16-B63.5,44450.579,3,3.0,61.904,26,74,1,63.3,-0.2,-16.9,-10.8,-32.8,-9.9,9.7,50.8,25.3,100,0,31599.94,44.3,25.3,2,0,-1.596,1.396,0.0,0.0,0.0,1,1,4,79,26,3,-438.738,-19.104,-26,0
2024-11-16 11:38:48.848933,7cfc88fd-8118-4133-a4e0-e93fed6be212,KXHIGHNY-24NOV16-B61.5,44411.151,1,1.0,61.914,76,24,1,63.3,1.8,-14.9,-8.8,-30.8,-7.9,9.7,50.8,25.3,100,0,31599.94,44.3,25.3,2,0,0.414,1.386,0.0,0.0,0.0,1,1,4,76,26,3,-422.687,16.519,24,1
2024-11-16 11:39:20.562339,a526dd7c-ee56-434a-82d4-1e0d99b9abbf,KXHIGHNY-24NOV16-B61.5,44379.438,4,1.0,61.934,71,29,0,63.3,1.8,-14.9,-8.8,-30.8,-7.9,9.7,50.8,25.3,100,0,31599.94,44.3,25.3,2,0,0.434,1.366,0.0,0.0,0.0,1,1,4,71,26,3,-396.202,-21.515,-29,1
2024-11-16 11:39:22.522634,b03993d5-b697-4efd-bc1d-f24718903bfe,KXHIGHNY-24NOV16-B63.5,44377.477,3,3.0,62.018,32,68,1,63.3,-0.2,-16.9,-10.8,-32.8,-9.9,9.7,50.8,25.3,100,0,31599.94,44.3,25.3,2,0,-1.482,1.282,0.0,0.0,0.0,1,1,4,71,32,3,-422.395,-25.104,-32,0
2024-11-16 11:39:27.749482,3c18e090-b022-4727-86aa-dedf08132a8f,KXHIGHNY-24NOV16-B63.5,44372.251,3,3.0,62.018,32,68,1,63.3,-0.2,-16.9,-10.8,-32.8,-9.9,9.7,50.8,25.3,100,0,31599.94,44.3,25.3,2,0,-1.482,1.282,0.0,0.0,0.0,1,1,4,71,32,3,-422.395,-25.097,-32,0
2024-11-16 11:39:30.178276,ccc89d89-acce-4f65-80fb-e9a66f43596a,KXHIGHNY-24NOV16-B59.5,44369.822,13,-1.0,61.952,7,93,1,63.3,3.8,-12.9,-6.8,-28.8,-5.9,9.7,50.8,25.3,100,0,31599.94,44.3,25.3,2,0,2.452,1.348,0.0,0.0,0.0,1,1,7,71,32,3,-430.471,2.033,-7,0
2024-11-16 11:39:40.703056,601a7835-7cac-492a-9690-21067813b4af,KXHIGHNY-24NOV16-B59.5,44359.297,4,-1.0,61.952,7,93,1,63.3,3.8,-12.9,-6.8,-28.8,-5.9,9.7,50.8,25.3,100,0,31599.94,44.3,25.3,2,0,2.452,1.348,0.0,0.0,0.0,1,1,7,71,32,3,-430.471,2.037,-7,0
2024-11-16 11:39:50.984436,a0ca0917-7681-4ac7-a45e-9077949da046,KXHIGHNY-24NOV16-B59.5,44349.016,399,-1.0,62.018,4,96,0,63.3,3.8,-12.9,-6.8,-28.8,-5.9,9.7,50.8,25.3,100,0,31599.94,44.3,25.3,2,0,2.518,1.282,0.0,0.0,0.0,1,1,4,71,32,3,-422.395,-5.098,4,0
2024-11-16 11:40:08.465067,6595397c-693b-49dc-9f18-dc46986f8d13,KXHIGHNY-24NOV16-B63.5,44331.535,199,3.0,61.856,21,79,0,63.3,-0.2,-16.9,-10.8,-32.8,-9.9,9.7,50.8,25.3,100,0,31599.94,44.3,25.3,2,0,-1.644,1.444,0.0,0.0,0.0,1,1,4,71,21,3,-375.426,14.084,21,0
2024-11-16 11:40:08.465067,673d1310-f7e3-47b8-be2b-b866bdf1530f,KXHIGHNY-24NOV16-B63.5,44331.535,13,3.0,61.873,22,78,0,63.3,-0.2,-16.9,-10.8,-32.8,-9.9,9.7,50.8,25.3,100,0,31599.94,44.3,25.3,2,0,-1.627,1.427,0.0,0.0,0.0,1,1,4,71,22,3,-379.494,15.053,22,0
2024-11-16 11:40:19.894566,e51054d7-cc9d-45f2-b9b8-e2e2ed7226d5,KXHIGHNY-24NOV16-B63.5,44320.105,21,3.0,61.856,21,79,0,63.3,-0.2,-16.9,-10.8,-32.8,-9.9,9.7,50.8,25.3,100,0,31599.94,44.3,25.3,2,0,-1.644,1.444,0.0,0.0,0.0,1,1,4,71,21,3,-375.426,14.053,21,0
2024-11-16 11:40:32.915000,ed8237d1-b572-446f-b9a4-031d1c95326d,KXHIGHNY-24NOV16-B61.5,44307.085,142,1.0,61.83,79,21,1,63.3,1.8,-14.9,-8.8,-30.8,-7.9,9.7,50.8,25.3,100,0,31599.94,44.3,25.3,2,0,0.33,1.47,0.0,0.0,0.0,1,1,4,79,21,3,-417.962,13.466,21,1
2024-11-16 11:40:32.915000,cde3f10f-e216-451a-95c4-9abc0e5cd43a,KXHIGHNY-24NOV16-B61.5,44307.085,63,1.0,61.833,78,22,1,63.3,1.8,-14.9,-8.8,-30.8,-7.9,9.7,50.8,25.3,100,0,31599.94,44.3,25.3,2,0,0.333,1.467,0.0,0.0,0.0,1,1,4,78,21,3,-412.599,14.47,22,1
2024-11-16 11:40:32.915000,2fe031ea-740b-4fec-9a18-374661b83673,KXHIGHNY-24NOV16-B61.5,44307.085,424,1.0,61.833,78,22,1,63.3,1.8,-14.9,-8.8,-30.8,-7.9,9.7,50.8,25.3,100,0,31599.94,44.3,25.3,2,0,0.333,1.467,0.0,0.0,0.0,1,1,4,78,21,3,-412.599,14.496,22,1
2024-11-16 11:40:34.502407,4f1285f5-b48c-4163-93d3-e3bbc9ae3e6b,KXHIGHNY-24NOV16-B59.5,44305.498,964,-1.0,61.855,3,97,0,63.3,3.8,-12.9,-6.8,-28.8,-5.9,9.7,50.8,25.3,100,0,31599.94,44.3,25.3,2,0,2.355,1.445,0.0,0.0,0.0,1,1,3,78,21,3,-410.35,-6.137,3,0
2024-11-16 11:40:45.261800,155b9ef9-ec33-47e1-b025-27c8953f4d19,KXHIGHNY-24NOV16-B59.5,44294.738,315,-1.0,61.855,3,97,0,63.3,3.8,-12.9,-6.8,-28.8,-5.9,9.7,50.8,25.3,100,0,31599.94,44.3,25.3,2,0,2.355,1.445,0.0,0.0,0.0,1,1,3,78,21,3,-410.35,-6.139,3,0
2024-11-16 11:41:04.312337,b169c1ad-d154-4f8e-9ee5-be3281367436,KXHIGHNY-24NOV16-B63.5,44275.688,93,3.0,61.808,18,82,0,63.3,-0.2,-16.9,-10.8,-32.8,-9.9,9.7,50.8,25.3,100,0,31599.94,44.3,25.3,2,0,-1.692,1.492,0.0,0.0,0.0,1,1,3,78,18,3,-398.442,11.038,18,0
2024-11-16 11:41:04.312337,ad8f9526-be68-4e8e-acb4-ecf3ae7ffaf4,KXHIGHNY-24NOV16-B63.5,44275.688,100,3.0,61.855,21,79,0,63.3,-0.2,-16.9,-10.8,-32.8,-9.9,9.7,50.8,25.3,100,0,31599.94,44.3,25.3,2,0,-1.645,1.445,0.0,0.0,0.0,1,1,3,78,21,3,-410.35,14.038,21,0
2024-11-16 11:41:04.312337,5eb85b6f-d5d2-4a14-a44f-e21f33b45f22,KXHIGHNY-24NOV16-B63.5,44275.688,307,3.0,61.855,21,79,0,63.3,-0.2,-16.9,-10.8,-32.8,-9.9,9.7,50.8,25.3,100,0,31599.94,44.3,25.3,2,0,-1.645,1.445,0.0,0.0,0.0,1,1,3,78,21,3,-410.35,14.051,21,0
2024-11-16 11:41:36.083122,b675bf51-60a5-4d3b-8a1c-8828d4f03a6f,KXHIGHNY-24NOV16-B63.5,44243.917,3,3.0,62.008,32,68,1,63.3,-0.2,-16.9,-10.8,-32.8,-9.9,9.7,50.8,25.3,100,0,31599.94,44.3,25.3,2,0,-1.492,1.292,0.0,0.0,0.0,1,1,3,78,32,3,-457.319,-25.038,-32,0
2024-11-16 11:41:50.577131,06076530-8e1d-43c8-8f45-6f93b844eef4,KXHIGHNY-24NOV16-T64,44229.423,100,5.0,61.948,1,99,0,63.3,-2.2,-18.9,-12.8,-34.8,-11.9,9.7,50.8,25.3,100,0,31599.94,44.3,25.3,2,0,-3.552,1.352,0.0,0.0,0.0,1,1,3,78,32,1,-454.023,-0.985,1,0
2024-11-16 11:41:56.733171,90a12b09-bd48-443a-b94e-33565998c13f,KXHIGHNY-24NOV16-B63.5,44223.267,3,3.0,61.921,30,70,1,63.3,-0.2,-16.9,-10.8,-32.8,-9.9,9.7,50.8,25.3,100,0,31599.94,44.3,25.3,2,0,-1.579,1.379,0.0,0.0,0.0,1,1,3,78,30,1,-445.155,-23.037,-30,0
2024-11-16 11:42:01.328143,69bc930b-b48c-4765-b085-78aacda66f7e,KXHIGHNY-24NOV16-B63.5,44218.672,3,3.0,61.935,31,69,1,63.3,-0.2,-16.9,-10.8,-32.8,-9.9,9.7,50.8,25.3,100,0,31599.94,44.3,25.3,2,0,-1.565,1.365,0.0,0.0,0.0,1,1,3,78,31,1,-449.573,-24.037,-31,0
2024-11-16 11:42:11.216591,de639155-bee9-4857-84ea-360b8a5767e3,KXHIGHNY-24NOV16-B61.5,44208.783,1,1.0,61.959,72,28,0,63.3,1.8,-14.9,-8.8,-30.8,-7.9,9.7,50.8,25.3,100,0,31599.94,44.3,25.3,2,0,0.459,1.341,0.0,0.0,0.0,1,1,3,72,31,1,-417.669,-20.441,-28,1
2024-11-16 11:42:57.809505,3075416d-0a6b-426f-928f-9c5a7696e36c,KXHIGHNY-24NOV16-B63.5,44162.19,3,3.0,61.915,28,72,1,63.3,-0.2,-16.9,-10.8,-32.8,-9.9,9.7,50.8,25.3,100,0,31599.94,44.3,25.3,2,0,-1.585,1.385,0.0,0.0,0.0,1,1,3,72,28,1,-404.518,-21.036,-28,0
2024-11-16 11:43:02.557721,b438bd08-2d6b-4cbe-9d0d-9430825e1840,KXHIGHNY-24NOV16-B63.5,44157.442,3,3.0,61.885,26,74,1,63.3,-0.2,-16.9,-10.8,-32.8,-9.9,9.7,50.8,25.3,100,0,31599.94,44.3,25.3,2,0,-1.615,1.415,0.0,0.0,0.0,1,1,3,72,26,1,-395.926,-19.036,-26,0
2024-11-16 11:43:07.023082,862ace86-04a0-4c88-980a-a82d8ea1f521,KXHIGHNY-24NOV16-B63.5,44152.977,3,3.0,61.944,30,70,1,63.3,-0.2,-16.9,-10.8,-32.8,-9.9,9.7,50.8,25.3,100,0,31599.94,44.3,25.3,2,0,-1.556,1.356,0.0,0.0,0.0,1,1,3,72,30,1,-413.252,-23.035,-30,0
2024-11-16 11:44:15.462170,4c35eb18-e3db-4ad5-9d9c-957858c66de7,KXHIGHNY-24NOV16-B57.5,44084.538,140,-3.0,61.904,2,98,1,63.3,5.8,-10.9,-4.8,-26.8,-3.9,9.7,50.8,25.3,100,0,31599.94,44.3,25.3,2,0,4.404,1.396,0.0,0.0,0.0,1,2,3,72,30,1,-414.638,0.803,-2,0
2024-11-16 11:44:48.005041,bf97a840-e6f0-4658-b83c-0eecb0885294,KXHIGHNY-24NOV16-B59.5,44051.995,23,-1.0,61.882,4,96,1,63.3,3.8,-12.9,-6.8,-28.8,-5.9,9.7,50.8,25.3,100,0,31599.94,44.3,25.3,2,0,2.382,1.418,0.0,0.0,0.0,1,2,4,72,30,1,-416.887,5.176,-4,0
2024-11-16 11:44:59.955391,9dc388fb-2ff3-4f72-b243-10814cc4fff1,KXHIGHNY-24NOV16-B59.5,44040.045,27,-1.0,61.86,5,95,1,63.3,3.8,-12.9,-6.8,-28.8,-5.9,9.7,50.8,25.3,100,0,31599.94,44.3,25.3,2,0,2.36,1.44,0.0,0.0,0.0,1,2,5,72,30,1,-419.389,4.179,-5,0
2024-11-16 11:45:40.930421,ec8c1fbb-892d-44a4-84eb-1c344d8d8837,KXHIGHNY-24NOV16-B59.5,43999.07,3,-1.0,61.86,5,95,1,63.3,3.8,-12.9,-6.8,-28.8,-5.9,9.7,50.8,25.3,100,0,31599.94,44.3,25.3,2,0,2.36,1.44,0.0,0.0,0.0,1,2,5,72,30,1,-419.389,4.192,-5,0
2024-11-16 11:46:06.121675,9556984a-8619-4d8c-b400-1890711c741d,KXHIGHNY-24NOV16-B59.5,43973.878,195,-1.0,61.904,3,97,0,63.3,3.8,-12.9,-6.8,-28.8,-5.9,9.7,50.8,25.3,100,0,31599.94,44.3,25.3,2,0,2.404,1.396,0.0,0.0,0.0,1,2,3,72,30,1,-414.638,-6.198,3,0
2024-11-16 11:47:12.596929,fc5b7943-ed98-48bd-929b-c3872f05ad80,KXHIGHNY-24NOV16-B61.5,43907.403,1,1.0,61.879,79,21,1,63.3,1.8,-14.9,-8.8,-30.8,-7.9,9.7,50.8,25.3,100,0,31599.94,44.3,25.3,2,0,0.379,1.421,0.0,0.0,0.0,1,2,3,79,30,1,-451.904,13.436,21,1
2024-11-16 11:48:25.415171,d9a7db9a-c26e-472c-943d-9f6d0f2a725b,KXHIGHNY-24NOV16-B63.5,43834.585,59,3.0,61.692,18,82,0,63.3,-0.2,-16.9,-10.8,-32.8,-9.9,9.7,50.8,25.3,100,0,31599.94,44.3,25.3,2,0,-1.808,1.608,0.0,0.0,0.0,1,2,3,79,18,1,-401.895,11.034,18,0
2024-11-16 11:48:25.415171,d178da2f-db34-462a-881e-877e7dce5a6b,KXHIGHNY-24NOV16-B63.5,43834.585,50,3.0,61.726,20,80,0,63.3,-0.2,-16.9,-10.8,-32.8,-9.9,9.7,50.8,25.3,100,0,31599.94,44.3,25.3,2,0,-1.774,1.574,0.0,0.0,0.0,1,2,3,79,20,1,-409.783,13.035,20,0
2024-11-16 11:50:17.018834,a80ed1ac-1af3-4cc8-a79c-c23665f8d1f2,KXHIGHNY-24NOV16-B63.5,43722.981,12,3.0,61.692,18,82,0,63.3,-0.2,-16.9,-10.8,-32.8,-9.9,9.7,50.8,25.3,100,0,31599.94,44.3,25.3,2,0,-1.808,1.608,0.0,0.0,0.0,1,2,3,79,18,1,-401.895,11.034,18,0
2024-11-16 11:50:26.809118,3f80e372-bfcf-41f8-9e40-eef0e46120be,KXHIGHNY-24NOV16-B61.5,43713.191,124,1.0,61.692,79,21,1,63.3,1.8,-14.9,-8.8,-30.8,-7.9,9.7,50.8,25.3,100,0,31599.94,44.3,25.3,2,0,0.192,1.608,0.0,0.0,0.0,1,2,3,79,18,1,-401.895,13.426,21,1
2024-11-16 11:51:10.995674,d70bdd27-ddd0-40c9-b544-b8864bc85ded,KXHIGHNY-24NOV16-B61.5,43669.004,176,1.0,61.692,79,21,1,63.3,1.8,-14.9,-8.8,-30.8,-7.9,9.7,50.8,25.3,100,0,31599.94,44.3,25.3,2,0,0.192,1.608,0.0,0.0,0.0,1,2,3,79,18,1,-401.895,13.411,21,1
2024-11-16 11:51:23.309316,cef570b8-3a3e-4a1b-8fef-df1c305e5e07,KXHIGHNY-24NOV16-B63.5,43656.691,129,3.0,61.692,18,82,0,63.3,-0.2,-16.9,-10.8,-32.8,-9.9,9.7,50.8,25.3,100,0,31599.94,44.3,25.3,2,0,-1.808,1.608,0.0,0.0,0.0,1,2,3,79,18,1,-401.895,11.031,18,0
2024-11-16 11:51:23.309316,6c946184-f813-4e79-98ea-c98b7b1812a5,KXHIGHNY-24NOV16-B63.5,43656.691,25,3.0,61.657,16,84,0,63.3,-0.2,-16.9,-10.8,-32.8,-9.9,9.7,50.8,25.3,100,0,31599.94,44.3,25.3,2,0,-1.843,1.643,0.0,0.0,0.0,1,2,3,79,16,1,-394.23,9.032,16,0
2024-11-16 11:51:23.309316,202d31ce-de59-48fa-8144-ad5abf5386ab,KXHIGHNY-24NOV16-B63.5,43656.691,77,3.0,61.675,17,83,0,63.3,-0.2,-16.9,-10.8,-32.8,-9.9,9.7,50.8,25.3,100,0,31599.94,44.3,25.3,2,0,-1.825,1.625,0.0,0.0,0.0,1,2,3,79,17,1,-398.033,10.032,17,0
2024-11-16 11:52:41.951928,09f46846-82bd-4e0e-971a-dc9aee34e3ef,KXHIGHNY-24NOV16-B59.5,43578.048,100,-1.0,61.675,3,97,0,63.3,3.8,-12.9,-6.8,-28.8,-5.9,9.7,50.8,25.3,100,0,31599.94,44.3,25.3,2,0,2.175,1.625,0.0,0.0,0.0,1,2,3,79,17,1,-398.033,-6.198,3,0
2024-11-16 11:52:41.951928,36369d7a-6e0a-4971-93c4-e82d289cf3a1,KXHIGHNY-24NOV16-B59.5,43578.048,5,-1.0,61.675,3,97,0,63.3,3.8,-12.9,-6.8,-28.8,-5.9,9.7,50.8,25.3,100,0,31599.94,44.3,25.3,2,0,2.175,1.625,0.0,0.0,0.0,1,2,3,79,17,1,-398.033,-6.199,3,0
2024-11-16 11:52:41.951928,cc380f79-a7f4-44b4-8774-e0a0587491e3,KXHIGHNY-24NOV16-B59.5,43578.048,100,-1.0,61.675,3,97,0,63.3,3.8,-12.9,-6.8,-28.8,-5.9,9.7,50.8,25.3,100,0,31599.94,44.3,25.3,2,0,2.175,1.625,0.0,0.0,0.0,1,2,3,79,17,1,-398.033,-6.22,3,0
2024-11-16 11:52:51.376243,41ad5a7f-a968-40fb-aa92-fdf135955b47,KXHIGHNY-24NOV16-B63.5,43568.624,158,3.0,61.791,24,76,1,63.3,-0.2,-16.9,-10.8,-32.8,-9.9,9.7,50.8,25.3,100,0,31599.94,44.3,25.3,2,0,-1.709,1.509,0.0,0.0,0.0,1,2,3,79,24,1,-426.142,-17.031,-24,0
2024-11-16 11:53:01.348266,604bbca5-3c6a-4ef1-b2f8-0b83dac7ecce,KXHIGHNY-24NOV16-B63.5,43558.652,59,3.0,61.791,24,76,1,63.3,-0.2,-16.9,-10.8,-32.8,-9.9,9.7,50.8,25.3,100,0,31599.94,44.3,25.3,2,0,-1.709,1.509,0.0,0.0,0.0,1,2,3,79,24,1,-426.142,-17.029,-24,0
2024-11-16 11:53:17.541331,0ebd0113-ed0a-4108-901f-0d41f2d8e424,KXHIGHNY-24NOV16-B61.5,43542.459,24,1.0,61.786,81,19,1,63.3,1.8,-14.9,-8.8,-30.8,-7.9,9.7,50.8,25.3,100,0,31599.94,44.3,25.3,2,0,0.286,1.514,0.0,0.0,0.0,1,2,3,81,24,1,-436.906,11.397,19,1
2024-11-16 11:53:44.221771,f7fa4012-b931-400a-b506-0f97cf0d3c86,KXHIGHNY-24NOV16-B59.5,43515.778,229,-1.0,61.827,1,99,0,63.3,3.8,-12.9,-6.8,-28.8,-5.9,9.7,50.8,25.3,100,0,31599.94,44.3,25.3,2,0,2.327,1.473,0.0,0.0,0.0,1,2,1,81,24,1,-433.61,-8.308,1,0
2024-11-16 11:53:44.221771,d244d92d-4101-485c-a56c-c749eab31ec1,KXHIGHNY-24NOV16-B59.5,43515.778,4,-1.0,61.827,1,99,0,63.3,3.8,-12.9,-6.8,-28.8,-5.9,9.7,50.8,25.3,100,0,31599.94,44.3,25.3,2,0,2.327,1.473,0.0,0.0,0.0,1,2,1,81,24,1,-433.61,-8.275,1,0
2024-11-16 11:53:44.221771,97500b01-76a9-433f-9ebc-a005eff08dbc,KXHIGHNY-24NOV16-B59.5,43515.778,500,-1.0,61.806,2,98,0,63.3,3.8,-12.9,-6.8,-28.8,-5.9,9.7,50.8,25.3,100,0,31599.94,44.3,25.3,2,0,2.306,1.494,0.0,0.0,0.0,1,2,2,81,24,1,-434.996,-7.254,2,0
2024-11-16 11:54:00.447817,6bb68a44-bba4-421e-9153-dee867e683af,KXHIGHNY-24NOV16-B63.5,43499.552,16,3.0,61.791,23,77,1,63.3,-0.2,-16.9,-10.8,-32.8,-9.9,9.7,50.8,25.3,100,0,31599.94,44.3,25.3,2,0,-1.709,1.509,0.0,0.0,0.0,1,2,2,81,23,1,-430.839,-15.965,-23,0
2024-11-16 11:54:04.570997,fcd6a71c-d3e7-411e-bfb5-5c3a2458d166,KXHIGHNY-24NOV16-B59.5,43495.429,62,-1.0,61.77,3,97,1,63.3,3.8,-12.9,-6.8,-28.8,-5.9,9.7,50.8,25.3,100,0,31599.94,44.3,25.3,2,0,2.27,1.53,0.0,0.0,0.0,1,2,3,81,23,1,-432.749,6.317,-3,0
2024-11-16 11:54:15.325393,c86946f8-58fe-432c-b332-2b99f072658e,KXHIGHNY-24NOV16-T64,43484.675,549,5.0,61.804,2,98,1,63.3,-2.2,-18.9,-12.8,-34.8,-11.9,9.7,50.8,25.3,100,0,31599.94,44.3,25.3,2,0,-3.696,1.496,0.0,0.0,0.0,1,2,3,81,23,2,-434.135,-0.015,-2,0
2024-11-16 11:54:15.429279,69b0e32d-31f5-41ac-92cf-7a893bb28624,KXHIGHNY-24NOV16-B63.5,43484.571,1,3.0,61.819,24,76,1,63.3,-0.2,-16.9,-10.8,-32.8,-9.9,9.7,50.8,25.3,100,0,31599.94,44.3,25.3,2,0,-1.681,1.481,0.0,0.0,0.0,1,2,3,81,24,2,-438.292,-16.962,-24,0
2024-11-16 11:54:25.228114,f38e0ace-5ded-48b8-a70e-4434fd2ea785,KXHIGHNY-24NOV16-B61.5,43474.772,225,1.0,61.824,79,21,0,63.3,1.8,-14.9,-8.8,-30.8,-7.9,9.7,50.8,25.3,100,0,31599.94,44.3,25.3,2,0,0.324,1.476,0.0,0.0,0.0,1,2,3,79,24,2,-427.528,-13.395,-21,1
2024-11-16 11:54:52.250143,169aaba0-c615-470f-acb8-332a9fc73156,KXHIGHNY-24NOV16-B63.5,43447.75,1,3.0,61.824,24,76,1,63.3,-0.2,-16.9,-10.8,-32.8,-9.9,9.7,50.8,25.3,100,0,31599.94,44.3,25.3,2,0,-1.676,1.476,0.0,0.0,0.0,1,2,3,79,24,2,-427.528,-16.946,-24,0
2024-11-16 11:55:16.556019,350fa42f-ff6b-4a44-a7b5-8f6451680f9f,KXHIGHNY-24NOV16-B61.5,43423.444,1,1.0,61.843,73,27,0,63.3,1.8,-14.9,-8.8,-30.8,-7.9,9.7,50.8,25.3,100,0,31599.94,44.3,25.3,2,0,0.343,1.457,0.0,0.0,0.0,1,2,3,73,24,2,-395.545,-19.356,-27,1
2024-11-16 11:55:49.142144,34b4170b-10ca-4fa0-b731-f9cf8bf324f5,KXHIGHNY-24NOV16-B63.5,43390.858,181,3.0,61.843,24,76,1,63.3,-0.2,-16.9,-10.8,-32.8,-9.9,9.7,50.8,25.3,100,0,31599.94,44.3,25.3,2,0,-1.657,1.457,0.0,0.0,0.0,1,2,3,73,24,2,-395.545,-16.946,-24,0
2024-11-16 11:56:01.757665,459fe65a-6ab7-4dab-8803-b4ff506953e5,KXHIGHNY-24NOV16-B63.5,43378.242,19,3.0,61.843,24,76,0,63.3,-0.2,-16.9,-10.8,-32.8,-9.9,9.7,50.8,25.3,100,0,31599.94,44.3,25.3,2,0,-1.657,1.457,0.0,0.0,0.0,1,2,3,73,24,2,-395.545,16.945,24,0
2024-11-16 11:56:35.339189,c24d8c12-1bfb-4f86-a7a4-44d1737e25b4,KXHIGHNY-24NOV16-B63.5,43344.661,25,3.0,61.858,25,75,1,63.3,-0.2,-16.9,-10.8,-32.8,-9.9,9.7,50.8,25.3,100,0,31599.94,44.3,25.3,2,0,-1.642,1.442,0.0,0.0,0.0,1,2,3,73,25,2,-399.744,-17.944,-25,0
2024-11-16 11:56:35.339189,064e8466-d80c-4fd3-ac54-795c63f7df1f,KXHIGHNY-24NOV16-B63.5,43344.661,200,3.0,61.858,25,75,1,63.3,-0.2,-16.9,-10.8,-32.8,-9.9,9.7,50.8,25.3,100,0,31599.94,44.3,25.3,2,0,-1.642,1.442,0.0,0.0,0.0,1,2,3,73,25,2,-399.744,-17.945,-25,0
2024-11-16 11:56:41.395298,b649cfa1-cc15-4aed-9aa7-cc54f1ba7f99,KXHIGHNY-24NOV16-B63.5,43338.605,24,3.0,61.874,26,74,1,63.3,-0.2,-16.9,-10.8,-32.8,-9.9,9.7,50.8,25.3,100,0,31599.94,44.3,25.3,2,0,-1.626,1.426,0.0,0.0,0.0,1,2,3,73,26,2,-403.982,-18.944,-26,0
2024-11-16 11:56:42.405498,8acdc24c-7783-4f1f-bc05-95ad278b1614,KXHIGHNY-24NOV16-B61.5,43337.595,12,1.0,61.87,74,26,0,63.3,1.8,-14.9,-8.8,-30.8,-7.9,9.7,50.8,25.3,100,0,31599.94,44.3,25.3,2,0,0.37,1.43,0.0,0.0,0.0,1,2,3,74,26,2,-409.28,-18.346,-26,1
2024-11-16 11:56:46.872012,f581d023-4a53-4f07-a478-013cecdfb537,KXHIGHNY-24NOV16-B63.5,43333.128,151,3.0,61.885,27,73,1,63.3,-0.2,-16.9,-10.8,-32.8,-9.9,9.7,50.8,25.3,100,0,31599.94,44.3,25.3,2,0,-1.615,1.415,0.0,0.0,0.0,1,2,3,74,27,2,-413.557,-19.938,-27,0
2024-11-16 11:56:50.178512,6d7ac322-dd19-45c3-9a05-142ab7149e81,KXHIGHNY-24NOV16-B61.5,43329.821,3,1.0,61.885,74,26,0,63.3,1.8,-14.9,-8.8,-30.8,-7.9,9.7,50.8,25.3,100,0,31599.94,44.3,25.3,2,0,0.385,1.415,0.0,0.0,0.0,1,2,3,74,27,2,-413.557,-18.344,-26,1
2024-11-16 11:57:03.954777,a5b9de9f-19e2-4d5c-9cd4-7f6f211a2838,KXHIGHNY-24NOV16-B61.5,43316.045,1,1.0,61.868,79,21,1,63.3,1.8,-14.9,-8.8,-30.8,-7.9,9.7,50.8,25.3,100,0,31599.94,44.3,25.3,2,0,0.368,1.432,0.0,0.0,0.0,1,2,3,79,27,2,-440.242,13.341,21,1
2024-11-16 11:57:17.076606,7cc5ab51-d6ef-4a99-bf7f-1d73230a9a59,KXHIGHNY-24NOV16-B61.5,43302.923,3,1.0,61.885,74,26,0,63.3,1.8,-14.9,-8.8,-30.8,-7.9,9.7,50.8,25.3,100,0,31599.94,44.3,25.3,2,0,0.385,1.415,0.0,0.0,0.0,1,2,3,74,27,2,-413.557,-18.329,-26,1
2024-11-16 11:57:33.244234,40626297-a57c-40f1-a488-f1c014baf257,KXHIGHNY-24NOV16-B59.5,43286.756,280,-1.0,61.93,1,99,0,63.3,3.8,-12.9,-6.8,-28.8,-5.9,9.7,50.8,25.3,100,0,31599.94,44.3,25.3,2,0,2.43,1.37,0.0,0.0,0.0,1,2,1,74,27,2,-410.261,-8.329,1,0
2024-11-16 11:57:33.305693,5bb68486-043d-4691-bdd2-46fa30125b7c,KXHIGHNY-24NOV16-B61.5,43286.694,182,1.0,61.93,74,26,0,63.3,1.8,-14.9,-8.8,-30.8,-7.9,9.7,50.8,25.3,100,0,31599.94,44.3,25.3,2,0,0.43,1.37,0.0,0.0,0.0,1,2,1,74,27,2,-410.261,-18.31,-26,1
2024-11-16 11:57:34.388576,aea62bed-042f-4547-9fe6-4ec2c210dbc8,KXHIGHNY-24NOV16-B63.5,43285.611,1,3.0,61.75,16,84,0,63.3,-0.2,-16.9,-10.8,-32.8,-9.9,9.7,50.8,25.3,100,0,31599.94,44.3,25.3,2,0,-1.75,1.55,0.0,0.0,0.0,1,2,1,74,16,2,-365.635,8.937,16,0
2024-11-16 11:57:41.501060,8d915424-13ff-4105-aa9b-d7535398bd08,KXHIGHNY-24NOV16-B59.5,43278.499,500,-1.0,61.704,3,97,1,63.3,3.8,-12.9,-6.8,-28.8,-5.9,9.7,50.8,25.3,100,0,31599.94,44.3,25.3,2,0,2.204,1.596,0.0,0.0,0.0,1,2,3,74,16,2,-368.931,6.36,-3,0
2024-11-16 11:57:46.056045,3c577bd2-d1be-4731-98aa-d552db212953,KXHIGHNY-24NOV16-B59.5,43273.944,3,-1.0,61.75,1,99,0,63.3,3.8,-12.9,-6.8,-28.8,-5.9,9.7,50.8,25.3,100,0,31599.94,44.3,25.3,2,0,2.25,1.55,0.0,0.0,0.0,1,2,1,74,16,2,-365.635,-8.372,1,0
2024-11-16 11:57:51.241737,728de39e-d526-4a87-a3f3-68db9e0d8014,KXHIGHNY-24NOV16-B61.5,43268.758,1,1.0,61.75,74,26,0,63.3,1.8,-14.9,-8.8,-30.8,-7.9,9.7,50.8,25.3,100,0,31599.94,44.3,25.3,2,0,0.25,1.55,0.0,0.0,0.0,1,2,1,74,16,2,-365.635,-18.309,-26,1
2024-11-16 11:57:53.991408,527fc72c-bff0-4c57-8171-e03ad39ea4d1,KXHIGHNY-24NOV16-B59.5,43266.009,500,-1.0,61.704,3,97,1,63.3,3.8,-12.9,-6.8,-28.8,-5.9,9.7,50.8,25.3,100,0,31599.94,44.3,25.3,2,0,2.204,1.596,0.0,0.0,0.0,1,2,3,74,16,2,-368.931,6.39,-3,0
2024-11-16 11:57:54.594682,8be1b649-5a0e-4680-8300-10365f975e66,KXHIGHNY-24NOV16-B59.5,43265.405,422,-1.0,61.704,3,97,1,63.3,3.8,-12.9,-6.8,-28.8,-5.9,9.7,50.8,25.3,100,0,31599.94,44.3,25.3,2,0,2.204,1.596,0.0,0.0,0.0,1,2,3,74,16,2,-368.931,6.409,-3,0
2024-11-16 11:57:54.875169,06c6bdb3-9a66-4065-8add-532cafb1f4c6,KXHIGHNY-24NOV16-B59.5,43265.125,128,-1.0,61.682,4,96,1,63.3,3.8,-12.9,-6.8,-28.8,-5.9,9.7,50.8,25.3,100,0,31599.94,44.3,25.3,2,0,2.182,1.618,0.0,0.0,0.0,1,2,4,74,16,2,-371.18,5.436,-4,0
2024-11-16 11:57:54.875169,6b05d6a0-e972-4971-a432-d604ee423bfe,KXHIGHNY-24NOV16-B59.5,43265.125,80,-1.0,61.66,5,95,1,63.3,3.8,-12.9,-6.8,-28.8,-5.9,9.7,50.8,25.3,100,0,31599.94,44.3,25.3,2,0,2.16,1.64,0.0,0.0,0.0,1,2,5,74,16,2,-373.682,4.454,-5,0
2024-11-16 11:57:54.875169,7fb6015f-b643-4c3e-9b9a-ac4bc25da047,KXHIGHNY-24NOV16-B59.5,43265.125,500,-1.0,61.66,5,95,1,63.3,3.8,-12.9,-6.8,-28.8,-5.9,9.7,50.8,25.3,100,0,31599.94,44.3,25.3,2,0,2.16,1.64,0.0,0.0,0.0,1,2,5,74,16,2,-373.682,4.457,-5,0
2024-11-16 11:57:54.875169,82d321a5-70a8-4161-a082-ae640599bbe7,KXHIGHNY-24NOV16-B59.5,43265.125,796,-1.0,61.618,7,93,1,63.3,3.8,-12.9,-6.8,-28.8,-5.9,9.7,50.8,25.3,100,0,31599.94,44.3,25.3,2,0,2.118,1.682,0.0,0.0,0.0,1,2,7,74,16,2,-379.256,2.483,-7,0
2024-11-16 11:58:11.351748,56c63afb-d7e7-4ccd-826c-3ab081d38347,KXHIGHNY-24NOV16-B61.5,43248.648,73,1.0,61.682,74,26,0,63.3,1.8,-14.9,-8.8,-30.8,-7.9,9.7,50.8,25.3,100,0,31599.94,44.3,25.3,2,0,0.182,1.618,0.0,0.0,0.0,1,2,4,74,16,2,-371.18,-18.309,-26,1
2024-11-16 11:58:53.598259,1ea72fc1-66a8-43e3-984f-6bcc47518aa1,KXHIGHNY-24NOV16-B61.5,43206.402,1,1.0,61.682,74,26,0,63.3,1.8,-14.9,-8.8,-30.8,-7.9,9.7,50.8,25.3,100,0,31599.94,44.3,25.3,2,0,0.182,1.618,0.0,0.0,0.0,1,2,4,74,16,2,-371.18,-18.304,-26,1
2024-11-16 12:01:12.636924,05138547-b866-49e9-a077-a899d558ce3d,KXHIGHNY-24NOV16-B63.5,43067.363,19,3.0,61.833,25,75,1,63.3,-0.2,-16.9,-10.8,-32.8,-6.8,6.6,50.8,25.3,100,0,31599.94,39.2,23.8,0,0,-1.667,1.467,0.0,0.0,0.0,1,2,4,74,25,2,-407.29,-17.923,-25,0
2024-11-16 12:01:47.494836,02f1a4f5-4164-4ca6-baaa-3e0d694a2b88,KXHIGHNY-24NOV16-B61.5,43032.505,29,1.0,61.833,74,26,0,63.3,1.8,-14.9,-8.8,-30.8,-4.8,6.6,50.8,25.3,100,0,31599.94,39.2,23.8,0,0,0.333,1.467,0.0,0.0,0.0,1,2,4,74,25,2,-407.29,-18.273,-26,1
2024-11-16 12:02:45.951312,482c32a7-698b-4d42-8391-f2df32ec40d6,KXHIGHNY-24NOV16-B63.5,42974.049,197,3.0,61.818,24,76,1,63.3,-0.2,-16.9,-10.8,-32.8,-6.8,6.6,50.8,25.3,100,0,31599.94,39.2,23.8,0,0,-1.682,1.482,0.0,0.0,0.0,1,2,4,74,24,2,-403.092,-16.913,-24,0
2024-11-16 12:02:47.227071,64402991-9fe2-4046-bd82-01bbf6ebf45c,KXHIGHNY-24NOV16-B61.5,42972.773,94,1.0,61.818,74,26,0,63.3,1.8,-14.9,-8.8,-30.8,-4.8,6.6,50.8,25.3,100,0,31599.94,39.2,23.8,0,0,0.318,1.482,0.0,0.0,0.0,1,2,4,74,24,2,-403.092,-18.246,-26,1
2024-11-16 12:03:43.006623,4da9f703-551a-4bc8-a2b0-cae220a3f96b,KXHIGHNY-24NOV16-B61.5,42916.993,253,1.0,61.818,74,26,0,63.3,1.8,-14.9,-8.8,-30.8,-4.8,6.6,50.8,25.3,100,0,31599.94,39.2,23.8,0,0,0.318,1.482,0.0,0.0,0.0,1,2,4,74,24,2,-403.092,-18.229,-26,1
2024-11-16 12:04:10.770553,4ef657ab-608d-49d8-947b-a450a7179a44,KXHIGHNY-24NOV16-B63.5,42889.229,41,3.0,61.802,23,77,1,63.3,-0.2,-16.9,-10.8,-32.8,-6.8,6.6,50.8,25.3,100,0,31599.94,39.2,23.8,0,0,-1.698,1.498,0.0,0.0,0.0,1,2,4,74,23,2,-398.935,-15.904,-23,0
2024-11-16 12:04:25.914438,b4ec6f6b-52c8-497f-918c-5a26cfa65997,KXHIGHNY-24NOV16-B59.5,42874.086,3,-1.0,61.802,4,96,1,63.3,3.8,-12.9,-6.8,-28.8,-2.8,6.6,50.8,25.3,100,0,31599.94,39.2,23.8,0,0,2.302,1.498,0.0,0.0,0.0,1,2,4,74,23,2,-398.935,5.512,-4,0
2024-11-16 12:04:40.085931,1e7f467d-4bdb-4775-bec3-9cfff81af7b6,KXHIGHNY-24NOV16-B61.5,42859.914,11,1.0,61.788,79,21,1,63.3,1.8,-14.9,-8.8,-30.8,-4.8,6.6,50.8,25.3,100,0,31599.94,39.2,23.8,0,0,0.288,1.512,0.0,0.0,0.0,1,2,4,79,23,2,-425.621,13.225,21,1
2024-11-16 12:04:40.268729,669e4e2e-3619-4b34-9c40-e94165a203c2,KXHIGHNY-24NOV16-T64,42859.731,46,5.0,61.788,2,98,1,63.3,-2.2,-18.9,-12.8,-34.8,-8.8,6.6,50.8,25.3,100,0,31599.94,39.2,23.8,0,0,-3.712,1.512,0.0,0.0,0.0,1,2,4,79,23,2,-425.621,-0.012,-2,0
2024-11-16 12:05:17.055124,a9161e7f-161c-4135-9a26-db224e81e1c3,KXHIGHNY-24NOV16-B61.5,42822.945,45,1.0,61.811,71,29,0,63.3,1.8,-14.9,-8.8,-30.8,-4.8,6.6,50.8,25.3,100,0,31599.94,39.2,23.8,0,0,0.311,1.489,0.0,0.0,0.0,1,2,4,71,23,2,-383.084,-21.156,-29,1
2024-11-16 12:05:17.055124,59e729ce-60d6-4599-af3f-604bcfaf15f8,KXHIGHNY-24NOV16-B61.5,42822.945,97,1.0,61.805,73,27,0,63.3,1.8,-14.9,-8.8,-30.8,-4.8,6.6,50.8,25.3,100,0,31599.94,39.2,23.8,0,0,0.305,1.495,0.0,0.0,0.0,1,2,4,73,23,2,-393.638,-19.183,-27,1
2024-11-16 12:05:17.055124,39ccba10-e61a-4c7f-af72-7fe5f7f39ebf,KXHIGHNY-24NOV16-B61.5,42822.945,26,1.0,61.802,74,26,0,63.3,1.8,-14.9,-8.8,-30.8,-4.8,6.6,50.8,25.3,100,0,31599.94,39.2,23.8,0,0,0.302,1.498,0.0,0.0,0.0,1,2,4,74,23,2,-398.935,-18.199,-26,1
2024-11-16 12:06:38.403136,8d230f1d-c155-444d-8f07-11164795382f,KXHIGHNY-24NOV16-B59.5,42741.597,25,-1.0,61.78,5,95,1,63.3,3.8,-12.9,-6.8,-28.8,-2.8,6.6,50.8,25.3,100,0,31599.94,39.2,23.8,0,0,2.28,1.52,0.0,0.0,0.0,1,2,5,74,23,2,-401.437,4.542,-5,0
2024-11-16 12:07:33.751206,941e7581-6603-4f25-8f48-f3e1fc1402c9,KXHIGHNY-24NOV16-B61.5,42686.249,5,1.0,61.77,78,22,1,63.3,1.8,-14.9,-8.8,-30.8,-4.8,6.6,50.8,25.3,100,0,31599.94,39.2,23.8,0,0,0.27,1.53,0.0,0.0,0.0,1,2,5,78,23,2,-422.759,14.156,22,1
2024-11-16 12:07:34.584234,0cb180ac-9b8e-47e0-b338-123d8500b777,KXHIGHNY-24NOV16-B59.5,42685.416,50,-1.0,61.73,7,93,1,63.3,3.8,-12.9,-6.8,-28.8,-2.8,6.6,50.8,25.3,100,0,31599.94,39.2,23.8,0,0,2.23,1.57,0.0,0.0,0.0,1,2,7,78,23,2,-428.334,2.544,-7,0
2024-11-16 12:07:38.348175,96b42e2a-5196-4107-882f-1bbd72f9c12f,KXHIGHNY-24NOV16-B63.5,42681.652,121,3.0,61.665,19,81,0,63.3,-0.2,-16.9,-10.8,-32.8,-6.8,6.6,50.8,25.3,100,0,31599.94,39.2,23.8,0,0,-1.835,1.635,0.0,0.0,0.0,1,2,7,78,19,2,-412.162,11.89,19,0
2024-11-16 12:08:06.048270,c43e5f28-dead-4676-beed-48420f26e1b3,KXHIGHNY-24NOV16-B63.5,42653.952,60,3.0,61.648,18,82,0,63.3,-0.2,-16.9,-10.8,-32.8,-6.8,6.6,50.8,25.3,100,0,31599.94,39.2,23.8,0,0,-1.852,1.652,0.0,0.0,0.0,1,2,7,78,18,2,-408.244,10.874,18,0
2024-11-16 12:08:06.048270,321b9305-c0b0-49b0-b5b8-cd12f1be9f4c,KXHIGHNY-24NOV16-B63.5,42653.952,17,3.0,61.698,21,79,0,63.3,-0.2,-16.9,-10.8,-32.8,-6.8,6.6,50.8,25.3,100,0,31599.94,39.2,23.8,0,0,-1.802,1.602,0.0,0.0,0.0,1,2,7,78,21,2,-420.152,13.876,21,0
2024-11-16 12:08:06.048270,cd87c0e6-20d5-4ab5-bd73-65279af01e14,KXHIGHNY-24NOV16-B63.5,42653.952,224,3.0,61.648,18,82,0,63.3,-0.2,-16.9,-10.8,-32.8,-6.8,6.6,50.8,25.3,100,0,31599.94,39.2,23.8,0,0,-1.852,1.652,0.0,0.0,0.0,1,2,7,78,18,2,-408.244,10.873,18,0
2024-11-16 12:08:17.101016,bfcca56f-db90-4ac8-b7a5-88a46cc4b76b,KXHIGHNY-24NOV16-B61.5,42642.899,25,1.0,61.7,77,23,1,63.3,1.8,-14.9,-8.8,-30.8,-4.8,6.6,50.8,25.3,100,0,31599.94,39.2,23.8,0,0,0.2,1.6,0.0,0.0,0.0,1,2,7,77,21,2,-414.802,15.107,23,1
2024-11-16 12:08:17.101016,b0658e55-2759-47ee-8bd2-277e9a4c1b4e,KXHIGHNY-24NOV16-B61.5,42642.899,19,1.0,61.698,78,22,1,63.3,1.8,-14.9,-8.8,-30.8,-4.8,6.6,50.8,25.3,100,0,31599.94,39.2,23.8,0,0,0.198,1.602,0.0,0.0,0.0,1,2,7,78,21,2,-420.152,14.116,22,1
2024-11-16 12:08:47.980930,9f08673a-0951-491c-b624-1c38f37f1858,KXHIGHNY-24NOV16-B61.5,42612.019,23,1.0,61.696,79,21,1,63.3,1.8,-14.9,-8.8,-30.8,-4.8,6.6,50.8,25.3,100,0,31599.94,39.2,23.8,0,0,0.196,1.604,0.0,0.0,0.0,1,2,7,79,21,2,-425.515,13.098,21,1
2024-11-16 12:08:47.980930,8b5d0bce-c2f9-4d42-91e9-fd51f01e0396,KXHIGHNY-24NOV16-B61.5,42612.019,2,1.0,61.698,78,22,1,63.3,1.8,-14.9,-8.8,-30.8,-4.8,6.6,50.8,25.3,100,0,31599.94,39.2,23.8,0,0,0.198,1.602,0.0,0.0,0.0,1,2,7,78,21,2,-420.152,14.103,22,1
2024-11-16 12:08:49.926961,b37ccb13-4db3-4606-ba26-f6ad533b3bb6,KXHIGHNY-24NOV16-B63.5,42610.073,60,3.0,61.631,17,83,0,63.3,-0.2,-16.9,-10.8,-32.8,-6.8,6.6,50.8,25.3,100,0,31599.94,39.2,23.8,0,0,-1.869,1.669,0.0,0.0,0.0,1,2,7,78,17,2,-404.382,9.871,17,0
2024-11-16 12:08:49.926961,3ae586cd-4565-415a-b165-bebe61dd6323,KXHIGHNY-24NOV16-B63.5,42610.073,22,3.0,61.613,16,84,0,63.3,-0.2,-16.9,-10.8,-32.8,-6.8,6.6,50.8,25.3,100,0,31599.94,39.2,23.8,0,0,-1.887,1.687,0.0,0.0,0.0,1,2,7,78,16,2,-400.579,8.872,16,0
2024-11-16 12:08:49.926961,1d07505d-e84d-470e-baec-2775cb1b7846,KXHIGHNY-24NOV16-B63.5,42610.073,155,3.0,61.631,17,83,0,63.3,-0.2,-16.9,-10.8,-32.8,-6.8,6.6,50.8,25.3,100,0,31599.94,39.2,23.8,0,0,-1.869,1.669,0.0,0.0,0.0,1,2,7,78,17,2,-404.382,9.872,17,0
2024-11-16 12:09:09.161815,71db9418-1000-46d9-b8a4-3a15e1f2aee6,KXHIGHNY-24NOV16-B59.5,42590.838,25,-1.0,61.631,7,93,0,63.3,3.8,-12.9,-6.8,-28.8,-2.8,6.6,50.8,25.3,100,0,31599.94,39.2,23.8,0,0,2.131,1.669,0.0,0.0,0.0,1,2,7,78,17,2,-404.382,-2.554,7,0
2024-11-16 12:09:14.754041,2f67679e-711e-4a99-85ac-d177f7393924,KXHIGHNY-24NOV16-B59.5,42585.246,4,-1.0,61.714,3,97,0,63.3,3.8,-12.9,-6.8,-28.8,-2.8,6.6,50.8,25.3,100,0,31599.94,39.2,23.8,0,0,2.214,1.586,0.0,0.0,0.0,1,2,3,78,17,2,-394.056,-6.639,3,0
2024-11-16 12:09:23.325304,dfd4c391-cf7d-43d5-9133-02270e791069,KXHIGHNY-24NOV16-B59.5,42576.675,43,-1.0,61.714,3,97,0,63.3,3.8,-12.9,-6.8,-28.8,-2.8,6.6,50.8,25.3,100,0,31599.94,39.2,23.8,0,0,2.214,1.586,0.0,0.0,0.0,1,2,3,78,17,2,-394.056,-6.67,3,0
2024-11-16 12:11:05.384273,ea05b1dd-d96b-431c-8fb5-d5c8c00d8652,KXHIGHNY-24NOV16-B59.5,42474.616,40,-1.0,61.611,8,92,1,63.3,3.8,-12.9,-6.8,-28.8,-2.8,6.6,50.8,25.3,100,0,31599.94,39.2,23.8,0,0,2.111,1.689,0.0,0.0,0.0,1,2,8,78,17,2,-407.396,1.676,-8,0
2024-11-16 12:11:05.384273,33499254-163e-475f-9245-dfe1fe2f56e0,KXHIGHNY-24NOV16-B59.5,42474.616,61,-1.0,61.573,10,90,1,63.3,3.8,-12.9,-6.8,-28.8,-2.8,6.6,50.8,25.3,100,0,31599.94,39.2,23.8,0,0,2.073,1.727,0.0,0.0,0.0,1,2,10,78,17,2,-413.786,-0.325,-10,0
2024-11-16 12:11:37.288235,fa2648d5-5221-41d1-89b5-2f75d63dc448,KXHIGHNY-24NOV16-B59.5,42442.712,14,-1.0,61.714,3,97,0,63.3,3.8,-12.9,-6.8,-28.8,-2.8,6.6,50.8,25.3,100,0,31599.94,39.2,23.8,0,0,2.214,1.586,0.0,0.0,0.0,1,2,3,78,17,2,-394.056,-6.683,3,0
2024-11-16 12:11:39.412910,247c3e37-f0ba-4538-b48f-d4a96ec1f81d,KXHIGHNY-24NOV16-B61.5,42440.587,23,1.0,61.712,79,21,1,63.3,1.8,-14.9,-8.8,-30.8,-4.8,6.6,50.8,25.3,100,0,31599.94,39.2,23.8,0,0,0.212,1.588,0.0,0.0,0.0,1,2,3,79,17,2,-399.419,13.084,21,1
2024-11-16 12:12:10.907664,1f2852ba-bf1b-42be-92b4-c1afe804771e,KXHIGHNY-24NOV16-B59.5,42409.092,61,-1.0,61.712,3,97,0,63.3,3.8,-12.9,-6.8,-28.8,-2.8,6.6,50.8,25.3,100,0,31599.94,39.2,23.8,0,0,2.212,1.588,0.0,0.0,0.0,1,2,3,79,17,2,-399.419,-6.687,3,0
2024-11-16 12:12:14.075423,1a5dba86-0366-42ff-8930-8e3e119aa48e,KXHIGHNY-24NOV16-T64,42405.925,100,5.0,61.675,1,99,0,63.3,-2.2,-18.9,-12.8,-34.8,-8.8,6.6,50.8,25.3,100,0,31599.94,39.2,23.8,0,0,-3.825,1.625,0.0,0.0,0.0,1,2,3,79,17,1,-398.033,-0.988,1,0
2024-11-16 12:12:31.641843,f7fd29c4-fcf5-4198-81f8-e26d884ce968,KXHIGHNY-24NOV16-B63.5,42388.358,25,3.0,61.759,22,78,1,63.3,-0.2,-16.9,-10.8,-32.8,-6.8,6.6,50.8,25.3,100,0,31599.94,39.2,23.8,0,0,-1.741,1.541,0.0,0.0,0.0,1,2,3,79,22,1,-417.871,-14.867,-22,0
2024-11-16 12:12:43.296735,01eb06c3-c387-4111-ace7-5f62e93667f0,KXHIGHNY-24NOV16-B61.5,42376.703,12,1.0,61.759,79,21,1,63.3,1.8,-14.9,-8.8,-30.8,-4.8,6.6,50.8,25.3,100,0,31599.94,39.2,23.8,0,0,0.259,1.541,0.0,0.0,0.0,1,2,3,79,22,1,-417.871,13.074,21,1
2024-11-16 12:12:45.880115,ec8f661d-1ecb-4a42-9237-e9e67f194309,KXHIGHNY-24NOV16-B61.5,42374.12,6,1.0,61.759,79,21,1,63.3,1.8,-14.9,-8.8,-30.8,-4.8,6.6,50.8,25.3,100,0,31599.94,39.2,23.8,0,0,0.259,1.541,0.0,0.0,0.0,1,2,3,79,22,1,-417.871,13.074,21,1
2024-11-16 12:13:28.830401,3ee11724-b701-463c-946f-b0546a8ae740,KXHIGHNY-24NOV16-B63.5,42331.17,25,3.0,61.601,13,87,0,63.3,-0.2,-16.9,-10.8,-32.8,-6.8,6.6,50.8,25.3,100,0,31599.94,39.2,23.8,0,0,-1.899,1.699,0.0,0.0,0.0,1,2,3,79,13,1,-383.213,5.862,13,0
2024-11-16 12:13:28.830401,454b4a0c-794c-490a-ab37-c1676eef5be0,KXHIGHNY-24NOV16-B63.5,42331.17,135,3.0,61.601,13,87,0,63.3,-0.2,-16.9,-10.8,-32.8,-6.8,6.6,50.8,25.3,100,0,31599.94,39.2,23.8,0,0,-1.899,1.699,0.0,0.0,0.0,1,2,3,79,13,1,-383.213,5.861,13,0
2024-11-16 12:13:28.830401,5f162482-f402-413a-b805-348c13e9abb7,KXHIGHNY-24NOV16-B63.5,42331.17,77,3.0,61.657,16,84,0,63.3,-0.2,-16.9,-10.8,-32.8,-6.8,6.6,50.8,25.3,100,0,31599.94,39.2,23.8,0,0,-1.843,1.643,0.0,0.0,0.0,1,2,3,79,16,1,-394.23,8.86,16,0
2024-11-16 12:13:28.830401,9e19174b-2896-4c97-9b89-a35f8ecafcf1,KXHIGHNY-24NOV16-B63.5,42331.17,60,3.0,61.601,13,87,0,63.3,-0.2,-16.9,-10.8,-32.8,-6.8,6.6,50.8,25.3,100,0,31599.94,39.2,23.8,0,0,-1.899,1.699,0.0,0.0,0.0,1,2,3,79,13,1,-383.213,5.859,13,0
2024-11-16 12:13:28.830401,d2e32fee-4c7f-45ff-883d-848386aa9875,KXHIGHNY-24NOV16-B63.5,42331.17,11,3.0,61.62,14,86,0,63.3,-0.2,-16.9,-10.8,-32.8,-6.8,6.6,50.8,25.3,100,0,31599.94,39.2,23.8,0,0,-1.88,1.68,0.0,0.0,0.0,1,2,3,79,14,1,-386.815,6.859,14,0
2024-11-16 12:13:53.924680,0b830978-8289-4f9b-ba1a-29b1a27ede1b,KXHIGHNY-24NOV16-B63.5,42306.075,268,3.0,61.582,12,88,0,63.3,-0.2,-16.9,-10.8,-32.8,-6.8,6.6,50.8,25.3,100,0,31599.94,39.2,23.8,0,0,-1.918,1.718,0.0,0.0,0.0,1,2,3,79,12,1,-379.687,4.859,12,0
2024-11-16 12:13:53.924680,0e6d61b9-0277-4cc2-83bb-59d9d1679401,KXHIGHNY-24NOV16-B63.5,42306.075,60,3.0,61.582,12,88,0,63.3,-0.2,-16.9,-10.8,-32.8,-6.8,6.6,50.8,25.3,100,0,31599.94,39.2,23.8,0,0,-1.918,1.718,0.0,0.0,0.0,1,2,3,79,12,1,-379.687,4.858,12,0
2024-11-16 12:13:53.924680,1739d2c0-2289-4b4e-b525-d0fdb61e1d38,KXHIGHNY-24NOV16-B63.5,42306.075,300,3.0,61.434,5,95,0,63.3,-0.2,-16.9,-10.8,-32.8,-6.8,6.6,50.8,25.3,100,0,31599.94,39.2,23.8,0,0,-2.066,1.866,0.0,0.0,0.0,1,2,3,79,5,1,-357.916,-2.146,5,0
2024-11-16 12:13:53.924680,278388c6-1429-4287-97fd-9dd6a5426bc3,KXHIGHNY-24NOV16-B63.5,42306.075,25,3.0,61.582,12,88,0,63.3,-0.2,-16.9,-10.8,-32.8,-6.8,6.6,50.8,25.3,100,0,31599.94,39.2,23.8,0,0,-1.918,1.718,0.0,0.0,0.0,1,2,3,79,12,1,-379.687,4.854,12,0
2024-11-16 12:13:53.924680,2a49a1e8-c8e8-4b3d-b85b-f9e873b0afd5,KXHIGHNY-24NOV16-B63.5,42306.075,15,3.0,61.5,8,92,0,63.3,-0.2,-16.9,-10.8,-32.8,-6.8,6.6,50.8,25.3,100,0,31599.94,39.2,23.8,0,0,-2.0,1.8,0.0,0.0,0.0,1,2,3,79,8,1,-366.504,0.853,8,0
2024-11-16 12:13:53.924680,2e319049-c91e-4091-8ba0-9da4becf4812,KXHIGHNY-24NOV16-B63.5,42306.075,100,3.0,61.521,9,91,0,63.3,-0.2,-16.9,-10.8,-32.8,-6.8,6.6,50.8,25.3,100,0,31599.94,39.2,23.8,0,0,-1.979,1.779,0.0,0.0,0.0,1,2,3,79,9,1,-369.644,1.852,9,0
2024-11-16 12:13:53.924680,3ab88129-f2c1-4032-8e9e-8e7017c4a7c4,KXHIGHNY-24NOV16-B63.5,42306.075,500,3.0,61.434,5,95,0,63.3,-0.2,-16.9,-10.8,-32.8,-6.8,6.6,50.8,25.3,100,0,31599.94,39.2,23.8,0,0,-2.066,1.866,0.0,0.0,0.0,1,2,3,79,5,1,-357.916,-2.148,5,0
2024-11-16 12:13:53.924680,3b6538d4-40ef-4199-8ac7-baa4ba483638,KXHIGHNY-24NOV16-B63.5,42306.075,100,3.0,61.5,8,92,0,63.3,-0.2,-16.9,-10.8,-32.8,-6.8,6.6,50.8,25.3,100,0,31599.94,39.2,23.8,0,0,-2.0,1.8,0.0,0.0,0.0,1,2,3,79,8,1,-366.504,0.851,8,0
2024-11-16 12:13:53.924680,47c88fe8-b40a-4cb1-932c-355bab362acc,KXHIGHNY-24NOV16-B63.5,42306.075,500,3.0,61.434,5,95,0,63.3,-0.2,-16.9,-10.8,-32.8,-6.8,6.6,50.8,25.3,100,0,31599.94,39.2,23.8,0,0,-2.066,1.866,0.0,0.0,0.0,1,2,3,79,5,1,-357.916,-2.156,5,0
2024-11-16 12:13:53.924680,4a2653bf-fbc2-45ff-af0e-97155a10d956,KXHIGHNY-24NOV16-B63.5,42306.075,1986,3.0,61.434,5,95,0,63.3,-0.2,-16.9,-10.8,-32.8,-6.8,6.6,50.8,25.3,100,0,31599.94,39.2,23.8,0,0,-2.066,1.866,0.0,0.0,0.0,1,2,3,79,5,1,-357.916,-2.156,5,0
2024-11-16 12:13:53.924680,519a85b3-ed5f-4174-872f-a450b657606d,KXHIGHNY-24NOV16-B63.5,42306.075,180,3.0,61.582,12,88,0,63.3,-0.2,-16.9,-10.8,-32.8,-6.8,6.6,50.8,25.3,100,0,31599.94,39.2,23.8,0,0,-1.918,1.718,0.0,0.0,0.0,1,2,3,79,12,1,-379.687,4.829,12,0
2024-11-16 12:13:53.924680,791e8678-19a2-4c36-878a-70797bad205d,KXHIGHNY-24NOV16-B63.5,42306.075,140,3.0,61.542,10,90,0,63.3,-0.2,-16.9,-10.8,-32.8,-6.8,6.6,50.8,25.3,100,0,31599.94,39.2,23.8,0,0,-1.958,1.758,0.0,0.0,0.0,1,2,3,79,10,1,-372.894,2.826,10,0
2024-11-16 12:13:53.924680,9646e1d2-26e1-4370-a2e6-333bcd4fd066,KXHIGHNY-24NOV16-B63.5,42306.075,140,3.0,61.562,11,89,0,63.3,-0.2,-16.9,-10.8,-32.8,-6.8,6.6,50.8,25.3,100,0,31599.94,39.2,23.8,0,0,-1.938,1.738,0.0,0.0,0.0,1,2,3,79,11,1,-376.245,3.823,11,0
2024-11-16 12:13:53.924680,a2194029-1212-4c42-b34b-ce7a851e3734,KXHIGHNY-24NOV16-B63.5,42306.075,140,3.0,61.457,6,94,0,63.3,-0.2,-16.9,-10.8,-32.8,-6.8,6.6,50.8,25.3,100,0,31599.94,39.2,23.8,0,0,-2.043,1.843,0.0,0.0,0.0,1,2,3,79,6,1,-360.619,-1.19,6,0
2024-11-16 12:13:53.924680,a4dc9498-a72d-435a-a9d8-57883fe078a2,KXHIGHNY-24NOV16-B63.5,42306.075,200,3.0,61.478,7,93,0,63.3,-0.2,-16.9,-10.8,-32.8,-6.8,6.6,50.8,25.3,100,0,31599.94,39.2,23.8,0,0,-2.022,1.822,0.0,0.0,0.0,1,2,3,79,7,1,-363.49,-0.193,7,0
2024-11-16 12:13:53.924680,b4d24372-e7a9-4031-90f6-c7f72e75a486,KXHIGHNY-24NOV16-B63.5,42306.075,326,3.0,61.601,13,87,0,63.3,-0.2,-16.9,-10.8,-32.8,-6.8,6.6,50.8,25.3,100,0,31599.94,39.2,23.8,0,0,-1.899,1.699,0.0,0.0,0.0,1,2,3,79,13,1,-383.213,5.806,13,0
2024-11-16 12:13:53.924680,eade1142-2628-454e-9fef-1c6000bffbb1,KXHIGHNY-24NOV16-B63.5,42306.075,20,3.0,61.434,5,95,0,63.3,-0.2,-16.9,-10.8,-32.8,-6.8,6.6,50.8,25.3,100,0,31599.94,39.2,23.8,0,0,-2.066,1.866,0.0,0.0,0.0,1,2,3,79,5,1,-357.916,-2.195,5,0
2024-11-16 12:14:03.863545,b4aeb78f-8645-4de6-9a97-ac0aa40c9d69,KXHIGHNY-24NOV16-B63.5,42296.136,12,3.0,61.759,22,78,1,63.3,-0.2,-16.9,-10.8,-32.8,-6.8,6.6,50.8,25.3,100,0,31599.94,39.2,23.8,0,0,-1.741,1.541,0.0,0.0,0.0,1,2,3,79,22,1,-417.871,-14.796,-22,0
2024-11-16 12:14:08.788696,37538015-47c6-4cfc-a4ee-7ebd8b56fe51,KXHIGHNY-24NOV16-B63.5,42291.211,3,3.0,61.759,22,78,1,63.3,-0.2,-16.9,-10.8,-32.8,-6.8,6.6,50.8,25.3,100,0,31599.94,39.2,23.8,0,0,-1.741,1.541,0.0,0.0,0.0,1,2,3,79,22,1,-417.871,-14.795,-22,0
2024-11-16 12:14:14.627743,7a6c9ba4-71e5-4fab-beea-11ee94ac938f,KXHIGHNY-24NOV16-B63.5,42285.372,3,3.0,61.759,22,78,1,63.3,-0.2,-16.9,-10.8,-32.8,-6.8,6.6,50.8,25.3,100,0,31599.94,39.2,23.8,0,0,-1.741,1.541,0.0,0.0,0.0,1,2,3,79,22,1,-417.871,-14.788,-22,0
2024-11-16 12:14:19.601442,929d4233-c4b7-4a71-a738-6270ad662b1a,KXHIGHNY-24NOV16-B63.5,42280.399,2,3.0,61.759,22,78,1,63.3,-0.2,-16.9,-10.8,-32.8,-6.8,6.6,50.8,25.3,100,0,31599.94,39.2,23.8,0,0,-1.741,1.541,0.0,0.0,0.0,1,2,3,79,22,1,-417.871,-14.775,-22,0
2024-11-16 12:14:19.601442,8ba50fcb-2f84-4aaf-abf5-f1134515df93,KXHIGHNY-24NOV16-B63.5,42280.399,1,3.0,61.759,22,78,1,63.3,-0.2,-16.9,-10.8,-32.8,-6.8,6.6,50.8,25.3,100,0,31599.94,39.2,23.8,0,0,-1.741,1.541,0.0,0.0,0.0,1,2,3,79,22,1,-417.871,-14.778,-22,0
2024-11-16 12:14:40.184718,8ee9e14d-324b-43a0-838c-b2989fb0a598,KXHIGHNY-24NOV16-B63.5,42259.815,125,3.0,61.639,15,85,1,63.3,-0.2,-16.9,-10.8,-32.8,-6.8,6.6,50.8,25.3,100,0,31599.94,39.2,23.8,0,0,-1.861,1.661,0.0,0.0,0.0,1,2,3,79,15,1,-390.489,-7.766,-15,0
2024-11-16 12:14:47.427076,8c7af4ce-2819-4b87-b7e5-37157d65e3cf,KXHIGHNY-24NOV16-B61.5,42252.573,176,1.0,61.639,79,21,1,63.3,1.8,-14.9,-8.8,-30.8,-4.8,6.6,50.8,25.3,100,0,31599.94,39.2,23.8,0,0,0.139,1.661,0.0,0.0,0.0,1,2,3,79,15,1,-390.489,13.073,21,1
2024-11-16 12:14:47.866853,b0dea741-2fc9-478a-831f-0c9f4efb1907,KXHIGHNY-24NOV16-B63.5,42252.133,3,3.0,61.639,15,85,1,63.3,-0.2,-16.9,-10.8,-32.8,-6.8,6.6,50.8,25.3,100,0,31599.94,39.2,23.8,0,0,-1.861,1.661,0.0,0.0,0.0,1,2,3,79,15,1,-390.489,-7.75,-15,0
2024-11-16 12:15:10.014420,aaa7caa4-1aa2-4445-a481-13875ea2204b,KXHIGHNY-24NOV16-B63.5,42229.986,12,3.0,61.639,15,85,1,63.3,-0.2,-16.9,-10.8,-32.8,-6.8,6.6,50.8,25.3,100,0,31599.94,39.2,23.8,0,0,-1.861,1.661,0.0,0.0,0.0,1,2,3,79,15,1,-390.489,-7.749,-15,0
2024-11-16 12:15:15.758028,5721a647-719c-4117-967a-024647c94033,KXHIGHNY-24NOV16-B63.5,42224.242,12,3.0,61.675,17,83,1,63.3,-0.2,-16.9,-10.8,-32.8,-6.8,6.6,50.8,25.3,100,0,31599.94,39.2,23.8,0,0,-1.825,1.625,0.0,0.0,0.0,1,2,3,79,17,1,-398.033,-9.748,-17,0
2024-11-16 12:15:24.099480,567b3b56-90df-43d7-9b0f-b9f1c564c2cf,KXHIGHNY-24NOV16-B63.5,42215.901,27,3.0,61.675,17,83,1,63.3,-0.2,-16.9,-10.8,-32.8,-6.8,6.6,50.8,25.3,100,0,31599.94,39.2,23.8,0,0,-1.825,1.625,0.0,0.0,0.0,1,2,3,79,17,1,-398.033,-9.738,-17,0
2024-11-16 12:15:43.607368,b1f46ffb-fd89-4b2a-84ec-eb26b72676db,KXHIGHNY-24NOV16-B63.5,42196.393,36,3.0,61.675,17,83,1,63.3,-0.2,-16.9,-10.8,-32.8,-6.8,6.6,50.8,25.3,100,0,31599.94,39.2,23.8,0,0,-1.825,1.625,0.0,0.0,0.0,1,2,3,79,17,1,-398.033,-9.726,-17,0
2024-11-16 12:15:56.625205,2eedafce-a39e-4346-9cd6-ed96aa44be8a,KXHIGHNY-24NOV16-B59.5,42183.375,27,-1.0,61.696,2,98,0,63.3,3.8,-12.9,-6.8,-28.8,-2.8,6.6,50.8,25.3,100,0,31599.94,39.2,23.8,0,0,2.196,1.604,0.0,0.0,0.0,1,2,2,79,17,1,-396.124,-7.692,2,0
2024-11-16 12:15:56.625205,33b75db7-86a2-4975-92c5-dfdea648d762,KXHIGHNY-24NOV16-B59.5,42183.375,61,-1.0,61.675,3,97,0,63.3,3.8,-12.9,-6.8,-28.8,-2.8,6.6,50.8,25.3,100,0,31599.94,39.2,23.8,0,0,2.175,1.625,0.0,0.0,0.0,1,2,3,79,17,1,-398.033,-6.696,3,0
2024-11-16 12:15:56.625205,f078cde7-18c7-436c-b62e-b0b2826bfdca,KXHIGHNY-24NOV16-B59.5,42183.375,230,-1.0,61.718,1,99,0,63.3,3.8,-12.9,-6.8,-28.8,-2.8,6.6,50.8,25.3,100,0,31599.94,39.2,23.8,0,0,2.218,1.582,0.0,0.0,0.0,1,2,1,79,17,1,-394.737,-8.729,1,0
2024-11-16 12:16:05.130933,eda6f558-991c-4721-9747-aee738d24a95,KXHIGHNY-24NOV16-B61.5,42174.869,100,1.0,61.685,85,15,1,63.3,1.8,-14.9,-8.8,-30.8,-4.8,6.6,50.8,25.3,100,0,31599.94,39.2,23.8,0,0,0.185,1.615,0.0,0.0,0.0,1,2,2,85,17,1,-428.563,6.93,15,1
2024-11-16 12:16:05.130933,e880f5d3-2925-4309-b5ad-027247178924,KXHIGHNY-24NOV16-B61.5,42174.869,100,1.0,61.687,84,16,1,63.3,1.8,-14.9,-8.8,-30.8,-4.8,6.6,50.8,25.3,100,0,31599.94,39.2,23.8,0,0,0.187,1.613,0.0,0.0,0.0,1,2,2,84,17,1,-423.126,7.952,16,1
2024-11-16 12:16:05.130933,b9ed30c8-9087-4a61-9aa1-7db9756d1ba1,KXHIGHNY-24NOV16-B61.5,42174.869,50,1.0,61.685,85,15,1,63.3,1.8,-14.9,-8.8,-30.8,-4.8,6.6,50.8,25.3,100,0,31599.94,39.2,23.8,0,0,0.185,1.615,0.0,0.0,0.0,1,2,2,85,17,1,-428.563,6.99,15,1
2024-11-16 12:16:05.130933,7dbfa2cc-0e6b-4964-8e90-393f71412213,KXHIGHNY-24NOV16-B61.5,42174.869,200,1.0,61.689,83,17,1,63.3,1.8,-14.9,-8.8,-30.8,-4.8,6.6,50.8,25.3,100,0,31599.94,39.2,23.8,0,0,0.189,1.611,0.0,0.0,0.0,1,2,2,83,17,1,-417.701,9.012,17,1
2024-11-16 12:16:05.130933,3681e85c-4191-42cc-bc1f-6d94642357fc,KXHIGHNY-24NOV16-B61.5,42174.869,11,1.0,61.692,81,19,1,63.3,1.8,-14.9,-8.8,-30.8,-4.8,6.6,50.8,25.3,100,0,31599.94,39.2,23.8,0,0,0.192,1.608,0.0,0.0,0.0,1,2,2,81,17,1,-406.888,11.028,19,1
2024-11-16 12:16:05.130933,1c9618e9-73a2-4b6a-9782-98921d738c36,KXHIGHNY-24NOV16-B61.5,42174.869,250,1.0,61.694,80,20,1,63.3,1.8,-14.9,-8.8,-30.8,-4.8,6.6,50.8,25.3,100,0,31599.94,39.2,23.8,0,0,0.194,1.606,0.0,0.0,0.0,1,2,2,80,17,1,-401.499,12.05,20,1
2024-11-16 12:16:05.130933,09341e92-74f4-4f1b-8651-279fb8d010b9,KXHIGHNY-24NOV16-B61.5,42174.869,500,1.0,61.694,80,20,1,63.3,1.8,-14.9,-8.8,-30.8,-4.8,6.6,50.8,25.3,100,0,31599.94,39.2,23.8,0,0,0.194,1.606,0.0,0.0,0.0,1,2,2,80,17,1,-401.499,12.06,20,1
2024-11-16 12:16:13.458316,83e8321b-ceeb-4c8a-9fc0-eb842291cec3,KXHIGHNY-24NOV16-B59.5,42166.542,415,-1.0,61.716,1,99,0,63.3,3.8,-12.9,-6.8,-28.8,-2.8,6.6,50.8,25.3,100,0,31599.94,39.2,23.8,0,0,2.216,1.584,0.0,0.0,0.0,1,2,1,80,17,1,-400.113,-8.747,1,0
2024-11-16 12:16:13.458316,6f4e3705-1d30-4c05-98e5-f188b754077d,KXHIGHNY-24NOV16-B59.5,42166.542,61,-1.0,61.694,2,98,0,63.3,3.8,-12.9,-6.8,-28.8,-2.8,6.6,50.8,25.3,100,0,31599.94,39.2,23.8,0,0,2.194,1.606,0.0,0.0,0.0,1,2,2,80,17,1,-401.499,-7.742,2,0
2024-11-16 12:16:13.458316,3998901e-e0c9-43bd-9fd8-3b9658b8ea26,KXHIGHNY-24NOV16-B59.5,42166.542,258,-1.0,61.716,1,99,0,63.3,3.8,-12.9,-6.8,-28.8,-2.8,6.6,50.8,25.3,100,0,31599.94,39.2,23.8,0,0,2.216,1.584,0.0,0.0,0.0,1,2,1,80,17,1,-400.113,-8.735,1,0
2024-11-16 12:16:22.945909,f45fd824-6738-4d33-bb41-f2d5f59200ac,KXHIGHNY-24NOV16-B63.5,42157.054,3,3.0,61.716,17,83,1,63.3,-0.2,-16.9,-10.8,-32.8,-6.8,6.6,50.8,25.3,100,0,31599.94,39.2,23.8,0,0,-1.784,1.584,0.0,0.0,0.0,1,2,1,80,17,1,-400.113,-9.726,-17,0
2024-11-16 12:16:31.177072,87f23da7-517e-43cf-9aff-03096c486902,KXHIGHNY-24NOV16-B63.5,42148.823,3,3.0,61.716,17,83,1,63.3,-0.2,-16.9,-10.8,-32.8,-6.8,6.6,50.8,25.3,100,0,31599.94,39.2,23.8,0,0,-1.784,1.584,0.0,0.0,0.0,1,2,1,80,17,1,-400.113,-9.717,-17,0
2024-11-16 12:16:39.605387,f05c6206-04b0-4a8a-90d8-2b22320b4d15,KXHIGHNY-24NOV16-B63.5,42140.395,12,3.0,61.716,17,83,1,63.3,-0.2,-16.9,-10.8,-32.8,-6.8,6.6,50.8,25.3,100,0,31599.94,39.2,23.8,0,0,-1.784,1.584,0.0,0.0,0.0,1,2,1,80,17,1,-400.113,-9.706,-17,0
2024-11-16 12:16:45.445961,78e310fb-7635-4b49-a751-d85ca3bdda23,KXHIGHNY-24NOV16-B61.5,42134.554,450,1.0,61.706,85,15,1,63.3,1.8,-14.9,-8.8,-30.8,-4.8,6.6,50.8,25.3,100,0,31599.94,39.2,23.8,0,0,0.206,1.594,0.0,0.0,0.0,1,2,1,85,17,1,-427.176,6.8,15,1
2024-11-16 12:16:45.445961,2691a79d-b1f1-4c4b-bbe7-6ea7dfb039fc,KXHIGHNY-24NOV16-B61.5,42134.554,129,1.0,61.702,87,13,1,63.3,1.8,-14.9,-8.8,-30.8,-4.8,6.6,50.8,25.3,100,0,31599.94,39.2,23.8,0,0,0.202,1.598,0.0,0.0,0.0,1,2,1,87,17,1,-438.085,4.91,13,1
2024-11-16 12:16:50.292427,ed375c45-5e53-44e8-b14f-0a799e713ce1,KXHIGHNY-24NOV16-B63.5,42129.708,500,3.0,61.615,12,88,0,63.3,-0.2,-16.9,-10.8,-32.8,-6.8,6.6,50.8,25.3,100,0,31599.94,39.2,23.8,0,0,-1.885,1.685,0.0,0.0,0.0,1,2,1,87,12,1,-419.739,4.665,12,0
2024-11-16 12:16:50.292427,cc257376-9237-42ac-acec-d30911ce96b8,KXHIGHNY-24NOV16-B63.5,42129.708,4439,3.0,61.5,6,94,0,63.3,-0.2,-16.9,-10.8,-32.8,-6.8,6.6,50.8,25.3,100,0,31599.94,39.2,23.8,0,0,-2.0,1.8,0.0,0.0,0.0,1,2,1,87,6,1,-400.671,-1.328,6,0
2024-11-16 12:16:50.292427,4685b1fb-61a8-461c-b778-d9202be6abd4,KXHIGHNY-24NOV16-B63.5,42129.708,61,3.0,61.54,8,92,0,63.3,-0.2,-16.9,-10.8,-32.8,-6.8,6.6,50.8,25.3,100,0,31599.94,39.2,23.8,0,0,-1.96,1.76,0.0,0.0,0.0,1,2,1,87,8,1,-406.556,0.677,8,0
2024-11-16 12:16:50.292427,340226ed-3520-4b44-a725-c1c78e2122da,KXHIGHNY-24NOV16-B63.5,42129.708,1000,3.0,61.597,11,89,0,63.3,-0.2,-16.9,-10.8,-32.8,-6.8,6.6,50.8,25.3,100,0,31599.94,39.2,23.8,0,0,-1.903,1.703,0.0,0.0,0.0,1,2,1,87,11,1,-416.297,3.696,11,0
2024-11-16 12:16:52.177608,13b879ec-cdd3-4e4d-b24a-9f551dc8d781,KXHIGHNY-24NOV16-B63.5,42127.822,36,3.0,61.685,16,84,1,63.3,-0.2,-16.9,-10.8,-32.8,-6.8,6.6,50.8,25.3,100,0,31599.94,39.2,23.8,0,0,-1.815,1.615,0.0,0.0,0.0,1,2,1,87,16,1,-434.282,-8.66,-16,0
2024-11-16 12:16:59.000601,5d06bdb5-840c-491e-ba95-317f665352b2,KXHIGHNY-24NOV16-B57.5,42120.999,40,-3.0,61.724,1,99,0,63.3,5.8,-10.9,-4.8,-26.8,-0.8,6.6,50.8,25.3,100,0,31599.94,39.2,23.8,0,0,4.224,1.576,0.0,0.0,0.0,1,1,1,87,16,1,-432.895,-1.803,1,0
2024-11-16 12:17:06.904292,24f69f45-b19d-46e5-a20f-ac87c6872bce,KXHIGHNY-24NOV16-B61.5,42113.096,42,1.0,61.722,88,12,1,63.3,1.8,-14.9,-8.8,-30.8,-4.8,6.6,50.8,25.3,100,0,31599.94,39.2,23.8,0,0,0.222,1.578,0.0,0.0,0.0,1,1,1,88,16,1,-438.367,3.798,12,1
2024-11-16 12:17:06.904292,3ef782f1-ef38-4f38-b1ac-4f5c31cd348e,KXHIGHNY-24NOV16-B61.5,42113.096,71,1.0,61.724,87,13,1,63.3,1.8,-14.9,-8.8,-30.8,-4.8,6.6,50.8,25.3,100,0,31599.94,39.2,23.8,0,0,0.224,1.576,0.0,0.0,0.0,1,1,1,87,16,1,-432.895,4.744,13,1
2024-11-16 12:17:09.774272,1aaf315d-00ea-4a43-aa1f-ade5def600e9,KXHIGHNY-24NOV16-B63.5,42110.226,36,3.0,61.706,15,85,1,63.3,-0.2,-16.9,-10.8,-32.8,-6.8,6.6,50.8,25.3,100,0,31599.94,39.2,23.8,0,0,-1.794,1.594,0.0,0.0,0.0,1,1,1,88,15,1,-434.626,-7.645,-15,0
2024-11-16 12:17:12.427093,b22aaba1-70f5-4036-9fcb-ef6dcab2223e,KXHIGHNY-24NOV16-B59.5,42107.573,93,-1.0,61.626,5,95,1,63.3,3.8,-12.9,-6.8,-28.8,-2.8,6.6,50.8,25.3,100,0,31599.94,39.2,23.8,0,0,2.126,1.674,0.0,0.0,0.0,1,1,5,88,15,1,-442.674,4.747,-5,0
2024-11-16 12:17:22.220980,125334a0-7d68-4dd9-aca1-5633690fb657,KXHIGHNY-24NOV16-B63.5,42097.779,1,3.0,61.609,14,86,1,63.3,-0.2,-16.9,-10.8,-32.8,-6.8,6.6,50.8,25.3,100,0,31599.94,39.2,23.8,0,0,-1.891,1.691,0.0,0.0,0.0,1,1,5,88,14,1,-439.0,-6.645,-14,0
2024-11-16 12:17:29.521318,971d5db6-769e-4992-a9ac-1ae1dc6d8ae1,KXHIGHNY-24NOV16-B63.5,42090.479,1,3.0,61.481,7,93,0,63.3,-0.2,-16.9,-10.8,-32.8,-6.8,6.6,50.8,25.3,100,0,31599.94,39.2,23.8,0,0,-2.019,1.819,0.0,0.0,0.0,1,1,5,88,7,1,-415.674,-0.357,7,0
2024-11-16 12:17:29.760522,5437065c-d20c-4779-8d0e-40903f2fc4e6,KXHIGHNY-24NOV16-B61.5,42090.239,1,1.0,61.479,79,21,0,63.3,1.8,-14.9,-8.8,-30.8,-4.8,6.6,50.8,25.3,100,0,31599.94,39.2,23.8,0,0,-0.021,1.821,0.0,0.0,0.0,1,1,5,79,7,1,-366.855,-12.672,-21,1
2024-11-16 12:17:29.760522,5362b81a-10fc-422b-821e-00cecf73f169,KXHIGHNY-24NOV16-B61.5,42090.239,112,1.0,61.478,78,22,0,63.3,1.8,-14.9,-8.8,-30.8,-4.8,6.6,50.8,25.3,100,0,31599.94,39.2,23.8,0,0,-0.022,1.822,0.0,0.0,0.0,1,1,5,78,7,1,-361.492,-13.719,-22,1
2024-11-16 12:17:34.021825,1cefb473-8fb7-4413-aefa-7e326d15ed2c,KXHIGHNY-24NOV16-B63.5,42085.978,3,3.0,61.639,15,85,1,63.3,-0.2,-16.9,-10.8,-32.8,-6.8,6.6,50.8,25.3,100,0,31599.94,39.2,23.8,0,0,-1.861,1.661,0.0,0.0,0.0,1,1,5,78,15,1,-388.491,-7.639,-15,0
2024-11-16 12:17:38.874402,7ccbab05-e6f9-440d-b13c-4d43e3ed6639,KXHIGHNY-24NOV16-B63.5,42081.126,3,3.0,61.639,15,85,1,63.3,-0.2,-16.9,-10.8,-32.8,-6.8,6.6,50.8,25.3,100,0,31599.94,39.2,23.8,0,0,-1.861,1.661,0.0,0.0,0.0,1,1,5,78,15,1,-388.491,-7.638,-15,0
2024-11-16 12:17:43.480450,9ed99afd-69bc-4212-a22c-2c46f3bf4f61,KXHIGHNY-24NOV16-B63.5,42076.52,3,3.0,61.639,15,85,1,63.3,-0.2,-16.9,-10.8,-32.8,-6.8,6.6,50.8,25.3,100,0,31599.94,39.2,23.8,0,0,-1.861,1.661,0.0,0.0,0.0,1,1,5,78,15,1,-388.491,-7.636,-15,0
2024-11-16 12:17:44.184038,14550840-31bf-43ef-ac5e-0d1dbc56c566,KXHIGHNY-24NOV16-B63.5,42075.816,1,3.0,61.5,8,92,0,63.3,-0.2,-16.9,-10.8,-32.8,-6.8,6.6,50.8,25.3,100,0,31599.94,39.2,23.8,0,0,-2.0,1.8,0.0,0.0,0.0,1,1,5,78,8,1,-364.506,0.634,8,0
2024-11-16 12:17:48.663067,034b5969-936b-4bdd-89ed-79343c07e659,KXHIGHNY-24NOV16-B63.5,42071.337,3,3.0,61.639,15,85,1,63.3,-0.2,-16.9,-10.8,-32.8,-6.8,6.6,50.8,25.3,100,0,31599.94,39.2,23.8,0,0,-1.861,1.661,0.0,0.0,0.0,1,1,5,78,15,1,-388.491,-7.623,-15,0
2024-11-16 12:17:50.415068,5bc4dd96-9d41-425c-91df-40db857aabf3,KXHIGHNY-24NOV16-B61.5,42069.585,2,1.0,61.635,81,19,0,63.3,1.8,-14.9,-8.8,-30.8,-4.8,6.6,50.8,25.3,100,0,31599.94,39.2,23.8,0,0,0.135,1.665,0.0,0.0,0.0,1,1,5,81,15,1,-404.618,-10.645,-19,1
2024-11-16 12:17:50.415068,483d8435-22b4-4a15-8867-65d0aaeda848,KXHIGHNY-24NOV16-B61.5,42069.585,234,1.0,61.636,80,20,0,63.3,1.8,-14.9,-8.8,-30.8,-4.8,6.6,50.8,25.3,100,0,31599.94,39.2,23.8,0,0,0.136,1.664,0.0,0.0,0.0,1,1,5,80,15,1,-399.23,-11.649,-20,1
2024-11-16 12:17:53.235394,dce217c0-ab1a-45d0-bc60-b3142005d7eb,KXHIGHNY-24NOV16-B63.5,42066.765,3,3.0,61.636,15,85,1,63.3,-0.2,-16.9,-10.8,-32.8,-6.8,6.6,50.8,25.3,100,0,31599.94,39.2,23.8,0,0,-1.864,1.664,0.0,0.0,0.0,1,1,5,80,15,1,-399.23,-7.621,-15,0
2024-11-16 12:17:57.841058,fe694a8c-0f49-4405-8c52-97bfee378b41,KXHIGHNY-24NOV16-B63.5,42062.159,999,3.0,61.479,7,93,0,63.3,-0.2,-16.9,-10.8,-32.8,-6.8,6.6,50.8,25.3,100,0,31599.94,39.2,23.8,0,0,-2.021,1.821,0.0,0.0,0.0,1,1,5,80,7,1,-372.231,-0.409,7,0
2024-11-16 12:17:57.841058,d51c80f3-f7ce-4bfe-aa6c-e7c924aa57ad,KXHIGHNY-24NOV16-B63.5,42062.159,11,3.0,61.5,8,92,0,63.3,-0.2,-16.9,-10.8,-32.8,-6.8,6.6,50.8,25.3,100,0,31599.94,39.2,23.8,0,0,-2.0,1.8,0.0,0.0,0.0,1,1,5,80,8,1,-375.245,0.591,8,0
2024-11-16 12:17:57.841058,9f1b40a0-ecd3-412b-b623-082124ce7852,KXHIGHNY-24NOV16-B63.5,42062.159,60,3.0,61.5,8,92,0,63.3,-0.2,-16.9,-10.8,-32.8,-6.8,6.6,50.8,25.3,100,0,31599.94,39.2,23.8,0,0,-2.0,1.8,0.0,0.0,0.0,1,1,5,80,8,1,-375.245,0.605,8,0
2024-11-16 12:17:59.534086,dee10876-e43c-4a4c-820a-93aa58665fc8,KXHIGHNY-24NOV16-B61.5,42060.466,108,1.0,61.5,88,12,1,63.3,1.8,-14.9,-8.8,-30.8,-4.8,6.6,50.8,25.3,100,0,31599.94,39.2,23.8,0,0,0.0,1.8,0.0,0.0,0.0,1,1,5,88,8,1,-418.688,3.621,12,1
2024-11-16 12:17:59.534086,67934f6e-8449-4ac4-b6ab-fbe01dd165f7,KXHIGHNY-24NOV16-B61.5,42060.466,4,1.0,61.5,89,11,1,63.3,1.8,-14.9,-8.8,-30.8,-4.8,6.6,50.8,25.3,100,0,31599.94,39.2,23.8,0,0,0.0,1.8,0.0,0.0,0.0,1,1,5,89,8,1,-424.171,2.621,11,1
2024-11-16 12:18:03.151322,6f53b3a0-3e40-4a32-a8b7-8f728f646a13,KXHIGHNY-24NOV16-B59.5,42056.849,407,-1.0,61.5,5,95,1,63.3,3.8,-12.9,-6.8,-28.8,-2.8,6.6,50.8,25.3,100,0,31599.94,39.2,23.8,0,0,2.0,1.8,0.0,0.0,0.0,1,1,5,89,8,1,-424.171,4.748,-5,0
2024-11-16 12:18:04.988114,10bd9b49-0e1b-441f-9f51-f7c5cf07dda2,KXHIGHNY-24NOV16-B63.5,42055.012,2,3.0,61.591,13,87,1,63.3,-0.2,-16.9,-10.8,-32.8,-6.8,6.6,50.8,25.3,100,0,31599.94,39.2,23.8,0,0,-1.909,1.709,0.0,0.0,0.0,1,1,5,89,13,1,-440.88,-5.591,-13,0
2024-11-16 12:18:04.988114,7076198c-08b5-43f4-9557-a1610ef381ff,KXHIGHNY-24NOV16-B63.5,42055.012,1,3.0,61.5,8,92,1,63.3,-0.2,-16.9,-10.8,-32.8,-6.8,6.6,50.8,25.3,100,0,31599.94,39.2,23.8,0,0,-2.0,1.8,0.0,0.0,0.0,1,1,5,89,8,1,-424.171,-0.578,-8,0
2024-11-16 12:18:14.606341,4f481b05-c978-4b41-84dc-8109280660a9,KXHIGHNY-24NOV16-B63.5,42045.394,1,3.0,61.481,7,93,0,63.3,-0.2,-16.9,-10.8,-32.8,-6.8,6.6,50.8,25.3,100,0,31599.94,39.2,23.8,0,0,-2.019,1.819,0.0,0.0,0.0,1,1,5,89,7,1,-421.157,-0.422,7,0
2024-11-16 12:18:23.576738,b41ef4cd-03da-4610-9ed5-ec9f458ef4e4,KXHIGHNY-24NOV16-B63.5,42036.423,3,3.0,61.591,13,87,1,63.3,-0.2,-16.9,-10.8,-32.8,-6.8,6.6,50.8,25.3,100,0,31599.94,39.2,23.8,0,0,-1.909,1.709,0.0,0.0,0.0,1,1,5,89,13,1,-440.88,-5.573,-13,0
2024-11-16 12:18:33.153469,8ebd6eca-3bb5-4c97-bf5b-48f7e0edea93,KXHIGHNY-24NOV16-B63.5,42026.847,3,3.0,61.573,12,88,1,63.3,-0.2,-16.9,-10.8,-32.8,-6.8,6.6,50.8,25.3,100,0,31599.94,39.2,23.8,0,0,-1.927,1.727,0.0,0.0,0.0,1,1,5,89,12,1,-437.355,-4.572,-12,0
2024-11-16 12:18:38.091881,994ab0ee-924e-4d70-b636-23e761870d17,KXHIGHNY-24NOV16-B63.5,42021.908,3,3.0,61.573,12,88,1,63.3,-0.2,-16.9,-10.8,-32.8,-6.8,6.6,50.8,25.3,100,0,31599.94,39.2,23.8,0,0,-1.927,1.727,0.0,0.0,0.0,1,1,5,89,12,1,-437.355,-4.572,-12,0
2024-11-16 12:19:19.000427,9f869aff-0f19-4483-9b19-3ca7efdc5767,KXHIGHNY-24NOV16-B63.5,41981.0,1,3.0,61.461,6,94,0,63.3,-0.2,-16.9,-10.8,-32.8,-6.8,6.6,50.8,25.3,100,0,31599.94,39.2,23.8,0,0,-2.039,1.839,0.0,0.0,0.0,1,1,5,89,6,1,-418.286,-1.428,6,0
2024-11-16 12:19:38.945649,982b22a8-f154-4b98-9f87-ff29aa6e9af5,KXHIGHNY-24NOV16-B61.5,41961.054,68,1.0,61.461,88,12,1,63.3,1.8,-14.9,-8.8,-30.8,-4.8,6.6,50.8,25.3,100,0,31599.94,39.2,23.8,0,0,-0.039,1.839,0.0,0.0,0.0,1,1,5,88,6,1,-412.803,3.607,12,1
2024-11-16 12:19:38.945649,771375ee-33f3-4cb5-82ec-04032492eeaf,KXHIGHNY-24NOV16-B61.5,41961.054,100,1.0,61.46,87,13,1,63.3,1.8,-14.9,-8.8,-30.8,-4.8,6.6,50.8,25.3,100,0,31599.94,39.2,23.8,0,0,-0.04,1.84,0.0,0.0,0.0,1,1,5,87,6,1,-407.332,4.608,13,1
2024-11-16 12:19:38.945649,02d6e0e9-d294-4aa3-a210-2e6ebf65feac,KXHIGHNY-24NOV16-B61.5,41961.054,234,1.0,61.46,86,14,1,63.3,1.8,-14.9,-8.8,-30.8,-4.8,6.6,50.8,25.3,100,0,31599.94,39.2,23.8,0,0,-0.04,1.84,0.0,0.0,0.0,1,1,5,86,6,1,-401.872,5.62,14,1
2024-11-16 12:19:43.448583,1af7df4d-d966-49d0-8504-32b0d24f9f14,KXHIGHNY-24NOV16-B63.5,41956.551,3,3.0,61.575,12,88,1,63.3,-0.2,-16.9,-10.8,-32.8,-6.8,6.6,50.8,25.3,100,0,31599.94,39.2,23.8,0,0,-1.925,1.725,0.0,0.0,0.0,1,1,5,86,12,1,-420.94,-4.571,-12,0
2024-11-16 12:20:14.486897,528f155b-1c7c-40ef-81e9-ede04840f4c9,KXHIGHNY-24NOV16-B61.5,41925.513,32,1.0,61.573,89,11,1,63.3,1.8,-14.9,-8.8,-30.8,-4.8,6.6,50.8,25.3,100,0,31599.94,39.2,23.8,0,0,0.073,1.727,0.0,0.0,0.0,1,1,5,89,12,1,-437.355,2.588,11,1
2024-11-16 12:20:17.741156,24ff80a6-b004-4a42-9326-ddcf3b9e083f,KXHIGHNY-24NOV16-B61.5,41922.259,111,1.0,61.573,89,11,1,63.3,1.8,-14.9,-8.8,-30.8,-4.8,6.6,50.8,25.3,100,0,31599.94,39.2,23.8,0,0,0.073,1.727,0.0,0.0,0.0,1,1,5,89,12,1,-437.355,2.57,11,1
2024-11-16 12:20:27.167849,dc0ed231-d1b6-45db-acb8-cf553ca9ba05,KXHIGHNY-24NOV16-B63.5,41912.832,3,3.0,61.461,6,94,0,63.3,-0.2,-16.9,-10.8,-32.8,-6.8,6.6,50.8,25.3,100,0,31599.94,39.2,23.8,0,0,-2.039,1.839,0.0,0.0,0.0,1,1,5,89,6,1,-418.286,-1.433,6,0
2024-11-16 12:21:02.525386,1d801699-6d90-402d-8b19-3448aad718e7,KXHIGHNY-24NOV16-B61.5,41877.475,200,1.0,61.459,84,16,0,63.3,1.8,-14.9,-8.8,-30.8,-4.8,6.6,50.8,25.3,100,0,31599.94,39.2,23.8,0,0,-0.041,1.841,0.0,0.0,0.0,1,1,5,84,6,1,-390.986,-7.551,-16,1
2024-11-16 12:21:04.366260,2191053e-5552-4fe9-afb0-dea18503662c,KXHIGHNY-24NOV16-B63.5,41875.634,78,3.0,61.577,12,88,1,63.3,-0.2,-16.9,-10.8,-32.8,-6.8,6.6,50.8,25.3,100,0,31599.94,39.2,23.8,0,0,-1.923,1.723,0.0,0.0,0.0,1,1,5,84,12,1,-410.055,-4.565,-12,0
2024-11-16 12:21:20.337324,a97d6b3e-674c-48e2-a86c-4581a2b2aae9,KXHIGHNY-24NOV16-B63.5,41859.663,1,3.0,61.558,11,89,0,63.3,-0.2,-16.9,-10.8,-32.8,-6.8,6.6,50.8,25.3,100,0,31599.94,39.2,23.8,0,0,-1.942,1.742,0.0,0.0,0.0,1,1,5,84,11,1,-406.613,3.562,11,0
2024-11-16 12:21:26.397996,285dae33-e690-422a-a4b7-b07c5df119ff,KXHIGHNY-24NOV16-B63.5,41853.602,104,3.0,61.558,11,89,0,63.3,-0.2,-16.9,-10.8,-32.8,-6.8,6.6,50.8,25.3,100,0,31599.94,39.2,23.8,0,0,-1.942,1.742,0.0,0.0,0.0,1,1,5,84,11,1,-406.613,3.556,11,0
2024-11-16 12:21:37.027729,a029344d-60cc-469e-9408-956cd0162c78,KXHIGHNY-24NOV16-B61.5,41842.972,22,1.0,61.558,85,15,0,63.3,1.8,-14.9,-8.8,-30.8,-4.8,6.6,50.8,25.3,100,0,31599.94,39.2,23.8,0,0,0.058,1.742,0.0,0.0,0.0,1,1,5,85,11,1,-412.049,-6.535,-15,1
2024-11-16 12:21:37.027729,9876090a-1d78-4d85-ae38-8eb6c987bd45,KXHIGHNY-24NOV16-B61.5,41842.972,228,1.0,61.558,84,16,0,63.3,1.8,-14.9,-8.8,-30.8,-4.8,6.6,50.8,25.3,100,0,31599.94,39.2,23.8,0,0,0.058,1.742,0.0,0.0,0.0,1,1,5,84,11,1,-406.613,-7.539,-16,1
2024-11-16 12:21:45.701833,a77983c8-32c3-4b55-9972-afa11d10055c,KXHIGHNY-24NOV16-B63.5,41834.298,3,3.0,61.577,12,88,1,63.3,-0.2,-16.9,-10.8,-32.8,-6.8,6.6,50.8,25.3,100,0,31599.94,39.2,23.8,0,0,-1.923,1.723,0.0,0.0,0.0,1,1,5,84,12,1,-410.055,-4.547,-12,0
2024-11-16 12:21:50.723291,78a0e892-1844-4789-b7c9-e9b8daf68d24,KXHIGHNY-24NOV16-B63.5,41829.277,3,3.0,61.577,12,88,1,63.3,-0.2,-16.9,-10.8,-32.8,-6.8,6.6,50.8,25.3,100,0,31599.94,39.2,23.8,0,0,-1.923,1.723,0.0,0.0,0.0,1,1,5,84,12,1,-410.055,-4.533,-12,0
2024-11-16 12:22:07.984606,51261a38-3089-4f91-8495-e5d1233bc945,KXHIGHNY-24NOV16-B63.5,41812.015,557,3.0,61.459,6,94,0,63.3,-0.2,-16.9,-10.8,-32.8,-6.8,6.6,50.8,25.3,100,0,31599.94,39.2,23.8,0,0,-2.041,1.841,0.0,0.0,0.0,1,1,5,84,6,1,-390.986,-1.468,6,0
2024-11-16 12:22:07.984606,785a4b09-3927-4758-8ec7-276194df1c67,KXHIGHNY-24NOV16-B63.5,41812.015,60,3.0,61.459,6,94,0,63.3,-0.2,-16.9,-10.8,-32.8,-6.8,6.6,50.8,25.3,100,0,31599.94,39.2,23.8,0,0,-2.041,1.841,0.0,0.0,0.0,1,1,5,84,6,1,-390.986,-1.469,6,0
2024-11-16 12:22:07.984606,86afdf4f-2d16-4508-8cb6-6194232e2bca,KXHIGHNY-24NOV16-B63.5,41812.015,100,3.0,61.438,5,95,0,63.3,-0.2,-16.9,-10.8,-32.8,-6.8,6.6,50.8,25.3,100,0,31599.94,39.2,23.8,0,0,-2.062,1.862,0.0,0.0,0.0,1,1,5,84,5,1,-388.283,-2.471,5,0
2024-11-16 12:22:07.984606,ec4187b7-2d9c-4b9e-ad2e-a869a5d77e4e,KXHIGHNY-24NOV16-B63.5,41812.015,300,3.0,61.558,11,89,0,63.3,-0.2,-16.9,-10.8,-32.8,-6.8,6.6,50.8,25.3,100,0,31599.94,39.2,23.8,0,0,-1.942,1.742,0.0,0.0,0.0,1,1,5,84,11,1,-406.613,3.527,11,0
2024-11-16 12:22:07.984606,f2ea71d0-86a2-41ea-8e31-e02c51e59c99,KXHIGHNY-24NOV16-B63.5,41812.015,42,3.0,61.5,8,92,0,63.3,-0.2,-16.9,-10.8,-32.8,-6.8,6.6,50.8,25.3,100,0,31599.94,39.2,23.8,0,0,-2.0,1.8,0.0,0.0,0.0,1,1,5,84,8,1,-396.871,0.526,8,0
2024-11-16 12:22:07.984606,e125220d-0f5c-4c50-b078-3ef5cb6ad48e,KXHIGHNY-24NOV16-B63.5,41812.015,95,3.0,61.558,11,89,0,63.3,-0.2,-16.9,-10.8,-32.8,-6.8,6.6,50.8,25.3,100,0,31599.94,39.2,23.8,0,0,-1.942,1.742,0.0,0.0,0.0,1,1,5,84,11,1,-406.613,3.527,11,0
2024-11-16 12:22:24.518562,43ff6054-dfc0-4f78-ada5-ce5b049cdf2c,KXHIGHNY-24NOV16-B63.5,41795.481,123,3.0,61.417,4,96,0,63.3,-0.2,-16.9,-10.8,-32.8,-6.8,6.6,50.8,25.3,100,0,31599.94,39.2,23.8,0,0,-2.083,1.883,0.0,0.0,0.0,1,1,5,84,4,1,-385.781,-3.474,4,0
2024-11-16 12:22:28.833107,b632dbc6-b678-4df5-afb0-d6cfe087b827,KXHIGHNY-24NOV16-B61.5,41791.167,227,1.0,61.419,87,13,1,63.3,1.8,-14.9,-8.8,-30.8,-4.8,6.6,50.8,25.3,100,0,31599.94,39.2,23.8,0,0,-0.081,1.881,0.0,0.0,0.0,1,1,5,87,4,1,-402.126,4.517,13,1
2024-11-16 12:22:43.149606,6e5e54cd-d96e-44b4-b5f2-b349adbbfd44,KXHIGHNY-24NOV16-B63.5,41776.85,937,3.0,61.44,5,95,1,63.3,-0.2,-16.9,-10.8,-32.8,-6.8,6.6,50.8,25.3,100,0,31599.94,39.2,23.8,0,0,-2.06,1.86,0.0,0.0,0.0,1,1,5,87,5,1,-404.628,2.486,-5,0
2024-11-16 12:22:52.040686,43059404-870f-4114-9c00-16ec39f58429,KXHIGHNY-24NOV16-B63.5,41767.959,375,3.0,61.44,5,95,1,63.3,-0.2,-16.9,-10.8,-32.8,-6.8,6.6,50.8,25.3,100,0,31599.94,39.2,23.8,0,0,-2.06,1.86,0.0,0.0,0.0,1,1,5,87,5,1,-404.628,2.487,-5,0
2024-11-16 12:23:01.590761,b3c1dbf8-17f9-4fc9-9ace-ea771e8dd885,KXHIGHNY-24NOV16-B63.5,41758.409,11,3.0,61.44,5,95,1,63.3,-0.2,-16.9,-10.8,-32.8,-6.8,6.6,50.8,25.3,100,0,31599.94,39.2,23.8,0,0,-2.06,1.86,0.0,0.0,0.0,1,1,5,87,5,1,-404.628,2.487,-5,0
2024-11-16 12:23:06.470450,03979a91-00e7-4cde-8f5f-3501aa707f40,KXHIGHNY-24NOV16-B63.5,41753.53,100,3.0,61.44,5,95,1,63.3,-0.2,-16.9,-10.8,-32.8,-6.8,6.6,50.8,25.3,100,0,31599.94,39.2,23.8,0,0,-2.06,1.86,0.0,0.0,0.0,1,1,5,87,5,1,-404.628,2.501,-5,0
2024-11-16 12:23:10.447024,148e66c8-73e6-4b34-a191-f016f670907f,KXHIGHNY-24NOV16-B61.5,41749.553,702,1.0,61.441,88,12,1,63.3,1.8,-14.9,-8.8,-30.8,-4.8,6.6,50.8,25.3,100,0,31599.94,39.2,23.8,0,0,-0.059,1.859,0.0,0.0,0.0,1,1,5,88,5,1,-410.1,3.515,12,1
2024-11-16 12:23:10.447024,a301f5dc-5317-4f2c-b7d3-e5e2f6ee4822,KXHIGHNY-24NOV16-B61.5,41749.553,201,1.0,61.44,87,13,1,63.3,1.8,-14.9,-8.8,-30.8,-4.8,6.6,50.8,25.3,100,0,31599.94,39.2,23.8,0,0,-0.06,1.86,0.0,0.0,0.0,1,1,5,87,5,1,-404.628,4.513,13,1
2024-11-16 12:23:41.404243,3048eaac-b745-46ce-ae56-161345f3a658,KXHIGHNY-24NOV16-B63.5,41718.596,200,3.0,61.441,5,95,1,63.3,-0.2,-16.9,-10.8,-32.8,-6.8,6.6,50.8,25.3,100,0,31599.94,39.2,23.8,0,0,-2.059,1.859,0.0,0.0,0.0,1,1,5,88,5,1,-410.1,2.513,-5,0
2024-11-16 12:23:46.966696,b648e4c2-a37c-4382-b63e-e270ab586eea,KXHIGHNY-24NOV16-B63.5,41713.033,100,3.0,61.441,5,95,1,63.3,-0.2,-16.9,-10.8,-32.8,-6.8,6.6,50.8,25.3,100,0,31599.94,39.2,23.8,0,0,-2.059,1.859,0.0,0.0,0.0,1,1,5,88,5,1,-410.1,2.514,-5,0
2024-11-16 12:23:50.637787,2b087704-c87a-4264-b54a-cec62f045ebe,KXHIGHNY-24NOV16-B63.5,41709.362,187,3.0,61.441,5,95,1,63.3,-0.2,-16.9,-10.8,-32.8,-6.8,6.6,50.8,25.3,100,0,31599.94,39.2,23.8,0,0,-2.059,1.859,0.0,0.0,0.0,1,1,5,88,5,1,-410.1,2.516,-5,0
2024-11-16 12:24:00.694321,a32bfbcc-9082-4620-8da6-bc199d16ec70,KXHIGHNY-24NOV16-B63.5,41699.306,500,3.0,61.441,5,95,1,63.3,-0.2,-16.9,-10.8,-32.8,-6.8,6.6,50.8,25.3,100,0,31599.94,39.2,23.8,0,0,-2.059,1.859,0.0,0.0,0.0,1,1,5,88,5,1,-410.1,2.527,-5,0
2024-11-16 12:24:06.835022,f8da84df-a5af-4a94-b107-80fe384c19ab,KXHIGHNY-24NOV16-B63.5,41693.165,1,3.0,61.42,4,96,0,63.3,-0.2,-16.9,-10.8,-32.8,-6.8,6.6,50.8,25.3,100,0,31599.94,39.2,23.8,0,0,-2.08,1.88,0.0,0.0,0.0,1,1,5,88,4,1,-407.598,-3.543,4,0
2024-11-16 12:25:14.195783,7f4085be-7ef4-4595-b131-9a9a6ff3ad10,KXHIGHNY-24NOV16-B63.5,41625.804,1875,3.0,61.441,5,95,1,63.3,-0.2,-16.9,-10.8,-32.8,-6.8,6.6,50.8,25.3,100,0,31599.94,39.2,23.8,0,0,-2.059,1.859,0.0,0.0,0.0,1,1,5,88,5,1,-410.1,2.543,-5,0
2024-11-16 12:25:16.999885,7dd799af-9243-4c41-921f-e29fb3a7acbf,KXHIGHNY-24NOV16-B63.5,41623.0,37,3.0,61.441,5,95,1,63.3,-0.2,-16.9,-10.8,-32.8,-6.8,6.6,50.8,25.3,100,0,31599.94,39.2,23.8,0,0,-2.059,1.859,0.0,0.0,0.0,1,1,5,88,5,1,-410.1,2.544,-5,0
2024-11-16 12:25:27.845577,51df48c4-7299-47f6-8261-ddb5ccf6a860,KXHIGHNY-24NOV16-B61.5,41612.154,63,1.0,61.441,89,11,1,63.3,1.8,-14.9,-8.8,-30.8,-4.8,6.6,50.8,25.3,100,0,31599.94,39.2,23.8,0,0,-0.059,1.859,0.0,0.0,0.0,1,1,5,89,5,1,-415.583,2.508,11,1
2024-11-16 12:25:27.845577,870c898a-76c9-49a1-b1e1-8dfeeadd3e32,KXHIGHNY-24NOV16-B61.5,41612.154,298,1.0,61.441,88,12,1,63.3,1.8,-14.9,-8.8,-30.8,-4.8,6.6,50.8,25.3,100,0,31599.94,39.2,23.8,0,0,-0.059,1.859,0.0,0.0,0.0,1,1,5,88,5,1,-410.1,3.503,12,1
2024-11-16 12:25:27.845577,9da70c35-0063-4e8f-887d-0af5deef81fc,KXHIGHNY-24NOV16-B61.5,41612.154,150,1.0,61.443,92,8,1,63.3,1.8,-14.9,-8.8,-30.8,-4.8,6.6,50.8,25.3,100,0,31599.94,39.2,23.8,0,0,-0.057,1.857,0.0,0.0,0.0,1,1,5,92,5,1,-432.099,-0.509,8,1
2024-11-16 12:25:27.845577,a09b9fc5-2cf4-4ec3-81f0-e123fb01e6f4,KXHIGHNY-24NOV16-B61.5,41612.154,250,1.0,61.444,94,6,1,63.3,1.8,-14.9,-8.8,-30.8,-4.8,6.6,50.8,25.3,100,0,31599.94,39.2,23.8,0,0,-0.056,1.856,0.0,0.0,0.0,1,1,5,94,5,1,-443.164,-2.522,6,1
2024-11-16 12:25:27.845577,a153fd6b-d113-468e-9dc9-b7bea7e16351,KXHIGHNY-24NOV16-B61.5,41612.154,10,1.0,61.442,90,10,1,63.3,1.8,-14.9,-8.8,-30.8,-4.8,6.6,50.8,25.3,100,0,31599.94,39.2,23.8,0,0,-0.058,1.858,0.0,0.0,0.0,1,1,5,90,5,1,-421.077,1.45,10,1
2024-11-16 12:25:27.845577,ae494d04-eb57-46b2-9ec1-621d8d7dbeee,KXHIGHNY-24NOV16-B61.5,41612.154,4,1.0,61.444,95,5,1,63.3,1.8,-14.9,-8.8,-30.8,-4.8,6.6,50.8,25.3,100,0,31599.94,39.2,23.8,0,0,-0.056,1.856,0.0,0.0,0.0,1,1,5,95,5,1,-448.713,-3.58,5,1
2024-11-16 12:25:27.845577,b1abdf47-072d-4f85-a2a5-b69bbe8dc0ce,KXHIGHNY-24NOV16-B61.5,41612.154,100,1.0,61.442,90,10,1,63.3,1.8,-14.9,-8.8,-30.8,-4.8,6.6,50.8,25.3,100,0,31599.94,39.2,23.8,0,0,-0.058,1.858,0.0,0.0,0.0,1,1,5,90,5,1,-421.077,1.393,10,1
2024-11-16 12:25:40.957774,3fa44afe-b64d-40b8-9e73-41aac8af80ff,KXHIGHNY-24NOV16-B63.5,41599.042,375,3.0,61.441,5,95,1,63.3,-0.2,-16.9,-10.8,-32.8,-6.8,6.6,50.8,25.3,100,0,31599.94,39.2,23.8,0,0,-2.059,1.859,0.0,0.0,0.0,1,1,5,89,5,1,-415.583,2.544,-5,0
2024-11-16 12:25:42.911097,3577f0f3-3631-4f81-bcba-30386d5b46b2,KXHIGHNY-24NOV16-B61.5,41597.089,3,1.0,61.441,88,12,0,63.3,1.8,-14.9,-8.8,-30.8,-4.8,6.6,50.8,25.3,100,0,31599.94,39.2,23.8,0,0,-0.059,1.859,0.0,0.0,0.0,1,1,5,88,5,1,-410.1,-3.04,-12,1
2024-11-16 12:25:53.643907,b04dae28-f033-4b5c-bca7-90411b14e64d,KXHIGHNY-24NOV16-B59.5,41586.356,25,-1.0,61.521,1,99,0,63.3,3.8,-12.9,-6.8,-28.8,-2.8,6.6,50.8,25.3,100,0,31599.94,39.2,23.8,0,0,2.021,1.779,0.0,0.0,0.0,1,1,1,88,5,1,-402.053,-8.773,1,0
2024-11-16 12:25:57.801458,714307e0-ca3a-4d4e-bc1b-2894bfbb6171,KXHIGHNY-24NOV16-B61.5,41582.199,4,1.0,61.52,89,11,0,63.3,1.8,-14.9,-8.8,-30.8,-4.8,6.6,50.8,25.3,100,0,31599.94,39.2,23.8,0,0,0.02,1.78,0.0,0.0,0.0,1,1,1,89,5,1,-407.536,-2.036,-11,1
2024-11-16 12:25:57.801458,610bab2b-0f6d-4700-aead-2c635ebf9dba,KXHIGHNY-24NOV16-B61.5,41582.199,6,1.0,61.521,88,12,0,63.3,1.8,-14.9,-8.8,-30.8,-4.8,6.6,50.8,25.3,100,0,31599.94,39.2,23.8,0,0,0.021,1.779,0.0,0.0,0.0,1,1,1,88,5,1,-402.053,-3.039,-12,1
2024-11-16 12:26:16.074716,c9b9eac4-586d-46d8-8aea-e7169c68dd7d,KXHIGHNY-24NOV16-B63.5,41563.925,30,3.0,61.521,5,95,1,63.3,-0.2,-16.9,-10.8,-32.8,-6.8,6.6,50.8,25.3,100,0,31599.94,39.2,23.8,0,0,-1.979,1.779,0.0,0.0,0.0,1,1,1,88,5,1,-402.053,2.546,-5,0
2024-11-16 12:26:43.987911,cbd5a505-0ca6-4700-af2f-da9c4070ca33,KXHIGHNY-24NOV16-B63.5,41536.012,3,3.0,61.521,5,95,1,63.3,-0.2,-16.9,-10.8,-32.8,-6.8,6.6,50.8,25.3,100,0,31599.94,39.2,23.8,0,0,-1.979,1.779,0.0,0.0,0.0,1,1,1,88,5,1,-402.053,2.547,-5,0
2024-11-16 12:26:51.522775,1c13376b-d59f-4cf3-96ec-4dbcaa87b463,KXHIGHNY-24NOV16-B63.5,41528.477,1000,3.0,61.521,5,95,1,63.3,-0.2,-16.9,-10.8,-32.8,-6.8,6.6,50.8,25.3,100,0,31599.94,39.2,23.8,0,0,-1.979,1.779,0.0,0.0,0.0,1,1,1,88,5,1,-402.053,2.548,-5,0
2024-11-16 12:26:53.112132,7c530a91-119e-4b82-a918-2e258f9fc0f4,KXHIGHNY-24NOV16-B61.5,41526.888,4,1.0,61.52,89,11,0,63.3,1.8,-14.9,-8.8,-30.8,-4.8,6.6,50.8,25.3,100,0,31599.94,39.2,23.8,0,0,0.02,1.78,0.0,0.0,0.0,1,1,1,89,5,1,-407.536,-2.034,-11,1
2024-11-16 12:26:53.112132,39e39775-d39d-4870-b917-a876c1c75d22,KXHIGHNY-24NOV16-B61.5,41526.888,8,1.0,61.521,88,12,0,63.3,1.8,-14.9,-8.8,-30.8,-4.8,6.6,50.8,25.3,100,0,31599.94,39.2,23.8,0,0,0.021,1.779,0.0,0.0,0.0,1,1,1,88,5,1,-402.053,-3.034,-12,1
2024-11-16 12:26:54.307100,d7d15ae0-ef94-4ecc-b2a3-fe9d3499b458,KXHIGHNY-24NOV16-B63.5,41525.693,3116,3.0,61.521,5,95,1,63.3,-0.2,-16.9,-10.8,-32.8,-6.8,6.6,50.8,25.3,100,0,31599.94,39.2,23.8,0,0,-1.979,1.779,0.0,0.0,0.0,1,1,1,88,5,1,-402.053,2.55,-5,0
2024-11-16 12:27:04.791875,8c891e86-f79e-4040-8492-45cb65945177,KXHIGHNY-24NOV16-T64,41515.208,1169,5.0,61.561,2,98,1,63.3,-2.2,-18.9,-12.8,-34.8,-8.8,6.6,50.8,25.3,100,0,31599.94,39.2,23.8,0,0,-3.939,1.739,0.0,0.0,0.0,1,1,1,88,5,2,-403.439,-0.012,-2,0
2024-11-16 12:28:15.677175,16354ac7-6cc6-43c6-85d7-4385159ef8e5,KXHIGHNY-24NOV16-B63.5,41444.323,1,3.0,61.581,6,94,0,63.3,-0.2,-16.9,-10.8,-32.8,-6.8,6.6,50.8,25.3,100,0,31599.94,39.2,23.8,0,0,-1.919,1.719,0.0,0.0,0.0,1,1,1,88,6,2,-406.142,-1.552,6,0
2024-11-16 12:30:51.769532,b8d94301-d216-45ac-a4bf-33bc8eb14a90,KXHIGHNY-24NOV16-B63.5,41288.23,1000,3.0,61.619,8,92,1,63.3,-0.2,-16.9,-10.8,-32.8,-6.8,6.6,50.8,25.3,100,0,31599.94,39.2,23.8,0,0,-1.881,1.681,0.0,0.0,0.0,1,1,1,88,8,2,-412.027,-0.447,-8,0
2024-11-16 12:31:19.637040,7daf9c53-039d-4179-b89a-0113c0161315,KXHIGHNY-24NOV16-B61.5,41260.363,66,1.0,61.611,95,5,1,63.3,1.8,-14.9,-8.8,-30.8,-4.8,6.6,50.8,25.3,100,0,31599.94,39.2,23.8,0,0,0.111,1.689,0.0,0.0,0.0,1,1,1,95,8,2,-450.64,-3.97,5,1
2024-11-16 12:31:22.233352,9d176b58-d3b1-4bc0-9481-e939e4a11c1d,KXHIGHNY-24NOV16-B61.5,41257.767,200,1.0,61.615,91,9,0,63.3,1.8,-14.9,-8.8,-30.8,-4.8,6.6,50.8,25.3,100,0,31599.94,39.2,23.8,0,0,0.115,1.685,0.0,0.0,0.0,1,1,1,91,8,2,-428.51,-0.03,-9,1
2024-11-16 12:31:41.449447,17bfd21b-c414-4b47-a704-5e965381029b,KXHIGHNY-24NOV16-B63.5,41238.551,12,3.0,61.668,11,89,1,63.3,-0.2,-16.9,-10.8,-32.8,-6.8,6.6,50.8,25.3,100,0,31599.94,39.2,23.8,0,0,-1.832,1.632,0.0,0.0,0.0,1,1,1,91,11,2,-438.251,-3.433,-11,0
2024-11-16 12:31:43.920058,07daa30b-0349-4369-857f-65a79575f31a,KXHIGHNY-24NOV16-B61.5,41236.08,200,1.0,61.67,90,10,0,63.3,1.8,-14.9,-8.8,-30.8,-4.8,6.6,50.8,25.3,100,0,31599.94,39.2,23.8,0,0,0.17,1.63,0.0,0.0,0.0,1,1,1,90,11,2,-432.746,-1.027,-10,1
2024-11-16 12:31:47.743534,0023d0a4-15ae-48f3-b1bd-5b1957fce6e1,KXHIGHNY-24NOV16-B63.5,41232.256,12,3.0,61.67,11,89,1,63.3,-0.2,-16.9,-10.8,-32.8,-6.8,6.6,50.8,25.3,100,0,31599.94,39.2,23.8,0,0,-1.83,1.63,0.0,0.0,0.0,1,1,1,90,11,2,-432.746,-3.43,-11,0
2024-11-16 12:31:56.303413,a96ff5c8-4216-4b93-b10d-5b528f0244d7,KXHIGHNY-24NOV16-B63.5,41223.697,12,3.0,61.67,11,89,1,63.3,-0.2,-16.9,-10.8,-32.8,-6.8,6.6,50.8,25.3,100,0,31599.94,39.2,23.8,0,0,-1.83,1.63,0.0,0.0,0.0,1,1,1,90,11,2,-432.746,-3.43,-11,0
2024-11-16 12:32:15.419621,8a17ecfb-7d41-4155-8c48-d265bbc8d241,KXHIGHNY-24NOV16-B63.5,41204.58,3,3.0,61.67,11,89,1,63.3,-0.2,-16.9,-10.8,-32.8,-6.8,6.6,50.8,25.3,100,0,31599.94,39.2,23.8,0,0,-1.83,1.63,0.0,0.0,0.0,1,1,1,90,11,2,-432.746,-3.43,-11,0
2024-11-16 12:32:20.648849,ec605e47-a748-461f-b2d5-721d99d378c2,KXHIGHNY-24NOV16-B63.5,41199.351,12,3.0,61.67,11,89,1,63.3,-0.2,-16.9,-10.8,-32.8,-6.8,6.6,50.8,25.3,100,0,31599.94,39.2,23.8,0,0,-1.83,1.63,0.0,0.0,0.0,1,1,1,90,11,2,-432.746,-3.43,-11,0
2024-11-16 12:32:21.452075,72bc53e7-e78c-4914-8217-43eba24ed161,KXHIGHNY-24NOV16-B61.5,41198.548,1,1.0,61.662,95,5,1,63.3,1.8,-14.9,-8.8,-30.8,-4.8,6.6,50.8,25.3,100,0,31599.94,39.2,23.8,0,0,0.162,1.638,0.0,0.0,0.0,1,1,1,95,11,2,-460.381,-3.994,5,1
2024-11-16 12:32:25.852391,7e6c1d1d-1c2a-458b-9c89-102fcfeab2b6,KXHIGHNY-24NOV16-B61.5,41194.148,97,1.0,61.671,89,11,0,63.3,1.8,-14.9,-8.8,-30.8,-4.8,6.6,50.8,25.3,100,0,31599.94,39.2,23.8,0,0,0.171,1.629,0.0,0.0,0.0,1,1,1,89,11,2,-427.252,-2.003,-11,1
2024-11-16 12:32:31.961828,8a3a5c8f-b20d-491b-affe-3612c4a199e3,KXHIGHNY-24NOV16-B63.5,41188.038,12,3.0,61.671,11,89,1,63.3,-0.2,-16.9,-10.8,-32.8,-6.8,6.6,50.8,25.3,100,0,31599.94,39.2,23.8,0,0,-1.829,1.629,0.0,0.0,0.0,1,1,1,89,11,2,-427.252,-3.425,-11,0
2024-11-16 12:32:38.293623,2ca98279-08c6-498a-86be-b58837568b6e,KXHIGHNY-24NOV16-B63.5,41181.706,3,3.0,61.671,11,89,1,63.3,-0.2,-16.9,-10.8,-32.8,-6.8,6.6,50.8,25.3,100,0,31599.94,39.2,23.8,0,0,-1.829,1.629,0.0,0.0,0.0,1,1,1,89,11,2,-427.252,-3.424,-11,0
2024-11-16 12:32:41.361568,121bfb3c-0e8d-4041-8633-a8ed7c0a2467,KXHIGHNY-24NOV16-B61.5,41178.638,35,1.0,61.671,89,11,0,63.3,1.8,-14.9,-8.8,-30.8,-4.8,6.6,50.8,25.3,100,0,31599.94,39.2,23.8,0,0,0.171,1.629,0.0,0.0,0.0,1,1,1,89,11,2,-427.252,-2.002,-11,1
2024-11-16 12:32:42.091692,664d6a19-863b-4a0a-82b4-082c047d4a3d,KXHIGHNY-24NOV16-B59.5,41177.908,56,-1.0,61.611,4,96,1,63.3,3.8,-12.9,-6.8,-28.8,-2.8,6.6,50.8,25.3,100,0,31599.94,39.2,23.8,0,0,2.111,1.689,0.0,0.0,0.0,1,1,4,89,11,2,-432.797,5.778,-4,0
2024-11-16 12:32:42.815541,c29e8acf-b238-41e4-bb2b-bbd82fc4726e,KXHIGHNY-24NOV16-B63.5,41177.184,3,3.0,61.611,11,89,1,63.3,-0.2,-16.9,-10.8,-32.8,-6.8,6.6,50.8,25.3,100,0,31599.94,39.2,23.8,0,0,-1.889,1.689,0.0,0.0,0.0,1,1,4,89,11,2,-432.797,-3.424,-11,0
2024-11-16 12:32:48.880109,6a1558d7-bc48-4096-9238-64817fe174f5,KXHIGHNY-24NOV16-B63.5,41171.12,3,3.0,61.611,11,89,1,63.3,-0.2,-16.9,-10.8,-32.8,-6.8,6.6,50.8,25.3,100,0,31599.94,39.2,23.8,0,0,-1.889,1.689,0.0,0.0,0.0,1,1,4,89,11,2,-432.797,-3.424,-11,0
2024-11-16 12:33:14.863612,9bae9df0-d605-4c23-92d0-c4a45d169b08,KXHIGHNY-24NOV16-B63.5,41145.136,1,3.0,61.611,11,89,1,63.3,-0.2,-16.9,-10.8,-32.8,-6.8,6.6,50.8,25.3,100,0,31599.94,39.2,23.8,0,0,-1.889,1.689,0.0,0.0,0.0,1,1,4,89,11,2,-432.797,-3.423,-11,0
2024-11-16 12:33:42.886875,a3177aca-2e60-4d12-836d-8da9f93b69d1,KXHIGHNY-24NOV16-B61.5,41117.113,18,1.0,61.606,94,6,1,63.3,1.8,-14.9,-8.8,-30.8,-4.8,6.6,50.8,25.3,100,0,31599.94,39.2,23.8,0,0,0.106,1.694,0.0,0.0,0.0,1,1,4,94,11,2,-460.378,-3.03,6,1
2024-11-16 12:33:49.499536,cb51d50e-bb84-4090-bd42-56505c10b930,KXHIGHNY-24NOV16-B61.5,41110.5,203,1.0,61.611,89,11,0,63.3,1.8,-14.9,-8.8,-30.8,-4.8,6.6,50.8,25.3,100,0,31599.94,39.2,23.8,0,0,0.111,1.689,0.0,0.0,0.0,1,1,4,89,11,2,-432.797,-1.963,-11,1
2024-11-16 12:33:51.889436,03938c25-ce43-44c0-bc7c-5b4d4050b0c6,KXHIGHNY-24NOV16-B63.5,41108.111,3,3.0,61.611,11,89,1,63.3,-0.2,-16.9,-10.8,-32.8,-6.8,6.6,50.8,25.3,100,0,31599.94,39.2,23.8,0,0,-1.889,1.689,0.0,0.0,0.0,1,1,4,89,11,2,-432.797,-3.423,-11,0
2024-11-16 12:33:53.176226,ae68cb59-79bc-44c1-93db-2df848a916b5,KXHIGHNY-24NOV16-B59.5,41106.824,89,-1.0,61.611,4,96,1,63.3,3.8,-12.9,-6.8,-28.8,-2.8,6.6,50.8,25.3,100,0,31599.94,39.2,23.8,0,0,2.111,1.689,0.0,0.0,0.0,1,1,4,89,11,2,-432.797,5.817,-4,0
2024-11-16 12:33:57.790812,a61ef10c-ff20-437f-bc41-aafcd50e77f2,KXHIGHNY-24NOV16-B63.5,41102.209,12,3.0,61.611,11,89,1,63.3,-0.2,-16.9,-10.8,-32.8,-6.8,6.6,50.8,25.3,100,0,31599.94,39.2,23.8,0,0,-1.889,1.689,0.0,0.0,0.0,1,1,4,89,11,2,-432.797,-3.421,-11,0
2024-11-16 12:34:03.689109,a4fcc225-3cb1-420b-bd90-74bf3cefc7ce,KXHIGHNY-24NOV16-B63.5,41096.311,12,3.0,61.611,11,89,1,63.3,-0.2,-16.9,-10.8,-32.8,-6.8,6.6,50.8,25.3,100,0,31599.94,39.2,23.8,0,0,-1.889,1.689,0.0,0.0,0.0,1,1,4,89,11,2,-432.797,-3.42,-11,0
2024-11-16 12:34:11.768466,07c6190f-162d-41f8-888f-7154770c710a,KXHIGHNY-24NOV16-B63.5,41088.232,12,3.0,61.611,11,89,1,63.3,-0.2,-16.9,-10.8,-32.8,-6.8,6.6,50.8,25.3,100,0,31599.94,39.2,23.8,0,0,-1.889,1.689,0.0,0.0,0.0,1,1,4,89,11,2,-432.797,-3.414,-11,0
2024-11-16 12:34:16.318540,a32377ff-eaa0-44d3-8168-a627d9292b9e,KXHIGHNY-24NOV16-B63.5,41083.681,12,3.0,61.611,11,89,1,63.3,-0.2,-16.9,-10.8,-32.8,-6.8,6.6,50.8,25.3,100,0,31599.94,39.2,23.8,0,0,-1.889,1.689,0.0,0.0,0.0,1,1,4,89,11,2,-432.797,-3.414,-11,0
2024-11-16 12:34:20.803803,108006c9-93ee-4b23-80d0-49bf160e5263,KXHIGHNY-24NOV16-B63.5,41079.196,12,3.0,61.611,11,89,1,63.3,-0.2,-16.9,-10.8,-32.8,-6.8,6.6,50.8,25.3,100,0,31599.94,39.2,23.8,0,0,-1.889,1.689,0.0,0.0,0.0,1,1,4,89,11,2,-432.797,-3.413,-11,0
2024-11-16 12:34:21.557345,523de5e4-f54a-414d-87f1-68b19d46db23,KXHIGHNY-24NOV16-B61.5,41078.443,168,1.0,61.611,89,11,0,63.3,1.8,-14.9,-8.8,-30.8,-4.8,6.6,50.8,25.3,100,0,31599.94,39.2,23.8,0,0,0.111,1.689,0.0,0.0,0.0,1,1,4,89,11,2,-432.797,-1.956,-11,1
2024-11-16 12:34:21.557345,ddf01f54-eb08-434c-96ae-907ff691e418,KXHIGHNY-24NOV16-B61.5,41078.443,183,1.0,61.613,87,13,0,63.3,1.8,-14.9,-8.8,-30.8,-4.8,6.6,50.8,25.3,100,0,31599.94,39.2,23.8,0,0,0.113,1.687,0.0,0.0,0.0,1,1,4,87,11,2,-421.842,-3.952,-13,1
2024-11-16 12:34:21.557345,b5e2c1f0-0344-4d0e-8ba9-49a0201c5bca,KXHIGHNY-24NOV16-B61.5,41078.443,1,1.0,61.611,89,11,0,63.3,1.8,-14.9,-8.8,-30.8,-4.8,6.6,50.8,25.3,100,0,31599.94,39.2,23.8,0,0,0.111,1.689,0.0,0.0,0.0,1,1,4,89,11,2,-432.797,-1.955,-11,1
2024-11-16 12:34:46.284615,41c14e34-deee-4ce5-9231-ff02b8ad3c53,KXHIGHNY-24NOV16-B63.5,41053.715,19,3.0,61.519,6,94,0,63.3,-0.2,-16.9,-10.8,-32.8,-6.8,6.6,50.8,25.3,100,0,31599.94,39.2,23.8,0,0,-1.981,1.781,0.0,0.0,0.0,1,1,4,89,6,2,-417.171,-1.593,6,0
2024-11-16 12:34:49.919189,c7185955-ce81-46c8-8c6a-ace3662b1b53,KXHIGHNY-24NOV16-B63.5,41050.081,29,3.0,61.611,11,89,1,63.3,-0.2,-16.9,-10.8,-32.8,-6.8,6.6,50.8,25.3,100,0,31599.94,39.2,23.8,0,0,-1.889,1.689,0.0,0.0,0.0,1,1,4,89,11,2,-432.797,-3.406,-11,0
2024-11-16 12:35:00.460399,b7567632-04c6-4960-bab5-bb3331903644,KXHIGHNY-24NOV16-B61.5,41039.54,3,1.0,61.613,87,13,0,63.3,1.8,-14.9,-8.8,-30.8,-4.8,6.6,50.8,25.3,100,0,31599.94,39.2,23.8,0,0,0.113,1.687,0.0,0.0,0.0,1,1,4,87,11,2,-421.842,-3.947,-13,1
2024-11-16 12:35:05.822871,6015f20d-87d2-4d72-af14-7a3741bdff8d,KXHIGHNY-24NOV16-B63.5,41034.177,1,3.0,61.52,6,94,0,63.3,-0.2,-16.9,-10.8,-32.8,-6.8,6.6,50.8,25.3,100,0,31599.94,39.2,23.8,0,0,-1.98,1.78,0.0,0.0,0.0,1,1,4,87,6,2,-406.216,-1.595,6,0
2024-11-16 12:35:08.413790,a154924d-8546-4ab5-b680-f6097434ff32,KXHIGHNY-24NOV16-B63.5,41031.586,1,3.0,61.613,11,89,1,63.3,-0.2,-16.9,-10.8,-32.8,-6.8,6.6,50.8,25.3,100,0,31599.94,39.2,23.8,0,0,-1.887,1.687,0.0,0.0,0.0,1,1,4,87,11,2,-421.842,-3.403,-11,0
2024-11-16 12:35:12.421393,1a9389eb-066e-4c5d-93f8-e2f9931b957e,KXHIGHNY-24NOV16-B63.5,41027.579,10,3.0,61.52,6,94,0,63.3,-0.2,-16.9,-10.8,-32.8,-6.8,6.6,50.8,25.3,100,0,31599.94,39.2,23.8,0,0,-1.98,1.78,0.0,0.0,0.0,1,1,4,87,6,2,-406.216,-1.6,6,0
2024-11-16 12:35:18.346418,baa48111-c19b-4c6b-a4d4-f85e21e6abed,KXHIGHNY-24NOV16-B63.5,41021.654,3,3.0,61.613,11,89,1,63.3,-0.2,-16.9,-10.8,-32.8,-6.8,6.6,50.8,25.3,100,0,31599.94,39.2,23.8,0,0,-1.887,1.687,0.0,0.0,0.0,1,1,4,87,11,2,-421.842,-3.4,-11,0
2024-11-16 12:35:20.001705,572dc5e6-81a1-40b2-9332-522ec3edce30,KXHIGHNY-24NOV16-B63.5,41019.998,30,3.0,61.52,6,94,0,63.3,-0.2,-16.9,-10.8,-32.8,-6.8,6.6,50.8,25.3,100,0,31599.94,39.2,23.8,0,0,-1.98,1.78,0.0,0.0,0.0,1,1,4,87,6,2,-406.216,-1.601,6,0
2024-11-16 12:35:24.956632,28dd85a7-84d2-49c2-9a2d-1d34021c631c,KXHIGHNY-24NOV16-B59.5,41015.043,8,-1.0,61.52,4,96,1,63.3,3.8,-12.9,-6.8,-28.8,-2.8,6.6,50.8,25.3,100,0,31599.94,39.2,23.8,0,0,2.02,1.78,0.0,0.0,0.0,1,1,4,87,6,2,-406.216,5.857,-4,0
2024-11-16 12:35:42.849132,481cad9c-865d-400d-ace5-65ef011256fa,KXHIGHNY-24NOV16-B63.5,40997.151,12,3.0,61.613,11,89,1,63.3,-0.2,-16.9,-10.8,-32.8,-6.8,6.6,50.8,25.3,100,0,31599.94,39.2,23.8,0,0,-1.887,1.687,0.0,0.0,0.0,1,1,4,87,11,2,-421.842,-3.398,-11,0
2024-11-16 12:36:24.417062,fff12569-9d47-4d58-8285-576d09c94868,KXHIGHNY-24NOV16-B61.5,40955.583,1,1.0,61.607,93,7,1,63.3,1.8,-14.9,-8.8,-30.8,-4.8,6.6,50.8,25.3,100,0,31599.94,39.2,23.8,0,0,0.107,1.693,0.0,0.0,0.0,1,1,4,93,11,2,-454.84,-2.066,7,1
2024-11-16 12:36:28.406174,c70fe7c3-831d-4f2d-8ba1-a959f3758abd,KXHIGHNY-24NOV16-B61.5,40951.594,6,1.0,61.607,93,7,1,63.3,1.8,-14.9,-8.8,-30.8,-4.8,6.6,50.8,25.3,100,0,31599.94,39.2,23.8,0,0,0.107,1.693,0.0,0.0,0.0,1,1,4,93,11,2,-454.84,-2.072,7,1
2024-11-16 12:36:43.917217,1e3a3f02-7b46-4b0d-b0e0-4da226058566,KXHIGHNY-24NOV16-B63.5,40936.083,12,3.0,61.607,11,89,1,63.3,-0.2,-16.9,-10.8,-32.8,-6.8,6.6,50.8,25.3,100,0,31599.94,39.2,23.8,0,0,-1.893,1.693,0.0,0.0,0.0,1,1,4,93,11,2,-454.84,-3.398,-11,0
2024-11-16 12:36:48.424033,9cefa7d6-5540-47b9-84ea-e983d3f3bf2d,KXHIGHNY-24NOV16-B63.5,40931.576,12,3.0,61.607,11,89,1,63.3,-0.2,-16.9,-10.8,-32.8,-6.8,6.6,50.8,25.3,100,0,31599.94,39.2,23.8,0,0,-1.893,1.693,0.0,0.0,0.0,1,1,4,93,11,2,-454.84,-3.397,-11,0
2024-11-16 12:36:59.818172,95f67b4b-7d15-460e-98cc-aa916eb9992e,KXHIGHNY-24NOV16-B63.5,40920.182,32,3.0,61.519,6,94,0,63.3,-0.2,-16.9,-10.8,-32.8,-6.8,6.6,50.8,25.3,100,0,31599.94,39.2,23.8,0,0,-1.981,1.781,0.0,0.0,0.0,1,1,4,93,6,2,-439.214,-1.604,6,0
2024-11-16 12:36:59.818172,2d93be9a-a6e2-4f81-8e97-e38c9e874495,KXHIGHNY-24NOV16-B63.5,40920.182,50,3.0,61.537,7,93,0,63.3,-0.2,-16.9,-10.8,-32.8,-6.8,6.6,50.8,25.3,100,0,31599.94,39.2,23.8,0,0,-1.963,1.763,0.0,0.0,0.0,1,1,4,93,7,2,-442.085,-0.603,7,0
2024-11-16 12:37:14.625820,2c44ee21-259f-4516-afe0-ecaca426847d,KXHIGHNY-24NOV16-B63.5,40905.374,36,3.0,61.607,11,89,1,63.3,-0.2,-16.9,-10.8,-32.8,-6.8,6.6,50.8,25.3,100,0,31599.94,39.2,23.8,0,0,-1.893,1.693,0.0,0.0,0.0,1,1,4,93,11,2,-454.84,-3.392,-11,0
2024-11-16 12:37:25.301411,b3a57e1b-0b29-4747-b641-ed489e181b4c,KXHIGHNY-24NOV16-B59.5,40894.699,1,-1.0,61.645,2,98,0,63.3,3.8,-12.9,-6.8,-28.8,-2.8,6.6,50.8,25.3,100,0,31599.94,39.2,23.8,0,0,2.145,1.655,0.0,0.0,0.0,1,1,2,93,11,2,-450.681,-7.869,2,0
2024-11-16 12:37:36.176212,deffcd61-5cea-4af7-ad94-cdae68516b5d,KXHIGHNY-24NOV16-B63.5,40883.824,3,3.0,61.645,11,89,1,63.3,-0.2,-16.9,-10.8,-32.8,-6.8,6.6,50.8,25.3,100,0,31599.94,39.2,23.8,0,0,-1.855,1.655,0.0,0.0,0.0,1,1,2,93,11,2,-450.681,-3.39,-11,0
2024-11-16 12:37:41.185985,69e3bdd0-ebd0-44e2-8a2d-8b9b03b92e6c,KXHIGHNY-24NOV16-B63.5,40878.814,12,3.0,61.645,11,89,1,63.3,-0.2,-16.9,-10.8,-32.8,-6.8,6.6,50.8,25.3,100,0,31599.94,39.2,23.8,0,0,-1.855,1.655,0.0,0.0,0.0,1,1,2,93,11,2,-450.681,-3.389,-11,0
2024-11-16 12:37:46.038589,c8f6fd15-03f5-4ea7-b0dd-2c7b2a07bb94,KXHIGHNY-24NOV16-B63.5,40873.961,12,3.0,61.645,11,89,1,63.3,-0.2,-16.9,-10.8,-32.8,-6.8,6.6,50.8,25.3,100,0,31599.94,39.2,23.8,0,0,-1.855,1.655,0.0,0.0,0.0,1,1,2,93,11,2,-450.681,-3.387,-11,0
2024-11-16 12:37:53.206742,77e78d9f-350d-475d-910c-4648b1957515,KXHIGHNY-24NOV16-B63.5,40866.793,1,3.0,61.645,11,89,1,63.3,-0.2,-16.9,-10.8,-32.8,-6.8,6.6,50.8,25.3,100,0,31599.94,39.2,23.8,0,0,-1.855,1.655,0.0,0.0,0.0,1,1,2,93,11,2,-450.681,-3.385,-11,0
2024-11-16 12:38:43.129364,c8480105-19d1-4970-81ac-29b1e855d2f3,KXHIGHNY-24NOV16-B63.5,40816.871,10,3.0,61.575,7,93,0,63.3,-0.2,-16.9,-10.8,-32.8,-6.8,6.6,50.8,25.3,100,0,31599.94,39.2,23.8,0,0,-1.925,1.725,0.0,0.0,0.0,1,1,2,93,7,2,-437.926,-0.617,7,0
2024-11-16 12:38:43.532003,713f643c-31ce-4bc4-b43a-b9b560494979,KXHIGHNY-24NOV16-B63.5,40816.468,3,3.0,61.645,11,89,1,63.3,-0.2,-16.9,-10.8,-32.8,-6.8,6.6,50.8,25.3,100,0,31599.94,39.2,23.8,0,0,-1.855,1.655,0.0,0.0,0.0,1,1,2,93,11,2,-450.681,-3.383,-11,0
2024-11-16 12:38:48.735089,8fc1d8da-892a-4d7f-874d-3757128d6ce6,KXHIGHNY-24NOV16-B63.5,40811.265,3,3.0,61.645,11,89,1,63.3,-0.2,-16.9,-10.8,-32.8,-6.8,6.6,50.8,25.3,100,0,31599.94,39.2,23.8,0,0,-1.855,1.655,0.0,0.0,0.0,1,1,2,93,11,2,-450.681,-3.377,-11,0
2024-11-16 12:38:59.422387,fea7bf56-e53d-4422-bb72-43940676b518,KXHIGHNY-24NOV16-B63.5,40800.578,3,3.0,61.645,11,89,1,63.3,-0.2,-16.9,-10.8,-32.8,-6.8,6.6,50.8,25.3,100,0,31599.94,39.2,23.8,0,0,-1.855,1.655,0.0,0.0,0.0,1,1,2,93,11,2,-450.681,-3.376,-11,0
2024-11-16 12:39:04.836542,f7fe2c75-7a03-44c5-8ff4-35f88ec1f814,KXHIGHNY-24NOV16-B63.5,40795.163,3,3.0,61.645,11,89,1,63.3,-0.2,-16.9,-10.8,-32.8,-6.8,6.6,50.8,25.3,100,0,31599.94,39.2,23.8,0,0,-1.855,1.655,0.0,0.0,0.0,1,1,2,93,11,2,-450.681,-3.376,-11,0
2024-11-16 12:39:10.548745,5dca85ed-fe0b-4f1b-af8f-593aef8b7e4e,KXHIGHNY-24NOV16-B63.5,40789.451,1,3.0,61.645,11,89,1,63.3,-0.2,-16.9,-10.8,-32.8,-6.8,6.6,50.8,25.3,100,0,31599.94,39.2,23.8,0,0,-1.855,1.655,0.0,0.0,0.0,1,1,2,93,11,2,-450.681,-3.376,-11,0
2024-11-16 12:39:14.704230,65e63f05-2fe5-409b-b0ec-d0ff421be660,KXHIGHNY-24NOV16-B63.5,40785.296,1,3.0,61.645,11,89,1,63.3,-0.2,-16.9,-10.8,-32.8,-6.8,6.6,50.8,25.3,100,0,31599.94,39.2,23.8,0,0,-1.855,1.655,0.0,0.0,0.0,1,1,2,93,11,2,-450.681,-3.376,-11,0
2024-11-16 12:39:17.361509,7871361d-1677-42fc-bbca-1aa8ada57d1d,KXHIGHNY-24NOV16-B63.5,40782.638,1,3.0,61.575,7,93,0,63.3,-0.2,-16.9,-10.8,-32.8,-6.8,6.6,50.8,25.3,100,0,31599.94,39.2,23.8,0,0,-1.925,1.725,0.0,0.0,0.0,1,1,2,93,7,2,-437.926,-0.624,7,0
2024-11-16 12:39:27.068332,e9c08dc6-8f21-4a81-bf72-f7671a818438,KXHIGHNY-24NOV16-B63.5,40772.932,3,3.0,61.645,11,89,1,63.3,-0.2,-16.9,-10.8,-32.8,-6.8,6.6,50.8,25.3,100,0,31599.94,39.2,23.8,0,0,-1.855,1.655,0.0,0.0,0.0,1,1,2,93,11,2,-450.681,-3.375,-11,0
2024-11-16 12:39:49.527677,31f06858-fc3e-4a66-99db-0a514b5aa8a3,KXHIGHNY-24NOV16-B61.5,40750.472,51,1.0,61.645,93,7,1,63.3,1.8,-14.9,-8.8,-30.8,-4.8,6.6,50.8,25.3,100,0,31599.94,39.2,23.8,0,0,0.145,1.655,0.0,0.0,0.0,1,1,2,93,11,2,-450.681,-2.078,7,1
2024-11-16 12:39:49.527677,ea3237bc-6f08-4c9f-8892-8f4053b5498c,KXHIGHNY-24NOV16-B61.5,40750.472,2,1.0,61.647,92,8,1,63.3,1.8,-14.9,-8.8,-30.8,-4.8,6.6,50.8,25.3,100,0,31599.94,39.2,23.8,0,0,0.147,1.653,0.0,0.0,0.0,1,1,2,92,11,2,-445.154,-1.111,8,1
2024-11-16 12:39:49.527677,83c26752-5a35-49c6-8c48-92c5ae89b6dc,KXHIGHNY-24NOV16-B61.5,40750.472,32,1.0,61.644,94,6,1,63.3,1.8,-14.9,-8.8,-30.8,-4.8,6.6,50.8,25.3,100,0,31599.94,39.2,23.8,0,0,0.144,1.656,0.0,0.0,0.0,1,1,2,94,11,2,-456.219,-3.106,6,1
2024-11-16 12:40:38.050438,db42deee-7b97-4d23-8df1-90e4a3595895,KXHIGHNY-24NOV16-B63.5,40701.95,30,3.0,61.645,11,89,1,63.3,-0.2,-16.9,-10.8,-32.8,-6.8,6.6,50.8,25.3,100,0,31599.94,39.2,23.8,0,0,-1.855,1.655,0.0,0.0,0.0,1,1,2,93,11,2,-450.681,-3.373,-11,0
2024-11-16 12:40:38.116741,dcda856d-751b-4857-9210-14c6effd81d8,KXHIGHNY-24NOV16-B59.5,40701.883,14,-1.0,61.645,2,98,0,63.3,3.8,-12.9,-6.8,-28.8,-2.8,6.6,50.8,25.3,100,0,31599.94,39.2,23.8,0,0,2.145,1.655,0.0,0.0,0.0,1,1,2,93,11,2,-450.681,-7.903,2,0
2024-11-16 12:40:38.117046,d7132800-4e5b-4182-aa58-53d001be6677,KXHIGHNY-24NOV16-B61.5,40701.883,14,1.0,61.651,89,11,0,63.3,1.8,-14.9,-8.8,-30.8,-4.8,6.6,50.8,25.3,100,0,31599.94,39.2,23.8,0,0,0.151,1.649,0.0,0.0,0.0,1,1,2,89,11,2,-428.638,-1.865,-11,1
2024-11-16 12:40:38.119775,281eb76b-3b3e-40c5-bc25-1dc9ea08d23a,KXHIGHNY-24NOV16-B63.5,40701.88,14,3.0,61.651,11,89,0,63.3,-0.2,-16.9,-10.8,-32.8,-6.8,6.6,50.8,25.3,100,0,31599.94,39.2,23.8,0,0,-1.849,1.649,0.0,0.0,0.0,1,1,2,89,11,2,-428.638,3.373,11,0
2024-11-16 12:40:43.318917,c88e07bf-c615-4d01-8ca2-613df0a142df,KXHIGHNY-24NOV16-B63.5,40696.681,85,3.0,61.651,11,89,0,63.3,-0.2,-16.9,-10.8,-32.8,-6.8,6.6,50.8,25.3,100,0,31599.94,39.2,23.8,0,0,-1.849,1.649,0.0,0.0,0.0,1,1,2,89,11,2,-428.638,3.372,11,0
2024-11-16 12:41:03.682123,350e71f3-37c7-473d-8300-897b41854852,KXHIGHNY-24NOV16-B61.5,40676.318,1,1.0,61.643,95,5,1,63.3,1.8,-14.9,-8.8,-30.8,-4.8,6.6,50.8,25.3,100,0,31599.94,39.2,23.8,0,0,0.143,1.657,0.0,0.0,0.0,1,1,2,95,11,2,-461.768,-4.147,5,1
2024-11-16 12:41:07.957672,ac5d5df3-e704-4c5c-bf16-58971971a47f,KXHIGHNY-24NOV16-B61.5,40672.042,15,1.0,61.652,88,12,0,63.3,1.8,-14.9,-8.8,-30.8,-4.8,6.6,50.8,25.3,100,0,31599.94,39.2,23.8,0,0,0.152,1.648,0.0,0.0,0.0,1,1,2,88,11,2,-423.155,-2.823,-12,1
2024-11-16 12:41:11.776741,7bbe7113-4130-4a91-86c7-ec675dbc5d1d,KXHIGHNY-24NOV16-B63.5,40668.223,1,3.0,61.67,12,88,1,63.3,-0.2,-16.9,-10.8,-32.8,-6.8,6.6,50.8,25.3,100,0,31599.94,39.2,23.8,0,0,-1.83,1.63,0.0,0.0,0.0,1,1,2,88,12,2,-426.597,-4.372,-12,0
2024-11-16 12:41:15.725965,ea6f6d47-ae08-41a3-ae88-864665104587,KXHIGHNY-24NOV16-B63.5,40664.274,151,3.0,61.67,12,88,1,63.3,-0.2,-16.9,-10.8,-32.8,-6.8,6.6,50.8,25.3,100,0,31599.94,39.2,23.8,0,0,-1.83,1.63,0.0,0.0,0.0,1,1,2,88,12,2,-426.597,-4.372,-12,0
2024-11-16 12:41:15.793609,4fb24d07-347f-4385-b931-3bedd3bd571f,KXHIGHNY-24NOV16-B61.5,40664.206,11,1.0,61.67,88,12,0,63.3,1.8,-14.9,-8.8,-30.8,-4.8,6.6,50.8,25.3,100,0,31599.94,39.2,23.8,0,0,0.17,1.63,0.0,0.0,0.0,1,1,2,88,12,2,-426.597,-2.823,-12,1
2024-11-16 12:41:15.795499,42e9faf5-5256-4265-a423-bd77d3b68293,KXHIGHNY-24NOV16-B63.5,40664.205,11,3.0,61.67,12,88,0,63.3,-0.2,-16.9,-10.8,-32.8,-6.8,6.6,50.8,25.3,100,0,31599.94,39.2,23.8,0,0,-1.83,1.63,0.0,0.0,0.0,1,1,2,88,12,2,-426.597,4.367,12,0
2024-11-16 12:41:15.795679,5ab9569e-cf19-4b0a-a1e5-bbf7864b4eae,KXHIGHNY-24NOV16-B59.5,40664.204,11,-1.0,61.67,2,98,0,63.3,3.8,-12.9,-6.8,-28.8,-2.8,6.6,50.8,25.3,100,0,31599.94,39.2,23.8,0,0,2.17,1.63,0.0,0.0,0.0,1,1,2,88,12,2,-426.597,-7.912,2,0
2024-11-16 12:41:29.107100,f1be2dc9-0347-49b3-ad6a-ee4ca15c8d01,KXHIGHNY-24NOV16-B63.5,40650.893,38,3.0,61.67,12,88,0,63.3,-0.2,-16.9,-10.8,-32.8,-6.8,6.6,50.8,25.3,100,0,31599.94,39.2,23.8,0,0,-1.83,1.63,0.0,0.0,0.0,1,1,2,88,12,2,-426.597,4.366,12,0
2024-11-16 12:41:29.107100,6051b261-e25c-445c-a67b-3257f4479863,KXHIGHNY-24NOV16-B63.5,40650.893,18,3.0,61.652,11,89,0,63.3,-0.2,-16.9,-10.8,-32.8,-6.8,6.6,50.8,25.3,100,0,31599.94,39.2,23.8,0,0,-1.848,1.648,0.0,0.0,0.0,1,1,2,88,11,2,-423.155,3.366,11,0
2024-11-16 12:41:34.364111,7ab063ed-4a3d-4f8e-b863-fe7d5ff66d02,KXHIGHNY-24NOV16-B63.5,40645.636,2000,3.0,61.54,5,95,0,63.3,-0.2,-16.9,-10.8,-32.8,-6.8,6.6,50.8,25.3,100,0,31599.94,39.2,23.8,0,0,-1.96,1.76,0.0,0.0,0.0,1,1,2,88,5,2,-404.825,-2.64,5,0
2024-11-16 12:41:34.364111,c5d04873-e47f-41b6-8a6f-bda2b98c0df8,KXHIGHNY-24NOV16-B63.5,40645.636,989,3.0,61.579,7,93,0,63.3,-0.2,-16.9,-10.8,-32.8,-6.8,6.6,50.8,25.3,100,0,31599.94,39.2,23.8,0,0,-1.921,1.721,0.0,0.0,0.0,1,1,2,88,7,2,-410.4,-0.64,7,0
2024-11-16 12:41:34.364111,2368c066-8299-4c89-8f58-7da180149b3e,KXHIGHNY-24NOV16-B63.5,40645.636,908,3.0,61.56,6,94,0,63.3,-0.2,-16.9,-10.8,-32.8,-6.8,6.6,50.8,25.3,100,0,31599.94,39.2,23.8,0,0,-1.94,1.74,0.0,0.0,0.0,1,1,2,88,6,2,-407.529,-1.64,6,0
2024-11-16 12:41:34.364111,d7aef57a-b76e-4d19-86fe-39c48a048a0d,KXHIGHNY-24NOV16-B63.5,40645.636,159,3.0,61.54,5,95,0,63.3,-0.2,-16.9,-10.8,-32.8,-6.8,6.6,50.8,25.3,100,0,31599.94,39.2,23.8,0,0,-1.96,1.76,0.0,0.0,0.0,1,1,2,88,5,2,-404.825,-2.64,5,0
2024-11-16 12:41:34.364111,c66d8ad7-7442-4742-8c64-f6f8eebe82d6,KXHIGHNY-24NOV16-B63.5,40645.636,200,3.0,61.598,8,92,0,63.3,-0.2,-16.9,-10.8,-32.8,-6.8,6.6,50.8,25.3,100,0,31599.94,39.2,23.8,0,0,-1.902,1.702,0.0,0.0,0.0,1,1,2,88,8,2,-413.414,0.36,8,0
2024-11-16 12:41:34.364111,00fd14ee-a7c9-4cc7-99ad-156abaa7959c,KXHIGHNY-24NOV16-B63.5,40645.636,92,3.0,61.652,11,89,0,63.3,-0.2,-16.9,-10.8,-32.8,-6.8,6.6,50.8,25.3,100,0,31599.94,39.2,23.8,0,0,-1.848,1.648,0.0,0.0,0.0,1,1,2,88,11,2,-423.155,3.364,11,0
2024-11-16 12:41:45.573659,3ff18c22-df05-43d5-a006-ff0d766a47c7,KXHIGHNY-24NOV16-B63.5,40634.426,100,3.0,61.54,5,95,1,63.3,-0.2,-16.9,-10.8,-32.8,-6.8,6.6,50.8,25.3,100,0,31599.94,39.2,23.8,0,0,-1.96,1.76,0.0,0.0,0.0,1,1,2,88,5,2,-404.825,2.644,-5,0
2024-11-16 12:41:49.165697,fea58c52-e271-4476-962d-bb92ac2d2fbd,KXHIGHNY-24NOV16-B63.5,40630.834,37,3.0,61.54,5,95,1,63.3,-0.2,-16.9,-10.8,-32.8,-6.8,6.6,50.8,25.3,100,0,31599.94,39.2,23.8,0,0,-1.96,1.76,0.0,0.0,0.0,1,1,2,88,5,2,-404.825,2.645,-5,0
2024-11-16 12:41:50.296024,830383d0-53c0-4192-b647-55562491ec36,KXHIGHNY-24NOV16-B63.5,40629.704,3,3.0,61.54,5,95,1,63.3,-0.2,-16.9,-10.8,-32.8,-6.8,6.6,50.8,25.3,100,0,31599.94,39.2,23.8,0,0,-1.96,1.76,0.0,0.0,0.0,1,1,2,88,5,2,-404.825,2.645,-5,0
2024-11-16 12:41:55.980411,571c8e40-5ebb-4574-a43f-0fe6e45e4b78,KXHIGHNY-24NOV16-B63.5,40624.02,1,3.0,61.54,5,95,1,63.3,-0.2,-16.9,-10.8,-32.8,-6.8,6.6,50.8,25.3,100,0,31599.94,39.2,23.8,0,0,-1.96,1.76,0.0,0.0,0.0,1,1,2,88,5,2,-404.825,2.645,-5,0
2024-11-16 12:41:57.713452,ec575331-484a-4e0d-949b-30265eaeac57,KXHIGHNY-24NOV16-B63.5,40622.287,200,3.0,61.54,5,95,1,63.3,-0.2,-16.9,-10.8,-32.8,-6.8,6.6,50.8,25.3,100,0,31599.94,39.2,23.8,0,0,-1.96,1.76,0.0,0.0,0.0,1,1,2,88,5,2,-404.825,2.645,-5,0
2024-11-16 12:42:06.298447,fb34adaa-0dbd-4e0e-ba76-92e0958a1ac3,KXHIGHNY-24NOV16-B63.5,40613.702,311,3.0,61.54,5,95,1,63.3,-0.2,-16.9,-10.8,-32.8,-6.8,6.6,50.8,25.3,100,0,31599.94,39.2,23.8,0,0,-1.96,1.76,0.0,0.0,0.0,1,1,2,88,5,2,-404.825,2.645,-5,0
2024-11-16 12:42:10.173147,71b3b520-2402-4e97-a49f-13554f27fce3,KXHIGHNY-24NOV16-B59.5,40609.827,3,-1.0,61.52,3,97,1,63.3,3.8,-12.9,-6.8,-28.8,-2.8,6.6,50.8,25.3,100,0,31599.94,39.2,23.8,0,0,2.02,1.78,0.0,0.0,0.0,1,1,3,88,5,2,-406.735,6.919,-3,0
2024-11-16 12:42:13.524895,18af80e7-72cc-4896-9074-126d1a14c4c3,KXHIGHNY-24NOV16-B61.5,40606.475,1,1.0,61.519,95,5,1,63.3,1.8,-14.9,-8.8,-30.8,-4.8,6.6,50.8,25.3,100,0,31599.94,39.2,23.8,0,0,0.019,1.781,0.0,0.0,0.0,1,1,3,95,5,2,-445.348,-4.177,5,1
2024-11-16 12:42:20.288048,93ef29f3-3a9d-4c3f-9d5c-ab5ef84e5581,KXHIGHNY-24NOV16-B63.5,40599.712,36,3.0,61.64,12,88,1,63.3,-0.2,-16.9,-10.8,-32.8,-6.8,6.6,50.8,25.3,100,0,31599.94,39.2,23.8,0,0,-1.86,1.66,0.0,0.0,0.0,1,1,3,95,12,2,-467.119,-4.354,-12,0
2024-11-16 12:42:54.978927,188d9362-fc8a-4e04-b185-927d9e7ef605,KXHIGHNY-24NOV16-B63.5,40565.021,3,3.0,61.64,12,88,1,63.3,-0.2,-16.9,-10.8,-32.8,-6.8,6.6,50.8,25.3,100,0,31599.94,39.2,23.8,0,0,-1.86,1.66,0.0,0.0,0.0,1,1,3,95,12,2,-467.119,-4.354,-12,0
2024-11-16 12:42:59.674521,07bc3ab9-3e9d-4f7f-98d9-729bc6015eeb,KXHIGHNY-24NOV16-B63.5,40560.325,12,3.0,61.64,12,88,1,63.3,-0.2,-16.9,-10.8,-32.8,-6.8,6.6,50.8,25.3,100,0,31599.94,39.2,23.8,0,0,-1.86,1.66,0.0,0.0,0.0,1,1,3,95,12,2,-467.119,-4.343,-12,0
2024-11-16 12:43:21.581897,3c75ca02-d1d7-4990-9f73-e4a0438f8e80,KXHIGHNY-24NOV16-B61.5,40538.418,9,1.0,61.643,93,7,1,63.3,1.8,-14.9,-8.8,-30.8,-4.8,6.6,50.8,25.3,100,0,31599.94,39.2,23.8,0,0,0.143,1.657,0.0,0.0,0.0,1,1,3,93,12,2,-456.033,-2.195,7,1
2024-11-16 12:43:23.704735,abed1656-daab-4343-9ee5-c6c90c47f04b,KXHIGHNY-24NOV16-B61.5,40536.295,15,1.0,61.65,88,12,0,63.3,1.8,-14.9,-8.8,-30.8,-4.8,6.6,50.8,25.3,100,0,31599.94,39.2,23.8,0,0,0.15,1.65,0.0,0.0,0.0,1,1,3,88,12,2,-428.507,-2.744,-12,1
2024-11-16 12:43:23.704735,081f201a-d78d-4e28-8cb8-558bfe659ab0,KXHIGHNY-24NOV16-B61.5,40536.295,35,1.0,61.65,88,12,0,63.3,1.8,-14.9,-8.8,-30.8,-4.8,6.6,50.8,25.3,100,0,31599.94,39.2,23.8,0,0,0.15,1.65,0.0,0.0,0.0,1,1,3,88,12,2,-428.507,-2.78,-12,1
2024-11-16 12:44:14.688668,6af99b60-0a00-4790-a03c-a04dcaf5f173,KXHIGHNY-24NOV16-B63.5,40485.311,3,3.0,61.683,14,86,1,63.3,-0.2,-16.9,-10.8,-32.8,-6.8,6.6,50.8,25.3,100,0,31599.94,39.2,23.8,0,0,-1.817,1.617,0.0,0.0,0.0,1,1,3,88,14,2,-435.635,-6.342,-14,0
2024-11-16 12:44:43.703216,e6f51d8a-5011-4667-ae94-d32ea82ff9b0,KXHIGHNY-24NOV16-B63.5,40456.297,12,3.0,61.65,12,88,1,63.3,-0.2,-16.9,-10.8,-32.8,-6.8,6.6,50.8,25.3,100,0,31599.94,39.2,23.8,0,0,-1.85,1.65,0.0,0.0,0.0,1,1,3,88,12,2,-428.507,-4.342,-12,0
2024-11-16 12:44:56.148813,dbf7d36d-f675-4c7d-bc01-d08475efac57,KXHIGHNY-24NOV16-B61.5,40443.851,1,1.0,61.644,92,8,1,63.3,1.8,-14.9,-8.8,-30.8,-4.8,6.6,50.8,25.3,100,0,31599.94,39.2,23.8,0,0,0.144,1.656,0.0,0.0,0.0,1,1,3,92,12,2,-450.506,-1.265,8,1
2024-11-16 12:44:56.148813,1ac7b276-c0b6-44db-946e-c3a11dbe6e18,KXHIGHNY-24NOV16-B61.5,40443.851,20,1.0,61.644,92,8,1,63.3,1.8,-14.9,-8.8,-30.8,-4.8,6.6,50.8,25.3,100,0,31599.94,39.2,23.8,0,0,0.144,1.656,0.0,0.0,0.0,1,1,3,92,12,2,-450.506,-1.264,8,1
2024-11-16 12:45:08.254145,8ab8de1a-4ea0-4f60-bc2a-4f205a76adcb,KXHIGHNY-24NOV16-B63.5,40431.746,1,3.0,61.519,5,95,0,63.3,-0.2,-16.9,-10.8,-32.8,-6.8,6.6,50.8,25.3,100,0,31599.94,39.2,23.8,0,0,-1.981,1.781,0.0,0.0,0.0,1,1,3,92,5,2,-428.734,-2.658,5,0
2024-11-16 12:45:21.454886,f446758a-f649-46bc-a618-7c0c67a953ff,KXHIGHNY-24NOV16-B61.5,40418.545,1,1.0,61.519,92,8,1,63.3,1.8,-14.9,-8.8,-30.8,-4.8,6.6,50.8,25.3,100,0,31599.94,39.2,23.8,0,0,0.019,1.781,0.0,0.0,0.0,1,1,3,92,5,2,-428.734,-1.266,8,1
2024-11-16 12:45:32.119054,7413400d-853d-4b19-a0dc-fe0b1c0481fc,KXHIGHNY-24NOV16-B63.5,40407.881,3,3.0,61.644,12,88,1,63.3,-0.2,-16.9,-10.8,-32.8,-6.8,6.6,50.8,25.3,100,0,31599.94,39.2,23.8,0,0,-1.856,1.656,0.0,0.0,0.0,1,1,3,92,12,2,-450.506,-4.341,-12,0
2024-11-16 12:45:35.393866,efcaded9-6401-4902-947e-342cf91cb959,KXHIGHNY-24NOV16-B61.5,40404.606,50,1.0,61.644,92,8,1,63.3,1.8,-14.9,-8.8,-30.8,-4.8,6.6,50.8,25.3,100,0,31599.94,39.2,23.8,0,0,0.144,1.656,0.0,0.0,0.0,1,1,3,92,12,2,-450.506,-1.269,8,1
2024-11-16 12:45:42.249047,debded62-b88f-499c-a769-0d58d928b505,KXHIGHNY-24NOV16-B63.5,40397.751,3,3.0,61.644,12,88,1,63.3,-0.2,-16.9,-10.8,-32.8,-6.8,6.6,50.8,25.3,100,0,31599.94,39.2,23.8,0,0,-1.856,1.656,0.0,0.0,0.0,1,1,3,92,12,2,-450.506,-4.34,-12,0
2024-11-16 12:45:51.357800,9d685252-16b9-4d98-9e6c-cb87a51bf607,KXHIGHNY-24NOV16-B63.5,40388.642,78,3.0,61.644,12,88,1,63.3,-0.2,-16.9,-10.8,-32.8,-6.8,6.6,50.8,25.3,100,0,31599.94,39.2,23.8,0,0,-1.856,1.656,0.0,0.0,0.0,1,1,3,92,12,2,-450.506,-4.334,-12,0
2024-11-16 12:46:00.519224,b7647ebd-db45-44b7-9c08-645391ed7e6c,KXHIGHNY-24NOV16-B63.5,40379.481,3,3.0,61.644,12,88,1,63.3,-0.2,-16.9,-10.8,-32.8,-6.8,6.6,50.8,25.3,100,0,31599.94,39.2,23.8,0,0,-1.856,1.656,0.0,0.0,0.0,1,1,3,92,12,2,-450.506,-4.334,-12,0
2024-11-16 12:46:08.361541,4dc24e98-5842-46a5-91c0-f6da0631856c,KXHIGHNY-24NOV16-B63.5,40371.638,3,3.0,61.644,12,88,1,63.3,-0.2,-16.9,-10.8,-32.8,-6.8,6.6,50.8,25.3,100,0,31599.94,39.2,23.8,0,0,-1.856,1.656,0.0,0.0,0.0,1,1,3,92,12,2,-450.506,-4.326,-12,0
2024-11-16 12:46:16.227547,208be798-770b-4347-b389-578eb3ca047a,KXHIGHNY-24NOV16-B63.5,40363.772,3,3.0,61.644,12,88,1,63.3,-0.2,-16.9,-10.8,-32.8,-6.8,6.6,50.8,25.3,100,0,31599.94,39.2,23.8,0,0,-1.856,1.656,0.0,0.0,0.0,1,1,3,92,12,2,-450.506,-4.325,-12,0
2024-11-16 12:46:26.424173,9686cc34-b8ad-4f1e-aac6-e8ba62daf295,KXHIGHNY-24NOV16-B59.5,40353.576,71,-1.0,61.644,3,97,1,63.3,3.8,-12.9,-6.8,-28.8,-2.8,6.6,50.8,25.3,100,0,31599.94,39.2,23.8,0,0,2.144,1.656,0.0,0.0,0.0,1,1,3,92,12,2,-450.506,6.959,-3,0
2024-11-16 12:46:41.709065,ae5f01ee-b589-4364-9b96-d4c70dca0dd7,KXHIGHNY-24NOV16-B63.5,40338.291,12,3.0,61.644,12,88,1,63.3,-0.2,-16.9,-10.8,-32.8,-6.8,6.6,50.8,25.3,100,0,31599.94,39.2,23.8,0,0,-1.856,1.656,0.0,0.0,0.0,1,1,3,92,12,2,-450.506,-4.324,-12,0
2024-11-16 12:46:59.506850,c4db5536-bcc3-4cc0-b1f9-8ee76c2cc118,KXHIGHNY-24NOV16-B63.5,40320.493,3,3.0,61.627,11,89,1,63.3,-0.2,-16.9,-10.8,-32.8,-6.8,6.6,50.8,25.3,100,0,31599.94,39.2,23.8,0,0,-1.873,1.673,0.0,0.0,0.0,1,1,3,92,11,2,-447.064,-3.316,-11,0
2024-11-16 12:47:10.659331,8eb57c4d-1f3b-413e-b200-6c9a3d8deaa8,KXHIGHNY-24NOV16-B63.5,40309.341,3,3.0,61.627,11,89,1,63.3,-0.2,-16.9,-10.8,-32.8,-6.8,6.6,50.8,25.3,100,0,31599.94,39.2,23.8,0,0,-1.873,1.673,0.0,0.0,0.0,1,1,3,92,11,2,-447.064,-3.312,-11,0
2024-11-16 12:47:41.485322,1c455569-2dae-4bbf-b8a6-96dc17a936fa,KXHIGHNY-24NOV16-B63.5,40278.515,12,3.0,61.627,11,89,1,63.3,-0.2,-16.9,-10.8,-32.8,-6.8,6.6,50.8,25.3,100,0,31599.94,39.2,23.8,0,0,-1.873,1.673,0.0,0.0,0.0,1,1,3,92,11,2,-447.064,-3.312,-11,0
2024-11-16 12:47:54.837901,e731b5b8-d400-42fe-bb8f-5fd23a6bfc3e,KXHIGHNY-24NOV16-B59.5,40265.162,10,-1.0,61.647,2,98,0,63.3,3.8,-12.9,-6.8,-28.8,-2.8,6.6,50.8,25.3,100,0,31599.94,39.2,23.8,0,0,2.147,1.653,0.0,0.0,0.0,1,1,2,92,11,2,-445.154,-8.006,2,0
2024-11-16 12:47:55.931717,d1f17f42-5107-4237-9ab2-d1c10c759fee,KXHIGHNY-24NOV16-B63.5,40264.068,16,3.0,61.539,5,95,0,63.3,-0.2,-16.9,-10.8,-32.8,-6.8,6.6,50.8,25.3,100,0,31599.94,39.2,23.8,0,0,-1.961,1.761,0.0,0.0,0.0,1,1,2,92,5,2,-426.824,-2.689,5,0
2024-11-16 12:48:43.079113,b3149b9b-4864-4def-9346-6755d206b9da,KXHIGHNY-24NOV16-B61.5,40216.921,29,1.0,61.539,92,8,1,63.3,1.8,-14.9,-8.8,-30.8,-4.8,6.6,50.8,25.3,100,0,31599.94,39.2,23.8,0,0,0.039,1.761,0.0,0.0,0.0,1,1,2,92,5,2,-426.824,-1.274,8,1
2024-11-16 12:48:43.079113,660189da-32b5-43cc-bd12-6d54caf4f776,KXHIGHNY-24NOV16-B61.5,40216.921,5,1.0,61.539,92,8,1,63.3,1.8,-14.9,-8.8,-30.8,-4.8,6.6,50.8,25.3,100,0,31599.94,39.2,23.8,0,0,0.039,1.761,0.0,0.0,0.0,1,1,2,92,5,2,-426.824,-1.272,8,1
2024-11-16 12:48:57.870266,5507e9ba-e717-4ae1-bfc6-c1895ad9efd6,KXHIGHNY-24NOV16-B63.5,40202.13,1,3.0,61.63,10,90,1,63.3,-0.2,-16.9,-10.8,-32.8,-6.8,6.6,50.8,25.3,100,0,31599.94,39.2,23.8,0,0,-1.87,1.67,0.0,0.0,0.0,1,1,2,92,10,2,-441.803,-2.311,-10,0
2024-11-16 12:49:14.084170,89dd75f5-7e67-499c-b56f-98bcc51c2268,KXHIGHNY-24NOV16-B63.5,40185.916,12,3.0,61.63,10,90,1,63.3,-0.2,-16.9,-10.8,-32.8,-6.8,6.6,50.8,25.3,100,0,31599.94,39.2,23.8,0,0,-1.87,1.67,0.0,0.0,0.0,1,1,2,92,10,2,-441.803,-2.308,-10,0
2024-11-16 12:49:29.844073,e921d5ca-9150-410a-8387-e3466a0c84c2,KXHIGHNY-24NOV16-B63.5,40170.156,3,3.0,61.63,10,90,1,63.3,-0.2,-16.9,-10.8,-32.8,-6.8,6.6,50.8,25.3,100,0,31599.94,39.2,23.8,0,0,-1.87,1.67,0.0,0.0,0.0,1,1,2,92,10,2,-441.803,-2.305,-10,0
2024-11-16 12:49:35.286525,40aa000a-b4ab-4af1-a5d2-76755df03131,KXHIGHNY-24NOV16-B63.5,40164.713,3,3.0,61.63,10,90,1,63.3,-0.2,-16.9,-10.8,-32.8,-6.8,6.6,50.8,25.3,100,0,31599.94,39.2,23.8,0,0,-1.87,1.67,0.0,0.0,0.0,1,1,2,92,10,2,-441.803,-2.303,-10,0
2024-11-16 12:49:39.825285,f62a2b26-27dd-46f3-9b56-f009ff1dee42,KXHIGHNY-24NOV16-B63.5,40160.175,3,3.0,61.63,10,90,1,63.3,-0.2,-16.9,-10.8,-32.8,-6.8,6.6,50.8,25.3,100,0,31599.94,39.2,23.8,0,0,-1.87,1.67,0.0,0.0,0.0,1,1,2,92,10,2,-441.803,-2.303,-10,0
2024-11-16 12:49:47.232571,bcb68c7c-f9e2-49d2-9c14-b613439eb733,KXHIGHNY-24NOV16-B63.5,40152.767,12,3.0,61.63,10,90,1,63.3,-0.2,-16.9,-10.8,-32.8,-6.8,6.6,50.8,25.3,100,0,31599.94,39.2,23.8,0,0,-1.87,1.67,0.0,0.0,0.0,1,1,2,92,10,2,-441.803,-2.302,-10,0
2024-11-16 12:50:03.791908,b9cd7e3b-2c0d-41b7-9230-8cb3b46e219b,KXHIGHNY-24NOV16-B63.5,40136.208,3,3.0,61.63,10,90,1,63.3,-0.2,-16.9,-10.8,-32.8,-6.8,6.6,50.8,25.3,100,0,31599.94,39.2,23.8,0,0,-1.87,1.67,0.0,0.0,0.0,1,1,2,92,10,2,-441.803,-2.302,-10,0
2024-11-16 12:50:11.275345,ef474193-a591-491e-a578-cc2c0ec0f481,KXHIGHNY-24NOV16-B63.5,40128.725,2,3.0,61.539,5,95,0,63.3,-0.2,-16.9,-10.8,-32.8,-6.8,6.6,50.8,25.3,100,0,31599.94,39.2,23.8,0,0,-1.961,1.761,0.0,0.0,0.0,1,1,2,92,5,2,-426.824,-2.699,5,0
2024-11-16 12:51:50.422394,040def6b-b426-468a-9b4f-b18bef5196e2,KXHIGHNY-24NOV16-B63.5,40029.578,8,3.0,61.63,10,90,1,63.3,-0.2,-16.9,-10.8,-32.8,-6.8,6.6,50.8,25.3,100,0,31599.94,39.2,23.8,0,0,-1.87,1.67,0.0,0.0,0.0,1,1,2,92,10,2,-441.803,-2.3,-10,0
2024-11-16 12:52:51.216224,b179084b-c296-4f18-9299-389761275355,KXHIGHNY-24NOV16-B61.5,39968.784,45,1.0,61.633,89,11,0,63.3,1.8,-14.9,-8.8,-30.8,-4.8,6.6,50.8,25.3,100,0,31599.94,39.2,23.8,0,0,0.133,1.667,0.0,0.0,0.0,1,1,2,89,10,2,-425.287,-1.726,-11,1
2024-11-16 12:52:56.472884,d0965f0a-59bb-411a-907f-0e8774e5b61e,KXHIGHNY-24NOV16-B61.5,39963.527,142,1.0,61.635,88,12,0,63.3,1.8,-14.9,-8.8,-30.8,-4.8,6.6,50.8,25.3,100,0,31599.94,39.2,23.8,0,0,0.135,1.665,0.0,0.0,0.0,1,1,2,88,10,2,-419.804,-2.708,-12,1
2024-11-16 12:52:56.472884,5d0424d7-95bc-47c9-bec0-d0a5287c3bf6,KXHIGHNY-24NOV16-B61.5,39963.527,5,1.0,61.633,89,11,0,63.3,1.8,-14.9,-8.8,-30.8,-4.8,6.6,50.8,25.3,100,0,31599.94,39.2,23.8,0,0,0.133,1.667,0.0,0.0,0.0,1,1,2,89,10,2,-425.287,-1.718,-11,1
2024-11-16 12:53:08.805780,14b15a94-0841-4454-b275-6b10c7b8a7d7,KXHIGHNY-24NOV16-B59.5,39951.194,896,-1.0,61.613,3,97,1,63.3,3.8,-12.9,-6.8,-28.8,-2.8,6.6,50.8,25.3,100,0,31599.94,39.2,23.8,0,0,2.113,1.687,0.0,0.0,0.0,1,1,3,89,10,2,-427.197,7.053,-3,0
2024-11-16 12:53:41.556596,7e575b20-1ae6-4e86-83fd-24f12e4548d3,KXHIGHNY-24NOV16-B61.5,39918.443,1,1.0,61.61,92,8,1,63.3,1.8,-14.9,-8.8,-30.8,-4.8,6.6,50.8,25.3,100,0,31599.94,39.2,23.8,0,0,0.11,1.69,0.0,0.0,0.0,1,1,3,92,10,2,-443.713,-1.293,8,1
2024-11-16 12:53:53.191862,ec823f8d-a886-4f8b-b2d1-fca7077da292,KXHIGHNY-24NOV16-B59.5,39906.808,33,-1.0,61.61,3,97,1,63.3,3.8,-12.9,-6.8,-28.8,-2.8,6.6,50.8,25.3,100,0,31599.94,39.2,23.8,0,0,2.11,1.69,0.0,0.0,0.0,1,1,3,92,10,2,-443.713,7.193,-3,0
2024-11-16 12:53:53.191862,e7ba6c47-bc37-4b5a-81e1-f878a6be1d48,KXHIGHNY-24NOV16-B59.5,39906.808,1,-1.0,61.591,4,96,1,63.3,3.8,-12.9,-6.8,-28.8,-2.8,6.6,50.8,25.3,100,0,31599.94,39.2,23.8,0,0,2.091,1.709,0.0,0.0,0.0,1,1,4,92,10,2,-445.962,6.15,-4,0
2024-11-16 12:53:53.191862,8da908aa-f2d0-41fd-adf3-8dcb80e2061b,KXHIGHNY-24NOV16-B59.5,39906.808,29,-1.0,61.572,5,95,1,63.3,3.8,-12.9,-6.8,-28.8,-2.8,6.6,50.8,25.3,100,0,31599.94,39.2,23.8,0,0,2.072,1.728,0.0,0.0,0.0,1,1,5,92,10,2,-448.464,5.108,-5,0
2024-11-16 12:53:53.191862,8a7b6274-5773-426f-8d91-891f217ea1f1,KXHIGHNY-24NOV16-B59.5,39906.808,62,-1.0,61.591,4,96,1,63.3,3.8,-12.9,-6.8,-28.8,-2.8,6.6,50.8,25.3,100,0,31599.94,39.2,23.8,0,0,2.091,1.709,0.0,0.0,0.0,1,1,4,92,10,2,-445.962,6.061,-4,0
2024-11-16 12:53:55.458127,81099193-1cf3-4e5d-89ef-bf5347d6352c,KXHIGHNY-24NOV16-B59.5,39904.542,1,-1.0,61.65,1,99,0,63.3,3.8,-12.9,-6.8,-28.8,-2.8,6.6,50.8,25.3,100,0,31599.94,39.2,23.8,0,0,2.15,1.65,0.0,0.0,0.0,1,1,1,92,10,2,-440.417,-9.207,1,0
2024-11-16 12:53:58.555477,c94fdc2e-9ab5-4a76-9eb4-7f069fc53253,KXHIGHNY-24NOV16-B63.5,39901.445,12,3.0,61.667,11,89,1,63.3,-0.2,-16.9,-10.8,-32.8,-6.8,6.6,50.8,25.3,100,0,31599.94,39.2,23.8,0,0,-1.833,1.633,0.0,0.0,0.0,1,1,1,92,11,2,-443.768,-3.298,-11,0
2024-11-16 12:54:04.768662,e037c3c8-79de-4b0d-95c8-ec25ac583f76,KXHIGHNY-24NOV16-B63.5,39895.231,12,3.0,61.667,11,89,1,63.3,-0.2,-16.9,-10.8,-32.8,-6.8,6.6,50.8,25.3,100,0,31599.94,39.2,23.8,0,0,-1.833,1.633,0.0,0.0,0.0,1,1,1,92,11,2,-443.768,-3.297,-11,0
2024-11-16 12:56:17.095419,cb2df634-4ae3-4dd8-82a2-585ffa0922c3,KXHIGHNY-24NOV16-B63.5,39762.905,20,3.0,61.65,10,90,0,63.3,-0.2,-16.9,-10.8,-32.8,-6.8,6.6,50.8,25.3,100,0,31599.94,39.2,23.8,0,0,-1.85,1.65,0.0,0.0,0.0,1,1,1,92,10,2,-440.417,2.297,10,0
2024-11-16 12:56:31.611904,fb53e751-b3ac-4c73-ba60-25fd83a33302,KXHIGHNY-24NOV16-B63.5,39748.388,100,3.0,61.578,6,94,0,63.3,-0.2,-16.9,-10.8,-32.8,-6.8,6.6,50.8,25.3,100,0,31599.94,39.2,23.8,0,0,-1.922,1.722,0.0,0.0,0.0,1,1,1,92,6,2,-428.141,-1.708,6,0
2024-11-16 12:56:31.611904,bb963c71-4e90-4486-8492-056c14d3809d,KXHIGHNY-24NOV16-B63.5,39748.388,100,3.0,61.559,5,95,0,63.3,-0.2,-16.9,-10.8,-32.8,-6.8,6.6,50.8,25.3,100,0,31599.94,39.2,23.8,0,0,-1.941,1.741,0.0,0.0,0.0,1,1,1,92,5,2,-425.438,-2.705,5,0
2024-11-16 12:56:31.611904,75c93afa-bfa9-4bef-b008-f5d0cc98542b,KXHIGHNY-24NOV16-B63.5,39748.388,200,3.0,61.578,6,94,0,63.3,-0.2,-16.9,-10.8,-32.8,-6.8,6.6,50.8,25.3,100,0,31599.94,39.2,23.8,0,0,-1.922,1.722,0.0,0.0,0.0,1,1,1,92,6,2,-428.141,-1.703,6,0
2024-11-16 12:56:51.598660,be65e794-0215-4c99-bc75-43884e7172ca,KXHIGHNY-24NOV16-B63.5,39728.401,3,3.0,61.559,5,95,1,63.3,-0.2,-16.9,-10.8,-32.8,-6.8,6.6,50.8,25.3,100,0,31599.94,39.2,23.8,0,0,-1.941,1.741,0.0,0.0,0.0,1,1,1,92,5,2,-425.438,2.708,-5,0
2024-11-16 12:57:06.672815,774d7766-fc5a-4394-b65d-9c728bf5478f,KXHIGHNY-24NOV16-B63.5,39713.327,12,3.0,61.559,5,95,1,63.3,-0.2,-16.9,-10.8,-32.8,-6.8,6.6,50.8,25.3,100,0,31599.94,39.2,23.8,0,0,-1.941,1.741,0.0,0.0,0.0,1,1,1,92,5,2,-425.438,2.71,-5,0
2024-11-16 12:57:11.614681,b43ef64b-281f-40be-9aa1-06a73d335404,KXHIGHNY-24NOV16-B63.5,39708.385,12,3.0,61.559,5,95,1,63.3,-0.2,-16.9,-10.8,-32.8,-6.8,6.6,50.8,25.3,100,0,31599.94,39.2,23.8,0,0,-1.941,1.741,0.0,0.0,0.0,1,1,1,92,5,2,-425.438,2.711,-5,0
2024-11-16 12:57:14.669394,e005e37e-9cb6-4d55-8d31-331fbcdfc911,KXHIGHNY-24NOV16-B63.5,39705.331,26,3.0,61.54,4,96,0,63.3,-0.2,-16.9,-10.8,-32.8,-6.8,6.6,50.8,25.3,100,0,31599.94,39.2,23.8,0,0,-1.96,1.76,0.0,0.0,0.0,1,1,1,92,4,2,-422.936,-3.713,4,0
2024-11-16 12:57:17.649290,c1dad419-1f90-4085-92e1-edee3433174e,KXHIGHNY-24NOV16-B61.5,39702.351,50,1.0,61.54,92,8,1,63.3,1.8,-14.9,-8.8,-30.8,-4.8,6.6,50.8,25.3,100,0,31599.94,39.2,23.8,0,0,0.04,1.76,0.0,0.0,0.0,1,1,1,92,4,2,-422.936,-1.297,8,1
2024-11-16 12:57:17.814271,a9529320-cfce-472d-99ed-5c068c405844,KXHIGHNY-24NOV16-B63.5,39702.186,12,3.0,61.54,4,96,1,63.3,-0.2,-16.9,-10.8,-32.8,-6.8,6.6,50.8,25.3,100,0,31599.94,39.2,23.8,0,0,-1.96,1.76,0.0,0.0,0.0,1,1,1,92,4,2,-422.936,3.714,-4,0
2024-11-16 12:57:45.228956,fd0f0a17-ac57-4f8d-9998-6b51e4c026a2,KXHIGHNY-24NOV16-B63.5,39674.771,102,3.0,61.54,4,96,1,63.3,-0.2,-16.9,-10.8,-32.8,-6.8,6.6,50.8,25.3,100,0,31599.94,39.2,23.8,0,0,-1.96,1.76,0.0,0.0,0.0,1,1,1,92,4,2,-422.936,3.714,-4,0
2024-11-16 12:57:58.363399,5d73c91e-a120-46bb-9a14-d8d3dc44f19e,KXHIGHNY-24NOV16-B63.5,39661.637,13,3.0,61.54,4,96,0,63.3,-0.2,-16.9,-10.8,-32.8,-6.8,6.6,50.8,25.3,100,0,31599.94,39.2,23.8,0,0,-1.96,1.76,0.0,0.0,0.0,1,1,1,92,4,2,-422.936,-3.715,4,0
2024-11-16 12:58:14.313953,c90af240-c133-4ae7-b5be-925fa0812f47,KXHIGHNY-24NOV16-B63.5,39645.686,12,3.0,61.559,5,95,1,63.3,-0.2,-16.9,-10.8,-32.8,-6.8,6.6,50.8,25.3,100,0,31599.94,39.2,23.8,0,0,-1.941,1.741,0.0,0.0,0.0,1,1,1,92,5,2,-425.438,2.715,-5,0
2024-11-16 12:58:19.262591,005645fe-009b-46b6-84d1-9143602ec17e,KXHIGHNY-24NOV16-B63.5,39640.737,12,3.0,61.559,5,95,1,63.3,-0.2,-16.9,-10.8,-32.8,-6.8,6.6,50.8,25.3,100,0,31599.94,39.2,23.8,0,0,-1.941,1.741,0.0,0.0,0.0,1,1,1,92,5,2,-425.438,2.715,-5,0
2024-11-16 12:58:22.191975,f5fdd51e-2155-4879-99f8-17bcdb9a5f0c,KXHIGHNY-24NOV16-B61.5,39637.808,14,1.0,61.561,89,11,0,63.3,1.8,-14.9,-8.8,-30.8,-4.8,6.6,50.8,25.3,100,0,31599.94,39.2,23.8,0,0,0.061,1.739,0.0,0.0,0.0,1,1,1,89,5,2,-408.922,-1.688,-11,1
2024-11-16 12:58:26.882806,d8e612a8-0f42-4b84-a9ee-a81a4b3a8440,KXHIGHNY-24NOV16-B63.5,39633.117,12,3.0,61.561,5,95,1,63.3,-0.2,-16.9,-10.8,-32.8,-6.8,6.6,50.8,25.3,100,0,31599.94,39.2,23.8,0,0,-1.939,1.739,0.0,0.0,0.0,1,1,1,89,5,2,-408.922,2.716,-5,0
2024-11-16 12:58:30.526993,2851aa93-d06c-4575-b87b-788270d37a0a,KXHIGHNY-24NOV16-B63.5,39629.473,50,3.0,61.541,4,96,0,63.3,-0.2,-16.9,-10.8,-32.8,-6.8,6.6,50.8,25.3,100,0,31599.94,39.2,23.8,0,0,-1.959,1.759,0.0,0.0,0.0,1,1,1,89,4,2,-406.42,-3.72,4,0
2024-11-16 12:59:00.646027,bf327d52-60db-4bbc-8c20-896f5c0e9c14,KXHIGHNY-24NOV16-B61.5,39599.354,10,1.0,61.54,92,8,1,63.3,1.8,-14.9,-8.8,-30.8,-4.8,6.6,50.8,25.3,100,0,31599.94,39.2,23.8,0,0,0.04,1.76,0.0,0.0,0.0,1,1,1,92,4,2,-422.936,-1.321,8,1
2024-11-16 12:59:00.646027,7bd5e27f-7fc8-4b7d-88f6-b4a0f4e39a60,KXHIGHNY-24NOV16-B61.5,39599.354,44,1.0,61.54,92,8,1,63.3,1.8,-14.9,-8.8,-30.8,-4.8,6.6,50.8,25.3,100,0,31599.94,39.2,23.8,0,0,0.04,1.76,0.0,0.0,0.0,1,1,1,92,4,2,-422.936,-1.313,8,1
2024-11-16 12:59:06.348637,bd156885-48f5-411b-9b5e-c0c3e4bbae50,KXHIGHNY-24NOV16-B61.5,39593.651,171,1.0,61.539,93,7,1,63.3,1.8,-14.9,-8.8,-30.8,-4.8,6.6,50.8,25.3,100,0,31599.94,39.2,23.8,0,0,0.039,1.761,0.0,0.0,0.0,1,1,1,93,4,2,-428.463,-2.326,7,1
2024-11-16 12:59:06.348637,bc41c091-742c-45c5-b380-dcf35c7eaa08,KXHIGHNY-24NOV16-B61.5,39593.651,100,1.0,61.539,93,7,1,63.3,1.8,-14.9,-8.8,-30.8,-4.8,6.6,50.8,25.3,100,0,31599.94,39.2,23.8,0,0,0.039,1.761,0.0,0.0,0.0,1,1,1,93,4,2,-428.463,-2.323,7,1
2024-11-16 12:59:06.348637,ffddd291-03f4-4a66-bbda-7c26c81a0463,KXHIGHNY-24NOV16-B61.5,39593.651,2,1.0,61.54,92,8,1,63.3,1.8,-14.9,-8.8,-30.8,-4.8,6.6,50.8,25.3,100,0,31599.94,39.2,23.8,0,0,0.04,1.76,0.0,0.0,0.0,1,1,1,92,4,2,-422.936,-1.352,8,1
2024-11-16 12:59:06.348637,fee0bed3-2c4a-4619-bbb3-79391b2b68d9,KXHIGHNY-24NOV16-B61.5,39593.651,471,1.0,61.539,94,6,1,63.3,1.8,-14.9,-8.8,-30.8,-4.8,6.6,50.8,25.3,100,0,31599.94,39.2,23.8,0,0,0.039,1.761,0.0,0.0,0.0,1,1,1,94,4,2,-434.001,-3.343,6,1
2024-11-16 12:59:30.262768,92c256f5-9ee0-4d79-91b2-b559eaf7b801,KXHIGHNY-24NOV16-B61.5,39569.737,10,1.0,61.54,90,10,0,63.3,1.8,-14.9,-8.8,-30.8,-4.8,6.6,50.8,25.3,100,0,31599.94,39.2,23.8,0,0,0.04,1.76,0.0,0.0,0.0,1,1,1,90,4,2,-411.914,-0.63,-10,1
2024-11-16 12:59:35.988516,e584a98a-d5b5-45bf-af0f-81172d4194dc,KXHIGHNY-24NOV16-B61.5,39564.011,306,1.0,61.538,95,5,1,63.3,1.8,-14.9,-8.8,-30.8,-4.8,6.6,50.8,25.3,100,0,31599.94,39.2,23.8,0,0,0.038,1.762,0.0,0.0,0.0,1,1,1,95,4,2,-439.55,-4.389,5,1
2024-11-16 12:59:35.988516,dddee805-6839-44a1-a2f3-73b8d9aa0e9e,KXHIGHNY-24NOV16-B61.5,39564.011,131,1.0,61.539,94,6,1,63.3,1.8,-14.9,-8.8,-30.8,-4.8,6.6,50.8,25.3,100,0,31599.94,39.2,23.8,0,0,0.039,1.761,0.0,0.0,0.0,1,1,1,94,4,2,-434.001,-3.385,6,1
2024-11-16 12:59:35.988516,a64b65d0-ac9d-42d3-a201-94c4cf6a0255,KXHIGHNY-24NOV16-B61.5,39564.011,159,1.0,61.538,95,5,1,63.3,1.8,-14.9,-8.8,-30.8,-4.8,6.6,50.8,25.3,100,0,31599.94,39.2,23.8,0,0,0.038,1.762,0.0,0.0,0.0,1,1,1,95,4,2,-439.55,-4.376,5,1
2024-11-16 12:59:35.988516,9825cffc-dfba-49c1-8657-78a4353f5eed,KXHIGHNY-24NOV16-B61.5,39564.011,100,1.0,61.539,94,6,1,63.3,1.8,-14.9,-8.8,-30.8,-4.8,6.6,50.8,25.3,100,0,31599.94,39.2,23.8,0,0,0.039,1.761,0.0,0.0,0.0,1,1,1,94,4,2,-434.001,-3.372,6,1
2024-11-16 13:00:06.252190,e1cabd4a-53a6-4931-a875-93656abe6398,KXHIGHNY-24NOV16-B59.5,39533.748,60,-1.0,61.519,2,98,0,63.3,3.8,-12.9,-6.8,-28.8,-0.4,4.2,50.8,25.3,100,0,31599.94,40.7,25.1,0,0,2.019,1.781,0.0,0.0,0.0,1,1,2,94,4,2,-435.387,-8.287,2,0
2024-11-16 13:00:06.252190,8e2f981f-ccd9-4de3-a19e-e92c6eaf40da,KXHIGHNY-24NOV16-B59.5,39533.748,3,-1.0,61.519,2,98,0,63.3,3.8,-12.9,-6.8,-28.8,-0.4,4.2,50.8,25.3,100,0,31599.94,40.7,25.1,0,0,2.019,1.781,0.0,0.0,0.0,1,1,2,94,4,2,-435.387,-8.268,2,0
2024-11-16 13:00:06.252190,8220f86c-2591-4226-b04c-c31bf9d9ac69,KXHIGHNY-24NOV16-B59.5,39533.748,437,-1.0,61.539,1,99,0,63.3,3.8,-12.9,-6.8,-28.8,-0.4,4.2,50.8,25.3,100,0,31599.94,40.7,25.1,0,0,2.039,1.761,0.0,0.0,0.0,1,1,1,94,4,2,-434.001,-9.258,1,0
2024-11-16 13:00:10.773786,6d894e91-7d72-4cea-98c3-7c017b5485cb,KXHIGHNY-24NOV16-B63.5,39529.226,3,3.0,61.558,5,95,1,63.3,-0.2,-16.9,-10.8,-32.8,-4.4,4.2,50.8,25.3,100,0,31599.94,40.7,25.1,0,0,-1.942,1.742,0.0,0.0,0.0,1,1,1,94,5,2,-436.503,2.72,-5,0
2024-11-16 13:00:15.374787,a0302b81-fafd-4364-a135-2719198d687f,KXHIGHNY-24NOV16-B63.5,39524.625,3,3.0,61.558,5,95,1,63.3,-0.2,-16.9,-10.8,-32.8,-4.4,4.2,50.8,25.3,100,0,31599.94,40.7,25.1,0,0,-1.942,1.742,0.0,0.0,0.0,1,1,1,94,5,2,-436.503,2.722,-5,0
2024-11-16 13:00:16.728181,14e815e7-66fc-4029-a17a-815688205d69,KXHIGHNY-24NOV16-B61.5,39523.272,358,1.0,61.557,95,5,1,63.3,1.8,-14.9,-8.8,-30.8,-2.4,4.2,50.8,25.3,100,0,31599.94,40.7,25.1,0,0,0.057,1.743,0.0,0.0,0.0,1,1,1,95,5,2,-442.052,-4.394,5,1
2024-11-16 13:00:16.728181,5dfdd4e9-e2ee-4764-86fe-1cec8a4c2587,KXHIGHNY-24NOV16-B61.5,39523.272,9,1.0,61.557,96,4,1,63.3,1.8,-14.9,-8.8,-30.8,-2.4,4.2,50.8,25.3,100,0,31599.94,40.7,25.1,0,0,0.057,1.743,0.0,0.0,0.0,1,1,1,96,5,2,-447.611,-5.395,4,1
2024-11-16 13:00:31.186418,83544a5d-e016-42ae-8266-d0c534ac5246,KXHIGHNY-24NOV16-B61.5,39508.814,26,1.0,61.557,96,4,1,63.3,1.8,-14.9,-8.8,-30.8,-2.4,4.2,50.8,25.3,100,0,31599.94,40.7,25.1,0,0,0.057,1.743,0.0,0.0,0.0,1,1,1,96,5,2,-447.611,-5.421,4,1
2024-11-16 13:00:56.618380,a8dd8a17-fa9f-42b3-a5f7-6945d46887f9,KXHIGHNY-24NOV16-B61.5,39483.382,100,1.0,61.556,97,3,1,63.3,1.8,-14.9,-8.8,-30.8,-2.4,4.2,50.8,25.3,100,0,31599.94,40.7,25.1,0,0,0.056,1.744,0.0,0.0,0.0,1,1,1,97,5,2,-453.18,-6.425,3,1
2024-11-16 13:00:56.618380,627e4076-c3ce-4971-8e15-35e837374707,KXHIGHNY-24NOV16-B61.5,39483.382,45,1.0,61.556,97,3,1,63.3,1.8,-14.9,-8.8,-30.8,-2.4,4.2,50.8,25.3,100,0,31599.94,40.7,25.1,0,0,0.056,1.744,0.0,0.0,0.0,1,1,1,97,5,2,-453.18,-6.425,3,1
2024-11-16 13:00:56.714398,e619cfd1-a6b9-43e6-9796-714905f3bc5e,KXHIGHNY-24NOV16-B63.5,39483.286,338,3.0,61.538,4,96,0,63.3,-0.2,-16.9,-10.8,-32.8,-4.4,4.2,50.8,25.3,100,0,31599.94,40.7,25.1,0,0,-1.962,1.762,0.0,0.0,0.0,1,1,1,97,4,2,-450.678,-3.723,4,0
2024-11-16 13:00:56.714398,dfe1a65e-69b4-4806-8ec5-907a04b26855,KXHIGHNY-24NOV16-B63.5,39483.286,4,3.0,61.538,4,96,0,63.3,-0.2,-16.9,-10.8,-32.8,-4.4,4.2,50.8,25.3,100,0,31599.94,40.7,25.1,0,0,-1.962,1.762,0.0,0.0,0.0,1,1,1,97,4,2,-450.678,-3.722,4,0
2024-11-16 13:00:56.714714,ff67cac0-fc88-4d4d-ab68-2adca6b189eb,KXHIGHNY-24NOV16-B61.5,39483.285,342,1.0,61.538,97,3,0,63.3,1.8,-14.9,-8.8,-30.8,-2.4,4.2,50.8,25.3,100,0,31599.94,40.7,25.1,0,0,0.038,1.762,0.0,0.0,0.0,1,1,1,97,4,2,-450.678,6.434,-3,1
2024-11-16 13:00:56.715958,12c218b6-0f4f-4f17-9299-71fabba1f64a,KXHIGHNY-24NOV16-B59.5,39483.284,342,-1.0,61.538,1,99,0,63.3,3.8,-12.9,-6.8,-28.8,-0.4,4.2,50.8,25.3,100,0,31599.94,40.7,25.1,0,0,2.038,1.762,0.0,0.0,0.0,1,1,1,97,4,2,-450.678,-9.305,1,0
2024-11-16 13:00:58.800444,68a41b9e-2256-4569-b460-5248cb8530ee,KXHIGHNY-24NOV16-B63.5,39481.2,100,3.0,61.538,4,96,0,63.3,-0.2,-16.9,-10.8,-32.8,-4.4,4.2,50.8,25.3,100,0,31599.94,40.7,25.1,0,0,-1.962,1.762,0.0,0.0,0.0,1,1,1,97,4,2,-450.678,-3.724,4,0
2024-11-16 13:00:58.800444,446d1427-274d-4d69-9f13-2bc9f94fefd0,KXHIGHNY-24NOV16-B63.5,39481.2,612,3.0,61.538,4,96,0,63.3,-0.2,-16.9,-10.8,-32.8,-4.4,4.2,50.8,25.3,100,0,31599.94,40.7,25.1,0,0,-1.962,1.762,0.0,0.0,0.0,1,1,1,97,4,2,-450.678,-3.723,4,0
2024-11-16 13:01:14.278844,17df2265-7bf1-466d-bc46-3ec33ec68cac,KXHIGHNY-24NOV16-B63.5,39465.721,13,3.0,61.519,3,97,0,63.3,-0.2,-16.9,-10.8,-32.8,-4.4,4.2,50.8,25.3,100,0,31599.94,40.7,25.1,0,0,-1.981,1.781,0.0,0.0,0.0,1,1,1,97,3,2,-448.429,-4.724,3,0
2024-11-16 13:01:14.278844,e8b5eed7-b39a-4fd9-9d36-329db895ee4c,KXHIGHNY-24NOV16-B63.5,39465.721,19,3.0,61.519,3,97,0,63.3,-0.2,-16.9,-10.8,-32.8,-4.4,4.2,50.8,25.3,100,0,31599.94,40.7,25.1,0,0,-1.981,1.781,0.0,0.0,0.0,1,1,1,97,3,2,-448.429,-4.726,3,0
2024-11-16 13:01:14.278844,3a3392f9-05a9-45ea-821b-0707702d3d00,KXHIGHNY-24NOV16-B63.5,39465.721,47,3.0,61.519,3,97,0,63.3,-0.2,-16.9,-10.8,-32.8,-4.4,4.2,50.8,25.3,100,0,31599.94,40.7,25.1,0,0,-1.981,1.781,0.0,0.0,0.0,1,1,1,97,3,2,-448.429,-4.725,3,0
2024-11-16 13:01:14.910589,4f4caf14-da80-4264-ba94-298e063c3b49,KXHIGHNY-24NOV16-B63.5,39465.089,23,3.0,61.538,4,96,1,63.3,-0.2,-16.9,-10.8,-32.8,-4.4,4.2,50.8,25.3,100,0,31599.94,40.7,25.1,0,0,-1.962,1.762,0.0,0.0,0.0,1,1,1,97,4,2,-450.678,3.732,-4,0
2024-11-16 13:01:17.909156,15d6d792-1c32-494f-aae5-5a9fdb5eb8a5,KXHIGHNY-24NOV16-B63.5,39462.091,3,3.0,61.538,4,96,1,63.3,-0.2,-16.9,-10.8,-32.8,-4.4,4.2,50.8,25.3,100,0,31599.94,40.7,25.1,0,0,-1.962,1.762,0.0,0.0,0.0,1,1,1,97,4,2,-450.678,3.747,-4,0
2024-11-16 13:01:24.955638,11a855da-928c-4cde-b4af-c6c2fd36160b,KXHIGHNY-24NOV16-B63.5,39455.044,12,3.0,61.538,4,96,1,63.3,-0.2,-16.9,-10.8,-32.8,-4.4,4.2,50.8,25.3,100,0,31599.94,40.7,25.1,0,0,-1.962,1.762,0.0,0.0,0.0,1,1,1,97,4,2,-450.678,3.763,-4,0
2024-11-16 13:01:30.428118,e00dc3ed-49af-4d65-b158-1363f339f857,KXHIGHNY-24NOV16-B59.5,39449.572,110,-1.0,61.519,2,98,1,63.3,3.8,-12.9,-6.8,-28.8,-0.4,4.2,50.8,25.3,100,0,31599.94,40.7,25.1,0,0,2.019,1.781,0.0,0.0,0.0,1,1,2,97,4,2,-452.065,8.323,-2,0
2024-11-16 13:01:31.706924,680928ac-bfe0-456d-bb74-aa9cb9a39245,KXHIGHNY-24NOV16-B63.5,39448.293,3,3.0,61.519,4,96,1,63.3,-0.2,-16.9,-10.8,-32.8,-4.4,4.2,50.8,25.3,100,0,31599.94,40.7,25.1,0,0,-1.981,1.781,0.0,0.0,0.0,1,1,2,97,4,2,-452.065,3.766,-4,0
2024-11-16 13:01:38.122771,4ce76481-07e7-4eb8-8fdb-76d0aae330a7,KXHIGHNY-24NOV16-B59.5,39441.877,554,-1.0,61.538,1,99,0,63.3,3.8,-12.9,-6.8,-28.8,-0.4,4.2,50.8,25.3,100,0,31599.94,40.7,25.1,0,0,2.038,1.762,0.0,0.0,0.0,1,1,1,97,4,2,-450.678,-9.358,1,0
2024-11-16 13:01:38.992517,6f7fe11e-4dd2-47f6-8d98-f34a71c302b9,KXHIGHNY-24NOV16-B63.5,39441.007,247,3.0,61.538,4,96,1,63.3,-0.2,-16.9,-10.8,-32.8,-4.4,4.2,50.8,25.3,100,0,31599.94,40.7,25.1,0,0,-1.962,1.762,0.0,0.0,0.0,1,1,1,97,4,2,-450.678,3.77,-4,0
2024-11-16 13:01:38.992517,87ae818c-d8d7-492d-af68-9f4eeebc2025,KXHIGHNY-24NOV16-B63.5,39441.007,152,3.0,61.574,6,94,1,63.3,-0.2,-16.9,-10.8,-32.8,-4.4,4.2,50.8,25.3,100,0,31599.94,40.7,25.1,0,0,-1.926,1.726,0.0,0.0,0.0,1,1,1,97,6,2,-455.884,1.77,-6,0
2024-11-16 13:01:38.992517,9e932871-da40-4fcf-8be4-3b06fca38051,KXHIGHNY-24NOV16-B63.5,39441.007,196,3.0,61.675,12,88,1,63.3,-0.2,-16.9,-10.8,-32.8,-4.4,4.2,50.8,25.3,100,0,31599.94,40.7,25.1,0,0,-1.825,1.625,0.0,0.0,0.0,1,1,1,97,12,2,-474.952,-4.227,-12,0
2024-11-16 13:01:38.992517,c81b1278-edb7-4ed2-bfa9-370bc352f7f2,KXHIGHNY-24NOV16-B63.5,39441.007,26,3.0,61.659,11,89,1,63.3,-0.2,-16.9,-10.8,-32.8,-4.4,4.2,50.8,25.3,100,0,31599.94,40.7,25.1,0,0,-1.841,1.641,0.0,0.0,0.0,1,1,1,97,11,2,-471.51,-3.225,-11,0
2024-11-16 13:01:38.992517,fbc3570c-0423-4c3c-a9ce-6f0d85878de5,KXHIGHNY-24NOV16-B63.5,39441.007,31,3.0,61.556,5,95,1,63.3,-0.2,-16.9,-10.8,-32.8,-4.4,4.2,50.8,25.3,100,0,31599.94,40.7,25.1,0,0,-1.944,1.744,0.0,0.0,0.0,1,1,1,97,5,2,-453.18,2.776,-5,0
2024-11-16 13:02:07.398141,dba3ebc2-a3df-42ee-a95b-45b66b3f0d21,KXHIGHNY-24NOV16-B63.5,39412.602,42,3.0,61.659,11,89,1,63.3,-0.2,-16.9,-10.8,-32.8,-4.4,4.2,50.8,25.3,100,0,31599.94,40.7,25.1,0,0,-1.841,1.641,0.0,0.0,0.0,1,1,1,97,11,2,-471.51,-3.222,-11,0
2024-11-16 13:04:34.635755,2a74be6a-1a40-4cb2-a263-776e1c61f83a,KXHIGHNY-24NOV16-B59.5,39265.364,46,-1.0,61.603,4,96,1,63.3,3.8,-12.9,-6.8,-28.8,-0.4,4.2,50.8,25.3,100,0,31599.94,40.7,25.1,0,0,2.103,1.697,0.0,0.0,0.0,1,1,4,97,11,2,-477.055,6.375,-4,0
2024-11-16 13:04:57.405167,928324cf-ef58-473f-a22f-f6c212d8a364,KXHIGHNY-24NOV16-B63.5,39242.595,82,3.0,61.482,4,96,1,63.3,-0.2,-16.9,-10.8,-32.8,-4.4,4.2,50.8,25.3,100,0,31599.94,40.7,25.1,0,0,-2.018,1.818,0.0,0.0,0.0,1,1,4,97,4,2,-456.224,3.788,-4,0
2024-11-16 13:04:57.405167,1ebd00c0-e886-4233-93df-3c8d0fefa479,KXHIGHNY-24NOV16-B63.5,39242.595,600,3.0,61.482,4,96,1,63.3,-0.2,-16.9,-10.8,-32.8,-4.4,4.2,50.8,25.3,100,0,31599.94,40.7,25.1,0,0,-2.018,1.818,0.0,0.0,0.0,1,1,4,97,4,2,-456.224,3.778,-4,0
2024-11-16 13:05:10.010576,946a91f8-1901-4408-b436-5d18a2b1a4b0,KXHIGHNY-24NOV16-B63.5,39229.989,117,3.0,61.482,4,96,1,63.3,-0.2,-16.9,-10.8,-32.8,-4.4,4.2,50.8,25.3,100,0,31599.94,40.7,25.1,0,0,-2.018,1.818,0.0,0.0,0.0,1,1,4,97,4,2,-456.224,3.79,-4,0
2024-11-16 13:05:26.065796,58b126cf-bb32-454f-85c7-2b686aaa85a5,KXHIGHNY-24NOV16-B63.5,39213.934,1,3.0,61.5,5,95,1,63.3,-0.2,-16.9,-10.8,-32.8,-4.4,4.2,50.8,25.3,100,0,31599.94,40.7,25.1,0,0,-2.0,1.8,0.0,0.0,0.0,1,1,4,97,5,2,-458.726,2.793,-5,0
2024-11-16 13:05:27.489711,2248448c-57ed-4dd7-b2a1-6cd9b648b366,KXHIGHNY-24NOV16-B63.5,39212.51,100,3.0,61.5,5,95,1,63.3,-0.2,-16.9,-10.8,-32.8,-4.4,4.2,50.8,25.3,100,0,31599.94,40.7,25.1,0,0,-2.0,1.8,0.0,0.0,0.0,1,1,4,97,5,2,-458.726,2.795,-5,0
2024-11-16 13:07:00.927264,48674385-888f-493b-8ee8-3419499e441a,KXHIGHNY-24NOV16-B63.5,39119.073,204,3.0,61.536,7,93,1,63.3,-0.2,-16.9,-10.8,-32.8,-4.4,4.2,50.8,25.3,100,0,31599.94,40.7,25.1,0,0,-1.964,1.764,0.0,0.0,0.0,1,1,4,97,7,2,-464.3,0.795,-7,0
2024-11-16 13:07:00.927264,93f9440c-fa84-4e00-96a8-babb3bd27033,KXHIGHNY-24NOV16-B63.5,39119.073,87,3.0,61.553,8,92,1,63.3,-0.2,-16.9,-10.8,-32.8,-4.4,4.2,50.8,25.3,100,0,31599.94,40.7,25.1,0,0,-1.947,1.747,0.0,0.0,0.0,1,1,4,97,8,2,-467.314,-0.206,-8,0
2024-11-16 13:07:00.927264,e6f776fb-af44-4740-9243-a24f1bf615ac,KXHIGHNY-24NOV16-B63.5,39119.073,700,3.0,61.5,5,95,1,63.3,-0.2,-16.9,-10.8,-32.8,-4.4,4.2,50.8,25.3,100,0,31599.94,40.7,25.1,0,0,-2.0,1.8,0.0,0.0,0.0,1,1,4,97,5,2,-458.726,2.793,-5,0
2024-11-16 13:07:48.407913,f3099ed8-6cbb-408f-85aa-1d74a86d9959,KXHIGHNY-24NOV16-B63.5,39071.592,100,3.0,61.536,7,93,1,63.3,-0.2,-16.9,-10.8,-32.8,-4.4,4.2,50.8,25.3,100,0,31599.94,40.7,25.1,0,0,-1.964,1.764,0.0,0.0,0.0,1,1,4,97,7,2,-464.3,0.794,-7,0
2024-11-16 13:07:48.407913,371cb258-c6c3-44dc-9ae4-3c26d6e5ff17,KXHIGHNY-24NOV16-B63.5,39071.592,168,3.0,61.536,7,93,1,63.3,-0.2,-16.9,-10.8,-32.8,-4.4,4.2,50.8,25.3,100,0,31599.94,40.7,25.1,0,0,-1.964,1.764,0.0,0.0,0.0,1,1,4,97,7,2,-464.3,0.793,-7,0
2024-11-16 13:08:17.256400,f6f18f5d-74a7-4afc-b652-e45f483f7d42,KXHIGHNY-24NOV16-B61.5,39042.744,100,1.0,61.537,94,6,0,63.3,1.8,-14.9,-8.8,-30.8,-2.4,4.2,50.8,25.3,100,0,31599.94,40.7,25.1,0,0,0.037,1.763,0.0,0.0,0.0,1,1,4,94,7,2,-447.623,3.46,-6,1
2024-11-16 13:08:17.256400,5663f434-ebf9-40fd-88da-f6dd6e9e2567,KXHIGHNY-24NOV16-B61.5,39042.744,77,1.0,61.537,94,6,0,63.3,1.8,-14.9,-8.8,-30.8,-2.4,4.2,50.8,25.3,100,0,31599.94,40.7,25.1,0,0,0.037,1.763,0.0,0.0,0.0,1,1,4,94,7,2,-447.623,3.437,-6,1
2024-11-16 13:08:17.256400,1f4212ce-f436-4f2f-abe5-60038f37a871,KXHIGHNY-24NOV16-B61.5,39042.744,192,1.0,61.537,93,7,0,63.3,1.8,-14.9,-8.8,-30.8,-2.4,4.2,50.8,25.3,100,0,31599.94,40.7,25.1,0,0,0.037,1.763,0.0,0.0,0.0,1,1,4,93,7,2,-442.085,2.435,-7,1
2024-11-16 13:08:43.498287,0c6bf08b-d346-4bc5-afa7-510e4b3d8836,KXHIGHNY-24NOV16-B59.5,39016.502,10,-1.0,61.595,1,99,0,63.3,3.8,-12.9,-6.8,-28.8,-0.4,4.2,50.8,25.3,100,0,31599.94,40.7,25.1,0,0,2.095,1.705,0.0,0.0,0.0,1,1,1,93,7,2,-436.539,-9.391,1,0
2024-11-16 13:09:00.610963,e2bc0ded-da3e-456f-adc2-d93c2104da48,KXHIGHNY-24NOV16-B61.5,38999.389,26,1.0,61.595,93,7,0,63.3,1.8,-14.9,-8.8,-30.8,-2.4,4.2,50.8,25.3,100,0,31599.94,40.7,25.1,0,0,0.095,1.705,0.0,0.0,0.0,1,1,1,93,7,2,-436.539,2.461,-7,1
2024-11-16 13:09:55.784218,0947b310-1c7b-498f-bd73-ee90a423e706,KXHIGHNY-24NOV16-B63.5,38944.216,202,3.0,61.613,8,92,1,63.3,-0.2,-16.9,-10.8,-32.8,-4.4,4.2,50.8,25.3,100,0,31599.94,40.7,25.1,0,0,-1.887,1.687,0.0,0.0,0.0,1,1,1,93,8,2,-439.554,-0.206,-8,0
2024-11-16 13:09:55.784218,521bbc02-d045-4df1-a3c7-4d272c5c798b,KXHIGHNY-24NOV16-B63.5,38944.216,500,3.0,61.613,8,92,1,63.3,-0.2,-16.9,-10.8,-32.8,-4.4,4.2,50.8,25.3,100,0,31599.94,40.7,25.1,0,0,-1.887,1.687,0.0,0.0,0.0,1,1,1,93,8,2,-439.554,-0.206,-8,0
2024-11-16 13:09:55.784218,83034cc0-c524-40b2-ba35-985699fd570a,KXHIGHNY-24NOV16-B63.5,38944.216,500,3.0,61.558,5,95,1,63.3,-0.2,-16.9,-10.8,-32.8,-4.4,4.2,50.8,25.3,100,0,31599.94,40.7,25.1,0,0,-1.942,1.742,0.0,0.0,0.0,1,1,1,93,5,2,-430.965,2.796,-5,0
2024-11-16 13:09:55.784218,d2c8795d-b31f-4786-9a9a-1de8a61c7e7e,KXHIGHNY-24NOV16-B63.5,38944.216,11,3.0,61.558,5,95,1,63.3,-0.2,-16.9,-10.8,-32.8,-4.4,4.2,50.8,25.3,100,0,31599.94,40.7,25.1,0,0,-1.942,1.742,0.0,0.0,0.0,1,1,1,93,5,2,-430.965,2.798,-5,0
2024-11-16 13:09:55.784218,f4b5a4e6-eadc-4891-8b23-b16abae103e6,KXHIGHNY-24NOV16-B63.5,38944.216,123,3.0,61.631,9,91,1,63.3,-0.2,-16.9,-10.8,-32.8,-4.4,4.2,50.8,25.3,100,0,31599.94,40.7,25.1,0,0,-1.869,1.669,0.0,0.0,0.0,1,1,1,93,9,2,-442.693,-1.201,-9,0
2024-11-16 13:09:55.784218,88ac3a06-0048-4f3b-9ec8-12efb5309b0d,KXHIGHNY-24NOV16-B63.5,38944.216,13,3.0,61.613,8,92,1,63.3,-0.2,-16.9,-10.8,-32.8,-4.4,4.2,50.8,25.3,100,0,31599.94,40.7,25.1,0,0,-1.887,1.687,0.0,0.0,0.0,1,1,1,93,8,2,-439.554,-0.203,-8,0
2024-11-16 13:10:36.697920,a07d7feb-f031-4ee2-a188-78c71535fbbb,KXHIGHNY-24NOV16-B61.5,38903.302,33,1.0,61.612,94,6,0,63.3,1.8,-14.9,-8.8,-30.8,-2.4,4.2,50.8,25.3,100,0,31599.94,40.7,25.1,0,0,0.112,1.688,0.0,0.0,0.0,1,1,1,94,8,2,-445.092,3.461,-6,1
2024-11-16 13:13:31.190526,a5e585cf-466d-4bdc-96ee-941438cd78ec,KXHIGHNY-24NOV16-B61.5,38728.809,26,1.0,61.617,90,10,0,63.3,1.8,-14.9,-8.8,-30.8,-2.4,4.2,50.8,25.3,100,0,31599.94,40.7,25.1,0,0,0.117,1.683,0.0,0.0,0.0,1,1,1,90,8,2,-423.005,-0.486,-10,1
2024-11-16 13:13:31.190526,a484f992-a8c2-4e1e-b2d5-5e9a49ef24d1,KXHIGHNY-24NOV16-B61.5,38728.809,16,1.0,61.618,89,11,0,63.3,1.8,-14.9,-8.8,-30.8,-2.4,4.2,50.8,25.3,100,0,31599.94,40.7,25.1,0,0,0.118,1.682,0.0,0.0,0.0,1,1,1,89,8,2,-417.51,-1.507,-11,1
2024-11-16 13:13:31.190526,5752fbf4-7ced-48d4-aa47-f13da7d98fbb,KXHIGHNY-24NOV16-B61.5,38728.809,990,1.0,61.614,92,8,0,63.3,1.8,-14.9,-8.8,-30.8,-2.4,4.2,50.8,25.3,100,0,31599.94,40.7,25.1,0,0,0.114,1.686,0.0,0.0,0.0,1,1,1,92,8,2,-434.026,1.481,-8,1
2024-11-16 13:13:31.190526,2ee57814-b3ad-45ae-9f9c-72b4738380a4,KXHIGHNY-24NOV16-B61.5,38728.809,82,1.0,61.613,93,7,0,63.3,1.8,-14.9,-8.8,-30.8,-2.4,4.2,50.8,25.3,100,0,31599.94,40.7,25.1,0,0,0.113,1.687,0.0,0.0,0.0,1,1,1,93,8,2,-439.554,2.474,-7,1
2024-11-16 13:13:31.190526,1df42e82-e455-447b-8e0f-0ff5097fc689,KXHIGHNY-24NOV16-B61.5,38728.809,42,1.0,61.618,89,11,0,63.3,1.8,-14.9,-8.8,-30.8,-2.4,4.2,50.8,25.3,100,0,31599.94,40.7,25.1,0,0,0.118,1.682,0.0,0.0,0.0,1,1,1,89,8,2,-417.51,-1.527,-11,1
2024-11-16 13:13:35.349754,130ab0b0-3ade-4c2c-ae64-d72607d0a1b7,KXHIGHNY-24NOV16-B61.5,38724.65,12,1.0,61.619,88,12,0,63.3,1.8,-14.9,-8.8,-30.8,-2.4,4.2,50.8,25.3,100,0,31599.94,40.7,25.1,0,0,0.119,1.681,0.0,0.0,0.0,1,1,1,88,8,2,-412.027,-2.486,-12,1
2024-11-16 13:13:35.349754,d30f3e58-9226-4516-8210-d031881d2a0c,KXHIGHNY-24NOV16-B61.5,38724.65,158,1.0,61.618,89,11,0,63.3,1.8,-14.9,-8.8,-30.8,-2.4,4.2,50.8,25.3,100,0,31599.94,40.7,25.1,0,0,0.118,1.682,0.0,0.0,0.0,1,1,1,89,8,2,-417.51,-1.485,-11,1
2024-11-16 13:14:02.682600,11b72b1b-97ed-4b77-b737-4f5f5f5ae986,KXHIGHNY-24NOV16-B63.5,38697.317,74,3.0,61.561,5,95,0,63.3,-0.2,-16.9,-10.8,-32.8,-4.4,4.2,50.8,25.3,100,0,31599.94,40.7,25.1,0,0,-1.939,1.739,0.0,0.0,0.0,1,1,1,88,5,2,-403.439,-2.8,5,0
2024-11-16 13:14:44.236542,5d0e005e-1dde-4030-b05d-bd7c049f119c,KXHIGHNY-24NOV16-B61.5,38655.763,22,1.0,61.561,88,12,0,63.3,1.8,-14.9,-8.8,-30.8,-2.4,4.2,50.8,25.3,100,0,31599.94,40.7,25.1,0,0,0.061,1.739,0.0,0.0,0.0,1,1,1,88,5,2,-403.439,-2.483,-12,1
2024-11-16 13:15:18.204179,9f3677ec-f8de-47fb-974a-c8edbc5cb139,KXHIGHNY-24NOV16-B61.5,38621.796,50,1.0,61.562,86,14,0,63.3,1.8,-14.9,-8.8,-30.8,-2.4,4.2,50.8,25.3,100,0,31599.94,40.7,25.1,0,0,0.062,1.737,0.0,0.0,0.0,1,1,1,86,5,2,-392.507,-4.442,-14,1
2024-11-16 13:15:18.204179,9d632f25-0e2e-42a2-8af5-1ea626e20b1c,KXHIGHNY-24NOV16-B61.5,38621.796,97,1.0,61.561,88,12,0,63.3,1.8,-14.9,-8.8,-30.8,-2.4,4.2,50.8,25.3,100,0,31599.94,40.7,25.1,0,0,0.061,1.739,0.0,0.0,0.0,1,1,1,88,5,2,-403.439,-2.458,-12,1
2024-11-16 13:15:18.204179,92f6e1dc-13fb-4613-b3d9-519e4927029b,KXHIGHNY-24NOV16-B61.5,38621.796,100,1.0,61.562,87,13,0,63.3,1.8,-14.9,-8.8,-30.8,-2.4,4.2,50.8,25.3,100,0,31599.94,40.7,25.1,0,0,0.062,1.738,0.0,0.0,0.0,1,1,1,87,5,2,-397.967,-3.459,-13,1
2024-11-16 13:15:18.204179,543c71fe-b91d-4355-8ba0-e42988c31a83,KXHIGHNY-24NOV16-B61.5,38621.796,2,1.0,61.562,87,13,0,63.3,1.8,-14.9,-8.8,-30.8,-2.4,4.2,50.8,25.3,100,0,31599.94,40.7,25.1,0,0,0.062,1.738,0.0,0.0,0.0,1,1,1,87,5,2,-397.967,-3.464,-13,1
2024-11-16 13:15:18.204179,4e272d9a-d4c7-4d7e-9b13-3a240e50bb4c,KXHIGHNY-24NOV16-B61.5,38621.796,11,1.0,61.562,86,14,0,63.3,1.8,-14.9,-8.8,-30.8,-2.4,4.2,50.8,25.3,100,0,31599.94,40.7,25.1,0,0,0.062,1.737,0.0,0.0,0.0,1,1,1,86,5,2,-392.507,-4.481,-14,1
2024-11-16 13:15:18.204179,08d053de-a0bb-48c0-8710-a39386036573,KXHIGHNY-24NOV16-B61.5,38621.796,14,1.0,61.562,87,13,0,63.3,1.8,-14.9,-8.8,-30.8,-2.4,4.2,50.8,25.3,100,0,31599.94,40.7,25.1,0,0,0.062,1.738,0.0,0.0,0.0,1,1,1,87,5,2,-397.967,-3.482,-13,1
2024-11-16 13:15:29.796252,e03d6be1-f5b8-4f59-bc67-fe88ff3d6c81,KXHIGHNY-24NOV16-B61.5,38610.204,1,1.0,61.557,95,5,1,63.3,1.8,-14.9,-8.8,-30.8,-2.4,4.2,50.8,25.3,100,0,31599.94,40.7,25.1,0,0,0.057,1.743,0.0,0.0,0.0,1,1,1,95,5,2,-442.052,-4.581,5,1
2024-11-16 13:15:51.663891,cd8eff87-7607-4775-a55f-6be4043c0bce,KXHIGHNY-24NOV16-B63.5,38588.336,52,3.0,61.628,9,91,1,63.3,-0.2,-16.9,-10.8,-32.8,-4.4,4.2,50.8,25.3,100,0,31599.94,40.7,25.1,0,0,-1.872,1.672,0.0,0.0,0.0,1,1,1,95,9,2,-453.78,-1.198,-9,0
2024-11-16 13:16:06.066314,92e65a46-0082-4775-b0d1-327a82bab6ac,KXHIGHNY-24NOV16-B61.5,38573.934,3,1.0,61.63,94,6,1,63.3,1.8,-14.9,-8.8,-30.8,-2.4,4.2,50.8,25.3,100,0,31599.94,40.7,25.1,0,0,0.13,1.67,0.0,0.0,0.0,1,1,1,94,9,2,-448.231,-3.61,6,1
2024-11-16 13:16:10.137030,e7d837eb-4655-4d08-949d-fbee6bf33a2f,KXHIGHNY-24NOV16-B59.5,38569.863,15,-1.0,61.63,1,99,0,63.3,3.8,-12.9,-6.8,-28.8,-0.4,4.2,50.8,25.3,100,0,31599.94,40.7,25.1,0,0,2.13,1.67,0.0,0.0,0.0,1,1,1,94,9,2,-448.231,-9.392,1,0
2024-11-16 13:16:47.931955,f08ad6b6-02ee-48e7-b724-9a5522b87b1d,KXHIGHNY-24NOV16-B63.5,38532.068,931,3.0,61.52,3,97,0,63.3,-0.2,-16.9,-10.8,-32.8,-4.4,4.2,50.8,25.3,100,0,31599.94,40.7,25.1,0,0,-1.98,1.78,0.0,0.0,0.0,1,1,1,94,3,2,-431.752,-4.822,3,0
2024-11-16 13:16:47.931955,dece966e-16c3-4c47-99c3-a26ef3b76597,KXHIGHNY-24NOV16-B63.5,38532.068,126,3.0,61.558,5,95,0,63.3,-0.2,-16.9,-10.8,-32.8,-4.4,4.2,50.8,25.3,100,0,31599.94,40.7,25.1,0,0,-1.942,1.742,0.0,0.0,0.0,1,1,1,94,5,2,-436.503,-2.816,5,0
2024-11-16 13:16:47.931955,c7d00d02-3196-4f54-82a3-34f355926b5a,KXHIGHNY-24NOV16-B63.5,38532.068,98,3.0,61.539,4,96,0,63.3,-0.2,-16.9,-10.8,-32.8,-4.4,4.2,50.8,25.3,100,0,31599.94,40.7,25.1,0,0,-1.961,1.761,0.0,0.0,0.0,1,1,1,94,4,2,-434.001,-3.815,4,0
2024-11-16 13:16:47.931955,b610baa1-0134-451f-be6a-75c9601431e2,KXHIGHNY-24NOV16-B63.5,38532.068,3,3.0,61.52,3,97,0,63.3,-0.2,-16.9,-10.8,-32.8,-4.4,4.2,50.8,25.3,100,0,31599.94,40.7,25.1,0,0,-1.98,1.78,0.0,0.0,0.0,1,1,1,94,3,2,-431.752,-4.809,3,0
2024-11-16 13:16:47.931955,4ac91b42-1454-4bd8-8570-1d959cee3cfa,KXHIGHNY-24NOV16-B63.5,38532.068,100,3.0,61.558,5,95,0,63.3,-0.2,-16.9,-10.8,-32.8,-4.4,4.2,50.8,25.3,100,0,31599.94,40.7,25.1,0,0,-1.942,1.742,0.0,0.0,0.0,1,1,1,94,5,2,-436.503,-2.805,5,0
2024-11-16 13:16:47.931955,49e57240-3234-4f93-9f80-db07a4cb0d07,KXHIGHNY-24NOV16-B63.5,38532.068,22,3.0,61.539,4,96,0,63.3,-0.2,-16.9,-10.8,-32.8,-4.4,4.2,50.8,25.3,100,0,31599.94,40.7,25.1,0,0,-1.961,1.761,0.0,0.0,0.0,1,1,1,94,4,2,-434.001,-3.804,4,0
2024-11-16 13:21:03.628649,071f2207-fd73-4526-96ac-fde1b00307c3,KXHIGHNY-24NOV16-B59.5,38276.371,2896,-1.0,61.539,1,99,0,63.3,3.8,-12.9,-6.8,-28.8,-0.4,4.2,50.8,25.3,100,0,31599.94,40.7,25.1,0,0,2.039,1.761,0.0,0.0,0.0,1,1,1,94,4,2,-434.001,-9.393,1,0
2024-11-16 13:21:28.912942,0e0fd65c-b90c-4cc5-9630-02c1fadd8cfb,KXHIGHNY-24NOV16-B63.5,38251.087,40,3.0,61.52,3,97,0,63.3,-0.2,-16.9,-10.8,-32.8,-4.4,4.2,50.8,25.3,100,0,31599.94,40.7,25.1,0,0,-1.98,1.78,0.0,0.0,0.0,1,1,1,94,3,2,-431.752,-4.823,3,0
2024-11-16 13:21:45.384101,fef266ec-a1b1-4875-b38b-817db85862a8,KXHIGHNY-24NOV16-B61.5,38234.616,1,1.0,61.52,94,6,1,63.3,1.8,-14.9,-8.8,-30.8,-2.4,4.2,50.8,25.3,100,0,31599.94,40.7,25.1,0,0,0.02,1.78,0.0,0.0,0.0,1,1,1,94,3,2,-431.752,-3.624,6,1
2024-11-16 13:23:17.769956,aa1bb204-33f4-41dc-ac73-338a29732e11,KXHIGHNY-24NOV16-B61.5,38142.23,16,1.0,61.519,95,5,1,63.3,1.8,-14.9,-8.8,-30.8,-2.4,4.2,50.8,25.3,100,0,31599.94,40.7,25.1,0,0,0.019,1.781,0.0,0.0,0.0,1,1,1,95,3,2,-437.3,-4.631,5,1
2024-11-16 13:23:17.769956,5ae6103a-1e70-4f69-98fe-bb13598818bc,KXHIGHNY-24NOV16-B61.5,38142.23,76,1.0,61.52,94,6,1,63.3,1.8,-14.9,-8.8,-30.8,-2.4,4.2,50.8,25.3,100,0,31599.94,40.7,25.1,0,0,0.02,1.78,0.0,0.0,0.0,1,1,1,94,3,2,-431.752,-3.626,6,1
2024-11-16 13:23:56.410828,c2a8c945-8576-44a1-944c-616bc54cebe8,KXHIGHNY-24NOV16-B59.5,38103.589,100,-1.0,61.52,1,99,0,63.3,3.8,-12.9,-6.8,-28.8,-0.4,4.2,50.8,25.3,100,0,31599.94,40.7,25.1,0,0,2.02,1.78,0.0,0.0,0.0,1,1,1,94,3,2,-431.752,-9.429,1,0
2024-11-16 13:25:20.741545,cf201a23-0208-49db-a35d-453e5dee3a3c,KXHIGHNY-24NOV16-B59.5,38019.258,10,-1.0,61.5,2,98,1,63.3,3.8,-12.9,-6.8,-28.8,-0.4,4.2,50.8,25.3,100,0,31599.94,40.7,25.1,0,0,2.0,1.8,0.0,0.0,0.0,1,1,2,94,3,2,-433.138,8.448,-2,0
2024-11-16 13:25:25.778007,1acff02d-7d89-4362-8ad6-3fdf91bacdc0,KXHIGHNY-24NOV16-B61.5,38014.222,10,1.0,61.5,92,8,0,63.3,1.8,-14.9,-8.8,-30.8,-2.4,4.2,50.8,25.3,100,0,31599.94,40.7,25.1,0,0,0.0,1.8,0.0,0.0,0.0,1,1,2,92,3,2,-422.073,1.664,-8,1
2024-11-16 13:25:32.508829,9aab7b6a-6a41-4856-9f3e-732d97b0ae16,KXHIGHNY-24NOV16-B63.5,38007.491,10,3.0,61.558,6,94,1,63.3,-0.2,-16.9,-10.8,-32.8,-4.4,4.2,50.8,25.3,100,0,31599.94,40.7,25.1,0,0,-1.942,1.742,0.0,0.0,0.0,1,1,2,92,6,2,-429.528,1.828,-6,0
2024-11-16 13:26:31.048612,baf4b258-eeda-4cc0-bacd-f105d998c6c0,KXHIGHNY-24NOV16-B63.5,37948.951,50,3.0,61.539,5,95,0,63.3,-0.2,-16.9,-10.8,-32.8,-4.4,4.2,50.8,25.3,100,0,31599.94,40.7,25.1,0,0,-1.961,1.761,0.0,0.0,0.0,1,1,2,92,5,2,-426.824,-2.828,5,0
2024-11-16 13:28:25.670594,38c7a8c1-1faa-4d5d-8df8-7308a51bf5ec,KXHIGHNY-24NOV16-B61.5,37834.329,200,1.0,61.539,91,9,0,63.3,1.8,-14.9,-8.8,-30.8,-2.4,4.2,50.8,25.3,100,0,31599.94,40.7,25.1,0,0,0.039,1.761,0.0,0.0,0.0,1,1,2,91,5,2,-421.308,0.759,-9,1
2024-11-16 13:28:25.670594,98dda5a9-5a19-47a4-a0e4-7fde6ab976ef,KXHIGHNY-24NOV16-B61.5,37834.329,151,1.0,61.54,88,12,0,63.3,1.8,-14.9,-8.8,-30.8,-2.4,4.2,50.8,25.3,100,0,31599.94,40.7,25.1,0,0,0.04,1.76,0.0,0.0,0.0,1,1,2,88,5,2,-404.825,-1.613,-12,1
2024-11-16 13:28:25.670594,35360e06-8f08-4901-9e9a-543644f944dc,KXHIGHNY-24NOV16-B61.5,37834.329,271,1.0,61.542,85,15,0,63.3,1.8,-14.9,-8.8,-30.8,-2.4,4.2,50.8,25.3,100,0,31599.94,40.7,25.1,0,0,0.042,1.758,0.0,0.0,0.0,1,1,2,85,5,2,-388.445,-5.273,-15,1
2024-11-16 13:28:25.670594,f571809e-635e-498f-8b7d-1a5fd7d26457,KXHIGHNY-24NOV16-B61.5,37834.329,135,1.0,61.539,92,8,0,63.3,1.8,-14.9,-8.8,-30.8,-2.4,4.2,50.8,25.3,100,0,31599.94,40.7,25.1,0,0,0.039,1.761,0.0,0.0,0.0,1,1,2,92,5,2,-426.824,2.393,-8,1
2024-11-16 13:28:25.670594,ae81b42c-28d5-4d82-aeb4-ae0ebfb9a758,KXHIGHNY-24NOV16-B61.5,37834.329,500,1.0,61.54,89,11,0,63.3,1.8,-14.9,-8.8,-30.8,-2.4,4.2,50.8,25.3,100,0,31599.94,40.7,25.1,0,0,0.04,1.76,0.0,0.0,0.0,1,1,2,89,5,2,-410.308,-0.608,-11,1
2024-11-16 13:28:25.670594,16277e90-b417-4475-93c7-2b38cca2cf61,KXHIGHNY-24NOV16-B61.5,37834.329,123,1.0,61.54,89,11,0,63.3,1.8,-14.9,-8.8,-30.8,-2.4,4.2,50.8,25.3,100,0,31599.94,40.7,25.1,0,0,0.04,1.76,0.0,0.0,0.0,1,1,2,89,5,2,-410.308,-1.307,-11,1
2024-11-16 13:28:42.125047,f5ee6392-52bd-4755-bc08-b517f8798f47,KXHIGHNY-24NOV16-B63.5,37817.875,17,3.0,61.52,4,96,1,63.3,-0.2,-16.9,-10.8,-32.8,-4.4,4.2,50.8,25.3,100,0,31599.94,40.7,25.1,0,0,-1.98,1.78,0.0,0.0,0.0,1,1,2,89,4,2,-407.806,3.832,-4,0
2024-11-16 13:28:52.096740,afb749e8-9783-481e-ad64-d0a5daffe0e6,KXHIGHNY-24NOV16-B59.5,37807.903,19,-1.0,61.5,3,97,1,63.3,3.8,-12.9,-6.8,-28.8,-0.4,4.2,50.8,25.3,100,0,31599.94,40.7,25.1,0,0,2.0,1.8,0.0,0.0,0.0,1,1,3,89,4,2,-409.716,7.513,-3,0
2024-11-16 13:28:52.096740,8a6d79b0-1533-43f5-8a1d-900275bb4fcd,KXHIGHNY-24NOV16-B59.5,37807.903,990,-1.0,61.52,2,98,1,63.3,3.8,-12.9,-6.8,-28.8,-0.4,4.2,50.8,25.3,100,0,31599.94,40.7,25.1,0,0,2.02,1.78,0.0,0.0,0.0,1,1,2,89,4,2,-407.806,8.471,-2,0
2024-11-16 13:28:52.096740,792e8326-788a-47d2-abe6-280025ea20c3,KXHIGHNY-24NOV16-B59.5,37807.903,100,-1.0,61.5,3,97,1,63.3,3.8,-12.9,-6.8,-28.8,-0.4,4.2,50.8,25.3,100,0,31599.94,40.7,25.1,0,0,2.0,1.8,0.0,0.0,0.0,1,1,3,89,4,2,-409.716,7.463,-3,0
2024-11-16 13:28:56.472739,29c2c68f-9889-4e67-90ac-f3cb852edc3a,KXHIGHNY-24NOV16-B59.5,37803.527,218,-1.0,61.5,3,97,1,63.3,3.8,-12.9,-6.8,-28.8,-0.4,4.2,50.8,25.3,100,0,31599.94,40.7,25.1,0,0,2.0,1.8,0.0,0.0,0.0,1,1,3,89,4,2,-409.716,7.553,-3,0
2024-11-16 13:29:49.325658,6a116ee8-ad3f-4b23-bbb9-7d9396ab3428,KXHIGHNY-24NOV16-B63.5,37750.674,1,3.0,61.459,2,98,0,63.3,-0.2,-16.9,-10.8,-32.8,-4.4,4.2,50.8,25.3,100,0,31599.94,40.7,25.1,0,0,-2.041,1.841,0.0,0.0,0.0,1,1,3,89,2,2,-405.557,-5.835,2,0
2024-11-16 13:29:49.325658,17c589e8-52f8-4cf8-84eb-9c11d285dd57,KXHIGHNY-24NOV16-B63.5,37750.674,3,3.0,61.459,2,98,0,63.3,-0.2,-16.9,-10.8,-32.8,-4.4,4.2,50.8,25.3,100,0,31599.94,40.7,25.1,0,0,-2.041,1.841,0.0,0.0,0.0,1,1,3,89,2,2,-405.557,-5.834,2,0
2024-11-16 13:30:43.814889,4361a90a-8f10-4ef3-854a-9826c441e429,KXHIGHNY-24NOV16-B61.5,37696.185,50,1.0,61.462,97,3,1,63.3,1.8,-14.9,-8.8,-30.8,-2.4,4.2,50.8,25.3,100,0,31599.94,40.7,25.1,0,0,-0.038,1.838,0.0,0.0,0.0,1,1,3,97,2,2,-449.815,-7.434,3,1
2024-11-16 13:30:43.814889,56cf38ca-2a32-4c54-8711-d3da95a177b9,KXHIGHNY-24NOV16-B61.5,37696.185,25,1.0,61.462,95,5,1,63.3,1.8,-14.9,-8.8,-30.8,-2.4,4.2,50.8,25.3,100,0,31599.94,40.7,25.1,0,0,-0.038,1.838,0.0,0.0,0.0,1,1,3,95,2,2,-438.687,-5.443,5,1
2024-11-16 13:30:43.814889,0219c17e-30ad-48cf-a83f-9534083d6387,KXHIGHNY-24NOV16-B61.5,37696.185,33,1.0,61.462,95,5,1,63.3,1.8,-14.9,-8.8,-30.8,-2.4,4.2,50.8,25.3,100,0,31599.94,40.7,25.1,0,0,-0.038,1.838,0.0,0.0,0.0,1,1,3,95,2,2,-438.687,-5.394,5,1
2024-11-16 13:30:43.814889,e5948eb8-0b3e-4c98-a695-0c7547bc9b7e,KXHIGHNY-24NOV16-B61.5,37696.185,145,1.0,61.461,94,6,1,63.3,1.8,-14.9,-8.8,-30.8,-2.4,4.2,50.8,25.3,100,0,31599.94,40.7,25.1,0,0,-0.039,1.839,0.0,0.0,0.0,1,1,3,94,2,2,-433.138,-4.463,6,1
2024-11-16 13:30:43.814889,c6af95bd-09d3-4bc6-a396-e9c588c99459,KXHIGHNY-24NOV16-B61.5,37696.185,9,1.0,61.462,97,3,1,63.3,1.8,-14.9,-8.8,-30.8,-2.4,4.2,50.8,25.3,100,0,31599.94,40.7,25.1,0,0,-0.038,1.838,0.0,0.0,0.0,1,1,3,97,2,2,-449.815,-7.462,3,1
2024-11-16 13:30:57.840289,a233b288-b078-40b2-95ca-69d29f4c3535,KXHIGHNY-24NOV16-B59.5,37682.16,246,-1.0,61.462,3,97,1,63.3,3.8,-12.9,-6.8,-28.8,-0.4,4.2,50.8,25.3,100,0,31599.94,40.7,25.1,0,0,1.962,1.838,0.0,0.0,0.0,1,1,3,95,2,2,-438.687,7.592,-3,0
2024-11-16 13:31:37.060796,e3153ba9-af99-4e4b-a91e-3370c293ddca,KXHIGHNY-24NOV16-B59.5,37642.939,1109,-1.0,61.5,1,99,0,63.3,3.8,-12.9,-6.8,-28.8,-0.4,4.2,50.8,25.3,100,0,31599.94,40.7,25.1,0,0,2.0,1.8,0.0,0.0,0.0,1,1,1,95,2,2,-435.391,-9.659,1,0
2024-11-16 13:32:45.011882,eb04be16-7cf1-43b7-a5e8-1c6483792aea,KXHIGHNY-24NOV16-B57.5,37574.988,10,-3.0,61.5,1,99,1,63.3,5.8,-10.9,-4.8,-26.8,1.6,4.2,50.8,25.3,100,0,31599.94,40.7,25.1,0,0,4.0,1.8,0.0,0.0,0.0,1,1,1,95,2,2,-435.391,1.805,-1,0
2024-11-16 13:32:56.557712,36d1fcc7-9b74-48d7-9398-3afe69276987,KXHIGHNY-24NOV16-T64,37563.442,10,5.0,61.46,1,99,1,63.3,-2.2,-18.9,-12.8,-34.8,-6.4,4.2,50.8,25.3,100,0,31599.94,40.7,25.1,0,0,-4.04,1.84,0.0,0.0,0.0,1,1,1,95,2,1,-434.005,0.988,-1,0
2024-11-16 13:33:08.714799,f87f7176-cf0d-4a85-b2f5-64a111ef5927,KXHIGHNY-24NOV16-B63.5,37551.285,117,3.0,61.5,4,96,1,63.3,-0.2,-16.9,-10.8,-32.8,-4.4,4.2,50.8,25.3,100,0,31599.94,40.7,25.1,0,0,-2.0,1.8,0.0,0.0,0.0,1,1,1,95,4,1,-438.163,3.836,-4,0
2024-11-16 13:36:21.844553,c87d4dac-c659-4ad1-af94-6ab6c48eb86a,KXHIGHNY-24NOV16-B59.5,37358.155,517,-1.0,61.5,1,99,0,63.3,3.8,-12.9,-6.8,-28.8,-0.4,4.2,50.8,25.3,100,0,31599.94,40.7,25.1,0,0,2.0,1.8,0.0,0.0,0.0,1,1,1,95,4,1,-438.163,-9.672,1,0
2024-11-16 13:37:51.985460,57deeef8-f10d-4ed3-9081-6b040b4c5e26,KXHIGHNY-24NOV16-B63.5,37268.015,23,3.0,61.5,4,96,1,63.3,-0.2,-16.9,-10.8,-32.8,-4.4,4.2,50.8,25.3,100,0,31599.94,40.7,25.1,0,0,-2.0,1.8,0.0,0.0,0.0,1,1,1,95,4,1,-438.163,3.837,-4,0
2024-11-16 13:38:55.904757,2e93b2a6-ff47-4d20-9862-111edcc61824,KXHIGHNY-24NOV16-B63.5,37204.095,100,3.0,61.46,2,98,0,63.3,-0.2,-16.9,-10.8,-32.8,-4.4,4.2,50.8,25.3,100,0,31599.94,40.7,25.1,0,0,-2.04,1.84,0.0,0.0,0.0,1,1,1,95,2,1,-434.005,-5.843,2,0
2024-11-16 13:38:55.904757,9eac0ca2-3022-48a0-a0c8-c644529a1de0,KXHIGHNY-24NOV16-B63.5,37204.095,60,3.0,61.46,2,98,0,63.3,-0.2,-16.9,-10.8,-32.8,-4.4,4.2,50.8,25.3,100,0,31599.94,40.7,25.1,0,0,-2.04,1.84,0.0,0.0,0.0,1,1,1,95,2,1,-434.005,-5.845,2,0
2024-11-16 13:39:03.671458,e3573106-ccbb-450f-81ad-4097aa316920,KXHIGHNY-24NOV16-B63.5,37196.329,440,3.0,61.46,2,98,1,63.3,-0.2,-16.9,-10.8,-32.8,-4.4,4.2,50.8,25.3,100,0,31599.94,40.7,25.1,0,0,-2.04,1.84,0.0,0.0,0.0,1,1,1,95,2,1,-434.005,5.853,-2,0
2024-11-16 13:39:05.348532,0dcaadde-859a-4224-958a-7daa9cc57fd7,KXHIGHNY-24NOV16-B63.5,37194.651,333,3.0,61.5,4,96,1,63.3,-0.2,-16.9,-10.8,-32.8,-4.4,4.2,50.8,25.3,100,0,31599.94,40.7,25.1,0,0,-2.0,1.8,0.0,0.0,0.0,1,1,1,95,4,1,-438.163,3.856,-4,0
2024-11-16 13:39:16.756959,fc3247f0-ea6a-4bca-92f5-a40a59e6cfa7,KXHIGHNY-24NOV16-B63.5,37183.243,25,3.0,61.61,10,90,1,63.3,-0.2,-16.9,-10.8,-32.8,-4.4,4.2,50.8,25.3,100,0,31599.94,40.7,25.1,0,0,-1.89,1.69,0.0,0.0,0.0,1,1,1,95,10,1,-455.644,-2.116,-10,0
2024-11-16 13:39:16.756959,fa6c5f33-3450-4656-a0bf-e5d0508ca648,KXHIGHNY-24NOV16-B63.5,37183.243,70,3.0,61.519,5,95,1,63.3,-0.2,-16.9,-10.8,-32.8,-4.4,4.2,50.8,25.3,100,0,31599.94,40.7,25.1,0,0,-1.981,1.781,0.0,0.0,0.0,1,1,1,95,5,1,-440.665,2.884,-5,0
2024-11-16 13:39:16.756959,e5f6d8b6-cb06-4b35-8ebb-b690a25df5be,KXHIGHNY-24NOV16-B63.5,37183.243,160,3.0,61.61,10,90,1,63.3,-0.2,-16.9,-10.8,-32.8,-4.4,4.2,50.8,25.3,100,0,31599.94,40.7,25.1,0,0,-1.89,1.69,0.0,0.0,0.0,1,1,1,95,10,1,-455.644,-2.118,-10,0
2024-11-16 13:39:16.756959,e3a1e6f3-3e0b-4719-a4ba-f430b2c79337,KXHIGHNY-24NOV16-B63.5,37183.243,300,3.0,61.593,9,91,1,63.3,-0.2,-16.9,-10.8,-32.8,-4.4,4.2,50.8,25.3,100,0,31599.94,40.7,25.1,0,0,-1.907,1.707,0.0,0.0,0.0,1,1,1,95,9,1,-452.393,-1.132,-9,0
2024-11-16 13:39:16.756959,dba29bbb-0a5e-4938-b506-c1708bae6093,KXHIGHNY-24NOV16-B63.5,37183.243,25,3.0,61.519,5,95,1,63.3,-0.2,-16.9,-10.8,-32.8,-4.4,4.2,50.8,25.3,100,0,31599.94,40.7,25.1,0,0,-1.981,1.781,0.0,0.0,0.0,1,1,1,95,5,1,-440.665,2.867,-5,0
2024-11-16 13:39:16.756959,d6c99a5b-9a71-475d-87c2-201774c758c1,KXHIGHNY-24NOV16-B63.5,37183.243,72,3.0,61.593,9,91,1,63.3,-0.2,-16.9,-10.8,-32.8,-4.4,4.2,50.8,25.3,100,0,31599.94,40.7,25.1,0,0,-1.907,1.707,0.0,0.0,0.0,1,1,1,95,9,1,-452.393,-1.137,-9,0
2024-11-16 13:39:16.756959,bd9a1955-47d2-4b45-a31c-535ff7a92dbe,KXHIGHNY-24NOV16-B63.5,37183.243,100,3.0,61.593,9,91,1,63.3,-0.2,-16.9,-10.8,-32.8,-4.4,4.2,50.8,25.3,100,0,31599.94,40.7,25.1,0,0,-1.907,1.707,0.0,0.0,0.0,1,1,1,95,9,1,-452.393,-1.141,-9,0
2024-11-16 13:39:49.987712,c01840fb-a075-4439-9481-1f2a4aeab2ee,KXHIGHNY-24NOV16-B63.5,37150.012,15,3.0,61.61,10,90,1,63.3,-0.2,-16.9,-10.8,-32.8,-4.4,4.2,50.8,25.3,100,0,31599.94,40.7,25.1,0,0,-1.89,1.69,0.0,0.0,0.0,1,1,1,95,10,1,-455.644,-2.115,-10,0
2024-11-16 13:40:06.540534,5eac7653-5010-492d-8dec-5a6755c816d7,KXHIGHNY-24NOV16-B59.5,37133.459,27,-1.0,61.61,1,99,0,63.3,3.8,-12.9,-6.8,-28.8,-0.4,4.2,50.8,25.3,100,0,31599.94,40.7,25.1,0,0,2.11,1.69,0.0,0.0,0.0,1,1,1,95,10,1,-455.644,-9.678,1,0
2024-11-16 13:40:16.521586,83721a9f-6209-4e89-9630-9d073456e7ca,KXHIGHNY-24NOV16-B61.5,37123.478,22,1.0,61.613,92,8,0,63.3,1.8,-14.9,-8.8,-30.8,-2.4,4.2,50.8,25.3,100,0,31599.94,40.7,25.1,0,0,0.113,1.687,0.0,0.0,0.0,1,1,1,92,10,1,-439.03,2.465,-8,1
2024-11-16 13:42:13.103382,ba20e9f4-4907-44c2-a361-1d3ab96cfb3d,KXHIGHNY-24NOV16-B61.5,37006.897,11,1.0,61.613,92,8,0,63.3,1.8,-14.9,-8.8,-30.8,-2.4,4.2,50.8,25.3,100,0,31599.94,40.7,25.1,0,0,0.113,1.687,0.0,0.0,0.0,1,1,1,92,10,1,-439.03,2.474,-8,1
2024-11-16 13:44:14.192754,7c1459b8-ca20-4303-aeb7-37ab1d315be5,KXHIGHNY-24NOV16-B59.5,36885.807,27,-1.0,61.613,1,99,0,63.3,3.8,-12.9,-6.8,-28.8,-0.4,4.2,50.8,25.3,100,0,31599.94,40.7,25.1,0,0,2.113,1.687,0.0,0.0,0.0,1,1,1,92,10,1,-439.03,-9.693,1,0
2024-11-16 13:47:03.939217,9061163d-60ae-4998-839f-901073bfbb27,KXHIGHNY-24NOV16-B61.5,36716.061,220,1.0,61.615,90,10,1,63.3,1.8,-14.9,-8.8,-30.8,-2.4,4.2,50.8,25.3,100,0,31599.94,40.7,25.1,0,0,0.115,1.685,0.0,0.0,0.0,1,1,1,90,10,1,-428.009,-0.474,10,1
2024-11-16 13:47:47.590160,f7bc1adc-33c9-41c5-bec6-bfe6d205d3c1,KXHIGHNY-24NOV16-B61.5,36672.41,39,1.0,61.618,88,12,0,63.3,1.8,-14.9,-8.8,-30.8,-2.4,4.2,50.8,25.3,100,0,31599.94,40.7,25.1,0,0,0.118,1.682,0.0,0.0,0.0,1,1,1,88,10,1,-417.031,-1.49,-12,1
2024-11-16 13:48:10.834901,27ddaf6e-bf7e-4e9b-8a8d-faca2257fd96,KXHIGHNY-24NOV16-B59.5,36649.165,312,-1.0,61.577,3,97,1,63.3,3.8,-12.9,-6.8,-28.8,-0.4,4.2,50.8,25.3,100,0,31599.94,40.7,25.1,0,0,2.077,1.723,0.0,0.0,0.0,1,1,3,88,10,1,-420.327,7.695,-3,0
2024-11-16 13:48:49.449129,25634ee4-55ce-4472-9cfc-f5e0c63c819c,KXHIGHNY-24NOV16-B63.5,36610.551,23,3.0,61.539,8,92,1,63.3,-0.2,-16.9,-10.8,-32.8,-4.4,4.2,50.8,25.3,100,0,31599.94,40.7,25.1,0,0,-1.961,1.761,0.0,0.0,0.0,1,1,3,88,8,1,-413.937,-0.11,-8,0
2024-11-16 13:48:55.209753,6c0d37cf-a1b4-4955-a0d7-3b2f556f67c0,KXHIGHNY-24NOV16-B61.5,36604.79,500,1.0,61.539,89,11,1,63.3,1.8,-14.9,-8.8,-30.8,-2.4,4.2,50.8,25.3,100,0,31599.94,40.7,25.1,0,0,0.039,1.761,0.0,0.0,0.0,1,1,3,89,8,1,-419.42,0.489,11,1
2024-11-16 13:48:55.727426,acaba211-2dcf-4254-b4bd-963c526e77e3,KXHIGHNY-24NOV16-B61.5,36604.273,500,1.0,61.539,89,11,1,63.3,1.8,-14.9,-8.8,-30.8,-2.4,4.2,50.8,25.3,100,0,31599.94,40.7,25.1,0,0,0.039,1.761,0.0,0.0,0.0,1,1,3,89,8,1,-419.42,0.486,11,1
2024-11-16 13:49:44.435796,0640f2e7-09f4-4f48-953d-829ffa8ee7a7,KXHIGHNY-24NOV16-B61.5,36555.564,551,1.0,61.538,90,10,1,63.3,1.8,-14.9,-8.8,-30.8,-2.4,4.2,50.8,25.3,100,0,31599.94,40.7,25.1,0,0,0.038,1.762,0.0,0.0,0.0,1,1,3,90,8,1,-424.914,-0.557,10,1
2024-11-16 13:50:01.196085,6672dd98-1bb1-4900-95f6-62723ef2e17d,KXHIGHNY-24NOV16-B61.5,36538.804,54,1.0,61.539,89,11,0,63.3,1.8,-14.9,-8.8,-30.8,-2.4,4.2,50.8,25.3,100,0,31599.94,40.7,25.1,0,0,0.039,1.761,0.0,0.0,0.0,1,1,3,89,8,1,-419.42,-0.441,-11,1
2024-11-16 13:50:15.858109,bde81c36-b082-413c-a2b2-f811f4c133b7,KXHIGHNY-24NOV16-B59.5,36524.142,48,-1.0,61.579,1,99,0,63.3,3.8,-12.9,-6.8,-28.8,-0.4,4.2,50.8,25.3,100,0,31599.94,40.7,25.1,0,0,2.079,1.721,0.0,0.0,0.0,1,1,1,89,8,1,-416.124,-9.699,1,0
2024-11-16 13:50:53.693800,3a39dbff-9a76-4f14-9d06-abcbbbde9647,KXHIGHNY-24NOV16-B63.5,36486.306,3,3.0,61.579,8,92,1,63.3,-0.2,-16.9,-10.8,-32.8,-4.4,4.2,50.8,25.3,100,0,31599.94,40.7,25.1,0,0,-1.921,1.721,0.0,0.0,0.0,1,1,1,89,8,1,-416.124,-0.108,-8,0
2024-11-16 13:52:39.900516,66e4bc77-831c-47c9-9bbf-63f1fa046ccd,KXHIGHNY-24NOV16-B59.5,36380.099,2756,-1.0,61.579,1,99,0,63.3,3.8,-12.9,-6.8,-28.8,-0.4,4.2,50.8,25.3,100,0,31599.94,40.7,25.1,0,0,2.079,1.721,0.0,0.0,0.0,1,1,1,89,8,1,-416.124,-9.708,1,0
2024-11-16 13:53:53.051938,f9196b49-73a2-4e39-9fa9-f26bc0e79056,KXHIGHNY-24NOV16-B61.5,36306.948,1,1.0,61.578,90,10,1,63.3,1.8,-14.9,-8.8,-30.8,-2.4,4.2,50.8,25.3,100,0,31599.94,40.7,25.1,0,0,0.078,1.722,0.0,0.0,0.0,1,1,1,90,8,1,-421.618,-0.564,10,1
2024-11-16 13:54:58.696167,5564ff35-041f-4393-86fe-13daaa1735bc,KXHIGHNY-24NOV16-B59.5,36241.304,249,-1.0,61.578,1,99,0,63.3,3.8,-12.9,-6.8,-28.8,-0.4,4.2,50.8,25.3,100,0,31599.94,40.7,25.1,0,0,2.078,1.722,0.0,0.0,0.0,1,1,1,90,8,1,-421.618,-9.738,1,0
2024-11-16 13:54:58.778996,8db49c06-c9ef-4349-bed4-cd82cdce07ab,KXHIGHNY-24NOV16-B59.5,36241.221,249,-1.0,61.578,1,99,0,63.3,3.8,-12.9,-6.8,-28.8,-0.4,4.2,50.8,25.3,100,0,31599.94,40.7,25.1,0,0,2.078,1.722,0.0,0.0,0.0,1,1,1,90,8,1,-421.618,-9.754,1,0
2024-11-16 13:54:58.862165,9a97b91e-6ebe-4eb4-9a3f-7395b0cf41e3,KXHIGHNY-24NOV16-B59.5,36241.138,249,-1.0,61.578,1,99,0,63.3,3.8,-12.9,-6.8,-28.8,-0.4,4.2,50.8,25.3,100,0,31599.94,40.7,25.1,0,0,2.078,1.722,0.0,0.0,0.0,1,1,1,90,8,1,-421.618,-9.755,1,0
2024-11-16 13:54:58.943455,110f2368-9084-4f53-98a4-f092e57119a6,KXHIGHNY-24NOV16-B59.5,36241.057,249,-1.0,61.578,1,99,0,63.3,3.8,-12.9,-6.8,-28.8,-0.4,4.2,50.8,25.3,100,0,31599.94,40.7,25.1,0,0,2.078,1.722,0.0,0.0,0.0,1,1,1,90,8,1,-421.618,-9.797,1,0
2024-11-16 13:54:59.167949,5d0ed6be-08db-4aff-88eb-8644a08914b9,KXHIGHNY-24NOV16-B59.5,36240.832,1500,-1.0,61.578,1,99,0,63.3,3.8,-12.9,-6.8,-28.8,-0.4,4.2,50.8,25.3,100,0,31599.94,40.7,25.1,0,0,2.078,1.722,0.0,0.0,0.0,1,1,1,90,8,1,-421.618,-9.819,1,0
2024-11-16 13:54:59.281335,c699ed73-85b5-4c0f-92cb-fee55b17b49d,KXHIGHNY-24NOV16-B59.5,36240.719,15225,-1.0,61.578,1,99,0,63.3,3.8,-12.9,-6.8,-28.8,-0.4,4.2,50.8,25.3,100,0,31599.94,40.7,25.1,0,0,2.078,1.722,0.0,0.0,0.0,1,1,1,90,8,1,-421.618,-9.846,1,0
2024-11-16 13:54:59.281335,3faa3d17-8f66-4e06-a09a-550ec117c08f,KXHIGHNY-24NOV16-B59.5,36240.719,1,-1.0,61.578,1,99,0,63.3,3.8,-12.9,-6.8,-28.8,-0.4,4.2,50.8,25.3,100,0,31599.94,40.7,25.1,0,0,2.078,1.722,0.0,0.0,0.0,1,1,1,90,8,1,-421.618,-9.819,1,0
2024-11-16 13:55:02.378457,de7914a4-630b-4454-9180-ad074f7222a3,KXHIGHNY-24NOV16-B59.5,36237.622,2337,-1.0,61.578,1,99,1,63.3,3.8,-12.9,-6.8,-28.8,-0.4,4.2,50.8,25.3,100,0,31599.94,40.7,25.1,0,0,2.078,1.722,0.0,0.0,0.0,1,1,1,90,8,1,-421.618,9.846,-1,0
2024-11-16 13:55:17.952023,1c527adc-5267-4aa8-a7f6-3bc7e5a2a634,KXHIGHNY-24NOV16-B61.5,36222.048,87,1.0,61.578,90,10,1,63.3,1.8,-14.9,-8.8,-30.8,-2.4,4.2,50.8,25.3,100,0,31599.94,40.7,25.1,0,0,0.078,1.722,0.0,0.0,0.0,1,1,1,90,8,1,-421.618,-0.602,10,1
2024-11-16 13:55:17.952023,ece6fad9-4bf8-4e1a-91dd-10fda81a2074,KXHIGHNY-24NOV16-B61.5,36222.048,23,1.0,61.578,90,10,1,63.3,1.8,-14.9,-8.8,-30.8,-2.4,4.2,50.8,25.3,100,0,31599.94,40.7,25.1,0,0,0.078,1.722,0.0,0.0,0.0,1,1,1,90,8,1,-421.618,-0.639,10,1
2024-11-16 13:55:44.878003,d7638940-f522-4824-b50f-afde2ffb8b34,KXHIGHNY-24NOV16-B61.5,36195.122,7,1.0,61.578,90,10,1,63.3,1.8,-14.9,-8.8,-30.8,-2.4,4.2,50.8,25.3,100,0,31599.94,40.7,25.1,0,0,0.078,1.722,0.0,0.0,0.0,1,1,1,90,8,1,-421.618,-0.644,10,1
2024-11-16 13:57:23.884194,a93e776f-fbb8-469e-b58f-cc7c425fe987,KXHIGHNY-24NOV16-B63.5,36096.116,2000,3.0,61.578,8,92,0,63.3,-0.2,-16.9,-10.8,-32.8,-4.4,4.2,50.8,25.3,100,0,31599.94,40.7,25.1,0,0,-1.922,1.722,0.0,0.0,0.0,1,1,1,90,8,1,-421.618,0.095,8,0
2024-11-16 13:58:06.436651,97aeb7c2-7442-4ef2-baa2-36e5ded10c8a,KXHIGHNY-24NOV16-B61.5,36053.563,30,1.0,61.577,92,8,1,63.3,1.8,-14.9,-8.8,-30.8,-2.4,4.2,50.8,25.3,100,0,31599.94,40.7,25.1,0,0,0.077,1.723,0.0,0.0,0.0,1,1,1,92,8,1,-432.64,-2.669,8,1
2024-11-16 13:58:06.436651,432492f9-88fa-4632-910c-df161ff5a2f8,KXHIGHNY-24NOV16-B61.5,36053.563,24,1.0,61.577,92,8,1,63.3,1.8,-14.9,-8.8,-30.8,-2.4,4.2,50.8,25.3,100,0,31599.94,40.7,25.1,0,0,0.077,1.723,0.0,0.0,0.0,1,1,1,92,8,1,-432.64,-2.648,8,1
2024-11-16 13:58:25.215225,ea1879bc-cba9-45a9-9b27-cacda155eb08,KXHIGHNY-24NOV16-B63.5,36034.785,744,3.0,61.648,12,88,1,63.3,-0.2,-16.9,-10.8,-32.8,-4.4,4.2,50.8,25.3,100,0,31599.94,40.7,25.1,0,0,-1.852,1.652,0.0,0.0,0.0,1,1,1,92,12,1,-445.823,-4.057,-12,0
2024-11-16 13:58:25.215225,cbb9ac93-bc42-4b94-a7b1-68aa5dde8193,KXHIGHNY-24NOV16-B63.5,36034.785,40,3.0,61.648,12,88,1,63.3,-0.2,-16.9,-10.8,-32.8,-4.4,4.2,50.8,25.3,100,0,31599.94,40.7,25.1,0,0,-1.852,1.652,0.0,0.0,0.0,1,1,1,92,12,1,-445.823,-4.071,-12,0
2024-11-16 13:58:49.671854,664985b1-e99e-408d-ad2e-ad82221f5abf,KXHIGHNY-24NOV16-B61.5,36010.328,46,1.0,61.652,89,11,0,63.3,1.8,-14.9,-8.8,-30.8,-2.4,4.2,50.8,25.3,100,0,31599.94,40.7,25.1,0,0,0.152,1.648,0.0,0.0,0.0,1,1,1,89,12,1,-429.308,-0.327,-11,1
2024-11-16 13:59:19.239686,36cab176-1f71-4ad9-bcdb-dba7312d989a,KXHIGHNY-24NOV16-B63.5,35980.76,2,3.0,61.704,15,85,1,63.3,-0.2,-16.9,-10.8,-32.8,-4.4,4.2,50.8,25.3,100,0,31599.94,40.7,25.1,0,0,-1.796,1.596,0.0,0.0,0.0,1,1,1,89,15,1,-440.109,-7.023,-15,0
2024-11-16 14:00:47.346884,4c4bce8e-b034-48ab-a20a-670f1f234e0a,KXHIGHNY-24NOV16-B61.5,35892.653,5,1.0,61.696,93,7,1,63.3,1.8,-14.9,-8.8,-30.8,0.3,1.5,50.8,25.3,100,0,31599.94,41.4,24.2,0,0,0.196,1.604,0.0,0.0,0.0,1,1,1,93,15,1,-462.153,-3.675,7,1
2024-11-16 14:00:57.936457,36552aec-f8fb-4541-a850-f06c585c5488,KXHIGHNY-24NOV16-T64,35882.064,90,5.0,61.696,1,99,1,63.3,-2.2,-18.9,-12.8,-34.8,-3.7,1.5,50.8,25.3,100,0,31599.94,41.4,24.2,0,0,-3.804,1.604,0.0,0.0,0.0,1,1,1,93,15,1,-462.153,0.988,-1,0
2024-11-16 14:00:57.936457,42cfd8f9-c4d7-4183-92e1-9558d8213a22,KXHIGHNY-24NOV16-T64,35882.064,2,5.0,61.696,1,99,1,63.3,-2.2,-18.9,-12.8,-34.8,-3.7,1.5,50.8,25.3,100,0,31599.94,41.4,24.2,0,0,-3.804,1.604,0.0,0.0,0.0,1,1,1,93,15,1,-462.153,0.988,-1,0
2024-11-16 14:01:12.130173,e0bcb439-054f-4d99-a8c2-9d32add055e1,KXHIGHNY-24NOV16-B61.5,35867.87,2,1.0,61.698,92,8,0,63.3,1.8,-14.9,-8.8,-30.8,0.3,1.5,50.8,25.3,100,0,31599.94,41.4,24.2,0,0,0.198,1.602,0.0,0.0,0.0,1,1,1,92,15,1,-456.625,2.681,-8,1
2024-11-16 14:01:20.919938,ecc7a811-e2b1-4e53-a8e0-e74813e635f4,KXHIGHNY-24NOV16-B61.5,35859.08,28,1.0,61.698,92,8,0,63.3,1.8,-14.9,-8.8,-30.8,0.3,1.5,50.8,25.3,100,0,31599.94,41.4,24.2,0,0,0.198,1.602,0.0,0.0,0.0,1,1,1,92,15,1,-456.625,2.696,-8,1
2024-11-16 14:02:28.703167,f44e78d6-e61b-41be-81be-f780ff87bd09,KXHIGHNY-24NOV16-B59.5,35791.297,21,-1.0,61.698,1,99,1,63.3,3.8,-12.9,-6.8,-28.8,2.3,1.5,50.8,25.3,100,0,31599.94,41.4,24.2,0,0,2.198,1.602,0.0,0.0,0.0,1,1,1,92,15,1,-456.625,9.846,-1,0
2024-11-16 14:02:30.724538,e81f0a8c-12aa-40c9-b2e4-a2d9022abab4,KXHIGHNY-24NOV16-B61.5,35789.275,28,1.0,61.696,93,7,1,63.3,1.8,-14.9,-8.8,-30.8,0.3,1.5,50.8,25.3,100,0,31599.94,41.4,24.2,0,0,0.196,1.604,0.0,0.0,0.0,1,1,1,93,15,1,-462.153,-3.742,7,1
2024-11-16 14:02:30.724538,c1c997a3-199a-4cbd-a07f-9d59432035be,KXHIGHNY-24NOV16-B61.5,35789.275,1,1.0,61.696,93,7,1,63.3,1.8,-14.9,-8.8,-30.8,0.3,1.5,50.8,25.3,100,0,31599.94,41.4,24.2,0,0,0.196,1.604,0.0,0.0,0.0,1,1,1,93,15,1,-462.153,-3.719,7,1
2024-11-16 14:02:30.724538,40b517b0-30fa-4227-8957-d28e2f9beaf8,KXHIGHNY-24NOV16-B61.5,35789.275,22,1.0,61.698,92,8,1,63.3,1.8,-14.9,-8.8,-30.8,0.3,1.5,50.8,25.3,100,0,31599.94,41.4,24.2,0,0,0.198,1.602,0.0,0.0,0.0,1,1,1,92,15,1,-456.625,-2.718,8,1
2024-11-16 14:02:30.724538,2928ada5-5576-4c6e-965b-5ee2a1228d35,KXHIGHNY-24NOV16-B61.5,35789.275,2,1.0,61.693,95,5,1,63.3,1.8,-14.9,-8.8,-30.8,0.3,1.5,50.8,25.3,100,0,31599.94,41.4,24.2,0,0,0.193,1.607,0.0,0.0,0.0,1,1,1,95,15,1,-473.239,-5.703,5,1
2024-11-16 14:02:55.491225,df4235bf-57cc-48ff-8b05-1dc52266a9df,KXHIGHNY-24NOV16-B61.5,35764.509,1,1.0,61.693,95,5,1,63.3,1.8,-14.9,-8.8,-30.8,0.3,1.5,50.8,25.3,100,0,31599.94,41.4,24.2,0,0,0.193,1.607,0.0,0.0,0.0,1,1,1,95,15,1,-473.239,-5.748,5,1
2024-11-16 14:04:03.918045,e9bc7316-98b6-45db-b290-e2bcc7961f8e,KXHIGHNY-24NOV16-B61.5,35696.082,45,1.0,61.695,94,6,1,63.3,1.8,-14.9,-8.8,-30.8,0.3,1.5,50.8,25.3,100,0,31599.94,41.4,24.2,0,0,0.195,1.605,0.0,0.0,0.0,1,1,1,94,15,1,-467.69,-4.752,6,1
2024-11-16 14:04:42.328263,3e5e4b80-af1d-4235-98ab-b324157a6ec5,KXHIGHNY-24NOV16-B61.5,35657.672,54,1.0,61.69,97,3,1,63.3,1.8,-14.9,-8.8,-30.8,0.3,1.5,50.8,25.3,100,0,31599.94,41.4,24.2,0,0,0.19,1.61,0.0,0.0,0.0,1,1,1,97,15,1,-484.368,-7.761,3,1
2024-11-16 14:04:42.328263,522c4bb6-b7c4-406d-bd9f-ec1e4da941b2,KXHIGHNY-24NOV16-B61.5,35657.672,41,1.0,61.693,95,5,1,63.3,1.8,-14.9,-8.8,-30.8,0.3,1.5,50.8,25.3,100,0,31599.94,41.4,24.2,0,0,0.193,1.607,0.0,0.0,0.0,1,1,1,95,15,1,-473.239,-5.767,5,1
2024-11-16 14:04:42.328263,6d5f0566-fca4-474d-98e8-0c1206989e2c,KXHIGHNY-24NOV16-B61.5,35657.672,88,1.0,61.688,98,2,1,63.3,1.8,-14.9,-8.8,-30.8,0.3,1.5,50.8,25.3,100,0,31599.94,41.4,24.2,0,0,0.188,1.612,0.0,0.0,0.0,1,1,1,98,15,1,-489.948,-8.784,2,1
2024-11-16 14:04:42.328263,a5e76ccf-da7c-475f-9591-71a234674183,KXHIGHNY-24NOV16-B61.5,35657.672,100,1.0,61.69,97,3,1,63.3,1.8,-14.9,-8.8,-30.8,0.3,1.5,50.8,25.3,100,0,31599.94,41.4,24.2,0,0,0.19,1.61,0.0,0.0,0.0,1,1,1,97,15,1,-484.368,-7.796,3,1
2024-11-16 14:04:42.328263,972cd6bf-3d59-43a5-a0bc-975af85bd8f7,KXHIGHNY-24NOV16-B61.5,35657.672,39,1.0,61.696,93,7,1,63.3,1.8,-14.9,-8.8,-30.8,0.3,1.5,50.8,25.3,100,0,31599.94,41.4,24.2,0,0,0.196,1.604,0.0,0.0,0.0,1,1,1,93,15,1,-462.153,-3.791,7,1
2024-11-16 14:04:42.328263,fc6c5bb0-c5b5-4694-9b01-49c7aae133f1,KXHIGHNY-24NOV16-B61.5,35657.672,101,1.0,61.693,95,5,1,63.3,1.8,-14.9,-8.8,-30.8,0.3,1.5,50.8,25.3,100,0,31599.94,41.4,24.2,0,0,0.193,1.607,0.0,0.0,0.0,1,1,1,95,15,1,-473.239,-5.807,5,1
2024-11-16 14:04:42.328263,701c716a-5790-4302-b581-258e929d11f4,KXHIGHNY-24NOV16-B61.5,35657.672,100,1.0,61.695,94,6,1,63.3,1.8,-14.9,-8.8,-30.8,0.3,1.5,50.8,25.3,100,0,31599.94,41.4,24.2,0,0,0.195,1.605,0.0,0.0,0.0,1,1,1,94,15,1,-467.69,-4.784,6,1
2024-11-16 14:04:56.713865,9d289a03-99fd-4364-9246-29d70afd1fa0,KXHIGHNY-24NOV16-B63.5,35643.286,88,3.0,61.537,6,94,0,63.3,-0.2,-16.9,-10.8,-32.8,-1.7,1.5,50.8,25.3,100,0,31599.94,41.4,24.2,0,0,-1.963,1.763,0.0,0.0,0.0,1,1,1,97,6,1,-454.498,-1.999,6,0
2024-11-16 14:04:56.713865,bcc042cd-4b7e-4bb3-96dc-a1207ff3c51c,KXHIGHNY-24NOV16-B63.5,35643.286,69,3.0,61.556,7,93,0,63.3,-0.2,-16.9,-10.8,-32.8,-1.7,1.5,50.8,25.3,100,0,31599.94,41.4,24.2,0,0,-1.944,1.744,0.0,0.0,0.0,1,1,1,97,7,1,-457.368,-1.018,7,0
2024-11-16 14:04:56.713865,0c0ffb71-f096-434b-a3bb-af15dc75b923,KXHIGHNY-24NOV16-B63.5,35643.286,55,3.0,61.537,6,94,0,63.3,-0.2,-16.9,-10.8,-32.8,-1.7,1.5,50.8,25.3,100,0,31599.94,41.4,24.2,0,0,-1.963,1.763,0.0,0.0,0.0,1,1,1,97,6,1,-454.498,-1.981,6,0
2024-11-16 14:05:05.755293,492340aa-15de-4d89-94d0-15a8cf6aeb0c,KXHIGHNY-24NOV16-B63.5,35634.245,12,3.0,61.537,6,94,0,63.3,-0.2,-16.9,-10.8,-32.8,-1.7,1.5,50.8,25.3,100,0,31599.94,41.4,24.2,0,0,-1.963,1.763,0.0,0.0,0.0,1,1,1,97,6,1,-454.498,-2.038,6,0
2024-11-16 14:05:05.755293,df18009d-2ebd-4041-b8bf-8f09ac22b5dc,KXHIGHNY-24NOV16-B63.5,35634.245,400,3.0,61.519,5,95,0,63.3,-0.2,-16.9,-10.8,-32.8,-1.7,1.5,50.8,25.3,100,0,31599.94,41.4,24.2,0,0,-1.981,1.781,0.0,0.0,0.0,1,1,1,97,5,1,-451.794,-3.055,5,0
2024-11-16 14:05:05.755293,0719ab57-c580-4f58-b3eb-2157a2915bea,KXHIGHNY-24NOV16-B63.5,35634.245,340,3.0,61.5,4,96,0,63.3,-0.2,-16.9,-10.8,-32.8,-1.7,1.5,50.8,25.3,100,0,31599.94,41.4,24.2,0,0,-2.0,1.8,0.0,0.0,0.0,1,1,1,97,4,1,-449.292,-4.027,4,0
2024-11-16 14:05:15.730354,4e7a9172-0035-4535-9dc2-9e91b2c4219e,KXHIGHNY-24NOV16-B63.5,35624.27,23,3.0,61.5,4,96,0,63.3,-0.2,-16.9,-10.8,-32.8,-1.7,1.5,50.8,25.3,100,0,31599.94,41.4,24.2,0,0,-2.0,1.8,0.0,0.0,0.0,1,1,1,97,4,1,-449.292,-4.07,4,0
2024-11-16 14:05:36.505993,b2cec754-cba6-4181-8c50-c65c68d87229,KXHIGHNY-24NOV16-B61.5,35603.494,5,1.0,61.5,97,3,1,63.3,1.8,-14.9,-8.8,-30.8,0.3,1.5,50.8,25.3,100,0,31599.94,41.4,24.2,0,0,0.0,1.8,0.0,0.0,0.0,1,1,1,97,4,1,-449.292,-7.812,3,1
2024-11-16 14:06:27.089357,9f69521a-24e2-4227-801d-3c65acf5ae57,KXHIGHNY-24NOV16-B63.5,35552.911,137,3.0,61.5,4,96,0,63.3,-0.2,-16.9,-10.8,-32.8,-1.7,1.5,50.8,25.3,100,0,31599.94,41.4,24.2,0,0,-2.0,1.8,0.0,0.0,0.0,1,1,1,97,4,1,-449.292,-4.144,4,0
2024-11-16 14:06:27.089357,6de218bb-1d71-4254-9c6f-1986822a0849,KXHIGHNY-24NOV16-B63.5,35552.911,23,3.0,61.481,3,97,0,63.3,-0.2,-16.9,-10.8,-32.8,-1.7,1.5,50.8,25.3,100,0,31599.94,41.4,24.2,0,0,-2.019,1.819,0.0,0.0,0.0,1,1,1,97,3,1,-447.043,-5.124,3,0
2024-11-16 14:06:27.089357,61695c0e-4667-4f5c-ad9c-601bdd0d68e4,KXHIGHNY-24NOV16-B63.5,35552.911,250,3.0,61.481,3,97,0,63.3,-0.2,-16.9,-10.8,-32.8,-1.7,1.5,50.8,25.3,100,0,31599.94,41.4,24.2,0,0,-2.019,1.819,0.0,0.0,0.0,1,1,1,97,3,1,-447.043,-5.105,3,0
2024-11-16 14:06:27.089357,30d0a258-92df-4866-bf52-670583cff723,KXHIGHNY-24NOV16-B63.5,35552.911,2,3.0,61.481,3,97,0,63.3,-0.2,-16.9,-10.8,-32.8,-1.7,1.5,50.8,25.3,100,0,31599.94,41.4,24.2,0,0,-2.019,1.819,0.0,0.0,0.0,1,1,1,97,3,1,-447.043,-5.087,3,0
2024-11-16 14:07:35.524760,f894cb6c-e380-4392-a141-e1d9c88b7a7f,KXHIGHNY-24NOV16-B63.5,35484.475,303,3.0,61.608,10,90,1,63.3,-0.2,-16.9,-10.8,-32.8,-1.7,1.5,50.8,25.3,100,0,31599.94,41.4,24.2,0,0,-1.892,1.692,0.0,0.0,0.0,1,1,1,97,10,1,-466.773,-1.834,-10,0
2024-11-16 14:07:35.524760,ca1a4fbf-9be6-4056-ad27-743a98643cda,KXHIGHNY-24NOV16-B63.5,35484.475,250,3.0,61.608,10,90,1,63.3,-0.2,-16.9,-10.8,-32.8,-1.7,1.5,50.8,25.3,100,0,31599.94,41.4,24.2,0,0,-1.892,1.692,0.0,0.0,0.0,1,1,1,97,10,1,-466.773,-1.836,-10,0
2024-11-16 14:07:35.524760,4736d57e-5aae-4862-9b07-dabc89f0b2e3,KXHIGHNY-24NOV16-B63.5,35484.475,250,3.0,61.591,9,91,1,63.3,-0.2,-16.9,-10.8,-32.8,-1.7,1.5,50.8,25.3,100,0,31599.94,41.4,24.2,0,0,-1.909,1.709,0.0,0.0,0.0,1,1,1,97,9,1,-463.522,-0.836,-9,0
2024-11-16 14:07:49.795095,19c83536-72fe-4120-a4dd-a7150645b288,KXHIGHNY-24NOV16-B63.5,35470.205,305,3.0,61.625,11,89,1,63.3,-0.2,-16.9,-10.8,-32.8,-1.7,1.5,50.8,25.3,100,0,31599.94,41.4,24.2,0,0,-1.875,1.675,0.0,0.0,0.0,1,1,1,97,11,1,-470.124,-2.831,-11,0
2024-11-16 14:07:49.908362,0927f7a6-212b-40ea-a8e5-9095a05e0563,KXHIGHNY-24NOV16-B61.5,35470.092,120,1.0,61.632,91,9,0,63.3,1.8,-14.9,-8.8,-30.8,0.3,1.5,50.8,25.3,100,0,31599.94,41.4,24.2,0,0,0.132,1.668,0.0,0.0,0.0,1,1,1,91,11,1,-436.865,1.816,-9,1
2024-11-16 14:07:49.925530,60b9a8e6-f1bb-4c25-8eb0-3f76ef05d2fb,KXHIGHNY-24NOV16-B63.5,35470.074,120,3.0,61.632,11,89,0,63.3,-0.2,-16.9,-10.8,-32.8,-1.7,1.5,50.8,25.3,100,0,31599.94,41.4,24.2,0,0,-1.868,1.668,0.0,0.0,0.0,1,1,1,91,11,1,-436.865,2.829,11,0
2024-11-16 14:09:33.124588,6d76ade8-9326-467e-9397-b1a0fcfa0918,KXHIGHNY-24NOV16-B59.5,35366.875,351,-1.0,61.632,1,99,1,63.3,3.8,-12.9,-6.8,-28.8,2.3,1.5,50.8,25.3,100,0,31599.94,41.4,24.2,0,0,2.132,1.668,0.0,0.0,0.0,1,1,1,91,11,1,-436.865,9.855,-1,0
2024-11-16 14:09:35.196194,cc95837a-84cb-48a3-a7d4-a0460946cf5a,KXHIGHNY-24NOV16-B61.5,35364.804,65,1.0,61.628,94,6,1,63.3,1.8,-14.9,-8.8,-30.8,0.3,1.5,50.8,25.3,100,0,31599.94,41.4,24.2,0,0,0.128,1.672,0.0,0.0,0.0,1,1,1,94,11,1,-453.447,-4.849,6,1
2024-11-16 14:09:35.196194,2d1f5a93-f4e5-4332-948d-7b5c235205cd,KXHIGHNY-24NOV16-B61.5,35364.804,100,1.0,61.63,93,7,1,63.3,1.8,-14.9,-8.8,-30.8,0.3,1.5,50.8,25.3,100,0,31599.94,41.4,24.2,0,0,0.13,1.67,0.0,0.0,0.0,1,1,1,93,11,1,-447.909,-3.833,7,1
2024-11-16 14:11:39.365971,2fb4b2a0-fdc2-46be-a924-85703af5b5a6,KXHIGHNY-24NOV16-B61.5,35240.634,21,1.0,61.628,94,6,1,63.3,1.8,-14.9,-8.8,-30.8,0.3,1.5,50.8,25.3,100,0,31599.94,41.4,24.2,0,0,0.128,1.672,0.0,0.0,0.0,1,1,1,94,11,1,-453.447,-4.853,6,1
2024-11-16 14:12:18.119169,03ec08a1-ac3e-40e0-baad-008218a03359,KXHIGHNY-24NOV16-B63.5,35201.881,33,3.0,61.557,7,93,1,63.3,-0.2,-16.9,-10.8,-32.8,-1.7,1.5,50.8,25.3,100,0,31599.94,41.4,24.2,0,0,-1.943,1.743,0.0,0.0,0.0,1,1,1,94,7,1,-440.691,1.173,-7,0
2024-11-16 14:12:35.101897,78fa9c41-7695-410d-971d-75ae617c2fa5,KXHIGHNY-24NOV16-B61.5,35184.898,50,1.0,61.557,94,6,1,63.3,1.8,-14.9,-8.8,-30.8,0.3,1.5,50.8,25.3,100,0,31599.94,41.4,24.2,0,0,0.057,1.743,0.0,0.0,0.0,1,1,1,94,7,1,-440.691,-4.858,6,1
2024-11-16 14:12:54.139472,df89f758-66b0-4fc3-a76e-80997786bdef,KXHIGHNY-24NOV16-B61.5,35165.861,67,1.0,61.557,94,6,1,63.3,1.8,-14.9,-8.8,-30.8,0.3,1.5,50.8,25.3,100,0,31599.94,41.4,24.2,0,0,0.057,1.743,0.0,0.0,0.0,1,1,1,94,7,1,-440.691,-4.897,6,1
2024-11-16 14:13:42.353053,039986e1-3c89-488c-9d52-3f43ab271619,KXHIGHNY-24NOV16-B61.5,35117.647,20,1.0,61.557,94,6,1,63.3,1.8,-14.9,-8.8,-30.8,0.3,1.5,50.8,25.3,100,0,31599.94,41.4,24.2,0,0,0.057,1.743,0.0,0.0,0.0,1,1,1,94,7,1,-440.691,-4.94,6,1
2024-11-16 14:14:07.688389,e717d57c-4aae-4eb1-b30d-70ad744f8603,KXHIGHNY-24NOV16-B61.5,35092.312,20,1.0,61.559,91,9,0,63.3,1.8,-14.9,-8.8,-30.8,0.3,1.5,50.8,25.3,100,0,31599.94,41.4,24.2,0,0,0.059,1.741,0.0,0.0,0.0,1,1,1,91,7,1,-424.11,1.946,-9,1
2024-11-16 14:14:34.428525,8d2a27d4-5f62-431d-a615-eba9233385b7,KXHIGHNY-24NOV16-B59.5,35065.571,280,-1.0,61.559,1,99,1,63.3,3.8,-12.9,-6.8,-28.8,2.3,1.5,50.8,25.3,100,0,31599.94,41.4,24.2,0,0,2.059,1.741,0.0,0.0,0.0,1,1,1,91,7,1,-424.11,9.869,-1,0
2024-11-16 14:15:11.557724,4f3c8455-8eb5-408b-aea3-8eaefd19ec3b,KXHIGHNY-24NOV16-B61.5,35028.442,6,1.0,61.559,91,9,0,63.3,1.8,-14.9,-8.8,-30.8,0.3,1.5,50.8,25.3,100,0,31599.94,41.4,24.2,0,0,0.059,1.741,0.0,0.0,0.0,1,1,1,91,7,1,-424.11,1.947,-9,1
2024-11-16 14:17:19.121182,e6f07629-3e37-47bf-a12f-d97be5ee2216,KXHIGHNY-24NOV16-B61.5,34900.879,39,1.0,61.557,94,6,1,63.3,1.8,-14.9,-8.8,-30.8,0.3,1.5,50.8,25.3,100,0,31599.94,41.4,24.2,0,0,0.057,1.743,0.0,0.0,0.0,1,1,1,94,7,1,-440.691,-5.002,6,1
2024-11-16 14:17:19.121182,115f7dce-b454-4cc8-b56e-37e4f3a8b458,KXHIGHNY-24NOV16-B61.5,34900.879,14,1.0,61.558,93,7,1,63.3,1.8,-14.9,-8.8,-30.8,0.3,1.5,50.8,25.3,100,0,31599.94,41.4,24.2,0,0,0.058,1.742,0.0,0.0,0.0,1,1,1,93,7,1,-435.153,-4.0,7,1
2024-11-16 14:17:31.672122,ffbc5271-2caa-4793-b493-d65811bcf0ca,KXHIGHNY-24NOV16-B59.5,34888.328,61,-1.0,61.558,1,99,1,63.3,3.8,-12.9,-6.8,-28.8,2.3,1.5,50.8,25.3,100,0,31599.94,41.4,24.2,0,0,2.058,1.742,0.0,0.0,0.0,1,1,1,93,7,1,-435.153,9.878,-1,0
2024-11-16 14:17:38.096633,8d35486e-e5f1-4a6c-8776-422c17a24715,KXHIGHNY-24NOV16-B63.5,34881.903,44,3.0,61.558,7,93,1,63.3,-0.2,-16.9,-10.8,-32.8,-1.7,1.5,50.8,25.3,100,0,31599.94,41.4,24.2,0,0,-1.942,1.742,0.0,0.0,0.0,1,1,1,93,7,1,-435.153,1.191,-7,0
2024-11-16 14:17:46.439252,096a1ae9-cb56-421a-9f06-0a6e252fb12b,KXHIGHNY-24NOV16-B63.5,34873.561,58,3.0,61.576,8,92,1,63.3,-0.2,-16.9,-10.8,-32.8,-1.7,1.5,50.8,25.3,100,0,31599.94,41.4,24.2,0,0,-1.924,1.724,0.0,0.0,0.0,1,1,1,93,8,1,-438.167,0.209,-8,0
2024-11-16 14:17:52.244900,4ee8fcf9-2a4f-440f-8ea0-42fb918836a4,KXHIGHNY-24NOV16-B63.5,34867.755,29,3.0,61.576,8,92,1,63.3,-0.2,-16.9,-10.8,-32.8,-1.7,1.5,50.8,25.3,100,0,31599.94,41.4,24.2,0,0,-1.924,1.724,0.0,0.0,0.0,1,1,1,93,8,1,-438.167,0.21,-8,0
2024-11-16 14:17:57.603276,b5d31d80-34c9-420b-b5d5-3cda0a160d44,KXHIGHNY-24NOV16-B63.5,34862.397,46,3.0,61.594,9,91,1,63.3,-0.2,-16.9,-10.8,-32.8,-1.7,1.5,50.8,25.3,100,0,31599.94,41.4,24.2,0,0,-1.906,1.706,0.0,0.0,0.0,1,1,1,93,9,1,-441.307,-0.771,-9,0
2024-11-16 14:18:00.164195,3d70a01e-679e-47e6-8c8b-ce29ec6b8c11,KXHIGHNY-24NOV16-B63.5,34859.836,41,3.0,61.612,10,90,1,63.3,-0.2,-16.9,-10.8,-32.8,-1.7,1.5,50.8,25.3,100,0,31599.94,41.4,24.2,0,0,-1.888,1.688,0.0,0.0,0.0,1,1,1,93,10,1,-444.558,-1.75,-10,0
2024-11-16 14:18:14.426080,187b9773-c024-4c4a-b15e-c8743f97f6f3,KXHIGHNY-24NOV16-B61.5,34845.574,100,1.0,61.615,90,10,0,63.3,1.8,-14.9,-8.8,-30.8,0.3,1.5,50.8,25.3,100,0,31599.94,41.4,24.2,0,0,0.115,1.685,0.0,0.0,0.0,1,1,1,90,10,1,-428.009,1.054,-10,1
2024-11-16 14:18:14.426080,86b4d598-f3f5-45bf-b915-93d3f3f5eda3,KXHIGHNY-24NOV16-B61.5,34845.574,100,1.0,61.615,90,10,0,63.3,1.8,-14.9,-8.8,-30.8,0.3,1.5,50.8,25.3,100,0,31599.94,41.4,24.2,0,0,0.115,1.685,0.0,0.0,0.0,1,1,1,90,10,1,-428.009,1.057,-10,1
2024-11-16 14:18:14.426080,d0388ac1-4701-43a5-b7a3-f85733870ff3,KXHIGHNY-24NOV16-B61.5,34845.574,500,1.0,61.615,90,10,0,63.3,1.8,-14.9,-8.8,-30.8,0.3,1.5,50.8,25.3,100,0,31599.94,41.4,24.2,0,0,0.115,1.685,0.0,0.0,0.0,1,1,1,90,10,1,-428.009,1.078,-10,1
2024-11-16 14:18:14.426080,ddf85b6a-c17b-426e-bef9-046918d6c420,KXHIGHNY-24NOV16-B61.5,34845.574,100,1.0,61.614,91,9,0,63.3,1.8,-14.9,-8.8,-30.8,0.3,1.5,50.8,25.3,100,0,31599.94,41.4,24.2,0,0,0.114,1.686,0.0,0.0,0.0,1,1,1,91,10,1,-433.514,2.104,-9,1
2024-11-16 14:18:14.426080,ed7541b6-5607-44a5-baff-ba4d26a904f3,KXHIGHNY-24NOV16-B61.5,34845.574,174,1.0,61.614,91,9,0,63.3,1.8,-14.9,-8.8,-30.8,0.3,1.5,50.8,25.3,100,0,31599.94,41.4,24.2,0,0,0.114,1.686,0.0,0.0,0.0,1,1,1,91,10,1,-433.514,2.152,-9,1
2024-11-16 14:18:14.426080,ee699339-8446-4ed8-a39a-4acabc4e8fae,KXHIGHNY-24NOV16-B61.5,34845.574,26,1.0,61.615,90,10,0,63.3,1.8,-14.9,-8.8,-30.8,0.3,1.5,50.8,25.3,100,0,31599.94,41.4,24.2,0,0,0.115,1.685,0.0,0.0,0.0,1,1,1,90,10,1,-428.009,1.199,-10,1
2024-11-16 14:18:15.186938,0d9fd4d2-d179-4a0c-b7b4-12241b5ce41d,KXHIGHNY-24NOV16-B63.5,34844.813,259,3.0,61.615,10,90,1,63.3,-0.2,-16.9,-10.8,-32.8,-1.7,1.5,50.8,25.3,100,0,31599.94,41.4,24.2,0,0,-1.885,1.685,0.0,0.0,0.0,1,1,1,90,10,1,-428.009,-1.749,-10,0
2024-11-16 14:20:02.695179,1cc0c744-f893-4bbe-b4a7-89a1b8fdf2f4,KXHIGHNY-24NOV16-B61.5,34737.305,24,1.0,61.615,90,10,0,63.3,1.8,-14.9,-8.8,-30.8,0.3,1.5,50.8,25.3,100,0,31599.94,41.4,24.2,0,0,0.115,1.685,0.0,0.0,0.0,1,1,1,90,10,1,-428.009,1.223,-10,1
2024-11-16 14:20:21.828373,883ca09a-f24b-400b-9f32-0202bee66a97,KXHIGHNY-24NOV16-B61.5,34718.172,6,1.0,61.615,90,10,1,63.3,1.8,-14.9,-8.8,-30.8,0.3,1.5,50.8,25.3,100,0,31599.94,41.4,24.2,0,0,0.115,1.685,0.0,0.0,0.0,1,1,1,90,10,1,-428.009,-1.246,10,1
2024-11-16 14:20:32.229445,335bfdb3-6c6c-446a-826a-202f5b41ec7e,KXHIGHNY-24NOV16-B63.5,34707.771,50,3.0,61.54,6,94,1,63.3,-0.2,-16.9,-10.8,-32.8,-1.7,1.5,50.8,25.3,100,0,31599.94,41.4,24.2,0,0,-1.96,1.76,0.0,0.0,0.0,1,1,1,90,6,1,-415.733,2.251,-6,0
2024-11-16 14:21:41.263990,d8a96647-b0f8-4a77-b97b-395a0fdc1cf2,KXHIGHNY-24NOV16-B61.5,34638.736,103,1.0,61.538,94,6,1,63.3,1.8,-14.9,-8.8,-30.8,0.3,1.5,50.8,25.3,100,0,31599.94,41.4,24.2,0,0,0.038,1.762,0.0,0.0,0.0,1,1,1,94,6,1,-437.82,-5.261,6,1
2024-11-16 14:21:41.263990,a79e51ec-fd12-4d52-9352-aaa390ff867a,KXHIGHNY-24NOV16-B61.5,34638.736,100,1.0,61.538,94,6,1,63.3,1.8,-14.9,-8.8,-30.8,0.3,1.5,50.8,25.3,100,0,31599.94,41.4,24.2,0,0,0.038,1.762,0.0,0.0,0.0,1,1,1,94,6,1,-437.82,-5.26,6,1
2024-11-16 14:21:59.491445,67753607-f5ec-4674-8f79-9497b82c07dd,KXHIGHNY-24NOV16-B61.5,34620.509,120,1.0,61.538,95,5,1,63.3,1.8,-14.9,-8.8,-30.8,0.3,1.5,50.8,25.3,100,0,31599.94,41.4,24.2,0,0,0.038,1.762,0.0,0.0,0.0,1,1,1,95,6,1,-443.369,-6.336,5,1
2024-11-16 14:21:59.491445,64b03971-75af-48d4-a1e5-d9eb05777d66,KXHIGHNY-24NOV16-B61.5,34620.509,150,1.0,61.538,95,5,1,63.3,1.8,-14.9,-8.8,-30.8,0.3,1.5,50.8,25.3,100,0,31599.94,41.4,24.2,0,0,0.038,1.762,0.0,0.0,0.0,1,1,1,95,6,1,-443.369,-6.299,5,1
2024-11-16 14:21:59.491445,eae2daf2-495e-406d-a11b-f164d70b2fee,KXHIGHNY-24NOV16-B61.5,34620.509,44,1.0,61.538,95,5,1,63.3,1.8,-14.9,-8.8,-30.8,0.3,1.5,50.8,25.3,100,0,31599.94,41.4,24.2,0,0,0.038,1.762,0.0,0.0,0.0,1,1,1,95,6,1,-443.369,-6.374,5,1
2024-11-16 14:22:07.590924,880df835-48c9-40df-a4fd-d6a74eb0ac7c,KXHIGHNY-24NOV16-B63.5,34612.409,20,3.0,61.538,6,94,1,63.3,-0.2,-16.9,-10.8,-32.8,-1.7,1.5,50.8,25.3,100,0,31599.94,41.4,24.2,0,0,-1.962,1.762,0.0,0.0,0.0,1,1,1,95,6,1,-443.369,2.261,-6,0
2024-11-16 14:23:21.622237,ab09f82f-8e00-4092-9549-c3d87bf46c76,KXHIGHNY-24NOV16-B63.5,34538.378,200,3.0,61.538,6,94,1,63.3,-0.2,-16.9,-10.8,-32.8,-1.7,1.5,50.8,25.3,100,0,31599.94,41.4,24.2,0,0,-1.962,1.762,0.0,0.0,0.0,1,1,1,95,6,1,-443.369,2.262,-6,0
2024-11-16 14:24:09.978040,e0e73d52-de66-440a-bf10-fc152f40237b,KXHIGHNY-24NOV16-B63.5,34490.022,17,3.0,61.5,4,96,0,63.3,-0.2,-16.9,-10.8,-32.8,-1.7,1.5,50.8,25.3,100,0,31599.94,41.4,24.2,0,0,-2.0,1.8,0.0,0.0,0.0,1,1,1,95,4,1,-438.163,-4.27,4,0
2024-11-16 14:24:09.978040,1497399d-ca72-453d-9605-2b445ea534c8,KXHIGHNY-24NOV16-B63.5,34490.022,100,3.0,61.519,5,95,0,63.3,-0.2,-16.9,-10.8,-32.8,-1.7,1.5,50.8,25.3,100,0,31599.94,41.4,24.2,0,0,-1.981,1.781,0.0,0.0,0.0,1,1,1,95,5,1,-440.665,-3.264,5,0
2024-11-16 14:27:14.906024,a7863d6e-39ab-4d17-92bc-0ab77be5a4f2,KXHIGHNY-24NOV16-B61.5,34305.094,5,1.0,61.519,94,6,1,63.3,1.8,-14.9,-8.8,-30.8,0.3,1.5,50.8,25.3,100,0,31599.94,41.4,24.2,0,0,0.019,1.781,0.0,0.0,0.0,1,1,1,94,5,1,-435.117,-5.385,6,1
2024-11-16 14:27:20.209597,d991c79c-5ae8-4ef0-9cd1-36da98083ae4,KXHIGHNY-24NOV16-B61.5,34299.79,78,1.0,61.521,88,12,0,63.3,1.8,-14.9,-8.8,-30.8,0.3,1.5,50.8,25.3,100,0,31599.94,41.4,24.2,0,0,0.021,1.779,0.0,0.0,0.0,1,1,1,88,5,1,-402.053,-0.614,-12,1
2024-11-16 14:28:12.609834,7deae39c-faba-4ee5-a1e9-1bec0a0a48c0,KXHIGHNY-24NOV16-B61.5,34247.39,73,1.0,61.521,88,12,0,63.3,1.8,-14.9,-8.8,-30.8,0.3,1.5,50.8,25.3,100,0,31599.94,41.4,24.2,0,0,0.021,1.779,0.0,0.0,0.0,1,1,1,88,5,1,-402.053,-0.573,-12,1
2024-11-16 14:28:12.609834,55c4db63-8622-489b-b73b-9ebb0470e5ac,KXHIGHNY-24NOV16-B61.5,34247.39,5,1.0,61.52,90,10,0,63.3,1.8,-14.9,-8.8,-30.8,0.3,1.5,50.8,25.3,100,0,31599.94,41.4,24.2,0,0,0.02,1.78,0.0,0.0,0.0,1,1,1,90,5,1,-413.03,1.411,-10,1
2024-11-16 14:28:12.609834,06527d5a-20db-4e4a-a9cd-6e782826e028,KXHIGHNY-24NOV16-B61.5,34247.39,122,1.0,61.521,87,13,0,63.3,1.8,-14.9,-8.8,-30.8,0.3,1.5,50.8,25.3,100,0,31599.94,41.4,24.2,0,0,0.021,1.779,0.0,0.0,0.0,1,1,1,87,5,1,-396.581,-1.603,-13,1
2024-11-16 14:28:19.941203,286c0359-6366-4348-b5a9-2f782d1097fd,KXHIGHNY-24NOV16-B63.5,34240.059,100,3.0,61.521,5,95,0,63.3,-0.2,-16.9,-10.8,-32.8,-1.7,1.5,50.8,25.3,100,0,31599.94,41.4,24.2,0,0,-1.979,1.779,0.0,0.0,0.0,1,1,1,87,5,1,-396.581,-3.274,5,0
2024-11-16 14:28:25.037054,63791b26-6e59-415c-a81d-957fbbb170e2,KXHIGHNY-24NOV16-B63.5,34234.963,200,3.0,61.521,5,95,0,63.3,-0.2,-16.9,-10.8,-32.8,-1.7,1.5,50.8,25.3,100,0,31599.94,41.4,24.2,0,0,-1.979,1.779,0.0,0.0,0.0,1,1,1,87,5,1,-396.581,-3.286,5,0
2024-11-16 14:28:53.561584,9dc6849a-89e5-4d06-aeef-dadba9391593,KXHIGHNY-24NOV16-B63.5,34206.438,83,3.0,61.5,4,96,0,63.3,-0.2,-16.9,-10.8,-32.8,-1.7,1.5,50.8,25.3,100,0,31599.94,41.4,24.2,0,0,-2.0,1.8,0.0,0.0,0.0,1,1,1,87,4,1,-394.079,-4.312,4,0
2024-11-16 14:28:53.561584,525a7755-63e7-4857-8f1c-024c2936d381,KXHIGHNY-24NOV16-B63.5,34206.438,250,3.0,61.5,4,96,0,63.3,-0.2,-16.9,-10.8,-32.8,-1.7,1.5,50.8,25.3,100,0,31599.94,41.4,24.2,0,0,-2.0,1.8,0.0,0.0,0.0,1,1,1,87,4,1,-394.079,-4.297,4,0
2024-11-16 14:29:43.632396,f0526c89-6aff-4338-b126-72b69ccd7e4a,KXHIGHNY-24NOV16-B61.5,34156.368,26,1.0,61.5,94,6,1,63.3,1.8,-14.9,-8.8,-30.8,0.3,1.5,50.8,25.3,100,0,31599.94,41.4,24.2,0,0,-0.0,1.8,0.0,0.0,0.0,1,1,1,94,4,1,-432.615,-5.449,6,1
2024-11-16 14:31:24.375824,e172da11-1c30-47c6-b2b5-70e5af4dd898,KXHIGHNY-24NOV16-B63.5,34055.624,106,3.0,61.5,4,96,1,63.3,-0.2,-16.9,-10.8,-32.8,-1.7,1.5,50.8,25.3,100,0,31599.94,41.4,24.2,0,0,-2.0,1.8,0.0,0.0,0.0,1,1,1,94,4,1,-432.615,4.36,-4,0
2024-11-16 14:31:24.375824,a4b371b9-b63c-4090-8a69-f20a7362c9f8,KXHIGHNY-24NOV16-B63.5,34055.624,477,3.0,61.519,5,95,1,63.3,-0.2,-16.9,-10.8,-32.8,-1.7,1.5,50.8,25.3,100,0,31599.94,41.4,24.2,0,0,-1.981,1.781,0.0,0.0,0.0,1,1,1,94,5,1,-435.117,3.349,-5,0
2024-11-16 14:33:18.750380,a3aa4375-53a8-4bf3-950d-cd73e3720412,KXHIGHNY-24NOV16-B63.5,33941.25,48,3.0,61.5,4,96,1,63.3,-0.2,-16.9,-10.8,-32.8,-1.7,1.5,50.8,25.3,100,0,31599.94,41.4,24.2,0,0,-2.0,1.8,0.0,0.0,0.0,1,1,1,94,4,1,-432.615,4.367,-4,0
2024-11-16 14:33:31.491642,2abae893-2996-45de-a387-4088699eec38,KXHIGHNY-24NOV16-B61.5,33928.508,15,1.0,61.5,94,6,0,63.3,1.8,-14.9,-8.8,-30.8,0.3,1.5,50.8,25.3,100,0,31599.94,41.4,24.2,0,0,-0.0,1.8,0.0,0.0,0.0,1,1,1,94,4,1,-432.615,5.458,-6,1
2024-11-16 14:33:58.493444,b5cae499-1326-4e2a-8b11-7a72b590b397,KXHIGHNY-24NOV16-B63.5,33901.507,300,3.0,61.519,5,95,1,63.3,-0.2,-16.9,-10.8,-32.8,-1.7,1.5,50.8,25.3,100,0,31599.94,41.4,24.2,0,0,-1.981,1.781,0.0,0.0,0.0,1,1,1,94,5,1,-435.117,3.38,-5,0
2024-11-16 14:34:07.996173,b88ce41f-f841-41a0-9f34-9b1e7ee9a916,KXHIGHNY-24NOV16-B63.5,33892.004,51,3.0,61.48,3,97,0,63.3,-0.2,-16.9,-10.8,-32.8,-1.7,1.5,50.8,25.3,100,0,31599.94,41.4,24.2,0,0,-2.02,1.82,0.0,0.0,0.0,1,1,1,94,3,1,-430.366,-5.383,3,0
2024-11-16 14:34:23.591264,1cd46495-29f7-48dc-b8b3-d0036a05c865,KXHIGHNY-24NOV16-B61.5,33876.409,1,1.0,61.48,94,6,0,63.3,1.8,-14.9,-8.8,-30.8,0.3,1.5,50.8,25.3,100,0,31599.94,41.4,24.2,0,0,-0.02,1.82,0.0,0.0,0.0,1,1,1,94,3,1,-430.366,5.496,-6,1
2024-11-16 14:35:29.311276,d8de3bba-0203-43f1-b6ea-0517c69a2784,KXHIGHNY-24NOV16-B63.5,33810.689,77,3.0,61.519,5,95,1,63.3,-0.2,-16.9,-10.8,-32.8,-1.7,1.5,50.8,25.3,100,0,31599.94,41.4,24.2,0,0,-1.981,1.781,0.0,0.0,0.0,1,1,1,94,5,1,-435.117,3.396,-5,0
2024-11-16 14:35:29.311276,f7889fb6-24de-4013-b86e-5c2c39fbc088,KXHIGHNY-24NOV16-B63.5,33810.689,223,3.0,61.519,5,95,1,63.3,-0.2,-16.9,-10.8,-32.8,-1.7,1.5,50.8,25.3,100,0,31599.94,41.4,24.2,0,0,-1.981,1.781,0.0,0.0,0.0,1,1,1,94,5,1,-435.117,3.409,-5,0
2024-11-16 14:36:18.273691,62b6c5c0-7315-48f0-875f-ea70b3e072cd,KXHIGHNY-24NOV16-B61.5,33761.726,9,1.0,61.519,94,6,0,63.3,1.8,-14.9,-8.8,-30.8,0.3,1.5,50.8,25.3,100,0,31599.94,41.4,24.2,0,0,0.019,1.781,0.0,0.0,0.0,1,1,1,94,5,1,-435.117,5.504,-6,1
2024-11-16 14:36:18.770970,44911343-6c48-428a-8bc4-d36d8aa018e2,KXHIGHNY-24NOV16-B63.5,33761.229,33,3.0,61.557,7,93,1,63.3,-0.2,-16.9,-10.8,-32.8,-1.7,1.5,50.8,25.3,100,0,31599.94,41.4,24.2,0,0,-1.943,1.743,0.0,0.0,0.0,1,1,1,94,7,1,-440.691,1.425,-7,0
2024-11-16 14:37:08.432091,2b858e26-2815-422e-bc7e-9071093b41ff,KXHIGHNY-24NOV16-B63.5,33711.568,15,3.0,61.538,6,94,1,63.3,-0.2,-16.9,-10.8,-32.8,-1.7,1.5,50.8,25.3,100,0,31599.94,41.4,24.2,0,0,-1.962,1.762,0.0,0.0,0.0,1,1,1,94,6,1,-437.82,2.457,-6,0
2024-11-16 14:37:50.068581,6fd7af96-02eb-4fd7-a880-80f60f70ddf0,KXHIGHNY-24NOV16-T64,33669.931,374,5.0,61.538,1,99,1,63.3,-2.2,-18.9,-12.8,-34.8,-3.7,1.5,50.8,25.3,100,0,31599.94,41.4,24.2,0,0,-3.962,1.762,0.0,0.0,0.0,1,1,1,94,6,1,-437.82,0.988,-1,0
2024-11-16 14:39:01.565777,50c44a2c-06d4-48e1-bc11-34a7f4bab20e,KXHIGHNY-24NOV16-B61.5,33598.434,5,1.0,61.538,94,6,1,63.3,1.8,-14.9,-8.8,-30.8,0.3,1.5,50.8,25.3,100,0,31599.94,41.4,24.2,0,0,0.038,1.762,0.0,0.0,0.0,1,1,1,94,6,1,-437.82,-5.564,6,1
2024-11-16 14:39:27.126493,a6b946b2-0d7f-40cb-ac25-1137e5d1882d,KXHIGHNY-24NOV16-B61.5,33572.874,5,1.0,61.54,91,9,0,63.3,1.8,-14.9,-8.8,-30.8,0.3,1.5,50.8,25.3,100,0,31599.94,41.4,24.2,0,0,0.04,1.76,0.0,0.0,0.0,1,1,1,91,6,1,-421.239,2.572,-9,1
2024-11-16 14:43:22.750168,d5726aad-e846-49b5-a031-9ddfac3404e5,KXHIGHNY-24NOV16-B63.5,33337.25,700,3.0,61.5,4,96,1,63.3,-0.2,-16.9,-10.8,-32.8,-1.7,1.5,50.8,25.3,100,0,31599.94,41.4,24.2,0,0,-2.0,1.8,0.0,0.0,0.0,1,1,1,91,4,1,-416.033,4.473,-4,0
2024-11-16 14:44:07.067905,d68d5865-df48-44ff-bf9a-f2c02107cdc5,KXHIGHNY-24NOV16-B63.5,33292.932,2,3.0,61.5,4,96,1,63.3,-0.2,-16.9,-10.8,-32.8,-1.7,1.5,50.8,25.3,100,0,31599.94,41.4,24.2,0,0,-2.0,1.8,0.0,0.0,0.0,1,1,1,91,4,1,-416.033,4.491,-4,0
2024-11-16 14:44:11.594662,97472ef0-d92c-450c-9b2a-02da018bf3ee,KXHIGHNY-24NOV16-B63.5,33288.405,3,3.0,61.5,4,96,1,63.3,-0.2,-16.9,-10.8,-32.8,-1.7,1.5,50.8,25.3,100,0,31599.94,41.4,24.2,0,0,-2.0,1.8,0.0,0.0,0.0,1,1,1,91,4,1,-416.033,4.509,-4,0
2024-11-16 14:44:15.896229,c363a5c1-a6fe-40ee-9fac-934d79adada8,KXHIGHNY-24NOV16-B63.5,33284.104,1,3.0,61.5,4,96,1,63.3,-0.2,-16.9,-10.8,-32.8,-1.7,1.5,50.8,25.3,100,0,31599.94,41.4,24.2,0,0,-2.0,1.8,0.0,0.0,0.0,1,1,1,91,4,1,-416.033,4.526,-4,0
2024-11-16 14:46:52.208641,b72d6277-332c-4131-938d-9e10747b37f7,KXHIGHNY-24NOV16-B61.5,33127.791,230,1.0,61.5,91,9,0,63.3,1.8,-14.9,-8.8,-30.8,0.3,1.5,50.8,25.3,100,0,31599.94,41.4,24.2,0,0,0.0,1.8,0.0,0.0,0.0,1,1,1,91,4,1,-416.033,2.575,-9,1
2024-11-16 14:46:52.208641,34fd76a3-09c2-4d59-9166-19188b88fce4,KXHIGHNY-24NOV16-B61.5,33127.791,146,1.0,61.5,91,9,0,63.3,1.8,-14.9,-8.8,-30.8,0.3,1.5,50.8,25.3,100,0,31599.94,41.4,24.2,0,0,0.0,1.8,0.0,0.0,0.0,1,1,1,91,4,1,-416.033,2.574,-9,1
2024-11-16 14:47:13.535092,77ac89e6-383c-46f3-8e25-a6bdcbde5da7,KXHIGHNY-24NOV16-B61.5,33106.465,10,1.0,61.5,94,6,1,63.3,1.8,-14.9,-8.8,-30.8,0.3,1.5,50.8,25.3,100,0,31599.94,41.4,24.2,0,0,-0.0,1.8,0.0,0.0,0.0,1,1,1,94,4,1,-432.615,-5.576,6,1
2024-11-16 14:47:18.672145,b22153c4-8b7e-46c1-bebc-5b4fec5a8fcd,KXHIGHNY-24NOV16-B63.5,33101.328,500,3.0,61.48,3,97,0,63.3,-0.2,-16.9,-10.8,-32.8,-1.7,1.5,50.8,25.3,100,0,31599.94,41.4,24.2,0,0,-2.02,1.82,0.0,0.0,0.0,1,1,1,94,3,1,-430.366,-5.562,3,0
2024-11-16 14:47:18.672145,835f8dc5-30ee-4639-adc3-ea3cf4841175,KXHIGHNY-24NOV16-B63.5,33101.328,199,3.0,61.48,3,97,0,63.3,-0.2,-16.9,-10.8,-32.8,-1.7,1.5,50.8,25.3,100,0,31599.94,41.4,24.2,0,0,-2.02,1.82,0.0,0.0,0.0,1,1,1,94,3,1,-430.366,-5.561,3,0
2024-11-16 14:47:24.106593,49bff772-aad0-46cb-b6b3-6bf82a4d02f2,KXHIGHNY-24NOV16-B63.5,33095.893,10,3.0,61.48,3,97,1,63.3,-0.2,-16.9,-10.8,-32.8,-1.7,1.5,50.8,25.3,100,0,31599.94,41.4,24.2,0,0,-2.02,1.82,0.0,0.0,0.0,1,1,1,94,3,1,-430.366,5.564,-3,0
2024-11-16 14:47:50.102930,a7861733-af55-4153-9836-4a3a3e1343e2,KXHIGHNY-24NOV16-B63.5,33069.897,470,3.0,61.46,2,98,0,63.3,-0.2,-16.9,-10.8,-32.8,-1.7,1.5,50.8,25.3,100,0,31599.94,41.4,24.2,0,0,-2.04,1.84,0.0,0.0,0.0,1,1,1,94,2,1,-428.456,-6.564,2,0
2024-11-16 14:48:07.995456,27b8e7fc-e072-495e-beb8-21012af829f7,KXHIGHNY-24NOV16-B63.5,33052.005,5,3.0,61.46,2,98,0,63.3,-0.2,-16.9,-10.8,-32.8,-1.7,1.5,50.8,25.3,100,0,31599.94,41.4,24.2,0,0,-2.04,1.84,0.0,0.0,0.0,1,1,1,94,2,1,-428.456,-6.565,2,0
2024-11-16 14:48:21.158505,00eaf6b7-5994-481c-93af-e42f38602131,KXHIGHNY-24NOV16-B63.5,33038.841,11,3.0,61.575,8,92,1,63.3,-0.2,-16.9,-10.8,-32.8,-1.7,1.5,50.8,25.3,100,0,31599.94,41.4,24.2,0,0,-1.925,1.725,0.0,0.0,0.0,1,1,1,94,8,1,-443.705,0.571,-8,0
2024-11-16 14:49:22.784489,9e08030f-9f4e-4cc3-9aaa-99df1ed40b33,KXHIGHNY-24NOV16-B63.5,32977.216,1274,3.0,61.48,3,97,0,63.3,-0.2,-16.9,-10.8,-32.8,-1.7,1.5,50.8,25.3,100,0,31599.94,41.4,24.2,0,0,-2.02,1.82,0.0,0.0,0.0,1,1,1,94,3,1,-430.366,-5.573,3,0
2024-11-16 14:50:45.422758,9f8ebc5a-06e2-4495-a21b-9e24b6951b1a,KXHIGHNY-24NOV16-B61.5,32894.577,153,1.0,61.48,94,6,1,63.3,1.8,-14.9,-8.8,-30.8,0.3,1.5,50.8,25.3,100,0,31599.94,41.4,24.2,0,0,-0.02,1.82,0.0,0.0,0.0,1,1,1,94,3,1,-430.366,-5.578,6,1
2024-11-16 14:52:09.400621,b55aba6f-1c71-4947-ba80-1a5ea2e3574f,KXHIGHNY-24NOV16-B61.5,32810.599,182,1.0,61.48,95,5,1,63.3,1.8,-14.9,-8.8,-30.8,0.3,1.5,50.8,25.3,100,0,31599.94,41.4,24.2,0,0,-0.02,1.82,0.0,0.0,0.0,1,1,1,95,3,1,-435.914,-6.58,5,1
2024-11-16 14:53:21.389233,c587e4af-bc21-4a88-a11f-4cb252e84ee4,KXHIGHNY-24NOV16-B61.5,32738.611,51,1.0,61.481,96,4,1,63.3,1.8,-14.9,-8.8,-30.8,0.3,1.5,50.8,25.3,100,0,31599.94,41.4,24.2,0,0,-0.019,1.819,0.0,0.0,0.0,1,1,1,96,3,1,-441.473,-7.584,4,1
2024-11-16 14:53:56.366027,421cc0d4-051b-4709-b189-a7dedf20cfaf,KXHIGHNY-24NOV16-B61.5,32703.634,50,1.0,61.48,93,7,0,63.3,1.8,-14.9,-8.8,-30.8,0.3,1.5,50.8,25.3,100,0,31599.94,41.4,24.2,0,0,-0.02,1.82,0.0,0.0,0.0,1,1,1,93,3,1,-424.828,4.607,-7,1
2024-11-16 14:54:03.108743,ed79d231-b6c0-488c-9a47-b96d0e1cb8f5,KXHIGHNY-24NOV16-B61.5,32696.891,26,1.0,61.48,92,8,0,63.3,1.8,-14.9,-8.8,-30.8,0.3,1.5,50.8,25.3,100,0,31599.94,41.4,24.2,0,0,-0.02,1.82,0.0,0.0,0.0,1,1,1,92,3,1,-419.3,3.626,-8,1
2024-11-16 14:54:06.811941,6401ca09-d2a2-4888-b44f-adfdcd9e668e,KXHIGHNY-24NOV16-B61.5,32693.188,70,1.0,61.48,91,9,0,63.3,1.8,-14.9,-8.8,-30.8,0.3,1.5,50.8,25.3,100,0,31599.94,41.4,24.2,0,0,-0.02,1.82,0.0,0.0,0.0,1,1,1,91,3,1,-413.784,2.632,-9,1
2024-11-16 14:54:09.696414,374206f5-20df-45f7-8879-7f20fc9e7808,KXHIGHNY-24NOV16-B63.5,32690.304,68,3.0,61.52,5,95,1,63.3,-0.2,-16.9,-10.8,-32.8,-1.7,1.5,50.8,25.3,100,0,31599.94,41.4,24.2,0,0,-1.98,1.78,0.0,0.0,0.0,1,1,1,91,5,1,-418.535,3.584,-5,0
2024-11-16 14:54:42.885989,3ff49354-19ec-4bf5-b45c-32c68ca5c415,KXHIGHNY-24NOV16-B63.5,32657.114,17,3.0,61.52,5,95,1,63.3,-0.2,-16.9,-10.8,-32.8,-1.7,1.5,50.8,25.3,100,0,31599.94,41.4,24.2,0,0,-1.98,1.78,0.0,0.0,0.0,1,1,1,91,5,1,-418.535,3.593,-5,0
2024-11-16 14:54:55.550024,0f89fff3-c8db-4974-80f9-b5d47415c76b,KXHIGHNY-24NOV16-B61.5,32644.45,10,1.0,61.519,96,4,1,63.3,1.8,-14.9,-8.8,-30.8,0.3,1.5,50.8,25.3,100,0,31599.94,41.4,24.2,0,0,0.019,1.781,0.0,0.0,0.0,1,1,1,96,5,1,-446.225,-7.796,4,1
2024-11-16 14:55:31.577759,15218180-4c37-4d11-a4c5-0c3c7ac05595,KXHIGHNY-24NOV16-B63.5,32608.422,200,3.0,61.519,5,95,1,63.3,-0.2,-16.9,-10.8,-32.8,-1.7,1.5,50.8,25.3,100,0,31599.94,41.4,24.2,0,0,-1.981,1.781,0.0,0.0,0.0,1,1,1,96,5,1,-446.225,3.593,-5,0
2024-11-16 14:55:53.689208,20fbb3cd-a5c2-41ad-abda-0cfb9b1a6868,KXHIGHNY-24NOV16-B63.5,32586.311,1715,3.0,61.519,5,95,1,63.3,-0.2,-16.9,-10.8,-32.8,-1.7,1.5,50.8,25.3,100,0,31599.94,41.4,24.2,0,0,-1.981,1.781,0.0,0.0,0.0,1,1,1,96,5,1,-446.225,3.596,-5,0
2024-11-16 14:56:27.041058,d51448f0-5fe2-4f91-980c-f337bfe0d453,KXHIGHNY-24NOV16-B61.5,32552.959,1,1.0,61.519,96,4,1,63.3,1.8,-14.9,-8.8,-30.8,0.3,1.5,50.8,25.3,100,0,31599.94,41.4,24.2,0,0,0.019,1.781,0.0,0.0,0.0,1,1,1,96,5,1,-446.225,-7.833,4,1
2024-11-16 14:56:27.453924,f2e5dc63-b8dc-45f4-a20d-486c5f1e28c3,KXHIGHNY-24NOV16-B61.5,32552.546,1,1.0,61.519,96,4,1,63.3,1.8,-14.9,-8.8,-30.8,0.3,1.5,50.8,25.3,100,0,31599.94,41.4,24.2,0,0,0.019,1.781,0.0,0.0,0.0,1,1,1,96,5,1,-446.225,-7.868,4,1
2024-11-16 14:56:27.814907,8304cc37-1e40-4a05-8f43-d42630a48229,KXHIGHNY-24NOV16-B61.5,32552.185,1,1.0,61.519,96,4,1,63.3,1.8,-14.9,-8.8,-30.8,0.3,1.5,50.8,25.3,100,0,31599.94,41.4,24.2,0,0,0.019,1.781,0.0,0.0,0.0,1,1,1,96,5,1,-446.225,-7.905,4,1
2024-11-16 14:56:28.174060,f5191f75-e31f-4790-82df-e004deca3fd1,KXHIGHNY-24NOV16-B61.5,32551.826,1,1.0,61.519,96,4,1,63.3,1.8,-14.9,-8.8,-30.8,0.3,1.5,50.8,25.3,100,0,31599.94,41.4,24.2,0,0,0.019,1.781,0.0,0.0,0.0,1,1,1,96,5,1,-446.225,-8.001,4,1
2024-11-16 14:56:28.535726,69036265-8046-4106-9b4d-539fa28f6f9d,KXHIGHNY-24NOV16-B61.5,32551.464,1,1.0,61.519,95,5,1,63.3,1.8,-14.9,-8.8,-30.8,0.3,1.5,50.8,25.3,100,0,31599.94,41.4,24.2,0,0,0.019,1.781,0.0,0.0,0.0,1,1,1,95,5,1,-440.665,-7.028,5,1
2024-11-16 14:56:28.906234,f149dd47-6194-4b00-8d33-8068821a3df3,KXHIGHNY-24NOV16-B61.5,32551.094,1,1.0,61.519,95,5,1,63.3,1.8,-14.9,-8.8,-30.8,0.3,1.5,50.8,25.3,100,0,31599.94,41.4,24.2,0,0,0.019,1.781,0.0,0.0,0.0,1,1,1,95,5,1,-440.665,-7.053,5,1
2024-11-16 14:56:29.276198,78952b7b-ff87-451d-8bdf-d23a71448a9f,KXHIGHNY-24NOV16-B61.5,32550.724,1,1.0,61.519,95,5,1,63.3,1.8,-14.9,-8.8,-30.8,0.3,1.5,50.8,25.3,100,0,31599.94,41.4,24.2,0,0,0.019,1.781,0.0,0.0,0.0,1,1,1,95,5,1,-440.665,-7.091,5,1
2024-11-16 14:56:29.629741,bba73b9d-e263-457f-94ab-888aa5b89343,KXHIGHNY-24NOV16-B61.5,32550.37,1,1.0,61.519,95,5,1,63.3,1.8,-14.9,-8.8,-30.8,0.3,1.5,50.8,25.3,100,0,31599.94,41.4,24.2,0,0,0.019,1.781,0.0,0.0,0.0,1,1,1,95,5,1,-440.665,-7.094,5,1
2024-11-16 14:56:30.006109,3652412c-70a3-4aef-9efb-23c1ccf3893f,KXHIGHNY-24NOV16-B61.5,32549.994,1,1.0,61.519,95,5,1,63.3,1.8,-14.9,-8.8,-30.8,0.3,1.5,50.8,25.3,100,0,31599.94,41.4,24.2,0,0,0.019,1.781,0.0,0.0,0.0,1,1,1,95,5,1,-440.665,-7.102,5,1
2024-11-16 14:56:30.367284,cdc42079-d5a2-4a41-9387-b4a018b447ac,KXHIGHNY-24NOV16-B61.5,32549.633,1,1.0,61.519,95,5,1,63.3,1.8,-14.9,-8.8,-30.8,0.3,1.5,50.8,25.3,100,0,31599.94,41.4,24.2,0,0,0.019,1.781,0.0,0.0,0.0,1,1,1,95,5,1,-440.665,-7.114,5,1
2024-11-16 14:56:30.726663,092ebfb2-f036-48a4-9d64-0d2ee2daa8e9,KXHIGHNY-24NOV16-B61.5,32549.273,1,1.0,61.519,95,5,1,63.3,1.8,-14.9,-8.8,-30.8,0.3,1.5,50.8,25.3,100,0,31599.94,41.4,24.2,0,0,0.019,1.781,0.0,0.0,0.0,1,1,1,95,5,1,-440.665,-7.146,5,1
2024-11-16 14:56:31.100599,92f2b7d4-cdc6-45ef-999b-149eb89e2d91,KXHIGHNY-24NOV16-B61.5,32548.899,1,1.0,61.519,95,5,1,63.3,1.8,-14.9,-8.8,-30.8,0.3,1.5,50.8,25.3,100,0,31599.94,41.4,24.2,0,0,0.019,1.781,0.0,0.0,0.0,1,1,1,95,5,1,-440.665,-7.146,5,1
2024-11-16 14:56:31.484652,c504002d-7d06-422c-9db6-fb6e0b23bb41,KXHIGHNY-24NOV16-B61.5,32548.515,1,1.0,61.519,95,5,1,63.3,1.8,-14.9,-8.8,-30.8,0.3,1.5,50.8,25.3,100,0,31599.94,41.4,24.2,0,0,0.019,1.781,0.0,0.0,0.0,1,1,1,95,5,1,-440.665,-7.15,5,1
2024-11-16 14:56:31.855309,9d77cea7-1cb5-4b0e-92e4-f43c7b831444,KXHIGHNY-24NOV16-B61.5,32548.145,1,1.0,61.519,95,5,1,63.3,1.8,-14.9,-8.8,-30.8,0.3,1.5,50.8,25.3,100,0,31599.94,41.4,24.2,0,0,0.019,1.781,0.0,0.0,0.0,1,1,1,95,5,1,-440.665,-7.154,5,1
2024-11-16 14:56:32.234600,e34f228c-f09e-4ff8-814a-8a2e55b17280,KXHIGHNY-24NOV16-B61.5,32547.765,1,1.0,61.519,95,5,1,63.3,1.8,-14.9,-8.8,-30.8,0.3,1.5,50.8,25.3,100,0,31599.94,41.4,24.2,0,0,0.019,1.781,0.0,0.0,0.0,1,1,1,95,5,1,-440.665,-7.158,5,1
2024-11-16 14:56:32.598283,e64a999c-1aa5-442b-890a-f87bce8eb339,KXHIGHNY-24NOV16-B61.5,32547.402,1,1.0,61.519,95,5,1,63.3,1.8,-14.9,-8.8,-30.8,0.3,1.5,50.8,25.3,100,0,31599.94,41.4,24.2,0,0,0.019,1.781,0.0,0.0,0.0,1,1,1,95,5,1,-440.665,-7.171,5,1
2024-11-16 14:56:32.974453,1e21b0d5-5462-4c3f-b6c9-c003f98317b8,KXHIGHNY-24NOV16-B61.5,32547.026,1,1.0,61.519,95,5,1,63.3,1.8,-14.9,-8.8,-30.8,0.3,1.5,50.8,25.3,100,0,31599.94,41.4,24.2,0,0,0.019,1.781,0.0,0.0,0.0,1,1,1,95,5,1,-440.665,-7.193,5,1
2024-11-16 14:56:33.366665,012d0bea-c880-4756-b6f9-a15272412032,KXHIGHNY-24NOV16-B61.5,32546.633,1,1.0,61.519,95,5,1,63.3,1.8,-14.9,-8.8,-30.8,0.3,1.5,50.8,25.3,100,0,31599.94,41.4,24.2,0,0,0.019,1.781,0.0,0.0,0.0,1,1,1,95,5,1,-440.665,-7.216,5,1
2024-11-16 14:56:33.738838,ea2065d6-f178-4944-aaf5-6c5754df71b4,KXHIGHNY-24NOV16-B61.5,32546.261,1,1.0,61.519,95,5,1,63.3,1.8,-14.9,-8.8,-30.8,0.3,1.5,50.8,25.3,100,0,31599.94,41.4,24.2,0,0,0.019,1.781,0.0,0.0,0.0,1,1,1,95,5,1,-440.665,-7.248,5,1
2024-11-16 14:56:34.095094,3bc0f351-b06a-4550-b234-6010effad5e1,KXHIGHNY-24NOV16-B61.5,32545.905,1,1.0,61.519,95,5,1,63.3,1.8,-14.9,-8.8,-30.8,0.3,1.5,50.8,25.3,100,0,31599.94,41.4,24.2,0,0,0.019,1.781,0.0,0.0,0.0,1,1,1,95,5,1,-440.665,-7.263,5,1
2024-11-16 14:56:34.456702,b7b414f3-2420-4916-973b-394044bd9890,KXHIGHNY-24NOV16-B61.5,32545.543,1,1.0,61.519,95,5,1,63.3,1.8,-14.9,-8.8,-30.8,0.3,1.5,50.8,25.3,100,0,31599.94,41.4,24.2,0,0,0.019,1.781,0.0,0.0,0.0,1,1,1,95,5,1,-440.665,-7.267,5,1
2024-11-16 14:56:34.828381,942825e0-a67a-4606-a089-b5f89e596486,KXHIGHNY-24NOV16-B61.5,32545.172,1,1.0,61.519,95,5,1,63.3,1.8,-14.9,-8.8,-30.8,0.3,1.5,50.8,25.3,100,0,31599.94,41.4,24.2,0,0,0.019,1.781,0.0,0.0,0.0,1,1,1,95,5,1,-440.665,-7.27,5,1
2024-11-16 14:56:35.204106,8cad0bb6-697d-45eb-a80d-ea69e3e65484,KXHIGHNY-24NOV16-B61.5,32544.796,1,1.0,61.519,95,5,1,63.3,1.8,-14.9,-8.8,-30.8,0.3,1.5,50.8,25.3,100,0,31599.94,41.4,24.2,0,0,0.019,1.781,0.0,0.0,0.0,1,1,1,95,5,1,-440.665,-7.287,5,1
2024-11-16 14:56:35.582062,e181b1f9-4297-46b5-a562-75594b89cb95,KXHIGHNY-24NOV16-B61.5,32544.418,1,1.0,61.519,95,5,1,63.3,1.8,-14.9,-8.8,-30.8,0.3,1.5,50.8,25.3,100,0,31599.94,41.4,24.2,0,0,0.019,1.781,0.0,0.0,0.0,1,1,1,95,5,1,-440.665,-7.321,5,1
2024-11-16 14:56:35.950817,aac9546b-b78b-4fbf-bdf9-9e11cfe37af8,KXHIGHNY-24NOV16-B61.5,32544.049,1,1.0,61.519,95,5,1,63.3,1.8,-14.9,-8.8,-30.8,0.3,1.5,50.8,25.3,100,0,31599.94,41.4,24.2,0,0,0.019,1.781,0.0,0.0,0.0,1,1,1,95,5,1,-440.665,-7.325,5,1
2024-11-16 14:56:36.305578,987a9b3d-7f0d-4249-845f-98c0bad791c9,KXHIGHNY-24NOV16-B61.5,32543.694,1,1.0,61.519,95,5,1,63.3,1.8,-14.9,-8.8,-30.8,0.3,1.5,50.8,25.3,100,0,31599.94,41.4,24.2,0,0,0.019,1.781,0.0,0.0,0.0,1,1,1,95,5,1,-440.665,-7.333,5,1
2024-11-16 14:56:36.662381,fb02dc3a-1b20-45df-a1e8-5b9ee9aef045,KXHIGHNY-24NOV16-B61.5,32543.338,1,1.0,61.519,95,5,1,63.3,1.8,-14.9,-8.8,-30.8,0.3,1.5,50.8,25.3,100,0,31599.94,41.4,24.2,0,0,0.019,1.781,0.0,0.0,0.0,1,1,1,95,5,1,-440.665,-7.359,5,1
2024-11-16 14:56:37.030904,b4963604-b7df-4e3b-b95c-9e3811122921,KXHIGHNY-24NOV16-B61.5,32542.969,1,1.0,61.519,95,5,1,63.3,1.8,-14.9,-8.8,-30.8,0.3,1.5,50.8,25.3,100,0,31599.94,41.4,24.2,0,0,0.019,1.781,0.0,0.0,0.0,1,1,1,95,5,1,-440.665,-7.463,5,1
2024-11-16 14:56:37.416053,1bcf3f0a-b215-4bd7-ae2d-86bffcfd1f92,KXHIGHNY-24NOV16-B61.5,32542.584,1,1.0,61.519,95,5,1,63.3,1.8,-14.9,-8.8,-30.8,0.3,1.5,50.8,25.3,100,0,31599.94,41.4,24.2,0,0,0.019,1.781,0.0,0.0,0.0,1,1,1,95,5,1,-440.665,-7.466,5,1
2024-11-16 14:56:37.777834,441f5f0e-d776-4015-958d-d911f838a275,KXHIGHNY-24NOV16-B61.5,32542.222,1,1.0,61.519,95,5,1,63.3,1.8,-14.9,-8.8,-30.8,0.3,1.5,50.8,25.3,100,0,31599.94,41.4,24.2,0,0,0.019,1.781,0.0,0.0,0.0,1,1,1,95,5,1,-440.665,-7.468,5,1
2024-11-16 14:56:53.361515,1ad9e2b9-3c7f-42f6-a71f-c47c8822758f,KXHIGHNY-24NOV16-B63.5,32526.638,1490,3.0,61.5,4,96,0,63.3,-0.2,-16.9,-10.8,-32.8,-1.7,1.5,50.8,25.3,100,0,31599.94,41.4,24.2,0,0,-2.0,1.8,0.0,0.0,0.0,1,1,1,95,4,1,-438.163,-4.658,4,0
2024-11-16 14:56:53.361515,0f64e33a-36a9-4e19-95f9-1580b35e236a,KXHIGHNY-24NOV16-B63.5,32526.638,10,3.0,61.538,6,94,0,63.3,-0.2,-16.9,-10.8,-32.8,-1.7,1.5,50.8,25.3,100,0,31599.94,41.4,24.2,0,0,-1.962,1.762,0.0,0.0,0.0,1,1,1,95,6,1,-443.369,-2.626,6,0
2024-11-16 14:56:55.083722,aae2da65-18f6-46c0-8646-ac28f4f7601b,KXHIGHNY-24NOV16-B63.5,32524.916,117,3.0,61.575,8,92,1,63.3,-0.2,-16.9,-10.8,-32.8,-1.7,1.5,50.8,25.3,100,0,31599.94,41.4,24.2,0,0,-1.925,1.725,0.0,0.0,0.0,1,1,1,95,8,1,-449.254,0.661,-8,0
2024-11-16 14:57:19.198817,5309986e-ad00-4b6d-9b2e-3f91af8bd34c,KXHIGHNY-24NOV16-B61.5,32500.801,2097,1.0,61.575,95,5,1,63.3,1.8,-14.9,-8.8,-30.8,0.3,1.5,50.8,25.3,100,0,31599.94,41.4,24.2,0,0,0.075,1.725,0.0,0.0,0.0,1,1,1,95,8,1,-449.254,-7.487,5,1
2024-11-16 14:57:29.873052,000fc26e-1a2e-4020-8d30-df2b6db2f527,KXHIGHNY-24NOV16-B63.5,32490.127,120,3.0,61.557,7,93,1,63.3,-0.2,-16.9,-10.8,-32.8,-1.7,1.5,50.8,25.3,100,0,31599.94,41.4,24.2,0,0,-1.943,1.743,0.0,0.0,0.0,1,1,1,95,7,1,-446.24,1.679,-7,0
2024-11-16 14:57:44.591585,b992c3dc-1398-46cc-b6a2-3890402449d5,KXHIGHNY-24NOV16-B63.5,32475.408,429,3.0,61.575,8,92,1,63.3,-0.2,-16.9,-10.8,-32.8,-1.7,1.5,50.8,25.3,100,0,31599.94,41.4,24.2,0,0,-1.925,1.725,0.0,0.0,0.0,1,1,1,95,8,1,-449.254,0.684,-8,0
2024-11-16 14:57:44.591585,f4d84090-4dbf-40b0-ac0e-0a05efb6b925,KXHIGHNY-24NOV16-B63.5,32475.408,180,3.0,61.557,7,93,1,63.3,-0.2,-16.9,-10.8,-32.8,-1.7,1.5,50.8,25.3,100,0,31599.94,41.4,24.2,0,0,-1.943,1.743,0.0,0.0,0.0,1,1,1,95,7,1,-446.24,1.695,-7,0
2024-11-16 14:58:23.953893,b0510ad7-5e0b-42bf-909e-689211b85b4d,KXHIGHNY-24NOV16-B63.5,32436.046,17,3.0,61.575,8,92,1,63.3,-0.2,-16.9,-10.8,-32.8,-1.7,1.5,50.8,25.3,100,0,31599.94,41.4,24.2,0,0,-1.925,1.725,0.0,0.0,0.0,1,1,1,95,8,1,-449.254,0.729,-8,0
2024-11-16 14:58:42.748099,95e31a01-c049-4170-89a0-d677a6c37d97,KXHIGHNY-24NOV16-B61.5,32417.252,200,1.0,61.575,95,5,1,63.3,1.8,-14.9,-8.8,-30.8,0.3,1.5,50.8,25.3,100,0,31599.94,41.4,24.2,0,0,0.075,1.725,0.0,0.0,0.0,1,1,1,95,8,1,-449.254,-7.491,5,1
2024-11-16 14:58:51.254227,b7b3300e-1731-4fd2-b412-2165a98db2cc,KXHIGHNY-24NOV16-B63.5,32408.746,10,3.0,61.575,8,92,1,63.3,-0.2,-16.9,-10.8,-32.8,-1.7,1.5,50.8,25.3,100,0,31599.94,41.4,24.2,0,0,-1.925,1.725,0.0,0.0,0.0,1,1,1,95,8,1,-449.254,0.731,-8,0
2024-11-16 14:58:51.438483,62711d43-d883-4be5-8a0f-e3e708538d22,KXHIGHNY-24NOV16-B63.5,32408.562,194,3.0,61.575,8,92,1,63.3,-0.2,-16.9,-10.8,-32.8,-1.7,1.5,50.8,25.3,100,0,31599.94,41.4,24.2,0,0,-1.925,1.725,0.0,0.0,0.0,1,1,1,95,8,1,-449.254,0.755,-8,0
2024-11-16 14:58:51.438483,0edacb97-bcfb-4977-bedc-4925f4886518,KXHIGHNY-24NOV16-B63.5,32408.562,301,3.0,61.575,8,92,1,63.3,-0.2,-16.9,-10.8,-32.8,-1.7,1.5,50.8,25.3,100,0,31599.94,41.4,24.2,0,0,-1.925,1.725,0.0,0.0,0.0,1,1,1,95,8,1,-449.254,0.747,-8,0
2024-11-16 14:58:58.410808,b6e7c539-cfab-47a3-9cf6-445fe09a25b5,KXHIGHNY-24NOV16-B61.5,32401.589,98,1.0,61.576,93,7,0,63.3,1.8,-14.9,-8.8,-30.8,0.3,1.5,50.8,25.3,100,0,31599.94,41.4,24.2,0,0,0.076,1.724,0.0,0.0,0.0,1,1,1,93,8,1,-438.167,5.511,-7,1
2024-11-16 14:59:11.096614,8f3b006a-1857-4963-aee7-695baa8d1ebb,KXHIGHNY-24NOV16-B61.5,32388.903,63,1.0,61.576,93,7,0,63.3,1.8,-14.9,-8.8,-30.8,0.3,1.5,50.8,25.3,100,0,31599.94,41.4,24.2,0,0,0.076,1.724,0.0,0.0,0.0,1,1,1,93,8,1,-438.167,5.522,-7,1
2024-11-16 14:59:28.481065,61f05720-d16f-4ec4-a3fd-a881109dd25e,KXHIGHNY-24NOV16-B63.5,32371.519,11,3.0,61.647,12,88,1,63.3,-0.2,-16.9,-10.8,-32.8,-1.7,1.5,50.8,25.3,100,0,31599.94,41.4,24.2,0,0,-1.853,1.653,0.0,0.0,0.0,1,1,1,93,12,1,-451.351,-3.244,-12,0
2024-11-16 14:59:49.257830,7c3f281d-1907-4da1-90f6-cc4e9af09356,KXHIGHNY-24NOV16-B61.5,32350.742,7,1.0,61.645,94,6,1,63.3,1.8,-14.9,-8.8,-30.8,0.3,1.5,50.8,25.3,100,0,31599.94,41.4,24.2,0,0,0.145,1.655,0.0,0.0,0.0,1,1,1,94,12,1,-456.889,-6.523,6,1
2024-11-16 14:59:56.725136,0187f409-6060-477f-bf32-f21c676cbd33,KXHIGHNY-24NOV16-T64,32343.275,500,5.0,61.645,1,99,1,63.3,-2.2,-18.9,-12.8,-34.8,-3.7,1.5,50.8,25.3,100,0,31599.94,41.4,24.2,0,0,-3.855,1.655,0.0,0.0,0.0,1,1,1,94,12,1,-456.889,0.988,-1,0
2024-11-16 14:59:56.725136,281c0040-4a70-41a8-951d-14235fc42cec,KXHIGHNY-24NOV16-T64,32343.275,258,5.0,61.645,1,99,1,63.3,-2.2,-18.9,-12.8,-34.8,-3.7,1.5,50.8,25.3,100,0,31599.94,41.4,24.2,0,0,-3.855,1.655,0.0,0.0,0.0,1,1,1,94,12,1,-456.889,0.988,-1,0
2024-11-16 14:59:56.725136,7647fae4-4de8-4721-bec4-abb866205d90,KXHIGHNY-24NOV16-T64,32343.275,1500,5.0,61.68,2,98,1,63.3,-2.2,-18.9,-12.8,-34.8,-3.7,1.5,50.8,25.3,100,0,31599.94,41.4,24.2,0,0,-3.82,1.62,0.0,0.0,0.0,1,1,1,94,12,2,-458.275,-0.012,-2,0
2024-11-16 14:59:56.725136,f2228d00-3b20-4d3f-93f6-5458feff73dd,KXHIGHNY-24NOV16-T64,32343.275,259,5.0,61.68,2,98,1,63.3,-2.2,-18.9,-12.8,-34.8,-3.7,1.5,50.8,25.3,100,0,31599.94,41.4,24.2,0,0,-3.82,1.62,0.0,0.0,0.0,1,1,1,94,12,2,-458.275,0.0,-2,0
2024-11-16 14:59:56.725136,bd003f1e-51a6-4741-a342-6f9c986dafc1,KXHIGHNY-24NOV16-T64,32343.275,300,5.0,61.645,1,99,1,63.3,-2.2,-18.9,-12.8,-34.8,-3.7,1.5,50.8,25.3,100,0,31599.94,41.4,24.2,0,0,-3.855,1.655,0.0,0.0,0.0,1,1,1,94,12,1,-456.889,0.988,-1,0
2024-11-16 14:59:56.725136,a97a089e-23bb-4f47-813b-356c9db8569c,KXHIGHNY-24NOV16-T64,32343.275,100,5.0,61.645,1,99,1,63.3,-2.2,-18.9,-12.8,-34.8,-3.7,1.5,50.8,25.3,100,0,31599.94,41.4,24.2,0,0,-3.855,1.655,0.0,0.0,0.0,1,1,1,94,12,1,-456.889,0.988,-1,0
2024-11-16 15:00:27.376635,59d4c7d4-f901-423f-8cb7-1180de961d04,KXHIGHNY-24NOV16-B61.5,32312.623,146,1.0,61.648,92,8,0,63.3,1.8,-14.9,-8.8,-30.8,1.8,0.0,50.8,25.3,100,0,31599.94,42.1,22.8,0,0,0.148,1.652,0.0,0.0,0.0,1,1,1,92,12,1,-445.823,4.526,-8,1
2024-11-16 15:00:27.376635,791127e6-39c1-4c58-a22d-e488f8c42db5,KXHIGHNY-24NOV16-B61.5,32312.623,100,1.0,61.651,90,10,0,63.3,1.8,-14.9,-8.8,-30.8,1.8,0.0,50.8,25.3,100,0,31599.94,42.1,22.8,0,0,0.151,1.649,0.0,0.0,0.0,1,1,1,90,12,1,-434.802,2.55,-10,1
2024-11-16 15:00:27.376635,67bcdca1-38b3-4a77-a3d2-2d85b6cd8bbf,KXHIGHNY-24NOV16-B61.5,32312.623,150,1.0,61.652,89,11,0,63.3,1.8,-14.9,-8.8,-30.8,1.8,0.0,50.8,25.3,100,0,31599.94,42.1,22.8,0,0,0.152,1.648,0.0,0.0,0.0,1,1,1,89,12,1,-429.308,1.547,-11,1
2024-11-16 15:00:27.376635,5e397943-03eb-45c5-80e9-e1479e4414f7,KXHIGHNY-24NOV16-B61.5,32312.623,39,1.0,61.655,87,13,0,63.3,1.8,-14.9,-8.8,-30.8,1.8,0.0,50.8,25.3,100,0,31599.94,42.1,22.8,0,0,0.155,1.645,0.0,0.0,0.0,1,1,1,87,12,1,-418.353,-0.456,-13,1
2024-11-16 15:00:51.526901,21879734-c0c7-485a-bc23-a02ad2b9fcdd,KXHIGHNY-24NOV16-B63.5,32288.473,87,3.0,61.714,16,84,1,63.3,-0.2,-16.9,-10.8,-32.8,-0.2,0.0,50.8,25.3,100,0,31599.94,42.1,22.8,0,0,-1.786,1.586,0.0,0.0,0.0,1,1,1,92,16,1,-460.366,-7.241,-16,0
2024-11-16 15:00:51.526901,a91d859b-cac9-4d4c-968d-50111c777fa6,KXHIGHNY-24NOV16-B63.5,32288.473,112,3.0,61.819,23,77,1,63.3,-0.2,-16.9,-10.8,-32.8,-0.2,0.0,50.8,25.3,100,0,31599.94,42.1,22.8,0,0,-1.681,1.481,0.0,0.0,0.0,1,1,1,92,23,1,-488.121,-14.235,-23,0
2024-11-16 15:00:51.526901,f8a0f537-4acb-49b4-b75f-af379e18a7ba,KXHIGHNY-24NOV16-B63.5,32288.473,45,3.0,61.648,12,88,1,63.3,-0.2,-16.9,-10.8,-32.8,-0.2,0.0,50.8,25.3,100,0,31599.94,42.1,22.8,0,0,-1.852,1.652,0.0,0.0,0.0,1,1,1,92,12,1,-445.823,-3.22,-12,0
2024-11-16 15:00:51.526901,c2902b4a-89a3-40fd-b515-107802e3f040,KXHIGHNY-24NOV16-B63.5,32288.473,328,3.0,61.698,15,85,1,63.3,-0.2,-16.9,-10.8,-32.8,-0.2,0.0,50.8,25.3,100,0,31599.94,42.1,22.8,0,0,-1.802,1.602,0.0,0.0,0.0,1,1,1,92,15,1,-456.625,-6.235,-15,0
2024-11-16 15:01:20.628368,f1bbdad1-2452-45d8-ad7f-3cb67e95c22b,KXHIGHNY-24NOV16-B61.5,32259.372,39,1.0,61.729,85,15,0,63.3,1.8,-14.9,-8.8,-30.8,1.8,0.0,50.8,25.3,100,0,31599.94,42.1,22.8,0,0,0.229,1.571,0.0,0.0,0.0,1,1,1,85,16,1,-421.987,-2.438,-15,1
2024-11-16 15:01:21.052511,46a1d443-8353-456d-a376-f26de0cc6ac7,KXHIGHNY-24NOV16-B63.5,32258.947,49,3.0,61.778,19,81,1,63.3,-0.2,-16.9,-10.8,-32.8,-0.2,0.0,50.8,25.3,100,0,31599.94,42.1,22.8,0,0,-1.722,1.522,0.0,0.0,0.0,1,1,1,85,19,1,-433.57,-10.22,-19,0
2024-11-16 15:01:24.032068,10394e1c-53c7-4676-a72c-388545be8989,KXHIGHNY-24NOV16-B59.5,32255.968,50,-1.0,61.778,1,99,1,63.3,3.8,-12.9,-6.8,-28.8,3.8,0.0,50.8,25.3,100,0,31599.94,42.1,22.8,0,0,2.278,1.522,0.0,0.0,0.0,1,1,1,85,19,1,-433.57,9.906,-1,0
2024-11-16 15:01:27.908064,dbb50d0a-25a5-4269-a54b-3b7a9a4f0d77,KXHIGHNY-24NOV16-B61.5,32252.092,31,1.0,61.775,86,14,0,63.3,1.8,-14.9,-8.8,-30.8,1.8,0.0,50.8,25.3,100,0,31599.94,42.1,22.8,0,0,0.275,1.525,0.0,0.0,0.0,1,1,1,86,19,1,-439.018,-1.433,-14,1
2024-11-16 15:02:17.125358,6d91ef43-ca24-4e0e-a710-25e653c75509,KXHIGHNY-24NOV16-B61.5,32202.875,62,1.0,61.778,85,15,0,63.3,1.8,-14.9,-8.8,-30.8,1.8,0.0,50.8,25.3,100,0,31599.94,42.1,22.8,0,0,0.278,1.522,0.0,0.0,0.0,1,1,1,85,19,1,-433.57,-2.43,-15,1
2024-11-16 15:02:19.414888,12cfed96-6546-4e25-a8fd-ce907d46a74b,KXHIGHNY-24NOV16-B63.5,32200.585,61,3.0,61.762,18,82,1,63.3,-0.2,-16.9,-10.8,-32.8,-0.2,0.0,50.8,25.3,100,0,31599.94,42.1,22.8,0,0,-1.738,1.538,0.0,0.0,0.0,1,1,1,85,18,1,-429.652,-9.22,-18,0
2024-11-16 15:02:19.469205,7213a673-7885-435f-b92e-85dcfb0b82e4,KXHIGHNY-24NOV16-B61.5,32200.531,14,1.0,61.762,85,15,0,63.3,1.8,-14.9,-8.8,-30.8,1.8,0.0,50.8,25.3,100,0,31599.94,42.1,22.8,0,0,0.262,1.538,0.0,0.0,0.0,1,1,1,85,18,1,-429.652,-2.418,-15,1
2024-11-16 15:02:19.471213,c4f71d68-aea0-4f49-86c1-4f3ca88f9f9b,KXHIGHNY-24NOV16-B63.5,32200.529,14,3.0,61.762,18,82,0,63.3,-0.2,-16.9,-10.8,-32.8,-0.2,0.0,50.8,25.3,100,0,31599.94,42.1,22.8,0,0,-1.738,1.538,0.0,0.0,0.0,1,1,1,85,18,1,-429.652,9.22,18,0
2024-11-16 15:02:26.547052,31934544-6c2b-49ef-9814-387776f36e06,KXHIGHNY-24NOV16-B61.5,32193.453,100,1.0,61.762,85,15,0,63.3,1.8,-14.9,-8.8,-30.8,1.8,0.0,50.8,25.3,100,0,31599.94,42.1,22.8,0,0,0.262,1.538,0.0,0.0,0.0,1,1,1,85,18,1,-429.652,-2.41,-15,1
2024-11-16 15:02:28.240460,d4190045-22f3-40d3-8fd7-b1c3669b8ce9,KXHIGHNY-24NOV16-B61.5,32191.76,14,1.0,61.762,85,15,0,63.3,1.8,-14.9,-8.8,-30.8,1.8,0.0,50.8,25.3,100,0,31599.94,42.1,22.8,0,0,0.262,1.538,0.0,0.0,0.0,1,1,1,85,18,1,-429.652,-2.372,-15,1
2024-11-16 15:03:07.246852,f6b4e1b5-02c2-4338-adcb-5e15907a64ce,KXHIGHNY-24NOV16-B61.5,32152.753,1,1.0,61.752,89,11,1,63.3,1.8,-14.9,-8.8,-30.8,1.8,0.0,50.8,25.3,100,0,31599.94,42.1,22.8,0,0,0.252,1.548,0.0,0.0,0.0,1,1,1,89,18,1,-451.515,-1.707,11,1
2024-11-16 15:03:13.105221,94c38608-414a-444a-a295-1b3defc77c4d,KXHIGHNY-24NOV16-B61.5,32146.895,370,1.0,61.764,84,16,0,63.3,1.8,-14.9,-8.8,-30.8,1.8,0.0,50.8,25.3,100,0,31599.94,42.1,22.8,0,0,0.264,1.536,0.0,0.0,0.0,1,1,1,84,18,1,-424.215,-3.243,-16,1
2024-11-16 15:03:13.105221,043988ea-ec4f-447f-aeed-cdbc47a6cda6,KXHIGHNY-24NOV16-B61.5,32146.895,30,1.0,61.764,84,16,0,63.3,1.8,-14.9,-8.8,-30.8,1.8,0.0,50.8,25.3,100,0,31599.94,42.1,22.8,0,0,0.264,1.536,0.0,0.0,0.0,1,1,1,84,18,1,-424.215,-3.286,-16,1
2024-11-16 15:03:19.183791,588fe4ef-c8ff-4ff4-86a7-32f80b512110,KXHIGHNY-24NOV16-B61.5,32140.816,400,1.0,61.764,84,16,0,63.3,1.8,-14.9,-8.8,-30.8,1.8,0.0,50.8,25.3,100,0,31599.94,42.1,22.8,0,0,0.264,1.536,0.0,0.0,0.0,1,1,1,84,18,1,-424.215,-3.23,-16,1
2024-11-16 15:03:28.113395,bc7ccfb4-7816-429c-bd01-e4785c842e64,KXHIGHNY-24NOV16-B61.5,32131.887,400,1.0,61.764,84,16,0,63.3,1.8,-14.9,-8.8,-30.8,1.8,0.0,50.8,25.3,100,0,31599.94,42.1,22.8,0,0,0.264,1.536,0.0,0.0,0.0,1,1,1,84,18,1,-424.215,-3.203,-16,1
2024-11-16 15:03:29.017481,617e3a5b-b435-44d8-98d0-d5fdda879b99,KXHIGHNY-24NOV16-B61.5,32130.983,400,1.0,61.764,84,16,0,63.3,1.8,-14.9,-8.8,-30.8,1.8,0.0,50.8,25.3,100,0,31599.94,42.1,22.8,0,0,0.264,1.536,0.0,0.0,0.0,1,1,1,84,18,1,-424.215,-3.124,-16,1
2024-11-16 15:03:34.055699,78618467-1949-4d4b-afec-7a6da91f3718,KXHIGHNY-24NOV16-B63.5,32125.944,77,3.0,61.827,22,78,1,63.3,-0.2,-16.9,-10.8,-32.8,-0.2,0.0,50.8,25.3,100,0,31599.94,42.1,22.8,0,0,-1.673,1.473,0.0,0.0,0.0,1,1,1,84,22,1,-440.192,-13.217,-22,0
2024-11-16 15:03:34.055699,060bb94c-6599-43df-9bbb-a7b6c731037f,KXHIGHNY-24NOV16-B63.5,32125.944,173,3.0,61.842,23,77,1,63.3,-0.2,-16.9,-10.8,-32.8,-0.2,0.0,50.8,25.3,100,0,31599.94,42.1,22.8,0,0,-1.658,1.458,0.0,0.0,0.0,1,1,1,84,23,1,-444.305,-14.217,-23,0
2024-11-16 15:04:05.031740,28adf3f4-9dc7-4363-9d42-4373c8cd4cdd,KXHIGHNY-24NOV16-B63.5,32094.968,1,3.0,61.748,17,83,1,63.3,-0.2,-16.9,-10.8,-32.8,-0.2,0.0,50.8,25.3,100,0,31599.94,42.1,22.8,0,0,-1.752,1.552,0.0,0.0,0.0,1,1,1,84,17,1,-420.353,-8.217,-17,0
2024-11-16 15:04:11.099406,8025fe20-36c1-4adc-abe8-ec99fbc15c6f,KXHIGHNY-24NOV16-B61.5,32088.901,55,1.0,61.736,89,11,1,63.3,1.8,-14.9,-8.8,-30.8,1.8,0.0,50.8,25.3,100,0,31599.94,42.1,22.8,0,0,0.236,1.564,0.0,0.0,0.0,1,1,1,89,17,1,-447.653,-1.879,11,1
2024-11-16 15:04:13.801233,82f167c6-ea69-4a51-a036-ba0f484772f7,KXHIGHNY-24NOV16-B63.5,32086.199,5,3.0,61.736,17,83,1,63.3,-0.2,-16.9,-10.8,-32.8,-0.2,0.0,50.8,25.3,100,0,31599.94,42.1,22.8,0,0,-1.764,1.564,0.0,0.0,0.0,1,1,1,89,17,1,-447.653,-8.218,-17,0
2024-11-16 15:04:22.434477,4087a6da-a48b-4e35-b30d-dc6bdb0fa0ff,KXHIGHNY-24NOV16-B63.5,32077.566,5,3.0,61.736,17,83,1,63.3,-0.2,-16.9,-10.8,-32.8,-0.2,0.0,50.8,25.3,100,0,31599.94,42.1,22.8,0,0,-1.764,1.564,0.0,0.0,0.0,1,1,1,89,17,1,-447.653,-8.194,-17,0
2024-11-16 15:04:30.189520,22b7bc7d-a7db-41bb-a05a-8895505b9f03,KXHIGHNY-24NOV16-B63.5,32069.81,49,3.0,61.736,17,83,1,63.3,-0.2,-16.9,-10.8,-32.8,-0.2,0.0,50.8,25.3,100,0,31599.94,42.1,22.8,0,0,-1.764,1.564,0.0,0.0,0.0,1,1,1,89,17,1,-447.653,-8.191,-17,0
2024-11-16 15:04:50.711348,a7b526b2-5686-4ad1-a60a-7232ff863227,KXHIGHNY-24NOV16-B61.5,32049.289,20,1.0,61.748,84,16,0,63.3,1.8,-14.9,-8.8,-30.8,1.8,0.0,50.8,25.3,100,0,31599.94,42.1,22.8,0,0,0.248,1.552,0.0,0.0,0.0,1,1,1,84,17,1,-420.353,-3.085,-16,1
2024-11-16 15:05:02.040279,c0efed13-aa52-4519-8eeb-d01581c8edb1,KXHIGHNY-24NOV16-B61.5,32037.96,45,1.0,61.736,89,11,1,63.3,1.8,-14.9,-8.8,-30.8,1.8,0.0,50.8,25.3,100,0,31599.94,42.1,22.8,0,0,0.236,1.564,0.0,0.0,0.0,1,1,1,89,17,1,-447.653,-1.94,11,1
2024-11-16 15:05:02.040279,7bfcbcd8-4f0e-4362-9c29-7264d3dee0e0,KXHIGHNY-24NOV16-B61.5,32037.96,105,1.0,61.73,92,8,1,63.3,1.8,-14.9,-8.8,-30.8,1.8,0.0,50.8,25.3,100,0,31599.94,42.1,22.8,0,0,0.23,1.57,0.0,0.0,0.0,1,1,1,92,17,1,-464.169,-4.925,8,1
2024-11-16 15:05:02.040279,626e661f-751f-4ef0-940f-56c56025d920,KXHIGHNY-24NOV16-B61.5,32037.96,100,1.0,61.734,90,10,1,63.3,1.8,-14.9,-8.8,-30.8,1.8,0.0,50.8,25.3,100,0,31599.94,42.1,22.8,0,0,0.234,1.566,0.0,0.0,0.0,1,1,1,90,17,1,-453.147,-2.924,10,1
2024-11-16 15:05:02.040279,2b26a37e-ff83-47db-baa3-7cd099d980b6,KXHIGHNY-24NOV16-B61.5,32037.96,100,1.0,61.734,90,10,1,63.3,1.8,-14.9,-8.8,-30.8,1.8,0.0,50.8,25.3,100,0,31599.94,42.1,22.8,0,0,0.234,1.566,0.0,0.0,0.0,1,1,1,90,17,1,-453.147,-2.918,10,1
2024-11-16 15:05:12.464332,0fbe0a1b-7b3e-4709-be80-c9f02c067ab1,KXHIGHNY-24NOV16-B61.5,32027.536,5,1.0,61.748,84,16,0,63.3,1.8,-14.9,-8.8,-30.8,1.8,0.0,50.8,25.3,100,0,31599.94,42.1,22.8,0,0,0.248,1.552,0.0,0.0,0.0,1,1,1,84,17,1,-420.353,-3.032,-16,1
2024-11-16 15:05:16.442670,ee652953-78b0-4cc5-adab-c90bd5602af0,KXHIGHNY-24NOV16-B61.5,32023.557,50,1.0,61.73,92,8,1,63.3,1.8,-14.9,-8.8,-30.8,1.8,0.0,50.8,25.3,100,0,31599.94,42.1,22.8,0,0,0.23,1.57,0.0,0.0,0.0,1,1,1,92,17,1,-464.169,-4.971,8,1
2024-11-16 15:05:29.725141,41cd46dd-3dfc-44fb-af5e-4cd5db957970,KXHIGHNY-24NOV16-B61.5,32010.275,29,1.0,61.73,92,8,1,63.3,1.8,-14.9,-8.8,-30.8,1.8,0.0,50.8,25.3,100,0,31599.94,42.1,22.8,0,0,0.23,1.57,0.0,0.0,0.0,1,1,1,92,17,1,-464.169,-4.972,8,1
2024-11-16 15:05:48.996193,4b85a8cc-cbcc-49c8-9783-65cf6f21d495,KXHIGHNY-24NOV16-B61.5,31991.004,108,1.0,61.73,92,8,1,63.3,1.8,-14.9,-8.8,-30.8,1.8,0.0,50.8,25.3,100,0,31599.94,42.1,22.8,0,0,0.23,1.57,0.0,0.0,0.0,1,1,1,92,17,1,-464.169,-4.973,8,1
2024-11-16 15:05:50.855233,c29b4740-65de-4d08-9872-0b9d9d623b89,KXHIGHNY-24NOV16-B61.5,31989.145,59,1.0,61.73,92,8,1,63.3,1.8,-14.9,-8.8,-30.8,1.8,0.0,50.8,25.3,100,0,31599.94,42.1,22.8,0,0,0.23,1.57,0.0,0.0,0.0,1,1,1,92,17,1,-464.169,-4.979,8,1
2024-11-16 15:06:15.120526,8499c55c-bc7e-40a6-9808-f1ec7663f1d8,KXHIGHNY-24NOV16-B61.5,31964.879,99,1.0,61.728,93,7,1,63.3,1.8,-14.9,-8.8,-30.8,1.8,0.0,50.8,25.3,100,0,31599.94,42.1,22.8,0,0,0.228,1.572,0.0,0.0,0.0,1,1,1,93,17,1,-469.696,-5.99,7,1
2024-11-16 15:06:57.474261,43587b3e-c7cd-4983-93c0-fa8cb4d45fb5,KXHIGHNY-24NOV16-B61.5,31922.526,10,1.0,61.728,93,7,1,63.3,1.8,-14.9,-8.8,-30.8,1.8,0.0,50.8,25.3,100,0,31599.94,42.1,22.8,0,0,0.228,1.572,0.0,0.0,0.0,1,1,1,93,17,1,-469.696,-6.01,7,1
2024-11-16 15:08:21.199097,ebab12e8-15ff-4f33-a02c-c2026797ff16,KXHIGHNY-24NOV16-B63.5,31838.801,100,3.0,61.696,15,85,1,63.3,-0.2,-16.9,-10.8,-32.8,-0.2,0.0,50.8,25.3,100,0,31599.94,42.1,22.8,0,0,-1.804,1.604,0.0,0.0,0.0,1,1,1,93,15,1,-462.153,-6.15,-15,0
2024-11-16 15:08:21.199097,6d75f552-8a46-4a16-8b9c-3e13f10b22ac,KXHIGHNY-24NOV16-B63.5,31838.801,75,3.0,61.696,15,85,1,63.3,-0.2,-16.9,-10.8,-32.8,-0.2,0.0,50.8,25.3,100,0,31599.94,42.1,22.8,0,0,-1.804,1.604,0.0,0.0,0.0,1,1,1,93,15,1,-462.153,-6.175,-15,0
2024-11-16 15:08:21.199097,3d48d45d-67e0-43c8-a2b9-0d89b8fc5c24,KXHIGHNY-24NOV16-B63.5,31838.801,123,3.0,61.728,17,83,1,63.3,-0.2,-16.9,-10.8,-32.8,-0.2,0.0,50.8,25.3,100,0,31599.94,42.1,22.8,0,0,-1.772,1.572,0.0,0.0,0.0,1,1,1,93,17,1,-469.696,-8.188,-17,0
2024-11-16 15:08:28.203255,76476e1c-a487-40c9-98b0-21729f44dbfc,KXHIGHNY-24NOV16-B61.5,31831.797,23,1.0,61.728,93,7,1,63.3,1.8,-14.9,-8.8,-30.8,1.8,0.0,50.8,25.3,100,0,31599.94,42.1,22.8,0,0,0.228,1.572,0.0,0.0,0.0,1,1,1,93,17,1,-469.696,-6.017,7,1
2024-11-16 15:08:38.909784,0652f85a-c249-4490-89e1-a8335d0d9d14,KXHIGHNY-24NOV16-B63.5,31821.09,5,3.0,61.539,6,94,0,63.3,-0.2,-16.9,-10.8,-32.8,-0.2,0.0,50.8,25.3,100,0,31599.94,42.1,22.8,0,0,-1.961,1.761,0.0,0.0,0.0,1,1,1,93,6,1,-432.282,-2.858,6,0
2024-11-16 15:10:27.119114,3b02b04f-8747-48a2-8174-bfaf13e0c3ff,KXHIGHNY-24NOV16-B61.5,31712.881,1620,1.0,61.539,92,8,1,63.3,1.8,-14.9,-8.8,-30.8,1.8,0.0,50.8,25.3,100,0,31599.94,42.1,22.8,0,0,0.039,1.761,0.0,0.0,0.0,1,1,1,92,6,1,-426.755,-5.074,8,1
2024-11-16 15:10:27.119114,331a8dba-f49e-480d-a176-d7554812bb12,KXHIGHNY-24NOV16-B61.5,31712.881,1,1.0,61.541,88,12,1,63.3,1.8,-14.9,-8.8,-30.8,1.8,0.0,50.8,25.3,100,0,31599.94,42.1,22.8,0,0,0.041,1.759,0.0,0.0,0.0,1,1,1,88,6,1,-404.756,-1.046,12,1
2024-11-16 15:10:52.956238,41d2a6f0-51be-40e9-9572-1ee69925bf90,KXHIGHNY-24NOV16-B61.5,31687.044,170,1.0,61.541,87,13,0,63.3,1.8,-14.9,-8.8,-30.8,1.8,0.0,50.8,25.3,100,0,31599.94,42.1,22.8,0,0,0.041,1.759,0.0,0.0,0.0,1,1,1,87,6,1,-399.285,0.075,-13,1
2024-11-16 15:10:52.956238,cd67e1c2-f752-4111-8d22-7d887c03e0dd,KXHIGHNY-24NOV16-B61.5,31687.044,77,1.0,61.542,86,14,0,63.3,1.8,-14.9,-8.8,-30.8,1.8,0.0,50.8,25.3,100,0,31599.94,42.1,22.8,0,0,0.042,1.758,0.0,0.0,0.0,1,1,1,86,6,1,-393.824,-0.924,-14,1
2024-11-16 15:11:41.994728,f0fe2b2b-bbfd-4473-80d5-8b8f4323105d,KXHIGHNY-24NOV16-B61.5,31638.005,380,1.0,61.539,92,8,1,63.3,1.8,-14.9,-8.8,-30.8,1.8,0.0,50.8,25.3,100,0,31599.94,42.1,22.8,0,0,0.039,1.761,0.0,0.0,0.0,1,1,1,92,6,1,-426.755,-5.077,8,1
2024-11-16 15:11:52.232760,5bc4bf62-1611-4a3e-a978-b06d5a44e2d6,KXHIGHNY-24NOV16-B61.5,31627.767,250,1.0,61.539,93,7,1,63.3,1.8,-14.9,-8.8,-30.8,1.8,0.0,50.8,25.3,100,0,31599.94,42.1,22.8,0,0,0.039,1.761,0.0,0.0,0.0,1,1,1,93,6,1,-432.282,-6.089,7,1
2024-11-16 15:11:57.046331,3338e804-b14a-4f9d-bd5f-45074aefced5,KXHIGHNY-24NOV16-B61.5,31622.954,10,1.0,61.539,93,7,1,63.3,1.8,-14.9,-8.8,-30.8,1.8,0.0,50.8,25.3,100,0,31599.94,42.1,22.8,0,0,0.039,1.761,0.0,0.0,0.0,1,1,1,93,6,1,-432.282,-6.09,7,1
2024-11-16 15:13:39.163004,361ea215-f458-48d9-b6e4-2f51377d77ca,KXHIGHNY-24NOV16-B61.5,31520.837,170,1.0,61.539,92,8,1,63.3,1.8,-14.9,-8.8,-30.8,1.8,0.0,50.8,25.3,100,0,31599.94,42.1,22.8,0,0,0.039,1.761,0.0,0.0,0.0,1,1,1,92,6,1,-426.755,-5.142,8,1
2024-11-16 15:13:43.404899,52159d53-8100-4f81-a823-eb15ab1d5df4,KXHIGHNY-24NOV16-B61.5,31516.595,250,1.0,61.539,93,7,1,63.3,1.8,-14.9,-8.8,-30.8,1.8,0.0,50.8,25.3,100,0,31599.94,42.1,22.8,0,0,0.039,1.761,0.0,0.0,0.0,1,1,1,93,6,1,-432.282,-6.22,7,1
2024-11-16 15:13:43.404899,17dd4fd7-34c5-4662-8f79-10bcd459663c,KXHIGHNY-24NOV16-B61.5,31516.595,240,1.0,61.539,93,7,1,63.3,1.8,-14.9,-8.8,-30.8,1.8,0.0,50.8,25.3,100,0,31599.94,42.1,22.8,0,0,0.039,1.761,0.0,0.0,0.0,1,1,1,93,6,1,-432.282,-6.22,7,1
2024-11-16 15:13:54.716883,bcf24290-27ad-4f87-95f3-d9f25da6a0fe,KXHIGHNY-24NOV16-B61.5,31505.283,105,1.0,61.538,94,6,1,63.3,1.8,-14.9,-8.8,-30.8,1.8,0.0,50.8,25.3,100,0,31599.94,42.1,22.8,0,0,0.038,1.762,0.0,0.0,0.0,1,1,1,94,6,1,-437.82,-7.253,6,1
2024-11-16 15:16:36.866260,859575aa-f232-485f-b438-30439007c510,KXHIGHNY-24NOV16-B61.5,31343.134,20,1.0,61.539,93,7,0,63.3,1.8,-14.9,-8.8,-30.8,1.8,0.0,50.8,25.3,100,0,31599.94,42.1,22.8,0,0,0.039,1.761,0.0,0.0,0.0,1,1,1,93,6,1,-432.282,6.263,-7,1
2024-11-16 15:16:36.866260,594bbc46-12f0-4f44-b153-ad77714b9c05,KXHIGHNY-24NOV16-B61.5,31343.134,2,1.0,61.54,90,10,0,63.3,1.8,-14.9,-8.8,-30.8,1.8,0.0,50.8,25.3,100,0,31599.94,42.1,22.8,0,0,0.04,1.76,0.0,0.0,0.0,1,1,1,90,6,1,-415.733,3.263,-10,1
2024-11-16 15:16:39.325088,57caa8cb-e8d4-4f64-8f91-985bcafc44fd,KXHIGHNY-24NOV16-B63.5,31340.675,389,3.0,61.54,6,94,0,63.3,-0.2,-16.9,-10.8,-32.8,-0.2,0.0,50.8,25.3,100,0,31599.94,42.1,22.8,0,0,-1.96,1.76,0.0,0.0,0.0,1,1,1,90,6,1,-415.733,-2.859,6,0
2024-11-16 15:16:39.325088,59329c6d-55d5-467e-a41d-381c3f1605c6,KXHIGHNY-24NOV16-B63.5,31340.675,56,3.0,61.54,6,94,0,63.3,-0.2,-16.9,-10.8,-32.8,-0.2,0.0,50.8,25.3,100,0,31599.94,42.1,22.8,0,0,-1.96,1.76,0.0,0.0,0.0,1,1,1,90,6,1,-415.733,-2.859,6,0
2024-11-16 15:17:23.181539,31251ca6-7d56-4d02-b230-113a2330d76b,KXHIGHNY-24NOV16-B63.5,31296.818,3,3.0,61.702,15,85,1,63.3,-0.2,-16.9,-10.8,-32.8,-0.2,0.0,50.8,25.3,100,0,31599.94,42.1,22.8,0,0,-1.798,1.598,0.0,0.0,0.0,1,1,1,90,15,1,-445.604,-6.141,-15,0
2024-11-16 15:17:55.030216,7912dc45-c02e-44e9-aeb8-ecad0337ac2e,KXHIGHNY-24NOV16-B63.5,31264.97,18,3.0,61.54,6,94,0,63.3,-0.2,-16.9,-10.8,-32.8,-0.2,0.0,50.8,25.3,100,0,31599.94,42.1,22.8,0,0,-1.96,1.76,0.0,0.0,0.0,1,1,1,90,6,1,-415.733,-2.86,6,0
2024-11-16 15:18:43.632045,fcdaaa75-85c2-4932-8596-9c9a74d4f97c,KXHIGHNY-24NOV16-B63.5,31216.368,16,3.0,61.734,17,83,1,63.3,-0.2,-16.9,-10.8,-32.8,-0.2,0.0,50.8,25.3,100,0,31599.94,42.1,22.8,0,0,-1.766,1.566,0.0,0.0,0.0,1,1,1,90,17,1,-453.147,-8.126,-17,0
2024-11-16 15:18:43.632045,2f57bb53-b6ac-4556-ab1f-e7bd74cf375d,KXHIGHNY-24NOV16-B63.5,31216.368,17,3.0,61.702,15,85,1,63.3,-0.2,-16.9,-10.8,-32.8,-0.2,0.0,50.8,25.3,100,0,31599.94,42.1,22.8,0,0,-1.798,1.598,0.0,0.0,0.0,1,1,1,90,15,1,-445.604,-6.13,-15,0
2024-11-16 15:18:43.632045,1194204b-6c60-4a18-9b21-1c6c914ee720,KXHIGHNY-24NOV16-B63.5,31216.368,80,3.0,61.718,16,84,1,63.3,-0.2,-16.9,-10.8,-32.8,-0.2,0.0,50.8,25.3,100,0,31599.94,42.1,22.8,0,0,-1.782,1.582,0.0,0.0,0.0,1,1,1,90,16,1,-449.344,-7.139,-16,0
2024-11-16 15:18:58.252640,a66113b0-109c-49c9-bacc-4d9239c000cb,KXHIGHNY-24NOV16-B63.5,31201.747,202,3.0,61.734,17,83,1,63.3,-0.2,-16.9,-10.8,-32.8,-0.2,0.0,50.8,25.3,100,0,31599.94,42.1,22.8,0,0,-1.766,1.566,0.0,0.0,0.0,1,1,1,90,17,1,-453.147,-8.116,-17,0
2024-11-16 15:18:58.252640,4a46ac2d-a03a-4f03-a072-618163af9505,KXHIGHNY-24NOV16-B63.5,31201.747,80,3.0,61.718,16,84,1,63.3,-0.2,-16.9,-10.8,-32.8,-0.2,0.0,50.8,25.3,100,0,31599.94,42.1,22.8,0,0,-1.782,1.582,0.0,0.0,0.0,1,1,1,90,16,1,-449.344,-7.119,-16,0
2024-11-16 15:19:10.423169,22357419-c79b-440e-97d4-3bf663106eb6,KXHIGHNY-24NOV16-B63.5,31189.577,482,3.0,61.54,6,94,0,63.3,-0.2,-16.9,-10.8,-32.8,-0.2,0.0,50.8,25.3,100,0,31599.94,42.1,22.8,0,0,-1.96,1.76,0.0,0.0,0.0,1,1,1,90,6,1,-415.733,-2.885,6,0
2024-11-16 15:19:14.849928,16c2cfff-62fc-4de3-9433-d727dab60c8e,KXHIGHNY-24NOV16-B61.5,31185.15,500,1.0,61.538,94,6,1,63.3,1.8,-14.9,-8.8,-30.8,1.8,0.0,50.8,25.3,100,0,31599.94,42.1,22.8,0,0,0.038,1.762,0.0,0.0,0.0,1,1,1,94,6,1,-437.82,-7.318,6,1
2024-11-16 15:19:14.849928,0ab4def0-8150-4e45-9827-0cf3661254e1,KXHIGHNY-24NOV16-B61.5,31185.15,250,1.0,61.538,95,5,1,63.3,1.8,-14.9,-8.8,-30.8,1.8,0.0,50.8,25.3,100,0,31599.94,42.1,22.8,0,0,0.038,1.762,0.0,0.0,0.0,1,1,1,95,6,1,-443.369,-8.299,5,1
2024-11-16 15:19:14.849928,710718f8-11a5-4ec1-9776-e6b72cf28c68,KXHIGHNY-24NOV16-B61.5,31185.15,56,1.0,61.538,95,5,1,63.3,1.8,-14.9,-8.8,-30.8,1.8,0.0,50.8,25.3,100,0,31599.94,42.1,22.8,0,0,0.038,1.762,0.0,0.0,0.0,1,1,1,95,6,1,-443.369,-8.323,5,1
2024-11-16 15:19:21.007165,a3616127-6fe1-4768-8587-d2dacd21542c,KXHIGHNY-24NOV16-B63.5,31178.993,250,3.0,61.519,5,95,0,63.3,-0.2,-16.9,-10.8,-32.8,-0.2,0.0,50.8,25.3,100,0,31599.94,42.1,22.8,0,0,-1.981,1.781,0.0,0.0,0.0,1,1,1,95,5,1,-440.665,-3.899,5,0
2024-11-16 15:19:21.007165,8ca549d0-2534-4736-ab4d-1b16885bb198,KXHIGHNY-24NOV16-B63.5,31178.993,368,3.0,61.519,5,95,0,63.3,-0.2,-16.9,-10.8,-32.8,-0.2,0.0,50.8,25.3,100,0,31599.94,42.1,22.8,0,0,-1.981,1.781,0.0,0.0,0.0,1,1,1,95,5,1,-440.665,-3.898,5,0
2024-11-16 15:19:21.007165,2bbf555c-a10b-4170-a5db-0895d8ddebc9,KXHIGHNY-24NOV16-B63.5,31178.993,400,3.0,61.519,5,95,0,63.3,-0.2,-16.9,-10.8,-32.8,-0.2,0.0,50.8,25.3,100,0,31599.94,42.1,22.8,0,0,-1.981,1.781,0.0,0.0,0.0,1,1,1,95,5,1,-440.665,-3.893,5,0
2024-11-16 15:20:02.094229,e786b83f-a171-407c-9edd-81d7ca2f8a33,KXHIGHNY-24NOV16-B63.5,31137.906,124,3.0,61.61,10,90,1,63.3,-0.2,-16.9,-10.8,-32.8,-0.2,0.0,50.8,25.3,100,0,31599.94,42.1,22.8,0,0,-1.89,1.69,0.0,0.0,0.0,1,1,1,95,10,1,-455.644,-1.098,-10,0
2024-11-16 15:20:02.094229,8c67642d-3471-495e-9df6-6710a039ef22,KXHIGHNY-24NOV16-B63.5,31137.906,76,3.0,61.593,9,91,1,63.3,-0.2,-16.9,-10.8,-32.8,-0.2,0.0,50.8,25.3,100,0,31599.94,42.1,22.8,0,0,-1.907,1.707,0.0,0.0,0.0,1,1,1,95,9,1,-452.393,-0.098,-9,0
2024-11-16 15:20:46.705962,e87f9180-5656-484d-b4d2-8656604468ec,KXHIGHNY-24NOV16-B61.5,31093.294,195,1.0,61.597,90,10,0,63.3,1.8,-14.9,-8.8,-30.8,1.8,0.0,50.8,25.3,100,0,31599.94,42.1,22.8,0,0,0.097,1.703,0.0,0.0,0.0,1,1,1,90,9,1,-424.758,3.353,-10,1
2024-11-16 15:20:46.705962,d9ebe351-41a9-49f1-9311-288022dd5bf0,KXHIGHNY-24NOV16-B61.5,31093.294,25,1.0,61.596,91,9,0,63.3,1.8,-14.9,-8.8,-30.8,1.8,0.0,50.8,25.3,100,0,31599.94,42.1,22.8,0,0,0.096,1.704,0.0,0.0,0.0,1,1,1,91,9,1,-430.263,4.324,-9,1
2024-11-16 15:22:42.841375,ab7e04b6-8178-4368-8700-2045a2a5428f,KXHIGHNY-24NOV16-B63.5,30977.159,1,3.0,61.5,4,96,0,63.3,-0.2,-16.9,-10.8,-32.8,-0.2,0.0,50.8,25.3,100,0,31599.94,42.1,22.8,0,0,-2.0,1.8,0.0,0.0,0.0,1,1,1,91,4,1,-416.033,-4.902,4,0
2024-11-16 15:23:04.173121,8f9d406d-1ffc-4e6b-bdbe-3880f81e75cf,KXHIGHNY-24NOV16-B63.5,30955.827,112,3.0,61.596,9,91,1,63.3,-0.2,-16.9,-10.8,-32.8,-0.2,0.0,50.8,25.3,100,0,31599.94,42.1,22.8,0,0,-1.904,1.704,0.0,0.0,0.0,1,1,1,91,9,1,-430.263,-0.091,-9,0
2024-11-16 15:23:52.242170,b2079828-f84f-4a72-87e9-0aecdb4a754e,KXHIGHNY-24NOV16-B63.5,30907.758,77,3.0,61.596,9,91,1,63.3,-0.2,-16.9,-10.8,-32.8,-0.2,0.0,50.8,25.3,100,0,31599.94,42.1,22.8,0,0,-1.904,1.704,0.0,0.0,0.0,1,1,1,91,9,1,-430.263,-0.091,-9,0
2024-11-16 15:25:15.241046,e37376e2-9244-48af-af56-8eeab3583115,KXHIGHNY-24NOV16-B61.5,30824.759,260,1.0,61.596,91,9,0,63.3,1.8,-14.9,-8.8,-30.8,1.8,0.0,50.8,25.3,100,0,31599.94,42.1,22.8,0,0,0.096,1.704,0.0,0.0,0.0,1,1,1,91,9,1,-430.263,4.371,-9,1
2024-11-16 15:25:15.241046,621a0d31-da96-4ed9-a28f-406ab9b0d152,KXHIGHNY-24NOV16-B61.5,30824.759,54,1.0,61.596,91,9,0,63.3,1.8,-14.9,-8.8,-30.8,1.8,0.0,50.8,25.3,100,0,31599.94,42.1,22.8,0,0,0.096,1.704,0.0,0.0,0.0,1,1,1,91,9,1,-430.263,4.353,-9,1
2024-11-16 15:25:43.782547,c1ca07a1-f8f4-46aa-bf20-0109e614386e,KXHIGHNY-24NOV16-B63.5,30796.217,176,3.0,61.578,8,92,1,63.3,-0.2,-16.9,-10.8,-32.8,-0.2,0.0,50.8,25.3,100,0,31599.94,42.1,22.8,0,0,-1.922,1.722,0.0,0.0,0.0,1,1,1,91,8,1,-427.124,0.912,-8,0
2024-11-16 15:26:33.061270,30598c83-501c-4fc8-84b0-9561ebd3f9c8,KXHIGHNY-24NOV16-B63.5,30746.939,7,3.0,61.578,8,92,1,63.3,-0.2,-16.9,-10.8,-32.8,-0.2,0.0,50.8,25.3,100,0,31599.94,42.1,22.8,0,0,-1.922,1.722,0.0,0.0,0.0,1,1,1,91,8,1,-427.124,0.913,-8,0
2024-11-16 15:28:47.624670,6318570e-a891-4811-817a-b9ad5236f33b,KXHIGHNY-24NOV16-B63.5,30612.375,126,3.0,61.52,5,95,0,63.3,-0.2,-16.9,-10.8,-32.8,-0.2,0.0,50.8,25.3,100,0,31599.94,42.1,22.8,0,0,-1.98,1.78,0.0,0.0,0.0,1,1,1,91,5,1,-418.535,-3.924,5,0
2024-11-16 15:29:17.032930,fbcc0a6d-a725-4265-98ff-0f20f36015f1,KXHIGHNY-24NOV16-B61.5,30582.967,52,1.0,61.519,95,5,1,63.3,1.8,-14.9,-8.8,-30.8,1.8,0.0,50.8,25.3,100,0,31599.94,42.1,22.8,0,0,0.019,1.781,0.0,0.0,0.0,1,1,1,95,5,1,-440.665,-8.378,5,1
2024-11-16 15:30:26.378427,f3328feb-a64d-45be-b2ef-cb7bff38af91,KXHIGHNY-24NOV16-B63.5,30513.622,250,3.0,61.593,9,91,1,63.3,-0.2,-16.9,-10.8,-32.8,-0.2,0.0,50.8,25.3,100,0,31599.94,42.1,22.8,0,0,-1.907,1.707,0.0,0.0,0.0,1,1,1,95,9,1,-452.393,-0.068,-9,0
2024-11-16 15:30:26.378427,741345ee-ace3-410a-a890-07572732c9c4,KXHIGHNY-24NOV16-B63.5,30513.622,117,3.0,61.575,8,92,1,63.3,-0.2,-16.9,-10.8,-32.8,-0.2,0.0,50.8,25.3,100,0,31599.94,42.1,22.8,0,0,-1.925,1.725,0.0,0.0,0.0,1,1,1,95,8,1,-449.254,0.931,-8,0
2024-11-16 15:30:26.378427,6f660bf0-c7d1-4424-b62d-c78d66c3e86f,KXHIGHNY-24NOV16-B63.5,30513.622,11,3.0,61.593,9,91,1,63.3,-0.2,-16.9,-10.8,-32.8,-0.2,0.0,50.8,25.3,100,0,31599.94,42.1,22.8,0,0,-1.907,1.707,0.0,0.0,0.0,1,1,1,95,9,1,-452.393,-0.071,-9,0
2024-11-16 15:30:26.378427,4e180ef3-648e-4fec-8e75-548dac07c9ee,KXHIGHNY-24NOV16-B63.5,30513.622,141,3.0,61.61,10,90,1,63.3,-0.2,-16.9,-10.8,-32.8,-0.2,0.0,50.8,25.3,100,0,31599.94,42.1,22.8,0,0,-1.89,1.69,0.0,0.0,0.0,1,1,1,95,10,1,-455.644,-1.073,-10,0
2024-11-16 15:31:38.723931,5f253297-eaf0-4ebd-9330-fbcc9a662742,KXHIGHNY-24NOV16-B63.5,30441.276,2,3.0,61.538,6,94,0,63.3,-0.2,-16.9,-10.8,-32.8,-0.2,0.0,50.8,25.3,100,0,31599.94,42.1,22.8,0,0,-1.962,1.762,0.0,0.0,0.0,1,1,1,95,6,1,-443.369,-2.952,6,0
2024-11-16 15:32:35.396868,c029a901-b793-4420-b158-9fc7174f0bf3,KXHIGHNY-24NOV16-B61.5,30384.603,102,1.0,61.539,93,7,0,63.3,1.8,-14.9,-8.8,-30.8,1.8,0.0,50.8,25.3,100,0,31599.94,42.1,22.8,0,0,0.039,1.761,0.0,0.0,0.0,1,1,1,93,6,1,-432.282,6.378,-7,1
2024-11-16 15:32:57.221115,056a42b5-7313-4f7c-a663-8a39a231c14b,KXHIGHNY-24NOV16-B63.5,30362.779,18,3.0,61.612,10,90,1,63.3,-0.2,-16.9,-10.8,-32.8,-0.2,0.0,50.8,25.3,100,0,31599.94,42.1,22.8,0,0,-1.888,1.688,0.0,0.0,0.0,1,1,1,93,10,1,-444.558,-1.048,-10,0
2024-11-16 15:33:25.493533,5ae3ed47-f7af-4b05-b7e5-d398b2106cf1,KXHIGHNY-24NOV16-B61.5,30334.506,13,1.0,61.612,93,7,0,63.3,1.8,-14.9,-8.8,-30.8,1.8,0.0,50.8,25.3,100,0,31599.94,42.1,22.8,0,0,0.112,1.688,0.0,0.0,0.0,1,1,1,93,10,1,-444.558,6.383,-7,1
2024-11-16 15:33:51.389884,2c87806f-39a6-4dc9-a6b0-553cc2649969,KXHIGHNY-24NOV16-B61.5,30308.61,317,1.0,61.611,94,6,1,63.3,1.8,-14.9,-8.8,-30.8,1.8,0.0,50.8,25.3,100,0,31599.94,42.1,22.8,0,0,0.111,1.689,0.0,0.0,0.0,1,1,1,94,10,1,-450.096,-7.392,6,1
2024-11-16 15:34:42.690188,a764a461-6039-420c-94c1-d9710601ebe7,KXHIGHNY-24NOV16-B63.5,30257.31,498,3.0,61.538,6,94,0,63.3,-0.2,-16.9,-10.8,-32.8,-0.2,0.0,50.8,25.3,100,0,31599.94,42.1,22.8,0,0,-1.962,1.762,0.0,0.0,0.0,1,1,1,94,6,1,-437.82,-2.953,6,0
2024-11-16 15:34:42.690188,961fdd75-b338-4194-ae2a-06ab54c5c23f,KXHIGHNY-24NOV16-B63.5,30257.31,809,3.0,61.538,6,94,0,63.3,-0.2,-16.9,-10.8,-32.8,-0.2,0.0,50.8,25.3,100,0,31599.94,42.1,22.8,0,0,-1.962,1.762,0.0,0.0,0.0,1,1,1,94,6,1,-437.82,-2.953,6,0
2024-11-16 15:34:46.675717,b46a06ae-077f-49ec-a390-d5e320fb66b1,KXHIGHNY-24NOV16-B61.5,30253.324,183,1.0,61.538,94,6,1,63.3,1.8,-14.9,-8.8,-30.8,1.8,0.0,50.8,25.3,100,0,31599.94,42.1,22.8,0,0,0.038,1.762,0.0,0.0,0.0,1,1,1,94,6,1,-437.82,-7.406,6,1
2024-11-16 15:34:46.675717,4797a5a2-403b-4e77-9c21-f661a8c86d37,KXHIGHNY-24NOV16-B61.5,30253.324,448,1.0,61.538,95,5,1,63.3,1.8,-14.9,-8.8,-30.8,1.8,0.0,50.8,25.3,100,0,31599.94,42.1,22.8,0,0,0.038,1.762,0.0,0.0,0.0,1,1,1,95,6,1,-443.369,-8.398,5,1
2024-11-16 15:35:29.747303,4bcaef64-0ea2-42a2-b5ba-cfc856713bd7,KXHIGHNY-24NOV16-B61.5,30210.253,44,1.0,61.538,94,6,0,63.3,1.8,-14.9,-8.8,-30.8,1.8,0.0,50.8,25.3,100,0,31599.94,42.1,22.8,0,0,0.038,1.762,0.0,0.0,0.0,1,1,1,94,6,1,-437.82,7.436,-6,1
2024-11-16 15:36:38.847431,6969a0f9-4b4e-4cd2-8dd8-ab40f05da0dc,KXHIGHNY-24NOV16-B63.5,30141.153,372,3.0,61.519,5,95,0,63.3,-0.2,-16.9,-10.8,-32.8,-0.2,0.0,50.8,25.3,100,0,31599.94,42.1,22.8,0,0,-1.981,1.781,0.0,0.0,0.0,1,1,1,94,5,1,-435.117,-3.953,5,0
2024-11-16 15:42:11.551041,bb1dd5b3-7662-4b06-aa7e-4ae76191e21c,KXHIGHNY-24NOV16-B63.5,29808.449,52,3.0,61.519,5,95,0,63.3,-0.2,-16.9,-10.8,-32.8,-0.2,0.0,50.8,25.3,100,0,31599.94,42.1,22.8,0,0,-1.981,1.781,0.0,0.0,0.0,1,1,1,94,5,1,-435.117,-3.957,5,0
2024-11-16 15:44:39.927802,e7e9846e-34c7-4fce-a425-1a2d073db2a6,KXHIGHNY-24NOV16-B61.5,29660.072,2,1.0,61.519,95,5,1,63.3,1.8,-14.9,-8.8,-30.8,1.8,0.0,50.8,25.3,100,0,31599.94,42.1,22.8,0,0,0.019,1.781,0.0,0.0,0.0,1,1,1,95,5,1,-440.665,-8.5,5,1
2024-11-16 15:44:49.197342,6e331387-6b21-4226-9d0e-71b356e8a5c8,KXHIGHNY-24NOV16-B63.5,29650.803,20,3.0,61.593,9,91,1,63.3,-0.2,-16.9,-10.8,-32.8,-0.2,0.0,50.8,25.3,100,0,31599.94,42.1,22.8,0,0,-1.907,1.707,0.0,0.0,0.0,1,1,1,95,9,1,-452.393,-0.043,-9,0
2024-11-16 15:44:57.687070,e81e089f-0e91-4e7c-83fb-268a97dfd767,KXHIGHNY-24NOV16-T64,29642.313,93,5.0,61.593,1,99,1,63.3,-2.2,-18.9,-12.8,-34.8,-2.2,0.0,50.8,25.3,100,0,31599.94,42.1,22.8,0,0,-3.907,1.707,0.0,0.0,0.0,1,1,1,95,9,1,-452.393,0.998,-1,0
2024-11-16 15:46:36.352798,2ffd528e-7c9b-42f3-b49f-a5c7d91c6e01,KXHIGHNY-24NOV16-B63.5,29543.647,52,3.0,61.519,5,95,0,63.3,-0.2,-16.9,-10.8,-32.8,-0.2,0.0,50.8,25.3,100,0,31599.94,42.1,22.8,0,0,-1.981,1.781,0.0,0.0,0.0,1,1,1,95,5,1,-440.665,-3.958,5,0
2024-11-16 15:47:13.874580,fd4ac108-e2db-47cd-acbf-fe483d9f45c0,KXHIGHNY-24NOV16-B61.5,29506.125,2,1.0,61.519,95,5,1,63.3,1.8,-14.9,-8.8,-30.8,1.8,0.0,50.8,25.3,100,0,31599.94,42.1,22.8,0,0,0.019,1.781,0.0,0.0,0.0,1,1,1,95,5,1,-440.665,-8.502,5,1
2024-11-16 15:47:52.821245,70fe0626-68b5-478e-b38c-04b0c7ed9674,KXHIGHNY-24NOV16-B61.5,29467.179,104,1.0,61.519,95,5,1,63.3,1.8,-14.9,-8.8,-30.8,1.8,0.0,50.8,25.3,100,0,31599.94,42.1,22.8,0,0,0.019,1.781,0.0,0.0,0.0,1,1,1,95,5,1,-440.665,-8.508,5,1
2024-11-16 15:49:28.573945,d0c7b30f-4b0d-4f63-a915-efc84b162b94,KXHIGHNY-24NOV16-B63.5,29371.426,200,3.0,61.519,5,95,0,63.3,-0.2,-16.9,-10.8,-32.8,-0.2,0.0,50.8,25.3,100,0,31599.94,42.1,22.8,0,0,-1.981,1.781,0.0,0.0,0.0,1,1,1,95,5,1,-440.665,-3.962,5,0
2024-11-16 15:49:42.595030,37b84fa1-6034-4c31-a648-28f66accac87,KXHIGHNY-24NOV16-B63.5,29357.405,104,3.0,61.519,5,95,0,63.3,-0.2,-16.9,-10.8,-32.8,-0.2,0.0,50.8,25.3,100,0,31599.94,42.1,22.8,0,0,-1.981,1.781,0.0,0.0,0.0,1,1,1,95,5,1,-440.665,-3.962,5,0
2024-11-16 15:49:49.061227,7a153a74-6904-497f-be17-974976a7125e,KXHIGHNY-24NOV16-B61.5,29350.939,265,1.0,61.519,95,5,1,63.3,1.8,-14.9,-8.8,-30.8,1.8,0.0,50.8,25.3,100,0,31599.94,42.1,22.8,0,0,0.019,1.781,0.0,0.0,0.0,1,1,1,95,5,1,-440.665,-8.508,5,1
2024-11-16 15:49:59.031870,fa430576-4114-4ea7-99c2-93b577ef7e70,KXHIGHNY-24NOV16-B63.5,29340.968,156,3.0,61.538,6,94,1,63.3,-0.2,-16.9,-10.8,-32.8,-0.2,0.0,50.8,25.3,100,0,31599.94,42.1,22.8,0,0,-1.962,1.762,0.0,0.0,0.0,1,1,1,95,6,1,-443.369,2.962,-6,0
2024-11-16 15:50:12.546891,d5d26f23-3c8b-4969-9c81-eaee37dd2a1b,KXHIGHNY-24NOV16-B63.5,29327.453,991,3.0,61.519,5,95,0,63.3,-0.2,-16.9,-10.8,-32.8,-0.2,0.0,50.8,25.3,100,0,31599.94,42.1,22.8,0,0,-1.981,1.781,0.0,0.0,0.0,1,1,1,95,5,1,-440.665,-3.962,5,0
2024-11-16 15:51:39.134867,63ef2acd-aa44-44d1-980e-1401cea4ca15,KXHIGHNY-24NOV16-B63.5,29240.865,99,3.0,61.519,5,95,0,63.3,-0.2,-16.9,-10.8,-32.8,-0.2,0.0,50.8,25.3,100,0,31599.94,42.1,22.8,0,0,-1.981,1.781,0.0,0.0,0.0,1,1,1,95,5,1,-440.665,-3.962,5,0
2024-11-16 15:51:43.908024,9dc20057-ac72-411c-8083-120256c992e8,KXHIGHNY-24NOV16-B61.5,29236.092,48,1.0,61.519,95,5,1,63.3,1.8,-14.9,-8.8,-30.8,1.8,0.0,50.8,25.3,100,0,31599.94,42.1,22.8,0,0,0.019,1.781,0.0,0.0,0.0,1,1,1,95,5,1,-440.665,-8.531,5,1
2024-11-16 15:52:15.866852,893f5825-d04c-436e-972a-edde1c854101,KXHIGHNY-24NOV16-B61.5,29204.133,12,1.0,61.519,95,5,1,63.3,1.8,-14.9,-8.8,-30.8,1.8,0.0,50.8,25.3,100,0,31599.94,42.1,22.8,0,0,0.019,1.781,0.0,0.0,0.0,1,1,1,95,5,1,-440.665,-8.544,5,1
2024-11-16 15:53:46.595279,cbf19275-062c-47ba-9b4c-059a2f859079,KXHIGHNY-24NOV16-B61.5,29113.405,227,1.0,61.519,95,5,1,63.3,1.8,-14.9,-8.8,-30.8,1.8,0.0,50.8,25.3,100,0,31599.94,42.1,22.8,0,0,0.019,1.781,0.0,0.0,0.0,1,1,1,95,5,1,-440.665,-8.554,5,1
2024-11-16 15:53:48.868096,2b65f329-2ebe-4ea9-9fb2-bd24bd9151d7,KXHIGHNY-24NOV16-B63.5,29111.132,3,3.0,61.538,6,94,1,63.3,-0.2,-16.9,-10.8,-32.8,-0.2,0.0,50.8,25.3,100,0,31599.94,42.1,22.8,0,0,-1.962,1.762,0.0,0.0,0.0,1,1,1,95,6,1,-443.369,2.962,-6,0
2024-11-16 15:53:59.807857,c63bd974-f054-401d-ab9b-0d8b5f5e720b,KXHIGHNY-24NOV16-B61.5,29100.192,328,1.0,61.538,96,4,1,63.3,1.8,-14.9,-8.8,-30.8,1.8,0.0,50.8,25.3,100,0,31599.94,42.1,22.8,0,0,0.038,1.762,0.0,0.0,0.0,1,1,1,96,6,1,-448.928,-9.578,4,1
2024-11-16 15:53:59.807857,3d2956fa-08a2-42ed-af8c-e66f23bdc3a4,KXHIGHNY-24NOV16-B61.5,29100.192,170,1.0,61.538,96,4,1,63.3,1.8,-14.9,-8.8,-30.8,1.8,0.0,50.8,25.3,100,0,31599.94,42.1,22.8,0,0,0.038,1.762,0.0,0.0,0.0,1,1,1,96,6,1,-448.928,-9.565,4,1
2024-11-16 15:54:17.979291,b010b63a-94ec-4bb2-9fa0-ce1b2a2fc88c,KXHIGHNY-24NOV16-B63.5,29082.021,25,3.0,61.538,6,94,1,63.3,-0.2,-16.9,-10.8,-32.8,-0.2,0.0,50.8,25.3,100,0,31599.94,42.1,22.8,0,0,-1.962,1.762,0.0,0.0,0.0,1,1,1,96,6,1,-448.928,2.962,-6,0
2024-11-16 15:54:21.076652,d0f14d7b-494e-4e6a-8fdf-593ed4f4d3a3,KXHIGHNY-24NOV16-B63.5,29078.923,2,3.0,61.538,6,94,1,63.3,-0.2,-16.9,-10.8,-32.8,-0.2,0.0,50.8,25.3,100,0,31599.94,42.1,22.8,0,0,-1.962,1.762,0.0,0.0,0.0,1,1,1,96,6,1,-448.928,2.962,-6,0
2024-11-16 15:54:21.377098,3b6964ec-39ac-4f1c-91b9-6f3e24f0c8da,KXHIGHNY-24NOV16-B63.5,29078.623,156,3.0,61.538,6,94,1,63.3,-0.2,-16.9,-10.8,-32.8,-0.2,0.0,50.8,25.3,100,0,31599.94,42.1,22.8,0,0,-1.962,1.762,0.0,0.0,0.0,1,1,1,96,6,1,-448.928,2.964,-6,0
2024-11-16 15:54:27.263117,800de4ac-f4eb-4812-92b2-2cf057259162,KXHIGHNY-24NOV16-B63.5,29072.737,2833,3.0,61.519,5,95,0,63.3,-0.2,-16.9,-10.8,-32.8,-0.2,0.0,50.8,25.3,100,0,31599.94,42.1,22.8,0,0,-1.981,1.781,0.0,0.0,0.0,1,1,1,96,5,1,-446.225,-3.975,5,0
2024-11-16 15:56:17.348543,c2d46a63-a911-4d2c-b4af-72fe2f81d292,KXHIGHNY-24NOV16-B63.5,28962.651,281,3.0,61.519,5,95,1,63.3,-0.2,-16.9,-10.8,-32.8,-0.2,0.0,50.8,25.3,100,0,31599.94,42.1,22.8,0,0,-1.981,1.781,0.0,0.0,0.0,1,1,1,96,5,1,-446.225,3.978,-5,0
2024-11-16 15:56:27.488521,fc46e895-db9f-4477-94bd-6bf2178f1eec,KXHIGHNY-24NOV16-B63.5,28952.511,281,3.0,61.519,5,95,1,63.3,-0.2,-16.9,-10.8,-32.8,-0.2,0.0,50.8,25.3,100,0,31599.94,42.1,22.8,0,0,-1.981,1.781,0.0,0.0,0.0,1,1,1,96,5,1,-446.225,3.981,-5,0
2024-11-16 15:56:36.260810,cc212d8d-3199-482d-99bf-531089955430,KXHIGHNY-24NOV16-B63.5,28943.739,281,3.0,61.519,5,95,1,63.3,-0.2,-16.9,-10.8,-32.8,-0.2,0.0,50.8,25.3,100,0,31599.94,42.1,22.8,0,0,-1.981,1.781,0.0,0.0,0.0,1,1,1,96,5,1,-446.225,3.99,-5,0
2024-11-16 15:56:44.480858,a2c20e41-ec3a-441c-8281-ceac37501171,KXHIGHNY-24NOV16-B61.5,28935.519,261,1.0,61.519,96,4,1,63.3,1.8,-14.9,-8.8,-30.8,1.8,0.0,50.8,25.3,100,0,31599.94,42.1,22.8,0,0,0.019,1.781,0.0,0.0,0.0,1,1,1,96,5,1,-446.225,-9.579,4,1
2024-11-16 15:56:46.250429,9ba42d12-e62d-44d4-aebb-df5f620af7d5,KXHIGHNY-24NOV16-B63.5,28933.75,480,3.0,61.5,4,96,0,63.3,-0.2,-16.9,-10.8,-32.8,-0.2,0.0,50.8,25.3,100,0,31599.94,42.1,22.8,0,0,-2.0,1.8,0.0,0.0,0.0,1,1,1,96,4,1,-443.723,-4.991,4,0
2024-11-16 15:56:50.649361,7aa01e9f-4d7a-4ced-8ac7-7c1c0748ccf4,KXHIGHNY-24NOV16-B63.5,28929.351,49,3.0,61.5,4,96,0,63.3,-0.2,-16.9,-10.8,-32.8,-0.2,0.0,50.8,25.3,100,0,31599.94,42.1,22.8,0,0,-2.0,1.8,0.0,0.0,0.0,1,1,1,96,4,1,-443.723,-4.994,4,0
2024-11-16 15:56:51.246921,71b3f81a-ef09-409a-a90e-e8832a330a29,KXHIGHNY-24NOV16-B63.5,28928.753,25,3.0,61.538,6,94,1,63.3,-0.2,-16.9,-10.8,-32.8,-0.2,0.0,50.8,25.3,100,0,31599.94,42.1,22.8,0,0,-1.962,1.762,0.0,0.0,0.0,1,1,1,96,6,1,-448.928,3.0,-6,0
2024-11-16 15:56:51.246921,24fd9452-7824-4cbf-87fa-18316e2b44ad,KXHIGHNY-24NOV16-B63.5,28928.753,157,3.0,61.519,5,95,1,63.3,-0.2,-16.9,-10.8,-32.8,-0.2,0.0,50.8,25.3,100,0,31599.94,42.1,22.8,0,0,-1.981,1.781,0.0,0.0,0.0,1,1,1,96,5,1,-446.225,3.996,-5,0
2024-11-16 15:56:51.677622,4ad73df5-f388-4f30-aedc-b550c999efd8,KXHIGHNY-24NOV16-B61.5,28928.322,5,1.0,61.519,96,4,1,63.3,1.8,-14.9,-8.8,-30.8,1.8,0.0,50.8,25.3,100,0,31599.94,42.1,22.8,0,0,0.019,1.781,0.0,0.0,0.0,1,1,1,96,5,1,-446.225,-9.583,4,1
2024-11-16 15:57:04.165893,d3f8b4d0-bb1f-42d9-8069-b7f6533bb073,KXHIGHNY-24NOV16-B63.5,28915.834,207,3.0,61.5,4,96,0,63.3,-0.2,-16.9,-10.8,-32.8,-0.2,0.0,50.8,25.3,100,0,31599.94,42.1,22.8,0,0,-2.0,1.8,0.0,0.0,0.0,1,1,1,96,4,1,-443.723,-5.001,4,0
2024-11-16 15:57:16.111567,efee7d19-c476-43b1-bbca-ecdec18751a5,KXHIGHNY-24NOV16-B61.5,28903.888,103,1.0,61.5,96,4,1,63.3,1.8,-14.9,-8.8,-30.8,1.8,0.0,50.8,25.3,100,0,31599.94,42.1,22.8,0,0,0.0,1.8,0.0,0.0,0.0,1,1,1,96,4,1,-443.723,-9.585,4,1
2024-11-16 15:57:21.666924,a60232b3-f48c-4453-ac45-25e89be83eec,KXHIGHNY-24NOV16-B63.5,28898.333,234,3.0,61.538,6,94,1,63.3,-0.2,-16.9,-10.8,-32.8,-0.2,0.0,50.8,25.3,100,0,31599.94,42.1,22.8,0,0,-1.962,1.762,0.0,0.0,0.0,1,1,1,96,6,1,-448.928,3.008,-6,0
2024-11-16 15:58:33.200881,c3a4c3c3-b765-49c4-a027-345c112e3534,KXHIGHNY-24NOV16-B63.5,28826.799,231,3.0,61.5,4,96,0,63.3,-0.2,-16.9,-10.8,-32.8,-0.2,0.0,50.8,25.3,100,0,31599.94,42.1,22.8,0,0,-2.0,1.8,0.0,0.0,0.0,1,1,1,96,4,1,-443.723,-5.008,4,0
2024-11-16 15:58:43.097802,f9eb17a9-58f4-4c2a-8a09-6f194b24c600,KXHIGHNY-24NOV16-B61.5,28816.902,53,1.0,61.5,96,4,1,63.3,1.8,-14.9,-8.8,-30.8,1.8,0.0,50.8,25.3,100,0,31599.94,42.1,22.8,0,0,0.0,1.8,0.0,0.0,0.0,1,1,1,96,4,1,-443.723,-9.585,4,1
2024-11-16 15:58:52.742328,84842d90-a3f8-46e7-bb8a-3ee9a16eb0fa,KXHIGHNY-24NOV16-B61.5,28807.258,12,1.0,61.5,96,4,1,63.3,1.8,-14.9,-8.8,-30.8,1.8,0.0,50.8,25.3,100,0,31599.94,42.1,22.8,0,0,0.0,1.8,0.0,0.0,0.0,1,1,1,96,4,1,-443.723,-9.592,4,1
2024-11-16 15:58:57.434832,4c90e5fa-c4d0-4b97-822b-0f1681a0bad8,KXHIGHNY-24NOV16-B61.5,28802.565,51,1.0,61.5,96,4,1,63.3,1.8,-14.9,-8.8,-30.8,1.8,0.0,50.8,25.3,100,0,31599.94,42.1,22.8,0,0,0.0,1.8,0.0,0.0,0.0,1,1,1,96,4,1,-443.723,-9.606,4,1
2024-11-16 15:59:19.716920,72612ff3-ae1b-441f-9b3e-0f5d2f84a01f,KXHIGHNY-24NOV16-B63.5,28780.283,170,3.0,61.5,4,96,0,63.3,-0.2,-16.9,-10.8,-32.8,-0.2,0.0,50.8,25.3,100,0,31599.94,42.1,22.8,0,0,-2.0,1.8,0.0,0.0,0.0,1,1,1,96,4,1,-443.723,-5.008,4,0
2024-11-16 15:59:56.542308,4c6c9295-e0eb-43e2-9537-b171470968a9,KXHIGHNY-24NOV16-B61.5,28743.458,12,1.0,61.5,96,4,1,63.3,1.8,-14.9,-8.8,-30.8,1.8,0.0,50.8,25.3,100,0,31599.94,42.1,22.8,0,0,0.0,1.8,0.0,0.0,0.0,1,1,1,96,4,1,-443.723,-9.607,4,1
2024-11-16 16:00:52.107024,a2b5f5ef-19bf-408a-ad0e-a2a2a275facc,KXHIGHNY-24NOV16-B61.5,28687.893,103,1.0,61.5,96,4,1,63.3,1.8,-14.9,-8.8,-30.8,1.5,0.3,50.8,25.3,100,0,31599.94,41.4,24.3,0,0,0.0,1.8,0.0,0.0,0.0,1,1,1,96,4,1,-443.723,-9.609,4,1
2024-11-16 16:01:41.747974,0960ad4a-ceff-4ccf-975e-a79f9e0f9eba,KXHIGHNY-24NOV16-B61.5,28638.252,100,1.0,61.5,92,8,0,63.3,1.8,-14.9,-8.8,-30.8,1.5,0.3,50.8,25.3,100,0,31599.94,41.4,24.3,0,0,0.0,1.8,0.0,0.0,0.0,1,1,1,92,4,1,-421.55,5.639,-8,1
2024-11-16 16:01:41.747974,068a9bb5-3fe1-4548-ac1c-99e620af63d3,KXHIGHNY-24NOV16-B61.5,28638.252,43,1.0,61.5,92,8,0,63.3,1.8,-14.9,-8.8,-30.8,1.5,0.3,50.8,25.3,100,0,31599.94,41.4,24.3,0,0,0.0,1.8,0.0,0.0,0.0,1,1,1,92,4,1,-421.55,5.638,-8,1
2024-11-16 16:01:42.839880,f58325b5-f655-4775-b0e8-35f6d575c5bf,KXHIGHNY-24NOV16-B61.5,28637.16,180,1.0,61.5,94,6,1,63.3,1.8,-14.9,-8.8,-30.8,1.5,0.3,50.8,25.3,100,0,31599.94,41.4,24.3,0,0,-0.0,1.8,0.0,0.0,0.0,1,1,1,94,4,1,-432.615,-7.673,6,1
2024-11-16 16:01:59.976336,3a4a8403-db13-4e2d-9d57-16983e1a0792,KXHIGHNY-24NOV16-B63.5,28620.024,817,3.0,61.5,4,96,0,63.3,-0.2,-16.9,-10.8,-32.8,-0.5,0.3,50.8,25.3,100,0,31599.94,41.4,24.3,0,0,-2.0,1.8,0.0,0.0,0.0,1,1,1,94,4,1,-432.615,-5.009,4,0
2024-11-16 16:02:56.450521,b5323635-3d20-4d1f-a7c7-816464c93bf8,KXHIGHNY-24NOV16-B63.5,28563.549,468,3.0,61.519,5,95,1,63.3,-0.2,-16.9,-10.8,-32.8,-0.5,0.3,50.8,25.3,100,0,31599.94,41.4,24.3,0,0,-1.981,1.781,0.0,0.0,0.0,1,1,1,94,5,1,-435.117,4.012,-5,0
2024-11-16 16:03:18.295168,63c0467e-651b-4fd6-a547-738678e55de0,KXHIGHNY-24NOV16-B63.5,28541.705,105,3.0,61.5,4,96,0,63.3,-0.2,-16.9,-10.8,-32.8,-0.5,0.3,50.8,25.3,100,0,31599.94,41.4,24.3,0,0,-2.0,1.8,0.0,0.0,0.0,1,1,1,94,4,1,-432.615,-5.012,4,0
2024-11-16 16:03:37.877818,010c43f4-e96b-40b6-a556-a717aaf56386,KXHIGHNY-24NOV16-B61.5,28522.122,10,1.0,61.5,96,4,1,63.3,1.8,-14.9,-8.8,-30.8,1.5,0.3,50.8,25.3,100,0,31599.94,41.4,24.3,0,0,0.0,1.8,0.0,0.0,0.0,1,1,1,96,4,1,-443.723,-9.7,4,1
2024-11-16 16:03:53.355118,01c4ea97-3a58-4877-8f46-f2070ae0e5ad,KXHIGHNY-24NOV16-B63.5,28506.645,386,3.0,61.5,4,96,0,63.3,-0.2,-16.9,-10.8,-32.8,-0.5,0.3,50.8,25.3,100,0,31599.94,41.4,24.3,0,0,-2.0,1.8,0.0,0.0,0.0,1,1,1,96,4,1,-443.723,-5.013,4,0
2024-11-16 16:04:16.509026,4ab896de-efc5-4056-b43e-3d5da618290a,KXHIGHNY-24NOV16-B63.5,28483.491,23,3.0,61.5,4,96,0,63.3,-0.2,-16.9,-10.8,-32.8,-0.5,0.3,50.8,25.3,100,0,31599.94,41.4,24.3,0,0,-2.0,1.8,0.0,0.0,0.0,1,1,1,96,4,1,-443.723,-5.013,4,0
2024-11-16 16:04:44.491773,81cd5542-6972-4583-bf3d-df2a4ed0cde2,KXHIGHNY-24NOV16-B63.5,28455.508,93,3.0,61.519,5,95,1,63.3,-0.2,-16.9,-10.8,-32.8,-0.5,0.3,50.8,25.3,100,0,31599.94,41.4,24.3,0,0,-1.981,1.781,0.0,0.0,0.0,1,1,1,96,5,1,-446.225,4.013,-5,0
2024-11-16 16:05:01.191146,665b16b1-124d-4353-8a68-446d4e4fa78f,KXHIGHNY-24NOV16-B61.5,28438.809,103,1.0,61.519,96,4,1,63.3,1.8,-14.9,-8.8,-30.8,1.5,0.3,50.8,25.3,100,0,31599.94,41.4,24.3,0,0,0.019,1.781,0.0,0.0,0.0,1,1,1,96,5,1,-446.225,-9.707,4,1
2024-11-16 16:05:29.045135,34b8fe61-aeb8-4f29-9b6d-7df20be97259,KXHIGHNY-24NOV16-B61.5,28410.955,12,1.0,61.519,96,4,1,63.3,1.8,-14.9,-8.8,-30.8,1.5,0.3,50.8,25.3,100,0,31599.94,41.4,24.3,0,0,0.019,1.781,0.0,0.0,0.0,1,1,1,96,5,1,-446.225,-9.718,4,1
2024-11-16 16:05:29.045135,0a6fe052-4ca0-4bb9-afa8-9b592b0502fd,KXHIGHNY-24NOV16-B61.5,28410.955,36,1.0,61.519,97,3,1,63.3,1.8,-14.9,-8.8,-30.8,1.5,0.3,50.8,25.3,100,0,31599.94,41.4,24.3,0,0,0.019,1.781,0.0,0.0,0.0,1,1,1,97,5,1,-451.794,-10.708,3,1
2024-11-16 16:05:37.748274,0d4800f5-1183-49ac-8365-e04691c42c02,KXHIGHNY-24NOV16-B61.5,28402.252,100,1.0,61.519,97,3,1,63.3,1.8,-14.9,-8.8,-30.8,1.5,0.3,50.8,25.3,100,0,31599.94,41.4,24.3,0,0,0.019,1.781,0.0,0.0,0.0,1,1,1,97,5,1,-451.794,-10.725,3,1
2024-11-16 16:05:43.482498,97a0373e-7026-498f-b9d0-9cf833175fca,KXHIGHNY-24NOV16-B63.5,28396.518,2454,3.0,61.5,4,96,0,63.3,-0.2,-16.9,-10.8,-32.8,-0.5,0.3,50.8,25.3,100,0,31599.94,41.4,24.3,0,0,-2.0,1.8,0.0,0.0,0.0,1,1,1,97,4,1,-449.292,-5.013,4,0
2024-11-16 16:06:16.832608,b06bdcd6-152b-402d-a24e-d34c4a6303a8,KXHIGHNY-24NOV16-B61.5,28363.167,100,1.0,61.5,98,2,1,63.3,1.8,-14.9,-8.8,-30.8,1.5,0.3,50.8,25.3,100,0,31599.94,41.4,24.3,0,0,0.0,1.8,0.0,0.0,0.0,1,1,1,98,4,1,-454.872,-11.732,2,1
2024-11-16 16:06:16.832608,b8c89090-117d-409c-a898-834fca8f190a,KXHIGHNY-24NOV16-B61.5,28363.167,494,1.0,61.5,98,2,1,63.3,1.8,-14.9,-8.8,-30.8,1.5,0.3,50.8,25.3,100,0,31599.94,41.4,24.3,0,0,0.0,1.8,0.0,0.0,0.0,1,1,1,98,4,1,-454.872,-11.737,2,1
2024-11-16 16:06:16.832608,cbfd3939-9843-4998-92af-8245455dae85,KXHIGHNY-24NOV16-B61.5,28363.167,20,1.0,61.5,98,2,1,63.3,1.8,-14.9,-8.8,-30.8,1.5,0.3,50.8,25.3,100,0,31599.94,41.4,24.3,0,0,0.0,1.8,0.0,0.0,0.0,1,1,1,98,4,1,-454.872,-11.753,2,1
2024-11-16 16:06:16.832608,eb802838-33d0-4d9d-a3f8-9f29b34eb8d6,KXHIGHNY-24NOV16-B61.5,28363.167,364,1.0,61.5,97,3,1,63.3,1.8,-14.9,-8.8,-30.8,1.5,0.3,50.8,25.3,100,0,31599.94,41.4,24.3,0,0,0.0,1.8,0.0,0.0,0.0,1,1,1,97,4,1,-449.292,-10.756,3,1
2024-11-16 16:06:16.832608,d26871c1-94f1-4223-a14f-cebdf9c0fbed,KXHIGHNY-24NOV16-B61.5,28363.167,32,1.0,61.5,98,2,1,63.3,1.8,-14.9,-8.8,-30.8,1.5,0.3,50.8,25.3,100,0,31599.94,41.4,24.3,0,0,0.0,1.8,0.0,0.0,0.0,1,1,1,98,4,1,-454.872,-11.756,2,1
2024-11-16 16:06:16.832608,fd79a546-b0e5-4cea-a9bf-dffa4c003899,KXHIGHNY-24NOV16-B61.5,28363.167,12,1.0,61.5,98,2,1,63.3,1.8,-14.9,-8.8,-30.8,1.5,0.3,50.8,25.3,100,0,31599.94,41.4,24.3,0,0,0.0,1.8,0.0,0.0,0.0,1,1,1,98,4,1,-454.872,-11.763,2,1
2024-11-16 16:07:58.165530,b37fb82d-e455-4b00-a8c9-f7f868f2d097,KXHIGHNY-24NOV16-B61.5,28261.834,6,1.0,61.5,98,2,1,63.3,1.8,-14.9,-8.8,-30.8,1.5,0.3,50.8,25.3,100,0,31599.94,41.4,24.3,0,0,0.0,1.8,0.0,0.0,0.0,1,1,1,98,4,1,-454.872,-11.84,2,1
2024-11-16 16:07:58.165530,9842b369-3417-4e94-8a4e-28da76773a91,KXHIGHNY-24NOV16-B61.5,28261.834,136,1.0,61.5,99,1,1,63.3,1.8,-14.9,-8.8,-30.8,1.5,0.3,50.8,25.3,100,0,31599.94,41.4,24.3,0,0,0.0,1.8,0.0,0.0,0.0,1,1,1,99,4,1,-460.462,-12.801,1,1
2024-11-16 16:07:58.165530,841594a2-fab0-4203-83f8-3b8d2de51082,KXHIGHNY-24NOV16-B61.5,28261.834,120,1.0,61.5,99,1,1,63.3,1.8,-14.9,-8.8,-30.8,1.5,0.3,50.8,25.3,100,0,31599.94,41.4,24.3,0,0,0.0,1.8,0.0,0.0,0.0,1,1,1,99,4,1,-460.462,-12.793,1,1
2024-11-16 16:08:06.417776,f4e8be81-0c47-4d92-b0a2-2c7559d4bac5,KXHIGHNY-24NOV16-B63.5,28253.582,101,3.0,61.462,2,98,0,63.3,-0.2,-16.9,-10.8,-32.8,-0.5,0.3,50.8,25.3,100,0,31599.94,41.4,24.3,0,0,-2.038,1.838,0.0,0.0,0.0,1,1,1,99,2,1,-456.303,-7.014,2,0
2024-11-16 16:08:27.667296,1d7b810e-a769-4269-b1a4-00006e1967ec,KXHIGHNY-24NOV16-B63.5,28232.333,62,3.0,61.442,1,99,0,63.3,-0.2,-16.9,-10.8,-32.8,-0.5,0.3,50.8,25.3,100,0,31599.94,41.4,24.3,0,0,-2.058,1.858,0.0,0.0,0.0,1,1,1,99,1,1,-454.917,-8.02,1,0
2024-11-16 16:10:09.617834,ee293a5d-c8f0-48fc-b27f-5082560f11cf,KXHIGHNY-24NOV16-B61.5,28130.382,20,1.0,61.442,99,1,1,63.3,1.8,-14.9,-8.8,-30.8,1.5,0.3,50.8,25.3,100,0,31599.94,41.4,24.3,0,0,-0.058,1.858,0.0,0.0,0.0,1,1,1,99,1,1,-454.917,-12.867,1,1
2024-11-16 16:10:40.439008,ee6a52a1-110a-4069-9628-fd2e904a7cc7,KXHIGHNY-24NOV16-B63.5,28099.561,38,3.0,61.481,3,97,1,63.3,-0.2,-16.9,-10.8,-32.8,-0.5,0.3,50.8,25.3,100,0,31599.94,41.4,24.3,0,0,-2.019,1.819,0.0,0.0,0.0,1,1,1,99,3,1,-458.213,6.02,-3,0
2024-11-16 16:11:33.770991,fdf86a3c-9219-4d14-a8c7-a4ea265fdd18,KXHIGHNY-24NOV16-B61.5,28046.229,136,1.0,61.481,98,2,0,63.3,1.8,-14.9,-8.8,-30.8,1.5,0.3,50.8,25.3,100,0,31599.94,41.4,24.3,0,0,-0.019,1.819,0.0,0.0,0.0,1,1,1,98,3,1,-452.623,11.875,-2,1
2024-11-16 16:11:47.193789,f94164b6-3bc4-4e84-a120-72578e951009,KXHIGHNY-24NOV16-B63.5,28032.806,63,3.0,61.481,3,97,1,63.3,-0.2,-16.9,-10.8,-32.8,-0.5,0.3,50.8,25.3,100,0,31599.94,41.4,24.3,0,0,-2.019,1.819,0.0,0.0,0.0,1,1,1,98,3,1,-452.623,6.022,-3,0
2024-11-16 16:11:47.193789,8ae5892f-6c4d-40a1-94a7-e64c0bd753be,KXHIGHNY-24NOV16-B63.5,28032.806,937,3.0,61.481,3,97,1,63.3,-0.2,-16.9,-10.8,-32.8,-0.5,0.3,50.8,25.3,100,0,31599.94,41.4,24.3,0,0,-2.019,1.819,0.0,0.0,0.0,1,1,1,98,3,1,-452.623,6.02,-3,0
2024-11-16 16:11:59.051689,0f5d4b5f-15ec-4bf9-9187-3273a7f01926,KXHIGHNY-24NOV16-B61.5,28020.948,6211,1.0,61.481,97,3,0,63.3,1.8,-14.9,-8.8,-30.8,1.5,0.3,50.8,25.3,100,0,31599.94,41.4,24.3,0,0,-0.019,1.819,0.0,0.0,0.0,1,1,1,97,3,1,-447.043,10.907,-3,1
2024-11-16 16:15:40.954909,dbd7eef2-9d3c-4fa2-b505-48dc464ab4ef,KXHIGHNY-24NOV16-B61.5,27799.045,744,1.0,61.481,99,1,1,63.3,1.8,-14.9,-8.8,-30.8,1.5,0.3,50.8,25.3,100,0,31599.94,41.4,24.3,0,0,-0.019,1.819,0.0,0.0,0.0,1,1,1,99,3,1,-458.213,-12.948,1,1
2024-11-16 16:15:40.954909,af305609-481b-403b-bf1d-4307fc7408c2,KXHIGHNY-24NOV16-B61.5,27799.045,200,1.0,61.481,98,2,1,63.3,1.8,-14.9,-8.8,-30.8,1.5,0.3,50.8,25.3,100,0,31599.94,41.4,24.3,0,0,-0.019,1.819,0.0,0.0,0.0,1,1,1,98,3,1,-452.623,-11.915,2,1
2024-11-16 16:15:40.954909,8611fc22-280a-48b8-b29a-8a5397115c14,KXHIGHNY-24NOV16-B61.5,27799.045,67,1.0,61.481,99,1,1,63.3,1.8,-14.9,-8.8,-30.8,1.5,0.3,50.8,25.3,100,0,31599.94,41.4,24.3,0,0,-0.019,1.819,0.0,0.0,0.0,1,1,1,99,3,1,-458.213,-12.907,1,1
2024-11-16 16:15:58.507096,e88ba6b0-db99-4ef3-a1f8-ed574a58e3a9,KXHIGHNY-24NOV16-B63.5,27781.493,12,3.0,61.442,1,99,0,63.3,-0.2,-16.9,-10.8,-32.8,-0.5,0.3,50.8,25.3,100,0,31599.94,41.4,24.3,0,0,-2.058,1.858,0.0,0.0,0.0,1,1,1,99,1,1,-454.917,-8.025,1,0
2024-11-16 16:16:07.648618,0d60c830-db41-435e-b3e0-fd4615091abb,KXHIGHNY-24NOV16-B61.5,27772.351,9,1.0,61.441,97,3,0,63.3,1.8,-14.9,-8.8,-30.8,1.5,0.3,50.8,25.3,100,0,31599.94,41.4,24.3,0,0,-0.059,1.859,0.0,0.0,0.0,1,1,1,97,1,1,-443.747,10.96,-3,1
2024-11-16 16:16:13.109228,4d95c68f-9a9a-4a03-b864-62dee5d4cf0d,KXHIGHNY-24NOV16-B63.5,27766.891,936,3.0,61.481,3,97,1,63.3,-0.2,-16.9,-10.8,-32.8,-0.5,0.3,50.8,25.3,100,0,31599.94,41.4,24.3,0,0,-2.019,1.819,0.0,0.0,0.0,1,1,1,97,3,1,-447.043,6.03,-3,0
2024-11-16 16:19:11.741703,f9029286-668e-42a8-8dee-ccb0768a94c1,KXHIGHNY-24NOV16-B63.5,27588.258,500,3.0,61.461,2,98,0,63.3,-0.2,-16.9,-10.8,-32.8,-0.5,0.3,50.8,25.3,100,0,31599.94,41.4,24.3,0,0,-2.039,1.839,0.0,0.0,0.0,1,1,1,97,2,1,-445.133,-7.039,2,0
2024-11-16 16:19:41.407197,a3f28f13-63ff-4076-ba9f-5ae8dfea835d,KXHIGHNY-24NOV16-B63.5,27558.593,936,3.0,61.481,3,97,1,63.3,-0.2,-16.9,-10.8,-32.8,-0.5,0.3,50.8,25.3,100,0,31599.94,41.4,24.3,0,0,-2.019,1.819,0.0,0.0,0.0,1,1,1,97,3,1,-447.043,6.043,-3,0
2024-11-16 16:20:37.390786,cd901995-9af4-4bec-aa33-b71013782440,KXHIGHNY-24NOV16-B61.5,27502.609,91,1.0,61.481,97,3,0,63.3,1.8,-14.9,-8.8,-30.8,1.5,0.3,50.8,25.3,100,0,31599.94,41.4,24.3,0,0,-0.019,1.819,0.0,0.0,0.0,1,1,1,97,3,1,-447.043,11.221,-3,1
2024-11-16 16:20:37.390786,70fdb570-d621-4bfc-9432-95b9911e5755,KXHIGHNY-24NOV16-B61.5,27502.609,77,1.0,61.481,97,3,0,63.3,1.8,-14.9,-8.8,-30.8,1.5,0.3,50.8,25.3,100,0,31599.94,41.4,24.3,0,0,-0.019,1.819,0.0,0.0,0.0,1,1,1,97,3,1,-447.043,11.005,-3,1
2024-11-16 16:21:34.186484,a93e0db5-3061-4e5c-888e-e5a26f00b1cb,KXHIGHNY-24NOV16-B63.5,27445.814,27,3.0,61.441,1,99,0,63.3,-0.2,-16.9,-10.8,-32.8,-0.5,0.3,50.8,25.3,100,0,31599.94,41.4,24.3,0,0,-2.059,1.859,0.0,0.0,0.0,1,1,1,97,1,1,-443.747,-8.044,1,0
2024-11-16 16:22:28.629300,6dc9c704-91da-47e4-8902-617e272f494a,KXHIGHNY-24NOV16-B63.5,27391.371,178,3.0,61.441,1,99,0,63.3,-0.2,-16.9,-10.8,-32.8,-0.5,0.3,50.8,25.3,100,0,31599.94,41.4,24.3,0,0,-2.059,1.859,0.0,0.0,0.0,1,1,1,97,1,1,-443.747,-8.048,1,0
2024-11-16 16:22:28.629300,5714f9ff-7bb6-482f-9160-e5bb1028dbfd,KXHIGHNY-24NOV16-B63.5,27391.371,19,3.0,61.441,1,99,0,63.3,-0.2,-16.9,-10.8,-32.8,-0.5,0.3,50.8,25.3,100,0,31599.94,41.4,24.3,0,0,-2.059,1.859,0.0,0.0,0.0,1,1,1,97,1,1,-443.747,-8.048,1,0
2024-11-16 16:23:09.786542,9773a849-b24b-4c48-830d-4824d1e2d295,KXHIGHNY-24NOV16-B63.5,27350.213,3121,3.0,61.481,3,97,1,63.3,-0.2,-16.9,-10.8,-32.8,-0.5,0.3,50.8,25.3,100,0,31599.94,41.4,24.3,0,0,-2.019,1.819,0.0,0.0,0.0,1,1,1,97,3,1,-447.043,6.048,-3,0
2024-11-16 16:23:44.419361,9ba9b488-9ce2-4c02-baa2-d31ee444d3bb,KXHIGHNY-24NOV16-B61.5,27315.581,600,1.0,61.481,99,1,1,63.3,1.8,-14.9,-8.8,-30.8,1.5,0.3,50.8,25.3,100,0,31599.94,41.4,24.3,0,0,-0.019,1.819,0.0,0.0,0.0,1,1,1,99,3,1,-458.213,-13.267,1,1
2024-11-16 16:23:44.419361,65c758b0-a96e-4e30-a506-2b5ff8a262c7,KXHIGHNY-24NOV16-B61.5,27315.581,178,1.0,61.481,99,1,1,63.3,1.8,-14.9,-8.8,-30.8,1.5,0.3,50.8,25.3,100,0,31599.94,41.4,24.3,0,0,-0.019,1.819,0.0,0.0,0.0,1,1,1,99,3,1,-458.213,-13.23,1,1
2024-11-16 16:23:44.419361,ec10bf5a-5701-4cab-824a-51f9e236ac43,KXHIGHNY-24NOV16-B61.5,27315.581,256,1.0,61.481,99,1,1,63.3,1.8,-14.9,-8.8,-30.8,1.5,0.3,50.8,25.3,100,0,31599.94,41.4,24.3,0,0,-0.019,1.819,0.0,0.0,0.0,1,1,1,99,3,1,-458.213,-13.275,1,1
2024-11-16 16:23:44.419361,9e02a8fd-cf6a-46e6-b8cc-0499e4545f1a,KXHIGHNY-24NOV16-B61.5,27315.581,100,1.0,61.481,99,1,1,63.3,1.8,-14.9,-8.8,-30.8,1.5,0.3,50.8,25.3,100,0,31599.94,41.4,24.3,0,0,-0.019,1.819,0.0,0.0,0.0,1,1,1,99,3,1,-458.213,-13.271,1,1
2024-11-16 16:25:23.036097,bdf8bcbd-80ab-41e8-aa8f-ac8234e85ac4,KXHIGHNY-24NOV16-B63.5,27216.964,822,3.0,61.442,1,99,0,63.3,-0.2,-16.9,-10.8,-32.8,-0.5,0.3,50.8,25.3,100,0,31599.94,41.4,24.3,0,0,-2.058,1.858,0.0,0.0,0.0,1,1,1,99,1,1,-454.917,-8.049,1,0
2024-11-16 16:25:26.957238,c968486a-26c1-474b-ad06-ff21f5cec980,KXHIGHNY-24NOV16-B61.5,27213.043,446,1.0,61.442,99,1,1,63.3,1.8,-14.9,-8.8,-30.8,1.5,0.3,50.8,25.3,100,0,31599.94,41.4,24.3,0,0,-0.058,1.858,0.0,0.0,0.0,1,1,1,99,1,1,-454.917,-13.319,1,1
2024-11-16 16:28:49.971039,cc8a55af-758d-4e37-bb45-c536ece6c1d2,KXHIGHNY-24NOV16-B61.5,27010.029,20,1.0,61.442,99,1,1,63.3,1.8,-14.9,-8.8,-30.8,1.5,0.3,50.8,25.3,100,0,31599.94,41.4,24.3,0,0,-0.058,1.858,0.0,0.0,0.0,1,1,1,99,1,1,-454.917,-13.407,1,1
2024-11-16 16:28:49.971039,0f46f6f9-0c83-4102-bd66-492820e75c32,KXHIGHNY-24NOV16-B61.5,27010.029,376,1.0,61.442,99,1,1,63.3,1.8,-14.9,-8.8,-30.8,1.5,0.3,50.8,25.3,100,0,31599.94,41.4,24.3,0,0,-0.058,1.858,0.0,0.0,0.0,1,1,1,99,1,1,-454.917,-13.363,1,1
2024-11-16 16:29:01.710907,49a5498e-fd35-498c-8ccd-91dc9e532293,KXHIGHNY-24NOV16-B61.5,26998.289,158,1.0,61.442,98,2,0,63.3,1.8,-14.9,-8.8,-30.8,1.5,0.3,50.8,25.3,100,0,31599.94,41.4,24.3,0,0,-0.058,1.858,0.0,0.0,0.0,1,1,1,98,1,1,-449.327,12.408,-2,1
2024-11-16 16:31:12.414984,32e17edd-26b9-416a-be74-ce1bf51b3091,KXHIGHNY-24NOV16-B61.5,26867.585,33,1.0,61.442,98,2,0,63.3,1.8,-14.9,-8.8,-30.8,1.5,0.3,50.8,25.3,100,0,31599.94,41.4,24.3,0,0,-0.058,1.858,0.0,0.0,0.0,1,1,1,98,1,1,-449.327,12.408,-2,1
2024-11-16 16:31:22.434220,74fd7a46-119b-4e31-ac41-2efd857b18a1,KXHIGHNY-24NOV16-B61.5,26857.566,218,1.0,61.442,98,2,0,63.3,1.8,-14.9,-8.8,-30.8,1.5,0.3,50.8,25.3,100,0,31599.94,41.4,24.3,0,0,-0.058,1.858,0.0,0.0,0.0,1,1,1,98,1,1,-449.327,12.428,-2,1
2024-11-16 16:31:29.696023,c73f35b6-ff36-42e5-9e84-38970bdb3c22,KXHIGHNY-24NOV16-B63.5,26850.304,300,3.0,61.442,1,99,1,63.3,-0.2,-16.9,-10.8,-32.8,-0.5,0.3,50.8,25.3,100,0,31599.94,41.4,24.3,0,0,-2.058,1.858,0.0,0.0,0.0,1,1,1,98,1,1,-449.327,8.06,-1,0
2024-11-16 16:32:00.457896,9c6598e3-6cd9-4026-99a3-59aad6c851bf,KXHIGHNY-24NOV16-B61.5,26819.542,500,1.0,61.442,99,1,1,63.3,1.8,-14.9,-8.8,-30.8,1.5,0.3,50.8,25.3,100,0,31599.94,41.4,24.3,0,0,-0.058,1.858,0.0,0.0,0.0,1,1,1,99,1,1,-454.917,-13.435,1,1
2024-11-16 16:33:59.060865,e22ad5d8-d148-4712-ba61-296be073015e,KXHIGHNY-24NOV16-B61.5,26700.939,78,1.0,61.442,98,2,0,63.3,1.8,-14.9,-8.8,-30.8,1.5,0.3,50.8,25.3,100,0,31599.94,41.4,24.3,0,0,-0.058,1.858,0.0,0.0,0.0,1,1,1,98,1,1,-449.327,12.471,-2,1
2024-11-16 16:36:54.844777,c7688e0c-a8de-4472-82b2-4c4410c5827a,KXHIGHNY-24NOV16-B61.5,26525.155,165,1.0,61.442,99,1,1,63.3,1.8,-14.9,-8.8,-30.8,1.5,0.3,50.8,25.3,100,0,31599.94,41.4,24.3,0,0,-0.058,1.858,0.0,0.0,0.0,1,1,1,99,1,1,-454.917,-13.506,1,1
2024-11-16 16:37:36.705477,8810f5b4-23a5-4a9d-a70b-77757e67b164,KXHIGHNY-24NOV16-B63.5,26483.295,20,3.0,61.442,1,99,1,63.3,-0.2,-16.9,-10.8,-32.8,-0.5,0.3,50.8,25.3,100,0,31599.94,41.4,24.3,0,0,-2.058,1.858,0.0,0.0,0.0,1,1,1,99,1,1,-454.917,8.06,-1,0
2024-11-16 16:39:23.624524,8264ebaf-e509-4f3a-8f9a-56b2b3c84cc9,KXHIGHNY-24NOV16-B59.5,26376.375,1,-1.0,61.442,1,99,1,63.3,3.8,-12.9,-6.8,-28.8,3.5,0.3,50.8,25.3,100,0,31599.94,41.4,24.3,0,0,1.942,1.858,0.0,0.0,0.0,1,1,1,99,1,1,-454.917,9.935,-1,0
2024-11-16 16:45:11.513035,9da58a1a-dcfb-4866-8d81-a40ebfdd27f1,KXHIGHNY-24NOV16-B63.5,26028.487,680,3.0,61.442,1,99,1,63.3,-0.2,-16.9,-10.8,-32.8,-0.5,0.3,50.8,25.3,100,0,31599.94,41.4,24.3,0,0,-2.058,1.858,0.0,0.0,0.0,1,1,1,99,1,1,-454.917,8.061,-1,0
2024-11-16 16:46:23.031109,1735c3a0-4ad6-4987-ae25-8fdf2f22c22b,KXHIGHNY-24NOV16-B61.5,25956.969,335,1.0,61.442,99,1,0,63.3,1.8,-14.9,-8.8,-30.8,1.5,0.3,50.8,25.3,100,0,31599.94,41.4,24.3,0,0,-0.058,1.858,0.0,0.0,0.0,1,1,1,99,1,1,-454.917,13.507,-1,1
2024-11-16 16:48:36.860543,054dbad1-d788-47f3-b9fc-a70b317744fa,KXHIGHNY-24NOV16-B63.5,25823.139,280,3.0,61.442,1,99,1,63.3,-0.2,-16.9,-10.8,-32.8,-0.5,0.3,50.8,25.3,100,0,31599.94,41.4,24.3,0,0,-2.058,1.858,0.0,0.0,0.0,1,1,1,99,1,1,-454.917,8.061,-1,0
2024-11-16 16:52:29.849764,95f03f49-32e3-4a53-9acb-bdce674f85a3,KXHIGHNY-24NOV16-B57.5,25590.15,161,-3.0,61.442,1,99,1,63.3,5.8,-10.9,-4.8,-26.8,5.5,0.3,50.8,25.3,100,0,31599.94,41.4,24.3,0,0,3.942,1.858,0.0,0.0,0.0,1,1,1,99,1,1,-454.917,1.819,-1,0
2024-11-16 16:52:29.849764,07d26da0-5c60-4113-aa16-60c833350c95,KXHIGHNY-24NOV16-B57.5,25590.15,50,-3.0,61.442,1,99,1,63.3,5.8,-10.9,-4.8,-26.8,5.5,0.3,50.8,25.3,100,0,31599.94,41.4,24.3,0,0,3.942,1.858,0.0,0.0,0.0,1,1,1,99,1,1,-454.917,1.817,-1,0
2024-11-16 16:52:29.849764,01b44049-5a7d-48ca-8aec-8a4c206c0cf5,KXHIGHNY-24NOV16-B57.5,25590.15,161,-3.0,61.442,1,99,1,63.3,5.8,-10.9,-4.8,-26.8,5.5,0.3,50.8,25.3,100,0,31599.94,41.4,24.3,0,0,3.942,1.858,0.0,0.0,0.0,1,1,1,99,1,1,-454.917,1.822,-1,0
2024-11-16 16:53:43.896865,376845b7-0924-4045-b410-af5c568a1540,KXHIGHNY-24NOV16-B61.5,25516.103,93,1.0,61.442,99,1,0,63.3,1.8,-14.9,-8.8,-30.8,1.5,0.3,50.8,25.3,100,0,31599.94,41.4,24.3,0,0,-0.058,1.858,0.0,0.0,0.0,1,1,1,99,1,1,-454.917,13.507,-1,1
2024-11-16 17:01:26.188917,33a8d991-2f9a-48a4-b6cc-6d7b917c2193,KXHIGHNY-24NOV16-B63.5,25053.811,100,3.0,61.442,1,99,1,63.3,-0.2,-16.9,-10.8,-32.8,-2.0,1.8,50.8,25.3,100,0,31599.94,41.4,21.1,0,0,-2.058,1.858,0.0,0.0,0.0,1,1,1,99,1,1,-454.917,8.067,-1,0
2024-11-16 17:02:56.422269,a9dc24f0-78cf-4da3-be6f-18a4026aa3bc,KXHIGHNY-24NOV16-B61.5,24963.578,3,1.0,61.442,99,1,0,63.3,1.8,-14.9,-8.8,-30.8,0.0,1.8,50.8,25.3,100,0,31599.94,41.4,21.1,0,0,-0.058,1.858,0.0,0.0,0.0,1,1,1,99,1,1,-454.917,13.548,-1,1
2024-11-16 17:06:55.980886,28f89e6c-b827-4a33-bba8-2acf06806511,KXHIGHNY-24NOV16-B61.5,24724.019,41,1.0,61.442,99,1,0,63.3,1.8,-14.9,-8.8,-30.8,0.0,1.8,50.8,25.3,100,0,31599.94,41.4,21.1,0,0,-0.058,1.858,0.0,0.0,0.0,1,1,1,99,1,1,-454.917,13.548,-1,1
2024-11-16 17:10:23.080101,28d2262c-9662-44fd-8ac8-a114b8ec8126,KXHIGHNY-24NOV16-B63.5,24516.92,72,3.0,61.442,1,99,1,63.3,-0.2,-16.9,-10.8,-32.8,-2.0,1.8,50.8,25.3,100,0,31599.94,41.4,21.1,0,0,-2.058,1.858,0.0,0.0,0.0,1,1,1,99,1,1,-454.917,8.07,-1,0
2024-11-16 17:10:23.080101,5d379cf6-71a5-47ef-b625-f412321aaa08,KXHIGHNY-24NOV16-B63.5,24516.92,20,3.0,61.442,1,99,1,63.3,-0.2,-16.9,-10.8,-32.8,-2.0,1.8,50.8,25.3,100,0,31599.94,41.4,21.1,0,0,-2.058,1.858,0.0,0.0,0.0,1,1,1,99,1,1,-454.917,8.07,-1,0
2024-11-16 17:17:36.687196,f17ecbba-30e6-486f-8b15-645bec45d4fb,KXHIGHNY-24NOV16-B61.5,24083.313,28,1.0,61.442,99,1,0,63.3,1.8,-14.9,-8.8,-30.8,0.0,1.8,50.8,25.3,100,0,31599.94,41.4,21.1,0,0,-0.058,1.858,0.0,0.0,0.0,1,1,1,99,1,1,-454.917,13.571,-1,1
2024-11-16 17:17:36.687196,6bf482f0-f105-4c65-9595-5f78b82b53ec,KXHIGHNY-24NOV16-B61.5,24083.313,16,1.0,61.442,99,1,0,63.3,1.8,-14.9,-8.8,-30.8,0.0,1.8,50.8,25.3,100,0,31599.94,41.4,21.1,0,0,-0.058,1.858,0.0,0.0,0.0,1,1,1,99,1,1,-454.917,13.549,-1,1
2024-11-16 17:19:24.197323,7e94f468-43ba-44f9-9f45-a55f9117b09d,KXHIGHNY-24NOV16-B61.5,23975.803,429,1.0,61.442,99,1,0,63.3,1.8,-14.9,-8.8,-30.8,0.0,1.8,50.8,25.3,100,0,31599.94,41.4,21.1,0,0,-0.058,1.858,0.0,0.0,0.0,1,1,1,99,1,1,-454.917,13.615,-1,1
2024-11-16 17:22:17.617246,57b24fcc-b8bd-41a5-a955-cd0d5465a71a,KXHIGHNY-24NOV16-B61.5,23802.383,77,1.0,61.442,99,1,0,63.3,1.8,-14.9,-8.8,-30.8,0.0,1.8,50.8,25.3,100,0,31599.94,41.4,21.1,0,0,-0.058,1.858,0.0,0.0,0.0,1,1,1,99,1,1,-454.917,13.658,-1,1
2024-11-16 17:22:48.310752,dc6e73ac-d898-40a0-a369-23be01fd53c7,KXHIGHNY-24NOV16-B63.5,23771.689,120,3.0,61.442,1,99,1,63.3,-0.2,-16.9,-10.8,-32.8,-2.0,1.8,50.8,25.3,100,0,31599.94,41.4,21.1,0,0,-2.058,1.858,0.0,0.0,0.0,1,1,1,99,1,1,-454.917,8.07,-1,0
2024-11-16 17:22:48.310752,43f65285-4b83-4e4c-b1c9-1df44aa1f744,KXHIGHNY-24NOV16-B63.5,23771.689,428,3.0,61.442,1,99,1,63.3,-0.2,-16.9,-10.8,-32.8,-2.0,1.8,50.8,25.3,100,0,31599.94,41.4,21.1,0,0,-2.058,1.858,0.0,0.0,0.0,1,1,1,99,1,1,-454.917,8.07,-1,0
2024-11-16 17:22:48.310752,0c7c0e58-0eeb-43e0-a5cc-fd3bf0135491,KXHIGHNY-24NOV16-B63.5,23771.689,53,3.0,61.442,1,99,1,63.3,-0.2,-16.9,-10.8,-32.8,-2.0,1.8,50.8,25.3,100,0,31599.94,41.4,21.1,0,0,-2.058,1.858,0.0,0.0,0.0,1,1,1,99,1,1,-454.917,8.07,-1,0
2024-11-16 17:25:27.913380,40efa9da-0406-4d32-930a-e65d192a92ea,KXHIGHNY-24NOV16-T57,23612.087,1047,-5.0,61.442,1,99,1,63.3,7.8,-8.9,-2.8,-24.8,6.0,1.8,50.8,25.3,100,0,31599.94,41.4,21.1,0,0,5.942,1.858,0.0,0.0,0.0,1,1,1,99,1,1,-454.917,0.0,-1,0
2024-11-16 17:25:27.913380,b6dd9969-eedb-4f6f-b54c-e4c44974eb04,KXHIGHNY-24NOV16-T57,23612.087,250,-5.0,61.442,1,99,1,63.3,7.8,-8.9,-2.8,-24.8,6.0,1.8,50.8,25.3,100,0,31599.94,41.4,21.1,0,0,5.942,1.858,0.0,0.0,0.0,1,1,1,99,1,1,-454.917,0.0,-1,0
2024-11-16 17:25:27.913380,b702795c-3a2f-46dc-a71d-d8a23f4bfedc,KXHIGHNY-24NOV16-T57,23612.087,256,-5.0,61.442,1,99,1,63.3,7.8,-8.9,-2.8,-24.8,6.0,1.8,50.8,25.3,100,0,31599.94,41.4,21.1,0,0,5.942,1.858,0.0,0.0,0.0,1,1,1,99,1,1,-454.917,0.0,-1,0
2024-11-16 17:25:27.913380,bd6477bc-59ff-44d0-82e5-7d0d77fcf12a,KXHIGHNY-24NOV16-T57,23612.087,2080,-5.0,61.442,1,99,1,63.3,7.8,-8.9,-2.8,-24.8,6.0,1.8,50.8,25.3,100,0,31599.94,41.4,21.1,0,0,5.942,1.858,0.0,0.0,0.0,1,1,1,99,1,1,-454.917,0.0,-1,0
2024-11-16 17:25:27.913380,f81a3f95-d9c6-4676-8328-071e713760fc,KXHIGHNY-24NOV16-T57,23612.087,789,-5.0,61.442,1,99,1,63.3,7.8,-8.9,-2.8,-24.8,6.0,1.8,50.8,25.3,100,0,31599.94,41.4,21.1,0,0,5.942,1.858,0.0,0.0,0.0,1,1,1,99,1,1,-454.917,0.0,-1,0
2024-11-16 17:25:27.913380,b79d1913-4de0-4fb9-8ba0-85a47e0ffd2c,KXHIGHNY-24NOV16-T57,23612.087,250,-5.0,61.442,1,99,1,63.3,7.8,-8.9,-2.8,-24.8,6.0,1.8,50.8,25.3,100,0,31599.94,41.4,21.1,0,0,5.942,1.858,0.0,0.0,0.0,1,1,1,99,1,1,-454.917,0.0,-1,0
2024-11-16 17:26:02.845160,92d5f27b-6ceb-40db-8c8b-5da391ef1162,KXHIGHNY-24NOV16-B63.5,23577.155,103,3.0,61.442,1,99,1,63.3,-0.2,-16.9,-10.8,-32.8,-2.0,1.8,50.8,25.3,100,0,31599.94,41.4,21.1,0,0,-2.058,1.858,0.0,0.0,0.0,1,1,1,99,1,1,-454.917,8.07,-1,0
2024-11-16 17:27:12.306871,6166d4db-5bc5-4031-a345-b2af62f09201,KXHIGHNY-24NOV16-B61.5,23507.693,478,1.0,61.442,99,1,0,63.3,1.8,-14.9,-8.8,-30.8,0.0,1.8,50.8,25.3,100,0,31599.94,41.4,21.1,0,0,-0.058,1.858,0.0,0.0,0.0,1,1,1,99,1,1,-454.917,13.739,-1,1
2024-11-16 17:27:12.306871,09efc77b-6f62-4fa0-92f8-70a0ee3f9a22,KXHIGHNY-24NOV16-B61.5,23507.693,60,1.0,61.442,99,1,0,63.3,1.8,-14.9,-8.8,-30.8,0.0,1.8,50.8,25.3,100,0,31599.94,41.4,21.1,0,0,-0.058,1.858,0.0,0.0,0.0,1,1,1,99,1,1,-454.917,13.697,-1,1
2024-11-16 17:29:07.578674,c1c94be2-e422-49a7-a013-d603f9558c15,KXHIGHNY-24NOV16-B61.5,23392.421,624,1.0,61.442,99,1,0,63.3,1.8,-14.9,-8.8,-30.8,0.0,1.8,50.8,25.3,100,0,31599.94,41.4,21.1,0,0,-0.058,1.858,0.0,0.0,0.0,1,1,1,99,1,1,-454.917,13.829,-1,1
2024-11-16 17:29:07.578674,39d87636-6898-4a8a-a495-21b49dc8e3ec,KXHIGHNY-24NOV16-B61.5,23392.421,11,1.0,61.442,99,1,0,63.3,1.8,-14.9,-8.8,-30.8,0.0,1.8,50.8,25.3,100,0,31599.94,41.4,21.1,0,0,-0.058,1.858,0.0,0.0,0.0,1,1,1,99,1,1,-454.917,13.784,-1,1
2024-11-16 17:30:47.257417,dad13e0c-9b0a-450a-ba6e-2298a7a84374,KXHIGHNY-24NOV16-B61.5,23292.743,2337,1.0,61.442,99,1,0,63.3,1.8,-14.9,-8.8,-30.8,0.0,1.8,50.8,25.3,100,0,31599.94,41.4,21.1,0,0,-0.058,1.858,0.0,0.0,0.0,1,1,1,99,1,1,-454.917,13.83,-1,1
2024-11-16 17:35:58.815683,46819615-a5bb-4645-8bc7-4006144b829c,KXHIGHNY-24NOV16-B63.5,22981.184,64,3.0,61.442,1,99,1,63.3,-0.2,-16.9,-10.8,-32.8,-2.0,1.8,50.8,25.3,100,0,31599.94,41.4,21.1,0,0,-2.058,1.858,0.0,0.0,0.0,1,1,1,99,1,1,-454.917,8.07,-1,0
2024-11-16 17:35:58.815683,64f74b14-da50-4f4b-a58a-831aaad85542,KXHIGHNY-24NOV16-B63.5,22981.184,844,3.0,61.442,1,99,1,63.3,-0.2,-16.9,-10.8,-32.8,-2.0,1.8,50.8,25.3,100,0,31599.94,41.4,21.1,0,0,-2.058,1.858,0.0,0.0,0.0,1,1,1,99,1,1,-454.917,8.071,-1,0
2024-11-16 17:48:16.160095,7fec663a-b74c-4191-bbf6-5b6babf5444f,KXHIGHNY-24NOV16-B59.5,22243.84,187,-1.0,61.442,1,99,1,63.3,3.8,-12.9,-6.8,-28.8,2.0,1.8,50.8,25.3,100,0,31599.94,41.4,21.1,0,0,1.942,1.858,0.0,0.0,0.0,1,1,1,99,1,1,-454.917,9.938,-1,0
2024-11-16 17:48:44.643684,d80c9fe7-0529-49ae-bac5-d6d1de15ff51,KXHIGHNY-24NOV16-B61.5,22215.356,187,1.0,61.442,99,1,0,63.3,1.8,-14.9,-8.8,-30.8,0.0,1.8,50.8,25.3,100,0,31599.94,41.4,21.1,0,0,-0.058,1.858,0.0,0.0,0.0,1,1,1,99,1,1,-454.917,13.833,-1,1
2024-11-16 17:49:08.703426,ae76e11f-4ff5-4955-951c-fe829f08101e,KXHIGHNY-24NOV16-B63.5,22191.297,187,3.0,61.442,1,99,1,63.3,-0.2,-16.9,-10.8,-32.8,-2.0,1.8,50.8,25.3,100,0,31599.94,41.4,21.1,0,0,-2.058,1.858,0.0,0.0,0.0,1,1,1,99,1,1,-454.917,8.071,-1,0
2024-11-16 17:52:52.705843,f8179b3b-d1d6-45b5-9f51-ec2fdf65a16a,KXHIGHNY-24NOV16-B57.5,21967.294,689,-3.0,61.442,1,99,1,63.3,5.8,-10.9,-4.8,-26.8,4.0,1.8,50.8,25.3,100,0,31599.94,41.4,21.1,0,0,3.942,1.858,0.0,0.0,0.0,1,1,1,99,1,1,-454.917,1.837,-1,0
2024-11-16 17:56:13.705806,ca618aee-5f92-4772-a49d-6aed81090d35,KXHIGHNY-24NOV16-B63.5,21766.294,33,3.0,61.442,1,99,1,63.3,-0.2,-16.9,-10.8,-32.8,-2.0,1.8,50.8,25.3,100,0,31599.94,41.4,21.1,0,0,-2.058,1.858,0.0,0.0,0.0,1,1,1,99,1,1,-454.917,8.076,-1,0
2024-11-16 17:58:27.964294,c8322385-3a1c-48c9-bdf6-f71d024b0164,KXHIGHNY-24NOV16-B63.5,21632.036,400,3.0,61.442,1,99,1,63.3,-0.2,-16.9,-10.8,-32.8,-2.0,1.8,50.8,25.3,100,0,31599.94,41.4,21.1,0,0,-2.058,1.858,0.0,0.0,0.0,1,1,1,99,1,1,-454.917,8.082,-1,0
2024-11-16 17:58:27.964294,b663512c-cc4f-404e-8214-dfcf1b732f2b,KXHIGHNY-24NOV16-B63.5,21632.036,1188,3.0,61.442,1,99,1,63.3,-0.2,-16.9,-10.8,-32.8,-2.0,1.8,50.8,25.3,100,0,31599.94,41.4,21.1,0,0,-2.058,1.858,0.0,0.0,0.0,1,1,1,99,1,1,-454.917,8.079,-1,0
2024-11-16 17:58:27.964294,46453e84-77fd-43d8-b4ca-6d7bfb72b459,KXHIGHNY-24NOV16-B63.5,21632.036,280,3.0,61.442,1,99,1,63.3,-0.2,-16.9,-10.8,-32.8,-2.0,1.8,50.8,25.3,100,0,31599.94,41.4,21.1,0,0,-2.058,1.858,0.0,0.0,0.0,1,1,1,99,1,1,-454.917,8.079,-1,0
2024-11-16 18:10:28.753663,cb05ddf6-995d-4a43-8351-76ea5e926926,KXHIGHNY-24NOV16-B63.5,20911.246,11,3.0,61.442,1,99,1,63.3,-0.2,-16.9,-10.8,-32.8,-5.1,4.9,50.8,25.3,100,0,31599.94,40.0,15.8,0,0,-2.058,1.858,0.0,0.0,0.0,1,1,1,99,1,1,-454.917,8.083,-1,0
2024-11-16 18:13:51.445438,94d7592d-b203-44b6-a1eb-f1363fc35f2d,KXHIGHNY-24NOV16-B63.5,20708.555,56,3.0,61.442,1,99,1,63.3,-0.2,-16.9,-10.8,-32.8,-5.1,4.9,50.8,25.3,100,0,31599.94,40.0,15.8,0,0,-2.058,1.858,0.0,0.0,0.0,1,1,1,99,1,1,-454.917,8.083,-1,0
2024-11-16 18:28:06.857545,76040bf6-8720-4e3f-9793-42fd615a0868,KXHIGHNY-24NOV16-B61.5,19853.142,8,1.0,61.442,99,1,0,63.3,1.8,-14.9,-8.8,-30.8,-3.1,4.9,50.8,25.3,100,0,31599.94,40.0,15.8,0,0,-0.058,1.858,0.0,0.0,0.0,1,1,1,99,1,1,-454.917,13.841,-1,1
2024-11-16 18:29:17.705649,a5856b36-7123-46a1-a334-da39decd1fcd,KXHIGHNY-24NOV16-B59.5,19782.294,150,-1.0,61.442,1,99,1,63.3,3.8,-12.9,-6.8,-28.8,-1.1,4.9,50.8,25.3,100,0,31599.94,40.0,15.8,0,0,1.942,1.858,0.0,0.0,0.0,1,1,1,99,1,1,-454.917,9.94,-1,0
2024-11-16 18:36:25.135659,bfc3a83b-1cae-4b04-b841-76328daff281,KXHIGHNY-24NOV16-B61.5,19354.864,1621,1.0,61.442,99,1,0,63.3,1.8,-14.9,-8.8,-30.8,-3.1,4.9,50.8,25.3,100,0,31599.94,40.0,15.8,0,0,-0.058,1.858,0.0,0.0,0.0,1,1,1,99,1,1,-454.917,13.843,-1,1
2024-11-16 18:41:54.654646,6599d6dc-7a58-4994-8814-e4d5465e4b9e,KXHIGHNY-24NOV16-B57.5,19025.345,935,-3.0,61.442,1,99,1,63.3,5.8,-10.9,-4.8,-26.8,0.9,4.9,50.8,25.3,100,0,31599.94,40.0,15.8,0,0,3.942,1.858,0.0,0.0,0.0,1,1,1,99,1,1,-454.917,1.836,-1,0
2024-11-16 18:47:09.516451,543d9170-9089-43a2-85fc-426b61290178,KXHIGHNY-24NOV16-B61.5,18710.484,1,1.0,61.442,99,1,0,63.3,1.8,-14.9,-8.8,-30.8,-3.1,4.9,50.8,25.3,100,0,31599.94,40.0,15.8,0,0,-0.058,1.858,0.0,0.0,0.0,1,1,1,99,1,1,-454.917,13.885,-1,1
2024-11-16 18:51:50.064580,472831f9-36e6-447a-a92d-c978e1c80c1e,KXHIGHNY-24NOV16-B61.5,18429.935,10,1.0,61.442,99,1,0,63.3,1.8,-14.9,-8.8,-30.8,-3.1,4.9,50.8,25.3,100,0,31599.94,40.0,15.8,0,0,-0.058,1.858,0.0,0.0,0.0,1,1,1,99,1,1,-454.917,13.924,-1,1
2024-11-16 18:53:56.910856,bd15ca45-0c17-4e75-ae41-e94e36b4221f,KXHIGHNY-24NOV16-B63.5,18303.089,93,3.0,61.442,1,99,1,63.3,-0.2,-16.9,-10.8,-32.8,-5.1,4.9,50.8,25.3,100,0,31599.94,40.0,15.8,0,0,-2.058,1.858,0.0,0.0,0.0,1,1,1,99,1,1,-454.917,8.083,-1,0
2024-11-16 18:53:58.335804,a8ac99c8-8929-4144-8f4c-66ab8cc9d6c6,KXHIGHNY-24NOV16-B63.5,18301.664,935,3.0,61.442,1,99,1,63.3,-0.2,-16.9,-10.8,-32.8,-5.1,4.9,50.8,25.3,100,0,31599.94,40.0,15.8,0,0,-2.058,1.858,0.0,0.0,0.0,1,1,1,99,1,1,-454.917,8.083,-1,0
2024-11-16 18:56:10.103165,b357b339-d252-4dba-b293-dff087c6d587,KXHIGHNY-24NOV16-T57,18169.897,1,-5.0,61.442,1,99,1,63.3,7.8,-8.9,-2.8,-24.8,2.9,4.9,50.8,25.3,100,0,31599.94,40.0,15.8,0,0,5.942,1.858,0.0,0.0,0.0,1,1,1,99,1,1,-454.917,0.0,-1,0
2024-11-16 19:00:10.339987,57be6d5f-870b-4439-ae78-81f5a2d613c0,KXHIGHNY-24NOV16-B61.5,17929.66,141,1.0,61.442,99,1,0,63.3,1.8,-14.9,-8.8,-30.8,-4.9,6.7,50.8,25.3,100,0,31599.94,47.5,17.1,0,0,-0.058,1.858,0.0,0.0,0.0,1,1,1,99,1,1,-454.917,13.94,-1,1
2024-11-16 19:00:20.069861,cbd0a748-cc72-451b-b555-455f766c5daa,KXHIGHNY-24NOV16-B57.5,17919.93,15,-3.0,61.442,1,99,1,63.3,5.8,-10.9,-4.8,-26.8,-0.9,6.7,50.8,25.3,100,0,31599.94,47.5,17.1,0,0,3.942,1.858,0.0,0.0,0.0,1,1,1,99,1,1,-454.917,1.836,-1,0
2024-11-16 19:04:25.466152,213af542-d1ed-4733-825a-54168d1d4de5,KXHIGHNY-24NOV16-B63.5,17674.534,4675,3.0,61.442,1,99,1,63.3,-0.2,-16.9,-10.8,-32.8,-6.9,6.7,50.8,25.3,100,0,31599.94,47.5,17.1,0,0,-2.058,1.858,0.0,0.0,0.0,1,1,1,99,1,1,-454.917,8.083,-1,0
2024-11-16 19:06:28.148388,5e42b950-96b6-4557-9436-c1e8d219c3b3,KXHIGHNY-24NOV16-B63.5,17551.852,280,3.0,61.442,1,99,1,63.3,-0.2,-16.9,-10.8,-32.8,-6.9,6.7,50.8,25.3,100,0,31599.94,47.5,17.1,0,0,-2.058,1.858,0.0,0.0,0.0,1,1,1,99,1,1,-454.917,8.083,-1,0
2024-11-16 19:20:08.449146,4f0d5a34-6e5b-47c8-9bba-b6a0e44fe9f5,KXHIGHNY-24NOV16-B61.5,16731.551,22,1.0,61.442,99,1,0,63.3,1.8,-14.9,-8.8,-30.8,-4.9,6.7,50.8,25.3,100,0,31599.94,47.5,17.1,0,0,-0.058,1.858,0.0,0.0,0.0,1,1,1,99,1,1,-454.917,13.941,-1,1
2024-11-16 19:24:30.855441,e279d811-b142-4381-afb8-ec31994ebe32,KXHIGHNY-24NOV16-B61.5,16469.145,129,1.0,61.442,99,1,0,63.3,1.8,-14.9,-8.8,-30.8,-4.9,6.7,50.8,25.3,100,0,31599.94,47.5,17.1,0,0,-0.058,1.858,0.0,0.0,0.0,1,1,1,99,1,1,-454.917,13.944,-1,1
2024-11-16 19:29:45.886077,ed922b1e-02f6-432b-a4b2-b9983b8911f8,KXHIGHNY-24NOV16-B61.5,16154.114,1587,1.0,61.442,99,1,0,63.3,1.8,-14.9,-8.8,-30.8,-4.9,6.7,50.8,25.3,100,0,31599.94,47.5,17.1,0,0,-0.058,1.858,0.0,0.0,0.0,1,1,1,99,1,1,-454.917,13.956,-1,1
2024-11-16 19:29:45.886077,9ef4c409-58d8-4c6f-814d-5b73e6d122f3,KXHIGHNY-24NOV16-B61.5,16154.114,281,1.0,61.442,99,1,0,63.3,1.8,-14.9,-8.8,-30.8,-4.9,6.7,50.8,25.3,100,0,31599.94,47.5,17.1,0,0,-0.058,1.858,0.0,0.0,0.0,1,1,1,99,1,1,-454.917,13.951,-1,1
2024-11-16 19:34:01.100168,a78e78b6-faad-41d3-b6b1-1df773ba0c77,KXHIGHNY-24NOV16-B61.5,15898.9,1,1.0,61.442,99,1,0,63.3,1.8,-14.9,-8.8,-30.8,-4.9,6.7,50.8,25.3,100,0,31599.94,47.5,17.1,0,0,-0.058,1.858,0.0,0.0,0.0,1,1,1,99,1,1,-454.917,13.976,-1,1
2024-11-16 19:35:34.071157,6b64cd82-0365-449e-b47b-aa0d9225178d,KXHIGHNY-24NOV16-B61.5,15805.929,70,1.0,61.442,99,1,0,63.3,1.8,-14.9,-8.8,-30.8,-4.9,6.7,50.8,25.3,100,0,31599.94,47.5,17.1,0,0,-0.058,1.858,0.0,0.0,0.0,1,1,1,99,1,1,-454.917,14.042,-1,1
2024-11-16 19:36:48.434316,5c0f02d0-fe91-4e9a-ae12-8366d047b7e4,KXHIGHNY-24NOV16-B63.5,15731.566,93,3.0,61.442,1,99,1,63.3,-0.2,-16.9,-10.8,-32.8,-6.9,6.7,50.8,25.3,100,0,31599.94,47.5,17.1,0,0,-2.058,1.858,0.0,0.0,0.0,1,1,1,99,1,1,-454.917,8.083,-1,0
2024-11-16 19:37:06.181033,a7e82fdc-70ce-4f8b-b144-bec2b7621c55,KXHIGHNY-24NOV16-B59.5,15713.819,93,-1.0,61.442,1,99,1,63.3,3.8,-12.9,-6.8,-28.8,-2.9,6.7,50.8,25.3,100,0,31599.94,47.5,17.1,0,0,1.942,1.858,0.0,0.0,0.0,1,1,1,99,1,1,-454.917,9.964,-1,0
2024-11-16 19:37:13.506765,bc830126-15e2-4441-8629-c50890114c9e,KXHIGHNY-24NOV16-T57,15706.493,93,-5.0,61.442,1,99,1,63.3,7.8,-8.9,-2.8,-24.8,1.1,6.7,50.8,25.3,100,0,31599.94,47.5,17.1,0,0,5.942,1.858,0.0,0.0,0.0,1,1,1,99,1,1,-454.917,0.0,-1,0
2024-11-16 19:37:21.692291,97664d65-60f4-40a9-bbc4-7401907f746e,KXHIGHNY-24NOV16-B57.5,15698.308,93,-3.0,61.442,1,99,1,63.3,5.8,-10.9,-4.8,-26.8,-0.9,6.7,50.8,25.3,100,0,31599.94,47.5,17.1,0,0,3.942,1.858,0.0,0.0,0.0,1,1,1,99,1,1,-454.917,1.847,-1,0
2024-11-16 19:39:51.442842,17b43aed-3ab0-4276-9350-d6a608d5eb73,KXHIGHNY-24NOV16-T57,15548.557,935,-5.0,61.442,1,99,1,63.3,7.8,-8.9,-2.8,-24.8,1.1,6.7,50.8,25.3,100,0,31599.94,47.5,17.1,0,0,5.942,1.858,0.0,0.0,0.0,1,1,1,99,1,1,-454.917,0.0,-1,0
2024-11-16 19:45:37.960322,c1a39d2c-45f8-4c6d-8446-3710fb8c96b2,KXHIGHNY-24NOV16-B61.5,15202.04,74,1.0,61.442,99,1,0,63.3,1.8,-14.9,-8.8,-30.8,-4.9,6.7,50.8,25.3,100,0,31599.94,47.5,17.1,0,0,-0.058,1.858,0.0,0.0,0.0,1,1,1,99,1,1,-454.917,14.074,-1,1
2024-11-16 19:48:03.663894,e9c60808-5bb3-4edc-a98b-bd80dfc7742c,KXHIGHNY-24NOV16-B57.5,15056.336,2501,-3.0,61.442,1,99,1,63.3,5.8,-10.9,-4.8,-26.8,-0.9,6.7,50.8,25.3,100,0,31599.94,47.5,17.1,0,0,3.942,1.858,0.0,0.0,0.0,1,1,1,99,1,1,-454.917,1.842,-1,0
2024-11-16 19:48:03.663894,86c56ff4-0e63-46c4-bedc-2c2bf1a454cc,KXHIGHNY-24NOV16-B57.5,15056.336,3107,-3.0,61.442,1,99,1,63.3,5.8,-10.9,-4.8,-26.8,-0.9,6.7,50.8,25.3,100,0,31599.94,47.5,17.1,0,0,3.942,1.858,0.0,0.0,0.0,1,1,1,99,1,1,-454.917,1.848,-1,0
2024-11-16 20:11:33.396902,001a50bc-f005-4be1-8523-470fad882b7a,KXHIGHNY-24NOV16-B61.5,13646.603,78,1.0,61.442,99,1,0,63.3,1.8,-14.9,-8.8,-30.8,-5.4,7.2,50.8,25.3,100,0,31599.94,50.8,23.4,0,0,-0.058,1.858,0.0,0.0,0.0,1,1,1,99,1,1,-454.917,14.107,-1,1
2024-11-16 20:11:48.488262,d8aef418-8967-4af8-9a24-52661a471818,KXHIGHNY-24NOV16-B63.5,13631.512,35,3.0,61.442,1,99,1,63.3,-0.2,-16.9,-10.8,-32.8,-7.4,7.2,50.8,25.3,100,0,31599.94,50.8,23.4,0,0,-2.058,1.858,0.0,0.0,0.0,1,1,1,99,1,1,-454.917,8.084,-1,0
2024-11-16 20:36:50.234864,27a62ccd-e6b8-4b8a-b581-d259018d886e,KXHIGHNY-24NOV16-B61.5,12129.765,3,1.0,61.442,99,1,0,63.3,1.8,-14.9,-8.8,-30.8,-5.4,7.2,50.8,25.3,100,0,31599.94,50.8,23.4,0,0,-0.058,1.858,0.0,0.0,0.0,1,1,1,99,1,1,-454.917,14.138,-1,1
2024-11-16 20:50:48.623448,3a302721-e6b3-459b-8d81-306a2ebee210,KXHIGHNY-24NOV16-B61.5,11291.377,40,1.0,61.442,99,1,0,63.3,1.8,-14.9,-8.8,-30.8,-5.4,7.2,50.8,25.3,100,0,31599.94,50.8,23.4,0,0,-0.058,1.858,0.0,0.0,0.0,1,1,1,99,1,1,-454.917,14.169,-1,1
2024-11-16 20:55:51.444754,5335d890-22d1-464c-a353-20b07213dabd,KXHIGHNY-24NOV16-B61.5,10988.555,93,1.0,61.442,99,1,0,63.3,1.8,-14.9,-8.8,-30.8,-5.4,7.2,50.8,25.3,100,0,31599.94,50.8,23.4,0,0,-0.058,1.858,0.0,0.0,0.0,1,1,1,99,1,1,-454.917,14.2,-1,1
2024-11-16 20:56:08.988716,652f2dde-208d-458d-9c58-c7a34584eb69,KXHIGHNY-24NOV16-B59.5,10971.011,93,-1.0,61.442,1,99,1,63.3,3.8,-12.9,-6.8,-28.8,-3.4,7.2,50.8,25.3,100,0,31599.94,50.8,23.4,0,0,1.942,1.858,0.0,0.0,0.0,1,1,1,99,1,1,-454.917,9.965,-1,0
2024-11-16 20:56:18.144433,4ac869c8-819c-4481-9dda-1c51d7ebf696,KXHIGHNY-24NOV16-B63.5,10961.856,93,3.0,61.442,1,99,1,63.3,-0.2,-16.9,-10.8,-32.8,-7.4,7.2,50.8,25.3,100,0,31599.94,50.8,23.4,0,0,-2.058,1.858,0.0,0.0,0.0,1,1,1,99,1,1,-454.917,8.086,-1,0
2024-11-16 21:08:51.384340,29a9b9c7-e7fd-4bd2-9774-11374f2e942e,KXHIGHNY-24NOV16-T64,10208.616,9000,5.0,61.442,1,99,1,63.3,-2.2,-18.9,-12.8,-34.8,-11.9,9.7,50.8,25.3,100,0,31599.94,49.7,15.5,0,0,-4.058,1.858,0.0,0.0,0.0,1,1,1,99,1,1,-454.917,0.998,-1,0
2024-11-16 21:08:51.384340,6794a1fd-0c4b-48e9-a5c8-d01f818ad193,KXHIGHNY-24NOV16-T64,10208.616,351,5.0,61.442,1,99,1,63.3,-2.2,-18.9,-12.8,-34.8,-11.9,9.7,50.8,25.3,100,0,31599.94,49.7,15.5,0,0,-4.058,1.858,0.0,0.0,0.0,1,1,1,99,1,1,-454.917,0.996,-1,0
2024-11-16 21:23:48.105594,b0858326-610a-4752-a2f7-414a5cc35c9a,KXHIGHNY-24NOV16-B63.5,9311.894,93,3.0,61.442,1,99,1,63.3,-0.2,-16.9,-10.8,-32.8,-9.9,9.7,50.8,25.3,100,0,31599.94,49.7,15.5,0,0,-2.058,1.858,0.0,0.0,0.0,1,1,1,99,1,1,-454.917,8.087,-1,0
2024-11-16 21:55:58.093383,2ed02389-2138-41e8-9032-bd26d38b38fa,KXHIGHNY-24NOV16-B63.5,7381.907,280,3.0,61.442,1,99,1,63.3,-0.2,-16.9,-10.8,-32.8,-9.9,9.7,50.8,25.3,100,0,31599.94,49.7,15.5,0,0,-2.058,1.858,0.0,0.0,0.0,1,1,1,99,1,1,-454.917,8.089,-1,0
2024-11-16 22:07:49.154122,9c27c00a-a6ab-4db4-8de9-fcb93bc43180,KXHIGHNY-24NOV16-B61.5,6670.846,399,1.0,61.442,99,1,0,63.3,1.8,-14.9,-8.8,-30.8,-11.1,12.9,50.8,25.3,100,0,31599.94,42.8,8.4,0,0,-0.058,1.858,0.0,0.0,0.0,1,1,1,99,1,1,-454.917,14.282,-1,1
2024-11-16 22:07:49.154122,8c5d63d4-eb66-4fda-ad04-c07223bd3b85,KXHIGHNY-24NOV16-B61.5,6670.846,3909,1.0,61.442,99,1,0,63.3,1.8,-14.9,-8.8,-30.8,-11.1,12.9,50.8,25.3,100,0,31599.94,42.8,8.4,0,0,-0.058,1.858,0.0,0.0,0.0,1,1,1,99,1,1,-454.917,14.237,-1,1
2024-11-16 22:07:49.154122,231bd6d2-6085-4e2d-935a-7223d852d2ab,KXHIGHNY-24NOV16-B61.5,6670.846,364,1.0,61.442,99,1,0,63.3,1.8,-14.9,-8.8,-30.8,-11.1,12.9,50.8,25.3,100,0,31599.94,42.8,8.4,0,0,-0.058,1.858,0.0,0.0,0.0,1,1,1,99,1,1,-454.917,14.222,-1,1
2024-11-16 22:11:08.497191,8e4774fd-210a-48e6-a0d3-29575481cab6,KXHIGHNY-24NOV16-B61.5,6471.503,66,1.0,61.442,99,1,0,63.3,1.8,-14.9,-8.8,-30.8,-11.1,12.9,50.8,25.3,100,0,31599.94,42.8,8.4,0,0,-0.058,1.858,0.0,0.0,0.0,1,1,1,99,1,1,-454.917,14.284,-1,1
2024-11-16 22:49:32.753045,85d73543-cd05-4bc6-8a87-d87306a05948,KXHIGHNY-24NOV16-B61.5,4167.247,35,1.0,61.442,99,1,0,63.3,1.8,-14.9,-8.8,-30.8,-11.1,12.9,50.8,25.3,100,0,31599.94,42.8,8.4,0,0,-0.058,1.858,0.0,0.0,0.0,1,1,1,99,1,1,-454.917,14.286,-1,1
2024-11-16 23:02:08.097641,1022a42d-0b17-4b12-b98e-4f413657fabb,KXHIGHNY-24NOV16-B61.5,3411.902,4862,1.0,61.442,99,1,0,63.3,1.8,-14.9,-8.8,-30.8,-12.0,13.8,50.8,25.3,100,0,31599.94,38.9,14.8,0,0,-0.058,1.858,0.0,0.0,0.0,1,1,1,99,1,1,-454.917,14.293,-1,1
2024-11-16 23:06:36.776324,5b44e95b-fb02-4395-9719-85e4dffe9db8,KXHIGHNY-24NOV16-T57,3143.224,2618,-5.0,61.442,1,99,1,63.3,7.8,-8.9,-2.8,-24.8,-6.0,13.8,50.8,25.3,100,0,31599.94,38.9,14.8,0,0,5.942,1.858,0.0,0.0,0.0,1,1,1,99,1,1,-454.917,0.0,-1,0
2024-11-16 23:42:13.905719,5f16982c-84db-4053-82aa-f3b0a61dfeb8,KXHIGHNY-24NOV16-B61.5,1006.094,24,1.0,61.442,99,1,0,63.3,1.8,-14.9,-8.8,-30.8,-12.0,13.8,50.8,25.3,100,0,31599.94,38.9,14.8,0,0,-0.058,1.858,0.0,0.0,0.0,1,1,1,99,1,1,-454.917,14.293,-1,1
